actual,lstm_pred,persistence_pred,linear_pred
0.0,0.0,0.0,0.026010086243699604
0.0,0.0,0.0,0.13787520711363438
0.0,0.0,0.0,0.22432331830499752
0.0,0.0,0.0,0.3313997926811701
0.0,0.0,0.0,0.4016214718995239
0.0,0.0,0.0,0.3801112266203728
0.0,0.0,0.0,0.4276395355454156
0.0,0.0,0.0,0.474046555634583
0.0,0.0,0.0,0.5240600847318273
0.0,0.0,0.0,0.6003271474140811
0.0,0.0,0.0,0.6633597983684452
0.0,0.0,0.0,0.7263267534769471
0.0,0.0,0.0,0.7946468991266751
0.0,0.0,0.0,0.8757702339834292
0.0,0.0,0.0,0.9429316944721541
0.0,0.0,0.0,1.011601957490512
0.0,0.0,0.0,1.084060770915301
0.0,0.0,0.0,1.1558876925467092
0.0,0.15064771,0.0,1.2340498243071791
0.01,0.6340503,0.0,1.3029627680220555
0.34,1.0228425,0.01,1.2884087213443116
0.86,2.1245732,0.34,1.3788593195698924
1.35,2.7828453,0.86,1.5983665658195447
1.97,3.1279168,1.35,1.8910297550931334
3.11,3.3333824,1.97,2.218269228779442
4.85,4.80819,3.11,3.071947504745127
7.180000000000001,6.1837935,4.85,4.540992518002927
9.78,7.710139,7.180000000000001,6.537947019158483
12.520000000000001,9.592511,9.78,8.749669004869318
15.299999999999999,12.451517,12.520000000000001,11.15308163484999
18.0,14.718938,15.299999999999999,13.62256325497268
20.64,16.63459,18.0,15.980226158356597
23.12,18.337955,20.64,18.25657717271918
25.35,20.396133,23.12,20.375669057568075
27.52,21.899626,25.35,22.258090400434664
27.97,23.244486,27.52,24.02013631179844
27.500000000000004,24.04784,27.97,24.378933780835784
24.99,24.638441,27.500000000000004,23.94105715249054
22.08,23.993898,24.99,21.768320662996267
20.87,22.62879,22.08,19.211397655023042
23.63,21.423876,20.87,17.984327491681107
35.42,21.64388,23.63,20.101161512791904
38.01,25.015657,35.42,30.131387278048898
38.46,26.975895,38.01,33.753293337904424
38.77,28.822985,38.46,34.56768092339817
38.69,29.551855,38.77,34.68908494800741
39.06,29.499393,38.69,34.70168645900936
38.81,29.54935,39.06,34.94433560449255
39.06,29.689863,38.81,34.41734846850728
39.07,29.385698,39.06,34.42662653153339
38.24,28.958809,39.07,34.388300936149065
36.85,28.326351,38.24,33.67491296564933
36.37,26.728296,36.85,32.37751737810237
0.0,25.741179,36.37,31.786605997836247
0.0,0.0,0.0,-1.8699075798530362
0.0,0.0,0.0,-2.8088156285067334
0.0,0.0,0.0,-3.615546264695213
0.0,0.0,0.0,-3.2029050373066195
0.0,0.0,0.0,-2.817545196994104
0.0,0.0,0.0,-3.1220894578421823
0.0,0.0,0.0,-2.1686753725370553
0.0,0.0,0.0,-2.112241554525893
0.0,0.0,0.0,-2.0659207935523964
0.0,0.0,0.0,-1.9605665835019659
0.0,0.0,0.0,-1.8683371841186367
0.0,0.0,0.0,-1.7800296082569154
0.0,0.0,0.0,-0.8820089600776994
0.0,0.0,0.0,-0.7152426676213859
0.0,0.0,0.0,-0.577963272190974
0.0,0.0,0.0,-0.46104611106269794
0.0,0.0,0.0,-0.3254988218407678
0.0,0.0,0.0,-0.15633013032020465
0.0,0.0,0.0,-0.004724712678030006
0.0,0.0,0.0,0.1482459189412269
0.0,0.0,0.0,0.2909706230231065
0.0,0.0,0.0,0.47387743779848285
0.0,0.0,0.0,0.6325521925254106
0.0,0.0,0.0,0.7867858878909888
0.0,0.0,0.0,0.6801568556315734
0.0,0.0,0.0,0.7632254418908936
0.0,0.0,0.0,0.826120052512677
0.0,0.0,0.0,0.8987822641408667
0.0,0.0,0.0,0.9738361223186857
0.0,0.0,0.0,1.0552333826452855
0.0,0.0,0.0,1.1380746197813867
0.0,0.14640982,0.0,1.1989657304109855
0.1,0.46600693,0.0,1.2766870514610233
0.66,1.3502594,0.1,1.4241631061354347
1.3,1.7429702,0.66,1.8430067514800825
2.33,1.9262638,1.3,2.517976314163985
3.45,3.0373452,2.33,2.4074255836496303
5.8,4.3970056,3.45,4.294012754590294
3.71,5.015943,5.8,6.636357078141701
8.11,4.1635036,3.71,5.033055135180053
12.83,7.688275,8.11,7.451795738432018
12.560000000000002,9.553977,12.83,12.602640918775585
17.25,10.669098,12.560000000000002,12.669656505516963
20.32,15.364027,17.25,15.671850759775968
23.12,17.183647,20.32,18.518176777733757
15.839999999999998,20.29036,23.12,20.733670599870628
12.1,14.222174,15.839999999999998,15.621184343880067
27.63,15.660202,12.1,11.338366519878985
30.049999999999997,19.122242,27.63,23.850872529993367
31.3,22.529476,30.049999999999997,26.16439284360442
31.17,25.221453,31.3,27.72087969015638
34.94,25.400919,31.17,27.485133634511772
33.85,26.215223,34.94,30.643084819866427
36.61,26.486237,33.85,29.6592788867862
37.34,27.466976,36.61,32.257616417165735
37.83,28.271257,37.34,33.27242405400948
31.75,29.19228,37.83,33.8105172041925
20.57,25.87959,31.75,27.894602083180466
26.91,19.691647,20.57,18.27172275322374
18.81,18.214186,26.91,23.03001166656268
20.25,15.772361,18.81,15.657729982972501
20.99,15.451637,20.25,16.926475960942494
28.58,18.21586,20.99,18.507775330696553
21.48,19.868484,28.58,25.086561106173466
21.19,16.350847,21.48,18.896762205633088
19.57,17.074493,21.19,19.152298132951017
21.68,15.454171,19.57,17.683098342335747
21.31,15.220518,21.68,19.363027254317643
18.57,14.537311,21.31,19.007838955370538
15.039999999999997,12.378053,18.57,16.099928998131624
12.33,7.0260553,15.039999999999997,12.596757936430086
9.37,4.4995055,12.33,9.804402590511108
6.92,2.2862666,9.37,7.376071739235968
2.59,0.56276053,6.92,5.10541605542068
0.0,0.0,2.59,1.2026738320022878
0.0,0.0,0.0,-1.5915209728858515
0.0,0.0,0.0,-1.4301105793123672
0.0,0.0,0.0,-1.3288574281841006
0.0,0.0,0.0,-1.06968997132563
0.0,0.0,0.0,-0.976203877849443
0.0,0.0,0.0,-0.8043538632002276
0.0,0.0,0.0,-0.6749293546229593
0.0,0.0,0.0,-0.5909262142622492
0.0,0.0,0.0,-0.47680766045490736
0.0,0.0,0.0,-0.43671395415224024
0.0,0.0,0.0,-0.35735787753158543
0.0,0.0,0.0,-0.38265479343852876
0.0,0.0,0.0,-0.23378475904513654
0.0,0.0,0.0,-0.22204226499301127
0.0,0.0,0.0,-0.17942371066039242
0.0,0.0,0.0,-0.09019493008974137
0.0,0.0,0.0,-0.018461698380647235
0.0,0.0,0.0,0.04304223055527183
0.0,0.0,0.0,0.09214404541522288
0.0,0.0,0.0,0.16778295477463123
0.0,0.0,0.0,0.21655656634884912
0.0,0.0,0.0,0.258291745772565
0.0,0.0,0.0,0.296345727400453
0.0,0.0,0.0,0.34686902177092654
0.0,0.0,0.0,0.3796673516893664
0.0,0.0,0.0,0.42592676346573083
0.0,0.0,0.0,0.4778854376186253
0.0,0.0,0.0,0.5505192553461661
0.0,0.0,0.0,0.6010953253620425
0.0,0.0,0.0,0.659783526369918
0.0,0.0,0.0,0.7235503571586014
0.0,0.0,0.0,0.8003949379901762
0.0,0.0,0.0,0.8759614615620201
0.0,0.0,0.0,0.950834655528786
0.0,0.0,0.0,1.0263948274224817
0.0,0.0,0.0,1.1072685645094547
0.0,0.024029939,0.0,1.188708507649347
0.03,0.66830623,0.0,1.245491878431726
0.49,0.8672267,0.03,0.9753985595021735
1.53,2.0354104,0.49,1.2345372021617236
2.4,3.0258965,1.53,2.006473630606622
1.86,2.9721181,2.4,3.436178653539114
2.23,2.7631655,1.86,3.2414810265245806
2.75,3.3845208,2.23,3.6095483401080446
4.45,3.6551692,2.75,4.070752900491945
5.84,4.5265822,4.45,5.579420654734156
5.31,5.14744,5.84,6.808007803796623
8.56,5.9771643,5.31,6.508988049158636
7.690000000000001,7.7404103,8.56,9.213875962835841
14.719999999999999,10.4718895,7.690000000000001,7.808382914949499
12.48,10.918255,14.719999999999999,14.253267197141351
20.93,14.186976,12.48,11.952598496725129
25.77,17.702366,20.93,18.872702298900002
26.68,18.556885,25.77,23.57414889386802
31.290000000000003,21.192213,26.68,24.20049715992442
32.63,23.651688,31.290000000000003,27.97875916456035
33.93,25.183313,32.63,28.98700172720835
34.25,26.42436,33.93,30.2425215308883
26.5,27.271418,34.25,30.236300961578223
23.91,21.103079,26.5,24.104661313742803
32.44,23.701971,23.91,21.53766858692977
24.75,24.603268,32.44,28.798381155456642
34.04,23.292397,24.75,22.32192445020249
23.79,23.645832,34.04,30.34654344775392
26.94,23.179525,23.79,21.330048909187738
38.71,22.537273,26.94,25.007228530015347
37.87,24.66825,38.71,34.65515225603979
39.33,25.980164,37.87,34.031538763498844
38.3,27.00013,39.33,35.53619273005283
38.47,27.26966,38.3,34.119484287685694
37.53,27.085543,38.47,34.35430592511497
36.78,25.611597,37.53,33.44711590406264
25.89,25.002724,36.78,32.4405234257664
25.290000000000003,21.473642,25.89,23.091148037422784
34.05,19.13725,25.290000000000003,22.296198898545004
0.0,19.834059,34.05,28.942521439192603
0.0,0.0,0.0,-1.6455624997731566
0.0,0.0,0.0,-2.2908673074835297
0.0,0.0,0.0,-3.344884553791938
0.0,0.0,0.0,-2.75012454692931
0.0,0.0,0.0,-2.4405443958755706
0.0,0.0,0.0,-2.584546164093494
0.0,0.0,0.0,-1.6604264122333825
0.0,0.0,0.0,-1.6414146165241574
0.0,0.0,0.0,-1.6093925459878275
0.0,0.0,0.0,-1.2933670473311114
0.0,0.0,0.0,-2.176703345227167
0.0,0.0,0.0,-2.2384861882946567
0.0,0.0,0.0,-1.5450227557658693
0.0,0.0,0.0,-1.4657967050051206
0.0,0.0,0.0,-1.2632801247280854
0.0,0.0,0.0,-1.152862117131765
0.0,0.0,0.0,-1.0252613902047383
0.0,0.0,0.0,-0.9041280798595335
0.0,0.0,0.0,-0.7636730649489932
0.0,0.0,0.0,-0.622256775460206
0.0,0.0,0.0,-0.5062574862350215
0.0,0.0,0.0,-0.4627189814596401
0.0,0.0,0.0,-0.33658181918169716
0.0,0.0,0.0,-0.16283416297497438
0.0,0.0,0.0,-0.2680611205647554
0.0,0.0,0.0,-0.22374865588669704
0.0,0.0,0.0,-0.15589186126706428
0.0,0.0,0.0,-0.09753070117991466
0.0,0.0,0.0,-0.0492476018137053
0.0,0.0,0.0,0.020216113368412558
0.0,0.0,0.0,0.10007288611403875
0.0,0.0,0.0,0.18369049245743566
0.0,0.0,0.0,0.2550529070969903
0.0,0.0,0.0,0.3303763045094093
0.0,0.0,0.0,0.4033634051242159
0.0,0.0,0.0,0.47949862410138244
0.0,0.0,0.0,0.5550404325218636
0.24,0.0,0.0,0.4064953424661228
0.66,0.0,0.24,0.37714013952448355
1.02,0.0,0.66,0.5756141744253561
1.5700000000000003,0.0,1.02,0.7279570980845369
2.82,0.0,1.5700000000000003,1.045411009317559
9.14,0.79274625,2.82,2.086216286966909
6.559999999999999,2.1935139,9.14,8.647120800956282
4.37,1.9938618,6.559999999999999,6.561775577596503
2.59,1.1998988,4.37,4.580655383181746
1.42,0.27804202,2.59,2.7370748255128086
0.68,0.0,1.42,1.5248701652476715
0.18,0.0,0.68,0.7496269809972672
0.08,0.0,0.18,0.10309261731032554
0.0,0.0,0.08,-0.007573254089522641
0.0,0.0,0.0,-0.09367595574433576
0.0,0.0,0.0,-0.08227929874629752
0.0,0.0,0.0,-0.11929281116162191
0.0,0.0,0.0,-0.2414303676102989
0.0,0.0,0.0,-0.3747451058323671
0.0,0.0,0.0,-0.3750419739427541
0.0,0.0,0.0,-0.36568330171865626
0.0,0.0,0.0,-0.3851566762165068
0.0,0.0,0.0,-0.3560434673178497
0.0,0.0,0.0,-0.395452079445641
0.0,0.0,0.0,-0.4042281720709914
0.0,0.0,0.0,-0.4280660828649155
0.0,0.0,0.0,-0.1913704448472539
0.0,0.0,0.0,-0.20291709759382714
0.0,0.0,0.0,-0.20573604387105204
0.0,0.0,0.0,-0.19613389986046398
0.0,0.0,0.0,-0.09440415892973467
0.0,0.0,0.0,-0.08665858944703966
0.0,0.0,0.0,-0.07880454072797805
0.0,0.0,0.0,-0.05250327309767634
0.0,0.0,0.0,-0.004786721998610577
0.0,0.0,0.0,0.013708932775017765
0.0,0.0,0.0,0.04821342543388854
0.0,0.0,0.0,0.19247548334034337
0.0,0.0,0.0,0.22867433248456356
0.0,0.0,0.0,0.2891653682581447
0.0,0.0,0.0,0.3566549934687888
0.0,0.0,0.0,0.4182068998207224
0.0,0.0,0.0,0.47378903741305733
0.0,0.0,0.0,0.5420834601745272
0.0,0.0,0.0,0.6188054786137112
0.0,0.0,0.0,0.6924183950692799
0.0,0.0,0.0,0.7517837834104779
0.0,0.0,0.0,0.8351039047675278
0.0,0.0,0.0,0.9131588527191687
0.0,0.025188131,0.0,0.9773572628756355
0.0,0.31419727,0.0,1.0518917642349925
0.22999999999999998,0.26586163,0.0,1.119265638509994
1.07,1.6647415,0.22999999999999998,1.0819177176358372
1.53,2.6688986,1.07,1.585887332353398
2.41,3.2749555,1.53,1.9104387014568605
3.8900000000000006,3.9187863,2.41,2.539775174850177
5.85,5.8499136,3.8900000000000006,3.765672121410551
7.960000000000001,7.8642645,5.85,5.462438411850437
8.93,9.024389,7.960000000000001,7.932707091842153
5.75,9.022164,8.93,9.308250897563257
13.51,10.169828,5.75,5.948029805910796
14.13,13.405329,13.51,11.78443951801411
12.4,12.844394,14.13,13.631262612839112
14.01,12.645223,12.4,12.503470593170837
21.83,14.649087,14.01,13.197920379926643
26.85,17.292912,21.83,19.803641532645496
22.33,21.325123,26.85,23.298439634976088
30.91,21.599594,22.33,19.77349466011472
32.54,24.06778,30.91,26.574317268787475
31.41,25.52025,32.54,27.822868031117977
22.38,23.295074,31.41,28.330723217171528
16.49,21.490849,22.38,20.389436144977978
17.52,18.129026,16.49,14.999179100319527
13.16,14.815338,17.52,15.513652937951905
13.930000000000001,12.753012,13.16,11.565028852264614
22.72,11.442805,13.930000000000001,12.135632672479545
16.26,14.074154,22.72,19.325364339378453
13.62,12.6912565,16.26,14.318081985651771
12.31,11.38349,13.62,12.123000476770429
18.16,9.438298,12.31,10.645271300486536
31.679999999999996,12.838406,18.16,14.87237127647657
25.95,16.653576,31.679999999999996,25.432210853504422
30.630000000000003,16.925053,25.95,21.085858475058323
31.09,17.526627,30.630000000000003,25.73210416432603
30.98,18.075153,31.09,25.5018574327878
25.069999999999997,18.025393,30.98,25.55431505993132
10.07,14.141361,25.069999999999997,21.37415387451762
12.12,9.215943,10.07,8.377499855086501
15.310000000000002,7.1882305,12.12,9.370374225520251
16.52,7.840737,15.310000000000002,11.597588538191983
9.96,7.5532823,16.52,13.06854861925687
8.5,5.762123,9.96,7.754625019477507
7.780000000000001,4.33021,8.5,6.480434140221819
4.9,3.074076,7.780000000000001,5.826922404471924
3.85,1.5474664,4.9,3.498590990223491
2.25,0.12219618,3.85,2.367236705003306
1.8799999999999997,0.0,2.25,0.8664514607618745
1.12,0.0,1.8799999999999997,0.6628451203733801
0.13,0.0,1.12,0.12927331991646196
0.0,0.0,0.13,-0.3787935499586559
0.0,0.0,0.0,-0.45673327894180904
0.0,0.0,0.0,-0.5678943272172394
0.0,0.0,0.0,-0.594592218450763
0.0,0.0,0.0,-0.4151771592725395
0.0,0.0,0.0,-0.3565033065589862
0.0,0.0,0.0,-0.24354311182019223
0.0,0.0,0.0,-0.1885946421271205
0.0,0.0,0.0,-0.08462464242012246
0.0,0.0,0.0,-0.012481578128085286
0.0,0.0,0.0,0.03445215562337244
0.0,0.0,0.0,0.04585310002376414
0.0,0.0,0.0,0.03260359972980589
0.0,0.0,0.0,0.04964278025648798
0.0,0.0,0.0,0.07949998573827805
0.0,0.0,0.0,0.1012063359209961
0.0,0.0,0.0,-0.26577126370461307
0.0,0.0,0.0,-0.28583283654895975
0.0,0.0,0.0,-0.35258358762068726
0.0,0.0,0.0,-0.4291830654477087
0.0,0.0,0.0,-0.4274146947642672
0.0,0.0,0.0,-0.37868246539694495
0.0,0.0,0.0,-0.3989879032892045
0.0,0.0,0.0,-0.37809286471299114
0.0,0.0,0.0,-0.357288221446082
0.0,0.0,0.0,-0.3263541265585493
0.0,0.0,0.0,-0.29531566425437594
0.0,0.0,0.0,-0.2594573225550685
0.0,0.0,0.0,-0.22573821889692314
0.0,0.0,0.0,-0.1614994130663558
0.0,0.0,0.0,-0.10589032596903837
0.0,0.0,0.0,-0.047581420448152
0.0,0.0,0.0,0.025300821502141288
0.0,0.0,0.0,0.07562383177173188
0.0,0.0,0.0,0.13273408457321612
0.0,0.0,0.0,0.20012586121627812
0.0,0.0,0.0,0.2877508916491307
0.0,0.0,0.0,0.35891996939361737
0.0,0.0,0.0,0.4287419037886537
0.0,0.0,0.0,0.5049596028813428
0.0,0.0,0.0,0.5705330453284659
0.0,0.0,0.0,0.6539177772643747
0.0,0.098598704,0.0,0.7262481059927866
0.0,0.19384655,0.0,0.8027349373784298
0.17,1.1234201,0.0,0.8722969036985311
1.0,1.3566077,0.17,1.0885059804267188
2.23,1.7857656,1.0,1.8250310584969052
2.65,2.2491004,2.23,2.938867304067658
3.2300000000000004,3.8204257,2.65,3.405384876915601
3.07,4.189408,3.2300000000000004,3.9885383235306273
3.5900000000000003,3.94211,3.07,3.9209322949491074
3.55,3.282088,3.5900000000000003,4.435204960912375
5.15,4.1400447,3.55,4.395308680035161
5.68,4.834016,5.15,5.7490330324883425
7.780000000000001,5.3148904,5.68,6.28090235206172
8.79,6.826827,7.780000000000001,8.092114479252789
7.719999999999999,7.824318,8.79,9.00291939039656
11.0,8.261783,7.719999999999999,8.10606149267806
15.45,10.161043,11.0,10.850329093661681
13.48,11.784564,15.45,14.550458381941095
13.54,12.173655,13.48,13.107290379478492
15.629999999999999,12.481165,13.54,13.087882447583388
15.85,12.500779,15.629999999999999,14.66741411723585
18.54,12.474708,15.85,14.877590676517865
15.79,13.3761835,18.54,17.08244624866346
12.19,12.4058,15.79,14.719715017159874
13.699999999999998,10.76507,12.19,11.692124532833448
10.9,10.190373,13.699999999999998,12.656851517344181
10.65,9.0053,10.9,10.226164231202
11.63,8.41029,10.65,10.040274218789463
13.91,8.988433,11.63,10.712439483326502
13.62,9.630096,13.91,12.519975013959847
12.55,9.235525,13.62,12.447314508364556
10.46,8.68744,12.55,11.515536317008902
36.39,7.8695087,10.46,9.704079826590561
34.2,17.100805,36.39,30.02679567436985
27.750000000000004,18.726818,34.2,28.972129753128417
29.719999999999995,19.452099,27.750000000000004,24.09925721954217
30.959999999999997,19.188032,29.719999999999995,25.113802207701042
29.39,18.569582,30.959999999999997,25.886372022836213
27.71,18.179745,29.39,24.867783575167334
20.87,17.321,27.71,22.881901631210244
18.9,13.463315,20.87,17.243086662114592
18.02,12.6684475,18.9,15.1506859986274
13.63,10.023947,18.02,14.313770970688754
12.39,6.5000405,13.63,10.719491104874912
11.99,5.2889414,12.39,9.593280453199421
7.109999999999999,4.9165077,11.99,9.02640345629344
6.329999999999999,2.685335,7.109999999999999,4.986350946109852
5.1,1.0501949,6.329999999999999,4.508114098516597
3.62,0.0,5.1,3.1270603048625887
3.34,0.0,3.62,1.9598410377387743
1.4,0.0,3.34,1.6260590934670083
0.5,0.0,1.4,0.024290927070294566
0.07,0.0,0.5,-0.5363094466394394
0.0,0.0,0.07,-0.9146541942465933
0.0,0.0,0.0,-0.9520458558415105
0.0,0.0,0.0,-0.834215184410865
0.0,0.0,0.0,-0.8501835570878836
0.0,0.0,0.0,-0.6386640359555406
0.0,0.0,0.0,-0.5069306550400311
0.0,0.0,0.0,-0.4503793561381003
0.0,0.0,0.0,-0.38673867924426675
0.0,0.0,0.0,-0.32237242243999126
0.0,0.0,0.0,-0.27961135662882863
0.0,0.0,0.0,-0.18084478919409772
0.0,0.0,0.0,-0.16709750946565655
0.0,0.0,0.0,-0.14787026672188514
0.0,0.0,0.0,-0.12493110386645433
0.0,0.0,0.0,-0.35824063887376945
0.0,0.0,0.0,-0.3463102660891854
0.0,0.0,0.0,-0.3262057991991675
0.0,0.0,0.0,-0.3448302928406862
0.0,0.0,0.0,-0.3044797022057042
0.0,0.0,0.0,-0.2919069112112239
0.0,0.0,0.0,-0.27853770166318337
0.0,0.0,0.0,-0.2731204773698571
0.0,0.0,0.0,-0.22814467623845508
0.0,0.0,0.0,-0.20635223695844757
0.0,0.0,0.0,-0.18194305871385985
0.0,0.0,0.0,-0.1513414059682104
0.0,0.0,0.0,-0.09484318134784925
0.0,0.0,0.0,-0.04500735110471339
0.0,0.0,0.0,-0.001579905061683401
0.0,0.0,0.0,0.04363973909086161
0.0,0.0,0.0,0.1254592693898833
0.0,0.0,0.0,0.17227579001279636
0.0,0.0,0.0,0.23884985361159947
0.0,0.0,0.0,0.29792863595948843
0.0,0.0,0.0,0.37713557737465464
0.0,0.0,0.0,0.4399963330937833
0.0,0.0,0.0,0.513716928665586
0.0,0.0,0.0,0.5843650954623947
0.0,0.0,0.0,0.662132833937972
0.0,0.0,0.0,0.7412429479773877
0.0,0.0,0.0,0.8115415019376454
0.14,0.09907889,0.0,0.8645392803162788
0.54,1.513423,0.14,0.46318455530027136
0.88,2.2343106,0.54,0.5561290800097713
1.32,2.5701973,0.88,0.6785916756039252
2.54,2.7263079,1.32,0.8599963098962531
4.58,4.256089,2.54,1.8545983755020563
7.31,5.662738,4.58,3.6864011424540433
10.26,7.5695167,7.31,5.997689087265526
13.200000000000001,9.838814,10.26,8.604689024554816
16.14,13.107339,13.200000000000001,11.146218203624656
18.96,15.489737,16.14,13.672983889764238
21.54,17.367285,18.96,16.139754498274943
39.23,19.206207,21.54,18.34974527790458
37.78,24.48644,39.23,34.09873547445331
36.8,25.363943,37.78,33.30053219017515
35.9,25.950161,36.8,32.628480134842505
34.27,25.482855,35.9,31.34650435063874
33.2,24.014898,34.27,29.60956205743457
29.100000000000005,22.97224,33.2,28.53332874909107
29.37,21.635542,29.100000000000005,24.651363890400958
25.569999999999997,20.854218,29.37,24.604401837270263
25.75,17.88531,25.569999999999997,21.333627800874954
23.01,16.396812,25.75,21.31769075612603
14.01,14.0141325,23.01,18.770340123081798
17.98,10.055864,14.01,11.190201541304944
14.89,8.589729,17.98,13.799665522111216
9.36,6.0611324,14.89,11.00384619867767
3.49,2.6605856,9.36,6.787405793510065
3.55,0.07711272,3.49,1.7307315322014072
2.7,0.0,3.55,1.364107393148678
2.4,0.0,2.7,0.7857660840627889
1.81,0.0,2.4,0.5554488895801499
0.77,0.0,1.81,0.11499171857932422
0.19,0.0,0.77,-0.5273449127678194
0.0,0.0,0.19,-0.9185011689846444
0.0,0.0,0.0,-1.068005450823149
0.0,0.0,0.0,-0.8768187820647321
0.0,0.0,0.0,-0.7950713132813737
0.0,0.0,0.0,-0.6848432268038968
0.0,0.0,0.0,-0.5118322263592247
0.0,0.0,0.0,-0.34264369082888657
0.0,0.0,0.0,-0.2700657880442485
0.0,0.0,0.0,-0.21878778449072045
0.0,0.0,0.0,-0.19334856953900706
0.0,0.0,0.0,-0.1468308300443151
0.0,0.0,0.0,-0.06702439567088797
0.0,0.0,0.0,-0.03164693432496195
0.0,0.0,0.0,0.003356414466819564
0.0,0.0,0.0,-0.020734375357925848
0.0,0.0,0.0,0.12425317703767172
0.0,0.0,0.0,0.12659022936275244
0.0,0.0,0.0,0.11842502342068809
0.0,0.0,0.0,0.08526724838795671
0.0,0.0,0.0,0.12661820915139763
0.0,0.0,0.0,0.13596361191643788
0.0,0.0,0.0,0.1496950448526182
0.0,0.0,0.0,0.168262687005912
0.0,0.0,0.0,0.20906009285463958
0.0,0.0,0.0,0.22441608389181816
0.0,0.0,0.0,0.2488802425906902
0.0,0.0,0.0,0.28081485412950535
0.0,0.0,0.0,0.3485878335868086
0.0,0.0,0.0,0.38468889515988497
0.0,0.0,0.0,0.4292641529646157
0.0,0.0,0.0,0.47691446173970775
0.0,0.0,0.0,0.5531638098536924
0.0,0.0,0.0,0.6106343509724382
0.0,0.0,0.0,0.6633555744490519
0.0,0.0,0.0,0.7253158961477109
0.0,0.0,0.0,0.7984128926749469
0.0,0.0,0.0,0.8759410069081912
0.0,0.0,0.0,0.945357664086562
0.0,0.0,0.0,1.0111994931696673
0.0,0.0,0.0,1.0988243285862052
0.0,0.0,0.0,1.1764743887102234
0.0,0.4580501,0.0,1.2326131355294652
0.1,0.7268115,0.0,1.3240465912218058
0.58,1.7465439,0.1,1.4748101430481897
1.46,2.1130595,0.58,1.9582214413178083
2.28,2.574232,1.46,2.7233386041797862
2.49,2.7497268,2.28,3.5518567039031375
2.64,3.7274108,2.49,3.8578585175936264
4.45,3.9580173,2.64,4.044148780816101
5.27,5.7997737,4.45,4.53166547998503
4.77,4.9964013,5.27,6.3667945506000345
9.67,5.086814,4.77,6.051509139179789
20.85,10.598062,9.67,8.347734599334967
17.2,13.079008,20.85,19.234490361644582
22.49,17.208832,17.2,15.53095658671277
24.93,20.326239,22.49,19.837747308764424
23.97,21.204372,24.93,21.946670524595024
29.299999999999997,21.843914,23.97,21.054563831458573
24.78,23.39125,29.299999999999997,25.294860879508263
30.579999999999995,21.106958,24.78,22.302045134893223
36.12,25.429417,30.579999999999995,26.41151859258189
37.56,27.53354,36.12,30.782469903979603
36.87,29.16841,37.56,32.15481059025549
31.05,29.03688,36.87,31.969084601495823
35.44,26.637476,31.05,27.066660591153923
35.91,28.273375,35.44,29.93761875172447
38.24,28.158157,35.91,30.32654072640073
40.01,29.799393,38.24,32.0243870568102
40.28,30.131691,40.01,33.437756176009216
39.87,29.949764,40.28,33.70155162269282
39.61,29.576239,39.87,33.30506682172685
39.28,29.012484,39.61,32.98163619618371
38.39,28.576847,39.28,32.502257718359274
35.82,27.367392,38.39,31.597118645735712
36.66,25.993395,35.82,29.32166024849485
35.59,25.242573,36.66,29.834201335061493
33.44,24.029858,35.59,29.112837865640316
32.76,22.427633,33.44,27.206378246766306
31.08,20.99998,32.76,26.52593420168794
29.600000000000005,19.700565,31.08,25.161268667694824
24.75,18.305626,29.600000000000005,23.920630526454445
25.629999999999995,15.262647,24.75,19.814196618000636
23.27,14.059586,25.629999999999995,20.457532132668177
20.59,9.960878,23.27,18.059270605804635
17.85,10.563937,20.59,16.110952553599024
13.79,7.992713,17.85,13.709028289376635
12.16,5.572196,13.79,10.218191065824278
9.34,3.6643534,12.16,9.092623666728826
6.64,2.2411032,9.34,6.594497070944288
4.19,0.22228356,6.64,4.345775443277416
2.38,0.0,4.19,2.2111563219299635
1.32,0.0,2.38,0.7186811980876062
0.75,0.0,1.32,-0.08219528870999082
0.16,0.0,0.75,-0.4264169417034863
0.0,0.0,0.16,-0.8325958840582383
0.0,0.0,0.0,-0.8177452636362982
0.0,0.0,0.0,-0.6832790588083424
0.0,0.0,0.0,-0.5112624149771188
0.0,0.0,0.0,-0.367209448940261
0.0,0.0,0.0,-0.2728620304110536
0.0,0.0,0.0,-0.17127307325193636
0.0,0.0,0.0,-0.05076816046140284
0.0,0.0,0.0,0.03726729874395009
0.0,0.0,0.0,0.0970029250526484
0.0,0.0,0.0,0.14470210171173212
0.0,0.0,0.0,0.20749651613889852
0.0,0.0,0.0,0.26197787544382023
0.0,0.0,0.0,0.28952873403075946
0.0,0.0,0.0,0.29736639001067716
0.0,0.0,0.0,-0.2501072155194597
0.0,0.0,0.0,-0.25331649728629335
0.0,0.0,0.0,-0.242569924970493
0.0,0.0,0.0,-0.23888823505547085
0.0,0.0,0.0,-0.19254230480048734
0.0,0.0,0.0,-0.17075390242884125
0.0,0.0,0.0,-0.19483076719890857
0.0,0.0,0.0,-0.15559044684946635
0.0,0.0,0.0,-0.11511227912758201
0.0,0.0,0.0,-0.1047167489219264
0.0,0.0,0.0,-0.07570457783656753
0.0,0.0,0.0,-0.04362695124943937
0.0,0.0,0.0,0.017774640134960926
0.0,0.0,0.0,0.055849761560022686
0.0,0.0,0.0,0.11351006673695381
0.0,0.0,0.0,0.15859847100556604
0.0,0.0,0.0,0.2321469498400192
0.0,0.0,0.0,0.3075128000186677
0.0,0.0,0.0,0.378635488832638
0.0,0.0,0.0,0.4486301691784614
0.0,0.0,0.0,0.5336807748557372
0.0,0.0,0.0,0.606259443429021
0.0,0.0,0.0,0.6676711386392512
0.0,0.0,0.0,0.7392216598206423
0.0,0.0,0.0,0.8236054752106111
0.0,0.0,0.0,0.9138428558132701
0.0,0.0,0.0,0.984627681863812
0.17,0.0,0.0,1.007576293723057
0.77,0.15218142,0.17,1.2546550025891117
1.54,1.2300596,0.77,1.2390561307855985
2.66,1.3984617,1.54,2.238045458211746
2.92,1.5600406,2.66,3.5925400303516137
1.86,2.4597034,2.92,3.922385057923977
3.25,2.1441054,1.86,3.1665941288483435
1.54,2.0134845,3.25,4.32953946962549
1.6099999999999999,1.188118,1.54,2.9728684865915107
2.78,1.6787648,1.6099999999999999,3.0532953557144
5.26,2.4897513,2.78,3.975336545429162
6.08,3.80224,5.26,6.081337156422295
5.51,4.368622,6.08,6.949440984151896
7.13,5.16207,5.51,6.492750775439142
9.53,6.1631613,7.13,7.928639629253209
6.75,6.1631393,9.53,9.885535639876426
7.82,5.69575,6.75,7.707060594888465
17.86,7.364994,7.82,8.314769659021257
20.82,11.309339,17.86,16.582838682367946
16.94,13.390416,20.82,19.401429969379464
16.13,13.503094,16.94,16.497406999033497
19.23,13.667319,16.13,15.426297880604277
19.56,13.143696,19.23,17.825713748424153
24.7,14.985603,19.56,17.558463126771972
17.2,14.127275,24.7,22.181893093451272
12.04,12.017592,17.2,15.926632038216349
27.3,11.599257,12.04,11.661309438768363
27.99,16.781422,27.3,23.689876020248136
31.980000000000004,17.171862,27.99,24.755829421861243
21.78,18.222534,31.980000000000004,28.37786204415237
30.17,17.057892,21.78,19.37325961484332
24.7,18.480719,30.17,26.14815213990852
18.23,15.310711,24.7,21.481566804661444
21.92,14.630684,18.23,15.90241327399754
20.01,13.041594,21.92,18.372544469465126
33.56,15.999567,20.01,16.756570822426486
20.71,17.814693,33.56,28.206509021205683
12.37,13.499318,20.71,17.51427840493318
9.89,10.328676,12.37,10.675958413584263
6.63,6.5257015,9.89,7.802266731154539
8.14,3.8026433,6.63,4.647166735410469
10.23,2.956595,8.14,5.872175781347455
13.309999999999999,3.9554026,10.23,7.546270623996188
11.35,5.297248,13.309999999999999,10.382951770320064
5.89,4.6779466,11.35,9.082999134434841
4.27,1.9597236,5.89,4.729526744296287
5.49,0.665288,4.27,3.124074336363547
6.78,1.0257516,5.49,4.172279913812071
0.0,1.102585,6.78,4.817145452615885
0.0,0.0,0.0,-0.9589118731148483
0.0,0.0,0.0,-1.0219726161530232
0.0,0.0,0.0,-0.9134851660493728
0.0,0.0,0.0,-0.7458574505722414
0.0,0.0,0.0,-0.7067990593015244
0.0,0.0,0.0,-0.8262812106290068
0.0,0.0,0.0,-0.6282264812721428
0.0,0.0,0.0,-0.5908372629711605
0.0,0.0,0.0,-0.507168802286324
0.0,0.0,0.0,-0.441375514178604
0.0,0.0,0.0,-0.42535707519098864
0.0,0.0,0.0,-0.33345844671601665
0.0,0.0,0.0,-0.23310778473866547
0.0,0.0,0.0,-0.2640298496168807
0.0,0.0,0.0,-0.4280184211368502
0.0,0.0,0.0,-0.43395617971467915
0.0,0.0,0.0,-0.3887020600231661
0.0,0.0,0.0,-0.35625954466151843
0.0,0.0,0.0,-0.2977700568453298
0.0,0.0,0.0,-0.33243929507662145
0.0,0.0,0.0,-0.345822555211197
0.0,0.0,0.0,-0.3148524465963004
0.0,0.0,0.0,-0.23396526031538856
0.0,0.0,0.0,-0.17861142769651056
0.0,0.0,0.0,-0.20139797811805776
0.0,0.0,0.0,-0.15385553839348462
0.0,0.0,0.0,-0.07244512842117835
0.0,0.0,0.0,-0.022052822487714056
0.0,0.0,0.0,0.022526268283778496
0.0,0.0,0.0,0.07967857769987322
0.0,0.0,0.0,0.15295747776243768
0.0,0.0,0.0,0.20912422435623493
0.0,0.0,0.0,0.270664312381866
0.0,0.0,0.0,0.3261350819447083
0.0,0.0,0.0,0.4106458322225691
0.0,0.0,0.0,0.48000048004662627
0.0,0.0,0.0,0.5424376355750901
0.0,0.0,0.0,0.6019249815510075
0.0,0.0,0.0,0.6767008943613989
0.0,0.1479711,0.0,0.7474857675706557
0.0,0.3080185,0.0,0.8197073602021886
0.14,0.54940426,0.0,0.8941252358933134
1.6099999999999999,1.6652514,0.14,1.002827131476648
1.6200000000000003,2.442237,1.6099999999999999,2.0701691954103856
1.8900000000000001,2.4414103,1.6200000000000003,2.281273354901868
1.25,1.747327,1.8900000000000001,2.881173857491697
2.58,2.0947018,1.25,2.371904915394748
2.07,2.3743484,2.58,3.4966884526357616
2.28,2.039094,2.07,3.1729805200903836
5.67,2.590216,2.28,3.373731424273272
7.090000000000001,4.855218,5.67,6.185724240067481
3.8,5.7810726,7.090000000000001,7.5176203206860555
4.25,5.0012584,3.8,5.014033216768983
5.0,4.43525,4.25,5.2819024071522085
7.719999999999999,4.883724,5.0,5.823823021745135
8.28,6.226205,7.719999999999999,8.073325731609462
7.04,6.7136183,8.28,8.683637969865492
31.59,10.076208,7.04,6.8648022501487524
20.71,14.398052,31.59,28.31987858437242
28.79,18.526133,20.71,19.062098173149778
27.83,21.58201,28.79,25.840114693979338
26.76,21.065477,27.83,24.70172904721082
26.06,21.032825,26.76,23.723581311535437
26.289999999999996,20.033792,26.06,23.275988948350467
27.97,20.1127,26.289999999999996,23.432619393377728
26.789999999999996,20.251678,27.97,25.098030813215665
26.150000000000002,20.223288,26.789999999999996,23.96335583730925
25.36,20.200872,26.150000000000002,23.302003536920914
23.28,19.61421,25.36,22.61550649303363
21.89,18.60234,23.28,20.88063602801555
18.59,18.011295,21.89,19.19663688969261
21.44,15.292057,18.59,16.63452311352438
22.45,15.380091,21.44,18.646085928027233
22.6,15.145874,22.45,19.55393672459539
22.07,14.775618,22.6,19.786414853407823
21.03,13.958219,22.07,19.29595600157359
22.81,13.023043,21.03,18.42631138033417
24.45,12.888461,22.81,19.776071617328572
25.759999999999998,12.712463,24.45,20.988213509169228
23.93,13.113221,25.759999999999998,22.09993842832506
21.15,10.101298,23.93,19.6945785415338
15.64,10.4929905,21.15,17.87810906282965
15.439999999999998,7.683044,15.64,13.121611954397473
12.29,5.633709,15.439999999999998,12.563370891567471
9.49,4.2857175,12.29,9.860949787334427
6.7299999999999995,2.7598362,9.49,7.338020125964922
4.12,0.5877349,6.7299999999999995,4.873562752566701
2.19,0.0,4.12,2.5589878418138756
1.06,0.0,2.19,0.9851629792152872
0.62,0.0,1.06,-0.06805030444802934
0.15,0.0,0.62,-0.47465028273372123
0.0,0.0,0.15,-0.8222573221945945
0.0,0.0,0.0,-0.8503567875795346
0.0,0.0,0.0,-0.7474053942854133
0.0,0.0,0.0,-0.5716111338626082
0.0,0.0,0.0,-0.5585863267060814
0.0,0.0,0.0,-0.47516949008163667
0.0,0.0,0.0,-0.41352626993717245
0.0,0.0,0.0,-0.31643144360584896
0.0,0.0,0.0,-0.25841746788995634
0.0,0.0,0.0,-0.21205551750771642
0.0,0.0,0.0,-0.16668462115999733
0.0,0.0,0.0,-0.08151924917861667
0.0,0.0,0.0,-0.030713743330061313
0.0,0.0,0.0,-0.011310687150216207
0.0,0.0,0.0,0.013267184568808467
0.0,0.0,0.0,-0.16421892078542394
0.0,0.0,0.0,-0.14098629297898124
0.0,0.0,0.0,-0.13714326099387614
0.0,0.0,0.0,-0.12947111694179386
0.0,0.0,0.0,-0.08766703333728948
0.0,0.0,0.0,-0.09049446703986441
0.0,0.0,0.0,-0.0880140968668907
0.0,0.0,0.0,-0.07553681131449129
0.0,0.0,0.0,-0.023845729260152555
0.0,0.0,0.0,-0.006456227026477301
0.0,0.0,0.0,0.03569226050855155
0.0,0.0,0.0,0.054427400386730315
0.0,0.0,0.0,0.1220815027562109
0.0,0.0,0.0,0.16441448983890855
0.0,0.0,0.0,0.20952494806099636
0.0,0.0,0.0,0.266681187271545
0.0,0.0,0.0,0.34188835871492884
0.0,0.0,0.0,0.3941685799773914
0.0,0.0,0.0,0.45438770938143347
0.0,0.0,0.0,0.5115380186114904
0.0,0.0,0.0,0.5943440096681587
0.0,0.0,0.0,0.6604576414513856
0.0,0.0,0.0,0.7291228897681967
0.0,0.0,0.0,0.7988591803982092
0.0,0.0,0.0,0.8783312132882675
0.0,0.0,0.0,0.9449848500811505
0.0,0.0,0.0,1.0239347312810505
0.07,0.0,0.0,1.076292561344106
0.4099999999999999,1.2749884,0.07,0.43095248565318856
0.71,1.9363102,0.4099999999999999,0.42050530264834235
1.16,2.1840255,0.71,0.5022353057672377
2.43,2.2831686,1.16,0.7240317680622274
4.58,3.7671294,2.43,1.7306669526830596
7.470000000000001,5.404749,4.58,3.5981567959317644
10.56,7.4342957,7.470000000000001,6.1181493611349795
13.600000000000001,9.810272,10.56,8.837219669070246
16.61,12.980705,13.600000000000001,11.575866358136997
19.52,15.491958,16.61,14.186877896588227
36.18,17.509335,19.52,16.752495646189082
22.43,22.478294,36.18,32.44768049080909
23.7,22.949284,22.43,20.463595847905182
37.62,22.191122,23.7,22.131323553795735
37.16,24.427765,37.62,33.015475715132084
39.04,26.191357,37.16,32.45847201511406
27.83,24.107489,39.04,35.23462694347226
25.44,26.113499,27.83,24.457958041431148
34.82,22.768265,25.44,23.53002488795348
25.69,23.568197,34.82,30.805663883091896
24.43,18.746775,25.69,22.587709880515384
17.02,21.28528,24.43,22.013935551107632
16.52,17.736067,17.02,15.371777496619776
23.31,15.80154,16.52,14.743883031462463
23.9,14.3986435,23.31,20.599394020063897
23.57,15.20119,23.9,21.131770202596527
22.64,16.059828,23.57,20.902186306671005
23.23,15.244412,22.64,20.01273570691303
22.74,14.189071,23.23,20.383584459787606
23.33,12.921429,22.74,20.09134575214746
24.84,13.187506,23.33,20.413396893071468
25.71,13.840813,24.84,21.347083914137286
25.319999999999997,13.4326935,25.71,22.145520919385863
22.0,12.975398,25.319999999999997,21.801700062048013
9.0,9.187936,22.0,18.197822937613505
6.9,5.1051216,9.0,7.409015774568073
6.800000000000001,2.2308125,6.9,4.922260837724629
9.45,1.3641901,6.800000000000001,4.508351948419081
10.55,1.7863177,9.45,7.072223243497766
4.6,1.8996577,10.55,8.124291298057212
2.41,0.070318535,4.6,3.3269562980200504
2.55,0.0,2.41,1.582121831662839
1.87,0.0,2.55,1.3923743541333495
1.63,0.0,1.87,0.9270374183408786
0.8199999999999998,0.0,1.63,0.6391359183611791
0.01,0.0,0.8199999999999998,-0.07982154218077048
0.0,0.0,0.01,-0.6161454101074965
0.0,0.0,0.0,-0.37349445335958137
0.0,0.0,0.0,-0.281565379379891
0.0,0.0,0.0,-0.23895407418413478
0.0,0.0,0.0,-0.28382865368028753
0.0,0.0,0.0,-0.29185399693372127
0.0,0.0,0.0,-0.10185087570406051
0.0,0.0,0.0,-0.058200466821925825
0.0,0.0,0.0,-0.03794497329892704
0.0,0.0,0.0,0.001424958484976327
0.0,0.0,0.0,0.08833617932965179
0.0,0.0,0.0,0.12821605460646007
0.0,0.0,0.0,0.1658275081662823
0.0,0.0,0.0,0.09209335898388502
0.0,0.0,0.0,-0.006898696001872082
0.0,0.0,0.0,-0.0035023071599539143
0.0,0.0,0.0,0.014210687229754444
0.0,0.0,0.0,0.0445352753954676
0.0,0.0,0.0,0.07098511479279902
0.0,0.0,0.0,0.07192714765358513
0.0,0.0,0.0,0.09393667585872213
0.0,0.0,0.0,0.10567820065899847
0.0,0.0,0.0,0.15849878779696253
0.0,0.0,0.0,0.1769221345738002
0.0,0.0,0.0,0.20043201780461564
0.0,0.0,0.0,0.238289419971518
0.0,0.0,0.0,0.2974834075748223
0.0,0.0,0.0,0.33192575323064566
0.0,0.0,0.0,0.3840321709886182
0.0,0.0,0.0,0.42045760151068234
0.0,0.0,0.0,0.49697296367009514
0.0,0.0,0.0,0.5659376626788902
0.0,0.0,0.0,0.6319800683841655
0.0,0.0,0.0,0.6831344918763603
0.0,0.0,0.0,0.7549272513359297
0.0,0.0,0.0,0.8062391858960167
0.0,0.0,0.0,0.8768327077831204
0.0,0.0,0.0,0.9439654527056016
0.0,0.0,0.0,1.0240661726215856
0.0,0.3520887,0.0,1.0964204666585506
0.0,0.71090454,0.0,1.1668129161082956
0.07,0.95970035,0.0,1.2347997176817858
0.45000000000000007,2.3132615,0.07,1.0668950048977526
0.8699999999999999,3.1995773,0.45000000000000007,1.1126424850556857
1.37,3.7799702,0.8699999999999999,1.220445666524489
2.66,4.107695,1.37,1.446039281520183
4.65,5.593946,2.66,2.461286185271453
7.31,7.091223,4.65,4.15317010540392
10.23,8.813606,7.31,6.459349361799608
13.22,10.912906,10.23,8.999399762276706
16.15,13.856191,13.22,11.664317409174778
18.94,16.216558,16.15,14.240306620996323
21.6,18.072397,18.94,16.69260374045093
24.14,19.740967,21.6,18.98103834939378
26.51,21.806982,24.14,21.109748707817076
28.660000000000004,23.505898,26.51,23.076109339316897
30.61,25.093102,28.660000000000004,24.842837338576963
32.43,26.56621,30.61,26.457292238408282
34.08,28.139015,32.43,27.936226180194414
35.37,29.420296,34.08,29.26851695396516
36.48,30.284765,35.37,30.29107906156102
37.75,30.868698,36.48,31.159411914088164
38.66,31.384892,37.75,32.04260206781074
39.61,31.53145,38.66,33.735204586171896
39.94,31.96114,39.61,34.445936667739744
40.7,32.062416,39.94,34.75363787636638
41.13,32.070496,40.7,35.29565893532358
41.57,31.984278,41.13,35.589544593061206
41.56,31.723898,41.57,36.21399089249682
0.0,31.444178,41.56,36.13913601013685
0.0,0.7112257,0.0,-1.5570576735115527
0.0,0.0,0.0,-2.710800528516344
0.0,0.0,0.0,-3.6986511707289393
0.0,0.0,0.0,-3.32275755678223
0.0,0.0,0.0,-3.0009841660968415
0.0,0.0,0.0,-2.991117848390848
0.0,0.0,0.0,-2.6124880245059203
0.0,0.0,0.0,-2.5621476350309416
0.0,0.0,0.0,-2.511325070670122
0.0,0.0,0.0,-2.451773525446936
0.0,0.0,0.0,-2.344155162212914
0.0,0.0,0.0,-2.239430135897496
0.0,0.0,0.0,-1.2856107027068222
0.0,0.0,0.0,-1.1710884307503813
0.0,0.0,0.0,-1.035282693880792
0.0,0.0,0.0,-0.8993988314344861
0.0,0.0,0.0,-0.7681249100663124
0.0,0.0,0.0,-0.6279508915381076
0.0,0.0,0.0,-0.4444583273610206
0.0,0.0,0.0,-0.29591113042697414
0.0,0.0,0.0,-0.13158617520324448
0.0,0.0,0.0,0.025592661438505505
0.0,0.0,0.0,0.21766804622348862
0.0,0.0,0.0,0.3788566721427758
0.0,0.0,0.0,0.2595818482467208
0.0,0.0,0.0,0.31557978986450785
0.0,0.0,0.0,0.3889417990836442
0.0,0.0,0.0,0.4689042424627509
0.0,0.0,0.0,0.5384678409777984
0.0,0.0,0.0,0.6146768513717583
0.0,0.0,0.0,0.6813165831799963
0.0,0.0,0.0,0.7621055150828323
0.0,0.0,0.0,0.8391061052779536
0.05,0.0,0.0,0.7862486180272962
0.38,0.0,0.05,0.37770120250188427
0.7,0.7310923,0.38,0.3822404904566045
1.16,1.168441,0.7,0.45960879231933505
2.45,1.4153626,1.16,0.7039033624852815
4.61,3.1349962,2.45,1.7505035949314296
7.48,4.7889857,4.61,3.6204715903811393
10.52,6.7670145,7.48,6.138505314643568
13.54,9.084335,10.52,8.833336481188542
16.49,12.373732,13.54,11.549390701983867
19.29,15.190981,16.49,14.17451027259349
21.93,17.512548,19.29,16.672038294381846
24.36,19.558672,21.93,18.961361614197102
26.590000000000003,21.98759,24.36,21.022403698125846
28.6,23.692503,26.590000000000003,22.892297369089775
30.56,24.928858,28.6,24.571872643567698
0.0,26.204508,30.56,26.203044765244464
0.0,0.0,0.0,-0.049134006934481445
0.0,0.0,0.0,-1.0075523310826395
0.0,0.0,0.0,-1.8904735897447567
0.0,0.0,0.0,-2.200911659453502
0.0,0.0,0.0,-2.0321075430928515
0.0,0.0,0.0,-2.0874795397726977
0.0,0.0,0.0,-1.378133865304475
0.0,0.0,0.0,-1.4115225440531793
0.0,0.0,0.0,-1.4215058617335254
0.0,0.0,0.0,-1.408201682694975
0.0,0.0,0.0,-1.396587471191705
0.0,0.0,0.0,-1.3975486573412066
0.0,0.0,0.0,-0.7101398444548854
0.0,0.0,0.0,-0.6125938278468582
0.0,0.0,0.0,-0.5222644073983272
0.0,0.0,0.0,-0.44003100932527783
0.0,0.0,0.0,-0.33696340604230796
0.0,0.0,0.0,-0.19952351978902716
0.0,0.0,0.0,-0.05912854256804531
0.0,0.0,0.0,0.08169546769037049
0.0,0.0,0.0,0.24281410780386606
0.0,0.0,0.0,0.409640943021849
0.0,0.0,0.0,0.5663377417880717
0.0,0.0,0.0,0.7472797649315646
0.06,0.0,0.0,0.6351838478969727
0.4099999999999999,0.0,0.06,0.31623284920952854
0.8100000000000002,0.0,0.4099999999999999,0.347954714531434
1.33,0.0,0.8100000000000002,0.5189296870904349
2.85,0.0,1.33,0.8620996535988323
4.38,0.91777074,2.85,2.2467686430606744
6.260000000000001,2.230971,4.38,3.8192775463988977
10.51,3.738747,6.260000000000001,5.5032417097317525
14.75,6.762112,10.51,8.823100129791623
3.34,11.037706,14.75,12.646180398966111
2.25,2.9785988,3.34,3.8203923510043647
1.66,0.0,2.25,2.4674827062518387
0.66,0.0,1.66,1.4602208205375
0.06,0.0,0.66,0.5668864679724411
0.0,0.0,0.06,-0.051186463287280354
0.0,0.0,0.0,-0.3117525640343233
0.0,0.0,0.0,-0.11942157105159779
0.0,0.0,0.0,-0.14374080696884367
0.0,0.0,0.0,-0.23199456574974006
0.0,0.0,0.0,-0.30606674811950796
0.0,0.0,0.0,-0.44048055472048553
0.0,0.0,0.0,-0.5462380698463585
0.0,0.0,0.0,-0.37264074816384873
0.0,0.0,0.0,-0.40351134172963016
0.0,0.0,0.0,-0.44507010574244416
0.0,0.0,0.0,-0.42338484079370575
0.0,0.0,0.0,-0.4454974472087824
0.0,0.0,0.0,-0.47420891416930167
0.0,0.0,0.0,-0.49223701709648837
0.0,0.0,0.0,-0.5108063505637593
0.0,0.0,0.0,-0.4976104407951584
0.0,0.0,0.0,-0.48405893995521615
0.0,0.0,0.0,-0.4495328936030479
0.0,0.0,0.0,-0.35328850091550446
0.0,0.0,0.0,-0.3967598876390973
0.0,0.0,0.0,-0.38660348987570803
0.0,0.0,0.0,-0.37180954942865263
0.0,0.0,0.0,-0.327123114826584
0.0,0.0,0.0,-0.31261082804232737
0.0,0.0,0.0,-0.28950824781421924
0.0,0.0,0.0,-0.25432957454672755
0.0,0.0,0.0,-0.1953845721225433
0.0,0.0,0.0,-0.15149465241569918
0.0,0.0,0.0,-0.10535067862792145
0.0,0.0,0.0,-0.05924126724773833
0.0,0.0,0.0,0.01612191271027942
0.0,0.0,0.0,0.07150310124117397
0.0,0.0,0.0,0.12652782678749167
0.0,0.0,0.0,0.1897833586758704
0.0,0.0,0.0,0.2612971593417813
0.0,0.0,0.0,0.33066837259787124
0.0,0.0,0.0,0.39723157004501497
0.0,0.0,0.0,0.4705965297038338
0.0,0.0,0.0,0.5523936246139418
0.0,0.0,0.0,0.625131466765048
0.0,0.0,0.0,0.7004522604734208
0.0,0.0,0.0,0.7715777810015398
0.0,0.0,0.0,0.8490475400249116
0.38,0.0,0.0,0.9359018254406279
0.71,0.0,0.38,1.3243944104303136
0.95,0.0,0.71,1.6819121197987952
1.17,0.29365677,0.95,1.9628319277306332
1.6500000000000001,0.31209955,1.17,2.237274537260169
3.8,0.6048273,1.6500000000000001,2.7015076775319096
4.34,1.2306985,3.8,4.5469913420135075
4.11,2.6552742,4.34,5.122024833025601
5.91,3.4816668,4.11,5.038600959564192
6.08,4.1394143,5.91,6.5310153159613
7.690000000000001,4.0113487,6.08,6.773393814152843
10.27,6.4276032,7.690000000000001,8.107695833585478
15.71,8.433994,10.27,10.211287711885609
12.91,10.504298,15.71,14.830926530760186
10.66,9.59819,12.91,12.825454290077984
18.82,9.80778,10.66,10.904789708414608
20.95,14.548937,18.82,16.463033055187243
21.07,15.893808,20.95,18.615057110392648
21.13,14.571735,21.07,19.664523508347116
21.81,14.684418,21.13,19.44837850312088
22.09,16.458462,21.81,19.588365947752916
22.12,15.798676,22.09,20.006652017878523
22.38,14.784199,22.12,19.860287844831493
17.11,14.644678,22.38,20.104454794251513
18.9,12.791264,17.11,15.55060229498082
19.52,12.799191,18.9,16.71903492489531
15.909999999999998,11.543278,19.52,17.100132538648626
12.75,10.23553,15.909999999999998,14.090625583449135
9.37,8.580894,12.75,11.180343956769583
10.44,6.833025,9.37,8.127819950706982
11.98,6.3100724,10.44,8.990885811489003
11.85,6.5500803,11.98,10.15512466939324
10.15,6.760755,11.85,9.99232106608007
7.57,6.0682073,10.15,8.70264427692528
6.08,4.456755,7.57,6.464471332017391
5.55,3.0706418,6.08,5.151463971860476
5.22,2.340519,5.55,4.670559630006343
4.93,2.1770961,5.22,4.302212113206585
4.0,1.6928967,4.93,4.031282131731046
3.52,1.2053807,4.0,3.3350493704644544
3.25,1.0384256,3.52,3.0478063875789134
2.9,1.0136474,3.25,2.890611951643682
2.39,0.63607556,2.9,2.5764484254057045
2.21,0.55742764,2.39,2.10332797889433
0.9399999999999998,0.44701838,2.21,1.9193625277678483
0.84,0.18082704,0.9399999999999998,0.9106830682595324
0.71,0.0,0.84,0.8561178597002388
0.58,0.0,0.71,0.7429344785551052
0.25,0.0,0.58,0.6116301086886624
0.07,0.0,0.25,0.3410916690295234
0.0,0.0,0.07,0.20852720941596167
0.0,0.0,0.0,0.14323403276276236
0.0,0.0,0.0,0.10320955280050878
0.0,0.0,0.0,0.05341808595236645
0.0,0.0,0.0,0.06483752300860732
0.0,0.0,0.0,0.05364066571043116
0.0,0.0,0.0,0.034050576584325996
0.0,0.0,0.0,0.017034437620877356
0.0,0.0,0.0,0.008892244932204134
0.0,0.0,0.0,-0.04346324981924499
0.0,0.0,0.0,-0.08359775479147673
0.0,0.0,0.0,-0.10676169142507935
0.0,0.0,0.0,-0.0911617270592472
0.0,0.0,0.0,-0.1228945124676098
0.0,0.0,0.0,-0.14815876241600426
0.0,0.0,0.0,-0.1764324818911124
0.0,0.0,0.0,-0.04551008410191362
0.0,0.0,0.0,-0.0600933658553543
0.0,0.0,0.0,-0.07342295301831711
0.0,0.0,0.0,-0.08405862036670146
0.0,0.0,0.0,-0.04995678219488417
0.0,0.0,0.0,-0.044347066673279534
0.0,0.0,0.0,-0.05119726342278051
0.0,0.0,0.0,-0.04849083223225671
0.0,0.0,0.0,-0.006654382499035258
0.0,0.0,0.0,0.01388433639600041
0.0,0.0,0.0,0.03775289437731536
0.0,0.0,0.0,0.07761939346835091
0.0,0.0,0.0,0.13683004481001
0.0,0.0,0.0,0.17877050450633755
0.0,0.0,0.0,0.22361079108148413
0.0,0.0,0.0,0.27063162424101944
0.0,0.0,0.0,0.3426104252193092
0.0,0.0,0.0,0.410059815671043
0.0,0.0,0.0,0.46937130565802254
0.0,0.0,0.0,0.5332595535164124
0.0,0.0,0.0,0.6136136075477024
0.0,0.0,0.0,0.684288611508746
0.0,0.0,0.0,0.7570845845936449
0.0,0.0,0.0,0.8229340195043906
0.0,0.0,0.0,0.9125202494536765
0.0,0.0,0.0,0.9940893887663482
0.0,0.0,0.0,1.0710977739528802
0.02,0.1358937,0.0,1.1476015274204747
0.45999999999999996,1.2536273,0.02,1.2101579080107974
1.1,1.7512844,0.45999999999999996,1.4646435491007905
1.8500000000000003,2.217586,1.1,1.7692408598978506
3.06,2.699702,1.8500000000000003,2.1998454840229344
4.62,4.344376,3.06,3.09438145070914
6.9,5.78344,4.62,4.2459353840560805
9.63,7.303716,6.9,6.122046841242694
12.27,9.066174,9.63,8.409988708739172
15.21,11.806332,12.27,10.697703183469715
17.98,14.131443,15.21,13.248761884537622
20.48,16.031918,17.98,15.68423699718648
23.09,17.726162,20.48,17.805882380489717
25.370000000000005,19.798777,23.09,20.011350937678586
27.200000000000003,21.257826,25.370000000000005,21.927772665629043
28.470000000000002,22.28127,27.200000000000003,23.301281753946423
19.89,23.211224,28.470000000000002,24.708374132712674
26.11,20.451466,19.89,17.836569754437505
32.34,22.102488,26.11,23.108125001762826
31.81,24.523264,32.34,28.103934503809704
33.7,25.60385,31.81,28.10165529657646
27.560000000000002,24.73284,33.7,29.827927307485748
24.71,23.070728,27.560000000000002,24.501361372299634
34.93,21.085114,24.71,22.14679825144704
30.829999999999995,25.135744,34.93,29.763905528968614
37.42,24.66899,30.829999999999995,26.567224731789697
23.21,26.276672,37.42,32.40488355356076
19.88,20.585644,23.21,20.07253433538945
22.6,17.239632,19.88,17.069201711475422
29.9,18.451773,22.6,19.23583684597926
37.07,20.446789,29.9,25.059857244027988
29.350000000000005,22.909784,37.07,31.40756833963403
34.48,21.94733,29.350000000000005,25.187849408639206
31.790000000000003,22.076712,34.48,29.361767872083888
30.049999999999997,21.348658,31.790000000000003,27.132859260970154
25.64,20.467773,30.049999999999997,25.71201074181717
29.03,18.141928,25.64,21.52564330970026
29.78,17.940456,29.03,24.064029324538538
27.449999999999996,17.077515,29.78,24.737429568617774
25.980000000000004,16.652145,27.449999999999996,23.12307032337727
18.92,14.799134,25.980000000000004,21.94670507410287
8.73,11.687049,18.92,15.840752251057111
16.29,7.265413,8.73,7.030979354633526
16.56,7.3445334,16.29,12.613287420148945
14.29,6.250298,16.56,12.94160346972265
10.49,5.859032,14.29,11.462756536433199
10.24,4.0895233,10.49,8.157188536282572
4.61,2.6445417,10.24,7.66031359548125
4.18,0.0,4.61,3.203634102588371
3.2799999999999994,0.0,4.18,2.485761605534087
2.52,0.0,3.2799999999999994,1.651181882426425
1.33,0.0,2.52,1.077741398835791
0.19,0.0,1.33,0.19002109221126634
0.0,0.0,0.19,-0.6410316451057808
0.0,0.0,0.0,-0.4522796035286041
0.0,0.0,0.0,-0.5496450203663443
0.0,0.0,0.0,-0.5030933636673708
0.0,0.0,0.0,-0.36831343240521164
0.0,0.0,0.0,-0.25200685722580396
0.0,0.0,0.0,-0.1994438155093453
0.0,0.0,0.0,-0.04780051164824696
0.0,0.0,0.0,0.0008621464381975905
0.0,0.0,0.0,0.04685842871901477
0.0,0.0,0.0,0.09470245160064818
0.0,0.0,0.0,0.1754866696947608
0.0,0.0,0.0,0.17519173074575026
0.0,0.0,0.0,0.12914632408724935
0.0,0.0,0.0,0.1755221279188217
0.0,0.0,0.0,-0.3284213284416703
0.0,0.0,0.0,-0.31017693838344024
0.0,0.0,0.0,-0.31588079149205484
0.0,0.0,0.0,-0.2890074483956985
0.0,0.0,0.0,-0.2633553664663342
0.0,0.0,0.0,-0.2504786583567006
0.0,0.0,0.0,-0.22421922394362248
0.0,0.0,0.0,-0.1995278810701589
0.0,0.0,0.0,-0.1586139516697796
0.0,0.0,0.0,-0.12533354902840405
0.0,0.0,0.0,-0.10591281717362393
0.0,0.0,0.0,-0.0670802535725986
0.0,0.0,0.0,-0.00024057246159440993
0.0,0.0,0.0,0.04182216492014494
0.0,0.0,0.0,0.0940677878768838
0.0,0.0,0.0,0.1343665286192468
0.0,0.0,0.0,0.2139908296316561
0.0,0.0,0.0,0.2665152625834362
0.0,0.0,0.0,0.3328187024371182
0.0,0.0,0.0,0.3956479766497824
0.0,0.0,0.0,0.43767516462463324
0.0,0.0,0.0,0.5021128122103572
0.0,0.0,0.0,0.5804951386100731
0.0,0.0,0.0,0.6472519771699818
0.0,0.0,0.0,0.7254236612811577
0.0,0.0,0.0,0.8015286474881096
0.0,0.0,0.0,0.8807400024714498
0.04,0.0,0.0,0.9499770627394082
0.54,0.6218332,0.04,0.7770725925010171
1.07,0.6850689,0.54,1.4762103324696991
1.6099999999999999,0.6989914,1.07,2.0434786592583167
3.16,0.7846832,1.6099999999999999,2.5654438933848245
4.62,2.5757937,3.16,3.7869712489343654
5.04,3.6980748,4.62,5.230789145124678
6.65,4.251728,5.04,5.730252352170299
11.14,7.035347,6.65,5.571093390346184
13.849999999999998,8.138338,11.14,10.759978575602785
10.68,10.201647,13.849999999999998,13.239110682539629
13.819999999999999,11.762039,10.68,9.833296617549667
16.42,10.431529,13.819999999999999,13.2942094947651
31.77,12.25588,16.42,14.97061634082366
23.78,21.390476,31.77,27.225189474866706
30.8,21.008957,23.78,21.55216599985348
32.4,24.204065,30.8,26.736114033080483
36.7,21.503733,32.4,29.243284474374022
24.39,26.862839,36.7,32.73960331613141
25.509999999999998,21.07635,24.39,22.64484761769018
22.94,23.72082,25.509999999999998,22.66409793086487
22.32,21.152548,22.94,20.479894979687973
23.05,19.42974,22.32,20.094178260358813
35.08,18.567831,23.05,20.80250923708553
32.84,20.677904,35.08,30.313589303098098
10.92,21.934277,32.84,29.200885882153504
4.4,9.564573,10.92,9.434547933966265
2.38,1.9422706,4.4,3.008537830196145
3.6000000000000005,0.0,2.38,0.3811560605935904
1.46,0.0,3.6000000000000005,1.2871656458592728
1.08,0.0,1.46,-0.6908919190848115
0.4,0.0,1.08,-0.7201959991781803
0.0,0.0,0.4,-0.8510412262796925
0.0,0.0,0.0,-1.0146140485371684
0.0,0.0,0.0,-0.9851738065378004
0.0,0.0,0.0,-1.0834771255608742
0.0,0.0,0.0,-1.2541968296694226
0.0,0.0,0.0,-1.214825583785633
0.0,0.0,0.0,-0.6604529188202618
0.0,0.0,0.0,-0.5479798084449858
0.0,0.0,0.0,-0.4139427656039727
0.0,0.0,0.0,-0.3848217841824642
0.0,0.0,0.0,-0.27371548295926296
0.0,0.0,0.0,-0.3030346538830546
0.0,0.0,0.0,-0.2181294382931267
0.0,0.0,0.0,-0.19194995243461305
0.0,0.0,0.0,-0.16033741189186745
0.0,0.0,0.0,-0.11923519703864009
0.0,0.0,0.0,0.06263261441353703
0.0,0.0,0.0,0.12637627304865878
0.0,0.0,0.0,0.04791012119585679
0.0,0.0,0.0,0.02439650494250635
0.0,0.0,0.0,0.05439131422661468
0.0,0.0,0.0,0.0736228330250898
0.0,0.0,0.0,0.07447992011512544
0.0,0.0,0.0,0.08095588468593103
0.0,0.0,0.0,0.13319918533897557
0.0,0.0,0.0,0.15153614217037376
0.0,0.0,0.0,0.17758657595450256
0.0,0.0,0.0,0.21447798848574923
0.0,0.0,0.0,0.2757645057054583
0.0,0.0,0.0,0.31898713743677093
0.0,0.0,0.0,0.35450179861047876
0.0,0.0,0.0,0.41242532716723906
0.0,0.0,0.0,0.48529445865689513
0.0,0.0,0.0,0.5417092711575755
0.0,0.0,0.0,0.6059492044757404
0.0,0.0,0.0,0.6583217565460677
0.0,0.0,0.0,0.7413929019486315
0.0,0.0,0.0,0.8041386575899763
0.0,0.0,0.0,0.8858884736420211
0.0,0.0,0.0,0.9540418770212389
0.0,0.0,0.0,1.037775141953629
0.0,0.0,0.0,1.107023357473902
0.0,0.187635,0.0,1.1859686443832032
0.0,0.092314884,0.0,1.2517815346575307
0.1,0.8602507,0.0,1.322268093542385
0.48,1.0424722,0.1,1.3868005064494822
1.32,1.7982016,0.48,0.7577251179595113
2.63,2.3984723,1.32,1.097809739999204
4.55,4.124276,2.63,2.0626891641757172
7.28,5.769134,4.55,3.571303348948497
9.87,7.6119394,7.28,5.886589454032415
13.4,9.634804,9.87,8.197056357349675
31.85,12.811857,13.4,11.213325943456951
33.5,22.474545,31.85,27.897116798295134
35.35,25.526205,33.5,30.77197589129217
36.89,27.451244,35.35,33.05812731982476
37.65,26.084883,36.89,33.920375849367126
39.12,26.510147,37.65,34.38480982734404
39.72,29.835785,39.12,35.44530935123787
40.62,30.669666,39.72,35.630696440596665
40.62,30.945772,40.62,36.3148327677303
40.85,30.897379,40.62,36.56821035934226
40.82,30.912899,40.85,36.63232789462874
40.48,30.778456,40.82,36.44494924030555
40.32,30.22632,40.48,35.90011159575683
34.98,28.533554,40.32,34.589166664161276
39.45,28.141768,34.98,30.672253444790364
38.68,28.090101,39.45,34.09546309848559
37.97,26.746464,38.68,33.26904638741419
37.16,26.125568,37.97,32.66336379835833
36.25,25.060589,37.16,31.755180147316487
33.08,23.831228,36.25,30.812954099677736
10.42,20.66288,33.08,27.974419542393502
6.74,6.4377112,10.42,7.527747793466011
3.4099999999999997,1.0659561,6.74,3.471082683805937
2.67,0.0,3.4099999999999997,0.09841694802076306
2.44,0.0,2.67,-0.4696197638141497
1.67,0.0,2.44,-0.4407571661432533
0.74,0.0,1.67,-0.8419875604215754
0.02,0.0,0.74,-1.0851992230219334
0.0,0.0,0.02,-1.5794136462964217
0.0,0.0,0.0,-1.5063953493995696
0.0,0.0,0.0,-1.4264602177446815
0.0,0.0,0.0,-1.3143873400779964
0.0,0.0,0.0,-1.173774449212872
0.0,0.0,0.0,-0.6481442093887319
0.0,0.0,0.0,-0.5000557018253526
0.0,0.0,0.0,-0.3412118366849425
0.0,0.0,0.0,-0.27140795198236434
0.0,0.0,0.0,-0.2119436441215733
0.0,0.0,0.0,-0.16169404153886618
0.0,0.0,0.0,-0.022894951883477635
0.0,0.0,0.0,0.06866016933595054
0.0,0.0,0.0,0.14087330839174986
0.0,0.0,0.0,0.21451068672096227
0.0,0.0,0.0,0.028794039843132828
0.0,0.0,0.0,0.11121202604523657
0.0,0.0,0.0,0.012615530726103885
0.0,0.0,0.0,0.016215068924548166
0.0,0.0,0.0,0.036502395421073204
0.0,0.0,0.0,0.05182375298356037
0.0,0.0,0.0,0.07401801238667051
0.0,0.0,0.0,0.08934615079302134
0.0,0.0,0.0,0.13741883519938838
0.0,0.0,0.0,0.1571207416313284
0.0,0.0,0.0,0.19102536095115807
0.0,0.0,0.0,0.21832121502162027
0.0,0.0,0.0,0.26059340524728897
0.0,0.0,0.0,0.30694724656443273
0.0,0.0,0.0,0.36472907474453287
0.0,0.0,0.0,0.4113486193634823
0.0,0.0,0.0,0.4756936770065303
0.0,0.0,0.0,0.5376822585280148
0.0,0.0,0.0,0.6046145884334384
0.0,0.0,0.0,0.6555734295127714
0.0,0.0,0.0,0.7519830477522959
0.0,0.0,0.0,0.8244255528247715
0.0,0.0,0.0,0.8596045218231461
0.0,0.0,0.0,0.88196843258107
0.0,0.12826262,0.0,0.9622932023209543
0.0,0.53506374,0.0,1.042153426166786
0.0,0.8511629,0.0,1.0944048138556004
0.0,0.8109666,0.0,1.2259730464810776
0.0,1.9836224,0.0,1.2162044451065888
0.0,2.3569021,0.0,1.3067429183811767
0.0,2.1950796,0.0,1.3749355773187544
0.68,1.8159482,0.0,1.4992707643629186
0.8500000000000001,2.9169943,0.68,2.0838019936643764
0.38,2.870418,0.8500000000000001,2.266788662899262
1.08,2.4589663,0.38,1.9862236458942246
0.44,1.921377,1.08,2.660291527085819
1.6399999999999997,2.0690012,0.44,2.1582734012964964
3.9599999999999995,2.6295028,1.6399999999999997,3.2109337870864847
6.72,3.698184,3.9599999999999995,5.108159079729517
18.62,5.708496,6.72,7.620204316404708
26.86,15.560929,18.62,16.188783308147496
28.43,20.956331,26.86,23.41536467142043
30.29,23.271507,28.43,25.296562787295073
31.77,24.893341,30.29,26.904888862981984
33.02,25.683678,31.77,29.644338253797798
33.13,26.551836,33.02,30.70494615870132
35.33,27.434021,33.13,30.570520766820042
36.5,28.863562,35.33,32.223087557369986
38.25,29.968449,36.5,33.135526026865705
29.659999999999997,31.094122,38.25,34.443065678405006
29.69,28.128008,29.659999999999997,27.179714769857554
31.1,27.533705,29.69,27.049360641481602
28.57,27.314625,31.1,27.75550026852619
39.81,23.000574,28.57,24.833767546247387
41.19,24.5415,39.81,33.91370297292996
40.39,28.066605,41.19,35.97499365831213
27.529999999999998,28.958004,40.39,35.859322343985546
27.96,21.957228,27.529999999999998,23.721496633833183
19.38,23.006088,27.96,24.69266621189883
35.17,18.816868,19.38,17.259873535826088
17.29,21.631487,35.17,29.844980910075964
23.61,17.018003,17.29,15.165867945673096
34.89,17.410454,23.61,20.458128404234255
25.019999999999996,16.205688,34.89,28.469595716588515
31.629999999999995,17.445288,25.019999999999996,21.94865706099216
29.04,18.398834,31.629999999999995,27.56726092754263
27.42,15.90732,29.04,23.447626455650948
16.22,14.942056,27.42,22.5576689869028
21.63,11.290405,16.22,13.414720884727227
1.9,11.695272,21.63,17.959783239602956
0.95,1.4601005,1.9,0.3045381317253404
0.28,0.0,0.95,-0.7488276020378271
0.0,0.0,0.28,-1.9748678111265017
0.0,0.0,0.0,-1.6701144743798357
0.0,0.0,0.0,-1.4079711626100593
0.0,0.0,0.0,-1.7441112197591666
0.0,0.0,0.0,-1.0052009790264973
0.0,0.0,0.0,-1.12541022673062
0.0,0.0,0.0,-0.9615785207330613
0.0,0.0,0.0,-0.86658347554632
0.0,0.0,0.0,-0.546756398832662
0.0,0.0,0.0,-0.6855870691423661
0.0,0.0,0.0,-0.26055374903927175
0.0,0.0,0.0,-0.2617143706872376
0.0,0.0,0.0,-0.07862072754508953
0.0,0.0,0.0,-0.1497074853928096
0.0,0.0,0.0,-0.08838030862477753
0.0,0.0,0.0,0.0086852728380854
0.0,0.0,0.0,-0.5763442005908642
0.0,0.0,0.0,-0.4783371368627529
0.0,0.0,0.0,-0.433903807190953
0.0,0.0,0.0,-0.36395253767745606
0.0,0.0,0.0,-0.34456739280845533
0.0,0.0,0.0,-0.2660995208384764
0.0,0.0,0.0,-0.3328578838869733
0.0,0.0,0.0,-0.31847610154254574
0.0,0.0,0.0,-0.28154765359910716
0.0,0.0,0.0,-0.26164044702562983
0.0,0.0,0.0,-0.245418029189471
0.0,0.0,0.0,-0.1981844295106297
0.0,0.0,0.0,-0.13560275452959603
0.0,0.0,0.0,-0.09430434548150513
0.0,0.0,0.0,-0.057106178161417734
0.0,0.0,0.0,-0.020959960439206546
0.0,0.0,0.0,0.06022594266017565
0.0,0.0,0.0,0.11419739957077221
0.0,0.0,0.0,0.18271546475127562
0.0,0.0,0.0,0.26008066216847514
0.0,0.0,0.0,0.35794575805570567
0.0,0.0,0.0,0.4086486528692734
0.0,0.0,0.0,0.48042720467880196
0.0,0.0,0.0,0.5515890030940354
0.0,0.0,0.0,0.6280768167550802
0.0,0.0,0.0,0.711709353306158
0.0,0.0,0.0,0.7730416941580832
0.0,0.0,0.0,0.8608971967438082
0.17,0.0,0.0,0.9203558773021764
0.74,0.122504264,0.17,0.7131829354584996
1.34,0.6266478,0.74,0.8778620168961162
2.64,1.1746783,1.34,1.131973273939391
4.5,3.0810914,2.64,2.1078081933208725
6.93,4.720769,4.5,3.5652451816971618
9.85,6.446812,6.93,5.608394735460099
12.72,8.592945,9.85,8.091202075179037
15.509999999999998,11.831206,12.72,10.595307669165729
16.63,14.278175,15.509999999999998,13.219316892570399
17.49,16.063477,16.63,14.380935117761014
23.37,16.77494,17.49,15.129064198226299
25.590000000000003,19.456625,23.37,19.98435819246613
27.54,21.658775,25.590000000000003,21.993958243989443
29.270000000000003,23.565079,27.54,23.782076740066977
30.84,24.781645,29.270000000000003,25.2155575249078
32.21,26.002295,30.84,26.782635886140195
33.54,26.461006,32.21,29.50979250800926
0.0,27.470667,33.54,30.45867667985316
0.0,4.0823507,0.0,-0.010364170596888211
0.0,0.0,0.0,-1.073107462901196
0.0,0.0,0.0,-2.0123441440372924
0.0,0.0,0.0,-1.824693748904739
0.0,0.0,0.0,-1.6599256716496118
0.0,0.0,0.0,-1.872179471643968
0.0,0.0,0.0,-1.111098744635131
0.0,0.0,0.0,-1.1990633143103846
0.0,0.0,0.0,-1.2764830162663523
0.0,0.0,0.0,-1.3436149520102518
0.0,0.0,0.0,-1.3474706674647001
0.0,0.0,0.0,-1.4033457097356077
0.0,0.0,0.0,-0.6922754430884464
0.0,0.0,0.0,-0.6838866465138489
0.0,0.0,0.0,-0.6650523949178324
0.0,0.0,0.0,-0.6412765031036765
0.0,0.0,0.0,-0.6096002819494863
0.0,0.0,0.0,-0.5210726695178289
0.0,0.0,0.0,-0.4191867390847995
0.0,0.0,0.0,-0.33278619594383463
0.0,0.0,0.0,-0.22853998002319367
0.0,0.0,0.0,-0.12396102389082946
0.0,0.0,0.0,0.01003277137384493
0.0,0.0,0.0,0.12120689513400278
0.0,0.0,0.0,-0.005530660563785907
0.0,0.0,0.0,0.026930320243234197
0.0,0.0,0.0,0.08482830432891934
0.0,0.0,0.0,0.11499088217435757
0.0,0.0,0.0,0.1625693276811377
0.0,0.0,0.0,0.2229444219320033
0.0,0.0,0.0,0.29855990713548686
0.0,0.0,0.0,0.3499235538943213
0.0,0.0,0.0,0.4053652398204887
0.0,0.0,0.0,0.4700420037512438
0.0,0.0,0.0,0.5506614203798921
0.0,0.0,0.0,0.6229984273514529
0.0,0.0,0.0,0.6976293630166049
0.0,0.0,0.0,0.7700823747541302
0.0,0.0,0.0,0.8424645392809942
0.0,0.0,0.0,0.9187340166976858
0.0,0.0,0.0,1.025892315404356
0.0,0.0,0.0,1.101011159835481
0.25,0.7413718,0.0,1.1784343645431818
0.9000000000000001,1.1387717,0.25,1.4552976548860408
1.66,1.6480833,0.9000000000000001,1.9538262946934442
2.93,2.4413433,1.66,2.4433614529182877
4.65,4.3162303,2.93,3.37721169134694
6.819999999999999,5.978726,4.65,4.660383573573996
9.58,7.7095137,6.819999999999999,6.380114454963678
12.5,9.556152,9.58,8.675265616550899
15.590000000000002,12.377799,12.5,11.17562537121078
18.3,14.888962,15.590000000000002,13.822469447217397
20.41,16.877874,18.3,16.250962581877364
19.3,18.437386,20.41,18.127350123885332
19.32,19.326109,19.3,17.2268452182042
19.38,19.371754,19.32,17.18869757682149
19.38,19.006613,19.38,17.135978541889852
19.32,18.708996,19.38,17.098024976456283
18.7,18.853409,19.32,17.01598616902119
18.55,18.533724,18.7,16.45585131969295
18.52,18.078009,18.55,16.384339754849698
18.51,17.553936,18.52,16.379060903610345
18.51,17.229513,18.51,16.27930733501507
18.49,16.778597,18.51,16.201747624524142
18.52,16.306658,18.49,16.247629515446743
18.45,15.7002125,18.52,16.716071339082617
18.11,14.93371,18.45,17.333874372664848
18.57,14.342758,18.11,17.385315737243374
18.59,11.780561,18.57,16.66595817412817
18.58,14.041508,18.59,17.932841981469817
18.54,14.131387,18.58,17.914461078349575
18.57,13.932461,18.54,17.822833075301435
19.21,13.768792,18.57,17.78174964708303
20.64,13.922566,19.21,18.275424010753966
19.11,14.298439,20.64,19.41596878830302
18.99,14.271466,19.11,18.170071732671328
19.04,14.043656,18.99,17.986605919145294
19.1,13.831021,19.04,17.88413782334377
19.15,13.262993,19.1,17.79512488671916
19.31,12.8822775,19.15,17.704121522377093
19.96,12.696166,19.31,17.58648034790477
19.86,12.626398,19.96,17.99434147416851
20.58,12.042008,19.86,17.799443041944933
20.84,11.748332,20.58,18.22862273492667
18.85,11.434903,20.84,18.29055091417836
15.0,10.54145,18.85,16.45509172010591
14.06,8.006024,15.0,13.008547839373641
10.73,6.306862,14.06,11.888634496722483
7.66,4.5088305,10.73,8.883420800595754
4.5,2.7306151,7.66,6.114957344189925
1.69,0.34998053,4.5,3.2421893234496126
1.7000000000000002,0.0,1.69,0.6105687967998458
1.22,0.0,1.7000000000000002,0.5897672382957242
0.36,0.0,1.22,0.15524965995774853
0.0,0.0,0.36,-0.4434928725501892
0.0,0.0,0.0,-0.726809519865719
0.0,0.0,0.0,-0.7038286267274916
0.0,0.0,0.0,-0.6071301842448036
0.0,0.0,0.0,-0.4862816153745706
0.0,0.0,0.0,-0.46676122270785725
0.0,0.0,0.0,-0.39238831543858754
0.0,0.0,0.0,-0.32953947241893544
0.0,0.0,0.0,-0.2222718185362016
0.0,0.0,0.0,-0.16455907490978555
0.0,0.0,0.0,-0.15660240076704815
0.0,0.0,0.0,-0.13297536677080585
0.0,0.0,0.0,-0.04557646433645916
0.0,0.0,0.0,-0.01004192931443014
0.0,0.0,0.0,0.01459362269248983
0.0,0.0,0.0,0.03306840096953534
0.0,0.0,0.0,-0.07894847780026241
0.0,0.0,0.0,-0.06750474015951649
0.0,0.0,0.0,-0.06522181683857632
0.0,0.0,0.0,-0.06177749717909513
0.0,0.0,0.0,-0.031047900909720455
0.0,0.0,0.0,-0.03229674935505966
0.0,0.0,0.0,-0.014073325416740987
0.0,0.0,0.0,-0.00014159725941331053
0.0,0.0,0.0,0.049520939219138346
0.0,0.0,0.0,0.07308585607703373
0.0,0.0,0.0,0.09759079617043115
0.0,0.0,0.0,0.13889606413459518
0.0,0.0,0.0,0.20314425696870905
0.0,0.0,0.0,0.24664959838543477
0.0,0.0,0.0,0.29122774257816475
0.0,0.0,0.0,0.34123137945665427
0.0,0.0,0.0,0.422822229165121
0.0,0.0,0.0,0.47571713041873154
0.0,0.0,0.0,0.5347794554151118
0.0,0.0,0.0,0.5934729443204325
0.0,0.0,0.0,0.6697964937016259
0.0,0.0,0.0,0.7392895498153955
0.0,0.0,0.0,0.8128865615634383
0.0,0.0,0.0,0.885993320711554
0.0,0.0,0.0,0.9686964694226416
0.0,0.0,0.0,1.0472779185957592
0.0,0.0,0.0,1.1263535866589098
0.0,0.0,0.0,1.2013330118609662
0.2,1.065135,0.0,1.2819435746359793
0.63,1.7161537,0.2,1.340029660757257
1.14,2.0629997,0.63,1.3710968750162746
2.48,2.4364903,1.14,1.5238079214149758
4.67,3.9689705,2.48,2.4127376974757135
7.71,5.621266,4.67,4.228781544213585
11.31,7.781806,7.71,6.819846726723208
12.12,10.388338,11.31,9.897214994831966
15.68,13.151126,12.12,10.737064739852764
20.72,15.359931,15.68,13.80111941604496
23.29,17.819801,20.72,18.22177086488824
26.289999999999996,20.061636,23.29,20.686980175487978
28.88,22.88467,26.289999999999996,23.240911648621893
31.33,24.865744,28.88,25.536359617476307
33.53,26.61736,31.33,27.652843620022864
35.57,28.175062,33.53,29.51346427186379
37.29,30.111557,35.57,31.193473898785907
34.21,31.563736,37.29,32.59789758287087
32.86,31.35002,34.21,30.079501388984852
32.02,30.647835,32.86,28.802512904425303
31.66,29.749039,32.02,27.829924098630343
31.53,29.16911,31.66,27.322256729058047
31.929999999999996,28.38831,31.53,27.255562209960228
32.79,27.706337,31.929999999999996,27.91051622939279
30.879999999999995,26.921785,32.79,29.572419167472187
31.08,26.026487,30.879999999999995,27.946774855776233
33.46,25.240782,31.08,27.8925429603359
34.35,24.990255,33.46,29.544188790794244
0.0,25.287441,34.35,30.663684503129616
0.0,0.016169949,0.0,-1.536569107824104
0.0,0.0,0.0,-2.441090956415781
0.0,0.0,0.0,-3.174708538014909
0.0,0.0,0.0,-2.851104915824148
0.0,0.0,0.0,-2.6080571013004086
0.0,0.0,0.0,-2.5917009970051508
0.0,0.0,0.0,-1.694217700836316
0.0,0.0,0.0,-1.660703003353875
0.0,0.0,0.0,-1.5581271731774138
0.0,0.0,0.0,-1.4909491507445902
0.0,0.0,0.0,-1.8474448472152996
0.0,0.0,0.0,-1.7786579404817675
0.0,0.0,0.0,-0.9889881171939258
0.0,0.0,0.0,-0.9241545189883509
0.0,0.0,0.0,-0.802582359853192
0.0,0.0,0.0,-0.7053951058888209
0.0,0.0,0.0,-0.6060990921464553
0.0,0.0,0.0,-0.5022209403210884
0.0,0.0,0.0,-0.3581967852593786
0.0,0.0,0.0,-0.2363442313261816
0.0,0.0,0.0,-0.1302215759919751
0.0,0.0,0.0,-0.006735025903472497
0.0,0.0,0.0,0.16202438843261785
0.0,0.0,0.0,0.2961368824946256
0.0,0.0,0.0,0.1985332295511781
0.0,0.0,0.0,0.24140944204660947
0.0,0.0,0.0,0.3241521565730057
0.0,0.0,0.0,0.3818664751021633
0.0,0.0,0.0,0.4444221500713632
0.0,0.0,0.0,0.5099895309528039
0.0,0.0,0.0,0.5893092303880314
0.0,0.0,0.0,0.6508816955113178
0.0,0.0,0.0,0.7274535759670495
0.0,0.0,0.0,0.791750175416073
0.0,0.0,0.0,0.8697490084587081
0.0,0.0,0.0,0.9474278480438112
0.0,0.0,0.0,1.0257232621886976
0.0,0.0,0.0,1.1025046093337882
0.0,0.042657137,0.0,1.1815307510878696
0.21,0.2677034,0.0,1.2536463143795589
0.61,0.028875051,0.21,1.5025596878624732
1.15,0.0,0.61,1.9087701637154093
1.7399999999999998,0.89589727,1.15,2.438198585613521
2.65,1.4119532,1.7399999999999998,3.0174426343995786
3.51,1.8870212,2.65,3.857468864942132
3.92,2.449672,3.51,4.6531047081025285
5.22,3.660268,3.92,5.067172905591965
7.380000000000001,4.2381425,5.22,6.199294952056719
9.1,5.332451,7.380000000000001,8.02419669279742
11.93,6.751087,9.1,9.535599885372514
11.91,9.237741,11.93,11.981670954211186
11.64,10.089733,11.91,12.043010349208435
11.53,9.737878,11.64,11.835653728390522
12.83,8.987109,11.53,11.625626984747106
12.8,9.485586,12.83,12.59633530780531
16.25,9.65254,12.8,12.573492385211177
12.78,10.714705,16.25,15.366715969736532
14.52,10.21094,12.78,12.546362287015217
16.48,10.307418,14.52,13.918950042881539
13.96,10.682349,16.48,15.39922199189307
17.26,10.410503,13.96,13.329003467222089
19.65,10.594956,17.26,15.968586937310253
25.509999999999998,11.902385,19.65,17.728144146336227
21.21,14.445906,25.509999999999998,23.004566698054973
20.62,14.253447,21.21,19.60503162596614
26.75,13.545528,20.62,18.782345832065033
24.11,14.952051,26.75,23.963563083997208
22.42,16.360981,24.11,22.988751977657152
23.36,16.191805,22.42,21.372028471779757
23.43,14.01186,23.36,20.671426917280865
23.15,14.193495,23.43,20.977089844345787
23.18,14.873104,23.15,21.29077052590327
22.02,14.648226,23.18,20.834168807668252
24.96,14.100909,22.02,19.606140497412834
22.5,14.549622,24.96,22.003751484070776
26.97,12.332071,22.5,19.281119441867943
28.309999999999995,14.305419,26.97,23.55754576749625
21.05,15.346828,28.309999999999995,24.810045614776122
16.88,13.5449915,21.05,18.88229378450268
21.59,10.105973,16.88,14.783065052637257
20.93,8.854657,21.59,17.77399069204374
13.669999999999998,7.9744806,20.93,17.07337773171177
7.42,6.9854946,13.669999999999998,11.723031861184557
5.09,2.4467502,7.42,5.490890566177875
4.44,0.32804865,5.09,3.282334509580964
2.63,0.0,4.44,2.6963121495476026
3.0,0.0,2.63,1.0730844691548447
2.26,0.0,3.0,1.4475506444931256
0.58,0.0,2.26,0.8752849350719614
0.0,0.0,0.58,-0.38919325965758034
0.0,0.0,0.0,-0.6857875056163296
0.0,0.0,0.0,-0.6563995901449241
0.0,0.0,0.0,-0.707802904168104
0.0,0.0,0.0,-0.6903711633228088
0.0,0.0,0.0,-0.4920088493051471
0.0,0.0,0.0,-0.327840069992405
0.0,0.0,0.0,-0.2640892497111708
0.0,0.0,0.0,-0.2565511512308466
0.0,0.0,0.0,-0.18534328858904497
0.0,0.0,0.0,-0.20873077014678076
0.0,0.0,0.0,-0.16002415794949265
0.0,0.0,0.0,-0.08183114263851689
0.0,0.0,0.0,-0.05651822516755181
0.0,0.0,0.0,-0.06510529962953891
0.0,0.0,0.0,-0.018877789062314923
0.0,0.0,0.0,0.01351299860717619
0.0,0.0,0.0,-0.17550926406882453
0.0,0.0,0.0,-0.19264489634622448
0.0,0.0,0.0,-0.1977984789848699
0.0,0.0,0.0,-0.20513037162290698
0.0,0.0,0.0,-0.16705324773469388
0.0,0.0,0.0,-0.15328770234478914
0.0,0.0,0.0,-0.14536089934687052
0.0,0.0,0.0,-0.13682367914673588
0.0,0.0,0.0,-0.08784002699494253
0.0,0.0,0.0,-0.0644034977866751
0.0,0.0,0.0,-0.034429672886192655
0.0,0.0,0.0,-0.004825746381279319
0.0,0.0,0.0,0.06138065630998078
0.0,0.0,0.0,0.10474249799921863
0.0,0.0,0.0,0.15282717050138228
0.0,0.0,0.0,0.2076449633448321
0.0,0.0,0.0,0.28025600063008305
0.0,0.0,0.0,0.3397929974826238
0.0,0.0,0.0,0.4015727047391705
0.0,0.0,0.0,0.46637189538753576
0.0,0.0,0.0,0.5471134752428743
0.0,0.0,0.0,0.6212773141550292
0.0,0.0,0.0,0.692397382501258
0.0,0.0,0.0,0.7647108491062956
0.0,0.0,0.0,0.8457302212822778
0.0,0.0,0.0,0.9045856233461521
0.0,0.085452154,0.0,0.9819819236545079
0.0,0.35394463,0.0,1.0775991736791575
0.0,0.98758674,0.0,1.1515362862811245
0.11,0.8414887,0.0,1.2211155698914686
0.19,0.4514716,0.11,1.3951850261411884
0.48,0.19512172,0.19,1.5067954284392866
1.0,1.0172467,0.48,1.8120389022397976
1.7000000000000002,1.3142362,1.0,2.3171745582721828
3.2199999999999998,1.5891161,1.7000000000000002,2.974086080687862
3.55,2.2125106,3.2199999999999998,4.327431915986629
3.6699999999999995,3.5263739,3.55,4.695752719052183
4.39,3.7305362,3.6699999999999995,4.902448732643343
5.04,3.706648,4.39,5.528259659952919
5.25,3.8709939,5.04,6.09976452618494
6.480000000000001,4.574717,5.25,6.315010465815615
10.61,5.1818137,6.480000000000001,7.360466821031738
20.35,6.9965854,10.61,10.843575335203534
29.94,12.005075,20.35,19.161371833114366
31.679999999999996,18.230465,29.94,27.609805134586075
31.19,23.462667,31.679999999999996,30.53835645454407
30.510000000000005,23.124874,31.19,29.39530190657811
28.29,23.016666,30.510000000000005,28.632832303821985
22.86,23.461168,28.29,27.472840309551405
28.99,20.538525,22.86,22.168656095690654
30.099999999999998,19.102964,28.99,25.831435460544217
24.26,19.221218,30.099999999999998,26.766869896017287
19.93,21.194944,24.26,23.630362599376497
19.03,17.10557,19.93,18.62860752296285
23.03,16.37392,19.03,18.274239895981527
38.96,16.839603,23.03,21.58164995818734
25.900000000000002,21.716457,38.96,34.69887699097765
13.77,20.17706,25.900000000000002,24.384146878075853
17.06,13.199382,13.77,12.3930367953348
26.74,10.975738,17.06,14.291749931598707
15.620000000000001,15.68875,26.74,24.015997099189224
17.95,13.341303,15.620000000000001,15.355312512672924
34.54,11.019137,17.95,14.918037652412524
18.35,17.68866,34.54,30.208566663977987
28.73,14.133477,18.35,17.605002469833707
30.210000000000004,15.786043,28.73,25.948864256449824
19.03,16.385397,30.210000000000004,26.418337613356634
22.3,14.310773,19.03,17.510011662594195
24.08,12.894431,22.3,19.461203975041773
22.05,12.292707,24.08,20.33917170280216
8.97,11.096008,22.05,19.42148603996211
13.43,6.1665087,8.97,7.727586968451272
8.77,4.8723774,13.43,10.59669243161901
7.57,3.3686345,8.77,7.193634674473071
8.57,1.2985518,7.57,5.710425559304455
5.2,1.9435436,8.57,6.368466881435958
3.08,0.0,5.2,3.8063850997076374
1.53,0.0,3.08,1.9796075121145424
0.69,0.0,1.53,0.2965106335922507
0.16,0.0,0.69,-0.1252276199280783
0.0,0.0,0.16,-0.5076542056796862
0.0,0.0,0.0,-0.7862622000088797
0.0,0.0,0.0,-0.7435781561173804
0.0,0.0,0.0,-0.4384426849080879
0.0,0.0,0.0,-0.40055607296844603
0.0,0.0,0.0,-0.35401394212022586
0.0,0.0,0.0,-0.31967025031660984
0.0,0.0,0.0,-0.23117057592522833
0.0,0.0,0.0,-0.20122200308631577
0.0,0.0,0.0,-0.08510490228340745
0.0,0.0,0.0,-0.013991633190182061
0.0,0.0,0.0,-0.03489583635107839
0.0,0.0,0.0,0.044324713785952145
0.0,0.0,0.0,0.08442654829363944
0.0,0.0,0.0,0.09998139649315188
0.0,0.0,0.0,0.0475892377992268
0.0,0.0,0.0,0.15481731166299018
0.0,0.0,0.0,0.15722563820129953
0.0,0.0,0.0,0.1685438024704961
0.0,0.0,0.0,0.1896328513668312
0.0,0.0,0.0,0.235366896633887
0.0,0.0,0.0,0.2289779820079746
0.0,0.0,0.0,0.23726126581263135
0.0,0.0,0.0,0.24428601235371092
0.0,0.0,0.0,0.29755635706762706
0.0,0.0,0.0,0.32351966302541224
0.0,0.0,0.0,0.3519361535891677
0.0,0.0,0.0,0.3746873457070549
0.0,0.0,0.0,0.4440240565541698
0.0,0.0,0.0,0.4859468990994695
0.0,0.0,0.0,0.5385550267256326
0.0,0.0,0.0,0.5937528037081425
0.0,0.0,0.0,0.6091611015433972
0.0,0.0,0.0,0.7119562511991084
0.0,0.0,0.0,0.7532243246935927
0.0,0.0,0.0,0.7611695133181245
0.0,0.0,0.0,0.8503333082047133
0.0,0.0,0.0,0.9085510638072225
0.0,0.0,0.0,1.0174483600996043
0.0,0.0,0.0,1.0682586347917915
0.0,0.0,0.0,1.1556282230392234
0.0,0.0,0.0,1.230699075726415
0.0,0.0,0.0,1.3152263092073124
0.0,0.0,0.0,1.392547298225127
0.12,0.54255307,0.0,1.459990175614877
0.69,0.6865404,0.12,1.6438106355190412
1.59,1.0206679,0.69,2.0008631599778117
3.94,1.5676032,1.59,2.6830142564350976
4.48,3.8655326,3.94,4.572241118730615
7.41,5.2580953,4.48,5.238872740787407
10.46,6.904125,7.41,7.771066430418307
13.600000000000001,8.852112,10.46,10.401474371023413
16.55,12.064981,13.600000000000001,13.30018901935821
18.43,14.645603,16.55,16.00403378858911
17.36,16.527084,18.43,17.823447619159552
19.79,16.813591,17.36,17.23252429714336
28.07,18.246159,19.79,19.169987222733674
28.89,21.481237,28.07,26.141834440031573
31.22,23.46285,28.89,27.234927806569093
32.03,25.046581,31.22,29.315218269368167
34.34,26.240068,32.03,29.953276955354603
36.51,27.057405,34.34,32.182903722571965
35.29,27.88825,36.51,34.13930368031818
38.04,28.155655,35.29,32.90104890730219
39.35,29.304537,38.04,35.10862812993921
40.19,29.95004,39.35,35.98438954328148
40.71,30.540901,40.19,36.71718768739301
41.04,30.69526,40.71,37.034383031492226
41.7,30.954844,41.04,37.12749949584886
42.09,31.324986,41.7,37.44641218691551
42.47,31.259668,42.09,37.62969141994562
42.35,31.153831,42.47,37.54040305534654
37.09,30.920315,42.35,37.50129390967899
35.27,29.008488,37.09,32.93932234872765
37.95,27.422678,35.27,31.137294938176684
36.29,26.94289,37.95,33.0861520202294
31.46,25.66511,36.29,31.59888950178018
36.56,23.619839,31.46,27.5874783998848
35.6,23.854372,36.56,31.52497577760338
35.02,22.976511,35.6,30.674942583145203
35.0,21.910206,35.02,30.193966988022236
27.51,20.594141,35.0,29.809417211095667
28.95,17.37856,27.51,23.395035766090032
28.139999999999997,16.046711,28.95,24.280646414207474
21.85,14.304574,28.139999999999997,23.184233288884926
19.61,11.691804,21.85,18.070576277263207
19.69,9.520327,19.61,15.95099529662799
16.73,8.555259,19.69,15.646942479802185
14.029999999999998,6.19639,16.73,13.30865904250781
11.06,4.351574,14.029999999999998,10.98983710967535
8.03,2.8148248,11.06,8.227058106862051
5.29,1.0049278,8.03,5.683625389263586
3.02,0.0,5.29,3.350807518599991
1.42,0.0,3.02,1.3257344022818112
0.54,0.0,1.42,0.12909476916457274
0.09,0.0,0.54,-0.5601120670493648
0.0,0.0,0.09,-0.8143118423717739
0.0,0.0,0.0,-0.7056514158083955
0.0,0.0,0.0,-0.5715840207180096
0.0,0.0,0.0,-0.46514444339654726
0.0,0.0,0.0,-0.30601199438148735
0.0,0.0,0.0,-0.21683895968312092
0.0,0.0,0.0,-0.08382432644642654
0.0,0.0,0.0,0.024610964641012638
0.0,0.0,0.0,0.14472114829090169
0.0,0.0,0.0,0.24098625428996578
0.0,0.0,0.0,0.267782280358197
0.0,0.0,0.0,0.3311449729822488
0.0,0.0,0.0,0.40433019608193677
0.0,0.0,0.0,0.3940702849790045
0.0,0.0,0.0,0.4082649417120216
0.0,0.0,0.0,0.4447540365783077
0.0,0.0,0.0,0.1591201761482655
0.0,0.0,0.0,0.1777654928059846
0.0,0.0,0.0,0.17488891733002196
0.0,0.0,0.0,0.16708668442536895
0.0,0.0,0.0,0.20088351132107693
0.0,0.0,0.0,0.21221336830131096
0.0,0.0,0.0,0.20041283123809553
0.0,0.0,0.0,0.21685020903047508
0.0,0.0,0.0,0.26429272432727
0.0,0.0,0.0,0.2983774653888837
0.0,0.0,0.0,0.3192916941890691
0.0,0.0,0.0,0.35550346723587856
0.0,0.0,0.0,0.42053654258435924
0.0,0.0,0.0,0.4613028512087728
0.0,0.0,0.0,0.5074420475534525
0.0,0.0,0.0,0.5533140320249597
0.0,0.0,0.0,0.6193339864835109
0.0,0.0,0.0,0.6792546673427158
0.0,0.0,0.0,0.729763426857483
0.0,0.0,0.0,0.7810890105422205
0.0,0.0,0.0,0.870367062999196
0.0,0.0,0.0,0.9440033478075878
0.0,0.0,0.0,1.0126715205747008
0.0,0.0,0.0,1.0750263395358142
0.0,0.0,0.0,1.1550120014696785
0.0,0.30792445,0.0,1.223989419198094
0.0,0.73740625,0.0,1.299043730053541
0.0,0.88271797,0.0,1.3811496219227246
0.1,1.9338151,0.0,1.4525127471799875
0.76,2.438661,0.1,1.5688564128203963
1.25,2.806508,0.76,2.1059366292958237
2.66,2.8689303,1.25,2.6102692002960484
4.8,3.936882,2.66,3.960381487972617
7.85,5.854712,4.8,5.640842683286003
11.08,7.95234,7.85,8.383566064279336
14.27,10.322377,11.08,11.259001390691653
17.36,13.5378475,14.27,14.196784822355765
20.24,16.135017,17.36,17.046957562608622
22.91,18.20397,20.24,19.742151501279043
25.44,19.985968,22.91,22.24722513932052
27.87,22.12936,25.44,24.53420163509611
30.099999999999998,23.880245,27.87,26.70307734681475
32.0,25.599623,30.099999999999998,28.595648803058786
33.68,27.15754,32.0,30.213038681470962
34.96,28.877874,33.68,31.62848121486811
36.29,29.996998,34.96,32.815488162413885
37.45,30.864641,36.29,34.02252501461537
38.51,31.704521,37.45,34.870261241377406
39.44,32.384766,38.51,35.56266274099331
40.18,32.579315,39.44,36.17136024289488
40.93,32.7313,40.18,36.621551868258074
41.46,32.784428,40.93,37.077016131200125
41.81,32.643757,41.46,37.325888561803346
41.89,32.431656,41.81,37.43449060698589
41.63,32.07341,41.89,37.35842403403085
40.68,31.346945,41.63,36.719639393439316
40.51,30.140656,40.68,35.87634717403121
35.78,29.059044,40.51,35.5254069010335
34.73,25.606207,35.78,30.997831184759384
33.14,22.946093,34.73,29.740619703705228
31.42,20.942324,33.14,27.987019182003525
29.160000000000004,19.390274,31.42,26.27459108429405
26.97,17.286366,29.160000000000004,24.139252038522084
24.3,14.864951,26.97,22.02715499717216
21.88,12.779367,24.3,19.671670669562968
18.9,11.027312,21.88,17.462259444232597
16.13,9.093692,18.9,14.78349084528594
13.18,6.7111626,16.13,12.333788693835213
10.43,4.933768,13.18,9.755907384831398
7.519999999999999,3.2719564,10.43,7.359415204810199
4.95,1.5723106,7.519999999999999,4.970585910324498
3.03,0.0,4.95,2.814128465086063
1.53,0.0,3.03,1.2150593198105797
0.64,0.0,1.53,0.014729827682022356
0.06,0.0,0.64,-0.6137943609051788
0.0,0.0,0.06,-0.9401267206495957
0.0,0.0,0.0,-0.849002951746948
0.0,0.0,0.0,-0.6869735993984476
0.0,0.0,0.0,-0.5290937865305305
0.0,0.0,0.0,-0.3489470434350016
0.0,0.0,0.0,-0.21806698524680923
0.0,0.0,0.0,-0.09964337668745757
0.0,0.0,0.0,-0.030263803891486876
0.0,0.0,0.0,0.09658914040266922
0.0,0.0,0.0,0.17858625447320972
0.0,0.0,0.0,0.24139159438400365
0.0,0.0,0.0,0.2766992013919941
0.0,0.0,0.0,0.34693732357907564
0.0,0.0,0.0,0.3641464131928063
0.0,0.0,0.0,0.3887038297345685
0.0,0.0,0.0,0.41439503010514794
0.0,0.0,0.0,-0.13048516290602752
0.0,0.0,0.0,-0.14644231072231118
0.0,0.0,0.0,-0.14189874690005466
0.0,0.0,0.0,-0.1218433513768314
0.0,0.0,0.0,-0.08227721310215472
0.0,0.0,0.0,-0.08767488028468863
0.0,0.0,0.0,-0.07760578796441736
0.0,0.0,0.0,-0.06302687609479295
0.0,0.0,0.0,-0.021909276508572974
0.0,0.0,0.0,0.013702264340816409
0.0,0.0,0.0,0.036802224781977595
0.0,0.0,0.0,0.06746059123828568
0.0,0.0,0.0,0.1320885297006344
0.0,0.0,0.0,0.16730195891334898
0.0,0.0,0.0,0.22226417289519154
0.0,0.0,0.0,0.2774408200867839
0.0,0.0,0.0,0.3517563545542125
0.0,0.0,0.0,0.4125757693045434
0.0,0.0,0.0,0.4769544784428967
0.0,0.0,0.0,0.5081140884770026
0.0,0.0,0.0,0.6133045036902265
0.0,0.0,0.0,0.6735979036516446
0.0,0.0,0.0,0.7314045567813756
0.0,0.0,0.0,0.7951942401724585
0.0,0.0,0.0,0.8972951464166983
0.0,0.0,0.0,0.9741846073134093
0.0,0.0,0.0,1.060644375524279
0.0,0.0,0.0,1.108554307001146
0.08,0.4064373,0.0,1.201939379874229
0.45000000000000007,0.66533715,0.08,1.3183460596343317
1.03,0.85350984,0.45000000000000007,1.675315469965476
2.43,1.2066532,1.03,2.1853325249539406
4.67,2.9408295,2.43,3.413885279315265
7.690000000000001,4.732921,4.67,5.467583688314915
10.86,6.857516,7.690000000000001,8.28222650094091
14.06,9.489923,10.86,11.157153783359636
17.23,12.784563,14.06,14.102288090037195
20.25,15.5014515,17.23,17.006017822041056
23.12,17.741045,20.25,19.795051639613707
25.85,19.988327,23.12,22.425691919176842
28.38,22.545525,25.85,24.817085401512497
30.69,24.451336,28.38,27.03460061371355
32.82,26.067167,30.69,29.000113612789935
34.61,27.593237,32.82,30.77876848560375
36.17,29.219978,34.61,32.2888235443225
37.47,30.308771,36.17,33.53801520688736
0.0,31.095854,37.47,34.56832795830454
0.0,2.0035598,0.0,-1.0376156413601123
0.0,0.0,0.0,-2.1028947920535335
0.0,0.0,0.0,-3.0957294153590276
0.0,0.0,0.0,-2.818720712977292
0.0,0.0,0.0,-2.576450306383523
0.0,0.0,0.0,-2.614185984466613
0.0,0.0,0.0,-1.694867745977939
0.0,0.0,0.0,-1.6831917342077376
0.0,0.0,0.0,-1.6998464883837106
0.0,0.0,0.0,-1.634649769611552
0.0,0.0,0.0,-1.601151382597714
0.0,0.0,0.0,-1.5252731301223228
0.0,0.0,0.0,-0.6622018897910941
0.0,0.0,0.0,-0.5219045258986671
0.0,0.0,0.0,-0.40065452650791744
0.0,0.0,0.0,-0.24993795324239065
0.0,0.0,0.0,-0.09549849007040763
0.0,0.0,0.0,0.06452028042887997
0.0,0.0,0.0,0.2301972278741068
0.0,0.0,0.0,0.39399125211021185
0.0,0.0,0.0,0.5923301227554162
0.16,0.0,0.0,0.7650532388100104
0.91,0.0,0.16,1.0690940118969232
1.8900000000000001,0.0,0.91,1.8974395200601926
3.73,0.0,1.8900000000000001,2.6161831092629213
6.05,0.44411993,3.73,4.218745292063825
0.0,2.0504096,6.05,6.338174229128693
0.0,0.0,0.0,0.28475641371723953
0.0,0.0,0.0,0.24398747366759094
0.0,0.0,0.0,0.10570690043410075
0.0,0.0,0.0,0.20813896617225616
0.0,0.0,0.0,0.4231382615232088
0.0,0.0,0.0,0.45087001054917014
0.0,0.0,0.0,0.6644316181426793
0.0,0.0,0.0,0.7400090575767801
0.0,0.0,0.0,0.8035441226681518
0.05,0.0,0.0,0.858994327309106
0.44,0.0,0.05,0.9436226978123661
1.08,0.0,0.44,1.2827264364896396
2.38,0.0,1.08,2.027429430775814
4.54,0.0,2.38,3.206083065130596
7.470000000000001,1.4086943,4.54,5.197275745090531
10.56,3.728325,7.470000000000001,7.870152686741254
13.720000000000002,6.3378296,10.56,10.690771421832707
0.0,10.2177305,13.720000000000002,13.589111715389532
0.0,0.0,0.0,-0.044212337491866815
0.0,0.0,0.0,-0.4367786180133143
0.0,0.0,0.0,-0.8097299959653831
0.0,0.0,0.0,-0.7438241447825986
0.0,0.0,0.0,-0.6559284543500687
0.0,0.0,0.0,-0.6829154253965859
0.0,0.0,0.0,-0.3198323769972752
0.0,0.0,0.0,-0.3017887625264809
0.0,0.0,0.0,-0.17027564619733238
0.0,0.0,0.0,0.09303219949975822
0.03,0.0,0.0,0.5753123810791981
0.08,0.0,0.03,0.6123438181262264
0.15,0.16066092,0.08,0.9730620198936828
0.35,0.0,0.15,1.1232292935676194
0.93,0.0,0.35,1.3428775674026558
1.38,0.0,0.93,1.917564750320867
3.2199999999999998,0.0,1.38,2.3656801012075714
8.87,0.0,3.2199999999999998,3.9649346303653936
12.55,3.2947607,8.87,8.747477606280698
15.7,8.072919,12.55,12.276830904662155
13.07,11.4191885,15.7,15.046046864348957
8.15,10.397163,13.07,12.827125305650528
8.06,7.7345014,8.15,8.564937738980394
9.33,6.05628,8.06,8.194412226901004
10.42,5.7470045,9.33,8.83847583142028
8.27,5.8455315,10.42,9.657879323166958
2.6,4.8878813,8.27,7.852905515491507
2.03,0.76879466,2.6,2.794015898565372
1.77,0.0,2.03,2.13061314816497
1.29,0.0,1.77,1.6481670959872519
1.09,0.0,1.29,1.0955836133550612
0.24,0.0,1.09,0.7849440300552395
0.0,0.0,0.24,-0.012400024626174622
0.0,0.0,0.0,-0.11224149923756907
0.0,0.0,0.0,-0.0706255978935786
0.0,0.0,0.0,-0.13618782911942495
0.0,0.0,0.0,-0.2099122451457946
0.0,0.0,0.0,-0.2935397807188205
0.0,0.0,0.0,-0.2798627779172953
0.0,0.0,0.0,-0.2197964356156854
0.0,0.0,0.0,-0.27124406417341973
0.0,0.0,0.0,-0.31383586377897177
0.0,0.0,0.0,-0.2750055671315227
0.0,0.0,0.0,-0.27341906503351443
0.0,0.0,0.0,-0.2653867294952452
0.0,0.0,0.0,-0.2875738150894966
0.0,0.0,0.0,-0.2848699183881205
0.0,0.0,0.0,-0.29456180448103225
0.0,0.0,0.0,-0.29963340176256714
0.0,0.0,0.0,-0.29940338134790623
0.0,0.0,0.0,-0.2498616658237779
0.0,0.0,0.0,-0.2797464209722045
0.0,0.0,0.0,-0.2896759650284412
0.0,0.0,0.0,-0.28613674600404365
0.0,0.0,0.0,-0.25622809750508524
0.0,0.0,0.0,-0.24935198271460213
0.0,0.0,0.0,-0.23886285079847344
0.0,0.0,0.0,-0.22203688326151405
0.0,0.0,0.0,-0.16885756493112936
0.0,0.0,0.0,-0.14491096280973664
0.0,0.0,0.0,-0.12298038766692457
0.0,0.0,0.0,-0.09468471941096249
0.0,0.0,0.0,-0.04379566849531079
0.0,0.0,0.0,-0.009903302324183391
0.0,0.0,0.0,0.03469938743109625
0.0,0.0,0.0,0.08717908572826294
0.0,0.0,0.0,0.15708924585603104
0.0,0.0,0.0,0.20379375038098949
0.0,0.0,0.0,0.2692098794150506
0.0,0.0,0.0,0.339329406375315
0.0,0.0,0.0,0.41604950534795093
0.0,0.0,0.0,0.49512457836219936
0.0,0.0,0.0,0.5691051633395903
0.0,0.0,0.0,0.6419497231579516
0.0,0.0,0.0,0.7149307838387126
0.0,0.0,0.0,0.7958409027254989
0.0,0.0,0.0,0.8764773758960166
0.0,0.0,0.0,0.957422786011692
0.01,0.30653545,0.0,1.0286630440709674
0.29,0.25655994,0.01,1.1135628791031187
0.57,0.031054718,0.29,1.4122329211948594
0.8199999999999998,0.0,0.57,1.7249354082287547
4.2,0.699244,0.8199999999999998,2.0172892830600095
7.580000000000001,2.7092974,4.2,4.960129984747856
9.99,5.6084075,7.580000000000001,8.018009299669506
15.130000000000003,8.294573,9.99,10.315195466031568
13.61,12.345319,15.130000000000003,14.861758633962536
9.63,13.557333,13.61,13.865447157427502
14.49,12.394576,9.63,10.74220399394164
25.09,10.480183,14.49,13.924588827389151
27.16,15.677449,25.09,23.110778157102384
29.21,20.352646,27.16,25.697121839583346
31.1,22.932863,29.21,27.55922586874997
32.81,23.970901,31.1,29.054980042211053
34.28,24.74308,32.81,30.53152904299682
35.56,25.44108,34.28,31.609343155784096
36.73,26.30302,35.56,32.370972945175524
37.67,26.728647,36.73,33.202623291827514
38.62,27.245014,37.67,33.68296811219933
39.41,27.115816,38.62,34.337402361476045
16.14,26.859272,39.41,34.86600897245449
13.19,13.710946,16.14,13.633188791695439
10.16,7.6473064,13.19,10.209488154041225
7.200000000000001,3.0906427,10.16,6.893276229626366
4.48,0.08323933,7.200000000000001,4.3639181400777
2.31,0.0,4.48,2.022225397947225
0.91,0.0,2.31,0.01703417524841766
0.19,0.0,0.91,-0.7483062033544347
0.0,0.0,0.19,-1.3561681543500848
0.0,0.0,0.0,-1.5032415514739237
0.0,0.0,0.0,-1.4487616586415015
0.0,0.0,0.0,-1.4265205201230386
0.0,0.0,0.0,-1.449067026221936
0.0,0.0,0.0,-0.9110412763165994
0.0,0.0,0.0,-0.7874554102643365
0.0,0.0,0.0,-0.7075314600441855
0.0,0.0,0.0,-0.6377737138369765
0.0,0.0,0.0,-0.5132848265426135
0.0,0.0,0.0,-0.4251618508649746
0.0,0.0,0.0,-0.3488368872184143
0.0,0.0,0.0,-0.2794524957046355
0.0,0.0,0.0,-0.17671266252654583
0.0,0.0,0.0,-0.10397574389063892
0.0,0.0,0.0,-0.022454358360924492
0.0,0.0,0.0,0.06986333630338987
0.0,0.0,0.0,-0.32584873968250005
0.0,0.0,0.0,-0.33844107357161834
0.0,0.0,0.0,-0.3214885191055186
0.0,0.0,0.0,-0.32091853076073423
0.0,0.0,0.0,-0.28587409741604036
0.0,0.0,0.0,-0.2776136243110294
0.0,0.0,0.0,-0.2751818415384799
0.0,0.0,0.0,-0.2622451408511712
0.0,0.0,0.0,-0.2072937346239912
0.0,0.0,0.0,-0.1837352599411375
0.0,0.0,0.0,-0.15207417369384435
0.0,0.0,0.0,-0.12530623679287145
0.0,0.0,0.0,-0.05871242250228316
0.0,0.0,0.0,-0.016768911880295917
0.0,0.0,0.0,0.035846907208256056
0.0,0.0,0.0,0.07082405507818287
0.0,0.0,0.0,0.15266257454888377
0.0,0.0,0.0,0.21528373803852835
0.0,0.0,0.0,0.2771894130929927
0.0,0.0,0.0,0.3056150712842853
0.0,0.0,0.0,0.40706607001724426
0.0,0.0,0.0,0.4571139550907636
0.0,0.0,0.0,0.5346051727229292
0.0,0.0,0.0,0.602905421190384
0.0,0.0,0.0,0.6829032419878253
0.0,0.0,0.0,0.7666534460456447
0.0,0.0,0.0,0.832786813056224
0.0,0.0,0.0,0.9067358691534286
0.02,0.0,0.0,0.9752378224302792
0.3,0.0,0.02,1.0526988098195709
0.95,0.0,0.3,1.3884471008318442
2.3,0.0,0.95,2.034510022896525
4.5,0.6745334,2.3,3.224165978817877
7.380000000000001,2.4707143,4.5,5.1955740926274405
10.53,4.7195888,7.380000000000001,7.78480340802426
13.62,7.2174287,10.53,10.630987175802746
16.65,10.609752,13.62,13.439968343001564
19.59,12.923837,16.65,16.181534933429337
22.3,14.950034,19.59,18.858396815342665
25.03,16.785421,22.3,21.233487665588385
27.48,18.869251,25.03,23.58310822965396
29.69,20.279963,27.48,25.649552362859406
31.75,21.417162,29.69,27.468849049318482
33.51,22.41772,31.75,29.120211475509517
35.0,23.548824,33.51,30.512178811647438
0.0,24.250284,35.0,31.64063135642471
0.0,0.0,0.0,-0.13707132481793893
0.0,0.0,0.0,-1.234575019998807
0.0,0.0,0.0,-2.2532732270212685
0.0,0.0,0.0,-2.0881270790611035
0.0,0.0,0.0,-1.9015340616779077
0.0,0.0,0.0,-2.0315802317575895
0.0,0.0,0.0,-1.2671580764977888
0.0,0.0,0.0,-1.3473370390623796
0.0,0.0,0.0,-1.9562405212743799
0.0,0.0,0.0,-2.0128983407355903
0.0,0.0,0.0,-2.0419512150721797
0.0,0.0,0.0,-2.0699223663837336
0.0,0.0,0.0,-1.2936310326750564
0.0,0.0,0.0,-1.235305982838314
0.0,0.0,0.0,-1.1779025002084977
0.0,0.0,0.0,-1.096348322084371
0.0,0.0,0.0,-0.9706555247897631
0.0,0.0,0.0,-0.869078829574152
0.0,0.0,0.0,-0.7609135070506441
0.0,0.0,0.0,-0.620833815096803
0.0,0.0,0.0,-0.47008855831734764
0.0,0.0,0.0,-0.35145989082460277
0.0,0.0,0.0,-0.22415471652094746
0.0,0.0,0.0,-0.062058079097743885
0.0,0.0,0.0,-0.1324739002481073
0.0,0.0,0.0,-0.0817566674750525
0.0,0.0,0.0,-0.015576513060904483
0.0,0.0,0.0,0.04780430775548714
0.0,0.0,0.0,0.10718100839025475
0.0,0.0,0.0,0.19129838330149523
0.0,0.0,0.0,0.2655405945547428
0.0,0.0,0.0,0.3397859965075233
0.0,0.0,0.0,0.41693548433306815
0.0,0.0,0.0,0.5007023823166975
0.0,0.0,0.0,0.5865080608927671
0.0,0.0,0.0,0.6689976868089254
0.03,0.0,0.0,0.7533019872088992
0.57,0.0,0.03,0.8644877178898471
1.68,0.0,0.57,1.3835177112521166
3.17,0.0,1.68,2.3837051490617838
4.02,0.0,3.17,3.7011915376292586
5.29,1.1260145,4.02,4.5470689482558795
2.32,2.044563,5.29,5.691822870140017
1.9,0.67973727,2.32,2.9798377203355626
1.32,0.0,1.9,2.4490106088203
1.25,0.0,1.32,1.7769243591060926
1.14,0.0,1.25,1.603317606898179
0.01,0.0,1.14,1.4549544513814814
0.0,0.0,0.01,0.3372479744071073
0.0,0.0,0.0,0.30468461583917084
0.0,0.0,0.0,0.2165011093186446
0.0,0.0,0.0,0.15474988687346097
0.0,0.0,0.0,0.038577659967379586
0.0,0.0,0.0,-0.032795840764672686
0.0,0.0,0.0,-0.042638247233352244
0.0,0.0,0.0,-0.03962476118260158
0.0,0.0,0.0,-0.08620448960599651
0.0,0.0,0.0,-0.18196665436459383
0.0,0.0,0.0,-0.17893882882302586
0.0,0.0,0.0,-0.22927232118271496
0.0,0.0,0.0,-0.2496024218218842
0.0,0.0,0.0,-0.3264559084143609
0.0,0.0,0.0,-0.30073422140887085
0.0,0.0,0.0,-0.3304670574616572
0.0,0.0,0.0,-0.33349723727665803
0.0,0.0,0.0,-0.34352834578636815
0.0,0.0,0.0,-0.42914115030597555
0.0,0.0,0.0,-0.4296442648450461
0.0,0.0,0.0,-0.455722787677329
0.0,0.0,0.0,-0.4754290150399486
0.0,0.0,0.0,-0.4468333233304686
0.0,0.0,0.0,-0.4515194374872765
0.0,0.0,0.0,-0.456222671883174
0.0,0.0,0.0,-0.4421729190481817
0.0,0.0,0.0,-0.38717967408211895
0.0,0.0,0.0,-0.36230067297931234
0.0,0.0,0.0,-0.32857597019532
0.0,0.0,0.0,-0.2945503544216209
0.0,0.0,0.0,-0.2380579956120763
0.0,0.0,0.0,-0.20352426114680008
0.0,0.0,0.0,-0.17398902955461926
0.0,0.0,0.0,-0.14721910857336368
0.0,0.0,0.0,-0.06524105023701654
0.0,0.0,0.0,0.006375803985810523
0.0,0.0,0.0,0.0637581503552663
0.0,0.0,0.0,0.12934171755620683
0.0,0.0,0.0,0.20399398165586602
0.0,0.0,0.0,0.26984937558782124
0.0,0.0,0.0,0.32644916146795444
0.0,0.0,0.0,0.40423491164951875
0.0,0.0,0.0,0.48500104720334836
0.0,0.0,0.0,0.5617758801695547
0.0,0.0,0.0,0.6309940088240974
0.0,0.0,0.0,0.7059858016601419
0.0,0.0,0.0,0.781770473017076
0.04,0.0,0.0,0.8618199580688064
0.42,0.0,0.04,0.9748416054156668
1.56,0.0,0.42,1.3555880619711778
4.11,0.0,1.56,2.373082319680142
6.849999999999999,1.2729969,4.11,4.5833135500743465
10.15,3.9197466,6.849999999999999,7.009194694515522
13.34,6.6338987,10.15,9.90851286454299
16.42,10.043614,13.34,12.737971501699679
19.48,12.605476,16.42,15.489600339526882
22.28,14.906582,19.48,18.140617819486497
22.45,16.601204,22.28,20.533521939316874
19.95,15.230116,22.45,18.461335172160066
17.31,12.937628,19.95,16.168436309384116
14.59,10.85142,17.31,13.710345632817212
11.66,7.6770635,14.59,13.588854658518335
8.69,5.5648313,11.66,10.712936099797416
6.01,4.01902,8.69,7.775318515318974
3.73,2.6073904,6.01,5.160869189692308
2.07,0.425096,3.73,3.001542616784625
0.9199999999999999,0.0,2.07,1.3761835045533992
0.15,0.0,0.9199999999999999,0.2305857292071556
0.0,0.0,0.15,-0.5239738211914522
0.0,0.0,0.0,-0.7036462457753377
0.0,0.0,0.0,-0.7164398962833111
0.0,0.0,0.0,-0.6909330568361454
0.0,0.0,0.0,-0.6627258783756043
0.0,0.0,0.0,-0.6156500979443078
0.0,0.0,0.0,-0.5931552129628801
0.0,0.0,0.0,-0.5703694174243518
0.0,0.0,0.0,-0.550187886478748
0.0,0.0,0.0,-0.4912471123542664
0.0,0.0,0.0,-0.4616050848031284
0.0,0.0,0.0,-0.4338279795426673
0.0,0.0,0.0,-0.4014945726287158
0.0,0.0,0.0,-0.328129988426043
0.0,0.0,0.0,-0.30242905920452623
0.0,0.0,0.0,-0.29296780406310624
0.0,0.0,0.0,-0.2837133509594747
0.0,0.0,0.0,-0.35783112198151323
0.0,0.0,0.0,-0.3561263220873117
0.0,0.0,0.0,-0.3588991108756431
0.0,0.0,0.0,-0.35736125175172484
0.0,0.0,0.0,-0.3214317274644961
0.0,0.0,0.0,-0.3228971763857842
0.0,0.0,0.0,-0.31273897780684856
0.0,0.0,0.0,-0.3026091634270308
0.0,0.0,0.0,-0.25164507107886225
0.0,0.0,0.0,-0.22404457642119582
0.0,0.0,0.0,-0.1899358446463762
0.0,0.0,0.0,-0.16122292502874225
0.0,0.0,0.0,-0.09955327286860528
0.0,0.0,0.0,-0.047651607430357
0.0,0.0,0.0,-0.004230324611537509
0.0,0.0,0.0,0.048371837536355725
0.0,0.0,0.0,0.1237208795137279
0.0,0.0,0.0,0.18117264287929227
0.0,0.0,0.0,0.2381496086348186
0.0,0.0,0.0,0.2975135256540518
0.0,0.0,0.0,0.380318016097239
0.0,0.0,0.0,0.45407625292785814
0.0,0.0,0.0,0.5235081302229515
0.0,0.0,0.0,0.5928458809821324
0.0,0.0,0.0,0.67035405890804
0.0,0.0,0.0,0.7523021650551865
0.0,0.0,0.0,0.826714321184017
0.0,0.0,0.0,0.9116766720593333
0.0,0.0,0.0,0.9795327407884804
0.27,0.0,0.0,1.0589113799901617
0.98,0.0,0.27,1.3605381021417038
2.25,0.0,0.98,2.0008963882638335
4.28,1.6105347,2.25,2.7458267181330163
6.92,3.579026,4.28,4.3803564281648155
10.02,5.689886,6.92,6.688751765181963
13.019999999999998,8.114499,10.02,9.413785214235858
16.13,11.644875,13.019999999999998,12.008244384570174
19.11,14.502589,16.13,14.723438119050922
22.04,16.978075,19.11,17.3099945662291
24.73,19.23495,22.04,19.830250226160345
27.36,21.702707,24.73,22.149771780282045
29.710000000000004,23.668201,27.36,24.28990726305078
31.900000000000002,25.287905,29.710000000000004,26.12779818160258
33.84,26.793089,31.900000000000002,27.640859627064017
35.49,28.419346,33.84,28.819532469655872
36.98,29.53824,35.49,30.075959378899086
17.74,30.389223,36.98,31.204951627361332
14.92,17.752775,17.74,13.535034962715242
12.03,10.26437,14.92,13.224974589731463
9.12,6.245495,12.03,9.897448483954985
6.35,2.8438966,9.12,7.1477496108305
3.8599999999999994,0.9146949,6.35,4.558274614668045
1.95,0.0,3.8599999999999994,2.1186838309626865
0.75,0.0,1.95,0.688713087625159
0.04,0.0,0.75,-0.5010360755894228
0.0,0.0,0.04,-1.2136033815346357
0.0,0.0,0.0,-1.2788030934219166
0.0,0.0,0.0,-1.2910667437763763
0.0,0.0,0.0,-1.2901118405126324
0.0,0.0,0.0,-0.8857423308425532
0.0,0.0,0.0,-0.7780880479935366
0.0,0.0,0.0,-0.7061575680439389
0.0,0.0,0.0,-0.6479068730351037
0.0,0.0,0.0,-0.5807095326836413
0.0,0.0,0.0,-0.4722999893483612
0.0,0.0,0.0,-0.3972116770532417
0.0,0.0,0.0,-0.33202077897680726
0.0,0.0,0.0,-0.25983313672196356
0.0,0.0,0.0,-0.17371146402820822
0.0,0.0,0.0,-0.09314067873489908
0.0,0.0,0.0,-0.037318181599119496
0.0,0.0,0.0,-0.08198719617986891
0.0,0.0,0.0,-0.22467428812534967
0.0,0.0,0.0,-0.2195987147476014
0.0,0.0,0.0,-0.21131184086399454
0.0,0.0,0.0,-0.21132714456884027
0.0,0.0,0.0,-0.1790534936992671
0.0,0.0,0.0,-0.17622920381552137
0.0,0.0,0.0,-0.16855836718187822
0.0,0.0,0.0,-0.15846511262891416
0.0,0.0,0.0,-0.10623139985291297
0.0,0.0,0.0,-0.07515360580378216
0.0,0.0,0.0,-0.04803265034328853
0.0,0.0,0.0,-0.013868276623337124
0.0,0.0,0.0,0.04145456084902032
0.0,0.0,0.0,0.06332504016260729
0.0,0.0,0.0,0.1094845529516714
0.0,0.0,0.0,0.15276094719122063
0.0,0.0,0.0,0.24827640271615284
0.0,0.0,0.0,0.31699027196161433
0.0,0.0,0.0,0.3731990767938658
0.0,0.0,0.0,0.43694283903572534
0.0,0.0,0.0,0.5136748122593189
0.0,0.0,0.0,0.5841800296932036
0.0,0.0,0.0,0.6545354379971706
0.0,0.0,0.0,0.7256921396255386
0.0,0.0,0.0,0.8069686483285676
0.0,0.0,0.0,0.8787937995501321
0.0,0.0,0.0,0.9529612121357858
0.0,0.0,0.0,1.0203994779440346
0.0,0.0,0.0,1.1004456249076162
0.12,0.0,0.0,1.1758014400063823
0.95,0.0,0.12,1.347512694840438
2.27,0.08682455,0.95,2.106154163493703
4.25,2.1955657,2.27,2.7419625446822717
6.860000000000001,4.3004184,4.25,4.07832400173784
9.82,6.362322,6.860000000000001,6.5063534250492285
12.83,8.786809,9.82,9.01433574960687
15.909999999999998,12.246593,12.83,11.51865132467434
18.86,14.827779,15.909999999999998,14.19363876461266
21.7,17.0861,18.86,16.81737103263103
24.5,19.342539,21.7,19.277159715126054
27.060000000000002,21.913332,24.5,21.596795145036957
29.42,23.869406,27.060000000000002,23.72339008068172
31.3,25.52122,29.42,25.54012035539618
28.37,27.090708,31.3,26.885191536981125
38.61,27.335505,28.37,24.360347515995507
24.5,27.997053,38.61,32.6861961812008
27.99,20.779303,24.5,22.078491157324454
30.81,21.323425,27.99,23.871566481035657
28.95,20.429867,30.81,24.645690183037182
27.279999999999998,19.329828,28.95,23.117789831639378
14.95,17.848715,27.279999999999998,21.626613363470927
15.76,12.51696,14.95,10.844693043894992
21.56,7.5820403,15.76,12.693688131161252
19.65,9.884328,21.56,15.826400583192912
16.14,9.110456,19.65,14.620586726078223
6.87,6.7803087,16.14,13.319714517970343
8.63,2.276527,6.87,4.957978528937379
5.4,0.86181533,8.63,6.057824648199828
2.11,0.0,5.4,3.6034978308458756
1.3,0.0,2.11,0.638924171729377
0.32,0.0,1.3,-0.32303955909830373
0.0,0.0,0.32,-1.098461482940237
0.0,0.0,0.0,-1.1174728474776143
0.0,0.0,0.0,-0.8810176944531515
0.0,0.0,0.0,-0.8076852673911533
0.0,0.0,0.0,-0.8002890405605103
0.0,0.0,0.0,-0.7226146299779093
0.0,0.0,0.0,-0.568763707507848
0.0,0.0,0.0,-0.36847774430093727
0.0,0.0,0.0,-0.3322199335378646
0.0,0.0,0.0,-0.3229748599862803
0.0,0.0,0.0,-0.19197692202591946
0.0,0.0,0.0,-0.13596410759218192
0.0,0.0,0.0,-0.09886986895596903
0.0,0.0,0.0,-0.06383879905579003
0.0,0.0,0.0,-0.09087194991279114
0.0,0.0,0.0,-0.09160369484099706
0.0,0.0,0.0,-0.04076254141507779
0.0,0.0,0.0,-0.025455687664151933
0.0,0.0,0.0,-0.25923762480849244
0.0,0.0,0.0,-0.29641087879166694
0.0,0.0,0.0,-0.2692383163164551
0.0,0.0,0.0,-0.26475020951045003
0.0,0.0,0.0,-0.23398738846149778
0.0,0.0,0.0,-0.22610346837625728
0.0,0.0,0.0,-0.21790407176087018
0.0,0.0,0.0,-0.20220998477359398
0.0,0.0,0.0,-0.14696719102612854
0.0,0.0,0.0,-0.11989419697465489
0.0,0.0,0.0,-0.09409440324955609
0.0,0.0,0.0,-0.05708564812594713
0.0,0.0,0.0,-0.000614668664591228
0.0,0.0,0.0,0.04131568948888484
0.0,0.0,0.0,0.08305754291950476
0.0,0.0,0.0,0.12890402143481033
0.0,0.0,0.0,0.20944706311753283
0.0,0.0,0.0,0.26612661502766427
0.0,0.0,0.0,0.33142445499813494
0.0,0.0,0.0,0.3916868346619119
0.0,0.0,0.0,0.47918720978374874
0.0,0.0,0.0,0.5441433296917829
0.0,0.0,0.0,0.6260562861904119
0.0,0.0,0.0,0.6900815773321498
0.0,0.0,0.0,0.7818857972914997
0.0,0.0,0.0,0.8577620082687963
0.0,0.0,0.0,0.9377864870421033
0.0,0.0,0.0,1.018731681058409
0.0,0.0,0.0,1.1012508589163679
0.17,0.0,0.0,1.1771340819826965
0.53,0.0,0.17,1.3838489874728699
1.23,0.0,0.53,1.7509358467773424
3.01,0.47538126,1.23,2.4280210704909972
2.04,1.8650432,3.01,3.7632705835097355
5.37,2.234827,2.04,3.0728359630780253
11.39,2.841135,5.37,6.176242758449983
7.46,7.123878,11.39,11.186938606402594
6.67,8.202371,7.46,8.296501946031714
9.08,7.5080423,6.67,7.607075876262567
10.1,7.568404,9.08,9.365947973982056
10.43,8.434409,10.1,10.27944890893379
4.62,8.549942,10.43,10.636048560558498
9.08,5.559573,4.62,5.766050081448121
11.01,5.510202,9.08,9.355231391070445
12.97,8.148861,11.01,10.900218121260934
27.22,9.268766,12.97,12.715632746559416
21.05,14.145052,27.22,24.51535212095831
24.42,15.7468405,21.05,19.72529988946124
27.200000000000003,17.59857,24.42,22.519414127119575
23.86,18.903908,27.200000000000003,24.352902213531046
24.88,17.907627,23.86,21.629395315685063
23.25,17.631847,24.88,22.098314512779925
23.48,16.777786,23.25,20.349700540333547
25.540000000000003,15.5075445,23.48,20.751968634221424
19.83,16.906591,25.540000000000003,22.16487473081324
14.71,17.201584,19.83,16.364100841985373
14.52,10.780988,14.71,13.104136756409169
15.58,8.858532,14.52,12.5542607128319
20.26,9.601974,15.58,12.97843268889779
20.07,10.575729,20.26,17.195029110547882
30.19,11.687983,20.07,17.14276151843981
23.69,13.564019,30.19,25.31901193764135
21.08,14.159933,23.69,18.355295852844034
18.63,12.9066105,21.08,16.08829863925994
15.54,10.324987,18.63,13.633388548780989
12.47,6.2196302,15.54,13.261931429309037
9.39,3.808407,12.47,10.35085840540667
6.3,2.2606437,9.39,7.339389881338243
3.6900000000000004,0.39439252,6.3,4.721315001362358
1.67,0.0,3.6900000000000004,2.379882517584436
0.52,0.0,1.67,0.6149856386548164
0.03,0.0,0.52,-0.5652297972913543
0.0,0.0,0.03,-0.9474152442495026
0.0,0.0,0.0,-1.0889825066018863
0.0,0.0,0.0,-0.8985928760179975
0.0,0.0,0.0,-0.7711030878179003
0.0,0.0,0.0,-0.684647058650379
0.0,0.0,0.0,-0.5602890450090312
0.0,0.0,0.0,-0.4668141346298844
0.0,0.0,0.0,-0.4266669675571273
0.0,0.0,0.0,-0.3954913984251407
0.0,0.0,0.0,-0.3227313377892095
0.0,0.0,0.0,-0.2892538510890299
0.0,0.0,0.0,-0.242482936122081
0.0,0.0,0.0,-0.2181367541866885
0.0,0.0,0.0,-0.09088636449141665
0.0,0.0,0.0,-0.08821528078797533
0.0,0.0,0.0,-0.07107351324737825
0.0,0.0,0.0,-0.05882651544033765
0.0,0.0,0.0,-0.5303980584664695
0.0,0.0,0.0,-0.5251441085048516
0.0,0.0,0.0,-0.5228427967773355
0.0,0.0,0.0,-0.5231997371906046
0.0,0.0,0.0,-0.4879016319500943
0.0,0.0,0.0,-0.4876108829292066
0.0,0.0,0.0,-0.4799641980102718
0.0,0.0,0.0,-0.4720722405184057
0.0,0.0,0.0,-0.41772353322416456
0.0,0.0,0.0,-0.38531286754676963
0.0,0.0,0.0,-0.3554790092592651
0.0,0.0,0.0,-0.3209390582851891
0.0,0.0,0.0,-0.2509528438939767
0.0,0.0,0.0,-0.20642736064269765
0.0,0.0,0.0,-0.15068915429921648
0.0,0.0,0.0,-0.10377952339712879
0.0,0.0,0.0,-0.0231141535759552
0.0,0.0,0.0,0.03524902167840512
0.0,0.0,0.0,0.09131867973118918
0.0,0.0,0.0,0.1697548781030206
0.0,0.0,0.0,0.2533564660781966
0.0,0.0,0.0,0.31764576799812644
0.0,0.0,0.0,0.3894147567390354
0.0,0.0,0.0,0.4621367168993331
0.0,0.0,0.0,0.5453625483934642
0.0,0.0,0.0,0.6139639780292392
0.0,0.0,0.0,0.6908448214150029
0.0,0.0,0.0,0.7733342860601152
0.0,0.0,0.0,0.8506378295096099
0.22,0.0,0.0,0.925109327881855
0.93,0.0,0.22,0.7831117907829067
2.51,0.0,0.93,0.7425852871824348
4.78,1.1006646,2.51,1.6431190205663442
7.71,3.1859539,4.78,3.355778248231566
10.99,5.475425,7.71,5.766449238915975
14.32,8.030867,10.99,8.685890004668169
17.63,11.775486,14.32,11.906991810144438
20.82,15.092916,17.63,14.6759237500588
23.77,17.861418,20.82,17.466939583021244
21.67,20.297918,23.77,19.987480096157896
18.7,17.134163,21.67,17.87143591698575
15.68,13.960407,18.7,15.25647550880455
0.45999999999999996,9.55196,15.68,14.827139061203576
0.02,0.39833182,0.45999999999999996,0.6944572706236052
0.0,0.0,0.02,-0.3144721681131002
0.0,0.0,0.0,-0.9074401822489891
0.0,0.0,0.0,-0.8243124593240815
0.0,0.0,0.0,-0.7652855843440501
0.0,0.0,0.0,-0.803163837508404
0.0,0.0,0.0,-0.5816765485009087
0.0,0.0,0.0,-0.701569721986868
0.0,0.0,0.0,-0.8151374265110222
0.0,0.0,0.0,-0.7925216664859677
0.0,0.0,0.0,-0.7920741118050464
0.0,0.0,0.0,-0.7716237390243124
0.0,0.0,0.0,-0.5046106214500304
0.0,0.0,0.0,-0.4757862948825933
0.0,0.0,0.0,-0.4800658562840985
0.0,0.0,0.0,-0.4732493651318878
0.0,0.0,0.0,-0.44225708742690295
0.0,0.0,0.0,-0.7888308355002264
0.0,0.0,0.0,-0.7253573152645295
0.0,0.0,0.0,-0.6643544569236149
0.0,0.0,0.0,-0.5810797894064558
0.0,0.0,0.0,-0.5056864812302987
0.0,0.0,0.0,-0.45709394169967144
0.0,0.0,0.0,-0.4102850423445603
0.0,0.0,0.0,-0.4670909123941559
0.0,0.0,0.0,-0.4086196945010119
0.0,0.0,0.0,-0.3837051226628134
0.0,0.0,0.0,-0.353487225274475
0.0,0.0,0.0,-0.32295141744939393
0.0,0.0,0.0,-0.2672403144650684
0.0,0.0,0.0,-0.22154592987322433
0.0,0.0,0.0,-0.17593067112586963
0.0,0.0,0.0,-0.12943016773253707
0.0,0.0,0.0,-0.05939390172429032
0.0,0.0,0.0,-0.005819995194122213
0.0,0.0,0.0,0.044573930629549646
0.0,0.0,0.0,0.09540088028889368
0.0,0.0,0.0,0.1728925951999867
0.0,0.0,0.0,0.2459966401825872
0.0,0.0,0.0,0.3217789420726435
0.0,0.0,0.0,0.37636906701644623
0.0,0.0,0.0,0.47822908355693966
0.0,0.0,0.0,0.5597930114223765
0.0,0.0,0.0,0.6368002062643914
0.0,0.0,0.0,0.7144796482003279
0.0,0.0,0.0,0.7942519435498875
0.18,0.0,0.0,0.8626239541221307
0.93,0.0,0.18,0.5256234333749289
2.67,0.0,0.93,0.3659276241238515
5.18,0.03678496,2.67,1.369119775866348
8.35,2.3575516,5.18,3.2736669267156966
0.0,5.111083,8.35,5.872067915871825
0.0,0.0,0.0,0.4896520763421147
0.0,0.0,0.0,0.3182781679158503
0.0,0.0,0.0,0.12479325746889564
0.0,0.0,0.0,0.2291506752792957
0.0,0.0,0.0,0.29121677929382866
0.0,0.0,0.0,0.29843858062385836
0.0,0.0,0.0,0.564242269939102
0.0,0.0,0.0,0.5528795130220272
0.0,0.0,0.0,0.6019881078204287
0.0,0.0,0.0,0.627199607749442
0.0,0.0,0.0,0.6539761548180586
0.0,0.0,0.0,0.6720306212482114
0.0,0.0,0.0,0.9266510397586321
0.0,0.0,0.0,1.0085286550278865
0.04,0.0,0.0,1.0637738538963981
0.22999999999999998,0.0,0.04,1.1643909801065466
0.72,0.0,0.22999999999999998,1.3846973528187265
1.1,0.5644354,0.72,1.8215854286504334
3.61,1.0349181,1.1,2.2912217753190647
7.290000000000001,2.0028417,3.61,4.464684280838167
13.449999999999998,6.089269,7.290000000000001,6.022398871879452
16.08,11.27314,13.449999999999998,11.008849859262407
11.08,14.708117,16.08,13.534981377852295
12.78,12.65854,11.08,11.49401649357217
19.46,12.147967,12.78,12.66252456411533
18.94,14.14273,19.46,18.16899572371306
20.64,17.71179,18.94,16.163134701649305
27.88,18.115404,20.64,19.304008129193782
31.08,20.00851,27.88,25.321302003613084
29.07,20.544767,31.08,26.29500336053209
26.669999999999998,19.247208,29.07,24.780431205079502
23.95,17.424715,26.669999999999998,22.360552334875006
18.5,15.49259,23.95,19.85981288583495
15.479999999999999,12.488644,18.5,14.985467582637135
9.2,8.05944,15.479999999999999,13.76530274934067
6.14,4.114324,9.2,7.8832245875031575
3.46,1.7670028,6.14,4.962481514926681
1.47,0.0,3.46,2.3122540751846277
0.31,0.0,1.47,0.49778153153795524
0.0,0.0,0.31,-0.5770053384472951
0.0,0.0,0.0,-1.0429780008320817
0.0,0.0,0.0,-1.018271195918967
0.0,0.0,0.0,-0.9554344378055093
0.0,0.0,0.0,-0.8820117139742036
0.0,0.0,0.0,-0.8086983868989046
0.0,0.0,0.0,-0.6385889068535162
0.0,0.0,0.0,-0.5747917622735181
0.0,0.0,0.0,-0.513802184219939
0.0,0.0,0.0,-0.4587346445403435
0.0,0.0,0.0,-0.33615805228236795
0.0,0.0,0.0,-0.30223266334508603
0.0,0.0,0.0,-0.26064540480450793
0.0,0.0,0.0,-0.18560424687368465
0.0,0.0,0.0,-0.09140560766386745
0.0,0.0,0.0,-0.05844337353938245
0.0,0.0,0.0,-0.026304832669851556
0.0,0.0,0.0,0.00671347692003145
0.0,0.0,0.0,-0.5360882446305275
0.0,0.0,0.0,-0.5201991118967957
0.0,0.0,0.0,-0.5417262687299622
0.0,0.0,0.0,-0.5538564562389967
0.0,0.0,0.0,-0.5179586917211311
0.0,0.0,0.0,-0.5065730250150349
0.0,0.0,0.0,-0.5179578228405299
0.0,0.0,0.0,-0.48020253297079535
0.0,0.0,0.0,-0.4395939469658036
0.0,0.0,0.0,-0.4267624036117603
0.0,0.0,0.0,-0.396789260036709
0.0,0.0,0.0,-0.3670176026183407
0.0,0.0,0.0,-0.2957571710465026
0.0,0.0,0.0,-0.2593883006106822
0.0,0.0,0.0,-0.2233472877413465
0.0,0.0,0.0,-0.1742311832800915
0.0,0.0,0.0,-0.11015715019946255
0.0,0.0,0.0,-0.04713143794621982
0.0,0.0,0.0,0.008170024669904019
0.0,0.0,0.0,0.07491389731691424
0.0,0.0,0.0,0.15917351630441098
0.0,0.0,0.0,0.23824801459007872
0.0,0.0,0.0,0.30859927846776763
0.0,0.0,0.0,0.3835112426317724
0.0,0.0,0.0,0.4833118069438289
0.0,0.0,0.0,0.5454195212486477
0.0,0.0,0.0,0.5987620029268375
0.0,0.0,0.0,0.6840789401136818
0.0,0.0,0.0,0.763446375374923
0.15,0.0,0.0,0.8318100398200473
0.88,0.0,0.15,0.7410581047504581
2.51,0.0,0.88,0.5910134502477248
4.78,0.06208378,2.51,1.4435526373945784
7.8,2.265682,4.78,3.170024725114567
11.19,4.758578,7.8,5.579865528403468
0.0,7.7882767,11.19,8.351708703694202
0.0,0.0,0.0,0.33421865193518085
0.0,0.0,0.0,0.042576293096011075
0.0,0.0,0.0,-0.2864764359889943
0.0,0.0,0.0,-0.19687333914929564
0.0,0.0,0.0,-0.1309828437950418
0.0,0.0,0.0,-0.16926556547300353
0.0,0.0,0.0,0.14477894356336868
0.0,0.0,0.0,0.19924905860497466
0.0,0.0,0.0,0.22504689253739027
0.0,0.0,0.0,0.24360585676305116
0.0,0.0,0.0,0.24300992599342425
0.0,0.0,0.0,0.25843348557176066
0.0,0.0,0.0,0.5489942291275642
0.0,0.0,0.0,0.6212948557854672
0.0,0.0,0.0,0.6915358941734583
0.0,0.0,0.0,0.7740908309336365
0.0,0.0,0.0,0.8557439762901818
0.0,0.0,0.0,0.9059979842240992
0.0,0.0,0.0,0.992538585724595
0.0,0.0,0.0,1.081131912697637
0.11,0.0,0.0,1.1749545023940755
0.79,0.0,0.11,1.3630320212622382
1.9299999999999997,0.0,0.79,2.0366789355093067
3.46,1.3825052,1.9299999999999997,2.981246704873574
5.25,3.1406534,3.46,4.394170841177855
7.670000000000001,4.7789507,5.25,5.906750358299362
6.88,6.3830748,7.670000000000001,7.959145813111354
30.870000000000005,7.4782386,6.88,7.593645780023577
29.189999999999998,19.293499,30.870000000000005,26.92604644366865
32.96,20.676172,29.189999999999998,26.18165477439085
35.25,22.25586,32.96,29.618430017210763
33.19,23.102404,35.25,31.164332360630155
30.19,21.86512,33.19,29.253604254816644
29.62,20.397577,30.19,26.640881001334236
27.87,20.117405,29.62,25.400387575410356
22.77,18.937244,27.87,23.794861780257236
20.23,15.442247,22.77,19.4236920117419
17.3,12.925799,20.23,16.961894019084344
14.330000000000002,10.249882,17.3,14.302201191484532
0.0,6.389099,14.330000000000002,12.661796301707106
0.0,0.0,0.0,-1.0738371813615255
0.0,0.0,0.0,-1.4418272111308998
0.0,0.0,0.0,-1.7499345390960819
0.0,0.0,0.0,-1.6421057164391752
0.0,0.0,0.0,-1.4829081042567664
0.0,0.0,0.0,-1.3833352277730595
0.0,0.0,0.0,-1.0797900741251334
0.0,0.0,0.0,-1.1011104797860733
0.0,0.0,0.0,-1.0357175164134993
0.0,0.0,0.0,-0.9807394547982882
0.0,0.0,0.0,-0.9444331030399107
0.0,0.0,0.0,-0.9180241609645763
0.0,0.0,0.0,-0.4814304795458586
0.0,0.0,0.0,-0.4102676160466341
0.0,0.0,0.0,-0.34079324978463565
0.0,0.0,0.0,-0.2883461477529554
0.0,0.0,0.0,-0.21754559724728173
0.0,0.0,0.0,-0.6580110962553103
0.0,0.0,0.0,-0.5956942075955534
0.0,0.0,0.0,-0.5401929101854351
0.0,0.0,0.0,-0.5168994852710638
0.0,0.0,0.0,-0.43283328874300814
0.0,0.0,0.0,-0.39595001826812604
0.0,0.0,0.0,-0.35382522243536557
0.0,0.0,0.0,-0.4167736655164303
0.0,0.0,0.0,-0.36386470735922904
0.0,0.0,0.0,-0.34001978972483593
0.0,0.0,0.0,-0.31498772489634497
0.0,0.0,0.0,-0.2880605112923963
0.0,0.0,0.0,-0.21723398925453213
0.0,0.0,0.0,-0.18254451768809007
0.0,0.0,0.0,-0.13120783343521547
0.0,0.0,0.0,-0.08652171537827068
0.0,0.0,0.0,-0.01556571713967076
0.0,0.0,0.0,0.037983076932227716
0.0,0.0,0.0,0.10142846439019568
0.0,0.0,0.0,0.16649267492502198
0.0,0.0,0.0,0.24243132545559085
0.0,0.0,0.0,0.30531532042785725
0.0,0.0,0.0,0.3874230493635264
0.0,0.0,0.0,0.45471417877039555
0.0,0.0,0.0,0.5299137633976045
0.0,0.0,0.0,0.6069247808855072
0.0,0.0,0.0,0.677201583467447
0.0,0.0,0.0,0.753601856468738
0.0,0.0,0.0,0.8301584553287843
0.11,0.0,0.0,0.9071807696352727
0.78,0.0,0.11,1.0753179366870473
2.26,0.0,0.78,1.2729843776975545
4.43,0.0,2.26,1.9954123607982925
7.22,2.1888192,4.43,3.529037328850922
10.36,4.634035,7.22,5.677132268896979
13.600000000000001,7.3176613,10.36,8.244758806709369
16.82,11.113665,13.600000000000001,11.02097415524255
19.68,14.184756,16.82,13.848945759595424
22.33,16.65269,19.68,16.338629254401692
0.0,18.794098,22.33,18.658895877244024
0.0,0.0,0.0,0.21395405208296525
0.0,0.0,0.0,-0.5018489093817469
0.0,0.0,0.0,-1.5355384100170844
0.0,0.0,0.0,-1.4540715795035
0.0,0.0,0.0,-1.3848112932164875
0.0,0.0,0.0,-1.5035959535930514
0.0,0.0,0.0,-0.9752989511131849
0.0,0.0,0.0,-1.041465998665251
0.0,0.0,0.0,-1.100870403665564
0.0,0.0,0.0,-1.1494515144810324
0.0,0.0,0.0,-1.1534299846886433
0.0,0.0,0.0,-1.1794263887856193
0.0,0.0,0.0,-0.7111593398809852
0.0,0.0,0.0,-0.6718215644739247
0.0,0.0,0.0,-0.6176667932429624
0.0,0.0,0.0,-0.5684952073899814
0.0,0.0,0.0,-0.5119532151285984
0.0,0.0,0.0,-0.43825031826643623
0.0,0.0,0.0,-0.33833209053518165
0.0,0.0,0.0,-0.24336250767800804
0.0,0.0,0.0,-0.15519080276048502
0.0,0.0,0.0,-0.02309503104598494
0.0,0.0,0.0,0.12811755336125333
0.0,0.0,0.0,0.27570288731651077
0.0,0.0,0.0,0.2674384185588343
0.0,0.0,0.0,0.33342968586330696
0.0,0.0,0.0,0.42832664827828165
0.0,0.0,0.0,0.49796182554571433
0.0,0.0,0.0,0.5883115020121257
0.0,0.0,0.0,0.6749152692959534
0.0,0.0,0.0,0.7552232221341448
0.09,0.0,0.0,0.8274896237530379
0.76,0.0,0.09,0.9471454517876923
2.19,0.0,0.76,1.064753498903419
4.37,0.0,2.19,1.7263240092083063
7.23,0.8002263,4.37,3.2809520976625457
0.0,3.3795574,7.23,5.618772366891841
0.0,0.0,0.0,0.1362548589460444
0.0,0.0,0.0,-0.06790147529450591
0.0,0.0,0.0,-0.3059518613657511
0.0,0.0,0.0,-0.2524361002988484
0.0,0.0,0.0,-0.22625693010803957
0.0,0.0,0.0,-0.26801272564958045
0.0,0.0,0.0,-0.06120378682264345
0.0,0.0,0.0,-0.013298832635720743
0.0,0.0,0.0,0.0023537527844027725
0.0,0.0,0.0,0.013434428918121868
0.0,0.0,0.0,0.016964663401547453
0.0,0.0,0.0,0.01673750789696008
0.0,0.0,0.0,0.2187671367748334
0.0,0.0,0.0,0.27341044804004655
0.0,0.0,0.0,0.3250937916674628
0.0,0.0,0.0,0.4105315036382789
0.0,0.0,0.0,0.4845592804464267
0.0,0.0,0.0,0.5538766337940086
0.0,0.0,0.0,0.6246533785825045
0.0,0.0,0.0,0.7077385479854866
0.0,0.0,0.0,0.7874083128761318
0.0,0.0,0.0,0.880500351062935
0.0,0.0,0.0,0.970505266284177
0.0,0.081348,0.0,1.0868743419454072
0.15,0.4674233,0.0,1.129616262198123
0.76,0.20798515,0.15,1.3195423956063945
0.6,0.38993055,0.76,1.6118666356178848
1.53,1.0602463,0.6,1.799533362348393
3.71,1.3173468,1.53,2.712818638222881
6.7299999999999995,3.268252,3.71,3.9461750386674668
11.82,5.18491,6.7299999999999995,6.780824618669154
16.17,9.761314,11.82,10.87266178756269
18.26,14.437601,16.17,14.233564313340874
21.43,15.603381,18.26,16.827109938624147
25.509999999999998,19.033802,21.43,18.81182566105213
27.92,21.913816,25.509999999999998,22.071606796258873
28.850000000000005,23.76034,27.92,24.177344763215945
27.13,25.006899,28.850000000000005,24.813317173377985
22.95,24.946074,27.13,23.28607295867775
20.39,23.749706,22.95,19.65832416407465
20.31,20.504316,20.39,17.671184425315456
20.14,20.550245,20.31,17.18333592481113
20.16,20.349733,20.14,16.793045698512078
19.81,17.595127,20.16,17.66546717877448
19.71,18.30414,19.81,16.557626671034043
19.57,17.79061,19.71,16.451116896591287
19.54,16.950535,19.57,16.359132872728573
19.59,15.991362,19.54,16.20589485451387
17.39,16.32139,19.59,15.85653872569696
13.81,10.98095,17.39,14.28612863347481
10.95,6.5121717,13.81,11.620501547790774
17.74,4.3862658,10.95,9.104185853391956
20.86,6.100027,17.74,14.52927326937606
21.32,8.015029,20.86,17.02619500025247
19.6,10.163252,21.32,17.251623325408765
16.9,10.035439,19.6,15.62810946687161
13.889999999999999,7.64779,16.9,14.935136695106516
10.72,4.950575,13.889999999999999,12.210435547851938
7.66,3.2559335,10.72,9.087442109372123
4.84,1.7356399,7.66,6.194051574264991
2.43,0.1721676,4.84,3.6016460900762217
0.48,0.0,2.43,1.5020259224503285
0.01,0.0,0.48,-0.17248358354732818
0.0,0.0,0.01,-0.596103505982716
0.0,0.0,0.0,-0.7109306844269272
0.0,0.0,0.0,-0.6655567943753944
0.0,0.0,0.0,-0.6107870520825023
0.0,0.0,0.0,-0.5266907110887314
0.0,0.0,0.0,-0.4435358964633186
0.0,0.0,0.0,-0.3466812433009482
0.0,0.0,0.0,-0.30063508505226644
0.0,0.0,0.0,-0.24235476115040608
0.0,0.0,0.0,-0.18892168133870202
0.0,0.0,0.0,-0.12066535701152868
0.0,0.0,0.0,-0.11208367792026608
0.0,0.0,0.0,-0.13046023396455636
0.0,0.0,0.0,-0.0977006666172519
0.0,0.0,0.0,-0.03750532246710389
0.0,0.0,0.0,-0.006240456122044366
0.0,0.0,0.0,0.01148660345750372
0.0,0.0,0.0,0.02181187255498266
0.0,0.0,0.0,-0.3326840309811934
0.0,0.0,0.0,-0.3305757133702951
0.0,0.0,0.0,-0.33277391739921364
0.0,0.0,0.0,-0.3443917181034078
0.0,0.0,0.0,-0.304786178697964
0.0,0.0,0.0,-0.30107797073062115
0.0,0.0,0.0,-0.29526839665824783
0.0,0.0,0.0,-0.2817463373439407
0.0,0.0,0.0,-0.2279006047397808
0.0,0.0,0.0,-0.20473054798876428
0.0,0.0,0.0,-0.17528088304636263
0.0,0.0,0.0,-0.1421710442322817
0.0,0.0,0.0,-0.07725692877500294
0.0,0.0,0.0,-0.03766419128570751
0.0,0.0,0.0,0.00847438133358136
0.0,0.0,0.0,0.05004618487583004
0.0,0.0,0.0,0.13070740633138958
0.0,0.0,0.0,0.18530209082723362
0.0,0.0,0.0,0.24395846953472258
0.0,0.0,0.0,0.3044781190640241
0.0,0.0,0.0,0.37665733441795984
0.0,0.0,0.0,0.4460141957060418
0.0,0.0,0.0,0.5173992572311015
0.0,0.0,0.0,0.5866023749652967
0.0,0.0,0.0,0.6674986567351082
0.0,0.0,0.0,0.7445349481502374
0.0,0.0,0.0,0.8169764915765682
0.0,0.0,0.0,0.8918369865714766
0.0,0.0,0.0,0.9699295509741832
0.06,0.0,0.0,1.0491839439332755
0.71,0.0,0.06,1.1671414374027504
2.13,0.0,0.71,1.4470250343274693
4.31,1.0133259,2.13,2.0563218234015137
7.13,3.2453697,4.31,3.548890832533983
10.65,5.674534,7.13,5.766755127907967
13.47,8.506323,10.65,8.682732500934934
15.52,12.215831,13.47,11.117779249300305
17.93,14.807013,15.52,12.949653936677855
19.64,16.275042,17.93,15.253430380422298
34.36,17.222958,19.64,17.076281596613104
32.41,24.186665,34.36,29.839987127142457
34.85,23.83099,32.41,28.53845957291669
33.08,24.027842,34.85,30.38091116697408
30.44,22.463251,33.08,28.496525075536148
25.25,20.82077,30.44,26.148120945985
21.89,17.900946,25.25,21.59969375892594
20.05,13.944596,21.89,18.37620310030773
15.380000000000003,12.00156,20.05,16.49443457385492
12.36,8.486389,15.380000000000003,12.441476842247612
6.87,5.502855,12.36,10.387568403812086
4.54,1.819243,6.87,5.444244988486169
5.79,0.0,4.54,3.1317492512915823
2.56,0.0,5.79,3.780193764316242
1.25,0.0,2.56,1.0930619883637416
0.4099999999999999,0.0,1.25,-0.006852170684884529
0.01,0.0,0.4099999999999999,-0.7829690703677727
0.0,0.0,0.01,-1.0114329449630324
0.0,0.0,0.0,-0.9116948789796738
0.0,0.0,0.0,-0.8845024451192979
0.0,0.0,0.0,-0.7875911350934784
0.0,0.0,0.0,-0.6761605104919806
0.0,0.0,0.0,-0.6171960625632334
0.0,0.0,0.0,-0.46962825599303065
0.0,0.0,0.0,-0.4257289317305436
0.0,0.0,0.0,-0.3454087909337159
0.0,0.0,0.0,-0.26383688833781294
0.0,0.0,0.0,-0.14346286625518262
0.0,0.0,0.0,-0.09004707202681823
0.0,0.0,0.0,-0.06476378967215576
0.0,0.0,0.0,-0.05857042673028806
0.0,0.0,0.0,-0.01740454174448732
0.0,0.0,0.0,0.0006702668773813161
0.0,0.0,0.0,-0.01031475331541784
0.0,0.0,0.0,-0.018179723418719658
0.0,0.0,0.0,-0.30310754386551064
0.0,0.0,0.0,-0.3163479527655125
0.0,0.0,0.0,-0.302271166280885
0.0,0.0,0.0,-0.3193027702196177
0.0,0.0,0.0,-0.2840063391387815
0.0,0.0,0.0,-0.2816437715761552
0.0,0.0,0.0,-0.2732015599588616
0.0,0.0,0.0,-0.2618693123549353
0.0,0.0,0.0,-0.20921807621447214
0.0,0.0,0.0,-0.18344885087967985
0.0,0.0,0.0,-0.15051355379519724
0.0,0.0,0.0,-0.11739969901797993
0.0,0.0,0.0,-0.05067958164121228
0.0,0.0,0.0,-0.010318720223549335
0.0,0.0,0.0,0.035558139360235275
0.0,0.0,0.0,0.08516386467232705
0.0,0.0,0.0,0.1553223789954452
0.0,0.0,0.0,0.21575313721767744
0.0,0.0,0.0,0.27532905446549744
0.0,0.0,0.0,0.34221623597757644
0.0,0.0,0.0,0.42113005021179545
0.0,0.0,0.0,0.48839415388955004
0.0,0.0,0.0,0.5556187428307003
0.0,0.0,0.0,0.6287206160961647
0.0,0.0,0.0,0.7094905175392562
0.0,0.0,0.0,0.7854719294780165
0.0,0.0,0.0,0.8559770656998003
0.0,0.0,0.0,0.9304281904758315
0.0,0.0,0.0,0.9975159123072945
0.0,0.0,0.0,1.068204653255532
0.06,0.0,0.0,1.1450946200191474
0.66,0.0,0.06,1.2676986798544478
1.24,0.0,0.66,1.8303632763808795
1.25,0.24351883,1.24,2.3954158409589428
1.67,0.4818968,1.25,2.495213189463604
2.16,0.44540572,1.67,2.929612883654835
3.6799999999999997,1.5403516,2.16,3.3780213278810716
2.89,2.5236745,3.6799999999999997,4.726868370241092
3.9,2.6464748,2.89,4.096712255321628
2.24,2.9173672,3.9,4.968109052072172
1.08,2.697362,2.24,3.613230039710387
1.97,1.4807932,1.08,2.7166955920843034
1.17,1.2967762,1.97,3.397822511345039
0.64,0.7038332,1.17,2.7540126987525873
0.75,0.50761807,0.64,2.3653217726982487
0.96,0.54561305,0.75,2.396455730630963
1.25,0.7196742,0.96,2.5719009352898894
1.11,0.9423744,1.25,2.8344122592354175
1.6,1.5465081,1.11,2.6160443255299612
2.27,1.9726526,1.6,3.0221097401001407
3.9599999999999995,2.223389,2.27,3.6114108867197987
5.7,2.823697,3.9599999999999995,5.0301796168772075
6.0,4.020305,5.7,6.524640903325928
5.75,4.68361,6.0,6.795387761922207
8.84,4.9037037,5.75,6.505067265580816
16.98,5.4168963,8.84,9.055323744260338
23.9,9.014318,16.98,15.854434906785578
27.08,12.313198,23.9,21.75386439123022
31.230000000000004,15.277767,27.08,24.559207908614667
30.67,18.386112,31.230000000000004,28.16765246877131
28.970000000000002,19.038363,30.67,27.65357615008953
29.45,18.618668,28.970000000000002,26.0299740344876
29.14,18.355434,29.45,25.934172768707764
27.149999999999995,18.005033,29.14,25.27325334994448
24.82,16.542545,27.149999999999995,23.417658124623884
21.15,15.123352,24.82,21.19579980083719
18.03,12.886572,21.15,17.980335718314443
14.84,10.696992,18.03,15.105667019118096
11.54,8.054551,14.84,12.031341370015646
7.73,5.5934763,11.54,8.938193804323708
5.12,2.9443967,7.73,5.536652226242084
3.37,0.9904243,5.12,3.1233033313404324
2.36,0.0,3.37,1.5714420335728285
2.24,0.0,2.36,0.7411127609095125
1.91,0.0,2.24,0.6152792584979929
1.19,0.0,1.91,0.38462824119040173
0.45999999999999996,0.0,1.19,-0.08553449217583373
0.0,0.0,0.45999999999999996,-0.6588916510097291
0.0,0.0,0.0,-1.0245982572125432
0.0,0.0,0.0,-0.9953320137365402
0.0,0.0,0.0,-0.8909159460055556
0.0,0.0,0.0,-0.7731939197249824
0.0,0.0,0.0,-0.6731316037595355
0.0,0.0,0.0,-0.5814017613149324
0.0,0.0,0.0,-0.4800188980781439
0.0,0.038889192,0.0,-0.46017344490338064
0.0,0.14968304,0.0,-0.42811452002610023
0.0,0.215211,0.0,-0.4038571103906964
0.0,0.0,0.0,-0.3240186646441767
0.0,0.0,0.0,-0.3000030897978279
0.0,0.0,0.0,-0.2987573142856852
0.0,0.0,0.0,-0.3040749686923718
0.0,0.0,0.0,-0.2808934423981186
0.0,0.0,0.0,-0.29992661180222346
0.0,0.0,0.0,-0.3221371310655058
0.0,0.0,0.0,-0.3434782300231177
0.0,0.0,0.0,-0.05294917600884019
0.0,0.0,0.0,-0.06265090633501141
0.0,0.0,0.0,-0.06303613525082408
0.0,0.0,0.0,-0.05916010666055897
0.0,0.0,0.0,-0.01745062399449923
0.0,0.0,0.0,-0.018132953498907305
0.0,0.0,0.0,-0.005555806269216118
0.0,0.0,0.0,0.012431740203264208
0.0,0.0,0.0,0.06378365128276425
0.0,0.0,0.0,0.09267948544237053
0.0,0.0,0.0,0.1300329369526114
0.0,0.0,0.0,0.16300341632142257
0.0,0.0,0.0,0.23219632880655244
0.0,0.0,0.0,0.27685700961289866
0.0,0.0,0.0,0.3266286065748452
0.0,0.0,0.0,0.38051313348640614
0.0,0.0,0.0,0.45651576512234765
0.0,0.0,0.0,0.5126636975924992
0.0,0.0,0.0,0.5754845590321139
0.0,0.0,0.0,0.6404053615995932
0.0,0.0,0.0,0.7215342830886186
0.0,0.0,0.0,0.7912792231198769
0.0,0.0,0.0,0.8498200909056409
0.0,0.0,0.0,0.9220101971176039
0.0,0.0,0.0,1.0075653202485564
0.0,0.09555924,0.0,1.0862682594110817
0.0,0.44418085,0.0,1.1474519428199401
0.0,0.6634518,0.0,1.2344815248178405
0.0,1.7794169,0.0,1.3003837095903332
0.0,2.1687083,0.0,1.3806759750322803
0.2,2.1092224,0.0,1.4570809059216678
0.89,1.6712714,0.2,1.6931954459569722
3.37,2.5823214,0.89,2.3264534583155303
5.76,4.028098,3.37,4.383791790687526
8.73,6.6985145,5.76,5.783879822913565
11.64,9.272778,8.73,8.211252895248181
14.84,12.505243,11.64,10.624706017557587
18.06,15.083042,14.84,13.360968746178962
20.97,17.282333,18.06,16.06648685261966
23.64,19.18748,20.97,18.529510677079458
26.02,21.366669,23.64,20.79637165018358
28.18,22.993046,26.02,22.77854422324111
30.260000000000005,24.308426,28.18,24.58581933107998
32.11,25.57941,30.260000000000005,26.288836206260175
33.78,27.235,32.11,27.87301576928376
35.15,28.86126,33.78,29.17144146169599
36.33,30.043674,35.15,30.225919398734412
37.27,30.830128,36.33,31.09603024163523
38.38,31.32655,37.27,31.694969052724865
39.32,31.675335,38.38,32.44995943875868
39.71,32.038277,39.32,33.045151147913224
40.24,32.11266,39.71,33.262239798150894
40.49,31.923115,40.24,33.60448585169187
41.04,31.692738,40.49,33.87630998542544
40.56,31.306452,41.04,33.97421947191916
40.68,30.972275,40.56,33.61775001910448
41.26,30.252617,40.68,33.61857314003578
40.1,29.856312,41.26,33.92577624585464
39.49,29.019972,40.1,32.911929376207574
38.56,28.318417,39.49,32.27540228641419
38.0,26.812946,38.56,31.436741463558306
36.66,25.89441,38.0,30.887004504161
35.43,24.874289,36.66,29.683677353218773
33.94,23.64797,35.43,28.647679592165197
31.869999999999997,21.76392,33.94,27.35415478504024
29.82,19.825987,31.869999999999997,25.589535876802106
27.390000000000004,17.908585,29.82,23.922219643787002
24.7,16.017563,27.390000000000004,21.82250434239864
22.06,13.458941,24.7,19.571248724723468
19.13,11.382553,22.06,17.344073347278044
15.920000000000002,9.286811,19.13,14.825133222794062
12.97,6.9814334,15.920000000000002,12.57938522359342
9.81,4.637588,12.97,9.994688848289174
6.890000000000001,2.7381961,9.81,7.194318954121775
4.22,0.9551292,6.890000000000001,4.620403901882586
1.95,0.0,4.22,2.3040310945172617
0.5,0.0,1.95,0.37196654505029514
0.0,0.0,0.5,-0.8369498084197874
0.0,0.0,0.0,-1.192678280526984
0.0,0.0,0.0,-1.0506567191252647
0.0,0.0,0.0,-0.8387759342155594
0.0,0.0,0.0,-0.6641251159885585
0.0,0.0,0.0,-0.5214215115029612
0.0,0.0,0.0,-0.38785463935853864
0.0,0.0,0.0,-0.2414727566817435
0.0,0.0,0.0,-0.14238583720892276
0.0,0.0,0.0,-0.0512436629991557
0.0,0.0,0.0,0.035371776976759854
0.0,0.0,0.0,0.1474751376841218
0.0,0.0,0.0,0.20385868494668286
0.0,0.0,0.0,0.23624616980391644
0.0,0.0,0.0,0.24784237440304852
0.0,0.0,0.0,0.29542732202917954
0.0,0.0,0.0,0.3042653322427216
0.0,0.0,0.0,0.31236031381246165
0.0,0.0,0.0,0.3011932122436745
0.0,0.0,0.0,0.07069167314086214
0.0,0.0,0.0,0.04546011354092175
0.0,0.0,0.0,0.025784247311469097
0.0,0.0,0.0,0.01713407841689666
0.0,0.0,0.0,0.05265850473378814
0.0,0.0,0.0,0.058709584437365014
0.0,0.0,0.0,0.06722274562151846
0.0,0.0,0.0,0.05875352496017318
0.0,0.0,0.0,0.11116433242456293
0.0,0.0,0.0,0.13524964196223144
0.0,0.0,0.0,0.16419288111981026
0.0,0.0,0.0,0.20196960224035493
0.0,0.0,0.0,0.2659762305555164
0.0,0.0,0.0,0.3041432631657234
0.0,0.0,0.0,0.34290145419661955
0.0,0.0,0.0,0.3824012531182553
0.0,0.0,0.0,0.4634465333140195
0.0,0.0,0.0,0.5145477982623415
0.0,0.0,0.0,0.5780224743193865
0.0,0.0,0.0,0.6528292665074785
0.0,0.0,0.0,0.7400640165774287
0.0,0.0,0.0,0.8047289462862569
0.0,0.0,0.0,0.8685781918806892
0.0,0.0,0.0,0.9358359453413888
0.0,0.0,0.0,1.00338563512977
0.0,0.0,0.0,1.0906499391605458
0.0,0.037005126,0.0,1.1690959678271633
0.0,0.34011522,0.0,1.2442011695000392
0.0,1.5179187,0.0,1.320854789867289
0.02,2.0022464,0.0,1.3923156793919933
0.52,1.7601501,0.02,1.4772597580414815
1.81,1.5301332,0.52,1.9554006837149398
3.8699999999999997,3.2339413,1.81,2.636064399804928
6.5,5.198712,3.8699999999999997,4.052552715534658
9.82,7.366546,6.5,6.103584553648179
13.03,9.894205,9.82,8.761716929396856
16.17,13.264018,13.03,11.519700379052706
19.17,15.893804,16.17,14.310720389089465
21.82,18.036982,19.17,16.86925390501225
24.54,19.764776,21.82,19.20428028476667
26.919999999999998,21.981842,24.54,21.512261524379205
29.220000000000002,23.701725,26.919999999999998,23.578349801231653
31.370000000000005,25.15521,29.220000000000002,25.504857424699146
33.24,26.835903,31.370000000000005,27.21832705176951
34.93,28.731325,33.24,28.78468003982013
36.38,30.261854,34.93,30.131042444482347
37.64,31.523449,36.38,31.2393105554157
38.62,32.26113,37.64,32.21312494589328
39.4,32.716694,38.62,32.845165534316955
40.03,32.94173,39.4,33.33862577406561
40.58,33.04832,40.03,33.770661272128734
40.98,33.113525,40.58,34.10968870263883
41.23,32.843918,40.98,34.39769056018853
41.49,32.562065,41.23,34.71319506094738
41.24,32.068653,41.49,34.529273555784854
41.11,31.632313,41.24,34.41245443806491
40.21,30.844025,41.11,34.19812932241443
39.82,29.901058,40.21,33.333453950403545
39.11,29.004473,39.82,32.93721975429498
38.09,28.155159,39.11,32.27634898974966
37.19,26.721266,38.09,31.366580679884827
35.7,25.57336,37.19,30.566257031877665
34.09,24.301973,35.7,29.220304788661
32.42,22.953167,34.09,27.904331223802004
30.620000000000005,20.829054,32.42,26.431534825708226
28.52,18.799833,30.620000000000005,24.868573202901644
26.52,16.888233,28.52,23.149781121883084
24.16,15.167233,26.52,21.418888784207603
21.51,12.813791,24.16,19.4220980878239
18.46,10.7286215,21.51,17.203640642399044
15.4,8.694455,18.46,14.53768678459042
12.3,6.4352093,15.4,12.160570614985778
9.17,4.1384263,12.3,9.482237605967402
6.25,2.1603878,9.17,6.692828197763012
3.73,0.36742085,6.25,4.134578117932891
1.78,0.0,3.73,1.9429011449328515
0.45999999999999996,0.0,1.78,0.307800184956869
0.0,0.0,0.45999999999999996,-0.7768483043204002
0.0,0.0,0.0,-1.0744889704513594
0.0,0.0,0.0,-0.930496383760232
0.0,0.0,0.0,-0.7282586819844589
0.0,0.0,0.0,-0.5684153445882995
0.0,0.0,0.0,-0.41675380254295596
0.0,0.0,0.0,-0.2835611025983811
0.0,0.0,0.0,-0.15210153310809305
0.0,0.0,0.0,-0.05081417680945707
0.0,0.0,0.0,0.04118927318055472
0.0,0.0,0.0,0.1252068157124078
0.0,0.0,0.0,0.2280204540518728
0.0,0.0,0.0,0.28099058885724565
0.0,0.0,0.0,0.30762761126891974
0.0,0.0,0.0,0.3211929410875735
0.0,0.0,0.0,0.37952083753189714
0.0,0.0,0.0,0.38666002800921173
0.0,0.0,0.0,0.38485131357347735
0.0,0.0,0.0,0.38537682538849694
0.0,0.0,0.0,-0.025066626649897575
0.0,0.0,0.0,-0.039779109470897134
0.0,0.0,0.0,-0.031912226998341564
0.0,0.0,0.0,-0.05363316562476579
0.0,0.0,0.0,-0.02588804873161904
0.0,0.0,0.0,-0.05916579630933366
0.0,0.0,0.0,-0.044002060996464754
0.0,0.0,0.0,-0.03315393255641421
0.0,0.0,0.0,0.003008025178408147
0.0,0.0,0.0,0.011494278307291883
0.0,0.0,0.0,0.03820139384558795
0.0,0.0,0.0,0.06847538657662622
0.0,0.0,0.0,0.1258619931223129
0.0,0.0,0.0,0.16402850187572404
0.0,0.0,0.0,0.21964020145797178
0.0,0.0,0.0,0.27147401475061084
0.0,0.0,0.0,0.3439699959510909
0.0,0.0,0.0,0.40375498376289726
0.0,0.0,0.0,0.47239895070303967
0.0,0.0,0.0,0.5234627300289091
0.0,0.0,0.0,0.5992749743651018
0.0,0.0,0.0,0.6706992855037807
0.0,0.0,0.0,0.7347042331534054
0.0,0.0,0.0,0.7963836000965369
0.0,0.0,0.0,0.8837614679234308
0.0,0.0,0.0,0.951054879300681
0.0,0.0,0.0,1.0437632847015017
0.0,0.0,0.0,1.1310548435351826
0.0,0.7107559,0.0,1.1971006700956761
0.0,1.1951923,0.0,1.2721943304239676
0.52,1.064685,0.0,1.3673620920649032
0.9199999999999999,0.83513296,0.52,1.8623542536686966
2.12,1.8565692,0.9199999999999999,2.17508289151865
6.49,2.5370612,2.12,3.2309146168597964
8.4,5.2351604,6.49,6.495274862044721
8.57,8.238567,8.4,8.030089400409016
15.06,10.610616,8.57,8.266354172400689
13.58,13.155521,15.06,13.690289459853327
15.43,14.538938,13.58,12.554405862071755
21.94,15.00667,15.43,14.375793704852995
22.77,17.192453,21.94,19.788178370323184
25.5,19.296383,22.77,20.60598561615202
14.32,19.968298,25.5,23.314045093657732
16.2,15.552989,14.32,14.197153617518731
26.27,14.679511,16.2,15.40353237665294
24.83,19.084656,26.27,22.78962036507043
28.720000000000002,22.851143,24.83,21.867949571151946
37.54,21.20451,28.720000000000002,25.839698208515433
37.06,28.02611,37.54,32.294553364137954
34.83,28.877047,37.06,32.23128787407183
36.4,28.421228,34.83,30.524478463919603
26.619999999999997,27.980104,36.4,31.3832078282157
29.74,25.032572,26.619999999999997,23.16705457513074
24.84,23.465733,29.74,25.6000266856815
22.36,21.945127,24.84,20.91982296194268
14.13,19.76971,22.36,19.311167142147102
17.71,14.120533,14.13,12.380914835226232
23.09,12.153239,17.71,14.751308396723562
35.23,13.962642,23.09,19.584773177316876
36.77,19.172182,35.23,29.79651726499675
35.37,22.555864,36.77,31.623440251360385
34.15,23.368034,35.37,30.709052465594098
32.9,22.627153,34.15,29.57529092769181
31.240000000000002,21.346691,32.9,28.205505575506162
29.630000000000003,19.40862,31.240000000000002,26.831345674468597
27.51,18.010273,29.630000000000003,25.023388715935013
25.47,16.170704,27.51,23.259315660606596
23.25,14.504012,25.47,21.4179605878983
20.4,12.147646,23.25,19.61899176511439
17.72,10.405818,20.4,17.090010587225002
14.66,8.509383,17.72,14.591898423824468
11.51,6.622545,14.66,11.81577943492691
8.58,4.1701713,11.51,9.059277534604316
5.77,1.9894639,8.58,6.439076300611468
3.3000000000000003,0.07233112,5.77,3.95581984174056
1.46,0.0,3.3000000000000003,1.8130081087739114
0.3,0.0,1.46,0.17558498637663955
0.0,0.0,0.3,-0.7727578075699543
0.0,0.0,0.0,-0.9851685416015123
0.0,0.0,0.0,-0.8947848356040442
0.0,0.0,0.0,-0.8152802088448541
0.0,0.0,0.0,-0.6884081375004313
0.0,0.0,0.0,-0.5823632357580315
0.0,0.0,0.0,-0.4073507517296973
0.0,0.0,0.0,-0.26287446996456143
0.0,0.0,0.0,-0.1801473911607388
0.0,0.0,0.0,-0.09524633936238078
0.0,0.0,0.0,-0.01731030975347797
0.0,0.0,0.0,0.06248379142537383
0.0,0.0,0.0,0.07850477032650093
0.0,0.0,0.0,0.10246702560867751
0.0,0.0,0.0,0.13527262681858662
0.0,0.0,0.0,0.18833521557248128
0.0,0.0,0.0,0.1874424610247064
0.0,0.0,0.0,0.17490372235601132
0.0,0.0,0.0,0.18908655740806096
0.0,0.0,0.0,-0.09867179541071525
0.0,0.0,0.0,-0.10512118187181452
0.0,0.0,0.0,-0.1106993624964886
0.0,0.0,0.0,-0.08917069008436938
0.0,0.0,0.0,-0.030695942145172496
0.0,0.0,0.0,-0.0358600577676468
0.0,0.0,0.0,-0.021172172006708387
0.0,0.0,0.0,-0.006935718465798588
0.0,0.0,0.0,0.04131034541947701
0.0,0.0,0.0,0.06436635397733328
0.0,0.0,0.0,0.08552038713317903
0.0,0.0,0.0,0.10932524800776072
0.0,0.0,0.0,0.18171277591039706
0.0,0.0,0.0,0.22338127281536502
0.0,0.0,0.0,0.2721150016314532
0.0,0.0,0.0,0.3160199893629735
0.0,0.0,0.0,0.3935629083470008
0.0,0.0,0.0,0.4486810139322733
0.0,0.0,0.0,0.5053920373352968
0.0,0.0,0.0,0.567599625949002
0.0,0.0,0.0,0.6533911618885967
0.0,0.0,0.0,0.7249340777675753
0.0,0.0,0.0,0.8011003466678882
0.0,0.0,0.0,0.8786074085035622
0.0,0.0,0.0,0.9484735547536198
0.0,0.0,0.0,1.0275732821219903
0.0,0.0,0.0,1.0947234511266046
0.0,0.0,0.0,1.1742462919385057
0.0,0.4660129,0.0,1.25092120359397
0.0,0.759802,0.0,1.3331548189726072
0.25,0.5240738,0.0,1.3942280188163445
1.16,0.12730244,0.25,1.6895609049720453
2.67,1.3398283,1.16,2.525484667712428
4.5,2.685333,2.67,3.751436555116501
7.339999999999999,4.195176,4.5,5.285749967473167
10.13,6.327151,7.339999999999999,7.634411724982085
12.85,9.374468,10.13,10.088032565563612
15.85,11.790427,12.85,12.536415230640946
18.47,14.002499,15.85,15.084469539305378
21.26,15.804556,18.47,17.396361788410342
23.54,18.171526,21.26,19.7602774315232
25.72,20.043196,23.54,21.67895785548423
27.76,21.51709,25.72,23.576914456957855
29.68,22.876713,27.76,25.256354189904727
31.35,24.64668,29.68,26.828979844091005
32.76,25.864319,31.35,28.200904731069976
33.85,27.018633,32.76,29.278305885311383
28.449999999999996,27.87433,33.85,30.115336840636097
26.05,26.529276,28.449999999999996,25.491734901568776
25.27,24.84889,26.05,23.17060552427065
24.62,23.250904,25.27,22.182883582765733
24.98,22.284637,24.62,21.54108906671678
24.87,21.535358,24.98,21.777735320012702
24.05,20.891397,24.87,21.779160826112477
22.92,19.828037,24.05,21.001266276752716
22.93,18.699516,22.92,20.182098509094704
22.94,17.779879,22.93,20.094282351510383
23.43,17.28904,22.94,20.01386240322558
26.71,17.014647,23.43,20.370510813152276
33.67,17.566782,26.71,23.061871003092442
30.049999999999997,19.28904,33.67,29.06380873256872
28.309999999999995,18.592442,30.049999999999997,26.24678353332358
26.479999999999997,17.620304,28.309999999999995,24.690326857221045
25.03,15.930414,26.479999999999997,22.823674118573045
23.71,13.754577,25.03,21.262269570411306
21.47,13.373703,23.71,18.51097913585721
18.79,11.503843,21.47,16.32320639943886
15.310000000000002,9.531224,18.79,14.083991441377009
12.67,7.378275,15.310000000000002,11.089142844947608
10.08,4.858193,12.67,10.351756972011106
7.39,2.818288,10.08,8.018052058661407
4.87,1.2688111,7.39,5.5494939262150265
2.47,0.0,4.87,3.1284937840290574
0.9399999999999998,0.0,2.47,1.0753033086422281
0.14,0.0,0.9399999999999998,-0.22517505031838525
0.0,0.0,0.14,-0.8847632336578468
0.0,0.0,0.0,-0.9494811579199097
0.0,0.0,0.0,-0.8607394763600836
0.0,0.0,0.0,-0.7284717853746024
0.0,0.0,0.0,-0.623930503681231
0.0,0.0,0.0,-0.526570554089844
0.0,0.0,0.0,-0.46925480866349334
0.0,0.0,0.0,-0.3785307285871942
0.0,0.0,0.0,-0.29868077829804873
0.0,0.0,0.0,-0.17946621459206738
0.0,0.0,0.0,-0.11928766967892954
0.0,0.0,0.0,-0.031775167020152775
0.0,0.0,0.0,-0.006545824012986826
0.0,0.0,0.0,0.012948602383867393
0.0,0.0,0.0,0.036031457708903675
0.0,0.0,0.0,0.08400600819251594
0.0,0.0,0.0,0.0869720572373018
0.0,0.0,0.0,0.08558797122119235
0.0,0.0,0.0,0.0803345944756487
0.0,0.0,0.0,-0.10258327742246019
0.0,0.0,0.0,-0.10449487786636721
0.0,0.0,0.0,-0.11289262870266374
0.0,0.0,0.0,-0.11711505981077432
0.0,0.0,0.0,-0.08685971173594924
0.0,0.0,0.0,-0.08168571650552688
0.0,0.0,0.0,-0.06992947743326636
0.0,0.0,0.0,-0.05818709406413165
0.0,0.0,0.0,-0.0025223672187343546
0.0,0.0,0.0,0.02117111786064281
0.0,0.0,0.0,0.03852345331852233
0.0,0.0,0.0,0.0738484125966745
0.0,0.0,0.0,0.1400540852881913
0.0,0.0,0.0,0.18303113350571326
0.0,0.0,0.0,0.2278701315058078
0.0,0.0,0.0,0.2743702803783988
0.0,0.0,0.0,0.3466095032191835
0.0,0.0,0.0,0.4013608140130872
0.0,0.0,0.0,0.468198525513832
0.0,0.0,0.0,0.5354608320386629
0.0,0.0,0.0,0.6114167280235943
0.0,0.0,0.0,0.6850561628255326
0.0,0.0,0.0,0.7535763353568035
0.0,0.0,0.0,0.824998596000401
0.0,0.0,0.0,0.9061525794308212
0.0,0.0,0.0,0.9791507719030541
0.0,0.0,0.0,1.0570734019873544
0.0,0.0,0.0,1.1377567487988482
0.0,1.0277003,0.0,1.2188448899130542
0.0,1.2039669,0.0,1.2999223010147154
0.34,0.9574175,0.0,1.3777532146625706
1.45,0.752373,0.34,1.7383179091470518
3.16,1.968012,1.45,2.7025364602081443
5.35,3.436537,3.16,4.059450849075774
8.29,5.276513,5.35,5.817849100217351
11.45,7.612028,8.29,8.21131627955673
14.719999999999999,11.015974,11.45,10.851660389611647
18.01,13.881599,14.719999999999999,13.64726184399887
21.28,16.165833,18.01,16.75706514055655
24.36,18.397406,21.28,19.525485365112768
27.250000000000004,20.969309,24.36,22.121117015806657
29.84,22.967379,27.250000000000004,24.586631682554483
32.17,24.786486,29.84,26.687830909298548
34.33,26.401913,32.17,28.56707165119321
30.159999999999997,28.27658,34.33,30.157019513195916
26.91,27.83815,30.159999999999997,26.67466439091082
26.91,26.456648,26.91,23.86000704025941
28.470000000000002,25.879246,26.91,22.96976101696454
31.980000000000004,25.842857,28.470000000000002,24.328425197141744
32.51,26.969233,31.980000000000004,26.96875625989772
33.73,27.516455,32.51,27.404404921458514
34.57,28.071135,33.73,28.144725733823563
34.78,28.11131,34.57,28.698879888635787
37.69,27.52354,34.78,28.444310752800927
36.0,25.541569,37.69,30.479996616244453
33.86,23.891241,36.0,28.832724026794732
31.65,21.529947,33.86,26.878262097165084
29.28,19.351553,31.65,24.74811083781877
26.66,17.19112,29.28,22.59821233168815
23.77,15.036267,26.66,20.23061723002596
20.67,12.268092,23.77,17.621589190451804
17.62,9.916108,20.67,14.969047713818284
14.469999999999999,7.6697574,17.62,12.323987197340557
11.21,4.9428816,14.469999999999999,11.42286908765241
8.3,2.528482,11.21,8.513913092577951
5.63,0.64639145,8.3,5.907800377904104
3.17,0.0,5.63,3.494648246070814
1.21,0.0,3.17,1.3692474977207825
0.18,0.0,1.21,-0.23326432908792327
0.0,0.0,0.18,-1.0904121218826779
0.0,0.0,0.0,-1.1657543025609527
0.0,0.0,0.0,-1.0350449440356309
0.0,0.0,0.0,-0.8413277145020194
0.0,0.0,0.0,-0.6831540597856893
0.0,0.0,0.0,-0.5500522580455164
0.0,0.0,0.0,-0.43102646490771857
0.0,0.0,0.0,-0.2980846961563838
0.0,0.0,0.0,-0.20673980113271873
0.0,0.0,0.0,-0.09030466973207127
0.0,0.0,0.0,-0.15844655048252998
0.0,0.0,0.0,-0.0949276237361428
0.0,0.0,0.0,-0.021350267583043064
0.0,0.0,0.0,-0.15905546158551456
0.0,0.0,0.0,-0.12668972148475247
0.0,0.0,0.0,-0.0829498744592011
0.0,0.0,0.0,-0.04991435412225603
0.0,0.0,0.0,0.004435880638968201
0.0,0.0,0.0,0.030284144093130003
0.0,0.0,0.0,0.05331443027614801
0.0,0.0,0.0,0.06723484207283685
0.0,0.0,0.0,0.11346247237940914
0.0,0.0,0.0,0.12841037432559654
0.0,0.0,0.0,0.14292686059787663
0.0,0.0,0.0,0.16441702613188888
0.0,0.0,0.0,0.22606660058480665
0.0,0.0,0.0,0.2696724352632029
0.0,0.0,0.0,0.3189336212188214
0.0,0.0,0.0,0.37076745993554083
0.0,0.0,0.0,0.44585459879728834
0.0,0.0,0.0,0.5082387853698828
0.0,0.0,0.0,0.5701441542898502
0.0,0.0,0.0,0.6313136210723765
0.0,0.0,0.0,0.7159492272434753
0.0,0.0,0.0,0.7868633875094424
0.0,0.0,0.0,0.8516405100692351
0.0,0.0,0.0,0.9316161048269779
0.0,0.0,0.0,1.0117402625605152
0.0,0.0,0.0,1.0875823507684865
0.0,0.0,0.0,1.1662941384609802
0.0,0.0,0.0,1.2451674697149004
0.0,0.6080102,0.0,1.319508957525262
0.0,0.7491636,0.0,1.396164203135249
0.22999999999999998,0.51591504,0.0,1.4684869730584533
1.22,0.2801675,0.22999999999999998,1.729387968827607
3.06,1.3867222,1.22,2.5492710431648318
5.66,2.8223803,3.06,4.006300244381479
8.8,5.089814,5.66,5.939396716526947
11.97,7.7519803,8.8,8.468703662942115
15.2,11.350878,11.97,11.09413035486211
18.6,14.204541,15.2,13.861352927088749
21.73,16.687601,18.6,16.708237983101608
24.92,18.860462,21.73,19.350555196918563
27.77,21.400288,24.92,21.989462102132258
30.25,23.358873,27.77,24.34425006998976
31.16,25.123192,30.25,26.32495282069072
32.4,25.518742,31.16,27.385257890914183
33.86,27.819515,32.4,27.924927885619766
33.29,27.928627,33.86,29.374013568132984
35.5,28.107334,33.29,28.838416804447565
37.86,28.688877,35.5,30.603158943556053
41.02,29.19792,37.86,32.65409056490047
39.62,31.924456,41.02,34.72511806388915
38.92,32.628872,39.62,33.31853685004015
39.3,31.438423,38.92,32.71003695309555
39.26,31.059727,39.3,32.67329431778585
43.29,30.073256,39.26,32.28893131886173
38.01,30.920696,43.29,35.390741707134644
35.19,28.852064,38.01,31.010631600501014
37.36,26.261133,35.19,28.797665572046515
34.45,26.393562,37.36,29.70678808343601
27.089999999999996,23.554064,34.45,27.534052062958516
22.93,19.75817,27.089999999999996,21.481913068266024
27.26,15.466103,22.93,17.899388678046112
29.059999999999995,14.955081,27.26,21.11610556676078
20.81,15.987292,29.059999999999995,22.069919161506725
26.63,11.357122,20.81,16.270960242570997
17.38,13.802452,26.63,19.88660571298089
11.61,8.5558405,17.38,13.256981601533457
8.84,5.464735,11.61,8.24587380165599
9.35,2.315259,8.84,5.972975189897239
9.02,1.4330342,9.35,6.25377096840859
8.52,1.2838602,9.02,6.622580174151199
8.06,0.05939412,8.52,5.92842775979617
6.68,0.0,8.06,6.005836766920999
2.93,0.0,6.68,5.121723326327066
0.89,0.0,2.93,1.8739856762433478
0.06,0.0,0.89,-0.005299457777774297
0.0,0.0,0.06,-0.6575412004381318
0.0,0.0,0.0,-0.7982722221190841
0.0,0.0,0.0,-0.5397289800938999
0.0,0.0,0.0,-0.27658430187406446
0.0,0.0,0.0,-0.1191619890384115
0.0,0.0,0.0,-0.06529736789505775
0.0,0.0,0.0,0.009830757302837015
0.0,0.0,0.0,0.06671694175544342
0.0,0.0,0.0,0.056496564903890656
0.0,0.0,0.0,0.06437909982504059
0.0,0.0,0.0,0.17612754578626796
0.0,0.0,0.0,0.28024275158677825
0.0,0.0,0.0,0.27095059343177386
0.0,0.0,0.0,0.3233880797863683
0.0,0.0,0.0,0.28416184671300765
0.0,0.0,0.0,0.2887474997167886
0.0,0.0,0.0,0.2711229487617855
0.0,0.0,0.0,0.2611592629610844
0.0,0.0,0.0,0.2546343409221458
0.0,0.0,0.0,-0.2567901447338875
0.0,0.0,0.0,-0.2534596286489929
0.0,0.0,0.0,-0.25419026041429044
0.0,0.0,0.0,-0.2720617566169214
0.0,0.0,0.0,-0.23572126922725944
0.0,0.0,0.0,-0.23454190840768335
0.0,0.0,0.0,-0.22517763568053947
0.0,0.0,0.0,-0.20731642353676027
0.0,0.0,0.0,-0.15985116872201632
0.0,0.0,0.0,-0.13368979804076508
0.0,0.0,0.0,-0.1113795190113738
0.0,0.0,0.0,-0.06879275799158632
0.0,0.0,0.0,-0.0011570775480689022
0.0,0.0,0.0,0.04233043558415101
0.0,0.0,0.0,0.09108521530456232
0.0,0.0,0.0,0.13967438525129897
0.0,0.0,0.0,0.2158123925750875
0.0,0.0,0.0,0.2835049697137274
0.0,0.0,0.0,0.34373072206893096
0.0,0.0,0.0,0.41204390830803844
0.0,0.0,0.0,0.4873500359604243
0.0,0.0,0.0,0.5629351186986508
0.0,0.0,0.0,0.6349657277673884
0.0,0.0,0.0,0.711987421380905
0.0,0.0,0.0,0.7874196664646325
0.0,0.0,0.0,0.8666460674930359
0.0,0.0,0.0,0.9419695496867893
0.0,0.0,0.0,1.0234420680636185
0.0,0.0,0.0,1.1054336954060087
0.0,0.0,0.0,1.1789663646680189
0.5,0.0,0.0,1.2549451371932485
1.87,0.0,0.5,1.7221100392758777
2.94,1.4371954,1.87,2.8573291182226885
3.85,2.8560665,2.94,3.8664416441998584
5.05,3.8624406,3.85,4.731714475783712
8.03,4.817878,5.05,5.750669276197461
10.13,7.3221626,8.03,8.409380440287126
13.8,9.515637,10.13,10.185873559430657
20.94,11.973063,13.8,13.134099396150608
17.65,16.759035,20.94,18.466716619466695
17.54,17.42986,17.65,16.471864309021804
16.21,16.95004,17.54,16.563088962292245
25.09,14.770943,16.21,15.451449516715844
24.35,17.51033,25.09,22.56311133031989
27.800000000000004,20.03547,24.35,21.870490929990012
25.36,22.164213,27.800000000000004,24.784923576889607
29.710000000000004,22.229034,25.36,22.615781131899848
37.27,23.148693,29.710000000000004,26.170681282133156
41.67,25.641901,37.27,32.20110159811167
42.62,29.463509,41.67,35.262419013806635
39.64,30.870497,42.62,36.11573965847098
39.46,30.157846,39.64,33.369036694630935
4.99,29.495626,39.46,33.17832807720183
2.68,8.077513,4.99,4.407780564638886
0.96,1.1541352,2.68,1.261407466175557
0.08,0.0,0.96,-1.4240164593085303
0.0,0.0,0.08,-2.0409175813488516
0.0,0.0,0.0,-1.9393151477436872
0.0,0.0,0.0,-1.9385724814795682
0.0,0.0,0.0,-1.2033221587030358
0.0,0.0,0.0,-1.3307495034382346
0.0,0.0,0.0,-1.4128435340117775
0.0,0.0,0.0,-1.4285400969876703
0.0,0.0,0.0,-1.3220541603999998
0.0,0.0,0.0,-1.3449016198038628
0.0,0.0,0.0,-0.6628523377189666
0.0,0.0,0.0,-0.6388851737228859
0.0,0.0,0.0,-0.5067388495869005
0.0,0.0,0.0,-0.48810265766113975
0.0,0.0,0.0,-0.436659972944016
0.0,0.0,0.0,-0.42079157707450365
0.0,0.0,0.0,-0.3173308598407795
0.0,0.0,0.0,-0.21895325050745665
0.0,0.0,0.0,-0.12010803055036434
0.0,0.0,0.0,-0.03050855968336208
0.0,0.0,0.0,0.09355105477314718
0.0,0.0,0.0,0.1774616665991307
0.0,0.0,0.0,0.027648072884269535
0.0,0.0,0.0,0.019997419510563164
0.0,0.0,0.0,0.05673819687473016
0.0,0.0,0.0,0.05297070420603733
0.0,0.0,0.0,0.06653987570040161
0.0,0.0,0.0,0.08219403587565369
0.0,0.0,0.0,0.13628855156353273
0.0,0.0,0.0,0.15883818899811336
0.0,0.0,0.0,0.19023728562743392
0.0,0.0,0.0,0.239187578518202
0.0,0.0,0.0,0.29826593172060484
0.0,0.0,0.0,0.34525985196921116
0.0,0.0,0.0,0.38866397174541245
0.0,0.0,0.0,0.44656163232350155
0.0,0.0,0.0,0.51116309565257
0.0,0.0,0.0,0.5689984955320739
0.0,0.0,0.0,0.6306424494335174
0.0,0.0,0.0,0.7028461071556977
0.0,0.0,0.0,0.7846038643407792
0.0,0.0,0.0,0.8536990714992494
0.0,0.0,0.0,0.9245527295545921
0.0,0.0,0.0,0.9971272243335901
0.0,0.0,0.0,1.0771040184012288
0.0,0.0,0.0,1.1472333297779562
0.0,0.0,0.0,1.2093325969286792
0.0,0.018732203,0.0,1.288307032862316
0.0,1.1137277,0.0,1.36404947557473
0.0,1.5472025,0.0,1.4303244046548365
0.05,1.5661709,0.0,1.5066640365204869
0.29,1.3896029,0.05,1.6234906060825098
1.33,1.9724839,0.29,1.8895901243212776
5.89,2.3751113,1.33,2.8215399956129326
10.97,5.030447,5.89,6.186534392648143
12.8,9.489375,10.97,10.09675905423235
14.85,13.870978,12.8,11.732696087577295
18.09,15.730015,14.85,13.512911908014951
21.13,17.390278,18.09,16.12071637870618
24.14,19.04861,21.13,18.70685754365909
26.780000000000005,21.452538,24.14,21.209700733198456
29.24,23.62881,26.780000000000005,23.346884847781336
31.7,25.519817,29.24,25.37681842768107
34.72,27.268013,31.7,27.370908670645377
35.6,29.303995,34.72,29.787777693211858
36.86,30.530315,35.6,30.504614428322075
31.65,31.486166,36.86,31.412983176405497
25.86,30.014791,31.65,27.071540368788693
28.34,26.567438,25.86,22.358351552600997
31.569999999999997,24.09814,28.34,24.591385590276328
38.16,24.826475,31.569999999999997,27.080210001217253
38.44,28.407427,38.16,31.790383825267654
36.71,28.360336,38.44,32.33502368704551
37.12,27.375591,36.71,31.371669539726653
41.05,26.093737,37.12,31.483580843378967
37.16,26.92445,41.05,34.29127206738363
34.32,26.668072,37.16,30.213454182026478
33.39,23.864988,34.32,28.49951409957311
33.24,23.05817,33.39,26.877203456208875
34.4,21.79956,33.24,26.70360356828796
32.8,22.050306,34.4,27.163159525933022
30.84,21.187752,32.8,25.724082902480994
26.72,19.346903,30.84,24.01045807899891
24.4,16.741957,26.72,20.399046285789147
18.69,14.275882,24.4,18.621629703644484
17.2,11.096914,18.69,13.939820842021755
15.259999999999998,8.399214,17.2,12.67636162853616
10.41,5.8962607,15.259999999999998,11.162723601720693
7.53,4.3280773,10.41,7.029072498504984
5.37,2.034977,7.53,5.211577276212248
3.2400000000000007,0.0,5.37,3.2468493965966907
1.34,0.0,3.2400000000000007,1.5623970891644745
1.2,0.0,1.34,-0.11822148965002222
0.6,0.0,1.2,-0.21307752481555253
0.02,0.0,0.6,-0.5137514985325692
0.0,0.0,0.02,-0.7922033115874818
0.0,0.0,0.0,-0.6940201269576559
0.0,0.0,0.0,-0.5129882539092575
0.0,0.0,0.0,-0.36298343825771456
0.0,0.0,0.0,-0.26309745112562816
0.0,0.0,0.0,-0.13212631319150722
0.0,0.0,0.0,-0.042792962327041495
0.0,0.0,0.0,0.0322000992209354
0.0,0.0,0.0,0.0975900629279493
0.0,0.0,0.0,0.1779512347166317
0.0,0.0,0.0,0.20852666312998097
0.0,0.0,0.0,0.2826844071494302
0.0,0.0,0.0,0.30177583372111727
0.0,0.0,0.0,0.29568311010994225
0.0,0.0,0.0,0.26589360426432196
0.0,0.0,0.0,0.30390825410190025
0.0,0.0,0.0,0.3080752457221555
0.0,0.0,0.0,0.2827117798514279
0.0,0.0,0.0,0.23734149599809515
0.0,0.0,0.0,-0.6456201427810511
0.0,0.0,0.0,-0.6754223068624183
0.0,0.0,0.0,-0.6933787332685712
0.0,0.0,0.0,-0.7116423226975772
0.0,0.0,0.0,-0.6784228602101285
0.0,0.0,0.0,-0.6880634879533106
0.0,0.0,0.0,-0.6774750581396042
0.0,0.0,0.0,-0.6680360859483342
0.0,0.0,0.0,-0.6170641420145055
0.0,0.0,0.0,-0.6008943473637053
0.0,0.0,0.0,-0.561448065531046
0.0,0.0,0.0,-0.5258403206380005
0.0,0.0,0.0,-0.4559885811457859
0.0,0.0,0.0,-0.41119742607731646
0.0,0.0,0.0,-0.3605102288951289
0.0,0.0,0.0,-0.296722374238419
0.0,0.0,0.0,-0.200968177448271
0.0,0.0,0.0,-0.15780370728038437
0.0,0.0,0.0,-0.13616939170790454
0.0,0.0,0.0,-0.08293272800440517
0.0,0.0,0.0,0.012749149581410199
0.0,0.0,0.0,0.0973130385912381
0.0,0.0,0.0,0.1541620305560456
0.0,0.0,0.0,0.21325553999121655
0.0,0.0,0.0,0.3014269136043829
0.0,0.0,0.0,0.3840293444326539
0.0,0.0,0.0,0.44129800289030297
0.0,0.0,0.0,0.5091329387108486
0.0,0.0,0.0,0.5649125453117061
0.0,0.0,0.0,0.644845865945483
0.22,0.0,0.0,0.7451014927078029
1.63,0.0,0.22,0.9948300456292941
4.16,0.0,1.63,1.748186596363354
7.200000000000001,0.3706328,4.16,3.172567940946526
10.73,3.1657572,7.200000000000001,5.474505401000001
14.29,6.3159266,10.73,8.32904067388375
17.69,10.522006,14.29,11.343953811182406
0.0,13.766488,17.69,14.354435644596988
0.0,1.7271522,0.0,1.0197707800866262
0.0,0.0,0.0,0.39068066004254165
0.0,0.0,0.0,-0.21978917194818148
0.0,0.0,0.0,-0.2328100559222432
0.0,0.0,0.0,-0.2561295145769232
0.0,0.0,0.0,-0.4168134679944275
0.0,0.0,0.0,-0.04932449799201592
0.0,0.0,0.0,-0.16899409559481757
0.0,0.0,0.0,-0.2974577247073656
0.0,0.0,0.0,-0.43082167273945265
0.0,0.0,0.0,-0.5149122631859528
0.0,0.0,0.0,-0.6482764914875414
0.0,0.0,0.0,-0.3432769389117629
0.0,0.0,0.0,-0.3759301648300534
0.0,0.0,0.0,-0.37952410291336897
0.0,0.0,0.0,-0.4027082152534438
0.0,0.0,0.0,-0.43486347224072286
0.0,0.0,0.0,-0.4678478910856827
0.0,0.0,0.0,-0.5442534084121666
0.0,0.0,0.0,-0.5423880917181205
0.0,0.0,0.0,-0.5160573768786477
0.0,0.0,0.0,-0.48094443192531094
0.0,0.0,0.0,-0.3952506715416807
0.0,0.0,0.0,-0.32469124342097977
0.0,0.0,0.0,-0.390762174994155
0.0,0.0,0.0,-0.37485055066182776
0.0,0.0,0.0,-0.3323216143421046
0.0,0.0,0.0,-0.2995312065606534
0.0,0.0,0.0,-0.26970140630279554
0.0,0.0,0.0,-0.23697151928027058
0.0,0.0,0.0,-0.17140751831223114
0.0,0.0,0.0,-0.13205511550252286
0.0,0.0,0.0,-0.08137218110080176
0.0,0.0,0.0,-0.030977212020933016
0.0,0.0,0.0,0.04397960020122611
0.0,0.0,0.0,0.10208103290514689
0.0,0.0,0.0,0.1712485129019352
0.0,0.0,0.0,0.23282715255944375
0.0,0.0,0.0,0.29130513352840276
0.0,0.0,0.0,0.37232100553695036
0.0,0.0,0.0,0.4451367971749859
0.0,0.0,0.0,0.5223952179411219
0.0,0.0,0.0,0.608072798244019
0.0,0.0,0.0,0.6884514489665989
0.0,0.0,0.0,0.7647507281157419
0.0,0.0,0.0,0.8474808546534793
0.0,0.0,0.0,0.9099617431727577
0.0,0.0,0.0,0.9809452487606684
0.28,0.0,0.0,1.0677070406870233
1.66,0.0,0.28,1.3110416968618355
4.04,0.0,1.66,1.946124339731424
7.01,2.0883594,4.04,3.5164679349281456
10.5,4.775508,7.01,5.838391334781549
13.919999999999998,7.8232417,10.5,8.615852656229212
17.41,11.971695,13.919999999999998,11.463662421119139
20.71,15.425667,17.41,14.424236783314164
36.53,18.366077,20.71,17.22678465363999
33.61,23.14114,36.53,31.616655567654377
31.379999999999995,22.703045,33.61,29.14682978610082
27.46,22.143686,31.379999999999995,27.308108265560815
25.25,20.109385,27.46,23.533559931201044
0.0,17.485315,25.25,21.5311300456807
0.0,1.2470312,0.0,0.26762611701076633
0.0,0.0,0.0,-0.9018986418481811
0.0,0.0,0.0,-1.467887322383693
0.0,0.0,0.0,-1.290284019593517
0.0,0.0,0.0,-1.1287196040829777
0.0,0.0,0.0,-1.2145406754915482
0.0,0.0,0.0,-0.6987254727061336
0.0,0.0,0.0,-1.0752544672852729
0.0,0.0,0.0,-1.0828948975687975
0.0,0.0,0.0,-1.0992168515710006
0.0,0.0,0.0,-1.0409784739206347
0.0,0.0,0.0,-1.0372300509798897
0.0,0.0,0.0,-0.5749112972428426
0.0,0.0,0.0,-0.593422405644397
0.0,0.0,0.0,-0.5607090400703292
0.0,0.0,0.0,-0.5490125177879269
0.0,0.0,0.0,-0.5275273678727522
0.0,0.0,0.0,-0.5003710351700185
0.0,0.0,0.0,-0.6850433294357052
0.0,0.0,0.0,-0.5290839988330291
0.0,0.0,0.0,-0.4734363614102344
0.0,0.0,0.0,-0.3971377266312588
0.0,0.0,0.0,-0.31788073555770113
0.0,0.0,0.0,-0.2456635413625421
0.0,0.0,0.0,-0.34967638793209843
0.0,0.0,0.0,-0.3350352676775862
0.0,0.0,0.0,-0.28495751991060236
0.0,0.0,0.0,-0.2569813705671796
0.0,0.0,0.0,-0.2288351973648673
0.0,0.0,0.0,-0.19753124929440535
0.0,0.0,0.0,-0.13213965684301077
0.0,0.0,0.0,-0.08100595872856872
0.0,0.0,0.0,-0.024883699819013005
0.0,0.0,0.0,0.019541061411866394
0.0,0.0,0.0,0.1040971394078681
0.0,0.0,0.0,0.1548104426339278
0.0,0.0,0.0,0.20906578018261776
0.0,0.0,0.0,0.2732355759752449
0.0,0.0,0.0,0.34517421915548246
0.0,0.0,0.0,0.4025939657373762
0.0,0.0,0.0,0.4646122907509778
0.0,0.0,0.0,0.537301164729565
0.0,0.0,0.0,0.6137713689292864
0.0,0.0,0.0,0.6768673334324876
0.0,0.0,0.0,0.7451865441721636
0.0,0.0,0.0,0.821059736095919
0.0,0.0,0.0,0.890591057760437
0.0,0.0,0.0,0.9670016877540201
0.05,0.0,0.0,1.03775923777535
0.72,0.0,0.05,1.1548176433745376
1.7399999999999998,0.0,0.72,1.7446153105275957
2.99,0.0,1.7399999999999998,2.672966034233458
5.42,0.028691022,2.99,3.7925837033269834
8.98,1.5232764,5.42,5.899655503996669
13.08,5.342555,8.98,8.624995993435139
12.08,9.066655,13.08,12.075965983628775
11.69,10.4770775,12.08,11.529199101913107
14.91,9.883343,11.69,11.443921143397173
17.52,10.764276,14.91,14.060150378615594
18.5,13.3621,17.52,15.88037383378736
23.81,14.666028,18.5,16.793122161623824
32.18,16.701391,23.81,21.2152879271584
33.99,23.015238,32.18,27.279246071404867
36.47,25.443804,33.99,29.253345084217802
0.0,25.010849,36.47,31.2367579453679
0.0,3.9707944,0.0,0.8075643452167158
0.0,0.0,0.0,-0.36928966167608657
0.0,0.0,0.0,-1.5153536941351686
0.0,0.0,0.0,-1.4360761398822135
0.0,0.0,0.0,-1.2481322408631825
0.0,0.0,0.0,-1.4342756211331102
0.0,0.0,0.0,-0.6426806389616423
0.0,0.0,0.0,-0.7207571095629022
0.0,0.0,0.0,-0.8936274790989518
0.0,0.0,0.0,-1.1061502240600083
0.0,0.0,0.0,-1.1961152048242791
0.0,0.0,0.0,-1.2927851394471026
0.0,0.0,0.0,-0.5885248754703605
0.0,0.0,0.0,-0.5974446466684811
0.0,0.0,0.0,-0.5544033614514801
0.0,0.0,0.0,-0.570795296036283
0.0,0.0,0.0,-0.5726946200425995
0.0,0.0,0.0,-0.5384143820180167
0.0,0.0,0.0,-0.8943940928568255
0.0,0.0,0.0,-0.8584795439460218
0.0,0.0,0.0,-0.7796464616346838
0.0,0.0,0.0,-0.6745035347051911
0.0,0.0,0.0,-0.5324376406368285
0.0,0.0,0.0,-0.41920733080209327
0.0,0.0,0.0,-0.5645637466636867
0.0,0.0,0.0,-0.5555217445221632
0.0,0.0,0.0,-0.5016928682927447
0.0,0.0,0.0,-0.47722710416851155
0.0,0.0,0.0,-0.4436418675822628
0.0,0.0,0.0,-0.41738482507243035
0.0,0.0,0.0,-0.3430475146460745
0.0,0.0,0.0,-0.29097322945462084
0.0,0.0,0.0,-0.2634937619215155
0.0,0.0,0.0,-0.2154321866400348
0.0,0.0,0.0,-0.14046728305623613
0.0,0.0,0.0,-0.07369012146782594
0.0,0.0,0.0,-0.024857185354137078
0.0,0.0,0.0,0.044240970152693154
0.0,0.0,0.0,0.1496076809301068
0.0,0.0,0.0,0.21946306650499103
0.0,0.0,0.0,0.2903208361835802
0.0,0.0,0.0,0.3587893145956693
0.0,0.0,0.0,0.44499814027721024
0.0,0.0,0.0,0.5169668924323868
0.0,0.0,0.0,0.6022617271912275
0.0,0.0,0.0,0.6820337056138692
0.0,0.0,0.0,0.7614302885847777
0.0,0.0,0.0,0.837439883838904
0.26,0.0,0.0,0.9114717290490503
1.79,0.0,0.26,1.205686020089498
4.31,0.0,1.79,1.589328766882956
7.39,1.4168657,4.31,3.2914564054285695
10.9,4.144203,7.39,5.714477940516711
14.39,7.5912848,10.9,8.539988020350476
17.85,11.779984,14.39,11.543068908964749
0.0,15.124287,17.85,14.530974799728732
0.0,0.0,0.0,0.5606515400355006
0.0,0.0,0.0,-0.06101007485567189
0.0,0.0,0.0,-0.6792952692475596
0.0,0.0,0.0,-0.6602886957805452
0.0,0.0,0.0,-0.6444375090354691
0.0,0.0,0.0,-0.7298999467416779
0.0,0.0,0.0,-0.3611485226110614
0.0,0.0,0.0,-0.4440216423710869
0.0,0.0,0.0,-0.5360909176446098
0.0,0.0,0.0,-0.7072792178774289
0.0,0.0,0.0,-0.7972517054114101
0.0,0.0,0.0,-0.87865074147865
0.0,0.0,0.0,-0.5295414496230493
0.0,0.0,0.0,-0.5002621332766254
0.0,0.0,0.0,-0.49408630489126243
0.0,0.0,0.0,-0.48315345350015626
0.0,0.0,0.0,-0.4718960500775155
0.0,0.0,0.0,-0.4109217518227171
0.0,0.0,0.0,-0.37141633234421717
0.0,0.0,0.0,-0.3144659310286797
0.0,0.0,0.0,-0.24872337038443598
0.0,0.0,0.0,-0.1386885948033021
0.0,0.0,0.0,-0.039693774651259825
0.0,0.0,0.0,0.07515871736043025
0.0,0.0,0.0,0.043810836350153745
0.0,0.0,0.0,0.11552680244694222
0.0,0.0,0.0,0.17595773814739618
0.0,0.0,0.0,0.2334451003625804
0.0,0.0,0.0,0.29966566941899353
0.0,0.0,0.0,0.3830018390800822
0.0,0.0,0.0,0.44547687780840084
0.0,0.0,0.0,0.5173895519589842
0.0,0.0,0.0,0.588668601046815
0.0,0.0,0.0,0.6651558584010064
0.0,0.0,0.0,0.7447834580724725
0.0,0.0,0.0,0.8163519548006428
0.0,0.0,0.0,0.9000354355074112
0.0,0.0,0.0,0.9813483482993647
0.0,0.0,0.0,1.064088555545719
0.05,0.0,0.0,1.1280478477397289
0.8500000000000001,0.0,0.05,1.2488150085520588
3.35,0.0,0.8500000000000001,1.8085921650578762
5.26,0.0,3.35,4.091860052551952
7.57,2.4615633,5.26,5.178120230220592
12.78,4.656393,7.57,7.128286137076602
16.54,9.072194,12.78,11.226284810194437
19.89,13.695392,16.54,14.107427611871582
23.25,17.21169,19.89,17.03163877892414
26.200000000000003,19.906801,23.25,19.831172437614907
28.28,22.661913,26.200000000000003,22.341876687621713
30.8,24.280123,28.28,24.159405927662448
0.0,25.98823,30.8,26.131662107571135
0.0,1.5326362,0.0,0.4173665563803053
0.0,0.0,0.0,-0.7248177283301072
0.0,0.0,0.0,-1.6598056080732337
0.0,0.0,0.0,-1.5179227229002608
0.0,0.0,0.0,-1.3984684644941563
0.0,0.0,0.0,-1.7691922871928702
0.0,0.0,0.0,-1.1091601201134185
0.0,0.0,0.0,-1.1928837124956317
0.0,0.0,0.0,-1.269942042240601
0.0,0.0,0.0,-1.2907059686836353
0.0,0.0,0.0,-1.3249953639692411
0.0,0.0,0.0,-1.3735661310025058
0.0,0.0,0.0,-0.7541649474231326
0.0,0.0,0.0,-0.6991807742478074
0.0,0.0,0.0,-0.655348375690308
0.0,0.0,0.0,-0.6117820214556563
0.0,0.0,0.0,-0.5335015361411961
0.0,0.0,0.0,-0.4164876856466819
0.0,0.0,0.0,-0.3126815712822396
0.0,0.0,0.0,-0.19922285462047434
0.0,0.0,0.0,-0.0716581099890052
0.0,0.0,0.0,0.08667581837239619
0.0,0.0,0.0,0.22383175371255645
0.0,0.0,0.0,0.37654489729020085
0.0,0.0,0.0,0.30840873696744775
0.0,0.0,0.0,0.39470715779624865
0.0,0.0,0.0,0.4489199363126311
0.0,0.0,0.0,0.5140977753761384
0.0,0.0,0.0,0.6039016871239252
0.0,0.0,0.0,0.6784479009177481
0.0,0.0,0.0,0.7661094585378513
0.0,0.0,0.0,0.8422012381933692
0.0,0.0,0.0,0.9199015421793786
0.0,0.0,0.0,1.0009778165608485
0.0,0.0,0.0,1.0745359573335322
0.07,0.0,0.0,1.1409342084109275
0.98,0.0,0.07,1.2782910831186547
3.04,0.0,0.98,2.113383306826145
5.7,0.92157054,3.04,4.00687317012449
9.2,3.046411,5.7,6.455136551996415
12.629999999999999,5.833969,9.2,9.68584525768725
16.16,9.951223,12.629999999999999,12.8461767347735
19.3,13.572592,16.16,16.131867914153535
22.34,16.636475,19.3,19.021479539772027
25.290000000000003,19.112822,22.34,21.760757227249183
27.699999999999996,21.693043,25.290000000000003,24.334339482105545
29.93,23.605091,27.699999999999996,26.47329750644973
31.989999999999995,25.122175,29.93,28.3768684604721
33.8,26.537561,31.989999999999995,30.12359318246165
35.39,28.151697,33.8,31.63898031561887
3.71,29.387688,35.39,32.952552555092275
1.53,9.82719,3.71,3.9908759357009327
0.15,2.570504,1.53,1.060479063524078
0.0,0.0,0.15,-1.1766029988673932
0.0,0.0,0.0,-1.3110025143476458
0.0,0.0,0.0,-1.2492963081036021
0.0,0.0,0.0,-1.4009792365002758
0.0,0.0,0.0,-0.7206715150327461
0.0,0.0,0.0,-0.7962195234092178
0.0,0.0,0.0,-0.8724256201366507
0.0,0.0,0.0,-0.9851133849593809
0.0,0.0,0.0,-1.0439940786923456
0.0,0.0,0.0,-1.1223871904380887
0.0,0.0,0.0,-0.5186201579821785
0.0,0.0,0.0,-0.4902159808550247
0.0,0.0,0.0,-0.4246267558300022
0.0,0.0,0.0,-0.4183311689831545
0.0,0.0,0.0,-0.3966562593709193
0.0,0.0,0.0,-0.36622145049818655
0.0,0.0,0.0,-0.29292203309334297
0.0,0.0,0.0,-0.24071036272844681
0.0,0.0,0.0,-0.18008472778260204
0.0,0.0,0.0,-0.10633102025906262
0.0,0.0,0.0,0.01269308933748263
0.0,0.0,0.0,0.10220837269596002
0.0,0.0,0.0,-0.05531153827893799
0.0,0.0,0.0,-0.05084929004388755
0.0,0.0,0.0,-0.01815077269980824
0.0,0.0,0.0,-0.012092911830556205
0.0,0.0,0.0,-0.01855365159752903
0.0,0.0,0.0,0.004501822139434293
0.0,0.0,0.0,0.06444064048178824
0.0,0.0,0.0,0.08658940009262546
0.0,0.0,0.0,0.12149507158561376
0.0,0.0,0.0,0.15434343794325997
0.0,0.0,0.0,0.21742674519548005
0.0,0.0,0.0,0.2659613907880054
0.0,0.0,0.0,0.3037835481900194
0.0,0.0,0.0,0.34617326752768696
0.0,0.0,0.0,0.43044298313868157
0.0,0.0,0.0,0.4807473048929749
0.0,0.0,0.0,0.5334665067968128
0.0,0.0,0.0,0.5789558943590348
0.0,0.0,0.0,0.6394851265437185
0.0,0.0,0.0,0.7099941572777311
0.0,0.0,0.0,0.7813794596204799
0.0,0.0,0.0,0.8518904462059792
0.0,0.0,0.0,0.9336944510097169
0.0,0.0,0.0,0.9984012575579101
0.0,0.0,0.0,1.0803329065691225
0.0,0.0,0.0,1.1615148610551147
0.0,0.4343416,0.0,1.2370168002438753
0.0,0.7977284,0.0,1.306414507064245
0.01,0.6865002,0.0,1.3830370529327267
0.55,0.3916006,0.01,1.4703037547209825
2.43,1.481143,0.55,1.9860230638616079
4.68,2.733061,2.43,3.6412180077873253
7.249999999999999,4.4396305,4.68,5.740703488806149
10.15,6.505769,7.249999999999999,8.149386530694525
13.47,9.618845,10.15,10.82841801873659
16.61,12.373273,13.47,13.837535365374665
19.79,14.8122835,16.61,16.740790015790378
22.52,17.006918,19.79,19.630361676631846
25.2,19.585165,22.52,22.074069366343924
27.529999999999998,21.650488,25.2,24.43211019849424
29.81,23.328213,27.529999999999998,26.463176773546564
31.78,24.959621,29.81,28.411701200524377
33.48,26.84983,31.78,30.072038311809067
35.01,28.349876,33.48,31.483427061451962
36.39,29.506475,35.01,32.73113927375729
37.49,30.29427,36.39,33.790080604567876
35.86,30.92966,37.49,34.588655124482905
34.95,30.462452,35.86,33.079913799141856
38.42,29.39068,34.95,31.88939781950696
39.72,29.948717,38.42,34.74624662988136
39.81,30.233154,39.72,35.79286916968343
39.72,30.171902,39.81,35.83077829456892
39.9,29.538458,39.72,35.291410225098275
0.16,28.63199,39.9,35.48421336941379
0.0,3.8923647,0.16,-0.6363818676363264
0.0,0.0,0.0,-1.9949508214027856
0.0,0.0,0.0,-3.051299822738185
0.0,0.0,0.0,-2.7473092657632354
0.0,0.0,0.0,-2.456605965498891
0.0,0.0,0.0,-2.453551740001054
0.0,0.0,0.0,-1.485837333581455
0.0,0.0,0.0,-1.5515493815761165
0.0,0.0,0.0,-1.5355184813655256
0.0,0.0,0.0,-1.512916949258291
0.0,0.0,0.0,-1.5006841880895232
0.0,0.0,0.0,-1.4693789124186083
0.0,0.0,0.0,-0.5865083560826361
0.0,0.0,0.0,-0.5337164882774504
0.0,0.0,0.0,-0.48193345258383324
0.0,0.0,0.0,-0.421048123367191
0.0,0.0,0.0,-0.3158233125674939
0.0,0.0,0.0,-0.252213001030421
0.0,0.0,0.0,-0.20262621351767351
0.0,0.0,0.0,-0.11077409636599186
0.0,0.0,0.0,-0.4499262416199093
0.0,0.0,0.0,-0.3523657205073052
0.0,0.0,0.0,-0.2569152910165372
0.0,0.0,0.0,-0.14711792865577078
0.0,0.0,0.0,-0.2940829110805808
0.0,0.0,0.0,-0.2716492300933054
0.0,0.0,0.0,-0.29681615874649625
0.0,0.0,0.0,-0.26847355321161015
0.0,0.0,0.0,-0.23289469232969268
0.0,0.0,0.0,-0.2006395829296577
0.0,0.0,0.0,-0.18011431971257202
0.0,0.0,0.0,-0.15154445684003004
0.0,0.0,0.0,-0.0871577696263514
0.0,0.0,0.0,-0.04677132838102373
0.0,0.0,0.0,0.0013128775024285472
0.0,0.0,0.0,0.0641350721036632
0.0,0.0,0.0,0.13869100420739483
0.0,0.0,0.0,0.1949866120698994
0.0,0.0,0.0,0.24821655447545
0.0,0.0,0.0,0.3053901964044791
0.0,0.0,0.0,0.38084369317828853
0.0,0.0,0.0,0.4542096218284724
0.0,0.0,0.0,0.5192697238035542
0.0,0.0,0.0,0.5955192443782191
0.0,0.0,0.0,0.686640980246271
0.0,0.0,0.0,0.7688808326802279
0.0,0.0,0.0,0.8435593093620454
0.0,0.0,0.0,0.9314963945733137
0.0,0.0,0.0,1.0115388826547758
0.0,0.0,0.0,1.0887258412995
0.0,0.0,0.0,1.1580745852677998
0.22,0.0,0.0,1.2126283194740195
1.05,0.0,0.22,1.4291259668636722
2.14,0.38686612,1.05,2.1515861569590364
3.38,1.2331002,2.14,3.135615675041375
4.8,2.230125,3.38,4.259536620676164
8.3,4.096473,4.8,5.569577481041866
9.32,6.441393,8.3,8.592072209116923
12.04,8.027565,9.32,9.578070609082511
9.07,9.907623,12.04,12.048705708810187
8.79,9.463114,9.07,9.498131095871326
10.98,8.512577,8.79,9.169057333568038
12.15,8.302592,10.98,10.797751413266688
9.47,9.113226,12.15,11.74713434005118
6.76,8.635971,9.47,9.684669381538585
7.41,6.6272845,6.76,7.26180455669061
7.719999999999999,5.4049993,7.41,7.683542522632922
9.39,4.964185,7.719999999999999,7.889372307023384
11.85,5.6928816,9.39,9.238980749241508
11.13,7.4081593,11.85,11.232693711103558
13.86,7.925717,11.13,10.806433808756488
14.69,8.742845,13.86,13.05983747529983
22.53,9.194822,14.69,13.812632558788701
19.09,11.565277,22.53,20.393461151287877
24.36,13.121778,19.09,18.10728412898263
22.3,14.303197,24.36,22.033023485177093
22.8,14.737865,22.3,20.860427096961565
22.93,14.19097,22.8,20.896959530724757
22.17,14.081348,22.93,20.872760795583222
16.43,15.605915,22.17,19.828723990671566
14.46,11.611691,16.43,15.01470977969368
14.87,9.431274,14.46,12.905417625920002
16.1,7.789295,14.87,12.877973213698601
12.14,8.054914,16.1,13.891933265306616
13.18,6.264916,12.14,10.539669526928009
11.85,5.9975004,13.18,11.132740080320215
11.28,6.067034,11.85,10.461015880796149
14.62,4.8649354,11.28,9.57314492299967
13.43,4.921637,14.62,12.514940127660784
7.17,4.885184,13.43,11.658712257623877
7.61,3.207422,7.17,6.538738488868445
7.85,1.3799654,7.61,6.154898344438564
3.18,0.16550529,7.85,6.4078424858241725
2.54,0.0,3.18,2.7259445206613995
0.54,0.0,2.54,1.784315314921356
0.01,0.0,0.54,-0.06957191199041812
0.0,0.0,0.01,-0.3134931803300184
0.0,0.0,0.0,-0.35987989851003765
0.0,0.0,0.0,-0.3493930315043959
0.0,0.0,0.0,-0.18143384595187342
0.0,0.0,0.0,-0.22449303244674207
0.0,0.0,0.0,-0.15985259574974112
0.0,0.0,0.0,-0.03559906710565407
0.0,0.0,0.0,-0.05951045418368835
0.0,0.0,0.0,-0.07085243297266786
0.0,0.0,0.0,-0.013718534479898598
0.0,0.0,0.0,-0.021604852447531034
0.0,0.0,0.0,0.005891376005544811
0.0,0.0,0.0,0.010568327332815403
0.0,0.0,0.0,0.0012023129091055448
0.0,0.0,0.0,-0.024514939229256308
0.0,0.0,0.0,-0.04653972523228876
0.0,0.0,0.0,0.005601202384962131
0.0,0.0,0.0,-0.0009016702857559192
0.0,0.0,0.0,-0.0025225876499394145
0.0,0.0,0.0,-0.015891924377402743
0.0,0.0,0.0,-0.30870752278320324
0.0,0.0,0.0,-0.37730102052383924
0.0,0.0,0.0,-0.36629914131257774
0.0,0.0,0.0,-0.3788459426845789
0.0,0.0,0.0,-0.34469124146898866
0.0,0.0,0.0,-0.3397355574519468
0.0,0.0,0.0,-0.3303598406379289
0.0,0.0,0.0,-0.32441897850129764
0.0,0.0,0.0,-0.2660416437186064
0.0,0.0,0.0,-0.24919249303805674
0.0,0.0,0.0,-0.224531760942423
0.0,0.0,0.0,-0.18377576920095423
0.0,0.0,0.0,-0.11806791149548759
0.0,0.0,0.0,-0.07027654411361009
0.0,0.0,0.0,-0.025293871742018345
0.0,0.0,0.0,0.02702565914522049
0.0,0.0,0.0,0.10020976475476148
0.0,0.0,0.0,0.1549150576546225
0.0,0.0,0.0,0.20840272722075295
0.0,0.0,0.0,0.27190566585766957
0.0,0.0,0.0,0.3523851158178269
0.0,0.0,0.0,0.4274470595249314
0.0,0.0,0.0,0.49998463038116203
0.0,0.0,0.0,0.5710231305623004
0.0,0.0,0.0,0.6512578751794309
0.0,0.0,0.0,0.7181715621643369
0.0,0.0,0.0,0.7947658515407917
0.0,0.0,0.0,0.8728543507166829
0.0,0.0,0.0,0.9445972228622765
0.0,0.0,0.0,1.0210160924552805
0.03,0.0,0.0,1.105934612976733
0.86,0.0,0.03,1.205823588917575
3.36,0.0,0.86,1.9816793334942313
6.6000000000000005,0.67972016,3.36,4.277574350228787
10.26,3.2222443,6.6000000000000005,7.270347033065219
13.73,6.5594354,10.26,10.634808425750371
17.0,11.013882,13.73,13.86764317700221
20.32,14.694355,17.0,16.900718419967813
23.3,17.389683,20.32,19.940989938005043
25.97,19.624584,23.3,22.635526939363743
33.95,22.117155,25.97,24.960670227786053
29.960000000000004,24.321444,33.95,29.015019501951063
27.560000000000002,21.427872,29.960000000000004,25.815266239898584
25.15,19.448763,27.560000000000002,23.723955379948958
19.32,17.384247,25.15,21.29798988558581
16.18,13.060011,19.32,16.18052947980244
12.75,9.733017,16.18,13.266461734670475
9.35,6.7609615,12.75,9.920244616041686
6.280000000000001,3.4074974,9.35,7.02007095472032
3.4099999999999997,0.7699664,6.280000000000001,4.346976967730498
1.04,0.0,3.4099999999999997,1.8266413776989898
0.04,0.0,1.04,-0.09189907155144339
0.0,0.0,0.04,-0.863608809075167
0.0,0.0,0.0,-1.0364826063478938
0.0,0.0,0.0,-0.9306186674140925
0.0,0.0,0.0,-0.8544184742180876
0.0,0.0,0.0,-0.7643081493373061
0.0,0.0,0.0,-0.6362415052996881
0.0,0.0,0.0,-0.5954201600231548
0.0,0.0,0.0,-0.5531713483067184
0.0,0.0,0.0,-0.45947881504088023
0.0,0.0,0.0,-0.4082062391552416
0.0,0.0,0.0,-0.3395720475917827
0.0,0.0,0.0,-0.27351696070956333
0.0,0.0,0.0,-0.19300684928694362
0.0,0.0,0.0,-0.11050656101789132
0.0,0.0,0.0,-0.10071035153899413
0.0,0.0,0.0,-0.07800836245602585
0.0,0.0,0.0,-0.024849104273086745
0.0,0.0,0.0,-0.027593060548770226
0.0,0.0,0.0,-0.030168316353994078
0.0,0.0,0.0,-0.03677691603767366
0.0,0.0,0.0,-0.50241279340817
0.0,0.0,0.0,-0.5258327688856614
0.0,0.0,0.0,-0.5375345062262772
0.0,0.0,0.0,-0.5565323236419614
0.0,0.0,0.0,-0.5301465254738329
0.0,0.0,0.0,-0.5250881013291859
0.0,0.0,0.0,-0.5246209350126155
0.0,0.0,0.0,-0.5131309639462154
0.0,0.0,0.0,-0.4625258054643092
0.0,0.0,0.0,-0.43105574159844723
0.0,0.0,0.0,-0.40732722426251344
0.0,0.0,0.0,-0.3694280523661619
0.0,0.0,0.0,-0.3074758031036968
0.0,0.0,0.0,-0.269038924890317
0.0,0.0,0.0,-0.22936860843869797
0.0,0.0,0.0,-0.16723322649504524
0.0,0.0,0.0,-0.09627314462991102
0.0,0.0,0.0,-0.018532177730196803
0.0,0.0,0.0,0.04191356645387827
0.0,0.0,0.0,0.11693261622221784
0.0,0.0,0.0,0.13703149279897675
0.0,0.0,0.0,0.21940743182574385
0.0,0.0,0.0,0.3173141208858584
0.0,0.0,0.0,0.35794146559935835
0.0,0.0,0.0,0.43755499037975293
0.0,0.0,0.0,0.5157435707762522
0.0,0.0,0.0,0.5878184077319807
0.0,0.0,0.0,0.6616326928800079
0.0,0.0,0.0,0.7409066066112922
0.0,0.0,0.0,0.8184736901949154
0.02,0.0,0.0,0.8974300619156507
0.75,0.0,0.02,0.983159515803712
3.1,0.0,0.75,1.4029495409139752
6.17,0.0,3.1,2.8158178746794618
9.85,1.6057872,6.17,4.993792966388845
13.44,5.1279416,9.85,7.95007600715925
16.88,9.84032,13.44,10.903021354097671
0.0,13.47701,16.88,13.850462559736359
0.0,0.10348368,0.0,0.9153563270197562
0.0,0.0,0.0,0.3186233401349381
0.0,0.0,0.0,-0.2847920814339183
0.0,0.0,0.0,-0.31384831544409086
0.0,0.0,0.0,-0.3044224166206144
0.0,0.0,0.0,-0.4607870069041835
0.0,0.0,0.0,-0.13237433668293713
0.0,0.0,0.0,-0.23918732006773594
0.0,0.0,0.0,-0.3159204841253236
0.0,0.0,0.0,-0.4388016976131823
0.0,0.0,0.0,-0.562433241930577
0.0,0.0,0.0,-0.6764622329037382
0.0,0.0,0.0,-0.3430925529747081
0.0,0.0,0.0,-0.3756020991440279
0.0,0.0,0.0,-0.4075203841600466
0.0,0.0,0.0,-0.4340459911236386
0.0,0.0,0.0,-0.30911220186684607
0.0,0.0,0.0,-0.32517908747065094
0.0,0.0,0.0,-0.3305208188563523
0.0,0.0,0.0,-0.3147695408859352
0.0,0.0,0.0,-0.25015515470116073
0.0,0.0,0.0,-0.2089082558206029
0.0,0.0,0.0,-0.15464946743756586
0.0,0.0,0.0,-0.08041202787948745
0.0,0.0,0.0,-0.10826755385878878
0.0,0.0,0.0,-0.0904178034315379
0.0,0.0,0.0,-0.060836430372000413
0.0,0.0,0.0,-0.03188264267303988
0.0,0.0,0.0,0.028479296474209596
0.0,0.0,0.0,0.05755740391119538
0.0,0.0,0.0,0.09329474634360464
0.0,0.0,0.0,0.14422239462794553
0.0,0.0,0.0,0.2143772922149503
0.0,0.0,0.0,0.2604199690476181
0.0,0.0,0.0,0.31349407406448865
0.0,0.0,0.0,0.3732379551234184
0.0,0.0,0.0,0.4435905477156516
0.0,0.0,0.0,0.5055636781194534
0.0,0.0,0.0,0.5745903962047558
0.0,0.0,0.0,0.6388693407774528
0.0,0.0,0.0,0.7153528055439482
0.0,0.0,0.0,0.7899086630632636
0.0,0.0,0.0,0.8639289036344998
0.0,0.0,0.0,0.9415030280552221
0.0,0.0,0.0,1.016882773972151
0.0,0.0,0.0,1.1044504688607844
0.0,0.0,0.0,1.1799212482376578
0.78,0.0,0.0,1.2563123321862295
1.91,0.0,0.78,1.9713202562718857
2.88,0.9859726,1.91,2.969398814337516
5.93,1.7935116,2.88,3.7882402506580246
9.88,3.547689,5.93,6.4731192867508724
10.72,7.8941145,9.88,9.511478240966603
11.03,10.427965,10.72,10.261128391659263
13.059999999999999,10.659422,11.03,10.890887693810193
14.17,11.064896,13.059999999999999,12.510268599597705
20.85,11.552782,14.17,13.609181751785279
25.8,15.446711,20.85,18.819210601757312
23.99,18.984976,25.8,22.81759350531741
27.91,20.328743,23.99,21.749035159436396
27.68,22.089348,27.91,24.768704848062743
24.6,23.57021,27.68,23.93090741170072
23.25,23.440695,24.6,21.188376037847
24.57,22.256237,23.25,19.7705500350713
25.0,21.442642,24.57,20.715076121790776
25.619999999999997,19.652506,25.0,21.09627743111967
22.84,18.876196,25.619999999999997,21.560408394876738
25.5,17.007946,22.84,19.117922051459356
24.8,16.841606,25.5,21.30270764506968
25.85,15.586556,24.8,20.534808559515703
27.71,15.301741,25.85,21.376128831573393
25.4,14.790577,27.71,22.888711721186784
22.42,13.862165,25.4,20.914853139117273
19.53,11.302771,22.42,18.485679514783115
15.960000000000003,8.94264,19.53,15.831282958322678
13.200000000000001,6.447494,15.960000000000003,12.720625710572564
9.94,4.378141,13.200000000000001,10.178203697212012
5.79,1.9189116,9.94,7.227209915376875
2.33,0.0,5.79,3.6499238249249943
0.53,0.0,2.33,0.7920513103881754
0.0,0.0,0.53,-0.8708673193764005
0.0,0.0,0.0,-1.1358774246967962
0.0,0.0,0.0,-1.0495204359829864
0.0,0.0,0.0,-0.9945843437528378
0.0,0.0,0.0,-0.8200497249379133
0.0,0.0,0.0,-0.6448444161037948
0.0,0.0,0.0,-0.5692644246683156
0.0,0.0,0.0,-0.5032298737987828
0.0,0.0,0.0,-0.44317723629804795
0.0,0.0,0.0,-0.33957758357915435
0.0,0.0,0.0,-0.26115211010502154
0.0,0.0,0.0,-0.1990340089948424
0.0,0.0,0.0,-0.14925931344402996
0.0,0.0,0.0,-0.08730255826996866
0.0,0.0,0.0,-0.07603789380794673
0.0,0.0,0.0,-0.04237654310912525
0.0,0.0,0.0,-0.027784670712381263
0.0,0.0,0.0,0.024662842875048004
0.0,0.0,0.0,0.04599265822928904
0.0,0.0,0.0,0.045751637701522616
0.0,0.0,0.0,0.031330416234665905
0.0,0.0,0.0,-0.15601195118313954
0.0,0.0,0.0,-0.1814866085171743
0.0,0.0,0.0,-0.2014058762964746
0.0,0.0,0.0,-0.2154673554391459
0.0,0.0,0.0,-0.1794284959506079
0.0,0.0,0.0,-0.17664045229811887
0.0,0.0,0.0,-0.17699917857515388
0.0,0.0,0.0,-0.16199040143566532
0.0,0.0,0.0,-0.10349460015478609
0.0,0.0,0.0,-0.08263626415445612
0.0,0.0,0.0,-0.0609756352212585
0.0,0.0,0.0,-0.030194776939252398
0.0,0.0,0.0,0.04793999316035427
0.0,0.0,0.0,0.08858831371189677
0.0,0.0,0.0,0.1342459495603746
0.0,0.0,0.0,0.1834810371881346
0.0,0.0,0.0,0.25868291311376185
0.0,0.0,0.0,0.3197596313248683
0.0,0.0,0.0,0.38683471094988037
0.0,0.0,0.0,0.45981921569970136
0.0,0.0,0.0,0.5063688847058104
0.0,0.0,0.0,0.5959091109000524
0.0,0.0,0.0,0.6741806392516216
0.0,0.0,0.0,0.7362698234041223
0.0,0.0,0.0,0.814824806770054
0.0,0.0,0.0,0.9006428493875354
0.0,0.0,0.0,0.9656033940153596
0.0,0.0,0.0,1.0526294130898255
0.0,0.0,0.0,1.117350804498694
0.0,0.0,0.0,1.188959809036668
0.0,0.0,0.0,1.2269088116633278
0.59,0.0,0.0,1.2918715972927164
2.89,0.1149911,0.59,1.5706188108571502
5.94,2.1139047,2.89,2.9792365059002597
9.97,4.8170066,5.94,5.249127302726827
13.639999999999999,8.280774,9.97,8.373514698248762
17.13,12.406853,13.639999999999999,11.497980078261984
20.49,15.593201,17.13,14.495648539297115
41.74,18.094177,20.49,17.409693231659954
41.05,26.512203,41.74,36.526589383623744
40.36,27.74523,41.05,36.475961972344216
39.28,29.002836,40.36,36.16925972994649
37.98,28.490236,39.28,34.72567002979039
36.53,27.274567,37.98,33.25638844673966
35.23,26.111444,36.53,31.86597498172039
33.56,25.607166,35.23,30.058890851256194
31.679999999999996,22.95805,33.56,28.516520470696214
29.469999999999995,20.804926,31.679999999999996,26.88531878158401
26.979999999999997,18.681845,29.469999999999995,24.878603365261
24.23,16.54818,26.979999999999997,22.606378557368956
21.29,13.361825,24.23,20.213609031749513
18.15,11.0262165,21.29,17.143640677541438
14.679999999999998,7.972864,18.15,14.39737304247336
11.07,4.9833703,14.679999999999998,11.272442996047548
7.470000000000001,1.8113382,11.07,8.081595665427576
3.94,0.0,7.470000000000001,4.894675272854332
0.9000000000000001,0.0,3.94,1.7845161087122807
0.0,0.0,0.9000000000000001,-0.8440952056097545
0.0,0.0,0.0,-1.5739000853468048
0.0,0.0,0.0,-1.4899983137216855
0.0,0.0,0.0,-1.3552414057805136
0.0,0.0,0.0,-1.196824667328358
0.0,0.0,0.0,-1.0247130399977766
0.0,0.0,0.0,-0.7603429242045225
0.0,0.0,0.0,-0.6455611682765584
0.0,0.0,0.0,-0.5360198596657761
0.0,0.0,0.0,-0.3926453791775759
0.0,0.0,0.0,-0.29796288731020537
0.0,0.0,0.0,-0.18971740274634288
0.0,0.0,0.0,-0.10065695929786442
0.0,0.0,0.0,-0.013089889962887916
0.0,0.0,0.0,0.009311551873218173
0.0,0.0,0.0,0.02974525533284353
0.0,0.0,0.0,0.04882138162241867
0.0,0.0,0.0,0.1026725503008287
0.0,0.0,0.0,0.10668434737525334
0.0,0.0,0.0,0.10587868913775697
0.0,0.0,0.0,0.10333146759489986
0.0,0.0,0.0,0.07441078234643496
0.0,0.0,0.0,0.06616060904889742
0.0,0.0,0.0,0.04706550831118043
0.0,0.0,0.0,0.019013864257776993
0.0,0.0,0.0,0.048505102917428995
0.0,0.0,0.0,0.050521046283048474
0.0,0.0,0.0,0.05858437958214287
0.0,0.0,0.0,0.0690406318402656
0.0,0.0,0.0,0.11924084705347941
0.0,0.0,0.0,0.13255044402303104
0.0,0.0,0.0,0.16445613637703568
0.0,0.0,0.0,0.1991277621978555
0.0,0.0,0.0,0.26753202730337
0.0,0.0,0.0,0.30454334550759665
0.0,0.0,0.0,0.35069018916856104
0.0,0.0,0.0,0.4014615825104453
0.0,0.0,0.0,0.46970053850642035
0.0,0.0,0.0,0.524017664152825
0.0,0.0,0.0,0.58684331169657
0.0,0.0,0.0,0.6459415155180557
0.0,0.0,0.0,0.7239610630097839
0.0,0.0,0.0,0.7873562312644099
0.0,0.0,0.0,0.8606618484795143
0.0,0.0,0.0,0.9383127778538147
0.0,0.0,0.0,1.012466914829133
0.0,0.0,0.0,1.0896050440407974
0.0,0.0,0.0,1.1654564252814545
0.0,0.0,0.0,1.244313234908815
0.0,0.7393818,0.0,1.3175072902446088
0.0,1.2276411,0.0,1.4015431247331238
0.0,1.2794435,0.0,1.470904415544122
0.53,1.0535784,0.0,1.5582265826875028
2.84,2.1781564,0.53,1.8475711212918244
6.25,3.9651825,2.84,3.2220055043800073
10.09,6.5832615,6.25,5.752616692403522
13.600000000000001,9.7943535,10.09,8.871088181827732
17.16,13.645615,13.600000000000001,11.975750305844317
20.49,16.757631,17.16,15.037952551524524
23.74,19.179106,20.49,17.94900001154966
26.669999999999998,21.235283,23.74,20.744415317584856
29.34,23.713707,26.669999999999998,23.193342985624376
31.670000000000005,25.754463,29.34,25.455219631508918
43.3,27.459856,31.670000000000005,27.336189159469054
43.42,31.750584,43.3,38.01748069617383
43.5,32.828903,43.42,38.372279672068565
43.43,33.310795,43.5,38.218950429397125
43.12,33.57793,43.43,37.96831850499838
42.75,32.931473,43.12,37.34873488991568
42.16,32.24957,42.75,36.869624213098405
41.22,31.881666,42.16,35.89725482115609
40.18,30.98352,41.22,34.944110045488365
38.83,29.41282,40.18,33.94673046756568
37.34,27.957094,38.83,32.62346845944707
35.57,26.379568,37.34,31.249899637506793
33.7,24.582392,35.57,29.564337476905077
31.540000000000003,22.086538,33.7,27.638065680408797
29.109999999999996,19.708055,31.540000000000003,25.822195450081665
26.46,17.307966,29.109999999999996,23.70145831254964
23.64,15.116835,26.46,21.33624588331604
20.59,12.132753,23.64,18.946970018022956
17.42,9.644169,20.59,16.274349832997046
13.849999999999998,7.2280273,17.42,13.480886691946047
10.06,5.1228065,13.849999999999998,10.352318805920667
6.22,2.3505714,10.06,7.047329679977316
2.75,0.0,6.22,3.7013415064129473
0.48,0.0,2.75,0.6930783918073058
0.0,0.0,0.48,-1.2484332186226799
0.0,0.0,0.0,-1.5014813750175728
0.0,0.0,0.0,-1.3263095500489916
0.0,0.0,0.0,-1.1048615643265929
0.0,0.0,0.0,-0.9005915571827561
0.0,0.0,0.0,-0.6823503869991029
0.0,0.0,0.0,-0.5323376120968399
0.0,0.0,0.0,-0.4118975476843409
0.0,0.0,0.0,-0.3058112130651873
0.0,0.0,0.0,-0.14801702486804852
0.0,0.0,0.0,-0.030203282860983942
0.0,0.0,0.0,0.07020375304250068
0.0,0.0,0.0,0.146333233204041
0.0,0.0,0.0,0.22575979409111857
0.0,0.0,0.0,0.2497050108501932
0.0,0.0,0.0,0.273809090150076
0.0,0.0,0.0,0.28321783639434356
0.0,0.0,0.0,0.34111564097191566
0.0,0.0,0.0,0.3326976089952877
0.0,0.0,0.0,0.3387970951292649
0.0,0.0,0.0,0.3407847427410276
0.0,0.0,0.0,-0.0162439755079841
0.0,0.0,0.0,-0.032056752102907135
0.0,0.0,0.0,-0.05361762826765204
0.0,0.0,0.0,-0.06893178555327228
0.0,0.0,0.0,-0.03785330662747846
0.0,0.0,0.0,-0.028845284510466487
0.0,0.0,0.0,-0.02205644836313341
0.0,0.0,0.0,-0.006287484027924124
0.0,0.0,0.0,0.04545305966505361
0.0,0.0,0.0,0.06980490973398454
0.0,0.0,0.0,0.09612046527202894
0.0,0.0,0.0,0.132218105040241
0.0,0.0,0.0,0.20386334684342894
0.0,0.0,0.0,0.2485035604830637
0.0,0.0,0.0,0.2971194955229031
0.0,0.0,0.0,0.3419367905154007
0.0,0.0,0.0,0.4224762024398098
0.0,0.0,0.0,0.4739831015148844
0.0,0.0,0.0,0.5399018048113389
0.0,0.0,0.0,0.6005613552226909
0.0,0.0,0.0,0.681686810722427
0.0,0.0,0.0,0.7522214521010676
0.0,0.0,0.0,0.8189404387517254
0.0,0.0,0.0,0.8981314334219371
0.0,0.0,0.0,0.977847014673892
0.0,0.0,0.0,1.0500776165379901
0.0,0.0,0.0,1.1243887720274328
0.0,0.0,0.0,1.1984774073074866
0.0,0.37609482,0.0,1.2732034870636144
0.0,0.81111825,0.0,1.3484373186154948
0.0,0.83181745,0.0,1.4244066246030214
0.11,0.63838506,0.0,1.4911716361391818
0.68,1.3663583,0.11,1.651701385747089
2.46,1.5310608,0.68,2.1993323903820095
5.58,2.1001325,2.46,3.7299421722913313
11.13,4.926687,5.58,5.764132768735185
10.87,8.516921,11.13,11.032991909069253
15.410000000000002,12.193515,10.87,10.513722801182231
18.81,13.693404,15.410000000000002,14.739599546659177
24.17,16.367598,18.81,17.376570543142066
19.07,19.925993,24.17,21.843774456569058
16.88,19.451942,19.07,17.89697600578371
21.99,16.100906,16.88,16.31416328727291
30.89,17.258629,21.99,20.21947298962204
33.17,21.976576,30.89,27.436072067863364
30.31,25.795769,33.17,29.536913420345662
36.53,27.061323,30.31,27.284164106496355
38.44,28.818958,36.53,32.19092454745507
31.22,29.919294,38.44,33.469804240359565
30.69,27.701687,31.22,27.94552634119255
26.780000000000005,24.411028,30.69,26.866534878305682
16.97,23.431292,26.780000000000005,23.1119613943616
14.78,18.803532,16.97,14.957575730839846
17.7,13.703267,14.78,12.702332232090063
18.07,12.369995,17.7,14.777517152659103
21.45,12.26378,18.07,15.308615818183979
30.210000000000004,13.245967,21.45,18.125285125531803
24.93,16.762184,30.210000000000004,25.514726158632296
21.04,15.87952,24.93,21.744218334438447
20.81,16.584883,21.04,18.52496628519059
20.75,14.619989,20.81,17.892753257991533
21.28,13.752768,20.75,17.84446743200934
21.34,13.311762,21.28,18.292363162178304
21.08,13.273774,21.34,18.26361038162999
21.9,12.3012905,21.08,18.399104695418757
21.78,11.941487,21.9,19.147814676144435
20.66,11.796682,21.78,18.93013477331863
19.98,11.4159,20.66,17.989801131069694
17.62,10.218514,19.98,17.312416829036614
14.78,8.826801,17.62,15.02131641663484
12.07,5.595125,14.78,12.16416428534066
8.84,4.8733034,12.07,10.183834306750855
5.42,2.7590315,8.84,7.328998656116726
2.24,0.6173214,5.42,4.256151304251604
0.34,0.0,2.24,1.3775788379166376
0.0,0.0,0.34,-0.35412996065605495
0.0,0.0,0.0,-0.7198529695256028
0.0,0.0,0.0,-0.716147404521347
0.0,0.0,0.0,-0.6191564920365024
0.0,0.0,0.0,-0.5192952098064147
0.0,0.0,0.0,-0.4024419945361745
0.0,0.0,0.0,-0.26741124872097927
0.0,0.0,0.0,-0.23085594014602417
0.0,0.0,0.0,-0.20728683490930622
0.0,0.0,0.0,-0.12209210829088948
0.0,0.0,0.0,-0.06821674857298912
0.0,0.0,0.0,-0.004914356960647806
0.0,0.0,0.0,0.024932470004802865
0.0,0.0,0.0,0.06315368518581103
0.0,0.0,0.0,0.08127885281415878
0.0,0.0,0.0,0.0816031439863734
0.0,0.0,0.0,0.09355288052094908
0.0,0.0,0.0,0.1461785386628816
0.0,0.0,0.0,0.1501683977951024
0.0,0.0,0.0,0.14092243133404914
0.0,0.0,0.0,0.13115202902975637
0.0,0.0,0.0,0.12295008097748146
0.0,0.0,0.0,0.10871074268805764
0.0,0.0,0.0,0.08687254458124519
0.0,0.0,0.0,0.07018328976566829
0.0,0.0,0.0,0.10561534115216438
0.0,0.0,0.0,0.10193894798530799
0.0,0.0,0.0,0.10352547078488605
0.0,0.0,0.0,0.12124762549142204
0.0,0.0,0.0,0.16923283644649895
0.0,0.0,0.0,0.1887784989808277
0.0,0.0,0.0,0.20629607403168276
0.0,0.0,0.0,0.24496763871254373
0.0,0.0,0.0,0.30795827352882443
0.0,0.0,0.0,0.3511553172482709
0.0,0.0,0.0,0.39355142725604875
0.0,0.0,0.0,0.4388585866593913
0.0,0.0,0.0,0.511351149338314
0.0,0.0,0.0,0.5724323057407033
0.0,0.0,0.0,0.6229240474307485
0.0,0.0,0.0,0.6817566274303596
0.0,0.0,0.0,0.7742793440913566
0.0,0.0,0.0,0.834180676422647
0.0,0.0,0.0,0.8981819451326599
0.0,0.0,0.0,0.9723223049270445
0.0,0.0,0.0,1.0522996487080345
0.0,0.0,0.0,1.1306110939378438
0.0,0.0,0.0,1.2058127875030729
0.0,0.0,0.0,1.2749521258047747
0.0,0.9328231,0.0,1.3545895954975806
0.0,1.4390625,0.0,1.4365791021501193
0.0,1.299958,0.0,1.514215115728343
0.29,0.6280284,0.0,1.598879342118633
1.94,1.2442075,0.29,1.864200584591721
4.75,2.3328092,1.94,3.049423920012594
8.27,4.324077,4.75,5.2451558598302945
11.73,7.074049,8.27,8.204591496000239
15.160000000000002,10.903541,11.73,11.338312896645212
18.45,14.1846895,15.160000000000002,14.341883026209901
21.62,16.772533,18.45,17.248567154126036
24.55,18.95906,21.62,20.008163943933013
27.200000000000003,21.394453,24.55,22.5319740956279
29.549999999999997,23.214945,27.200000000000003,24.79862213680466
31.629999999999995,24.81941,29.549999999999997,26.71632682988243
33.52,26.328617,31.629999999999995,28.46225725096466
35.19,28.15723,33.52,30.103809671732364
36.52,29.855473,35.19,31.382292217623565
37.77,31.198788,36.52,32.471169691062094
38.97,32.35749,37.77,33.45050305191163
39.85,33.14201,38.97,34.22430617289627
40.64,33.58275,39.85,34.791531902947916
41.37,33.789837,40.64,35.381280906656045
41.7,33.84533,41.37,35.867323581496066
41.8,33.514835,41.7,36.3408539593865
41.84,33.1978,41.8,36.315509921334254
41.92,32.552017,41.84,35.95769424944717
41.52,32.20613,41.92,36.075625069538965
41.16,31.123144,41.52,35.5718149904273
40.3,30.210262,41.16,35.14436158857714
39.57,29.197216,40.3,34.29914578699782
38.27,28.139294,39.57,33.5153114158077
37.01,26.493925,38.27,32.37382871367669
35.62,25.055447,37.01,31.171204770436756
33.95,23.722275,35.62,29.898612189313
31.97,22.048388,33.95,28.365692158699176
29.81,19.39449,31.97,26.611377960565264
27.449999999999996,17.215502,29.81,24.70624267824
24.93,15.266852,27.449999999999996,22.665006242172925
21.95,13.34586,24.93,20.45197881364851
18.92,10.630399,21.95,17.88907154950129
15.689999999999998,8.362403,18.92,15.23716802354379
12.18,6.2249556,15.689999999999998,12.367179704153408
8.68,4.1591873,12.18,9.281017317430473
5.26,1.566355,8.68,6.211262463678258
2.07,0.0,5.26,3.2052736532577675
0.24,0.0,2.07,0.4437944967710633
0.0,0.0,0.24,-1.1285644167073143
0.0,0.0,0.0,-1.255015538013113
0.0,0.0,0.0,-1.0838594635445065
0.0,0.0,0.0,-0.871441684747095
0.0,0.0,0.0,-0.6871638475842764
0.0,0.0,0.0,-0.48542488288448454
0.0,0.0,0.0,-0.33887828534881825
0.0,0.0,0.0,-0.22487977963324898
0.0,0.0,0.0,-0.12061931215024482
0.0,0.0,0.0,0.01825558659181211
0.0,0.0,0.0,0.115408923674944
0.0,0.0,0.0,0.21188595678596595
0.0,0.0,0.0,0.27920263005255413
0.0,0.0,0.0,0.34576693161282623
0.0,0.0,0.0,0.3514036280062395
0.0,0.0,0.0,0.3734547712548841
0.0,0.0,0.0,0.3785905547503077
0.0,0.0,0.0,0.42793014541852686
0.0,0.0,0.0,0.45390668762316166
0.0,0.0,0.0,0.42465145966498385
0.0,0.0,0.0,0.39721326722765815
0.0,0.0,0.0,0.20066476085915697
0.0,0.0,0.0,0.20212069538179095
0.0,0.0,0.0,0.1772256652490603
0.0,0.0,0.0,0.16053296671743253
0.0,0.0,0.0,0.18668468696999302
0.0,0.0,0.0,0.18285238758203487
0.0,0.0,0.0,0.1928822586151454
0.0,0.0,0.0,0.21580307918214625
0.0,0.0,0.0,0.2753374949927868
0.0,0.0,0.0,0.2990356408449562
0.0,0.0,0.0,0.33833886730744234
0.0,0.0,0.0,0.3646257429886685
0.0,0.0,0.0,0.43017798006226915
0.0,0.0,0.0,0.4789747513197933
0.0,0.0,0.0,0.5161682870231216
0.0,0.0,0.0,0.5616314646869541
0.0,0.0,0.0,0.640584653029188
0.0,0.0,0.0,0.7114940002838879
0.0,0.0,0.0,0.7512844403935064
0.0,0.0,0.0,0.8116781082398167
0.0,0.0,0.0,0.8901112039374905
0.0,0.0,0.0,0.9575190810980553
0.0,0.0,0.0,1.021786398778954
0.0,0.0,0.0,1.0942601614286684
0.0,0.0,0.0,1.1673553008862945
0.0,0.0,0.0,1.2499456059705027
0.0,0.0,0.0,1.3299325792496104
0.0,0.0,0.0,1.397666765536996
0.0,1.0242608,0.0,1.4647428302721202
0.0,1.3117652,0.0,1.5463022730234095
0.0,0.8260492,0.0,1.6279764558336942
0.22999999999999998,0.12980807,0.0,1.7113581495183037
2.0,0.6495766,0.22999999999999998,1.9495518040104152
5.45,1.8342547,2.0,3.2474338520141255
9.34,4.2202764,5.45,6.019874693548331
13.04,7.4687414,9.34,9.330061169851136
16.54,11.7045355,13.04,12.76140397738596
19.86,15.033561,16.54,15.900268382789386
23.0,17.510736,19.86,18.891295471665774
25.980000000000004,19.561804,23.0,21.669566964626924
28.859999999999996,21.988903,25.980000000000004,24.268101293291664
31.430000000000003,23.95434,28.859999999999996,26.7447626856062
33.85,25.762636,31.430000000000003,28.85110328973593
35.89,27.538794,33.85,30.87957274092593
37.69,29.577164,35.89,32.66319989941867
39.28,31.357533,37.69,34.100133997875595
40.58,32.888565,39.28,35.35916005317461
41.61,34.129944,40.58,36.388064438225996
42.37,35.230747,41.61,37.000443220433944
42.64,35.610577,42.37,37.46702504312811
43.15,35.613815,42.64,37.61998053395514
43.36,35.573887,43.15,37.88812545223228
43.56,35.108044,43.36,38.21636703981428
43.53,34.81802,43.56,38.296552012406984
43.48,34.124878,43.53,37.839343396223235
43.17,33.659798,43.48,37.88760964575146
42.55,32.519714,43.17,37.427146763596454
41.77,31.485039,42.55,36.74437036480962
40.9,30.426048,41.77,35.95121095658897
39.87,29.309034,40.9,35.07471549099819
38.62,27.610611,39.87,34.10246700753379
37.04,26.241526,38.62,32.8988057012691
35.3,24.780018,37.04,31.450285231313345
33.36,23.063871,35.3,29.84666955458255
31.240000000000002,20.319277,33.36,28.07417608034264
29.020000000000003,18.0725,31.240000000000002,26.217537357680886
26.43,16.117863,29.020000000000003,24.242583615500745
23.57,14.167188,26.43,21.96891789127202
20.48,11.438971,23.57,19.49126210122454
17.23,9.108106,20.48,16.742474219363945
13.74,6.8566136,17.23,13.8695168349531
10.13,4.751618,13.74,10.771871726150028
6.43,2.0359926,10.13,7.585254461999602
2.53,0.0,6.43,4.334409212140855
0.32,0.0,2.53,0.9566451914855445
0.0,0.0,0.32,-0.9874799030196696
0.0,0.0,0.0,-1.2537639619979515
0.0,0.0,0.0,-1.0901073839282873
0.0,0.0,0.0,-0.8661565795130822
0.0,0.0,0.0,-0.6565186689423553
0.0,0.0,0.0,-0.43299096147960264
0.0,0.0,0.0,-0.2807409213646972
0.0,0.0,0.0,-0.16420393741824052
0.0,0.0,0.0,-0.05693154302366596
0.0,0.0,0.0,0.09061440203449143
0.0,0.0,0.0,0.19797094163854415
0.0,0.0,0.0,0.3104395392606986
0.0,0.0,0.0,0.3790353673382277
0.0,0.0,0.0,0.4453386177309993
0.0,0.0,0.0,0.4699157119836752
0.0,0.0,0.0,0.48831201949029734
0.0,0.0,0.0,0.5108533036872457
0.0,0.0,0.0,0.5507442568406142
0.0,0.0,0.0,0.5551368602896918
0.0,0.0,0.0,0.5453984447054459
0.0,0.0,0.0,0.5500099740996828
0.0,0.0,0.0,0.3119645377503456
0.0,0.0,0.0,0.31065828676750706
0.0,0.0,0.0,0.2794008052462455
0.0,0.0,0.0,0.23688993233643602
0.0,0.0,0.0,0.2707498557301322
0.0,0.0,0.0,0.27521753347773315
0.0,0.0,0.0,0.2811122963823357
0.0,0.0,0.0,0.291977870126762
0.0,0.0,0.0,0.34155354942101596
0.0,0.0,0.0,0.367032458172915
0.0,0.0,0.0,0.4012890747402787
0.0,0.0,0.0,0.4376315938831091
0.0,0.0,0.0,0.5017825768729729
0.0,0.0,0.0,0.5391899767883497
0.0,0.0,0.0,0.5944010668336261
0.0,0.0,0.0,0.6409231988688409
0.0,0.0,0.0,0.7148295139062968
0.0,0.0,0.0,0.7696866222513244
0.0,0.0,0.0,0.8273141434846646
0.0,0.0,0.0,0.9011810968238413
0.0,0.0,0.0,0.9806270908458438
0.0,0.0,0.0,1.0477695611468936
0.0,0.0,0.0,1.1147624868453327
0.0,0.0,0.0,1.1913464363370752
0.0,0.0,0.0,1.273129901680336
0.0,0.0,0.0,1.3466021415978042
0.0,0.0,0.0,1.4095471540704478
0.0,0.0,0.0,1.4810197881514096
0.0,0.86231863,0.0,1.5488680606617222
0.0,0.8388288,0.0,1.621507172576126
0.0,0.35919505,0.0,1.6978477354973716
0.2,0.0,0.0,1.7664644521140496
1.91,0.21460536,0.2,1.9897086368474073
5.43,1.2756321,1.91,3.3438073955528655
9.49,3.5236723,5.43,6.279953054607608
13.13,6.860268,9.49,9.804179724907899
16.51,11.199568,13.13,13.231150612084635
19.67,14.550795,16.51,16.32104407080725
22.93,16.988798,19.67,19.169429548761382
26.07,19.074293,22.93,22.101109065793196
28.79,21.761557,26.07,24.82221869159592
31.209999999999997,23.785091,28.79,27.19503493535943
33.3,25.534626,31.209999999999997,29.206940488266188
34.95,27.301609,33.3,30.94927144421906
36.4,29.171139,34.95,32.3807602620355
37.76,30.640953,36.4,33.54913153064254
39.39,31.940027,37.76,34.60742649545073
40.91,33.237476,39.39,35.9208183513101
41.83,34.4396,40.91,37.01124213623509
42.55,35.259586,41.83,37.61727958644092
43.14,35.573757,42.55,38.13884761692532
43.45,35.61363,43.14,38.471768261861286
43.42,35.277206,43.45,38.74990518966166
43.4,34.848553,43.42,38.631694783706216
43.29,34.117966,43.4,38.15819740594121
43.17,33.59539,43.29,38.14591652595202
42.55,32.486378,43.17,37.83756152173125
41.71,31.445154,42.55,37.16001148427597
40.76,30.361155,41.71,36.286513566722455
39.62,29.218107,40.76,35.316509652946905
38.52,27.495787,39.62,34.21765086817348
36.96,26.122206,38.52,33.089203668406164
35.35,24.654484,36.96,31.609075867569214
33.57,22.725704,35.35,30.08222184190441
31.36,20.088715,33.57,28.418511667093206
28.98,17.9092,31.36,26.416240492577035
26.41,15.870327,28.98,24.306703305034315
23.56,13.897329,26.41,22.014529590625042
20.42,11.155251,23.56,19.501098524098815
16.8,8.80138,20.42,16.718555023333582
13.13,6.450807,16.8,13.491633082816401
9.51,4.2254534,13.13,10.203450654848728
5.53,1.459388,9.51,6.997412068120884
1.54,0.0,5.53,3.4988338429495003
0.07,0.0,1.54,0.017203283074795905
0.0,0.0,0.07,-1.34851396336656
0.0,0.0,0.0,-1.3004772269508358
0.0,0.0,0.0,-1.0938185768556965
0.0,0.0,0.0,-0.8707932829312315
0.0,0.0,0.0,-0.6642560883621661
0.0,0.0,0.0,-0.4458024050671784
0.0,0.0,0.0,-0.2992293393463106
0.0,0.0,0.0,-0.19547722363490797
0.0,0.0,0.0,-0.08404727623007938
0.0,0.0,0.0,0.061117554972077784
0.0,0.0,0.0,0.18457157132576157
0.0,0.0,0.0,0.2843920704912661
0.0,0.0,0.0,0.344553720914546
0.0,0.0,0.0,0.40465535707211797
0.0,0.0,0.0,0.43602740472187923
0.0,0.0,0.0,0.4584316129773447
0.0,0.0,0.0,0.4763382918109186
0.0,0.0,0.0,0.5299929334979041
0.0,0.0,0.0,0.5356886382930911
0.0,0.0,0.0,0.5377974619084769
0.0,0.0,0.0,0.5240453196422399
0.0,0.0,0.0,0.02900484478767732
0.0,0.0,0.0,0.006036965339354869
0.0,0.0,0.0,-0.013290769479493841
0.0,0.0,0.0,-0.02613354171657513
0.0,0.0,0.0,0.008396242954160013
0.0,0.0,0.0,0.014842683652045371
0.0,0.0,0.0,0.017994697034159207
0.0,0.0,0.0,0.022522117603543737
0.0,0.0,0.0,0.06819507735756312
0.0,0.0,0.0,0.09512102741913164
0.0,0.0,0.0,0.12066894692932939
0.0,0.0,0.0,0.1509143918995301
0.0,0.0,0.0,0.20779133334567507
0.0,0.0,0.0,0.24492502399576319
0.0,0.0,0.0,0.2870432553255232
0.0,0.0,0.0,0.33846847954711706
0.0,0.0,0.0,0.40717275221295124
0.0,0.0,0.0,0.46812770820238525
0.0,0.0,0.0,0.5300378508158179
0.0,0.0,0.0,0.5927483486069702
0.0,0.0,0.0,0.6661098573331024
0.0,0.0,0.0,0.7350794129507944
0.0,0.0,0.0,0.8090351049890355
0.0,0.0,0.0,0.8818720338566076
0.0,0.0,0.0,0.9669005062814586
0.0,0.0,0.0,1.0454778569010172
0.0,0.0,0.0,1.1101730036212243
0.0,0.0,0.0,1.1979885002693995
0.0,0.41063347,0.0,1.2697065349128116
0.0,0.8592464,0.0,1.3357081586188608
0.0,0.36999875,0.0,1.4267202584619918
0.11,0.0,0.0,1.4998608146359327
1.18,0.50985396,0.11,1.6597075708053848
3.8900000000000006,1.1573713,1.18,2.6029622779349646
7.32,2.7654617,3.8900000000000006,4.933238526767074
11.35,5.426328,7.32,7.961416626987152
15.1,9.698597,11.35,11.640540659101434
18.65,13.321516,15.1,15.078635720306831
21.8,16.192596,18.65,18.30743969599679
24.67,18.558046,21.8,21.18576394212189
27.229999999999997,21.072132,24.67,23.70522933834899
28.64,22.92386,27.229999999999997,25.928346259253747
30.78,24.156246,28.64,27.059467440349298
32.82,25.438646,30.78,28.819943933325376
34.42,27.123695,32.82,30.5260630569408
35.4,28.431284,34.42,31.862861102832007
36.47,29.420216,35.4,32.61919141114375
37.56,30.163363,36.47,33.41803515730539
38.43,30.93862,37.56,34.18550991387701
39.14,31.375616,38.43,34.77665848766394
39.74,31.61478,39.14,35.21963181196407
40.22,31.792858,39.74,35.580085863111734
40.57,31.57587,40.22,35.953658841340584
40.88,31.120047,40.57,36.14478808452948
28.67,30.516642,40.88,36.0339728802763
26.619999999999997,22.649439,28.67,22.222973742384
23.99,18.281311,26.619999999999997,20.04460845858067
21.22,14.461311,23.99,17.437820293598794
18.35,10.947546,21.22,15.080574518611156
14.96,8.174185,18.35,12.63006742565299
11.52,5.7209196,14.96,9.726123773702577
7.88,3.4001086,11.52,7.069976819539675
4.39,0.5515851,7.88,4.0950214269386445
1.33,0.0,4.39,1.3068661551863814
0.09,0.0,1.33,-1.0158509733303567
0.0,0.0,0.09,-1.6803329352003682
0.0,0.0,0.0,-1.5772367534374394
0.0,0.0,0.0,-1.2098661356779883
0.0,0.0,0.0,-1.0241246671209379
0.0,0.0,0.0,-0.846001010777865
0.0,0.0,0.0,-0.6641317216732195
0.0,0.0,0.0,-0.5431699958258749
0.0,0.0,0.0,-0.4353979905661908
0.0,0.0,0.0,-0.3248628047163183
0.0,0.0,0.0,-0.1762451193967906
0.0,0.0,0.0,-0.05685425769968999
0.0,0.0,0.0,0.059761218266663786
0.0,0.0,0.0,0.12564481320035803
0.0,0.0,0.0,0.23305042652923164
0.0,0.0,0.0,0.1828384609038343
0.0,0.0,0.0,0.20254541062295522
0.0,0.0,0.0,0.19857512620299056
0.0,0.0,0.0,0.24086672386323046
0.0,0.0,0.0,0.2526772213999941
0.0,0.0,0.0,0.2602936803412441
0.0,0.0,0.0,0.24949512880085256
0.0,0.0,0.0,-0.3596578893611594
0.0,0.0,0.0,-0.38270011068708004
0.0,0.0,0.0,-0.41154422201037033
0.0,0.0,0.0,-0.4498193450059435
0.0,0.0,0.0,-0.4015357129097289
0.0,0.0,0.0,-0.3995151430703968
0.0,0.0,0.0,-0.39324073988637953
0.0,0.0,0.0,-0.3770833992532592
0.0,0.0,0.0,-0.3272666418345782
0.0,0.0,0.0,-0.30628180152706025
0.0,0.0,0.0,-0.27373401375083395
0.0,0.0,0.0,-0.2459360007682286
0.0,0.0,0.0,-0.18503412380731604
0.0,0.0,0.0,-0.13884036369952585
0.0,0.0,0.0,-0.09567588654994484
0.0,0.0,0.0,-0.037663389868999864
0.0,0.0,0.0,0.03456368264887731
0.0,0.0,0.0,0.09331163397502273
0.0,0.0,0.0,0.15415892356232375
0.0,0.0,0.0,0.22584021469354235
0.0,0.0,0.0,0.3038643908958857
0.0,0.0,0.0,0.3725595880851435
0.0,0.0,0.0,0.4473044897893807
0.0,0.0,0.0,0.5191156656057955
0.0,0.0,0.0,0.5976755909763041
0.0,0.0,0.0,0.6689990052848116
0.0,0.0,0.0,0.7531173079852843
0.0,0.0,0.0,0.8347170099278937
0.0,0.0,0.0,0.9088016315872076
0.0,0.0,0.0,0.9874070795385783
0.0,0.0,0.0,1.0653171035136404
0.1,0.0,0.0,1.1396139364743774
1.21,0.0,0.1,1.2781063906420138
4.36,0.0,1.21,2.011020199683585
8.29,0.83106124,4.36,4.086285454574503
12.05,4.4751534,8.29,7.072055445978487
15.64,9.37291,12.05,10.18151413607988
18.95,13.571411,15.64,13.198390581338677
22.04,16.719559,18.95,16.03168552430756
26.86,19.304043,22.04,18.635869705947204
26.93,19.838427,26.86,23.218780724317806
25.17,19.025558,26.93,23.191634374338488
22.41,18.126911,25.17,21.415220602943908
21.53,16.149796,22.41,18.939442380423177
18.22,13.678924,21.53,17.8808772553001
11.75,11.174027,18.22,14.86753124571517
5.67,7.783082,11.75,9.24134451249624
4.45,2.7998662,5.67,4.553202109454634
1.76,0.5210887,4.45,2.836903206959973
0.4099999999999999,0.0,1.76,0.7799734502890454
0.0,0.0,0.4099999999999999,-0.24963813900940046
0.0,0.0,0.0,-0.6811704636949439
0.0,0.0,0.0,-0.6891498517769286
0.0,0.0,0.0,-0.5980168476522086
0.0,0.0,0.0,-0.5907099360216315
0.0,0.0,0.0,-0.543995965857793
0.0,0.0,0.0,-0.5333784311069567
0.0,0.0,0.0,-0.5225382277600329
0.0,0.0,0.0,-0.44099043037601826
0.0,0.0,0.0,-0.3477645505599126
0.0,0.0,0.0,-0.3093072436906555
0.0,0.0,0.0,-0.260853052471334
0.0,0.0,0.0,-0.232204348632669
0.0,0.0,0.0,-0.2123182159065741
0.0,0.0,0.0,-0.13455278743868537
0.0,0.0,0.0,-0.1257244285323308
0.0,0.0,0.0,-0.10446711453896487
0.0,0.0,0.0,-0.1054287036639269
0.0,0.0,0.0,-0.04840219220931634
0.0,0.0,0.0,-0.045579261694524836
0.0,0.0,0.0,-0.08564717198779395
0.0,0.0,0.0,-0.11393186409672136
0.0,0.0,0.0,-0.2335695360920192
0.0,0.0,0.0,-0.254647685475454
0.0,0.0,0.0,-0.2692575049954616
0.0,0.0,0.0,-0.27638761533423306
0.0,0.0,0.0,-0.23793818680845624
0.0,0.0,0.0,-0.23009873439589734
0.0,0.0,0.0,-0.2151440397330312
0.0,0.0,0.0,-0.20155674803495233
0.0,0.0,0.0,-0.15265142707353957
0.0,0.0,0.0,-0.12442978239566964
0.0,0.0,0.0,-0.09356531638760879
0.0,0.0,0.0,-0.058243488490187026
0.0,0.0,0.0,0.004962839220208626
0.0,0.0,0.0,0.044936522540746024
0.0,0.0,0.0,0.09248989924636117
0.0,0.0,0.0,0.13677181013229608
0.0,0.0,0.0,0.21200320347061313
0.0,0.0,0.0,0.25894464705196374
0.0,0.0,0.0,0.3187831831361858
0.0,0.0,0.0,0.37929971883319746
0.0,0.0,0.0,0.4611976821632814
0.0,0.0,0.0,0.5367585966093771
0.0,0.0,0.0,0.6059294580917995
0.0,0.0,0.0,0.6712467872723245
0.0,0.0,0.0,0.7509587074995252
0.0,0.0,0.0,0.8255190925747989
0.0,0.0,0.0,0.8988940676493744
0.0,0.0,0.0,0.9751731334866157
0.0,0.0,0.0,1.0475701497233398
0.0,0.0,0.0,1.1187915306906266
0.0,0.0,0.0,1.1959171466147926
0.0,0.0,0.0,1.2716610261027248
0.36,0.0,0.0,1.3329776165353877
2.55,0.0,0.36,1.7060790495800566
6.05,0.5210876,2.55,3.4634410350909257
9.74,3.3664572,6.05,6.012251822203631
13.3,8.062444,9.74,8.945314722085838
16.73,12.025729,13.3,11.89604166941903
19.71,15.064544,16.73,14.780426441507633
22.74,17.506659,19.71,17.324348916702395
25.370000000000005,20.025524,22.74,19.845290824568263
27.92,21.94516,25.370000000000005,21.986356354502153
30.3,23.702822,27.92,24.019683525814273
32.36,25.283241,30.3,25.97444553175149
23.88,27.12945,32.36,27.582006106238488
19.93,22.984604,23.88,20.712792099006304
18.07,18.716896,19.93,17.460771411985633
18.02,14.574536,18.07,15.539027826299945
17.93,14.529869,18.02,14.6224411695419
18.29,13.135523,17.93,14.108690715758465
17.95,11.7745,18.29,14.46889012539449
12.31,10.31819,17.95,14.553343268479324
17.76,6.899315,12.31,10.10240457151586
15.18,6.6478252,17.76,14.46429992325442
13.79,6.465464,15.18,11.843766720029391
10.62,5.6814637,13.79,10.682147031243117
6.02,3.98231,10.62,7.795025885001916
2.56,0.6904911,6.02,4.124225190456887
0.54,0.0,2.56,1.4037902238783817
0.0,0.0,0.54,-0.42953076124581935
0.0,0.0,0.0,-0.8462801551338426
0.0,0.0,0.0,-0.7938388968603379
0.0,0.0,0.0,-0.7067575925368136
0.0,0.0,0.0,-0.5771362830231392
0.0,0.0,0.0,-0.3724089843341494
0.0,0.0,0.0,-0.3938601281046051
0.0,0.0,0.0,-0.32405469810643134
0.0,0.0,0.0,-0.27753467482694966
0.0,0.0,0.0,-0.18139338211637449
0.0,0.0,0.0,-0.09629169250047719
0.0,0.0,0.0,-0.05670130896326432
0.0,0.0,0.0,-0.03811942824379633
0.0,0.0,0.0,-0.030117809830601874
0.0,0.0,0.0,0.0063640545182236385
0.0,0.0,0.0,-0.001887349376011871
0.0,0.0,0.0,0.0017832462262216964
0.0,0.0,0.0,-0.037196744337738424
0.0,0.0,0.0,0.03254231931777898
0.0,0.0,0.0,0.02748299224954679
0.0,0.0,0.0,0.0321793081411368
0.0,0.0,0.0,0.025006341095222193
0.0,0.0,0.0,-0.1998767123853086
0.0,0.0,0.0,-0.2193856887155229
0.0,0.0,0.0,-0.23745781070017152
0.0,0.0,0.0,-0.2526784801228574
0.0,0.0,0.0,-0.22313263993806903
0.0,0.0,0.0,-0.21710314680023457
0.0,0.0,0.0,-0.20979448950469887
0.0,0.0,0.0,-0.20799268566443693
0.0,0.0,0.0,-0.15405295375827688
0.0,0.0,0.0,-0.1311393546452974
0.0,0.0,0.0,-0.11554172905259875
0.0,0.0,0.0,-0.07673874428428505
0.0,0.0,0.0,-0.04262294152277517
0.0,0.0,0.0,0.002654638886525826
0.0,0.0,0.0,0.05292559175866518
0.0,0.0,0.0,0.0926963809283145
0.0,0.0,0.0,0.1640250619148031
0.0,0.0,0.0,0.22043541866968233
0.0,0.0,0.0,0.28104215113551845
0.0,0.0,0.0,0.34636901646079454
0.0,0.0,0.0,0.42100098644089545
0.0,0.0,0.0,0.4930763322360865
0.0,0.0,0.0,0.5622512822927812
0.0,0.0,0.0,0.6297757475123446
0.0,0.0,0.0,0.7099008589086062
0.0,0.0,0.0,0.7854991901302275
0.0,0.0,0.0,0.855507195323906
0.0,0.0,0.0,0.9398202555460144
0.0,0.0,0.0,1.0166184990968623
0.0,0.0,0.0,1.0926289285369601
0.0,0.0,0.0,1.1645896092897066
0.04,0.0,0.0,1.2465326815497948
0.74,0.0,0.04,1.349852926069291
2.91,0.0,0.74,1.9532998636109202
6.22,1.2011703,2.91,3.512549610085332
9.8,3.8872468,6.22,6.016833204489271
13.01,8.399983,9.8,8.885586592100802
16.22,12.017439,13.01,11.620568853090763
19.43,14.554286,16.22,14.38088040157837
22.3,16.946484,19.43,17.063575053358857
25.040000000000003,19.582659,22.3,19.437434044029768
27.47,21.614752,25.040000000000003,21.661176091698696
29.830000000000002,23.271376,27.47,23.655423689432848
31.869999999999997,24.906116,29.830000000000002,25.543847253869046
34.3,26.708149,31.869999999999997,27.152678638047757
32.22,25.45169,34.3,29.178077845537544
30.260000000000005,23.834007,32.22,27.313650780356056
27.96,21.603182,30.260000000000005,25.416172841896056
25.56,19.513666,27.96,23.25900927653319
22.93,17.611542,25.56,20.970492329211275
20.11,15.148815,22.93,18.597036471721108
17.12,12.0197115,20.11,16.033363350962393
13.51,9.203537,17.12,13.376639452832306
10.05,6.2962255,13.51,10.250564220953407
6.45,3.7670646,10.05,7.206042516049177
2.89,0.65257025,6.45,4.093438240063008
0.58,0.0,2.89,1.046662360627354
0.0,0.0,0.58,-0.9302155693233338
0.0,0.0,0.0,-1.2865002629904254
0.0,0.0,0.0,-1.1782590139346425
0.0,0.0,0.0,-1.0396876959162613
0.0,0.0,0.0,-0.9093621744270773
0.0,0.0,0.0,-0.7766356220199395
0.0,0.0,0.0,-0.6457973335880101
0.0,0.0,0.0,-0.5732681845278541
0.0,0.0,0.0,-0.4900818184188482
0.0,0.0,0.0,-0.4077762437192451
0.0,0.0,0.0,-0.27876720502151703
0.0,0.0,0.0,-0.1750795943908985
0.0,0.0,0.0,-0.09187392033242273
0.0,0.0,0.0,-0.0564358527167106
0.0,0.0,0.0,-0.0337851406753336
0.0,0.0,0.0,-0.010692107053848245
0.0,0.0,0.0,0.01259385495110954
0.0,0.0,0.0,0.018398013934106672
0.0,0.0,0.0,0.04903711879594812
0.0,0.0,0.0,0.051526198782149944
0.0,0.0,0.0,0.027733999088226137
0.0,0.0,0.0,0.020442898191390044
0.0,0.0,0.0,-0.09269942650775818
0.0,0.0,0.0,-0.12067701467527135
0.0,0.0,0.0,-0.1338073413367842
0.0,0.0,0.0,-0.14750951683440044
0.0,0.0,0.0,-0.11177745904153574
0.0,0.0,0.0,-0.10730945468322393
0.0,0.0,0.0,-0.09403425264906291
0.0,0.0,0.0,-0.09121525506356892
0.0,0.0,0.0,-0.03454588331112691
0.0,0.0,0.0,-0.010075203058332316
0.0,0.0,0.0,0.01664995028754744
0.0,0.0,0.0,0.05429264691240183
0.0,0.0,0.0,0.1200980221772615
0.0,0.0,0.0,0.15969582030097745
0.0,0.0,0.0,0.2129541012306665
0.0,0.0,0.0,0.2625568521940416
0.0,0.0,0.0,0.3395693517488717
0.0,0.0,0.0,0.3989673001964565
0.0,0.0,0.0,0.46138010933176093
0.0,0.0,0.0,0.5164700713001722
0.0,0.0,0.0,0.5935786655871463
0.0,0.0,0.0,0.6668102948432533
0.0,0.0,0.0,0.7343019280258923
0.0,0.0,0.0,0.8115400201104196
0.0,0.0,0.0,0.8911337437184339
0.0,0.0,0.0,0.9707282224183066
0.0,0.0,0.0,1.0447531293983705
0.0,0.0,0.0,1.1135128685480902
0.0,0.0,0.0,1.1844921018025125
0.0,0.0,0.0,1.2648954562705599
0.0,0.0,0.0,1.3364764274194447
0.02,0.0,0.0,1.4070220994065026
0.65,0.47206798,0.02,1.4908517915618271
2.4,0.82165,0.65,2.08261961224869
5.3,1.8644743,2.4,3.4307618662457484
9.04,4.2457366,5.3,5.652780447765616
12.44,8.414914,9.04,8.641937856353387
15.78,11.993499,12.44,11.476828780898822
19.08,14.846413,15.78,14.317940130348067
21.99,17.258331,19.08,17.063961400550298
24.7,20.045229,21.99,19.46152472099921
27.07,22.14066,24.7,21.69489095721812
29.439999999999998,23.919298,27.07,23.596309291999916
31.319999999999997,25.474129,29.439999999999998,25.533693175793537
33.11,27.208923,31.319999999999997,27.001991961229965
34.71,28.60641,33.11,28.4188902801503
38.37,29.773867,34.71,29.65368281723698
37.63,30.026459,38.37,32.819631390871784
36.43,29.206423,37.63,32.10601170821678
35.2,28.19803,36.43,30.923524697213665
33.85,26.195192,35.2,29.59452492416965
32.17,24.611637,33.85,28.157892586455123
30.510000000000005,22.87531,32.17,26.537100147246264
28.34,21.291407,30.510000000000005,24.870421981172964
26.229999999999997,18.505787,28.34,22.904495946935356
23.98,16.178524,26.229999999999997,21.052306732758886
21.2,14.012872,23.98,19.0374536405051
18.27,11.697841,21.2,16.637966986331698
14.980000000000002,8.679956,18.27,14.121429125297668
11.72,6.0150375,14.980000000000002,11.201384286406647
8.37,3.8092942,11.72,8.420621587124034
5.13,1.6204808,8.37,5.543971747228483
2.16,0.0,5.13,2.826129137083633
0.45000000000000007,0.0,2.16,0.36840387443100586
0.0,0.0,0.45000000000000007,-0.9841829024970994
0.0,0.0,0.0,-1.27173565267472
0.0,0.0,0.0,-1.1146862409794578
0.0,0.0,0.0,-0.9463428782058997
0.0,0.0,0.0,-0.7865080695984076
0.0,0.0,0.0,-0.6336514541222595
0.0,0.0,0.0,-0.4723114916695088
0.0,0.0,0.0,-0.3463126425439479
0.0,0.0,0.0,-0.2568913472415415
0.0,0.0,0.0,-0.15896320557168483
0.0,0.0,0.0,-0.04956108721146657
0.0,0.0,0.0,0.04404827031078001
0.0,0.0,0.0,0.09997120462539276
0.0,0.0,0.0,0.12001572442303463
0.0,0.0,0.0,0.138162375569182
0.0,0.0,0.0,0.15400711119239047
0.0,0.0,0.0,0.16585912987111176
0.0,0.0,0.0,0.16694231223869008
0.0,0.0,0.0,0.2124944841497868
0.0,0.0,0.0,0.2057750135578634
0.0,0.0,0.0,0.19036179482802407
0.0,0.0,0.0,0.17159947376020196
0.0,0.0,0.0,-0.4404350238837607
0.0,0.0,0.0,-0.46112189682118787
0.0,0.0,0.0,-0.49039749369329466
0.0,0.0,0.0,-0.5134998191920596
0.0,0.0,0.0,-0.49477793847502
0.0,0.0,0.0,-0.47073509138675257
0.0,0.0,0.0,-0.4636669826134011
0.0,0.0,0.0,-0.4450328126289784
0.0,0.0,0.0,-0.40132187102440325
0.0,0.0,0.0,-0.3806022206815779
0.0,0.0,0.0,-0.3363909573274947
0.0,0.0,0.0,-0.31274885285557974
0.0,0.0,0.0,-0.24095591260442745
0.0,0.0,0.0,-0.19604940161479512
0.0,0.0,0.0,-0.15055548841382582
0.0,0.0,0.0,-0.09679621715643141
0.0,0.0,0.0,-0.018484058540921278
0.0,0.0,0.0,0.037166617129966856
0.0,0.0,0.0,0.09311490879579232
0.0,0.0,0.0,0.15168629595404895
0.0,0.0,0.0,0.23502716667211965
0.0,0.0,0.0,0.30385770944300805
0.0,0.0,0.0,0.3717332158787074
0.0,0.0,0.0,0.4488492885488018
0.0,0.0,0.0,0.5196530917625095
0.0,0.0,0.0,0.6028683487431937
0.0,0.0,0.0,0.6726358063788155
0.0,0.0,0.0,0.7513665992626375
0.0,0.0,0.0,0.8365872605428204
0.0,0.0,0.0,0.9199451298980501
0.0,0.0,0.0,1.00836241825618
0.03,0.0,0.0,1.0781400346689258
0.67,0.0,0.03,1.1700641586633014
2.68,0.0,0.67,1.7445863417667624
6.25,0.0,2.68,3.0967595114091218
10.18,1.6811367,6.25,5.812074950980907
13.88,6.3836308,10.18,8.987818184307049
17.28,10.910263,13.88,12.060437039814536
20.46,14.545417,17.28,14.926403270478355
23.22,17.34193,20.46,17.62321798887288
23.46,20.20721,23.22,19.897949721515477
28.27,21.375576,23.46,20.054834162021596
0.0,23.29282,28.27,23.89423777973063
0.0,4.4324055,0.0,0.9415662030437977
0.0,0.0,0.0,0.10273575030851356
0.0,0.0,0.0,-0.7874362050601769
0.0,0.0,0.0,-0.727777760367504
0.0,0.0,0.0,-0.6215207099524608
0.0,0.0,0.0,-0.8881223751789714
0.0,0.0,0.0,-0.3461850306471205
0.0,0.0,0.0,-0.4855011175188703
0.0,0.0,0.0,-0.5901763652975469
0.0,0.0,0.0,-0.7036843413900096
0.0,0.0,0.0,-0.7761003189760924
0.0,0.0,0.0,-0.9347344464415822
0.0,0.0,0.0,-0.3841797357342514
0.0,0.0,0.0,-0.42837244721491974
0.0,0.0,0.0,-0.4728948204493245
0.0,0.0,0.0,-0.49754370338602993
0.0,0.0,0.0,-0.4765872978597863
0.0,0.0,0.0,-0.4603441363166517
0.0,0.0,0.0,-0.4706899179155948
0.0,0.0,0.0,-0.43432351488432547
0.0,0.0,0.0,-0.5455731131623925
0.0,0.0,0.0,-0.4846469209834343
0.0,0.0,0.0,-0.4241907938011442
0.0,0.0,0.0,-0.31891433448903195
0.0,0.0,0.0,-0.4362619714985052
0.0,0.0,0.0,-0.42893320224380477
0.0,0.0,0.0,-0.41862435708108076
0.0,0.0,0.0,-0.39832319553419065
0.0,0.0,0.0,-0.3498099587690054
0.0,0.0,0.0,-0.3363442336776528
0.0,0.0,0.0,-0.3045682445739418
0.0,0.0,0.0,-0.26873569145023646
0.0,0.0,0.0,-0.2083899605165893
0.0,0.0,0.0,-0.15543218777501583
0.0,0.0,0.0,-0.10673931010735764
0.0,0.0,0.0,-0.05412813624759427
0.0,0.0,0.0,0.006073304491306143
0.0,0.0,0.0,0.05109471249117436
0.0,0.0,0.0,0.12516658481244725
0.0,0.0,0.0,0.18350968112195337
0.0,0.0,0.0,0.2611461240321638
0.0,0.0,0.0,0.336584705130002
0.0,0.0,0.0,0.41107253400552646
0.0,0.0,0.0,0.4742336850623712
0.0,0.0,0.0,0.5639291974839662
0.0,0.0,0.0,0.6369368781830668
0.0,0.0,0.0,0.7264572067001455
0.0,0.0,0.0,0.812846504699828
0.0,0.0,0.0,0.8960888022810396
0.0,0.0,0.0,0.9685927955356444
0.0,0.0,0.0,1.0427437653402418
0.01,0.0,0.0,1.132299957190931
0.45000000000000007,0.0,0.01,1.176522908038985
1.24,0.0,0.45000000000000007,1.6361611969408774
1.9900000000000002,0.0,1.24,2.340909085030206
3.2,0.0,1.9900000000000002,3.0717875913512707
3.63,0.31410488,3.2,4.164848770328754
4.02,1.2752547,3.63,4.579901847510149
5.96,1.591836,4.02,4.975421239156085
12.590000000000002,2.3574789,5.96,6.623069899182764
23.3,6.623666,12.590000000000002,12.193715149396509
13.5,14.84603,23.3,20.92816730369745
16.38,16.905045,13.5,12.675167623321476
32.05,13.660471,16.38,15.854485091745238
27.949999999999996,21.68238,32.05,27.398760540902433
25.81,22.487236,27.949999999999996,24.780349077561414
26.090000000000003,22.310425,25.81,23.393091504364328
26.57,21.080471,26.090000000000003,23.27195065076785
14.17,21.79584,26.57,23.521801989102297
0.0,16.42456,14.17,13.430662416987005
0.0,1.1285975,0.0,-0.20148755183536649
0.0,0.0,0.0,-0.9074991250033748
0.0,0.0,0.0,-1.2612275351023134
0.0,0.0,0.0,-1.3264759420971592
0.0,0.0,0.0,-1.0696766257711674
0.0,0.0,0.0,-0.8994095796161256
0.0,0.0,0.0,-0.9363122790269595
0.0,0.0,0.0,-0.9188670168780406
0.0,0.0,0.0,-0.9033247429399576
0.0,0.0,0.0,-0.9668068950547094
0.0,0.0,0.0,-1.0234009783424733
0.0,0.0,0.0,-0.8295195626721417
0.0,0.0,0.0,-0.5599845856589729
0.0,0.0,0.0,-0.5791903940236449
0.0,0.0,0.0,-0.5620609362481592
0.0,0.0,0.0,-0.5070223992310764
0.0,0.0,0.0,-0.5183544772663868
0.0,0.0,0.0,-0.500989123851165
0.0,0.0,0.0,-0.3730071982269344
0.0,0.0,0.0,-0.35817582694886785
0.0,0.0,0.0,-0.6312869516573838
0.0,0.0,0.0,-0.5821617232974134
0.0,0.0,0.0,-0.5235697170867921
0.0,0.0,0.0,-0.5427429978277897
0.0,0.0,0.0,-0.5707029948866775
0.0,0.0,0.0,-0.5596225195632621
0.0,0.0,0.0,-0.552169931786602
0.0,0.0,0.0,-0.5374303497745879
0.0,0.0,0.0,-0.47559120333203997
0.0,0.0,0.0,-0.44642408879417006
0.0,0.0,0.0,-0.42046684009577723
0.0,0.0,0.0,-0.38850793154596025
0.0,0.0,0.0,-0.3237149084894648
0.0,0.0,0.0,-0.272466011552254
0.0,0.0,0.0,-0.22671425867596476
0.0,0.0,0.0,-0.16932582559908496
0.0,0.0,0.0,-0.08103798664428133
0.0,0.0,0.0,-0.03546376208689757
0.0,0.0,0.0,0.0388488779777995
0.0,0.0,0.0,0.10237833614299557
0.0,0.0,0.0,0.18427237818983455
0.0,0.0,0.0,0.24949508055725783
0.0,0.0,0.0,0.33018237459129746
0.0,0.0,0.0,0.4055003703190837
0.0,0.0,0.0,0.47179352413565
0.0,0.0,0.0,0.5424845716594099
0.0,0.0,0.0,0.6070788734482881
0.0,0.0,0.0,0.6880209070021358
0.0,0.0,0.0,0.7715373154948182
0.0,0.0,0.0,0.850282282603692
0.0,0.0,0.0,0.9251001203109418
0.0,0.0,0.0,1.0048323998984934
0.44,0.0,0.0,1.0670285746291395
1.9299999999999997,0.0,0.44,1.5014927211442297
5.02,0.0,1.9299999999999997,2.625981344249211
7.42,0.9914953,5.02,5.003786369070751
6.83,4.808452,7.42,6.935538049793263
6.570000000000001,6.8527265,6.83,6.450541082117398
6.660000000000001,7.3318505,6.570000000000001,6.167982103043165
6.64,7.0719695,6.660000000000001,6.150976281457443
6.570000000000001,7.3806777,6.64,6.058876588670559
6.84,7.1084237,6.570000000000001,5.968354120130898
7.17,6.873992,6.84,6.134866738498011
7.429999999999999,6.60244,7.17,6.5128922154942845
7.59,7.003702,7.429999999999999,6.774621247158668
7.580000000000001,7.0326686,7.59,6.944820857017916
7.109999999999999,6.8962016,7.580000000000001,7.035446512942956
7.109999999999999,6.587568,7.109999999999999,6.625158071629766
7.15,6.6350183,7.109999999999999,6.558086350699738
6.890000000000001,6.2423716,7.15,6.641263924965432
6.529999999999999,5.7321277,6.890000000000001,6.490670974842919
6.570000000000001,5.216051,6.529999999999999,6.251727499036891
6.6000000000000005,4.8349967,6.570000000000001,6.456393539489783
6.559999999999999,4.557618,6.6000000000000005,6.543909665374072
6.559999999999999,4.321192,6.559999999999999,6.27750912648366
6.509999999999999,3.7358508,6.559999999999999,6.535451782383074
5.8,3.2962937,6.509999999999999,6.530527618051828
6.06,1.123056,5.8,5.919446955619623
5.85,0.0,6.06,5.985467791750668
5.32,0.11221464,5.85,5.698957005677882
3.92,0.22292654,5.32,5.127594363902488
1.26,0.0,3.92,3.8080528467599404
0.16,0.0,1.26,1.4373344143717244
0.0,0.0,0.16,0.37732792717621866
0.0,0.0,0.0,0.09852944807076519
0.0,0.0,0.0,0.06431870911833143
0.0,0.0,0.0,0.05009577526117904
0.0,0.0,0.0,0.023417833933466956
0.0,0.0,0.0,0.04154609041967499
0.0,0.0,0.0,0.05238124440894252
0.0,0.0,0.0,-0.008130342486288057
0.0,0.0,0.0,-0.06363192063514184
0.0,0.0,0.0,-0.10646565318718701
0.0,0.0,0.0,-0.09730511382195772
0.0,0.0,0.0,-0.09848893294279043
0.0,0.0,0.0,-0.12342037710980185
0.0,0.0,0.0,-0.16484711557963988
0.0,0.0,0.0,-0.16555738301496786
0.0,0.0,0.0,-0.20631646816144725
0.0,0.0,0.0,-0.22997270457836422
0.0,0.0,0.0,-0.25646679056120014
0.0,0.0,0.0,-0.2502917853144274
0.0,0.0,0.0,-0.27574446589775026
0.0,0.0,0.0,-0.2969924974557694
0.0,0.0,0.0,-0.3159233090846918
0.0,0.0,0.0,-0.5656069120784251
0.0,0.0,0.0,-0.5916809544284325
0.0,0.0,0.0,-0.606958049337437
0.0,0.0,0.0,-0.6115828540971726
0.0,0.0,0.0,-0.5832389110444394
0.0,0.0,0.0,-0.5840910427674314
0.0,0.0,0.0,-0.5766636779519475
0.0,0.0,0.0,-0.5649069907937447
0.0,0.0,0.0,-0.5117097127601093
0.0,0.0,0.0,-0.4925554112721317
0.0,0.0,0.0,-0.4641673221725102
0.0,0.0,0.0,-0.4326004397933021
0.0,0.0,0.0,-0.363406178561515
0.0,0.0,0.0,-0.3204237784513654
0.0,0.0,0.0,-0.2701314344125405
0.0,0.0,0.0,-0.22387868445352122
0.0,0.0,0.0,-0.1443680461651723
0.0,0.0,0.0,-0.08769132308690773
0.0,0.0,0.0,-0.02499950449776408
0.0,0.0,0.0,0.04293092843043467
0.0,0.0,0.0,0.12314568301774499
0.0,0.0,0.0,0.1926262502983705
0.0,0.0,0.0,0.2636415756886697
0.0,0.0,0.0,0.33662244969602567
0.0,0.0,0.0,0.42037292524987785
0.0,0.0,0.0,0.4988284923329677
0.0,0.0,0.0,0.5728537035958446
0.0,0.0,0.0,0.6491332124679554
0.0,0.0,0.0,0.724125824563264
0.0,0.0,0.0,0.8032551988917995
0.0,0.0,0.0,0.8779297426292253
0.0,0.0,0.0,0.9469316850821714
0.08,0.0,0.0,1.0255760990092493
0.84,0.0,0.08,1.1597990635093032
2.77,0.0,0.84,1.8656519052461233
7.090000000000001,0.0,2.77,3.4741957337291787
9.76,2.1388788,7.090000000000001,6.784073184462463
9.83,6.213695,9.76,8.993495413592276
8.11,8.541514,9.83,9.145817721104665
7.39,8.414742,8.11,7.720522145297562
6.419999999999999,8.114544,7.39,6.938412308241723
5.7,6.819791,6.419999999999999,6.0386110672080555
5.7,5.5966673,5.7,5.366873237690529
5.97,4.780699,5.7,5.381978286297462
5.72,4.9820757,5.97,5.612324908938235
5.33,4.7526603,5.72,5.518383308491551
4.75,4.4133196,5.33,5.297492552687785
4.78,3.9459255,4.75,4.8251627062469495
4.83,3.8613975,4.78,4.802068351415027
5.78,3.5873194,4.83,4.832244269952879
5.58,3.4359355,5.78,5.709941470706104
5.61,3.1385694,5.58,5.706419547126658
5.71,3.0355625,5.61,5.955866552457067
5.75,2.90982,5.71,6.086901202996001
5.73,2.8025372,5.75,5.94128368220499
5.21,2.3886957,5.73,6.176489224658891
5.14,2.0335214,5.21,5.698604702212971
5.09,1.7462158,5.14,5.668927837410534
5.12,1.5665091,5.09,5.609164960890298
5.16,1.4990737,5.12,5.678121144201513
5.19,1.4559464,5.16,5.758011034632476
5.2,1.7956067,5.19,5.77575437832045
5.25,2.1259143,5.2,5.767668042565201
5.35,2.3569229,5.25,5.81290448012983
5.39,2.3896582,5.35,5.881735550815209
5.41,2.5491984,5.39,5.985579224752585
5.42,2.7997646,5.41,5.984422799229663
5.46,3.1164217,5.42,5.957554616898422
5.38,2.9475982,5.46,5.9728864603029
6.77,2.5107899,5.38,5.768971575176478
7.200000000000001,2.3456979,6.77,6.7965657031771665
5.44,2.1496956,7.200000000000001,6.997854061904948
1.83,0.99083877,5.44,5.40936760028268
0.24,0.0,1.83,2.180264209148569
0.0,0.0,0.24,0.5764048676820732
0.0,0.0,0.0,0.17628811215602558
0.0,0.0,0.0,0.10595173082857713
0.0,0.0,0.0,0.07091459435359104
0.0,0.0,0.0,0.06385096072718116
0.0,0.0,0.0,0.09614713656690248
0.0,0.0,0.0,0.10499841209840963
0.0,0.0,0.0,0.05513497205153692
0.0,0.0,0.0,-0.03939987453649221
0.0,0.0,0.0,-0.10367559345623029
0.0,0.0,0.0,-0.09178562194581304
0.0,0.0,0.0,-0.07080082701425745
0.0,0.0,0.0,-0.09571686885932323
0.0,0.0,0.0,-0.14351242153195604
0.0,0.0,0.0,-0.14047560114716848
0.0,0.0,0.0,-0.1778546203092611
0.0,0.0,0.0,-0.20793097515526826
0.0,0.0,0.0,-0.2333644444273926
0.0,0.0,0.0,-0.22495907580380725
0.0,0.0,0.0,-0.24207671026143135
0.0,0.0,0.0,-0.24660051020480925
0.0,0.0,0.0,-0.25026259983502613
0.0,0.0,0.0,0.016160202384731676
0.0,0.0,0.0,-0.010656582515258459
0.0,0.0,0.0,-0.020807771947800938
0.0,0.0,0.0,-0.02489256770425302
0.0,0.0,0.0,0.005674869980889716
0.0,0.0,0.0,0.016371441118637198
0.0,0.0,0.0,0.02394654459273657
0.0,0.0,0.0,0.04489747273784903
0.0,0.0,0.0,0.09146558706764982
0.0,0.0,0.0,0.11348513557539221
0.0,0.0,0.0,0.14735839916749788
0.0,0.0,0.0,0.18735139421142288
0.0,0.0,0.0,0.25135569493653154
0.0,0.0,0.0,0.30717834365719154
0.0,0.0,0.0,0.34772295431076544
0.0,0.0,0.0,0.3982586095570192
0.0,0.0,0.0,0.4763263691495141
0.0,0.0,0.0,0.5252389970117531
0.0,0.0,0.0,0.5938760903669762
0.0,0.0,0.0,0.6612751465398424
0.0,0.0,0.0,0.7370848029715872
0.0,0.0,0.0,0.8054092385729508
0.0,0.0,0.0,0.8782136545511163
0.0,0.0,0.0,0.9527348874195235
0.0,0.0,0.0,1.0338902918399295
0.0,0.0,0.0,1.1061007598147408
0.0,0.0,0.0,1.179594594480268
0.0,0.0,0.0,1.256646333857667
0.0,0.5742877,0.0,1.3299423999696418
0.0,1.0316617,0.0,1.4089454798230647
0.0,1.0279726,0.0,1.4811515922639775
0.0,0.7891562,0.0,1.5609047873383228
0.16,1.418217,0.0,1.627751014171403
0.77,1.5222691,0.16,1.7752824396683222
1.6500000000000001,1.3890516,0.77,2.3708583365265126
3.08,1.4866971,1.6500000000000001,3.2259598482599987
3.95,3.0806148,3.08,4.463856968986844
5.55,4.1078606,3.95,5.340525382341599
8.78,5.0645733,5.55,6.753484116385749
9.58,6.780859,8.78,9.489633897702534
9.71,8.629906,9.58,10.311247220781597
13.8,9.041645,9.71,10.529878426596515
15.740000000000002,10.427226,13.8,13.892285785981148
26.41,12.251931,15.740000000000002,15.540967314071032
33.64,18.284645,26.41,24.232537813428657
33.24,23.784264,33.64,30.021638446350185
37.3,26.443111,33.24,30.021283936567823
26.61,28.535461,37.3,33.313344456923446
33.24,26.964437,26.61,24.06222697089264
42.18,27.401655,33.24,29.32812777078273
42.04,29.986185,42.18,36.38921626124614
42.84,31.525644,42.04,36.678086673867064
42.98,32.77474,42.84,37.58185260778646
42.62,33.244946,42.98,37.37589002082602
42.07,32.590233,42.62,36.915116793278656
40.98,32.29101,42.07,36.407186054980954
40.43,31.442272,40.98,34.95283077390072
39.46,29.88277,40.43,34.20528200459806
38.08,29.070837,39.46,33.306629567555504
36.53,27.487793,38.08,31.953128195864842
35.95,25.437243,36.53,30.794726850342613
34.2,24.345604,35.95,30.004926569760705
31.77,22.907543,34.2,28.275470656338562
27.0,20.83372,31.77,26.184924487673587
24.49,17.200119,27.0,22.09520032657659
21.44,14.006093,24.49,19.747837032133365
18.66,11.770393,21.44,17.10750122447653
16.77,9.1897135,18.66,14.588548004969947
14.52,7.2527356,16.77,13.154800763956892
11.06,5.417244,14.52,11.100882380682469
5.81,3.4074516,11.06,8.190764983361404
2.31,1.070819,5.81,3.7528031510446924
0.86,0.0,2.31,0.5388585512006383
0.06,0.0,0.86,-0.7582848599264724
0.0,0.0,0.06,-1.321703499737241
0.0,0.0,0.0,-1.2116812131022718
0.0,0.0,0.0,-0.942359545132966
0.0,0.0,0.0,-0.7169717608057146
0.0,0.0,0.0,-0.5287789495623672
0.0,0.0,0.0,-0.4005490677739653
0.0,0.0,0.0,-0.2839374272703008
0.0,0.0,0.0,-0.19789687759486432
0.0,0.0,0.0,-0.0963237117975066
0.0,0.0,0.0,0.02767334509452147
0.0,0.0,0.0,0.1595532239985771
0.0,0.0,0.0,0.21123122287608193
0.0,0.0,0.0,0.24562626049116995
0.0,0.0,0.0,0.2660764827249071
0.0,0.0,0.0,0.30009368018252947
0.0,0.0,0.0,0.30244063975431584
0.0,0.0,0.0,0.2976937956289543
0.0,0.0,0.0,0.2909138328812141
0.0,0.0,0.0,0.32887390538251426
0.0,0.0,0.0,0.32773116113243556
0.0,0.0,0.0,0.3200697149039974
0.0,0.0,0.0,0.31485237484880096
0.0,0.0,0.0,-0.2300655474691722
0.0,0.0,0.0,-0.23880535962972316
0.0,0.0,0.0,-0.28739141599930584
0.0,0.0,0.0,-0.3233525791737371
0.0,0.0,0.0,-0.29293673628896855
0.0,0.0,0.0,-0.29596671274475206
0.0,0.0,0.0,-0.28789367429624746
0.0,0.0,0.0,-0.2691324699111666
0.0,0.0,0.0,-0.2187876045469786
0.0,0.0,0.0,-0.19083108389955467
0.0,0.0,0.0,-0.1645105452016904
0.0,0.0,0.0,-0.12244546768560467
0.0,0.0,0.0,-0.06115859183412585
0.0,0.0,0.0,-0.02169072256388519
0.0,0.0,0.0,0.0187526337570491
0.0,0.0,0.0,0.07108607434166223
0.0,0.0,0.0,0.14409894455241334
0.0,0.0,0.0,0.20323163226668248
0.0,0.0,0.0,0.26372485244033333
0.0,0.0,0.0,0.3351368029843541
0.0,0.0,0.0,0.4123394263809574
0.0,0.0,0.0,0.49608253185394224
0.0,0.0,0.0,0.5607385271026022
0.0,0.0,0.0,0.6115703974009414
0.0,0.0,0.0,0.6840502070346903
0.0,0.0,0.0,0.7666411058040126
0.0,0.0,0.0,0.848962380720167
0.0,0.0,0.0,0.9135831390909024
0.0,0.0,0.0,0.9906183296830247
0.0,0.0,0.0,1.0709121236217762
0.0,0.0,0.0,1.1516796837512073
0.0,0.0,0.0,1.2330998797067139
0.18,0.0,0.0,1.284405512091467
1.19,0.0,0.18,1.499101342514046
3.44,0.0,1.19,2.4214589581880426
4.88,1.2412571,3.44,4.235458317595012
7.200000000000001,4.019537,4.88,5.546124521609184
13.530000000000001,6.27312,7.200000000000001,7.604383779668428
16.93,10.359499,13.530000000000001,12.736729089637922
20.97,14.121382,16.93,15.663214571264128
26.839999999999996,17.760914,20.97,19.269968379116555
28.65,21.272644,26.839999999999996,24.197331287816336
24.79,23.733776,28.65,25.795655182524897
28.190000000000005,23.113293,24.79,22.806015871313477
25.429999999999996,23.686235,28.190000000000005,25.307503836239363
28.689999999999998,23.090767,25.429999999999996,22.962808254757295
25.94,24.083101,28.689999999999998,25.598804692785958
23.91,23.54962,25.94,23.197758356979424
29.68,22.825071,23.91,21.437836175765177
31.56,23.409409,29.68,26.118899688749174
21.09,24.218918,31.56,27.59205185640137
20.68,21.662088,21.09,19.129456840777813
12.08,19.443756,20.68,18.376231646749332
7.53,15.529296,12.08,10.862519927291125
7.51,12.02375,7.53,6.804139781236406
7.690000000000001,9.786481,7.51,6.67172720369818
8.39,7.9885693,7.690000000000001,6.641635070563179
8.96,5.7149725,8.39,7.5408147373139585
7.24,5.342672,8.96,7.975296147737429
7.109999999999999,4.006391,7.24,6.747045361628598
7.2700000000000005,2.8557317,7.109999999999999,6.635328539267574
8.66,2.7078924,7.2700000000000005,6.488968853543431
7.6499999999999995,3.0902631,8.66,7.561234923080204
6.77,2.8720145,7.6499999999999995,6.962101076388186
6.800000000000001,2.6231823,6.77,6.184864045066638
6.87,2.3927038,6.800000000000001,6.3303423921341
6.9,2.825354,6.87,6.5133068166407435
8.66,3.3270583,6.9,6.558354820464851
8.64,3.8330448,8.66,8.080356180623374
8.18,4.177836,8.64,8.098563379001577
5.84,3.9361737,8.18,7.664382743420017
2.59,3.1237252,5.84,5.681678045831568
0.86,1.1452379,2.59,2.7926149696727047
0.02,0.0,0.86,1.173985539336514
0.0,0.0,0.02,0.32017307646940024
0.0,0.0,0.0,0.24045708333835722
0.0,0.0,0.0,0.2976213572619214
0.0,0.0,0.0,0.2849702629841489
0.0,0.0,0.0,0.2973260970996722
0.0,0.0,0.0,0.2790400989019018
0.0,0.0,0.0,0.23799432681942712
0.0,0.0,0.0,0.1993555069849712
0.0,0.0,0.0,0.1638769583209434
0.0,0.0,0.0,0.14898620563148607
0.0,0.0,0.0,0.20364887162939022
0.0,0.0,0.0,0.19351195375208635
0.0,0.0,0.0,0.1758626458734841
0.0,0.0,0.0,0.1325074490047394
0.0,0.0,0.0,0.11910047626412582
0.0,0.0,0.0,0.08581964658165679
0.0,0.0,0.0,0.04762535363095899
0.0,0.0,0.0,0.03267491595220166
0.0,0.0,0.0,0.07437692967052247
0.0,0.0,0.0,0.061515391082887436
0.0,0.0,0.0,0.0561997534980839
0.0,0.0,0.0,0.04538249775507923
0.0,0.0,0.0,0.11747769965545288
0.0,0.0,0.0,0.09783658011456187
0.0,0.0,0.0,0.08201598854151812
0.0,0.0,0.0,0.06853304596898102
0.0,0.0,0.0,0.09286416434940245
0.0,0.0,0.0,0.10627841244410102
0.0,0.0,0.0,0.11619516973306268
0.0,0.0,0.0,0.1356992860739821
0.0,0.0,0.0,0.19393478964593852
0.0,0.0,0.0,0.2114220359767785
0.0,0.0,0.0,0.2331008103500759
0.0,0.0,0.0,0.26842708614104144
0.0,0.0,0.0,0.3299757561247351
0.0,0.0,0.0,0.3674983516092165
0.0,0.0,0.0,0.41479446826078686
0.0,0.0,0.0,0.46324155979569054
0.0,0.0,0.0,0.5332502604368872
0.0,0.0,0.0,0.5823784463262112
0.0,0.0,0.0,0.6397368367627054
0.0,0.0,0.0,0.6962452747771054
0.0,0.0,0.0,0.7771098098673718
0.0,0.0,0.0,0.8432193058902384
0.0,0.0,0.0,0.9116097553876857
0.0,0.0,0.0,0.9811985404567342
0.0,0.0,0.0,1.0629828898317646
0.0,0.0,0.0,1.1363707583188614
0.0,0.0,0.0,1.2098647625815517
0.0,0.0,0.0,1.2757601550855737
0.0,0.30728537,0.0,1.3390938390686546
0.0,0.86416453,0.0,1.4158687393071454
0.0,0.9714473,0.0,1.4900201173141052
0.0,0.72615105,0.0,1.5688412260684563
0.26,1.0771081,0.0,1.6320298173126322
1.41,0.9833094,0.26,1.9346065852952308
3.95,1.476061,1.41,2.809178405181726
7.41,3.0273197,3.95,4.901910677433581
11.4,6.601864,7.41,7.849688236347349
15.120000000000001,10.315134,11.4,11.302220504861333
18.46,13.759632,15.120000000000001,14.567614386054261
21.46,16.52576,18.46,17.518416166979193
24.27,19.258696,21.46,20.114643653904153
26.87,21.269676,24.27,22.471826024298842
29.109999999999996,23.166107,26.87,24.604294679438603
30.959999999999997,24.92916,29.109999999999996,26.500759913874305
32.66,26.893154,30.959999999999997,28.010238344152818
34.22,28.503176,32.66,29.37987801145
35.42,29.90241,34.22,30.68583709702677
35.78,30.85709,35.42,31.62254407412901
37.08,31.224018,35.78,31.82316064241678
37.75,32.01367,37.08,32.73316419832236
38.31,32.166557,37.75,33.183086109162964
38.88,32.138317,38.31,33.58264413198015
39.23,31.887268,38.88,34.07889557433832
39.36,31.573599,39.23,34.25866186919377
39.28,30.958344,39.36,34.06383957258967
38.8,30.40638,39.28,34.0474612134734
38.09,29.27332,38.8,33.48566944483071
37.88,28.071705,38.09,32.74311868985432
36.99,27.127869,37.88,32.373141915372415
35.03,26.1094,36.99,31.523094475349666
33.53,24.147923,35.03,29.75102202968676
31.47,22.48056,33.53,28.25312355337939
29.32,20.787016,31.47,26.42359920477095
26.170000000000005,18.596571,29.32,24.464821105710875
23.9,15.561235,26.170000000000005,21.682333863143388
22.0,13.156348,23.9,19.64163767308964
18.45,11.297477,22.0,17.960803502064927
14.940000000000001,9.095405,18.45,14.942130825323341
12.07,6.0916348,14.940000000000001,11.871301808595325
9.99,4.0669756,12.07,9.284537997242026
6.860000000000001,2.4674616,9.99,7.442545586598815
3.03,0.7068403,6.860000000000001,4.772176474592488
0.69,0.0,3.03,1.5034724231467067
0.02,0.0,0.69,-0.5590911434550816
0.0,0.0,0.02,-1.1191415812688592
0.0,0.0,0.0,-1.0278659622227613
0.0,0.0,0.0,-0.8230582127509101
0.0,0.0,0.0,-0.6495544195197385
0.0,0.0,0.0,-0.47887420820030213
0.0,0.0,0.0,-0.3240372507533989
0.0,0.0,0.0,-0.1747850220724316
0.0,0.0,0.0,-0.08903237690350563
0.0,0.0,0.0,-0.008944874145352076
0.0,0.0,0.0,0.08148816932392507
0.0,0.0,0.0,0.20412272110855653
0.0,0.0,0.0,0.2654657154804962
0.0,0.0,0.0,0.3032104583717813
0.0,0.0,0.0,0.3106469637041386
0.0,0.0,0.0,0.3445048218267903
0.0,0.0,0.0,0.35015263139938374
0.0,0.0,0.0,0.3396343758925103
0.0,0.0,0.0,0.32521474456869875
0.0,0.0,0.0,0.3532225914527457
0.0,0.0,0.0,0.3338946201299712
0.0,0.0,0.0,0.3299874124678486
0.0,0.0,0.0,0.31385301107556257
0.0,0.0,0.0,-0.3699575071793099
0.0,0.0,0.0,-0.39633864177604644
0.0,0.0,0.0,-0.41205555375743097
0.0,0.0,0.0,-0.42436117790251093
0.0,0.0,0.0,-0.3897722441253745
0.0,0.0,0.0,-0.38090619801199427
0.0,0.0,0.0,-0.3708710180711311
0.0,0.0,0.0,-0.36091195886038574
0.0,0.0,0.0,-0.321057173497066
0.0,0.0,0.0,-0.28829021813308736
0.0,0.0,0.0,-0.2635054995663005
0.0,0.0,0.0,-0.2331157738987795
0.0,0.0,0.0,-0.16924589725522202
0.0,0.0,0.0,-0.12900168528093975
0.0,0.0,0.0,-0.07885237662299191
0.0,0.0,0.0,-0.02794939765412719
0.0,0.0,0.0,0.037813930200868845
0.0,0.0,0.0,0.09552458557323273
0.0,0.0,0.0,0.15338948363933183
0.0,0.0,0.0,0.21573382402330488
0.0,0.0,0.0,0.29645131654727175
0.0,0.0,0.0,0.3638434896967484
0.0,0.0,0.0,0.43782539392036823
0.0,0.0,0.0,0.4930671651553845
0.0,0.0,0.0,0.5746193409005882
0.0,0.0,0.0,0.6421077719820617
0.0,0.0,0.0,0.7316453299941215
0.0,0.0,0.0,0.8130864245814143
0.0,0.0,0.0,0.8908345112723832
0.0,0.0,0.0,0.9694031808756575
0.0,0.0,0.0,1.0398115857443624
0.0,0.0,0.0,1.1192952891190209
0.3,0.0,0.0,1.2041094566447053
1.12,0.0,0.3,1.5336396610273468
3.01,0.0,1.12,2.2724950116826377
6.7299999999999995,0.0,3.01,3.8210177298319805
10.66,3.5723135,6.7299999999999995,6.979624606917059
14.17,7.727721,10.66,10.382202125338724
17.95,11.559172,14.17,13.529954348309303
20.98,15.194607,17.95,16.868212307395414
20.92,18.643724,20.98,19.511132231348082
17.62,19.929092,20.92,19.56029235308318
16.14,18.99415,17.62,16.744874841644037
18.8,17.538599,16.14,15.337040702960437
16.34,17.987108,18.8,17.365282554278096
16.74,17.346287,16.34,15.346321546242958
15.340000000000002,16.571873,16.74,15.795182256470424
12.89,16.285057,15.340000000000002,14.567531038019288
11.15,13.771394,12.89,12.504570480848153
10.62,12.662496,11.15,11.035937313770427
9.61,11.629109,10.62,10.447128369735188
10.75,10.227306,9.61,9.637449510379902
11.08,8.966366,10.75,10.577969941202293
13.86,8.755178,11.08,11.032915526162984
13.200000000000001,9.134426,13.86,13.321501934180102
12.839999999999998,8.309467,13.200000000000001,12.941080066463472
11.55,7.49153,12.839999999999998,12.411392545149546
11.19,6.8168306,11.55,11.318704631658793
11.33,5.9929714,11.19,10.80683167923993
12.37,5.2465277,11.33,10.746477874586603
12.809999999999999,5.5044723,12.37,11.409290852380934
9.88,6.1376357,12.809999999999999,11.590423554489332
8.52,5.471588,9.88,8.98135923110458
7.16,4.781838,8.52,7.765204145781279
5.95,3.6069016,7.16,6.496401823247017
4.99,2.6422145,5.95,5.403631986664717
3.95,1.8136623,4.99,4.468373660633168
3.36,1.0345304,3.95,3.5462420074902385
2.74,0.0,3.36,3.127401985041672
1.77,0.0,2.74,2.6123929704730084
1.22,0.0,1.77,1.805198167922248
0.66,0.0,1.22,1.3212078190217122
0.16,0.0,0.66,0.8066278222434011
0.0,0.0,0.16,0.34275029949310876
0.0,0.0,0.0,0.220113125780878
0.0,0.0,0.0,0.2016019934072258
0.0,0.0,0.0,0.2432584737173487
0.0,0.0,0.0,0.23754825695932735
0.0,0.0,0.0,0.2456756869904233
0.0,0.0,0.0,0.23864664152131765
0.0,0.0,0.0,0.23521497324920615
0.0,0.0,0.0,0.19884659784696856
0.0,0.0,0.0,0.17995884318372096
0.0,0.0,0.0,0.1531844904106086
0.0,0.0,0.0,0.16421552601597264
0.0,0.0,0.0,0.14540539488283513
0.0,0.0,0.0,0.10533964182583497
0.0,0.0,0.0,0.06385940890757028
0.0,0.0,0.0,0.05645260827195284
0.0,0.0,0.0,0.016869847133827234
0.0,0.0,0.0,-0.024709248205104922
0.0,0.0,0.0,-0.0575400787357995
0.0,0.0,0.0,-0.04712252875548016
0.0,0.0,0.0,-0.06665609183216167
0.0,0.0,0.0,-0.1002484386587496
0.0,0.0,0.0,-0.12227928371056351
0.0,0.0,0.0,-0.3560905970209638
0.0,0.0,0.0,-0.3749163551070266
0.0,0.0,0.0,-0.3856218270140661
0.0,0.0,0.0,-0.39100011450826366
0.0,0.0,0.0,-0.3560394766344368
0.0,0.0,0.0,-0.3542879877980666
0.0,0.0,0.0,-0.3443914194693334
0.0,0.0,0.0,-0.33703520074441706
0.0,0.0,0.0,-0.2933186658267622
0.0,0.0,0.0,-0.27067856388024586
0.0,0.0,0.0,-0.239412168272133
0.0,0.0,0.0,-0.21211937774233797
0.0,0.0,0.0,-0.14720724926845336
0.0,0.0,0.0,-0.10928367836511056
0.0,0.0,0.0,-0.05472507982044669
0.0,0.0,0.0,-0.047845136313907216
0.0,0.0,0.0,0.005184248666806855
0.0,0.0,0.0,0.05772596995690157
0.0,0.0,0.0,0.10756948138349337
0.0,0.0,0.0,0.16029338839480717
0.0,0.0,0.0,0.2410449654662675
0.0,0.0,0.0,0.30859759933725034
0.0,0.0,0.0,0.382575573029726
0.0,0.0,0.0,0.4601054289725718
0.0,0.0,0.0,0.5490376825283314
0.0,0.0,0.0,0.6316371497139022
0.0,0.0,0.0,0.7151359194544323
0.0,0.0,0.0,0.7874030468208306
0.0,0.0,0.0,0.8713374958924082
0.0,0.0,0.0,0.9527877670375803
0.0,0.0,0.0,1.051206547399675
0.0,0.0,0.0,1.1036088183290629
0.08,0.0,0.0,1.1700592675520622
0.84,0.0,0.08,1.3119709421712444
2.32,0.0,0.84,2.0566798523909644
2.72,0.0,2.32,3.302100924985755
4.63,0.21973248,2.72,3.7624003577189273
9.68,1.7225139,4.63,5.46242652583339
10.37,4.4886565,9.68,9.74950899026306
12.16,7.0076017,10.37,10.591598031788633
14.46,10.351112,12.16,12.223209847926823
15.61,10.276058,14.46,14.113061337663583
21.81,10.540568,15.61,15.139351137114366
25.370000000000005,14.785269,21.81,20.43308480006883
24.77,18.573957,25.370000000000005,23.456014656784063
24.87,20.641737,24.77,23.214727262163514
24.21,20.995375,24.87,23.262379205280194
21.08,20.518875,24.21,22.550920425395304
18.01,19.047169,21.08,19.901549652174854
16.2,17.473003,18.01,17.166779949970756
13.23,12.876042,16.2,14.763209608938022
9.51,10.52638,13.23,12.148301562003383
9.18,11.162732,9.51,9.889579035787783
11.75,9.570341,9.18,9.41753365243551
8.89,9.197324,11.75,11.449242875102463
9.13,7.8160763,8.89,9.382567600552516
9.25,6.5169683,9.13,9.419085110620006
9.19,4.895506,9.25,9.339087729972844
9.13,4.749966,9.19,9.632493584049998
9.1,4.280105,9.13,9.549333360911172
9.03,3.627371,9.1,9.455224047975525
8.79,3.2327075,9.03,9.459040514921282
8.71,3.2059789,8.79,9.066554890511128
8.62,3.3100014,8.71,9.092080275246522
8.47,3.2738826,8.62,9.008759012165768
8.36,3.8227487,8.47,8.845165039070762
8.16,4.6041317,8.36,8.615895114088767
8.1,4.635917,8.16,8.424410883430388
11.48,4.2776394,8.1,8.28526156121287
10.38,4.883581,11.48,10.874258978108548
6.1,4.938008,10.38,9.867115460567206
2.5,3.6335628,6.1,6.153695658924846
0.44,0.96857303,2.5,2.780485235276209
0.0,0.0,0.44,0.7134415470752914
0.0,0.0,0.0,0.1432419224283138
0.0,0.0,0.0,0.00976672491546926
0.0,0.0,0.0,0.031636951827779605
0.0,0.0,0.0,0.10014829378951987
0.0,0.0,0.0,0.15275732963488595
0.0,0.0,0.0,0.1311346405781377
0.0,0.0,0.0,0.11629389335751118
0.0,0.0,0.0,-0.012485127051835646
0.0,0.0,0.0,-0.03578462280914227
0.0,0.0,0.0,0.0029754332318842475
0.0,0.0,0.0,0.060168315939287606
0.0,0.0,0.0,0.06296721262790198
0.0,0.0,0.0,0.032771238890193406
0.0,0.0,0.0,-0.0014887071596123014
0.0,0.0,0.0,-0.005095326080644183
0.0,0.0,0.0,-0.039282415818999925
0.0,0.0,0.0,-0.07392088204524923
0.0,0.0,0.0,-0.0946043966833305
0.0,0.0,0.0,-0.0826679043860093
0.0,0.0,0.0,-0.07590647732299317
0.0,0.0,0.0,-0.08382373080390998
0.0,0.0,0.0,-0.11595431478564865
0.0,0.0,0.0,-0.411025202316764
0.0,0.0,0.0,-0.4453117072036099
0.0,0.0,0.0,-0.4538716167818476
0.0,0.0,0.0,-0.46003922247142837
0.0,0.0,0.0,-0.42702787284575117
0.0,0.0,0.0,-0.42709527559093124
0.0,0.0,0.0,-0.4204565383592904
0.0,0.0,0.0,-0.41438775299328273
0.0,0.0,0.0,-0.3653674216991084
0.0,0.0,0.0,-0.3429636346862455
0.0,0.0,0.0,-0.31688369570343905
0.0,0.0,0.0,-0.28556969799947013
0.0,0.0,0.0,-0.226404806706634
0.0,0.0,0.0,-0.18705491768973015
0.0,0.0,0.0,-0.1472397183248184
0.0,0.0,0.0,-0.10504959957352879
0.0,0.0,0.0,-0.025804433958870332
0.0,0.0,0.0,0.0275017507084193
0.0,0.0,0.0,0.08849317784567559
0.0,0.0,0.0,0.165606493020444
0.0,0.0,0.0,0.2468596461219011
0.0,0.0,0.0,0.31919357477331217
0.0,0.0,0.0,0.390997915455228
0.0,0.0,0.0,0.4681184973248943
0.0,0.0,0.0,0.5423923440817453
0.0,0.0,0.0,0.6260177198284096
0.0,0.0,0.0,0.7019928322669721
0.0,0.0,0.0,0.7747664715904126
0.0,0.0,0.0,0.856493944855382
0.0,0.0,0.0,0.9257706678908099
0.0,0.0,0.0,0.9980912715290308
0.0,0.0,0.0,1.0774441088833746
0.02,0.0,0.0,1.1419492909793685
0.61,0.0,0.02,1.234545141928764
2.82,0.0,0.61,1.771100507591876
7.51,0.0,2.82,3.619101124080979
12.28,3.452684,7.51,7.653370728692095
15.76,8.325588,12.28,11.889756367872804
19.67,12.560264,15.76,15.136142259710727
22.7,16.322882,19.67,18.626921953000387
25.4,19.137978,22.7,21.264063130302723
28.37,21.271112,25.4,23.66375815381315
25.44,23.102663,28.37,26.12666408680783
17.05,23.088448,25.44,23.74128096386756
12.82,20.438042,17.05,16.675498826886592
12.61,17.184322,12.82,12.790650811702253
12.43,15.152292,12.61,12.356839313495493
11.19,13.786502,12.43,12.195870877767057
10.97,12.906999,11.19,11.147420891703597
10.52,11.7916975,10.97,11.009702611877504
9.05,10.35111,10.52,10.852514026816088
9.15,8.898621,9.05,9.758431990161554
9.97,7.920923,9.15,7.188207149962
8.01,5.6010323,9.97,7.15390143309892
10.4,4.0601006,8.01,5.6206985780502485
16.43,3.8419437,10.4,7.683636764065863
17.55,5.474165,16.43,12.953080868895054
13.79,6.479565,17.55,14.260121081220417
10.11,6.2187285,13.79,11.303041588928576
5.56,4.264844,10.11,8.080924542651019
1.94,1.7892721,5.56,4.217338008203542
0.45000000000000007,0.0,1.94,1.1644079119943362
0.0,0.0,0.45000000000000007,-0.15437730100721636
0.0,0.0,0.0,-0.4506969217366444
0.0,0.0,0.0,-0.33770153333433084
0.0,0.0,0.0,-0.20007474275829246
0.0,0.0,0.0,-0.031727513759121154
0.0,0.0,0.0,0.0025262119700487223
0.0,0.0,0.0,-0.14469409259832353
0.0,0.0,0.0,-0.18807999806334763
0.0,0.0,0.0,-0.1497192343641783
0.0,0.0,0.0,-0.1105686500810596
0.0,0.0,0.0,-0.07479460369943618
0.0,0.0,0.0,-0.0030749709011922144
0.0,0.0,0.0,-0.013959127416177802
0.0,0.0,0.0,-0.052461979141730716
0.0,0.0,0.0,-0.10013282340445573
0.0,0.0,0.0,-0.08574787471307202
0.0,0.0,0.0,-0.13189311953299143
0.0,0.0,0.0,-0.15001134861225146
0.0,0.0,0.0,-0.11422219919478976
0.0,0.0,0.0,-0.06797696893763305
0.0,0.0,0.0,-0.0816725961915156
0.0,0.0,0.0,-0.09758788491064027
0.0,0.0,0.0,-0.14312830716669625
0.0,0.0,0.0,-0.07725070212703383
0.0,0.0,0.0,-0.10370301053968314
0.0,0.0,0.0,-0.11801921421144418
0.0,0.0,0.0,-0.12377333963659795
0.0,0.0,0.0,-0.09232319151236193
0.0,0.0,0.0,-0.08992172404215029
0.0,0.0,0.0,-0.07795323482122501
0.0,0.0,0.0,-0.06267695551263296
0.0,0.0,0.0,-0.008588844329118772
0.0,0.0,0.0,0.007971180882303773
0.0,0.0,0.0,0.042343091481943096
0.0,0.0,0.0,0.07610869864005995
0.0,0.0,0.0,0.1410207491861758
0.0,0.0,0.0,0.18232011193897707
0.0,0.0,0.0,0.2228825157606666
0.0,0.0,0.0,0.2827231573697273
0.0,0.0,0.0,0.3613188871588081
0.0,0.0,0.0,0.41927479305402665
0.0,0.0,0.0,0.48132573713229876
0.0,0.0,0.0,0.5433873633733162
0.0,0.0,0.0,0.626463614219713
0.0,0.0,0.0,0.6939954162766653
0.0,0.0,0.0,0.7637028135709442
0.0,0.0,0.0,0.8352453630199498
0.0,0.0,0.0,0.9197475847805062
0.0,0.0,0.0,0.9870552916185623
0.0,0.0,0.0,1.06042704093483
0.0,0.0,0.0,1.1393023180461388
0.0,0.0,0.0,1.2026196326881622
0.0,0.21533738,0.0,1.2808338369493377
0.0,0.0,0.0,1.356428539608082
0.0,0.0,0.0,1.4286297244682862
0.09,0.0,0.0,1.5115578422640674
0.88,0.0,0.09,1.6466981182259157
2.37,0.06300765,0.88,2.3488768533456503
5.39,1.0702018,2.37,3.459841806361247
9.3,4.14437,5.39,5.828437671999931
12.689999999999998,7.610618,9.3,9.081125319939307
15.939999999999998,10.936167,12.689999999999998,11.974296306211778
18.62,13.750023,15.939999999999998,14.767734863966902
21.16,16.328081,18.62,17.08274883315161
23.96,18.2362,21.16,19.156349797571448
26.669999999999998,19.8626,23.96,21.41287160125666
28.999999999999996,21.533432,26.669999999999998,23.599675959861326
30.870000000000005,23.731855,28.999999999999996,25.451622848016758
32.51,25.308603,30.870000000000005,26.965230628810456
33.93,26.683172,32.51,28.239625080809606
35.65,27.88248,33.93,29.311012209211228
36.52,29.33262,35.65,30.550571920209492
37.25,30.302832,36.52,31.098214148599478
37.64,30.900442,37.25,31.54415396429142
37.6,31.101973,37.64,31.691394300395693
37.19,30.62786,37.6,31.517399359386744
37.24,29.910242,37.19,31.026536911469872
37.36,29.087463,37.24,30.696072214390036
36.42,28.467714,37.36,30.784288099249647
30.930000000000003,27.259775,36.42,29.78056444625814
22.89,24.653116,30.930000000000003,25.04973628777567
19.34,20.676283,22.89,18.0890068430443
19.01,17.47268,19.34,14.701479293681096
19.11,15.02245,19.01,14.110915191299455
28.139999999999997,13.634455,19.11,14.07862089113156
27.82,15.297374,28.139999999999997,21.61013664794031
25.41,15.891215,27.82,21.760849683176918
23.06,14.855498,25.41,20.198330874261362
20.0,12.685582,23.06,18.175801625341403
16.91,10.398973,20.0,15.492606427271982
13.77,7.908788,16.91,12.946745686548855
10.41,5.1974154,13.77,10.102995892879935
6.909999999999999,2.8486853,10.41,7.3664789765426
3.92,0.5729876,6.909999999999999,4.667923423215036
1.72,0.0,3.92,2.305111718121516
0.53,0.0,1.72,0.5579318614872208
0.0,0.0,0.53,-0.33638984367218433
0.0,0.0,0.0,-0.8663257282886506
0.0,0.0,0.0,-0.7532913758393385
0.0,0.0,0.0,-0.5519617375521948
0.0,0.0,0.0,-0.3920028932108171
0.0,0.0,0.0,-0.2507554142648465
0.0,0.0,0.0,-0.13516573269228213
0.0,0.0,0.0,-0.00860086284613995
0.0,0.0,0.0,0.05062693962469035
0.0,0.0,0.0,0.06958990906032435
0.0,0.0,0.0,0.09188294339918437
0.0,0.0,0.0,0.145083343015486
0.0,0.0,0.0,0.15326302668663885
0.0,0.0,0.0,0.2197491430864562
0.0,0.0,0.0,0.23022720414305026
0.0,0.0,0.0,0.2602555782569406
0.0,0.0,0.0,0.25462267909230235
0.0,0.0,0.0,0.2584248382344926
0.0,0.0,0.0,0.24734554929208616
0.0,0.0,0.0,0.27142053780297054
0.0,0.0,0.0,0.2530574636119413
0.0,0.0,0.0,0.21686927805650552
0.0,0.0,0.0,0.18528699495941758
0.0,0.0,0.0,-0.1713974430942667
0.0,0.0,0.0,-0.192322920500396
0.0,0.0,0.0,-0.20594742255446302
0.0,0.0,0.0,-0.22152905986274096
0.0,0.0,0.0,-0.18271102876495984
0.0,0.0,0.0,-0.18352106864145679
0.0,0.0,0.0,-0.17777664654232866
0.0,0.0,0.0,-0.16433157982918417
0.0,0.0,0.0,-0.10884244851386074
0.0,0.0,0.0,-0.08436647288523995
0.0,0.0,0.0,-0.06218082000876493
0.0,0.0,0.0,-0.012743126806594174
0.0,0.0,0.0,0.044117832488514
0.0,0.0,0.0,0.07763209666243834
0.0,0.0,0.0,0.12259120780052819
0.0,0.0,0.0,0.17661714858400335
0.0,0.0,0.0,0.24922146119821692
0.0,0.0,0.0,0.2968221542717326
0.0,0.0,0.0,0.3547084418941381
0.0,0.0,0.0,0.4217027813783497
0.0,0.0,0.0,0.5042476700498825
0.0,0.0,0.0,0.5729567990715574
0.0,0.0,0.0,0.6381117188564189
0.0,0.0,0.0,0.7130297069748458
0.0,0.0,0.0,0.8035025200915696
0.0,0.0,0.0,0.8818194455964872
0.0,0.0,0.0,0.9632297648745282
0.0,0.0,0.0,1.0380750664191987
0.0,0.0,0.0,1.1020592678421588
0.0,0.33592615,0.0,1.175058224633814
0.0,0.08349787,0.0,1.2602274905983097
0.0,0.0,0.0,1.3534548068185004
0.03,0.34979168,0.0,1.4116136609539354
0.6,0.45734936,0.03,1.50767696889739
1.9799999999999998,0.56148946,0.6,2.053964600490117
4.92,1.4080468,1.9799999999999998,3.1680763622070223
8.7,4.622523,4.92,5.450803879871392
12.33,7.985502,8.7,8.501629637281717
16.22,11.286105,12.33,11.55628991149326
19.52,14.399335,16.22,14.817188849004125
22.43,17.381674,19.52,17.621352136781894
25.17,19.609694,22.43,19.989516956860964
28.09,21.499475,25.17,22.202192690054467
30.36,23.327984,28.09,24.525785763607267
31.989999999999995,25.33471,30.36,26.278676202090658
33.57,26.806618,31.989999999999995,27.57257414682135
34.69,28.01788,33.57,28.819097707607444
31.629999999999995,29.002724,34.69,29.63528433401007
35.74,28.686583,31.629999999999995,26.953067803407393
33.42,29.59909,35.74,30.073216482090782
19.73,28.400225,33.42,27.891329009940314
15.920000000000002,23.589455,19.73,16.601973647579516
15.6,18.935246,15.920000000000002,12.832026593113854
15.53,15.991871,15.6,11.970173004794681
29.73,13.989687,15.53,11.924414063769746
25.95,16.793446,29.73,23.614769034651538
27.38,16.684565,25.95,20.910078959567606
29.600000000000005,17.422817,27.38,22.617032441419383
28.99,17.478548,29.600000000000005,24.07211361760946
26.66,16.831547,28.99,23.523926608833644
24.15,15.114697,26.66,21.68994419640793
21.11,13.923258,24.15,19.089336607858264
18.14,11.545569,21.11,16.592645065170263
15.15,9.034093,18.14,14.327951922537242
11.79,6.4746222,15.15,11.75075872476622
7.95,4.5848365,11.79,8.891399634810638
4.11,2.5515594,7.95,5.720863372407248
1.56,0.6335735,4.11,2.2509050452336643
0.3,0.0,1.56,0.24316264013661548
0.0,0.0,0.3,-0.7653594752201426
0.0,0.0,0.0,-0.9718421129271362
0.0,0.0,0.0,-0.8385412448671078
0.0,0.0,0.0,-0.6510890587559847
0.0,0.0,0.0,-0.4668431989213816
0.0,0.0,0.0,-0.33138388627410864
0.0,0.0,0.0,-0.32553395249290823
0.0,0.0,0.0,-0.28601998374027726
0.0,0.0,0.0,-0.23555395345566976
0.0,0.0,0.0,-0.1926762243010402
0.0,0.0,0.0,-0.04079567076404958
0.0,0.0,0.0,0.028777407021229884
0.0,0.0,0.0,0.04759900143129648
0.0,0.0,0.0,0.08047206259160847
0.0,0.0,0.0,0.1022217489656644
0.0,0.0,0.0,0.14147426549682673
0.0,0.0,0.0,0.1418585310448535
0.0,0.0,0.0,0.1313249082667686
0.0,0.0,0.0,0.12878661963081142
0.0,0.0,0.0,0.14848600453884145
0.0,0.0,0.0,0.1298782482010024
0.0,0.0,0.0,0.10101865697409607
0.0,0.0,0.0,0.06278455019861039
0.0,0.0,0.0,-0.2754216124944104
0.0,0.0,0.0,-0.3046798407521901
0.0,0.0,0.0,-0.3149537570426197
0.0,0.0,0.0,-0.32888498885576267
0.0,0.0,0.0,-0.29443039220488076
0.0,0.0,0.0,-0.290991116933682
0.0,0.0,0.0,-0.2787817435724562
0.0,0.0,0.0,-0.26314650852562427
0.0,0.0,0.0,-0.21137905929646156
0.0,0.0,0.0,-0.18951072724319762
0.0,0.0,0.0,-0.16732471303552293
0.0,0.0,0.0,-0.13264767396740756
0.0,0.0,0.0,-0.07162990547758818
0.0,0.0,0.0,-0.03266379312966382
0.0,0.0,0.0,0.022920737788402826
0.0,0.0,0.0,0.07334708868874489
0.0,0.0,0.0,0.14686675801020965
0.0,0.0,0.0,0.2105486417705407
0.0,0.0,0.0,0.2730849181777852
0.0,0.0,0.0,0.3338724536511127
0.0,0.0,0.0,0.40968283711676146
0.0,0.0,0.0,0.47567455585085344
0.0,0.0,0.0,0.5513405809591667
0.0,0.0,0.0,0.6205498804145941
0.0,0.0,0.0,0.6994949240936491
0.0,0.0,0.0,0.7779553211137941
0.0,0.0,0.0,0.848082582251208
0.0,0.0,0.0,0.927852558171216
0.0,0.0,0.0,1.0036181292135693
0.0,0.0,0.0,1.0770598931936084
0.0,0.0,0.0,1.1470470777717037
0.0,0.0,0.0,1.22252246184746
0.02,0.0,0.0,1.2888339390814507
0.59,0.0,0.02,1.3783285063077289
1.94,0.0,0.59,1.9134930813604396
4.58,0.60152817,1.94,2.9640886698666615
8.6,3.6886406,4.58,5.01044422158617
12.5,7.348405,8.6,8.28689290664121
16.2,11.017433,12.5,11.54106262427624
19.51,14.17267,16.2,14.67382415754146
22.36,17.246763,19.51,17.485561678596255
25.14,19.67587,22.36,19.803627339168493
27.82,21.502289,25.14,22.05608021028279
30.19,23.227015,27.82,24.19406009191268
32.01,25.212755,30.19,26.037840515671274
33.67,26.793915,32.01,27.461149974946764
35.03,28.050926,33.67,28.771248044873698
27.57,29.132143,35.03,29.764889767694836
17.21,26.267931,27.57,23.648016443977525
17.26,21.102793,17.21,14.649995897838586
17.3,17.771473,17.26,14.0201061116613
22.6,15.050001,17.3,13.706834375198085
24.79,14.994064,22.6,18.077057441042815
27.93,15.409647,24.79,19.99248953810663
27.62,16.51319,27.93,22.84746572290444
25.35,15.928441,27.62,22.796860527182815
22.74,14.924409,25.35,20.853109380166213
19.89,12.974833,22.74,18.456259223531145
16.57,10.701855,19.89,15.79660321864943
13.089999999999998,7.5793533,16.57,12.81276667166692
8.93,4.8057003,13.089999999999998,9.821104628766452
4.3,2.2865417,8.93,6.46182347167934
1.6,0.0,4.3,2.553264821756007
0.27,0.0,1.6,0.2705370030166465
0.0,0.0,0.27,-0.9149872376661206
0.0,0.0,0.0,-1.0972165970962893
0.0,0.0,0.0,-1.0520151505888116
0.0,0.0,0.0,-0.8769810720452329
0.0,0.0,0.0,-0.6922568494806401
0.0,0.0,0.0,-0.555355032406097
0.0,0.0,0.0,-0.4432817655605804
0.0,0.0,0.0,-0.31298693466131833
0.0,0.0,0.0,-0.280078593593781
0.0,0.0,0.0,-0.26778007962781414
0.0,0.0,0.0,-0.20085881236268435
0.0,0.0,0.0,-0.13239189413811298
0.0,0.0,0.0,-0.08789374549670534
0.0,0.0,0.0,-0.07034064076232582
0.0,0.0,0.0,-0.04935922943559365
0.0,0.0,0.0,0.005398694985052355
0.0,0.0,0.0,0.0021025866824805547
0.0,0.0,0.0,0.0077153165693380835
0.0,0.0,0.0,-0.002595575963027473
0.0,0.0,0.0,0.0339325385823314
0.0,0.0,0.0,0.012012701998044377
0.0,0.0,0.0,-0.016473133722801243
0.0,0.0,0.0,-0.05142816684554907
0.0,0.0,0.0,-0.4540844305922484
0.0,0.0,0.0,-0.4747904034849072
0.0,0.0,0.0,-0.49141559315290173
0.0,0.0,0.0,-0.5011905411264876
0.0,0.0,0.0,-0.4707699370885332
0.0,0.0,0.0,-0.46254507534808054
0.0,0.0,0.0,-0.45730687576713314
0.0,0.0,0.0,-0.4390806724756089
0.0,0.0,0.0,-0.3881105744009593
0.0,0.0,0.0,-0.3690653974124707
0.0,0.0,0.0,-0.3398794783562437
0.0,0.0,0.0,-0.3081893338915821
0.0,0.0,0.0,-0.24300724035396445
0.0,0.0,0.0,-0.20861059912184454
0.0,0.0,0.0,-0.1637733823964184
0.0,0.0,0.0,-0.12051567574729652
0.0,0.0,0.0,-0.04114776694801418
0.0,0.0,0.0,0.013053046330880301
0.0,0.0,0.0,0.07898176253914713
0.0,0.0,0.0,0.1309423049659331
0.0,0.0,0.0,0.21440265033866696
0.0,0.0,0.0,0.2771497866097159
0.0,0.0,0.0,0.35293826729940175
0.0,0.0,0.0,0.4265445417266065
0.0,0.0,0.0,0.5191103062298292
0.0,0.0,0.0,0.5867940668808571
0.0,0.0,0.0,0.663660051737517
0.0,0.0,0.0,0.736556171584533
0.0,0.0,0.0,0.8104948184468025
0.0,0.0,0.0,0.8879284754808456
0.0,0.0,0.0,0.9629920144592885
0.0,0.0,0.0,1.0367628300601932
0.0,0.0,0.0,1.0971162372666377
0.5,0.0,0.0,1.1868600746239806
1.87,0.0,0.5,1.6573060264051125
4.9,0.0,1.87,2.627897289762409
9.6,2.4429116,4.9,4.9127886578893305
13.86,6.5852633,9.6,8.690226618711625
17.46,10.79955,13.86,12.299257755820525
20.74,14.695718,17.46,15.385513162174558
23.76,18.321754,20.74,18.197934355827424
26.49,20.746136,23.76,20.62701098928877
29.01,22.597927,26.49,22.82752128522427
31.15,24.23929,29.01,24.85346352476111
33.01,26.149574,31.15,26.493107163323355
33.27,27.590496,33.01,27.975358991224454
10.24,28.414381,33.27,28.12163596641819
9.42,21.626373,10.24,9.36115985302689
6.4,16.700026,9.42,7.922610545219411
5.82,12.233011,6.4,4.6522856267009915
5.81,9.405765,5.82,4.1644366371929555
6.01,7.25184,5.81,4.131564777208899
6.08,6.054319,6.01,4.2404834897348005
5.91,4.610337,6.08,5.105021490353781
5.58,4.082424,5.91,4.627429557430044
6.2,3.442339,5.58,4.349021366935221
7.82,2.9867742,6.2,4.808830094240688
10.6,3.0789368,7.82,6.181663440570756
14.67,3.816853,10.6,8.545700189228358
15.64,4.967797,14.67,12.524022608214702
12.3,6.1446667,15.64,13.472667910013264
6.76,6.0468807,12.3,10.79422082072603
3.83,3.9528384,6.76,6.022936968004022
0.78,1.8494358,3.83,3.307568456541632
0.14,0.0,0.78,0.561893196044419
0.0,0.0,0.14,-0.13087693335499528
0.0,0.0,0.0,-0.267548955187058
0.0,0.0,0.0,-0.12929901881113606
0.0,0.0,0.0,0.0530704067378044
0.0,0.0,0.0,0.11559105951773098
0.0,0.0,0.0,0.14636268150816836
0.0,0.0,0.0,-0.06662155030177051
0.0,0.0,0.0,-0.10877894815082972
0.0,0.0,0.0,-0.11524059666623218
0.0,0.0,0.0,-0.05299347036034213
0.0,0.0,0.0,-0.060827324493307675
0.0,0.0,0.0,-0.013684053286476885
0.0,0.0,0.0,-0.052035232908097945
0.0,0.0,0.0,-0.0973615048545675
0.0,0.0,0.0,-0.1403282778329174
0.0,0.0,0.0,-0.145149185175842
0.0,0.0,0.0,-0.17096854632967437
0.0,0.0,0.0,-0.18061806642837852
0.0,0.0,0.0,-0.16032414114332538
0.0,0.0,0.0,-0.10499553702988072
0.0,0.0,0.0,-0.12808417187500676
0.0,0.0,0.0,-0.16874186066849794
0.0,0.0,0.0,-0.2014955169246463
0.0,0.0,0.0,-0.5895411586833068
0.0,0.0,0.0,-0.60554609712659
0.0,0.0,0.0,-0.6151224571515328
0.0,0.0,0.0,-0.6263322226653458
0.0,0.0,0.0,-0.6077178269448993
0.0,0.0,0.0,-0.5967536858305325
0.0,0.0,0.0,-0.5736369782407259
0.0,0.0,0.0,-0.5629048368233404
0.0,0.0,0.0,-0.5020647304041244
0.0,0.0,0.0,-0.479542119689828
0.0,0.0,0.0,-0.4594650030860348
0.0,0.0,0.0,-0.42218832589965216
0.0,0.0,0.0,-0.36428425357482447
0.0,0.0,0.0,-0.3230135545293628
0.0,0.0,0.0,-0.26857271014804585
0.0,0.0,0.0,-0.21324688338014536
0.0,0.0,0.0,-0.13050728717373117
0.0,0.0,0.0,-0.06511651266053291
0.0,0.0,0.0,0.02703266630792473
0.0,0.0,0.0,0.09307896726376605
0.0,0.0,0.0,0.16392385584468006
0.0,0.0,0.0,0.19263686784220646
0.0,0.0,0.0,0.26559052226687674
0.0,0.0,0.0,0.3706659461652859
0.0,0.0,0.0,0.4563618769559581
0.0,0.0,0.0,0.5552027382784208
0.0,0.0,0.0,0.6472797999259563
0.0,0.0,0.0,0.7251046184905487
0.0,0.0,0.0,0.8032378303034798
0.0,0.0,0.0,0.8609494248860561
0.0,0.0,0.0,0.9618531196007297
0.0,0.0,0.0,1.0777382457188356
0.0,0.0,0.0,1.1361633929366945
0.09,0.0,0.0,1.2028088060022768
0.26,0.0,0.09,1.3328610439027568
0.75,0.0,0.26,1.5344038354241951
3.39,0.0,0.75,1.9980945827119214
8.57,0.0,3.39,4.224211218197746
10.95,3.4215298,8.57,8.398873229710249
17.81,6.7873316,10.95,10.671599119675443
17.65,12.783672,17.81,16.257134145133445
16.87,16.3419,17.65,15.867899917104811
14.150000000000002,17.254307,16.87,14.978204549290542
13.170000000000002,15.459697,14.150000000000002,12.472422832613816
11.92,13.672921,13.170000000000002,11.63024221531414
9.24,10.039706,11.92,11.127324818261869
6.22,10.761298,9.24,7.8908551928327135
5.22,9.717883,6.22,5.620180311184936
5.21,7.338239,5.22,4.962387526934239
5.21,5.648833,5.21,4.987311268216449
5.14,4.737128,5.21,4.549261991943755
5.12,3.5955205,5.14,4.791610008323367
5.12,2.7972643,5.12,4.836910285107663
5.11,2.1182034,5.12,4.8268051524949005
5.09,1.7112464,5.11,4.7761727661357485
5.06,1.294433,5.09,5.217857373802838
4.99,1.3328996,5.06,4.687086977811014
4.95,1.1673119,4.99,4.660293592590343
4.97,1.0078397,4.95,4.596922330515799
5.08,0.8540766,4.97,4.7010412192222155
5.01,0.62940395,5.08,4.825762060100805
4.93,0.99460447,5.01,4.768067415886669
4.91,1.7980028,4.93,4.720125133648814
4.9,2.485492,4.91,4.85514436047187
6.52,2.531715,4.9,4.726004485459559
8.75,3.0983114,6.52,6.029766508580485
4.88,3.979277,8.75,7.8742913711053975
1.94,3.2967885,4.88,4.818993054208967
0.43,1.3587247,1.94,2.2597032294899204
0.0,0.0,0.43,0.7584381285396152
0.0,0.0,0.0,0.34371565500045803
0.0,0.0,0.0,0.24195324422023323
0.0,0.0,0.0,0.16503424148054702
0.0,0.0,0.0,0.20328929630813522
0.0,0.0,0.0,0.21240113379068365
0.0,0.0,0.0,0.19235530335920992
0.0,0.0,0.0,0.16110852386220476
0.0,0.0,0.0,0.07049602508839933
0.0,0.0,0.0,-0.040284242448338295
0.0,0.0,0.0,-0.014694244383435355
0.0,0.0,0.0,0.017972740091740103
0.0,0.0,0.0,-0.004550896561071431
0.0,0.0,0.0,-0.047300037228664715
0.0,0.0,0.0,-0.08913132971922234
0.0,0.0,0.0,-0.10157354274675442
0.0,0.0,0.0,-0.14085091234192285
0.0,0.0,0.0,-0.16970965551369732
0.0,0.0,0.0,-0.19072080589100893
0.0,0.0,0.0,-0.20037123045538974
0.0,0.0,0.0,-0.21685610378183798
0.0,0.0,0.0,-0.21906202540576297
0.0,0.0,0.0,-0.2558444699286906
0.0,0.0,0.0,-0.3832793913736948
0.0,0.0,0.0,-0.4067669182173467
0.0,0.0,0.0,-0.41411801374995477
0.0,0.0,0.0,-0.42079987709709965
0.0,0.0,0.0,-0.38106163740423726
0.0,0.0,0.0,-0.37980758056962544
0.0,0.0,0.0,-0.3731765562029546
0.0,0.0,0.0,-0.3534986196988492
0.0,0.0,0.0,-0.3066637465640076
0.0,0.0,0.0,-0.29269461876191666
0.0,0.0,0.0,-0.26738597293443145
0.0,0.0,0.0,-0.22675019521013856
0.0,0.0,0.0,-0.1614665586561429
0.0,0.0,0.0,-0.12379946431134263
0.0,0.0,0.0,-0.07532097059436589
0.0,0.0,0.0,-0.02170801341308381
0.0,0.0,0.0,0.06220489687317355
0.0,0.0,0.0,0.11290328155147099
0.0,0.0,0.0,0.1738955654411725
0.0,0.0,0.0,0.23481004600213531
0.0,0.0,0.0,0.3163212170255034
0.0,0.0,0.0,0.383469454392691
0.0,0.0,0.0,0.4586083473992619
0.0,0.0,0.0,0.5173362675801753
0.0,0.0,0.0,0.6010625561631109
0.0,0.0,0.0,0.67951521792298
0.0,0.0,0.0,0.745878705801514
0.0,0.0,0.0,0.824876575095669
0.0,0.0,0.0,0.8964819837159508
0.0,0.0,0.0,0.9722321958581682
0.0,0.0,0.0,1.0395024417435852
0.0,0.0,0.0,1.1130370566341572
0.0,0.0,0.0,1.1877587893953898
0.35,0.0,0.0,1.2560437799818704
1.54,0.0,0.35,1.4305759597242407
4.94,0.0,1.54,2.3575618717346543
10.04,1.5752147,4.94,4.894127524214313
14.64,6.4540124,10.04,8.857147579641914
18.48,10.9098425,14.64,12.955996033965661
21.5,15.349476,18.48,16.195600753218063
24.36,18.874374,21.5,18.801854127727257
25.379999999999995,21.083021,24.36,21.158017634307498
16.69,22.326723,25.379999999999995,21.95103750323498
13.13,19.976776,16.69,14.674810326899124
10.38,17.645046,13.13,11.326675087002446
9.7,14.721725,10.38,8.637120233100715
9.69,12.600131,9.7,8.018087761662922
9.82,11.240824,9.69,7.959926520161087
9.91,10.783083,9.82,8.086904570538826
9.98,9.999808,9.91,8.392521275908088
10.01,9.188323,9.98,8.52478848659236
10.03,8.476859,10.01,8.625934023661108
10.05,8.076879,10.03,8.697386556129194
10.05,7.6433206,10.05,8.70703781800416
9.61,7.194816,10.05,8.491753956808845
9.94,5.962561,9.61,8.51880325472859
10.07,5.3232303,9.94,8.85863399515254
10.12,4.895102,10.07,9.017115758308947
10.09,4.7605357,10.12,9.063298326722723
10.13,4.665207,10.09,9.051826124983819
10.12,4.518947,10.13,9.077961549068014
10.11,4.9306283,10.12,9.063724596131328
10.16,5.524468,10.11,9.066557825986948
10.2,6.2431583,10.16,9.11941416219276
10.64,6.335738,10.2,9.222717864536309
16.63,6.64684,10.64,9.697929515290832
17.48,8.622909,16.63,14.700217230379685
14.859999999999998,10.056337,17.48,15.596180736050805
11.51,9.345025,14.859999999999998,13.49809177306947
7.46,7.2365017,11.51,10.446789330617218
3.2099999999999995,4.258727,7.46,6.784689657621312
1.18,1.1984725,3.2099999999999995,2.9884597792011913
0.13,0.0,1.18,0.9396674256400395
0.0,0.0,0.13,-0.0916070025234611
0.0,0.0,0.0,-0.1772196542494324
0.0,0.0,0.0,-0.12054663162616511
0.0,0.0,0.0,-0.028117388250678207
0.0,0.0,0.0,0.025041483595753325
0.0,0.0,0.0,-0.09310573415009585
0.0,0.0,0.0,-0.13723815975688475
0.0,0.0,0.0,-0.0965193540858212
0.0,0.0,0.0,-0.08661355146512319
0.0,0.0,0.0,-0.044714189267566415
0.0,0.0,0.0,0.002254323861145338
0.0,0.0,0.0,0.037142936754889014
0.0,0.0,0.0,0.013975394891406479
0.0,0.0,0.0,-0.01730960465291982
0.0,0.0,0.0,-0.049231864621598204
0.0,0.0,0.0,-0.03879023784568829
0.0,0.0,0.0,-0.06731596426310035
0.0,0.0,0.0,-0.04902778586399828
0.0,0.0,0.0,-0.03786074609923133
0.0,0.0,0.0,-0.015523989036105024
0.0,0.0,0.0,-0.03004722887293681
0.0,0.0,0.0,-0.07076380376117263
0.0,0.0,0.0,-0.10857528993381133
0.0,0.0,0.0,-0.17649805541550337
0.0,0.0,0.0,-0.19259742859336973
0.0,0.0,0.0,-0.20112144394159384
0.0,0.0,0.0,-0.20416147864058648
0.0,0.0,0.0,-0.16763875724105265
0.0,0.0,0.0,-0.15873875365182422
0.0,0.0,0.0,-0.14820860066791994
0.0,0.0,0.0,-0.1443582476320402
0.0,0.0,0.0,-0.0852145600166325
0.0,0.0,0.0,-0.0644977468773511
0.0,0.0,0.0,-0.038433580517708774
0.0,0.0,0.0,-0.006068293852741491
0.0,0.0,0.0,0.05855761379347478
0.0,0.0,0.0,0.09143932671404724
0.0,0.0,0.0,0.15094806626975155
0.0,0.0,0.0,0.2046797275971084
0.0,0.0,0.0,0.28508608882784997
0.0,0.0,0.0,0.34111825779934746
0.0,0.0,0.0,0.40069674599867416
0.0,0.0,0.0,0.4665316242849308
0.0,0.0,0.0,0.5383376489651129
0.0,0.0,0.0,0.613001436747808
0.0,0.0,0.0,0.6833592325662855
0.0,0.0,0.0,0.7582696889374592
0.0,0.0,0.0,0.8391435059681833
0.0,0.0,0.0,0.9202034875768766
0.0,0.0,0.0,0.9916307467765895
0.0,0.0,0.0,1.0682995617487474
0.0,0.0,0.0,1.149500561010908
0.0,0.0,0.0,1.2262807158746856
0.0,0.0,0.0,1.2876179356526356
0.0,0.0,0.0,1.366718457704222
0.0,0.0,0.0,1.4405581168120833
0.31,0.0,0.0,1.5160100783313049
1.63,0.0,0.31,1.7918606628364198
4.09,0.20988691,1.63,2.652343114533029
8.92,3.485789,4.09,4.440611333262483
13.59,7.5431337,8.92,8.389245332438566
17.41,11.635744,13.59,12.350863438676104
20.83,15.238818,17.41,15.683656448344385
23.8,18.56581,20.83,18.596408674318106
26.52,21.053896,23.8,21.02015688713539
29.07,22.955221,26.52,23.261675592205204
31.36,24.777102,29.07,25.325817941106166
33.15,26.969755,31.36,27.094268374597362
34.57,28.64285,33.15,28.524046964557904
36.33,29.922342,34.57,29.785765205676228
37.76,31.055868,36.33,31.139945211092723
38.75,32.14228,37.76,32.19002579761305
36.99,32.835835,38.75,32.87954899300567
32.96,32.353806,36.99,31.2888419199981
29.74,30.601852,32.96,27.820542742565515
28.07,28.30969,29.74,24.93825244072759
27.07,26.34813,28.07,23.2659296653007
22.56,24.59428,27.07,22.047738637750093
24.69,18.778913,22.56,17.377879121853457
23.05,15.436959,24.69,18.389719295351625
19.21,12.965864,23.05,17.117026228355424
16.94,10.341705,19.21,13.98913786877637
13.13,7.126678,16.94,12.047344892061773
8.19,4.380436,13.13,8.716472870764669
3.4799999999999995,1.5855756,8.19,4.734357050754201
1.22,0.0,3.4799999999999995,0.8090455908488059
0.11,0.0,1.22,-0.8559219509639338
0.0,0.0,0.11,-1.3672934420339857
0.0,0.0,0.0,-1.2307001433400953
0.0,0.0,0.0,-1.084879289212274
0.0,0.0,0.0,-0.8100176915228199
0.0,0.0,0.0,-0.7146005031758697
0.0,0.0,0.0,-0.6031805209510913
0.0,0.0,0.0,-0.47919214029012897
0.0,0.0,0.0,-0.3718047833614395
0.0,0.0,0.0,-0.25658627141428336
0.0,0.0,0.0,-0.11887484937964064
0.0,0.0,0.0,0.0001498453250836987
0.0,0.0,0.0,0.0837903023651004
0.0,0.0,0.0,0.09030415135084721
0.0,0.0,0.0,0.10363157933671302
0.0,0.0,0.0,0.10471296365310613
0.0,0.0,0.0,0.1229301870934476
0.0,0.0,0.0,0.1482535398919094
0.0,0.0,0.0,0.16128670108224163
0.0,0.0,0.0,0.15336950495056234
0.0,0.0,0.0,0.19545780418363592
0.0,0.0,0.0,0.17703282082974536
0.0,0.0,0.0,0.1350302778678456
0.0,0.0,0.0,0.10306155472618178
0.0,0.0,0.0,-0.3590973526154194
0.0,0.0,0.0,-0.383153016490536
0.0,0.0,0.0,-0.39312654772726724
0.0,0.0,0.0,-0.3952509529850524
0.0,0.0,0.0,-0.3579349577551676
0.0,0.0,0.0,-0.3515159486887319
0.0,0.0,0.0,-0.3334288598091522
0.0,0.0,0.0,-0.3111808600952903
0.0,0.0,0.0,-0.2608350994298292
0.0,0.0,0.0,-0.24246835697009117
0.0,0.0,0.0,-0.20693952226500667
0.0,0.0,0.0,-0.17174697770830638
0.0,0.0,0.0,-0.10762336215827083
0.0,0.0,0.0,-0.06192641300426689
0.0,0.0,0.0,-0.011645720663563952
0.0,0.0,0.0,0.03695010337138732
0.0,0.0,0.0,0.10373997157181822
0.0,0.0,0.0,0.16650256696863278
0.0,0.0,0.0,0.22414008722424025
0.0,0.0,0.0,0.29412723662961565
0.0,0.0,0.0,0.37292539637028344
0.0,0.0,0.0,0.44669011477135345
0.0,0.0,0.0,0.5004524643601873
0.0,0.0,0.0,0.5784893754439566
0.0,0.0,0.0,0.6602748018175219
0.0,0.0,0.0,0.728372367944825
0.0,0.0,0.0,0.8133870125442487
0.0,0.0,0.0,0.8904440197428337
0.0,0.0,0.0,0.9642647505563027
0.0,0.0,0.0,1.0352302162466163
0.0,0.0,0.0,1.1078464157688885
0.0,0.0,0.0,1.1842085192806506
0.0,0.0,0.0,1.2526132694041576
0.38,0.0,0.0,1.3348409591196742
1.66,0.0,0.38,1.6586257694782849
3.55,0.0,1.66,2.3108216417366263
9.27,1.0011286,3.55,4.017984187841628
15.370000000000001,5.367602,9.27,8.411755935050962
18.0,11.064354,15.370000000000001,13.377098028438247
22.54,15.459948,18.0,15.843827934365018
28.809999999999995,19.96308,22.54,19.44824088423222
29.14,23.89377,28.809999999999995,24.99258125458982
33.06,23.643927,29.14,26.08882817634941
31.61,26.947447,33.06,28.673399744764666
29.270000000000003,24.78478,31.61,27.329190292541263
26.72,22.025433,29.270000000000003,24.731681764891068
24.1,19.650043,26.72,21.940464029796225
21.25,17.17638,24.1,19.41630133761676
17.82,14.332211,21.25,16.91944125470566
14.2,10.938742,17.82,13.741880640482263
8.58,7.701683,14.2,10.572629018132906
3.61,4.1547036,8.58,5.809865396230796
1.24,0.721688,3.61,1.611488791633714
0.09,0.0,1.24,-0.39945602820386505
0.0,0.0,0.09,-1.092727250192066
0.0,0.0,0.0,-1.0856151029085728
0.0,0.0,0.0,-1.0176613286722598
0.0,0.0,0.0,-0.8546420151661914
0.0,0.0,0.0,-0.7500248726886531
0.0,0.0,0.0,-0.705629856108609
0.0,0.0,0.0,-0.6849843631252308
0.0,0.0,0.0,-0.6081174159138388
0.0,0.0,0.0,-0.5427593527353385
0.0,0.0,0.0,-0.44205543720578744
0.0,0.0,0.0,-0.3340220135977158
0.0,0.0,0.0,-0.22136275127142663
0.0,0.0,0.0,-0.19072184105075052
0.0,0.0,0.0,-0.15195348375551254
0.0,0.0,0.0,-0.1336799604548588
0.0,0.0,0.0,-0.0778874780518888
0.0,0.0,0.0,-0.06442621203535635
0.0,0.0,0.0,-0.06067484918475599
0.0,0.0,0.0,-0.049663203496286626
0.0,0.0,0.0,-0.017185886783404117
0.0,0.0,0.0,-0.03032663068248502
0.0,0.0,0.0,-0.0619495577494137
0.0,0.0,0.0,-0.09492543157902343
0.0,0.0,0.0,-0.4367777432760046
0.0,0.0,0.0,-0.4651923871071561
0.0,0.0,0.0,-0.4741722213789552
0.0,0.0,0.0,-0.5014160718481379
0.0,0.0,0.0,-0.4503698435067632
0.0,0.0,0.0,-0.4552253136367722
0.0,0.0,0.0,-0.4472650589533594
0.0,0.0,0.0,-0.43446906178270933
0.0,0.0,0.0,-0.379869690620549
0.0,0.0,0.0,-0.3524180581687929
0.0,0.0,0.0,-0.3216950920426086
0.0,0.0,0.0,-0.28805102040195435
0.0,0.0,0.0,-0.2262357015793134
0.0,0.0,0.0,-0.19322686910700632
0.0,0.0,0.0,-0.15189604342995752
0.0,0.0,0.0,-0.09373823187747779
0.0,0.0,0.0,-0.030142596722334755
0.0,0.0,0.0,0.04245199939068179
0.0,0.0,0.0,0.1033222496448348
0.0,0.0,0.0,0.1590637442590106
0.0,0.0,0.0,0.24225888816728475
0.0,0.0,0.0,0.31356791603780987
0.0,0.0,0.0,0.3861119785965407
0.0,0.0,0.0,0.44640553672743183
0.0,0.0,0.0,0.5328617174641231
0.0,0.0,0.0,0.6225768400139766
0.0,0.0,0.0,0.692092299517954
0.0,0.0,0.0,0.7653937661453234
0.0,0.0,0.0,0.8564311579291918
0.0,0.0,0.0,0.9285779844221156
0.0,0.0,0.0,1.0160811577920148
0.0,0.0,0.0,1.0837970146127518
0.0,0.0,0.0,1.1416908668134627
0.24,0.0,0.0,1.226860622341449
1.38,0.0,0.24,1.4993909486888348
3.63,0.0,1.38,2.2505763633180615
8.22,1.1357341,3.63,3.768375817944926
13.81,4.8682966,8.22,7.391164185262033
17.76,9.303752,13.81,12.055577504527415
21.09,13.046254,17.76,15.173747051331105
24.09,18.063158,21.09,18.247707760941264
26.729999999999997,20.941248,24.09,20.67781154735087
19.02,22.81231,26.729999999999997,22.796864591533783
24.03,18.260195,19.02,16.470511679279742
18.87,17.341728,24.03,20.70081597327575
15.42,13.925208,18.87,16.267887127473067
13.320000000000002,12.048771,15.42,13.164108866684321
14.78,8.771089,13.320000000000002,11.189694985088472
6.559999999999999,8.206424,14.78,11.768021577979692
3.05,4.7554903,6.559999999999999,5.102038101111328
1.42,1.7700845,3.05,2.0740978709614777
0.09,0.0,1.42,0.34771874907875144
0.0,0.0,0.09,-0.4680605655657699
0.0,0.0,0.0,-0.609222435010258
0.0,0.0,0.0,-0.7658409759813994
0.0,0.0,0.0,-0.44674264230131244
0.0,0.0,0.0,-0.5154549179777441
0.0,0.0,0.0,-0.446294499462243
0.0,0.0,0.0,-0.42337344429128554
0.0,0.0,0.0,-0.4191509963774407
0.0,0.0,0.0,-0.5004781614125323
0.0,0.0,0.0,-0.3669029229877281
0.0,0.0,0.0,-0.30272746063311207
0.0,0.0,0.0,-0.24154810303450813
0.0,0.0,0.0,-0.20710312245330945
0.0,0.0,0.0,-0.18843617444071514
0.0,0.0,0.0,-0.16629653560210655
0.0,0.0,0.0,-0.1633471412390602
0.0,0.0,0.0,-0.13083391771611386
0.0,0.0,0.0,-0.1616831731248925
0.0,0.0,0.0,-0.17675634844831511
0.0,0.0,0.0,-0.15244868100465664
0.0,0.0,0.0,-0.14434449733047236
0.0,0.0,0.0,-0.18652800167741485
0.0,0.0,0.0,-0.2209175575840463
0.0,0.0,0.0,-0.3565386327869544
0.0,0.0,0.0,-0.37266031761863105
0.0,0.0,0.0,-0.3843740197813299
0.0,0.0,0.0,-0.3916925314132194
0.0,0.0,0.0,-0.35399627298074166
0.0,0.0,0.0,-0.3491380759738739
0.0,0.0,0.0,-0.3498280871943621
0.0,0.0,0.0,-0.34398223491955876
0.0,0.0,0.0,-0.29161018710848685
0.0,0.0,0.0,-0.2614409356378806
0.0,0.0,0.0,-0.21479285269983273
0.0,0.0,0.0,-0.1960064759439717
0.0,0.0,0.0,-0.14506483647461904
0.0,0.0,0.0,-0.10557911707008774
0.0,0.0,0.0,-0.05438670298605272
0.0,0.0,0.0,-0.006832821126158926
0.0,0.0,0.0,0.06460340094042397
0.0,0.0,0.0,0.1121035922001034
0.0,0.0,0.0,0.166913918221971
0.0,0.0,0.0,0.22963522633025826
0.0,0.0,0.0,0.3191562453706325
0.0,0.0,0.0,0.3951112545281379
0.0,0.0,0.0,0.46972314304744595
0.0,0.0,0.0,0.5414019579072749
0.0,0.0,0.0,0.615963454237129
0.0,0.0,0.0,0.6918165855145356
0.0,0.0,0.0,0.769738084946273
0.0,0.0,0.0,0.8304071066854422
0.0,0.0,0.0,0.9402595562108471
0.0,0.0,0.0,1.0069421547878856
0.0,0.0,0.0,1.081478895798577
0.0,0.0,0.0,1.1559294669019384
0.0,0.0,0.0,1.2092746136227221
0.12,0.0,0.0,1.2875877850852007
0.34,0.0,0.12,1.4624726018638405
0.7,0.0,0.34,1.722629990695469
1.78,0.0,0.7,2.0892564619265763
2.81,0.26832813,1.78,2.99956708535916
5.61,1.065885,2.81,3.9884486316372114
14.730000000000002,2.7677667,5.61,6.3878705466564405
19.9,8.535541,14.730000000000002,13.950706698855903
25.759999999999998,15.313993,19.9,17.88837613316408
27.3,20.986275,25.759999999999998,22.65987138275859
27.33,23.40849,27.3,23.977498764237303
13.25,24.3417,27.33,23.944578408609324
13.44,19.455845,13.25,12.332941462091341
12.7,16.96426,13.44,11.891270640882734
13.309999999999999,15.144558,12.7,10.80908330543492
34.03,15.26489,13.309999999999999,11.127179123484254
32.62,18.924751,34.03,28.069570656026986
30.81,20.391815,32.62,27.490131908111625
29.160000000000004,21.026756,30.81,26.578824557183516
27.13,20.187971,29.160000000000004,24.525945946983207
24.6,17.973597,27.13,22.455912573798344
21.87,15.825727,24.6,20.153679244404586
18.43,13.764757,21.87,17.227029030726904
14.429999999999998,11.006119,18.43,14.291448481161062
10.27,6.900613,14.429999999999998,11.225660591024678
5.48,4.0145087,10.27,7.687602270977467
2.51,1.0836011,5.48,3.6628800825458994
0.88,0.0,2.51,1.127453602396794
0.07,0.0,0.88,-0.607675096311372
0.0,0.0,0.07,-1.164290047880323
0.0,0.0,0.0,-1.1322991551432042
0.0,0.0,0.0,-0.9793673516462629
0.0,0.0,0.0,-0.7738914558309107
0.0,0.0,0.0,-0.6229582273426664
0.0,0.0,0.0,-0.5288107659476938
0.0,0.0,0.0,-0.4367127575380145
0.0,0.0,0.0,-0.42755462847489795
0.0,0.0,0.0,-0.37807492652832814
0.0,0.0,0.0,-0.3301193388721223
0.0,0.0,0.0,-0.3008763649703434
0.0,0.0,0.0,-0.12128467043654029
0.0,0.0,0.0,-0.08969245336425749
0.0,0.0,0.0,-0.07519528291402358
0.0,0.0,0.0,-0.05775848099313259
0.0,0.0,0.0,-0.022356276523563708
0.0,0.0,0.0,-0.014080556253733695
0.0,0.0,0.0,-0.016116600100219737
0.0,0.0,0.0,-0.024956143077334292
0.0,0.0,0.0,-0.007851879150275708
0.0,0.0,0.0,-0.04324052837143891
0.0,0.0,0.0,-0.07431584748235145
0.0,0.0,0.0,-0.11002014794476399
0.0,0.0,0.0,-0.37376430157164897
0.0,0.0,0.0,-0.400000533943223
0.0,0.0,0.0,-0.41331944525976394
0.0,0.0,0.0,-0.42415254010400477
0.0,0.0,0.0,-0.38736767118176874
0.0,0.0,0.0,-0.3889569544896273
0.0,0.0,0.0,-0.3863341760401213
0.0,0.0,0.0,-0.37144546598924627
0.0,0.0,0.0,-0.32115347042917275
0.0,0.0,0.0,-0.2921109972214897
0.0,0.0,0.0,-0.2683631018139749
0.0,0.0,0.0,-0.23575694849983753
0.0,0.0,0.0,-0.17615651536340704
0.0,0.0,0.0,-0.13423135391362542
0.0,0.0,0.0,-0.08561698263345428
0.0,0.0,0.0,-0.03469970713637759
0.0,0.0,0.0,0.04765673735219328
0.0,0.0,0.0,0.1010941935550274
0.0,0.0,0.0,0.16092652573439173
0.0,0.0,0.0,0.22522156673037402
0.0,0.0,0.0,0.30197764611342764
0.0,0.0,0.0,0.3711648218361091
0.0,0.0,0.0,0.43815173582082545
0.0,0.0,0.0,0.5151263270035251
0.0,0.0,0.0,0.5925440066039525
0.0,0.0,0.0,0.6668117078193561
0.0,0.0,0.0,0.7530585407611088
0.0,0.0,0.0,0.8144275452467746
0.0,0.0,0.0,0.8900463110899959
0.0,0.0,0.0,0.9535013373823805
0.0,0.0,0.0,1.0402245447407938
0.0,0.0,0.0,1.1005522085471473
0.0,0.0,0.0,1.1612821281622803
0.14,0.0,0.0,1.240992052814187
1.03,0.0,0.14,1.4386671407802876
2.81,0.0,1.03,2.1486967248587314
6.27,1.0813549,2.81,3.365028975777282
11.92,4.359991,6.27,6.047184591568274
16.22,8.657649,11.92,10.68539771973961
19.76,11.522619,16.22,14.662044939766721
22.92,17.161652,19.76,17.359364040565662
25.83,20.281225,22.92,19.952382607894176
28.300000000000004,22.28356,25.83,22.291973709849543
30.47,23.834948,28.300000000000004,24.253731859435433
34.27,25.618988,30.47,25.903734725698214
32.6,24.883255,34.27,29.16762406232608
30.48,23.752201,32.6,27.685128058095575
28.07,22.43239,30.48,25.720852874100853
25.66,20.18509,28.07,23.386588532471777
23.02,18.144672,25.66,21.076651920743885
20.05,15.633613,23.02,18.625995218111434
16.66,13.128397,20.05,15.864221952527924
12.3,9.521687,16.66,12.896719399365397
6.419999999999999,6.030026,12.3,9.134168652364917
2.87,2.4382622,6.419999999999999,4.381736880174331
0.8500000000000001,0.0,2.87,1.1894258225657706
0.03,0.0,0.8500000000000001,-0.5941781100433335
0.0,0.0,0.03,-1.2647071252863378
0.0,0.0,0.0,-1.2155514942631758
0.0,0.0,0.0,-1.1061770224645884
0.0,0.0,0.0,-0.9340273324731259
0.0,0.0,0.0,-0.8403446177159941
0.0,0.0,0.0,-0.75402135779633
0.0,0.0,0.0,-0.6904150366676922
0.0,0.0,0.0,-0.604344262151069
0.0,0.0,0.0,-0.524880590749826
0.0,0.0,0.0,-0.4021925933540563
0.0,0.0,0.0,-0.3045049607476213
0.0,0.0,0.0,-0.20264771994863673
0.0,0.0,0.0,-0.1467380938874857
0.0,0.0,0.0,-0.12265690116385689
0.0,0.0,0.0,-0.10452977137753346
0.0,0.0,0.0,-0.06889118979300779
0.0,0.0,0.0,-0.054594317114289165
0.0,0.0,0.0,-0.05713897566657078
0.0,0.0,0.0,-0.057716515039411484
0.0,0.0,0.0,-0.027594731253567477
0.0,0.0,0.0,-0.058266744493259276
0.0,0.0,0.0,-0.11816295965429088
0.0,0.0,0.0,-0.13979823937500663
0.0,0.0,0.0,-0.4756512121086531
0.0,0.0,0.0,-0.49594714663125405
0.0,0.0,0.0,-0.5095017786775433
0.0,0.0,0.0,-0.498953718993303
0.0,0.0,0.0,-0.4668022812659253
0.0,0.0,0.0,-0.4727038604456467
0.0,0.0,0.0,-0.4663045637679289
0.0,0.0,0.0,-0.45801539849854267
0.0,0.0,0.0,-0.42137908872500496
0.0,0.0,0.0,-0.3933274023398776
0.0,0.0,0.0,-0.3504137248072945
0.0,0.0,0.0,-0.31871441154750146
0.0,0.0,0.0,-0.26831295984471176
0.0,0.0,0.0,-0.2319323431483028
0.0,0.0,0.0,-0.16924893466964894
0.0,0.0,0.0,-0.11330187394689266
0.0,0.0,0.0,-0.05344520536337827
0.0,0.0,0.0,0.00517838638334437
0.0,0.0,0.0,0.06554255460416974
0.0,0.0,0.0,0.13909610768654476
0.0,0.0,0.0,0.21405031549400244
0.0,0.0,0.0,0.27951127810162124
0.0,0.0,0.0,0.3486883770867132
0.0,0.0,0.0,0.4166243578244917
0.0,0.0,0.0,0.49282353692992936
0.0,0.0,0.0,0.5735973265275186
0.0,0.0,0.0,0.6560175295308408
0.0,0.0,0.0,0.7276399677013675
0.0,0.0,0.0,0.7960223726472131
0.0,0.0,0.0,0.8640007646034122
0.0,0.0,0.0,0.9434660661403622
0.0,0.0,0.0,1.0259177114724718
0.0,0.0,0.0,1.1000279392816137
0.18,0.0,0.0,1.1607113999109144
1.16,0.0,0.18,1.3896457699976286
3.04,0.0,1.16,2.111970179339168
6.09,0.5967177,3.04,3.3512167462162097
11.99,3.8101993,6.09,5.672262527175465
16.13,8.030541,11.99,10.600000850815828
19.28,9.815712,16.13,15.357658689411869
21.02,16.82049,19.28,16.79754725577385
19.41,19.699228,21.02,18.24722637538664
28.34,16.71175,19.41,18.04164513090133
16.6,22.36883,28.34,23.956709353760086
16.73,20.178804,16.6,14.840251772136925
16.81,18.080864,16.73,14.67671005181715
16.62,15.30837,16.81,14.264382775883345
18.05,13.717111,16.62,14.036439924016102
18.5,12.8811865,18.05,15.224417532444212
18.88,12.949115,18.5,15.30385488329961
20.17,12.204313,18.88,15.802272856083382
21.32,12.154135,20.17,16.772506301006857
17.9,11.82302,21.32,17.691797186951568
14.219999999999999,10.254702,17.9,14.863426502767075
9.91,7.2012925,14.219999999999999,11.714252853130635
4.23,4.175244,9.91,7.703542513927475
1.7399999999999998,0.65615356,4.23,3.018579541903399
0.62,0.0,1.7399999999999998,0.7725598336494333
0.04,0.0,0.62,-0.25120337238070944
0.0,0.0,0.04,-0.7001700111260347
0.0,0.0,0.0,-0.6905302486290739
0.0,0.0,0.0,-0.6336475787877938
0.0,0.0,0.0,-0.48939102099319964
0.0,0.0,0.0,-0.47126394577608477
0.0,0.0,0.0,-0.48216787717075893
0.0,0.0,0.0,-0.4086567566720458
0.0,0.0,0.0,-0.333171969420017
0.0,0.0,0.0,-0.21138613171599874
0.0,0.0,0.0,-0.17171120170848472
0.0,0.0,0.0,-0.14407561344909892
0.0,0.0,0.0,-0.10511989627670568
0.0,0.0,0.0,-0.12217286499961871
0.0,0.0,0.0,-0.12097301247371468
0.0,0.0,0.0,-0.12318510073043992
0.0,0.0,0.0,-0.09065066992719889
0.0,0.0,0.0,-0.08701464720400169
0.0,0.0,0.0,-0.07532105816151456
0.0,0.0,0.0,-0.09197943929613178
0.0,0.0,0.0,-0.10042042117636117
0.0,0.0,0.0,-0.10549529205749093
0.0,0.0,0.0,-0.1453667126616504
0.0,0.0,0.0,-0.17661040834387914
0.0,0.0,0.0,-0.4413634791961399
0.0,0.0,0.0,-0.44165933554080156
0.0,0.0,0.0,-0.45870919907185365
0.0,0.0,0.0,-0.477943708978679
0.0,0.0,0.0,-0.4540966220203755
0.0,0.0,0.0,-0.4458500269661134
0.0,0.0,0.0,-0.4196181559658365
0.0,0.0,0.0,-0.4055221192234875
0.0,0.0,0.0,-0.3655644482407575
0.0,0.0,0.0,-0.34134926760387463
0.0,0.0,0.0,-0.29936773038779335
0.0,0.0,0.0,-0.2716523168108376
0.0,0.0,0.0,-0.20440581213508335
0.0,0.0,0.0,-0.16894501062177414
0.0,0.0,0.0,-0.12475687021157415
0.0,0.0,0.0,-0.06735440843019525
0.0,0.0,0.0,0.012901208339274883
0.0,0.0,0.0,0.06646125039767373
0.0,0.0,0.0,0.14131160110942043
0.0,0.0,0.0,0.2077969430156718
0.0,0.0,0.0,0.2737845573487243
0.0,0.0,0.0,0.3288903272221517
0.0,0.0,0.0,0.4003969658133457
0.0,0.0,0.0,0.4583532498953944
0.0,0.0,0.0,0.5448058643054696
0.0,0.0,0.0,0.6127523158867425
0.0,0.0,0.0,0.6940244628761385
0.0,0.0,0.0,0.7670568978641358
0.0,0.0,0.0,0.8420514029241113
0.0,0.0,0.0,0.9192496363337385
0.0,0.0,0.0,0.9911872841048072
0.0,0.0,0.0,1.064988405482964
0.0,0.0,0.0,1.1233891322469305
0.06,0.0,0.0,1.198306023363584
0.68,0.0,0.06,1.3400406400544023
2.74,0.0,0.68,1.7418040978689864
5.9,0.0,2.74,3.094917121280595
11.95,2.8873067,5.9,5.500007910830253
16.46,7.52507,11.95,10.459842134630655
19.95,10.133015,16.46,15.867157377171843
23.02,17.363104,19.95,17.34728940348872
25.94,20.975634,23.02,19.878926081853336
11.98,23.196638,25.94,22.186729376874126
11.88,19.397312,11.98,11.419439830013566
11.82,16.011374,11.88,10.708100161918017
12.89,12.907,11.82,10.149578864180064
13.98,11.343035,12.89,11.00609459450811
17.62,10.626097,13.98,11.905509717239227
18.85,11.607225,17.62,14.800763678861765
25.96,11.6418,18.85,16.179402650439712
23.31,14.085648,25.96,22.006770242229777
20.17,14.340607,23.31,19.877688450692972
16.43,13.212031,20.17,17.17142206131033
11.53,9.752256,16.43,13.668351618643793
5.59,5.9993978,11.53,9.20179565387963
2.34,1.9048796,5.59,4.310776934395783
0.33,0.0,2.34,1.2135744161667406
0.0,0.0,0.33,-0.4296424499846657
0.0,0.0,0.0,-0.6946924339997205
0.0,0.0,0.0,-0.6812346459381634
0.0,0.0,0.0,-0.6552338938989364
0.0,0.0,0.0,-0.5546682391348077
0.0,0.0,0.0,-0.6280458308873492
0.0,0.0,0.0,-0.5480253785954857
0.0,0.0,0.0,-0.48875443682292047
0.0,0.0,0.0,-0.3804430092743283
0.0,0.0,0.0,-0.27023661879061434
0.0,0.0,0.0,-0.24787232386485614
0.0,0.0,0.0,-0.22566151629940523
0.0,0.0,0.0,-0.18958606885970014
0.0,0.0,0.0,-0.20159669745102965
0.0,0.0,0.0,-0.21766406549717893
0.0,0.0,0.0,-0.22205519457336106
0.0,0.0,0.0,-0.1820510176905727
0.0,0.0,0.0,-0.13035463546436676
0.0,0.0,0.0,-0.12644482375395277
0.0,0.0,0.0,-0.11864021150530119
0.0,0.0,0.0,-0.09998074556405931
0.0,0.0,0.0,-0.12337374057028623
0.0,0.0,0.0,-0.16897860158699568
0.0,0.0,0.0,-0.20679028807543098
0.0,0.0,0.0,-0.17824868319032475
0.0,0.0,0.0,-0.20027625049795078
0.0,0.0,0.0,-0.20953218934229162
0.0,0.0,0.0,-0.21452081797780248
0.0,0.0,0.0,-0.17281998198823215
0.0,0.0,0.0,-0.17211777325893407
0.0,0.0,0.0,-0.17389956361616513
0.0,0.0,0.0,-0.16645302045702576
0.0,0.0,0.0,-0.12792495173077623
0.0,0.0,0.0,-0.12060025879427998
0.0,0.0,0.0,-0.09714706744820001
0.0,0.0,0.0,-0.0775531662928975
0.0,0.0,0.0,-0.017585318736353453
0.0,0.0,0.0,0.017074128948513755
0.0,0.0,0.0,0.04775167198642245
0.0,0.0,0.0,0.09100217229323256
0.0,0.0,0.0,0.18414815061857137
0.0,0.0,0.0,0.2556497701823564
0.0,0.0,0.0,0.30625027521375797
0.0,0.0,0.0,0.3591021370893817
0.0,0.0,0.0,0.4321671524782186
0.0,0.0,0.0,0.4978943413950625
0.0,0.0,0.0,0.5721226264387758
0.0,0.0,0.0,0.6469195566203625
0.0,0.0,0.0,0.7274230748338809
0.0,0.0,0.0,0.7968039114390164
0.0,0.0,0.0,0.8760131333726637
0.0,0.0,0.0,0.9557843097786903
0.0,0.0,0.0,1.0259726914615375
0.0,0.0,0.0,1.1121044091805043
0.0,0.0,0.0,1.1839324077446443
0.0,0.0,0.0,1.2416569628103888
0.0,0.0,0.0,1.3250675944978216
0.08,0.0,0.0,1.40636044432105
0.76,0.0,0.08,1.5448706464688642
2.26,0.0,0.76,2.060741471676687
4.75,2.0286317,2.26,3.028268380540864
10.16,4.8362412,4.75,4.9248613423430845
15.869999999999997,8.667763,10.16,9.378886104770928
18.95,11.829173,15.869999999999997,15.271587884375926
17.89,17.497236,18.95,16.94804344430489
26.85,17.70926,17.89,16.579817623949534
26.030000000000005,22.077457,26.85,23.228272167451152
23.6,23.410282,26.030000000000005,22.725935439085802
29.020000000000003,22.474321,23.6,21.21878788507889
38.62,23.667503,29.020000000000003,25.293360148805387
39.72,29.754595,38.62,32.95432414409735
39.9,31.264437,39.72,34.3798270631441
39.88,31.729788,39.9,34.29242279647906
39.4,31.434965,39.88,34.17499877331836
38.91,30.269876,39.4,33.586402271749606
38.01,29.2122,38.91,33.70798380595845
36.72,28.294775,38.01,32.57595058727284
35.19,26.858568,36.72,31.47348080319381
33.54,25.029316,35.19,29.746724645872845
31.65,23.135738,33.54,27.576550148166532
29.659999999999997,21.058844,31.65,25.656709307377
26.96,18.99823,29.659999999999997,23.736520174517096
25.03,16.150824,26.96,21.173186192439953
21.87,13.825646,25.03,19.429766475528098
18.15,11.383007,21.87,16.72263323542125
15.2,8.6112175,18.15,13.584429864119684
9.32,5.626953,15.2,11.039917222730233
4.6,2.7295249,9.32,6.077793382506568
1.9799999999999998,0.0,4.6,2.1164479695873317
0.36,0.0,1.9799999999999998,-0.2298362320026004
0.0,0.0,0.36,-1.4093919929269534
0.0,0.0,0.0,-1.59525112904378
0.0,0.0,0.0,-1.4980098346427106
0.0,0.0,0.0,-1.2706444999324666
0.0,0.0,0.0,-0.9995023911515761
0.0,0.0,0.0,-0.8638075473819572
0.0,0.0,0.0,-0.7283599260194628
0.0,0.0,0.0,-0.611787072087222
0.0,0.0,0.0,-0.49848195713922544
0.0,0.0,0.0,-0.3465001882527664
0.0,0.0,0.0,-0.22343384498672708
0.0,0.0,0.0,-0.14339271809293425
0.0,0.0,0.0,-0.052425347979552506
0.0,0.0,0.0,-0.026054948711351153
0.0,0.0,0.0,-0.010256930331857539
0.0,0.0,0.0,-0.0017408580915322797
0.0,0.0,0.0,0.04072618278829817
0.0,0.0,0.0,0.053043155162868505
0.0,0.0,0.0,0.05965167117111675
0.0,0.0,0.0,0.052192877179396344
0.0,0.0,0.0,0.08254988298146311
0.0,0.0,0.0,0.05145681222855879
0.0,0.0,0.0,0.027009514213791053
0.0,0.0,0.0,-0.001663883901592729
0.0,0.0,0.0,-0.6177432754934666
0.0,0.0,0.0,-0.6332929748432737
0.0,0.0,0.0,-0.6433376774598466
0.0,0.0,0.0,-0.6516934887592026
0.0,0.0,0.0,-0.6197103743886767
0.0,0.0,0.0,-0.6173073985860102
0.0,0.0,0.0,-0.6134948614479236
0.0,0.0,0.0,-0.6255263098213667
0.0,0.0,0.0,-0.5789517462042895
0.0,0.0,0.0,-0.5566897295109945
0.0,0.0,0.0,-0.5289199886701692
0.0,0.0,0.0,-0.49269239966939427
0.0,0.0,0.0,-0.4268630530202322
0.0,0.0,0.0,-0.3828316947426996
0.0,0.0,0.0,-0.34330216487020515
0.0,0.0,0.0,-0.2912452067682453
0.0,0.0,0.0,-0.21113766256653857
0.0,0.0,0.0,-0.15290219103144959
0.0,0.0,0.0,-0.08791710165981653
0.0,0.0,0.0,-0.029988866311381895
0.0,0.0,0.0,0.06011893960968309
0.0,0.0,0.0,0.13049613859964626
0.0,0.0,0.0,0.18363024929188287
0.0,0.0,0.0,0.2549168872572784
0.0,0.0,0.0,0.3173978295350691
0.0,0.0,0.0,0.3945386779541607
0.0,0.0,0.0,0.47349863570229267
0.0,0.0,0.0,0.5415526343037115
0.0,0.0,0.0,0.6560805934839788
0.0,0.0,0.0,0.7309162975063356
0.0,0.0,0.0,0.8063691415459802
0.0,0.0,0.0,0.8730348354004128
0.0,0.0,0.0,0.9346764612810886
0.0,0.0,0.0,0.9931367372437704
0.0,0.0,0.0,1.0643888019028522
0.0,0.0,0.0,1.046091927648241
0.0,0.0,0.0,0.7634780305305208
0.0,0.0,0.0,0.3899627886243073
0.0,0.0,0.0,0.27255468206227385
0.0,0.0,0.0,0.9377902198361474
0.0,0.48966178,0.0,0.23182007619791892
0.0,0.9257231,0.0,0.19473259211512417
0.0,0.4877943,0.0,0.3617844457612809
0.0,0.0,0.0,0.4724944989662458
0.0,0.5714707,0.0,0.3721691284253776
0.0,0.25917622,0.0,0.5376998549680517
0.0,0.0,0.0,0.8525124142313196
0.0,0.0,0.0,1.2775433611373308
0.0,0.0,0.0,1.1170655279082076
0.07,0.0,0.0,1.7648468382045188
1.72,0.0,0.07,1.7007896751935543
9.51,0.0,1.72,2.9267941453842745
15.15,2.2049656,9.51,9.381483195754436
15.58,6.247886,15.15,14.360352913719415
14.99,7.8963847,15.58,15.19074087571502
15.190000000000001,9.7941885,14.99,14.54913848131582
14.610000000000001,8.624583,15.190000000000001,14.654409934442276
14.74,9.026954,14.610000000000001,13.939133483406497
14.2,10.722263,14.74,13.504021330130172
18.56,8.969571,14.2,13.069002223280602
13.750000000000002,9.297493,18.56,16.653427701703567
7.26,9.148872,13.750000000000002,12.665667982281553
16.21,5.883663,7.26,7.181475123563352
21.79,6.9717855,16.21,14.203431307302882
14.12,10.61189,21.79,18.649059216109
10.04,9.362594,14.12,12.623255317144972
15.15,6.5428877,10.04,8.885156054124055
11.74,6.838801,15.15,12.729381220094627
6.16,4.4172816,11.74,10.034679064322788
3.2199999999999998,1.8620293,6.16,5.253044043078109
1.13,0.0,3.2199999999999998,2.3290112745567915
0.11,0.0,1.13,0.505135277804955
0.0,0.0,0.11,-0.4325835586180049
0.0,0.0,0.0,-0.6368682496287705
0.0,0.0,0.0,-0.48797105837737503
0.0,0.0,0.0,-0.5702867031309105
0.0,0.0,0.0,-0.5976290256139559
0.0,0.0,0.0,-0.40237988673459335
0.0,0.0,0.0,-0.32780856180454
0.0,0.0,0.0,-0.45966902674402926
0.0,0.0,0.0,-0.39104907658307
0.0,0.0,0.0,-0.31618226953899975
0.0,0.0,0.0,-0.28627853098224626
0.0,0.0,0.0,-0.2799613221739241
0.0,0.0,0.0,-0.22421223343967628
0.0,0.0,0.0,-0.265723578413405
0.0,0.0,0.0,-0.3368902483434466
0.0,0.0,0.0,-0.31203680963488717
0.0,0.0,0.0,-0.2456296491726892
0.0,0.0,0.0,-0.3040828200036774
0.0,0.0,0.0,-0.34975837508849605
0.0,0.0,0.0,-0.32576008821241853
0.0,0.0,0.0,-0.3155503707715078
0.0,0.0,0.0,-0.3559188744599713
0.0,0.0,0.0,-0.40136572224714234
0.0,0.0,0.0,-0.4337252241128953
0.0,0.0,0.0,-0.4120704823698702
0.0,0.0,0.0,-0.43962577309213724
0.0,0.0,0.0,-0.4553541035984272
0.0,0.0,0.0,-0.46541446304234346
0.0,0.0,0.0,-0.42317323670139106
0.0,0.0,0.0,-0.4338800573078439
0.0,0.0,0.0,-0.417365669979439
0.0,0.0,0.0,-0.4053490528362964
0.0,0.0,0.0,-0.3552931406164562
0.0,0.0,0.0,-0.33132633471448375
0.0,0.0,0.0,-0.3009866225176943
0.0,0.0,0.0,-0.27383136883652526
0.0,0.0,0.0,-0.19958417471821477
0.0,0.0,0.0,-0.16296706641266112
0.0,0.0,0.0,-0.11915834885867053
0.0,0.0,0.0,-0.06825346269035415
0.0,0.0,0.0,-0.0005468884440461633
0.0,0.0,0.0,0.06298475559205849
0.0,0.0,0.0,0.1296999362155181
0.0,0.0,0.0,0.1885728735336165
0.0,0.0,0.0,0.2637720025831588
0.0,0.0,0.0,0.3387065681387585
0.0,0.0,0.0,0.41748766676985066
0.0,0.0,0.0,0.48539479885669634
0.0,0.0,0.0,0.5666787470968935
0.0,0.0,0.0,0.6478540721174659
0.0,0.0,0.0,0.7248607503071272
0.0,0.0,0.0,0.797644159723674
0.0,0.0,0.0,0.866406818895564
0.0,0.0,0.0,0.9466984146714095
0.0,0.0,0.0,1.011501019363134
0.0,0.0,0.0,1.0819309131898185
0.0,0.0,0.0,1.1447121393702033
0.0,0.0,0.0,1.2191312734430506
0.03,0.0,0.0,1.2871639125325205
0.8199999999999998,0.0,0.03,1.3788695282990626
3.18,0.20634677,0.8199999999999998,2.085148361562803
6.480000000000001,2.2744,3.18,3.9186036852016874
10.46,5.2247324,6.480000000000001,6.636143771829536
13.3,8.36744,10.46,10.279350777415724
16.02,12.2937975,13.3,12.487813080763685
18.97,14.92496,16.02,14.80179740136468
21.74,16.828516,18.97,17.24189081282599
24.14,18.639845,21.74,19.49724401254499
26.26,20.622332,24.14,21.444964171264395
27.99,22.301102,26.26,23.114441733445425
27.49,23.547522,27.99,24.515483556198685
28.059999999999995,23.96925,27.49,24.05810599105347
28.550000000000004,24.42027,28.059999999999995,24.38640373921087
29.12,24.498436,28.550000000000004,24.755289938016787
26.77,24.623798,29.12,25.125764380893536
19.33,23.751663,26.77,23.036934458417726
19.61,20.809883,19.33,16.670204856635685
21.71,18.996141,19.61,16.573290416848586
21.62,18.21895,21.71,17.98622141235206
22.13,17.64296,21.62,18.09983809246331
27.140000000000004,17.043955,22.13,18.566451412430702
27.85,17.873495,27.140000000000004,22.676450860388776
27.889999999999997,17.761475,27.85,23.548406125172683
22.5,18.100246,27.889999999999997,23.60859745356795
23.71,16.00551,22.5,18.949097436915117
22.69,14.688136,23.71,19.740878065829868
22.03,13.793609,22.69,18.62811598378974
20.05,12.933323,22.03,17.9807596322327
16.74,10.319762,20.05,16.423359789025117
14.09,8.85783,16.74,13.545649270676025
8.1,7.0993567,14.09,11.321225350998954
6.0,3.9975007,8.1,6.165695361769824
5.11,1.5191141,6.0,4.259188089219612
2.67,0.49398908,5.11,3.2908007252401617
1.0,0.0,2.67,1.3069702379727322
0.12,0.0,1.0,-0.050589694972751065
0.0,0.0,0.12,-0.6637428088369992
0.0,0.0,0.0,-0.6698433665708402
0.0,0.0,0.0,-0.5831540164390574
0.0,0.0,0.0,-0.5418976930410837
0.0,0.0,0.0,-0.4681389877500025
0.0,0.0,0.0,-0.38491645394004503
0.0,0.0,0.0,-0.31673567054003526
0.0,0.0,0.0,-0.21464465037841185
0.0,0.0,0.0,-0.1593846527286745
0.0,0.0,0.0,-0.11796771255090724
0.0,0.0,0.0,-0.05391520115141067
0.0,0.0,0.0,-0.019208076767130572
0.0,0.0,0.0,-0.0008539298118784983
0.0,0.0,0.0,0.003755859875378964
0.0,0.0,0.0,-0.004539031442463495
0.0,0.0,0.0,-0.013048194978290337
0.0,0.0,0.0,0.011575941279250851
0.0,0.0,0.0,-0.012511833488491886
0.0,0.0,0.0,-0.04327103417303968
0.0,0.0,0.0,-0.09049683210446795
0.0,0.0,0.0,-0.08094539866629544
0.0,0.0,0.0,-0.10891524046869744
0.0,0.0,0.0,-0.14319322326229733
0.0,0.0,0.0,-0.1740593568037751
0.0,0.0,0.0,-0.40418946059889055
0.0,0.0,0.0,-0.41961456958906906
0.0,0.0,0.0,-0.4281950518736994
0.0,0.0,0.0,-0.43147865047448786
0.0,0.0,0.0,-0.4015667655317027
0.0,0.0,0.0,-0.39475863114686005
0.0,0.0,0.0,-0.3821385974580923
0.0,0.0,0.0,-0.373337481790878
0.0,0.0,0.0,-0.32158079937252804
0.0,0.0,0.0,-0.2955504404450235
0.0,0.0,0.0,-0.2649488975560742
0.0,0.0,0.0,-0.225324441813151
0.0,0.0,0.0,-0.16314514396289018
0.0,0.0,0.0,-0.11667474048837334
0.0,0.0,0.0,-0.06793328349422104
0.0,0.0,0.0,-0.017677804863743332
0.0,0.0,0.0,0.05610513332623551
0.0,0.0,0.0,0.10579219717315493
0.0,0.0,0.0,0.16849014157550216
0.0,0.0,0.0,0.2303090750966165
0.0,0.0,0.0,0.31158937936801406
0.0,0.0,0.0,0.3824819339866798
0.0,0.0,0.0,0.4575247659366559
0.0,0.0,0.0,0.5307567428292824
0.0,0.0,0.0,0.609825704415921
0.0,0.0,0.0,0.6919206946752653
0.0,0.0,0.0,0.7676279086577318
0.0,0.0,0.0,0.8537750249358708
0.0,0.0,0.0,0.9339433183644503
0.0,0.0,0.0,1.0108639780167146
0.0,0.0,0.0,1.095528486102573
0.0,0.0,0.0,1.1641274576079226
0.0,0.0,0.0,1.2266851128364713
0.0,0.0,0.0,1.3004755939189188
0.12,0.0,0.0,1.3609935623787721
1.01,0.0,0.12,1.5364002874239273
2.79,0.5280308,1.01,2.3392984294756083
4.96,2.131341,2.79,3.8142093981618705
8.71,4.1988754,4.96,5.635077427157907
10.61,7.0453057,8.71,8.674884699363247
13.81,10.403625,10.61,10.400289600374526
16.81,12.32239,13.81,13.306181972785117
22.26,14.77589,16.81,15.627643966224566
23.64,17.876461,22.26,20.045613391962362
20.08,20.407787,23.64,21.227293923754758
19.8,19.3803,20.08,18.637044720632762
24.03,17.784061,19.8,18.35683794814642
32.63,20.04882,24.03,21.19931889805986
33.3,24.16964,32.63,28.282617641639863
33.07,26.624763,33.3,29.033839199921417
33.12,27.162916,33.07,29.064027939482106
23.76,27.09199,33.12,28.90925287688997
20.9,20.48582,23.76,21.39248658939841
21.94,19.395897,20.9,18.37960403674571
16.1,17.921856,21.94,18.651123067721876
22.5,14.01066,16.1,13.822775400992636
23.34,14.386347,22.5,18.96940885268267
24.7,15.439299,23.34,19.691207099953623
25.6,16.922737,24.7,21.198944138835373
30.48,16.407194,25.6,21.896746211013273
30.769999999999996,17.710743,30.48,25.560451326091595
29.520000000000003,18.538996,30.769999999999996,25.933254717148447
27.449999999999996,18.626314,29.520000000000003,24.714337849462876
24.9,17.193014,27.449999999999996,22.802871921114043
21.67,14.3792515,24.9,20.686985468481602
18.85,11.939809,21.67,17.906023473761667
15.86,9.782698,18.85,15.283362858226013
12.13,7.661156,15.86,12.796875332713642
7.66,5.1649714,12.13,9.467960463339137
3.84,2.6722233,7.66,5.606777066165147
1.77,0.34893933,3.84,2.249807973701723
0.43,0.0,1.77,0.397995732683723
0.0,0.0,0.43,-0.7755375615653731
0.0,0.0,0.0,-1.0569537437892658
0.0,0.0,0.0,-0.9265021192783749
0.0,0.0,0.0,-0.7544871207769366
0.0,0.0,0.0,-0.6295531046904896
0.0,0.0,0.0,-0.5371076262086119
0.0,0.0,0.0,-0.45910413177170717
0.0,0.0,0.0,-0.4487494605205644
0.0,0.0,0.0,-0.33943753902603846
0.0,0.0,0.0,-0.24475867265447843
0.0,0.0,0.0,-0.16827553359601496
0.0,0.0,0.0,-0.13094479950083693
0.0,0.0,0.0,-0.03911622156931582
0.0,0.0,0.0,-0.009741750231124363
0.0,0.0,0.0,0.0008703149443345382
0.0,0.0,0.0,0.0009228674232180517
0.0,0.0,0.0,0.039936449557310266
0.0,0.0,0.0,0.038719764200426283
0.0,0.0,0.0,0.023886338126725797
0.0,0.0,0.0,0.015148472817494082
0.0,0.0,0.0,0.026877806115382583
0.0,0.0,0.0,0.006790527052108475
0.0,0.0,0.0,-0.03878656037464359
0.0,0.0,0.0,-0.08055939452306059
0.0,0.0,0.0,-0.2230436906279755
0.0,0.0,0.0,-0.22915310026967103
0.0,0.0,0.0,-0.2557719727562208
0.0,0.0,0.0,-0.250797828240076
0.0,0.0,0.0,-0.2066194261766914
0.0,0.0,0.0,-0.22364346083770179
0.0,0.0,0.0,-0.2149393242611236
0.0,0.0,0.0,-0.1904833556975672
0.0,0.0,0.0,-0.1629641878813065
0.0,0.0,0.0,-0.1355034585724859
0.0,0.0,0.0,-0.11164067934293989
0.0,0.0,0.0,-0.08202535969436507
0.0,0.0,0.0,-0.016258311983607596
0.0,0.0,0.0,0.025047211706597655
0.0,0.0,0.0,0.046272865306789396
0.0,0.0,0.0,0.08511840811199663
0.0,0.0,0.0,0.1562895835546172
0.0,0.0,0.0,0.2049178752644097
0.0,0.0,0.0,0.26487741727436087
0.0,0.0,0.0,0.3155609758292261
0.0,0.0,0.0,0.39512414656927114
0.0,0.0,0.0,0.45731610813727963
0.0,0.0,0.0,0.5277894929631839
0.0,0.0,0.0,0.6012833022291694
0.0,0.0,0.0,0.6789387500099241
0.0,0.0,0.0,0.7540082299268002
0.0,0.0,0.0,0.8348888757610452
0.0,0.0,0.0,0.9140147658004237
0.0,0.0,0.0,0.9948410174133844
0.0,0.0,0.0,1.0721498856510745
0.0,0.0,0.0,1.1525316936861822
0.0,0.0,0.0,1.219835486594121
0.0,0.691916,0.0,1.2899040383629463
0.01,0.82104874,0.0,1.3667959523295363
0.45999999999999996,0.41715497,0.01,1.4411090519125538
2.07,0.25614494,0.45999999999999996,1.7865130454963292
4.63,2.4932277,2.07,2.7744605634697073
9.21,5.1008782,4.63,4.745565381358979
14.77,8.713602,9.21,8.484603705054418
15.4,12.6721115,14.77,13.345860819777085
18.67,15.152513,15.4,14.311487238121826
24.55,17.68129,18.67,16.90877241356624
25.56,19.89999,24.55,21.863447871142405
31.35,22.305403,25.56,22.654909267432082
27.35,26.104239,31.35,27.255179608286916
29.220000000000002,26.000267,27.35,24.123031941248875
35.31,26.397207,29.220000000000002,25.7349782819847
35.27,28.095474,35.31,30.44835396951576
32.56,28.679308,35.27,30.696233575788856
26.369999999999997,29.849928,32.56,28.318768658273452
28.35,26.791817,26.369999999999997,22.957195525479477
21.85,26.734802,28.35,24.15957688192194
33.66,20.428381,21.85,19.060729196216887
38.58,24.132473,33.66,28.30322592396334
32.88,27.634102,38.58,32.14695118381743
36.95,26.797539,32.88,28.141781241894137
41.86,26.681858,36.95,31.690579642467455
39.13,27.324951,41.86,35.69773934453979
34.93,27.107456,39.13,33.49169023581921
37.75,25.277027,34.93,29.20585203271264
34.32,24.12245,37.75,31.027558409766076
30.53,22.673273,34.32,28.241000067577804
22.31,20.257496,30.53,25.065106711993312
19.9,15.456354,22.31,17.911018475662
15.71,12.04212,19.9,15.832697073755586
18.08,8.252702,15.71,11.991506602157553
21.23,7.153568,18.08,13.697171116227036
16.97,8.80951,21.23,16.66384807904858
9.76,7.577774,16.97,13.340724035256446
4.76,4.127561,9.76,7.265033674194998
2.26,1.2958066,4.76,2.8465494325943643
0.45000000000000007,0.0,2.26,0.6457172280043944
0.0,0.0,0.45000000000000007,-1.0926612771763933
0.0,0.0,0.0,-1.4922015117012348
0.0,0.0,0.0,-1.3435676694767018
0.0,0.0,0.0,-0.9775089642615951
0.0,0.0,0.0,-0.8141284161965565
0.0,0.0,0.0,-0.6132219494234287
0.0,0.0,0.0,-0.574730931365157
0.0,0.0,0.0,-0.6460085396662028
0.0,0.0,0.0,-0.4935232897950517
0.0,0.0,0.0,-0.2937645666073164
0.0,0.0,0.0,-0.17123442939886227
0.0,0.0,0.0,-0.12404530027017233
0.0,0.0,0.0,-0.0022500519893373094
0.0,0.0,0.0,0.013994686347065105
0.0,0.0,0.0,0.015383253493545315
0.0,0.0,0.0,-0.021234366133569826
0.0,0.0,0.0,0.004218899039809543
0.0,0.0,0.0,-0.019491931607263507
0.0,0.0,0.0,-0.015277371850838488
0.0,0.0,0.0,0.012598878433819904
0.0,0.0,0.0,0.03069406718225927
0.0,0.0,0.0,-0.011167738372898188
0.0,0.0,0.0,-0.045500366378595225
0.0,0.0,0.0,-0.07911620301878988
0.0,0.0,0.0,-0.4340384359021475
0.0,0.0,0.0,-0.4495678673175813
0.0,0.0,0.0,-0.46154472520176826
0.0,0.0,0.0,-0.4614697300867582
0.0,0.0,0.0,-0.4242958194053164
0.0,0.0,0.0,-0.41332268411317163
0.0,0.0,0.0,-0.4053650060051855
0.0,0.0,0.0,-0.3845298815888593
0.0,0.0,0.0,-0.33551147671890996
0.0,0.0,0.0,-0.31245982248866017
0.0,0.0,0.0,-0.28170661647997225
0.0,0.0,0.0,-0.26064786340849433
0.0,0.0,0.0,-0.181066619651565
0.0,0.0,0.0,-0.14782019897679952
0.0,0.0,0.0,-0.09805294031339368
0.0,0.0,0.0,-0.051291154180570925
0.0,0.0,0.0,0.020424581395131827
0.0,0.0,0.0,0.07152981580102295
0.0,0.0,0.0,0.12891963221290312
0.0,0.0,0.0,0.1995659076008658
0.0,0.0,0.0,0.28214176331471835
0.0,0.0,0.0,0.3533379229904984
0.0,0.0,0.0,0.43187039759598217
0.0,0.0,0.0,0.5034229932369411
0.0,0.0,0.0,0.5891124924705942
0.0,0.0,0.0,0.6637982970123206
0.0,0.0,0.0,0.7468981976073978
0.0,0.0,0.0,0.8196649812175781
0.0,0.0,0.0,0.899179446462149
0.0,0.0,0.0,0.9775303385626646
0.0,0.0,0.0,1.0558315801264615
0.0,0.0,0.0,1.1315624450997996
0.0,0.0,0.0,1.2026900180802114
0.0,0.0,0.0,1.2716494690131523
0.14,0.0,0.0,1.34090405421787
1.18,0.0,0.14,1.520869030890895
2.45,0.067907155,1.18,2.440168348132892
5.97,1.4318827,2.45,3.5186536682695655
11.41,4.3911033,5.97,6.278527509759166
14.78,7.857223,11.41,11.027878831683802
19.23,13.651107,14.78,13.50899711959997
26.21,14.776443,19.23,18.145629553528885
29.160000000000004,21.500713,26.21,23.120104572107028
31.52,24.79078,29.160000000000004,25.718953877568616
33.22,27.183666,31.52,27.7005285703064
33.66,28.559696,33.22,28.96611920232297
32.7,29.24825,33.66,29.225144513997126
31.61,29.171213,32.7,28.383296918819067
30.34,29.037481,31.61,27.213948256727395
30.099999999999998,28.433302,30.34,26.02968684767346
29.04,27.932484,30.099999999999998,25.706703283443787
26.22,27.10049,29.04,24.655752272901598
24.95,25.34265,26.22,22.23129677563659
22.49,23.519373,24.95,21.022116952825233
21.14,21.397568,22.49,18.69742606486866
19.7,19.237862,21.14,18.02191728591763
19.22,16.935682,19.7,16.970479926081993
22.21,14.716101,19.22,16.398631564349476
22.16,15.222057,22.21,19.01514875214012
21.75,14.914263,22.16,19.12610085422705
21.73,14.159539,21.75,18.765257608797558
23.87,13.454371,21.73,18.643038915165366
25.58,13.565456,23.87,20.306394402573385
27.889999999999997,13.3328495,25.58,21.600206390586308
25.0,14.037668,27.889999999999997,23.60925977224398
22.39,13.507083,25.0,21.08178226393199
19.28,12.047556,22.39,19.01904391196434
12.6,9.917762,19.28,16.20362782813357
2.63,6.1954074,12.6,10.350682730080429
1.14,0.97228813,2.63,1.5598112325003577
0.9000000000000001,0.0,1.14,-0.1988528198081485
0.21,0.0,0.9000000000000001,-0.500756774121397
0.0,0.0,0.21,-0.8680606196321127
0.0,0.0,0.0,-0.9175302238072148
0.0,0.0,0.0,-0.806848323481195
0.0,0.0,0.0,-0.5999299072653931
0.0,0.0,0.0,-0.5985574457988592
0.0,0.0,0.0,-0.549839875702126
0.0,0.0,0.0,-0.49935304869636044
0.0,0.0,0.0,-0.462128897136161
0.0,0.0,0.0,-0.3293912873701087
0.0,0.0,0.0,-0.15897080244100836
0.0,0.0,0.0,-0.12628546894745615
0.0,0.0,0.0,-0.13374443817467732
0.0,0.0,0.0,-0.09255484491312374
0.0,0.0,0.0,-0.09077317031799051
0.0,0.0,0.0,-0.07266357695424504
0.0,0.0,0.0,-0.052653040213877095
0.0,0.0,0.0,0.021198483381261284
0.0,0.0,0.0,0.03305605730176218
0.0,0.0,0.0,0.039815124972428576
0.0,0.0,0.0,0.03448042974800499
0.0,0.0,0.0,0.04651866754330821
0.0,0.0,0.0,-0.016262405481347678
0.0,0.0,0.0,-0.04552727055661433
0.0,0.0,0.0,-0.0669864444835834
0.0,0.0,0.0,-0.4230565491761911
0.0,0.0,0.0,-0.4357405046548083
0.0,0.0,0.0,-0.43797007323050363
0.0,0.0,0.0,-0.4337215066086062
0.0,0.0,0.0,-0.4081173727117065
0.0,0.0,0.0,-0.40790787062425193
0.0,0.0,0.0,-0.3866967757398018
0.0,0.0,0.0,-0.3711609454976606
0.0,0.0,0.0,-0.32329460681672256
0.0,0.0,0.0,-0.293099120422758
0.0,0.0,0.0,-0.25831571626497085
0.0,0.0,0.0,-0.22713015718277307
0.0,0.0,0.0,-0.16180661242024136
0.0,0.0,0.0,-0.12234045005292717
0.0,0.0,0.0,-0.08010459174188495
0.0,0.0,0.0,-0.02747754211520955
0.0,0.0,0.0,0.0446223842084861
0.0,0.0,0.0,0.1006520578512509
0.0,0.0,0.0,0.1591861524337249
0.0,0.0,0.0,0.20401378207330484
0.0,0.0,0.0,0.27293580064669704
0.0,0.0,0.0,0.31868076965834574
0.0,0.0,0.0,0.3518965156832737
0.0,0.0,0.0,0.40875739620264206
0.0,0.0,0.0,0.4609657991245195
0.0,0.0,0.0,0.5364618943956196
0.0,0.0,0.0,0.6172746377712128
0.0,0.0,0.0,0.7018905453068871
0.0,0.0,0.0,0.7811105517633817
0.0,0.0,0.0,0.874371632814919
0.0,0.0,0.0,0.9541079201504272
0.0,0.0,0.0,1.033479983559783
0.0,0.0,0.0,1.1054429468573206
0.0,0.0,0.0,1.1691230041215452
0.0,0.0,0.0,1.2479388388393526
0.0,0.0,0.0,1.3079063517863567
0.33,0.0,0.0,1.36779315537774
1.67,0.0,0.33,1.7032446910917314
3.05,0.0,1.67,2.875468989081013
6.950000000000001,0.0,3.05,4.124519403484643
7.19,2.86732,6.950000000000001,7.454575014168871
6.2,6.5854497,7.19,7.668580022148882
7.5,5.5452743,6.2,7.081451629245704
8.15,4.880614,7.5,8.067453400568562
14.37,5.0398054,8.15,8.557420546826314
26.02,7.1913414,14.37,13.803684916819718
15.010000000000002,14.437956,26.02,23.587529777588244
13.750000000000002,13.86044,15.010000000000002,15.003730172400104
17.67,12.170702,13.750000000000002,13.690111462187627
12.35,11.975253,17.67,16.35206175648086
18.75,9.862309,12.35,12.039162609119487
26.08,10.220261,18.75,17.100549867749855
27.63,14.302185,26.08,22.895637264099072
25.009999999999998,17.892578,27.63,24.96463819685375
31.04,19.24352,25.009999999999998,23.07593004806193
33.11,20.070652,31.04,27.600217780898806
33.21,21.791246,33.11,29.673543288333338
33.05,21.63907,33.21,29.3893878081388
33.71,23.008984,33.05,29.11351610355314
29.630000000000003,22.069603,33.71,29.582500691135294
21.33,19.788206,29.630000000000003,26.263495218538544
16.81,16.209599,21.33,18.925388959487975
17.09,10.806181,16.81,14.40378877381402
23.18,8.631497,17.09,13.997521928108814
23.0,9.622413,23.18,19.169003777388593
17.52,10.295068,23.0,19.197811139529907
14.11,8.737201,17.52,14.830706220786888
11.3,5.25994,14.11,11.46725176912306
6.05,2.598381,11.3,8.958754281360083
3.81,0.0925425,6.05,4.488067627430009
1.95,0.0,3.81,2.2944537973591084
0.35,0.0,1.95,0.48501359542340583
0.0,0.0,0.35,-0.7847301563299949
0.0,0.0,0.0,-0.8788260477829442
0.0,0.0,0.0,-0.7884216574285823
0.0,0.0,0.0,-0.6408738840999746
0.0,0.0,0.0,-0.642597848189828
0.0,0.0,0.0,-0.5982882851939576
0.0,0.0,0.0,-0.47182210952129744
0.0,0.0,0.0,-0.3593851791373715
0.0,0.0,0.0,-0.24842223408834269
0.0,0.0,0.0,-0.13519895346013472
0.0,0.0,0.0,-0.07591997561088651
0.0,0.0,0.0,-0.012693247838084336
0.0,0.0,0.0,0.0713581988745689
0.0,0.0,0.0,0.04134357522287968
0.0,0.0,0.0,0.020759782663671254
0.0,0.0,0.0,0.015143230216017184
0.0,0.0,0.0,0.09039969542383314
0.0,0.0,0.0,0.11319969305636102
0.0,0.0,0.0,0.09693507710612573
0.0,0.0,0.0,0.07902864464391143
0.0,0.0,0.0,0.09362643015730487
0.0,0.0,0.0,0.06542949894650721
0.0,0.0,0.0,0.03812637744091858
0.0,0.0,0.0,0.007861842383752836
0.0,0.0,0.0,0.10343319017142548
0.0,0.0,0.0,0.08742139631555644
0.0,0.0,0.0,0.07650395188678917
0.0,0.0,0.0,0.0925169204012635
0.0,0.0,0.0,0.12180455296099194
0.0,0.0,0.0,0.13084931677683592
0.0,0.0,0.0,0.14699285329417502
0.0,0.0,0.0,0.16639824867095768
0.0,0.0,0.0,0.2189569052316348
0.0,0.0,0.0,0.24382286115695007
0.0,0.0,0.0,0.2814459934936404
0.0,0.0,0.0,0.31677515143626667
0.0,0.0,0.0,0.37845281657483254
0.0,0.0,0.0,0.4166445585646524
0.0,0.0,0.0,0.47261548020002647
0.0,0.0,0.0,0.5149806457428284
0.0,0.0,0.0,0.5996671997456016
0.0,0.0,0.0,0.6524563394143097
0.0,0.0,0.0,0.7185261093209466
0.0,0.0,0.0,0.7707503249275396
0.0,0.0,0.0,0.8564027058199445
0.0,0.0,0.0,0.9200673296526235
0.0,0.0,0.0,0.9778483209842297
0.0,0.0,0.0,1.062195934136103
0.0,0.0,0.0,1.1407713047414512
0.0,0.0,0.0,1.1962916960369836
0.0,0.0,0.0,1.2796199534610462
0.0,0.0,0.0,1.3619871490144855
0.0,0.0,0.0,1.4316742615237232
0.0,0.32587343,0.0,1.5017171849960171
0.0,0.13086605,0.0,1.5883065387352784
0.0,0.0,0.0,1.6609273933497006
0.0,0.21156739,0.0,1.731540760385562
0.0,0.0,0.0,1.8204633214904704
0.27,0.0,0.0,1.8893241163679348
1.96,0.0,0.27,2.0706171427287634
5.14,1.7650923,1.96,2.96815205234667
8.66,4.6719246,5.14,5.491731120048477
16.91,7.8887663,8.66,8.51282663428606
22.78,12.554306,16.91,15.54148603907899
26.640000000000004,18.219856,22.78,20.6023312797677
29.93,22.080702,26.640000000000004,24.04326996411249
32.73,24.516083,29.93,26.799373489034384
35.06,26.439207,32.73,29.05269306155776
37.09,28.443735,35.06,30.91642056931635
38.73,30.383396,37.09,32.42499779946466
40.19,32.051224,38.73,33.67812309842869
41.39,33.515255,40.19,34.84859392849011
42.66,34.773636,41.39,35.979351367637456
43.65,35.74176,42.66,36.95770248677667
44.15,36.224983,43.65,37.6902751383865
44.68,36.53251,44.15,37.89814790214769
45.09,36.295994,44.68,38.14572190161811
45.07,35.84202,45.09,38.30073479512015
44.69,35.097755,45.07,38.02755298591114
44.16,34.20375,44.69,37.65419272797905
43.26,32.742657,44.16,37.10861323368586
42.52,31.31441,43.26,36.19420633580583
41.58,29.927666,42.52,35.39352390530289
40.21,28.55148,41.58,34.41493567834476
38.55,26.453484,40.21,33.130260649674625
36.69,24.291504,38.55,31.85787425144584
34.64,22.146814,36.69,30.384847774649582
32.41,20.282602,34.64,28.133450872940223
29.770000000000003,17.52028,32.41,26.170493721205347
26.74,15.232132,29.770000000000003,23.92345035114142
23.19,12.999974,26.74,21.36608678309655
17.6,10.588637,23.19,18.362601180725967
9.66,6.878181,17.6,13.639475573617998
5.25,3.2898273,9.66,6.890465498665832
2.38,0.39230058,5.25,2.9450840621936205
0.35,0.0,2.38,0.34584956285585444
0.0,0.0,0.35,-1.3868536829761635
0.0,0.0,0.0,-1.6601514315334132
0.0,0.0,0.0,-1.4377296901339127
0.0,0.0,0.0,-1.1213305895604444
0.0,0.0,0.0,-0.8795861055259326
0.0,0.0,0.0,-0.7148316083682725
0.0,0.0,0.0,-0.5593065347272312
0.0,0.0,0.0,-0.4393204777009857
0.0,0.0,0.0,-0.25557694879830495
0.0,0.0,0.0,-0.054587292015117334
0.0,0.0,0.0,0.06892242865628902
0.0,0.0,0.0,0.16038664153526713
0.0,0.0,0.0,0.2620748874271018
0.0,0.0,0.0,0.3017678542604166
0.0,0.0,0.0,0.33873256682776504
0.0,0.0,0.0,0.3581481627411464
0.0,0.0,0.0,0.41418764451665246
0.0,0.0,0.0,0.42860251663856297
0.0,0.0,0.0,0.44257320817346607
0.0,0.0,0.0,0.43202541660772414
0.0,0.0,0.0,0.45376997549398496
0.0,0.0,0.0,0.4136593251653343
0.0,0.0,0.0,0.3694916675157523
0.0,0.0,0.0,0.3385933300801055
0.0,0.0,0.0,-0.003449567311092014
0.0,0.0,0.0,-0.023478327010293537
0.0,0.0,0.0,-0.025626667131512827
0.0,0.0,0.0,-0.026833878135524084
0.0,0.0,0.0,0.007218088967591088
0.0,0.0,0.0,0.020246997399799883
0.0,0.0,0.0,0.03170249345363016
0.0,0.0,0.0,0.047871376574427915
0.0,0.0,0.0,0.08900765308642156
0.0,0.0,0.0,0.10441358566429995
0.0,0.0,0.0,0.13086333331581226
0.0,0.0,0.0,0.1816029020862347
0.0,0.0,0.0,0.24962293080179748
0.0,0.0,0.0,0.2989671734255796
0.0,0.0,0.0,0.3431687507570769
0.0,0.0,0.0,0.39796082622471224
0.0,0.0,0.0,0.45542287697429107
0.0,0.0,0.0,0.5324285026880747
0.0,0.0,0.0,0.5778983420101613
0.0,0.0,0.0,0.6016770762209255
0.0,0.0,0.0,0.6673418174453083
0.0,0.0,0.0,0.7288974716321055
0.0,0.0,0.0,0.8041565889418364
0.0,0.0,0.0,0.8705072017147191
0.0,0.0,0.0,0.9407787623123115
0.0,0.0,0.0,1.0231107924154519
0.0,0.0,0.0,1.0898732115677827
0.0,0.0,0.0,1.1591343765207547
0.0,0.0,0.0,1.2269903101112403
0.0,0.0,0.0,1.3042994243739365
0.0,0.0,0.0,1.37816305483146
0.0,0.0,0.0,1.4640290246945105
0.0,0.0,0.0,1.525806471936549
0.0,0.0,0.0,1.6069607018407779
0.19,0.0,0.0,1.6915019210050095
1.79,0.0,0.19,1.9075015350003166
5.12,1.3401691,1.79,2.6335982297194027
8.34,4.459359,5.12,5.274402826878992
16.35,7.678314,8.34,8.053405840703338
22.59,10.624785,16.35,16.015764576993362
26.31,17.73265,22.59,20.31011963143718
29.37,21.684826,26.31,23.707057063489952
31.759999999999998,23.941273,29.37,26.3105709873058
34.06,25.80654,31.759999999999998,28.163093439889646
36.07,27.65007,34.06,30.01163956695615
37.96,29.295666,36.07,31.511041082576142
39.55,30.965256,37.96,32.955671296355625
40.54,32.410316,39.55,34.23705625128941
41.93,33.612324,40.54,34.99858167674689
43.24,34.45126,41.93,36.3056711254432
44.01,35.160614,43.24,37.30796215732466
44.26,35.48289,44.01,37.77560461450016
44.41,35.16435,44.26,37.78739804857925
42.51,34.56625,44.41,37.720664874275236
32.53,33.152027,42.51,35.89438216480566
18.71,29.124271,32.53,27.53290750711721
20.39,22.40562,18.71,15.697364006229842
23.25,19.610067,20.39,16.420353586876935
37.98,18.292812,23.25,18.543894793326775
39.51,21.865253,37.98,31.16406431693313
37.54,23.073826,39.51,32.830892128863894
35.18,23.300488,37.54,31.641644306398153
33.13,21.055223,35.18,29.930993984537622
30.9,18.942986,33.13,27.559321860872778
28.22,16.112783,30.9,25.538361224575112
25.31,14.138561,28.22,22.89510157170146
21.53,12.020386,25.31,20.408563272634993
15.8,9.425655,21.53,17.40587331634097
8.45,5.648328,15.8,12.829047287477591
4.43,2.4638023,8.45,6.494216609242843
1.9,0.0,4.43,2.8151778774963887
0.19,0.0,1.9,0.20330565901983677
0.0,0.0,0.19,-1.3245897612178288
0.0,0.0,0.0,-1.4393419620923769
0.0,0.0,0.0,-1.1945062549739323
0.0,0.0,0.0,-0.9005434888686613
0.0,0.0,0.0,-0.6741499101837689
0.0,0.0,0.0,-0.5093178069248541
0.0,0.0,0.0,-0.38896674625265165
0.0,0.0,0.0,-0.3498029606975633
0.0,0.0,0.0,-0.27833652996780006
0.0,0.0,0.0,-0.14884968294154727
0.0,0.0,0.0,-0.06569985268147435
0.0,0.0,0.0,0.07555514323221937
0.0,0.0,0.0,0.19094276937375085
0.0,0.0,0.0,0.23352384607952908
0.0,0.0,0.0,0.25164975893823965
0.0,0.0,0.0,0.27924998449837485
0.0,0.0,0.0,0.3338710971126868
0.0,0.0,0.0,0.3412886668255365
0.0,0.0,0.0,0.34913176299665727
0.0,0.0,0.0,0.3447207596994094
0.0,0.0,0.0,0.36115390902831807
0.0,0.0,0.0,0.31303698470831043
0.0,0.0,0.0,0.2842381266380643
0.0,0.0,0.0,0.2504074900763653
0.0,0.0,0.0,-0.27329060171072533
0.0,0.0,0.0,-0.3075006993052527
0.0,0.0,0.0,-0.32038828204302083
0.0,0.0,0.0,-0.34953455352797136
0.0,0.0,0.0,-0.31951616009363926
0.0,0.0,0.0,-0.31478704012092434
0.0,0.0,0.0,-0.29869332077157273
0.0,0.0,0.0,-0.29493890182143817
0.0,0.0,0.0,-0.24125309498010256
0.0,0.0,0.0,-0.2179521951370146
0.0,0.0,0.0,-0.19513106362906568
0.0,0.0,0.0,-0.1595612188551261
0.0,0.0,0.0,-0.08637177215296866
0.0,0.0,0.0,-0.04884201344948387
0.0,0.0,0.0,0.0022126326884057065
0.0,0.0,0.0,0.04964976463595668
0.0,0.0,0.0,0.12474135705463942
0.0,0.0,0.0,0.1876451109950142
0.0,0.0,0.0,0.23671878914409122
0.0,0.0,0.0,0.3121217433643103
0.0,0.0,0.0,0.39183321128737675
0.0,0.0,0.0,0.449012223626548
0.0,0.0,0.0,0.5267189666877817
0.0,0.0,0.0,0.599812354287402
0.0,0.0,0.0,0.6852326186032474
0.0,0.0,0.0,0.7508341568573498
0.0,0.0,0.0,0.8326347220735691
0.0,0.0,0.0,0.9055373529864886
0.0,0.0,0.0,0.9699581208123556
0.0,0.0,0.0,1.0411745148841258
0.0,0.0,0.0,1.109476619775181
0.0,0.0,0.0,1.1814396366987245
0.0,0.0,0.0,1.2468126183536563
0.0,0.0,0.0,1.3220047883311923
0.02,0.0,0.0,1.3949418729174952
0.48,0.0,0.02,1.4819532484627969
3.71,0.0,0.48,1.9191608498965174
6.9,2.325546,3.71,4.36716603452599
14.000000000000002,6.4539113,6.9,6.736663116978351
20.7,10.905392,14.000000000000002,13.274005192208291
24.38,16.469196,20.7,18.562195731735613
27.36,20.699146,24.38,21.923066295217495
29.92,23.302551,27.36,24.498198310407695
32.25,24.931803,29.92,26.540611020908578
34.35,26.584335,32.25,28.397820387068272
36.07,28.02113,34.35,30.018804683068034
37.59,29.387749,36.07,31.322058239431094
38.78,30.636278,37.59,32.50029007211067
39.5,31.643782,38.78,33.4349843728328
40.15,32.218967,39.5,33.930537431935726
40.63,32.414055,40.15,34.3612771987996
33.2,32.341827,40.63,34.761817716872216
25.180000000000003,26.16475,33.2,26.69433315484435
21.31,19.245068,25.180000000000003,19.324952972478783
13.79,14.55422,21.31,15.623212534013742
6.370000000000001,8.486599,13.79,9.118759566808532
2.12,2.420283,6.370000000000001,3.364518323260046
0.4,0.0,2.12,-0.5451188619924496
0.05,0.0,0.4,-1.4929730908546102
0.0,0.0,0.05,-1.6918488297481744
0.0,0.0,0.0,-1.6554451009218811
0.0,0.0,0.0,-1.4927524187470183
0.0,0.0,0.0,-1.3528038183887148
0.0,0.0,0.0,-1.2513312286128613
0.0,0.0,0.0,-1.0423273052869857
0.0,0.0,0.0,-0.8749361716787738
0.0,0.0,0.0,-0.7813688288671624
0.0,0.0,0.0,-0.5809453871764326
0.0,0.0,0.0,-0.41181113162655525
0.0,0.0,0.0,-0.2961021856963474
0.0,0.0,0.0,-0.22816075588367665
0.0,0.0,0.0,-0.13901281296748724
0.0,0.0,0.0,-0.09326973382370318
0.0,0.0,0.0,-0.047434468361292476
0.0,0.0,0.0,0.0024950656265804866
0.0,0.0,0.0,0.09415529393137778
0.0,0.0,0.0,0.09799985290066243
0.0,0.0,0.0,0.08895563347834731
0.0,0.0,0.0,0.09272378391069983
0.0,0.0,0.0,0.09469660511866249
0.0,0.0,0.0,0.04085611707433101
0.0,0.0,0.0,-0.006929393120766285
0.0,0.0,0.0,-0.036693270838761456
0.0,0.0,0.0,-0.3685141544060761
0.0,0.0,0.0,-0.394691250993617
0.0,0.0,0.0,-0.40080661091643105
0.0,0.0,0.0,-0.4164190429298963
0.0,0.0,0.0,-0.3822239674767858
0.0,0.0,0.0,-0.3750596704045834
0.0,0.0,0.0,-0.36388170289695204
0.0,0.0,0.0,-0.34886877080858025
0.0,0.0,0.0,-0.29036855013134416
0.0,0.0,0.0,-0.2767850955787885
0.0,0.0,0.0,-0.2429126741284711
0.0,0.0,0.0,-0.20513160917329415
0.0,0.0,0.0,-0.13711935924953267
0.0,0.0,0.0,-0.09636982472569222
0.0,0.0,0.0,-0.04594382228221873
0.0,0.0,0.0,0.0003121899775797299
0.0,0.0,0.0,0.07590229300601364
0.0,0.0,0.0,0.13544316122506944
0.0,0.0,0.0,0.20059404346061474
0.0,0.0,0.0,0.26150237025727807
0.0,0.0,0.0,0.33758093935007916
0.0,0.0,0.0,0.41055040889628003
0.0,0.0,0.0,0.4803707515971265
0.0,0.0,0.0,0.5560634442563583
0.0,0.0,0.0,0.6377284541482293
0.0,0.0,0.0,0.7135961568030399
0.0,0.0,0.0,0.7894476400803991
0.0,0.0,0.0,0.862844497670888
0.0,0.0,0.0,0.9339206015263234
0.0,0.0,0.0,1.0079812755549402
0.0,0.0,0.0,1.0731902444849364
0.0,0.0,0.0,1.1407482137972733
0.0,0.0,0.0,1.2073155557493247
0.0,0.0,0.0,1.2748537116715242
0.14,0.0,0.0,1.3434148075347765
0.9899999999999999,0.0,0.14,1.5218623204738022
1.8500000000000003,0.0,0.9899999999999999,2.2740140114339993
2.11,0.9349581,1.8500000000000003,2.706454554922824
2.86,0.93922544,2.11,3.311269044540898
4.1,0.8808404,2.86,4.053052892151281
6.4399999999999995,2.1754797,4.1,5.126865460538025
10.31,3.879638,6.4399999999999995,7.132286960900987
12.78,6.570381,10.31,10.471344830433313
10.18,8.981256,12.78,12.618908145518159
11.16,9.487603,10.18,10.554466867081889
12.8,8.950347,11.16,11.316619831209165
14.42,9.239907,12.8,12.505010448393278
14.34,9.454772,14.42,13.944913215519572
14.790000000000001,10.190552,14.34,13.829284630555193
17.93,10.505836,14.790000000000001,14.11073297381374
21.73,11.857838,17.93,16.65860154256048
22.43,14.680147,21.73,19.717863338694368
27.750000000000004,16.198895,22.43,20.311081091298522
27.52,19.132399,27.750000000000004,24.337567987200774
25.239999999999995,18.6945,27.52,24.409663559307564
25.869999999999997,18.173563,25.239999999999995,22.358531089032653
23.75,18.175295,25.869999999999997,22.43509586862037
21.68,16.116243,23.75,20.663727225804106
20.59,15.609762,21.68,18.438429208315842
14.88,13.499443,20.59,17.52132758927688
12.64,9.90555,14.88,12.791882027884894
12.509999999999998,7.5175686,12.64,10.822719838307226
15.45,5.720001,12.509999999999998,10.367774006631825
13.600000000000001,6.4276657,15.45,12.574104265199093
14.77,4.901632,13.600000000000001,11.233011901901941
17.26,5.239271,14.77,12.116689686808835
10.07,7.677461,17.26,13.355046813448396
13.79,3.9134007,10.07,8.324883702129139
6.63,5.2051907,13.79,10.373750292934156
3.37,2.4728332,6.63,4.456645336320403
1.19,0.26142144,3.37,1.8333519632218604
0.14,0.0,1.19,0.011928344943173963
0.0,0.0,0.14,-0.6298520051320187
0.0,0.0,0.0,-0.4799544109975261
0.0,0.0,0.0,-0.5709865476540389
0.0,0.0,0.0,-0.42763281203889236
0.0,0.0,0.0,-0.29581362673396505
0.0,0.0,0.0,-0.24367055238197766
0.0,0.0,0.0,-0.2644688523867036
0.0,0.0,0.0,-0.1359768013261299
0.0,0.0,0.0,-0.17575346015037407
0.0,0.0,0.0,-0.0572442478670044
0.0,0.0,0.0,-0.012512946447398171
0.0,0.0,0.0,0.00022398378192942103
0.0,0.0,0.0,-0.0013828831619613902
0.0,0.0,0.0,-0.040163508472751755
0.0,0.0,0.0,-0.0685202964415578
0.0,0.0,0.0,-0.07278514077660274
0.0,0.0,0.0,-0.05953310264978917
0.0,0.0,0.0,-0.0671475730777537
0.0,0.0,0.0,-0.05842190609385359
0.0,0.0,0.0,-0.10740859923608279
0.0,0.0,0.0,-0.0536751454800144
0.0,0.0,0.0,-0.1084247879579503
0.0,0.0,0.0,-0.14457651438630967
0.0,0.0,0.0,-0.1819416349288172
0.0,0.0,0.0,-0.3002072757841149
0.0,0.0,0.0,-0.3230770870414557
0.0,0.0,0.0,-0.33491783458138613
0.0,0.0,0.0,-0.3392509980219064
0.0,0.0,0.0,-0.3026040105022734
0.0,0.0,0.0,-0.2965627143248637
0.0,0.0,0.0,-0.2927607058188807
0.0,0.0,0.0,-0.2798193763420373
0.0,0.0,0.0,-0.2245722732967262
0.0,0.0,0.0,-0.2015368379200952
0.0,0.0,0.0,-0.17235218954203513
0.0,0.0,0.0,-0.13911124010563441
0.0,0.0,0.0,-0.07472384687788117
0.0,0.0,0.0,-0.03823170144600027
0.0,0.0,0.0,0.015299763429525715
0.0,0.0,0.0,0.05662355498784275
0.0,0.0,0.0,0.1375302089203216
0.0,0.0,0.0,0.19058560232857458
0.0,0.0,0.0,0.2554666044387904
0.0,0.0,0.0,0.319117610918376
0.0,0.0,0.0,0.39986748532101263
0.0,0.0,0.0,0.4619547296704225
0.0,0.0,0.0,0.5350281924193703
0.0,0.0,0.0,0.6098265136256067
0.0,0.0,0.0,0.6842589382159142
0.0,0.0,0.0,0.7607432243637956
0.0,0.0,0.0,0.8308983791732214
0.0,0.0,0.0,0.9018646085353743
0.0,0.0,0.0,0.9809957895648705
0.0,0.0,0.0,1.0505201052369062
0.0,0.0,0.0,1.1345358494586035
0.0,0.0,0.0,1.2110436641135918
0.0,0.0,0.0,1.2762055426607053
0.0,0.0,0.0,1.3423259100980383
0.12,0.0,0.0,1.4152842777587735
0.88,0.0,0.12,1.583275881650335
2.43,0.0,0.88,2.2070899216683615
4.6,1.5710987,2.43,3.2876765889244575
8.88,3.9038188,4.6,4.93415922890095
15.53,6.9668794,8.88,8.42166032457857
19.83,11.992021,15.53,13.93550634060802
22.98,16.210312,19.83,17.643879605522898
25.629999999999995,19.235655,22.98,20.35984312392998
27.97,21.282938,25.629999999999995,22.528740922884825
30.159999999999997,23.24559,27.97,24.374389169225548
32.11,24.947395,30.159999999999997,26.04905651601872
33.63,26.42815,32.11,27.49473760210548
34.96,27.644365,33.63,28.664246199052336
36.03,28.807407,34.96,29.676292788774596
36.92,29.750889,36.03,30.42792212514316
36.67,30.37949,36.92,31.027448298561055
35.69,28.826422,36.67,30.521492480891176
34.58,27.457596,35.69,29.358533874596027
32.9,25.279444,34.58,28.111947199851617
30.73,23.176458,32.9,26.952753502559634
28.720000000000002,21.061087,30.73,25.287657446121138
26.08,19.200983,28.720000000000002,22.557764191202057
23.05,15.892151,26.08,20.243908560555525
19.62,13.145632,23.05,17.581262271432497
15.8,10.216433,19.62,14.663648117609295
10.5,7.2318835,15.8,11.404521027383085
5.47,3.479621,10.5,6.949684380998056
2.61,0.2886384,5.47,2.671656738096023
1.12,0.0,2.61,0.26841768961984314
0.14,0.0,1.12,-0.8311746765938155
0.0,0.0,0.14,-1.395519486646314
0.0,0.0,0.0,-1.343978494023456
0.0,0.0,0.0,-1.1511313352021515
0.0,0.0,0.0,-0.9659023394221457
0.0,0.0,0.0,-0.7959744160558714
0.0,0.0,0.0,-0.6759695465899649
0.0,0.0,0.0,-0.5722042208418355
0.0,0.0,0.0,-0.4677053550129706
0.0,0.0,0.0,-0.3063593264668759
0.0,0.0,0.0,-0.16712910525957975
0.0,0.0,0.0,-0.08782426705124663
0.0,0.0,0.0,-0.03058705148178617
0.0,0.0,0.0,0.051411414292364815
0.0,0.0,0.0,0.08199942904337128
0.0,0.0,0.0,0.08540821957907438
0.0,0.0,0.0,0.0923116180799731
0.0,0.0,0.0,0.13756714027862438
0.0,0.0,0.0,0.13749244675678537
0.0,0.0,0.0,0.11037452032267962
0.0,0.0,0.0,0.09690043509861593
0.0,0.0,0.0,0.10685519707386154
0.0,0.0,0.0,0.06142648196955924
0.0,0.0,0.0,0.013781439832192405
0.0,0.0,0.0,-0.024431395767521985
0.0,0.0,0.0,-0.46170217712530637
0.0,0.0,0.0,-0.47901046164700345
0.0,0.0,0.0,-0.49600803757809014
0.0,0.0,0.0,-0.5041010009304535
0.0,0.0,0.0,-0.47250858869578166
0.0,0.0,0.0,-0.4642851288535286
0.0,0.0,0.0,-0.45888861175495504
0.0,0.0,0.0,-0.4723708364914269
0.0,0.0,0.0,-0.4250394540013084
0.0,0.0,0.0,-0.3984122377825455
0.0,0.0,0.0,-0.36446727033470283
0.0,0.0,0.0,-0.3288466865110439
0.0,0.0,0.0,-0.27273442781082513
0.0,0.0,0.0,-0.23547856745176865
0.0,0.0,0.0,-0.18611547778392723
0.0,0.0,0.0,-0.14245435101698545
0.0,0.0,0.0,-0.077202292229131
0.0,0.0,0.0,-0.013407655218526313
0.0,0.0,0.0,0.042776784797240834
0.0,0.0,0.0,0.11907490625051413
0.0,0.0,0.0,0.1884524823714295
0.0,0.0,0.0,0.24526884751414918
0.0,0.0,0.0,0.30199976777608734
0.0,0.0,0.0,0.3718615854812996
0.0,0.0,0.0,0.44935433291399174
0.0,0.0,0.0,0.5271426240190585
0.0,0.0,0.0,0.6043952991072546
0.0,0.0,0.0,0.6795051338092315
0.0,0.0,0.0,0.746446338719435
0.0,0.0,0.0,0.8346260163472627
0.0,0.0,0.0,0.9046705528107584
0.0,0.0,0.0,0.9686288383716781
0.0,0.0,0.0,1.0341668744860786
0.0,0.0,0.0,1.110233582512367
0.1,0.0,0.0,1.1788032505967894
0.8199999999999998,0.0,0.1,1.327386828398023
2.63,0.0,0.8199999999999998,1.853810753826195
4.97,0.05186121,2.63,3.048747758359564
9.2,2.6582544,4.97,4.785448464799753
16.13,5.9706674,9.2,8.353518905026686
20.52,11.533793,16.13,14.009948336131641
23.94,16.072304,20.52,18.073712670409975
26.839999999999996,19.842827,23.94,20.763352755493845
29.39,22.119614,26.839999999999996,23.103196560382454
35.4,24.02648,29.39,25.086264486685362
33.36,23.678572,35.4,31.06332567614256
31.319999999999997,23.070263,33.36,29.111749386526633
28.95,22.371826,31.319999999999997,26.417853966891236
26.08,20.264784,28.95,24.06388158304886
22.87,18.01034,26.08,21.405987267113
17.87,15.328728,22.87,18.552858866199497
11.07,12.025434,17.87,14.136976440689697
4.19,6.805237,11.07,8.33402636731938
1.24,2.0083632,4.19,2.5093954922750905
0.54,0.0,1.24,0.08086781919047215
0.03,0.0,0.54,-0.6617228879394144
0.0,0.0,0.03,-1.0914873020698304
0.0,0.0,0.0,-1.1481717265521119
0.0,0.0,0.0,-1.0077322427546676
0.0,0.0,0.0,-0.863735158082644
0.0,0.0,0.0,-0.7907408317037228
0.0,0.0,0.0,-0.7724906172972689
0.0,0.0,0.0,-0.7497479124789659
0.0,0.0,0.0,-0.6850447584170659
0.0,0.0,0.0,-0.5178440198974725
0.0,0.0,0.0,-0.37738202178569485
0.0,0.0,0.0,-0.31084126597538053
0.0,0.0,0.0,-0.2732376480442611
0.0,0.0,0.0,-0.21542890052811334
0.0,0.0,0.0,-0.14729964508439983
0.0,0.0,0.0,-0.12692667230458088
0.0,0.0,0.0,-0.10305319466775778
0.0,0.0,0.0,-0.06175293696444248
0.0,0.0,0.0,-0.0488217334365236
0.0,0.0,0.0,-0.03805718175567095
0.0,0.0,0.0,-0.06175768850965255
0.0,0.0,0.0,-0.06261982021681933
0.0,0.0,0.0,-0.12035012182430513
0.0,0.0,0.0,-0.15554663054775097
0.0,0.0,0.0,-0.19305845216267303
0.0,0.0,0.0,-0.3074106176175137
0.0,0.0,0.0,-0.3268497583214819
0.0,0.0,0.0,-0.3356903901341156
0.0,0.0,0.0,-0.33911633013667847
0.0,0.0,0.0,-0.3075448005476145
0.0,0.0,0.0,-0.30952912029937224
0.0,0.0,0.0,-0.3010975813410633
0.0,0.0,0.0,-0.28724019662016775
0.0,0.0,0.0,-0.2384280918540146
0.0,0.0,0.0,-0.21199563853064007
0.0,0.0,0.0,-0.1854139144665673
0.0,0.0,0.0,-0.15400374039829176
0.0,0.0,0.0,-0.08861529962057753
0.0,0.0,0.0,-0.05111432915161501
0.0,0.0,0.0,-0.007979023949501902
0.0,0.0,0.0,0.043623394681109595
0.0,0.0,0.0,0.11590069583505697
0.0,0.0,0.0,0.16687631868747244
0.0,0.0,0.0,0.2317325520036058
0.0,0.0,0.0,0.29657338411863843
0.0,0.0,0.0,0.3836073812519436
0.0,0.0,0.0,0.4469057326791296
0.0,0.0,0.0,0.5273264981363981
0.0,0.0,0.0,0.6170452964403139
0.0,0.0,0.0,0.6968957464193101
0.0,0.0,0.0,0.7617504452856203
0.0,0.0,0.0,0.8476791978713812
0.0,0.0,0.0,0.9156830892996752
0.0,0.0,0.0,0.9938860409493032
0.0,0.0,0.0,1.0754536065049776
0.0,0.0,0.0,1.1558448944773112
0.0,0.0,0.0,1.2327873834340637
0.0,0.0,0.0,1.2649142477552262
0.0,0.0,0.0,1.3719452916469947
0.0,0.0,0.0,1.4733013840523308
0.21,0.0,0.0,1.5073597143618567
0.95,0.0,0.21,1.756930560150747
1.9799999999999998,0.0,0.95,2.4475399329101073
3.09,0.0,1.9799999999999998,3.394723917563386
3.45,0.0,3.09,4.39538370902325
6.35,1.2551825,3.45,4.787970543925193
17.34,2.9444375,6.35,7.2524120734204125
14.859999999999998,8.711145,17.34,16.26805162190006
27.13,11.206352,14.859999999999998,14.554778042588392
29.330000000000002,19.003912,27.13,23.93964991216832
31.64,22.25388,29.330000000000002,25.807787738570266
29.23,24.569311,31.64,27.906807787002613
21.47,24.497759,29.23,25.672101187492903
20.46,22.529459,21.47,18.706370956218866
27.029999999999998,20.42799,20.46,17.586061996983915
38.62,21.990126,27.029999999999998,22.44689824186773
37.51,25.048525,38.62,32.21237833841381
34.17,26.010872,37.51,32.58139771928007
30.630000000000003,25.674402,34.17,29.691445045209075
32.83,22.881407,30.630000000000003,26.47668336009059
30.709999999999997,21.59887,32.83,27.98357732949973
28.7,20.087234,30.709999999999997,25.629601876318286
26.239999999999995,18.750298,28.7,22.918935551893217
23.3,15.66748,26.239999999999995,20.70419500976728
19.7,12.835869,23.3,18.24126133826787
15.64,9.73481,19.7,15.392421055909777
10.16,6.7875586,15.64,11.896018645643503
5.35,3.170998,10.16,7.119063430500239
2.77,0.2501353,5.35,2.739782837626903
1.05,0.0,2.77,0.5302286595823325
0.12,0.0,1.05,-0.7780401545114529
0.0,0.0,0.12,-1.230519611685217
0.0,0.0,0.0,-1.298093803665354
0.0,0.0,0.0,-1.0588403661153611
0.0,0.0,0.0,-0.8688552374960544
0.0,0.0,0.0,-0.7101858976146035
0.0,0.0,0.0,-0.6164564782551625
0.0,0.0,0.0,-0.5715057956717531
0.0,0.0,0.0,-0.5105141114767623
0.0,0.0,0.0,-0.3528036702152647
0.0,0.0,0.0,-0.1657383733549525
0.0,0.0,0.0,-0.10366417855934701
0.0,0.0,0.0,-0.06491475725841668
0.0,0.0,0.0,-0.018557333582443908
0.0,0.0,0.0,0.014480922156040119
0.0,0.0,0.0,0.022980226718359587
0.0,0.0,0.0,0.024386039150775876
0.0,0.0,0.0,0.07071101695572714
0.0,0.0,0.0,0.06835490887831946
0.0,0.0,0.0,0.056455530382565
0.0,0.0,0.0,0.0257810697175476
0.0,0.0,0.0,0.02814115533831575
0.0,0.0,0.0,-0.010210225586858822
0.0,0.0,0.0,-0.04454580554464384
0.0,0.0,0.0,-0.07929184735889633
0.0,0.0,0.0,-0.28286485411238466
0.0,0.0,0.0,-0.2986685751943725
0.0,0.0,0.0,-0.3146567969744701
0.0,0.0,0.0,-0.31783386893441157
0.0,0.0,0.0,-0.27782695176600397
0.0,0.0,0.0,-0.2748865589750453
0.0,0.0,0.0,-0.2721392837788283
0.0,0.0,0.0,-0.25494404712574326
0.0,0.0,0.0,-0.2051192299213297
0.0,0.0,0.0,-0.187906490152431
0.0,0.0,0.0,-0.15636697413603273
0.0,0.0,0.0,-0.12599856222122763
0.0,0.0,0.0,-0.06809235053514932
0.0,0.0,0.0,-0.014882153578139184
0.0,0.0,0.0,0.01984735914607426
0.0,0.0,0.0,0.06105697843158363
0.0,0.0,0.0,0.13703142103575727
0.0,0.0,0.0,0.17325473298250432
0.0,0.0,0.0,0.23308518871547368
0.0,0.0,0.0,0.29349191883894077
0.0,0.0,0.0,0.366845477753786
0.0,0.0,0.0,0.44099245387829894
0.0,0.0,0.0,0.5104332921122133
0.0,0.0,0.0,0.5747422935650871
0.0,0.0,0.0,0.6584752942344702
0.0,0.0,0.0,0.7344618713796998
0.0,0.0,0.0,0.8084698725008835
0.0,0.0,0.0,0.8870696364180586
0.0,0.0,0.0,0.9633446261378775
0.0,0.0,0.0,1.0459674671397123
0.0,0.0,0.0,1.13373096306948
0.0,0.0,0.0,1.195895839390118
0.0,0.0,0.0,1.2643963671678806
0.0,0.0,0.0,1.3495604534599748
0.0,0.0,0.0,1.4103619330252706
0.43,0.0,0.0,1.477374795125087
1.87,0.0,0.43,1.8841499709847225
3.45,0.53474784,1.87,2.9507631283744207
6.68,2.5833883,3.45,4.110506628871666
12.97,5.1364303,6.68,6.848447938146429
18.19,10.195865,12.97,11.877670543463223
18.43,14.755586,18.19,16.352713683312874
20.13,16.325443,18.43,17.00057381408187
19.42,16.886372,20.13,18.477502217108942
29.18,17.10406,19.42,17.739680353998384
30.15,21.392195,29.18,25.264476325340883
31.679999999999996,23.908543,30.15,26.060641280220707
32.51,26.099863,31.679999999999996,27.39596458969909
29.94,26.79277,32.51,27.997133055009538
31.78,26.132792,29.94,25.857319158759616
29.5,25.98525,31.78,27.345151261649026
32.36,25.485754,29.5,25.09446685349106
32.05,26.339474,32.36,27.10944215957889
30.55,25.333088,32.05,26.86233552044419
31.66,24.006336,30.55,25.746839900808737
24.84,24.201466,31.66,26.24636720329422
22.03,19.797802,24.84,20.848008205985423
24.99,17.707863,22.03,18.138839585169197
24.07,16.079277,24.99,20.333081755962944
20.24,15.75506,24.07,19.392337819993564
26.82,12.588787,20.24,16.473543930453015
20.5,13.960684,26.82,21.57944853690543
16.97,12.805968,20.5,16.684143443516042
16.39,10.038482,16.97,13.614487735519749
12.04,8.087268,16.39,12.625651593495435
15.64,4.7128415,12.04,9.150757015235255
9.43,4.547561,15.64,12.083506219945106
5.96,2.957118,9.43,6.7567207311885475
3.83,0.2766631,5.96,4.210508820601344
2.01,0.0,3.83,2.2875084461439266
1.11,0.0,2.01,0.6713229431390189
0.25,0.0,1.11,0.1057282334047005
0.0,0.0,0.25,-0.5079207194398992
0.0,0.0,0.0,-0.7008442786445739
0.0,0.0,0.0,-0.4845841846379609
0.0,0.0,0.0,-0.36562618889145193
0.0,0.0,0.0,-0.25366786947312936
0.0,0.0,0.0,-0.1326551647090203
0.0,0.0,0.0,-0.18389935251268766
0.0,0.0,0.0,-0.037960018572504375
0.0,0.0,0.0,0.02058399253727066
0.0,0.0,0.0,0.034230785112761807
0.0,0.0,0.0,0.08152451378939454
0.0,0.0,0.0,0.09355459424777879
0.0,0.0,0.0,0.11986056649623128
0.0,0.0,0.0,0.15781452745610836
0.0,0.0,0.0,0.1187665389205516
0.0,0.0,0.0,0.09423492027821057
0.0,0.0,0.0,0.11530378947556733
0.0,0.0,0.0,0.07124379081170362
0.0,0.0,0.0,0.08619737806670763
0.0,0.0,0.0,0.043871438946354625
0.0,0.0,0.0,0.04053175073715654
0.0,0.0,0.0,-0.0018727046643780484
0.0,0.0,0.0,-0.043698712259861855
0.0,0.0,0.0,-0.07813483947840885
0.0,0.0,0.0,-0.4768221987040494
0.0,0.0,0.0,-0.4908845175562962
0.0,0.0,0.0,-0.5022269952255017
0.0,0.0,0.0,-0.49387890401905304
0.0,0.0,0.0,-0.4435724740863015
0.0,0.0,0.0,-0.4630175195097175
0.0,0.0,0.0,-0.46283152852852094
0.0,0.0,0.0,-0.4497713209298648
0.0,0.0,0.0,-0.41084947887410384
0.0,0.0,0.0,-0.3892316856679453
0.0,0.0,0.0,-0.3536829783670363
0.0,0.0,0.0,-0.31889627261628106
0.0,0.0,0.0,-0.24597576757646178
0.0,0.0,0.0,-0.19781183791708415
0.0,0.0,0.0,-0.14669735072862858
0.0,0.0,0.0,-0.10326352870297303
0.0,0.0,0.0,-0.022976150503595423
0.0,0.0,0.0,0.05509852975958424
0.0,0.0,0.0,0.12807264640454855
0.0,0.0,0.0,0.1928763890553355
0.0,0.0,0.0,0.2827326059091202
0.0,0.0,0.0,0.3341063228243986
0.0,0.0,0.0,0.4037926615786877
0.0,0.0,0.0,0.4781873597658911
0.0,0.0,0.0,0.5532738783759629
0.0,0.0,0.0,0.6199270803097401
0.0,0.0,0.0,0.6962813763546488
0.0,0.0,0.0,0.7751599837525205
0.0,0.0,0.0,0.8528320149567555
0.0,0.0,0.0,0.9258554881557879
0.0,0.0,0.0,1.0081841051272327
0.0,0.0,0.0,1.0892410169382802
0.0,0.0,0.0,1.1598424767277904
0.0,0.0,0.0,1.2391919039447048
0.0,0.0,0.0,1.3099437479062046
0.21,0.0,0.0,1.37741233512806
0.86,0.0,0.21,1.6117668252505652
1.6,0.0,0.86,2.2232539764389907
2.34,0.0,1.6,2.9059449581639245
2.8,0.0,2.34,3.602808195257297
3.0,0.0,2.8,4.0657046749008785
3.2,0.41177118,3.0,4.270212380031256
3.45,0.41972283,3.2,4.4734704595501915
7.180000000000001,0.25430167,3.45,4.7037029169144695
23.31,2.4425724,7.180000000000001,7.788904928352435
32.46,12.3708725,23.31,20.521614278999444
34.13,20.794924,32.46,28.017495032123897
33.53,24.878458,34.13,29.92206626055754
18.1,26.292303,33.53,29.33955274314284
34.54,19.609827,18.1,17.160394956321078
38.1,23.60539,34.54,29.2328526829081
14.64,25.900564,38.1,31.81335855252616
20.46,17.027548,14.64,14.12734066828657
12.1,17.045542,20.46,18.072485000153225
10.84,12.491757,12.1,10.633526568696606
17.37,8.246034,10.84,9.987257006191014
29.49,9.698371,17.37,14.728331730866085
24.49,15.804908,29.49,24.430019794638643
16.73,16.953522,24.49,21.01602357958152
9.76,13.564333,16.73,14.7314144012115
10.19,7.489725,9.76,8.424185705341337
11.68,4.4981537,10.19,8.669308716718966
13.94,3.612081,11.68,9.327227831677282
8.75,4.769479,13.94,10.895336341555206
13.29,1.7599754,8.75,7.363665816722986
11.96,2.2330296,13.29,10.98848226675295
7.739999999999999,3.5990338,11.96,9.643739522193851
4.96,1.2955165,7.739999999999999,6.293588486100648
2.48,0.0,4.96,3.633245605650548
0.88,0.0,2.48,1.2007208058768704
0.07,0.0,0.88,0.15577326228544408
0.0,0.0,0.07,-0.38613701372184756
0.0,0.0,0.0,-0.26088252869795986
0.0,0.0,0.0,-0.2607452731430516
0.0,0.0,0.0,-0.1304416168620877
0.0,0.0,0.0,-0.05702145122969647
0.0,0.0,0.0,-0.08279622003121608
0.0,0.0,0.0,-0.16347914350460999
0.0,0.0,0.0,-0.22109745644805917
0.0,0.0,0.0,-0.16001003773082995
0.0,0.0,0.0,-0.10659985257289277
0.0,0.0,0.0,0.007975336048829385
0.0,0.0,0.0,0.012984374360239942
0.0,0.0,0.0,0.00868073052593156
0.0,0.0,0.0,-0.0603896050335756
0.0,0.0,0.0,-0.10056553583559606
0.0,0.0,0.0,-0.12571698989020316
0.0,0.0,0.0,-0.09839841776249011
0.0,0.0,0.0,-0.16077936895035408
0.0,0.0,0.0,-0.16487506068829821
0.0,0.0,0.0,-0.17554637219291125
0.0,0.0,0.0,-0.16990523469548047
0.0,0.0,0.0,-0.2010102810886677
0.0,0.0,0.0,-0.23245623779995367
0.0,0.0,0.0,-0.2582948072951938
0.0,0.0,0.0,-0.5627864790972815
0.0,0.0,0.0,-0.5703138481132994
0.0,0.0,0.0,-0.5777487349322694
0.0,0.0,0.0,-0.5855711379740811
0.0,0.0,0.0,-0.5467161377033878
0.0,0.0,0.0,-0.5389822048557917
0.0,0.0,0.0,-0.5270646171169704
0.0,0.0,0.0,-0.5198734285927327
0.0,0.0,0.0,-0.48098024340580203
0.0,0.0,0.0,-0.4574419907443766
0.0,0.0,0.0,-0.4350163023087519
0.0,0.0,0.0,-0.3991795185754609
0.0,0.0,0.0,-0.33765232541440454
0.0,0.0,0.0,-0.29870798260668885
0.0,0.0,0.0,-0.25984276394862627
0.0,0.0,0.0,-0.20883003595519312
0.0,0.0,0.0,-0.12932336092046115
0.0,0.0,0.0,-0.07107724377639832
0.0,0.0,0.0,-0.021740910170961643
0.0,0.0,0.0,0.04644700633839368
0.0,0.0,0.0,0.13070395385020098
0.0,0.0,0.0,0.19989783452516105
0.0,0.0,0.0,0.26662144056712433
0.0,0.0,0.0,0.3266349173782299
0.0,0.0,0.0,0.4140012248683666
0.0,0.0,0.0,0.4951743629853334
0.0,0.0,0.0,0.5717818134690176
0.0,0.0,0.0,0.6483311359153766
0.0,0.0,0.0,0.7199435341977833
0.0,0.0,0.0,0.7959584244281765
0.0,0.0,0.0,0.8768482405027798
0.0,0.0,0.0,0.9576435823701303
0.0,0.0,0.0,1.0242240654296975
0.0,0.0,0.0,1.1007127495809739
0.05,0.0,0.0,1.1817310282795017
0.55,0.0,0.05,1.2897679633310948
0.95,0.0,0.55,1.750841421699744
2.09,0.0,0.95,2.106615920439841
3.42,0.0,2.09,3.174438340273472
3.8599999999999994,0.5334958,3.42,4.37382348609891
5.92,2.6902509,3.8599999999999994,4.641716075486791
9.8,3.7088037,5.92,6.609271131656111
10.63,5.6670747,9.8,9.881223257515787
13.98,7.6594987,10.63,10.643260356124426
13.28,10.367722,13.98,13.499526018622598
14.09,10.666381,13.28,13.079393494851498
16.12,11.153215,14.09,13.638932649535828
15.740000000000002,11.364287,16.12,15.26303118017443
15.289999999999997,11.776381,15.740000000000002,14.853692513791211
14.48,12.091722,15.289999999999997,14.410410490862041
17.59,10.810138,14.48,13.647499089967324
15.879999999999999,11.697203,17.59,16.054451095352395
11.18,11.499614,15.879999999999999,14.706567513443769
13.05,9.373471,11.18,10.693952145451819
14.63,8.797695,13.05,11.940006275010573
19.37,8.862328,14.63,13.125966454783732
19.41,10.489961,19.37,17.075740894170742
19.01,12.047463,19.41,17.11215301177282
18.22,12.441423,19.01,16.80070633601829
17.09,11.258743,18.22,16.119813781111713
16.75,10.243632,17.09,14.860062532388929
15.98,9.307805,16.75,14.617635585850962
12.98,8.71028,15.98,13.798077311784917
11.65,6.9068313,12.98,11.025605837396663
10.42,5.093325,11.65,9.816501613910683
8.33,3.8710408,10.42,8.73391599801112
6.54,2.5893447,8.33,6.898406987506556
3.7800000000000002,1.4925063,6.54,5.331464554241655
2.46,0.0,3.7800000000000002,2.8974664851204395
1.54,0.0,2.46,1.7516049176572124
0.55,0.0,1.54,0.9262497592020622
0.01,0.0,0.55,0.11306622097533858
0.0,0.0,0.01,-0.29775565967426476
0.0,0.0,0.0,-0.3200095946750997
0.0,0.0,0.0,-0.28498027877800414
0.0,0.0,0.0,-0.19215651594019084
0.0,0.0,0.0,-0.1641400719149637
0.0,0.0,0.0,-0.1908756477634367
0.0,0.0,0.0,-0.17023850891365705
0.0,0.0,0.0,-0.1701066046240568
0.0,0.0,0.0,-0.09263609470158592
0.0,0.0,0.0,-0.0844881316965116
0.0,0.0,0.0,-0.10485113458876469
0.0,0.0,0.0,-0.10602673191970474
0.0,0.0,0.0,-0.07967837987626139
0.0,0.0,0.0,-0.10170752068356936
0.0,0.0,0.0,-0.12727720667721418
0.0,0.0,0.0,-0.16663601777684514
0.0,0.0,0.0,-0.1534822795385693
0.0,0.0,0.0,-0.17079705880122914
0.0,0.0,0.0,-0.19932207751235836
0.0,0.0,0.0,-0.22962576047703515
0.0,0.0,0.0,-0.21859988138312503
0.0,0.0,0.0,-0.24622310296883687
0.0,0.0,0.0,-0.2633582814645423
0.0,0.0,0.0,-0.2841989816146806
0.0,0.0,0.0,-0.4140171784002191
0.0,0.0,0.0,-0.42685887594390604
0.0,0.0,0.0,-0.4369777888017578
0.0,0.0,0.0,-0.43703989640761115
0.0,0.0,0.0,-0.40039182473590385
0.0,0.0,0.0,-0.4015824263325099
0.0,0.0,0.0,-0.38136478036788146
0.0,0.0,0.0,-0.38174015841502473
0.0,0.0,0.0,-0.32765648866405656
0.0,0.0,0.0,-0.30825728354712256
0.0,0.0,0.0,-0.2900889777647859
0.0,0.0,0.0,-0.2547918173758063
0.0,0.0,0.0,-0.197522006849089
0.0,0.0,0.0,-0.1583201000855291
0.0,0.0,0.0,-0.11386363867942062
0.0,0.0,0.0,-0.07928660579345909
0.0,0.0,0.0,-0.005294206970764444
0.0,0.0,0.0,0.05434091249798649
0.0,0.0,0.0,0.11353029502913625
0.0,0.0,0.0,0.1770137112891897
0.0,0.0,0.0,0.2659417069978416
0.0,0.0,0.0,0.34218613613919635
0.0,0.0,0.0,0.4160365901140689
0.0,0.0,0.0,0.49017789883532437
0.0,0.0,0.0,0.5699025249010152
0.0,0.0,0.0,0.6252478104104022
0.0,0.0,0.0,0.6948720655223508
0.0,0.0,0.0,0.7795988272090045
0.0,0.0,0.0,0.8513256796911544
0.0,0.0,0.0,0.9265685605997325
0.0,0.0,0.0,1.0033190657572248
0.0,0.0,0.0,1.081135330389113
0.0,0.0,0.0,1.1486234344410848
0.0,0.0,0.0,1.221242557318782
0.0,0.0,0.0,1.292644472905695
0.07,0.0,0.0,1.3582923111662568
0.8,0.0,0.07,1.4732038800390894
1.58,0.0,0.8,2.1406815051000114
2.08,0.0,1.58,2.8749624027147496
3.03,0.25737056,2.08,3.385926595039897
2.52,1.7222248,3.03,4.188198330569802
2.44,1.9090332,2.52,3.851471270344227
2.78,1.2775481,2.44,3.8332889927507185
5.4,0.8862175,2.78,4.115474927735373
8.08,2.5231216,5.4,6.270201633095128
7.48,4.4464703,8.08,8.600014732294376
10.03,5.3951187,7.48,8.26718229767721
11.45,6.4424357,10.03,10.455108834046168
16.87,7.265617,11.45,11.62921436005909
22.52,10.087714,16.87,16.14940282064768
27.32,13.674705,22.52,20.959979924876894
21.37,18.501055,27.32,24.274623954145056
28.139999999999997,18.02632,21.37,19.523751770493153
25.45,17.290731,28.139999999999997,25.45394781249577
25.569999999999997,17.81975,25.45,22.68462358589015
22.39,18.177635,25.569999999999997,22.65394882605165
28.449999999999996,16.594992,22.39,19.69291937209201
28.51,17.043608,28.449999999999996,24.705006833235764
32.53,18.986378,28.51,24.784053050897814
24.58,19.81551,32.53,27.94061979316834
26.450000000000003,16.239538,24.58,21.607754195951056
29.68,15.968172,26.450000000000003,22.72111213063631
30.48,17.176174,29.68,24.96339016157251
27.61,17.821333,30.48,25.136765138579165
24.53,16.005304,27.61,22.967781804435482
20.85,14.142315,24.53,19.609648905874245
16.07,11.061101,20.85,16.620192808510502
9.63,7.850802,16.07,12.537008456096688
5.28,3.7916527,9.63,6.935885801196262
2.76,0.9561751,5.28,2.9664113564499885
0.9899999999999999,0.0,2.76,0.7606318304080928
0.08,0.0,0.9899999999999999,-0.7466127460378252
0.0,0.0,0.08,-1.1829214741736607
0.0,0.0,0.0,-1.119430201944787
0.0,0.0,0.0,-1.0111550170380816
0.0,0.0,0.0,-0.8944309847387134
0.0,0.0,0.0,-0.8058501943382239
0.0,0.0,0.0,-0.6816047442902894
0.0,0.0,0.0,-0.6024000697225161
0.0,0.0,0.0,-0.519848768278695
0.0,0.0,0.0,-0.39053617160421833
0.0,0.0,0.0,-0.2792022144569018
0.0,0.0,0.0,-0.22754132688625506
0.0,0.0,0.0,-0.15220812067408343
0.0,0.0,0.0,-0.13424766453430104
0.0,0.0,0.0,-0.11580617251273732
0.0,0.0,0.0,-0.07306920233070315
0.0,0.0,0.0,-0.04036258321436781
0.0,0.0,0.0,0.0157259584406955
0.0,0.0,0.0,0.03299205067887785
0.0,0.0,0.0,0.021324676964993607
0.0,0.0,0.0,0.015666368122527717
0.0,0.0,0.0,-0.0013999712634030562
0.0,0.0,0.0,-0.027830941675012662
0.0,0.0,0.0,-0.06336805781726011
0.0,0.0,0.0,-0.08951940389151439
0.0,0.0,0.0,-0.37214869343571366
0.0,0.0,0.0,-0.39552577076558265
0.0,0.0,0.0,-0.4008806014513502
0.0,0.0,0.0,-0.4027359865412271
0.0,0.0,0.0,-0.3579104749187611
0.0,0.0,0.0,-0.3680586893790919
0.0,0.0,0.0,-0.3445838956155238
0.0,0.0,0.0,-0.3245399349705913
0.0,0.0,0.0,-0.28080312906714966
0.0,0.0,0.0,-0.27135829441323095
0.0,0.0,0.0,-0.2473670105426165
0.0,0.0,0.0,-0.2101203299064377
0.0,0.0,0.0,-0.14704855910242648
0.0,0.0,0.0,-0.09694313586084552
0.0,0.0,0.0,-0.049613327221989176
0.0,0.0,0.0,0.004690031029360234
0.0,0.0,0.0,0.07420445999216807
0.0,0.0,0.0,0.1508443760660859
0.0,0.0,0.0,0.21084367494088163
0.0,0.0,0.0,0.28263960017139883
0.0,0.0,0.0,0.3480094774261804
0.0,0.0,0.0,0.4133423663214224
0.0,0.0,0.0,0.5090680959898012
0.0,0.0,0.0,0.5885092293476899
0.0,0.0,0.0,0.6703350538188223
0.0,0.0,0.0,0.7410138102946505
0.0,0.0,0.0,0.7872438111721551
0.0,0.0,0.0,0.8795893321580832
0.0,0.0,0.0,0.9564840400526952
0.0,0.0,0.0,1.0274068740876428
0.0,0.0,0.0,1.1101821122643656
0.0,0.0,0.0,1.1781252418978163
0.0,0.0,0.0,1.2523187672694793
0.0,0.0,0.0,1.2962438272383654
0.0,0.0,0.0,1.3489827393469866
0.36,0.0,0.0,1.4049306306875273
2.13,0.0,0.36,1.7424824660987486
5.07,0.7962149,2.13,2.375244345106984
7.76,3.7018406,5.07,4.552448513384165
14.46,6.681981,7.76,6.768744266386386
21.6,11.592088,14.46,12.261626257254164
25.509999999999998,16.142195,21.6,18.289901356240996
39.35,19.934113,25.509999999999998,21.742733918867852
38.21,24.153381,39.35,33.81350585856402
36.81,24.75774,38.21,33.14351424379072
35.42,24.358143,36.81,32.05719980195264
33.92,23.327017,35.42,30.39454392969332
31.759999999999998,22.03517,33.92,29.51814089332747
29.62,20.986778,31.759999999999998,26.789901192180032
27.060000000000002,18.98644,29.62,24.5366415981904
23.72,16.847485,27.060000000000002,22.271774037859426
18.57,14.48924,23.72,19.403529737715218
11.03,11.420957,18.57,14.897368218184326
6.23,6.3516855,11.03,8.361643754928139
3.38,2.6392236,6.23,4.061366867102695
0.72,0.0,3.38,1.2478991291520303
0.0,0.0,0.72,-0.9565440225784594
0.0,0.0,0.0,-1.32946187159175
0.0,0.0,0.0,-1.2714230245642861
0.0,0.0,0.0,-1.1039578160621326
0.0,0.0,0.0,-1.0031063107382796
0.0,0.0,0.0,-0.9381274066491665
0.0,0.0,0.0,-0.8852736906701196
0.0,0.0,0.0,-0.8652957981044638
0.0,0.0,0.0,-0.7725125536684755
0.0,0.0,0.0,-0.5962636985583837
0.0,0.0,0.0,-0.488872947436475
0.0,0.0,0.0,-0.34814213756714335
0.0,0.0,0.0,-0.26905402589869376
0.0,0.0,0.0,-0.20246704904534724
0.0,0.0,0.0,-0.1749858094398763
0.0,0.0,0.0,-0.13401175358922596
0.0,0.0,0.0,-0.10436608026255824
0.0,0.0,0.0,-0.06307721379194449
0.0,0.0,0.0,-0.07949940324747037
0.0,0.0,0.0,-0.08351490626603807
0.0,0.0,0.0,-0.10364282939861122
0.0,0.0,0.0,-0.10456541892188698
0.0,0.0,0.0,-0.14162758148441174
0.0,0.0,0.0,-0.1784433869189271
0.0,0.0,0.0,-0.21293525876161304
0.0,0.0,0.0,-0.42359582539387364
0.0,0.0,0.0,-0.4352209776762522
0.0,0.0,0.0,-0.44704427771728106
0.0,0.0,0.0,-0.44807755958921475
0.0,0.0,0.0,-0.39111536637192534
0.0,0.0,0.0,-0.3917118265207287
0.0,0.0,0.0,-0.37991643708210066
0.0,0.0,0.0,-0.378223818596295
0.0,0.0,0.0,-0.33387042109776083
0.0,0.0,0.0,-0.31161433672764505
0.0,0.0,0.0,-0.2812683521335346
0.0,0.0,0.0,-0.24800528220313595
0.0,0.0,0.0,-0.1836084816448511
0.0,0.0,0.0,-0.13666287090692564
0.0,0.0,0.0,-0.08637900602072625
0.0,0.0,0.0,-0.04513106263785149
0.0,0.0,0.0,0.02749350929888931
0.0,0.0,0.0,0.07346520854651736
0.0,0.0,0.0,0.13246932472564724
0.0,0.0,0.0,0.19883492233023406
0.0,0.0,0.0,0.2692263073089125
0.0,0.0,0.0,0.33651300151806773
0.0,0.0,0.0,0.3946255883589548
0.0,0.0,0.0,0.47355213866112666
0.0,0.0,0.0,0.549677095262845
0.0,0.0,0.0,0.6221456539389842
0.0,0.0,0.0,0.7001634065531094
0.0,0.0,0.0,0.7742153151092986
0.0,0.0,0.0,0.8446762058532225
0.0,0.0,0.0,0.9162903585401685
0.0,0.0,0.0,0.9923913523838845
0.0,0.0,0.0,1.0629337966266665
0.0,0.0,0.0,1.1400896829755252
0.0,0.0,0.0,1.2279762596282224
0.0,0.0,0.0,1.3055525434035602
0.38,0.0,0.0,1.3846989289226692
1.66,0.0,0.38,1.6570672295843212
4.39,0.0,1.66,2.323105798402386
7.08,2.6117644,4.39,4.209791231676359
13.269999999999998,5.791022,7.08,6.313899716095291
20.58,10.727404,13.269999999999998,11.383720401063027
24.84,15.466282,20.58,17.501973194124222
27.83,19.444042,24.84,21.204044826548518
39.88,22.13222,27.83,23.720575633820147
39.08,25.40112,39.88,34.01682054295821
38.29,25.71996,39.08,33.61458880665237
37.05,25.840906,38.29,32.92315910497117
35.57,24.563578,37.05,31.43482197173213
33.91,23.328356,35.57,30.32093983281452
31.900000000000002,21.692778,33.91,29.2514872698042
29.580000000000002,20.552588,31.900000000000002,26.606973916080356
26.71,18.088799,29.580000000000002,24.240410831460903
23.27,15.904593,26.71,21.672613145287677
17.95,13.378255,23.27,18.631455404579466
10.53,9.968798,17.95,14.054949971741404
5.98,5.014632,10.53,7.689956690184863
3.2099999999999995,1.6738447,5.98,3.440557702693919
1.02,0.0,3.2099999999999995,0.985811875596776
0.08,0.0,1.02,-0.8365759478167617
0.0,0.0,0.08,-1.4857665173726429
0.0,0.0,0.0,-1.398113079180685
0.0,0.0,0.0,-1.2481216351633537
0.0,0.0,0.0,-1.12008196023674
0.0,0.0,0.0,-1.0261653055925455
0.0,0.0,0.0,-0.9405355781132261
0.0,0.0,0.0,-0.838689932823607
0.0,0.0,0.0,-0.7162494268142229
0.0,0.0,0.0,-0.5317800727273614
0.0,0.0,0.0,-0.3618084465878524
0.0,0.0,0.0,-0.271667834599127
0.0,0.0,0.0,-0.20481759427311355
0.0,0.0,0.0,-0.14333583331863423
0.0,0.0,0.0,-0.12581092784826503
0.0,0.0,0.0,-0.12021585626475484
0.0,0.0,0.0,-0.11112839763042781
0.0,0.0,0.0,-0.07022202456132103
0.0,0.0,0.0,-0.0712809568582981
0.0,0.0,0.0,-0.07919553937595358
0.0,0.0,0.0,-0.1065646334475475
0.0,0.0,0.0,-0.11091685697545844
0.0,0.0,0.0,-0.1614784552055198
0.0,0.0,0.0,-0.20685561334104902
0.0,0.0,0.0,-0.24162195214028798
0.0,0.0,0.0,-0.27999187027534234
0.0,0.0,0.0,-0.29509833155146914
0.0,0.0,0.0,-0.3129850180523638
0.0,0.0,0.0,-0.3066337614174526
0.0,0.0,0.0,-0.27361427638667446
0.0,0.0,0.0,-0.26226335911674337
0.0,0.0,0.0,-0.24768363347556013
0.0,0.0,0.0,-0.23360988481723016
0.0,0.0,0.0,-0.18053499874775836
0.0,0.0,0.0,-0.14737163924269173
0.0,0.0,0.0,-0.11572190545405849
0.0,0.0,0.0,-0.07286320849590223
0.0,0.0,0.0,-0.007580065856462211
0.0,0.0,0.0,0.02436879198237131
0.0,0.0,0.0,0.06374968646354462
0.0,0.0,0.0,0.11089327683061287
0.0,0.0,0.0,0.1760030732068414
0.0,0.0,0.0,0.23135954954465432
0.0,0.0,0.0,0.2961357870362948
0.0,0.0,0.0,0.3440789489315083
0.0,0.0,0.0,0.42636177812990816
0.0,0.0,0.0,0.49714657633056836
0.0,0.0,0.0,0.5606257999594053
0.0,0.0,0.0,0.6285353288886664
0.0,0.0,0.0,0.7112355753708187
0.0,0.0,0.0,0.786307469958366
0.0,0.0,0.0,0.8485600778165188
0.0,0.0,0.0,0.9298698853851959
0.0,0.0,0.0,1.0080991154942274
0.0,0.0,0.0,1.0838491040067895
0.0,0.0,0.0,1.1590637765715632
0.0,0.0,0.0,1.2369654576584839
0.0,0.0,0.0,1.3107835071362077
0.0,0.0,0.0,1.3791034966001878
0.0,0.0,0.0,1.4555648299291268
0.37,0.0,0.0,1.5277408400772579
1.11,0.0,0.37,1.8729151631558059
3.02,0.25475168,1.11,2.205189328043837
4.02,1.1918105,3.02,3.952239711388132
9.88,2.5829983,4.02,4.715997300891401
17.41,6.045409,9.88,9.693956808520527
20.96,11.839432,17.41,15.810326605438272
20.36,16.688324,20.96,18.73262734906895
27.029999999999998,18.45664,20.36,18.248295274951815
29.68,20.396673,27.029999999999998,23.76479686103124
31.980000000000004,22.826553,29.68,25.45544711414019
33.83,24.602608,31.980000000000004,27.380487685908516
35.3,26.002666,33.83,28.665727934514884
36.59,27.365053,35.3,29.68617777349727
37.62,28.306902,36.59,30.667147884292856
38.16,29.298464,37.62,31.249061835002045
38.56,29.54506,38.16,31.566543455301378
38.81,29.43784,38.56,31.638467390954407
38.78,29.237059,38.81,31.583977146107134
38.79,28.566582,38.78,31.264414807016227
38.59,27.851864,38.79,31.21479214665981
37.99,26.982426,38.59,30.996417629638316
33.24,25.962221,37.99,30.382064178725688
29.74,23.543549,33.24,26.364171398720025
35.06,21.24276,29.74,23.34471829486092
33.54,20.463741,35.06,27.420025004535585
31.77,19.188381,33.54,26.902664150246824
29.79,18.598742,31.77,24.910019922318227
27.49,16.784794,29.79,23.262131334896708
24.72,14.209959,27.49,21.256385678632416
21.18,11.899239,24.72,19.02208447973026
16.15,9.713114,21.18,15.932613661371931
9.36,6.7591333,16.15,11.712722224107331
5.56,3.1638,9.36,6.045065950123973
3.15,0.406279,5.56,2.7716858287391677
1.26,0.0,3.15,0.8260411174152993
0.16,0.0,1.26,-0.5931629353792212
0.0,0.0,0.16,-1.4405318190185632
0.0,0.0,0.0,-1.3778519752233889
0.0,0.0,0.0,-1.1439217710968044
0.0,0.0,0.0,-0.9572877682819309
0.0,0.0,0.0,-0.7900339504147604
0.0,0.0,0.0,-0.6614275049920855
0.0,0.0,0.0,-0.5287337493851401
0.0,0.0,0.0,-0.40237907204777323
0.0,0.0,0.0,-0.21678316816702778
0.0,0.0,0.0,-0.10992647931905575
0.0,0.0,0.0,-0.06733970965072354
0.0,0.0,0.0,-0.034335508205763504
0.0,0.0,0.0,0.0713297071208957
0.0,0.0,0.0,0.09737059432963144
0.0,0.0,0.0,0.11483330356680671
0.0,0.0,0.0,0.1313968384995482
0.0,0.0,0.0,0.1698153809059879
0.0,0.0,0.0,0.17346716986510435
0.0,0.0,0.0,0.17168968820168962
0.0,0.0,0.0,0.13797629215965107
0.0,0.0,0.0,0.12955071661158202
0.0,0.0,0.0,0.08279828171457101
0.0,0.0,0.0,0.053577139713045785
0.0,0.0,0.0,0.01730219751808256
0.0,0.0,0.0,-0.2566286195758861
0.0,0.0,0.0,-0.2733807966266488
0.0,0.0,0.0,-0.2879170360182919
0.0,0.0,0.0,-0.3019709372209672
0.0,0.0,0.0,-0.27075731575453355
0.0,0.0,0.0,-0.25916932181501773
0.0,0.0,0.0,-0.28020380804328926
0.0,0.0,0.0,-0.27013403457107793
0.0,0.0,0.0,-0.21993649652879768
0.0,0.0,0.0,-0.19832161588079594
0.0,0.0,0.0,-0.16641807163173816
0.0,0.0,0.0,-0.13407425957055602
0.0,0.0,0.0,-0.07679584135645394
0.0,0.0,0.0,-0.03136518454706534
0.0,0.0,0.0,0.014897850020812939
0.0,0.0,0.0,0.0645267054676723
0.0,0.0,0.0,0.13610123480458786
0.0,0.0,0.0,0.19848348827614173
0.0,0.0,0.0,0.2657076274526937
0.0,0.0,0.0,0.32868921130417544
0.0,0.0,0.0,0.4045286113086213
0.0,0.0,0.0,0.4681618057656605
0.0,0.0,0.0,0.5348944229280101
0.0,0.0,0.0,0.6003603566841064
0.0,0.0,0.0,0.6838286110547112
0.0,0.0,0.0,0.764470997702608
0.0,0.0,0.0,0.8387750332465936
0.0,0.0,0.0,0.9259250824889353
0.0,0.0,0.0,0.9976858451114607
0.0,0.0,0.0,1.0646333949471403
0.0,0.0,0.0,1.13813121688344
0.0,0.0,0.0,1.221518397884091
0.0,0.28044873,0.0,1.2848549055522975
0.0,0.11256184,0.0,1.3618924886861692
0.0,0.0,0.0,1.4335526597867898
0.24,0.0,0.0,1.5037546583739876
1.24,0.0,0.24,1.7468170745931686
3.58,1.2634006,1.24,2.227500045045711
5.87,3.3455834,3.58,3.92702462164394
10.52,5.899701,5.87,5.7215132212774575
17.88,9.9941845,10.52,9.486346126062815
22.41,14.647177,17.88,15.622326404385777
25.58,18.46196,22.41,19.533015007402433
28.23,21.05207,25.58,22.228570646199387
30.59,23.253014,28.23,24.261482504374875
32.53,24.67739,30.59,26.047717033063712
34.22,25.806702,32.53,27.472154527007497
35.61,26.940716,34.22,28.649866194821037
36.7,27.995638,35.61,29.645086073568518
37.65,28.710402,36.7,30.430079062802495
38.39,29.274773,37.65,31.06644855541999
38.92,29.510849,38.39,31.535411991637552
39.41,29.288519,38.92,31.716246173660313
39.07,29.04794,39.41,31.892557250563957
38.62,27.649963,39.07,31.655065712482532
37.95,26.606464,38.62,31.126505451702492
37.01,25.199703,37.95,30.462669728117152
35.59,23.776194,37.01,29.55913071175692
34.14,21.654516,35.59,28.29663527339973
32.23,20.027845,34.14,26.96870520657746
30.099999999999998,18.010983,32.23,26.027856001916106
27.58,16.588047,30.099999999999998,23.535963021885152
24.64,14.126715,27.58,21.302302315858412
21.0,11.932714,24.64,18.807646528420573
15.689999999999998,9.550365,21.0,15.776372840377672
9.02,6.5888896,15.689999999999998,11.346912567447188
5.18,2.8561866,9.02,5.7476178044369775
2.71,0.10596584,5.18,2.4339316234215094
0.78,0.0,2.71,0.3372368694680494
0.01,0.0,0.78,-1.1787682750759976
0.0,0.0,0.01,-1.621603262050987
0.0,0.0,0.0,-1.456745260395837
0.0,0.0,0.0,-1.2140579819325492
0.0,0.0,0.0,-1.0275655002013384
0.0,0.0,0.0,-0.8573927566338
0.0,0.0,0.0,-0.7220603180775609
0.0,0.0,0.0,-0.6092951493570725
0.0,0.0,0.0,-0.4663877672827561
0.0,0.0,0.0,-0.27966270926615755
0.0,0.0,0.0,-0.1742977122018742
0.0,0.0,0.0,-0.0964717156763939
0.0,0.0,0.0,-0.022632767770504325
0.0,0.0,0.0,0.053523335304020425
0.0,0.0,0.0,0.06347096441325031
0.0,0.0,0.0,0.08245008829899439
0.0,0.0,0.0,0.10013595456247193
0.0,0.0,0.0,0.13898783648481697
0.0,0.0,0.0,0.14493364711949291
0.0,0.0,0.0,0.14216708966748368
0.0,0.0,0.0,0.11502656989703722
0.0,0.0,0.0,0.10874082541640698
0.0,0.0,0.0,0.0721781951656125
0.0,0.0,0.0,0.0336369704667612
0.0,0.0,0.0,-0.00101796780364663
0.0,0.0,0.0,-0.4086114699315066
0.0,0.0,0.0,-0.43014850217515876
0.0,0.0,0.0,-0.43834236356541517
0.0,0.0,0.0,-0.43143248778728627
0.0,0.0,0.0,-0.3947253248373958
0.0,0.0,0.0,-0.3945136402711803
0.0,0.0,0.0,-0.38360000170707814
0.0,0.0,0.0,-0.36846680710594726
0.0,0.0,0.0,-0.32819029327934396
0.0,0.0,0.0,-0.308912997123921
0.0,0.0,0.0,-0.28102640407310675
0.0,0.0,0.0,-0.24572398572129464
0.0,0.0,0.0,-0.18904540399067132
0.0,0.0,0.0,-0.138449336488693
0.0,0.0,0.0,-0.09307262175460747
0.0,0.0,0.0,-0.05109348458618296
0.0,0.0,0.0,0.021160040630777838
0.0,0.0,0.0,0.07963939399756992
0.0,0.0,0.0,0.14881305679549564
0.0,0.0,0.0,0.2084194417872094
0.0,0.0,0.0,0.2922971958052894
0.0,0.0,0.0,0.35246993565826934
0.0,0.0,0.0,0.423477479557695
0.0,0.0,0.0,0.5000710147742026
0.0,0.0,0.0,0.5731970809829685
0.0,0.0,0.0,0.6559113469345019
0.0,0.0,0.0,0.7264561194663722
0.0,0.0,0.0,0.8058087929738986
0.0,0.0,0.0,0.8871689413061382
0.0,0.0,0.0,0.9634383497899062
0.0,0.0,0.0,1.0477175995947383
0.0,0.0,0.0,1.128889551902091
0.0,0.0,0.0,1.1891536897671477
0.0,0.0,0.0,1.2545034420328998
0.0,0.0,0.0,1.321488564237927
0.19,0.0,0.0,1.3938717170261408
1.12,0.0,0.19,1.5981783620119354
3.38,0.0,1.12,2.110320013047961
5.72,1.5335426,3.38,3.7573519741384938
10.14,4.5635633,5.72,5.492204768618928
17.33,8.879904,10.14,9.094196306984315
21.96,13.40171,17.33,15.04774703649879
25.019999999999996,17.107788,21.96,19.04784486276956
27.79,19.971195,25.019999999999996,21.64371575575366
30.12,22.05732,27.79,23.815957427199873
32.19,23.332905,30.12,25.602170713638884
33.82,24.40277,32.19,27.124739736610536
35.44,25.556541,33.82,28.240753387981833
36.8,26.714102,35.44,29.400966561349307
37.75,27.530071,36.8,30.371807774468685
38.41,28.09091,37.75,30.999009223815534
38.56,28.38903,38.41,31.404314992925176
33.75,28.244135,38.56,31.285019942743297
32.53,24.039656,33.75,27.399533420655665
30.079999999999995,21.399515,32.53,25.994272266975283
24.66,18.361107,30.079999999999995,23.695491208342688
21.07,14.625176,24.66,18.56983577588546
15.659999999999998,11.665424,21.07,15.386536309665221
9.06,8.19923,15.659999999999998,10.6251797542803
5.11,3.5783966,9.06,5.089788685775709
2.71,0.092969045,5.11,1.9218893280034455
0.8,0.0,2.71,-0.24489790293332758
0.01,0.0,0.8,-1.4561297714450416
0.0,0.0,0.01,-1.6365856777010899
0.0,0.0,0.0,-1.5612381202315375
0.0,0.0,0.0,-1.2891843120961095
0.0,0.0,0.0,-1.1492039924892765
0.0,0.0,0.0,-1.0222368815066767
0.0,0.0,0.0,-0.8592536332815808
0.0,0.0,0.0,-0.7539368377696032
0.0,0.0,0.0,-0.6251859856020229
0.0,0.0,0.0,-0.43552839367259066
0.0,0.0,0.0,-0.3312950224443729
0.0,0.0,0.0,-0.2488151034283216
0.0,0.0,0.0,-0.17140024747331928
0.0,0.0,0.0,-0.08721659233751275
0.0,0.0,0.0,-0.05334707764294774
0.0,0.0,0.0,-0.04780409126405455
0.0,0.0,0.0,-0.01760110027377408
0.0,0.0,0.0,0.039262316559093326
0.0,0.0,0.0,0.023131440704933504
0.0,0.0,0.0,0.014899533421824582
0.0,0.0,0.0,-0.009646147045414694
0.0,0.0,0.0,-0.01678970621596023
0.0,0.0,0.0,-0.05786872436283445
0.0,0.0,0.0,-0.09896371091714581
0.0,0.0,0.0,-0.1289577017059465
0.0,0.0,0.0,-0.616531105981697
0.0,0.0,0.0,-0.6367896886983252
0.0,0.0,0.0,-0.6439578528259237
0.0,0.0,0.0,-0.6507704430433591
0.0,0.0,0.0,-0.6164549610853984
0.0,0.0,0.0,-0.6091204442595082
0.0,0.0,0.0,-0.6053130036141663
0.0,0.0,0.0,-0.5896565110397225
0.0,0.0,0.0,-0.5401041941675497
0.0,0.0,0.0,-0.515796555500166
0.0,0.0,0.0,-0.48879601801275313
0.0,0.0,0.0,-0.4490637644387063
0.0,0.0,0.0,-0.38419331382787625
0.0,0.0,0.0,-0.3374544777217159
0.0,0.0,0.0,-0.29363462963651266
0.0,0.0,0.0,-0.2581164446611533
0.0,0.0,0.0,-0.18521700221170723
0.0,0.0,0.0,-0.12568664956772516
0.0,0.0,0.0,-0.07479231030952938
0.0,0.0,0.0,-0.007944757837427367
0.0,0.0,0.0,0.07357465824402894
0.0,0.0,0.0,0.14175669400522967
0.0,0.0,0.0,0.19596523788811288
0.0,0.0,0.0,0.2701068748330204
0.0,0.0,0.0,0.3526892175283944
0.0,0.0,0.0,0.42323829228469534
0.0,0.0,0.0,0.50036587090771
0.0,0.0,0.0,0.580000763649781
0.0,0.0,0.0,0.6599100554512696
0.0,0.0,0.0,0.7357825674591385
0.0,0.0,0.0,0.8038582498448644
0.0,0.0,0.0,0.8802241055666763
0.0,0.0,0.0,0.9345259337419408
0.0,0.0,0.0,1.0111216233964084
0.0,0.0,0.0,1.0783889648694602
0.06,0.0,0.0,1.1533904768191834
0.8199999999999998,0.0,0.06,1.2522923353476805
1.52,0.0,0.8199999999999998,1.5490798853807675
2.04,0.0,1.52,1.9612829115228072
3.53,0.0,2.04,3.133520775226511
4.0,0.42436713,3.53,4.442694607630903
8.88,1.3455738,4.0,4.902459115527543
22.88,3.8317013,8.88,9.028029455506902
29.17,12.502585,22.88,19.86195297281889
31.34,20.00751,29.17,25.151950258575006
26.899999999999995,24.459229,31.34,27.241742028587744
28.07,21.263353,26.899999999999995,23.29649094810675
17.29,19.697002,28.07,24.134832867455902
20.19,13.850236,17.29,14.905043286988818
19.09,11.8406105,20.19,17.198472187890918
9.86,12.645231,19.09,14.698479196439006
5.65,8.288556,9.86,7.137440712319193
2.73,4.7177567,5.65,3.6990647559708547
0.28,1.887839,2.73,0.9462081518426257
0.0,0.0,0.28,-0.30095375663197754
0.0,0.0,0.0,-0.7352177463987447
0.0,0.0,0.0,-0.9096901090140379
0.0,0.0,0.0,-0.7663898798062303
0.0,0.0,0.0,-0.6373302913352651
0.0,0.0,0.0,-0.6432224478459804
0.0,0.0,0.0,-0.4536688980474737
0.0,0.0,0.0,-0.5803206931062316
0.0,0.0,0.0,-0.6377099854060045
0.0,0.0,0.0,-0.49123544496162097
0.0,0.0,0.0,-0.46559760014261986
0.0,0.0,0.0,-0.4677731492302245
0.0,0.0,0.0,-0.448678115638651
0.0,0.0,0.0,-0.3533405080934131
0.0,0.0,0.0,-0.31395991363916065
0.0,0.0,0.0,-0.28399774772464753
0.0,0.0,0.0,-0.29024808037917615
0.0,0.0,0.0,-0.22927941575209485
0.0,0.0,0.0,-0.2828135979372044
0.0,0.0,0.0,-0.2697685812655608
0.0,0.0,0.0,-0.2640736490269885
0.0,0.0,0.0,-0.28148131420481226
0.0,0.0,0.0,-0.3249737659852803
0.0,0.0,0.0,-0.3642570963497287
0.0,0.0,0.0,-0.38851370467933544
0.0,0.0,0.0,-0.7110708832466884
0.0,0.0,0.0,-0.7289315420704178
0.0,0.0,0.0,-0.7375342166296754
0.0,0.0,0.0,-0.7449757008342442
0.0,0.0,0.0,-0.7034660278622383
0.0,0.0,0.0,-0.6910596593344982
0.0,0.0,0.0,-0.6790825514222973
0.0,0.0,0.0,-0.6665274862812854
0.0,0.0,0.0,-0.6165656582242065
0.0,0.0,0.0,-0.5911782243677915
0.0,0.0,0.0,-0.5657511620579148
0.0,0.0,0.0,-0.5241914755727283
0.0,0.0,0.0,-0.46134227511683695
0.0,0.0,0.0,-0.41553114137585534
0.0,0.0,0.0,-0.3651031847003144
0.0,0.0,0.0,-0.31379426569010316
0.0,0.0,0.0,-0.23480584771941765
0.0,0.0,0.0,-0.1750053367919096
0.0,0.0,0.0,-0.11268834319383067
0.0,0.0,0.0,-0.04684946473167556
0.0,0.0,0.0,0.031172398270905115
0.0,0.0,0.0,0.09949393214533885
0.0,0.0,0.0,0.17049748163341633
0.0,0.0,0.0,0.24789277784554725
0.0,0.0,0.0,0.3278801130583989
0.0,0.0,0.0,0.40723540814468284
0.0,0.0,0.0,0.4850131888229352
0.0,0.0,0.0,0.561686007218446
0.0,0.0,0.0,0.6285955578436389
0.0,0.0,0.0,0.6495265524993892
0.0,0.0,0.0,0.7135398807759751
0.0,0.0,0.0,0.774078456528492
0.0,0.0,0.0,0.8144359623231096
0.0,0.0,0.0,0.8708112539354088
0.0,0.0,0.0,0.939222628696374
0.0,0.0,0.0,1.0034244875808789
0.04,0.0,0.0,1.0554279924443668
0.19,0.0,0.04,1.1472730779895526
0.58,0.0,0.19,1.323276865393046
0.68,0.0,0.58,1.7015825329694714
1.34,0.0,0.68,1.837597256389189
1.8500000000000003,0.0,1.34,2.4233621072823097
2.51,0.0,1.8500000000000003,2.9017385281837575
2.56,0.0,2.51,3.48921575975596
2.95,0.59655154,2.56,3.5801192358102316
3.49,0.93695223,2.95,3.898322429551717
3.4799999999999995,1.0613095,3.49,4.346999669209955
2.83,1.1850883,3.4799999999999995,4.379768151129984
2.86,1.0359168,2.83,3.824572759740458
2.62,0.940324,2.86,3.80723823411243
3.62,0.480695,2.62,3.577125945816648
3.93,0.6096478,3.62,4.394058375258158
5.01,1.5448556,3.93,4.651359489415961
5.04,1.9170384,5.01,5.532707414422634
3.85,3.3142083,5.04,5.662962735992578
4.61,2.361466,3.85,4.626880246733641
8.06,1.7096546,4.61,5.133988714162317
11.16,3.5364408,8.06,8.002698157906622
14.730000000000002,5.58042,11.16,10.676554241784695
15.289999999999997,7.7942624,14.730000000000002,13.726572772817702
10.59,9.653267,15.289999999999997,14.118233656365412
14.66,7.8176727,10.59,10.318178202355687
15.299999999999999,8.075618,14.66,13.357456958463255
13.889999999999999,8.775224,15.299999999999999,13.63464803232295
13.639999999999999,7.6959553,13.889999999999999,12.553872888114837
9.62,8.54336,13.639999999999999,11.62224226006191
6.329999999999999,5.9950886,9.62,8.495872882643912
3.4099999999999997,3.6598108,6.329999999999999,5.714516518099616
2.44,1.132277,3.4099999999999997,2.992321807229165
1.77,0.0,2.44,1.9056744479910237
0.64,0.0,1.77,1.2359739488860142
0.03,0.0,0.64,0.1731983601938436
0.0,0.0,0.03,-0.3064449395012374
0.0,0.0,0.0,-0.25168131229015983
0.0,0.0,0.0,-0.3352929255650221
0.0,0.0,0.0,-0.37203476533672586
0.0,0.0,0.0,-0.366579797769332
0.0,0.0,0.0,-0.3885520865213189
0.0,0.0,0.0,-0.3570799622868881
0.0,0.0,0.0,-0.3642907771486001
0.0,0.0,0.0,-0.33977616997073884
0.0,0.0,0.0,-0.35528836664533575
0.0,0.0,0.0,-0.37167060399410956
0.0,0.0,0.0,-0.364588726616491
0.0,0.0,0.0,-0.3386117742251754
0.0,0.0,0.0,-0.3918541001131686
0.0,0.0,0.0,-0.39267335513402146
0.0,0.0,0.0,-0.4060306277142218
0.0,0.0,0.0,-0.3997914479306829
0.0,0.0,0.0,-0.41557314397651507
0.0,0.0,0.0,-0.45744621942015623
0.0,0.0,0.0,-0.49636923363394897
0.0,0.0,0.0,-0.4967934054702517
0.0,0.0,0.0,-0.5306001693165863
0.0,0.0,0.0,-0.5601622701732454
0.0,0.0,0.0,-0.5895480928677567
0.0,0.0,0.0,-0.643319412747876
0.0,0.0,0.0,-0.6579465956666766
0.0,0.0,0.0,-0.6746723270165348
0.0,0.0,0.0,-0.6769193396970022
0.0,0.0,0.0,-0.6388352038874834
0.0,0.0,0.0,-0.6287788675089765
0.0,0.0,0.0,-0.6245698110066231
0.0,0.0,0.0,-0.6131837900967617
0.0,0.0,0.0,-0.5529810857421744
0.0,0.0,0.0,-0.5158969633105013
0.0,0.0,0.0,-0.4974787802683782
0.0,0.0,0.0,-0.4530623503676424
0.0,0.0,0.0,-0.38593044376426033
0.0,0.0,0.0,-0.3458033007857745
0.0,0.0,0.0,-0.2944720010665636
0.0,0.0,0.0,-0.23769886086860842
0.0,0.0,0.0,-0.16431774602940138
0.0,0.0,0.0,-0.11022679129434297
0.0,0.0,0.0,-0.03974506550465037
0.0,0.0,0.0,0.01803875114870703
0.0,0.0,0.0,0.09864293579819519
0.0,0.0,0.0,0.1648922282264596
0.0,0.0,0.0,0.23524184615256633
0.0,0.0,0.0,0.30590696908979875
0.0,0.0,0.0,0.38604184408987974
0.0,0.0,0.0,0.4613761696093458
0.0,0.0,0.0,0.5378875888904702
0.0,0.0,0.0,0.6178052355024208
0.0,0.0,0.0,0.7003099710249433
0.0,0.0,0.0,0.7721907175593754
0.0,0.0,0.0,0.8503602912083248
0.0,0.0,0.0,0.9262243022801285
0.0,0.0,0.0,0.9956378947675246
0.0,0.0,0.0,1.0712373814751313
0.0,0.0,0.0,1.1436953193984123
0.1,0.0,0.0,1.2145346100754228
0.8100000000000002,0.0,0.1,1.3528815315463145
2.14,0.0,0.8100000000000002,1.9485309952896963
4.0,0.0,2.14,2.944831637509773
6.849999999999999,2.0141766,4.0,4.387012008490136
12.770000000000001,5.5563917,6.849999999999999,6.694975927233421
18.54,9.758798,12.770000000000001,11.6450852384577
22.71,14.36516,18.54,16.53338186140384
26.52,18.326687,22.71,20.152943887077612
28.859999999999996,21.784336,26.52,23.377822147865924
31.17,23.917286,28.859999999999996,25.271231401142806
33.46,25.425457,31.17,27.150766585363407
35.08,26.75582,33.46,28.853723543193222
36.48,28.035433,35.08,29.95916915138368
31.66,29.016972,36.48,30.943087544170446
29.73,22.770653,31.66,25.453972787130386
27.16,21.515057,29.73,24.633405779648744
24.27,18.96866,27.16,21.565984498446976
20.2,16.275702,24.27,18.886137905927182
14.38,13.130326,20.2,15.292775153027872
8.08,9.35651,14.38,10.246334612405006
4.64,4.4802556,8.08,4.928911855895235
2.38,1.2227516,4.64,1.9327876530070787
0.75,0.0,2.38,0.05601724170277711
0.01,0.0,0.75,-1.0947578923383217
0.0,0.0,0.01,-1.4596179154354725
0.0,0.0,0.0,-1.4297252265245795
0.0,0.0,0.0,-1.2219429081718685
0.0,0.0,0.0,-1.1478247460589885
0.0,0.0,0.0,-1.0802518753290276
0.0,0.0,0.0,-0.9999311424616554
0.0,0.0,0.0,-0.9153514019287979
0.0,0.0,0.0,-0.796511996301772
0.0,0.0,0.0,-0.6226239420398763
0.0,0.0,0.0,-0.5384480677665803
0.0,0.0,0.0,-0.4803196242298288
0.0,0.0,0.0,-0.41973415169988015
0.0,0.0,0.0,-0.34187853681049846
0.0,0.0,0.0,-0.2979130658658159
0.0,0.0,0.0,-0.28737882538477433
0.0,0.0,0.0,-0.2729227545400028
0.0,0.0,0.0,-0.23105115424833164
0.0,0.0,0.0,-0.22070936096917418
0.0,0.0,0.0,-0.23675338631109039
0.0,0.0,0.0,-0.26320679029932065
0.0,0.0,0.0,-0.27005387207756704
0.0,0.0,0.0,-0.3125583306193072
0.0,0.0,0.0,-0.3408797848540316
0.0,0.0,0.0,-0.37862022424834
0.0,0.0,0.0,-0.39156414050678723
0.0,0.0,0.0,-0.41139618638745024
0.0,0.0,0.0,-0.4225646628084431
0.0,0.0,0.0,-0.4250982761231228
0.0,0.0,0.0,-0.3872716820917516
0.0,0.0,0.0,-0.38291192458353096
0.0,0.0,0.0,-0.3723524463724013
0.0,0.0,0.0,-0.3578647066574625
0.0,0.0,0.0,-0.2989821968392245
0.0,0.0,0.0,-0.27397425107397144
0.0,0.0,0.0,-0.25281765914377635
0.0,0.0,0.0,-0.2159455865979435
0.0,0.0,0.0,-0.153235710575602
0.0,0.0,0.0,-0.10805773244434679
0.0,0.0,0.0,-0.0590724437118325
0.0,0.0,0.0,-0.00567047924410688
0.0,0.0,0.0,0.06942777567497463
0.0,0.0,0.0,0.13181049104735998
0.0,0.0,0.0,0.191009206977592
0.0,0.0,0.0,0.2563209399261487
0.0,0.0,0.0,0.3352496611860831
0.0,0.0,0.0,0.40990100839050586
0.0,0.0,0.0,0.4814152904259267
0.0,0.0,0.0,0.5532327523860884
0.0,0.0,0.0,0.635161455126082
0.0,0.0,0.0,0.7090860463567263
0.0,0.0,0.0,0.7871298483752351
0.0,0.0,0.0,0.8643093788703397
0.0,0.0,0.0,0.9422947666191064
0.0,0.0,0.0,1.0275225103176104
0.0,0.0,0.0,1.0906449951352628
0.0,0.0,0.0,1.1684542484665361
0.0,0.117927,0.0,1.2403488254513788
0.0,0.037916705,0.0,1.3139820814189693
0.0,0.0,0.0,1.3826888000324495
0.04,0.0,0.0,1.4531021373156054
0.45999999999999996,0.0,0.04,1.5387025666910754
1.96,0.0,0.45999999999999996,1.9381087773201306
3.34,0.25435308,1.96,3.2831096960486756
6.260000000000001,2.2278185,3.34,4.20350703247701
11.97,5.421494,6.260000000000001,6.555949639407892
16.92,9.077616,11.97,11.41808146209628
20.74,13.59297,16.92,15.537802320248295
24.15,16.902225,20.74,18.906460763707187
26.52,19.911362,24.15,21.669715321275124
29.18,22.039387,26.52,23.528205382310258
32.0,23.689938,29.18,25.62803473993982
33.86,25.641954,32.0,27.69110379948181
34.98,27.57519,33.86,29.052174195147607
36.13,28.665096,34.98,29.93436562928329
37.18,29.534378,36.13,30.698565889942152
38.09,30.111837,37.18,31.45485149180289
38.24,30.575333,38.09,31.96750094915436
38.38,30.683449,38.24,31.806875902398225
38.22,30.303215,38.38,31.529374797664268
37.53,29.622047,38.22,31.133520588565734
36.73,28.38682,37.53,30.471530410658044
36.45,27.179176,36.73,29.601579113330324
35.64,26.154713,36.45,29.090803366156404
34.23,25.066523,35.64,28.129016639012004
32.67,23.308823,34.23,26.732394914052016
30.69,21.543842,32.67,25.231556157695124
28.59,17.617298,30.69,22.591643041654173
24.38,17.216679,28.59,21.99491716531319
21.83,14.4007,24.38,17.82623757691185
19.22,11.746295,21.83,15.695971950030463
13.639999999999999,9.458413,19.22,13.43902329169988
7.470000000000001,6.377066,13.639999999999999,8.81479491398336
4.37,2.5503404,7.470000000000001,3.8536209226154194
2.34,0.0,4.37,1.2154353368629522
0.8500000000000001,0.0,2.34,-0.3566904234318269
0.03,0.0,0.8500000000000001,-1.2863324519883326
0.0,0.0,0.03,-1.5936604100043168
0.0,0.0,0.0,-1.4304975755263696
0.0,0.0,0.0,-1.2145209794620657
0.0,0.0,0.0,-1.0431321372684301
0.0,0.0,0.0,-0.8420926851620127
0.0,0.0,0.0,-0.7296413338300376
0.0,0.0,0.0,-0.6311702248234772
0.0,0.0,0.0,-0.4901276631687476
0.0,0.0,0.0,-0.31901921288429863
0.0,0.0,0.0,-0.22777418056920337
0.0,0.0,0.0,-0.1725656575320117
0.0,0.0,0.0,-0.11919044333726855
0.0,0.0,0.0,-0.06527548570390007
0.0,0.0,0.0,-0.04879552446407781
0.0,0.0,0.0,-0.039653329600486745
0.0,0.0,0.0,-0.028678502686287077
0.0,0.0,0.0,0.00512269763278967
0.0,0.0,0.0,0.003271009028386722
0.0,0.0,0.0,-0.0008651173832108575
0.0,0.0,0.0,-0.0417623830616904
0.0,0.0,0.0,-0.04283205330863002
0.0,0.0,0.0,-0.08383785770913754
0.0,0.0,0.0,-0.11203178569297555
0.0,0.0,0.0,-0.13682853138891304
0.0,0.0,0.0,-0.4843521784568261
0.0,0.0,0.0,-0.4935400311753845
0.0,0.0,0.0,-0.5138985000888046
0.0,0.0,0.0,-0.5190061013964891
0.0,0.0,0.0,-0.4814450896050832
0.0,0.0,0.0,-0.478266436714616
0.0,0.0,0.0,-0.46952981538982
0.0,0.0,0.0,-0.45206673244461043
0.0,0.0,0.0,-0.40145065168496025
0.0,0.0,0.0,-0.37877198262283374
0.0,0.0,0.0,-0.34477909699490544
0.0,0.0,0.0,-0.31050203023697787
0.0,0.0,0.0,-0.24649644124527179
0.0,0.0,0.0,-0.19651207508134017
0.0,0.0,0.0,-0.14764899507400364
0.0,0.0,0.0,-0.10309097397290211
0.0,0.0,0.0,-0.020334017406900898
0.0,0.0,0.0,0.042433172641853124
0.0,0.0,0.0,0.09891479076602985
0.0,0.0,0.0,0.16423042760486778
0.0,0.0,0.0,0.24692363840755488
0.0,0.0,0.0,0.31589942521782644
0.0,0.0,0.0,0.3868864165346167
0.0,0.0,0.0,0.45494863914322253
0.0,0.0,0.0,0.5381891369406054
0.0,0.0,0.0,0.6123505453889819
0.0,0.0,0.0,0.6951756971616732
0.0,0.0,0.0,0.7739206903064486
0.0,0.0,0.0,0.8493110723688784
0.0,0.0,0.0,0.9267204256947775
0.0,0.0,0.0,1.0031216497731967
0.0,0.0,0.0,1.0766272083000006
0.0,0.0,0.0,1.1485179117935482
0.0,0.0,0.0,1.231861114307484
0.0,0.0,0.0,1.2981075079877507
0.05,0.0,0.0,1.3595963184834894
0.64,0.0,0.05,1.4675197568998828
1.8500000000000003,0.0,0.64,1.9907665923611282
3.64,0.0,1.8500000000000003,2.934339991030433
5.87,1.2806926,3.64,4.342733099532933
10.86,4.614708,5.87,6.162357288040569
16.11,8.302656,10.86,10.30957188059113
20.0,12.150013,16.11,14.771446265948782
22.82,15.63043,20.0,18.098497568819734
25.88,18.591871,22.82,20.490789651446814
28.73,20.908237,25.88,22.908498128586164
30.72,22.785395,28.73,25.142451901689856
32.17,24.452135,30.72,26.64372886105553
28.99,26.049686,32.17,27.717551021385066
27.93,25.971008,28.99,24.9112077320938
27.27,25.37577,27.93,23.752528810946295
25.31,24.44776,27.27,22.948182017696684
25.120000000000005,23.296087,25.31,21.077793527320754
26.25,22.54332,25.120000000000005,20.644920407370126
28.190000000000005,22.020494,26.25,21.22885680680674
27.49,21.714014,28.190000000000005,22.857238791939082
27.41,21.029291,27.49,22.327710227143427
29.100000000000005,20.398232,27.41,22.128540064945835
30.680000000000003,19.993704,29.100000000000005,23.346976084467098
30.740000000000002,19.99762,30.680000000000003,24.508859710440177
29.849999999999998,19.572475,30.740000000000002,24.577198162168802
27.71,18.797611,29.849999999999998,23.702958123528106
24.16,15.53604,27.71,21.793352156739953
22.39,14.473009,24.16,19.201811052276717
19.16,12.386678,22.39,17.061177742795675
15.939999999999998,9.912064,19.16,14.299405715468083
11.19,7.5527487,15.939999999999998,11.560128545491455
6.619999999999999,4.7453055,11.19,7.54138453038763
3.9599999999999995,1.7426895,6.619999999999999,3.7647391120905818
2.14,0.0,3.9599999999999995,1.6265154104258217
0.75,0.0,2.14,0.10845163065950347
0.03,0.0,0.75,-0.833282159697632
0.0,0.0,0.03,-1.1872619823413644
0.0,0.0,0.0,-1.0833709143168149
0.0,0.0,0.0,-0.9279546612097626
0.0,0.0,0.0,-0.7924272111050311
0.0,0.0,0.0,-0.7072721192672493
0.0,0.0,0.0,-0.6167867835377692
0.0,0.0,0.0,-0.5384090116598443
0.0,0.0,0.0,-0.43040544122333946
0.0,0.0,0.0,-0.3129103819653485
0.0,0.0,0.0,-0.250256528145102
0.0,0.0,0.0,-0.2072220977500993
0.0,0.0,0.0,-0.17497274401032242
0.0,0.0,0.0,-0.11419479203313501
0.0,0.0,0.0,-0.09957173628625873
0.0,0.0,0.0,-0.105582224028343
0.0,0.0,0.0,-0.1111927255680583
0.0,0.0,0.0,-0.07409325535671883
0.0,0.0,0.0,-0.08550633275961096
0.0,0.0,0.0,-0.10471195308991016
0.0,0.0,0.0,-0.13979508977805982
0.0,0.0,0.0,-0.14001699765627887
0.0,0.0,0.0,-0.1707934771831815
0.0,0.0,0.0,-0.1926872001331542
0.0,0.0,0.0,-0.22389862483886067
0.0,0.0,0.0,-0.6958573027422303
0.0,0.0,0.0,-0.7204302514261567
0.0,0.0,0.0,-0.7343280034824737
0.0,0.0,0.0,-0.7416545869123863
0.0,0.0,0.0,-0.6986333728315846
0.0,0.0,0.0,-0.6931001106548439
0.0,0.0,0.0,-0.6791690161168558
0.0,0.0,0.0,-0.6664697276948649
0.0,0.0,0.0,-0.6114779059333275
0.0,0.0,0.0,-0.585051744205549
0.0,0.0,0.0,-0.5575230376384278
0.0,0.0,0.0,-0.5250558504080516
0.0,0.0,0.0,-0.4549695882050408
0.0,0.0,0.0,-0.40149943792695886
0.0,0.0,0.0,-0.35635825388807274
0.0,0.0,0.0,-0.31396940174309684
0.0,0.0,0.0,-0.23407720001869353
0.0,0.0,0.0,-0.1816732123087958
0.0,0.0,0.0,-0.11430896389045299
0.0,0.0,0.0,-0.05173546268518181
0.0,0.0,0.0,0.03576815719534068
0.0,0.0,0.0,0.10681582696305397
0.0,0.0,0.0,0.18665134006477235
0.0,0.0,0.0,0.24771337786654388
0.0,0.0,0.0,0.32861682210938126
0.0,0.0,0.0,0.4039726063064715
0.0,0.0,0.0,0.4907896985294374
0.0,0.0,0.0,0.5581669542865313
0.0,0.0,0.0,0.6282655771211096
0.0,0.0,0.0,0.7356946970299519
0.0,0.0,0.0,0.8063990798873304
0.0,0.0,0.0,0.8820351662493722
0.0,0.0,0.0,0.9456384234858728
0.0,0.0,0.0,1.0179971621567176
0.0,0.0,0.0,1.0934597962869292
0.05,0.0,0.0,1.1711602437245194
0.72,0.0,0.05,1.269705383925844
2.29,0.0,0.72,1.791519898699246
4.86,0.0,2.29,2.840770929271439
7.62,1.8449165,4.86,4.796848858141479
14.42,5.7886014,7.62,6.993607913512534
21.68,10.379942,14.42,12.632884657250631
24.98,16.007591,21.68,18.718026310766987
28.52,20.45153,24.98,21.639243533093218
21.2,23.630281,28.52,24.57573628619635
21.21,21.567688,21.2,18.940835808665835
21.31,19.202988,21.21,18.716755378884116
18.03,17.127457,21.31,18.35288122011618
17.31,15.064467,18.03,15.432428680676475
17.57,11.639154,17.31,14.689622001634229
20.01,13.09521,17.57,14.414182406555176
22.42,12.660007,20.01,16.478236544762414
22.55,12.905092,22.42,18.3726319297822
17.2,12.951401,22.55,18.352644636330258
10.03,10.673954,17.2,13.831781342617266
6.19,6.176557,10.03,7.538758554332525
3.4099999999999997,2.8525958,6.19,3.9199071145762208
1.03,0.0,3.4099999999999997,1.542260424672648
0.05,0.0,1.03,-0.44063567843354023
0.0,0.0,0.05,-1.0139278438802108
0.0,0.0,0.0,-0.7537035782673375
0.0,0.0,0.0,-0.6329326124426601
0.0,0.0,0.0,-0.591291957978755
0.0,0.0,0.0,-0.589383262968023
0.0,0.0,0.0,-0.6250356032509539
0.0,0.0,0.0,-0.600564613191933
0.0,0.0,0.0,-0.46804363727668485
0.0,0.0,0.0,-0.2907558386049509
0.0,0.0,0.0,-0.19494939456268823
0.0,0.0,0.0,-0.1839317142653979
0.0,0.0,0.0,-0.1535068864671984
0.0,0.0,0.0,-0.1127575070596
0.0,0.0,0.0,-0.14736561555486472
0.0,0.0,0.0,-0.1689256584262222
0.0,0.0,0.0,-0.17877323490503133
0.0,0.0,0.0,-0.13588092921813996
0.0,0.0,0.0,-0.12136880551760904
0.0,0.0,0.0,-0.12228416314210115
0.0,0.0,0.0,-0.1475574302734907
0.0,0.0,0.0,-0.14401875431340333
0.0,0.0,0.0,-0.17519881658544234
0.0,0.0,0.0,-0.2075983946775252
0.0,0.0,0.0,-0.24315910834649712
0.0,0.0,0.0,-0.52530172276654
0.0,0.0,0.0,-0.5446818394897683
0.0,0.0,0.0,-0.5426083814843601
0.0,0.0,0.0,-0.5316260266868551
0.0,0.0,0.0,-0.4900476248218072
0.0,0.0,0.0,-0.49357797800018455
0.0,0.0,0.0,-0.489271279401687
0.0,0.0,0.0,-0.4701115371962706
0.0,0.0,0.0,-0.42300985676303193
0.0,0.0,0.0,-0.3985331906209887
0.0,0.0,0.0,-0.3677846921390466
0.0,0.0,0.0,-0.3455663922144237
0.0,0.0,0.0,-0.27467877437073496
0.0,0.0,0.0,-0.22469411292653196
0.0,0.0,0.0,-0.1734722552117523
0.0,0.0,0.0,-0.11643253378751696
0.0,0.0,0.0,-0.030696065040604174
0.0,0.0,0.0,0.02755621020587469
0.0,0.0,0.0,0.09543908788334898
0.0,0.0,0.0,0.16336743361191705
0.0,0.0,0.0,0.23543990189958033
0.0,0.0,0.0,0.3082934624351512
0.0,0.0,0.0,0.3811247706935162
0.0,0.0,0.0,0.45344079023409667
0.0,0.0,0.0,0.5394123321044233
0.0,0.0,0.0,0.6173544605930531
0.0,0.0,0.0,0.6865673279415494
0.0,0.0,0.0,0.7642747384912992
0.0,0.0,0.0,0.8340792484749152
0.0,0.0,0.0,0.9085266776838522
0.0,0.0,0.0,0.9864311111245787
0.0,0.0,0.0,1.0438898669705914
0.0,0.0,0.0,1.1031938390151583
0.0,0.0,0.0,1.1752501602580154
0.0,0.0,0.0,1.2435565234014498
0.03,0.0,0.0,1.3172149855896824
0.64,0.0,0.03,1.4046001749188597
3.1300000000000003,0.0,0.64,1.56758029685615
6.1,0.0,3.1300000000000003,3.077009891937817
9.33,3.2105987,6.1,5.341493926106338
16.35,7.350655,9.33,8.057396708892108
23.85,12.047554,16.35,13.871024896692298
35.78,17.77316,23.85,20.20161651698606
33.65,22.10879,35.78,31.26345731093803
31.46,21.937462,33.65,30.582069627928586
28.92,22.587528,31.46,27.712003161217723
26.090000000000003,20.222935,28.92,25.04011457900076
22.07,18.142052,26.090000000000003,21.951728718393902
15.629999999999999,15.228655,22.07,18.01518894377132
8.92,11.6701765,15.629999999999999,12.16055015512245
5.51,6.508746,8.92,6.467126250904675
2.84,3.1336129,5.51,3.4407477865580405
0.93,0.08446495,2.84,1.1878236441982326
0.07,0.0,0.93,-0.3191659169353933
0.0,0.0,0.07,-0.8690300066538759
0.0,0.0,0.0,-0.9221255255385051
0.0,0.0,0.0,-0.7809830564513058
0.0,0.0,0.0,-0.717791249734296
0.0,0.0,0.0,-0.6510442474658367
0.0,0.0,0.0,-0.6176470426484473
0.0,0.0,0.0,-0.5881090092702115
0.0,0.0,0.0,-0.5327756375074162
0.0,0.0,0.0,-0.41836952567402724
0.0,0.0,0.0,-0.3950585334813964
0.0,0.0,0.0,-0.38868264164271976
0.0,0.0,0.0,-0.35112554239949584
0.0,0.0,0.0,-0.26549872372370054
0.0,0.0,0.0,-0.17975171372696075
0.0,0.0,0.0,-0.1590024328373206
0.0,0.0,0.0,-0.1414913394034302
0.0,0.0,0.0,-0.09179589377907686
0.0,0.0,0.0,-0.08734135232068806
0.0,0.0,0.0,-0.09249002023113129
0.0,0.0,0.0,-0.12494161304719767
0.0,0.0,0.0,-0.14021343888410906
0.0,0.0,0.0,-0.18243266864410718
0.0,0.0,0.0,-0.22153803379873147
0.0,0.0,0.0,-0.24302710522433635
0.0,0.0,0.0,-0.44223718578272964
0.0,0.0,0.0,-0.4728562841835576
0.0,0.0,0.0,-0.4950829814354751
0.0,0.0,0.0,-0.5014854418224194
0.0,0.0,0.0,-0.5060107087975676
0.0,0.0,0.0,-0.4959952833143256
0.0,0.0,0.0,-0.5002207414668571
0.0,0.0,0.0,-0.49248336017171135
0.0,0.0,0.0,-0.43725832899486755
0.0,0.0,0.0,-0.42290819411555314
0.0,0.0,0.0,-0.3954002092374099
0.0,0.0,0.0,-0.36331276955298525
0.0,0.0,0.0,-0.296470893595667
0.0,0.0,0.0,-0.25465560606167603
0.0,0.0,0.0,-0.219121935868884
0.0,0.0,0.0,-0.17003152727375556
0.0,0.0,0.0,-0.08974666056546579
0.0,0.0,0.0,-0.023198602228582596
0.0,0.0,0.0,0.024861185046023103
0.0,0.0,0.0,0.07749344848777348
0.0,0.0,0.0,0.16210313992028394
0.0,0.0,0.0,0.23846778739570318
0.0,0.0,0.0,0.30466195809781027
0.0,0.0,0.0,0.3812649704541959
0.0,0.0,0.0,0.4678403977707295
0.0,0.0,0.0,0.5421496439281766
0.0,0.0,0.0,0.6172188403065817
0.0,0.0,0.0,0.6756426596985844
0.0,0.0,0.0,0.7468606921086086
0.0,0.0,0.0,0.8332118967924188
0.0,0.0,0.0,0.9193231006719803
0.0,0.0,0.0,0.9972678890893631
0.0,0.0,0.0,1.0550440572814708
0.0,0.0,0.0,1.1285432233849642
0.0,0.0,0.0,1.2077365018449497
0.04,0.0,0.0,1.26963512232815
0.63,0.0,0.04,1.3527149817652486
2.42,0.0,0.63,1.7136826297538674
5.07,0.7454875,2.42,2.8089661307592646
7.8100000000000005,3.231303,5.07,4.8478702807198495
13.98,6.8764396,7.8100000000000005,7.066920198487542
21.21,10.971149,13.98,12.165136507305832
25.55,15.599201,21.21,18.250947819385654
28.57,19.744667,25.55,22.058618387672162
31.0,22.93331,28.57,24.613666300831117
35.08,24.868519,31.0,26.503869118146817
33.23,23.945103,35.08,30.534957190004917
31.25,22.35752,33.23,30.388106268780767
28.96,22.316153,31.25,26.80204062334908
26.14,20.3087,28.96,24.143031969473718
22.26,18.517527,26.14,21.19125579635739
15.810000000000002,15.716806,22.26,17.64862727018688
9.15,11.960068,15.810000000000002,12.045355975172999
5.66,6.897171,9.15,6.272045359745137
2.99,3.513851,5.66,3.0810118572985656
0.96,0.42051706,2.99,0.7775212480440274
0.08,0.0,0.96,-0.7291637551820274
0.0,0.0,0.08,-1.182076090204924
0.0,0.0,0.0,-1.1123125557331748
0.0,0.0,0.0,-0.9752192338327716
0.0,0.0,0.0,-0.9034635711874153
0.0,0.0,0.0,-0.8361617908390878
0.0,0.0,0.0,-0.8076255649894701
0.0,0.0,0.0,-0.7464699951523074
0.0,0.0,0.0,-0.66083960290494
0.0,0.0,0.0,-0.4991136866329529
0.0,0.0,0.0,-0.41455505161140316
0.0,0.0,0.0,-0.3417840134004587
0.0,0.0,0.0,-0.27210543941988513
0.0,0.0,0.0,-0.19146335952815036
0.0,0.0,0.0,-0.1438674577527818
0.0,0.0,0.0,-0.12731539958671448
0.0,0.0,0.0,-0.11272935415075729
0.0,0.0,0.0,-0.051334762880943935
0.0,0.0,0.0,-0.046704352323309606
0.0,0.0,0.0,-0.04854097121556218
0.0,0.0,0.0,-0.07693566454309748
0.0,0.0,0.0,-0.08639603370956053
0.0,0.0,0.0,-0.1280532087056363
0.0,0.0,0.0,-0.16347837803049153
0.0,0.0,0.0,-0.2063727455044309
0.0,0.0,0.0,-0.46910380179026984
0.0,0.0,0.0,-0.4751403456252981
0.0,0.0,0.0,-0.5052200835528153
0.0,0.0,0.0,-0.5260324259422164
0.0,0.0,0.0,-0.4795291509355031
0.0,0.0,0.0,-0.4873463152522722
0.0,0.0,0.0,-0.4999525152949047
0.0,0.0,0.0,-0.4901846337808019
0.0,0.0,0.0,-0.46175020912208253
0.0,0.0,0.0,-0.4449564509599876
0.0,0.0,0.0,-0.4152705718902
0.0,0.0,0.0,-0.3859045123443323
0.0,0.0,0.0,-0.33058607112561833
0.0,0.0,0.0,-0.28060539678667273
0.0,0.0,0.0,-0.23186408014164334
0.0,0.0,0.0,-0.19130154380810754
0.0,0.0,0.0,-0.10948053516631438
0.0,0.0,0.0,-0.048130674492887285
0.0,0.0,0.0,0.011060739678830228
0.0,0.0,0.0,0.0671911136156618
0.0,0.0,0.0,0.1522180973134446
0.0,0.0,0.0,0.2139114178389032
0.0,0.0,0.0,0.2864562762017344
0.0,0.0,0.0,0.3558184142571103
0.0,0.0,0.0,0.4306086983092247
0.0,0.0,0.0,0.5103738640402259
0.0,0.0,0.0,0.5878909678372273
0.0,0.0,0.0,0.6649238438304459
0.0,0.0,0.0,0.7496485947548222
0.0,0.0,0.0,0.8199651751124372
0.0,0.0,0.0,0.8942659338285429
0.0,0.0,0.0,0.9659660784946653
0.0,0.0,0.0,1.0292957471372048
0.0,0.0,0.0,1.0993177298631
0.0,0.0,0.0,1.173979601337596
0.02,0.0,0.0,1.2440386728976178
0.56,0.0,0.02,1.315994620964303
2.4,0.0,0.56,1.619570466834342
5.23,0.37161553,2.4,2.738676052166364
8.03,3.0196886,5.23,4.939388125036244
14.24,6.8751125,8.03,7.105424507082654
21.73,11.010635,14.24,12.27250166978813
26.19,15.805407,21.73,18.57373743729237
29.25,20.075312,26.19,22.49602170958238
37.09,23.313526,29.25,25.088739857999155
33.91,24.15361,37.09,32.309839975146836
31.86,22.846313,33.91,31.274362644351406
29.48,22.440538,31.86,27.729848340897078
26.619999999999997,20.306133,29.48,25.10750635158291
22.52,18.65246,26.619999999999997,21.803999426671883
16.09,15.8419285,22.52,18.057446374310736
9.34,12.199467,16.09,12.354975373428779
5.77,6.958118,9.34,6.614650781580334
3.05,3.4954846,5.77,3.3891946527560055
0.8,0.39371955,3.05,0.9815723636342533
0.01,0.0,0.8,-0.7510601857036864
0.0,0.0,0.01,-0.9879109764963798
0.0,0.0,0.0,-1.0923871285293194
0.0,0.0,0.0,-0.9144396068345942
0.0,0.0,0.0,-0.8497776306959255
0.0,0.0,0.0,-0.7731057474861296
0.0,0.0,0.0,-0.7401444257523606
0.0,0.0,0.0,-0.7041517464388025
0.0,0.0,0.0,-0.6173258898984048
0.0,0.0,0.0,-0.48465696700226923
0.0,0.0,0.0,-0.4256152546532298
0.0,0.0,0.0,-0.3512381374786561
0.0,0.0,0.0,-0.29596220777814847
0.0,0.0,0.0,-0.21295767738291477
0.0,0.0,0.0,-0.14926754775885787
0.0,0.0,0.0,-0.1361028184746083
0.0,0.0,0.0,-0.12156641833583788
0.0,0.0,0.0,-0.07147774723083589
0.0,0.0,0.0,-0.07412222410013505
0.0,0.0,0.0,-0.08125184357285556
0.0,0.0,0.0,-0.10919069258357207
0.0,0.0,0.0,-0.11168916827240354
0.0,0.0,0.0,-0.1520466379078253
0.0,0.0,0.0,-0.19378146004145405
0.0,0.0,0.0,-0.2259044731063451
0.0,0.0,0.0,-0.5242390954321812
0.0,0.0,0.0,-0.5333312686670075
0.0,0.0,0.0,-0.5416460164896348
0.0,0.0,0.0,-0.5600661209890372
0.0,0.0,0.0,-0.5370327338884328
0.0,0.0,0.0,-0.5368529228919058
0.0,0.0,0.0,-0.5255204077910244
0.0,0.0,0.0,-0.5336828211767702
0.0,0.0,0.0,-0.5094002866980699
0.0,0.0,0.0,-0.48690563386578206
0.0,0.0,0.0,-0.46406423950388354
0.0,0.0,0.0,-0.4151773576443477
0.0,0.0,0.0,-0.3510403672060285
0.0,0.0,0.0,-0.3181534763049918
0.0,0.0,0.0,-0.2703277966051149
0.0,0.0,0.0,-0.2195491554478044
0.0,0.0,0.0,-0.14224320791027012
0.0,0.0,0.0,-0.07300211834709511
0.0,0.0,0.0,-0.042930997466867835
0.0,0.0,0.0,0.015136580286692104
0.0,0.0,0.0,0.10270074798106754
0.0,0.0,0.0,0.18517554140072226
0.0,0.0,0.0,0.2592941690744276
0.0,0.0,0.0,0.3511433695423952
0.0,0.0,0.0,0.4222738974667066
0.0,0.0,0.0,0.4688355163274123
0.0,0.0,0.0,0.5354536771466751
0.0,0.0,0.0,0.6110814937172366
0.0,0.0,0.0,0.6873633649503474
0.0,0.0,0.0,0.7645034467017477
0.0,0.0,0.0,0.8395807874756482
0.0,0.0,0.0,0.9157115627095906
0.0,0.0,0.0,0.9870753066211175
0.0,0.0,0.0,1.0565700007370913
0.0,0.0,0.0,1.1358859326508068
0.01,0.0,0.0,1.2072326783637481
0.54,0.0,0.01,1.2716637032100713
2.23,0.0,0.54,1.6456152959580608
5.09,0.0,2.23,2.590238160510822
7.79,2.005732,5.09,4.725911448925525
13.669999999999998,5.905065,7.79,6.860979068124864
21.37,10.078564,13.669999999999998,11.717621781060796
24.58,15.107725,21.37,18.165297744180034
31.59,19.279648,24.58,21.051334796784467
30.14,20.596298,31.59,28.29370140184287
30.04,20.509335,30.14,26.52659931483231
27.21,19.68843,30.04,25.96152005385801
23.23,18.335085,27.21,22.632878124766766
16.61,16.56653,23.23,19.00927821010523
9.69,12.932227,16.61,13.292451196938115
6.02,7.999131,9.69,7.161290314164392
3.2400000000000007,4.2320037,6.02,3.8830963890099603
0.98,1.1113815,3.2400000000000007,1.457966233605562
0.08,0.0,0.98,-0.2837410216007835
0.0,0.0,0.08,-0.8267297505244131
0.0,0.0,0.0,-0.719236518515419
0.0,0.0,0.0,-0.7547947378956844
0.0,0.0,0.0,-0.6876465823578357
0.0,0.0,0.0,-0.6587511458481681
0.0,0.0,0.0,-0.6284696682868216
0.0,0.0,0.0,-0.6060233440377184
0.0,0.0,0.0,-0.5346222590922313
0.0,0.0,0.0,-0.4280116965116942
0.0,0.0,0.0,-0.39793862064045443
0.0,0.0,0.0,-0.3838051344273969
0.0,0.0,0.0,-0.3446099558450044
0.0,0.0,0.0,-0.27004743706395307
0.0,0.0,0.0,-0.2520638608865328
0.0,0.0,0.0,-0.1980037666156946
0.0,0.0,0.0,-0.18024955310709245
0.0,0.0,0.0,-0.11653443756967016
0.0,0.0,0.0,-0.10697925367246335
0.0,0.0,0.0,-0.10980860671392992
0.0,0.0,0.0,-0.1503399292350407
0.0,0.0,0.0,-0.1567701330682167
0.0,0.0,0.0,-0.20612609349277625
0.0,0.0,0.0,-0.24972490338230693
0.0,0.0,0.0,-0.28417114125396103
0.0,0.0,0.0,-0.4276753978982001
0.0,0.0,0.0,-0.44514245726761315
0.0,0.0,0.0,-0.46423379222468897
0.0,0.0,0.0,-0.4775094982933839
0.0,0.0,0.0,-0.4495594266941204
0.0,0.0,0.0,-0.4570089623045802
0.0,0.0,0.0,-0.4453005383045744
0.0,0.0,0.0,-0.43574813552017466
0.0,0.0,0.0,-0.3885240313819271
0.0,0.0,0.0,-0.3549865002119589
0.0,0.0,0.0,-0.32853294371544894
0.0,0.0,0.0,-0.299673005709954
0.0,0.0,0.0,-0.2369661127842846
0.0,0.0,0.0,-0.19428026034163173
0.0,0.0,0.0,-0.1486612357169504
0.0,0.0,0.0,-0.10744860777206766
0.0,0.0,0.0,-0.0284671647166692
0.0,0.0,0.0,0.02674408721385392
0.0,0.0,0.0,0.0862055493188475
0.0,0.0,0.0,0.15231550715575254
0.0,0.0,0.0,0.23096747545429708
0.0,0.0,0.0,0.29658489243726655
0.0,0.0,0.0,0.3589060523467597
0.0,0.0,0.0,0.4274670174320065
0.0,0.0,0.0,0.5136838659851203
0.0,0.0,0.0,0.5842424569902565
0.0,0.0,0.0,0.6561691440304073
0.0,0.0,0.0,0.7381599740171808
0.0,0.0,0.0,0.8042177341966739
0.0,0.0,0.0,0.8824168611308889
0.0,0.0,0.0,0.9638365856368349
0.0,0.0,0.0,1.0397100856967714
0.0,0.0,0.0,1.1088588699894566
0.0,0.0,0.0,1.1779699128321355
0.0,0.0,0.0,1.2574000451467195
0.02,0.0,0.0,1.3284852316396998
0.53,0.0,0.02,1.3941635235417555
1.9299999999999997,0.0,0.53,1.8164264902411444
4.48,0.0,1.9299999999999997,2.589953571221272
6.84,1.5619714,4.48,4.561547933276181
12.05,5.3282466,6.84,6.396179950390746
19.42,9.280615,12.05,10.696425692100163
23.6,14.003688,19.42,16.870816682205188
27.11,17.965641,23.6,20.542896019432014
29.799999999999997,21.530672,27.11,23.534771166540413
31.78,23.849102,29.799999999999997,25.638011968542273
32.8,25.395557,31.78,27.201172039690448
34.12,26.142225,32.8,28.04919724005096
38.94,27.263784,34.12,28.92207299787517
31.69,28.91142,38.94,32.92671378720651
31.22,24.779812,31.69,27.363806054825133
27.589999999999996,23.087109,31.22,26.520320572177646
23.55,19.92923,27.589999999999996,22.565597707055574
20.24,16.766266,23.55,18.588255151057687
13.570000000000002,12.716547,20.24,15.74630822403914
7.41,8.297807,13.570000000000002,9.915210021326782
4.42,3.3905213,7.41,4.739320073294239
1.78,0.13149786,4.42,2.0420279220780047
0.54,0.0,1.78,-0.09505302487633205
0.05,0.0,0.54,-0.8385335636369368
0.0,0.0,0.05,-1.213252709164881
0.0,0.0,0.0,-1.2590496075738755
0.0,0.0,0.0,-1.0061683324112745
0.0,0.0,0.0,-0.9635267146429066
0.0,0.0,0.0,-0.8546083246773799
0.0,0.0,0.0,-0.7560056845171588
0.0,0.0,0.0,-0.6639991816730948
0.0,0.0,0.0,-0.5281130946805699
0.0,0.0,0.0,-0.36173801987413945
0.0,0.0,0.0,-0.2867971764345896
0.0,0.0,0.0,-0.21497103562821557
0.0,0.0,0.0,-0.1638414787452993
0.0,0.0,0.0,-0.08808127322318254
0.0,0.0,0.0,-0.015924013902488855
0.0,0.0,0.0,-0.022175090925433127
0.0,0.0,0.0,-0.0013877028870578484
0.0,0.0,0.0,0.02557849686562405
0.0,0.0,0.0,0.02728405418165325
0.0,0.0,0.0,0.02393906630643941
0.0,0.0,0.0,-0.00919831425953456
0.0,0.0,0.0,-0.014282128761732536
0.0,0.0,0.0,-0.06077526305724654
0.0,0.0,0.0,-0.09925980308326254
0.0,0.0,0.0,-0.12963484541941642
0.0,0.0,0.0,-0.2622714539691935
0.0,0.0,0.0,-0.2827906936008859
0.0,0.0,0.0,-0.30495439269018176
0.0,0.0,0.0,-0.33640769127325776
0.0,0.0,0.0,-0.30717059681205117
0.0,0.0,0.0,-0.3054208872665727
0.0,0.0,0.0,-0.3068058850582572
0.0,0.0,0.0,-0.29481012168349613
0.0,0.0,0.0,-0.22478664225321388
0.0,0.0,0.0,-0.23060637750510032
0.0,0.0,0.0,-0.2014477518330983
0.0,0.0,0.0,-0.1680641495795301
0.0,0.0,0.0,-0.1128515341098802
0.0,0.0,0.0,-0.07728017899623872
0.0,0.0,0.0,-0.025322527383214027
0.0,0.0,0.0,0.02687835484287901
0.0,0.0,0.0,0.11183499036004213
0.0,0.0,0.0,0.16517186340679857
0.0,0.0,0.0,0.21956176841740305
0.0,0.0,0.0,0.277486008020128
0.0,0.0,0.0,0.3535682751174161
0.0,0.0,0.0,0.4221357361216038
0.0,0.0,0.0,0.4871532724954546
0.0,0.0,0.0,0.5572842504439999
0.0,0.0,0.0,0.6338764412222864
0.0,0.0,0.0,0.712321714047553
0.0,0.0,0.0,0.7856998152916418
0.0,0.0,0.0,0.861842655209614
0.0,0.0,0.0,0.9356437237398681
0.0,0.0,0.0,1.019813759074892
0.0,0.0,0.0,1.1059005213399817
0.0,0.0,0.0,1.1920232061716605
0.0,0.0,0.0,1.2583405807119943
0.0,0.0,0.0,1.3384689367265956
0.0,0.0,0.0,1.4028090268232394
0.0,0.0,0.0,1.457433878156456
0.07,0.0,0.0,1.5256535497435728
0.8100000000000002,0.0,0.07,1.6480125250659032
2.33,0.0,0.8100000000000002,2.3289572555342657
3.84,0.0,2.33,3.656756544089175
7.35,0.82773197,3.84,4.987585107002962
8.9,3.570299,7.35,7.973037287107563
13.200000000000001,6.3352814,8.9,9.113839727054604
18.48,8.429757,13.200000000000001,12.941502084575962
22.21,12.61536,18.48,17.14267565054164
22.78,16.447916,22.21,20.05906858801285
23.28,16.9551,22.78,20.9498264919873
23.01,17.345615,23.28,21.32098303091553
25.81,17.567522,23.01,20.82038481076981
27.529999999999998,18.013897,25.81,23.07782052352033
29.86,19.583818,27.529999999999998,24.304405936430552
22.06,21.907246,29.86,26.09307151621717
20.7,20.276266,22.06,19.55098690689413
24.55,16.816086,20.7,18.53280866405216
28.07,17.83951,24.55,21.081456104521234
37.41,18.455904,28.07,24.048089214784323
36.71,23.762295,37.41,31.090861020258732
33.41,25.027462,36.71,30.558765144208266
26.340000000000003,24.294527,33.41,27.922694545115135
31.540000000000003,20.154911,26.340000000000003,21.937544046834656
26.810000000000002,19.795612,31.540000000000003,25.536019982718607
21.14,17.07551,26.810000000000002,21.61984154221409
26.890000000000004,14.66116,21.14,17.31981259653602
25.75,13.92411,26.890000000000004,21.6453847432728
22.62,13.38591,25.75,20.367971597491042
18.73,11.919199,22.62,17.77338785947388
12.4,9.345565,18.73,14.548708260366894
7.82,5.699333,12.4,8.87312840571115
4.79,2.3862169,7.82,4.930991772243331
2.65,0.0,4.79,2.1018759800886966
0.98,0.0,2.65,0.46502972793924235
0.09,0.0,0.98,-0.5141430425988053
0.0,0.0,0.09,-1.1202209300412589
0.0,0.0,0.0,-0.9373746686241379
0.0,0.0,0.0,-0.7034893151775714
0.0,0.0,0.0,-0.7079325954992333
0.0,0.0,0.0,-0.6514296485354516
0.0,0.0,0.0,-0.5676262565016237
0.0,0.0,0.0,-0.4619684352272668
0.0,0.0,0.0,-0.3211565454551854
0.0,0.0,0.0,-0.1267621416563291
0.0,0.0,0.0,-0.04176163913706711
0.0,0.0,0.0,0.0011246091360238297
0.0,0.0,0.0,0.007935674339304422
0.0,0.0,0.0,0.10122422841938386
0.0,0.0,0.0,0.08863485434633875
0.0,0.0,0.0,0.058674203667521616
0.0,0.0,0.0,0.08576139504551608
0.0,0.0,0.0,0.14435477179547024
0.0,0.0,0.0,0.1377584360834813
0.0,0.0,0.0,0.13320826485974135
0.0,0.0,0.0,0.08842013114031111
0.0,0.0,0.0,0.09162706573519838
0.0,0.0,0.0,0.03995858650950087
0.0,0.0,0.0,-0.009657602244544754
0.0,0.0,0.0,-0.04370885272539683
0.0,0.0,0.0,-0.23378087836227676
0.0,0.0,0.0,-0.26670927811118134
0.0,0.0,0.0,-0.27103580495568236
0.0,0.0,0.0,-0.2757578889303839
0.0,0.0,0.0,-0.25374934265912086
0.0,0.0,0.0,-0.2517299973494196
0.0,0.0,0.0,-0.2545367876241777
0.0,0.0,0.0,-0.24369280356967699
0.0,0.0,0.0,-0.19218959670182362
0.0,0.0,0.0,-0.1693954233041431
0.0,0.0,0.0,-0.14179767949466132
0.0,0.0,0.0,-0.11646887152287587
0.0,0.0,0.0,-0.054525787205842585
0.0,0.0,0.0,-0.022194944232722946
0.0,0.0,0.0,0.02278756320479563
0.0,0.0,0.0,0.07589581296743811
0.0,0.0,0.0,0.14799984225305
0.0,0.0,0.0,0.20194890677110236
0.0,0.0,0.0,0.25958364393317157
0.0,0.0,0.0,0.32734849304356595
0.0,0.0,0.0,0.41418234439457996
0.0,0.0,0.0,0.48691470755863364
0.0,0.0,0.0,0.5533876788341016
0.0,0.0,0.0,0.6235145224898819
0.0,0.0,0.0,0.6964821369414197
0.0,0.0,0.0,0.7710538381118924
0.0,0.0,0.0,0.8593399714524999
0.0,0.0,0.0,0.9378204257395568
0.0,0.0,0.0,1.0118833526041016
0.0,0.0,0.0,1.0923231897679524
0.0,0.0,0.0,1.1631181552769236
0.0,0.0,0.0,1.2432621900311671
0.0,0.0,0.0,1.3037355952163763
0.0,0.0,0.0,1.3753237549782167
0.0,0.0,0.0,1.450884485739701
0.0,0.0,0.0,1.5165058961742266
0.31,0.0,0.0,1.5723637708656208
1.32,0.0,0.31,1.8944230301993559
2.93,0.0,1.32,2.682508862236289
4.86,1.4115765,2.93,3.9417633184758905
8.38,4.323544,4.86,5.443511662987062
14.180000000000001,7.2323747,8.38,8.369585994870496
18.62,10.987936,14.180000000000001,13.207723825345836
22.03,14.61829,18.62,17.036414019112335
25.05,17.881676,22.03,19.96293255131138
27.29,20.110804,25.05,22.420746644080037
29.24,21.73541,27.29,24.220016155646533
31.180000000000003,23.014233,29.24,25.767797839212154
32.97,24.55023,31.180000000000003,27.22664234490845
34.33,26.019657,32.97,28.57453162909097
35.25,27.452827,34.33,29.522819625845408
35.72,28.529793,35.25,30.11270925022146
36.11,28.953045,35.72,30.32086666465682
35.87,28.99144,36.11,30.42443897040097
35.53,28.455872,35.87,29.960307403601828
33.26,27.72511,35.53,29.392002085618685
34.94,25.474304,33.26,27.611561265613826
34.6,25.379585,34.94,28.51116203980896
33.31,24.576052,34.6,27.99656246628772
31.97,23.584576,33.31,26.784602298635964
30.4,21.69928,31.97,25.470182707164803
28.660000000000004,19.735765,30.4,23.96270122676578
26.39,17.523602,28.660000000000004,22.8859852659421
23.99,15.444343,26.39,20.989010932778996
20.84,13.055995,23.99,18.360609656582326
17.18,10.625648,20.84,15.508090131948837
12.25,7.9947248,17.18,12.450054396982724
7.03,4.9025416,12.25,8.33976885164559
4.23,1.5298605,7.03,4.042448858382741
2.31,0.0,4.23,1.6734122013863928
0.91,0.0,2.31,0.14750795440914843
0.07,0.0,0.91,-0.7867594006597576
0.0,0.0,0.07,-1.2595083129491813
0.0,0.0,0.0,-1.141804658851666
0.0,0.0,0.0,-0.9467949528223312
0.0,0.0,0.0,-0.7839008620809801
0.0,0.0,0.0,-0.6403340134515878
0.0,0.0,0.0,-0.5126026089501752
0.0,0.0,0.0,-0.3892696939332887
0.0,0.0,0.0,-0.2657205049874628
0.0,0.0,0.0,-0.11983961333893942
0.0,0.0,0.0,-0.03150336433682538
0.0,0.0,0.0,0.023182129177721535
0.0,0.0,0.0,0.06307096951222307
0.0,0.0,0.0,0.11366227572110511
0.0,0.0,0.0,0.12558763168375886
0.0,0.0,0.0,0.12738541086604657
0.0,0.0,0.0,0.1371596121791753
0.0,0.0,0.0,0.17282877672553065
0.0,0.0,0.0,0.15750775703173397
0.0,0.0,0.0,0.15431533847389944
0.0,0.0,0.0,0.14107765151573012
0.0,0.0,0.0,0.14579102927428905
0.0,0.0,0.0,0.0894832896351231
0.0,0.0,0.0,0.06504819231043166
0.0,0.0,0.0,0.03500017150809536
0.0,0.0,0.0,-0.4508325620172154
0.0,0.0,0.0,-0.49729908288544433
0.0,0.0,0.0,-0.5122542751472728
0.0,0.0,0.0,-0.5252974094794166
0.0,0.0,0.0,-0.49691715651614154
0.0,0.0,0.0,-0.5008889108546969
0.0,0.0,0.0,-0.5078352653100197
0.0,0.0,0.0,-0.508177233874434
0.0,0.0,0.0,-0.45865607278843223
0.0,0.0,0.0,-0.4467565574416313
0.0,0.0,0.0,-0.42261926209920425
0.0,0.0,0.0,-0.39142543082383785
0.0,0.0,0.0,-0.3236714203924032
0.0,0.0,0.0,-0.2810911287923493
0.0,0.0,0.0,-0.23223072951841783
0.0,0.0,0.0,-0.18324945525637626
0.0,0.0,0.0,-0.10906952004358199
0.0,0.0,0.0,-0.05849136415021702
0.0,0.0,0.0,0.009266181954293434
0.0,0.0,0.0,0.06602607890800437
0.0,0.0,0.0,0.14599883729364999
0.0,0.0,0.0,0.2123891160002521
0.0,0.0,0.0,0.2857025868307368
0.0,0.0,0.0,0.3594666315890935
0.0,0.0,0.0,0.43801278600727156
0.0,0.0,0.0,0.5191718463053894
0.0,0.0,0.0,0.5946300237523421
0.0,0.0,0.0,0.6716886857459261
0.0,0.0,0.0,0.7456374479423034
0.0,0.0,0.0,0.8137307107275983
0.0,0.0,0.0,0.8935812847714384
0.0,0.0,0.0,0.9651804511892857
0.0,0.0,0.0,1.0388952351414646
0.0,0.0,0.0,1.112787666508244
0.0,0.0,0.0,1.1848421562432754
0.0,0.0,0.0,1.2573246959250326
0.38,0.0,0.0,1.3168197717360224
1.52,0.0,0.38,1.6870649292160294
3.74,0.0,1.52,2.4718570735233834
5.86,0.35405228,3.74,4.079994813119704
9.79,4.0090313,5.86,5.723494740547187
16.63,7.522314,9.79,8.97105607649513
21.45,11.964239,16.63,14.669319983611977
25.0,16.193283,21.45,18.834110531582077
27.92,20.015574,25.0,21.85278116763566
30.53,22.45487,27.92,24.19253843445443
31.34,24.18252,30.53,26.25695671178203
25.31,25.280699,31.34,26.801644612674647
30.3,24.159786,25.31,21.605964783000065
33.53,23.10486,30.3,25.250473337531087
31.81,22.643393,33.53,27.752643453863236
19.44,22.097523,31.81,26.58576695868531
20.64,17.530697,19.44,16.791554412760124
23.2,15.103091,20.64,16.629094477518258
20.17,13.40833,23.2,18.12611531571401
14.63,11.387683,20.17,15.622524170386148
8.41,8.451426,14.63,10.931948134963676
5.01,3.9781227,8.41,5.5148954973427085
2.77,0.59361565,5.01,2.7123040110889063
1.0,0.0,2.77,0.7319313628770641
0.09,0.0,1.0,-0.5946352162726237
0.0,0.0,0.09,-1.2300742667682398
0.0,0.0,0.0,-1.2612951135405073
0.0,0.0,0.0,-1.1214749386125378
0.0,0.0,0.0,-0.8320435580607008
0.0,0.0,0.0,-0.8040973567364443
0.0,0.0,0.0,-0.8225890786308039
0.0,0.0,0.0,-0.7347335752618499
0.0,0.0,0.0,-0.6199550817034639
0.0,0.0,0.0,-0.453040871560486
0.0,0.0,0.0,-0.3675642385359942
0.0,0.0,0.0,-0.3035383584665572
0.0,0.0,0.0,-0.2993771237636472
0.0,0.0,0.0,-0.2089525361947262
0.0,0.0,0.0,-0.17234857021841654
0.0,0.0,0.0,-0.15201248979144316
0.0,0.0,0.0,-0.21219980188339033
0.0,0.0,0.0,-0.1802381345951544
0.0,0.0,0.0,-0.1581244327944497
0.0,0.0,0.0,-0.1627851873933349
0.0,0.0,0.0,-0.1989992949298358
0.0,0.0,0.0,-0.20860110002253046
0.0,0.0,0.0,-0.24204897954106136
0.0,0.0,0.0,-0.28525946596710194
0.0,0.0,0.0,-0.330652504502419
0.0,0.0,0.0,-0.38593725420493635
0.0,0.0,0.0,-0.40612289218083136
0.0,0.0,0.0,-0.4296150506536759
0.0,0.0,0.0,-0.4379655813344055
0.0,0.0,0.0,-0.3975675002039086
0.0,0.0,0.0,-0.391522455529842
0.0,0.0,0.0,-0.3825686922475757
0.0,0.0,0.0,-0.3689655160513474
0.0,0.0,0.0,-0.31967309773580227
0.0,0.0,0.0,-0.3006590490665907
0.0,0.0,0.0,-0.2705511084369592
0.0,0.0,0.0,-0.2433909557948838
0.0,0.0,0.0,-0.1830088667266711
0.0,0.0,0.0,-0.146390879354949
0.0,0.0,0.0,-0.09262301470417816
0.0,0.0,0.0,-0.04635481464452737
0.0,0.0,0.0,0.034167504975105706
0.0,0.0,0.0,0.0901928890060284
0.0,0.0,0.0,0.1432833935380873
0.0,0.0,0.0,0.21701073327247342
0.0,0.0,0.0,0.2982705150208053
0.0,0.0,0.0,0.3669941242755841
0.0,0.0,0.0,0.4406920729011943
0.0,0.0,0.0,0.5063120473851561
0.0,0.0,0.0,0.5746464165125795
0.0,0.0,0.0,0.6506277711902202
0.0,0.0,0.0,0.7303608816333222
0.0,0.0,0.0,0.8013221705253539
0.0,0.0,0.0,0.8683890856065922
0.0,0.0,0.0,0.949213023369134
0.0,0.0,0.0,1.0267386079226979
0.0,0.0,0.0,1.0941904328441219
0.0,0.2167582,0.0,1.1647827765147456
0.0,0.21882947,0.0,1.2421940739823811
0.0,0.0,0.0,1.3050332725192961
0.0,0.0,0.0,1.3770345807430264
0.38,0.11833604,0.0,1.435082826019765
1.44,0.39399633,0.38,1.7954965054981131
3.4000000000000004,1.3118069,1.44,2.506170163121303
5.49,3.1262298,3.4000000000000004,3.9790805312596293
9.24,6.2536373,5.49,5.595005949151338
15.8,9.3627,9.24,8.671607540415255
20.56,13.120544,15.8,14.168477991791855
23.51,16.647573,20.56,18.27852451102297
26.14,19.730143,23.51,20.85642912178264
28.660000000000004,21.985916,26.14,22.986123149741704
30.769999999999996,23.514101,28.660000000000004,24.958574118213743
32.48,24.751251,30.769999999999996,26.62702325052121
32.98,26.227823,32.48,27.83718160988532
34.49,27.146208,32.98,28.126118178052117
32.16,28.046215,34.49,29.19476319538038
30.39,27.68487,32.16,27.13680372449163
35.87,27.06691,30.39,25.414826372429577
35.54,26.233568,35.87,30.221210763636098
37.27,27.951014,35.54,29.118882149836487
37.64,28.512838,37.27,30.419029489697667
37.73,27.795528,37.64,30.631913211030792
36.68,27.159348,37.73,30.53807794527481
35.64,25.866777,36.68,29.55443241262551
34.15,24.812605,35.64,28.317009902127054
30.510000000000005,22.903965,34.15,26.938009500922398
20.93,20.83159,30.510000000000005,23.698128155800056
18.9,16.521475,20.93,15.533480747681782
12.590000000000002,13.16541,18.9,14.357142892072094
9.43,8.798888,12.590000000000002,8.470150937425435
10.46,5.826404,9.43,5.42334363482293
8.31,3.9360397,10.46,6.482750730703763
3.55,2.3826628,8.31,4.879686890970852
2.34,0.0,3.55,1.3785775870433947
1.86,0.0,2.34,0.5720643401890407
0.39,0.0,1.86,0.09684639759841018
0.02,0.0,0.39,-0.8716703890315827
0.0,0.0,0.02,-1.1386781587799772
0.0,0.0,0.0,-1.0406378161227858
0.0,0.0,0.0,-0.694078728418053
0.0,0.0,0.0,-0.6094938290830902
0.0,0.0,0.0,-0.44604950381215214
0.0,0.0,0.0,-0.30322318089879563
0.0,0.0,0.0,-0.2926907551323618
0.0,0.0,0.0,-0.215406653416058
0.0,0.0,0.0,-0.06622160589974738
0.0,0.0,0.0,-0.009443773287295607
0.0,0.0,0.0,0.02400365882420808
0.0,0.0,0.0,0.08470418328236864
0.0,0.0,0.0,0.15078117157372675
0.0,0.0,0.0,0.1572102619393707
0.0,0.0,0.0,0.12272687124445722
0.0,0.0,0.0,0.10696829987142248
0.0,0.0,0.0,0.0954265404375135
0.0,0.0,0.0,0.05664753838373962
0.0,0.0,0.0,0.03251411132478774
0.0,0.0,0.0,-0.008507827079494955
0.0,0.0,0.0,-0.025644088159530384
0.0,0.0,0.0,-0.05129279282896464
0.0,0.0,0.0,-0.07045440919465282
0.0,0.0,0.0,-0.0986312327416649
0.0,0.0,0.0,-0.3963510076957104
0.0,0.0,0.0,-0.4094859605305843
0.0,0.0,0.0,-0.42600643194563514
0.0,0.0,0.0,-0.4273437670332853
0.0,0.0,0.0,-0.3760211418910992
0.0,0.0,0.0,-0.34867614189555174
0.0,0.0,0.0,-0.33474757560551793
0.0,0.0,0.0,-0.31220686227333705
0.0,0.0,0.0,-0.2553822398717077
0.0,0.0,0.0,-0.2425669020532092
0.0,0.0,0.0,-0.2098759837667795
0.0,0.0,0.0,-0.18309572472974023
0.0,0.0,0.0,-0.11702908550205691
0.0,0.0,0.0,-0.08596805669791006
0.0,0.0,0.0,-0.04461008890948581
0.0,0.0,0.0,0.002443123406964398
0.0,0.0,0.0,0.06715918571420752
0.0,0.0,0.0,0.12285138402631496
0.0,0.0,0.0,0.1716762120114715
0.0,0.0,0.0,0.2350821241534207
0.0,0.0,0.0,0.31402962973346055
0.0,0.0,0.0,0.38326876521453146
0.0,0.0,0.0,0.44751475244265965
0.0,0.0,0.0,0.5147934894697528
0.0,0.0,0.0,0.6019142846828273
0.0,0.0,0.0,0.6747987645877551
0.0,0.0,0.0,0.741704834607859
0.0,0.0,0.0,0.8181097193550143
0.0,0.0,0.0,0.8894766058023085
0.0,0.0,0.0,0.9666509292237313
0.0,0.0,0.0,1.0429954124180574
0.0,0.0,0.0,1.115878383511771
0.0,0.0,0.0,1.1850529555692968
0.0,0.0,0.0,1.2483166081977553
0.0,0.0,0.0,1.3254431047117088
0.0,0.0,0.0,1.3890225520987416
0.31,0.0,0.0,1.4479571474529975
1.37,0.0,0.31,1.736372944704415
3.73,0.5118109,1.37,2.332858815640998
5.94,2.7443788,3.73,4.024177201029393
10.1,6.337571,5.94,5.739092238469167
17.11,9.598787,10.1,9.162260915564147
21.84,13.466599,17.11,15.077693741728682
24.92,16.93846,21.84,19.284504933604254
27.79,20.43602,24.92,21.934087196883482
30.349999999999998,22.809172,27.79,24.286496391483936
32.23,24.509827,30.349999999999998,26.288433361394215
33.59,25.822535,32.23,27.720127712056176
32.47,27.082867,33.59,28.732339095600235
18.34,27.137173,32.47,27.91290781652127
17.01,19.629993,18.34,17.189532885135208
18.51,16.46863,17.01,15.404451050720514
25.790000000000003,15.675301,18.51,16.137129726489295
24.12,19.751093,25.790000000000003,21.72056597712073
22.38,20.195393,24.12,20.32928022148003
23.14,20.342518,22.38,18.48369066291864
25.46,16.900608,23.14,19.696034323351785
28.559999999999995,18.052309,25.46,20.646524678170213
34.28,18.551651,28.559999999999995,22.993896961455196
33.68,20.56127,34.28,27.553248738074032
32.65,20.707226,33.68,27.1909757458329
30.9,20.489853,32.65,26.29085075612869
28.84,19.040085,30.9,24.87272979218177
25.88,17.41041,28.84,23.806290147537258
19.95,15.253225,25.88,20.48880095974448
13.16,12.389022,19.95,14.94978431173255
6.79,7.1054378,13.16,9.677363676926841
4.67,2.9049027,6.79,4.411143846322307
3.84,0.0,4.67,2.573491165856523
1.17,0.0,3.84,1.5458410561272506
0.11,0.0,1.17,-0.3074232874502647
0.0,0.0,0.11,-1.1001849977657032
0.0,0.0,0.0,-1.042157511715791
0.0,0.0,0.0,-0.8549709585006924
0.0,0.0,0.0,-0.8284241618242788
0.0,0.0,0.0,-0.7991288156781274
0.0,0.0,0.0,-0.6771784439273228
0.0,0.0,0.0,-0.49826035317581086
0.0,0.0,0.0,-0.3754216458654178
0.0,0.0,0.0,-0.2727643386411852
0.0,0.0,0.0,-0.229596673594527
0.0,0.0,0.0,-0.20538309309925812
0.0,0.0,0.0,-0.12908703627996615
0.0,0.0,0.0,-0.06818144264096604
0.0,0.0,0.0,-0.005169377683096957
0.0,0.0,0.0,0.021905150446023883
0.0,0.0,0.0,0.03837435529802889
0.0,0.0,0.0,0.040089302502763734
0.0,0.0,0.0,0.07511566192217323
0.0,0.0,0.0,0.04871695303568981
0.0,0.0,0.0,0.012787205505316625
0.0,0.0,0.0,-0.038095200837360774
0.0,0.0,0.0,-0.04250221384628668
0.0,0.0,0.0,-0.0808018983650953
0.0,0.0,0.0,-0.13076344219549174
0.0,0.0,0.0,-0.15546534263936007
0.0,0.0,0.0,-0.606647117539897
0.0,0.0,0.0,-0.6329235384087473
0.0,0.0,0.0,-0.6387897425085439
0.0,0.0,0.0,-0.651925196295337
0.0,0.0,0.0,-0.6151598456513162
0.0,0.0,0.0,-0.618954433408183
0.0,0.0,0.0,-0.6089204562624504
0.0,0.0,0.0,-0.5962661087427629
0.0,0.0,0.0,-0.546825732707023
0.0,0.0,0.0,-0.5241492943197784
0.0,0.0,0.0,-0.4935466951912555
0.0,0.0,0.0,-0.47259340785841475
0.0,0.0,0.0,-0.39807528519083707
0.0,0.0,0.0,-0.35781099013590667
0.0,0.0,0.0,-0.3168617112317574
0.0,0.0,0.0,-0.2605038948681838
0.0,0.0,0.0,-0.18204068547027843
0.0,0.0,0.0,-0.12328880020985589
0.0,0.0,0.0,-0.06214278787148343
0.0,0.0,0.0,-0.0017617350999662648
0.0,0.0,0.0,0.08598823875146586
0.0,0.0,0.0,0.1464335107476511
0.0,0.0,0.0,0.20707567627540996
0.0,0.0,0.0,0.2832876663921801
0.0,0.0,0.0,0.3600575870281968
0.0,0.0,0.0,0.4400606208615647
0.0,0.0,0.0,0.5131777634304211
0.0,0.0,0.0,0.5928069899796897
0.0,0.0,0.0,0.666642151362044
0.0,0.0,0.0,0.7499181685330122
0.0,0.0,0.0,0.8227852061484502
0.0,0.0,0.0,0.8969676503751557
0.0,0.0,0.0,0.9631634192331123
0.0,0.0,0.0,1.0361658167800452
0.0,0.0,0.0,1.1065160881284848
0.0,0.0,0.0,1.1785176965559758
0.28,0.0,0.0,1.2360598222166956
1.37,0.0,0.28,1.4972396038013602
3.84,0.0,1.37,2.1162957559987277
6.280000000000001,0.95801353,3.84,3.8918948594121914
10.65,4.7240233,6.280000000000001,5.782936523491367
17.99,8.451794,10.65,9.404037978483146
23.57,13.132811,17.99,15.487898986919163
27.32,17.89825,23.57,20.310646151054932
29.98,21.848597,27.32,23.54990098388971
34.77,24.31578,29.98,25.651101062363058
33.43,23.708551,34.77,29.597964318565893
31.52,22.730953,33.43,29.53780811467468
29.25,21.96588,31.52,27.546855398780334
26.49,20.164787,29.25,24.735569626745313
22.93,18.373796,26.49,22.046579718404136
17.11,15.844861,22.93,18.348879897211912
10.07,12.396354,17.11,13.2691193552132
6.12,7.3023887,10.07,7.326953147950366
3.45,3.7314925,6.12,3.5869446194649823
1.19,0.6585776,3.45,1.1640394139057597
0.12,0.0,1.19,-0.5764577477834543
0.0,0.0,0.12,-1.217675724381416
0.0,0.0,0.0,-1.2308264552521666
0.0,0.0,0.0,-1.0977631921211095
0.0,0.0,0.0,-1.0105579334390518
0.0,0.0,0.0,-0.9415691143249104
0.0,0.0,0.0,-0.9058442800238521
0.0,0.0,0.0,-0.8672256585628202
0.0,0.0,0.0,-0.7960324018245251
0.0,0.0,0.0,-0.6484946182184491
0.0,0.0,0.0,-0.5648853144422196
0.0,0.0,0.0,-0.49823498347873857
0.0,0.0,0.0,-0.4291437976177318
0.0,0.0,0.0,-0.3565809876447078
0.0,0.0,0.0,-0.3057125003311425
0.0,0.0,0.0,-0.2878418557373086
0.0,0.0,0.0,-0.26297317847769447
0.0,0.0,0.0,-0.2151243183218514
0.0,0.0,0.0,-0.20564281438773224
0.0,0.0,0.0,-0.214113238480243
0.0,0.0,0.0,-0.23881889060005967
0.0,0.0,0.0,-0.2432857987777544
0.0,0.0,0.0,-0.28097644843864955
0.0,0.0,0.0,-0.31489427569027717
0.0,0.0,0.0,-0.3518293215901344
0.0,0.0,0.0,-0.6440516708719007
0.0,0.0,0.0,-0.6564121577125388
0.0,0.0,0.0,-0.6797306429019722
0.0,0.0,0.0,-0.6812032737919953
0.0,0.0,0.0,-0.6502525697761042
0.0,0.0,0.0,-0.6386660482019392
0.0,0.0,0.0,-0.6355098976022905
0.0,0.0,0.0,-0.6246488177575757
0.0,0.0,0.0,-0.579875179801851
0.0,0.0,0.0,-0.5482571837602448
0.0,0.0,0.0,-0.5259380077907293
0.0,0.0,0.0,-0.49863831547049575
0.0,0.0,0.0,-0.4357953041810459
0.0,0.0,0.0,-0.3846527848410102
0.0,0.0,0.0,-0.3491343519166315
0.0,0.0,0.0,-0.28978912757288633
0.0,0.0,0.0,-0.2167648051848263
0.0,0.0,0.0,-0.15957808551191022
0.0,0.0,0.0,-0.09727973048127905
0.0,0.0,0.0,-0.03634176754393863
0.0,0.0,0.0,0.04051302132679242
0.0,0.0,0.0,0.11377357239457775
0.0,0.0,0.0,0.18398231408783516
0.0,0.0,0.0,0.2677054904614543
0.0,0.0,0.0,0.34406619507108566
0.0,0.0,0.0,0.4109968254808763
0.0,0.0,0.0,0.49045635253737435
0.0,0.0,0.0,0.5698240205913625
0.0,0.0,0.0,0.6502422571903161
0.0,0.0,0.0,0.732872915222477
0.0,0.0,0.0,0.7971104806154108
0.0,0.0,0.0,0.869103004277386
0.0,0.0,0.0,0.9305096794114734
0.0,0.0,0.0,1.0036345826825734
0.0,0.0,0.0,1.077630748034045
0.0,0.0,0.0,1.1522026208655
0.22999999999999998,0.0,0.0,1.2084453100162793
1.41,0.0,0.22999999999999998,1.3799802064490294
4.21,0.0,1.41,1.9465995969318444
6.6000000000000005,0.83420503,4.21,3.9967060980584015
10.94,4.6589913,6.6000000000000005,5.8797754864163725
18.41,8.381319,10.94,9.48198211771752
23.7,12.990968,18.41,15.728919410912773
27.190000000000005,17.981812,23.7,20.312316253023532
29.95,22.082645,27.190000000000005,23.32622582169558
34.2,24.386898,29.95,25.546548075474636
32.19,23.430168,34.2,29.00866572877018
29.799999999999997,22.211132,32.19,28.31154695616248
27.169999999999998,20.67184,29.799999999999997,25.630496784197444
23.67,19.132038,27.169999999999998,22.371314723602165
17.91,16.72935,23.67,19.075134552556772
10.69,13.23266,17.91,14.0858674345262
6.5,8.172892,10.69,7.90956780145291
3.83,4.268482,6.5,4.3622053450785625
1.34,1.3692058,3.83,1.5090659570764664
0.17,0.0,1.34,-0.47113955008860064
0.0,0.0,0.17,-1.2477797167350326
0.0,0.0,0.0,-1.0995861496536918
0.0,0.0,0.0,-1.0842971997055089
0.0,0.0,0.0,-0.9950207726519361
0.0,0.0,0.0,-0.922627157438062
0.0,0.0,0.0,-0.8930838780681627
0.0,0.0,0.0,-0.8689850237635112
0.0,0.0,0.0,-0.7978652266693753
0.0,0.0,0.0,-0.6732582522606341
0.0,0.0,0.0,-0.6192862644312445
0.0,0.0,0.0,-0.5550696712796788
0.0,0.0,0.0,-0.48316128776232303
0.0,0.0,0.0,-0.4075435162872183
0.0,0.0,0.0,-0.379443429940737
0.0,0.0,0.0,-0.3379669594622509
0.0,0.0,0.0,-0.31821435398068154
0.0,0.0,0.0,-0.26274858133124684
0.0,0.0,0.0,-0.2476459653811342
0.0,0.0,0.0,-0.24680825366632034
0.0,0.0,0.0,-0.2766916755087341
0.0,0.0,0.0,-0.28648839267032755
0.0,0.0,0.0,-0.3164074553793566
0.0,0.0,0.0,-0.35263206317063533
0.0,0.0,0.0,-0.394550588071289
0.0,0.0,0.0,-0.3835089937416901
0.0,0.0,0.0,-0.40106939113122786
0.0,0.0,0.0,-0.41209627802011106
0.0,0.0,0.0,-0.4149947216016043
0.0,0.0,0.0,-0.37922932184461733
0.0,0.0,0.0,-0.37824695432906175
0.0,0.0,0.0,-0.361098030186937
0.0,0.0,0.0,-0.3421858767896573
0.0,0.0,0.0,-0.3006818095409175
0.0,0.0,0.0,-0.2717941485769704
0.0,0.0,0.0,-0.2466222454160033
0.0,0.0,0.0,-0.21197108595890496
0.0,0.0,0.0,-0.1487355558458997
0.0,0.0,0.0,-0.11743338607097184
0.0,0.0,0.0,-0.061981270317683704
0.0,0.0,0.0,-0.011581324022963586
0.0,0.0,0.0,0.057042252850228285
0.0,0.0,0.0,0.11151537119515556
0.0,0.0,0.0,0.17366648229095066
0.0,0.0,0.0,0.23729680163779748
0.0,0.0,0.0,0.31559094362867085
0.0,0.0,0.0,0.3813238747844441
0.0,0.0,0.0,0.4551487998486169
0.0,0.0,0.0,0.5339645472984353
0.0,0.0,0.0,0.6116209680008717
0.0,0.0,0.0,0.6891768067982511
0.0,0.0,0.0,0.7571212050335117
0.0,0.0,0.0,0.8466326999623063
0.0,0.0,0.0,0.9208399005517778
0.0,0.0,0.0,1.0004874711947713
0.0,0.0,0.0,1.0763259847538535
0.0,0.0,0.0,1.1602596489871395
0.0,0.0,0.0,1.2351356804809719
0.0,0.0,0.0,1.310214134149008
0.0,0.0,0.0,1.3816405987435614
0.0,0.0,0.0,1.4505078553779593
0.1,0.0,0.0,1.511527876807847
1.02,0.0,0.1,1.6523754533205772
2.65,0.0,1.02,2.4775333771501185
4.39,0.0,2.65,3.623230418656497
7.53,3.131849,4.39,4.989723706847596
13.74,5.6723757,7.53,7.696511128032949
18.51,9.627141,13.74,12.783983145780242
20.63,13.879827,18.51,16.827453794278025
23.17,16.93928,20.63,18.741784260921875
25.08,18.823683,23.17,20.877454122633853
25.96,20.03532,25.08,22.379617814014345
28.07,20.621649,25.96,23.170689690225863
28.73,22.16341,28.07,24.72160074755768
30.31,23.01161,28.73,25.283195309057216
32.54,24.534985,30.31,26.40125807239222
35.27,26.054487,32.54,27.979134701396426
36.16,27.542274,35.27,29.964025132242668
35.34,28.28793,36.16,30.575528027873034
29.410000000000004,27.901974,35.34,29.791982185646816
35.0,25.405535,29.410000000000004,24.81420500485555
35.32,25.251596,35.0,28.95671096255977
34.07,25.233143,35.32,28.783090794515687
33.82,24.825596,34.07,27.718162097154963
32.9,23.75679,33.82,27.27717745023448
31.620000000000005,21.88777,32.9,26.88474031606115
29.62,20.068869,31.620000000000005,26.163752063541835
27.399999999999995,18.421244,29.62,23.996695079513174
24.9,16.488012,27.399999999999995,22.003406510874157
22.16,13.980082,24.9,19.105603215473543
18.88,11.651911,22.16,16.500792365821038
14.01,9.196265,18.88,13.695520748914458
8.31,5.9812007,14.01,9.86484365321435
4.87,2.7094386,8.31,4.895060234919068
2.83,0.08246149,4.87,1.9698288189400281
1.19,0.0,2.83,0.33059942382820395
0.2,0.0,1.19,-0.8231373387501462
0.0,0.0,0.2,-1.3705360511502618
0.0,0.0,0.0,-1.3429145681469246
0.0,0.0,0.0,-1.1524028652665295
0.0,0.0,0.0,-0.9874074952704731
0.0,0.0,0.0,-0.8330825621609784
0.0,0.0,0.0,-0.7138726929005499
0.0,0.0,0.0,-0.6089094747051348
0.0,0.0,0.0,-0.5311063175753152
0.0,0.0,0.0,-0.3436734413998672
0.0,0.0,0.0,-0.2500617447994732
0.0,0.0,0.0,-0.19462768513505493
0.0,0.0,0.0,-0.13661672827773447
0.0,0.0,0.0,-0.07423492434364548
0.0,0.0,0.0,-0.05174099122492691
0.0,0.0,0.0,-0.0459923705690958
0.0,0.0,0.0,-0.043104564937276185
0.0,0.0,0.0,-0.006148083019393881
0.0,0.0,0.0,-0.010484773195348907
0.0,0.0,0.0,-0.029965650457249374
0.0,0.0,0.0,-0.059815263632639545
0.0,0.0,0.0,-0.06874081952746441
0.0,0.0,0.0,-0.11023836897336367
0.0,0.0,0.0,-0.15151856423709814
0.0,0.0,0.0,-0.18137104793020456
0.0,0.0,0.0,-0.4019708086159566
0.0,0.0,0.0,-0.42249685033062917
0.0,0.0,0.0,-0.43626211341240007
0.0,0.0,0.0,-0.4416332041031201
0.0,0.0,0.0,-0.40642441449760014
0.0,0.0,0.0,-0.40167794260419154
0.0,0.0,0.0,-0.3844107969813999
0.0,0.0,0.0,-0.38053275212411414
0.0,0.0,0.0,-0.3256569094560919
0.0,0.0,0.0,-0.3041405182297133
0.0,0.0,0.0,-0.27807798110119736
0.0,0.0,0.0,-0.24990450211662857
0.0,0.0,0.0,-0.18329723642438178
0.0,0.0,0.0,-0.1563629964621293
0.0,0.0,0.0,-0.10968827419418764
0.0,0.0,0.0,-0.06175669096236888
0.0,0.0,0.0,0.01616720569964751
0.0,0.0,0.0,0.06595711558541206
0.0,0.0,0.0,0.12426773452722077
0.0,0.0,0.0,0.1823448520745204
0.0,0.0,0.0,0.25893849585616713
0.0,0.0,0.0,0.33736837076820314
0.0,0.0,0.0,0.4070580157347044
0.0,0.0,0.0,0.4757550110165836
0.0,0.0,0.0,0.5593530180430529
0.0,0.0,0.0,0.6322464026370881
0.0,0.0,0.0,0.710292328407198
0.0,0.0,0.0,0.7865627443610532
0.0,0.0,0.0,0.8632258945617702
0.0,0.0,0.0,0.9418437781246977
0.0,0.0,0.0,1.0196318214575093
0.0,0.0,0.0,1.0921350853788365
0.0,0.0,0.0,1.1564112467453094
0.0,0.0,0.0,1.2295614882343506
0.0,0.0,0.0,1.299304188357489
0.0,0.0,0.0,1.364162804592793
0.24,0.0,0.0,1.4244758624953482
1.17,0.0,0.24,1.679982910120529
2.95,0.23993212,1.17,2.3473394981592737
5.02,2.02934,2.95,3.6609056148468837
8.22,5.0265403,5.02,5.345567671088132
14.859999999999998,7.7053094,8.22,8.069783814056889
19.99,12.2694,14.859999999999998,13.419398153758099
23.05,16.486767,19.99,17.808655241745754
25.629999999999995,19.884317,23.05,20.477378393193874
28.08,22.154135,25.629999999999995,22.59144970367819
30.15,23.639267,28.08,24.520800558065662
32.46,24.989382,30.15,26.14332410304835
33.96,26.699999,32.46,27.885851131022342
35.55,28.284931,33.96,28.951064319413778
35.96,29.586208,35.55,30.170702287528606
35.02,30.074799,35.96,30.425137513677868
35.78,29.599173,35.02,29.51354196223972
37.66,29.275951,35.78,29.9409684644943
37.21,29.88392,37.66,31.005992779568192
37.05,29.372501,37.21,30.39959560837353
37.27,27.873966,37.05,30.322176130082703
36.29,27.621735,37.27,30.059785069520682
33.43,26.354223,36.29,29.121685937781617
33.61,23.616508,33.43,26.867020631750748
32.4,23.01735,33.61,26.374460322024063
30.210000000000004,21.206722,32.4,25.216233647890263
28.21,19.105742,30.210000000000004,23.68371650672607
25.790000000000003,16.907587,28.21,22.41356853141734
22.98,14.3150215,25.790000000000003,19.92362056656498
19.62,12.115594,22.98,16.978428374063302
14.7,9.673396,19.62,14.175764585387718
8.83,6.670627,14.7,10.036619067700482
5.1,3.1978302,8.83,5.087372356825382
2.99,0.53108853,5.1,1.9305963190009046
1.27,0.0,2.99,0.23965239592532717
0.2,0.0,1.27,-0.905513259453794
0.0,0.0,0.2,-1.5012655921755227
0.0,0.0,0.0,-1.4483978379260736
0.0,0.0,0.0,-1.237542977798559
0.0,0.0,0.0,-1.069009482708407
0.0,0.0,0.0,-0.920132783198709
0.0,0.0,0.0,-0.796841477464745
0.0,0.0,0.0,-0.6759777778523778
0.0,0.0,0.0,-0.5458648675849338
0.0,0.0,0.0,-0.37550034823125855
0.0,0.0,0.0,-0.27624675507411933
0.0,0.0,0.0,-0.21734225224843973
0.0,0.0,0.0,-0.1650298046620681
0.0,0.0,0.0,-0.08722209703266454
0.0,0.0,0.0,-0.06355040740743459
0.0,0.0,0.0,-0.05571644233826299
0.0,0.0,0.0,-0.05258629399841966
0.0,0.0,0.0,-0.009917189609163872
0.0,0.0,0.0,-0.016740941668267652
0.0,0.0,0.0,-0.031186494230675196
0.0,0.0,0.0,-0.0478171040686301
0.0,0.0,0.0,-0.05310718884386778
0.0,0.0,0.0,-0.08043818557974536
0.0,0.0,0.0,-0.10903866986154594
0.0,0.0,0.0,-0.13098438580327226
0.0,0.0,0.0,-0.603251401864088
0.0,0.0,0.0,-0.6337901858550762
0.0,0.0,0.0,-0.6443266987983507
0.0,0.0,0.0,-0.6523175671507567
0.0,0.0,0.0,-0.6214844849499566
0.0,0.0,0.0,-0.6154177859879012
0.0,0.0,0.0,-0.6107249288310902
0.0,0.0,0.0,-0.5946813985091611
0.0,0.0,0.0,-0.5354413468454225
0.0,0.0,0.0,-0.49710101115579103
0.0,0.0,0.0,-0.4664647328609661
0.0,0.0,0.0,-0.43684010304366405
0.0,0.0,0.0,-0.38420027275514573
0.0,0.0,0.0,-0.3411248364084751
0.0,0.0,0.0,-0.2872204757698955
0.0,0.0,0.0,-0.23628475111858416
0.0,0.0,0.0,-0.16556812122290493
0.0,0.0,0.0,-0.11163018189627033
0.0,0.0,0.0,-0.04481188296140415
0.0,0.0,0.0,0.01763748456147223
0.0,0.0,0.0,0.09673313398043601
0.0,0.0,0.0,0.15963480544913186
0.0,0.0,0.0,0.22568728541269045
0.0,0.0,0.0,0.29714423795925393
0.0,0.0,0.0,0.3810248575734299
0.0,0.0,0.0,0.44990129700885373
0.0,0.0,0.0,0.531048945018108
0.0,0.0,0.0,0.6056278189127025
0.0,0.0,0.0,0.6821687632199459
0.0,0.0,0.0,0.7610234667532517
0.0,0.0,0.0,0.8362205276603598
0.0,0.0,0.0,0.9024920010231658
0.0,0.0,0.0,0.9798408655907446
0.0,0.0,0.0,1.053231947568283
0.0,0.0,0.0,1.1177850192101266
0.0,0.0,0.0,1.1878335633710924
0.34,0.0,0.0,1.2462477313561995
1.17,0.0,0.34,1.5843385798695944
1.13,0.0,1.17,2.2896845435928523
1.19,0.0,1.13,2.383186431155851
1.28,0.0,1.19,2.4881743972423327
2.42,0.0,1.28,2.5994519607974698
2.98,0.0,2.42,3.5739010196325296
4.43,0.0,2.98,4.101155144029553
5.19,1.1861335,4.43,5.312941905615289
6.3,2.3057017,5.19,6.025861851932822
10.47,3.2421405,6.3,7.021803718551236
17.7,5.334629,10.47,10.517748456645343
23.17,9.690494,17.7,16.516982927358846
21.85,14.277119,23.17,21.22071074796493
22.75,16.21326,21.85,20.338565642396468
28.67,17.155085,22.75,20.812241125185267
19.19,19.268755,28.67,25.28489875973461
18.98,17.006367,19.19,17.533006223031478
26.68,14.939705,18.98,17.11627253838509
25.28,15.819679,26.68,23.059208290179967
22.17,18.068874,25.28,21.691344773230004
31.840000000000003,17.778938,22.17,19.22968840007403
31.41,20.36732,31.840000000000003,26.620575649938864
29.56,20.681799,31.41,26.439185019577128
24.07,20.781553,29.56,24.74738836254695
22.2,18.06171,24.07,20.624740950835395
21.73,14.324629,22.2,18.57542617242607
18.46,13.041008,21.73,18.025173924333238
18.49,10.848814,18.46,14.425432404038762
16.31,9.414137,18.49,14.100675140024887
14.829999999999998,7.5849204,16.31,12.381663390297659
9.11,6.012379,14.829999999999998,11.060016662240468
5.32,2.7409196,9.11,6.486994961221698
3.16,0.39127165,5.32,2.9905409949666617
1.26,0.0,3.16,0.9370449384372037
0.17,0.0,1.26,-0.5448618129584304
0.0,0.0,0.17,-1.1410600962229123
0.0,0.0,0.0,-1.0660368012696708
0.0,0.0,0.0,-0.9113410183097785
0.0,0.0,0.0,-0.7968357631313511
0.0,0.0,0.0,-0.6229149295523331
0.0,0.0,0.0,-0.6436251998814014
0.0,0.0,0.0,-0.5959509925028139
0.0,0.0,0.0,-0.5397411975549139
0.0,0.0,0.0,-0.40383294729340463
0.0,0.0,0.0,-0.3525683486760973
0.0,0.0,0.0,-0.25391194333765493
0.0,0.0,0.0,-0.20207586124636398
0.0,0.0,0.0,-0.1482258499754776
0.0,0.0,0.0,-0.1661254864354214
0.0,0.0,0.0,-0.1839590242323129
0.0,0.0,0.0,-0.19231260390785815
0.0,0.0,0.0,-0.17464628742279442
0.0,0.0,0.0,-0.17029395094536326
0.0,0.0,0.0,-0.19006527493197617
0.0,0.0,0.0,-0.2071486708115713
0.0,0.0,0.0,-0.21280034856300742
0.0,0.0,0.0,-0.2600142355774694
0.0,0.0,0.0,-0.28718542912189204
0.0,0.0,0.0,-0.31874437674796857
0.0,0.0,0.0,-0.5229078535762914
0.0,0.0,0.0,-0.5441051164064931
0.0,0.0,0.0,-0.5503503512068926
0.0,0.0,0.0,-0.5519737972433137
0.0,0.0,0.0,-0.5063550387581776
0.0,0.0,0.0,-0.510005503645039
0.0,0.0,0.0,-0.5026882853888252
0.0,0.0,0.0,-0.4809441233754128
0.0,0.0,0.0,-0.4391568804465361
0.0,0.0,0.0,-0.4078040141981314
0.0,0.0,0.0,-0.38224357705393364
0.0,0.0,0.0,-0.3466554281369039
0.0,0.0,0.0,-0.2808159915257378
0.0,0.0,0.0,-0.2439102076823605
0.0,0.0,0.0,-0.20010786580926462
0.0,0.0,0.0,-0.14023434097987125
0.0,0.0,0.0,-0.06627663607519964
0.0,0.0,0.0,-0.0030978040681202412
0.0,0.0,0.0,0.060255761980101095
0.0,0.0,0.0,0.12558717865331012
0.0,0.0,0.0,0.20737142706574035
0.0,0.0,0.0,0.27581829520587214
0.0,0.0,0.0,0.35033549841999023
0.0,0.0,0.0,0.4292910480079359
0.0,0.0,0.0,0.501897229074548
0.0,0.0,0.0,0.5847578734265604
0.0,0.0,0.0,0.6665557278285938
0.0,0.0,0.0,0.7490716237323983
0.0,0.0,0.0,0.8151600915222358
0.0,0.0,0.0,0.8883392372477175
0.0,0.0,0.0,0.9734996511980704
0.0,0.0,0.0,1.055303911364243
0.0,0.0,0.0,1.1312645897404197
0.0,0.0,0.0,1.2084239207885368
0.0,0.0,0.0,1.2881006766794207
0.0,0.0,0.0,1.3442113711630594
0.04,0.0,0.0,1.4134363212634145
0.71,0.0,0.04,1.495585332633224
2.43,0.0,0.71,2.1167779964652684
4.0,0.3592401,2.43,3.478198836373185
7.1,3.6216922,4.0,4.537386140914715
13.489999999999998,6.1700296,7.1,7.257438736889177
18.37,10.36488,13.489999999999998,12.420335804338551
20.23,14.265916,18.37,16.55291217202229
18.92,17.259893,20.23,18.18395473539552
18.65,18.009098,18.92,17.09189410940544
18.01,17.611279,18.65,16.577881633498148
18.15,16.585716,18.01,15.83858746510886
18.06,15.7212305,18.15,15.858670457787305
9.95,16.204288,18.06,15.606515460022695
8.5,13.722129,9.95,8.814637702673544
8.24,11.970352,8.5,7.2698929645692525
8.11,9.88543,8.24,6.956586097952433
14.06,9.3430805,8.11,6.678307550316634
28.1,10.59495,14.06,11.460959727529492
31.83,14.650904,28.1,23.162129209341536
36.8,17.869055,31.83,26.832808863634828
36.35,21.399693,36.8,31.2180879836022
35.99,22.121746,36.35,30.618569430483632
34.6,21.862251,35.99,31.430659826324558
32.51,21.35599,34.6,28.727602271429518
30.049999999999997,20.096388,32.51,27.497218141690517
27.310000000000002,18.2926,30.049999999999997,25.098892106315063
23.96,16.641972,27.310000000000002,22.46091777977034
18.95,14.259648,23.96,19.576166587955157
11.62,11.62061,18.95,14.80306588938457
6.99,7.0237594,11.62,8.757020473990185
4.24,4.228982,6.99,3.871537443220258
1.68,1.2174838,4.24,1.8648066042342926
0.29,0.0,1.68,-0.4281684198796293
0.0,0.0,0.29,-1.262154700390894
0.0,0.0,0.0,-1.2388400919471534
0.0,0.0,0.0,-1.040362535208856
0.0,0.0,0.0,-0.8954013309133569
0.0,0.0,0.0,-0.8282350186568768
0.0,0.0,0.0,-0.7714600471638154
0.0,0.0,0.0,-0.7380646298532058
0.0,0.0,0.0,-0.6729208743655967
0.0,0.0,0.0,-0.5031473463587569
0.0,0.0,0.0,-0.34530981514481196
0.0,0.0,0.0,-0.25209764309078314
0.0,0.0,0.0,-0.15172117164060916
0.0,0.0,0.0,-0.05013000636387155
0.0,0.0,0.0,-0.02129869536169615
0.0,0.0,0.0,0.010065347768094257
0.0,0.0,0.0,0.03154506606638276
0.0,0.0,0.0,0.0887035686828564
0.0,0.0,0.0,0.09192344624854645
0.0,0.0,0.0,0.09759288218679739
0.0,0.0,0.0,0.08790834401922673
0.0,0.0,0.0,0.07423695633245152
0.0,0.0,0.0,0.03261256624690571
0.0,0.0,0.0,0.011125897711906745
0.0,0.0,0.0,-0.02536355059296995
0.0,0.0,0.0,-0.4553633753057531
0.0,0.0,0.0,-0.47643049886339356
0.0,0.0,0.0,-0.477772289460544
0.0,0.0,0.0,-0.4794973120988647
0.0,0.0,0.0,-0.43814916670795245
0.0,0.0,0.0,-0.426410481991725
0.0,0.0,0.0,-0.4203927009805625
0.0,0.0,0.0,-0.4062859265288887
0.0,0.0,0.0,-0.3716425035499571
0.0,0.0,0.0,-0.35377944859341337
0.0,0.0,0.0,-0.31718872172401996
0.0,0.0,0.0,-0.27565496653789573
0.0,0.0,0.0,-0.21787487226911026
0.0,0.0,0.0,-0.18190923626032127
0.0,0.0,0.0,-0.13199261276995097
0.0,0.0,0.0,-0.05952841835784317
0.0,0.0,0.0,0.008061899569540218
0.0,0.0,0.0,0.06839206067654063
0.0,0.0,0.0,0.12523486628336805
0.0,0.0,0.0,0.18876444635056652
0.0,0.0,0.0,0.2610676737462226
0.0,0.0,0.0,0.3249954605442706
0.0,0.0,0.0,0.3932886502082645
0.0,0.0,0.0,0.4766452446326064
0.0,0.0,0.0,0.5592391651474669
0.0,0.0,0.0,0.6320066221714675
0.0,0.0,0.0,0.6995339481716742
0.0,0.0,0.0,0.7774721178886451
0.0,0.0,0.0,0.882571186562304
0.0,0.0,0.0,0.974422054780099
0.0,0.0,0.0,1.0575392896436189
0.0,0.0,0.0,1.137301022422838
0.0,0.0,0.0,1.2174090780345528
0.0,0.0,0.0,1.2856104170292655
0.0,0.0,0.0,1.352112903753581
0.0,0.0,0.0,1.4320229607077004
0.16,0.0,0.0,1.4887470239975136
0.9199999999999999,0.0,0.16,1.6709807412463356
3.03,0.0,0.9199999999999999,2.3973028346558336
5.79,0.0,3.03,4.0377416390631495
9.93,3.2661076,5.79,5.683973468694569
17.46,7.2792687,9.93,9.073910980885236
23.56,12.009132,17.46,15.353861185723606
27.3,17.183321,23.56,20.577689849356062
30.53,21.293337,27.3,23.806671094730888
17.43,23.877417,30.53,26.44268984750708
16.95,20.167437,17.43,16.673031482005452
16.36,17.33796,16.95,15.779727688398326
15.67,14.958848,16.36,14.887467000899935
14.62,12.981158,15.67,14.236297582702134
14.17,11.457881,14.62,13.222543724305103
13.28,10.595677,14.17,12.642920211728626
11.9,9.297077,13.28,11.906922565448586
13.36,7.8174396,11.9,10.557501332285678
13.309999999999999,7.4289575,13.36,11.398939105455824
11.32,7.049668,13.309999999999999,11.077610527395587
10.47,6.0157256,11.32,9.336304170917654
7.24,4.1759386,10.47,8.382788086851933
4.33,1.9017742,7.24,5.797116919972783
1.77,0.0,4.33,3.32649336150308
0.31,0.0,1.77,0.9882473408572207
0.0,0.0,0.31,-0.3607845286042549
0.0,0.0,0.0,-0.4003557134730308
0.0,0.0,0.0,-0.4220341935387568
0.0,0.0,0.0,-0.34990981539604615
0.0,0.0,0.0,-0.24652784345381776
0.0,0.0,0.0,-0.21112522862348665
0.0,0.0,0.0,-0.1582806606499676
0.0,0.0,0.0,-0.10883055609441222
0.0,0.0,0.0,-0.053787530770070535
0.0,0.0,0.0,-0.09053367869797171
0.0,0.0,0.0,-0.07277643688575822
0.0,0.0,0.0,-0.05965732949034484
0.0,0.0,0.0,-0.03823950453384489
0.0,0.0,0.0,-0.0705554412061292
0.0,0.0,0.0,-0.10472169377332141
0.0,0.0,0.0,-0.13165575652859496
0.0,0.0,0.0,-0.1325547083613647
0.0,0.0,0.0,-0.14795680994813992
0.0,0.0,0.0,-0.16699763526689498
0.0,0.0,0.0,-0.18443782166026984
0.0,0.0,0.0,-0.17230105050947062
0.0,0.0,0.0,-0.19888184580968798
0.0,0.0,0.0,-0.22987514136365572
0.0,0.0,0.0,-0.2671479762657296
0.0,0.0,0.0,-0.41636748896517684
0.0,0.0,0.0,-0.42597221201947194
0.0,0.0,0.0,-0.4322261046974876
0.0,0.0,0.0,-0.44471071734541456
0.0,0.0,0.0,-0.4159491862192461
0.0,0.0,0.0,-0.4056282741464853
0.0,0.0,0.0,-0.4038888839717564
0.0,0.0,0.0,-0.38575643641044105
0.0,0.0,0.0,-0.3423022416192984
0.0,0.0,0.0,-0.3191183356278101
0.0,0.0,0.0,-0.2911060844627819
0.0,0.0,0.0,-0.2630290614933618
0.0,0.0,0.0,-0.20135005842048387
0.0,0.0,0.0,-0.16344346164939433
0.0,0.0,0.0,-0.1170250390808765
0.0,0.0,0.0,-0.062472181446521224
0.0,0.0,0.0,0.011726248983558521
0.0,0.0,0.0,0.07464367076227621
0.0,0.0,0.0,0.13655885916773347
0.0,0.0,0.0,0.19864964871537383
0.0,0.0,0.0,0.2853838100166208
0.0,0.0,0.0,0.35580565825519794
0.0,0.0,0.0,0.43420959444669605
0.0,0.0,0.0,0.50412269699139
0.0,0.0,0.0,0.593557116147035
0.0,0.0,0.0,0.6660336911774805
0.0,0.0,0.0,0.739712661885054
0.0,0.0,0.0,0.8122240050240845
0.0,0.0,0.0,0.8834610407540231
0.0,0.0,0.0,0.9557209418525444
0.0,0.0,0.0,1.0389403152149783
0.0,0.0,0.0,1.1057517355467479
0.0,0.0,0.0,1.1661004122129863
0.0,0.0,0.0,1.23660602185416
0.0,0.0,0.0,1.306568992365706
0.0,0.0,0.0,1.3753097049408811
0.22999999999999998,0.0,0.0,1.4303429811104846
1.24,0.0,0.22999999999999998,1.6144816147619339
4.01,0.0,1.24,2.043843164078449
6.4399999999999995,0.32096314,4.01,4.8623149011343045
10.72,4.8220196,6.4399999999999995,6.00655293991621
18.43,8.815998,10.72,9.551695380548601
22.22,13.38475,18.43,16.012618972679537
25.480000000000004,16.43981,22.22,19.60213041673928
27.79,19.943993,25.480000000000004,22.434358374011797
31.379999999999995,22.203796,27.79,24.25410494377988
33.53,24.430944,31.379999999999995,27.074785309988496
27.62,26.333363,33.53,28.682504616284
27.05,25.65863,27.62,23.70690837608559
35.45,24.968517,27.05,22.938344610422114
27.529999999999998,26.773144,35.45,29.566544580740285
27.800000000000004,23.041782,27.529999999999998,23.410106858265955
27.97,22.000772,27.800000000000004,23.22293879176559
22.51,20.3859,27.97,22.804773777162744
17.54,16.965176,22.51,19.250342138055963
12.44,13.994433,17.54,14.875126443340491
11.21,9.043422,12.44,10.003223727495293
10.76,6.561812,11.21,8.66288826745738
10.72,4.5244975,10.76,8.074167901270036
6.32,3.6315734,10.72,7.44744102325785
4.54,0.0,6.32,4.515829455452641
2.79,0.0,4.54,2.833875799267455
1.6099999999999999,0.0,2.79,1.3019030694989941
0.28,0.0,1.6099999999999999,0.33048450084424696
0.0,0.0,0.28,-0.6174587033175596
0.0,0.0,0.0,-0.9011558576339909
0.0,0.0,0.0,-0.6962419866636267
0.0,0.0,0.0,-0.5321929144255965
0.0,0.0,0.0,-0.3537630424850238
0.0,0.0,0.0,-0.2876853843773425
0.0,0.0,0.0,-0.2237356509795549
0.0,0.0,0.0,-0.189350125624127
0.0,0.0,0.0,-0.09631651254976871
0.0,0.0,0.0,-0.06649547987322424
0.0,0.0,0.0,0.02027870131438049
0.0,0.0,0.0,0.013694193107673114
0.0,0.0,0.0,0.08072485826875857
0.0,0.0,0.0,0.09992985462987658
0.0,0.0,0.0,0.0735960609652711
0.0,0.0,0.0,0.022730522360786022
0.0,0.0,0.0,0.00885238998174203
0.0,0.0,0.0,-0.01654357932989528
0.0,0.0,0.0,-0.03819515241422072
0.0,0.0,0.0,-0.059732137502895716
0.0,0.0,0.0,-0.0650735715705824
0.0,0.0,0.0,-0.0975393527869229
0.0,0.0,0.0,-0.12966735627898268
0.0,0.0,0.0,-0.15962704051702553
0.0,0.0,0.0,-0.26346265424362464
0.0,0.0,0.0,-0.2838654285835584
0.0,0.0,0.0,-0.3050391163692368
0.0,0.0,0.0,-0.31950228256888946
0.0,0.0,0.0,-0.28909029483174425
0.0,0.0,0.0,-0.2805879536948882
0.0,0.0,0.0,-0.270046360175245
0.0,0.0,0.0,-0.2596906537331741
0.0,0.0,0.0,-0.2061219557672557
0.0,0.0,0.0,-0.17658736208358977
0.0,0.0,0.0,-0.14753253655326282
0.0,0.0,0.0,-0.11182184847685593
0.0,0.0,0.0,-0.05338737909832518
0.0,0.0,0.0,-0.009505854263971644
0.0,0.0,0.0,0.03962969817482079
0.0,0.0,0.0,0.09274804904488149
0.0,0.0,0.0,0.1635795901468855
0.0,0.0,0.0,0.21596085140216936
0.0,0.0,0.0,0.27362268692661934
0.0,0.0,0.0,0.34684108284092524
0.0,0.0,0.0,0.4273091943437606
0.0,0.0,0.0,0.49381115010174986
0.0,0.0,0.0,0.5649445013863527
0.0,0.0,0.0,0.6302922022224534
0.0,0.0,0.0,0.7114348921949645
0.0,0.0,0.0,0.7896123615642363
0.0,0.0,0.0,0.8589542962236784
0.0,0.0,0.0,0.931339023724322
0.0,0.0,0.0,1.006846443419295
0.0,0.0,0.0,1.0871447034393098
0.0,0.0,0.0,1.163110489169512
0.0,0.0,0.0,1.2384503426482563
0.0,0.0,0.0,1.2954401709622068
0.0,0.0,0.0,1.3728446601390294
0.0,0.0,0.0,1.441668827036444
0.0,0.0,0.0,1.5085996613048511
0.0,0.0,0.0,1.5672610769673003
0.14,0.0,0.0,1.6271249337653646
0.64,0.0,0.14,1.6000573458976257
1.26,0.0,0.64,2.2700966857467484
2.19,0.0,1.26,2.8330706757850965
4.33,0.0,2.19,3.6807647142313855
7.400000000000001,1.2872547,4.33,5.544082284097226
10.12,3.4071848,7.400000000000001,8.228248691010485
17.35,6.476725,10.12,10.61062116812234
28.9,10.951398,17.35,16.738019665316333
23.39,18.701372,28.9,25.37258486420848
24.63,20.141575,23.39,21.18816671685062
18.33,21.136501,24.63,22.006902173876554
28.68,18.504494,18.33,16.429697998047963
31.629999999999995,20.45224,28.68,24.80650682101735
34.31,22.26481,31.629999999999995,27.41109390183206
27.76,25.509262,34.31,29.73108450384415
35.63,24.381945,27.76,24.402764405826538
39.14,26.331738,35.63,30.22707692696369
39.61,27.071875,39.14,33.08195405508868
38.39,28.207005,39.61,33.23887026771145
37.4,27.928823,38.39,31.841042174485544
33.6,26.95667,37.4,30.475004857331612
34.73,23.763334,33.6,27.390181121495026
33.12,22.685572,34.73,29.175565454003394
31.319999999999997,21.67514,33.12,27.03537953033244
29.14,20.05719,31.319999999999997,25.773803518497918
26.400000000000002,17.571394,29.14,23.094224425554653
23.18,15.314332,26.400000000000002,20.040158129401675
18.89,12.344538,23.18,17.51415114734144
12.35,9.523826,18.89,13.781373186364409
6.950000000000001,5.393208,12.35,7.959643196058774
4.15,1.9847829,6.950000000000001,3.3543457896034248
1.87,0.0,4.15,1.049088579081564
0.49,0.0,1.87,-0.6055050702786474
0.01,0.0,0.49,-1.4338346477798054
0.0,0.0,0.01,-1.5098887541444506
0.0,0.0,0.0,-1.3725956870766345
0.0,0.0,0.0,-1.1507540923292054
0.0,0.0,0.0,-0.9779699762963702
0.0,0.0,0.0,-0.8321900892075031
0.0,0.0,0.0,-0.7580298449388602
0.0,0.0,0.0,-0.6077646438157891
0.0,0.0,0.0,-0.39809073084749735
0.0,0.0,0.0,-0.2470640653189346
0.0,0.0,0.0,-0.16508649376433468
0.0,0.0,0.0,-0.08907086872255582
0.0,0.0,0.0,-0.023873739771412654
0.0,0.0,0.0,0.015193318661444258
0.0,0.0,0.0,0.03667956266759122
0.0,0.0,0.0,0.04737704400474135
