actual,lstm_pred,persistence_pred,linear_pred
32.3,29.428879,32.68,32.12130640730738
38.38,28.902998,32.3,31.894675728119864
41.75,32.125523,38.38,36.91954689360009
21.25,34.342304,41.75,40.114191633685984
16.46,24.835497,21.25,22.78061051252059
11.31,18.92117,16.46,17.764195552627
17.39,13.738177,11.31,11.83751451455758
14.48,13.972709,17.39,16.29775245179422
14.44,12.663255,14.48,13.685127730481796
9.33,12.957608,14.44,13.508285348460976
8.75,9.938453,9.33,9.594709192789281
9.14,7.8115606,8.75,8.84449587769599
7.49,7.5578885,9.14,8.92840591758988
5.51,6.964304,7.49,7.1351340100759755
5.83,6.041872,5.51,5.295183546255324
2.85,5.0347853,5.83,5.2844549416644035
2.68,3.1259863,2.85,3.0971218848048285
2.89,3.2369416,2.68,2.842365931302174
1.58,4.2078085,2.89,2.9270894271640344
1.37,2.9473217,1.58,1.6381451251765813
0.69,2.9348,1.37,1.5002644890115275
0.15,3.2665021,0.69,0.7735536243501928
0.0,3.4612756,0.15,0.33605203496554326
1.36,0.0,0.0,0.3614788046572533
3.25,0.0,1.36,1.7621958344916973
5.93,1.4245051,3.25,3.764320996207359
6.95,7.428136,5.93,6.628191339350398
7.170000000000001,11.483812,6.95,8.016110239329244
8.77,12.848309,7.170000000000001,8.648944035290885
9.78,15.782008,8.77,10.189799236531838
19.57,15.465231,9.78,11.411667522489727
27.62,18.769855,19.57,20.68128959734096
35.39,25.831053,27.62,28.52881994513145
35.02,43.954414,35.39,34.932770581558145
40.12,49.416737,35.02,35.15936124641815
25.21,41.29128,40.12,41.837006006375084
34.33,33.357193,25.21,28.288658043735957
28.9,40.770046,34.33,34.7805494386695
62.45,33.310856,28.9,30.539283470660823
64.74,50.61522,62.45,59.675765050502456
63.39999999999999,63.246452,64.74,63.082115405086306
75.27,60.401817,63.39999999999999,64.58060413462036
74.47,70.91683,75.27,74.33421699905023
76.44,71.62256,74.47,73.39004790094125
61.12,70.82595,76.44,75.54960950003348
74.26,65.909775,61.12,60.694598227098155
75.99,67.6261,74.26,71.84553425804035
68.63,68.73373,75.99,73.06462193427268
58.7,66.6628,68.63,66.66622259234478
79.84,59.137268,58.7,57.451103706824426
70.58,63.99238,79.84,75.975858368292
74.04,60.918312,70.58,66.99379423509794
72.55,62.086197,74.04,70.11326272011581
45.48,58.608894,72.55,68.50837152666573
72.11,46.027493,45.48,43.75599042795922
39.8,52.10972,72.11,66.45270560783862
60.29,37.957687,39.8,37.16230478572296
37.09,46.35752,60.29,54.69311630938477
29.48,38.03489,37.09,34.063656088720556
23.53,27.896032,29.48,26.46199086727503
23.87,18.790325,23.53,20.904521007510972
21.69,17.249668,23.87,19.501178572853924
13.890000000000002,14.463286,21.69,17.712201207919335
11.55,9.024037,13.890000000000002,10.784607194743154
15.29,5.9423823,11.55,8.886259585737513
9.62,7.244925,15.29,11.803842546748797
4.84,4.72865,9.62,7.814264929994125
3.8900000000000006,1.8155233,4.84,3.1189800361142805
3.44,0.0,3.8900000000000006,2.58851279486652
1.9200000000000002,0.0,3.44,1.5347104811428978
0.0,0.0,1.9200000000000002,0.8887963776163477
0.9200000000000002,0.0,0.0,-1.5923971086722086
2.58,0.0,0.9200000000000002,-0.3354023505536323
3.52,0.0,2.58,1.4420058882522153
4.83,3.7329125,3.52,2.987439215709594
8.7,7.3077717,4.83,4.787038217937874
9.07,11.589241,8.7,8.729707790365618
11.1,16.008049,9.07,9.655753012234843
11.66,18.207527,11.1,11.874556308437622
17.5,18.389624,11.66,13.0322515835097
21.8,22.385206,17.5,18.24623324990244
30.99,27.874187,21.8,22.821919562151795
31.87,36.377777,30.99,31.277485231464517
35.63,40.40543,31.87,32.74871761834652
32.77,42.44661,35.63,36.57429450272095
37.36,40.671307,32.77,34.382566285862765
53.2,41.585747,37.36,38.24977411596306
52.94,51.26956,53.2,52.27693372622339
65.85,56.281155,52.94,52.686762938976756
77.51,63.30196,65.85,65.03512888971123
79.47,70.42588,77.51,76.15953182458318
78.23,73.80839,79.47,79.02811237966924
80.19,73.89406,78.23,78.37336047747425
81.59,73.696594,80.19,79.27865611000814
82.01,73.280235,81.59,80.18684849045793
83.28,73.25648,82.01,80.21457802925754
82.33,73.986435,83.28,80.8855250562578
76.7,73.53933,82.33,79.78698410663982
76.09,70.17237,76.7,74.5372700151402
73.22,68.19461,76.09,73.02034432262622
72.71,65.10194,73.22,69.79501115196032
69.59,63.32762,72.71,68.55571725763207
67.37,60.570183,69.59,65.13448447615559
64.24,57.88169,67.37,62.72808810127381
61.43,54.576653,64.24,59.65402536049701
56.8,50.739494,61.43,56.515686057066645
53.23,46.726128,56.8,51.93693448357526
14.81,43.858597,53.23,48.15432147023888
10.56,19.883793,14.81,14.55198828927216
6.14,9.593854,10.56,8.725523040728621
4.36,3.9014788,6.14,2.8157947293721852
7.38,0.8870368,4.36,0.4923607886072606
17.64,1.8462168,7.38,3.196200713555203
10.21,8.141603,17.64,12.228487010767031
9.04,6.607376,10.21,8.06311104233009
3.77,6.022965,9.04,7.368712996338844
2.43,3.1541777,3.77,2.595158656396064
2.13,0.0,2.43,1.1800351622384009
1.87,0.0,2.13,0.7275184929209627
1.05,0.0,1.87,0.18492738306329415
0.22,0.0,1.05,0.6083538262414168
0.0,0.0,0.22,0.13772496145685048
0.34,0.0,0.0,-0.8138956797209328
1.27,0.0,0.34,-0.1303937529259884
2.6,1.4632512,1.27,1.016515026383957
7.870000000000001,5.826726,2.6,2.4070482117772745
11.14,11.159148,7.870000000000001,7.5891618819441655
12.41,16.514736,11.14,11.116443419819397
16.96,21.567348,12.41,13.140916621260116
20.88,25.070917,16.96,17.622298674602444
22.78,29.112207,20.88,21.430406921207656
28.18,30.163883,22.78,23.92804291710739
25.63,36.158226,28.18,28.636589370872105
24.18,34.974556,25.63,26.872014988321414
23.54,32.015305,24.18,25.761691091886778
31.29,29.328568,23.54,24.98171678016282
36.35,35.026352,31.29,31.47648530945636
42.82,39.22866,36.35,36.40953460240302
60.03999999999999,46.909805,42.82,42.203828394199746
57.95,56.40055,60.03999999999999,58.33129336361343
54.69,58.812393,57.95,57.21488459252121
57.46,57.478294,54.69,55.13309796267752
75.52,57.465622,57.46,56.98182807776737
76.98,65.02973,75.52,72.88458314119504
58.63999999999999,68.595894,76.98,74.92189222977784
65.1,62.03469,58.63999999999999,58.95412845642814
82.87,63.09261,65.1,63.15782085126603
73.68,68.41484,82.87,79.31754877901533
55.169999999999995,68.574066,73.68,71.4515653833942
45.6,60.92954,55.169999999999995,54.587644436226995
40.56,49.14177,45.6,44.76537667756048
45.39,41.73337,40.56,38.60076272738606
38.21,41.654804,45.39,41.75070128695469
37.46,36.736073,38.21,35.04598631203986
28.63,34.867725,37.46,34.381098668201886
26.31,28.29639,28.63,26.41896371948838
28.29,24.283022,26.31,24.00300162261752
23.81,23.320362,28.29,25.643052973057003
31.62,21.174526,23.81,21.33695142515828
29.120000000000005,24.00447,31.62,27.67402112268859
29.18,22.590916,29.120000000000005,26.0124478605906
20.68,22.047384,29.18,26.85855243537726
22.41,17.04238,20.68,19.696813319362562
14.879999999999999,15.840278,22.41,20.80877899089171
11.93,12.161579,14.879999999999999,13.970797700331094
10.26,10.032788,11.93,10.947035626990326
9.85,8.858019,10.26,9.237922555643502
10.83,7.743774,9.85,8.868844416103853
10.14,8.940695,10.83,10.030935141820414
11.71,10.103507,10.14,9.318435360626138
7.74,11.515278,11.71,10.950833395578988
5.0,8.68193,7.74,7.755061584670421
2.4,6.497791,5.0,5.327941573800898
1.33,4.166843,2.4,2.6911479205543407
0.28,2.3213077,1.33,1.4928120701275072
0.0,0.0,0.28,0.4048822822838796
1.68,0.0,0.0,-1.1910337335333792
2.82,0.0,1.68,0.6233538880178017
5.03,2.4954,2.82,2.0638023395572045
6.5,7.1714606,5.03,4.4109939244181415
9.34,10.536639,6.5,6.10230424182225
9.44,14.114003,9.34,8.992403610335673
11.12,13.6616125,9.44,9.484939368023683
10.43,11.871905,11.12,11.377677840048712
17.91,10.382648,10.43,11.137348980079818
23.11,16.164696,17.91,17.858983406567557
14.210000000000003,22.562712,23.11,22.72081196740118
7.82,19.046783,14.210000000000003,15.798175424327141
6.81,11.779028,7.82,10.389143620137904
5.45,9.591803,6.81,8.769791421200507
5.94,6.9563923,5.45,7.22894304301818
7.030000000000001,5.53549,5.94,7.47110072015793
10.09,5.5260167,7.030000000000001,8.411802549979404
10.85,9.268228,10.09,11.337064648696785
10.15,11.13903,10.85,12.545995507274005
8.08,11.218524,10.15,12.158711503806677
5.22,8.967142,8.08,10.546384908703347
7.749999999999999,7.446423,5.22,7.7685918598999715
21.38,7.73432,7.749999999999999,9.573209446527311
27.41,15.561832,21.38,21.381861114739824
16.18,23.72293,27.41,27.652342287646437
25.33,21.378052,16.18,18.97604637060397
30.659999999999997,24.738073,25.33,26.513168020461134
12.69,28.104216,30.659999999999997,30.955273686426903
9.42,19.044613,12.69,16.168300688629607
11.33,14.518084,9.42,12.333173523971013
14.520000000000001,13.880253,11.33,12.734510131918238
12.7,14.166502,14.520000000000001,15.432212002509637
14.41,13.922296,12.7,14.099827104703676
9.71,15.516593,14.41,15.441990663732408
19.98,13.899999,9.71,11.83852777221572
22.05,18.978748,19.98,20.171428304237356
19.12,21.331049,22.05,21.966905397342007
8.98,20.22086,19.12,19.99220455177825
13.07,14.623394,8.98,10.99074605013928
16.23,13.972372,13.07,13.490092796748812
8.71,14.119889,16.23,16.331055603566167
10.41,10.197297,8.71,9.937345438885542
11.87,10.534995,10.41,11.103213794790102
11.62,11.746302,11.87,11.851460025177087
8.97,11.80909,11.62,11.846946839734368
11.68,9.73616,8.97,9.379227722751383
7.079999999999999,10.714973,11.68,11.390764536527287
5.31,8.95617,7.079999999999999,7.377367091662499
4.52,7.7882237,5.31,5.557367122611621
3.34,5.148304,4.52,4.477293859370933
3.77,3.6409793,3.34,3.442871261916393
0.9100000000000001,4.133992,3.77,3.666465424607175
0.57,3.1418817,0.9100000000000001,0.8260307500939004
0.0,1.1507955,0.57,0.5540189666940434
1.48,0.0,0.0,0.19350428326404767
3.62,0.0,1.48,1.6108419506738778
3.58,3.9295115,3.62,3.755177473396723
4.28,6.987071,3.58,4.179880657283517
4.34,8.490146,4.28,5.073361023797637
6.97,10.446407,4.34,5.535365746842324
14.900000000000002,11.68159,6.97,8.20405103935342
25.56,17.476019,14.900000000000002,15.08548230869504
12.18,25.089407,25.56,25.551390812060223
12.86,24.815882,12.18,14.671590659579037
10.61,22.095669,12.86,15.277321798989819
22.54,17.597704,10.61,12.878556033845864
22.07,22.771467,22.54,22.931998371551398
12.7,29.78365,22.07,22.110982795433593
14.97,21.844782,12.7,15.246280878384814
22.35,18.80523,14.97,17.283981879340487
33.95,22.447693,22.35,23.333512779338264
38.73,31.685125,33.95,33.85113734437213
61.46999999999999,38.14628,38.73,39.10162360350604
53.95,58.34917,61.46999999999999,59.33390689650872
32.73,52.58951,53.95,54.53629957260911
42.24,40.8592,32.73,36.54541769716412
60.6,42.88843,42.24,42.74226097831542
76.91,52.02852,60.6,58.543495931900324
55.49,60.384647,76.91,73.92239101149765
73.66,49.13909,55.49,56.90599163147984
53.72,59.674656,73.66,71.78071557448749
57.41,52.847656,53.72,53.82547326218174
57.589999999999996,50.89169,57.41,56.05628091236703
41.72,45.16275,57.589999999999996,55.4501838217103
50.63,34.840668,41.72,41.16601944453008
45.17,38.115337,50.63,47.82042857728295
31.930000000000003,41.215416,45.17,41.222186887867
31.460000000000004,26.908173,31.930000000000003,31.391393752200635
27.13,29.05544,31.460000000000004,28.574952768986872
27.61,22.138233,27.13,24.225754863447804
21.0,23.711039,27.61,23.37029831945385
19.09,15.193338,21.0,18.432361957844638
15.549999999999999,13.585255,19.09,15.466965223753437
11.8,9.627216,15.549999999999999,12.676057870980406
8.54,6.4781747,11.8,8.991120876469381
5.83,1.8986566,8.54,6.033743075379653
3.6800000000000006,0.0,5.83,3.7164058211009214
2.07,0.0,3.6800000000000006,1.731154196970944
0.74,0.0,2.07,0.3196497458887229
0.0,0.0,0.74,-0.7366585798673175
0.87,0.0,0.0,-2.274165991177944
3.19,0.0,0.87,-0.9991702884512733
5.45,0.21729496,3.19,1.4909159325420547
8.21,5.937769,5.45,3.9430987760009484
11.46,10.9307165,8.21,6.929036277812326
15.16,15.80028,11.46,10.28204107714383
19.99,21.692385,15.16,14.205414693730601
25.42,25.350594,19.99,19.039688544267094
31.350000000000005,29.966337,25.42,24.37057248270627
36.85,34.64382,31.350000000000005,30.347299018361618
39.46,41.369198,36.85,35.922465381637245
44.83,44.79514,39.46,38.77886851515347
49.45,47.75934,44.83,43.93600640760708
51.87,51.086575,49.45,48.348178619573474
44.38,54.41266,51.87,50.96418519305457
58.54,52.669525,44.38,44.30068234717305
59.54,57.970264,58.54,56.43621687797489
60.080000000000005,60.77149,59.54,57.64563210384588
56.760000000000005,63.457245,60.080000000000005,58.69317048562532
57.45000000000001,58.99828,56.760000000000005,55.715734086932045
72.99,58.867462,57.45000000000001,55.881693912712116
61.69,64.34932,72.99,69.88306857295647
62.28000000000001,54.740406,61.69,60.97566541192715
41.93,61.23836,62.28000000000001,60.343606914413456
36.84,47.13774,41.93,41.57334867775081
32.86,39.609936,36.84,35.719536412455625
31.92,33.692387,32.86,30.99339315006036
28.999999999999996,31.214985,31.92,29.20436340256809
32.47,28.419659,28.999999999999996,26.569888949750688
24.25,29.709856,32.47,29.167789062788856
22.44,23.660498,24.25,22.639796649412528
21.92,20.132196,22.44,21.016855823648637
21.32,18.344467,21.92,20.219336889469858
13.49,18.302958,21.32,19.041575614743344
10.97,12.241436,13.49,12.744107059017741
13.08,9.008848,10.97,10.033459627292526
10.7,8.546615,13.08,12.050381547111243
9.89,8.173381,10.7,10.094999123252245
7.859999999999999,8.822649,9.89,9.55385858961434
6.66,8.061193,7.859999999999999,7.696633335643429
6.79,7.593409,6.66,6.822021947087854
3.6800000000000006,8.075678,6.79,6.77185930935491
1.85,6.9839153,3.6800000000000006,4.1937719149937625
2.25,5.0768013,1.85,2.6105531829045554
2.14,5.0538034,2.25,2.7849484890433898
1.97,5.458371,2.14,2.7843872066243724
1.51,5.889224,1.97,2.7949566682550353
2.52,4.7138224,1.51,2.499150093721116
2.65,4.685253,2.52,3.192169159589764
1.42,4.504348,2.65,3.3421311226343864
0.13,3.6265812,1.42,2.288918639494128
0.1,0.5769864,0.13,1.1931836140997734
1.51,0.0,0.1,0.919583695923495
2.96,0.0,1.51,2.331092651759416
4.52,3.4476614,2.96,3.8114477799188795
7.110000000000001,7.7679787,4.52,5.432638248206357
10.81,11.0894,7.110000000000001,8.241599933110436
14.91,15.809231,10.81,11.558919919377779
19.76,21.740627,14.91,15.440959086288826
25.37,25.610342,19.76,20.158745916726403
30.51,30.222542,25.37,25.5929105411654
35.48,34.552517,30.51,30.66869657142178
40.71,40.174103,35.48,35.63444518171889
45.42,44.374165,40.71,40.74286201904938
50.21,47.799343,45.42,45.33542893548253
54.33,51.05226,50.21,49.89409209388462
58.269999999999996,55.4732,54.33,53.81256492312477
61.46,58.433777,58.269999999999996,57.58237965376278
64.69,60.569035,61.46,60.67016935719076
67.73,62.69564,64.69,63.80683802938033
70.06,65.505226,67.73,66.5978509999087
72.32,66.85724,70.06,68.81986859603312
74.27,67.90505,72.32,70.8679902356183
76.03,68.39464,74.27,72.56262553472355
77.16,69.63597,76.03,73.97287394428308
76.68,70.042984,77.16,74.96214942512768
67.0,69.955414,76.68,74.29752455261168
82.05,56.766376,67.0,66.44761928992595
42.13,65.607346,82.05,77.21463135422131
74.93,46.92908,42.13,43.12540155645271
70.26,61.21467,74.93,69.55858443587049
63.35,55.854073,70.26,65.80917195899177
64.47,58.134182,63.35,59.53479818824234
60.06,54.130463,64.47,60.23863242920481
56.32,50.83506,60.06,55.10938241885816
21.5,45.237934,56.32,52.34838067718252
38.6,23.558039,21.5,21.21653391081397
27.99,26.263391,38.6,34.01506252791397
34.41,19.499052,27.99,24.660879260575555
30.82,26.108967,34.41,29.167416484774588
24.58,25.007877,30.82,26.033640197976723
17.9,19.689177,24.58,21.408744437918056
16.13,13.140662,17.9,16.134134683501678
10.7,11.659345,16.13,12.863077537891563
8.03,7.4742684,10.7,8.3189269017266
5.42,3.987625,8.03,5.431959317027046
4.07,1.5277317,5.42,3.1220039685848877
2.53,0.17756496,4.07,2.0487394642342274
1.37,0.0,2.53,1.6688536860671832
0.0,0.0,1.37,0.2996832542448131
0.64,0.0,0.0,-1.9096311630504252
3.61,0.0,0.64,-1.2114154179520966
4.49,0.32241714,3.61,1.8909844808588547
5.65,4.9624205,4.49,3.169416794112386
9.04,8.28702,5.65,5.178041621140661
5.1,12.143312,9.04,8.587475289312163
8.38,13.327664,5.1,5.886737217363265
7.839999999999999,14.702277,8.38,9.037254112841048
13.25,13.9515505,7.839999999999999,8.932052769640203
13.08,16.516783,13.25,13.9767379755989
23.2,20.195993,13.08,14.09742095760713
39.55,27.043451,23.2,23.287275926275175
45.12,41.274,39.55,38.035430120295935
48.16,49.532524,45.12,44.383098316379105
52.41,54.19946,48.16,48.36248264663285
50.85,56.52287,52.41,52.06467441890685
51.4,51.63237,50.85,50.89421019550258
57.46999999999999,49.3476,51.4,52.058327296086226
56.99000000000001,59.034878,57.46999999999999,56.180160312803714
50.83,54.41093,56.99000000000001,56.457328222939395
49.22,57.62036,50.83,50.471672797868464
48.15,49.239273,49.22,49.31856357833951
60.910000000000004,46.488506,48.15,47.971621968059345
64.38,56.232872,60.910000000000004,58.4138274404835
70.19,59.148422,64.38,61.40485149244233
58.74,58.773613,70.19,67.83230529319917
61.26,60.963383,58.74,57.29170649514965
49.46,59.38764,61.26,58.95003208769571
66.14,46.013626,49.46,48.62968990375867
48.37,54.65737,66.14,61.787165475307106
49.09,48.729355,48.37,45.82516974579301
39.54,46.40865,49.09,46.058654866277784
41.18,36.67774,39.54,37.750394629119484
31.250000000000004,37.096584,41.18,37.758752887618854
34.91,28.975084,31.250000000000004,29.419578995214675
26.13,29.698797,34.91,31.140120179650587
22.89,23.676748,26.13,23.777242378754533
20.13,20.283762,22.89,20.410381740384878
19.15,17.258902,20.13,17.98247476927923
13.41,16.205091,19.15,16.721700437227646
10.79,12.740143,13.41,12.07148998949323
8.13,10.387153,10.79,9.110115653604039
7.82,7.968213,8.13,7.0585114855726045
8.45,7.441089,7.82,6.6070647199417545
5.75,7.70352,8.45,7.306881241786574
4.71,5.9136577,5.75,5.003447286747675
3.17,5.0083046,4.71,4.310445924612257
1.56,4.526889,3.17,2.877397088745811
1.17,3.996045,1.56,1.5964598375298307
0.62,2.7396781,1.17,1.280480559907516
0.5,2.5027912,0.62,0.7048906484770908
0.81,2.7060573,0.5,0.6603364809802886
0.09,3.1862538,0.81,0.9854896794406557
0.0,2.0986793,0.09,0.6266257462584938
1.0,0.0,0.0,0.45761596265712934
4.36,0.0,1.0,1.6064423239188508
4.02,4.3802304,4.36,4.737142832856688
8.37,7.967586,4.02,5.053185111041254
10.15,12.412148,8.37,9.203716853894527
13.16,17.426895,10.15,11.313849091431065
18.84,21.096422,13.16,14.41372737493951
15.860000000000001,24.449184,18.84,19.776891320115933
17.36,23.805489,15.860000000000001,17.66938448040906
23.34,25.071884,17.36,19.271909324560298
25.75,28.653671,23.34,24.333960079927074
26.33,30.957226,25.75,26.89602937449688
28.319999999999997,32.056816,26.33,27.788619303935477
28.67,34.60287,28.319999999999997,29.53997141705385
34.8,34.50675,28.67,29.9620937152092
51.31,37.21409,34.8,35.396571073149794
44.63,48.855553,51.31,49.80983344426451
54.37,49.53378,44.63,45.16453780875777
50.9,53.517303,54.37,54.344309534544706
60.949999999999996,52.015648,50.9,51.33338067079344
55.15999999999999,57.297237,60.949999999999996,60.159741367955725
60.14,56.580357,55.15999999999999,55.00439465373582
62.9,57.783607,60.14,59.062651613243624
56.73,59.20744,62.9,61.71706667942336
70.87,55.75051,56.73,55.96176720199071
75.2,64.36312,70.87,68.60880853636192
78.62,63.88674,75.2,72.49447144347255
75.54,68.202965,78.62,76.22886186099691
71.16,67.468346,75.54,72.90517620900457
66.93,61.77787,71.16,68.83225073777753
67.96,58.30026,66.93,64.57584138428047
63.54,59.158768,67.96,64.10155975212191
63.81,55.493324,63.54,59.62124467408453
55.400000000000006,56.231483,63.81,59.35808949224636
60.459999999999994,49.01492,55.400000000000006,51.72248774999482
58.13000000000001,49.660275,60.459999999999994,55.501995492320894
49.27,47.770355,58.13000000000001,53.38419695113498
51.62,43.408527,49.27,45.04652673288356
48.51,42.070175,51.62,46.503295285521915
28.3,38.409214,48.51,43.31396916417031
32.5,27.186478,28.3,25.71774142562712
28.29,25.380474,32.5,28.116637280312727
18.23,21.851519,28.29,24.00201155180175
15.860000000000001,14.646262,18.23,15.224647784040013
18.87,11.529885,15.860000000000001,12.659253942960728
11.26,12.560669,18.87,14.443943059995652
7.329999999999999,8.174295,11.26,8.887983780842577
4.21,4.0796514,7.329999999999999,5.145866933394769
3.8900000000000006,1.0224124,4.21,2.055210422169775
2.26,0.0,3.8900000000000006,1.8492378843513826
0.9899999999999999,0.0,2.26,0.4233380790169483
0.060000000000000005,0.0,0.9899999999999999,-0.6659269690725902
0.0,0.0,0.060000000000000005,-0.8796858160918387
1.14,0.0,0.0,-1.5897405870426853
2.98,0.0,1.14,-0.11719079695802603
4.98,1.0077766,2.98,2.05817782148447
7.090000000000001,6.7084255,4.98,4.292055832754188
10.3,10.979938,7.090000000000001,6.705302139551927
14.6,15.139577,10.3,9.913484837926921
19.22,21.364033,14.6,14.244029469994322
24.23,26.441057,19.22,18.91162654734656
29.41,31.617882,24.23,23.876416309148716
33.92,36.29318,29.41,29.075879299860453
38.95,42.470913,33.92,33.58232013969171
41.97,46.822987,38.95,38.54270925151668
50.38,48.995445,41.97,41.71359599884485
40.61,51.9133,50.38,49.701241423976214
50.89,47.691715,40.61,42.75077697279516
55.11999999999999,56.164543,50.89,49.81935533391326
44.92,59.78512,55.11999999999999,53.795684355703926
58.36999999999999,46.967396,44.92,46.6326684894216
72.4,60.724213,58.36999999999999,56.71790378174983
26.4,68.98976,72.4,69.59804149884408
69.75,43.593296,26.4,30.40119893373368
69.11,62.222378,69.75,66.53498223447626
71.24,65.54526,69.11,65.78534986327067
44.52,63.7547,71.24,70.09273021502698
35.27,59.502598,44.52,44.91772189725184
61.81,43.90517,35.27,35.1757329645822
73.26,45.58407,61.81,59.41401093634204
80.72,62.596283,73.26,67.69559824667091
76.37,67.864174,80.72,76.42264426385076
67.11,68.27401,76.37,73.55994496598288
48.1,62.551155,67.11,65.245444117173
61.46,50.12282,48.1,46.953834031943884
44.87,51.074173,61.46,57.78789219162049
50.82,47.891846,44.87,41.32347593128465
54.72,46.51009,50.82,46.101544944943015
50.23,46.3981,54.72,49.40884641631328
44.15,43.658108,50.23,46.184441407095704
52.27,38.68794,44.15,41.68857141030739
37.54,42.083744,52.27,47.2859069856792
38.42,33.865395,37.54,34.58342100999787
32.03,31.866865,38.42,34.51281370344252
27.550000000000004,26.9569,32.03,28.379147512076507
22.0,22.813156,27.550000000000004,24.30946427780183
23.24,17.764502,22.0,19.900125972854656
19.19,17.350292,23.24,19.41229195420921
15.95,14.344089,19.19,16.67808254647688
13.38,12.648062,15.95,13.59688075089197
9.22,10.911297,13.38,11.102379084205587
6.57,6.2456903,9.22,7.336003960055679
4.15,3.014162,6.57,4.85799456261811
2.7,1.1025321,4.15,2.385175977547423
1.7499999999999998,0.0,2.7,1.4261367123029025
0.02,0.0,1.7499999999999998,0.6084918951681737
0.0,0.0,0.02,-0.7030077556895059
1.74,0.0,0.0,-1.3386206328522308
3.8800000000000003,0.0,1.74,0.4801887256388247
4.13,1.6624328,3.8800000000000003,2.837366047607295
6.48,6.094942,4.13,3.7069721074486193
6.24,9.725109,6.48,6.336935490784652
7.870000000000001,11.291251,6.24,6.681565733957012
11.48,14.428016,7.870000000000001,8.536133997216872
15.879999999999999,17.080992,11.48,12.011271852049754
19.54,21.223413,15.879999999999999,16.440669986261714
20.0,25.679113,19.54,20.179007379416042
29.679999999999996,29.249226,20.0,21.085376764392333
24.6,34.528652,29.679999999999996,29.91875823017941
27.35,33.757584,24.6,26.10548924207157
55.470000000000006,34.984653,27.35,28.441773851151112
49.63,54.040874,55.470000000000006,52.67883846651147
52.26,53.960217,49.63,49.50049320781499
40.37,54.27509,52.26,53.471344490223935
39.23,46.56871,40.37,42.729786150139404
20.9,42.112644,39.23,41.40340630820197
50.35,32.11913,20.9,24.15106463076949
63.17,51.231075,50.35,47.27181427966252
60.28,59.947826,63.17,59.803628129037406
61.629999999999995,60.81399,60.28,59.91823999282159
31.65,64.60328,61.629999999999995,60.59724274286465
41.82,41.98828,31.65,34.492552643163286
40.23,40.264706,41.82,42.02980024954172
50.2,40.572773,40.23,38.40264880910392
65.99,42.6154,50.2,47.63472796841253
72.51,50.300915,65.99,62.47719935520101
73.11,63.754436,72.51,68.93426528760635
53.43,63.892555,73.11,71.46151244668923
46.86,56.64124,53.43,53.45353579230371
52.58,49.87423,46.86,45.48520603326773
69.81,49.025486,52.58,48.857397032816955
68.81,53.507694,69.81,63.893404716768465
67.53,55.496307,68.81,63.96899610631113
58.86,57.077522,67.53,63.99357274778521
56.97,50.76015,58.86,56.33735138375775
53.62,47.85212,56.97,53.99268444298303
50.82,44.717674,53.62,50.006610249440996
16.23,39.14979,50.82,47.30418043351983
8.66,21.863214,16.23,16.064511112094266
4.16,12.550427,8.66,7.44114790902918
6.6,5.5613885,4.16,1.8256862206735636
9.52,4.6553254,6.6,3.188764841333567
12.73,5.5274987,9.52,5.958721866211754
8.41,9.629695,12.73,8.728777208737284
11.92,8.1959715,8.41,6.393235842667781
8.42,9.065897,11.92,9.19355932880628
6.65,5.0963755,8.42,6.586534270885524
3.6700000000000004,2.7089725,6.65,4.874224204169194
3.24,0.3517223,3.6700000000000004,2.083164505281043
2.03,0.0,3.24,1.4325337097252446
0.33,0.0,2.03,1.316476050399844
0.83,0.0,0.33,-0.06736833723068214
2.46,0.0,0.83,0.20730332163807527
3.06,0.0,2.46,1.8071709438793921
4.96,4.6778245,3.06,2.8462299879134014
8.83,9.414448,4.96,4.952077587127739
10.19,13.590268,8.83,8.817471713753633
12.93,17.270933,10.19,10.089078591239215
20.76,22.246609,12.93,12.925306941001384
26.42,27.56787,20.76,20.28622810452295
27.13,33.51312,26.42,26.05160656640646
37.04,36.837975,27.13,27.51758743979069
42.44,43.931084,37.04,36.50539395677033
47.47,48.63627,42.44,41.88483581849837
52.09,52.25945,47.47,46.97027047573821
55.98,54.427006,52.09,51.411285030587536
56.4,57.709557,55.98,55.19058152334211
62.45,57.70829,56.4,55.9602018258069
67.52,60.730324,62.45,61.2175009745792
70.28,63.80117,67.52,66.02614437226111
64.88,67.48678,70.28,68.8177166393558
65.05,65.39206,64.88,64.08946434861411
65.05,64.57503,65.05,63.87926571237594
76.72,63.038624,65.05,63.511592720658925
45.41,70.48787,76.72,73.5605661392017
79.16,54.422142,45.41,45.828696901319105
71.14,68.87347,79.16,74.6525700424605
71.8,66.48042,71.14,67.82948903538998
56.529999999999994,68.979,71.8,68.90833723130211
36.96,59.32407,56.529999999999994,55.31570166984241
68.88,45.871063,36.96,36.193560582607056
64.21,57.18358,68.88,63.23213106846516
69.06,56.626297,64.21,58.76836920109595
73.72,62.086685,69.06,64.6281253743297
58.73,63.20522,73.72,69.04726854896555
46.47,56.61439,58.73,55.89992037393948
41.85,46.403297,46.47,44.65973116605974
37.96,39.41539,41.85,39.05180903629571
32.66,34.956017,37.96,34.06712054046749
32.05,30.234346,32.66,29.08463792983665
27.22,28.285946,32.05,28.033696501831894
23.36,24.178806,27.22,24.38762100263069
47.84,21.02384,23.36,21.364346734015392
24.49,33.391617,47.84,41.61956695523305
44.07,24.865042,24.49,22.871099079858336
35.18,33.41391,44.07,39.51969303583675
25.65,31.164175,35.18,31.528488982706797
10.47,23.795645,25.65,23.831175430228797
12.23,11.609839,10.47,11.054107114180098
10.01,9.503307,12.23,10.315249915409678
6.95,7.291539,10.01,8.611365823938936
6.48,4.030017,6.95,5.442667558961086
5.61,3.1696944,6.48,5.194799081949748
2.56,2.475259,5.61,4.463364016484835
1.12,0.15777004,2.56,2.155970576034046
0.0,0.0,1.12,0.4038179970775567
0.75,0.0,0.0,-0.9476181451936638
2.13,0.0,0.75,-0.3945801229243681
7.760000000000001,0.0,2.13,1.4184380231021578
10.08,6.37589,7.760000000000001,6.539069832235005
14.3,11.997059,10.08,9.892946378279458
24.18,18.784729,14.3,13.770020072458204
19.07,29.457006,24.18,22.981864418428255
10.5,29.57109,19.07,19.952070019261793
22.87,22.860113,10.5,12.99132423864048
26.71,26.349926,22.87,23.222424865961095
36.44,32.99445,26.71,26.324823741217042
27.07,40.159508,36.44,36.02142207824472
38.95,36.361248,27.07,28.81988990494448
53.13,41.884342,38.95,39.160135090022926
58.62,53.745026,53.13,51.95601466976978
55.79999999999999,61.57799,58.62,57.539877027242746
69.58,60.514694,55.79999999999999,56.02269935024444
63.47,66.07044,69.58,68.24709720080588
75.66,63.87586,63.47,63.360059860011305
37.72,69.41757,75.66,74.45747882913352
65.72,49.26331,37.72,40.87316596336725
78.71,60.28603,65.72,63.522048861151085
63.2,67.30215,78.71,75.16679583495048
52.26,66.344826,63.2,61.99183134923427
57.04999999999999,57.119583,52.26,52.57350265511109
38.53,56.643436,57.04999999999999,54.74733446434739
68.11,45.072468,38.53,38.44304811688906
75.02,58.701126,68.11,63.153844457724674
71.94,62.80353,75.02,69.6170154574222
67.96,63.970226,71.94,68.34694440112749
70.07,61.60638,67.96,65.39989525662698
65.33,60.546036,70.07,66.27398745248543
62.199999999999996,55.563427,65.33,62.74039164739203
57.99999999999999,53.065765,62.199999999999996,58.08184937245622
55.11,49.3609,57.99999999999999,53.314987280006726
50.95,46.212307,55.11,50.56551013237191
45.75,43.08523,50.95,46.67143812388521
43.05,38.30018,45.75,41.47404103305077
33.13,34.432415,43.05,39.1571798170707
30.14,29.13936,33.13,29.50857566201625
30.549999999999997,25.202995,30.14,26.259566825065782
22.53,23.27706,30.549999999999997,25.891559705936345
11.41,18.402027,22.53,18.73683492316342
17.2,10.507126,11.41,9.210435467435671
9.59,11.520458,17.2,12.716776724867131
4.15,5.650098,9.59,6.691560140036201
4.29,0.9163002,4.15,2.517462097376173
2.87,0.18307899,4.29,1.8679079565201233
0.9200000000000002,0.0,2.87,0.7443030367339345
0.0,0.0,0.9200000000000002,-0.49159515576016544
0.45,0.0,0.0,-2.7300513019311694
1.54,0.0,0.45,-1.5633908933416805
3.06,0.0,1.54,-0.02712720131727936
4.81,2.3229907,3.06,1.613006493659798
11.61,6.402472,4.81,3.840467706991702
16.83,12.559096,11.61,10.575018720227568
19.55,20.462477,16.83,15.166240688963253
7.88,27.036634,19.55,18.546137331798665
11.33,21.177597,7.88,10.099315464422128
15.83,19.546196,11.33,12.776793213675028
17.58,20.876127,15.83,16.53540407613842
24.0,24.333652,17.58,18.384738695557374
36.15,29.34054,24.0,24.458634100269744
50.17,40.153862,36.15,35.37703171136045
56.080000000000005,52.584442,50.17,48.56841620190225
60.63,58.897247,56.080000000000005,55.44779521315604
61.54,62.7817,60.63,60.402311391264725
66.69,62.81029,61.54,61.39142327146965
58.99000000000001,63.58027,66.69,66.06894095396052
70.28,56.711407,58.99000000000001,59.71755491053947
71.21,65.50964,70.28,68.8349127412013
72.94,67.06671,71.21,69.65485959017724
74.04,68.68525,72.94,71.49516390320782
68.41,69.23413,74.04,72.42929102450924
79.67,66.36589,68.41,66.93308551633754
50.62,60.479813,79.67,78.03649421430968
34.44,51.55306,50.62,51.204599549468234
62.75,41.86356,34.44,35.27129643340586
25.21,47.715855,62.75,58.41066312387587
41.48,35.944576,25.21,24.686063664442948
59.629999999999995,37.995304,41.48,38.7191289966302
62.800000000000004,43.673397,59.629999999999995,54.4019542855139
62.59,54.19349,62.800000000000004,57.921171148926796
56.980000000000004,54.533386,62.59,59.48547151131247
40.51,52.032715,56.980000000000004,53.23602142435477
51.07,33.537624,40.51,40.53852444535542
54.68,40.314384,51.07,46.60064998913447
55.3,39.52415,54.68,49.09124703293921
17.32,42.47673,55.3,50.676959493651566
21.79,23.016356,17.32,18.607531766836935
22.34,18.274244,21.79,20.23593385876943
21.57,16.15473,22.34,20.393529951880012
14.159999999999998,17.362242,21.57,18.637072734040384
9.91,17.537716,14.159999999999998,10.74451430429598
4.78,11.307236,9.91,7.973062911544457
5.32,6.169486,4.78,4.006031070759572
7.18,4.9449434,5.32,3.9984386310473403
12.93,5.6562557,7.18,5.731507404549513
9.74,8.630289,12.93,10.40087475080914
5.63,9.123441,9.74,8.179649546989276
1.95,6.7822576,5.63,4.909089670423829
0.53,2.3533263,1.95,2.254183679312059
0.2,0.0,0.53,0.6764378420714839
2.1,0.0,0.2,-1.7183088437359326
2.98,0.0,2.1,0.04757285586507853
3.27,0.84954834,2.98,1.6103969008955743
5.39,5.594108,3.27,2.5745636620235604
9.42,9.4088,5.39,5.077951965913347
10.45,13.933189,9.42,9.00329550000862
10.53,17.912516,10.45,10.339288462036311
11.47,16.928629,10.53,10.819770178607113
15.77,15.773155,11.47,12.026919598137042
22.45,16.960068,15.77,16.127468834529058
20.26,24.270481,22.45,22.159954982334277
31.41,25.363142,20.26,21.104478473200015
33.57,31.524609,31.41,31.20260549875061
31.84,35.630684,33.57,33.31845207023597
50.09,37.22969,31.84,32.57859036761341
50.69,46.137794,50.09,48.61483176312742
43.9,50.772617,50.69,49.59669825086805
47.01,48.365604,43.9,44.55699895187941
51.67,48.49783,47.01,46.74745424897752
43.56,49.69897,51.67,50.47878105592961
39.37,45.066807,43.56,43.78832539377388
62.25,41.67776,39.37,39.18751231124043
35.51,51.240498,62.25,58.81911115762922
27.54,42.822266,35.51,36.08857747828739
23.94,36.14726,27.54,28.296348673588287
37.24,27.967138,23.94,23.736193502325126
48.38,32.04216,37.24,34.84196415283844
30.03,40.52608,48.38,44.67455777207845
13.34,34.92074,30.03,29.064057182440877
24.29,21.82476,13.34,15.325366801966567
27.05,22.449675,24.29,23.44452503229135
12.75,23.929934,27.05,24.92161500473847
17.12,17.041351,12.75,13.101368611483968
7.18,16.987326,17.12,16.21031259422462
2.51,12.234645,7.18,6.825460339444675
2.92,6.585622,2.51,3.4882470830040164
1.44,4.6763144,2.92,3.3097541707080653
2.02,4.0629377,1.44,1.7040850271181802
5.17,4.3489003,2.02,2.2712619874152793
10.32,5.841379,5.17,4.823090164480732
10.69,9.41658,10.32,10.132828871241564
7.13,12.240411,10.69,11.291573384235885
4.53,11.99452,7.13,8.101661409759531
4.08,10.33107,4.53,5.790377410075681
0.9100000000000001,9.2477665,4.08,5.320672315531188
0.9299999999999999,7.4161916,0.9100000000000001,2.163364734474922
0.54,6.419198,0.9299999999999999,2.270781235073792
0.9899999999999999,6.6897717,0.54,1.7211505318966709
0.82,6.9352903,0.9899999999999999,2.020899400392402
0.39,7.0619907,0.82,1.900027467145018
0.27,5.685548,0.39,1.5817690941303661
0.23000000000000004,5.5693502,0.27,1.4958266454540643
0.13,5.3732834,0.23000000000000004,1.1560151929736193
0.08,4.607086,0.13,0.8555366977151725
0.23000000000000004,2.6362967,0.08,0.6684496539470927
0.9899999999999999,0.0,0.23000000000000004,1.4444293482726416
2.09,0.0,0.9899999999999999,2.295608956662882
2.63,3.0413396,2.09,3.577092232031575
2.11,7.4808674,2.63,4.319456687616093
2.29,8.718634,2.11,4.115389859611693
2.23,8.729334,2.29,4.419300741324808
0.67,7.6655235,2.23,4.4795291234071675
1.52,6.3630176,0.67,3.263445589320897
1.18,6.0962996,1.52,4.088646625381503
1.5,4.9537406,1.18,3.980507336932189
3.21,3.927065,1.5,4.436983589077266
4.37,6.0133014,3.21,6.012900120776947
7.81,7.060531,4.37,7.278451562916762
47.01,9.7388735,7.81,10.418263869804509
58.78,36.194595,47.01,44.658841263149164
76.46,53.982777,58.78,57.112771540264795
50.52,62.352837,76.46,76.77366914073602
46.7,57.889427,50.52,54.39965288939691
77.1,51.853462,46.7,50.19223095389441
73.44,63.738354,77.1,75.55979699219242
47.67,66.08839,73.44,72.28433145254373
54.03,55.890976,47.67,50.228976424099855
48.48,52.66923,54.03,54.49224271291814
64.42,51.980732,48.48,48.011814857350444
68.03,58.02423,64.42,61.26799136366044
46.27,55.066692,68.03,66.37782809132283
51.2,50.853237,46.27,45.91848745492302
59.39,49.299496,51.2,49.75641567384962
48.87,52.12463,59.39,55.297460575243925
49.44,43.361656,48.87,47.46153621985316
56.77000000000001,40.332108,49.44,48.01954300115613
53.25,48.52617,56.77000000000001,51.826820333738425
53.77,43.241795,53.25,49.90855750842302
51.33,40.52902,53.77,50.91820547039312
35.68,39.109856,51.33,47.862205235154526
19.87,35.10142,35.68,33.44597637887274
22.35,21.172043,19.87,18.71892839685753
18.15,17.231627,22.35,18.722976108713386
13.48,12.433994,18.15,15.078761942986542
18.1,9.90479,13.48,11.012728395077524
18.28,13.321551,18.1,14.337962933716993
19.94,13.808174,18.28,15.069534209308001
10.01,15.674926,19.94,16.867351806646568
8.95,11.5927925,10.01,8.649342337279041
8.01,9.318882,8.95,7.546500890969648
4.77,7.0702634,8.01,5.9532407675145365
2.63,4.2561226,4.77,2.53965506542046
1.68,1.6469036,2.63,1.0006580158869363
0.9100000000000001,0.62354004,1.68,0.5744406712974779
0.07,0.0,0.9100000000000001,0.19815141624674112
0.0,0.0,0.07,-0.5120957480470929
0.0,0.0,0.0,-1.1922924799349153
1.54,0.0,0.0,-0.8719836114575528
2.65,1.3471023,1.54,0.7867480450416214
7.309999999999999,5.231279,2.65,2.1788681584871727
8.63,10.313598,7.309999999999999,6.874736809127489
8.28,14.12142,8.63,8.666794394169875
8.84,16.705729,8.28,9.074342985975294
11.91,15.659035,8.84,9.934236789206329
13.9,16.127825,11.91,12.829075319486646
16.03,17.793549,13.9,14.655421777003932
19.27,21.340237,16.03,16.943526586026106
21.81,23.01428,19.27,20.202087750773483
18.19,25.960676,21.81,22.574722554815587
24.46,23.538868,18.19,20.061258465132642
31.84,27.794312,24.46,25.467525651328312
27.25,34.436478,31.84,31.87286311012243
53.18,33.293396,27.25,28.668805263476944
35.62,49.64657,53.18,51.00859717030918
26.79,43.94556,35.62,37.11920973838739
24.94,36.097054,26.79,29.853996649363925
10.37,30.941013,24.94,26.855538014817945
18.07,19.167007,10.37,13.059540727391074
35.86,19.400156,18.07,19.250494758725303
38.91,31.175232,35.86,33.642177549149
46.96,38.248493,38.91,37.934029743104055
29.120000000000005,45.130665,46.96,46.2278757200349
45.18,36.7217,29.120000000000005,30.997491766565346
53.07,39.967148,45.18,44.82463686782934
50.38,44.323498,53.07,51.540845707794446
46.91,47.09391,50.38,48.780429631871506
41.42,45.360794,46.91,46.18241993301076
55.21000000000001,38.17149,41.42,41.37018321565721
24.07,44.371326,55.21000000000001,53.15234040538465
61.69,30.200106,24.07,26.03602029381802
26.05,49.634983,61.69,57.425931471132955
29.43,32.457832,26.05,26.897464562472663
49.97,31.297085,29.43,29.22001010537462
45.08,38.088142,49.97,45.6310769907131
21.71,40.63152,45.08,41.21652301215112
35.91,28.159487,21.71,22.741494346318746
30.549999999999997,29.620806,35.91,33.060803292734626
18.52,31.21746,30.549999999999997,27.407273839928095
20.89,20.087528,18.52,18.184815904553183
27.52,18.520802,20.89,19.20788853271302
24.17,21.537975,27.52,23.847063614254907
30.759999999999998,22.10427,24.17,21.6933684280876
23.3,21.80528,30.759999999999998,27.488967683007107
16.83,19.871239,23.3,21.21520694442331
8.93,16.017618,16.83,15.754066629829849
8.53,10.576479,8.93,7.879241339237899
5.92,5.693319,8.53,6.7792140116868085
4.08,2.6741145,5.92,4.644305973511108
3.0,2.3127272,4.08,2.3524799558378806
1.71,1.9098632,3.0,1.6592441890806697
0.060000000000000005,0.057526723,1.71,0.8742934317719595
0.84,0.0,0.060000000000000005,-0.5120978291967636
1.79,0.0,0.84,-0.4803412115843163
2.41,0.0,1.79,0.5534641954564834
3.6300000000000003,2.4073787,2.41,1.6098054427105024
4.61,5.302459,3.6300000000000003,3.043132910124719
1.9400000000000002,7.409398,4.61,4.443996615480569
1.52,8.612766,1.9400000000000002,2.8656315764929774
0.0,6.9432354,1.52,2.7160212994090416
0.0,3.231624,0.0,1.3933576304845243
0.0,1.4198074,0.0,1.5983200706982712
0.81,2.4979503,0.0,1.7298930758903701
0.63,3.2427995,0.81,2.5740534967485655
1.31,2.9102173,0.63,2.79950094195665
7.280000000000001,2.7464864,1.31,3.6783243397082805
9.57,8.408408,7.280000000000001,9.044717853267416
12.74,12.618952,9.57,11.516870270102142
31.52,16.0858,12.74,14.968969984431855
43.37,29.521582,31.52,31.322684778954518
53.57,42.99994,43.37,42.86291491540252
69.37,52.64639,53.57,53.33078052384978
65.42,64.52685,69.37,68.44970666383446
60.529999999999994,62.10859,65.42,66.1535342225246
39.19,60.053104,60.529999999999994,61.98957857353201
55.0,46.988953,39.19,42.0983644650402
53.87,50.95398,55.0,54.17551226284182
34.03,52.48746,53.87,52.46639844282564
40.94,43.334316,34.03,35.05292419595964
62.24000000000001,43.342102,40.94,40.533512337446744
40.61,53.25431,62.24000000000001,58.57780535780612
38.38,45.890305,40.61,40.60175197044595
29.460000000000004,42.66777,38.38,37.98708002052764
38.21,34.39568,29.460000000000004,28.76780577215325
54.47,35.35668,38.21,35.491701583862245
36.68,42.164722,54.47,49.69036025058814
25.61,38.556072,36.68,34.39912311696187
19.66,28.543663,25.61,25.766017992607825
37.77,21.578173,19.66,18.92683300527833
40.52,28.71898,37.77,33.37976708041419
23.04,29.687105,40.52,36.99121782167878
25.24,24.88743,23.04,21.98723598666153
11.16,23.558636,25.24,23.023582781920343
12.25,13.031452,11.16,10.963326171397526
18.89,10.2061205,12.25,11.238248473816018
13.7,13.679445,18.89,16.461239507426665
15.520000000000001,14.465853,13.7,11.864785234810105
6.65,16.58433,15.520000000000001,13.847313795168189
4.27,11.634445,6.65,6.293613010066333
5.65,8.062645,4.27,4.3290376133701045
6.97,7.945449,5.65,5.20913372792967
2.62,9.2471895,6.97,5.559705389876235
3.1,5.868637,2.62,1.9030799911636214
2.3,4.5162582,3.1,2.470575889138371
0.56,3.7152743,2.3,1.9709253789680115
0.0,2.41543,0.56,0.6073547029513225
0.0,0.0,0.0,-0.7793086277012685
0.0,2.2239645,0.0,-0.877671563986775
3.82,5.622636,0.0,-0.3626301351959961
3.87,8.062417,3.82,3.3254039336197927
2.67,8.872733,3.87,3.9073945315556005
7.419999999999999,6.8249745,2.67,3.415598605272062
5.84,8.758298,7.419999999999999,7.568262975938238
5.59,6.90942,5.84,6.735752715894978
6.06,6.5746856,5.59,6.9613177206754395
3.4999999999999996,5.619112,6.06,7.401075037317489
3.18,4.503543,3.4999999999999996,5.478294349175717
2.63,4.4515643,3.18,5.144613986526086
1.14,3.6590247,2.63,4.648958726822709
5.26,2.240655,1.14,3.504265935876361
13.18,5.928593,5.26,7.0298077719785566
22.38,11.629205,13.18,14.15149473417601
8.96,20.865551,22.38,22.826391543696413
5.74,16.510605,8.96,12.239751819031987
2.14,12.561793,5.74,9.15255893972286
3.4600000000000004,7.8878074,2.14,5.415698300797905
9.37,5.502596,3.4600000000000004,5.918277852030051
9.99,7.9652042,9.37,10.7585804205882
3.3,11.319574,9.99,11.485410116793386
5.06,8.82032,3.3,6.544014751337934
5.4,8.438008,5.06,7.88924412314415
5.33,7.942832,5.4,8.073441282532391
12.05,8.646694,5.33,7.772861970522132
16.22,12.987386,12.05,13.272261080077252
7.360000000000001,17.471853,16.22,16.911644643493425
13.98,13.408581,7.360000000000001,10.420647245259628
3.95,15.251803,13.98,15.885514498678807
2.84,11.5201435,3.95,6.94444569860369
7.77,9.713819,2.84,5.549268185733605
25.59,11.685507,7.77,9.01310149312123
20.84,20.513973,25.59,24.272900675451417
22.57,22.578321,20.84,21.688545603840193
30.17,25.6133,22.57,23.42821001085932
21.81,28.542734,30.17,29.960707706473872
21.87,24.739735,21.81,22.72122445632357
18.38,23.50249,21.87,22.453268114895952
12.22,21.45438,18.38,18.48842070524718
10.72,17.19046,12.22,13.008658147576973
8.17,13.949624,10.72,10.998168130356087
7.77,11.435266,8.17,8.195002262371105
6.43,10.421775,7.77,7.732100679843831
4.65,10.020602,6.43,6.265722843989564
3.11,7.494115,4.65,4.195018879763516
1.0,5.1781616,3.11,2.7918315971119334
1.39,3.0652487,1.0,0.6825382247983974
0.25,2.4070766,1.39,0.5645852579241261
0.0,0.018322887,0.25,-0.37433539169878716
0.47,0.0,0.0,-1.0590521575378675
1.2,0.0,0.47,-0.35205937605097326
2.49,1.3196502,1.2,0.5905971137126604
2.65,4.492481,2.49,2.1116228278144145
5.25,5.219731,2.65,2.5176977830620246
8.36,7.712533,5.25,5.03249199758687
5.13,9.056526,8.36,8.15302251167917
4.5,6.2509537,5.13,5.962539074678912
6.48,4.4407396,4.5,5.621196037024753
16.28,6.09623,6.48,7.390787720499311
15.97,12.0326,16.28,16.15269849747646
9.35,15.825093,15.97,16.708433151730098
26.55,13.296493,9.35,11.459935210510588
17.92,23.718348,26.55,26.130935538647066
10.98,22.604523,17.92,19.344303700375413
9.91,16.304003,10.98,13.76007271896291
12.11,13.3007,9.91,11.75470495787251
29.889999999999997,11.775613,12.11,13.585397261484268
14.98,22.705278,29.889999999999997,29.19242605119278
8.63,20.200903,14.98,16.761132259658474
12.96,14.269745,8.63,11.860818266330195
7.360000000000001,14.759518,12.96,14.827282740603918
4.32,10.34322,7.360000000000001,9.495313616308275
3.6700000000000004,5.930061,4.32,6.850783579501339
3.04,4.3875613,3.6700000000000004,5.669123019545678
7.419999999999999,4.0655727,3.04,4.8399762037999725
11.48,5.9338365,7.419999999999999,8.863205019194321
15.99,9.146906,11.48,12.738195169149671
18.22,14.09718,15.99,17.165511588191375
15.730000000000002,17.658257,18.22,19.392440750014963
5.53,17.480627,15.730000000000002,17.292504564001945
8.23,10.149919,5.53,8.803376538469362
5.19,9.176134,8.23,10.367333686955318
6.83,7.1566257,5.19,7.140561580431115
6.73,7.378968,6.83,8.520832097732063
8.26,8.57578,6.73,8.362133769310393
13.26,10.597408,8.26,9.602499990680023
13.43,13.398883,13.26,14.386132282916632
10.33,15.701754,13.43,14.696289093709838
9.71,15.277444,10.33,12.091139711337002
9.52,14.488512,9.71,11.179050361223009
12.65,12.501634,9.52,10.646364390726578
14.81,13.569319,12.65,13.199330826593876
12.56,15.799542,14.81,15.115084517336077
17.15,16.377308,12.56,13.149424648713595
16.97,17.634888,17.15,17.08596232561159
17.07,17.674889,16.97,16.98453391642226
7.8,17.860306,17.07,17.01544228236018
6.95,12.89115,7.8,8.862733443724856
7.02,9.189195,6.95,7.257577592846932
3.9199999999999995,7.2446404,7.02,6.670996711020057
3.48,4.6175747,3.9199999999999995,3.7657923739444312
1.23,4.22563,3.48,3.2081746959607966
0.0,1.7069327,1.23,1.098446554145721
0.48999999999999994,0.0,0.0,0.6009108062751591
1.89,0.0,0.48999999999999994,0.9841198686288803
5.55,2.506269,1.89,2.3658513330512774
11.53,6.874413,5.55,5.818744050157838
10.64,13.200495,11.53,11.2918332391159
13.54,17.2784,10.64,11.316089266228227
20.05,18.980745,13.54,14.591931300975395
12.78,23.18113,20.05,20.083153260682238
23.25,19.229078,12.78,14.728049831501464
15.79,26.247847,23.25,23.584176615468856
21.57,22.759602,15.79,17.707091215539222
44.65,24.282127,21.57,22.892194180720995
48.24,40.126045,44.65,42.6280270793644
53.66,48.9752,48.24,47.28677064076384
51.67,55.757435,53.66,53.56285266025775
51.2,56.665833,51.67,51.978625444886795
49.98,49.376705,51.2,52.43757689261683
39.57,45.52199,49.98,51.51653540439936
64.73,42.02464,39.57,41.15693895149923
29.440000000000005,58.13674,64.73,61.66270233765826
75.66,41.66137,29.440000000000005,31.816025458782462
46.68,60.016006,75.66,71.99985559963325
38.47,52.552647,46.68,47.18295351637937
72.45,48.066868,38.47,40.19939668478464
51.66,57.5982,72.45,68.68466089233607
49.37,53.442722,51.66,50.26272741455876
74.32,49.34952,49.37,49.55309442949122
61.81,55.65346,74.32,70.02637078159687
66.26,56.083622,61.81,58.911410613793116
54.59,58.609608,66.26,64.11939158036739
14.999999999999998,46.884037,54.59,53.8375222683479
53.75,27.445795,14.999999999999998,17.609128211277554
64.25,37.031193,53.75,49.78481833650578
67.12,47.7493,64.25,56.861094460629836
64.55,53.594517,67.12,62.479708298335474
40.63,55.11637,64.55,61.18930202581015
42.97,40.95063,40.63,39.55188715803966
17.59,35.26859,42.97,41.59349054629427
13.829999999999998,20.473166,17.59,17.43238464662664
53.46,14.324773,13.829999999999998,11.921352155786389
21.24,32.567017,53.46,45.033963025877036
31.41,24.018888,21.24,19.024468064714235
41.39,27.347752,31.41,28.649256166611213
36.76,30.798315,41.39,37.08638956023621
33.02,30.144419,36.76,33.097333816598436
24.9,26.916012,33.02,30.340571014619236
20.22,22.5059,24.9,21.411153362875112
12.99,15.067826,20.22,17.63476004456173
7.13,8.30888,12.99,11.259513318425507
0.19,3.5960085,7.13,5.382131509925671
0.43,0.0,0.19,-0.4534423412360544
0.0,0.0,0.43,-0.6412131327222184
0.0,0.0,0.0,-2.7991732851960833
0.0,0.0,0.0,-1.5879681908928267
0.0,0.0,0.0,-1.29514915613233
0.39,0.65921116,0.0,-1.3369136232853411
0.56,1.5424618,0.39,-0.18953576344309622
1.54,3.6972206,0.56,0.4649020518008628
4.01,4.6884575,1.54,1.8948819376236103
5.64,6.1328917,4.01,4.542356045140186
8.18,7.903629,5.64,6.486005825011276
5.77,11.929717,8.18,9.296551971064817
8.77,12.223143,5.77,7.611220908010179
13.81,13.430913,8.77,10.379185184814238
18.66,15.291393,13.81,15.181026453298644
22.64,23.067152,18.66,19.681617067534596
27.999999999999996,27.07321,22.64,23.883203141159633
44.94,30.999784,27.999999999999996,29.117332771446065
53.41,42.351086,44.94,44.2818825026421
49.42,51.96742,53.41,52.91389818345728
36.05,53.561237,49.42,50.58779886428791
40.38,45.18266,36.05,38.987289580687566
22.51,42.74915,40.38,41.64746236919585
20.03,32.079266,22.51,25.66804234989388
26.37,28.271729,20.03,21.94038794738629
56.67999999999999,30.645197,26.37,26.08761424688553
52.12,46.7825,56.67999999999999,52.8977985159211
71.23,50.343315,52.12,51.075619756075696
74.61,61.85132,71.23,69.1168533753233
40.95,63.105217,74.61,72.95511265466249
58.55,48.23136,40.95,43.6403715263185
78.1,49.24935,58.55,57.24125578485146
82.41,56.82435,78.1,73.1630248284023
51.35,61.964115,82.41,78.89701908266102
29.490000000000002,55.17488,51.35,51.209845860265794
36.45,36.56719,29.490000000000002,31.400095055660977
55.44,32.21035,36.45,35.47047941906752
74.69,38.851032,55.44,50.745259836689925
35.96,52.80989,74.69,67.73249866206427
41.44,41.30962,35.96,35.06199501277451
55.019999999999996,40.35659,41.44,38.49356932907674
37.25,40.634827,55.019999999999996,49.59456501248877
26.81,32.269794,37.25,35.016433560951306
39.23,29.595991,26.81,24.25038189573473
36.17,31.221718,39.23,33.3066945244202
19.7,28.622643,36.17,31.232308389900673
10.47,18.655998,19.7,18.1353657889677
11.94,10.311017,10.47,9.503136258055767
13.26,8.307136,11.94,9.60648716507566
10.42,8.770454,13.26,9.779235998206001
8.21,6.618153,10.42,7.144325128278309
5.57,4.0819335,8.21,6.019115810915165
3.6800000000000006,2.8508854,5.57,3.943007152542757
1.49,2.3685606,3.6800000000000006,2.0177981321272793
0.0,0.050265387,1.49,0.14736992578479907
0.69,0.0,0.0,-1.3445856891690915
2.61,0.0,0.69,-0.5982025189512299
3.9599999999999995,0.8945547,2.61,1.61519989291062
5.53,4.979985,3.9599999999999995,3.498703625059462
10.74,8.384174,5.53,5.534034389571288
10.65,15.265336,10.74,10.512910968564317
19.31,18.249521,10.65,11.112489133349568
33.62,23.101158,19.31,19.037237731110572
34.19,36.16098,33.62,31.53564103677031
37.25,42.365562,34.19,33.66890927241867
44.74,44.767105,37.25,37.50939213849651
48.71,49.045605,44.74,44.11429158071053
53.39,52.11634,48.71,48.12635597651517
56.830000000000005,56.365917,53.39,52.77189103696395
60.870000000000005,59.329487,56.830000000000005,55.95192611088784
65.3,61.916042,60.870000000000005,59.867789596390196
66.7,64.70949,65.3,64.03925665979583
43.33,66.90059,66.7,65.45524172232916
36.78,53.86842,43.33,45.235068494679126
81.95,46.13661,36.78,37.98639143793309
82.03,60.58667,81.95,75.57080719432261
38.63,67.65532,82.03,78.2764513936624
68.94,53.70937,38.63,42.253125230350165
36.07,57.60142,68.94,67.2449626922784
62.309999999999995,43.91011,36.07,37.495612380416034
80.92,58.53633,62.309999999999995,59.051742978578744
49.88,64.183,80.92,75.43079747070803
31.120000000000005,55.081116,49.88,48.42045195211407
57.99999999999999,40.218594,31.120000000000005,32.51608437306665
49.58,45.403522,57.99999999999999,52.68324636785614
67.57,40.809666,49.58,46.936566867650576
49.14,51.983566,67.57,62.62779224177276
63.209999999999994,44.261024,49.14,45.90016863922949
23.97,49.63585,63.209999999999994,58.0854675874935
12.92,28.258001,23.97,25.30514231861606
15.679999999999998,17.866907,12.92,12.636792544495886
16.93,13.030998,15.679999999999998,13.78740695405824
22.25,13.679222,16.93,12.925272249582541
26.62,17.071041,22.25,17.918243644507818
12.88,20.209929,26.62,22.669945886812876
6.29,14.120684,12.88,12.647820903753843
8.8,9.92432,6.29,5.93934393773725
3.45,8.016977,8.8,7.403434030909454
1.63,4.3427296,3.45,1.8413871954461718
2.07,0.56325585,1.63,0.5862717419349495
0.29,0.95257896,2.07,0.2531078320452279
0.0,0.0,0.29,-0.40679094246419967
0.78,0.0,0.0,-1.6315232148259478
2.35,0.0,0.78,-1.0225826767791972
2.44,0.43164206,2.35,0.9314459571933456
2.69,4.6019635,2.44,1.5794097548346173
3.27,6.5933633,2.69,1.9599680405806752
6.84,8.655106,3.27,2.997648911513169
8.82,10.689004,6.84,6.724103599021749
6.33,11.998577,8.82,8.882416117429845
13.81,10.859967,6.33,7.48759087264225
12.08,16.769283,13.81,14.098855793242217
16.45,17.280926,12.08,13.246588230010708
6.41,19.55354,16.45,17.618852214691252
11.36,13.1945,6.41,8.991028758032364
14.789999999999997,15.098617,11.36,12.882215555176364
13.17,17.27531,14.789999999999997,15.885887907745143
12.29,16.745495,13.17,14.817111635619398
7.07,14.954372,12.29,14.570315815866074
7.82,13.081197,7.07,9.826514854862493
12.26,12.560227,7.82,10.29439243271621
21.14,13.989478,12.26,13.88398783568807
15.860000000000001,20.298893,21.14,21.777560078225644
12.36,21.100695,15.860000000000001,17.910396532867786
25.06,18.209665,12.36,15.103741535380086
22.66,23.207787,25.06,25.75217992910052
29.14,22.932983,22.66,24.12615665406678
26.12,27.274113,29.14,29.968839816438166
17.02,27.523869,26.12,27.05978165567196
25.57,20.548565,17.02,19.655416780173965
40.34,22.569807,25.57,26.239497748055747
46.79,31.46239,40.34,38.755350370772135
46.37,38.259567,46.79,45.827454007379494
37.7,41.91177,46.37,46.03772090764246
43.05,38.307728,37.7,38.44732515061052
26.37,36.396484,43.05,43.26145547294463
23.37,27.388596,26.37,28.370128266023407
28.490000000000002,24.855415,23.37,23.90894613592895
41.72,26.001421,28.490000000000002,27.153852254671904
38.52,31.998652,41.72,38.60653971856051
36.47,34.682434,38.52,36.44584049429348
28.910000000000004,33.595287,36.47,35.444287724342544
30.73,27.98421,28.910000000000004,28.82287832191717
18.53,25.294125,30.73,29.42876353395006
13.22,17.46985,18.53,18.181019641998898
9.98,12.018605,13.22,12.4655162133067
14.59,8.677529,9.98,9.02265941470897
24.01,8.820022,14.59,12.285124077321539
12.6,13.949135,24.01,20.941518418107453
17.33,12.297212,12.6,11.761381822824037
15.16,15.771851,17.33,15.040615694721943
4.73,12.733954,15.16,13.007480194224561
4.14,5.218022,4.73,4.3661279424557184
2.59,2.2516108,4.14,2.9643737277045155
1.91,0.37084353,2.59,1.0311743834210891
0.09,0.0,1.91,0.571386349138257
0.72,0.0,0.09,-0.8339120696707405
3.11,0.0,0.72,-0.4585985731271259
5.76,0.0,3.11,2.0748811866149866
6.09,5.1753044,5.76,4.658473756089757
7.83,10.053282,6.09,4.924529046934927
10.02,12.275852,7.83,7.441207561968086
9.71,14.312581,10.02,9.594341398879026
18.57,15.957467,9.71,10.002618545860173
20.68,21.785763,18.57,17.731147112694238
23.25,27.00751,20.68,20.056506333607416
19.7,29.410889,23.25,23.23092678525558
26.67,28.274612,19.7,20.918813995788174
24.58,31.374105,26.67,26.742430023433332
31.829999999999995,30.396542,24.58,25.32585557099904
33.35,34.63694,31.829999999999995,31.60084895805452
22.46,37.524166,33.35,33.27190333209348
23.27,30.941145,22.46,24.33763614466742
29.71,28.759005,23.27,24.73380040392411
39.72,31.525812,29.71,29.67554773363536
46.07,39.55222,39.72,38.86426763832984
42.28,47.021114,46.07,44.772896350150376
44.18,46.374325,42.28,42.148478175619886
54.38,45.01359,44.18,44.295784885319186
55.15999999999999,49.474266,54.38,53.126257671564815
42.69,51.407814,55.15999999999999,53.902409642272175
35.72,44.48318,42.69,43.23511130678043
41.76,38.3541,35.72,35.98133119179076
44.78,39.090397,41.76,40.424822692003524
59.11,40.288933,44.78,43.01270261031012
55.39,48.771854,59.11,55.87518566671831
47.8,50.417923,55.39,53.22643045825248
39.69,46.932976,47.8,47.162761281728294
42.72,39.87702,39.69,39.35025752547179
40.67,38.464832,42.72,40.845282541786936
51.22,35.683712,40.67,38.758123431787126
41.6,41.409344,51.22,47.189555863209115
37.82,37.516964,41.6,39.23549779237074
28.509999999999998,34.455757,37.82,36.23730603412721
21.92,27.130718,28.509999999999998,27.957173715210843
21.55,21.099392,21.92,21.054346670202563
17.57,18.491405,21.55,19.935114171777357
14.709999999999999,15.603006,17.57,15.4985931145261
16.54,12.343121,14.709999999999999,13.096855451731873
16.75,11.509633,16.54,14.786554234777679
19.02,11.710611,16.75,15.283565280136946
14.190000000000001,13.916323,19.02,17.327825855517624
9.79,12.430212,14.190000000000001,13.286923174893115
6.64,8.914651,9.79,9.246524836629206
8.38,6.0587306,6.64,6.318089564776717
7.680000000000001,5.9216237,8.38,7.308380231729918
4.11,5.5323577,7.680000000000001,6.7234051445826655
2.99,2.418889,4.11,3.870301137831
2.22,1.1703387,2.99,2.8953544230652803
0.34,1.0080843,2.22,2.1675994960026883
0.0,0.3035311,0.34,0.5890876292756421
0.0,0.0,0.0,-1.666350693147158
0.41,0.0,0.0,-1.5015050962798975
1.8599999999999999,1.9869998,0.41,-0.8184105612089947
1.47,5.341593,1.8599999999999999,0.8946605932631491
2.6,5.840145,1.47,1.140210720070605
3.66,5.934142,2.6,2.5349752251116087
7.170000000000001,7.116208,3.66,3.722444769687261
4.19,8.010662,7.170000000000001,7.081982382464981
2.68,6.5384526,4.19,5.01401879559223
2.47,4.0632453,2.68,3.91548527051187
2.26,3.9706903,2.47,3.716168284610988
3.51,2.43527,2.26,3.6090527983735408
3.69,2.18202,3.51,4.876785309739914
4.89,2.218171,3.69,5.224594623461622
8.87,4.783142,4.89,6.566388362531671
7.430000000000001,7.989024,8.87,10.210268455512086
9.97,8.384144,7.430000000000001,9.434865174696686
10.83,9.785202,9.97,11.785482974772624
10.01,11.781069,10.83,12.614963711561376
12.16,11.991437,10.01,11.955222093151479
11.95,11.574938,12.16,14.141118822974107
17.55,11.370767,11.95,13.921628396622493
17.11,17.463184,17.55,18.645034317708404
24.67,17.01,17.11,19.048756433213722
25.84,22.546314,24.67,25.64951916435865
21.28,25.526014,25.84,26.932893071303543
19.53,25.041302,21.28,23.16553392280685
15.009999999999998,22.90645,19.53,21.464174568982305
22.62,18.59687,15.009999999999998,17.07187246064037
15.020000000000001,21.383821,22.62,22.949773074664648
13.25,18.584942,15.020000000000001,16.61191157349001
10.25,16.749294,13.25,14.903711272742864
10.3,14.423254,10.25,12.015490932623237
3.36,13.3330965,10.3,11.57183350353517
4.9,8.547806,3.36,5.549221437647559
4.68,8.30385,4.9,6.206469982004481
7.04,7.5496216,4.68,5.8418917379900535
5.19,8.317267,7.04,7.831919436407597
9.68,7.400813,5.19,6.291120980563115
8.68,9.621197,9.68,10.189220447727166
12.36,10.044203,8.68,9.69400106366743
6.24,12.756723,12.36,12.666856457909033
3.23,9.894825,6.24,7.679343353353118
4.74,8.011861,3.23,4.656908456736224
3.29,8.161137,4.74,5.587129223444134
4.38,7.4673343,3.29,3.9651380966840972
3.0,7.466799,4.38,5.00254094278776
3.4,7.401288,3.0,3.637801102397895
1.63,8.177234,3.4,4.001781496921846
2.75,7.9980574,1.63,2.3983780735081077
2.01,7.0913076,2.75,3.144374790543842
0.9899999999999999,6.509227,2.01,2.3504575293367123
0.71,5.792269,0.9899999999999999,1.2956301652433848
0.07,5.6042933,0.71,0.883298748522742
0.0,3.2676842,0.07,0.26650122992866127
0.0,0.0,0.0,-0.3209903645059884
0.64,1.9881676,0.0,-0.2548307570040126
1.4,3.8895168,0.64,0.563930172468485
1.8400000000000003,4.979634,1.4,1.3794668544172737
1.26,6.6939063,1.8400000000000003,2.051780651359988
2.96,5.1749363,1.26,1.8429542799839722
3.9199999999999995,3.7725747,2.96,3.4960108285724862
4.17,1.851816,3.9199999999999995,4.5232025968245715
1.88,3.5904365,4.17,5.102086444481497
3.6700000000000004,2.2488227,1.88,3.367636343061176
3.4700000000000006,2.39341,3.6700000000000004,4.973443693171602
3.03,1.9424303,3.4700000000000006,4.975676436953934
4.17,3.4168913,3.03,4.670499965099444
4.46,3.779309,4.17,5.788813687566368
6.04,3.690624,4.46,6.180167887528017
6.9,4.291233,6.04,7.777977698508265
3.8900000000000006,6.5912743,6.9,8.655426779541239
9.43,5.289684,3.8900000000000006,6.291229054039477
9.16,7.459062,9.43,11.059808383012875
7.700000000000001,8.442177,9.16,10.99596213784712
4.57,9.194597,7.700000000000001,10.03545846750671
5.5,7.256035,4.57,7.260668965507663
8.38,6.5364037,5.5,7.779076768383504
5.94,7.573826,8.38,10.308406410916225
4.85,8.088916,5.94,8.172767206146295
6.22,7.633572,4.85,7.265435300654006
3.8800000000000003,7.869277,6.22,8.363160930953597
5.52,6.6313157,3.8800000000000003,6.345467610030476
3.08,7.445186,5.52,7.664439386359657
4.43,6.8950915,3.08,5.4724088249946865
2.39,7.44026,4.43,6.488473257426006
3.6,6.5437517,2.39,4.708537596875264
3.9199999999999995,6.8893614,3.6,5.638397694069906
3.7499999999999996,7.583916,3.9199999999999995,5.9490197928334405
3.6700000000000004,8.260766,3.7499999999999996,5.6940338532072
3.43,8.556964,3.6700000000000004,5.62506364669157
2.68,8.467324,3.43,5.296699780398488
1.21,8.266844,2.68,4.630569796242042
0.57,7.9215717,1.21,3.14242616365845
0.21,7.822001,0.57,2.4221000537752544
0.29,7.1384735,0.21,1.8713994406111125
0.48999999999999994,7.0644703,0.29,1.8135877672562428
1.15,7.4372215,0.48999999999999994,1.8813021694540886
0.69,8.341003,1.15,2.407707208400628
0.81,7.6222167,0.69,1.9580889683124219
0.32,7.500701,0.81,1.9220915187784091
0.78,7.232225,0.32,1.377307670327277
1.81,7.610499,0.78,1.5957772794867835
1.04,6.745927,1.81,2.3782207759090643
0.62,6.296582,1.04,1.6209129754121117
0.0,6.1416483,0.62,1.1692711398386635
0.0,2.456914,0.0,0.1532667912232541
1.02,2.6898603,0.0,0.2973605619034734
3.06,3.4512875,1.02,1.3057403373606287
1.78,6.7057533,3.06,3.2895162439342522
2.42,6.6687136,1.78,2.4993225531791596
2.38,5.1565795,2.42,3.293976577247549
2.1,2.473543,2.38,3.444661938151789
4.37,2.1373086,2.1,3.3413905356026863
3.91,3.162557,4.37,5.3949293323484575
5.55,2.8746924,3.91,5.216047949570144
5.39,3.2027342,5.55,6.931082798234592
4.12,5.214147,5.39,6.934833364476675
4.4,4.5758224,4.12,6.0660276063404375
3.61,3.8782885,4.4,6.413529199201554
4.63,3.0289114,3.61,5.642507379035629
3.4600000000000004,4.920267,4.63,6.515806191661794
4.5,4.7078543,3.4600000000000004,5.637230989402171
3.73,4.899303,4.5,6.615181274491337
6.27,4.412169,3.73,6.0889446261123
9.06,6.933133,6.27,8.369358007604383
10.11,9.838619,9.06,10.858226615880744
7.79,11.954189,10.11,11.976152548208194
9.32,11.618016,7.79,10.182124760302171
6.78,12.487668,9.32,11.473056278710292
6.51,11.643958,6.78,9.233414463945731
9.25,10.934518,6.51,8.86148808919211
9.02,11.636048,9.25,11.127785898699994
6.15,12.771485,9.02,10.999753368522036
5.02,12.46141,6.15,8.628533426473512
2.51,11.735831,5.02,7.3923664290606785
4.33,10.139631,2.51,5.039999072710533
2.66,10.56506,4.33,6.360373306286562
3.49,10.059307,2.66,4.666706809964277
2.2,10.179416,3.49,5.344906073647005
3.3,9.554232,2.2,4.267181567523577
4.7,9.703113,3.3,5.036252061851998
1.49,10.408768,4.7,6.27591945106145
5.22,9.451052,1.49,3.4993388768375264
6.28,10.755793,5.22,6.575193317710215
2.75,11.11466,6.28,7.344222884154362
3.1,9.965279,2.75,4.463071459034573
1.97,9.855133,3.1,4.551939807080396
1.55,9.275125,1.97,3.247887035849981
3.0,7.980935,1.55,2.7285403365468266
5.48,8.470334,3.0,3.766612800663527
2.94,10.403968,5.48,5.736908006810682
3.37,10.614406,2.94,3.7499157283694426
0.7,9.756722,3.37,3.957291524672653
0.0,7.932616,0.7,1.4234695017561008
0.0,6.9157624,0.0,0.572514092717443
0.0,6.81092,0.0,0.17306731636350908
0.0,5.437718,0.0,-0.0427722946850026
1.08,0.0,0.0,0.1651873509232031
2.62,0.0,1.08,1.2631425320467928
2.61,3.6672828,2.62,2.9030435379167923
4.08,6.5165467,2.61,3.243100605035491
4.7,8.584367,4.08,4.7339806852710415
5.29,10.892266,4.7,5.464128697793605
5.22,10.200663,5.29,6.27230950453194
8.12,7.539632,5.22,6.454123179910458
14.07,8.249586,8.12,9.125103951071615
15.679999999999998,14.543987,14.07,14.576629228886807
13.46,17.972818,15.679999999999998,16.596767141903026
9.41,17.392546,13.46,15.213245826477447
11.76,13.328941,9.41,11.77657888973819
9.11,14.742392,11.76,13.49356413043407
14.3,13.044493,9.11,11.09828805646082
15.54,14.768588,14.3,15.504859703730341
14.900000000000002,16.313576,15.54,16.846133077521337
19.19,18.544268,14.900000000000002,16.682578425672038
28.14,21.583994,19.19,20.494521296591373
37.48,27.525414,28.14,28.497055230270742
28.129999999999995,35.644016,37.48,37.058058581663225
4.77,32.53535,28.129999999999995,30.292364190965724
10.61,19.427444,4.77,9.4848105191677
17.66,16.602646,10.61,12.882283223649035
21.5,18.347622,17.66,18.056113142163518
28.25,22.428957,21.5,21.613849359715832
15.09,27.706953,28.25,27.979331768033898
12.07,22.417896,15.09,17.393164229539842
17.63,17.828516,12.07,14.94049900295128
26.16,18.495728,17.63,18.755043910456667
24.29,23.110176,26.16,25.569885534063044
12.01,23.92555,24.29,24.51112591375959
18.99,18.218267,12.01,13.849657888498992
29.490000000000002,18.184038,18.99,19.736932587142334
29.789999999999996,22.77278,29.490000000000002,28.97708428068072
23.71,25.851576,29.789999999999996,29.625137460098788
18.73,24.921492,23.71,24.54468921575014
15.740000000000002,21.077875,18.73,19.65790454852816
12.09,17.370338,15.740000000000002,16.44542269102847
29.22,13.272905,12.09,12.983791916795044
37.04,20.367874,29.22,27.185733840157972
51.04,27.378325,37.04,34.310821868289956
31.45,38.268257,51.04,47.3399415775744
28.75,34.45569,31.45,30.952954600714584
30.129999999999995,28.065079,28.75,29.29219230546518
24.79,26.459042,30.129999999999995,28.70299041145859
20.63,22.66861,24.79,22.644870828926695
9.91,18.273125,20.63,18.750794645206284
8.31,11.0786705,9.91,9.170781453025299
8.17,6.5604334,8.31,7.520222437166683
8.28,5.22939,8.17,6.934481156406723
4.26,5.6091375,8.28,6.299921446711635
1.76,4.075998,4.26,2.859513805032769
0.07,1.2326915,1.76,0.48892168972301475
0.0,0.55990136,0.07,-1.339648134361532
0.1,0.0,0.0,-1.0329210201369177
0.79,0.0,0.1,-0.8386238601122643
1.81,0.0,0.79,-0.0021399959640676716
2.87,0.9306163,1.81,1.4624028224546557
4.32,3.9448159,2.87,2.8888661939357716
6.93,6.3856187,4.32,4.723785669267628
10.81,10.73976,6.93,7.32169295825844
12.75,14.402575,10.81,11.05238812726954
9.56,17.157616,12.75,13.210784040317925
30.720000000000002,15.385607,9.56,11.22508014121352
36.82,30.343204,30.720000000000002,29.136939349568593
22.51,41.931686,36.82,35.62338420905973
39.34,33.89853,22.51,25.61336007075864
50.05,38.880688,39.34,40.04935768161632
43.34,51.59601,50.05,48.70229587678255
42.94,50.40248,43.34,44.46879701968268
34.5,51.14061,42.94,43.188512364860706
39.91,43.839558,34.5,35.429503250942616
48.91,48.53403,39.91,39.67222588809365
51.69,43.81874,48.91,48.457647817693356
63.88,47.367092,51.69,51.11119267809358
45.08,59.581642,63.88,62.12858413522946
63.3,53.29608,45.08,45.740150261074675
68.58,60.775826,63.3,61.266338489708446
60.190000000000005,59.901188,68.58,66.55397099860436
80.82,59.356514,60.190000000000005,59.0580844915098
75.58,60.331905,80.82,78.12278715011644
77.36,67.34175,75.58,73.13806367209423
69.57,67.63014,77.36,75.55468104848033
58.980000000000004,64.45823,69.57,67.68244906025922
50.79,56.10454,58.980000000000004,57.24375043951321
46.53,48.66947,50.79,49.12871975005075
36.03,44.033306,46.53,43.593495522189485
33.43,36.3851,36.03,33.394734534128325
31.909999999999997,31.426569,33.43,30.471908396611514
26.78,29.287933,31.909999999999997,28.23474502830421
22.13,25.202538,26.78,23.63193010247273
22.69,19.78534,22.13,19.887938221322383
29.08,19.076864,22.69,19.429642463504337
60.01,21.84641,29.08,25.10172110835715
47.31,37.67193,60.01,52.53983299509882
42.36,37.2097,47.31,43.394755883198684
36.9,36.183586,42.36,40.0781726548968
32.17,30.994267,36.9,34.693105336493446
26.04,26.108719,32.17,29.602608552396774
20.72,20.469673,26.04,23.76912694209916
17.16,17.164677,20.72,17.736393463474112
13.49,13.592594,17.16,14.699892119392043
9.37,11.113318,13.49,11.31835182829682
4.34,6.9777446,9.37,7.782602611597648
5.48,3.580724,4.34,3.5922773571789373
3.57,3.8776774,5.48,4.010664254837278
1.87,3.93199,3.57,1.7293957102701252
0.37,0.8860788,1.87,0.7114460833907942
0.0,0.28078657,0.37,-0.5103538820571898
0.59,0.0,0.0,-1.0419715596236885
2.59,0.0,0.59,-0.12674166821729638
4.46,0.0,2.59,1.9477095618762983
6.909999999999999,4.8130865,4.46,4.136726840742878
9.64,9.522408,6.909999999999999,6.777198101324499
12.84,13.676587,9.64,9.58971016571565
16.76,18.97733,12.84,12.827379405356794
20.78,22.786419,16.76,16.764323060880482
24.79,26.362774,20.78,20.752769589451265
29.03,29.333149,24.79,25.026884860837768
33.93,34.914383,29.03,29.262360496760888
38.47,39.40442,33.93,34.040472437007715
41.03,43.461807,38.47,38.51834830555436
47.12,42.092445,41.03,42.17707829284392
46.65,51.767776,47.12,46.81438513153019
39.31,49.583256,46.65,47.62541295913677
43.42,50.89122,39.31,40.12488083068195
53.06,51.345512,43.42,43.26715606023413
40.52,55.45573,53.06,51.54423326321235
56.18,46.02573,40.52,41.63300946542406
64.2,57.335266,56.18,54.48609885680184
72.55,53.74493,64.2,62.96699374426766
70.07,66.55812,72.55,70.57055491912476
74.83,67.855736,70.07,69.16249532032155
73.94,69.195816,74.83,72.95190607572319
72.02,62.31776,73.94,73.17024387036285
76.73,68.32777,72.02,69.96451996946732
76.63,69.17635,76.73,73.7530126368563
76.57,68.87443,76.63,73.59135792666997
75.21,68.56247,76.57,73.61098880031506
74.78,67.043304,75.21,71.85714518586423
73.55,66.06653,74.78,71.38652842871272
71.7,64.88134,73.55,69.78490206312551
69.57,63.082832,71.7,67.5778635620336
67.94,60.593563,69.57,65.18510961345433
64.86,58.598915,67.94,63.35205781190488
61.550000000000004,55.752556,64.86,60.22458170894496
58.89999999999999,53.606712,61.550000000000004,56.831443431026436
55.07,50.35652,58.89999999999999,54.061679463194096
50.14,47.198597,55.07,50.08461340342467
48.81,43.474926,50.14,45.21957522840778
43.69,40.925415,48.81,43.57446214181481
39.33,36.213776,43.69,38.83725837285502
34.5,32.4206,39.33,34.55995154173436
30.32,28.39117,34.5,29.967078111728586
25.66,24.817217,30.32,25.899888496286756
21.81,19.933489,25.66,21.62745015682444
17.23,16.583977,21.81,17.853010259080726
13.3,12.994852,17.23,13.73726780487408
9.82,9.94584,13.3,10.127772326804328
6.889999999999999,5.6993055,9.82,7.043851947696956
4.76,3.061648,6.889999999999999,4.428129689849334
3.0,1.226446,4.76,2.6259686818549453
1.5,0.055024594,3.0,1.1619568072220379
0.33,0.0,1.5,0.04392424234893541
0.1,0.0,0.33,-0.8707605738421196
1.39,0.0,0.1,-1.859373910987962
2.59,0.0,1.39,-0.2584342059910415
4.01,1.1484982,2.59,1.3668398211153885
7.91,6.1177974,4.01,2.8777840827305097
12.26,10.918669,7.91,7.171631816488486
15.560000000000002,16.602695,12.26,11.064748815359337
18.81,23.133268,15.560000000000002,14.701598364860972
17.91,26.787947,18.81,18.27773637946558
27.88,26.525902,17.91,18.219817711474853
33.82,32.53695,27.88,27.03453383788394
40.32,40.057037,33.82,32.92554867538604
39.36,46.72977,40.32,39.43757168159089
40.96,47.71275,39.36,39.39987597213743
48.95,49.078415,40.96,40.785262889004215
59.65,53.10509,48.95,48.060231635105495
44.75,57.78589,59.65,57.57461567409447
59.53,57.114094,44.75,44.99531615478219
62.459999999999994,60.730175,59.53,57.975117222128596
66.44,59.502094,62.459999999999994,60.20559912922224
79.55,65.79292,66.44,64.88754250123209
36.77,70.460594,79.55,77.57679625988231
34.41,54.794495,36.77,39.067678414562536
39.9,43.961514,34.41,35.58379560232761
32.42,39.097065,39.9,38.45475563940682
61.72,36.470814,32.42,30.91031298786932
74.44,47.12367,61.72,57.29112792287241
71.67,61.515907,74.44,68.93699281822241
66.01,61.743908,71.67,68.80748416810108
71.0,59.425106,66.01,64.76529892647503
63.87,59.29479,71.0,67.99007198252633
43.6,53.73649,63.87,61.28638985069962
47.45,43.566483,43.6,41.95109695008931
30.53,40.38548,47.45,43.33835541453815
58.71,28.572357,30.53,28.67092820947136
43.97,39.733086,58.71,53.011147592360864
44.93,37.67505,43.97,40.45961752250955
29.14,39.047695,44.93,41.59202417258678
17.59,29.638298,29.14,27.250960905481424
21.74,19.895561,17.59,15.711698560162075
17.47,17.031443,21.74,18.66698068076124
14.550000000000002,13.688777,17.47,13.885441565084655
11.12,11.193989,14.550000000000002,11.592669458476566
9.02,8.483063,11.12,8.621735543881782
6.21,6.0800414,9.02,7.363800452060366
1.7699999999999998,3.1662972,6.21,5.011118228028339
2.57,0.0041001756,1.7699999999999998,0.9794683828924217
1.19,0.0770807,2.57,0.6796136436578195
0.9899999999999999,0.0,1.19,-0.2885006361350818
0.0,0.0,0.9899999999999999,-0.5034155762763253
1.16,0.0,0.0,-2.3204658504565
3.2,0.0,1.16,-0.6257081975516943
3.9,2.4341161,3.2,1.52787866132708
5.03,7.0111265,3.9,2.7400674523718536
7.29,10.262295,5.03,4.385403240893919
10.72,12.574354,7.29,6.8119132846960255
10.62,16.333332,10.72,10.24714813310463
18.69,16.358664,10.62,10.940022050940419
24.48,21.429106,18.69,18.1532730392288
14.11,26.938698,24.48,23.607375283654406
13.949999999999998,24.48291,14.11,15.85511997540312
22.5,21.147406,13.949999999999998,15.681149353799425
26.38,25.082115,22.5,22.507138479936522
21.58,27.416044,26.38,26.548051606852447
20.04,27.62281,21.58,22.965692935100954
12.12,26.28084,20.04,21.351684203845505
29.77,19.333078,12.12,14.550333800907003
67.72,27.960981,29.77,29.344966566239776
67.26,52.81337,67.72,62.784577906302005
72.57,65.31688,67.26,65.26057710147649
41.74,70.44751,72.57,71.95940852307199
63.58,52.813477,41.74,44.960586710591485
40.44,51.341324,63.58,63.69965381268419
26.97,46.2008,40.44,41.391433598314244
76.02,35.297363,26.97,28.29129293488195
31.75,52.52344,76.02,70.30696648443252
15.060000000000002,42.053596,31.75,31.90378735392164
12.54,29.649542,15.060000000000002,18.480117396126182
13.73,21.54459,12.54,13.233194847406018
4.09,17.696255,13.73,12.677171333638256
2.73,10.346048,4.09,4.000779171719026
5.17,7.562301,2.73,1.2415145895219395
5.59,5.808862,5.17,3.8206490380200346
6.18,3.8126554,5.59,5.250732016081551
9.1,5.2372727,6.18,5.446220343855802
8.24,6.451511,9.1,8.297757527913937
8.12,5.8650045,8.24,8.230339505033745
14.65,7.669082,8.12,7.144258542925048
17.81,9.655449,14.65,13.582655362917357
16.49,13.066852,17.81,16.796905921947655
14.78,13.94664,16.49,15.96103798342745
12.91,13.826448,14.78,14.443850407590755
9.68,13.244621,12.91,13.11847080328506
3.38,12.465736,9.68,10.182600801178276
1.01,8.650973,3.38,4.383702257523857
0.73,6.341882,1.01,1.5815737278341095
0.33,5.8576193,0.73,1.0381207296350765
0.0,4.97,0.33,0.3758343753219607
0.0,1.3062658,0.0,-0.8320958615338423
0.0,2.9899287,0.0,-0.13598513220335645
0.0,3.8183234,0.0,-0.07812536034868003
0.87,4.8930764,0.0,0.05734663858544306
0.86,4.175455,0.87,1.0473177790544708
0.38,2.3980513,0.86,1.3508375328532267
0.19,0.0,0.38,1.1602082372043654
0.75,0.0,0.19,1.178637419718176
0.95,0.0,0.75,1.954762096932314
1.07,0.0,0.95,2.3731668295944783
1.32,0.0,1.07,2.667317187594747
1.56,1.2721121,1.32,3.066108053359198
0.88,1.6699597,1.56,3.4736563577413304
0.37,1.0229123,0.88,3.0746868712540465
0.76,0.30039302,0.37,2.7976019395514844
0.81,1.7809106,0.76,3.2185018135914536
1.69,2.2072313,0.81,3.393711777927784
2.46,2.7236943,1.69,4.282633732500945
2.65,3.3532488,2.46,5.1268903020449486
3.1,5.005384,2.65,5.451357294484251
4.11,5.6604996,3.1,5.939604605210112
4.08,6.086285,4.11,6.88357380657083
9.95,6.1407266,4.08,6.926181852457009
15.3,10.307672,9.95,11.912514584798565
10.86,15.244948,15.3,16.967454548721676
17.08,15.404966,10.86,13.696267234426898
11.82,18.308445,17.08,19.082876621623978
17.74,17.3033,11.82,14.40137259822396
16.63,19.351675,17.74,19.59279862146958
16.45,19.876978,16.63,18.53706776939527
7.38,19.964115,16.45,18.35913441615007
8.03,15.198369,7.38,10.44756871483838
9.9,13.796942,8.03,10.25805390694356
12.93,14.386568,9.9,11.429702706686795
27.979999999999997,16.167429,12.93,13.803145938190816
17.12,23.932524,27.979999999999997,27.08249048230886
10.33,22.807013,17.12,18.34089614014249
8.74,18.936342,10.33,12.702030705771834
5.13,15.757583,8.74,10.266129131793551
2.68,10.904853,5.13,6.419596930149463
4.6,7.932921,2.68,3.7356578060970422
2.06,8.488467,4.6,4.594065193514596
1.7300000000000002,7.0735016,2.06,2.506486227450353
5.19,5.684426,1.7300000000000002,2.443232554808438
1.22,7.3674965,5.19,5.178978535500419
0.23000000000000004,6.3359523,1.22,1.8288228043686399
0.32,5.9635706,0.23000000000000004,0.7701927677252072
0.36,4.2499638,0.32,0.17299944992311314
0.69,0.0,0.36,-0.26816046815872935
1.11,0.0,0.69,0.40821640797551967
1.35,0.5179602,1.11,0.994204028650789
2.69,2.7875204,1.35,1.593071002359744
5.3,5.1633596,2.69,3.100778212414376
5.0,9.045727,5.3,5.605362389154119
4.82,9.623838,5.0,5.862708198052843
3.19,7.9488425,4.82,5.921486325248808
5.03,5.156387,3.19,4.638708377491444
11.72,6.5911703,5.03,6.407276768966618
12.49,10.757416,11.72,12.329529995732218
11.82,13.179585,12.49,13.609476466922757
10.15,14.136396,11.82,13.53900141977471
10.14,14.556884,10.15,12.14396681851034
10.95,12.917359,10.14,12.287574099236641
16.73,13.059007,10.95,12.743522826899808
18.95,15.633143,16.73,17.82878386164951
11.57,20.014717,18.95,20.2081634226691
4.89,17.89226,11.57,14.271213723615368
10.89,12.546392,4.89,8.262149828244608
18.2,12.80019,10.89,12.891278961909988
15.28,18.973623,18.2,18.929098789042182
31.56,19.614431,15.28,17.046352145233055
29.469999999999995,28.515993,31.56,30.952069133417638
20.8,29.768887,29.469999999999995,30.37231314535738
18.49,26.953737,20.8,23.690507486695655
19.1,23.706379,18.49,20.97973352936423
46.35,22.335165,19.1,20.378922489652613
57.33,35.2104,46.35,43.606105595616576
30.17,43.583607,57.33,54.74921055485232
42.8,35.979107,30.17,32.85123975733885
44.75,39.446762,42.8,43.09538463212249
35.65,38.1241,44.75,44.32357870925742
18.41,34.1259,35.65,36.14263447472114
20.78,24.509655,18.41,20.307962231853427
28.01,22.679844,20.78,19.969964435663666
26.41,23.863913,28.01,26.222471995922504
13.69,22.903765,26.41,25.278238807131185
12.7,17.245079,13.69,14.585179352304653
14.97,15.666886,12.7,12.81880587898987
16.29,15.182953,14.97,13.863547552096556
12.72,14.410742,16.29,14.568552171771294
13.54,12.15038,12.72,11.976644057192582
10.52,12.20598,13.54,12.181845312830626
11.02,9.928473,10.52,9.723572762110058
11.1,8.314314,11.02,10.14263456603326
10.1,8.213413,11.1,10.25407998064815
8.26,8.48696,10.1,9.371509563221583
5.09,8.604389,8.26,7.597144693979171
3.17,5.677777,5.09,4.604181268033394
1.89,3.585245,3.17,2.8896511848378768
1.16,2.8286521,1.89,1.41434807745589
0.42,3.3321729,1.16,0.6555558468265011
0.0,2.610674,0.42,0.04315622918673122
0.64,0.0,0.0,-0.2855046200886502
1.9799999999999998,0.0,0.64,0.65330054004445
3.35,2.5470538,1.9799999999999998,2.270887772323987
3.76,6.7300506,3.35,3.7998655603496108
5.98,9.104115,3.76,4.42682660898615
10.08,10.734311,5.98,6.750840951130172
12.87,15.319273,10.08,10.738312880943456
19.34,17.841177,12.87,13.86080256208105
26.69,23.569374,19.34,19.714874814227578
29.209999999999997,29.679329,26.69,26.696744590614102
36.4,34.4038,29.209999999999997,29.932557469582637
39.06,42.158527,36.4,36.06475793827957
37.45,45.591164,39.06,38.71445678545314
44.96,41.929924,37.45,38.241210974026046
46.28,49.89343,44.96,44.14867574888715
37.67,42.417118,46.28,47.30549660332664
32.17,43.491825,37.67,38.87153560024395
68.37,37.80448,32.17,33.71368370010299
41.65,55.677464,68.37,64.49745161055186
69.24,49.70671,41.65,42.67723312874645
34.73,65.39268,69.24,66.80594951985888
57.31,47.297844,34.73,36.97113155049807
52.2,55.12385,57.31,56.22943700229683
61.27,55.385098,52.2,50.88868299787656
49.08,57.47418,61.27,58.1947377144155
66.77,49.143448,49.08,49.107020492112646
55.07,54.85323,66.77,63.744900264218344
57.57,53.036995,55.07,53.29108796086922
65.96,50.431377,57.57,56.0468931489568
37.86,55.22145,65.96,62.58234723265997
66.4,42.02038,37.86,37.14196639721942
64.28,51.028408,66.4,62.189365352515225
55.37,50.615646,64.28,59.29168251387524
48.26,48.423862,55.37,52.939169771713594
46.75,44.44578,48.26,45.44404048615853
44.24,41.13153,46.75,42.81248290360216
47.59,35.622646,44.24,40.74780897245376
39.25,35.7074,47.59,42.909287715326954
33.63,32.127235,39.25,35.2523616387382
29.74,28.932539,33.63,30.189792039424667
25.58,25.006363,29.74,26.16523069905434
21.82,19.390589,25.58,22.042645531826604
20.33,15.964732,21.82,18.949825105275192
18.87,15.151732,20.33,16.325837623438883
11.94,14.181233,18.87,14.998979211643157
9.85,7.745726,11.94,9.386874541975088
4.34,4.7782054,9.85,7.4634298953445315
0.13,0.8752818,4.34,2.7475247738406416
0.0,0.0,0.13,-1.2213597253667674
1.58,0.0,0.0,-2.537622712687782
5.06,0.0,1.58,-0.7503628134653714
9.21,0.13949704,5.06,2.8596401895483723
10.1,8.225638,9.21,7.102165255439012
11.58,13.331394,10.1,8.988190188650872
14.54,16.35586,11.58,10.851187846061539
14.76,20.081882,14.54,14.004075878375408
17.27,21.00321,14.76,14.757296957873477
23.27,22.666956,17.27,17.377830891857172
29.08,26.97989,23.27,22.744697813672435
31.43,34.08816,29.08,28.54990841141054
34.68,38.34346,31.43,31.526929842631027
38.92,41.316975,34.68,34.827577990205135
43.84,44.081673,38.92,38.85771688729261
47.87,48.711754,43.84,43.42459428514762
51.06,52.118214,47.87,47.23145761280703
54.52,54.63084,51.06,50.36696483895518
56.67,55.58885,54.52,53.835475609223344
53.57,57.431843,56.67,55.89533672064882
71.98,56.376907,53.57,53.58493642809148
37.7,64.60159,71.98,69.74114269438142
46.57,48.254696,37.7,39.73528299841444
67.09,49.307487,46.57,46.30749688672106
41.85,58.842136,67.09,63.272168147562226
78.38,50.284966,41.85,41.65350956486539
76.07,64.214386,78.38,74.32498945319462
71.61,66.33869,76.07,72.37943175424917
79.47,65.66038,71.61,70.33011822324954
64.7,66.9585,79.47,76.9836959668732
58.78,60.978645,64.7,62.46964935659857
71.84,53.54189,58.78,57.11961281323639
68.88,56.25364,71.84,66.84624925274237
46.31,56.169834,68.88,64.05529983005842
49.0,45.601254,46.31,44.87676430657632
56.269999999999996,41.939045,49.0,45.812062582733454
36.2,44.3019,56.269999999999996,50.91587489169504
42.37,33.957355,36.2,34.15430534209727
50.48,34.675766,42.37,37.92061382075107
22.61,37.459236,50.48,44.265903244873854
27.63,23.947664,22.61,21.142541153251315
38.54,22.398535,27.63,24.31258626006877
23.16,26.763668,38.54,32.65613490572333
13.19,20.075878,23.16,20.60443381479633
16.6,13.796551,13.19,11.48928033522372
7.39,12.452158,16.6,13.145678238322379
11.51,5.803745,7.39,5.735313167917653
6.63,5.015342,11.51,8.783538618430365
4.95,3.2454557,6.63,4.132529668787068
2.24,1.1586117,4.95,3.2025829240826087
0.59,0.0,2.24,1.0378700801840703
0.48000000000000004,0.0,0.59,-0.8380774253671501
0.48000000000000004,0.0,0.48000000000000004,-2.066337456968245
1.21,0.0,0.48000000000000004,-1.9373921433877774
2.26,0.23984608,1.21,-1.121216325767172
4.93,3.4132507,2.26,0.552985414329156
5.09,7.333277,4.93,3.7585733769964293
6.88,8.83189,5.09,4.36379978197701
5.94,9.013736,6.88,6.473527325448858
6.5,6.754902,5.94,5.97017160394018
3.07,7.796272,6.5,6.896619136939746
5.39,5.5258083,3.07,4.02779333544149
4.9,4.94639,5.39,6.239674885183862
6.74,4.3174953,4.9,6.1238812971218275
10.02,6.985877,6.74,7.8103854107552255
11.77,9.137892,10.02,10.998331451075853
12.01,11.354323,11.77,12.842120991255477
8.49,12.081189,12.01,13.561881629849145
8.25,11.142669,8.49,10.574964627703846
8.46,9.764193,8.25,10.35277027974114
4.81,9.244955,8.46,10.294934770915091
5.34,6.344974,4.81,7.170496953516132
4.62,7.269884,5.34,7.468819414405072
4.88,7.1214223,4.62,6.855688702317623
5.09,7.1380653,4.88,7.119954465748499
3.22,7.3448396,5.09,7.319121801715954
4.5,7.5606995,3.22,5.65496011102802
5.39,8.198894,4.5,6.7716848297016865
5.25,8.720235,5.39,7.4555325292228325
3.98,8.782838,5.25,7.452082121253268
4.22,8.56658,3.98,6.486354035878896
0.0,8.98657,4.22,6.529659800916322
1.06,6.8973308,0.0,2.841128647524712
0.63,6.4803257,1.06,3.6243620886003964
1.66,6.603676,0.63,3.011483529272439
1.18,7.344252,1.66,3.8660264058342433
0.61,7.560266,1.18,3.4872421195189127
5.71,7.5050383,0.61,2.935417828039822
6.74,9.438311,5.71,7.404258183407934
7.96,11.176016,6.74,8.340196467455641
3.18,12.546802,7.96,9.650344707235282
5.29,11.165088,3.18,5.490765430911943
3.66,10.793481,5.29,6.987792613522106
14.44,9.6339855,3.66,5.374683288731297
7.98,14.361851,14.44,14.424835734732298
6.36,14.214046,7.98,9.252511658222923
5.16,13.074362,6.36,7.830921406028807
2.98,11.362376,5.16,6.44592531574967
5.88,8.972168,2.98,4.01430338928355
5.27,9.668419,5.88,6.281078591884968
3.55,8.595415,5.27,5.268001971090664
1.88,7.6643434,3.55,3.8364612376327103
0.76,6.4202003,1.88,2.1775486511056106
0.5,5.241299,0.76,1.0045405145498947
0.0,3.2061827,0.5,0.5390148727025666
0.0,2.6326113,0.0,-0.1557811614767463
0.95,0.0,0.0,0.4656822532916367
1.81,0.0,0.95,1.6252512200108422
3.18,0.604829,1.81,2.681816400050677
3.07,4.8929467,3.18,4.135356210156692
4.24,6.838261,3.07,4.398544928213272
9.03,8.00456,4.24,5.573688332617895
14.07,12.6331215,9.03,9.954610953364169
26.89,17.27231,14.07,14.792600866145767
24.41,27.062595,26.89,26.318862364573263
22.04,31.520079,24.41,25.33462469296476
17.8,40.09425,22.04,22.113346847943106
26.17,25.511103,17.8,20.267539333794133
40.89,25.369524,26.17,27.186260643621434
54.16,40.72548,40.89,39.07750135864507
54.45,53.31433,54.16,51.82338589047237
61.739999999999995,56.343815,54.45,53.543192236861174
63.98,59.33285,61.739999999999995,61.0404417145973
69.34,58.003654,63.98,64.05397201751919
68.52,64.59673,69.34,68.32762537398254
75.35,65.845665,68.52,67.58569276088109
51.13,68.75827,75.35,73.18835399443054
59.39,52.883625,51.13,52.918401159982224
74.91,54.35238,59.39,58.80274827220901
51.53,59.387787,74.91,72.258619932096
50.82,54.663666,51.53,51.54222183077456
58.28,50.87215,50.82,50.368471030761825
67.1,50.446148,58.28,55.122455072545335
70.54,57.385056,67.1,62.79388799426367
65.35,58.43105,70.54,66.13521932915057
59.8,55.439877,65.35,61.267679578522554
59.61,50.17355,59.8,56.3052611683166
54.03,47.296387,59.61,55.41218300571998
50.91,43.122482,54.03,49.59452337383749
17.74,39.454945,50.91,46.65957200195986
25.05,19.639023,17.74,17.438763096967207
21.19,18.802217,25.05,21.373115696311874
36.51,14.915779,21.19,17.351918916917647
20.17,22.623547,36.51,30.066770405833342
16.23,16.88114,20.17,17.21779739246777
15.049999999999999,14.557149,16.23,13.273145917096782
17.57,10.93959,15.049999999999999,12.183554255842564
7.39,9.752612,17.57,13.488220160642467
4.81,3.6557798,7.39,5.537283971815089
3.43,1.5941246,4.81,2.502156957575883
2.05,0.0,3.43,1.5180143606480527
0.05,0.0,2.05,0.11325028635540857
0.0,0.0,0.05,-0.8755362637416628
1.03,0.0,0.0,-2.2265410001843264
1.14,0.0,1.03,-0.8534893249223225
0.85,2.153408,1.14,-0.6549263470489403
0.56,4.2215605,0.85,-0.05471252085155181
3.2,5.489592,0.56,0.20155477565252242
4.01,8.813182,3.2,2.8716547803835684
4.99,8.909398,4.01,4.026410257045655
6.27,7.99908,4.99,5.563211050567571
2.88,8.431373,6.27,7.164308353458089
6.86,8.340324,2.88,4.669597069113803
10.4,9.738549,6.86,8.332753667368362
14.510000000000002,12.534197,10.4,11.371826253209951
9.64,16.63312,14.510000000000002,15.32929610335863
4.92,16.928051,9.64,11.79973786760516
6.04,12.070338,4.92,7.947303604392203
16.69,9.936467,6.04,8.860425595387781
19.56,16.56088,16.69,17.439611119316424
20.87,22.744234,19.56,20.656008713133982
25.3,25.660236,20.87,22.533950558445504
28.440000000000005,27.91812,25.3,26.975919579129144
22.91,30.888218,28.440000000000005,29.68124177762892
24.0,28.135057,22.91,25.443163374413224
35.61,27.549656,24.0,25.681425749975507
43.66,33.416515,35.61,35.16767586905617
46.3,39.52616,43.66,42.84105639254552
38.36,43.3126,46.3,46.07229139156253
38.96,39.640827,38.36,39.86328274797812
36.01,38.228428,38.96,39.94625384104546
36.93,35.721024,36.01,36.618093861983716
49.14,35.560158,36.93,36.44140319610399
34.95,41.679882,49.14,46.957075571254926
57.37,36.152344,34.95,34.80818410076733
41.36,45.21796,57.37,54.746488501222565
63.099999999999994,39.649754,41.36,41.1116321177753
22.87,49.631115,63.099999999999994,59.9132622265227
39.72,31.930847,22.87,24.708733637112694
23.14,35.00575,39.72,37.71580020332592
58.20000000000001,25.199007,23.14,22.623196770559673
22.89,38.73481,58.20000000000001,52.20665280866225
15.76,27.239897,22.89,23.06239313760006
13.999999999999998,22.335459,15.76,15.856287458223061
8.05,15.669915,13.999999999999998,13.593758430708593
10.53,9.874908,8.05,6.475249827139314
8.72,8.018637,10.53,9.162507522444812
10.02,8.724021,8.72,5.873401007666423
8.34,7.1998987,10.02,8.123821771690118
9.21,6.2815323,8.34,6.366374496633714
10.05,5.8130097,9.21,7.957881346688611
7.360000000000001,7.179231,10.05,8.453586657889302
4.2,5.362651,7.360000000000001,6.4883640794827535
3.1,3.998987,4.2,2.891302840898744
1.48,1.9025658,3.1,2.320974236604413
0.55,0.7489796,1.48,0.8291866263626733
0.0,0.0,0.55,-0.0883981402676276
0.0,0.0,0.0,-1.3175650816561337
0.38,0.0,0.0,-1.1373227484499762
0.0,3.6052516,0.38,-0.2855960760844236
0.0,5.7821574,0.0,-0.34738452490574423
1.31,5.757498,0.0,0.1950286243988748
2.37,7.0818176,1.31,1.3653694799267666
6.03,6.4774117,2.37,2.7202821296538424
4.93,6.6743946,6.03,6.241416976116121
5.44,6.787869,4.93,6.043117221971167
3.02,8.671061,5.44,6.692038333934192
2.98,6.2015104,3.02,4.7862018609942165
1.95,4.6186376,2.98,4.8150464791952325
2.97,3.3094432,1.95,3.914477576939735
6.889999999999999,4.962573,2.97,4.783381596033783
19.04,7.665477,6.889999999999999,8.185175574226257
31.759999999999998,16.407486,19.04,19.069399222415335
19.62,29.195456,31.759999999999998,31.061126516546075
14.15,28.123997,19.62,22.224399704900573
25.22,22.829659,14.15,17.46065711428299
17.1,26.056824,25.22,26.000007439816233
13.26,20.565365,17.1,19.322190057344486
14.850000000000001,17.549229,13.26,15.870165649163528
29.48,18.165295,14.850000000000001,16.225699410089568
28.849999999999998,25.469677,29.48,29.060097724998137
32.44,28.619091,28.849999999999998,29.943063788889887
30.97,33.102463,32.44,33.02077758161917
22.32,32.85087,30.97,32.29242356211089
11.56,28.172302,22.32,24.362725749338942
12.81,18.867323,11.56,14.251564829553326
14.350000000000001,15.756459,12.81,14.144891240505377
36.37,15.454957,14.350000000000001,14.94292781806254
33.1,28.826435,36.37,33.20050908663199
27.999999999999996,30.64748,33.1,32.20918292836746
23.32,30.106043,27.999999999999996,28.584618120594225
16.89,26.10884,23.32,24.22477339313445
13.62,19.974192,16.89,17.84108759156781
9.13,15.607116,13.62,14.140858504391133
15.78,11.241933,9.13,9.202611105899118
7.8500000000000005,13.138781,15.78,14.522784924692168
14.619999999999997,9.903845,7.8500000000000005,8.250753013194279
28.33,14.624041,14.619999999999997,14.145769380778873
8.87,22.52344,28.33,25.951618262917563
8.38,17.597242,8.87,9.98204684136488
4.82,15.343221,8.38,9.21098954134992
8.34,11.273178,4.82,4.986257134824875
4.91,8.886487,8.34,7.5690153752383535
2.62,6.4480014,4.91,4.673845621159188
4.82,6.029558,2.62,2.3082097544189857
3.14,6.8960767,4.82,4.477090172443683
3.17,5.4078145,3.14,3.072513950919938
3.61,5.467814,3.17,2.9920926212258863
4.7,5.950062,3.61,3.192474214968526
0.67,6.462815,4.7,3.8915651570325895
0.0,2.85301,0.67,0.26019805030414744
0.52,0.0,0.0,-0.03071741311185816
0.57,1.8852894,0.52,0.6432040115737058
2.13,3.6826136,0.57,0.962844875819659
0.9799999999999999,5.9403844,2.13,2.5300853783200106
2.31,8.1766,0.9799999999999999,1.8923315064225963
3.03,9.204376,2.31,3.3790927072369574
6.0,7.8081965,3.03,4.208296041074555
4.28,7.582959,6.0,7.0081682723068335
3.48,8.881691,4.28,6.044803915885293
4.48,8.534284,3.48,5.425710791646246
3.86,7.623008,4.48,6.373588645342846
5.41,6.0209785,3.86,6.0838309055950885
5.44,8.553437,5.41,7.59376412399371
6.54,9.046323,5.44,7.79203402110234
9.34,9.563289,6.54,8.970625353499123
13.43,12.069512,9.34,11.38472102457462
14.119999999999997,16.47313,13.43,15.316067051599902
9.17,18.873941,14.119999999999997,16.27322115531934
13.5,16.5971,9.17,12.230541401580073
15.63,16.21968,13.5,15.955320642638826
12.89,18.336102,15.63,17.658655257324035
29.33,17.63143,12.89,15.614872093411556
34.19,25.701351,29.33,29.710420155758765
16.87,31.689518,34.19,34.86027618544247
25.11,27.5423,16.87,20.289932647849405
29.82,28.89529,25.11,26.780224646731828
27.52,29.619772,29.82,30.349915827138222
33.5,28.828648,27.52,28.74324814243535
39.53,32.215416,33.5,33.409111266049436
44.51,34.964863,39.53,38.90294025651785
44.74,37.261795,44.51,44.503452262480586
56.73,40.480724,44.74,44.38916494039999
72.8,41.25362,56.73,55.797292485373745
37.89,52.84857,72.8,70.10618386181159
36.79,41.20921,37.89,39.74124707579938
29.26,36.976044,36.79,37.108414395168985
48.41,28.568468,29.26,29.151828622324675
44.12,36.104553,48.41,44.363740855525464
66.24,36.225796,44.12,40.995652972788044
51.06,47.532867,66.24,60.772837298676755
45.47,42.902813,51.06,48.816802216000184
40.55,39.2885,45.47,43.57752685130633
35.63,33.88252,40.55,38.2090076102862
30.56,29.493494,35.63,32.311720080799404
25.33,24.104239,30.56,27.082405969179845
15.93,20.107183,25.33,20.822686146223695
14.560000000000002,12.720349,15.93,13.212963857704988
11.3,10.396239,14.560000000000002,11.38478314726619
5.21,7.0612655,11.3,8.037677332089471
2.21,2.7207267,5.21,2.589827347522635
2.4,0.14699851,2.21,0.006176890867575779
1.64,0.73821634,2.4,-0.801728861720499
0.51,0.34187195,1.64,-0.9991081301947571
0.0,0.15411642,0.51,-1.7926023704423137
1.16,0.0,0.0,-2.9054819440331316
4.62,0.0,1.16,-1.4171569892900209
3.4600000000000004,0.21140394,4.62,2.198298337507859
6.19,4.5870266,3.4600000000000004,2.0634853658253465
8.32,8.767882,6.19,4.875504567236458
16.51,12.104202,8.32,7.1438663032675755
12.86,17.212154,16.51,14.693606486054385
5.83,15.868004,12.86,12.587802303390912
1.4,10.625506,5.83,7.039351006447778
0.6,6.8094234,1.4,3.1300999624321935
0.11,3.843084,0.6,1.9376996668180393
0.14,1.0211879,0.11,1.453763194345318
0.31,2.238542,0.14,1.8255801310691717
0.38,2.271309,0.31,2.261305109030737
0.6,3.4797945,0.38,2.603116447254932
1.09,3.6997547,0.6,3.101260078936335
1.48,3.7368588,1.09,3.5888811336355153
1.7,3.5821989,1.48,4.06259890117445
3.0,4.89701,1.7,4.192357888989358
5.11,5.7757716,3.0,5.431041566740592
9.85,7.0641036,5.11,7.5007999212581815
12.13,10.229999,9.85,11.78162111393227
13.44,14.399478,12.13,14.060377648622358
15.719999999999999,16.995756,13.44,15.64965242399882
10.16,18.80525,15.719999999999999,17.73679579841221
15.679999999999998,16.647465,10.16,12.902165525140333
30.41,17.801195,15.679999999999998,17.557207320779277
27.12,25.596973,30.41,30.01249006156715
37.1,26.95314,27.12,28.263277566808068
17.74,32.65415,37.1,37.1845938559763
15.730000000000002,25.26837,17.74,20.719868932324488
14.669999999999998,21.745285,15.730000000000002,18.30272419433893
10.65,19.305311,14.669999999999998,16.170785274820332
9.42,15.9206085,10.65,11.779457207637375
10.23,13.4643135,9.42,10.506703142942326
10.53,13.192001,10.23,10.552202274203543
10.28,12.818064,10.53,11.097860562936482
13.24,12.674437,10.28,10.929510490212905
8.98,13.255996,13.24,13.204275859938036
10.07,11.403867,8.98,9.421136866971995
6.96,11.013881,10.07,10.157270005071261
3.49,9.120869,6.96,6.936915209018747
1.64,4.7559223,3.49,4.103953063526811
1.88,2.8223825,1.64,2.117171853360725
4.69,2.575072,1.88,1.8561212517450607
0.68,4.3612075,4.69,4.266919879648078
1.37,2.8215995,0.68,0.9268357319266094
1.29,3.1937757,1.37,1.4033101677202475
0.63,3.6584487,1.29,1.14846276761151
0.0,3.755509,0.63,0.4258622156360585
0.54,0.0,0.0,0.008812223906749586
1.39,0.0,0.54,0.7538177585681615
2.56,1.917877,1.39,1.7951686081850602
3.83,5.443992,2.56,3.2391320651118045
4.61,7.971308,3.83,4.637714851229424
6.07,11.057509,4.61,5.728011814590817
7.8,12.332621,6.07,7.268301530916026
7.96,12.619795,7.8,8.987272375812632
12.13,12.772371,7.96,9.493540303131521
17.59,16.662292,12.13,13.362177903418782
17.57,21.17685,17.59,18.44562391788198
20.14,23.04426,17.57,18.920474213845562
23.94,24.548634,20.14,21.533782810541133
32.27,28.478222,23.94,24.908394890692477
39.17,34.35329,32.27,32.38795534390733
30.129999999999995,40.964027,39.17,38.80063532868081
44.28,37.210625,30.129999999999995,31.92257168388065
69.92,43.34003,44.28,44.13324037418172
72.33,57.9915,69.92,66.87575280321526
79.48,64.52334,72.33,71.93289716979832
67.08,70.39933,79.48,78.35150375459756
73.05,63.62917,67.08,68.17764971269709
72.62,67.26883,73.05,72.37273681173488
42.58,58.909065,72.62,72.26875138158543
38.76,46.881702,42.58,44.3889243818418
47.47,42.08588,38.76,38.739680418607556
13.21,42.559822,47.47,44.2904454593332
17.08,25.992054,13.21,13.698769877289925
19.09,20.578012,17.08,16.025374999907477
25.9,18.264412,19.09,16.36756603390658
24.93,21.330444,25.9,22.107308542056792
52.24,19.63709,24.93,22.352015106171528
47.07,33.62386,52.24,45.27659019042781
39.56,33.698715,47.07,43.20520041628387
35.48,32.63917,39.56,36.85258508057163
29.910000000000004,28.282175,35.48,32.66423244662627
24.35,21.45807,29.910000000000004,27.227910553729178
19.04,16.623955,24.35,21.774499121656103
13.989999999999998,13.19596,19.04,15.612242003044322
9.88,9.273493,13.989999999999998,11.440775191475998
7.700000000000001,5.2507844,9.88,7.481818527430797
4.68,3.717203,7.700000000000001,5.213607646125307
3.1,2.3732643,4.68,2.8336873823992965
1.25,2.0306015,3.1,1.4396856334788737
0.09,0.8032766,1.25,-0.5332525282389272
0.0,0.7717033,0.09,-1.4271133169740797
1.14,0.0,0.0,-1.1950207967688744
3.3,0.0,1.14,0.2795716973128954
4.21,2.098913,3.3,2.554331688718596
4.6,6.2673583,4.21,3.940438269605104
6.999999999999999,8.822723,4.6,4.936560451540437
7.48,12.932035,6.999999999999999,7.189251224019426
15.64,14.090814,7.48,8.077830462402455
17.82,18.540817,15.64,15.410804214907143
22.1,22.330713,17.82,18.01628382380746
26.82,26.613123,22.1,22.806060564151952
37.04,29.557138,26.82,27.919705800736185
41.58,41.408398,37.04,36.269580117062496
41.67,47.56107,41.58,41.16349669289241
53.45,51.41669,41.67,41.717529160355824
54.46,52.484947,53.45,53.10995973278094
59.7,55.59144,54.46,55.0876791364161
57.77,61.853844,59.7,59.1566621439975
64.33,63.137535,57.77,57.54019221226649
49.02,64.29461,64.33,63.445958234250114
58.20000000000001,54.09568,49.02,49.80763993935793
71.42,50.843586,58.20000000000001,58.149630552385446
50.1,66.11178,71.42,68.50346063982413
52.1,57.77263,50.1,50.11125413625324
52.02,56.054314,52.1,51.27491977330109
60.82999999999999,53.887165,52.02,49.80956268357299
64.68,57.106606,60.82999999999999,57.812664193338684
53.28,58.22647,64.68,61.39396184361422
62.79,54.048367,53.28,51.39994509622093
45.46,51.650894,62.79,60.24538662815106
56.85,45.446926,45.46,44.044761450887776
59.31999999999999,51.41762,56.85,52.996187987582594
49.78,49.21144,59.31999999999999,55.28222046001837
66.58,46.392178,49.78,46.683826818276884
61.91,51.087578,66.58,61.561172831094396
58.86,49.503437,61.91,57.6037305273347
52.76,47.826553,58.86,55.57185584684374
48.87,43.918648,52.76,49.4060687562961
46.42,40.794426,48.87,44.89290341925338
41.02,36.798103,46.42,42.4463498066884
37.53,33.706577,41.02,37.08996775869843
29.659999999999997,31.245571,37.53,33.46034713939109
22.66,26.20806,29.659999999999997,26.50955040718606
14.190000000000001,19.233007,22.66,19.92447093399421
11.68,12.828047,14.190000000000001,11.754928098986973
6.940000000000001,9.14151,11.68,8.993712536571275
16.24,5.7195735,6.940000000000001,4.428038911030542
6.999999999999999,8.115466,16.24,12.006075056376838
2.78,4.6586714,6.999999999999999,4.694288377176567
2.48,1.5298634,2.78,1.2989425203086635
0.72,0.0,2.48,0.9197292757415859
0.0,0.0,0.72,-0.750030162599633
0.35,0.0,0.0,-2.2007134731650724
1.35,0.0,0.35,-1.7624953259380156
3.26,0.0,1.35,-0.28016168780938905
6.53,2.951296,3.26,2.1253362145089056
8.08,8.310088,6.53,5.622533233411879
9.57,12.6730175,8.08,7.573297877648259
12.04,17.04104,9.57,9.675556155988124
18.71,19.456394,12.04,12.044890248283473
15.350000000000001,24.179522,18.71,18.310035639213265
19.09,23.952991,15.350000000000001,16.266906229005606
19.32,27.411552,19.09,19.801485556353793
24.65,27.415192,19.32,20.408585727231312
45.07,30.600397,24.65,25.233217626935787
30.29,44.389816,45.07,43.120102692987146
26.02,42.2092,30.29,32.01420978658554
41.23,38.338654,26.02,28.60962225818846
27.3,45.005157,41.23,40.551462359348506
52.31,36.500263,27.3,29.243325288764403
27.869999999999997,50.329723,52.31,50.70448819659967
52.35,39.84291,27.869999999999997,29.841996887887777
31.53,51.985313,52.35,50.96852275807017
40.37,40.52774,31.53,33.154907787732355
65.52,43.813904,40.37,40.044334486124555
43.71,55.393173,65.52,62.57837570701669
33.62,48.08404,43.71,43.868793570758974
39.49,40.643208,33.62,35.27446790153027
55.61,39.30712,39.49,38.57320810701609
49.12,47.0559,55.61,52.71455630797335
60.38,43.928265,49.12,48.226792408617975
53.44,50.13909,60.38,58.17404035872353
46.05,49.19265,53.44,51.91248154892271
80.83,45.166218,46.05,45.73821970746395
54.72,58.96391,80.83,75.84832260578071
56.14,49.848495,54.72,53.575327559964656
71.11,53.089787,56.14,54.62012884678493
65.99,56.484825,71.11,66.27678668966358
61.69,54.40472,65.99,62.38770398220579
24.58,51.346226,61.69,59.540893246194365
55.23,30.551912,24.58,25.92357179746491
46.94,42.837563,55.23,49.67047083302383
39.66,39.340637,46.94,42.43387155242466
36.24,38.574432,39.66,35.73076599338868
20.6,32.83854,36.24,32.93152982341348
32.61,21.936377,20.6,18.763776471578993
12.46,24.561644,32.61,28.350357954887443
1.89,13.372513,12.46,10.299983242901261
1.83,3.853526,1.89,1.0814029854768092
4.65,1.0721558,1.83,-0.1796507405781289
8.81,1.0829356,4.65,1.5698237666109847
3.4600000000000004,2.1136527,8.81,5.6464475160174645
5.23,0.19859006,3.4600000000000004,2.008179110365467
0.030000000000000002,1.9910522,5.23,3.307288084172742
0.26,0.0,0.030000000000000002,-0.9063856291410483
0.4600000000000001,0.0,0.26,-0.7889349410992786
0.61,0.0,0.4600000000000001,-2.018890474406691
0.74,0.0,0.61,-1.4180559559050643
1.69,1.795748,0.74,-0.8087355086823029
0.9200000000000002,4.733491,1.69,0.6676613793710588
3.48,6.563518,0.9200000000000002,0.7521255639409025
2.68,8.027988,3.48,3.4620612388634195
1.66,7.535652,2.68,3.1209730127863837
3.4,5.0447187,1.66,2.522338825836054
3.05,6.711053,3.4,4.1002696228846665
4.47,5.863968,3.05,4.271329231894017
3.7499999999999996,5.9495935,4.47,5.979241091558444
7.010000000000001,5.5021667,3.7499999999999996,5.5213635560946654
7.55,8.373827,7.010000000000001,8.664048296789721
7.360000000000001,9.740159,7.55,9.376855822260527
5.06,9.656815,7.360000000000001,9.617839588925339
5.42,8.381494,5.06,7.684091753226292
6.82,9.567421,5.42,7.881645807708891
13.62,10.413409,6.82,8.962792555214612
3.62,13.545848,13.62,15.13199866499158
9.21,10.079204,3.62,6.979102428678338
11.72,12.792566,9.21,11.63541992729147
15.169999999999998,14.9769,11.72,13.725439802334463
21.8,17.592808,15.169999999999998,16.994070740885608
39.51,22.28255,21.8,23.07469847252296
30.869999999999997,34.94059,39.51,38.560667800991446
29.999999999999996,35.203262,30.869999999999997,32.29503833510319
32.08,33.694515,29.999999999999996,31.932703221950902
18.11,33.15866,32.08,33.09882098171463
17.66,25.080471,18.11,20.704808503366202
17.45,21.645311,17.66,19.685917914750785
28.189999999999998,20.920303,17.45,18.2254959437197
40.82,25.41496,28.189999999999998,27.758646605808554
26.63,34.832043,40.82,38.86534741649902
26.76,31.599468,26.63,27.752508205025674
29.77,30.279413,26.76,27.80238850277007
15.79,29.236847,29.77,29.586166495815633
12.16,21.151333,15.79,16.857849258861712
11.1,16.112995,12.16,13.071167370408022
8.01,13.85394,11.1,10.928570473618077
11.74,10.9165,8.01,7.992661126222771
7.29,11.061372,11.74,11.248600195408896
6.62,9.840541,7.29,7.256176502046763
7.610000000000001,9.506754,6.62,6.928818090681421
10.41,9.878351,7.610000000000001,7.296040444236109
10.91,9.956406,10.41,9.233893878932845
10.07,10.034659,10.91,10.159636632959128
8.2,10.279461,10.07,9.378489696648815
7.15,9.444774,8.2,7.713082776467719
3.11,7.3071837,7.15,7.032221847377214
1.1,5.0791445,3.11,3.3157249057598346
1.08,3.8920372,1.1,1.1947451712223685
4.12,0.0,1.08,0.22333325131572657
6.75,2.8775034,4.12,2.814289944034545
7.32,8.600972,6.75,5.649834145134725
9.62,12.134976,7.32,6.705208200080762
4.52,14.358585,9.62,9.232368082243147
7.1,12.392014,4.52,5.310346689872181
7.04,11.17672,7.1,7.480730011648252
5.33,8.597093,7.04,7.563260725428334
10.35,6.375039,5.33,6.354775534643371
11.73,10.304457,10.35,10.759112629692819
9.27,12.367587,11.73,12.367748740836095
11.8,11.749183,9.27,10.87249015298137
19.48,12.279845,11.8,13.163937684536515
14.11,19.024725,19.48,19.782701301273224
13.94,19.15748,14.11,15.675074922661434
22.7,17.978596,13.94,15.676996802927249
22.9,21.738688,22.7,23.10807129395737
37.56,24.895351,22.9,23.87836885011861
26.03,35.53712,37.56,36.812532452461305
34.35,32.3512,26.03,27.578660418971037
26.3,36.48352,34.35,34.577849769370445
20.55,32.067425,26.3,27.640367278535763
7.2,26.622374,20.55,22.058179956785374
16.2,15.621459,7.2,10.201561574536338
17.53,16.821472,16.2,16.556827475936743
15.47,18.846937,17.53,17.699981185098256
24.5,18.886543,15.47,16.368236058138102
20.26,23.13676,24.5,24.574528546499497
17.49,23.547808,20.26,20.865187001884173
23.62,20.944422,17.49,19.097030145571267
24.97,23.391294,23.62,23.387880451541168
11.27,23.82029,24.97,24.661831518913942
12.03,15.575819,11.27,13.461439848141957
7.57,14.368399,12.03,12.924686165704578
6.56,10.025394,7.57,8.998932153764963
23.34,8.526567,6.56,7.736577459631995
21.44,17.419134,23.34,21.857885335211165
20.19,20.455807,21.44,20.968161199782468
12.05,22.60885,20.19,20.59201144387049
8.75,18.280012,12.05,13.295927572895058
6.57,13.787307,8.75,9.96494215231018
10.7,10.249334,6.57,7.582641599281058
9.73,11.557409,10.7,10.265771346076756
4.42,12.081329,9.73,9.4117854547161
5.61,10.012691,4.42,5.367502646875062
5.76,9.052346,5.61,6.21770337819214
3.7199999999999998,8.556919,5.76,6.158086860035327
3.44,7.21087,3.7199999999999998,4.295656981179072
3.25,6.9590707,3.44,3.4245258642868097
2.95,4.6625695,3.25,3.1517410167226876
1.0,3.1889946,2.95,2.8680507768415713
0.77,1.9275757,1.0,1.2753983235045385
0.0,1.557093,0.77,0.9077257238250185
0.0,0.0,0.0,0.2322623743350312
0.33,0.0,0.0,0.33859858807721166
0.9,1.5512286,0.33,0.9047206209863449
2.58,3.6038568,0.9,1.6453368356365046
3.76,5.7268543,2.58,3.381479185929653
5.95,8.967593,3.76,4.677032942756506
7.3,10.827938,5.95,6.919415158614275
7.91,11.179599,7.3,8.629861298397577
8.17,11.896106,7.91,9.458733993552578
11.7,13.61001,8.17,9.959211064741657
16.35,15.642376,11.7,13.197925801588996
17.8,18.641222,16.35,17.63244308858526
15.190000000000001,20.978552,17.8,19.36304014194347
23.8,21.551498,15.190000000000001,17.501975252975477
22.11,26.394106,23.8,24.83590160136759
32.15,26.277369,22.11,23.77173601817757
31.040000000000003,31.606163,32.15,32.806957912601014
26.82,33.692493,31.040000000000003,32.320235415207875
30.14,32.171906,26.82,28.79743097976587
36.62,32.00459,30.14,31.645515027677444
35.68,34.56913,36.62,36.84661490904401
41.5,36.479088,35.68,36.368883749301816
45.22,40.0773,41.5,41.352914844062276
59.72999999999999,42.111183,45.22,44.860106332962694
45.56,50.517212,59.72999999999999,58.06140747495797
38.26,45.535233,45.56,46.28083360497174
24.58,41.10079,38.26,39.150134982095416
29.56,29.78454,24.58,26.76934706033736
94.08,28.798567,29.56,29.127255288885102
48.95,54.63504,94.08,85.75750939807511
47.42,47.586357,48.95,48.76614949043727
42.92,48.29651,47.42,48.45400039057377
51.92,41.40257,42.92,42.50133611554569
41.61,41.691395,51.92,49.418767017872504
40.45,35.14432,41.61,40.517239832150835
36.61,35.149952,40.45,37.294257367878984
54.08,30.424128,36.61,34.154345681863944
38.94,35.028675,54.08,49.60030129693819
37.79,31.312492,38.94,37.09099167254745
32.08,31.059334,37.79,35.94676885744825
37.79,26.975826,32.08,30.344084982730934
30.35,28.351068,37.79,32.99612860981756
25.06,22.30035,30.35,27.93789761862712
16.8,21.008467,25.06,22.1313281896162
16.19,13.149316,16.8,15.478718217817375
16.61,11.004303,16.19,13.645101257440258
12.81,9.911513,16.61,14.079859166703834
10.43,8.481648,12.81,10.547257974290504
5.68,6.1017785,10.43,8.628776118614152
4.71,3.4783156,5.68,3.9892994824866026
2.25,1.4028625,4.71,3.1963076788898923
1.03,0.0,2.25,0.6989059339429013
0.11,0.0,1.03,-0.456468908598765
0.88,0.0,0.11,-0.9838604919903022
1.62,0.0,0.88,-1.1922713644074552
3.4600000000000004,0.0,1.62,0.025442029637787605
2.91,1.6202694,3.4600000000000004,2.1728826064963354
3.35,5.5200605,2.91,2.294922204331033
7.6899999999999995,7.696297,3.35,3.020856049364251
6.7,12.488037,7.6899999999999995,7.1904369777151045
14.690000000000001,12.686851,6.7,6.839059285262703
9.01,15.460253,14.690000000000001,14.41000489595227
11.45,14.137359,9.01,10.011220190826986
13.22,16.013237,11.45,12.502390886220054
23.22,16.650614,13.22,14.192128500784495
53.26,22.606735,23.22,22.91741760571425
33.7,43.98746,53.26,49.37501528174944
33.4,44.465286,33.7,34.67489560834785
30.95,42.562725,33.4,35.219540562333854
34.87,37.20744,30.95,32.05496338033552
29.51,34.58022,34.87,35.06494191801307
25.6,32.174194,29.51,30.224626532641317
23.9,28.880096,25.6,26.06495985198154
24.77,26.2309,23.9,24.600390791752062
14.839999999999998,25.407778,24.77,25.139080617908906
13.07,21.670654,14.839999999999998,16.229849601240797
13.850000000000001,18.537199,13.07,14.494979140103002
12.21,17.517616,13.850000000000001,14.671883845824642
18.51,16.0014,12.21,12.430149213931202
11.91,17.442911,18.51,18.453131348875292
9.56,15.097229,11.91,12.854741717365004
12.12,12.292222,9.56,11.23184585246188
27.86,12.248778,12.12,12.936142029344971
28.37,20.37518,27.86,26.40674204990129
31.75,23.524128,28.37,28.04781827234647
32.99,27.601994,31.75,31.354082980690784
31.040000000000003,28.936293,32.99,32.82819731284079
37.1,27.514326,31.040000000000003,31.25797811446646
21.9,29.05446,37.1,36.70072065963864
19.41,22.766861,21.9,23.118220366650114
22.35,19.150326,19.41,20.649204005507496
15.740000000000002,20.448359,22.35,22.02856419732468
20.61,17.592379,15.740000000000002,16.138527125165673
22.92,19.48604,20.61,20.31887607447399
28.810000000000002,22.164743,22.92,21.987696687237705
15.169999999999998,25.454735,28.810000000000002,27.27715197978435
7.48,19.839931,15.169999999999998,16.072508717127782
10.1,13.952387,7.48,8.690646646215143
13.87,11.762762,10.1,9.942271534452876
6.19,10.954055,13.87,12.577345101777508
5.53,7.192263,6.19,6.023568919753856
4.38,5.8706927,5.53,5.273960048207014
1.41,4.4597664,4.38,4.206067207218482
0.9799999999999999,0.9374314,1.41,1.5512525191018542
1.06,0.0,0.9799999999999999,0.9344578640257981
1.16,0.0,1.06,0.4612932568493687
0.43,0.0010841805,1.16,0.5341928705207708
0.0,0.0,0.43,-0.12907727757025678
0.0,0.0,0.0,-0.6585559781520011
0.19,0.0,0.0,-0.18117760501259794
1.35,0.7516129,0.19,0.1758855577832042
3.24,5.5808744,1.35,1.3735288246460855
2.13,8.300921,3.24,3.5072029581173028
4.28,7.0967216,2.13,2.9532547541946452
3.58,6.0734954,4.28,5.014512435060693
6.940000000000001,5.0817533,3.58,4.75796159233667
6.88,6.8345766,6.940000000000001,7.901773199177885
12.53,6.92668,6.88,8.245637153631257
21.45,10.221646,12.53,13.403932461435637
14.060000000000002,18.792921,21.45,21.866932247490574
18.68,18.910725,14.060000000000002,16.063382485485242
26.92,20.552738,18.68,20.1099609131758
21.59,25.210411,26.92,27.049250457226325
22.88,24.961405,21.59,23.2127186956089
16.22,26.36417,22.88,24.1122220088491
10.66,20.534601,16.22,18.35161057172933
12.71,15.252137,10.66,13.332913746289622
6.38,16.220362,12.71,14.305579260723482
5.46,12.539545,6.38,8.467193551205856
11.17,10.012644,5.46,7.772188357354716
12.67,12.065056,11.17,12.283760656247289
10.71,15.366234,12.67,13.734200484163448
10.87,15.525941,10.71,12.547616673164288
20.56,14.356038,10.87,12.663420300821295
15.94,18.245539,20.56,20.874111217078628
22.04,18.12167,15.94,17.351801434769882
26.07,21.254023,22.04,22.560911177914903
24.32,23.446068,26.07,26.32915400300181
25.24,23.344404,24.32,25.263987248018413
16.81,23.764973,25.24,26.101522983135155
15.849999999999998,19.833536,16.81,18.350509367654475
25.2,18.075846,15.849999999999998,17.12044706619361
26.15,21.54162,25.2,24.657122645850677
20.3,23.129574,26.15,25.378279835033478
20.41,22.025845,20.3,20.92412354664278
12.39,21.628185,20.41,20.69595101457164
7.059999999999999,16.830961,12.39,13.521660740053193
8.76,12.058243,7.059999999999999,8.437451579691054
7.58,11.382123,8.76,8.817808131758035
12.79,10.210259,7.58,7.342348846451636
5.6,12.55065,12.79,11.854084145024093
3.49,8.9743185,5.6,5.797743234459562
4.74,6.4418054,3.49,4.101233080037668
4.04,5.8543253,4.74,4.739022357034954
2.05,4.944616,4.04,3.6714551207972037
1.56,2.5036848,2.05,1.8919793471697282
0.64,1.4320722,1.56,1.1980360370145817
0.02,0.49896717,0.64,0.3656587117426052
0.0,0.45814922,0.02,-0.06385978511322728
0.38,0.0,0.0,-1.0289771935851242
0.0,0.0,0.38,-0.5233131546034214
0.36,1.1810865,0.0,-0.47766817872038725
0.0,2.2838008,0.36,-0.029982895422022426
1.61,3.3089137,0.0,0.10909723362687818
1.04,3.2843227,1.61,1.7051647929191225
1.8,1.2913227,1.04,1.5266982647368237
0.38,1.3871683,1.8,2.6584655558909236
2.9,0.5100063,0.38,1.7095201624278848
0.48000000000000004,0.83637136,2.9,4.022465764656341
1.08,0.0,0.48000000000000004,2.298620754841362
4.73,0.39956516,1.08,2.8721688371412157
1.47,2.4975882,4.73,6.195903354301121
1.55,1.597002,1.47,3.6286337756332587
0.44,0.99999565,1.55,3.9190539764269365
0.76,1.5301502,0.44,2.888892022378787
1.1,1.70109,0.76,3.203764245262228
0.9700000000000001,1.6652783,1.1,3.543077260145084
2.44,1.4184896,0.9700000000000001,3.465790553961852
1.42,3.6150994,2.44,4.928525687971944
1.62,4.240953,1.42,4.174496351450266
1.34,4.3933764,1.62,4.41091486463062
0.0,4.1541815,1.34,4.226773400104621
1.04,4.531605,0.0,2.993348251771315
1.25,5.368244,1.04,3.7870428769369986
4.29,5.6048946,1.25,4.018966175566679
2.72,7.3634086,4.29,6.763359744150597
3.43,8.283846,2.72,5.559163494943925
4.55,9.3593235,3.43,6.186688748038437
5.28,10.172124,4.55,7.1264716054292885
7.760000000000001,10.944069,5.28,7.719699429220657
4.64,12.684121,7.760000000000001,9.891792150382827
2.03,12.044468,4.64,7.195006480612587
1.59,10.445603,2.03,4.848120511759799
2.19,9.621476,1.59,4.083994652521125
2.51,8.995856,2.19,4.327126744994078
2.6,8.993385,2.51,4.487950211876701
3.4700000000000006,9.426837,2.6,4.420565333657764
3.4600000000000004,10.007183,3.4700000000000006,5.093577021752265
4.64,9.399311,3.4600000000000004,5.092634562350687
5.0,9.611783,4.64,5.991946416019177
8.08,9.805106,5.0,6.191788338377843
9.17,11.582321,8.08,8.68849096693366
4.09,12.043955,9.17,9.617698738517538
1.85,10.089073,4.09,5.340798441531072
1.16,8.409226,1.85,3.095769991124538
0.35,7.177002,1.16,1.9834064626583388
0.83,4.7765985,0.35,0.9098120153148905
0.04,4.390991,0.83,1.0280382577834655
0.36,4.29804,0.04,0.13788933869639697
1.22,0.0,0.36,0.759804778865202
4.61,0.0,1.22,1.7450012856552644
2.91,3.7873542,4.61,4.796841572074802
5.94,6.2913895,2.91,3.8635554244036143
5.93,9.391797,5.94,6.662137570645548
12.83,11.67364,5.93,6.945127160788616
15.679999999999998,16.665491,12.83,12.953640943419813
15.28,20.604483,15.679999999999998,15.71677683197885
14.390000000000002,20.302757,15.28,16.400303323128416
28.319999999999997,20.696003,14.390000000000002,16.043618065174627
40.57,30.253265,28.319999999999997,27.411658085407435
46.93,40.598026,40.57,38.862939017563754
44.95,48.369926,46.93,45.74676477284067
39.98,50.500797,44.95,44.5465498424886
39.42,45.594604,39.98,40.638054108511405
34.79,42.08055,39.42,40.1502003463645
45.77,38.427505,34.79,35.27852002791953
32.1,44.840187,45.77,44.35538515104932
37.13,38.450516,32.1,32.877908157226884
26.8,40.437943,37.13,36.87234752859582
36.7,33.45376,26.8,27.838711969835966
57.56000000000001,38.503952,36.7,35.77547674027806
47.77,50.15774,57.56000000000001,54.17464837599824
62.309999999999995,49.53922,47.77,46.363704839536105
58.650000000000006,55.436676,62.309999999999995,60.115939548812854
48.55,54.93549,58.650000000000006,56.778414082955976
56.52,48.55773,48.55,48.363032949713826
51.56,50.470905,56.52,54.44802940091427
44.78,47.29839,51.56,49.36884343953281
38.45,43.24837,44.78,43.15156598039817
34.06,37.49898,38.45,37.003633219639276
32.8,33.446198,34.06,32.28081324286122
30.74,30.583792,32.8,31.11856208191039
40.01,28.9302,30.74,28.519355677091323
34.41,32.645676,40.01,36.16311523140117
28.380000000000003,30.747036,34.41,32.11312665514573
22.87,27.751219,28.380000000000003,26.776560166586677
17.76,22.769985,22.87,21.586399022251815
13.65,17.792261,17.76,16.83025985462197
16.35,14.092122,13.65,12.566035352310736
12.05,14.561331,16.35,14.171671223422248
7.54,11.730155,12.05,10.802554064599658
6.5,8.96917,7.54,7.039864396982543
5.11,7.3649015,6.5,5.995184680318873
5.18,5.9822326,5.11,4.493315390809052
4.37,4.3025703,5.18,4.571107892365906
3.02,3.9569776,4.37,3.6614722049863
2.38,3.390585,3.02,2.640780330044847
2.08,3.1248364,2.38,2.3397821225827204
1.44,2.0168986,2.08,2.150342332723729
0.73,1.732765,1.44,1.5867758347767704
0.0,1.7637514,0.73,1.0837231132421838
1.02,0.0,0.0,-1.287464637297164
1.07,2.5028932,1.02,-0.10660981908089423
0.34,4.369333,1.07,0.35347401666558637
0.74,4.617786,0.34,0.0555466123009889
0.35,5.8461614,0.74,0.6775434037477999
2.12,4.352195,0.35,0.6334755771678109
5.23,3.4622402,2.12,2.4463117497592566
12.86,3.858115,5.23,5.471039623847866
10.32,11.432026,12.86,12.378481244438827
15.509999999999998,12.872041,10.32,11.144146882789935
5.71,15.995832,15.509999999999998,15.959293384333437
2.19,9.736503,5.71,7.884478628687034
6.01,6.2380195,2.19,4.661179875640371
9.51,7.022737,6.01,7.324916682022594
8.57,8.645123,9.51,10.172182650533118
9.26,8.782854,8.57,10.099987789686669
7.48,10.86125,9.26,10.804136344925698
4.88,9.795724,7.48,9.714794544980139
3.9,8.576964,4.88,7.322534684004411
1.18,6.370892,3.9,6.3424995182244
1.18,5.09852,1.18,3.542862974643224
2.08,4.1475687,1.18,3.4916440128331656
4.58,4.000501,2.08,4.07515428379872
9.25,4.8911023,4.58,6.5864123355620965
13.42,9.287391,9.25,11.009056800003089
8.61,14.367112,13.42,14.904227053849695
5.93,14.100243,8.61,11.142066917785842
7.54,11.697604,5.93,8.788914498283809
20.72,11.377313,7.54,9.744645413896858
9.04,17.881237,20.72,20.968204056843618
5.99,15.803415,9.04,11.57629050594833
4.95,14.075046,5.99,8.774381402683012
5.31,12.17132,4.95,7.438944972777424
2.8,11.279447,5.31,7.397450082114752
3.9599999999999995,10.266037,2.8,5.123854132016813
5.34,11.053895,3.9599999999999995,5.499415427877151
5.95,11.757204,5.34,6.718897018002669
11.53,12.086175,5.95,7.255133578603298
9.97,14.217718,11.53,12.397935929741873
6.79,14.788953,9.97,11.265598678012827
10.57,13.5781765,6.79,8.569641779425897
6.66,14.450578,10.57,11.160830506141574
3.7,12.306601,6.66,7.669200153461768
3.39,9.995229,3.7,5.1458389525205215
1.8599999999999999,8.348793,3.39,4.259906080322655
0.88,6.600875,1.8599999999999999,2.6332973228707943
1.51,5.6260443,0.88,1.6755743845656843
0.9600000000000001,6.029678,1.51,1.8429779607127361
0.84,4.662918,0.9600000000000001,1.340087293575648
0.37,4.56849,0.84,1.1882534305691634
0.0,4.404412,0.37,0.490707183461921
1.17,0.13575901,0.0,0.24699646182864476
1.93,2.165245,1.17,1.5091744242808895
1.76,7.030068,1.93,2.3926381032285504
3.36,8.300548,1.76,2.614035130523577
4.05,8.619286,3.36,4.219113940529593
4.47,7.4445124,4.05,5.149944632275716
1.15,8.226657,4.47,5.816233502035043
3.6800000000000006,5.263844,1.15,3.123947418451949
4.5,5.4914875,3.6800000000000006,5.3004661455044655
5.7,5.4486294,4.5,6.159293720308578
18.94,7.921832,5.7,7.409044553714387
18.01,16.894327,18.94,19.114741080748388
14.36,20.957788,18.01,19.35487705211586
11.52,20.458157,14.36,16.824793023688066
9.18,18.24741,11.52,14.23492063646092
13.61,14.72507,9.18,11.840134533608621
12.96,15.435122,13.61,15.255074739375583
12.57,15.416857,12.96,14.572353066891209
10.18,16.431356,12.57,14.500923781297784
16.3,14.8075,10.18,12.64619879323107
19.63,17.519567,16.3,17.735411863434326
19.89,19.938597,19.63,20.990838375028915
15.910000000000002,21.976809,19.89,21.448034802667028
15.27,20.337708,15.910000000000002,17.9488836344674
13.04,18.027042,15.27,17.163363747507656
14.180000000000001,14.822513,13.04,15.156113165138025
21.84,14.3137455,14.180000000000001,15.820848232311455
25.21,18.49325,21.84,22.249794784495204
26.93,22.699558,25.21,25.345670280328633
30.37,25.19019,26.93,27.449990268790323
23.44,27.266539,30.37,30.70997604925091
22.33,24.313156,23.44,24.838279614165298
28.52,22.564573,22.33,23.439514565870144
23.66,25.115822,28.52,27.84504365774724
25.55,22.752228,23.66,23.624729407499597
25.59,23.412863,25.55,25.261757920794405
23.28,23.656084,25.59,25.10248991498698
21.31,22.804192,23.28,23.159597198932385
28.339999999999996,20.998951,21.31,21.16642132055619
33.77,24.327026,28.339999999999996,26.515125858795926
34.51,26.631527,33.77,31.702415510684858
17.83,28.66766,34.51,32.57647907164309
15.700000000000001,20.519005,17.83,18.15750639268116
19.63,18.004196,15.700000000000001,14.719627829933785
20.68,15.74395,19.63,17.690180906665518
16.61,15.2791195,20.68,18.168330089656244
12.05,12.685336,16.61,14.729104192573907
7.66,9.568744,12.05,10.508963496327276
4.62,5.516615,7.66,6.755313622951316
1.69,2.344252,4.62,3.622509447996606
0.54,0.0,1.69,0.5903671630587692
0.0,0.0,0.54,-0.949174560391665
0.8,0.0,0.0,-0.8911986755698418
1.31,0.0,0.8,0.09261824013111486
3.95,1.3936502,1.31,1.3261214909762096
4.73,5.57616,3.95,3.996091375706472
6.31,8.478823,4.73,5.078288249069938
11.73,11.852496,6.31,6.889505710669013
9.47,15.473305,11.73,11.859688760609188
15.220000000000002,14.280484,9.47,10.734260666336654
20.84,18.535622,15.220000000000002,15.763125881215428
16.53,23.859383,20.84,21.202902556529992
20.51,23.497158,16.53,18.25307736688735
32.62,24.267653,20.51,22.120807400942372
32.15,34.6722,32.62,31.865508201974524
47.4,37.19735,32.15,32.769980141943364
48.67,43.835114,47.4,47.40918247173251
53.04,52.456715,48.67,48.32873320351999
53.84,52.08112,53.04,53.57458825776179
44.84,56.412266,53.84,54.333789759635664
58.21,48.657967,44.84,46.17371933871442
60.89,54.971,58.21,57.654565939820635
59.18000000000001,51.92654,60.89,60.4373517009755
61.69,59.80216,59.18000000000001,58.55600512911695
60.989999999999995,61.112194,61.69,61.05235655031064
74.84,53.87571,60.989999999999995,60.65516124029524
73.21,63.86384,74.84,72.42360988133474
68.54,65.1174,73.21,71.31934763882191
65.13,64.04099,68.54,66.88441129060617
77.93,61.1811,65.13,63.583361773281226
74.37,62.7845,77.93,74.19985584505227
73.64,61.57864,74.37,71.30622223173347
73.42,61.589607,73.64,70.74087072360899
74.3,60.83509,73.42,69.8587243346155
66.51,59.586674,74.3,70.25843640444963
65.08,54.900707,66.51,63.13769604904773
63.04,53.99251,65.08,61.011373657858265
52.91,51.240036,63.04,58.645001955988
54.49,44.83361,52.91,48.93878309026912
55.56000000000001,43.321648,54.49,49.525356330408265
51.59,42.43408,55.56000000000001,50.10141114837837
44.79,40.627068,51.59,46.763952419278276
41.34,35.89202,44.79,40.485651916959625
35.23,32.10902,41.34,36.98681331383558
30.229999999999997,27.481892,35.23,31.22611234658696
25.16,23.961437,30.229999999999997,26.207085650061682
21.48,18.664505,25.16,21.243839205255306
16.64,14.8355665,21.48,17.768583244957192
12.15,11.145067,16.64,13.34910972396288
10.64,7.78577,12.15,9.130674242079058
8.93,4.430199,10.64,7.869363980195029
5.65,3.0672271,8.93,6.1872303864131855
1.62,1.3078362,5.65,3.3919524866507587
0.030000000000000002,0.0,1.62,-0.026057717583735374
0.0,0.0,0.030000000000000002,-1.309581329659605
1.21,0.0,0.0,-2.845151150973407
2.3,0.0,1.21,-1.3340064543251897
3.69,0.0,2.3,0.22767467976560848
6.37,4.2675815,3.69,2.147596875966791
11.14,10.18591,6.37,5.174018943947862
9.38,15.115267,11.14,9.936273561730426
11.72,14.691629,9.38,9.250214807863504
15.549999999999999,14.290275,11.72,11.580084186815675
13.37,17.632818,15.549999999999999,15.252684166154232
8.38,16.890837,13.37,14.015238372510673
8.45,12.695634,8.38,10.170920129056096
12.21,10.671964,8.45,9.95387585144269
9.21,13.442245,12.21,13.20893056162986
11.07,12.512529,9.21,10.862388287562018
11.94,12.771711,11.07,12.592247780448387
9.03,12.834965,11.94,13.533046185063554
15.3,13.092749,9.03,11.243701398546937
16.76,16.133932,15.3,16.597098693754553
16.55,18.163998,16.76,17.96258347425241
19.51,18.72841,16.55,18.299601784139927
26.06,21.595509,19.51,20.75350595537538
28.849999999999998,25.522324,26.06,26.489068040006178
20.05,27.510674,28.849999999999998,29.727664773073307
21.73,24.273865,20.05,22.208364344836536
23.48,23.763687,21.73,23.36868318061215
32.04,23.912867,23.48,24.41230117865106
31.489999999999995,27.970646,32.04,31.71725803953093
25.37,29.09929,31.489999999999995,31.701368798452673
22.97,27.221218,25.37,26.544370982980574
23.52,24.865227,22.97,24.19127144710881
28.25,23.07005,23.52,24.36222421818134
24.21,24.777103,28.25,27.925683583293395
23.37,22.83174,24.21,24.65982002516036
22.23,22.552368,23.37,23.60983863694377
24.88,21.812391,22.23,22.21120283241058
22.62,21.768658,24.88,24.50695592689266
20.91,20.087255,22.62,22.531424575752467
23.9,19.318243,20.91,20.658188314613398
14.14,19.94545,23.9,22.87235749647457
18.05,15.229188,14.14,14.412112479281467
20.44,14.315675,18.05,17.654279709853142
15.64,15.33733,20.44,19.3792464404507
14.93,14.147877,15.64,15.399423372095526
13.52,13.834427,14.93,14.436246603283173
10.2,11.669879,13.52,12.733999839194297
6.77,9.049785,10.2,9.960606626049787
5.73,6.930411,6.77,6.673319798037729
3.8500000000000005,5.958346,5.73,5.144652384422035
2.44,3.3074336,3.8500000000000005,3.384818140396399
1.14,1.8912318,2.44,1.9904127973814418
0.76,1.3030844,1.14,0.6669294857731701
0.0,1.3145537,0.76,0.4191060489081937
0.0,0.0,0.0,0.09835767412551676
0.74,0.0,0.0,0.23995595895124955
3.86,0.0,0.74,1.243045711325981
5.64,4.6506333,3.86,4.278005412286792
8.76,8.684624,5.64,6.297138233999477
12.15,14.163769,8.76,9.516965283057164
16.4,17.723455,12.15,13.007691019950144
16.61,20.977041,16.4,17.09064441120964
24.94,22.437769,16.61,17.906970689970212
25.82,28.612345,24.94,25.489447876621036
53.08,32.9917,25.82,26.179469622531162
34.98,45.70128,53.08,51.359269378644804
27.700000000000003,43.901157,34.98,36.91796356433822
39.31,40.379696,27.700000000000003,30.890487181854283
55.45,42.065754,39.31,40.14429587475772
68.46,51.756554,55.45,54.21862409479381
52.39,63.75645,68.46,66.52356830394838
57.45000000000001,58.173195,52.39,53.51008232157617
78.7,60.25149,57.45000000000001,57.589669967595384
40.45,68.00859,78.7,76.25990060260615
67.72,51.854126,40.45,43.02086230437404
74.13,63.150528,67.72,65.6583731516597
80.97,67.00474,74.13,70.86607406860928
65.05,69.60673,80.97,78.04827757425952
56.35000000000001,62.277634,65.05,64.8328318511678
69.23,59.17579,56.35000000000001,55.613099857021155
73.53,55.39175,69.23,66.87817472512062
72.87,59.46078,73.53,69.1906782840386
50.92,59.272945,72.87,68.66349588754852
54.99,46.449604,50.92,49.3068705360116
36.95,47.78046,54.99,51.550879882312216
60.69,36.14239,36.95,33.53381258995232
51.43,42.733326,60.69,54.681743781142565
43.73,39.73285,51.43,46.16624145437103
38.83,37.094006,43.73,39.56652754312479
12.86,31.80062,38.83,35.1302001164783
11.39,15.923303,12.86,11.84141939240035
11.4,7.4370136,11.39,9.6544266566802
12.7,6.0638113,11.4,7.346632902147184
13.65,6.4179144,12.7,8.330563262266615
10.57,7.453744,13.65,9.727920966218237
7.680000000000001,5.215267,10.57,7.740846903612454
6.43,3.0263224,7.680000000000001,5.833941892461891
4.0,1.6057239,6.43,5.008216576207714
0.69,0.86749184,4.0,1.9489809999284016
0.23000000000000004,0.0,0.69,-0.7117069200754061
0.9299999999999999,0.0,0.23000000000000004,-1.7747999392981204
1.7699999999999998,0.0,0.9299999999999999,-0.725155117692198
2.18,0.0,1.7699999999999998,0.9690155483744208
2.86,4.133536,2.18,1.8373243901521108
5.45,7.3373446,2.86,2.998876338718761
14.8,12.071542,5.45,5.729201304326676
18.32,20.162045,14.8,13.774364574298769
23.57,25.765503,18.32,17.772214091235778
20.51,29.91827,23.57,23.6610520387672
22.31,30.861345,20.51,21.6878527931223
41.22,30.615038,22.31,23.595199507720423
36.35,40.68432,41.22,40.14265844165882
30.37,45.604935,36.35,36.16792140163589
43.6,40.74666,30.37,32.95240614829134
62.16,50.503067,43.6,42.76312529967343
65.78,55.83427,62.16,60.080931008551396
66.32,63.486683,65.78,64.71951279521157
68.89,67.138885,66.32,65.90785290228354
70.77,67.69054,68.89,68.29114817222755
71.99,66.92451,70.77,70.02804314121389
73.96,67.16504,71.99,70.72288688482733
75.77,68.40404,73.96,72.1650389306261
76.53,69.57881,75.77,73.73880959035384
77.66,69.863335,76.53,73.97763692998757
65.07,69.7737,77.66,74.96962654754292
71.23,62.128716,65.07,63.99433192300954
53.65,58.83858,71.23,68.8913015453467
34.24,49.987503,53.65,51.89541931120604
61.16,38.911865,34.24,33.33510643165874
54.75,50.351364,61.16,55.07463433279277
61.8,48.112595,54.75,49.19744207627087
52.1,49.330666,61.8,56.72596965316515
50.2,42.780212,52.1,47.8294889341672
42.67,42.13869,50.2,45.96626865190768
20.01,35.395237,42.67,39.05251657962579
16.57,19.936447,20.01,18.108396636517735
11.01,13.247452,16.57,13.742822225373786
14.44,7.5014057,11.01,7.640275499260538
6.98,6.608737,14.44,10.230109567359573
2.18,2.902028,6.98,4.259834102029963
3.66,0.0,2.18,0.6431899135998931
3.78,1.1145682,3.66,1.4449150374169273
3.95,0.21044587,3.78,1.6415904498159575
5.45,0.48095933,3.95,1.9238708847159554
2.07,1.6221868,5.45,3.3293048470797135
0.0,0.5929757,2.07,0.8960354657487037
0.0,0.0,0.0,-0.5768618676994502
1.25,0.0,0.0,-1.011523078872273
2.41,0.0,1.25,0.41094310181261906
4.89,2.586791,2.41,1.9208983112110791
7.419999999999999,8.040809,4.89,4.414409393073905
7.870000000000001,12.579455,7.419999999999999,7.358423742921305
9.66,16.565866,7.870000000000001,8.422938343574
11.48,18.283651,9.66,10.493142869793468
10.37,18.759916,11.48,12.483080334359618
29.129999999999995,17.452354,10.37,11.993328996872172
29.96,31.027262,29.129999999999995,27.966337429480348
28.75,38.997574,29.96,29.54743129023008
23.48,38.51761,28.75,30.552745541927422
29.82,33.08927,23.48,26.000027962157517
43.44,38.69106,29.82,30.129940285546734
49.68,43.427925,43.44,42.881067916766646
40.24,51.310085,49.68,48.32056192100479
43.86,47.355457,40.24,41.512183573927054
68.74,47.877056,43.86,44.47271880419118
61.86000000000001,60.116833,68.74,66.32955904651794
69.03,59.04963,61.86000000000001,61.187592740234344
62.40999999999999,64.82501,69.03,68.18062333867486
59.01,63.664585,62.40999999999999,61.8029743621947
75.81,57.13008,59.01,58.868807148354676
35.12,65.57711,75.81,73.13223869484301
58.36999999999999,44.992924,35.12,37.044319957502225
44.97,53.31791,58.36999999999999,55.97700326050186
40.08,47.67747,44.97,42.98504565855968
58.13000000000001,44.020298,40.08,38.38170230652607
39.54,48.248627,58.13000000000001,54.345849306745095
52.83,42.32724,39.54,37.47451990315986
60.63,46.0659,52.83,49.5235459268834
62.39000000000001,47.95188,60.63,56.14765150592796
36.32,52.879185,62.39000000000001,58.00067413231216
39.42,37.553665,36.32,36.399481354306566
48.83,35.432964,39.42,37.07247421641234
24.94,37.33813,48.83,44.31600333622705
23.79,25.86363,24.94,24.30360640102062
18.38,22.687168,23.79,21.899912781206638
16.13,17.995003,18.38,16.180105161118917
28.27,14.290184,16.13,14.476465603627197
36.11,20.105371,28.27,23.982970597958797
53.76,25.636059,36.11,31.699946627435583
35.71,35.09446,53.76,48.67373107198186
18.51,33.78906,35.71,33.4462011372865
15.46,22.900284,18.51,19.080129453460085
13.27,14.3444,15.46,15.353789754414455
13.69,10.184842,13.27,11.718763901881548
11.87,9.33077,13.69,11.393259856816165
6.19,8.654423,11.87,9.80667491345333
2.98,4.4744864,6.19,5.426975385094838
2.22,1.2596527,2.98,2.796694969185198
3.61,0.0,2.22,1.71738106527893
0.63,0.18327732,3.61,2.6018871146550975
0.0,0.0,0.63,-0.1943662617965658
0.9799999999999999,0.0,0.0,-2.2887513067222534
0.21,0.0,0.9799999999999999,-0.6572118567294327
1.09,0.5582139,0.21,-0.4913934407108388
3.37,3.4938426,1.09,0.5383779292233178
5.85,7.4292192,3.37,2.8174232514069963
8.93,9.52557,5.85,5.558204447608326
6.56,11.353715,8.93,8.615086846075656
7.57,8.735788,6.56,7.229659190998598
11.54,10.003699,7.57,8.348395438973936
15.65,11.653383,11.54,11.92281143309975
10.0,15.028764,15.65,15.788645990631167
11.83,13.073852,10.0,11.67620633039479
10.54,14.604447,11.83,13.389655967855242
8.64,13.726943,10.54,12.327690941845107
7.170000000000001,11.414658,8.64,10.61375196735835
8.47,9.5515995,7.170000000000001,9.295218208512987
6.8,11.511023,8.47,10.104339510419372
10.57,10.54995,6.8,8.994281904380122
14.95,12.101338,10.57,12.221434156778514
30.88,15.445291,14.95,16.308328629652028
37.19,27.790361,30.88,30.552732266592002
28.09,36.52706,37.19,37.069109334415366
31.359999999999996,34.69085,28.09,29.98530334126549
39.61,33.89215,31.359999999999996,32.62303062484823
21.98,36.930508,39.61,39.29763559933412
15.530000000000001,28.038519,21.98,24.445090413876855
10.09,21.678648,15.530000000000001,18.037289910756193
9.23,16.431389,10.09,12.086018899308682
9.7,13.767095,9.23,10.677323121597606
15.049999999999999,12.875384,9.7,10.740504172562506
20.57,16.126013,15.049999999999999,15.065563277392698
23.73,20.467424,20.57,20.482740488628604
18.37,23.757952,23.73,23.481382309215714
14.890000000000002,21.990042,18.37,19.108509817867496
12.29,17.9759,14.890000000000002,16.256151483299988
22.41,15.125399,12.29,13.349969621885611
19.92,18.399755,22.41,21.357351025828436
11.88,17.914995,19.92,19.791451647208895
12.79,15.200292,11.88,13.073940043941063
9.59,14.756711,12.79,13.49051949229269
12.07,11.983367,9.59,10.240402688142341
9.99,12.078063,12.07,12.130667798357242
8.76,11.543332,9.99,9.859341320464125
8.36,10.91694,8.76,8.619874409051667
5.49,9.451787,8.36,8.284044154376332
3.91,7.5311685,5.49,5.798689691479041
3.26,6.5733147,3.91,4.281967564815448
2.52,6.4439554,3.26,3.4123083388307833
1.49,5.028994,2.52,2.5202537889049745
0.57,3.6756136,1.49,1.4785044061153236
0.0,2.6345994,0.57,0.6404756764844127
0.0,0.0,0.0,-0.7975059257278476
0.0,0.0,0.0,-0.558983960845099
2.51,0.97841984,0.0,-0.42817383971937245
1.93,3.3183239,2.51,1.9915773330637088
3.29,5.5453877,1.93,1.9595607296112627
8.88,5.727996,3.29,3.530437369402617
10.39,7.8972225,8.88,8.607927787032777
13.29,9.23047,10.39,10.434740093099782
5.87,13.588574,13.29,13.531272336385632
5.87,9.65338,5.87,7.569423176329614
4.46,7.457036,5.87,7.514660932246649
6.98,4.834526,4.46,6.115589222291807
9.1,6.620663,6.98,8.179375083942517
7.329999999999999,9.19449,9.1,10.098759610282242
5.43,9.000818,7.329999999999999,8.992704583999352
4.51,7.3847647,5.43,7.641956230565603
6.25,7.572958,4.51,6.822047459627863
7.48,7.996802,6.25,8.284969911164415
16.06,8.601579,7.48,9.294026460039184
27.62,14.12727,16.06,16.856840465299214
6.66,24.892864,27.62,27.290230618543102
6.69,17.449486,6.66,10.39832221361651
10.09,13.33156,6.69,10.075755088733455
8.21,12.365939,10.09,12.110248906222449
1.21,11.641985,8.21,10.173702290424924
2.26,7.1456013,1.21,4.1044638173028085
0.8,6.381139,2.26,4.293715945689089
4.49,4.6256814,0.8,3.3404898518390653
2.85,6.793983,4.49,6.352717366935855
6.96,6.901126,2.85,5.102062755220509
12.03,9.703007,6.96,8.744339160700187
12.11,13.865865,12.03,13.235307938334863
12.0,15.539371,12.11,13.439701070569761
7.13,15.322871,12.0,13.900480061604744
8.62,12.799502,7.13,9.57522682243682
7.950000000000001,12.887186,8.62,10.354120911161068
12.68,11.751659,7.950000000000001,9.535701339773318
12.36,14.040245,12.68,13.557021837119175
11.96,15.046355,12.36,13.559517868035302
14.210000000000003,16.23658,11.96,13.14523420355533
10.24,16.830515,14.210000000000003,14.965214558024154
11.72,14.626946,10.24,11.556594696769473
10.23,14.887973,11.72,12.392240047967949
10.2,14.114118,10.23,10.752908366731818
9.58,12.775781,10.2,10.665116623167833
10.46,11.979153,9.58,9.829040954817525
8.88,11.911395,10.46,10.47138554766414
6.940000000000001,11.334016,8.88,9.065353348589225
4.95,8.896156,6.940000000000001,7.153825474812813
3.17,6.79386,4.95,4.9933141249943915
1.67,4.892391,3.17,3.0982618240523623
0.41,3.2068145,1.67,1.446487560521808
0.0,0.41675755,0.41,0.036907716757052234
0.57,0.0,0.0,-0.08681800593255108
0.9100000000000001,0.56411636,0.57,0.5321700437735416
1.9400000000000002,2.9630423,0.9100000000000001,1.150381658435147
2.57,6.88096,1.9400000000000002,2.3218891084864635
3.27,8.573718,2.57,3.2049554597703733
4.36,8.3519745,3.27,4.081446514076811
7.280000000000001,6.9818106,4.36,5.305409494086854
11.96,8.776209,7.280000000000001,8.054812648176211
16.36,13.023948,11.96,12.449458374433329
10.46,17.41393,16.36,16.683535040094842
14.169999999999998,15.066201,10.46,12.417594650756541
12.85,17.146667,14.169999999999998,15.700948169698595
17.72,16.216536,12.85,14.658500389678222
17.71,18.952997,17.72,18.63797164777624
16.47,20.318054,17.71,18.749568400932457
12.77,21.036015,16.47,18.060643297158894
15.549999999999999,18.553568,12.77,15.087329232293232
26.84,18.356762,15.549999999999999,17.247054722276136
20.07,25.087753,26.84,26.828235056710064
27.31,24.495394,20.07,21.783069183318283
27.15,28.420622,27.31,28.076557452103266
24.02,28.389246,27.15,28.029540535693926
27.24,26.103395,24.02,25.74775538450484
32.52,27.2081,27.24,28.162237698892998
27.550000000000004,30.114367,32.52,32.430415086138574
29.910000000000004,28.133516,27.550000000000004,28.467435694390346
33.96,28.497953,29.910000000000004,30.215460342875932
25.18,30.928064,33.96,33.36642056273414
29.29,26.516336,25.18,26.45353527069172
15.339999999999998,27.423227,29.29,29.34030708901434
13.72,19.33908,15.339999999999998,16.968835929977512
18.14,16.331732,13.72,14.784420392631917
30.780000000000005,16.78591,18.14,17.758434881830418
28.88,23.07661,30.780000000000005,28.30883957919697
30.45,24.656256,28.88,27.778801547683813
37.04,25.996185,30.45,29.585070492341345
35.37,28.784775,37.04,35.33979569485535
24.3,28.000517,35.37,34.1386814333833
29.84,22.798555,24.3,24.62022550493511
44.84,23.092386,29.84,28.255000987549256
40.37,30.202955,44.84,40.8215159881193
29.889999999999997,31.35057,40.37,37.64360988363309
31.33,27.76348,29.889999999999997,29.39485601585868
11.94,25.433704,31.33,29.95686231470548
9.63,14.480925,11.94,12.677240608863174
6.24,10.123963,9.63,9.110260474513257
3.12,6.631121,6.24,4.755278386212788
3.13,2.5107641,3.12,1.5082029799982473
3.8500000000000005,1.5128939,3.13,1.4866164917779379
2.33,1.8810667,3.8500000000000005,1.8020820801012836
1.2,1.4021679,2.33,1.248958446055924
0.04,0.39240545,1.2,0.20730367575686734
0.0,0.49014828,0.04,-1.2726873946758777
0.0,0.0,0.0,-1.0515801434953003
0.21,0.0,0.0,-0.7056594218486533
0.34,0.0,0.21,-0.38519985275085666
1.19,2.2017527,0.34,0.45543699836819507
3.19,4.9155416,1.19,1.60707889626915
6.61,7.007738,3.19,3.704018928361168
11.07,8.593984,6.61,7.1692333840364
10.46,12.746295,11.07,11.54376426147513
16.13,15.287827,10.46,11.475603075937515
25.42,18.32755,16.13,16.915987989602268
22.19,24.462849,25.42,25.44153548905039
23.49,26.634996,22.19,23.790603863034192
32.3,28.969927,23.49,25.08483134293835
30.63,34.38392,32.3,32.23856059295121
35.57,33.394997,30.63,31.930339702886737
38.63,37.137913,35.57,36.50281239340644
37.54,40.34723,38.63,38.83379810010832
45.4,40.404007,37.54,38.18505377236282
36.98,43.405373,45.4,45.05734945578686
36.26,41.429794,36.98,37.630333735854315
47.5,37.643967,36.26,37.45557590704021
51.83,42.959118,47.5,46.25535203205405
52.38,45.815464,51.83,50.41368564746849
60.73,46.874004,52.38,51.744009569443165
42.85,51.050404,60.73,58.991169678567914
34.16,43.208763,42.85,43.80552014435339
16.45,37.24582,34.16,34.97992593665078
16.53,24.561756,16.45,18.060712328776134
16.13,20.864023,16.53,16.070245447084023
21.63,17.58838,16.13,14.922411895580211
25.08,19.948868,21.63,18.82778996983331
29.360000000000003,20.870768,25.08,23.04352051853762
46.23,23.661339,29.360000000000003,27.464928924739446
52.9,31.572142,46.23,42.99473629287984
40.57,36.281967,52.9,49.80334428542773
45.82,33.917885,40.57,39.61510560384179
27.92,34.519295,45.82,43.58147320719265
23.42,24.68591,27.92,27.945663848674325
13.37,19.34736,23.42,23.188382688628806
14.23,13.100339,13.37,13.308219969913468
15.740000000000002,12.324745,14.23,12.832302133707449
11.95,13.0619135,15.740000000000002,14.108358912115861
9.96,12.446858,11.95,10.662819417135408
9.65,10.494644,9.96,9.182154412180894
8.9,9.580715,9.65,8.549232693260944
7.589999999999999,8.61707,8.9,7.740145500683247
7.249999999999999,7.519228,7.589999999999999,6.377376570878112
5.44,5.206745,7.249999999999999,6.2680675454931025
4.51,3.9000642,5.44,4.70361571227348
3.15,2.726462,4.51,4.064293702729865
1.14,2.085822,3.15,2.5104753924783334
0.0,0.0,1.14,0.9471392399844323
0.6,0.0,0.0,-0.049197997582814124
1.83,0.0,0.6,0.5227255766363539
3.15,1.3576714,1.83,1.9065925573485893
8.19,5.299437,3.15,3.490973533214451
15.570000000000002,10.876134,8.19,8.186223305066513
15.77,20.053802,15.570000000000002,15.23416438844114
20.5,23.906803,15.77,16.44909774007457
25.88,26.602203,20.5,21.270259870984834
29.809999999999995,30.05905,25.88,26.206945041747193
37.3,36.233307,29.809999999999995,29.987308706692353
34.58,39.738678,37.3,37.41466805711312
31.87,39.964046,34.58,35.8056087399467
33.18,38.048714,31.87,33.5747520889133
40.91,43.33746,33.18,33.576964259208744
64.13,43.105526,40.91,40.95764729468028
59.96,57.43461,64.13,61.47945349772011
37.42,61.87407,59.96,59.300400274394384
41.33,49.92688,37.42,40.192071488554554
48.18,47.15669,41.33,42.35650795972811
52.64,50.28016,48.18,47.14903224899204
66.83,49.728928,52.64,51.43556140650497
73.65,61.176815,66.83,64.17007690512504
59.64,63.10942,73.65,71.06583505378246
59.739999999999995,54.991463,59.64,60.87275775802045
71.52,53.974976,59.739999999999995,60.23939630962155
67.79,63.14177,71.52,69.00595005968441
73.48,62.35238,67.79,65.56988538617777
75.32,60.541164,73.48,70.49419122400032
55.699999999999996,65.208046,75.32,71.76759057884584
60.10999999999999,55.685875,55.699999999999996,54.980169164659124
62.55,55.33686,60.10999999999999,57.884514008904056
77.59,53.805878,62.55,58.891892513612866
68.59,60.554245,77.59,72.62945806005592
71.68,59.02457,68.59,65.12008311145163
55.08,59.47807,71.68,67.46909634270972
58.529999999999994,51.1228,55.08,52.9148962989758
51.13,49.51577,58.529999999999994,54.855710132447626
54.94,42.907112,51.13,47.199787555649955
57.76,43.336708,54.94,49.538357573389305
26.77,42.170475,57.76,52.72869881988069
46.32,29.270163,26.77,24.870029395809546
42.89,33.078743,46.32,41.41265342135593
28.86,32.53735,42.89,37.71761944010853
29.040000000000003,25.164303,28.86,26.414525970341135
21.99,22.407,29.040000000000003,25.165949894468646
16.92,17.19923,21.99,18.236210952755005
13.77,12.484311,16.92,13.98572447270752
8.91,9.061576,13.77,10.5042541918829
5.7,4.3626375,8.91,5.869145302754196
3.34,1.0010209,5.7,3.356550795127803
1.7,0.0,3.34,0.9470871425681882
0.25,0.0,1.7,-0.30520868332785195
0.0,0.0,0.25,-0.7408512470810305
0.42,0.0,0.0,-2.236576004051418
2.06,0.0,0.42,-1.369668940923141
3.56,0.0,2.06,0.7971969972607412
5.95,4.3447294,3.56,2.7554873300079965
9.33,8.67193,5.95,5.476443608404458
11.65,14.5808735,9.33,9.124205486058194
12.94,18.37589,11.65,11.784668334595606
18.32,19.642551,12.94,13.621943492547896
21.59,23.325653,18.32,18.612094010318515
18.67,28.091341,21.59,22.137001031158466
26.55,27.73867,18.67,20.368886671498558
41.34,32.14054,26.55,26.981441684764203
50.33,40.729282,41.34,40.4285700560318
49.07,51.960243,50.33,49.411848671301385
52.42,55.908295,49.07,49.48729453358231
59.519999999999996,52.689857,52.42,53.82665003314397
60.17,58.931423,59.519999999999996,59.310049062614134
58.74,61.54684,60.17,60.00452862673993
73.19,60.957916,58.74,58.72841312563511
47.12,67.52989,73.19,71.32641741349914
74.25,53.8405,47.12,48.676134409289666
75.03,65.977776,74.25,71.8317608502542
64.62,68.55531,75.03,72.78987368034676
55.849999999999994,65.8725,64.62,63.95113466559343
42.03,58.027245,55.849999999999994,55.546991441770516
56.32999999999999,48.430214,42.03,41.30673209168023
66.79,51.056812,56.32999999999999,53.372826614654535
57.07,56.85696,66.79,62.11078517065639
42.15,54.550007,57.07,54.39084724975782
54.09,44.86779,42.15,41.45942244749506
69.6,46.82172,54.09,50.80322258692033
65.38,54.54093,69.6,64.21796515806798
74.77,52.637375,65.38,61.0818530917937
77.48,59.269848,74.77,69.90967151294701
40.07,57.932346,77.48,73.02981480296165
64.49,42.34858,40.07,40.34876426853346
64.33,50.02197,64.49,60.04982948532787
58.89,49.238792,64.33,59.148895886562855
42.76,45.516724,58.89,56.37539709174795
49.34,42.793396,42.76,39.850663713796294
48.02,42.14124,49.34,44.478738731547324
20.34,38.083244,48.02,44.140603352072176
20.53,24.034697,20.34,19.37890482856837
13.8,19.251122,20.53,17.979741691867474
11.14,13.428503,13.8,10.885723215993382
3.15,9.105728,11.14,8.172808857468596
3.6300000000000003,3.5214357,3.15,1.02768100595438
1.9799999999999998,1.4701426,3.6300000000000003,1.5422559112216727
3.44,0.86186963,1.9799999999999998,-0.1049450463574425
6.64,0.0,3.44,1.0464757787244063
10.53,0.47215638,6.64,4.191357490152344
7.2,2.7229333,10.53,8.23870864413973
3.7499999999999996,3.171506,7.2,5.740942031860085
0.4,0.0,3.7499999999999996,2.7136354335800963
0.0,0.0,0.4,0.24051312126080998
0.64,0.0,0.0,-0.6125780101343881
1.52,0.0,0.64,0.1597125995127785
3.69,1.4882722,1.52,1.342661629434383
7.340000000000001,7.0589542,3.69,3.853606559361287
11.66,12.822895,7.340000000000001,7.594946796304985
14.850000000000001,20.057861,11.66,11.757628362096314
18.67,24.659195,14.850000000000001,15.21127323806103
25.26,26.87985,18.67,19.337212109734846
33.09,31.708715,25.26,25.28103245865508
34.68,39.191322,33.09,32.86332626699698
40.5,42.478886,34.68,35.1696199246273
45.02,46.298656,40.5,40.764643604911754
48.76,49.092968,45.02,45.17867393986028
52.83,53.063717,48.76,48.88367756342057
56.62,55.91167,52.83,52.72443191757577
59.91,58.360992,56.62,56.178277403689
63.31,60.30142,59.91,59.38539894934891
64.95,63.04059,63.31,62.52687725713772
70.19,64.03752,64.95,64.10605754517337
73.06,66.3992,70.19,68.83850799575688
68.74,67.924034,73.06,71.46247461345182
82.14,66.7913,68.74,67.30704779343607
73.45,62.59463,82.14,80.70497275500654
72.61,67.20237,73.45,71.74048676570932
68.47,65.13607,72.61,70.64491735212847
63.32,61.22428,68.47,66.07856342058452
61.88999999999999,57.647087,63.32,60.57207846179436
62.11,54.323822,61.88999999999999,58.67867340296955
59.2,51.494297,62.11,57.846135779570176
54.88,48.455536,59.2,54.93637558841812
51.91,44.73942,54.88,50.72468703616913
44.17,42.015984,51.91,47.50869391414452
40.18,35.564007,44.17,40.228219503558755
37.45,31.938313,40.18,36.09043796270164
30.92,29.281984,37.45,32.72817472450832
25.6,24.8947,30.92,26.60429210430704
7.37,16.293015,25.6,22.238985550341297
8.49,5.78682,7.37,5.765452501332545
3.16,3.3818967,8.49,5.779274687091251
2.62,0.0,3.16,0.7207811847845863
3.65,0.0,2.62,-0.031298447556588616
1.9200000000000002,0.0,3.65,0.7583648658203274
0.76,0.0,1.9200000000000002,-0.3752878622741568
0.0,0.0,0.76,-0.7144173544301508
0.36,0.0,0.0,-2.1192757565127933
2.27,0.0,0.36,-1.3188458814883846
3.01,1.0748252,2.27,0.8593514975411468
3.6700000000000004,4.7802086,3.01,2.0758150028189455
5.11,7.3446355,3.6700000000000004,3.3191984852971825
6.6,11.253231,5.11,5.394128271050371
9.01,14.004347,6.6,7.116663380643957
13.1,15.803194,9.01,9.783270134570078
18.1,19.135489,13.1,13.834561967938017
24.49,25.997847,18.1,18.676561006625462
25.75,32.025135,24.49,25.00552177612418
34.74,35.307297,25.75,26.891976674564514
27.659999999999997,40.01485,34.74,35.38110605835647
30.33,39.301125,27.659999999999997,29.747872117531
31.759999999999998,39.27885,30.33,32.193636268641605
31.779999999999998,38.994453,31.759999999999998,33.1964122508654
46.83,38.28339,31.779999999999998,33.326935828183174
54.97,47.544243,46.83,46.47391478783605
62.419999999999995,55.5368,54.97,54.20413893829441
59.82000000000001,60.549652,62.419999999999995,62.01317366087347
58.55,61.25874,59.82000000000001,60.34138272955796
63.58,60.76371,58.55,58.976850145782514
76.85,60.98675,63.58,63.0253286470834
76.56,64.78636,76.85,74.5621419153727
76.86,68.35965,76.56,74.79504645977092
75.3,69.43123,76.86,75.43088183232825
73.19,67.7037,75.3,73.88850726338516
71.7,65.14883,73.19,71.48320401363277
69.16,62.29782,71.7,69.57711476942902
68.26,60.169285,69.16,66.1645886270173
65.09,58.564014,68.26,64.8134954541921
62.50000000000001,56.0155,65.09,61.37156227556742
59.14000000000001,52.597282,62.50000000000001,58.62461977916718
54.7,49.556217,59.14000000000001,55.19524993407706
51.35,46.274776,54.7,50.57886481048392
47.01,43.207268,51.35,46.821661571361076
42.52,38.766796,47.01,42.51996757164923
37.89,34.875385,42.52,38.05346058661066
33.17,31.008356,37.89,33.46392793928019
27.94,26.923916,33.17,28.831113768791745
22.52,21.17254,27.94,23.77901568291194
17.23,16.264355,22.52,18.615915035954707
12.42,11.787679,17.23,13.525165680745369
8.04,7.752161,12.42,9.002012510938581
4.5,2.8399093,8.04,4.8594347529003015
2.34,0.0,4.5,1.5956579875496586
1.34,0.0,2.34,-0.2875856119197978
0.27,0.0,1.34,-0.8958480938373603
0.0,0.0,0.27,-1.4832035436704911
0.9600000000000001,0.0,0.0,-2.150697581086267
2.96,0.0,0.9600000000000001,-0.7793478248654789
5.1,1.8150045,2.96,1.547009672873437
6.85,6.9528275,5.1,4.122785901608621
8.6,10.966172,6.85,6.398900674308184
10.65,15.670232,8.6,8.628332850168015
16.28,18.447603,10.65,11.042296304422274
13.04,22.220812,16.28,16.461472552868084
22.86,22.135187,13.04,14.463017433404826
35.57,31.407766,22.86,22.671727019366163
43.22,41.537746,35.57,34.427135542611154
38.74,49.105797,43.22,42.62086484500787
54.12,48.372482,38.74,40.026172835045074
61.58,57.617188,54.12,53.41773664314105
55.37,62.950424,61.58,60.764839249614134
54.68,61.398197,55.37,56.086743039551834
51.88,60.574883,54.68,55.17705084299075
52.89,57.83718,51.88,52.04638808424797
49.33,56.2134,52.89,52.74085618461513
55.64999999999999,52.674957,49.33,49.183971079652046
68.91,56.284866,55.64999999999999,54.2736431165447
73.36,63.420906,68.91,66.31786237424663
76.2,67.98922,73.36,71.00133418096044
71.89,68.23991,76.2,74.28890898434912
70.51,65.48569,71.89,70.510977241105
67.85,62.81464,70.51,68.54482215454343
65.56,59.41301,67.85,65.36497644914253
62.349999999999994,56.483475,65.56,62.55524568513814
58.300000000000004,52.751465,62.349999999999994,58.991013827907445
56.32999999999999,49.09511,58.300000000000004,54.75259008969341
52.06,46.663593,56.32999999999999,52.45373771417586
47.21,43.620796,52.06,48.264010836050716
42.71,39.078384,47.21,43.377120556123344
37.97,35.444405,42.71,38.53344772062744
33.61,31.230293,37.97,33.79363901508482
27.899999999999995,27.146536,33.61,29.392446953028887
22.4,21.163761,27.899999999999995,23.92305219268448
17.37,16.332956,22.4,18.67440749309783
12.33,12.084486,17.37,13.854904925434946
7.919999999999999,8.040712,12.33,9.028128522573537
4.3,3.0027633,7.919999999999999,4.905730498629932
2.1,0.0,4.3,1.5289341423253966
1.01,0.0,2.1,-0.4273165067691792
0.0,0.0,1.01,-1.130781048100781
0.76,0.0,0.0,-2.5115499820496754
1.56,0.0,0.76,-1.274389527058205
3.49,0.0,1.56,-0.07698049446047586
6.51,4.077886,3.49,1.9906175116474523
10.34,8.062018,6.51,5.9995728341230015
16.56,14.759668,10.34,9.248761280766075
25.0,20.760937,16.56,15.983073847099371
30.19,28.601435,25.0,23.643297879781265
34.97,34.53079,30.19,29.47654477540343
35.08,40.89899,34.97,34.71306913847449
42.84,42.274178,35.08,35.65056396160427
46.18,45.854538,42.84,42.74508647680701
50.49,49.51159,46.18,46.010489189503154
54.67,54.24534,50.49,50.218722805503894
58.56999999999999,57.322296,54.67,54.3093779911017
62.199999999999996,60.083435,58.56999999999999,58.06261015551753
65.22,62.43736,62.199999999999996,61.73822047278442
67.94,65.18085,65.22,64.54529457448858
70.51,66.66233,67.94,67.10946330472028
72.79,67.63853,70.51,69.31770148145543
76.28,68.234825,72.79,71.27874644994682
70.31,69.6195,76.28,74.3551349869167
69.23,66.01231,70.31,69.16214946935744
73.37,63.854504,69.23,67.43687436826374
71.95,62.403664,73.37,70.60802788027615
70.92,62.169926,71.95,68.85398701992588
68.33,60.621212,70.92,67.7502740791045
65.14,57.87562,68.33,64.85486374904299
62.05,54.61336,65.14,61.58909093057841
59.04,50.616055,62.05,58.24996211699797
55.959999999999994,47.255962,59.04,54.73947853045325
52.04,44.25959,55.959999999999994,51.47154352908256
47.76,41.240826,52.04,47.49000907255367
43.39,37.27053,47.76,43.22036711593097
38.41,33.606525,43.39,39.02351271242068
33.69,30.012947,38.41,34.19305096958977
28.420000000000005,26.55391,33.69,29.424643627711877
23.48,21.31788,28.420000000000005,24.3579742219138
17.99,17.032402,23.48,19.545708431121156
13.93,12.793091,17.99,14.334213351874752
6.05,9.279407,13.93,10.452466007223622
2.78,2.3573673,6.05,3.768347243159403
1.91,0.0,2.78,0.7005210037566878
1.15,0.0,1.91,-0.41449635474859164
0.36,0.0,1.15,-0.9987917217678538
0.0,0.0,0.36,-1.4316184884099716
1.04,0.0,0.0,-2.169594331744771
2.12,0.0,1.04,-0.6574606923778028
4.39,0.41323057,2.12,0.9154891468758546
7.15,5.671028,4.39,3.1576470057864405
10.66,10.086092,7.15,6.738577484916782
14.7,16.36372,10.66,9.869172905110121
19.28,20.7484,14.7,14.59687320742238
23.34,25.248518,19.28,18.975565240282894
28.31,29.620306,23.34,23.340665080308714
36.34,35.468742,28.31,28.31750691715984
41.65,41.90538,36.34,35.84422480456626
45.96,46.7063,41.65,41.33281895754944
50.33,50.35235,45.96,45.88801597640201
54.55,54.501633,50.33,50.20396039889029
58.20000000000001,57.337994,54.55,54.3135879997359
61.46,59.6385,58.20000000000001,57.88470365721407
64.9,61.71872,61.46,61.040683298126645
68.06,64.77164,64.9,64.2449171311579
70.5,66.5491,68.06,67.22783810576523
72.31,67.90646,70.5,69.4362080387153
73.82,68.532,72.31,71.1537588667464
74.8,69.27852,73.82,72.33383143148674
75.42,69.50186,74.8,73.05771792193558
71.35,69.0965,75.42,73.31120229435534
69.24,64.02397,71.35,69.3014292044546
66.81,60.58645,69.24,66.7709024457301
64.18,57.44236,66.81,63.950579842747516
61.17,54.530155,64.18,60.92301565389038
57.99999999999999,50.7249,61.17,57.533452287753775
54.92,47.50927,57.99999999999999,54.013696591112776
50.67,44.266163,54.92,50.736539539349174
46.87,40.81932,50.67,46.4616343022131
41.67,36.83539,46.87,42.64037119453603
37.4,32.838116,41.67,37.50626400489556
32.21,29.255997,37.4,33.23465797522188
26.91,25.368029,32.21,28.114034547621443
21.75,19.9604,26.91,23.02791483475357
11.61,15.459851,21.75,18.077938595732444
11.18,8.285147,11.61,9.121928643172753
6.95,6.2872057,11.18,7.92012013479654
4.01,2.336924,6.95,3.950458197584259
1.41,0.0,4.01,1.4822313273491532
0.37,0.0,1.41,-0.5925733411560485
0.0,0.0,0.37,-1.45291139275112
0.9899999999999999,0.0,0.0,-2.2339709668785
2.28,0.0,0.9899999999999999,-0.926084305922307
4.02,0.58478415,2.28,0.7579892230226823
6.63,5.1809273,4.02,2.8753400223451147
9.89,9.282478,6.63,6.17457311084586
13.890000000000002,15.201472,9.89,9.273150273816821
18.21,19.645964,13.890000000000002,13.918855879467252
23.76,24.336538,18.21,18.04894201361592
29.209999999999997,29.503933,23.76,23.637266663435025
34.11,36.0655,29.209999999999997,29.164116893973418
38.93,40.882416,34.11,34.24426546177122
43.64,44.831486,38.93,39.15718703124792
47.72,48.342525,43.64,43.884008367151004
51.45,52.72684,47.72,47.90956609955081
55.35,55.51476,51.45,51.60487964490476
58.34,58.029633,55.35,55.33844547679664
61.519999999999996,60.117775,58.34,58.298165335567965
64.14,62.945168,61.519999999999996,61.272715030225854
66.8,64.71247,64.14,63.704303848897084
69.49,65.74053,66.8,66.11266410449649
68.32,66.87666,69.49,68.48146216182882
71.98,66.35994,68.32,67.29945996653433
75.33,67.72019,71.98,70.43087624298765
75.75,68.84837,75.33,73.28876559151387
73.49,69.085014,75.75,73.67375977114644
77.24,68.34761,73.49,71.43638688780786
62.78,68.801025,77.24,74.37090384874871
78.2,53.902317,62.78,62.541520362943494
76.54,66.66925,78.2,74.13230092090255
76.72,65.86486,76.54,72.47578167211337
64.64,66.8642,76.72,72.94776598379283
71.73,60.4635,64.64,61.99981210413128
72.08,61.005543,71.73,67.18453970744486
73.44,59.57901,72.08,67.65251707795541
62.39000000000001,60.67631,73.44,68.5617936609562
64.78,57.05312,62.39000000000001,58.431412589443376
53.68,55.06018,64.78,60.04111847558575
60.73,46.521755,53.68,49.96551327309157
49.15,48.59799,60.73,55.187238435537
49.75,41.301945,49.15,45.698403627503296
39.21,42.00779,49.75,44.75520130850207
38.25,34.72834,39.21,35.328384285529836
30.96,32.048912,38.25,33.70681146362441
31.740000000000002,26.15191,30.96,27.417902573456765
25.06,25.376713,31.740000000000002,27.207430802539847
14.999999999999998,19.86991,25.06,21.368434014012443
14.32,13.105423,14.999999999999998,12.379668067300143
9.12,10.025307,14.32,11.453781945508453
5.54,6.3210073,9.12,6.552407990675108
4.21,1.8454431,5.54,3.6262946400785507
3.6400000000000006,0.45292777,4.21,2.0258888502543537
2.23,0.0,3.6400000000000006,1.6259668615630718
0.57,0.0,2.23,0.7332356492979049
0.42,0.0,0.57,-0.43306315332961115
1.95,0.0,0.42,-1.1708880695426382
3.74,0.0,1.95,0.598338018789921
6.39,2.7193153,3.74,2.6252606867296966
9.29,8.02893,6.39,5.661089221989909
12.53,14.516794,9.29,9.038218301093597
17.8,19.488144,12.53,12.448807602413513
18.44,24.028137,17.8,17.734523581884343
20.47,25.647217,18.44,19.1073618245687
24.63,28.805965,20.47,21.47354265155879
31.07,31.879545,24.63,25.300854733579794
36.17,36.878662,31.07,31.200646526683098
39.01,40.409496,36.17,36.60240544020729
51.19,46.02399,39.01,39.35131471729837
58.1,54.117073,51.19,50.4121020933097
59.64,59.408768,58.1,57.41154023350783
45.79,61.83481,59.64,59.59022412967779
51.47,55.36848,45.79,47.49721251112243
50.39,54.529564,51.47,51.65998722925694
32.71,50.976322,50.39,50.33439950196208
37.92,41.539825,32.71,34.3235160645188
50.36,42.18692,37.92,37.627255593919514
66.34,49.390312,50.36,47.73818280287923
73.78,59.67338,66.34,63.07151421879331
80.46,65.05509,73.78,71.16123438429491
67.72,64.58235,80.46,78.58572645311547
63.02,64.93367,67.72,67.13122897235489
52.15,56.471157,63.02,62.42900515065151
41.26,49.558735,52.15,51.14305627706522
42.18,41.080826,41.26,40.31544127059614
39.68,39.41461,42.18,39.6100057196538
54.37,37.5669,39.68,36.48950666747647
63.16,39.031525,54.37,50.81484667063743
70.83,49.342373,63.16,58.53510261700235
47.2,55.629044,70.83,66.46179816788047
23.89,42.4648,47.2,46.77910525476569
61.03000000000001,28.030802,23.89,24.73502864607557
23.79,40.873795,61.03000000000001,54.42150691088399
50.58,28.170141,23.79,21.55942270505895
37.45,37.10885,50.58,45.32591270140176
33.18,32.338657,37.45,34.0491715975247
33.62,32.133286,33.18,30.48623092322416
28.94,28.028284,33.62,31.220558722639254
22.54,24.484352,28.94,25.47815597410119
13.87,18.60526,22.54,20.20005056443496
8.02,12.957579,13.87,11.021921627949888
3.91,6.091096,8.02,5.846236491886594
4.4,0.0,3.91,2.4372582165739107
3.52,0.0,4.4,2.801408576912214
2.58,0.0,3.52,1.3368579728274836
0.52,0.0,2.58,1.4249162086961005
0.47,0.0,0.52,-0.6661254597277086
1.51,0.0,0.47,-1.0990393644720649
2.46,0.0,1.51,0.15737682559689192
4.43,1.09507,2.46,1.3047264710547597
7.55,5.3841705,4.43,3.4932110198830566
10.61,11.309414,7.55,6.933443463136197
12.17,15.416633,10.61,10.60418788448538
15.78,17.861328,12.17,12.616257726596425
16.92,19.739414,15.78,16.24988035668546
27.07,23.722189,16.92,17.569681095106755
20.09,30.351583,27.07,26.804864153770243
27.37,29.645094,20.09,21.490525494384844
29.96,31.706512,27.37,28.196643522464612
30.18,35.181988,29.96,30.77401548449314
53.18,37.147602,30.18,31.163447918850427
56.55,54.54328,53.18,51.0992835301531
74.0,60.97647,56.55,55.27148948097809
49.72,67.817215,74.0,72.72652014695555
52.59,58.661255,49.72,52.173639718734336
59.849999999999994,55.86867,52.59,53.77546657785175
59.86000000000001,57.7916,59.849999999999994,59.0377969820588
69.02,55.80226,59.86000000000001,58.73962879099326
77.61,63.013504,69.02,67.15714370863851
57.46,61.781227,77.61,75.39446265739143
71.5,58.770687,57.46,57.668577065242246
27.74,63.135937,71.5,69.35775074274231
35.01,40.871075,27.74,29.768268079103734
38.39,38.43322,35.01,33.89182379846451
33.67,35.493065,38.39,34.986295350116485
27.97,34.453014,33.67,29.758202297948944
33.73,27.189428,27.97,26.23959571867978
33.15,28.501465,33.73,30.187603650283865
30.61,26.48157,33.15,30.53547733634534
25.48,25.135164,30.61,28.224227655495955
23.88,21.192001,25.48,23.481668150267694
22.61,19.177107,23.88,21.277649000902958
24.08,15.713031,22.61,20.567082155740287
22.96,16.62877,24.08,20.97015099885497
12.97,15.949452,22.96,20.812877449881793
14.489999999999998,11.289554,12.97,12.266703368652541
6.0,10.1491165,14.489999999999998,13.16175970757573
2.93,5.6056046,6.0,5.747668635287964
3.65,3.2229705,2.93,2.638152461572588
1.9400000000000002,3.4344,3.65,2.5255917528253837
0.83,1.3383309,1.9400000000000002,1.0031477100688044
1.27,0.22587252,0.83,0.3784614739532389
0.44,0.65372545,1.27,0.8001701165893885
0.0,0.7879093,0.44,0.3942564169943336
0.1,0.0,0.0,-0.8534894793098143
1.03,0.9634046,0.1,-0.39692066880682436
1.71,3.6884038,1.03,0.49482686226526923
3.32,5.841996,1.71,1.7216879273125667
5.11,8.717249,3.32,3.438160759806437
7.059999999999999,9.912365,5.11,5.551294361427111
9.18,10.530874,7.059999999999999,7.7055763057788695
10.95,11.030692,9.18,9.952041054376727
13.829999999999998,14.624653,10.95,11.92004487750336
15.879999999999999,17.224606,13.829999999999998,14.83578779460927
17.23,19.240261,15.879999999999999,16.99934080443734
23.47,20.703222,17.23,18.47409922044018
43.38,26.716375,23.47,24.048359409538808
45.5,42.760822,43.38,41.573553362660114
24.62,48.055603,45.5,45.28462342058321
37.21,39.327972,24.62,28.036300457586083
35.88,41.802578,37.21,38.123788147302726
37.1,40.699707,35.88,36.438504641443004
29.360000000000003,42.1935,37.1,37.490332161670345
17.28,35.303734,29.360000000000003,30.717323371014785
20.8,29.06724,17.28,19.23170369434316
38.51,27.368654,20.8,22.17409635341342
39.73,35.868343,38.51,36.90007978591102
37.02,40.163555,39.73,38.87742665908305
63.39,42.19784,37.02,36.95197098103341
35.88,53.044003,63.39,59.97978294503466
51.4,42.813267,35.88,36.86423133867257
32.49,43.97282,51.4,51.21958529376973
41.84,37.18541,32.49,33.04078200150675
38.1,39.62768,41.84,40.22002433740536
43.65,36.087967,38.1,36.97685708979586
22.1,36.459644,43.65,41.68588061766876
13.7,26.562956,22.1,23.76684145994701
19.79,21.113216,13.7,14.698226683349805
15.350000000000001,21.971016,19.79,18.267578961011875
11.37,18.49806,15.350000000000001,13.887432070974501
12.18,14.408785,11.37,10.84047831639212
18.76,14.324558,12.18,10.62179532967787
15.860000000000001,16.674139,18.76,17.036956588676002
16.33,16.425999,15.860000000000001,14.865825734787125
9.98,16.176434,16.33,15.602326347620414
10.34,13.063465,9.98,10.015436411884501
7.99,11.633704,10.34,10.062799520865708
4.79,9.785829,7.99,7.505965111364278
4.42,5.842205,4.79,4.743527906168124
4.75,4.5929947,4.42,4.359780674126318
3.48,5.0562596,4.75,4.323735051974731
1.85,4.87719,3.48,3.476318710760973
1.38,3.028815,1.85,2.0548956805197847
0.34,3.098956,1.38,1.7093067402063375
0.0,2.486824,0.34,0.4486232448803171
0.75,0.0,0.0,0.06117288131205906
2.63,2.0342805,0.75,0.8347906262353384
2.06,6.105673,2.63,2.974022464479754
0.84,10.064531,2.06,2.960457669053735
1.27,10.755634,0.84,2.3497329654253414
2.24,9.43991,1.27,2.8849047872374083
7.249999999999999,7.6708074,2.24,3.8538389930030137
23.05,11.543332,7.249999999999999,8.429645739402924
14.96,24.065166,23.05,22.52349395129503
8.59,26.145395,14.96,16.725535561910753
24.28,21.290367,8.59,11.842490640503444
32.0,28.659935,24.28,24.957178283600683
46.7,36.919155,32.0,32.030430244847665
31.66,48.273006,46.7,45.186764394300305
52.0,42.21655,31.66,33.98500959419652
32.03,49.842747,52.0,52.01435514993828
48.22,42.120457,32.03,34.83387831840661
63.50999999999999,48.053455,48.22,48.397664884428444
64.49,60.115154,63.50999999999999,61.39164185124211
56.040000000000006,61.34802,64.49,63.78034265937876
33.77,57.408356,56.040000000000006,57.00983363055613
39.78,44.305473,33.77,36.41995490243258
70.69,43.31767,39.78,40.23896110087365
49.82,56.750977,70.69,66.31461115986765
38.44,50.668854,49.82,49.37694920517472
42.49,46.042057,38.44,39.318068263492634
45.08,43.319286,42.49,41.76183315915215
50.26,41.73087,45.08,43.69734478067633
64.59,45.268368,50.26,48.184904275256876
47.77,53.614937,64.59,59.07303004451476
42.24,47.729748,47.77,45.58525022789133
51.32,47.197468,42.24,40.41513615046576
47.39,39.730534,51.32,48.142608839881
50.17,35.261765,47.39,45.12031675706373
45.74,34.819386,50.17,47.99666432484668
43.26,33.743313,45.74,43.07818273209411
33.2,39.391575,43.26,39.600977527705076
20.7,26.972916,33.2,32.150528656566095
20.77,20.43487,20.7,19.460073937479585
21.08,21.437033,20.77,17.48626937386246
21.02,19.144485,21.08,16.959256927092625
17.15,16.68367,21.02,16.88189536229485
12.52,12.952527,17.15,14.259900931287609
7.73,9.791846,12.52,10.413589018752804
5.37,5.1486344,7.73,5.96118606793031
1.4,1.7867672,5.37,3.3278184890688536
0.42,0.0,1.4,-0.16747680421665273
0.45,0.0,0.42,-1.1074346783174966
2.74,0.0,0.45,-1.460709720179598
3.2,0.0,2.74,0.9638623146574462
2.73,4.409753,3.2,2.2593063742554103
6.8,7.7144694,2.73,2.3938389545414833
8.88,11.145191,6.8,6.304220868683404
11.17,13.425946,8.88,8.727100848557361
20.12,16.949503,11.17,11.296220602781423
20.39,22.449867,20.12,19.43992773926199
22.63,24.336931,20.39,20.939257783889754
16.33,26.57426,22.63,23.721428864981203
24.98,25.501743,16.33,18.286228396324724
35.49,29.108988,24.98,25.624866320172696
26.04,35.867622,35.49,35.2610645088206
14.3,34.22171,26.04,27.61949997827032
21.97,27.456081,14.3,17.59811162680346
23.36,29.055843,21.97,22.905553480335172
25.35,27.899967,23.36,24.32785895440381
30.209999999999997,28.302845,25.35,26.35085085698062
39.59,32.595753,30.209999999999997,30.379178634429344
51.46,37.929718,39.59,39.11729909190697
68.15,43.454666,51.46,50.66361196779962
61.519999999999996,52.600536,68.15,66.51578484274003
62.07,56.929096,61.519999999999996,61.78384823932928
74.0,56.645004,62.07,62.18920823671635
50.41,56.531864,74.0,72.6106765855563
41.82,47.87823,50.41,51.454120168606714
70.43,43.300568,41.82,42.55244940829112
65.65,51.70129,70.43,66.01629049872109
62.58,51.883747,65.65,62.45636155813721
59.46999999999999,51.757046,62.58,60.60001775664755
55.34,50.247173,59.46999999999999,56.95620385005827
51.78,45.895584,55.34,52.80463185421892
46.53,41.991615,51.78,49.06753372717706
38.85,38.105103,46.53,42.73305692238362
38.76,32.768444,38.85,35.428495590957
29.51,29.933449,38.76,34.75698454239855
26.41,25.567461,29.51,25.763793068778476
20.91,17.839907,26.41,23.558436954327703
16.29,14.694147,20.91,17.847688372876075
11.65,11.884132,16.29,12.648565556639902
7.610000000000001,7.747903,11.65,8.345590578522776
4.5,2.730604,7.610000000000001,4.386315738108283
2.55,0.0,4.5,1.5760215834583058
1.22,0.0,2.55,-0.2283913460836659
0.1,0.0,1.22,-1.2257164162485183
0.0,0.0,0.1,-1.934655541270462
0.9,0.0,0.0,-2.1856955337264905
1.35,0.0,0.9,-0.9916594981660741
3.05,0.0,1.35,0.21957807076107438
7.71,4.041372,3.05,2.0668323429966198
15.08,12.002715,7.71,6.270117420188593
18.12,18.233973,15.08,13.907601210229945
18.19,25.565676,18.12,16.97432097900793
33.08,24.86536,18.19,18.694243297839716
31.019999999999996,36.04399,33.08,31.871200389750953
20.61,39.30958,31.019999999999996,30.522385319210024
21.7,32.29877,20.61,22.739306028822096
27.6,28.915289,21.7,23.135251317324425
32.73,32.121155,27.6,27.861850643448122
28.72,35.99173,32.73,32.68633099722767
26.9,36.822605,28.72,29.528263342113448
63.17,33.486122,26.9,28.3983012107871
36.61,55.20609,63.17,60.05884022256523
66.36,46.29561,36.61,38.61054422506213
38.06,56.69705,66.36,65.34056325086937
21.96,44.907326,38.06,41.046447128181825
45.24,35.956245,21.96,25.464376396575823
46.46,38.31922,45.24,44.47384639762777
60.33,40.152817,46.46,44.92241701026522
60.43,50.03779,60.33,59.887095155921244
54.21,49.48259,60.43,59.58450860003341
54.25,47.08653,54.21,55.16158698049464
52.61,49.425426,54.25,54.701199675419076
70.61,50.712322,52.61,51.286122443782276
59.93000000000001,53.286995,70.61,66.08614526065926
57.53,49.54478,59.93000000000001,57.453911628886395
63.669999999999995,48.078197,57.53,54.60645022087892
54.78,47.230328,63.669999999999995,60.29432649093418
41.82,44.013515,54.78,52.3731980367928
25.71,36.0319,41.82,40.1771146716299
20.36,26.24828,25.71,24.14750499787685
16.74,18.410067,20.36,17.907238549402283
16.95,13.402039,16.74,13.681520708039146
15.2,10.736425,16.95,13.334503442658841
11.98,9.298214,15.2,11.792415297538067
6.51,7.4527016,11.98,9.163447270631943
5.95,4.318376,6.51,4.505796393610161
3.7499999999999996,0.97222066,5.95,3.8054412083704
1.6,0.0,3.7499999999999996,1.8814700089746104
0.7,0.0,1.6,-0.4732696924383445
0.0,0.0,0.7,-1.344026906007945
1.11,0.0,0.0,-2.2864753693463675
2.16,0.0,1.11,-0.5795480748202467
4.26,0.0,2.16,0.9292424063591191
2.19,4.2350297,4.26,3.384908031598085
4.83,8.001398,2.19,2.1610580401021844
16.46,10.678811,4.83,4.682215007958365
20.24,16.645844,16.46,15.330265773320285
18.83,22.329742,20.24,19.780890413859467
13.850000000000001,26.563906,18.83,19.557363016345462
21.11,22.834171,13.850000000000001,15.75930273278656
19.94,24.020254,21.11,22.08094369013257
11.03,24.322893,19.94,21.2407153084383
11.0,20.805773,11.03,13.582229486469604
17.95,18.491756,11.0,13.247744442035389
35.82,21.290531,17.95,18.762348915495288
53.03,32.39428,35.82,34.92795261529306
10.04,49.783463,53.03,51.32480280830147
8.69,32.146633,10.04,15.748967380022432
15.45,23.086658,8.69,13.289844117259737
19.07,21.676043,15.45,17.02765119789683
33.43,22.256868,19.07,19.757703594583646
18.18,29.695324,33.43,32.56244332369573
42.86,25.95465,18.18,19.800896402792453
36.75,37.43231,42.86,41.89638822094378
22.3,36.906803,36.75,37.37763268069315
52.83,29.832539,22.3,25.393980595269063
48.68,40.530476,52.83,51.46958336595176
64.95,42.269543,48.68,47.39396736886898
40.82,50.851612,64.95,62.41378477590678
42.83,42.590645,40.82,42.29584809844402
46.41,39.87845,42.83,43.702520440183484
60.22,39.383224,46.41,45.94500765373431
60.61000000000001,47.588146,60.22,57.32000895702437
28.659999999999997,48.24067,60.61000000000001,57.75667311233697
32.8,35.29061,28.659999999999997,30.014593784336554
31.800000000000004,31.450039,32.8,32.095584813099066
28.56,27.8445,31.800000000000004,29.76938247374931
39.83,24.828512,28.56,26.880995759845312
49.71,30.42109,39.83,35.72608044408969
32.13,35.777744,49.71,44.92181544408064
41.16,31.052593,32.13,30.554667354853738
32.03,32.640804,41.16,38.345242739702115
18.3,26.877445,32.03,29.794834084308736
26.66,16.490517,18.3,17.47060982285743
19.59,17.424915,26.66,22.98768237018165
11.09,13.4950905,19.59,16.33320925956006
6.96,7.4910545,11.09,9.850220550834852
5.01,2.9311702,6.96,5.47627984603296
3.18,0.3221344,5.01,3.2243678974921024
1.07,0.0,3.18,1.5377179752505925
0.35,0.0,1.07,-0.7334322158708908
1.43,0.0,0.35,-1.2156656176721485
2.85,0.0,1.43,0.5345593716274265
5.3,1.4517097,2.85,1.665734211444984
9.68,5.798779,5.3,5.167170708311793
15.07,13.3821535,9.68,9.02272806335621
20.53,20.26355,15.07,14.319257702622826
25.71,25.751171,20.53,20.101716131989722
30.570000000000004,30.836332,25.71,25.432187842730006
36.92,36.567825,30.570000000000004,30.497928707428272
41.01,41.6,36.92,36.690825604877496
46.71,45.23792,41.01,40.938211131062275
51.19,48.98633,46.71,46.60453705193562
55.79999999999999,53.748867,51.19,51.10355871372147
59.83,57.99433,55.79999999999999,55.5361381510396
63.04,60.74729,59.83,59.55861755390453
65.84,63.712566,63.04,62.69253790047401
69.83,66.71767,65.84,65.30354358669936
69.83,68.59192,69.83,68.9692308564001
75.78,64.19924,69.83,67.78915176234001
70.99,71.26316,75.78,74.0788332330959
76.2,70.82617,70.99,69.80279943857113
78.36,72.32614,76.2,74.06677298054129
47.8,71.49497,78.36,76.84930564712884
40.49,54.68049,47.8,48.80191164391364
74.38,45.71321,40.49,40.682275047638385
78.54,60.62039,74.38,68.62029693703032
74.43,63.96687,78.54,73.14342651582707
72.26,64.050095,74.43,70.86744127835155
55.739999999999995,62.865425,72.26,68.77303779416414
62.86,54.255352,55.739999999999995,54.024011867777794
58.73,51.133133,62.86,59.28715802559662
60.02000000000001,47.69635,58.73,53.945049901838225
56.489999999999995,47.0549,60.02000000000001,54.8616310344138
52.43,44.929634,56.489999999999995,51.59971894204697
47.59,42.40891,52.43,47.65526614300763
45.01,37.001938,47.59,44.093739847293605
37.41,34.75676,45.01,41.10464703629758
20.91,30.686235,37.41,33.35425345523805
19.84,21.116169,20.91,18.785759748521322
14.860000000000001,12.441406,19.84,17.059775351445147
17.66,9.8170395,14.860000000000001,11.029079084094565
10.96,10.32565,17.66,13.61400435255045
6.909999999999999,7.581143,10.96,7.879802975910267
4.05,3.508021,6.909999999999999,4.526040537675713
2.05,0.4254601,4.05,2.0810844243285183
0.42,0.0,2.05,0.2529619768701305
0.0,0.0,0.42,-0.9664593388155773
1.74,0.0,0.0,-2.1700938013003332
3.27,0.0,1.74,-0.2804193369613335
5.43,0.461902,3.27,1.9378063436407489
10.18,5.850198,5.43,4.922547226145705
15.839999999999998,14.187054,10.18,9.271985407491865
20.57,21.598446,15.839999999999998,14.97702148853962
26.49,27.693161,20.57,19.799821720587456
31.97,32.24723,26.49,25.97324980918093
37.45,38.739376,31.97,31.608204051036008
42.61,43.66644,37.45,37.26050585457986
47.39,47.87486,42.61,42.496171206374605
51.73,51.70384,47.39,47.30204791315716
55.97,56.411533,51.73,51.605619861892436
60.34,59.581203,55.97,55.74459988294739
63.290000000000006,62.744713,60.34,59.99055253493947
65.33,65.380264,63.290000000000006,62.85332472317885
67.67,67.90827,65.33,64.78113137653426
61.46,69.253685,67.67,66.82318239186174
55.38,66.56559,61.46,61.11258862938142
69.61,54.254517,55.38,56.3448406822195
74.67,63.610104,69.61,67.31314817459463
73.24,66.19949,74.67,71.90928618813787
71.45,65.27375,73.24,71.06101080453398
65.81,62.76797,71.45,69.2031044591112
62.03,57.861183,65.81,63.699521965559065
57.169999999999995,52.64563,62.03,59.55357640709862
58.24000000000001,49.308075,57.169999999999995,53.90391602809874
54.48,46.8952,58.24000000000001,53.99064770482203
48.01,43.847954,54.48,50.22684595703526
50.55,38.978695,48.01,44.08706346701912
47.26,32.900513,50.55,46.566548322253006
42.15,35.30312,47.26,43.067245627735794
33.62,32.980064,42.15,38.044510872484324
26.09,25.489378,33.62,29.889488722513576
19.31,18.923637,26.09,22.551526578119603
12.28,12.701764,19.31,15.979895279447229
7.450000000000001,7.1411614,12.28,9.102848416929614
3.76,1.3625215,7.450000000000001,4.410749418490791
1.78,0.0,3.76,0.9051886542684762
0.47,0.0,1.78,-0.9158118287795061
0.43,0.0,0.47,-1.7448759596468553
1.35,0.0,0.43,-2.1388576510881867
2.93,0.0,1.35,-1.0111172973740454
5.7,1.5794576,2.93,0.6743846631067031
9.71,6.0141954,5.7,4.592037039018235
14.78,13.281209,9.71,8.074334619168345
20.29,19.59532,14.78,13.438010254209338
25.84,25.487059,20.29,19.23856733464956
31.39,31.073305,25.84,25.070568634232504
37.89,38.034313,31.39,30.826443797904734
42.45,44.01246,37.89,37.32905068094497
46.91,48.390717,42.45,42.15142035189619
50.04,52.009586,46.91,46.72700865011741
53.31,55.91904,50.04,49.9127691122199
61.71000000000001,58.404285,53.31,53.081278305006784
64.44,63.28044,61.71000000000001,60.875620843109154
68.01,66.22964,64.44,63.82014022010525
67.52,69.7448,68.01,67.32960643517953
71.92,69.21162,67.52,66.9959313280349
74.61,71.12076,71.92,70.87108456930227
74.88,72.16851,74.61,73.09300457827158
79.05,72.26958,74.88,73.14577034327203
74.64,73.5816,79.05,76.85800653424779
75.37,69.80133,74.64,72.67823982730762
66.26,67.83484,75.37,73.01340081181871
73.25,62.61266,66.26,64.14587516490519
54.75,62.238598,73.25,69.60847685113836
66.24,55.678703,54.75,52.27790548806938
60.06,55.495155,66.24,61.777880343300765
49.01,50.980133,60.06,55.68831191457686
47.16,46.461372,49.01,45.46387589059824
32.38,40.559727,47.16,43.25889896997025
35.01,28.376215,32.38,29.84612861647609
29.14,28.06304,35.01,31.04905389131772
30.61,24.486605,29.14,24.91815176703578
21.96,23.346073,30.61,26.12624342350416
29.529999999999998,18.007269,21.96,18.712887606222207
19.57,19.512169,29.529999999999998,24.931342440054358
16.71,13.855735,19.57,16.684622743998762
10.76,11.390312,16.71,14.052412066054242
8.0,7.1333265,10.76,8.48423942812349
5.2,2.8639545,8.0,5.614782123691597
2.71,0.0,5.2,3.2383009089436916
1.2,0.0,2.71,0.844833369571768
0.0,0.0,1.2,-0.04273086212063598
0.9700000000000001,0.0,0.0,-1.8077278037356355
2.16,0.0,0.9700000000000001,-0.40702345451935545
3.8500000000000005,2.0690668,2.16,0.942305706620498
6.26,6.7706013,3.8500000000000005,2.9886649750840664
9.89,10.547464,6.26,6.043485470174815
14.64,16.807121,9.89,9.377140756853818
19.91,22.343147,14.64,14.151878893426797
25.36,26.984291,19.91,19.69225639481785
30.63,32.413902,25.36,25.276361471775992
36.42,38.925495,30.63,30.662279247948444
41.45,43.98481,36.42,36.50975952654645
46.06,48.36044,41.45,41.52460528447233
50.67,51.842396,46.06,46.18875729626492
55.03,56.349323,50.67,50.687577828519906
59.209999999999994,59.515926,55.03,54.947458711895294
62.71,62.51053,59.209999999999994,58.95797211615005
65.88,64.78898,62.71,62.450108514373824
68.5,67.81564,65.88,65.45039105961762
70.85,69.33924,68.5,67.8426721957061
73.24,70.2342,70.85,69.91024137974047
75.59,71.01622,73.24,71.93193325788356
77.55,72.40292,75.59,73.9303449986663
28.449999999999996,73.21682,77.55,75.65778857939605
57.77,46.935143,28.449999999999996,31.78653590226525
75.35,57.21763,57.77,54.935959993460635
73.25,60.71279,75.35,69.92684964098461
74.68,59.908924,73.25,69.50839674162549
71.42,65.57068,74.68,71.59451071808493
68.05,63.666042,71.42,68.18968690698429
63.19,58.741867,68.05,65.83832943857338
62.59,54.748184,63.19,60.104576417463306
58.92000000000001,52.017914,62.59,58.364197539386126
43.88,49.161446,58.92000000000001,54.59664730209418
51.26,34.362343,43.88,41.23430072636881
46.47,41.291298,51.26,46.236947860758654
41.99,37.307484,46.47,42.76576504029698
37.17,35.90493,41.99,38.18091378859617
31.699999999999996,31.767977,37.17,33.15276266411423
26.26,26.874315,31.699999999999996,27.830383164682544
20.83,20.262806,26.26,22.878100743422273
16.21,15.272912,20.83,17.412347490904853
11.14,11.0059595,16.21,13.013806344584339
6.920000000000001,6.8924403,11.14,8.347609713868776
4.59,2.068875,6.920000000000001,4.403974360240747
3.06,0.0,4.59,2.2711507592111797
1.59,0.0,3.06,1.2934200322953244
0.36,0.0,1.59,-0.0037702572095485443
1.51,0.0,0.36,-1.8789082393565892
3.12,0.0,1.51,-0.3748301210871077
5.99,2.362393,3.12,1.5775659649631768
9.79,6.655701,5.99,5.0203836091556955
14.210000000000003,13.374057,9.79,8.711608351762106
19.52,19.170195,14.210000000000003,13.38448783186554
25.0,24.359898,19.52,18.90015703070623
30.099999999999998,29.16912,25.0,24.547612615938593
35.46,35.463684,30.099999999999998,29.896300814004327
40.21,40.45396,35.46,35.34663490375816
44.78,44.53912,40.21,40.16132892972133
49.35,47.43423,44.78,44.91090494087955
53.67,52.119022,49.35,49.441208163183106
57.37,55.654785,53.67,53.67016939592362
60.14999999999999,58.477226,57.37,57.350731681228154
63.559999999999995,60.768974,60.14999999999999,60.079086560155254
66.54,63.50201,63.559999999999995,63.254354708660856
66.48,65.25643,66.54,65.98215020372051
72.41,65.79092,66.48,65.92283219802124
73.63,67.171005,72.41,71.02815985991636
73.89,68.12633,73.63,72.04753546993362
74.25,68.61917,73.89,72.37228790705583
76.2,68.60115,74.25,72.591531294243
74.9,66.63575,76.2,74.08732137788135
72.75,64.63996,74.9,72.66390258470942
70.31,62.538242,72.75,70.18889556515903
68.86,59.577843,70.31,67.40891117539859
66.04,57.300457,68.86,65.5638523136626
62.73,54.827953,66.04,62.53308599405352
60.44,51.81771,62.73,58.97562787527976
56.58,48.45432,60.44,56.423770236193434
52.93,45.044067,56.58,52.396223837822184
48.43,41.82653,52.93,48.626368481469
43.64,38.37027,48.43,44.180050706659074
40.03,33.519146,43.64,39.54368954299122
35.09,30.709562,40.03,35.82728121596462
34.3,27.112093,35.09,31.067737030432106
26.67,25.289637,34.3,29.983467930467064
21.84,19.28528,26.67,23.12376526566085
17.8,15.009919,21.84,18.599589916929137
8.27,11.563091,17.8,14.559725282548097
5.43,5.6099052,8.27,6.088839961220332
3.18,0.23031455,5.43,3.4310868159948127
1.34,0.0,3.18,0.7957806936162687
0.19,0.0,1.34,-0.5849429472912798
0.21,0.0,0.19,-1.417759462330043
1.45,0.0,0.21,-1.9325487576137095
3.2,0.0,1.45,-0.22803417498180745
6.0,1.4722472,3.2,1.7925472277439425
9.82,6.73576,6.0,4.974640138837101
14.03,13.690918,9.82,8.835398856805064
19.12,19.303036,14.03,13.335786116992342
24.56,24.300428,19.12,18.587645989349458
29.780000000000005,28.931614,24.56,24.330787664495567
35.05,35.439266,29.780000000000005,29.702303802108354
39.94,40.502384,35.05,35.08874745061998
44.74,44.511215,39.94,40.1194344506209
49.04,48.117565,44.74,44.970103060758994
52.91,52.892857,49.04,49.21197570743248
56.86,56.12153,52.91,52.99460776880635
60.4,58.77263,56.86,56.85084530980679
63.59,61.223324,60.4,60.30942547426998
66.44,64.07724,63.59,63.352862611188954
68.89,65.717415,66.44,65.96777561230564
70.78,66.95906,68.89,68.22823983618689
72.41,67.60251,70.78,69.76284180932596
74.47,68.3003,72.41,71.11080508126352
75.43,68.817764,74.47,72.85241696933811
61.519999999999996,69.0692,75.43,73.59146599696129
75.92,55.23649,61.519999999999996,62.04115425436654
74.27,65.821014,75.92,73.0923414052209
73.48,64.63862,74.27,71.26102188365871
70.06,63.836346,73.48,70.58034778730314
67.64,60.452072,70.06,67.12512883624115
65.67,57.79234,67.64,64.27327517744598
62.95,54.56674,65.67,62.32519310100167
59.98,52.210697,62.95,59.1262382666811
57.13,48.326187,59.98,55.97593802666122
54.22,45.630623,57.13,52.89705235817821
50.93,42.913414,54.22,49.8842399237533
46.98,40.168896,50.93,46.552039623280656
42.84,36.327515,46.98,43.00765418138091
37.88,33.37104,42.84,38.59524159690968
31.930000000000003,29.668734,37.88,33.85126261418028
26.97,25.106491,31.930000000000003,28.181904726214736
21.0,19.599913,26.97,23.379064274765852
15.499999999999998,14.645013,21.0,17.726948871803884
11.21,10.29055,15.499999999999998,12.491367995768037
7.419999999999999,6.631002,11.21,8.389168799966953
4.54,2.2217722,7.419999999999999,4.89687254783854
2.49,0.0,4.54,2.3482664089780303
0.29,0.0,2.49,0.5406181597348538
0.1,0.0,0.29,-1.1079966964229164
1.59,0.0,0.1,-2.6031274829225595
3.41,0.0,1.59,-0.8080268381008096
6.21,0.87153065,3.41,1.3205477643803243
9.94,6.2237034,6.21,4.571197659257897
13.949999999999998,13.452384,9.94,8.420401007050224
19.12,19.052517,13.949999999999998,12.75526143849496
24.56,24.05231,19.12,18.11817346709688
29.700000000000003,28.291962,24.56,23.71448736723885
34.78,34.879837,29.700000000000003,29.029619632171617
39.87,39.51122,34.78,34.31242824912323
44.81,43.617832,39.87,39.45076522274721
49.41,47.479053,44.81,44.477420686307454
53.18,52.76779,49.41,49.05217886304184
57.57,56.21293,53.18,52.82920079952948
60.9,59.499393,57.57,57.0405332782116
63.85,61.871532,60.9,60.32016792796532
67.26,64.49279,63.85,63.120379704028046
70.57,66.15534,67.26,66.30976016621376
47.67,67.83874,70.57,69.25005247934001
69.0,54.27077,47.67,49.61690669004218
76.59,59.392902,69.0,66.95946009686907
70.68,65.91319,76.59,73.17213006056242
69.03,67.36572,70.68,68.81909839932986
70.37,64.52251,69.03,67.21563962158906
64.11,64.9029,70.37,67.77251662347244
57.12,59.21269,64.11,62.307460224441854
32.15,53.649025,57.12,54.79996615394214
23.87,38.160423,32.15,31.36088355229954
24.37,27.013575,23.87,22.705698179874414
31.86,23.150442,24.37,21.42050974076104
27.72,25.641243,31.86,27.09179763514203
23.15,23.235723,27.72,24.544186616469137
19.32,21.524027,23.15,20.434839364905613
16.33,17.399075,19.32,17.188506036853838
14.09,13.311247,16.33,14.450153187238193
12.15,10.39976,14.09,12.263589810503762
11.04,8.802263,12.15,10.15487677174025
11.97,7.3352456,11.04,9.264608180628558
11.68,7.321509,11.97,10.203745533315866
10.98,7.256011,11.68,10.64398588688413
9.73,7.868592,10.98,10.329309663018018
8.13,7.426327,9.73,9.311648164318882
6.63,7.0177436,8.13,7.78993514528907
5.82,6.0983562,6.63,6.333514296990264
4.36,5.2149224,5.82,5.683590667148214
2.53,3.389608,4.36,4.513033615081708
1.12,2.2338893,2.53,2.972459163869308
0.0,1.5620952,1.12,1.7069150700673452
1.44,0.0,0.0,0.11126494718549318
4.18,0.008800374,1.44,1.6203140497685065
6.51,5.476302,4.18,4.250391197276582
10.07,10.605564,6.51,6.70910649943572
15.209999999999999,17.450571,10.07,10.131148512503513
18.93,22.89927,15.209999999999999,15.141636022324949
23.18,26.27144,18.93,19.204812536505727
27.789999999999996,28.966288,23.18,23.538990177865895
34.73,33.849003,27.789999999999996,28.021686442610246
39.44,38.999733,34.73,34.59278689894178
43.57,42.901814,39.44,39.399337282845146
49.62,46.60229,43.57,43.55857393047852
60.419999999999995,51.722595,49.62,49.37792394460387
48.9,59.11498,60.419999999999995,59.36117952571056
40.54,54.393288,48.9,49.84755055151504
63.7,47.91719,40.54,42.088321066555274
67.54,58.618855,63.7,61.466833763935014
69.47,64.01528,67.54,65.49893358748626
71.56,67.37209,69.47,68.2299559732739
72.96,68.94536,71.56,70.12789350654117
71.43,68.63252,72.96,71.47621531875318
66.14,66.7449,71.43,70.19977888787103
75.16,65.07573,66.14,64.53135789532851
72.84,66.47404,75.16,72.00159515465658
59.01,64.3435,72.84,69.92906290347429
63.71000000000001,59.806675,59.01,57.144289421558234
49.7,57.655552,63.71000000000001,60.8750163033033
23.41,51.37374,49.7,47.515240264499376
13.24,30.100607,23.41,23.05867598478088
3.9699999999999998,17.88451,13.24,12.134224902876564
4.03,8.861071,3.9699999999999998,2.1771762146253826
1.8200000000000003,5.1473513,4.03,1.367216644270316
1.46,2.0932858,1.8200000000000003,-0.9548169805307077
0.9700000000000001,0.77954775,1.46,-0.935876979992558
0.88,0.0,0.9700000000000001,-0.5646797223533409
0.79,0.0,0.88,-0.6045603579439996
1.19,0.0,0.79,-0.32110299373660545
1.27,0.0,1.19,0.4072806254096909
0.7,0.0,1.27,0.40697741438167806
0.0,0.0,0.7,0.22279777208821633
0.0,0.0,0.0,0.3612439050230958
0.85,0.0,0.0,-0.3834559864303998
3.8500000000000005,0.0,0.85,0.9123779777454537
8.06,0.0,3.8500000000000005,3.9019525057339974
12.03,8.19248,8.06,8.053641572357332
11.75,17.461208,12.03,12.220817033138841
14.36,21.315033,11.75,12.860230609802048
29.35,23.320408,14.36,15.694922798026727
18.69,33.325226,29.35,28.72474722465152
28.92,32.15814,18.69,20.905745331535666
46.69,36.160995,28.92,30.460543195487503
39.13,49.98952,46.69,45.5130545244343
38.07,48.377182,39.13,40.81276112843279
44.26,48.097073,38.07,40.337550986158796
53.37,51.098366,44.26,44.43189648254814
48.29,56.25364,53.37,52.93460527749489
53.32,55.60333,48.29,48.87246833934139
55.849999999999994,53.0624,53.32,53.60314256756764
59.96,54.62192,55.849999999999994,55.999517996690635
70.1,56.92689,59.96,59.71194283272935
78.22,66.33709,70.1,68.38582896391384
78.09,69.93775,78.22,76.36274712967426
70.87,71.39385,78.09,76.9010701494302
80.77,67.967285,70.87,70.07097753402992
73.23,71.53938,80.77,78.53259856736102
79.29,69.23142,73.23,71.50021966116668
76.55,64.85453,79.29,76.61367979196267
82.55,68.58087,76.55,73.5964514586657
77.9,70.99668,82.55,78.86623871450874
75.18,69.32853,77.9,74.93741422991292
81.5,61.915466,75.18,72.37117447772843
50.66,68.06133,81.5,77.24148119155969
45.59,48.49077,50.66,49.39809309614567
71.78,47.41883,45.59,42.49034417400858
63.58,54.650196,71.78,64.26501056129753
41.43,52.032543,63.58,57.993271975783244
28.99,40.186092,41.43,39.4197389222975
32.79,33.603687,28.99,26.074106086530243
37.94,27.594805,32.79,28.544329077082885
41.54,27.089556,37.94,32.79551139679243
34.99,30.549719,41.54,35.41917009907002
31.05,28.055891,34.99,30.51699594009609
20.64,24.792627,31.05,27.31244475858071
16.81,15.143522,20.64,18.10377924474832
15.329999999999998,9.8047905,16.81,14.318856469795506
9.59,7.4466662,15.329999999999998,12.446159260942224
6.18,5.425028,9.59,6.530346720976109
2.06,1.2454387,6.18,3.714550055049941
1.36,0.0,2.06,0.5789059847290023
0.38,0.0,1.36,0.09912895957072454
0.0,0.0,0.38,-0.8380270922832469
0.89,0.0,0.0,-2.070847999866564
2.13,0.0,0.89,-0.8303075459041944
3.4,2.1939552,2.13,0.8831023390237418
5.2,5.822966,3.4,2.6908563548295907
6.47,10.6167755,5.2,5.0454042315400836
8.79,13.630542,6.47,6.5786434857698275
11.12,15.306342,8.79,9.019760783978036
13.44,15.595002,11.12,11.778525139780113
17.4,19.85497,13.44,14.318675233085235
22.14,23.744116,17.4,18.248215655097034
26.91,28.064066,22.14,22.803546022987184
31.39,32.5991,26.91,27.61923622868871
39.99,38.204803,31.39,32.09049969313608
38.01,44.588387,39.99,40.17684782148316
38.65,44.1154,38.01,39.40002196520512
45.51,45.525265,38.65,39.89874136201078
58.29,49.914864,45.51,45.60263918903156
67.59,57.900536,58.29,57.20054182330528
59.9,62.993687,67.59,66.78612635725119
65.18,63.63684,59.9,60.4233281419749
72.03,64.786285,65.18,65.18753465357548
63.61,67.1402,72.03,71.03811797536787
68.49,65.12118,63.61,63.45429485056026
44.65,65.91511,68.49,67.32551136216514
65.51,50.121933,44.65,45.5706169675226
61.209999999999994,60.523663,65.51,62.61961767611807
71.61,58.163425,61.209999999999994,58.61909481641528
52.74,64.31206,71.61,68.46130034589606
54.83,58.08671,52.74,51.56273008811532
54.33,55.043465,54.83,51.9966216175989
62.95,49.847015,54.33,51.386526617586526
61.400000000000006,51.82294,62.95,58.27828678296656
57.15,44.24295,61.400000000000006,58.12259396371169
57.2,49.352516,57.15,53.137629971049066
58.300000000000004,47.671085,57.2,53.40971260681122
40.06,46.060814,58.300000000000004,53.74317082696787
32.76,35.32852,40.06,38.093795506343206
24.94,32.235516,32.76,29.579127511866385
17.23,25.04993,24.94,21.414767092697186
9.45,14.428825,17.23,14.313534737155582
9.14,7.3028607,9.45,7.265226756607786
4.39,4.680757,9.14,6.286637452725683
2.43,1.4471267,4.39,2.207561282609787
1.28,0.0,2.43,0.2247877889970154
1.27,0.0,1.28,-0.7746846393212053
1.56,0.0,1.27,-0.7343203629633552
1.8,0.0,1.56,-0.356907913896664
1.05,0.15976731,1.8,-0.08785161102228205
0.0,0.0,1.05,-0.32935786682312534
1.4,0.0,0.0,-0.9036836049853327
3.4600000000000004,0.0,1.4,0.7613840701411249
6.3,2.7744918,3.4600000000000004,3.1401392196771667
9.15,9.102886,6.3,6.117914641165605
13.65,16.469606,9.15,9.187170586663228
17.23,22.29165,13.65,13.791497580240428
22.95,26.111506,17.23,17.76207537822404
28.46,30.703682,22.95,23.351772029351324
33.35,37.114513,28.46,28.851854439267175
38.45,42.196392,33.35,33.82124884533999
43.2,46.18986,38.45,39.00852169782343
48.36,50.367485,43.2,43.6404992645705
52.49,55.278732,48.36,48.707011212014145
56.06,58.539295,52.49,52.74572649574931
60.29999999999999,61.229557,56.06,56.18469541638454
63.41,63.82723,60.29999999999999,60.16104344060173
66.04,66.2922,63.41,63.05624852474019
69.03,67.240036,66.04,65.48912375837865
71.06,68.285774,69.03,68.16357619005385
74.55,69.19214,71.06,69.8198444628611
69.71,71.12992,74.55,72.87506564687625
66.91,70.27831,69.71,68.6663737414482
72.29,68.74838,66.91,65.72416951354755
64.61,63.367146,72.29,70.24408944329073
81.33,57.72095,64.61,63.59481080981134
67.2,67.0773,81.33,78.35093405204329
74.98,67.61664,67.2,64.85973170833377
70.61,68.304665,74.98,71.69235191211801
71.39,64.24458,70.61,67.3088238332151
28.869999999999997,63.91829,71.39,67.32468378764078
67.84,37.57427,28.869999999999997,30.067201587573557
64.6,53.52542,67.84,61.38843486430183
60.39000000000001,52.715088,64.6,58.861279423880255
57.39,53.759575,60.39000000000001,56.08884590024844
47.88,50.603676,57.39,53.45783089813377
49.76,44.370827,47.88,43.98045213816144
30.88,40.85494,49.76,46.2313932620577
35.47,32.422836,30.88,27.36895743463673
32.17,29.693773,35.47,31.005892430427423
28.999999999999996,25.583525,32.17,27.7357026932151
23.35,23.368408,28.999999999999996,24.898869250485284
18.1,17.620037,23.35,20.130383808742668
13.7,12.530443,18.1,15.886099009958137
9.56,9.8049,13.7,11.146455981156837
6.3,6.3601995,9.56,7.042264171261657
4.1,1.77435,6.3,4.032562720561453
1.87,0.0,4.1,1.956573528533181
0.33,0.0,1.87,0.23498907873986175
0.0,0.0,0.33,-1.1979522473176747
1.34,0.0,0.0,-1.605649246214293
3.28,0.0,1.34,-0.2235865768648669
5.94,2.8695364,3.28,2.0478046428074284
9.07,7.8155723,5.94,4.9563111106465145
13.66,13.9358635,9.07,8.460867550013297
18.31,19.768162,13.66,12.929488898764209
23.36,23.536295,18.31,18.03771458906319
27.45,28.017918,23.36,23.264300133833334
33.17,33.719086,27.45,27.607632323200992
38.52,38.718956,33.17,33.29487357650446
43.52,43.257057,38.52,38.62780154201958
48.0,47.224033,43.52,43.71117322470452
52.67,52.475597,48.0,48.098927140728314
56.54,55.972214,52.67,52.69712145468029
59.45000000000001,58.710316,56.54,56.559015421056465
63.220000000000006,60.80278,59.45000000000001,59.452241128606516
66.18,63.80523,63.220000000000006,62.941703368230165
68.51,65.50374,66.18,65.62155476852303
70.75,66.513664,68.51,67.71524631984288
73.1,67.41772,70.75,69.62536485192864
69.43,68.97169,73.1,71.61789021440134
69.75,67.86156,69.43,68.27153613501925
75.53,67.325516,69.75,68.18206844715579
74.59,67.74341,75.53,72.90725765639688
78.32,63.077858,74.59,73.43099887857805
76.78,67.4376,78.32,75.36026113753486
34.7,65.9665,76.78,73.72944883954219
48.32,45.1952,34.7,35.433405931492395
69.44,47.392406,48.32,45.194850363759556
63.81999999999999,51.960598,69.44,62.95314044547988
41.8,51.21242,63.81999999999999,58.838320561282416
55.6,39.30788,41.8,41.137463652012755
58.89999999999999,45.194004,55.6,51.453671281804446
46.53,44.267033,58.89999999999999,54.33208550582305
49.33,34.70863,46.53,44.71273888040939
44.17,39.347996,49.33,44.97965922653463
39.75,35.603325,44.17,39.980693522701934
34.98,31.953314,39.75,36.20546843968637
15.65,27.788597,34.98,31.239428342797957
23.8,13.821221,15.65,15.131472357182487
15.26,15.211342,23.8,20.57047596126965
12.88,10.426749,15.26,12.577311255865213
7.02,9.439694,12.88,10.044704155816426
4.84,5.192412,7.02,5.385137009800617
2.88,2.1081903,4.84,2.850718929206473
0.72,0.03060569,2.88,1.0953309925612547
0.59,0.0,0.72,-0.8713065758118375
1.15,0.0,0.59,-1.9677581958591868
3.42,0.0,1.15,-0.9859364902215151
2.78,0.0,3.42,1.6614425069973056
1.32,3.0580297,2.78,1.8961355812875937
2.36,6.0964994,1.32,1.2685478110506545
8.04,7.9116745,2.36,2.306286075809643
11.95,11.186621,8.04,7.77748010217761
18.82,14.966665,11.95,11.914228818081513
17.7,23.499825,18.82,18.63757305937386
12.73,25.65785,17.7,18.570749093167723
15.339999999999998,22.565115,12.73,14.870640859360591
18.54,21.590973,15.339999999999998,17.04534440668577
18.0,24.138092,18.54,19.733436185070843
18.78,24.863693,18.0,19.58768381417699
15.679999999999998,25.15631,18.78,20.393227770076038
30.63,22.66755,15.679999999999998,17.925971388083237
31.690000000000005,31.879225,30.63,30.764159406144792
38.7,34.937267,31.690000000000005,32.606688163929896
72.71,40.662045,38.7,39.207615770426536
78.92,59.923435,72.71,69.90372835737018
76.86,66.14907,78.92,77.489992748112
81.0,69.27751,76.86,77.63836600836486
59.49,72.4765,81.0,81.42383375038764
64.44,58.556725,59.49,61.63246843505291
63.23,59.82045,64.44,64.21678481057353
70.62,59.337814,63.23,61.52743045800043
72.98,62.713852,70.62,67.89909813143939
52.91,62.067623,72.98,70.43187622653647
23.63,54.40874,52.91,52.085518458809624
10.16,34.46447,23.63,25.789480062572142
22.86,20.675838,10.16,11.609228146618548
43.97,22.500425,22.86,19.58848699399806
60.17,31.860037,43.97,37.28644693364713
53.87,39.4983,60.17,54.100034208743935
63.60000000000001,43.224174,53.87,50.527890637859336
66.01,48.93549,63.60000000000001,60.03944262915498
23.38,46.012524,66.01,63.061833214592234
31.98,27.861303,23.38,25.298868113173977
33.17,25.910976,31.98,29.68517530419817
57.41,23.792831,33.17,28.367936283579837
25.59,35.366455,57.41,50.29007728602406
20.46,24.625721,25.59,24.463075785493377
13.5,20.705006,20.46,19.464215108567135
15.839999999999998,12.388813,13.5,12.947305829288211
17.37,11.42796,15.839999999999998,13.098745013552337
8.04,12.05163,17.37,13.953855698396847
6.3,8.276965,8.04,5.821271619511887
3.66,4.533493,6.3,4.569077393353598
1.18,1.6365976,3.66,1.8456039489598897
0.4,0.0,1.18,0.5088337509856136
1.9599999999999997,0.0,0.4,-0.4253009059991558
4.14,0.0,1.9599999999999997,1.0819904250103645
6.45,3.2941198,4.14,2.9475748508352773
8.16,9.168523,6.45,6.0019888397432215
9.34,13.417928,8.16,8.083155840817787
23.67,15.753919,9.34,9.787860064235293
31.11,24.365847,23.67,22.497023116947258
36.37,33.95727,31.11,30.07472525571437
41.46,41.41154,36.37,36.12466284664728
46.76,45.653515,41.46,41.602855591301896
51.99,49.373882,46.76,46.995050439087905
56.489999999999995,55.34967,51.99,52.06547757718689
60.61000000000001,59.245735,56.489999999999995,56.32310812053792
61.8,62.66241,60.61000000000001,60.35644943748515
68.1,63.4916,61.8,62.01946701085016
67.22,68.7455,68.1,67.55886843710634
74.75,70.13573,67.22,66.97805648498431
79.05,72.174095,74.75,73.61203416803832
69.7,74.35804,79.05,77.43417619819382
73.8,72.51759,69.7,69.05084011573531
54.62,72.36993,73.8,72.26158076715717
82.55,61.30661,54.62,55.774371786212456
61.60000000000001,71.23771,82.55,78.59254885333121
86.15,57.167686,61.60000000000001,60.60618895396036
82.38,73.4025,86.15,81.61238776914654
78.02,68.0378,82.38,78.60214823744084
58.03,70.81193,78.02,75.20016911474985
79.11,52.467907,58.03,58.328527698432545
74.38,64.44898,79.11,73.70724391962911
69.91,61.03107,74.38,69.81410082022171
65.84,59.900272,69.91,65.48762957560358
61.99,55.031296,65.84,61.72923782726158
58.16,51.095097,61.99,57.42349895600947
52.86,46.464104,58.16,54.39250585407304
48.51,43.511395,52.86,48.060932594358135
43.33,38.36053,48.51,44.260590494665514
37.49,34.618378,43.33,38.67972384624875
31.85,29.711567,37.49,33.167070700796494
26.24,24.986217,31.85,27.829206395807617
20.12,18.69478,26.24,22.855535811693947
14.560000000000002,14.104941,20.12,16.568050550742722
9.37,9.4386215,14.560000000000002,11.354153711421377
5.54,4.989996,9.37,6.534740971378858
2.71,0.065658435,5.54,2.962155849781614
1.21,0.0,2.71,0.4024383141970983
0.1,0.0,1.21,-0.9799749435311069
0.0,0.0,0.1,-1.6134625336900468
1.18,0.0,0.0,-2.5296703913040672
3.07,0.0,1.18,-0.762048073063119
5.91,0.36535573,3.07,1.4919206562031173
9.34,6.2762036,5.91,4.6327019285018505
13.999999999999998,13.781813,9.34,8.226912161501312
18.95,19.728285,13.999999999999998,13.220976927410053
24.66,25.250814,18.95,18.41402762439571
30.659999999999997,30.505451,24.66,24.299198171166598
35.62,37.767242,30.659999999999997,30.3978408085397
41.15,43.11556,35.62,35.559817422523025
46.82,47.65109,41.15,41.124738235019464
51.64,51.954082,46.82,46.74116228018894
55.660000000000004,57.14437,51.64,51.58130312250776
60.03999999999999,60.647537,55.660000000000004,55.5734105041877
63.8,63.583187,60.03999999999999,59.843101179004194
67.94,66.33897,63.8,63.46777747608445
70.83,69.35195,67.94,67.3395855676202
73.82,71.305984,70.83,70.04920367714523
75.45,72.54839,73.82,72.69887509958424
77.71,72.90297,75.45,74.07339247769173
79.27,74.223694,77.71,75.96487136910466
80.89,74.933334,79.27,77.28662912690062
81.98,74.97391,80.89,78.56839404984807
77.62,75.067825,81.98,79.30132531767592
76.2,71.4313,77.62,75.39682277123688
73.72,68.56319,76.2,73.48901174718279
70.47,64.91912,73.72,70.51570242874627
68.34,61.55058,70.47,66.9930647191421
65.07,59.021015,68.34,64.38297012517175
61.48,55.776684,65.07,60.82864583961974
57.28,51.672916,61.48,57.14645769921964
54.07,47.486736,57.28,52.84835231710976
50.43,44.20704,54.07,49.40628649851021
46.26,41.14068,50.43,45.73092530335424
40.67,37.01137,46.26,41.64992259250187
34.99,32.219376,40.67,36.29470696141584
28.869999999999997,27.235044,34.99,30.91357341724334
25.0,22.088802,28.869999999999997,25.09166077043118
19.41,17.242847,25.0,21.185116338624475
14.2,12.518363,19.41,15.973280723899158
9.32,8.302495,14.2,11.126189630907813
6.95,4.3797817,9.32,6.606333823953658
3.39,0.6306166,6.95,4.283217749693574
1.37,0.0,3.39,1.1558312608884842
0.0,0.0,1.37,-0.59898207631246
0.0,0.0,0.0,-1.695221514696899
1.18,0.0,0.0,-2.121926358905852
2.94,0.0,1.18,-0.49853358165550965
5.76,1.3851948,2.94,1.550495655387416
9.85,7.1093388,5.76,4.7157358799207225
14.47,14.638267,9.85,8.990769768935008
19.72,21.050865,14.47,13.862449370975924
25.38,26.666536,19.72,19.349535168417596
31.17,31.874956,25.38,25.168226215270902
37.0,38.816193,31.17,31.053922598222297
42.41,44.258358,37.0,36.978279114062445
47.19,48.705452,42.41,42.47752466982063
51.49,52.756374,47.19,47.31633091245008
55.79999999999999,57.22913,51.49,51.62797635490338
59.76,60.63679,55.79999999999999,55.829483839281565
63.28,63.65287,59.76,59.6977007224626
66.79,66.12519,63.28,63.142409589278955
69.16,68.9507,66.79,66.51759662246903
71.46,70.3697,69.16,68.66770364674724
73.8,71.51533,71.46,70.62305233052578
75.19,72.371086,73.8,72.58444296035908
76.95,73.27103,75.19,73.68670168075035
77.94,73.500496,76.95,75.05572011950682
79.92,73.56661,77.94,75.8708161530492
80.56,73.879776,79.92,77.46106077630196
77.41,73.791534,80.56,77.85403471930087
75.43,70.96788,77.41,75.04878086181408
73.96,68.0357,75.43,72.62469243534193
72.29,64.77798,73.96,70.70014406057854
69.97,62.420956,72.29,68.70308195241307
66.4,59.830666,69.97,66.15731581684817
64.99,56.708935,66.4,62.52883889800434
59.65,53.47792,64.99,60.65389528979223
56.05,49.195488,59.65,55.410958414022105
51.64,45.728977,56.05,51.724652206996915
47.02,42.21782,51.64,47.26834451148984
42.16,37.647133,47.02,42.640230226195
36.88,33.411915,42.16,37.88564572933329
31.140000000000004,28.898468,36.88,32.78872895424045
25.26,24.029345,31.140000000000004,27.35365735659367
19.37,17.889843,25.26,21.7373797977702
13.59,12.715543,19.37,16.117212227490256
8.71,7.8378673,13.59,10.655773444695678
4.92,3.6745093,8.71,6.036688258572493
2.43,0.0,4.92,2.477677268999368
0.9799999999999999,0.0,2.43,0.25587939658753445
0.0,0.0,0.9799999999999999,-0.9232394127752119
1.12,0.0,0.0,-2.643220323497773
3.0,0.0,1.12,-1.1432894623046193
5.97,1.528907,3.0,1.0415215354458665
10.07,6.8865223,5.97,4.324796661706416
14.94,14.219948,10.07,8.692100353940132
19.82,20.62679,14.94,13.848684728945262
25.64,26.17449,19.82,19.08214274949089
31.77,31.721432,25.64,25.06141298385111
37.27,38.955936,31.77,31.296343724180108
42.69,44.51743,37.27,36.991102196714714
47.81,49.36287,42.69,42.47600705892803
52.81,53.265816,47.81,47.702419790237904
56.88000000000001,58.357433,52.81,52.68609561669183
60.93,61.929512,56.88000000000001,56.75531494297181
64.74,64.84414,60.93,60.774718241086916
68.28,67.66735,64.74,64.44761670719602
71.15,70.63629,68.28,67.76780025441774
72.99,72.024414,71.15,70.3981813708545
74.88,73.15994,72.99,71.98114529719152
77.19,73.57785,74.88,73.52797330711333
78.55,74.810326,77.19,75.43905615437643
79.13,75.306786,78.55,76.5863801497237
78.18,75.24412,79.13,77.01605376200379
78.31,64.09707,78.18,77.20604877807548
68.47,71.235115,78.31,75.70669989915388
74.94,66.515884,68.47,66.39804057572637
69.63,65.07611,74.94,71.2590750709684
39.14,62.351902,69.63,65.93623614739126
57.84,40.511463,39.14,39.12511993756461
60.28,48.61711,57.84,52.93423665599262
55.19,48.510674,60.28,54.497194038139476
49.08,47.816032,55.19,50.76133132812367
50.91,44.458675,49.08,45.16704292605994
42.5,39.971554,50.91,46.42210373560336
34.08,34.10187,42.5,38.99163305536031
29.75,27.158907,34.08,30.827850559218895
24.7,23.0855,29.75,26.020422264581264
18.82,17.284729,24.7,21.150715615566913
13.21,12.463781,18.82,15.484987803031363
8.55,7.7910004,13.21,10.156937177890873
5.2,2.957856,8.55,6.475215700567385
3.21,0.0,5.2,2.938163512444981
1.5,0.0,3.21,0.9766994785239478
0.0,0.0,1.5,-0.37956112764043287
0.9700000000000001,0.0,0.0,-2.268275271381827
2.85,0.0,0.9700000000000001,-1.0490123326142562
5.55,0.288161,2.85,1.2658595928915617
9.34,5.859335,5.55,4.379904342736524
13.29,13.535922,9.34,8.412231462957333
17.97,19.759733,13.29,12.640767198212052
23.1,24.842127,17.97,17.67340405731225
28.43,29.736816,23.1,22.993370002358876
34.21,36.866116,28.43,28.28640161275277
39.68,42.0102,34.21,34.20668886273365
44.48,46.596115,39.68,39.78836886623997
49.47,50.776867,44.48,44.71850492626123
53.9,55.910908,49.47,49.690343349238454
57.8,59.489487,53.9,54.13258138339007
61.330000000000005,62.576218,57.8,57.99750712050987
64.28,65.32266,61.330000000000005,61.48928261074752
66.57,68.21816,64.28,64.22473383414501
68.81,69.48491,66.57,66.28266620986491
70.51,69.928474,68.81,68.24209383008056
72.46,70.62062,70.51,69.63252809072976
75.0,71.328316,72.46,71.24910666223124
75.15,73.529015,75.0,73.41836999107235
76.2,73.173645,75.15,73.47218615734467
76.04,73.26665,76.2,74.25241773676278
58.56,72.80399,76.04,73.6939859439885
73.44,59.012505,58.56,57.79325618571887
80.39,69.02511,73.44,69.96865256136074
67.98,70.16577,80.39,76.022055019301
73.51,67.20618,67.98,65.53044016905389
68.27,66.75536,73.51,70.14683674275571
68.6,63.24651,68.27,64.62424354433197
62.02000000000001,60.463585,68.6,65.07399945796583
67.45,56.843365,62.02000000000001,58.45726436181596
63.53,56.763493,67.45,62.503450172780994
53.88,54.5611,63.53,59.25714100531246
55.57,49.3826,53.88,50.187109575046755
49.12,46.445477,55.57,51.21467168753964
45.14,42.1197,49.12,45.30231995503813
41.74,38.898285,45.14,41.297633785522436
37.82,34.679955,41.74,37.58100497870833
32.59,30.817553,37.82,33.9728209881574
27.28,26.434355,32.59,29.15634529334288
22.04,21.921108,27.28,24.09128825432993
17.63,16.381985,22.04,19.084165216730625
14.08,11.892547,17.63,14.959899396035027
11.35,8.589284,14.08,11.391904177204186
5.62,6.1268096,11.35,8.660348793882651
2.42,0.49302247,5.62,3.9242483024372445
0.62,0.0,2.42,0.9499224341606111
0.0,0.0,0.62,-0.8347590695773183
0.63,0.0,0.0,-2.091822666968109
2.2,0.0,0.63,-1.0256257309891015
5.23,0.6683706,2.2,0.8046700455438928
8.77,5.632024,5.23,4.1741126581829056
11.96,12.54178,8.77,7.96185939317466
17.51,17.357273,11.96,11.674384538749083
22.88,22.543146,17.51,17.19703948369269
28.239999999999995,27.107101,22.88,22.757663395727022
33.54,33.49364,28.239999999999995,28.28023911452508
38.93,38.688065,33.54,33.73501901296528
43.86,43.109234,38.93,39.178872442338054
48.5,46.951847,43.86,44.254103098502455
52.95,51.933258,48.5,48.8610713457056
56.97,55.506287,52.95,53.231271023084496
60.58,58.63422,56.97,57.163946554166664
63.45000000000001,61.181038,60.58,60.69139141626002
66.27,63.884315,63.45000000000001,63.42459787650141
69.2,65.47923,66.27,65.98712783359427
71.05,66.87176,69.2,68.62338414657842
73.1,67.52725,71.05,70.25491012176315
74.4,68.74638,73.1,71.910862647136
76.64,69.30099,74.4,72.9989021632028
77.72,69.815094,76.64,74.89504697268526
78.35,69.67224,77.72,75.71351371652594
78.68,69.98923,78.35,76.07068305858922
78.05,69.65429,78.68,76.12978322382118
76.15,68.909515,78.05,75.30452401622021
77.58,63.418495,76.15,73.38658400197278
69.04,66.97744,77.58,74.23018005910251
63.08,63.59428,69.04,66.19808806714836
75.71,59.51898,63.08,60.10757733588799
71.75,60.382175,75.71,70.6595539910553
67.92,58.85179,71.75,67.22246166074065
59.69,56.9621,67.92,63.993989779785224
52.06,53.32215,59.69,56.08019364956933
49.51,47.65792,52.06,48.579094254691114
41.95,42.791138,49.51,45.53731335678372
32.76,38.41623,41.95,37.613278686248954
48.29,31.866901,32.76,28.887143584735703
43.52,34.231045,48.29,42.41826722767418
37.01,32.25495,43.52,38.68860202293295
30.3,29.938448,37.01,33.685049770941724
24.83,24.817581,30.3,27.6776693257664
19.26,20.001677,24.83,21.924589767110685
15.549999999999999,13.628761,19.26,16.834924477605554
11.14,10.013061,15.549999999999999,12.700751074440682
7.99,6.350476,11.14,8.761774147958278
4.89,3.5579534,7.99,6.010364830173879
2.14,0.0,4.89,3.322296181615018
0.55,0.0,2.14,1.0472419043819228
0.0,0.0,0.55,-0.17053721035202363
0.89,0.0,0.0,-1.7326744930260625
2.05,0.0,0.89,-0.4607936715047447
5.25,0.0,2.05,1.1355290487278369
8.43,5.2208548,5.25,4.522436071720301
11.84,12.285341,8.43,8.104446813710467
15.509999999999998,17.655445,11.84,11.944663347105871
20.19,21.797224,15.509999999999998,15.92054896868257
25.68,25.921625,20.19,20.645537833791398
29.84,32.368374,25.68,26.082829854607212
32.46,36.709576,29.84,30.49903993951914
38.42,39.008114,32.46,33.536958166740924
45.4,42.94545,38.42,39.07435808306731
49.92,48.72425,45.4,45.74757139428046
55.470000000000006,53.146423,49.92,50.39861564088865
59.54,57.43675,55.470000000000006,55.83338701065598
62.29,60.773426,59.54,59.84157963135223
65.86,63.46062,62.29,62.559139330427314
69.14,65.42745,65.86,65.82847504287338
71.78,67.03183,69.14,68.70134153406687
73.38,68.37106,71.78,71.04368157020497
74.9,69.6999,73.38,72.40643051854623
75.4,70.293915,74.9,73.66320956027086
76.46,70.022736,75.4,74.04689195938661
77.23,70.23667,76.46,74.71786488454023
77.64,70.251045,77.23,75.093945081247
76.89,69.81143,77.64,75.17654902688199
76.55,68.86673,76.89,74.20434651836717
68.08,67.746445,76.55,73.56218517518315
77.47,64.107216,68.08,65.60574008508158
65.61,64.85172,77.47,73.30885319225442
72.14,60.858963,65.61,62.42983740078748
63.12,61.10919,72.14,67.89434906439847
58.6,56.228874,63.12,59.48497983884839
68.62,53.285618,58.6,54.88333111817008
64.76,53.23576,68.62,63.58703767455918
60.97,52.087513,64.76,59.86917582470709
58.12,49.428062,60.97,56.92478871188944
50.32,46.865665,58.12,53.621995043723466
48.14,42.189693,50.32,46.39419565374442
42.38,38.29573,48.14,44.1252333099866
36.58,33.63177,42.38,38.4146052773029
31.94,29.176857,36.58,32.70518366750643
26.16,24.870903,31.94,28.419780220050058
20.36,20.749622,26.16,22.682557627617864
15.78,14.544186,20.36,17.550568560733055
11.39,10.217366,15.78,13.167355476489874
7.680000000000001,6.9897847,11.39,8.735307334040762
4.61,3.7300344,7.680000000000001,5.342429648774441
2.26,0.0,4.61,2.5942401198431666
0.56,0.0,2.26,0.5414144164471035
0.0,0.0,0.56,-0.780134054406162
1.59,0.0,0.0,-2.5751766070194266
5.99,0.0,1.59,-0.7513331455604715
7.2,1.2069241,5.99,3.7234920345194142
7.56,7.323776,7.2,5.652565173430683
12.92,12.539203,7.56,6.859243322738627
26.89,17.524183,12.92,12.078367254398445
12.57,28.545547,26.89,24.524104771500962
11.49,23.729477,12.57,14.036208679675417
15.14,22.430397,11.49,13.253536656532965
13.12,22.905231,15.14,15.928574542259067
15.96,20.341875,13.12,14.458188006041999
15.07,20.526344,15.96,17.321863070315885
17.09,22.801056,15.07,16.45021852103822
26.05,24.31559,17.09,18.698127900973113
15.910000000000002,29.150562,26.05,26.738393513423762
13.42,24.81468,15.910000000000002,18.661112238867233
61.46999999999999,22.836653,13.42,16.450158097700967
16.87,46.858166,61.46999999999999,58.04188867395768
23.95,33.445206,16.87,21.02070313310794
10.18,33.621666,23.95,26.954432236594684
40.14,24.104702,10.18,13.82177812811265
37.59,36.922577,40.14,38.815162538272006
74.6,36.816223,37.59,38.2143530043133
53.28,57.282726,74.6,72.32011966977409
80.11,54.649815,53.28,54.94454085781248
77.82,63.96937,80.11,79.26158283549623
77.4,63.69554,77.82,77.91775185095375
77.39,64.72503,77.4,77.40063216681867
75.18,64.41712,77.39,77.4699019241682
73.62,64.23798,75.18,73.02954564379154
70.94,60.684856,73.62,72.86850464704753
68.79,60.647026,70.94,69.13657624478031
67.0,59.252094,68.79,67.09954211907863
62.50000000000001,58.550785,67.0,64.48215297419269
58.56,55.82743,62.50000000000001,60.09695931023328
56.63999999999999,51.850044,58.56,55.235559968440654
52.36,48.16763,56.63999999999999,53.3319089626876
48.36,44.43862,52.36,48.44912004721532
43.14,40.217068,48.36,44.6023782002013
38.62,35.008495,43.14,39.36790206164858
32.94,30.5998,38.62,34.80643765790487
26.98,25.116163,32.94,29.64367864555786
21.15,20.29404,26.98,23.651692294540034
16.99,14.112039,21.15,18.026784470385582
10.94,9.669273,16.99,13.683483072606892
6.57,4.6300526,10.94,8.145090966921657
3.8800000000000003,0.19320716,6.57,3.987213334319248
1.88,0.0,3.8800000000000003,1.61958221190736
0.5,0.0,1.88,-0.4034956509637058
0.0,0.0,0.5,-1.389453000676655
0.85,0.0,0.0,-2.330108367394732
2.71,0.0,0.85,-1.0253452164947212
5.75,0.33841586,2.71,1.1713416311183726
9.92,6.0980783,5.75,4.531361594127501
14.999999999999998,13.895312,9.92,8.845260104435004
19.84,20.461195,14.999999999999998,14.187270393327577
25.68,26.067736,19.84,19.338062267046553
31.19,31.025566,25.68,25.398201395440676
36.59,37.556057,31.19,31.078847641340733
42.35,42.87325,36.59,36.58363910862475
47.23,47.56165,42.35,42.35493282999318
51.78,51.64725,47.23,47.307279586901856
56.21,56.587357,51.78,51.85708252690206
59.91,60.178516,56.21,56.20604716372951
62.82,62.86035,59.91,59.91293288287881
65.85,64.94207,62.82,62.75556291810641
68.22,67.6945,65.85,65.5441160984384
71.04,68.886314,68.22,67.64709683536921
73.07,70.08454,71.04,70.17643719512395
74.65,70.877556,73.07,71.86328832076236
76.23,71.85883,74.65,73.18946250928745
77.71,72.29983,76.23,74.52225041310615
78.77,72.453285,77.71,75.71871034431386
77.95,72.47025,78.77,76.5471522723606
79.13,71.76631,77.95,75.42664883985985
77.59,71.5487,79.13,76.16073611766916
79.93,69.917725,77.59,74.51582434724362
66.94,70.33695,79.93,76.45501724638879
66.2,65.13131,66.94,64.36735059295792
34.83,59.647144,66.2,62.67068447039337
21.53,37.075195,34.83,35.04295366692029
47.51,27.150162,21.53,20.937103603016396
43.03,31.247957,47.51,42.632254534288776
71.72,42.598145,43.03,37.45563168380823
51.37,52.372963,71.72,65.07605566936637
62.82,48.063313,51.37,48.16676955475142
53.29,48.948853,62.82,59.305162733289656
51.43,42.471493,53.29,50.845440066612326
46.31,40.548286,51.43,47.943281850921664
41.55,35.706104,46.31,43.22114174463665
36.83,32.383118,41.55,37.867456951485444
29.69,28.031914,36.83,33.85438375023661
25.39,22.59675,29.69,27.517942860785453
19.28,19.198778,25.39,23.6592701225787
14.96,14.965351,19.28,17.27337782605449
11.59,10.645611,14.96,13.32772311989013
6.76,8.157886,11.59,9.415854011638334
3.65,3.4750671,6.76,5.4686649205832625
1.7300000000000002,0.0,3.65,2.4487174184787035
0.35,0.0,1.7300000000000002,0.7867794469486531
0.0,0.0,0.35,-0.4367728331755136
0.9,0.0,0.0,-1.625628760507139
2.42,0.0,0.9,-0.4475742923456679
5.45,0.29917514,2.42,1.4513447768510637
9.33,5.8551264,5.45,4.510283554079903
14.510000000000002,13.260401,9.33,8.411784138845352
19.27,19.518572,14.510000000000002,13.882954558939126
25.04,25.12821,19.27,18.862188462224736
29.48,29.47931,25.04,24.932129795231262
35.41,35.659008,29.48,29.59406976408223
40.87,40.506016,35.41,35.58638981834663
45.72,45.263206,40.87,41.058623372299
50.47,49.854134,45.72,45.99437966057777
55.55,55.526264,50.47,50.69304640082416
59.48,59.713516,55.55,55.64066789246554
62.66,62.999775,59.48,59.65662699389924
65.82,65.49683,62.66,62.830731664270786
68.34,68.34413,65.82,65.75369068691532
70.73,69.71261,68.34,68.0663764589726
72.41,70.812485,70.73,70.10966802468386
73.79,71.34416,72.41,71.4136310886551
75.74,72.19591,73.79,72.51227783391313
76.98,72.71361,75.74,74.17656862370627
78.32,72.83437,76.98,75.13659821116708
77.74,73.048134,78.32,76.27225198924054
79.9,72.2237,77.74,75.4069806613407
78.89,72.64973,79.9,77.18142610908185
77.79,70.90667,78.89,76.11677805487265
75.04,69.254105,77.79,74.81271827412782
74.66,66.709496,75.04,71.9221269032657
66.26,64.60216,74.66,70.9480360788248
67.94,59.57145,66.26,63.07894248664248
64.15,57.50534,67.94,63.898343759351654
59.3,54.54974,64.15,60.08493508961835
53.85,51.845825,59.3,55.42078673241429
46.5,46.26599,53.85,50.019753887556476
46.87,38.14353,46.5,43.00645180149315
44.38,38.148632,46.87,42.63776672190801
38.86,36.057335,44.38,39.958301995743064
34.63,31.433195,38.86,35.050557157009244
29.5,27.352736,34.63,31.05809727219127
23.56,22.831478,29.5,26.24563042814679
17.44,17.791016,23.56,20.76665890619154
11.72,11.578716,17.44,15.04415977963266
7.24,6.762943,11.72,9.447162860049925
3.95,2.5761836,7.24,5.258993550174936
2.61,0.0,3.95,2.205221718277415
1.31,0.0,2.61,0.9831678985902742
0.26,0.0,1.31,0.001204115464373684
0.8,0.0,0.26,-0.8802882142873402
2.59,0.0,0.8,-1.0516912169946258
5.26,0.0,2.59,1.0857776622489232
8.83,5.1208024,5.26,4.061131505554263
13.26,12.848552,8.83,7.94131946000936
17.63,19.201654,13.26,12.838797726153455
22.49,24.68148,17.63,17.667489335776853
27.780000000000005,29.503479,22.49,22.91273459627652
33.18,35.84516,27.780000000000005,27.869118291935997
38.46,41.14858,33.18,33.366026320077815
43.33,45.92006,38.46,38.64139640774966
47.93,50.03983,43.33,43.537113916973595
52.36,54.71802,47.93,48.158530480992354
56.39,58.36109,52.36,52.52880081476835
59.88,61.594,56.39,56.48889881485586
63.35,63.9927,59.88,59.917133720813865
66.3,66.82861,63.35,63.12613786275852
68.91,68.56878,66.3,65.8194901963412
70.78,69.74979,68.91,68.2052295299006
72.63,70.48742,70.78,69.77310951690828
73.81,71.64494,72.63,71.31881217515557
75.03,72.05636,73.81,72.3560074037519
75.54,72.469505,75.03,73.2520336341621
75.82,72.2528,75.54,73.56517608065398
76.4,71.98519,75.82,73.50032293033365
73.77,71.82558,76.4,73.7904213984555
79.09,69.58717,73.77,71.11908814916514
56.58,71.168816,79.09,75.74645194296245
57.28,56.58492,56.58,55.56301468011357
80.13,57.06765,57.28,54.30882771807127
68.51,64.83858,80.13,74.15389636315243
26.07,62.81961,68.51,64.42440709425347
74.37,39.554756,26.07,27.21186633711821
62.96000000000001,56.54712,74.37,67.54515443535416
73.48,52.97947,62.96000000000001,57.91909627911676
56.32999999999999,59.53759,73.48,68.75984082601981
50.47,52.008495,56.32999999999999,53.186135038297046
51.02,47.242977,50.47,47.15473683677079
26.34,41.86095,51.02,47.93809716290157
37.75,27.5572,26.34,24.512394687600846
32.46,29.234432,37.75,33.72922763875622
25.7,26.926945,32.46,28.395325235757692
20.92,23.454601,25.7,22.476341310530678
19.36,17.876686,20.92,18.358358007221483
16.87,12.932915,19.36,17.247161629899438
12.43,11.15021,16.87,14.34093239814634
10.23,7.7112026,12.43,10.243978396941703
4.94,5.7445464,10.23,7.9305774665477715
2.01,0.0,4.94,3.7300815546372075
0.2,0.0,2.01,1.105781256642619
0.28,0.0,0.2,-0.7518129397501072
0.73,0.0,0.28,-1.1465040892625118
2.55,0.0,0.73,-0.7033872162585003
5.73,1.198585,2.55,1.4333702060961468
7.46,8.752222,5.73,5.130029508895231
8.85,13.948894,7.46,7.382672172954287
9.94,17.02988,8.85,8.927510250908064
17.2,17.43128,9.94,10.693560267708673
32.23,22.999699,17.2,17.539883016718907
42.93,33.41823,32.23,31.856364413991468
43.2,46.099117,42.93,42.15810904263811
52.6,49.792313,43.2,44.74607997991246
48.18,59.52875,52.6,52.84875289049993
48.98,57.70207,48.18,49.61120259081738
57.78000000000001,58.916348,48.98,49.90375629407749
48.48,61.25516,57.78000000000001,57.694594289433
66.76,57.795174,48.48,49.36051594378138
72.38,67.76339,66.76,65.81780637247951
67.18,72.63098,72.38,71.1952990569973
65.55,72.40754,67.18,67.58962649824659
77.97,71.27633,65.55,65.79845955318754
64.92,73.64067,77.97,76.03546435317153
61.24999999999999,65.79779,64.92,64.73592089804742
54.08,63.175613,61.24999999999999,60.51428603769609
62.53,62.594067,54.08,52.83280142390094
50.38,64.62938,62.53,59.88081358320694
70.78,53.221867,50.38,49.356059475846024
81.29,63.4459,70.78,66.42768050862449
77.11,65.940414,81.29,76.81932032696311
70.1,68.31158,77.11,74.13367419775643
68.73,64.40137,70.1,68.0515065858159
63.47,62.207245,68.73,65.98109679909031
47.81,52.467926,63.47,61.602147124134625
65.83,46.069565,47.81,45.81867440707898
60.38,51.3343,65.83,60.863889492833096
62.38,49.916016,60.38,56.21871770744282
48.5,53.880707,62.38,58.82583083946895
48.26,46.43818,48.5,45.97996991635702
43.87,42.69494,48.26,45.424622851775794
38.24,38.644035,43.87,40.90516548537249
33.49,33.70221,38.24,34.70708271696416
28.490000000000002,27.92488,33.49,30.44731822139292
23.22,23.262976,28.490000000000002,25.6031926446446
18.64,18.704216,23.22,20.832458072472065
13.92,13.28564,18.64,16.446046184496083
9.89,8.736091,13.92,12.332329043784094
6.12,5.7036514,9.89,8.010841628557332
3.66,2.235004,6.12,4.446072642340559
1.7300000000000002,0.0,3.66,1.989301397198386
0.02,0.0,1.7300000000000002,0.46503219616828073
0.67,0.0,0.02,-1.1906237014575232
2.47,0.0,0.67,-1.3933159073593355
4.63,0.0,2.47,0.8099683629642509
10.15,3.3064837,4.63,3.35195842221859
12.34,11.88777,10.15,8.83988575176353
11.52,17.69536,12.34,11.726952394384186
14.560000000000002,19.490372,11.52,11.889869645984732
11.63,20.793278,14.560000000000002,14.92819095628675
13.73,20.143694,11.63,12.705201322263928
20.04,19.768206,13.73,14.979958097144252
23.06,24.369127,20.04,20.397927500970425
28.529999999999998,27.348907,23.06,23.781694424980333
34.37,33.555332,28.529999999999998,29.285794774196322
40.29,40.01953,34.37,34.89296125181611
49.17,40.96077,40.29,41.492564093298846
48.64,45.924797,49.17,49.89149072105153
55.49,51.01866,48.64,49.47981393794455
62.77000000000001,53.566032,55.49,56.33870919278636
67.48,58.253223,62.77000000000001,62.903008522400064
69.33,63.89409,67.48,67.07267836320126
69.63,66.24328,69.33,69.14156834615648
71.37,67.241165,69.63,69.37368500183163
72.3,66.90899,71.37,70.8529006475348
71.9,66.68833,72.3,71.45991497047413
72.73,65.57664,71.9,70.64116877091462
72.44,65.47719,72.73,71.00635343492
73.12,65.11428,72.44,70.44347271659275
72.88,64.1506,73.12,70.72532655716486
71.08,63.14155,72.88,70.36269937659429
70.07,61.825085,71.08,68.42984208786997
68.49,60.133343,70.07,67.08660145978196
66.17,58.156456,68.49,65.21219893518594
63.32,55.523693,66.17,62.70669490991947
61.739999999999995,53.2591,63.32,59.81126662229967
56.36,50.907185,61.739999999999995,57.928626144985955
53.77,47.428623,56.36,52.76619329973425
48.0,43.483025,53.77,50.01953900910645
46.24,39.112106,48.0,44.28779938687338
37.33,36.8776,46.24,42.16951021905502
35.84,31.324924,37.33,33.987843054182626
29.529999999999998,27.341425,35.84,32.16918239542798
22.38,22.598242,29.529999999999998,26.343815528664827
18.46,17.375633,22.38,19.70975456162341
14.76,13.373933,18.46,15.876694329178896
8.99,9.252012,14.76,12.22113530709875
5.75,4.620175,8.99,7.142620561007906
5.09,1.6046052,5.75,3.9446115556464187
3.01,0.55330056,5.09,3.230556508716944
1.22,0.0,3.01,1.4803036080094312
0.5,0.0,1.22,0.08863107809227999
2.03,0.0,0.5,-1.3841630545303647
3.37,0.0,2.03,0.5473639140678156
7.499999999999999,0.7854003,3.37,2.2973816062630736
11.72,8.787599,7.499999999999999,6.480014872059873
15.730000000000002,15.559048,11.72,11.03213285845977
19.9,21.181034,15.730000000000002,15.456396797555652
24.89,25.610575,19.9,19.947718107007663
30.019999999999996,31.08568,24.89,25.045805441955714
35.17,35.929585,30.019999999999996,30.301258985603983
39.89,40.328285,35.17,35.47156496779696
44.11,44.262383,39.89,40.266122243626945
48.66,48.936256,44.11,44.575340207354444
52.76,52.542294,48.66,49.11933986054692
57.18,55.853645,52.76,53.14050004875225
59.99,58.713627,57.18,57.4707662249144
62.67999999999999,61.931557,59.99,60.12402264296507
65.59,63.479004,62.67999999999999,62.624087184824596
67.67,64.71241,65.59,65.29901211900247
69.82,65.69757,67.67,67.13866098692083
71.57,67.13865,69.82,69.02511167633266
67.59,67.54388,71.57,70.42320311934041
70.76,66.04205,67.59,66.82006370175871
72.75,65.40319,70.76,69.25377271013575
73.66,65.83143,72.75,70.68333697969024
74.06,66.87385,73.66,71.42068272659593
73.88,66.493515,74.06,71.66725067519293
68.96,65.49006,73.88,71.26578997769374
57.83,62.184433,68.96,66.68307900828782
64.95,54.244537,57.83,56.23751044331445
67.41,55.034584,64.95,61.2997260733786
50.78,55.75211,67.41,63.28735070949509
57.10000000000001,46.249733,50.78,48.629168398867925
56.830000000000005,49.01906,57.10000000000001,53.50407572343125
39.77,46.14826,56.830000000000005,52.965585225626675
47.55,35.60621,39.77,38.00783395759002
52.94,37.684807,47.55,43.91779276034596
47.79,40.02482,52.94,48.19528236512472
45.0,37.99093,47.79,44.51427125083817
39.71,36.24641,45.0,41.9912430836977
32.89,31.508333,39.71,37.070354965724796
28.06,25.95239,32.89,31.20476863155745
21.04,21.687561,28.06,26.02248948532863
17.23,16.764917,21.04,19.026068374359035
10.97,11.408582,17.23,15.575176791771785
8.59,7.121837,10.97,9.387646907592853
5.91,4.444945,8.59,6.8690883964474425
2.86,1.583135,5.91,4.666713729748461
0.18,0.0,2.86,1.7455288084937524
0.19,0.0,0.18,-0.6623323224168729
0.54,0.0,0.19,-2.4729288403841343
2.56,0.0,0.54,-1.6700822226144048
2.47,0.0,2.56,0.6176678365891461
4.39,3.6086683,2.47,1.2451793545264653
8.67,7.502972,4.39,3.502241275851495
11.43,11.523801,8.67,7.92908050917978
12.47,14.033239,11.43,10.925392138835644
23.1,16.516048,12.47,12.663298749952924
23.34,23.856358,23.1,22.385142035407767
19.19,27.508694,23.34,23.328521645045907
14.91,25.638525,19.19,20.510526374125497
14.41,22.480095,14.91,16.88562393571436
13.67,19.973476,14.41,16.174397934335893
20.87,18.12212,13.67,15.414310475311465
29.01,22.06017,20.87,21.30434571023531
45.38,31.063614,29.01,28.91015052372869
39.06,48.446644,45.38,43.991650902973234
34.35,45.368347,39.06,40.15719626198573
58.25,40.937996,34.35,36.70439594858945
65.93,52.195393,58.25,57.038477253302574
71.92,57.95684,65.93,64.69394035742238
56.89,63.91076,71.92,71.45125575853648
36.43,59.322105,56.89,58.165993760687456
28.680000000000003,44.830296,36.43,39.015578966263604
46.45,34.769325,28.680000000000003,30.403230638457078
65.35,41.95322,46.45,43.756402391463865
64.17,53.457012,65.35,60.983810805734166
79.78,57.141743,64.17,61.81396481262644
57.92,66.089424,79.78,77.07474445089554
75.7,56.05022,57.92,58.20109026400696
45.63,60.425697,75.7,73.73062787617832
30.590000000000003,45.722992,45.63,45.45068638971486
18.49,34.613422,30.590000000000003,30.24466607632276
17.35,22.434977,18.49,17.637854108482003
15.6,17.987318,17.35,14.635104315095669
13.49,13.416215,15.6,13.541056189400152
12.85,12.043619,13.49,11.245705884367508
7.27,11.217248,12.85,10.922598748383644
6.76,7.743975,7.27,5.893645985962558
8.06,4.6135955,6.76,5.384386268465525
4.31,4.040146,8.06,5.958995143834383
3.66,1.166863,4.31,3.2236378439422766
3.6,0.5435265,3.66,2.130845956944667
2.08,0.0,3.6,2.6613036862293566
1.38,0.0,2.08,1.8933586145512806
1.14,0.0,1.38,1.547212525194887
0.85,0.7455924,1.14,1.068057733412695
0.52,0.3307005,0.85,0.7658843896475288
1.27,0.0,0.52,0.3726757731029774
0.9200000000000002,0.0,1.27,-0.09697365914359657
2.63,0.2427834,0.9200000000000002,0.2505279161930416
1.9400000000000002,4.3141365,2.63,2.1231887408597303
2.82,5.516374,1.9400000000000002,2.05888868427953
2.04,5.982025,2.82,3.215260690152609
1.59,5.943515,2.04,3.098146779792695
5.24,4.3612347,1.59,2.8102641555625327
5.28,4.213189,5.24,6.059770896017744
5.33,4.4714346,5.28,6.390102452565669
7.22,6.2385798,5.33,6.814575179884375
5.82,7.215169,7.22,8.53827441298861
5.07,5.917373,5.82,7.6628857662844645
6.56,4.5943527,5.07,7.176281888818576
5.27,6.938245,6.56,8.281131281470653
7.669999999999999,6.6560516,5.27,7.28929804356304
7.079999999999999,7.870967,7.669999999999999,9.397675457780583
5.0,7.939371,7.079999999999999,8.965315351233157
6.17,8.355436,5.0,7.349663970767547
13.55,8.822299,6.17,8.395706133831078
14.27,12.843846,13.55,14.602728457977545
5.18,15.260079,14.27,15.615205447498719
0.61,12.783578,5.18,8.261175656816668
7.079999999999999,8.957622,0.61,3.8833496194889423
2.04,10.127687,7.079999999999999,8.761664617045351
1.83,8.57575,2.04,4.1729260550449405
2.46,7.894517,1.83,4.151473437321536
3.6700000000000004,7.864887,2.46,4.534273346221009
3.24,8.586834,3.6700000000000004,5.626574906162017
5.82,8.150446,3.24,5.53638335846648
10.72,9.326482,5.82,7.601783746545867
9.67,11.979065,10.72,12.026750337515839
10.24,12.9936495,9.67,11.144690669747709
8.46,13.441223,10.24,11.740966954143946
8.47,11.769507,8.46,10.184001882054673
7.98,11.229467,8.47,10.013976827644088
4.43,10.799787,7.98,9.171004713195725
4.43,8.600938,4.43,6.066413709156309
5.97,7.2601385,4.43,5.80281262279571
6.6,7.9008064,5.97,6.691285274154711
8.02,8.198385,6.6,7.37672972703619
11.84,9.521493,8.02,8.543687380587915
9.69,11.334709,11.84,11.77304975336102
4.73,11.187102,9.69,10.019016169114446
2.72,8.890347,4.73,5.69497919075448
0.9,6.966089,2.72,3.422555059635158
0.14,3.2928407,0.9,1.36427479202659
0.53,1.2252614,0.14,0.28209139003213757
2.37,0.0,0.53,1.607801598631437
4.96,0.0,2.37,3.488743671046252
8.3,3.9099672,4.96,6.160230099241608
13.13,12.171341,8.3,9.502544398329546
18.56,18.988392,13.13,14.253372082932527
23.46,25.101934,18.56,19.544056469455253
25.62,29.14819,23.46,24.421771909961354
35.18,32.390812,25.62,26.84093800479941
38.11,37.650837,35.18,35.88140656767851
49.22,42.036224,38.11,39.0200922025219
53.43,48.973778,49.22,49.54137656953395
54.6,55.081543,53.43,53.86182051543322
43.43,58.243782,54.6,55.40440694795054
59.64,55.446556,43.43,45.32468680450231
68.35,57.85136,59.64,59.15922576866734
61.96,64.701904,68.35,67.23523942924184
50.95,66.07932,61.96,62.05756570051704
51.44,58.885094,50.95,52.26188679172486
78.46,57.68747,51.44,50.617828298008
73.76,67.46289,78.46,75.28070377913039
79.86,69.48015,73.76,71.87486691414485
77.11,73.55427,79.86,78.1148765368435
81.28,67.69585,77.11,76.08056553702835
84.15,73.58228,81.28,79.29910537779713
82.54,73.73621,84.15,81.92946003278831
66.94,73.88991,82.54,80.14549014726535
60.52,66.41907,66.94,65.33905198645391
81.83,53.649265,60.52,59.102515712377915
79.6,66.77169,81.83,76.90454839658359
62.50000000000001,67.3272,79.6,75.73439411271447
74.57,56.6765,62.50000000000001,61.111182005779256
66.33,64.29827,74.57,70.66760889197467
61.12,57.82265,66.33,63.17678767619077
44.84,54.34078,61.12,58.323886402973635
42.61,41.01309,44.84,42.56876653113364
40.86,38.297707,42.61,38.697900946498244
48.89,34.436974,40.86,36.93506132539773
50.06,37.709476,48.89,43.82185730001163
43.94,38.500374,50.06,46.03221735856024
31.250000000000004,36.166496,43.94,40.755185517200566
20.7,28.762777,31.250000000000004,29.041836531602613
18.88,17.426186,20.7,18.713113163818
13.31,12.464151,18.88,16.250513023359943
8.86,7.068085,13.31,10.536639429891776
7.9399999999999995,2.7777627,8.86,6.37360043885108
5.09,1.1409254,7.9399999999999995,5.457208211582717
1.57,0.0,5.09,3.4609926271497544
0.73,0.0,1.57,0.7409967911010549
0.63,0.0,0.73,-0.12061952140121734
2.08,0.0,0.63,-1.0059918337732001
3.13,0.0,2.08,0.564153835508847
5.64,4.0469365,3.13,2.0414462077299356
8.24,8.89518,5.64,5.223503738485476
11.29,13.020027,8.24,8.39554049805157
22.74,17.183205,11.29,11.610082520467696
20.17,27.13255,22.74,22.268542744204957
24.73,29.508842,20.17,21.293477872436473
20.62,33.072018,24.73,25.767776658184864
42.15,30.829832,20.62,22.747544880295898
58.7,42.04063,42.15,41.92562532514009
61.42,58.614834,58.7,57.51529333550479
66.36,65.58249,61.42,61.83122871945295
72.5,68.936005,66.36,67.49057219366293
66.51,72.84065,72.5,73.13889500828516
60.05,69.25713,66.51,68.29229557659734
54.44,65.98268,60.05,61.64156563950724
73.58,61.50352,54.44,55.48132946056337
79.09,69.60228,73.58,71.63000755873922
79.08,74.962265,79.09,77.14168739206525
81.64,77.04699,79.08,78.02376573932501
83.03,78.06258,81.64,80.82369584540187
83.63,77.9809,83.03,81.59628912723103
76.37,76.53839,83.63,81.98623334954917
67.27,72.89099,76.37,74.8187892946434
60.24000000000001,66.02775,67.27,65.65459429087217
65.59,60.3898,60.24000000000001,57.95267231739477
51.93,57.822617,65.59,61.76938059954364
77.3,52.026188,51.93,49.483048925354225
53.44,63.273937,77.3,72.45825293013161
71.41,51.816227,53.44,51.14014675384644
58.47999999999999,59.658127,71.41,67.52864328945053
44.61,51.95322,58.47999999999999,55.93415418017278
58.36999999999999,44.484116,44.61,42.585358083029966
47.73,45.153637,58.36999999999999,54.529067496784336
45.14,40.91923,47.73,43.82827418928967
45.15,38.07018,45.14,42.45853137096559
29.29,36.708015,45.15,41.67519657667931
26.45,26.242298,29.29,27.50089984288826
17.75,21.709368,26.45,24.595079567690654
22.21,15.364462,17.75,15.837186657110923
16.44,16.350224,22.21,18.80123987091741
6.29,10.816124,16.44,14.209870990720159
5.93,4.507288,6.29,4.783079799900209
5.07,1.2960992,5.93,4.476690309953353
2.87,0.0,5.07,3.5641779683879315
0.63,0.0,2.87,1.6247522194992092
0.9799999999999999,0.0,0.63,-0.1399766456228875
3.07,0.0,0.9799999999999999,-0.96440427846025
2.75,0.0,3.07,1.3071821318620178
2.79,2.5280693,2.75,1.8806114019461555
4.54,6.6335754,2.79,2.4745866054304235
7.82,9.562,4.54,4.481969455484065
12.8,12.409302,7.82,7.833067731694688
12.59,17.91012,12.8,12.675980821521833
12.19,18.51323,12.59,13.603551075650596
15.96,18.992989,12.19,13.748300475766786
21.21,20.73912,15.96,17.092083433821923
53.43,26.44439,21.21,22.074868530702716
25.14,48.049667,53.43,51.186988797267944
22.44,42.248825,25.14,28.27713188060243
61.04999999999999,38.275867,22.44,26.183496945811786
37.94,59.133106,61.04999999999999,59.017621261572124
77.57,51.033363,37.94,40.21611929085874
84.06,69.96579,77.57,76.35386124879074
56.32,75.9349,84.06,82.41944451870978
84.16,67.2678,56.32,59.45392573866061
72.91,74.94549,84.16,84.32474188699595
36.52,69.4906,72.91,72.42184924475366
70.16,57.3228,36.52,40.44377837759024
60.92000000000001,63.041298,70.16,67.53181625273425
45.64,64.05688,60.92000000000001,58.33353620488223
67.44,56.029495,45.64,46.07120506685777
71.87,62.82896,67.44,65.19580331070044
62.28000000000001,63.700817,71.87,68.58262254856966
47.47,60.54998,62.28000000000001,62.61715518772229
44.86,46.62112,47.47,46.55875580398211
38.98,42.966732,44.86,42.49771445881809
51.03,35.406517,38.98,37.594013257237236
30.910000000000004,38.437416,51.03,46.80788370485337
26.92,29.294563,30.910000000000004,29.143415204400366
26.35,25.29219,26.92,25.581890672772573
41.2,22.96275,26.35,23.843142311989187
27.96,29.085339,41.2,36.77348030027737
25.58,23.876163,27.96,26.424207104630312
11.9,22.624256,25.58,23.329147959860006
18.82,11.925032,11.9,11.24547473561871
18.83,11.146306,18.82,16.373704481041454
10.96,10.943599,18.83,16.67466678933037
6.56,7.0809417,10.96,9.830608504053203
5.19,3.7165549,6.56,6.126997515781918
3.22,2.5520105,5.19,4.219189498948161
1.42,0.15316163,3.22,2.919280077850438
0.02,0.0,1.42,0.9366919133651554
0.09,0.0,0.02,-0.3365505532826353
0.22,0.0,0.09,-1.6090327403803149
0.18,0.0,0.22,-0.9093705354662549
0.94,1.4103546,0.18,-0.3621353273661524
1.85,4.053397,0.94,1.0727819278797142
3.69,5.795045,1.85,2.0968984397008286
6.54,7.9077277,3.69,4.041704776437005
6.51,8.62265,6.54,7.0875944632315875
6.04,7.9566727,6.51,7.622533738788176
5.55,7.2391157,6.04,7.739417390011718
7.91,8.346627,5.55,7.427242628890399
10.63,9.377209,7.91,9.553266754287273
7.190000000000001,10.98201,10.63,12.244004498150765
12.02,9.263426,7.190000000000001,9.809054559603762
19.39,14.121246,12.02,13.890011152418863
20.76,19.705908,19.39,20.505160952516523
24.02,23.232084,20.76,22.3747616648686
27.789999999999996,25.545694,24.02,25.813123114852473
26.91,28.859295,27.789999999999996,29.20294569933666
42.2,29.443281,26.91,28.741533895486747
45.14,36.463932,42.2,42.1640854726306
42.67,39.963093,45.14,45.12811956697778
57.82000000000001,41.1267,42.67,43.69100227499001
49.41,47.778625,57.82000000000001,57.2296474394874
40.25,45.789284,49.41,49.88658458181539
34.56,40.91856,40.25,41.7627945112232
37.51,35.759834,34.56,35.38769058263029
39.78,34.95411,37.51,36.8006693444567
38.75,34.883026,39.78,38.55381496196524
37.14,34.767754,38.75,37.19382058093661
39.1,33.265358,37.14,35.914035137591156
28.09,32.87988,39.1,37.61445790745985
28.789999999999996,27.036903,28.09,27.601819063538304
30.74,24.57241,28.789999999999996,27.576588641012385
31.699999999999996,23.720076,30.74,28.72293192454411
23.09,24.10333,31.699999999999996,29.068502009122412
22.78,18.66763,23.09,21.926281883859502
23.69,16.498579,22.78,21.307679000478622
15.97,14.935617,23.69,21.98241636242935
8.24,10.6824255,15.97,14.863705572254933
3.62,5.578095,8.24,7.773369798529379
4.48,1.3794144,3.62,3.095638835694433
3.82,0.0,4.48,3.3816731665017086
1.9,0.0,3.82,2.501721832228719
1.57,0.0,1.9,1.116014688184308
0.030000000000000002,0.0,1.57,0.8952418250656098
0.83,0.0,0.030000000000000002,-0.3871562335429058
2.62,0.0,0.83,-0.1501966858056611
1.65,0.0,2.62,1.8122633623082947
2.02,3.6421075,1.65,1.370257080427677
3.11,5.4340363,2.02,1.984158139461213
6.26,5.073581,3.11,3.348072938526617
8.63,5.535241,6.26,6.5871872046430235
7.16,8.403194,8.63,9.19857736193669
6.52,8.080421,7.16,8.365036816390905
9.56,7.5419545,6.52,8.103720266065324
6.75,8.352473,9.56,10.804531356442842
6.83,8.7567215,6.75,8.655105539345245
11.43,8.493279,6.83,8.903511204517965
17.18,10.531565,11.43,12.898840383683707
12.35,15.587662,17.18,17.99924180757331
10.68,16.16765,12.35,14.629455608216333
15.350000000000001,15.137264,10.68,13.308237001920562
19.36,17.575613,15.350000000000001,16.787575376200575
25.26,20.428392,19.36,20.220745569642908
0.0,24.109959,25.26,26.040732505307837
13.15,18.007496,0.0,3.4227322597339405
19.04,16.106588,13.15,14.839282068405183
16.66,18.02192,19.04,19.567335358036118
20.63,18.936398,16.66,18.031737621727835
64.52,21.738224,20.63,21.709997446475473
17.89,42.437317,64.52,60.00523670435175
9.67,27.540604,17.89,21.476747918239504
24.01,20.455696,9.67,14.344979598494763
23.65,23.32101,24.01,23.799822703335963
16.68,22.013628,23.65,22.846038078074116
10.62,17.953127,16.68,17.9207719039867
6.06,14.647953,10.62,10.941956423083942
4.3,9.324877,6.06,7.895439029399906
3.6300000000000003,6.5253134,4.3,5.657919993177762
3.39,5.1589956,3.6300000000000003,4.1365459763120365
1.58,4.110498,3.39,3.68095474644003
1.41,3.550886,1.58,1.9441357378216861
2.09,3.4280193,1.41,0.8414578788921647
3.49,1.6174035,2.09,2.3768162012258434
2.06,1.2760146,3.49,3.7052003433462257
1.28,1.4857249,2.06,2.186803231608651
2.07,1.4447308,1.28,1.4228674253321856
4.5,0.0,2.07,1.5551561797578999
4.91,0.0,4.5,3.986511938631245
7.41,3.1434398,4.91,4.654456469695803
9.6,8.977353,7.41,7.195495640411954
15.49,12.257659,9.6,9.539114570633668
12.67,16.490461,15.49,15.068417308806115
14.489999999999998,17.619347,12.67,13.221284522859827
20.26,16.537998,14.489999999999998,15.408284923848099
14.180000000000001,20.331402,20.26,20.38079880687232
22.03,17.5694,14.180000000000001,15.379386892154274
23.59,22.521313,22.03,22.29114598508899
19.03,25.045303,23.59,23.800630640533107
25.1,23.32618,19.03,20.497311700639244
26.75,25.828064,25.1,25.514407258495993
30.41,28.457808,26.75,26.940401111072806
21.35,31.213552,30.41,30.50632532840789
20.33,26.776646,21.35,22.83481486822738
23.08,23.816847,20.33,21.54132672921933
26.63,25.225805,23.08,23.58965328020617
24.51,27.6716,26.63,26.36543730554371
27.890000000000004,26.713856,24.51,24.785577051612133
31.63,27.600365,27.890000000000004,27.903405572973266
44.16,30.174181,31.63,31.23795990881137
48.2,36.866055,44.16,42.57966629353818
37.67,40.35908,48.2,47.04397505080376
29.37,37.391075,37.67,38.156401438897646
43.67,32.336132,29.37,30.184089328545042
25.31,35.69811,43.67,41.62270977431787
16.53,27.246138,25.31,25.740428508766797
13.07,20.888754,16.53,17.504949178067655
14.2,16.91168,13.07,13.249640480297666
10.77,15.0871105,14.2,13.500259869771407
10.07,11.689748,10.77,10.717182795018692
7.81,10.954925,10.07,9.477634040708267
6.01,9.0348625,7.81,7.719709775806032
3.12,7.204686,6.01,5.941975448725911
3.28,4.3993125,3.12,3.1978171094472003
3.18,2.6030586,3.28,3.2804421611971097
2.47,1.5347553,3.18,3.28941520342636
2.02,1.4155449,2.47,2.3345552815933166
1.9,0.6953687,2.02,2.28053034468578
1.49,0.6365101,1.9,2.268661940984342
1.41,0.0,1.49,1.981813920040178
1.7499999999999998,0.15164913,1.41,1.7838726188180116
0.81,0.76361746,1.7499999999999998,2.041457741434807
0.060000000000000005,0.9419283,0.81,1.2386593440706826
0.78,0.0,0.060000000000000005,0.6280081610322688
1.12,0.0,0.78,0.6570795799218997
1.31,0.0,1.12,1.341287704164148
1.7300000000000002,3.1786244,1.31,1.805390582733572
2.01,5.0026727,1.7300000000000002,2.4283075184099925
5.07,4.8898573,2.01,3.109758889137725
7.1,7.6781597,5.07,5.926457250377655
4.02,8.469398,7.1,8.049060869345272
5.62,5.2693286,4.02,5.813029004291792
6.12,4.4946136,5.62,7.34894134117961
5.83,6.2528944,6.12,7.84754832036062
10.78,6.2306623,5.83,7.855095570908432
14.08,9.082482,10.78,12.154560894515702
14.98,12.346419,14.08,15.363791266813669
19.64,16.760508,14.98,16.529274510871897
19.09,20.433235,19.64,20.86333629159034
23.92,21.05535,19.09,20.776330654848618
13.34,23.795929,23.92,25.064148283921668
19.59,20.33495,13.34,15.970242457376937
17.52,22.043236,19.59,20.90426674208213
15.48,20.820162,17.52,19.10421898038788
19.5,19.241291,15.48,17.36370455041333
27.8,21.274776,19.5,20.69366275567252
18.16,26.230196,27.8,27.611962058377088
23.77,22.722176,18.16,20.166483604638167
16.42,24.607275,23.77,24.48782195393075
20.04,20.741566,16.42,18.01675653127602
18.42,20.989944,20.04,20.734589573740973
25.04,19.225805,18.42,19.20877356733662
17.46,21.986628,25.04,24.441956772058514
15.499999999999998,18.449976,17.46,18.657332725237072
14.82,16.928978,15.499999999999998,16.401412381883567
14.789999999999997,14.941999,14.82,15.679848531925998
13.45,14.027376,14.789999999999997,15.184706886809014
15.14,12.284336,13.45,13.882315853358367
11.81,12.799078,15.14,14.733629966010016
11.03,10.191782,11.81,12.269734557544437
10.94,9.29171,11.03,11.268005687300032
3.22,7.871821,10.94,11.176020356369877
1.67,3.6814985,3.22,4.336396614517248
0.44,1.8459905,1.67,2.6247787197271966
2.08,0.7863952,0.44,0.8444452771001693
1.8,0.0,2.08,2.0980779948930284
1.4,0.0,1.8,1.9081299220897192
1.37,0.45425424,1.4,1.501638645293506
0.52,0.7559238,1.37,1.5439596512318845
0.01,0.0,0.52,0.8041572456515159
0.11,0.0,0.01,1.54944738743492
2.46,0.0,0.11,1.8007924136179498
2.9,1.9946562,2.46,4.054626731353403
5.79,6.039215,2.9,4.754817656698454
12.9,9.141596,5.79,7.827110912445696
22.77,16.852243,12.9,14.373222933431508
28.570000000000004,25.205929,22.77,23.867808757000702
35.31,30.602291,28.570000000000004,30.137448202822245
32.65,38.73799,35.31,36.82948840321893
24.22,39.87171,32.65,34.96943831567092
29.27,33.80599,24.22,27.26621723928602
39.73,31.259356,29.27,31.369599500131912
53.1,36.91806,39.73,40.278833083733915
67.39,48.250504,53.1,52.90719324692215
52.32,56.695152,67.39,67.08961329495497
58.379999999999995,61.977596,52.32,55.415284831390636
67.81,60.96779,58.379999999999995,60.69460839241381
65.1,64.758804,67.81,68.79713069607463
79.97,57.565308,65.1,65.93723461434561
81.21,72.23228,79.97,79.98092507501565
83.67,74.20591,81.21,81.13999646792499
86.08,75.68254,83.67,84.5101801688066
85.13,76.34459,86.08,86.8541811803884
81.5,77.38688,85.13,85.65063772550887
81.44,76.01717,81.5,82.01349228231157
81.33,75.01896,81.44,80.87524282114055
78.72,72.40417,81.33,79.72265135143196
76.62,70.069374,78.72,77.37783878722408
75.15,68.18345,76.62,74.88241914695766
71.11,65.39575,75.15,72.8905291672501
69.11,61.527584,71.11,68.98448762997477
64.93,59.06105,69.11,66.40196105990604
61.04999999999999,55.162193,64.93,62.06701566450022
56.85,50.938175,61.04999999999999,57.96230585549475
51.7,46.87905,56.85,53.502760733742335
47.33,42.27355,51.7,48.29500521707789
42.64,38.215267,47.33,43.95892832624465
37.06,32.769257,42.64,39.36491484024924
30.910000000000004,27.44724,37.06,33.96886416797251
25.02,22.142069,30.910000000000004,27.93736911379231
19.04,17.0212,25.02,22.180862008202464
13.33,10.589944,19.04,16.351553431789668
8.39,5.4932876,13.33,10.75460344886302
4.74,1.348189,8.39,5.9937809891999585
0.9,0.0,4.74,2.4438105913172627
0.82,0.0,0.9,-0.9977185007380298
2.24,0.0,0.82,-2.4657724539041324
2.58,0.0,2.24,-0.7180480872249685
7.49,0.6922822,2.58,0.2793768942689697
6.28,7.448055,7.49,5.299349963088946
6.84,10.547677,6.28,5.085979350183304
23.88,11.949234,6.84,6.366231056446869
47.21,23.869465,23.88,21.877524692250137
26.48,42.203613,47.21,44.0047724628364
33.02,40.79379,26.48,27.758201332241093
40.59,41.687187,33.02,34.00138555385583
18.04,46.3666,40.59,40.325160396082914
42.69,34.562126,18.04,21.137971961713873
52.62,44.381214,42.69,41.94159780652895
50.91,54.47848,52.62,50.79485131706388
64.27,58.6637,50.91,50.9820427032663
84.14,65.981094,64.27,64.10010032344834
42.84,75.00944,84.14,82.56266706985132
35.89,60.653744,42.84,46.755732913585625
61.04,52.29481,35.89,38.70418755509919
69.28,61.943665,61.04,58.890394102958545
95.14,65.553375,69.28,67.03269052523713
35.25,74.55043,95.14,90.98097817686444
52.6,56.219635,35.25,38.39010937521239
40.25,58.91286,52.6,52.05810859038179
87.63,46.733505,40.25,39.54450614361989
59.07,66.20981,87.63,81.127015752379
40.76,55.903244,59.07,57.454111187746136
30.51,51.340374,40.76,40.01524343804808
46.68,37.48417,30.51,30.026910137927565
30.2,40.752388,46.68,42.81690023523352
64.3,29.980574,30.2,28.978930744770736
38.19,47.24832,64.3,57.62232971698923
62.540000000000006,37.380505,38.19,36.27563114726695
19.82,48.660484,62.540000000000006,58.105390779477624
26.39,26.394114,19.82,21.96934938932896
18.07,25.548143,26.39,24.777804281585265
25.7,17.850702,18.07,16.943566532855428
50.17,21.469772,25.7,20.648572560384046
14.54,29.737633,50.17,44.90730403488886
8.67,18.533522,14.54,14.344099111475657
8.74,11.871399,8.67,10.14091230839975
7.91,8.7648325,8.74,7.6608005925257485
6.08,3.802287,7.91,6.549471373479127
2.62,1.895734,6.08,4.45924771617276
0.9600000000000001,0.0,2.62,1.3421697256854694
0.81,0.0,0.9600000000000001,0.314632097525952
0.34,0.0,0.81,0.6642629030258612
0.75,0.0,0.34,-1.8133080674100823
1.8200000000000003,0.0,0.75,-1.050886659066104
1.54,0.4455558,1.8200000000000003,0.42259651804783827
3.8800000000000003,3.0096934,1.54,0.03402608133442321
11.09,3.4082587,3.8800000000000003,3.1277419773486477
9.21,7.999404,11.09,9.803076569679408
10.69,10.911865,9.21,9.04710302423857
14.060000000000002,11.700606,10.69,10.654179646033167
10.27,13.012112,14.060000000000002,14.073199236955976
20.99,11.4551325,10.27,11.163782042189986
45.29,18.094013,20.99,20.800198651948005
9.13,37.165905,45.29,42.25491053831154
8.02,24.251194,9.13,12.845669524826175
5.6,18.404743,8.02,11.240961921174117
8.49,14.010302,5.6,7.616679301047336
11.49,10.205195,8.49,9.783085270102594
16.56,11.26811,11.49,12.302558822423117
6.68,16.746546,16.56,15.931588590585125
4.68,13.440044,6.68,9.043053384581281
9.17,9.811861,4.68,7.2460859047413555
6.85,10.396775,9.17,10.628128914814363
6.920000000000001,9.377527,6.85,8.672170621343287
8.41,10.458766,6.920000000000001,8.537578928078359
8.19,11.3142605,8.41,9.097249021617602
8.73,9.4569845,8.19,9.99041821788677
7.41,9.558749,8.73,10.628691367680881
9.02,10.012022,7.41,9.383294078940636
12.5,11.264927,9.02,10.6755858998
10.94,13.694072,12.5,13.542844419875184
9.8,13.748764,10.94,12.287736762705407
9.83,13.233391,9.8,11.490631507901236
6.4,12.785636,9.83,11.35779030733687
5.99,10.135364,6.4,8.365474737806228
7.340000000000001,9.300057,5.99,7.720524994351539
3.3,8.941975,7.340000000000001,8.620432253705319
3.6,7.4968047,3.3,5.325814218342872
9.8,7.823572,3.6,5.168260629566747
4.67,10.287979,9.8,10.270510517328074
4.31,8.154092,4.67,6.142377655415418
2.99,7.492612,4.31,5.755966275114973
3.48,6.160481,2.99,4.199335421751222
1.7499999999999998,5.460654,3.48,4.449734659244688
1.9,3.0711598,1.7499999999999998,2.8152090368477882
0.6,2.1504765,1.9,2.535842835631338
0.5,1.3255641,0.6,1.4697308740379877
1.13,0.0,0.5,0.6044421520738481
2.44,0.0,1.13,1.2826785563443235
3.56,0.57206285,2.44,2.710467843215044
6.29,3.1216023,3.56,4.01463524456818
10.47,5.845661,6.29,6.531345849141703
8.29,10.348533,10.47,10.662120780536945
8.86,9.830667,8.29,9.308748153149516
10.24,8.3751335,8.86,10.06624988752073
8.53,7.2065244,10.24,11.568548825297647
10.29,8.947857,8.53,9.917431564271642
13.94,9.555552,10.29,11.661584411445121
13.05,11.793244,13.94,14.833279789524363
11.75,12.425094,13.05,14.447272619860975
12.14,13.470109,11.75,13.607891359279392
9.57,13.086824,12.14,13.937217012019223
8.99,11.342104,9.57,11.679154528575552
12.82,10.691871,8.99,10.875062795996758
12.8,14.193172,12.82,13.774086302066344
18.5,14.710261,12.8,14.120124015911466
16.49,17.748604,18.5,19.39131696852939
15.08,17.997229,16.49,17.88397055232378
11.27,17.896488,15.08,17.02693430808825
10.57,15.176348,11.27,13.58885325191488
18.41,13.787921,10.57,12.411791684789783
16.17,17.093615,18.41,18.7474542624676
10.74,17.196081,16.17,17.027474046403004
9.97,14.8446245,10.74,12.693696327012843
11.38,13.496262,9.97,11.660437094700647
15.47,11.981414,11.38,12.800577743281806
8.9,14.659713,15.47,15.832717151294876
7.360000000000001,11.983617,8.9,10.403181633475617
6.67,10.445908,7.360000000000001,8.819421650512222
9.84,8.701856,6.67,8.002002161898679
11.59,9.022062,9.84,10.472467282257679
10.27,9.80929,11.59,12.075186822287158
8.4,9.833447,10.27,11.03760530474369
6.27,9.164399,8.4,9.399632380858748
5.32,6.854889,6.27,7.316123482502276
4.26,5.123533,5.32,6.267606703456555
4.58,3.8479815,4.26,5.058623439678554
2.91,3.8154202,4.58,4.996593948991157
3.82,2.4293602,2.91,3.386570381132202
0.7,2.2931333,3.82,4.195740518807125
0.33,1.2257564,0.7,1.503646828946517
0.62,0.0,0.33,0.1502258699055936
0.65,0.0,0.62,0.4323303601186589
2.56,0.0,0.65,0.5605737189835394
3.9,1.340322,2.56,2.4930050919430107
3.81,3.674344,3.9,4.068414353104099
3.6300000000000003,3.9499848,3.81,4.465675468125303
7.49,4.186352,3.6300000000000003,4.597313107825447
7.83,5.057023,7.49,8.02747423386626
12.67,5.782245,7.83,8.726812129803363
11.3,8.71574,12.67,13.313719669590458
10.23,11.465574,11.3,12.448514037101239
11.26,11.317829,10.23,11.809694012907437
11.66,10.962255,11.26,12.78600972205853
10.89,10.497462,11.66,13.096552203434237
9.03,11.608028,10.89,12.624855455395624
7.499999999999999,11.037548,9.03,10.863876397987774
7.63,9.518873,7.499999999999999,9.547105855242574
11.81,8.661137,7.63,9.640148007828767
14.14,12.135632,11.81,13.164685223714551
16.51,14.93185,14.14,15.396045333048868
12.83,17.338417,16.51,17.80425253653678
11.51,16.277832,12.83,14.844228025643394
8.48,15.707414,11.51,13.641348653328185
12.02,13.444647,8.48,10.810129237147862
14.11,13.842088,12.02,13.419983102228285
13.04,14.560796,14.11,15.235552907648417
18.77,14.894612,13.04,14.42077092176671
19.98,17.628347,18.77,19.52927026010625
19.23,19.212015,19.98,20.783337741037766
21.15,19.32621,19.23,20.38219614311424
20.4,20.28749,21.15,21.81376797174709
11.95,19.433079,20.4,21.000877309916543
10.28,14.557812,11.95,13.762404050680491
11.45,11.815757,10.28,11.62765169549185
7.29,10.609001,11.45,12.10588761447758
16.05,8.293605,7.29,8.39723269047787
4.4,11.737764,16.05,15.639220975993304
5.63,7.8903594,4.4,5.724606269405944
2.76,7.205472,5.63,6.64091374423796
2.14,4.813662,2.76,3.619928262244997
1.32,2.8589227,2.14,2.620713433961276
1.47,1.5164487,1.32,1.8646674702397548
0.66,0.34891036,1.47,1.532902546164919
1.22,0.0,0.66,1.0440576166725497
0.24000000000000002,0.0,1.22,1.5392392063051181
0.36,0.0,0.24000000000000002,0.6714752268616065
1.66,0.0,0.36,0.5046818927944356
4.06,0.0,1.66,1.8908362480707377
5.26,1.2025574,4.06,4.040351843978686
11.6,6.9174485,5.26,5.8029775679266296
10.66,13.583989,11.6,11.526790027243019
18.76,14.79696,10.66,11.545883262387122
17.69,21.404085,18.76,19.010063088513565
13.34,21.763124,17.69,18.61657634201299
11.83,18.773676,13.34,15.174899419938754
9.57,15.021238,11.83,13.797207796721695
17.23,14.292289,9.57,11.327221898973553
22.65,17.85069,17.23,17.92967258505767
23.74,22.48681,22.65,22.89769940624945
25.85,25.886553,23.74,24.67611024357597
32.24,28.253769,25.85,27.3738497719736
39.21,33.711555,32.24,32.74581081899129
29.659999999999997,37.597237,39.21,39.13458280913287
46.13,34.0344,29.659999999999997,31.338377763219576
77.37,41.395733,46.13,45.50358195393036
36.34,58.94968,77.37,74.64096045749501
57.48,45.13876,36.34,39.448063941550316
48.07,50.30047,57.48,58.07407320634686
40.32,45.23773,48.07,49.04600250047723
42.76,40.990894,40.32,41.896437428172284
65.59,38.471462,42.76,43.04556527915354
43.37,51.055576,65.59,61.74919882452545
44.01,42.52313,43.37,44.20127676405508
19.05,42.235096,44.01,43.87202690402391
35.06,29.229723,19.05,20.400913274012993
20.05,30.593502,35.06,33.081759335935615
9.21,22.597271,20.05,19.595160699254798
15.97,14.93943,9.21,8.488118213146942
16.38,12.075502,15.97,14.865887956354012
10.81,12.069536,16.38,14.185904822549258
4.23,8.435557,10.81,10.525980318134645
1.44,3.796778,4.23,4.218773591692162
0.9200000000000002,0.39109087,1.44,1.3924784425257408
0.79,0.0,0.9200000000000002,0.13104342653831091
0.33,0.0,0.79,0.07275023958356601
1.7300000000000002,0.0,0.33,-0.3752492134271853
1.26,0.0,1.7300000000000002,1.5259640004633492
1.32,0.0,1.26,0.922258049034498
0.75,0.0,1.32,1.4662002114494859
1.28,0.0,0.75,1.4133641532793495
0.060000000000000005,0.0,1.28,1.4329147259765571
0.77,0.0,0.060000000000000005,0.8389184037198709
1.45,0.0,0.77,1.7684575769169188
2.37,1.8965306,1.45,2.770531227223378
4.31,6.334771,2.37,3.9686896146581767
6.09,9.537921,4.31,6.238279707107124
6.52,11.745033,6.09,8.15385117965429
8.07,13.791825,6.52,8.952990132152511
10.73,14.707659,8.07,10.49318906156074
14.850000000000001,15.559551,10.73,13.129018683709338
18.72,18.774246,14.850000000000001,16.895282335164822
33.02,24.22816,18.72,20.538307731744133
40.72,33.663914,33.02,33.76064237231777
50.12,42.959164,40.72,41.90787359560049
66.86,45.162964,50.12,51.97456265033462
70.83,61.007023,66.86,68.28231365162289
73.16,66.2944,70.83,72.97073942298071
75.41,69.45914,73.16,75.8139785208306
77.19,71.37398,75.41,77.64933043491455
78.46,73.51225,77.19,79.11766228706388
79.55,74.744545,78.46,80.09680608063117
80.7,75.862526,79.55,80.59080185194759
81.22,77.2225,80.7,81.48693754735106
81.45,78.4279,81.22,81.78606941870525
81.52,78.930855,81.45,81.67523650169797
81.19,77.9108,81.52,81.3537781145301
79.98,76.724686,81.19,80.70090630927484
78.36,74.6945,79.98,78.89426828043068
76.66,71.60012,78.36,76.87858472083191
75.19,68.952896,76.66,74.92645651491556
71.95,66.3053,75.19,73.01596598422425
68.08,62.804504,71.95,69.56508349851518
65.45,59.259064,68.08,65.55379379226758
62.230000000000004,55.9042,65.45,62.600532820969136
58.24000000000001,52.40968,62.230000000000004,59.06177850081266
39.86,47.877502,58.24000000000001,54.87474687230633
49.19,35.734924,39.86,37.590226893323475
25.07,37.547443,49.19,44.909188911813665
43.06,23.102318,25.07,22.39141279385087
27.72,29.392262,43.06,37.940088992019845
12.41,21.391026,27.72,24.616456210296672
7.46,11.8918085,12.41,10.720441861149217
15.32,5.0360923,7.46,5.689021449773874
6.98,6.0033727,15.32,11.179621069542893
4.42,1.5128222,6.98,4.717674674434751
3.5399999999999996,0.013887407,4.42,2.088848293660415
1.07,0.0,3.5399999999999996,1.4148744180175483
0.86,0.0,1.07,-0.4049140298256525
0.66,0.0,0.86,-1.8998487473267034
4.0,0.0,0.66,-2.1519811715860304
3.8800000000000003,0.0,4.0,1.8560779018370726
6.1,5.2008877,3.8800000000000003,2.0129420363369386
8.76,9.159122,6.1,4.857981203140448
12.79,10.725773,8.76,8.033062506512785
17.54,15.5531845,12.79,12.235360958917958
14.159999999999998,19.419525,17.54,16.88825592664125
17.69,19.010445,14.159999999999998,14.762499642542922
26.17,20.197598,17.69,18.1406481707676
28.700000000000003,27.075409,26.17,25.894432590586554
30.62,31.569283,28.700000000000003,28.83720903323341
32.85,35.471878,30.62,31.023195413236234
32.5,36.460182,32.85,33.417978212660515
36.98,38.449768,32.5,33.25895497897398
29.31,39.64972,36.98,37.50580408246964
40.62,36.458923,29.31,30.658108510783432
39.71,41.841084,40.62,40.23431113167129
60.650000000000006,43.955677,39.71,39.43227842867917
59.779999999999994,54.669144,60.650000000000006,58.72815694775724
57.5,56.934414,59.779999999999994,59.27355711239356
32.95,58.556828,57.5,57.790469284822215
32.27,44.177155,32.95,35.22765000947172
34.8,37.837513,32.27,32.624184432166466
26.89,35.24949,34.8,33.63195305653126
19.51,30.14203,26.89,25.866422862667324
17.74,23.46229,19.51,19.415606758668694
23.32,20.406921,17.74,17.058534909945063
32.25,21.118849,23.32,22.060516746298898
23.56,26.049765,32.25,29.800993067420336
22.47,22.80181,23.56,22.944023733116595
22.89,21.571507,22.47,21.655134196358816
18.87,19.803059,22.89,21.655515583080536
18.79,16.022694,18.87,17.956705577630636
13.22,12.825078,18.79,18.1112896831969
14.850000000000001,9.546098,13.22,12.895048049362295
12.06,9.900593,14.850000000000001,14.034367768963177
10.36,8.402513,12.06,11.725990491718026
7.8,6.8297887,10.36,10.28161565717468
7.24,5.348846,7.8,8.043811221242128
5.72,5.126286,7.24,7.076197165646332
4.66,4.141097,5.72,5.612800957938761
1.54,2.1142964,4.66,4.6918616284055465
1.42,0.20502159,1.54,2.1130714080763733
0.5,0.27393708,1.42,1.8147640270128234
0.28,0.25544158,0.5,1.0371572407838976
1.3,0.0,0.28,-0.012782647079085593
2.91,0.3649353,1.3,1.257129205342407
3.7099999999999995,5.6813207,2.91,2.955051081434025
5.23,7.747093,3.7099999999999995,4.141953981898749
6.9,8.625482,5.23,5.800304214207693
10.63,10.922334,6.9,7.581628230019996
13.68,12.755366,10.63,11.196021073988666
14.380000000000003,14.467152,13.68,14.368009716955404
17.81,16.267752,14.380000000000003,15.451896143725609
23.43,20.686539,17.81,18.772331745739745
25.52,25.420942,23.43,24.00951208814802
27.71,28.751093,25.52,26.392055036843086
31.45,31.430979,27.71,28.666788536028136
37.51,35.985363,31.45,32.06571971344731
41.02,40.453674,37.51,37.782277543137084
64.61,44.001595,41.02,41.66506202616888
71.02,59.131073,64.61,64.22171844466138
69.97,67.34043,71.02,71.46960960916992
47.12,70.7582,69.97,71.8633698674718
49.26,59.82845,47.12,50.44347615103511
37.9,54.76104,49.26,50.36112528995424
49.04,46.382133,37.9,38.56371699739607
53.69,50.255722,49.04,46.94065396412468
54.31,54.35137,53.69,51.551732377900024
64.61,53.878773,54.31,52.58578533211298
52.4,58.799366,64.61,62.90076352440528
39.49,52.444088,52.4,51.74885535628129
54.94,43.20569,39.49,39.959512023283125
56.91,47.040173,54.94,51.8671735769246
48.7,50.26009,56.91,53.7337445322821
39.59,45.085846,48.7,46.928722275198744
41.2,37.71502,39.59,38.48921303050723
50.91,36.72389,41.2,38.85409681309576
39.76,40.726562,50.91,47.93350956312041
37.73,36.39137,39.76,37.62125259153985
41.32,35.17653,37.73,35.32841767223768
20.4,34.259243,41.32,38.1390922912497
15.700000000000001,20.933825,20.4,19.21111315782889
14.46,14.846454,15.700000000000001,14.278409049351996
12.65,11.320004,14.46,12.039407141006661
5.84,10.00469,12.65,9.943943083306229
2.71,4.0022187,5.84,4.182295242116009
1.67,1.208891,2.71,1.0521313306435698
0.030000000000000002,0.0,1.67,0.2564303575328625
0.0,0.0,0.030000000000000002,-1.430754724318649
0.0,0.0,0.0,-1.6832225782016506
0.0,0.0,0.0,-1.4376519608633194
0.0,0.0,0.0,-1.2135103942010943
0.0,0.0,0.0,-1.192354418383009
0.0,0.0,0.0,-0.6056772836523288
0.0,0.0,0.0,-0.5277549798133245
0.0,0.0,0.0,-0.6242887504158913
0.0,0.0,0.0,-0.52983611971786
0.0,0.0,0.0,-0.300721156873619
0.0,0.0,0.0,-0.3234545798656643
0.0,0.0,0.0,-0.36078806184983275
0.0,0.0,0.0,-0.3456276121016427
0.0,0.0,0.0,-0.2139197357556412
0.0,0.0,0.0,-0.3179778789409313
0.0,0.0,0.0,-0.35237827228207386
0.0,0.0,0.0,-0.33410368444477656
0.0,0.0,0.0,-0.3754188949295526
0.0,0.0,0.0,-0.4494276225984461
0.0,0.0,0.0,-0.5213148274028021
0.0,0.0,0.0,-0.5787598644781606
0.0,0.0,0.0,-0.5968801865810534
0.0,0.0,0.0,-0.6769895646926004
0.0,0.0,0.0,-0.7472243101378998
0.0,0.0,0.0,-0.802257732089341
0.0,0.0,0.0,-2.306180750340494
0.0,0.0,0.0,-2.3514555446638874
0.0,0.0,0.0,-2.3772256316219407
0.0,0.0,0.0,-2.3930120416837464
0.0,0.0,0.0,-2.312164452563487
0.0,0.0,0.0,-2.3097870460451486
0.0,0.0,0.0,-2.295693550258443
0.0,0.0,0.0,-2.262095509486916
0.0,0.0,0.0,-2.1482051560911124
0.0,0.0,0.0,-2.099572294043831
0.0,0.0,0.0,-2.0430224304471793
0.0,0.0,0.0,-1.9644285023573311
0.0,0.0,0.0,-1.8261220839045869
0.0,0.0,0.0,-1.731068814372406
0.0,0.0,0.0,-1.6293986186006106
0.0,0.0,0.0,-1.5127986185395081
0.0,0.0,0.0,-1.3519019472727747
0.0,0.0,0.0,-1.2269566048714657
0.0,0.0,0.0,-1.0916911723464349
0.0,0.0,0.0,-0.9579536244937783
0.0,0.0,0.0,-0.7824450847196522
0.0,0.0,0.0,-0.6316735811122078
0.0,0.0,0.0,-0.46969608386576445
0.0,0.0,0.0,-0.2982632303289163
0.0,0.0,0.0,-0.11980862789190173
0.0,0.0,0.0,0.026414449691154473
0.0,0.0,0.0,0.14350789078251613
0.0,0.0,0.0,0.31019848501194697
0.0,0.0,0.0,0.4834970070936633
0.0,0.0,0.0,0.6340021064633846
0.0,0.0,0.0,0.5908609209322748
0.0,0.0,0.0,0.7442087841053547
0.0,2.4269416,0.0,0.854144759655572
0.0,3.7313416,0.0,0.8396784739674937
0.0,0.0,0.0,1.3848873897656873
0.0,3.2196026,0.0,1.0326536073252217
0.0,5.5500617,0.0,1.3468096680605188
0.0,7.5420465,0.0,1.6572673512504734
0.0,3.1754985,0.0,1.163196667202786
0.0,2.351068,0.0,1.3159414152712685
0.0,2.0952215,0.0,1.9612363695801263
0.0,9.126459,0.0,2.5095221428836
0.0,8.910061,0.0,2.621595347973735
0.0,7.9634194,0.0,2.832855990560497
0.0,7.9222264,0.0,2.923391074543296
0.0,7.679924,0.0,3.171666849380364
0.0,7.1425714,0.0,3.2801336647811827
0.0,6.368475,0.0,3.2741900727348545
0.0,7.915468,0.0,3.4352849076268774
0.0,6.063507,0.0,3.182881977580261
0.0,6.1364026,0.0,3.1009261937133674
0.0,7.649706,0.0,2.845937737878172
0.0,8.278299,0.0,3.378306597851595
0.0,6.2309065,0.0,2.5406343643535845
0.0,3.1606498,0.0,2.6149411305574466
0.0,8.779807,0.0,2.835216577871443
0.0,9.627143,0.0,2.2155445658661708
0.0,5.1658993,0.0,2.134109194055057
0.0,5.805997,0.0,1.9979017975612015
0.0,4.831696,0.0,2.1166136492161822
0.0,9.739604,0.0,2.372121525785424
0.0,7.825158,0.0,1.7351970766576696
0.0,5.4388227,0.0,1.7533777687929604
0.0,3.7631836,0.0,2.0482201492105565
0.0,2.3249176,0.0,2.2205489593602823
0.0,1.921583,0.0,2.1645858654900296
0.0,2.351893,0.0,2.045483884856384
0.0,2.8976135,0.0,1.909899473997229
0.0,2.33909,0.0,1.8013753288384504
0.0,2.2571359,0.0,1.6577083541227633
0.16,2.5499284,0.0,1.4576447523686547
0.6,1.420818,0.16,1.269161122585471
2.26,0.0,0.6,2.5484839902406304
3.9599999999999995,0.21197025,2.26,4.158138331134938
5.99,6.7209415,3.9599999999999995,5.88614582089611
7.2,11.2361355,5.99,7.958536006785828
7.96,13.493181,7.2,9.399657962535803
9.31,13.977394,7.96,10.317829282598222
15.379999999999999,15.340624,9.31,11.681240373504666
23.7,17.589888,15.379999999999999,17.183112061529126
39.23,24.205399,23.7,25.037434607832786
43.22,37.18014,39.23,39.908453235849684
53.37,42.02726,43.22,44.77878612888227
54.62,52.65549,53.37,55.25763440467301
58.300000000000004,55.807507,54.62,57.08267305159771
64.56,58.214592,58.300000000000004,60.655494912981496
43.93,62.747528,64.56,66.39301904159616
54.47,52.29422,43.93,47.00307137679228
55.11999999999999,56.773613,54.47,55.45619382580622
47.06,56.672237,55.11999999999999,55.099981991040565
69.97,53.728516,47.06,47.812582622988835
71.65,63.463814,69.97,68.67778550244955
74.42,65.29115,71.65,70.73028377987299
65.01,69.568504,74.42,74.95027986526418
66.0,63.049606,65.01,65.28286354285231
81.06,62.406353,66.0,65.64914908964005
79.14,66.44814,81.06,79.73160894756475
69.79,67.41782,79.14,77.3778397229435
53.74,64.58624,69.79,68.93350616851205
79.32,52.827347,53.74,53.524872679519675
73.06,61.979866,79.32,76.23479546736225
59.17,60.085835,73.06,70.89106654721743
55.959999999999994,55.847378,59.17,58.24854446456359
59.46999999999999,52.111748,55.959999999999994,54.209045146092514
38.31,49.94634,59.46999999999999,56.4416938544452
26.38,35.549072,38.31,36.90829809907079
40.22,25.752594,26.38,24.456170436639947
50.09,29.170704,40.22,35.59030680635317
37.83,35.276234,50.09,45.09440174528867
13.33,31.74752,37.83,35.20879428811288
13.34,17.140276,13.33,13.14087663761212
14.14,10.920593,13.34,11.973289036499594
7.859999999999999,8.806594,14.14,11.16718672579628
4.73,4.108077,7.859999999999999,5.445097760242427
2.1,0.0,4.73,2.6408168306759454
2.19,0.0,2.1,0.457989917525318
1.17,0.0,2.19,0.7390287764255133
0.58,0.0,1.17,0.30828828244223494
0.13,0.0,0.58,-0.05775832321885069
0.32,0.0,0.13,-2.4609278417380684
1.15,0.0,0.32,-1.9934291512884352
2.46,0.0,1.15,-0.565401179338634
3.95,0.20397049,2.46,1.4744891793148835
2.98,4.5987515,3.95,3.180417579148969
8.63,4.7226377,2.98,2.9879324783673598
12.72,7.2987595,8.63,8.284066057137641
15.59,9.804291,12.72,12.616754703268123
11.29,15.811198,15.59,15.71596416047557
17.6,15.3531885,11.29,12.594628221267486
9.56,18.24261,17.6,17.930333533275206
12.97,13.489395,9.56,11.397181276347467
11.11,14.830714,12.97,14.273524277122766
9.54,13.596447,11.11,12.807200749776872
4.63,12.280545,9.54,11.393661378535285
4.91,8.689734,4.63,7.219597752832504
9.74,8.590664,4.91,6.91337001591103
8.34,10.665074,9.74,11.139879012411143
5.62,11.232216,8.34,10.084957538321044
6.86,10.006902,5.62,7.901720396319377
8.64,10.861316,6.86,8.744899406208912
12.2,11.452832,8.64,10.406795969741674
14.169999999999998,13.566847,12.2,13.479596465114373
12.55,15.190864,14.169999999999998,15.459922065265213
13.06,16.150352,12.55,14.1456404510075
11.7,15.830015,13.06,14.704293189878046
12.93,14.463765,11.7,13.378927248415652
16.07,14.137942,12.93,14.417040264205559
8.81,15.810305,16.07,16.88565136655264
10.46,13.114048,8.81,10.584667917962916
10.37,12.651261,10.46,11.844390126198764
7.62,11.955756,10.37,11.567440048248148
5.56,10.228077,7.62,9.07428448937673
4.64,8.755615,5.56,7.095437851811951
4.17,7.888258,4.64,5.837329530652606
6.24,7.119593,4.17,5.285636625416415
7.96,7.20927,6.24,6.89126308539559
5.55,8.274956,7.96,8.329553578023473
3.39,7.803347,5.55,6.41355800771326
1.9200000000000002,6.5146394,3.39,4.409023726573585
1.58,3.919792,1.9200000000000002,2.7682918300639736
0.72,2.2919793,1.58,2.3309770660085487
1.01,1.427063,0.72,1.2748174535422092
3.24,0.0,1.01,2.3177678700846314
6.85,0.0,3.24,4.626256068039736
11.52,5.054025,6.85,8.338117665549314
16.82,13.486918,11.52,13.133907516824767
22.23,20.846786,16.82,18.546785607356657
28.120000000000005,26.901459,22.23,24.064986993553553
34.52,33.342865,28.120000000000005,29.97820360455087
39.97,37.839874,34.52,36.43514442093583
46.11,42.38937,39.97,42.000666322207145
51.76,47.27161,46.11,48.18469382882054
55.88,53.68006,51.76,53.77413606461964
59.72,58.00464,55.88,57.99651732884984
63.87,61.46009,59.72,61.86674257816768
67.02,65.049355,63.87,65.77396938861206
70.34,68.82051,67.02,68.67940766106307
73.57,71.19015,70.34,71.76687032586061
75.28,73.6813,73.57,74.74593991157535
76.89,74.84136,75.28,76.36789915456738
77.23,76.53661,76.89,77.67788724367529
78.25,76.50862,77.23,77.71015594056959
79.28,77.15078,78.25,78.60497833169353
76.6,76.29796,79.28,79.0578761712746
75.65,75.28679,76.6,76.35431110498237
78.15,73.350845,75.65,75.04297224934209
62.22,63.280716,78.15,76.49550507989514
71.49,66.969215,62.22,62.17637361196927
75.99,65.76722,71.49,69.2594622544004
75.5,65.88093,75.99,73.2309077481322
73.09,65.89027,75.5,73.21743227118405
70.04,63.635803,73.09,71.25360626344488
66.8,60.653084,70.04,67.9277123588779
62.910000000000004,56.517982,66.8,64.8304202312753
59.72999999999999,53.058105,62.910000000000004,60.562068515337685
54.14,50.076733,59.72999999999999,57.054745645481034
50.45,45.329777,54.14,51.48728660118471
43.05,41.948353,50.45,47.6736185537421
38.88,36.91088,43.05,40.32622953989337
32.38,28.766176,38.88,36.18203940111141
31.699999999999996,26.594156,32.38,29.671660994620392
21.01,23.980518,31.699999999999996,28.381902433527564
11.83,17.321014,21.01,18.71432101664993
7.499999999999999,8.728938,11.83,10.083067027120485
2.34,2.973035,7.499999999999999,5.675559564483677
0.86,0.0,2.34,0.7053427628103276
1.01,0.0,0.86,-0.8282586363446767
0.53,0.0,1.01,-0.8738830283836053
1.15,0.0,0.53,-2.167797054829377
4.59,0.0,1.15,-0.8836343872951381
7.360000000000001,0.0,4.59,2.8072752110215426
9.46,7.1286707,7.360000000000001,5.9541438821635735
13.08,12.238647,9.46,8.714736172617226
18.02,16.480587,13.08,12.583890942431111
21.52,22.08738,18.02,17.840769253833226
28.88,25.954737,21.52,21.98974663931855
35.82,32.219666,28.88,29.491627258308682
40.17,38.350746,35.82,36.564613356192574
57.42999999999999,44.807034,40.17,41.77970710922245
36.25,59.31893,57.42999999999999,57.908791947444406
49.17,51.31149,36.25,40.002662938482416
55.510000000000005,55.664036,49.17,51.152608738557305
70.61,61.85807,55.510000000000005,56.91543934114131
71.62,71.60117,70.61,71.05500145763877
73.51,74.475845,71.62,73.30590196287602
74.58,77.557755,73.51,75.12558213274546
76.02,78.27922,74.58,76.62871606786983
76.81,78.86636,76.02,77.36377480473443
77.93,78.562294,76.81,77.71662024461561
76.96,78.801025,77.93,78.15336028793807
78.97,77.97631,76.96,76.97402155812718
68.0,77.562485,78.97,78.15633649752415
70.76,61.82721,68.0,67.9926573308318
74.9,60.738598,70.76,69.56863598198893
71.83,70.49791,74.9,73.00145718625262
69.74,69.45559,71.83,70.06469667146669
70.02,65.74616,69.74,67.91328361335347
72.24,62.956715,70.02,67.44102606290689
59.8,62.293625,72.24,69.55362473781247
29.37,53.025978,59.8,57.58041203260504
58.309999999999995,34.69688,29.37,28.93987922264704
50.08,43.138382,58.309999999999995,53.81595211712198
45.4,42.175262,50.08,46.332148031848014
46.94,39.845325,45.4,42.766315955844
40.93,38.601727,46.94,43.9709796163637
35.34,34.888382,40.93,38.26080634052501
19.33,27.761126,35.34,33.59928101993055
11.47,16.554388,19.33,17.855607053082718
7.3,9.378634,11.47,9.820007716651562
6.4,3.7846649,7.3,5.1031366774956455
8.29,0.5976267,6.4,3.6011372193990523
5.0,0.16289969,8.29,5.568630831632571
2.34,0.0,5.0,3.655313175949054
0.060000000000000005,0.0,2.34,1.1179941695604445
0.17,0.0,0.060000000000000005,-0.6518776666938941
0.9200000000000002,0.0,0.17,-2.7639586458212944
3.1,0.0,0.9200000000000002,-1.905435515740762
5.51,0.0,3.1,0.4925781724593799
5.46,4.311824,5.51,3.4006505724186145
5.23,6.252314,5.46,4.327848896751733
4.82,6.16455,5.23,4.874315230341178
6.39,6.771089,4.82,4.8973012830859215
8.73,6.362217,6.39,6.629958710946449
10.63,8.205806,8.73,8.898718540225781
9.71,10.338867,10.63,10.846849465151685
14.6,11.775226,9.71,10.795470343539032
20.2,15.268683,14.6,15.210889424314926
31.75,20.124054,20.2,20.4550304414088
25.74,28.91613,31.75,31.297605769330662
17.96,31.096338,25.74,27.18342514884266
12.02,26.876204,17.96,20.509851740520197
14.829999999999998,20.050251,12.02,14.816416305999358
37.91,18.139688,14.829999999999998,16.22956936841631
75.0,32.2235,37.91,36.05595364227859
23.73,58.124153,75.0,71.7746135714954
19.43,43.994026,23.73,28.052698598284852
23.61,35.612156,19.43,23.68222900918048
14.23,31.144257,23.61,24.859166699494992
21.84,22.527111,14.23,15.61688059398971
19.82,23.447647,21.84,21.36821229932963
16.07,22.921045,19.82,18.49142877980768
16.63,20.124954,16.07,16.81521692380718
12.44,18.355713,16.63,17.490134157781743
11.38,15.100967,12.44,13.590973242147872
21.04,13.727393,11.38,12.487618017637805
7.610000000000001,19.04887,21.04,19.77430695513045
4.81,13.350644,7.610000000000001,7.911261394199074
7.760000000000001,7.1633363,4.81,6.444969752292185
8.86,6.8316493,7.760000000000001,8.253652828419973
5.19,7.1847696,8.86,8.86774625124394
4.41,5.0062118,5.19,6.211710857361996
3.83,4.7880754,4.41,4.9640926623225266
3.09,4.2582393,3.83,4.674687214334341
2.12,3.3542824,3.09,3.9954710734840555
1.34,2.5659544,2.12,2.9218127724800813
1.01,1.8300918,1.34,2.088266937074203
0.39,1.5187529,1.01,1.7345401282164437
0.12000000000000001,0.68199426,0.39,1.0246542203831197
0.11,0.9715863,0.12000000000000001,1.29013036042573
0.15,1.9028126,0.11,0.9822802016676622
0.060000000000000005,0.0,0.15,-0.14871448932548742
0.01,0.0,0.060000000000000005,0.05581303963193781
0.060000000000000005,0.0,0.01,0.2774008473786419
0.42,0.5643819,0.060000000000000005,0.6100138731728866
0.77,0.4021607,0.42,1.1647525374431633
4.94,1.0777436,0.77,1.7011491335577766
6.23,2.5256386,4.94,5.528959504099422
7.510000000000001,3.4089448,6.23,7.109548286446622
7.35,5.063382,7.510000000000001,8.636098768850074
10.63,7.095798,7.35,8.909752632741057
14.25,9.28243,10.63,11.783891887920246
12.0,12.007458,14.25,15.238364040431872
14.94,12.190382,12.0,13.606684149698742
14.31,15.5148325,14.94,16.205716484976406
10.95,15.907777,14.31,15.745825102045798
12.41,13.465386,10.95,13.03978166457092
13.13,13.137084,12.41,14.073650749719965
6.38,14.769757,13.13,14.509273448704706
10.77,11.588368,6.38,8.80968458510989
10.35,12.569752,10.77,12.20334620543869
16.04,12.325332,10.35,11.825818223915196
21.38,16.490059,16.04,16.965668816702312
13.29,21.14004,21.38,21.750250714021526
20.57,19.042747,13.29,15.156563474555565
10.2,21.297127,20.57,21.430983992274257
6.44,16.779774,10.2,12.250700725188343
1.91,12.79893,6.44,8.647182459760023
3.7199999999999998,8.075244,1.91,4.100544270092717
2.62,6.864156,3.7199999999999998,4.906091026479129
4.92,6.0807786,2.62,3.9761374876132383
0.83,7.018542,4.92,5.904201757440052
3.31,5.668998,0.83,2.6018099261015517
2.95,6.475589,3.31,4.682141572304302
7.46,6.383548,2.95,4.235964532802587
2.92,8.361614,7.46,7.943318996255345
1.55,6.6495657,2.92,4.430822637498272
1.63,5.8468275,1.55,2.902890819128606
1.28,4.5481772,1.63,2.9925615404923738
1.88,3.8542678,1.28,2.4473734462963055
0.53,4.1417065,1.88,2.9784009700693725
0.14,4.29397,0.53,1.5731869016144462
0.0,3.4716053,0.14,1.2547239982575182
0.55,2.9848742,0.0,0.8785910272230066
0.31,3.0303571,0.55,1.2892846466775085
2.05,0.0,0.31,0.6801556868942304
3.52,0.0,2.05,2.4081425646278753
3.5299999999999994,1.9576405,3.52,3.9946050350045716
4.42,3.9798448,3.5299999999999994,4.457049644480642
6.18,6.390751,4.42,5.566469855625937
5.82,6.8688173,6.18,7.2290070337571635
6.28,5.5050974,5.82,7.216684500323104
8.66,4.389838,6.28,7.753119855127757
7.059999999999999,7.5126157,8.66,9.944715882161345
11.32,7.6930985,7.059999999999999,8.832926921245553
14.25,10.070903,11.32,12.590114285326155
8.72,12.698104,14.25,15.394493590483348
7.669999999999999,12.566255,8.72,11.036621546576496
7.839999999999999,11.326093,7.669999999999999,10.039024390872147
9.76,10.0897665,7.839999999999999,9.956200194218233
10.48,10.258711,9.76,11.62590166993777
10.56,12.41027,10.48,12.268638993764638
6.88,13.436135,10.56,12.385345241134386
9.59,11.356976,6.88,9.456342892987621
8.06,11.810513,9.59,11.64705328361192
10.6,12.264399,8.06,10.182447582037225
10.21,13.858095,10.6,12.2864308346449
12.59,14.041363,10.21,11.96844922207096
16.13,15.126095,12.59,14.021483652592481
15.97,17.391264,16.13,17.39359916836332
11.46,18.183352,15.97,17.38516238869084
10.79,15.824485,11.46,13.675799754509322
29.419999999999998,14.459581,10.79,12.65356131264557
16.35,22.886225,29.419999999999998,28.378208231499993
13.33,19.429775,16.35,18.00983896067453
16.66,17.789429,13.33,15.479756528246666
18.41,17.755554,16.66,17.558041157338707
8.36,17.221434,18.41,18.697588058693746
6.07,11.691788,8.36,10.294353371138543
11.16,9.284254,6.07,7.411315984074312
10.82,10.598487,11.16,11.29598301010185
6.2,9.683287,10.82,10.980066565108729
4.7,7.308781,6.2,7.052580239622839
3.05,5.6392407,4.7,5.490144178939417
3.6,3.892921,3.05,3.886377848800704
2.3,2.3252125,3.6,3.6969374982729426
0.29,0.43888208,2.3,2.6003353870968637
0.15,0.0,0.29,0.767253581528285
1.69,0.0,0.15,0.12276986341784965
1.3,0.0,1.69,1.4716047094469857
3.31,0.0,1.3,1.7234827548666305
2.28,2.327096,3.31,3.7280104622736663
4.29,3.52708,2.28,3.069415163287894
7.309999999999999,3.688775,4.29,5.114567344150343
12.19,6.428049,7.309999999999999,8.07049645473816
10.32,10.122531,12.19,12.59079182323552
13.5,10.85938,10.32,11.5761446149144
19.87,12.095032,13.5,14.670601763112057
18.65,18.386202,19.87,20.46789517456194
19.57,19.986643,18.65,20.01433992153008
23.76,20.736483,19.57,21.10037697432923
23.07,22.666224,23.76,24.70723540445047
27.16,25.018568,23.07,24.30708145642281
28.230000000000004,27.84304,27.16,28.028679015846862
20.56,28.622868,28.230000000000004,29.105272502566816
14.329999999999998,24.50164,20.56,22.675513943110285
16.27,20.629581,14.329999999999998,16.862576049465254
18.88,19.649364,16.27,17.584595111222207
18.25,20.075905,18.88,19.67444649750182
26.6,19.524866,18.25,19.09189166490538
21.04,24.49609,26.6,26.189676889270014
19.54,22.30644,21.04,22.22704500102723
25.04,20.295444,19.54,21.023102985823755
22.77,21.54843,25.04,25.310304543602214
19.16,20.61909,22.77,23.35300183138089
15.520000000000001,18.096737,19.16,20.305966732753998
21.96,14.871719,15.520000000000001,16.605927233829686
14.09,16.28273,21.96,21.87570167663353
20.57,12.611467,14.09,15.339531750486815
9.47,15.029903,20.57,20.575629666587243
10.26,10.434481,9.47,10.975496966427405
11.61,8.918169,10.26,11.432836483923337
9.07,8.053624,11.61,12.194564052006273
5.05,6.300637,9.07,9.856705137882388
5.64,3.317473,5.05,6.594880749146862
3.17,2.7615807,5.64,6.4889772604584905
2.14,0.14021622,3.17,4.384379356752305
2.35,0.0,2.14,3.392521443615745
1.61,0.0,2.35,3.321521644546037
1.74,0.0,1.61,2.390082904341903
1.72,0.0,1.74,2.5692708516048177
0.44,0.0,1.72,2.2268823007318543
0.08,0.0,0.44,1.3524972463736884
0.71,0.0,0.08,0.861482032096835
1.7699999999999998,0.0,0.71,0.7273406280066371
1.46,0.0,1.7699999999999998,1.9366545915005462
5.3,0.0,1.46,2.0821209138069556
10.05,3.6746063,5.3,5.684622211439002
11.28,10.652513,10.05,10.348317780725667
11.17,13.568936,11.28,12.009314798056984
9.0,13.036365,11.17,12.307489432026584
14.14,8.94136,9.0,10.705845621550397
8.03,12.256273,14.14,15.084332939113295
10.25,9.259392,8.03,10.076227107379822
12.61,9.561508,10.25,11.90796975921584
13.05,10.77358,12.61,13.867405028913256
15.79,13.291964,13.05,14.488726297591196
20.7,15.6038,15.79,17.258197036679693
11.55,19.132853,20.7,21.57390484691414
10.74,15.371374,11.55,14.207515430535514
12.13,14.746688,10.74,13.104491951129818
11.2,14.357705,12.13,13.801624909479713
13.52,13.178884,11.2,12.915708284375466
11.66,13.6891,13.52,14.995708250293534
15.060000000000002,13.670987,11.66,13.271641498768979
22.24,14.805199,15.060000000000002,16.55627263479523
20.67,18.787086,22.24,22.744205962875796
11.77,19.355247,20.67,21.785624483380584
11.16,15.54533,11.77,14.273346668973483
9.8,13.514358,11.16,13.035000960367748
8.87,11.131576,9.8,11.288146495271391
11.04,8.671799,8.87,10.35497226217271
10.48,8.885244,11.04,11.94027296461375
8.28,9.020439,10.48,11.494452786927997
6.84,8.092242,8.28,9.811532338955907
6.33,6.979424,6.84,8.371383351748795
6.93,5.4929123,6.33,7.71965691291722
7.170000000000001,5.468478,6.93,7.928276219522987
9.05,4.9346814,7.170000000000001,7.94868072938321
7.3,5.529131,9.05,9.527350527230494
6.39,3.824866,7.3,8.275604874050076
3.33,2.8749812,6.39,7.409424633337269
2.39,1.0292615,3.33,4.633901370413763
2.1,0.16267021,2.39,3.453331285211262
0.63,0.0,2.1,2.8466595236395857
0.35,0.0,0.63,1.3498581167043746
0.34,0.0,0.35,0.9981237661005884
0.36,0.0,0.34,0.39834313565448154
1.91,0.0,0.36,0.6893599695599271
2.94,0.0,1.91,2.2653496214027413
2.53,1.3615102,2.94,3.529685396031753
1.31,2.7143774,2.53,3.503041500988048
1.97,2.88609,1.31,2.6849003140985745
2.53,1.5905931,1.97,3.3682096543485462
2.87,0.0,2.53,4.060677684050508
5.92,0.0,2.87,4.5734131670958496
6.920000000000001,3.6542566,5.92,7.384001510665662
7.96,5.8589087,6.920000000000001,8.59423497590286
7.48,7.3729873,7.96,9.836239870457648
14.87,7.2266912,7.48,9.65761181937251
11.29,13.094855,14.87,16.050948270019877
10.3,13.402656,11.29,13.52897325948211
15.99,12.55082,10.3,12.873027170202391
12.24,14.975838,15.99,17.563563243938955
9.42,15.272078,12.24,14.63535539979709
27.12,13.799264,9.42,12.320644240580714
14.3,22.746014,27.12,27.043104106940252
24.71,18.999731,14.3,16.92470475418129
32.39,24.52999,24.71,25.888885810404997
21.54,29.36199,32.39,32.37126217162056
28.700000000000003,25.191982,21.54,23.64329000835825
21.17,26.693851,28.700000000000003,29.922838109349474
12.0,23.100645,21.17,22.560146411037206
13.829999999999998,16.271145,12.0,14.816185286058216
11.31,14.624839,13.829999999999998,15.37589883174318
12.35,12.680984,11.31,12.287027387519739
11.26,11.682279,12.35,13.459907123682274
19.6,10.535663,11.26,12.360316197520063
15.690000000000001,14.786287,19.6,19.26487367964508
32.97,13.480346,15.690000000000001,16.663256057962535
12.45,22.08156,32.97,31.43471466420755
11.96,13.976269,12.45,14.05595681818507
11.11,10.759696,11.96,13.488422674984013
13.819999999999999,8.403842,11.11,11.611801088641961
15.700000000000001,6.961777,13.819999999999999,13.424944137278082
7.4399999999999995,7.1861563,15.700000000000001,15.450876289225128
5.84,4.3046184,7.4399999999999995,7.968643177377855
6.41,2.7375162,5.84,6.786284060688867
3.52,1.2547054,6.41,6.710272872650312
2.64,0.0,3.52,3.9431950922564436
0.23000000000000004,0.0,2.64,2.7918324938051415
0.62,0.0,0.23000000000000004,0.43305417546783104
3.19,0.0,0.62,1.3964714248827566
7.62,0.0,3.19,4.443144864544404
13.18,3.3453884,7.62,8.803545848524362
19.3,13.234324,13.18,14.578607164612832
25.69,21.832258,19.3,20.813445622243556
32.07,29.17993,25.69,27.36663601975175
38.04,35.85038,32.07,34.11124259485513
43.61,40.674023,38.04,40.260946396991834
48.92,45.24538,43.61,45.88877105418595
53.86,49.381264,48.92,51.24704708563778
58.66,54.655087,53.86,56.17340749544547
62.60999999999999,59.022785,58.66,60.91494882437097
66.5,62.045704,62.60999999999999,64.98505600413587
70.03,66.54339,66.5,68.65596142337786
72.81,70.82992,70.03,71.93069152044347
75.23,73.45304,72.81,74.52030196128102
77.13,75.403854,75.23,76.69845824964689
78.88,76.69076,77.13,78.37187373188245
80.21,78.36274,78.88,79.84820555534588
81.25,78.889595,80.21,80.90936113648664
81.46,78.27456,81.25,81.62671331518564
81.17,77.88776,81.46,81.54296092778768
81.02,77.055275,81.17,80.86287563614569
80.6,76.471344,81.02,80.50207003913545
80.28,74.70372,80.6,79.5838384514207
78.6,73.36076,80.28,78.99087953693143
78.58,71.132744,78.6,76.95800013376976
76.66,69.45216,78.58,76.66550273531696
74.46,67.07387,76.66,74.75914930024697
71.91,64.05926,74.46,72.38328971722594
68.51,60.75749,71.91,69.68616035309714
65.17,57.426117,68.51,66.26467145984122
61.24999999999999,54.326973,65.17,62.83442314529967
57.44,50.54514,61.24999999999999,58.70738567159911
53.25,46.510174,57.44,54.87310870146752
48.07,42.75681,53.25,50.65509364833364
42.77,38.654316,48.07,45.620063146626855
37.16,34.557297,42.77,40.40122199403727
32.14,28.195501,37.16,34.899356818370784
20.13,23.153454,32.14,29.83787972010188
16.48,15.244942,20.13,18.556256578227305
11.12,9.768151,16.48,14.556661462538571
6.61,3.393541,11.12,9.189081927601336
2.88,0.0,6.61,4.7979025953969865
0.45,0.0,2.88,1.267037876920449
0.62,0.0,0.45,-1.0706145319511733
2.28,0.0,0.62,-2.202847641505948
5.57,0.0,2.28,-0.25912317326907797
13.66,0.0,5.57,3.4824788791612673
10.67,9.850584,13.66,11.608387510860208
14.32,14.866634,10.67,9.975194541662013
12.64,18.48688,14.32,13.967832859019316
15.030000000000001,19.404003,12.64,13.124874158065113
20.87,20.309069,15.030000000000001,15.589245590837608
23.36,23.93995,20.87,21.140545366522463
31.690000000000005,27.591238,23.36,23.895376049791253
30.71,36.126656,31.690000000000005,32.061174328451514
35.39,38.362164,30.71,31.918050959073074
56.34,41.36351,35.39,36.84962850345583
60.35000000000001,53.04969,56.34,56.02986354819925
63.18000000000001,61.23692,60.35000000000001,60.98047307729722
71.64,67.06932,63.18000000000001,64.82923150323774
63.81,71.86899,71.64,73.16947414277216
73.62,69.221306,63.81,66.66486039662693
79.15,74.52879,73.62,75.71182346059213
79.05,77.382614,79.15,80.2368790893035
79.44,79.14117,79.05,80.32889624766764
71.44,79.820114,79.44,80.82012080632416
81.45,77.28939,71.44,72.78989021351724
67.94,78.97526,81.45,81.57273116010154
64.54,73.8987,67.94,68.9459472969605
80.27,62.377308,64.54,63.76866744079496
71.48,71.4628,80.27,78.03314066067719
71.42,68.90173,71.48,70.35579275564545
64.24,66.66171,71.42,70.40053154752003
45.08,61.619324,64.24,63.40168498955447
44.68,46.578976,45.08,44.32418086653843
46.92,41.489838,44.68,42.048586832745016
41.46,40.059708,46.92,42.8076921665482
65.98,36.021202,41.46,37.96220101661392
37.35,45.812576,65.98,60.724914289364264
31.41,35.341934,37.35,35.27298367186105
50.59,26.40226,31.41,30.126181789022944
35.77,32.61076,50.59,46.684959011270664
29.020000000000003,26.433582,35.77,33.552847730828816
22.48,20.882402,29.020000000000003,28.155869240414543
17.02,15.629319,22.48,20.711150626822448
2.06,10.186441,17.02,15.625528274260335
1.19,0.0,2.06,2.1561753592421184
1.07,0.0,1.19,-0.10124060264949164
0.37,0.0,1.07,-0.5871779735008145
1.04,0.0,0.37,-1.0134696147847024
4.34,0.0,1.04,-1.4116308400250157
9.94,0.0,4.34,2.7494693622012223
15.08,7.6059175,9.94,8.788556497986963
22.35,17.766516,15.08,13.854188496231467
10.23,25.382887,22.35,21.76419403171602
30.07,21.099058,10.23,12.158369372932626
37.61,32.32468,30.07,30.34080391831001
49.74,40.408916,37.61,38.07582947690452
51.17,53.7033,49.74,50.12871105127358
57.23,59.340042,51.17,52.910409570583916
65.23,65.00839,57.23,58.917545565037024
62.69,70.22282,65.23,66.99940048314333
65.93,69.864204,62.69,65.21154032367096
69.27,72.598,65.93,68.08626145480304
67.13,76.08616,69.27,70.70297540942077
75.63,71.040054,67.13,68.81137871604098
74.53,79.7196,75.63,76.50939175317383
76.19,79.87385,74.53,75.8946837320057
76.99,82.47275,76.19,77.16240005841476
77.76,81.885216,76.99,77.65454005026305
78.16,80.89392,77.76,77.74567401530183
78.22,79.470856,78.16,78.0836581424334
77.85,78.665215,78.22,77.65971354042537
77.89,76.8725,77.85,77.06035259704394
77.36,75.28233,77.89,76.85724420476502
76.29,73.42036,77.36,76.04530113065577
74.88,71.5929,76.29,74.78141741881765
73.1,69.4163,74.88,73.27380094904788
72.0,67.29891,73.1,71.30183691203072
68.42,65.67471,72.0,69.92064082632992
64.86,61.68919,68.42,66.346254434705
61.98,58.41113,64.86,62.73097205346636
57.46999999999999,54.89133,61.98,59.64848742035412
53.73,51.18251,57.46999999999999,55.07740234533617
48.68,46.899563,53.73,51.208074661119824
43.56,42.705833,48.68,46.23547929987653
39.27,38.47178,43.56,41.194319957099125
34.22,34.415413,39.27,36.929459851658834
28.96,28.48162,34.22,32.04632228130695
22.96,23.391697,28.96,26.98407726325726
17.02,17.882233,22.96,21.19293299188102
11.42,12.481892,17.02,15.418966944778926
6.36,5.9017506,11.42,10.010752501901251
2.37,0.7253656,6.36,5.0416349772657325
0.4,0.0,2.37,1.0924612901702735
0.36,0.0,0.4,-0.8881523664357525
2.05,0.0,0.36,-2.250816417547993
5.85,0.0,2.05,-0.16258400887793784
10.86,1.7899545,5.85,4.013456994820057
16.41,10.676614,10.86,9.46642842029022
22.36,18.966581,16.41,15.586049007808379
28.550000000000004,26.527275,22.36,22.10297544788595
34.31,34.62661,28.550000000000004,28.801986816187565
40.46,40.565086,34.31,35.05563889887752
45.54,46.38274,40.46,41.475778894121035
50.0,51.716705,45.54,46.86398941835817
54.15,57.83348,50.0,51.56767268518642
58.40999999999999,62.281124,54.15,55.81841440403765
61.99999999999999,66.18728,58.40999999999999,60.1113873913606
64.96,69.52886,61.99999999999999,63.74353698659448
68.0,73.28111,64.96,66.60126847937819
70.58,75.54497,68.0,69.41624056692977
72.84,77.020035,70.58,71.78988409787422
74.19,78.37538,72.84,73.91706692021698
75.89,79.5152,74.19,75.05453339385419
77.12,79.69239,75.89,76.42905772767803
77.61,79.696655,77.12,77.36887062576992
77.97,79.19298,77.61,77.64426170833335
77.84,78.400764,77.97,77.7036311772027
76.76,77.13284,77.84,77.19732981486688
77.47,75.43481,76.76,75.91452961401991
76.4,74.27905,77.47,76.21800291154298
74.66,72.397896,76.4,74.94559201073479
73.15,70.39394,74.66,72.9889590547531
71.28,67.99748,73.15,71.19252232021852
39.61,66.692345,71.28,69.15967471242922
68.25,50.8761,39.61,39.786267029942636
62.70000000000001,56.667404,68.25,64.42402908170422
43.37,54.770576,62.70000000000001,59.22589611030752
54.1,49.371544,43.37,42.395378954245544
50.43,46.5268,54.1,51.34095953352818
43.87,43.536945,50.43,47.368203447734736
39.62,38.521313,43.87,42.35662133518749
34.29,34.852917,39.62,37.42553226234721
26.98,28.933332,34.29,32.135396324104015
15.46,21.787443,26.98,25.497183848494945
12.76,13.644051,15.46,14.191620038546649
5.63,9.026519,12.76,10.92725227921807
2.12,1.0124449,5.63,4.646120207748452
0.9299999999999999,0.0,2.12,0.3627056452432875
0.1,0.0,0.9299999999999999,-0.8110339747653139
0.3,0.0,0.1,-1.1423782109733414
1.39,0.0,0.3,-2.298236385954253
2.96,0.0,1.39,-0.7831442968759953
7.260000000000001,0.0,2.96,1.3753468262437045
14.690000000000001,5.7360773,7.260000000000001,5.922397355488097
21.69,14.221821,14.690000000000001,13.380626890094037
23.82,21.789951,21.69,20.575755550274966
17.72,28.027056,23.82,23.82278358912242
19.79,26.858854,17.72,19.179083865058868
24.05,27.060015,19.79,20.76242769555607
30.18,27.779099,24.05,24.762771483162197
43.56,34.315002,30.18,30.386311543396854
36.62,43.76117,43.56,43.32451657617592
29.27,44.443226,36.62,38.014671604054
32.32,40.127777,29.27,31.839156408378823
32.35,39.739918,32.32,33.92075378891652
49.37,38.664738,32.35,33.230641482863724
54.57,46.794086,49.37,48.497135913816614
60.96,51.338375,54.57,54.1262016075352
65.99,58.951347,60.96,60.96085820458704
69.86,61.387085,65.99,66.93767771739238
80.81,65.70097,69.86,71.31810755575968
50.17,68.332726,80.81,80.5410203682126
61.3,57.090477,50.17,52.24777290220656
50.71,57.314148,61.3,60.520037783328306
47.68,50.595226,50.71,49.9485843122022
72.92,47.39991,47.68,46.57179854350168
73.19,58.165115,72.92,69.6987298271255
68.83,60.266792,73.19,71.04067464860304
67.53,59.3835,68.83,68.74527832183274
63.5,57.306187,67.53,66.76059512895475
47.93,52.71876,63.5,62.522320179192555
50.6,45.286804,47.93,47.65755447169213
49.26,42.646355,50.6,48.433888734782215
43.85,39.1757,49.26,46.07065525089348
38.45,36.247326,43.85,41.57767100097337
35.53,32.334625,38.45,36.23381949877392
27.71,27.257471,35.53,33.551636558360855
22.62,20.82747,27.71,26.343879173619616
16.92,16.105118,22.62,20.45940515617893
7.340000000000001,10.741491,16.92,14.69013783729078
7.360000000000001,3.4088874,7.340000000000001,5.771651117915156
6.59,0.0,7.360000000000001,5.060321477791961
2.14,0.0,6.59,4.1130486251914995
0.030000000000000002,0.0,2.14,0.719194094183675
0.28,0.0,0.030000000000000002,-1.1533789161805217
1.42,0.0,0.28,-1.6548386687994852
2.96,0.0,1.42,-0.22790133204190793
4.65,0.0,2.96,1.722919867890534
7.309999999999999,3.7274282,4.65,3.690642217115202
7.170000000000001,8.268984,7.309999999999999,6.672037121341079
9.57,11.146141,7.170000000000001,7.5162024125651445
9.79,13.096775,9.57,10.136745597334007
10.03,12.830503,9.79,10.95839913145494
10.9,12.937951,10.03,11.59744984198706
9.93,15.394829,10.9,12.615602159673088
9.89,15.407661,9.93,12.065403814758664
11.6,14.617315,9.89,12.334046753513269
15.870000000000001,15.156865,11.6,13.910694476885471
20.34,19.095602,15.870000000000001,17.84215338702056
25.9,23.23924,20.34,22.116350186932497
34.47,27.784008,25.9,27.420352091877724
48.71,33.74082,34.47,35.51229642866555
60.18,43.348076,48.71,49.088615215869694
66.26,52.939297,60.18,60.82852658626788
75.53,56.598557,66.26,67.71696859758151
76.03,65.82954,75.53,77.66370362879839
75.53,67.68924,76.03,78.42117722090224
75.78,69.21813,75.53,77.99699757619918
73.66,69.66803,75.78,77.60199075697209
73.62,69.342125,73.66,75.03298321668804
71.89,69.4126,73.62,74.47770449455598
69.0,68.73887,71.89,72.27628703385784
65.11,66.86555,69.0,69.17964667702685
63.05,64.09419,65.11,65.08691786234537
60.910000000000004,59.860687,63.05,62.21531986358579
57.34,56.404102,60.910000000000004,59.64629106562276
53.47,52.226936,57.34,55.77142848870548
48.88,47.619324,53.47,51.55996860238881
43.18,42.049225,48.88,46.82189985588569
38.34,36.64101,43.18,40.98983352988269
32.12,31.246653,38.34,35.91461400392346
27.22,25.01627,32.12,29.805251733403058
21.94,18.809296,27.22,24.78207914911687
16.03,13.381191,21.94,19.45602028432663
11.49,7.791876,16.03,13.687255719938506
7.510000000000001,2.987021,11.49,9.220063263275245
3.8,0.0,7.510000000000001,5.291379033657787
1.39,0.0,3.8,1.7783592384090867
1.41,0.0,1.39,-0.5027809173163758
3.8,0.0,1.41,-2.294525669732866
4.45,0.0,3.8,0.3045233683666881
5.31,0.0,4.45,1.6448355864660014
5.7,2.5755548,5.31,3.2169775204881894
9.13,4.2914066,5.7,4.205096581904438
12.09,8.352913,9.13,7.724770795112758
10.99,10.497411,12.09,11.033621591300285
14.390000000000002,10.319735,10.99,10.696774907627205
14.44,12.114439,14.390000000000002,14.154166508378552
13.75,14.568023,14.44,14.679743054092315
14.499999999999998,14.873138,13.75,14.548397659815166
16.87,15.030139,14.499999999999998,15.39095995610866
15.13,16.080296,16.87,17.694224866588087
16.57,17.797073,15.13,16.427169713004783
19.64,19.01047,16.57,17.69245936412177
19.46,20.41788,19.64,20.5358396404408
19.21,21.128408,19.46,20.598414113890772
17.76,22.25275,19.21,20.5474514653811
19.75,21.165495,17.76,19.14059872785095
27.92,21.038706,19.75,20.802678117370668
19.2,25.143291,27.92,27.82334065909171
35.01,23.282772,19.2,20.764729226593595
25.23,31.235851,35.01,34.39891232232672
18.98,27.809969,25.23,26.24724826948301
18.77,23.482277,18.98,20.820361153099388
20.81,20.7074,18.77,20.096167679280782
27.16,20.485634,20.81,21.002334055893886
20.47,23.360718,27.16,26.50062830119707
11.61,20.213522,20.47,21.018448093397055
9.14,14.729928,11.61,13.424875826782271
10.54,10.73715,9.14,10.702925762376337
9.57,9.917931,10.54,11.044447380657562
8.87,8.200267,9.57,10.020612746700262
5.09,7.0381203,8.87,9.327613803182961
5.64,4.9661007,5.09,5.850927214980941
4.34,3.6868908,5.64,6.384160839333331
1.37,2.046369,4.34,5.277308219884247
1.3,0.0,1.37,2.57079333899809
1.22,0.0,1.3,2.245392552676403
1.07,0.0,1.22,1.8301164537721486
0.18,0.0,1.07,1.836197606287366
1.16,0.0,0.18,1.2011599677784865
1.39,0.0,1.16,0.7993874036232326
1.78,0.0,1.39,1.3051648937461746
2.86,0.0,1.78,2.0029188619776326
3.13,0.0,2.86,3.1512137813815517
4.24,1.4642041,3.13,3.8851937289683653
5.62,2.8849041,4.24,5.1258486718563745
6.04,3.2820582,5.62,6.561094482393322
6.68,2.5164232,6.04,7.339853401341625
9.55,4.991076,6.68,8.144290875756054
10.19,7.2302547,9.55,10.874037462555147
9.2,8.525072,10.19,11.704694864528062
16.01,8.247524,9.2,11.114118186775945
14.340000000000002,13.827293,16.01,16.934620154016745
9.6,14.513427,14.340000000000002,16.01249739978544
10.28,12.273812,9.6,12.205125633494287
17.46,11.557625,10.28,12.407120853376723
25.95,16.517946,17.46,18.3351797664661
14.8,22.985918,25.95,26.065121240799012
8.74,20.124327,14.8,17.140208534615688
6.13,15.021295,8.74,11.884967595022355
8.47,11.786927,6.13,8.839183070853531
14.999999999999998,11.689519,8.47,10.064427428700272
27.43,14.671301,14.999999999999998,15.52140033739513
20.51,22.595032,27.43,26.53992854205327
13.49,21.450079,20.51,21.965698086119108
11.99,18.115675,13.49,16.047406574589928
12.9,14.690961,11.99,14.166451788862929
11.45,13.108921,12.9,14.22237990206034
7.57,11.657664,11.45,12.48268159908908
8.1,9.1324625,7.57,8.579203194530558
13.2,7.7999444,8.1,9.109942259149314
6.21,9.355847,13.2,13.654620575442818
7.12,6.559594,6.21,7.843683801997433
6.52,6.5527425,7.12,8.389776033604637
2.24,6.0959883,6.52,7.419851169229107
2.9,3.683161,2.24,3.338170999909445
1.35,1.2943412,2.9,3.8330134072079622
1.9400000000000002,0.0,1.35,2.237609434209144
1.61,0.0,1.9400000000000002,2.737637585656304
0.53,0.0,1.61,2.2831042620455
0.65,0.0,0.53,1.3521615715990678
2.2,0.0,0.65,1.011540171253423
1.44,0.0,2.2,2.444206684381121
2.07,0.0,1.44,1.9637421578807475
4.06,0.0,2.07,2.8584218232195377
5.25,2.6341734,4.06,4.722998605745875
8.62,4.248587,5.25,6.151131144978645
8.52,5.5513034,8.62,9.641538978890477
7.07,5.794413,8.52,9.919445193817042
10.03,7.5665464,7.07,8.948792505836684
10.96,9.275401,10.03,11.54494151594483
11.52,10.049489,10.96,12.530850840868869
17.18,10.757684,11.52,13.320812476508637
22.2,16.417654,17.18,18.241851900417494
23.27,21.770874,22.2,22.86695054855917
27.810000000000002,23.996738,23.27,24.667488615954188
27.14,27.63171,27.810000000000002,28.79399587888085
18.61,29.559715,27.14,28.386976103894007
20.12,24.537058,18.61,21.14035894282535
19.56,23.09122,20.12,21.714852374488824
23.15,21.649868,19.56,20.805492993544988
18.31,24.42558,23.15,23.461670951560226
24.17,21.619383,18.31,19.524415335768534
18.21,23.372595,24.17,24.537794520597192
18.84,20.088774,18.21,19.680632991079577
29.05,19.91294,18.84,19.807211088341624
25.0,24.49104,29.05,28.356748392190706
25.57,23.789616,25.0,25.115782033443914
14.289999999999997,23.22565,25.57,25.890731989444753
16.18,16.3347,14.289999999999997,15.600627875547048
9.63,13.821693,16.18,16.98505010666244
9.31,8.746677,9.63,10.823068444171321
16.07,7.252881,9.31,9.793392813348671
16.3,9.917319,16.07,15.32437943080692
8.05,10.774518,16.3,15.80511084162948
12.61,7.1423645,8.05,9.1248583686765
12.32,7.8458986,12.61,12.698369053653463
12.79,6.36153,12.32,12.321565339618406
7.510000000000001,6.4586096,12.79,12.591813815752749
7.360000000000001,3.679555,7.510000000000001,7.971158178880209
3.48,2.8932726,7.360000000000001,7.463221035759989
2.07,0.0,3.48,4.279527203937439
0.84,0.0,2.07,2.488245542659238
0.1,0.0,0.84,1.2929347175802441
1.35,0.0,0.1,0.004498390858162435
3.34,0.0,1.35,1.3017776026179997
8.4,1.8998195,3.34,3.2743486241179975
14.3,9.590658,8.4,8.516371619556175
23.69,17.59982,14.3,14.279845955341486
24.61,26.672012,23.69,23.316805468875923
31.6,31.888721,24.61,25.446562934666055
37.83,35.719994,31.6,32.557190575359705
49.29,40.610706,37.83,38.746503600620976
51.43,47.697548,49.29,49.335856367682716
43.71,55.952217,51.43,52.55828835611153
52.98,54.90077,43.71,45.5498073047071
55.68999999999999,54.063236,52.98,53.71097071117558
50.6,57.442062,55.68999999999999,55.184738679275966
70.4,57.845768,50.6,51.06045331399245
46.56,69.96373,70.4,68.99338000413022
34.62,58.763268,46.56,47.24947428579147
33.31,48.52085,34.62,36.124803679593114
37.03,42.845966,33.31,33.20609754941961
30.060000000000002,41.984535,37.03,35.03176687721486
24.83,35.584717,30.060000000000002,29.102363464455586
23.9,30.470064,24.83,23.710122653147668
32.7,27.520952,23.9,22.74708991234522
43.7,30.392326,32.7,30.521026616423306
28.22,36.743717,43.7,40.65057935274181
25.57,30.616451,28.22,27.70403283456031
16.02,26.71481,25.57,25.367108241476497
21.2,19.270973,16.02,15.853488077103357
44.42,17.617498,21.2,19.8940664866788
26.11,28.469679,44.42,40.771899565414195
17.76,23.977152,26.11,25.639242938255997
18.58,19.386915,17.76,18.70313610318327
18.38,17.055676,18.58,18.482327477067102
15.049999999999999,15.045526,18.38,18.04841768026448
12.15,12.006709,15.049999999999999,15.22399357931494
15.020000000000001,10.981168,12.15,11.734662599213157
12.17,11.896364,15.020000000000001,14.19681714932255
9.39,9.712368,12.17,12.329453257424376
5.15,7.210585,9.39,9.923590430279262
5.47,4.2730436,5.15,6.453329682317823
2.92,4.218227,5.47,6.147589966519918
1.37,2.6839242,2.92,3.2627961392659026
0.37,0.0,1.37,2.0703835364950485
0.12000000000000001,0.0,0.37,1.2886942155572758
0.78,0.0,0.12000000000000001,0.8735439823254921
1.07,0.0,0.78,0.4761018856885824
2.4,0.0,1.07,1.063535370787753
3.6700000000000004,0.9469043,2.4,2.692544551745201
3.39,3.959504,3.6700000000000004,4.225173138852538
6.38,6.551764,3.39,4.339101474941507
10.69,7.760851,6.38,7.2414960954214225
9.24,10.190562,10.69,11.292852472876989
9.45,9.812991,9.24,10.671622769904145
13.49,11.572912,9.45,11.343488773938304
16.89,14.331317,13.49,14.87781731778972
18.97,17.68432,16.89,18.230121668922838
22.0,20.726168,18.97,20.463333953832787
23.98,25.60468,22.0,23.36591317119445
34.84,28.246597,23.98,25.480312170353287
24.76,35.185593,34.84,35.25473315686089
22.07,32.12335,24.76,26.964289736596037
19.65,29.857174,22.07,24.581416852486598
26.91,27.086847,19.65,21.665260958002847
21.66,29.615353,26.91,27.404477507635153
18.3,26.735533,21.66,23.0399345805934
28.319999999999997,24.872414,18.3,19.91114154330076
27.02,29.617277,28.319999999999997,28.490395481150852
50.54,29.649647,27.02,27.582560697719344
53.07,41.61477,50.54,49.31045146743785
54.2,49.651493,53.07,52.813947234324694
47.51,49.54135,54.2,54.62930771286797
59.99999999999999,46.00941,47.51,48.204092832271485
65.63,47.001686,59.99999999999999,58.97155949812111
37.41,52.910244,65.63,64.84364487332422
25.34,44.489567,37.41,39.26373422075457
21.62,30.947708,25.34,26.923966643890527
19.25,24.0539,21.62,21.4923324558559
15.13,18.446547,19.25,18.285462836931483
9.8,13.916132,15.13,14.021459913478212
7.83,9.488158,9.8,8.969216869964603
8.15,6.625196,7.83,6.9830067047015545
6.0,4.0048094,8.15,7.036740026184155
4.39,1.1268257,6.0,5.095610171856655
3.79,0.0,4.39,3.853987676627923
2.44,0.0,3.79,2.8877709397114564
0.14,0.0,2.44,1.491194486116548
0.04,0.0,0.14,0.014943650355232763
1.78,0.0,0.04,-0.3493834984060859
4.31,0.0,1.78,1.38846268154016
8.86,0.0,4.31,3.991786219520706
11.11,6.084905,8.86,8.646079052155258
13.49,11.562205,11.11,11.366017048627306
21.55,15.255277,13.49,14.348725508332311
28.86,22.215897,21.55,22.113926992389196
29.549999999999997,28.660713,28.86,29.530792032398463
36.79,32.381203,29.549999999999997,31.07307707406985
52.68,37.312527,36.79,38.2626386407039
42.62,49.19085,52.68,52.909147466632206
42.35,48.79414,42.62,45.105513346611936
43.04,50.642,42.35,44.874093111681454
51.22,47.79301,43.04,44.514339879835276
44.25,52.706997,51.22,51.34917750720933
85.22,48.07867,44.25,45.88994916983264
69.95,69.750435,85.22,82.66172467911677
75.39,67.36344,69.95,70.87025358095562
79.81,73.11955,75.39,77.0814620168027
60.06,73.90198,79.81,80.59789825578804
83.31,61.62336,60.06,61.51416991277233
73.89,71.08522,83.31,82.87797584009792
72.91,67.24233,73.89,72.61377785334612
84.89,70.27014,72.91,73.3945046502257
71.98,73.148155,84.89,83.37425404129172
75.84,67.2841,71.98,71.36469137339951
66.5,66.90865,75.84,75.06752253570417
54.1,62.25844,66.5,65.40139575887454
59.33,52.081665,54.1,52.69247391289864
62.60999999999999,47.607323,59.33,56.74614089585989
37.04,48.094196,62.60999999999999,58.595168447314414
32.2,37.130936,37.04,35.792369859313595
54.85,29.256615,32.2,30.489134107339744
37.41,38.587124,54.85,49.850597463395644
37.64,29.789095,37.41,35.63817890293729
23.32,28.778057,37.64,35.17507614864729
18.97,18.972376,23.32,21.342743839093682
22.09,12.702271,18.97,17.555489585289777
10.25,9.386252,22.09,19.740098209636116
11.09,2.6405349,10.25,8.384390827221939
11.38,0.0,11.09,9.87614242023432
6.32,0.06014605,11.38,9.628912363006664
2.96,0.0,6.32,5.267217836592445
0.86,0.0,2.96,2.8390268763829463
0.27,0.0,0.86,0.4439651997622235
2.31,0.0,0.27,-2.5530324306598176
6.3,0.0,2.31,-0.22810949646929896
8.39,0.0,6.3,3.706242647994592
3.13,5.959028,8.39,6.824575348795117
4.12,7.9516244,3.13,3.047784374784945
4.51,7.571108,4.12,4.143037694900904
6.38,7.7868314,4.51,4.829386539145834
5.56,7.621053,6.38,6.647061036396164
5.47,6.7835426,5.56,6.393537598582248
7.430000000000001,6.018187,5.47,6.670606626417472
9.63,8.893938,7.430000000000001,8.689309303626136
20.75,10.665878,9.63,10.933170021540878
22.88,17.40449,20.75,21.25732567592486
36.26,23.253841,22.88,23.79921451177513
39.05,34.68986,36.26,36.53887700935068
39.93,40.34914,39.05,39.68083058454446
59.61,41.949917,39.93,41.45257804538068
29.29,51.62104,59.61,59.32886382685172
34.69,40.788322,29.29,32.650157774980144
28.09,40.472836,34.69,36.514779071310265
31.439999999999998,34.03502,28.09,29.436860051609514
44.29,33.340073,31.439999999999998,31.765967808923634
31.800000000000004,39.415432,44.29,43.18519455657138
24.13,36.57779,31.800000000000004,32.03117308846707
41.6,30.162487,24.13,25.862576511809046
22.02,35.942677,41.6,40.05456260137009
57.64,26.897556,22.02,22.97915377302644
40.75,40.076305,57.64,54.458625807664035
52.59,36.31384,40.75,40.148186114596136
22.38,42.70131,52.59,50.88512631025665
16.92,25.92053,22.38,24.722066262929324
24.99,18.760147,16.92,18.03924979317201
22.77,18.601004,24.99,23.872602115161644
18.43,18.260685,22.77,20.637724803936287
15.6,14.348994,18.43,17.554607147593494
12.5,11.155834,15.6,14.560582618015598
11.56,7.0158854,12.5,12.370984965125732
7.030000000000001,5.511498,11.56,10.993954044324992
4.89,0.46130127,7.030000000000001,7.161631985664552
2.67,0.0,4.89,4.284506640054198
1.5,0.0,2.67,2.5214879507691395
0.88,0.0,1.5,1.177276181283031
0.0,0.0,0.88,1.0579045213870018
0.5,0.0,0.0,0.3287866198065158
0.72,0.0,0.5,0.023801133763331206
5.58,0.0,0.72,0.595290189243271
6.88,0.0,5.58,5.317095228448463
5.47,6.3068404,6.88,7.087670670673597
12.71,8.678666,5.47,6.466947434916003
12.96,14.431741,12.71,13.190139129357405
21.98,17.081062,12.96,13.896673594124978
26.15,21.676294,21.98,22.97755835445728
28.26,27.317532,26.15,26.986912507685535
30.84,32.29488,28.26,29.78365415373078
30.07,35.799606,30.84,32.43477976622391
72.28,35.4096,30.07,32.06322682710403
81.82,58.644672,72.28,70.59301696048281
44.48,72.887535,81.82,81.5457243054913
35.92,61.928448,44.48,49.080123845152436
49.97,51.46286,35.92,39.88783959697243
52.44,51.65654,49.97,50.290370356719166
38.48,54.761173,52.44,52.14643395221144
79.64,47.641415,38.48,39.16894405779624
63.74,69.04454,79.64,76.42363998079576
70.02,60.248528,63.74,63.435984475385126
41.23,66.73296,70.02,70.4656300574567
34.67,51.56519,41.23,42.977665969195314
32.87,42.18828,34.67,35.55799820646856
23.24,35.333103,32.87,31.964526332387187
11.88,28.259548,23.24,21.344926694829976
66.4,15.099461,11.88,12.382719081906071
59.49,43.32912,66.4,60.775442314575
55.6,45.806026,59.49,57.44512890813826
62.63,48.38341,55.6,55.92780902336412
53.03,49.987778,62.63,62.07982806623135
52.71,42.265526,53.03,52.329055854475165
51.09,38.35596,52.71,52.3554965831692
19.69,37.398003,51.09,48.61417185099485
14.75,18.464073,19.69,20.246187521698968
17.51,11.243265,14.75,14.3217613536255
10.88,10.426701,17.51,15.243974785311584
11.89,5.439886,10.88,9.685893290798374
6.53,5.6756644,11.89,10.647772524001946
4.65,4.9539933,6.53,4.514872060917206
3.32,1.8227551,4.65,3.576058333900713
1.32,0.0,3.32,2.3943714707450123
0.25,0.0,1.32,0.08645837889723243
1.17,0.0,0.25,-0.3182418696630046
3.6800000000000006,0.0,1.17,0.038954530433582754
7.97,0.0,3.6800000000000006,2.853925463040966
13.19,1.5293938,7.97,7.775395299965631
18.43,11.772412,13.19,13.222243442166192
24.81,20.933945,18.43,18.714565029883815
31.16,30.171276,24.81,25.404927472185705
37.63,36.615433,31.16,31.814129923322444
43.46,39.58013,37.63,38.94158711690788
49.21,44.315556,43.46,44.93634396715114
53.36,50.857,49.21,50.802448691527495
57.849999999999994,55.658432,53.36,55.26569074715602
61.46,60.48784,57.849999999999994,59.76604443375412
64.78,64.435844,61.46,63.40045164685442
67.72,69.17018,64.78,66.62042359648659
70.16,73.33818,67.72,69.35690189772085
71.95,75.044365,70.16,71.52450120146943
73.62,75.9314,71.95,73.26464139729022
75.39,77.206665,73.62,74.5836611584556
76.44,77.27079,75.39,76.07499656857576
77.1,77.286285,76.44,77.03581375628033
77.37,76.6385,77.1,77.49312686237072
76.7,76.03006,77.37,77.48799548588634
75.22,74.50228,76.7,76.5914397093893
74.52,72.634865,75.22,74.86313114179619
72.85,70.551285,74.52,73.80656672403649
70.71,68.313736,72.85,71.7468354958359
68.33,65.45013,70.71,69.38731966084838
66.18,62.49977,68.33,66.8157264016594
63.23,59.25422,66.18,64.39028511140275
59.8,55.325302,63.23,61.304666969239165
56.24000000000001,51.58186,59.8,57.83834000091572
51.54,47.550518,56.24000000000001,54.11784871697814
47.62,43.195004,51.54,49.40285764757399
43.54,38.828365,47.62,45.44049007758401
38.43,34.917988,43.54,41.34377134148134
32.69,30.597578,38.43,36.442283225865026
27.4,25.770075,32.69,30.818205746691824
21.33,19.70074,27.4,25.710813345684176
15.870000000000001,14.087876,21.33,19.810608304223862
10.47,8.766358,15.870000000000001,14.472746143691452
5.92,3.7491827,10.47,9.154102937646227
2.53,0.0,5.92,4.716437054056994
0.56,0.0,2.53,1.4221634871672069
1.23,0.0,0.56,-0.43929732775693286
3.69,0.0,1.23,-1.0405095979339112
7.859999999999999,0.0,3.69,1.737349478006861
13.02,2.5580957,7.859999999999999,6.309666681266529
18.81,11.707029,13.02,11.967272566871035
24.83,20.221155,18.81,18.296548657656373
30.670000000000005,29.203886,24.83,24.832721046851642
36.67,35.701115,30.670000000000005,31.189875544753132
42.63,40.84677,36.67,37.55295590703713
47.91,45.88359,42.63,43.80747943936329
52.77,52.5081,47.91,49.35435476348238
57.12,57.753326,52.77,54.35435342680972
61.13,62.029686,57.12,58.76900995789701
64.45,66.012955,61.13,62.84073034554521
67.42,70.2979,64.45,66.14586853620207
69.53,73.07778,67.42,69.1443133857381
71.67,75.10214,69.53,71.1597021339379
73.85,76.66056,71.67,73.12460843181184
75.44,78.840225,73.85,75.03339596728382
76.28,79.61342,75.44,76.458198309724
76.25,79.70888,76.28,77.11585794396544
76.17,78.96954,76.25,76.8542549632303
75.9,77.98266,76.17,76.44488595440424
75.21,75.99485,75.9,75.85508166451551
74.01,73.674904,75.21,74.81061578921111
73.86,71.58546,74.01,73.32238978090137
71.65,69.883804,73.86,72.80804753619786
69.77,67.12916,71.65,70.44325743005686
67.04,64.332565,69.77,68.41224681369272
64.19,60.85044,67.04,65.53437429262524
60.25999999999999,56.970764,64.19,62.43839539220323
57.23,52.652573,60.25999999999999,58.42265550588378
53.24,48.73395,57.23,55.11605238950126
47.98,44.63873,53.24,51.10951411336335
42.36,39.315823,47.98,45.89613726355088
37.7,34.464996,42.36,40.37336880394938
32.38,29.933262,37.7,35.72348403858302
26.67,24.851313,32.38,30.477744261102465
20.46,18.715086,26.67,24.92559576665829
15.16,12.8772745,20.46,18.91737375863211
9.82,7.4364142,15.16,13.696436879380538
5.31,2.2894328,9.82,8.509963657238016
2.53,0.0,5.31,4.124072589001877
0.33,0.0,2.53,1.4296812089276933
0.1,0.0,0.33,-0.6194088524718768
1.53,0.0,0.1,-2.6669745604729496
3.5399999999999996,0.0,1.53,-0.8498632699707492
5.65,0.0,3.5399999999999996,1.5915778331838635
7.749999999999999,5.0284696,5.65,4.252713504489907
8.64,9.560505,7.749999999999999,6.896530485683721
18.68,13.749633,8.64,8.425633848411689
42.89,19.297552,18.68,18.005484221677055
47.26,37.079613,42.89,40.94223269993199
38.56,49.74242,47.26,47.50444675127301
56.88000000000001,50.534077,38.56,41.34723959756436
56.62,60.417305,56.88000000000001,57.87870325214785
52.69,64.71186,56.62,58.082386224212435
44.16,60.24445,52.69,55.324064886620036
70.74,57.467045,44.16,46.92406197639476
74.17,72.243614,70.74,70.38993921076806
77.64,77.80204,74.17,74.8403923001676
55.67000000000001,83.02784,77.64,78.89291612020634
38.36,74.346016,55.67000000000001,58.89282353284046
51.39,58.94102,38.36,41.253391546056754
29.209999999999997,62.118443,51.39,50.85966939096251
36.26,44.67385,29.209999999999997,29.854916633795863
46.9,44.861843,36.26,35.35271740986267
51.39,47.212406,46.9,44.138936428657935
49.53,49.63169,51.39,49.21796747216459
70.48,47.036247,49.53,48.93173165076749
43.77,58.243046,70.48,68.80397985672134
49.25,45.580482,43.77,44.48087710410247
18.56,45.83495,49.25,48.21519384226119
33.39,27.248217,18.56,19.655794353578347
17.11,28.832945,33.39,30.99185516883232
22.74,18.448128,17.11,16.423781982439685
41.88,19.60886,22.74,20.31860766677815
18.24,31.916424,41.88,38.6287482607997
32.51,20.222612,18.24,18.329095425880148
19.28,24.528175,32.51,31.350719700144577
12.78,19.185616,19.28,18.741415476646278
9.89,12.9349375,12.78,13.089158201367216
6.1,7.742262,9.89,9.218704188293835
6.77,2.7792623,6.1,5.576997817943791
9.58,0.97069955,6.77,6.4697467418654355
5.62,2.2470336,9.58,9.1281021474657
1.66,1.0305982,5.62,5.966704698577905
0.22,0.0,1.66,2.776046291178989
0.9200000000000002,0.0,0.22,1.122677073147059
2.62,0.0,0.9200000000000002,0.21489954817333096
4.32,0.0,2.62,2.447499821236032
6.87,3.752333,4.32,4.047599631202414
7.65,8.414757,6.87,7.188612002452195
11.56,13.110388,7.65,8.633346567638135
29.33,16.822348,11.56,12.764974771713177
35.66,28.862774,29.33,29.153132780265764
27.0,39.896133,35.66,35.7479954620692
29.9,41.286953,27.0,29.300977102088737
21.87,40.220253,29.9,32.048876687463185
36.79,33.31999,21.87,24.6675417755184
32.35,38.948105,36.79,37.621977598122584
46.58,40.31308,32.35,33.94914247437657
76.08,51.102253,46.58,47.33446749882604
77.11,68.8602,76.08,75.83330233611356
79.9,76.42714,77.11,79.0039082588533
67.52,81.64368,79.9,83.35014674393499
85.57,77.464005,67.52,71.31750038705307
68.01,84.20544,85.57,87.12034168282787
82.39,72.8687,68.01,69.99388576061408
62.230000000000004,82.90346,82.39,83.02228495959278
81.06,68.32262,62.230000000000004,63.3950438871484
72.33,79.42819,81.06,80.2191762231825
82.1,77.77577,72.33,72.55479741515352
80.62,78.624306,82.1,80.6137943868173
81.03,78.8896,80.62,80.29468153880012
54.55,74.8881,81.03,78.37520476653313
57.39,59.16286,54.55,54.63382321319409
29.96,54.28482,57.39,54.476313954328695
22.58,37.066643,29.96,29.07982766921409
22.01,28.477234,22.58,20.31137577172415
19.94,21.541353,22.01,18.83260556938568
18.53,17.835964,19.94,16.003501106486816
14.08,12.944757,18.53,16.12680744927528
6.0,9.5610075,14.08,11.358341718458542
6.74,1.54742,6.0,4.796908554942161
5.36,0.0,6.74,4.669439815186578
6.47,0.0,5.36,3.2208230447340602
2.16,0.0,6.47,4.2839444922791
0.29,0.0,2.16,1.3898671779835283
0.2,0.0,0.29,-0.26819479194659146
1.4,0.0,0.2,-1.7828003519738955
2.42,0.0,1.4,-0.23254163518771886
5.27,0.0,2.42,1.0690539173687132
4.89,4.66297,5.27,4.1729720850337495
5.92,7.99885,4.89,4.4767139736400186
10.14,10.247386,5.92,6.076936045450773
20.07,12.1531925,10.14,10.378534703541241
19.34,18.512863,20.07,19.658356933509175
22.94,21.810543,19.34,20.128623903057253
22.53,26.934038,22.94,23.89252332481526
23.59,28.010979,22.53,23.897549795689894
25.96,27.565746,23.59,25.10579772783749
31.809999999999995,29.189423,25.96,27.157751775589578
20.31,34.79616,31.809999999999995,32.3214808714954
13.12,29.822998,20.31,22.713289289347934
23.64,22.898916,13.12,16.12016705472876
19.23,25.806734,23.64,24.308526767419828
25.31,25.35932,19.23,20.600217410060658
26.52,28.14896,25.31,26.13428484776373
27.8,28.925539,26.52,27.067128962230132
45.19,29.104458,27.8,28.626524015614493
37.48,37.904762,45.19,44.41963535880552
43.54,36.1946,37.48,38.324940748875804
31.3,39.036396,43.54,44.04328552107236
36.9,32.5014,31.3,32.82537859227034
40.08,33.555748,36.9,36.92606078172784
53.48,33.502693,40.08,39.845314069910216
38.19,40.091656,53.48,51.89651734854037
39.47,35.801167,38.19,38.996270914745196
39.25,36.174553,39.47,39.47475699292682
34.92,33.492252,39.25,39.12712954823735
28.88,30.309944,34.92,35.058065187115474
46.67,25.670717,28.88,29.36913804433727
35.96,33.249203,46.67,43.870281281069126
38.05,28.563139,35.96,35.67493643335805
34.4,32.345047,38.05,37.80144768924252
27.789999999999996,28.4069,34.4,34.58914256567614
22.47,22.766016,27.789999999999996,28.229000834482303
16.0,17.61114,22.47,22.931611634232105
9.99,12.442666,16.0,15.444222210189913
3.5299999999999994,6.021641,9.99,9.969745820390624
1.69,0.0,3.5299999999999994,3.290504477766458
0.19,0.0,1.69,1.016146456128434
0.54,0.0,0.19,-0.6005076963340378
1.49,0.0,0.54,-0.7917253130329365
2.87,0.0,1.49,0.18653680146974297
4.16,0.0,2.87,2.0942242927855266
6.14,2.106848,4.16,3.8083677392421253
8.6,7.1796737,6.14,5.9746121319274295
10.89,9.773158,8.6,8.749368972287341
15.549999999999999,11.37152,10.89,11.351437336657431
22.96,14.034486,15.549999999999999,16.071574965470024
26.29,22.683985,22.96,23.133613510908557
34.86,27.807205,26.29,27.071533712049703
34.01,35.2453,34.86,35.558134557830925
28.82,37.289112,34.01,35.36977733349515
27.45,36.104095,28.82,30.889294468901806
29.419999999999998,33.187637,27.45,29.463605167623864
35.91,32.924118,29.419999999999998,30.755828993859655
41.42,35.83887,35.91,36.46509731866021
44.29,41.646194,41.42,41.79916506879697
51.18,49.98518,44.29,45.845874378231116
64.22,49.659397,51.18,52.36394416051267
76.41,56.757656,64.22,64.77236136119974
78.76,66.16842,76.41,76.86959431002664
78.84,72.6287,78.76,80.62057730716037
64.96,73.82169,78.84,80.84359128221661
66.47,66.48152,64.96,67.59383192319888
75.34,64.384285,66.47,67.51795128174585
73.79,67.940094,75.34,75.2765314131416
41.93,69.12377,73.79,73.56113580281654
42.87,51.482693,41.93,43.28429318100662
71.63,46.010445,42.87,42.36296405774756
59.660000000000004,58.527954,71.63,67.78693981012505
31.22,54.0115,59.660000000000004,57.96633554632233
46.49,37.471584,31.22,32.445813758446185
13.21,40.253593,46.49,43.79214879882064
17.8,19.506824,13.21,13.446609829407507
9.51,14.62278,17.8,15.957783730413865
10.75,6.8540053,9.51,7.193994006890714
10.3,4.3726354,10.75,7.755972987404075
5.17,2.1418548,10.3,7.90557071550638
2.8,0.0,5.17,2.8686635014948014
1.18,0.0,2.8,2.203395223771331
0.33,0.0,1.18,0.2844353498088739
0.82,0.0,0.33,-1.1057656376202234
2.3,0.0,0.82,-2.4179730463548323
3.11,0.0,2.3,-0.0993776789939485
3.35,0.0,3.11,1.0047581055671069
7.680000000000001,0.0,3.35,2.5830384319191926
4.6,4.999029,7.680000000000001,6.701789055486448
6.08,5.794151,4.6,4.809681648579715
10.25,5.926208,6.08,6.420971793549994
8.96,7.289301,10.25,10.351038544872953
14.380000000000003,9.748234,8.96,9.911731948234596
14.210000000000003,14.23728,14.380000000000003,14.871764596125942
21.62,15.37102,14.210000000000003,15.14055042158204
16.36,19.432487,21.62,22.288923849419344
28.230000000000004,20.698997,16.36,18.32132487455199
24.07,28.107258,28.230000000000004,28.583446027883387
25.54,27.783743,24.07,25.46313812562273
19.15,29.266462,25.54,26.811785440987975
15.94,25.744452,19.15,21.23854666950597
17.17,21.620504,15.94,17.90572478077422
15.98,19.980267,17.17,18.643722351180184
14.669999999999998,18.183064,15.98,17.101131121978227
15.350000000000001,17.538029,14.669999999999998,16.174528884877333
12.74,17.818804,15.350000000000001,16.550679405645738
8.26,16.042078,12.74,14.348135630050649
14.46,12.546297,8.26,10.249778811990701
14.789999999999997,14.440448,14.46,15.22521770524842
16.69,15.022617,14.789999999999997,15.380508690898774
12.3,15.8046665,16.69,17.32227769204547
12.18,12.827489,12.3,13.67218288006676
8.8,11.032428,12.18,13.526070439171397
9.77,8.326268,8.8,10.501014388662904
9.26,7.976129,9.77,10.779116756015414
5.54,7.129152,9.26,10.261363091023437
5.03,4.7158017,5.54,6.916754107038498
3.5299999999999994,3.5032504,5.03,6.314294048415551
2.61,2.0774984,3.5299999999999994,4.827755772501488
1.97,0.8335357,2.61,4.059635850456629
1.7499999999999998,0.0,1.97,3.167080946922444
1.37,0.0,1.7499999999999998,2.8737551625175657
1.08,0.0,1.37,2.434660546789283
0.19,0.0,1.08,2.1800802499481233
0.47,0.0,0.19,1.3283281764495387
3.11,0.0,0.47,1.7972071817885242
5.29,0.0,3.11,4.304421680547776
9.31,1.6270219,5.29,6.600799767266519
14.47,7.8983617,9.31,10.670225444115244
16.21,16.53283,14.47,15.89712543667908
26.32,21.392212,16.21,18.116011649777267
24.71,28.359932,26.32,27.43848401387667
27.1,27.47696,24.71,26.637785719823082
33.13,30.727364,27.1,29.243622812178682
24.43,34.029457,33.13,34.5325712551015
29.98,30.649069,24.43,26.9603923082154
49.77,32.48411,29.98,31.935812592499687
55.39,44.07853,49.77,49.10102466145711
58.77000000000001,53.56118,55.39,55.779244110533945
49.72,58.954945,58.77000000000001,60.215374844523986
56.44,56.40568,49.72,52.4006681574492
34.22,57.512947,56.44,57.93574279951751
33.48,43.760113,34.22,37.141425569565214
52.9,39.43081,33.48,34.65519538978732
58.63,45.4343,52.9,51.21947939218615
63.209999999999994,54.013573,58.63,57.3906443111259
61.16,58.60149,63.209999999999994,63.09498852133493
58.59,58.606197,61.16,61.59294212830099
54.04,55.649532,58.59,59.56723339126001
61.81,52.672157,54.04,54.519503146873966
62.75,52.409702,61.81,60.29810801248837
64.33,52.9021,62.75,61.02751604629055
55.589999999999996,54.01619,64.33,62.645869311718506
48.97,44.587658,55.589999999999996,54.29315901613172
45.05,41.954018,48.97,48.54755418215189
42.76,37.431286,45.05,44.35426511114053
44.51,37.65532,42.76,40.71777504564241
37.17,35.334885,44.51,41.708708251269755
31.08,29.702158,37.17,35.164486223645305
26.42,24.079754,31.08,29.61422527553552
22.03,18.54449,26.42,25.025252879931877
16.68,12.889951,22.03,20.735333992509275
11.34,8.331318,16.68,15.421523157481033
6.62,3.7225525,11.34,10.088117106822166
3.34,0.0,6.62,5.424065417022175
1.31,0.0,3.34,2.3336919805737013
0.61,0.0,1.31,0.22392249896772298
2.12,0.0,0.61,-1.6823688295462431
4.49,0.0,2.12,0.12377327238322265
7.22,0.0,4.49,2.7723226750389838
12.13,3.9952648,7.22,6.116407745539652
19.29,10.774817,12.13,11.364773095480487
23.95,20.79252,19.29,18.56601235980522
26.08,27.496302,23.95,23.794413774368707
30.95,30.746843,26.08,26.762170736134603
38.64,32.83768,30.95,31.72664134303802
43.95,40.929615,38.64,39.46339462092073
48.22,47.202553,43.95,45.08786795289876
53.42,52.450855,48.22,49.631297053042594
57.23,57.37213,53.42,54.84277498992124
60.85,62.43073,57.23,58.78756502194632
63.330000000000005,65.71998,60.85,62.52413056312388
65.08,68.36083,63.330000000000005,64.9751319599326
67.17,69.988335,65.08,66.56361810345017
68.63,71.765854,67.17,68.36304450609585
70.39,72.382904,68.63,69.53155215788335
70.18,72.97641,70.39,71.14377928319948
55.849999999999994,72.390724,70.18,70.71478756936405
36.62,65.97046,55.849999999999994,57.10122651708529
61.82000000000001,45.265057,36.62,38.16767711497492
70.74,58.45351,61.82000000000001,59.461984329879016
57.0,62.72852,70.74,67.7688291085028
58.47999999999999,59.638523,57.0,56.46803852402479
24.91,57.308758,58.47999999999999,57.51024920152515
24.07,32.3716,24.91,26.24211197563527
36.25,25.194944,24.07,23.861635179564452
48.02,28.60059,36.25,32.24136267349677
48.62,36.345634,48.02,42.87375276947784
27.25,38.30336,48.62,45.54262494954942
45.66,26.492931,27.25,27.01597916917618
38.75,31.107536,45.66,43.45108102887623
34.41,27.704733,38.75,37.57230142702444
8.09,26.959839,34.41,33.06785867158335
7.18,9.867045,8.09,8.653591858440615
3.3,2.9688864,7.18,6.407754360445816
1.62,0.0,3.3,2.3819547324230452
1.51,0.0,1.62,0.7553337477565197
1.12,0.0,1.51,0.871701394314346
0.3,0.0,1.12,0.32008311869264516
0.44,0.0,0.3,0.10503243994072597
1.07,0.0,0.44,-1.6896706151188114
1.61,0.0,1.07,-0.23782968028831153
2.5,0.0,1.61,0.21738144083382147
8.97,0.0,2.5,1.40410529980202
5.88,5.3818097,8.97,7.594151917909564
6.28,5.2229323,5.88,6.320303609467673
5.85,5.523272,6.28,7.065576882283528
15.1,4.2823877,5.85,7.004635822270823
13.69,11.87163,15.1,15.021829886993276
10.7,14.920318,13.69,14.434221503497449
20.84,14.550615,10.7,12.239589984691325
28.3,19.03326,20.84,21.38920057192391
26.72,26.899458,28.3,28.344815536808603
40.39,30.210615,26.72,27.887485629767472
18.23,37.566475,40.39,40.67330030048925
42.77,28.985125,18.23,21.365042780783085
25.58,39.93492,42.77,42.50323812285052
16.54,34.35999,25.58,27.524386856967283
18.32,26.830496,16.54,19.377414722924737
19.69,24.325089,18.32,19.911376799354386
21.92,24.10537,19.69,19.76752641341217
20.05,24.119757,21.92,22.539447053146137
24.39,23.364414,20.05,20.59370997635835
32.44,25.827715,24.39,24.45863590143007
42.58,30.73212,32.44,31.666251997401982
38.55,36.408302,42.58,41.27746732996836
22.72,36.935024,38.55,38.07632702643372
16.72,26.98777,22.72,24.881625053098944
11.48,19.839973,16.72,18.33920815407827
14.76,13.369577,11.48,12.517247428843598
16.66,12.359785,14.76,14.611683904141591
9.16,13.695956,16.66,15.666441201138502
8.91,9.879941,9.16,9.555587447614704
7.39,8.62783,8.91,9.336322493485072
6.27,6.666829,7.39,7.755446724842949
6.17,5.037495,6.27,6.603223286328781
3.4600000000000004,3.8222835,6.17,6.222355254697746
3.83,2.2057807,3.4600000000000004,3.439889352252454
1.83,1.4392033,3.83,3.958165908461165
1.21,0.0,1.83,2.307661508572724
0.66,0.0,1.21,1.9347861768332006
0.18,0.0,0.66,1.359923211139865
0.55,0.0,0.18,0.09013168753014604
0.95,0.0,0.55,0.6284680873422984
1.78,0.0,0.95,1.3520377601977727
2.63,1.3964024,1.78,2.3817656396497755
2.82,2.785545,2.63,3.4682733202562592
7.23,2.461519,2.82,3.9896477047587786
5.64,3.799834,7.23,8.17548880275428
5.14,5.1930647,5.64,7.356134591987508
8.79,5.6951985,5.14,7.243469958732378
10.74,7.762232,8.79,10.401028467374745
11.94,9.432788,10.74,12.465562485127936
23.93,13.503287,11.94,13.81734442861718
18.25,22.230963,23.93,24.308026808830093
14.31,22.508175,18.25,20.347439546133337
21.45,20.357384,14.31,17.20532045646094
20.24,24.418362,21.45,22.79896148663944
18.41,24.46774,20.24,21.848722475769254
42.55,23.299383,18.41,20.601015230408464
36.26,36.36174,42.55,41.75561732506118
28.71,40.03492,36.26,37.45791072967025
30.590000000000003,37.233543,28.71,31.34715925011548
27.910000000000004,35.65783,30.590000000000003,32.0526250540049
25.77,32.69911,27.910000000000004,29.25567998351493
29.41,29.900326,25.77,27.140171529489486
25.9,31.357845,29.41,29.248337191617146
33.24,28.886847,25.9,26.429402677352268
35.46,31.625105,33.24,33.06780991580414
32.87,33.468243,35.46,34.978493965086685
30.2,32.547005,32.87,33.128930310609306
19.76,29.954922,30.2,30.873444586556296
25.44,22.712622,19.76,20.539560971380453
15.679999999999998,21.548866,25.44,24.982592954133143
14.289999999999997,14.777983,15.679999999999998,16.07181796216645
10.07,12.197696,14.289999999999997,14.269676690877795
9.33,8.555294,10.07,10.152717162156307
4.42,5.786356,9.33,9.141700442032153
5.29,1.7567786,4.42,4.9080807509306545
3.44,1.258005,5.29,5.100860981130877
0.59,0.0,3.44,3.313161458579504
0.4600000000000001,0.0,0.59,0.7789474159325931
1.34,0.0,0.4600000000000001,0.771220479690119
2.29,0.0,1.34,1.7050755401804856
10.59,0.0,2.29,3.3995735294069322
16.87,6.3018217,10.59,11.03041244221688
23.15,16.354874,16.87,17.690483996363522
29.239999999999995,24.216883,23.15,24.5537309872383
34.65,30.100847,29.239999999999995,31.071887736375015
40.36,34.219604,34.65,36.73276038282175
44.96,40.22778,40.36,42.70903015591902
49.62,45.06016,44.96,47.22692204077049
54.97,48.36662,49.62,51.9498040560292
59.11,53.09299,54.97,57.348099524960396
63.53,59.14116,59.11,61.45202076097511
69.23,64.162895,63.53,65.77486993664802
68.32,69.479706,69.23,70.95360567005764
70.43,70.7005,68.32,70.62631565590975
71.98,73.25745,70.43,72.37542592251252
72.69,74.00922,71.98,73.43137733394286
79.49,74.07421,72.69,73.81090700883905
77.61,76.83845,79.49,79.6805491138287
68.6,76.51848,77.61,77.81407567703111
72.49,69.765945,68.6,69.48274332084159
72.11,69.08083,72.49,72.11593344653824
67.66,67.02275,72.11,70.93194557291523
63.65,64.06886,67.66,66.46066894438829
67.4,60.212727,63.65,61.35147686279251
63.099999999999994,59.06315,67.4,64.77030719727657
61.34000000000001,54.84114,63.099999999999994,60.928590647259924
59.03000000000001,51.84864,61.34000000000001,58.983658100128956
55.95,48.04086,59.03000000000001,56.53819811064164
52.63,44.689842,55.95,53.46703211649082
48.48,40.66418,52.63,50.13939458789682
43.27,35.94329,48.48,46.041519441371484
38.58,30.999737,43.27,41.28142858296291
32.51,27.002317,38.58,36.598148652589074
26.79,22.225681,32.51,30.798418317016715
20.48,15.718132,26.79,25.342708901270356
14.04,9.993087,20.48,19.249798022573735
5.82,4.842655,14.04,12.930719428314129
3.2,0.0,5.82,5.110191381737392
1.17,0.0,3.2,2.200477349710132
0.05,0.0,1.17,0.0762438581063754
2.93,0.0,0.05,-2.7510512984162263
7.249999999999999,0.0,2.93,0.3271287218390976
4.36,0.0,7.249999999999999,4.9393651710230255
5.13,3.038311,4.36,3.282472498612038
7.23,5.822794,5.13,4.60673581081465
10.12,9.476504,7.23,6.965261275526126
11.03,11.773159,10.12,10.064326954733339
12.42,12.241737,11.03,11.503950057190766
16.33,13.605602,12.42,13.199217331104318
18.39,18.495539,16.33,17.280281160951642
21.19,21.721685,18.39,19.714810347244466
35.02,24.45044,21.19,22.982201330395988
46.87,34.49524,35.02,35.49604677088176
48.31,48.50546,46.87,47.07326483083164
68.29,56.005665,48.31,49.659767117361184
75.08,63.6531,68.29,69.70837596780457
74.28,71.17545,75.08,77.12719252513834
84.98,76.95205,74.28,77.46356426749152
79.29,81.55934,84.98,86.84337666178267
80.73,81.1931,79.29,81.69594086388881
54.99,82.53178,80.73,82.76763105900156
46.17,69.00618,54.99,58.11278682211045
58.16,60.38852,46.17,47.76308989372332
76.55,62.82999,58.16,56.5736985755276
75.24,72.59302,76.55,72.89519903974423
36.78,72.01694,75.24,73.04113326451365
27.570000000000004,47.154068,36.78,38.78258522985885
22.32,33.105507,27.570000000000004,28.32390802007961
23.13,24.757198,22.32,21.234974638068017
14.57,20.915148,23.13,20.41955646647158
16.72,12.489311,14.57,12.331187550948657
28.82,10.547287,16.72,13.79689711060424
14.329999999999998,14.180996,28.82,25.32406784603353
7.680000000000001,7.596099,14.329999999999998,13.706586819010672
11.98,0.48150024,7.680000000000001,7.941527849712075
8.31,1.8392743,11.98,10.535271883834334
3.35,0.0,8.31,6.785187964482519
2.31,0.0,3.35,2.400552026304719
0.48000000000000004,0.0,2.31,1.6911760071333557
0.09,0.0,0.48000000000000004,0.439798128263503
2.26,0.0,0.09,-0.3194362160119486
4.45,0.0,2.26,1.8085124206262617
7.839999999999999,0.0,4.45,4.587710012621062
18.22,8.657943,7.839999999999999,8.434526821567266
23.84,19.245022,18.22,18.278719731116972
31.759999999999998,29.465036,23.84,24.758110045328067
39.32,38.289196,31.759999999999998,33.06107618437437
45.16,44.511116,39.32,40.878923639691074
45.84,49.304314,45.16,47.38302760913142
50.09,52.67317,45.84,49.16720627674279
54.44,57.401478,50.09,52.95315191075499
58.63,61.021736,54.44,57.04361158888592
62.02000000000001,64.91739,58.63,61.061403345898434
64.84,69.791794,62.02000000000001,64.3364921919114
67.46,73.33338,64.84,66.91752705000668
69.89,74.84041,67.46,69.43725968232991
71.58,75.33414,69.89,71.61861924698107
73.32,76.41424,71.58,72.83019025473028
74.45,76.88308,73.32,74.17230891597993
74.97,76.43047,74.45,74.9065335990732
74.76,75.509766,74.97,75.11076448259692
74.65,74.34367,74.76,74.5472603251465
74.29,73.238235,74.65,74.01962599795102
73.82,71.65041,74.29,73.150098293781
72.72,69.78486,73.82,72.24360745422855
71.4,67.55366,72.72,70.74751263780352
69.02,65.116974,71.4,69.17961071555676
66.44,61.875347,69.02,66.63728904078096
63.45000000000001,58.263607,66.44,63.882100274582456
60.230000000000004,54.22437,63.45000000000001,60.79745504447132
57.849999999999994,50.400475,60.230000000000004,57.477252621933765
36.8,46.971355,57.849999999999994,54.98002210015015
28.020000000000003,34.340958,36.8,35.01844007557325
23.52,22.46027,28.020000000000003,26.74746405271477
17.57,17.14786,23.52,21.10529321440025
14.53,11.40933,17.57,15.039946666427035
13.39,6.778681,14.53,12.055391782188833
9.26,4.0701637,13.39,10.820470176735748
5.26,0.09212953,9.26,7.631198481822075
2.39,0.0,5.26,4.153552081538733
0.81,0.0,2.39,1.5316124553555528
0.55,0.0,0.81,0.12928021343517032
1.62,0.0,0.55,-2.3948966885087
3.33,0.0,1.62,-1.0636651676674305
5.13,0.0,3.33,1.428068113374968
6.03,2.657108,5.13,3.8108176885510843
7.97,6.211617,6.03,5.318733569737817
8.89,8.057371,7.97,7.707870895081891
17.23,8.651355,8.89,9.185742069234147
20.83,15.343975,17.23,16.882866083628585
23.82,20.992266,20.83,20.976055640178327
40.66,25.643517,23.82,24.612811040451685
52.13,36.717384,40.66,40.42096843407088
39.53,48.789703,52.13,51.94462047854698
36.67,49.007015,39.53,42.048196788921395
46.98,46.23452,36.67,39.280542158660744
31.33,49.566345,46.98,47.65646340410714
30.440000000000005,43.97025,31.33,33.430444648191546
36.79,41.015976,30.440000000000005,31.913875332390102
30.92,43.387913,36.79,36.562982085517575
24.1,39.718735,30.92,31.71036661030579
21.75,35.040615,24.1,25.574659590144456
25.07,30.479223,21.75,22.69598311551968
32.67,29.105913,25.07,25.298659145814494
27.44,32.533207,32.67,31.518543646913454
21.67,29.963688,27.44,27.01069621134277
35.42,24.019308,21.67,22.51738827965825
42.61,28.734375,35.42,34.5275494109701
27.97,33.248024,42.61,41.38630095350385
21.8,27.350622,27.97,28.93113155996197
17.92,21.881323,21.8,22.892289988189134
14.6,17.465788,17.92,18.33179304344208
8.84,12.997565,14.6,14.864907104031374
7.27,6.554251,8.84,9.348583855124424
5.7,3.946795,7.27,7.398396764917643
3.7099999999999995,2.0611851,5.7,5.993262227605426
2.15,0.0,3.7099999999999995,4.1505813467643184
1.41,0.0,2.15,2.961030679022087
0.81,0.0,1.41,2.2765919510925348
0.51,0.0,0.81,1.4221232827225672
0.030000000000000002,0.0,0.51,1.0324128623379076
0.41,0.0,0.030000000000000002,0.8103777573303005
2.2,0.0,0.41,0.9891597360043062
11.48,0.0,2.2,2.930482037334283
10.67,5.3182883,11.48,11.392825614174917
9.29,13.218437,10.67,11.815828007212941
11.64,15.665968,9.29,11.193945349529173
8.95,16.244686,11.64,13.505413426054746
7.64,13.418386,8.95,11.400322362728819
19.8,12.238789,7.64,10.368231547165745
25.26,19.875753,19.8,20.673802533943032
27.0,25.931719,25.26,26.40890171606788
30.659999999999997,29.655552,27.0,29.079025834466684
29.360000000000003,35.108192,30.659999999999997,32.77164319954905
28.360000000000003,35.58191,29.360000000000003,31.797568493544283
30.95,33.14132,28.360000000000003,31.690656578816032
78.77,34.73877,30.95,33.22168216755943
70.47,61.664444,78.77,76.34875628634515
71.75,67.10727,70.47,71.97633196885566
75.94,72.24942,71.75,74.55838123271333
74.58,73.5509,75.94,77.93147384171174
72.4,72.37119,74.58,76.50769505611648
71.57,70.670616,72.4,74.11023081605116
70.55,70.61363,71.57,71.56656840369679
72.8,69.12973,70.55,70.45642801369546
57.510000000000005,69.83215,72.8,72.06298306864674
70.87,63.85125,57.510000000000005,57.95202083592664
28.72,65.10215,70.87,69.23444090289408
24.54,41.461002,28.72,31.415990484199305
31.88,32.883553,24.54,24.244789660056647
62.73,31.182352,31.88,29.24024059355481
51.48,47.023174,62.73,56.56517560082081
45.09,43.066463,51.48,49.12024312598892
41.91,40.271202,45.09,43.83932751851727
26.07,33.86708,41.91,41.45780481124611
28.61,21.205267,26.07,26.432539413023655
15.93,19.509354,28.61,27.225738432889777
6.64,8.800068,15.93,14.298752162216644
6.01,0.051024303,6.64,5.883422038052412
2.56,0.0,6.01,4.0824740273862945
0.9799999999999999,0.0,2.56,1.4116423465303924
0.9799999999999999,0.0,0.9799999999999999,0.6483531822113042
3.44,0.0,0.9799999999999999,-0.8396679232270982
6.36,0.0,3.44,1.291965686349536
13.24,3.3194942,6.36,4.9883529760587235
19.85,11.112618,13.24,12.06715704287328
25.39,21.363619,19.85,19.193090673523468
30.48,29.110962,25.39,25.67693697843312
36.42,35.266136,30.48,31.132618070327773
41.26,39.859657,36.42,37.497206713013156
45.92,46.603397,41.26,42.63534590057728
49.85,51.2666,45.92,47.52525257844074
53.54,56.268894,49.85,51.270789382954334
57.04,59.736107,53.54,54.930973021793164
59.99999999999999,63.601997,57.04,58.4662593545706
62.21,65.67287,59.99999999999999,61.55912804700314
64.38,67.8823,62.21,63.62748388440725
66.53,69.65929,64.38,65.51353407092365
67.8,71.70516,66.53,67.32166590166845
68.86,72.18765,67.8,68.3654099071778
69.21,72.36193,68.86,69.18943093545425
69.36,72.149895,69.21,69.28391815154482
69.76,71.76726,69.36,69.08334390181008
70.85,70.317924,69.76,69.2334161701489
70.52,69.51557,70.85,69.94130744440878
69.19,68.55607,70.52,69.3482706971987
67.22,66.681076,69.19,67.83622987258104
65.25,64.24696,67.22,65.69819918362853
62.650000000000006,61.507496,65.25,63.516044332812925
59.93000000000001,58.323154,62.650000000000006,60.74366869757294
57.26,54.572372,59.93000000000001,57.85167719221427
53.04,51.13152,57.26,55.07757119487864
48.94,46.841625,53.04,50.91035678360032
44.7,42.477573,48.94,46.90862075955475
39.75,37.55981,44.7,42.74996447988036
34.76,33.39155,39.75,37.96023949645162
29.490000000000002,28.922684,34.76,33.1506040435021
23.64,23.966654,29.490000000000002,28.074446295503343
17.89,17.403973,23.64,22.4879459708794
8.67,11.807414,17.89,16.929285288508286
4.16,5.0887,8.67,8.191269804317045
2.24,0.0,4.16,3.5423337055144826
0.57,0.0,2.24,1.3312897282007552
0.08,0.0,0.57,-0.3404210344657804
1.48,0.0,0.08,-2.206708844145806
3.61,0.0,1.48,-0.396457509127327
6.08,0.0,3.61,2.3573629800363416
13.3,6.1758914,6.08,5.430961368525462
23.66,14.037741,13.3,12.78578941346513
29.469999999999995,25.356186,23.66,23.2425321446906
35.32,34.048008,29.469999999999995,29.90499653112489
41.4,40.3945,35.32,36.44775249646972
46.7,45.795788,41.4,42.89123840973727
51.34,52.159412,46.7,48.63660120614252
55.15,57.11446,51.34,53.49662388325374
58.73,61.351234,55.15,57.126451340694736
61.779999999999994,65.025826,58.73,60.64046259679892
64.84,69.15068,61.779999999999994,63.58332178124921
67.31,71.84818,64.84,66.47847649890215
69.66,74.148224,67.31,68.7344574111958
71.56,75.772736,69.66,70.7826584457849
72.64,77.554924,71.56,72.3058788015149
73.35,77.62241,72.64,73.13633207295305
73.47,77.05998,73.35,73.56371395950538
73.64,76.10926,73.47,73.35904985918549
72.99,75.39694,73.64,73.20607897792095
73.16,73.73764,72.99,72.23011001189039
72.03,72.483864,73.16,72.03483638845033
69.85,70.7336,72.03,70.66026223883925
68.76,68.535484,69.85,68.31118400822176
67.27,65.82219,68.76,66.9152679419979
64.36,63.396202,67.27,65.10541000062918
61.82000000000001,59.9583,64.36,62.12044229811725
58.21,56.04427,61.82000000000001,59.4646145784433
54.15,51.949707,58.21,55.877101975329836
49.83,47.638935,54.15,51.84521713278081
45.25,43.160435,49.83,47.596179577708696
40.67,37.70581,45.25,43.175103412408944
35.0,33.45736,40.67,38.755519322909905
29.84,28.776772,35.0,33.340313369337494
23.94,23.765713,29.84,28.399083492244063
17.39,17.186377,23.94,22.73960208068396
7.91,11.208327,17.39,16.407268735167033
4.16,4.243197,7.91,7.404228393644122
2.34,0.0,4.16,3.425815086787204
0.63,0.0,2.34,1.3330944259002286
1.44,0.0,0.63,-0.2823992175065351
3.62,0.0,1.44,-1.0788479418857808
6.16,0.0,3.62,1.527101424267068
12.21,1.5426961,6.16,4.7307024694839335
20.59,9.415216,12.21,11.187206894770213
26.53,19.51404,20.59,19.71509547202266
31.51,27.493912,26.53,26.35180423931788
37.39,33.32521,31.51,32.02336168726366
42.57,38.196346,37.39,38.18395830491239
47.0,44.10247,42.57,43.70133228168871
51.38,48.815834,47.0,48.33967441549562
55.35,52.894283,51.38,52.756399685977755
58.980000000000004,56.820408,55.35,56.76256465253943
61.86000000000001,61.75777,58.980000000000004,60.30328591536763
64.35,64.937294,61.86000000000001,63.12030001730616
66.43,67.25416,64.35,65.49482534250214
67.95,68.9708,66.43,67.3804233892825
69.3,70.74976,67.95,68.59247814841952
70.38,71.11822,69.3,69.71573612380503
71.05,71.00945,70.38,70.59308142483872
71.32,70.62293,71.05,70.96185894094529
71.39,70.01575,71.32,70.91542156385222
70.74,68.46449,71.39,70.6993631646045
74.37,66.50036,70.74,69.73550203347173
62.16,67.5085,74.37,72.56063194152635
66.42,58.779926,62.16,61.211451084862674
52.55,60.13838,66.42,64.61819169956568
51.46,49.353065,52.55,51.41844203120731
36.53,45.001884,51.46,49.76442849495973
52.93,34.014816,36.53,35.319730416965164
34.36,39.947845,52.93,49.068436359259046
42.24,30.35057,34.36,32.9173397310617
30.61,30.910822,42.24,39.75219300989197
32.6,22.466026,30.61,29.45611760973694
25.2,22.017864,32.6,30.7224504632343
27.14,15.924191,25.2,24.528081586850234
19.8,16.020815,27.14,25.273368849206094
14.77,9.126602,19.8,19.339416443520058
7.839999999999999,4.710721,14.77,14.14457732483124
4.54,0.0,7.839999999999999,8.02204567960337
2.2,0.0,4.54,4.309129741146407
0.47,0.0,2.2,2.267853126495803
1.21,0.0,0.47,0.009356262585153985
3.34,0.0,1.21,-0.13561056466080107
5.75,0.0,3.34,2.108734236133832
10.92,0.0,5.75,5.317747265020575
19.57,8.341885,10.92,10.687445789725396
25.4,19.49488,19.57,19.486560422191335
30.570000000000004,28.182873,25.4,25.84364223074698
36.59,34.404556,30.570000000000004,31.616921748617447
42.15,38.830772,36.59,37.942431481559986
47.01,45.165718,42.15,43.710211184113255
51.53,49.862743,47.01,48.720310459150575
54.99,54.402027,51.53,53.09120362964053
58.7,57.199997,54.99,56.66235928925369
61.82000000000001,61.800426,58.7,60.178592160292474
64.48,64.23623,61.82000000000001,63.223890421433794
66.61,66.86888,64.48,65.72610647047568
68.74,68.506,66.61,67.58124083697517
69.93,70.68463,68.74,69.30543200622375
70.75,70.763504,69.93,70.41063020175436
71.2,70.867516,70.75,70.97047826216398
71.46,70.02807,71.2,71.114602049968
71.27,69.51186,71.46,71.07655917308288
70.96,68.16773,71.27,70.59288487959849
70.12,66.82813,70.96,69.99751392713672
67.87,65.25279,70.12,68.88099221964474
66.0,62.70636,67.87,66.48974077270334
64.46,59.742435,66.0,64.40549583749706
62.48,57.329884,64.46,62.53286556173523
58.78999999999999,54.01159,62.48,60.35287938268011
54.28,50.09863,58.78999999999999,56.660987529958334
50.2,45.231453,54.28,52.241886515398896
46.12,40.700745,50.2,48.09852671346412
41.48,36.41775,46.12,43.994760375785994
36.23,31.280752,41.48,39.47690572730447
30.780000000000005,26.52394,36.23,34.431248873899406
25.4,21.597525,30.780000000000005,29.19914943396015
19.85,16.50283,25.4,24.005422815103504
13.87,10.385664,19.85,18.61037753495619
6.56,5.040212,13.87,12.836128785900305
3.8900000000000006,0.0,6.56,5.8134012254890255
1.9,0.0,3.8900000000000006,2.89768167078851
0.35,0.0,1.9,0.8615760339095385
1.1,0.0,0.35,-0.5482435573746729
2.99,0.0,1.1,-0.9052793997060253
5.27,0.0,2.99,1.4074659359186004
9.58,0.0,5.27,4.289543837175449
20.35,6.4178243,9.58,8.93071252794209
27.14,18.231552,20.35,19.54964659223684
31.88,28.374605,27.14,27.107438806339914
37.7,35.3298,31.88,32.711923621098585
42.95,40.021297,37.7,38.77328704185436
47.42,45.47299,42.95,44.27269911241931
51.56,49.590942,47.42,49.01714983304252
55.39,53.78835,51.56,53.061978888923264
58.99000000000001,57.599453,55.39,56.8827473161978
62.14999999999999,62.488445,58.99000000000001,60.32241617831916
64.88,65.44786,62.14999999999999,63.358908277684385
67.38,67.830986,64.88,65.97691970388944
69.29,69.744514,67.38,68.3502648823438
70.59,71.73937,69.29,69.94385562757468
71.53,72.376366,70.59,71.09048899124083
71.87,72.15329,71.53,71.72293696715602
72.08,71.28379,71.87,71.87824694881589
71.79,70.483765,72.08,71.77351517982241
71.35,68.979546,71.79,71.15335050873978
70.75,67.59591,71.35,70.41351235064128
69.18,66.06556,70.75,69.50893970272836
67.63,64.032135,69.18,67.72095292056517
65.42,61.371815,67.63,65.93805824461191
62.78,58.53826,65.42,63.54676377108557
60.03,55.179935,62.78,60.731814659186306
56.82,51.060776,60.03,57.83263942158745
52.62,47.28841,56.82,54.57255278718023
48.66,42.98183,52.62,50.45454232309869
44.32,38.873547,48.66,46.55412674523823
39.34,33.94576,44.32,42.314410468190786
34.33,29.317822,39.34,37.5497539468515
28.92,24.740484,34.33,32.75926817823646
23.2,19.681187,28.92,27.55973957169788
15.740000000000002,13.580576,23.2,22.095164499550627
6.01,7.5574303,15.740000000000002,14.953358882994399
3.44,0.622766,6.01,5.696820718043954
1.68,0.0,3.44,2.6927322259043245
0.35,0.0,1.68,0.6758012638717092
0.9700000000000001,0.0,0.35,-0.5835872028671264
2.69,0.0,0.9700000000000001,-1.2824199119235882
5.47,0.0,2.69,0.9613816824744099
9.72,0.0,5.47,4.35283543795992
22.56,7.329935,9.72,9.05231923178946
29.570000000000004,20.005316,22.56,21.55998948176947
34.98,30.632982,29.570000000000004,29.2909352254426
40.34,38.466427,34.98,35.62709097373852
45.66,43.268482,40.34,41.41270524711068
49.88,48.617622,45.66,46.982546216535766
53.72,52.76726,49.88,51.46990848293241
57.38,56.827404,53.72,55.21290277583131
60.66,60.53667,57.38,58.78602910446571
63.72,64.74465,60.66,62.07712176215266
66.06,68.19379,63.72,64.98841903928573
68.07,70.43711,66.06,67.24921176672167
69.73,72.133896,68.07,69.11259426554543
71.0,73.998,69.73,70.33086736231809
72.01,73.9948,71.0,71.35055631975592
72.4,73.81837,72.01,72.20272879012045
72.55,72.96989,72.4,72.31898090501724
72.71,72.22957,72.55,72.22264102132388
72.14,71.000626,72.71,72.03477436969474
71.22,69.67248,72.14,71.23478983435909
69.87,67.928734,71.22,70.12182147684439
67.97,65.66146,69.87,68.45589638322672
65.99,62.883904,67.97,66.31276191228079
63.290000000000006,59.948193,65.99,64.09468746676258
60.33,56.55152,63.290000000000006,61.1698842020265
57.059999999999995,52.225903,60.33,58.11710128862538
53.23,48.232475,57.059999999999995,54.81170559522944
49.28,44.214603,53.23,51.004892829507526
44.9,40.09279,49.28,47.11521279675908
40.14,35.107525,44.9,42.87429904466437
35.13,30.596115,40.14,38.29930398802263
29.570000000000004,26.149326,35.13,33.52249856508067
23.75,21.351225,29.570000000000004,28.219780321699385
15.350000000000001,15.264848,23.75,22.635961867277686
6.09,8.742732,15.350000000000001,14.637886444774516
3.52,1.7573588,6.09,5.715042718726658
1.62,0.0,3.52,2.6609743329158464
0.3,0.0,1.62,0.504939733074742
0.9899999999999999,0.0,0.3,-0.7909112870073364
2.59,0.0,0.9899999999999999,-1.3427061587071822
5.46,0.0,2.59,0.8146864193961612
9.07,0.0,5.46,4.2746984551207285
20.92,7.329318,9.07,8.349932935314941
28.31,19.332186,20.92,19.939316700761015
33.55,29.670818,28.31,28.042200414477946
39.37,37.279972,33.55,34.22944907878733
44.49,42.50772,39.37,40.52265182391521
49.05,48.30792,44.49,46.01610363074152
53.2,52.94923,49.05,50.88753217329639
57.14000000000001,57.349224,53.2,54.920531577456764
60.36,61.282948,57.14000000000001,58.79716038493561
62.910000000000004,65.96428,60.36,61.92227682768143
64.87,68.84702,62.910000000000004,64.45218564081912
66.99,70.67452,64.87,66.30309078086795
69.07,72.15378,66.99,68.35557375548791
69.97,74.474266,69.07,69.98290487298364
70.81,74.611336,69.97,70.71059869551479
71.13,74.5215,70.81,71.36006096581116
71.0,73.79834,71.13,71.38447233400935
71.11,72.84741,71.0,71.0086530950543
71.06,71.32095,71.11,70.78249861042184
69.94,69.87239,71.06,70.33758384927219
68.8,68.00272,69.94,69.02762328108787
66.68,65.73078,68.8,67.59595570046719
64.67,62.990513,66.68,65.34267457302622
62.56999999999999,60.059685,64.67,63.119683497677684
60.080000000000005,56.663723,62.56999999999999,60.74792785700579
56.88000000000001,52.747364,60.080000000000005,58.181425211775576
53.18,48.973152,56.88000000000001,54.88972868860205
49.22,44.854607,53.18,51.20077794123359
44.65,40.779163,49.22,47.357592339362334
40.02,35.67967,44.65,42.92296035510179
34.27,31.098059,40.02,38.425707005397236
28.869999999999997,26.179485,34.27,32.86986714047992
22.48,21.130207,28.869999999999997,27.622103754483785
13.69,14.531953,22.48,21.432058069048445
5.81,7.8597264,13.69,13.053446925985051
3.3,1.2716335,5.81,5.342525204055085
1.61,0.0,3.3,2.420845536338363
0.27,0.0,1.61,0.5460600098339154
0.9,0.0,0.27,-0.7141073008606559
2.55,0.0,0.9,-1.3573169832050718
5.33,0.0,2.55,0.8377830108869407
8.92,1.6566253,5.33,4.217576462937649
19.79,9.147097,8.92,8.326629662275272
28.39,20.501753,19.79,19.078720990463545
33.27,30.87543,28.39,28.185813672163885
38.69,38.02864,33.27,33.936470257164416
43.91,43.29325,38.69,39.875988125366725
48.25,49.15514,43.91,45.26509050105881
52.37,53.63713,48.25,49.820321419216484
56.28,57.524387,52.37,53.90333864655538
59.589999999999996,61.29564,56.28,57.722436188302595
62.51,65.57452,59.589999999999996,61.03026772401555
65.01,68.404945,62.51,63.87110136143802
66.9,70.51361,65.01,66.2536842876163
68.58,72.002,66.9,68.01465287325627
69.99,73.85448,68.58,69.29350793074647
71.14,74.325195,69.99,70.41780548013044
71.57,74.23677,71.14,71.2766931260071
71.49,73.729004,71.57,71.48885443988728
71.99,72.8956,71.49,71.1560917650536
72.28,71.65437,71.99,71.26531408760377
71.06,70.64767,72.28,71.2801038481186
69.47,69.01589,71.06,69.88116817541912
67.36,67.05455,69.47,68.07924203634714
65.09,64.45022,67.36,65.73849436917445
63.0,61.51603,65.09,63.235650879118225
59.87,58.615345,63.0,60.91754071040526
56.63,54.557987,59.87,57.72689292412373
53.18,50.542393,56.63,54.43888276577019
49.09,46.491177,53.18,50.98595226686929
44.7,42.305645,49.09,46.99909136931956
40.09,37.38732,44.7,42.76077178027137
35.03,33.258957,40.09,38.240499318772535
29.6,28.656729,35.03,33.382757375681464
23.03,23.618961,29.6,28.177622023759895
13.1,16.824455,23.03,21.918345821734423
6.15,9.649181,13.1,12.538780682118736
3.6,3.2526171,6.15,5.614627124767151
1.57,0.0,3.6,2.5983791683477087
0.24000000000000002,0.0,1.57,0.435464867972363
0.76,0.0,0.24000000000000002,-0.8743995766047398
2.35,0.0,0.76,-1.617639556882799
5.05,0.0,2.35,0.5823691152183823
8.38,0.8149545,5.05,3.84498568791808
17.43,8.654646,8.38,7.773571142332421
26.98,19.212927,17.43,16.809523556499016
32.24,29.297209,26.98,26.5639345376016
37.65,37.173233,32.24,32.71684262178858
42.75,42.806393,37.65,38.752302090716846
47.16,48.946373,42.75,44.0717969692082
51.09,53.366184,47.16,48.678577272420284
54.72,57.028557,51.09,52.57710046992415
58.080000000000005,60.352997,54.72,56.13073826949312
60.89,64.71203,58.080000000000005,59.40692804696819
63.38000000000001,67.286285,60.89,62.18599724471568
65.5,69.42535,63.38000000000001,64.59713894462837
66.95,70.8925,65.5,66.61691152593741
68.84,72.74685,66.95,67.7579868729436
69.34,73.64202,68.84,69.30115010816219
69.74,73.386086,69.34,69.63907553403439
69.87,72.655624,69.74,69.746861876444
69.71,71.97147,69.87,69.467665439187
68.94,70.32313,69.71,69.03748526400669
68.24,68.583694,68.94,68.02731882505013
66.75,67.045715,68.24,66.99653048273362
64.88,64.82089,66.75,65.2582749321882
62.28000000000001,62.21278,64.88,63.176969100462884
60.93,59.506485,62.28000000000001,60.456463991585764
57.19,56.914135,60.93,58.8262100423689
54.54,52.54141,57.19,55.10768619976871
50.39,48.640564,54.54,52.31323505558506
47.43,44.33588,50.39,48.27871165001613
42.94,40.66517,47.43,45.27582631786774
38.51,36.333492,42.94,40.92510346042664
33.68,32.126556,38.51,36.686327985498416
28.01,27.439945,33.68,32.06644946659637
22.02,22.40284,28.01,26.602307416046727
11.49,16.033813,22.02,20.891596622298596
5.82,8.854296,11.49,10.939772640439152
3.33,2.923835,5.82,5.192979099824104
1.4,0.0,3.33,2.2847127709790143
0.2,0.0,1.4,0.27823880656337674
0.74,0.0,0.2,-0.8704740458289117
3.4,0.0,0.74,-2.057788509655802
6.68,0.0,3.4,1.0664652961658294
10.13,0.0,6.68,4.706624935915532
21.1,8.48204,10.13,8.738993229238304
12.05,20.317469,21.1,19.42274458711724
29.16,18.720758,12.05,12.401815112174214
27.74,24.646196,29.16,28.31395529190416
38.15,28.778683,27.74,28.416122698581116
22.6,39.7235,38.15,38.65055934497144
46.49,32.291054,22.6,24.96195655088578
45.28,41.55533,46.49,46.21010680759708
33.34,46.00548,45.28,46.601761537636065
59.02,44.21099,33.34,35.839450473401214
60.07,59.06492,59.02,58.81858553755311
55.6,63.5264,60.07,60.231038062743494
36.25,58.709984,55.6,58.175363420745796
57.959999999999994,50.953182,36.25,38.9516339557757
61.87,56.74482,57.959999999999994,57.722949829731995
64.46,64.05553,61.87,61.42458899235928
60.43,66.26618,64.46,64.23628317963049
62.93999999999999,64.53604,60.43,60.7183976482853
54.68,62.492912,62.93999999999999,62.99833625851362
61.69,57.56768,54.68,55.22929272436766
31.339999999999996,54.154465,61.69,60.30111169613146
27.25,36.25452,31.339999999999996,32.88041759827468
27.0,31.288725,27.25,26.824921393812463
19.66,26.885015,27.0,25.054532813854507
12.74,20.27676,19.66,17.892288544531453
13.81,11.453153,12.74,12.337032720115474
12.16,11.223829,13.81,11.83813790602329
8.94,8.455349,12.16,10.859649990647599
6.8,5.059893,8.94,8.052471673296646
10.22,1.4990494,6.8,6.155907605772811
35.61,3.0212705,10.22,8.81540997964432
23.09,15.720992,35.61,32.291890380644986
14.77,14.29084,23.09,22.87632173808023
10.75,11.420862,14.77,16.498702023211717
1.33,6.6314855,10.75,12.084885201422678
1.78,0.0,1.33,2.8195730738182494
0.39,0.0,1.78,2.5820423913781307
0.59,0.0,0.39,0.3410600200323938
2.12,0.0,0.59,-1.0341120955890135
0.84,0.0,2.12,0.9335479114464555
3.23,0.0,0.84,0.4781703570089478
9.85,1.2968655,3.23,3.1906956234694563
10.19,8.174794,9.85,9.244999336033318
6.81,11.0915985,10.19,9.782876071502423
8.94,7.642088,6.81,7.745139627732308
16.51,7.8258276,8.94,9.69304340180034
21.67,11.6928,16.51,16.560226579961103
16.54,17.595371,21.67,21.790409183017648
21.43,17.866182,16.54,17.930341105715016
16.09,22.048887,21.43,22.33508887189733
11.14,18.966017,16.09,17.855096178976268
9.89,14.850497,11.14,13.19809918118802
16.1,11.596885,9.89,11.63075752626256
23.1,16.016989,16.1,16.378420447193534
21.09,21.518167,23.1,22.874755461582787
17.61,22.29198,21.09,21.94243012863781
10.25,20.63258,17.61,19.50400022769209
15.96,16.451601,10.25,12.826488703345436
18.59,16.999699,15.96,17.134431757319035
19.15,18.158634,18.59,19.038671787735073
17.88,19.696058,19.15,19.662993766414854
24.66,20.666868,17.88,18.61480273142038
22.55,23.378368,24.66,24.839265544826894
21.24,22.714434,22.55,23.380007216323744
16.7,21.59957,21.24,22.319213867789834
6.920000000000001,19.17592,16.7,17.748836947286406
4.72,12.062058,6.920000000000001,8.779023821340921
4.3,7.711727,4.72,6.242552456143961
8.58,5.4257636,4.3,5.160469831330575
7.58,6.910124,8.58,8.59755333127417
5.38,7.5923634,7.58,7.99007555056959
4.72,7.207633,5.38,6.23394567078113
4.43,6.8194,4.72,5.622662651563282
3.76,5.559666,4.43,5.249373195935218
1.1,4.656425,3.76,4.338925220986027
0.4600000000000001,2.467572,1.1,1.8965141868734114
0.31,1.2223704,0.4600000000000001,1.1098584716459328
0.83,0.0,0.31,0.17295671066050627
1.59,0.0,0.83,1.058635432160607
6.25,0.0,1.59,2.0666086200305167
11.26,0.10845196,6.25,6.430473691538332
18.95,8.123738,11.26,11.234113129455695
17.65,16.849787,18.95,18.98011495698183
10.7,19.084833,17.65,18.339272215090702
8.66,15.300757,10.7,12.745228383473904
6.44,11.362622,8.66,10.612624258328292
11.66,7.0549207,6.44,8.362181348543526
18.42,8.412523,11.66,12.726959868496605
9.04,16.086187,18.42,18.76175695684828
27.25,14.363127,9.04,11.33781254819979
23.53,23.013325,27.25,27.76828281851768
25.52,26.978756,23.53,24.546815542066735
13.22,30.595821,25.52,26.96155206311572
6.12,22.431627,13.22,16.201763998237638
5.61,14.321962,6.12,8.901704605391865
20.21,9.360212,5.61,7.807449033606479
37.48,17.119223,20.21,19.531123317461354
11.09,30.657566,37.48,36.116340912225176
9.89,24.066084,11.09,14.316647695465122
3.43,19.860813,9.89,12.948903505446296
3.5399999999999996,12.874378,3.43,6.055008667635219
25.84,8.769473,3.5399999999999996,5.282613550879879
11.16,19.43776,25.84,23.893041900973348
15.97,16.029282,11.16,11.877529785675623
8.3,19.333193,15.97,16.80313032637274
5.37,13.84275,8.3,10.113973671067736
5.36,9.054782,5.37,7.395519712845021
6.21,7.6074934,5.36,6.951758792030276
1.81,8.051439,6.21,6.368934379317769
3.2,5.04341,1.81,2.6741261632643667
12.45,3.8400166,3.2,3.9915523023631185
15.700000000000001,8.341802,12.45,12.047527601165116
5.89,12.124733,15.700000000000001,15.892034034825006
5.41,9.899423,5.89,7.64918185331241
2.83,8.962897,5.41,6.336998461359703
0.81,5.6613965,2.83,3.8983752262631683
1.5,1.9706843,0.81,1.6803240433704185
4.97,0.0,1.5,1.317843468276433
6.909999999999999,0.0,4.97,4.390137617590991
17.58,0.8894234,6.909999999999999,6.787409851745184
25.47,15.538036,17.58,17.032260264006997
12.65,26.19656,25.47,25.256309204900646
13.789999999999997,22.687902,12.65,14.627684247918445
16.95,18.471066,13.789999999999997,15.065663966599136
25.81,17.497644,16.95,17.248504684964946
21.54,22.058578,25.81,25.36356309345448
38.99,21.892973,21.54,22.372149151219972
22.65,36.640003,38.99,37.74079736665932
15.66,29.792444,22.65,24.5727472422672
14.340000000000002,23.574797,15.66,18.188019570761924
13.68,19.037346,14.340000000000002,15.953890100659603
13.26,15.631358,13.68,14.486621368633799
15.45,15.127077,13.26,14.011815126262528
18.84,16.393354,15.45,15.225027944532041
22.21,17.953276,18.84,19.00789971099269
18.24,20.534687,22.21,22.494512222621488
15.81,20.819595,18.24,19.421212058242684
18.4,18.994192,15.81,17.22733287696552
12.87,19.018332,18.4,19.179664517301116
13.31,16.224043,12.87,13.865096085435505
9.99,14.950448,13.31,14.219783577378724
7.090000000000001,11.961849,9.99,11.251854990866665
7.510000000000001,9.133666,7.090000000000001,8.599488828191138
9.14,8.279192,7.510000000000001,8.69131739022601
11.35,8.6893835,9.14,9.861948684899817
7.499999999999999,9.809984,11.35,12.129130940710608
6.73,8.680632,7.499999999999999,8.884526539361664
3.79,7.5811977,6.73,8.105002933900256
6.41,4.4154944,3.79,5.528093634148228
7.419999999999999,4.662901,6.41,7.522371388537802
5.38,5.523357,7.419999999999999,8.232929650250817
3.11,4.8922796,5.38,6.846674464803662
1.14,3.006463,3.11,4.935582939220905
1.41,0.91254,1.14,2.9162984969989756
0.72,0.0,1.41,2.930811865533066
0.9200000000000002,0.0,0.72,2.042494040786218
0.8,0.0,0.9200000000000002,2.077781879973105
1.99,0.0,0.8,1.726633753299769
6.04,0.0,1.99,3.1783514935727295
9.63,1.0971361,6.04,7.111810227805309
19.45,10.211235,9.63,10.790773167487066
14.94,21.842102,19.45,20.153342629150337
22.0,23.729296,14.94,17.12641918047233
34.76,26.998789,22.0,23.879132083283007
20.19,36.532425,34.76,35.388980401956076
26.33,32.078484,20.19,22.939785122930772
27.45,31.258373,26.33,28.576387172781907
26.96,31.405437,27.45,29.13818957453912
28.529999999999998,31.782162,26.96,29.2338449815568
40.02,34.55813,28.529999999999998,29.68164165389856
61.660000000000004,38.16385,40.02,40.6393643371019
61.3,55.721977,61.660000000000004,60.8947379525939
31.359999999999996,63.026283,61.3,62.068479358071144
60.190000000000005,46.467297,31.359999999999996,36.01961174161065
37.14,58.80604,60.190000000000005,59.48381882199374
40.01,45.133705,37.14,39.01405043578117
43.73,44.14944,40.01,40.79147563407047
50.03,43.33415,43.73,43.295345567052685
46.64,48.602535,50.03,48.42215443477309
41.93,45.184853,46.64,46.77056494626983
40.98,42.958817,41.93,41.777981558492016
53.76,39.71289,40.98,41.01213021103458
57.3,45.94932,53.76,51.78538414986082
53.56,45.9867,57.3,54.894311535794955
36.52,47.006676,53.56,52.08973937888178
20.77,33.845627,36.52,37.53318771664879
20.79,22.495806,20.77,21.476995833292197
23.47,16.661201,20.79,20.09169065901319
22.68,15.084827,23.47,21.25863470022884
20.93,15.239797,22.68,20.11319300608787
13.01,13.772579,20.93,18.987976111906498
10.07,8.2154455,13.01,12.220194424832195
12.21,3.1775901,10.07,9.5424481206612
7.010000000000001,2.6600034,12.21,10.995491515198934
3.23,0.0,7.010000000000001,5.893876600047582
1.0,0.0,3.23,2.5348939296242974
0.11,0.0,1.0,0.32125698260064617
0.62,0.0,0.11,-2.1972066632458755
0.86,0.0,0.62,-0.9871726962033884
1.64,0.0,0.86,-0.6945497717815136
1.05,0.0,1.64,0.41331219829233556
3.22,0.0,1.05,0.41765467226892783
3.5399999999999996,0.0,3.22,2.7271458756771696
2.6,0.0,3.5399999999999996,3.5140459266080213
3.39,0.0,2.6,3.1303698152856083
2.7,0.0,3.39,3.954054221215989
6.88,0.0,2.7,3.818021419262363
2.94,3.046959,6.88,7.761672152362164
5.0,2.9374628,2.94,4.842128681250192
4.11,4.305631,5.0,6.723599105702317
4.62,3.95101,4.11,6.00117123059843
5.22,5.4680033,4.62,6.4496743956388904
3.26,5.781486,5.22,7.151867700460831
5.83,4.4702864,3.26,5.517105063949024
6.35,5.1441255,5.83,7.805937889819424
3.99,6.8369064,6.35,8.238462232393184
5.1,5.9718013,3.99,6.41901228892499
5.49,6.044314,5.1,7.298463817145699
5.35,6.138581,5.49,7.559568954596494
5.5,6.99787,5.35,7.387678614911457
4.29,7.0167418,5.5,7.545763131658072
2.99,6.322604,4.29,6.38679305101588
3.41,5.0326614,2.99,5.257836565514934
2.76,5.091534,3.41,5.371470935866657
2.44,4.618825,2.76,4.684779630619266
2.29,4.131725,2.44,4.369814463802799
1.22,3.8791237,2.29,4.055065631455949
1.8599999999999999,2.9269092,1.22,3.0579207173016916
3.8800000000000003,2.8719683,1.8599999999999999,3.518033205693476
1.37,3.8337584,3.8800000000000003,5.125686287028191
1.88,3.198911,1.37,2.9979588581078547
1.15,3.0393813,1.88,3.3086793198631606
0.6,2.5780504,1.15,2.4765423316184307
0.3,2.1391215,0.6,1.8819560994990228
0.79,0.0,0.3,1.1200777807028472
0.94,0.0,0.79,1.5989233992120178
1.33,0.0,0.94,2.0064153418973407
5.44,0.0,1.33,2.4905267667676054
5.93,0.75966674,5.44,6.2607436853990315
6.86,2.2666874,5.93,7.128935047112024
6.0,5.138208,6.86,8.245814333627681
5.21,3.9734013,6.0,7.7435631595549985
6.28,2.462755,5.21,7.247931633807809
8.13,2.3028383,6.28,8.197568392825469
11.74,5.4891586,8.13,9.758853738927685
7.96,9.222991,11.74,13.062536868781454
15.8,8.391153,7.96,10.189035336242906
15.1,12.604004,15.8,17.006830679099668
13.34,15.535079,15.1,16.730900902287836
7.79,15.768468,13.34,15.424261702902385
11.43,11.531305,7.79,10.517387507363658
6.39,11.8976345,11.43,13.095952130016135
9.37,9.405219,6.39,8.811461895217903
14.28,9.991125,9.37,11.090613227192165
15.13,13.135605,14.28,15.28597882011139
7.950000000000001,15.147612,15.13,16.456935684518605
6.6,12.603992,7.950000000000001,10.579431375802669
5.56,10.512998,6.6,8.799372379820392
7.29,8.055285,5.56,7.679315710194383
6.22,7.918133,7.29,8.651361460772572
8.13,7.0738187,6.22,7.636659456774515
4.45,7.8306475,8.13,9.255207312628402
3.39,5.577395,4.45,6.38930419827483
4.21,4.3366003,3.39,5.283012510013449
5.77,3.5203824,4.21,5.8238806566700685
3.1,4.321066,5.77,6.80231966419294
1.74,3.054394,3.1,4.515432940668798
1.2,1.7307706,1.74,3.11194008017931
0.66,0.0,1.2,2.6478511402380764
0.19,0.0,0.66,2.0470187461174514
0.39,0.0,0.19,1.476134788105375
0.83,0.0,0.39,0.885902409252557
2.4,0.0,0.83,1.5237070454168153
2.43,0.0,2.4,3.063820893275552
2.24,0.0,2.43,3.460691024932935
2.26,0.0,2.24,3.617675463051465
3.31,0.0,2.26,3.7726129608863386
2.29,0.0,3.31,4.766376188626627
2.71,0.0,2.29,4.165854785715237
2.62,0.0,2.71,4.695085599638497
3.74,0.0,2.62,4.667120554167632
2.54,1.0280051,3.74,5.731050238317374
2.15,0.75574106,2.54,4.858442168638091
3.9599999999999995,0.12279187,2.15,4.604527858135125
3.9199999999999995,2.5604577,3.9599999999999995,6.155899755277558
5.51,3.4551837,3.9199999999999995,6.209994630202964
6.24,4.6686087,5.51,7.71173574218456
11.04,5.4031625,6.24,8.445650518019088
13.05,9.477481,11.04,12.720793799424591
7.329999999999999,12.212668,13.05,14.798945560538119
5.23,10.502942,7.329999999999999,10.155065894170736
7.059999999999999,8.396452,5.23,8.084611024455377
8.21,8.834596,7.059999999999999,9.15454596654151
8.04,8.920552,8.21,10.01679955518217
4.43,8.670902,8.04,9.841989916321928
8.49,6.5492682,4.43,6.740467018716378
5.85,7.7903595,8.49,10.077400332858288
4.36,6.454915,5.85,7.8305951454993
4.98,5.208264,4.36,6.408802414045165
2.46,4.703678,4.98,6.684269533772817
2.76,2.694878,2.46,4.212895314771526
1.91,1.6757933,2.76,4.32941615802927
1.6,0.3833804,1.91,3.4118894302285376
1.45,0.0,1.6,3.103133182815539
0.9700000000000001,0.0,1.45,2.7956776716256138
0.22,0.0,0.9700000000000001,2.22350942109426
0.77,0.0,0.22,1.4691789905424526
1.33,0.0,0.77,1.0590158356039436
3.4,0.0,1.33,1.6321721292920046
8.67,0.0,3.4,3.7536976572874563
13.829999999999998,1.3983119,8.67,8.640250130703292
16.63,9.222746,13.829999999999998,13.742034644006644
12.69,14.551144,16.63,17.0037221474011
16.1,13.086682,12.69,14.037828935606488
18.16,14.731005,16.1,16.984928691495472
10.22,15.838678,18.16,18.78833104622913
9.56,10.620059,10.22,12.044112537007333
10.51,7.519069,9.56,11.273157106946291
9.22,8.704439,10.51,11.734545998996595
4.44,8.297165,9.22,10.654870345955159
3.4600000000000004,4.443244,4.44,6.630645481197791
3.4,2.572642,3.4600000000000004,5.464924490115448
3.78,3.495494,3.4,5.225368904965564
10.03,3.8133848,3.78,5.381852920759016
4.82,7.14002,10.03,10.827342006712824
10.76,5.5231686,4.82,6.852503852235014
9.28,9.698856,10.76,11.973610390213745
11.68,10.357456,9.28,10.69968004125911
11.09,10.928264,11.68,13.128227673021742
3.9,10.118614,11.09,12.835021085878362
1.81,6.6159983,3.9,6.344945106857986
5.59,3.7913148,1.81,4.352946634588118
3.86,4.241978,5.59,7.0866603038127085
3.52,3.2200296,3.86,5.67608888601804
2.7,3.209753,3.52,5.386113861670788
2.39,2.838394,2.7,4.633420504249918
6.37,2.5973306,2.39,4.2772229393804
1.32,4.196394,6.37,7.751286808228739
1.12,2.1695387,1.32,3.3376945770675945
5.06,1.3554618,1.12,3.1273367075857386
0.7,2.8221092,5.06,6.166534090951465
0.94,0.95575315,0.7,2.439989446342396
0.87,0.0,0.94,2.7348486939329892
0.51,0.0,0.87,2.3217175785990856
0.17,0.0,0.51,1.8382425436694938
0.65,0.0,0.17,1.0036659872412033
1.89,0.0,0.65,1.465150400500926
2.8,0.0,1.89,2.839613020479719
1.62,0.0,2.8,3.9202236202987546
2.85,0.0,1.62,3.033021733732467
2.28,0.0,2.85,4.360032117810175
1.95,0.0,2.28,4.065051244197986
5.02,0.0,1.95,3.861453523301797
4.68,0.49187428,5.02,6.6547883325937285
7.760000000000001,2.035605,4.68,6.546509560869149
6.98,4.6017504,7.760000000000001,9.400280400690926
3.44,4.67352,6.98,9.02927905433619
7.780000000000001,4.339709,3.44,6.089797785313087
8.42,6.1591144,7.780000000000001,9.772042200002792
3.33,7.377201,8.42,10.241776147118179
11.66,5.055574,3.33,6.077850061395422
9.75,9.824932,11.66,13.008196230156322
10.35,10.580056,9.75,11.608097329975552
7.2,11.716763,10.35,12.410313373552572
3.5399999999999996,9.366697,7.2,9.640283983258916
2.94,7.4619675,3.5399999999999996,6.102907683049134
8.14,5.7879944,2.94,5.416124738691318
8.37,7.4922085,8.14,9.426800029756848
6.29,8.517574,8.37,9.818980337138829
5.54,7.954513,6.29,8.2610012907723
6.940000000000001,7.239518,5.54,7.462486999399998
3.69,6.976715,6.940000000000001,8.50449724278471
1.56,4.761911,3.69,5.739313319265988
4.97,2.8465314,1.56,3.3918791343345824
2.41,3.3368027,4.97,6.0099568952808795
1.81,1.990764,2.41,3.765839729797041
1.29,1.1093132,1.81,3.282308031927545
1.04,0.0,1.29,2.678696787054379
1.41,0.0,1.04,2.3159978278462168
1.37,0.0,1.41,2.444122217192373
0.060000000000000005,0.0,1.37,2.2001680248345954
1.09,0.0,0.060000000000000005,0.6542022923380035
3.22,0.0,1.09,1.7179359787121515
3.24,0.0,3.22,3.727897663714366
7.05,0.0,3.24,4.107138155074443
9.03,2.6166692,7.05,7.783384195090711
10.23,5.7819705,9.03,9.801299407032921
13.25,7.1691675,10.23,11.249248407763703
9.33,10.119303,13.25,14.19309989546673
9.61,8.854275,9.33,11.055983556472068
8.12,7.768663,9.61,11.350991231515595
7.510000000000001,5.7901416,8.12,9.968255144947262
5.32,6.34491,7.510000000000001,9.343956895787183
6.98,4.4884925,5.32,7.566773211751018
10.37,4.8426175,6.98,8.817505752415315
24.69,7.4840145,10.37,11.793177753762409
25.6,18.974403,24.69,24.60205825388366
17.03,25.123169,25.6,26.20842155475779
16.38,22.488718,17.03,19.458967988521643
16.71,20.046465,16.38,18.40345213128943
13.7,19.149199,16.71,17.978508887499846
14.520000000000001,14.94307,13.7,15.544995950890643
11.79,14.127732,14.520000000000001,15.711221138025595
10.64,12.084573,11.79,13.226014491530194
5.77,11.222626,10.64,12.19383895170051
6.04,7.73392,5.77,7.914894306280008
11.52,6.608629,6.04,7.720282489285202
7.870000000000001,8.8615,11.52,12.236820475324913
10.69,7.8063097,7.870000000000001,9.000444267452783
9.35,8.800607,10.69,11.409470293278615
9.46,6.974309,9.35,10.478857893388627
8.2,6.295101,9.46,10.591443794955538
4.33,4.5255914,8.2,9.457202157704412
2.97,1.9318726,4.33,5.852287288027582
1.6,0.21334057,2.97,4.427405390003528
0.85,0.0,1.6,2.8468137954388966
1.47,0.0,0.85,2.0004835627676942
0.7,0.0,1.47,2.4449224071760813
0.6,0.0,0.7,1.6912293112609602
0.030000000000000002,0.0,0.6,1.4828953027165905
1.08,0.0,0.030000000000000002,0.6456657839984254
2.7,0.0,1.08,1.738432127247715
4.43,0.0,2.7,3.3970309153038656
7.260000000000001,0.0,4.43,5.2151282574951185
8.94,4.1195893,7.260000000000001,8.128034636240477
7.55,6.4774466,8.94,10.089744967287025
7.82,5.4325914,7.55,9.313647554288274
9.23,6.143372,7.82,9.66590841198151
10.17,7.127047,9.23,10.933114920616193
13.72,8.055633,10.17,11.839445155538332
16.16,10.5617695,13.72,15.105324043887576
19.61,15.131629,16.16,17.593927112104108
19.94,19.336222,19.61,20.972870185178593
21.92,20.635551,19.94,21.649679365381644
17.16,22.172178,21.92,23.504993061053927
18.64,20.876581,17.16,19.4522949769316
16.83,20.929182,18.64,20.41232643740278
17.9,19.460052,16.83,18.652202341731012
21.08,19.141102,17.9,19.419276019057666
15.79,21.407818,21.08,22.093757168182908
18.22,18.919762,15.79,17.595032747630285
20.75,18.974186,18.22,19.6091726432933
18.5,19.82256,20.75,21.584781150959817
18.63,18.760506,18.5,19.682005480698976
19.09,17.812508,18.63,19.691042246961736
16.26,16.844116,19.09,19.863381298601983
17.76,14.252325,16.26,17.381676371843298
17.1,13.575139,17.76,18.549235473374505
18.31,12.69274,17.1,17.82446737573172
14.659999999999998,12.782916,18.31,18.955947908914517
16.88,10.522884,14.659999999999998,15.84643298947791
13.13,10.603181,16.88,17.49290492991662
11.9,7.964802,13.13,14.192559771979798
9.73,6.4023337,11.9,12.79704321286024
7.669999999999999,4.067325,9.73,10.638934629493711
5.47,0.8595888,7.669999999999999,8.529762449044975
2.81,0.0,5.47,6.437224873766617
1.06,0.0,2.81,3.7557669159510056
0.15,0.0,1.06,2.0992980350710733
0.52,0.0,0.15,0.1798014514871013
0.84,0.0,0.52,0.640720299429209
1.26,0.0,0.84,1.1297987641231895
1.85,0.0,1.26,1.8785725098210864
1.76,0.0,1.85,2.658918053175476
1.48,0.0,1.76,2.9056859074642856
2.1,0.0,1.48,2.9228869632374037
3.09,0.0,2.1,3.6791275863883413
4.06,0.0,3.09,4.696067393463167
4.87,0.0,4.06,5.818294230895724
3.7099999999999995,1.0422786,4.87,6.803922332280715
4.05,0.95986325,3.7099999999999995,6.052102000697811
4.04,2.7717206,4.05,6.432673123416967
3.86,3.3034782,4.04,6.490034096000094
8.06,3.065395,3.86,6.417664665240612
7.669999999999999,5.5181704,8.06,10.040756471430285
8.09,7.7986894,7.669999999999999,9.91946678819463
6.61,9.048008,8.09,10.529766845927508
6.83,8.139672,6.61,9.271492214547337
7.12,7.627872,6.83,9.386560965658827
9.45,8.253062,7.12,9.493992445464059
13.07,9.833506,9.45,11.268188008945332
9.7,12.311405,13.07,14.569376525707593
7.950000000000001,11.76474,9.7,11.836109635968821
7.52,10.4276705,7.950000000000001,10.291110313149668
6.67,9.263213,7.52,9.57133228414337
4.35,7.9325175,6.67,8.588025924653234
5.49,5.882654,4.35,6.310207708046306
1.62,5.3865204,5.49,6.968582183941344
1.58,3.0343156,1.62,3.540841885826716
1.6,1.9914943,1.58,3.310710446382476
1.45,1.3910006,1.6,3.062991313822147
0.89,0.124326915,1.45,2.7648373781460007
0.24000000000000002,0.0,0.89,2.1843500133797993
0.79,0.0,0.24000000000000002,1.351998577104709
3.82,0.0,0.79,2.336798785744939
9.91,0.0,3.82,5.158164252210867
8.74,4.7535915,9.91,10.948110045640345
9.41,11.501224,8.74,10.525318616674472
14.53,14.5030155,9.41,11.61024981544982
21.37,17.272512,14.53,16.236386453988565
27.11,21.612272,21.37,23.073102643575798
20.07,29.405502,27.11,28.57843944278108
38.62,27.872662,20.07,22.724367474577743
30.010000000000005,37.302776,38.62,39.65313125661031
45.26,35.934402,30.010000000000005,32.2734117566735
23.82,46.988567,45.26,46.53862387316074
44.99,35.09845,23.82,27.92588527279265
62.1,45.95054,44.99,45.99783206214193
55.71,57.472473,62.1,61.52378605545655
69.24,55.172745,55.71,57.40700225762327
68.41,63.868073,69.24,70.10979322113502
41.96,65.84929,68.41,69.15674687888249
75.77,55.217747,41.96,46.1416063960818
75.18,68.80877,75.77,74.41065153102215
76.01,70.783264,75.18,73.79730457420159
68.31,72.67625,76.01,75.60323618323388
69.71,66.60278,68.31,68.53442053266174
61.61,66.22476,69.71,68.66460117778226
65.45,57.870663,61.61,62.09858869309793
58.269999999999996,59.26774,65.45,63.42748922884123
49.69,54.672455,58.269999999999996,56.42529057437001
51.65,48.78804,49.69,48.4779408971582
51.99,46.95438,51.65,49.302692428140375
31.400000000000002,44.350903,51.99,49.14636427838729
29.100000000000005,29.301592,31.400000000000002,31.312059865609708
26.73,24.444292,29.100000000000005,27.366564988925806
14.76,20.706024,26.73,24.23675806585272
15.99,9.916103,14.76,13.29378684773207
11.33,6.9669814,15.99,13.781502497540187
7.22,2.0787468,11.33,9.113327378091991
7.37,0.0,7.22,5.695186043784561
2.75,0.0,7.37,5.682573048034763
0.9799999999999999,0.0,2.75,1.547284802028588
1.2,0.0,0.9799999999999999,0.20991543536241636
3.42,0.0,1.2,-0.39433948345689296
6.22,0.0,3.42,1.9654130978110738
9.35,0.0,6.22,5.391056197240082
12.96,5.6082625,9.35,9.084726560788877
21.82,13.0609255,12.96,13.25070038042446
29.209999999999997,20.351044,21.82,22.265915651456773
35.12,27.740559,29.209999999999997,29.828314040582697
41.35,35.046608,35.12,36.24449023518612
46.67,40.88173,41.35,42.720524857446954
50.63,45.32904,46.67,48.183063677923734
54.5,49.01009,50.63,52.403199347460244
58.01,53.813427,54.5,56.11218454733097
59.82000000000001,56.784504,58.01,59.53248347212835
63.92,58.67575,59.82000000000001,61.39312591375452
67.02,61.81974,63.92,65.00772017165205
69.37,64.89076,67.02,67.81092758138684
71.23,66.34101,69.37,70.028306271741
72.27,68.114075,71.23,71.61362818807106
73.01,67.494255,72.27,72.39647731314898
73.49,67.67122,73.01,72.86496377464643
73.68,66.83774,73.49,72.96737405467442
72.49,65.90619,73.68,72.78135584013751
70.21,64.4622,72.49,71.35531969289907
68.27,61.789707,70.21,68.89769859434891
66.96,59.036766,68.27,66.69020275605664
64.26,57.010914,66.96,65.05236599879328
61.970000000000006,54.121227,64.26,62.15756829760812
58.29,50.424965,61.970000000000006,59.69157015103226
54.36,46.17664,58.29,56.01197520217644
47.35,41.986717,54.36,52.11693549237424
43.86,35.881863,47.35,45.44003676321948
39.38,30.834753,43.86,41.72353915517047
32.82,26.078566,39.38,37.258567359091636
25.47,20.358202,32.82,30.98954204948571
13.829999999999998,14.068451,25.47,23.96209971104081
8.49,5.104306,13.829999999999998,12.961174880674738
6.49,0.0,8.49,7.387955657032954
3.79,0.0,6.49,4.748948290207286
1.35,0.0,3.79,2.0888660381411714
0.9,0.0,1.35,-0.07035814011647434
3.5399999999999996,0.0,0.9,-3.09469048256513
5.81,0.0,3.5399999999999996,-0.19504089447195463
6.999999999999999,0.0,5.81,2.5829405712446296
7.419999999999999,0.55081236,6.999999999999999,4.376770925695319
11.41,3.8712738,7.419999999999999,5.451308246384853
13.67,6.6011634,11.41,9.447752478614694
4.51,7.914706,13.67,12.311945640183618
4.5,4.334644,4.51,5.13768371414886
2.56,3.0088992,4.5,5.198276963955403
2.98,1.0145315,2.56,3.424794878819992
2.46,0.0,2.98,3.9159006940829237
4.47,1.361929,2.46,3.730897697815898
6.7,3.263632,4.47,5.608451232210225
9.46,5.372354,6.7,8.065993974174665
6.39,7.910427,9.46,10.800048172323281
8.65,8.684834,6.39,8.59144975703482
11.19,9.457805,8.65,10.65009009613343
9.09,10.523104,11.19,12.855411287622816
8.49,9.429314,9.09,11.185982262099426
4.82,9.264559,8.49,10.859508674341846
4.69,6.950157,4.82,7.490790357092195
4.42,5.8435807,4.69,7.247570964060477
3.9699999999999998,5.275834,4.42,6.755038114626528
3.5299999999999994,5.693407,3.9699999999999998,6.199387863129238
3.25,5.6346407,3.5299999999999994,5.803051813882547
4.07,4.579235,3.25,5.490722425974771
6.82,4.1388288,4.07,6.167217229235634
10.18,5.1343203,6.82,8.573411893935232
8.36,7.4162064,10.18,11.52568133808292
6.21,7.1889076,8.36,10.21073726655041
4.45,5.792331,6.21,8.43367099392568
3.87,3.9568138,4.45,6.586747688812815
4.27,2.450813,3.87,5.787662213187975
6.5,1.9191674,4.27,5.805910617921344
5.26,2.7405248,6.5,7.524151456582069
4.32,1.6549903,5.26,6.538391517299066
1.66,0.7022522,4.32,5.7269193601668285
0.64,0.0,1.66,3.284884414802559
0.21,0.0,0.64,2.092242612517302
0.9299999999999999,0.0,0.21,1.4846231146560054
1.8,0.0,0.9299999999999999,2.057934133230681
2.56,0.0,1.8,3.117453942962623
2.58,0.26636964,2.56,4.082510691776516
5.24,1.3793472,2.58,4.46398145914637
13.59,5.001645,5.24,6.918581006161306
13.76,10.79298,13.59,14.50267478466637
14.720000000000002,13.32714,13.76,15.248786161012871
14.44,14.665789,14.720000000000002,16.6980257740752
16.86,15.856358,14.44,16.618981068765173
26.48,17.577913,16.86,18.824814443791293
49.08,22.363836,26.48,27.385291013167524
45.61,37.470284,49.08,48.44252743783852
57.93000000000001,46.73228,45.61,46.96220553009658
54.95,54.295357,57.93000000000001,58.98406813936164
49.38,48.619667,54.95,57.14103041255051
54.06,52.19565,49.38,51.877012054337584
41.12,48.404804,54.06,55.64583547278996
24.08,41.760754,41.12,42.239024488517764
22.3,31.818377,24.08,26.26866030123182
23.36,27.49307,22.3,22.8206926108078
18.76,25.21408,23.36,22.74497934809237
13.47,20.575356,18.76,18.60502284619864
10.13,15.506912,13.47,13.60012169914336
8.22,11.536277,10.13,10.066820246234725
9.12,6.9480247,8.22,8.411710173430068
8.92,5.3363066,9.12,8.556149894176079
9.17,3.4603348,8.92,8.242270427376498
6.71,2.0796866,9.17,8.650873872651406
7.15,0.0,6.71,6.573772713747603
4.68,0.0,7.15,7.119031570205738
3.78,0.0,4.68,5.264873054290085
3.18,0.0,3.78,4.304666121160702
2.55,0.0,3.18,3.512113098392438
1.38,0.0,2.55,2.8944001140419164
0.57,0.0,1.38,2.0054438855631194
0.18,0.0,0.57,1.395769936360626
0.83,0.0,0.18,0.5222155125500587
1.58,0.0,0.83,1.4164917507626777
2.85,0.0,1.58,2.4198737780251336
4.98,0.685779,2.85,3.8917696085889255
7.22,3.9065692,4.98,6.255317758386356
10.63,6.1651907,7.22,8.582419113096774
15.049999999999999,10.626897,10.63,11.91622863102462
19.67,14.013649,15.049999999999999,16.260310719659756
24.49,18.524643,19.67,20.893980601565744
28.789999999999996,23.162487,24.49,25.65960673059214
34.39,29.813084,28.789999999999996,30.005655769960086
33.16,37.264862,34.39,35.67366456114568
24.92,35.40476,33.16,35.05366463033579
19.87,28.967314,24.92,27.665334845013238
17.59,25.528893,19.87,22.232293322276572
15.020000000000001,22.060444,17.59,19.468675060616782
17.59,18.639252,15.020000000000001,16.643033612008203
23.88,18.487333,17.59,18.502978375140014
21.89,22.970476,23.88,23.933825089385866
23.76,23.075428,21.89,22.795006634058822
25.69,23.422756,23.76,24.64857720155998
41.0,23.513227,25.69,26.237124373431254
24.31,31.821445,41.0,39.82852788556026
21.74,24.746332,24.31,25.837966077448467
17.97,20.842453,21.74,23.04405420337379
21.08,15.762046,17.97,19.08053049756281
18.38,15.201254,21.08,21.163757977996127
15.83,12.826786,18.38,18.72458209175946
11.33,11.001957,15.83,16.065936350837124
13.9,7.37124,11.33,12.28211056482919
12.04,7.1432414,13.9,13.962318967273932
10.9,4.8080454,12.04,12.442995482451021
7.74,3.2399728,10.9,11.2584494835032
4.9,0.89265823,7.74,8.359971434596547
4.31,0.0,4.9,5.321983741018533
4.97,0.0,4.31,5.0369738195259615
1.47,0.0,4.97,5.353081300902572
0.28,0.0,1.47,2.36682378357619
0.61,0.0,0.28,1.0888991457178934
2.39,0.0,0.61,1.812563916257382
5.08,0.0,2.39,3.64250035448219
7.8,0.0,5.08,6.555604926842864
10.78,6.671512,7.8,9.445428453765558
18.41,13.099817,10.78,12.782886551754014
28.01,18.847282,18.41,20.236443091190107
34.19,25.548653,28.01,29.76724601217032
39.95,32.50618,34.19,36.484185452059634
45.51,39.75666,39.95,42.42797862900908
50.8,44.728577,45.51,47.986971188441615
55.07,49.079662,50.8,53.29856037479582
59.059999999999995,54.50654,55.07,57.45257016856469
63.24,58.369156,59.059999999999995,61.19351615942241
65.77,62.406807,63.24,65.08368435330016
68.58,65.00969,65.77,67.43358811838608
70.0,68.277985,68.58,69.95658078428775
72.64,69.75805,70.0,71.13663096361586
70.77,71.38638,72.64,73.33324983949129
69.11,70.374,70.77,71.56902769650425
75.1,69.7235,69.11,69.39088444273222
73.67,71.46868,75.1,74.36721254324608
68.63,70.10883,73.67,72.95192762444653
71.55,67.59128,68.63,68.13196068769226
71.35,66.70138,71.55,70.16339632601589
68.59,64.85644,71.35,69.5939450451607
65.71,61.86232,68.59,66.9533827913132
63.35999999999999,58.15096,65.71,63.888811498734555
59.79,54.518208,63.35999999999999,61.25392102016867
56.18,50.327484,59.79,57.70207506414951
51.91,45.935463,56.18,53.93196939621814
47.16,40.89458,51.91,49.759332550638206
40.78,35.2549,47.16,45.168466178894555
34.68,29.45783,40.78,38.930436360590825
25.62,23.507952,34.68,32.98815194256603
13.03,15.876608,25.62,24.428138195483545
8.52,5.956928,13.03,12.319042402515972
5.89,0.0,8.52,7.316767089282511
3.28,0.0,5.89,4.28120014264888
1.48,0.0,3.28,1.719037436720725
0.3,0.0,1.48,0.10407501719476409
1.31,0.0,0.3,-2.0934119644718945
2.77,0.0,1.31,-0.5611894476348205
4.2,0.0,2.77,1.2804218573793646
5.69,1.1251644,4.2,3.1716672185301205
11.05,5.1004615,5.69,5.2360789324747445
15.47,10.040962,11.05,10.635307937581086
20.41,16.695808,15.47,15.47598196093218
28.780000000000005,22.534756,20.41,20.98417657449905
47.6,29.511524,28.780000000000005,29.58433643975562
51.99,45.39775,47.6,47.67911994895958
55.25000000000001,55.374416,51.99,53.193893171762724
58.91,60.49748,55.25000000000001,57.26158316607472
61.61999999999999,62.86464,58.91,60.92379644980729
62.82999999999999,64.8806,61.61999999999999,63.452858233728335
65.0,66.73911,62.82999999999999,64.57010884416864
66.51,68.63348,65.0,66.17676476238681
67.43,69.58993,66.51,67.5276323240808
68.32,70.94073,67.43,68.30876354699144
68.27,71.98817,68.32,68.84798987114169
68.52,71.40595,68.27,68.57670531141879
67.8,70.19058,68.52,68.47036592556387
65.9,68.66306,67.8,67.15620528505144
63.49000000000001,65.46258,65.9,65.03304652036189
61.0,62.367767,63.49000000000001,62.406403362226584
56.97,58.850067,61.0,59.638267362746696
54.47,54.60057,56.97,55.50187131107767
51.5,50.452137,54.47,52.71045331943032
48.25,46.332085,51.5,49.543966348038836
43.43,42.4555,48.25,46.23660617420738
39.66,37.66393,43.43,41.54952986999177
34.84,32.330063,39.66,37.70644987482714
29.63,27.172512,34.84,32.99815027328047
22.41,21.890564,29.63,27.944414870585838
11.73,14.809445,22.41,21.106529574622414
8.08,5.4919295,11.73,10.956169843594171
5.59,0.0,8.08,6.930120584014475
3.16,0.0,5.59,4.124212450528986
1.13,0.0,3.16,1.7531819034146459
0.42,0.0,1.13,-0.017682105310945218
2.84,0.0,0.42,-3.0937515423546773
8.02,0.0,2.84,-0.3644515803837711
5.13,0.0,8.02,4.918863223668446
7.110000000000001,1.8103313,5.13,3.1984793741689446
17.18,4.5398536,7.110000000000001,5.630467642822464
9.71,12.150273,17.18,15.277788480924773
12.8,8.499312,9.71,9.421981229251431
17.84,10.430677,12.8,12.651393900474941
16.24,14.130753,17.84,17.227632598033114
26.35,14.920378,16.24,16.476703863966797
21.23,21.985428,26.35,25.791759014858393
9.25,23.262903,21.23,22.110264695450415
12.75,16.512432,9.25,11.846648827879037
17.84,15.54063,12.75,14.19332930958957
29.08,17.500492,17.84,17.98821658152481
19.24,25.571274,29.08,28.85709055345619
8.64,25.221472,19.24,20.687014106407396
14.680000000000001,17.830788,8.64,11.461438391257527
18.69,16.884111,14.680000000000001,16.14319495538663
12.78,19.371696,18.69,19.071633586028604
8.05,16.812572,12.78,14.131002094133255
8.89,12.306866,8.05,9.803773535635276
10.85,10.71265,8.89,10.056563387489557
6.98,10.997021,10.85,11.706366739018572
5.11,8.370727,6.98,8.604911397323523
6.23,6.8365674,5.11,6.649114218190892
4.2,6.6170635,6.23,7.405072323441408
6.04,5.5803375,4.2,5.363558768438435
6.27,5.354782,6.04,7.031536460156794
2.34,4.898671,6.27,7.430907962953924
2.34,3.4676633,2.34,4.004818772053886
3.4600000000000004,2.3852537,2.34,3.7492353319909024
3.39,2.0489628,3.4600000000000004,4.606453151468302
3.09,1.84067,3.39,4.618027293343677
4.09,1.91676,3.09,4.39881895793714
3.41,2.488068,4.09,5.10033151480567
2.5,2.1545703,3.41,4.567089465325008
0.23000000000000004,1.5614338,2.5,3.7265482787487527
0.45,0.3917424,0.23000000000000004,1.5967744584373162
0.51,0.0,0.45,1.246369538808913
2.05,0.0,0.51,1.340348524043509
2.14,0.0,2.05,2.7365333302158033
3.86,0.0,2.14,3.2839264687473038
3.4600000000000004,0.0,3.86,5.03591230834373
6.55,0.98516566,3.4600000000000004,5.000948364119799
9.73,3.0438054,6.55,7.792092194049063
10.97,4.7932887,9.73,10.879987093938508
8.81,6.6340613,10.97,12.33708546784438
10.32,7.8074327,8.81,10.803720759454341
13.49,8.516816,10.32,12.07286130882498
14.37,9.8879175,13.49,15.005102280188463
12.11,11.300269,14.37,15.937097631681299
10.93,12.084113,12.11,14.199084888682528
11.39,11.311413,10.93,13.113278980987909
8.71,11.040493,11.39,13.362183186250194
7.39,8.803959,8.71,10.994825910019658
7.499999999999999,8.357406,7.39,9.628242070945788
9.29,8.290979,7.499999999999999,9.441153476482514
6.36,9.28502,9.29,10.820803889480038
5.1,7.5428143,6.36,8.46408458971205
6.45,6.7534456,5.1,7.349808021999017
6.24,6.806241,6.45,8.326568466566032
7.340000000000001,6.337688,6.24,8.039115708320416
8.47,6.29934,7.340000000000001,8.966643545370582
10.13,6.6877084,8.47,9.903077886376437
5.3,7.4177046,10.13,11.494406751443154
2.48,5.2740154,5.3,7.3531892060522726
2.14,2.4803772,2.48,4.763755493109915
2.75,0.74722576,2.14,4.0532949358064645
2.12,0.12461376,2.75,4.262722964118567
1.46,0.0,2.12,3.594980433675416
1.9200000000000002,0.0,1.46,2.968345087279104
1.69,0.0,1.9200000000000002,3.371480021739641
0.68,0.0,1.69,3.113932151354491
0.58,0.0,0.68,2.1876701694951577
0.43,0.0,0.58,1.9286796449899386
0.45,0.0,0.43,1.150872772090608
1.06,0.0,0.45,1.3085882649127958
1.67,0.0,1.06,2.1247414898411656
2.28,0.0,1.67,2.9231659438706084
6.24,0.0,2.28,3.7146017701558454
9.64,2.3650434,6.24,7.313323755516585
7.99,5.8121495,9.64,10.684976613680508
14.1,5.5581107,7.99,9.783106471488985
19.38,9.082324,14.1,15.237555210816295
16.32,15.559618,19.38,20.156984325094285
17.06,16.618635,16.32,17.98624133609266
15.209999999999999,16.380665,17.06,18.77875136025896
14.96,14.603037,15.209999999999999,17.01904468474347
14.59,14.992426,14.96,16.728359081042903
12.99,14.782608,14.59,16.200061489920376
17.27,13.087405,12.99,14.69581524767313
14.1,15.438057,17.27,18.30789232158018
14.169999999999998,15.610895,14.1,15.63125813477241
15.29,15.540098,14.169999999999998,15.723169360927358
10.06,15.316286,15.29,16.670241718310745
11.32,12.324941,10.06,11.916203564533095
7.499999999999999,12.259856,11.32,12.713188217264182
7.930000000000001,9.269829,7.499999999999999,9.125182034829738
6.25,7.9435596,7.930000000000001,9.329511541286802
5.72,5.847874,6.25,7.810776613493217
4.37,5.020644,5.72,7.065874330251814
4.3,3.6004531,4.37,5.927105810490597
3.19,2.8106656,4.3,5.6853370651200645
2.71,1.8051836,3.19,4.600971199432503
2.33,0.46577936,2.71,4.103242983832411
1.85,0.0,2.33,3.690128500514883
1.66,0.0,1.85,3.105117263655316
1.05,0.0,1.66,3.0079550208655648
0.77,0.0,1.05,2.3925558130142894
0.52,0.0,0.77,2.1313686162639645
0.19,0.0,0.52,1.7917144088827448
0.39,0.0,0.19,1.4161490190345425
1.12,0.0,0.39,0.8719933633445403
3.5299999999999994,0.0,1.12,1.720301176608992
4.85,0.0,3.5299999999999994,4.028036284321848
1.9799999999999998,0.0,4.85,5.600294496261246
1.29,0.0,1.9799999999999998,3.536926793915386
5.15,0.0,1.29,3.0341687289061396
5.81,0.63393253,5.15,6.355802102918773
6.01,0.90365756,5.81,7.191639733843908
6.43,1.3815141,6.01,7.743642643401143
10.45,3.7243974,6.43,8.202151470089351
8.7,6.5632224,10.45,11.895925631319615
11.03,6.9302034,8.7,10.680001620308238
9.56,8.250798,11.03,12.789076609126834
8.6,9.368476,9.56,11.619274619702981
9.84,8.855911,8.6,10.787015613185481
9.76,8.847086,9.84,11.758012195967638
9.31,8.538113,9.76,11.643166161331049
9.65,9.631141,9.31,11.323320685340054
9.29,10.154306,9.65,11.49373548733878
8.23,9.698622,9.29,11.23883574369007
8.17,8.903374,8.23,10.262579287518486
7.04,9.161698,8.17,10.065900541256104
6.43,8.753469,7.04,8.870939604010706
7.249999999999999,7.8904715,6.43,8.266125328686318
5.97,7.956313,7.249999999999999,8.772328646145146
8.59,6.945988,5.97,7.675474177465279
6.79,7.8337913,8.59,9.883357904829749
6.79,7.147723,6.79,8.298710938860575
6.03,6.8173523,6.79,8.276065877681265
4.53,5.6323056,6.03,7.476919586330288
3.44,4.107505,4.53,5.981661545759267
2.64,2.783354,3.44,4.880084380659277
1.9200000000000002,1.7318081,2.64,3.9288295714119568
1.32,0.02156918,1.9200000000000002,3.1586696465690363
0.52,0.0,1.32,2.51633253550278
0.14,0.0,0.52,1.6765510633126113
0.01,0.0,0.14,1.2201880612492744
0.27,0.0,0.01,0.4482909019643972
1.01,0.0,0.27,0.7900599387674733
2.15,0.0,1.01,1.6839387680105922
3.6800000000000006,0.0,2.15,2.9074324375251526
3.87,0.0,3.6800000000000006,4.555936771559873
5.15,0.0,3.87,5.108615104341565
4.9,0.8102535,5.15,6.476500969938032
5.69,0.57861197,4.9,6.504851492504622
7.3,1.032093,5.69,7.358433265187202
7.97,2.0454051,7.3,8.874885665397708
8.49,4.943834,7.97,9.655662862750315
9.42,6.2268653,8.49,10.347939204222259
8.49,7.1404934,9.42,11.253373704406263
7.57,6.5875545,8.49,10.641635268748704
9.05,7.3437104,7.57,9.851880645171251
10.49,8.32411,9.05,11.030462349349378
14.47,9.319247,10.49,12.32976966012396
14.36,12.307125,14.47,15.899597100759884
14.020000000000001,14.85759,14.36,16.05889502651283
12.06,15.49857,14.020000000000001,15.967362228735546
10.64,13.993594,12.06,14.219488969635435
9.88,12.232918,10.64,12.759518561002343
9.66,11.631876,9.88,11.815016196322428
8.87,11.0900345,9.66,11.33200273507221
7.46,10.132459,8.87,10.559612399682855
6.12,8.728834,7.46,9.278447671344098
5.43,7.3835993,6.12,8.038578572744768
5.04,6.305124,5.43,7.237646209128747
4.19,5.4338017,5.04,6.681850015220097
3.6,4.446475,4.19,5.736163641498888
3.6800000000000006,3.0659254,3.6,5.076694064881843
3.0,2.3631363,3.6800000000000006,5.01004006942639
2.3,1.3918505,3.0,4.387449278732149
1.64,0.52422243,2.3,3.713195969876082
1.06,0.0,1.64,2.9994423283753604
0.55,0.0,1.06,2.349939474272378
0.08,0.0,0.55,1.7826543719409818
1.16,0.0,0.08,1.2355970453253695
3.05,0.0,1.16,2.3245177143811375
4.58,0.0,3.05,4.258005766619068
7.079999999999999,1.3060765,4.58,5.925196143379554
9.4,7.330683,7.079999999999999,8.56458516030623
13.06,11.204742,9.4,11.022184169469211
20.34,14.905323,13.06,14.699288821537305
25.08,22.272743,20.34,21.744034129530924
29.07,27.1227,25.08,26.6444369108887
34.27,31.664309,29.07,30.885187291572382
40.33,35.879402,34.27,35.980273855018694
45.09,41.43122,40.33,41.82149932569042
48.72,46.063225,45.09,46.56318380522192
51.74,49.314873,48.72,50.12465638685627
52.55,51.564453,51.74,53.04895029430695
55.89000000000001,54.024246,52.55,53.8324197852087
58.39,55.99846,55.89000000000001,56.74443471647003
59.83,57.540596,58.39,59.00783708865326
61.83,58.764603,59.83,60.33454664135688
62.25999999999999,60.76859,61.83,61.9527501215993
64.64,60.600887,62.25999999999999,62.232816251345305
64.23,61.857285,64.64,64.21220052349382
54.35,61.29305,64.23,63.661558130713104
59.88999999999999,51.058575,54.35,54.78432227153369
58.25,56.48107,59.88999999999999,58.6566769583142
55.44,54.910477,58.25,56.71361682628809
35.18,52.288857,55.44,54.058430054182615
19.84,36.072853,35.18,35.494093941646994
24.68,23.041403,19.84,20.364281198254307
14.169999999999998,21.710905,24.68,22.676467793555627
11.55,13.203267,14.169999999999998,12.207716600253463
8.1,7.012659,11.55,9.440927061025278
4.85,2.0609252,8.1,6.052031620862977
3.95,0.0,4.85,3.2378655218589882
2.07,0.0,3.95,2.6766326467925277
1.19,0.0,2.07,0.9132032357400575
0.79,0.0,1.19,0.203067005045853
0.72,0.0,0.79,-0.13068759505735703
0.01,0.0,0.72,-0.08198557918823304
0.23000000000000004,0.0,0.01,-0.13945089224842477
1.69,0.0,0.23000000000000004,0.060797507936266
3.9699999999999998,0.0,1.69,1.6578727191522844
6.33,0.0,3.9699999999999998,4.433111284637717
9.24,8.979463,6.33,7.266789547231721
13.44,16.098465,9.24,10.574714793864938
24.24,21.688324,13.44,15.078404069033516
35.75,28.939672,24.24,25.5382201640805
42.71,39.883827,35.75,36.91541085103342
48.31,48.67192,42.71,44.53106664371973
52.9,54.64802,48.31,50.61561367441734
57.42,58.397793,52.9,55.3662805726494
61.19,63.254242,57.42,59.67870322686838
64.48,66.282745,61.19,63.14489454254094
67.11,68.85303,64.48,66.16393492022868
69.15,70.9602,67.11,68.56279430372294
70.66,73.355965,69.15,70.35433957084742
72.2,74.49852,70.66,71.54884610235285
73.97,74.690254,72.2,72.84462101989173
74.89,75.33907,73.97,74.1023876806567
75.03,75.953156,74.89,74.56795817903775
75.02,75.122314,75.03,74.47720017860804
73.48,74.29648,75.02,74.17325444503362
71.74,72.268745,73.48,72.52276914956576
71.38,69.780815,71.74,70.54749877897187
69.5,68.16917,71.38,69.79191093028227
67.31,65.89249,69.5,67.66474602554216
65.63,63.199192,67.31,65.30686404632766
61.65,60.06312,65.63,63.34592036611603
56.12,55.83482,61.65,59.36576406067953
51.38,50.650074,56.12,53.95115664744023
46.0,45.19073,51.38,49.15405293376653
40.51,38.783367,46.0,43.79931170961706
33.84,32.76793,40.51,38.449204520209925
24.04,27.406246,33.84,31.92306181528612
11.24,20.095282,24.04,22.630036324983458
7.66,9.863215,11.24,10.439842488689369
5.43,3.621061,7.66,6.234858424968051
2.91,0.0,5.43,3.599709639342631
1.34,0.0,2.91,1.1535776300413905
0.0,0.0,1.34,-0.23062354604950375
0.11,0.0,0.0,-1.3343658515992893
1.61,0.0,0.11,-3.424956769800246
3.8500000000000005,0.0,1.61,-1.5335974352327686
5.99,0.0,3.8500000000000005,1.1797801074195424
9.15,2.234426,5.99,3.9251125099908597
12.05,7.6616135,9.15,7.593458132777612
24.63,10.7398615,12.05,11.104793204325553
19.1,17.710238,24.63,23.374746903189937
37.06,19.493303,19.1,19.560943205286975
42.12,31.084312,37.06,36.38727855445149
33.68,38.744213,42.12,41.96603436062597
18.82,36.251537,33.68,35.278375485064096
13.02,27.416903,18.82,21.688938474957823
11.74,20.802782,13.02,15.209209821289338
10.48,16.644989,11.74,13.305445659740917
12.22,13.670963,10.48,11.456624500047457
11.99,15.288921,12.22,12.785843083917243
12.91,15.419676,11.99,12.906319837983984
13.19,15.403538,12.91,14.1285826495435
7.760000000000001,15.031755,13.19,14.271819973671429
5.42,11.680679,7.760000000000001,9.805608925446416
6.55,8.812897,5.42,7.257077730599598
5.49,7.600659,6.55,7.693439618899889
7.030000000000001,5.2285976,5.49,6.897973572263756
11.46,5.7564626,7.030000000000001,8.464326418940395
12.47,9.291265,11.46,12.342831383916051
7.73,11.986832,12.47,13.675776512653616
6.42,10.263307,7.73,10.003369185677183
4.52,8.684142,6.42,8.617391182858004
5.65,6.83302,4.52,6.63739034162594
4.9,6.069906,5.65,7.375193492153662
5.31,4.7735357,4.9,6.631948426266816
4.44,4.195813,5.31,6.965447526904366
4.04,2.9483867,4.44,6.510071945493615
4.43,3.0503676,4.04,6.163949852445264
1.8599999999999999,3.4215295,4.43,6.498441878632384
1.34,1.4860847,1.8599999999999999,4.12103275353526
0.4600000000000001,0.22012082,1.34,3.378496389150446
0.58,0.0,0.4600000000000001,2.3807407228235316
1.68,0.0,0.58,1.5029834914182545
3.61,0.0,1.68,2.6737829264003405
6.53,0.0,3.61,4.645349636936467
8.94,3.2639966,6.53,7.603484786941997
14.99,6.898651,8.94,10.160997099988268
19.31,11.998424,14.99,15.9008897342843
17.03,18.389883,19.31,20.324397891515847
13.3,18.356672,17.03,18.81571903671504
13.97,15.064646,13.3,15.589656964746643
13.13,13.071915,13.97,15.898781503122573
15.009999999999998,13.32045,13.13,14.992042319461238
20.76,14.036696,15.009999999999998,16.54400385393587
22.45,17.921923,20.76,21.690297324721342
14.87,21.20965,22.45,23.641260335228015
17.33,19.27751,14.87,17.381136484943173
15.839999999999998,18.871164,17.33,19.241329228661485
16.6,16.85318,15.839999999999998,17.728760969620446
20.14,16.020155,16.6,18.118489892903987
18.49,17.656208,20.14,21.016477132963043
17.37,16.702843,18.49,19.832955404648178
21.58,14.867946,17.37,19.354774750710636
25.19,16.593594,21.58,22.70032595758297
22.98,19.291346,25.19,26.039789320006584
15.76,19.120077,22.98,24.361331200851094
14.169999999999998,14.815363,15.76,17.801033294422236
13.92,11.653706,14.169999999999998,15.852934104932327
14.77,9.357087,13.92,15.313277822333465
11.59,8.674157,14.77,15.645389406751399
11.63,6.295878,11.59,12.813793356796529
13.97,5.3769507,11.63,12.733189369669894
14.159999999999998,5.4266233,13.97,14.759280375591029
12.17,5.4858136,14.159999999999998,14.945262772924924
15.79,4.33899,12.17,13.305505087436048
15.54,5.8193355,15.79,16.256337560977006
11.0,4.986357,15.54,16.182901821517408
3.8500000000000005,1.2798845,11.0,12.298294130237986
1.46,0.0,3.8500000000000005,5.830299735354921
0.45,0.0,1.46,3.09478285262602
0.07,0.0,0.45,1.6502496101596567
1.41,0.0,0.07,0.6680128060616436
3.35,0.0,1.41,2.1606996552232793
6.63,0.0,3.35,4.399076138162163
10.21,3.9912887,6.63,7.961374790458139
13.989999999999998,11.864396,10.21,11.774748262666012
23.08,17.237993,13.989999999999998,15.830733103517279
36.93,22.835121,23.08,24.58411469091542
44.44,32.11452,36.93,37.913119199881024
49.86,40.24966,44.44,45.982717809024976
54.36,46.514484,49.86,51.963800456424686
58.36,50.77943,54.36,56.58933053946041
62.21,55.675327,58.36,60.40823894479095
65.14,59.254604,62.21,63.900391948764586
68.18,62.7309,65.14,66.39992907072339
70.89,65.89413,68.18,69.08535552836383
72.64,69.33119,70.89,71.47676339559571
73.59,71.14555,72.64,72.9984540203997
75.01,72.171715,73.59,73.75395942608168
75.67,73.02175,75.01,74.76682945911833
75.84,73.5855,75.67,74.92367185041273
75.72,72.623726,75.84,74.79023633813826
76.6,71.25024,75.72,74.331291804781
15.360000000000001,69.96879,76.6,74.7805860666382
20.05,31.671515,15.360000000000001,19.657249579318936
16.24,26.262117,20.05,19.933215056793234
16.01,20.213148,16.24,13.761730570675635
13.16,15.553903,16.01,12.803397891807126
10.14,8.257698,13.16,10.616256774934506
8.32,4.3762097,10.14,7.672762395275317
7.04,0.0,8.32,7.432014162441394
5.68,0.0,7.04,5.927989410367795
5.0,0.0,5.68,4.750063140249934
4.43,0.0,5.0,4.118242070997094
3.87,0.0,4.43,3.6329376510517206
3.08,0.0,3.87,3.2221793950862345
2.11,0.0,3.08,3.9492326606982173
1.33,0.0,2.11,3.0444276807817956
0.74,0.0,1.33,2.4526035038356673
0.12000000000000001,0.0,0.74,1.9521981518260343
0.030000000000000002,0.0,0.12000000000000001,1.4998861374704375
1.32,0.0,0.030000000000000002,1.0331095164168875
3.76,0.0,1.32,2.627244227337881
7.059999999999999,0.0,3.76,5.423621657127422
10.83,6.5266066,7.059999999999999,9.109879352846136
14.27,15.165344,10.83,13.26808948395658
23.02,21.24704,14.27,17.147905022106784
38.03,27.383888,23.02,25.83928469151234
45.42,39.496395,38.03,39.90196889227512
49.92,47.73216,45.42,47.898829753334994
54.42,52.70389,49.92,53.03584602046048
58.50000000000001,55.266293,54.42,57.53869858939394
62.07,59.30749,58.50000000000001,61.32891680250484
64.87,62.023464,62.07,64.48899566345548
67.66,64.12955,64.87,66.82232900047617
70.55,65.958405,67.66,69.2338787194045
72.28,69.24651,70.55,71.76919671515054
74.1,70.85644,72.28,73.29218605954179
75.54,72.17504,74.1,74.88305616831866
75.42,73.298615,75.54,75.92431173506066
75.56,73.641174,75.42,75.32329075454439
75.15,72.76254,75.56,75.17457911077011
74.62,71.035995,75.15,74.36511821964548
73.32,69.489784,74.62,73.55305582824826
71.91,67.37357,73.32,71.94017945996606
70.19,64.88035,71.91,70.23062368094429
68.22,62.327,70.19,68.34577663388963
65.29,59.52322,68.22,66.1965903236206
55.67000000000001,55.481335,65.29,63.09781756702661
56.82,48.848427,55.67000000000001,53.969562391997414
52.02,45.180695,56.82,54.27598623692174
42.34,40.55939,52.02,49.527680744710395
5.81,31.710617,42.34,40.55817906323332
5.17,6.08854,5.81,7.021004176460311
6.25,0.0,5.17,4.182037815188515
4.41,0.0,6.25,3.4669042507486205
3.12,0.0,4.41,1.5851860496258343
1.68,0.0,3.12,0.9186656565998952
0.53,0.0,1.68,-0.11247841714906254
0.67,0.0,0.53,-0.15774989950278817
1.65,0.0,0.67,-2.2182229835017466
3.41,0.0,1.65,-0.8511903158214874
5.45,0.0,3.41,1.1486102356934758
7.47,0.0,5.45,3.645452582311687
8.57,1.4730757,7.47,6.225580199083326
10.5,4.655343,8.57,8.560926291223804
11.35,7.771885,10.5,10.732984106771648
13.36,9.309823,11.35,11.91121916053902
18.99,11.54802,13.36,14.107036581714576
17.59,17.77972,18.99,19.48764368572054
15.14,19.86846,17.59,18.81137454229438
15.530000000000001,18.752611,15.14,17.1076780953117
28.28,17.653397,15.530000000000001,17.58380223571009
20.51,26.73512,28.28,28.681987002789217
22.21,26.43635,20.51,22.599199680752303
25.06,27.361952,22.21,24.196226274757354
23.92,28.215483,25.06,26.607098244582605
26.7,29.527384,23.92,25.42337228111102
23.47,30.14766,26.7,27.952276715524558
28.360000000000003,27.92221,23.47,24.802214308314436
26.55,28.921288,28.360000000000003,29.185091963089786
25.93,28.173088,26.55,27.435178975944762
17.07,26.717094,25.93,26.81498023605891
15.849999999999998,19.604956,17.07,18.971143824768006
14.829999999999998,16.236935,15.849999999999998,17.27356385259234
13.02,14.45512,14.829999999999998,15.585284167522794
9.34,11.079675,13.02,13.86028162145199
10.17,7.065148,9.34,10.60711584071239
11.44,6.2244287,10.17,10.9000123807008
7.859999999999999,5.5383825,11.44,12.02076272496499
9.79,3.0135126,7.859999999999999,8.90400800603024
4.39,2.6546292,9.79,10.546691565513346
2.56,0.0,4.39,5.641551543211056
1.66,0.0,2.56,3.9408299379284095
1.46,0.0,1.66,2.7663419450520608
0.27,0.0,1.46,2.4375801949978597
0.02,0.0,0.27,1.4401176171129155
0.68,0.0,0.02,0.22393082997013522
1.57,0.0,0.68,1.088565880153289
2.89,0.0,1.57,2.236829595942252
4.56,0.0,2.89,3.7199080183862456
6.920000000000001,0.6275326,4.56,5.476110173369744
9.48,2.624195,6.920000000000001,8.017250238689709
10.78,6.5863643,9.48,10.616746595945797
12.59,7.8478017,10.78,12.3370331158906
13.9,9.610539,12.59,14.312172243582182
14.59,11.025758,13.9,15.769777929693115
17.08,14.13629,14.59,16.56631370979041
18.27,16.424086,17.08,18.910976705932224
15.669999999999998,18.215664,18.27,20.069297459619996
16.0,17.05535,15.669999999999998,18.040875455615495
13.92,17.922,16.0,18.231372307835482
14.81,16.484837,13.92,16.34203546048793
14.730000000000002,16.205334,14.81,16.974867401814976
12.94,15.984059,14.730000000000002,16.797383244157253
12.08,15.666246,12.94,15.219913806128295
15.08,15.085981,12.08,14.363302770850666
16.34,16.581186,15.08,16.70973716182306
14.24,17.27579,16.34,17.839024342870445
13.26,16.220793,14.24,16.165556313331685
14.07,14.640646,13.26,15.191054153625032
11.27,13.781894,14.07,15.695041486764634
11.94,11.177822,11.27,13.209689401450163
13.04,10.383853,11.94,13.52341459442651
11.99,10.312199,13.04,14.326894469637303
12.69,9.290445,11.99,13.476136172643963
12.07,9.010927,12.69,14.041658718898896
9.58,7.675469,12.07,13.406355112929688
8.76,5.4854875,9.58,11.25417876651059
7.760000000000001,4.0842366,8.76,10.227765585231314
6.83,2.7071018,7.760000000000001,9.056066654920746
4.94,0.25253335,6.83,8.153601345263382
3.18,0.0,4.94,6.327778666155317
1.64,0.0,3.18,4.573647058696328
0.18,0.0,1.64,3.0723458267076147
0.8,0.0,0.18,1.578308001587213
2.35,0.0,0.8,2.039377863683797
4.58,0.0,2.35,3.663573128193256
7.010000000000001,3.3212957,4.58,6.0173408381397735
9.79,9.9996,7.010000000000001,8.643205492326013
15.42,14.503615,9.79,11.651497627448245
22.92,18.66014,15.42,17.247430083355304
26.67,25.62363,22.92,24.578906377487883
31.419999999999998,29.668228,26.67,28.69523138460814
35.23,33.88964,31.419999999999998,33.571855111952864
38.52,37.030952,35.23,37.442273742285415
42.56,41.55864,38.52,40.676643842853146
46.1,44.99029,42.56,44.514690966807756
48.87,47.959938,46.1,47.83319591823993
50.6,50.70712,48.87,50.505807628567915
51.81,53.407894,50.6,52.10219135338406
54.14,54.428993,51.81,53.20669610566366
54.6,55.773247,54.14,55.20539786827391
55.97,56.235924,54.6,55.47496708374715
56.57000000000001,57.44858,55.97,56.45702288444952
55.98,57.284813,56.57000000000001,56.888943084504184
56.44,56.198936,55.98,56.19275244472145
56.830000000000005,55.715084,56.44,56.35589667238748
56.05,55.356457,56.830000000000005,56.36273433890128
52.16,54.13066,56.05,55.44310465754363
44.45,50.888885,52.16,51.6345803878739
46.11,44.530525,44.45,44.2963261525222
43.02,42.074585,46.11,45.026196762897285
13.86,38.79412,43.02,41.75845537837851
18.83,18.36551,13.86,15.361238247048021
15.6,16.121689,18.83,18.11696625239787
14.14,11.760264,15.6,14.14849448823049
10.56,8.241131,14.14,12.611648586297589
8.43,3.3923118,10.56,9.404476933175818
8.43,0.64869124,8.43,7.255687982308184
4.78,0.0,8.43,7.757319451400145
2.59,0.0,4.78,4.406432010592438
1.21,0.0,2.59,2.3926106883422236
0.3,0.0,1.21,1.1879400136874776
1.07,0.0,0.3,0.27300682904251516
3.07,0.0,1.07,0.19023888989501858
5.22,0.0,3.07,2.943257680410606
7.1,0.24927926,5.22,5.322568067342625
10.96,8.445492,7.1,7.686932543189775
19.57,14.594762,10.96,11.590432798980084
25.79,21.393887,19.57,19.862144655899794
29.62,30.295218,25.79,26.834022602264778
35.7,34.164246,29.62,31.24000814208854
39.28,39.565765,35.7,37.26906923035905
42.97,43.236897,39.28,41.05132009405061
44.64,47.930416,42.97,44.9399267669698
55.27,49.854286,44.64,46.7897565883187
65.19,56.607166,55.27,56.29615635158458
61.779999999999994,65.44712,65.19,65.51211732116884
60.7,66.84165,61.779999999999994,63.45591102619939
63.06,65.93768,60.7,62.648829724241594
63.59,65.25716,63.06,64.29306533461717
65.06,65.00401,63.59,64.40344904368261
67.19,65.95188,65.06,65.34864219546137
66.31,67.18977,67.19,66.93892919387264
64.27,65.85799,66.31,66.20464631210375
64.14,64.06805,64.27,64.15676554610593
60.529999999999994,63.04059,64.14,63.54645323640659
60.529999999999994,60.084484,60.529999999999994,59.901764433506756
47.75,57.603584,60.529999999999994,59.26422884754774
52.63,51.55242,47.75,47.09946489003756
48.65,48.341396,52.63,50.85855282978307
44.28,44.07399,48.65,46.85937044855242
40.7,39.435223,44.28,42.69196456295572
37.42,34.594612,40.7,39.256684505739564
31.71,29.876772,37.42,35.79750950537671
25.91,24.158678,31.71,30.606426857341162
19.55,18.757061,25.91,24.803145319281718
11.32,12.805262,19.55,18.629554937774387
7.82,4.9110374,11.32,10.681892067788931
5.64,0.0,7.82,6.966064981959438
3.65,0.0,5.64,4.569878589714832
1.62,0.0,3.65,2.976216042533633
0.17,0.0,1.62,0.9430428091916967
0.88,0.0,0.17,-0.3327356860293884
2.5,0.0,0.88,-0.1935998371885791
4.65,0.0,2.5,1.8574873956235327
7.58,0.90854794,4.65,4.523773081473938
12.97,8.1902485,7.58,8.003617921263157
18.63,14.819179,12.97,13.713170578857314
32.95,20.591064,18.63,19.81963871168295
39.85,30.2119,32.95,33.81296044058207
44.67,37.322094,39.85,41.195066377155186
49.16,43.059216,44.67,46.59584291460162
53.1,47.12103,49.16,51.2567694217577
56.89999999999999,51.337494,53.1,55.131779442275594
60.29999999999999,54.55575,56.89999999999999,58.885845420246696
63.03000000000001,58.13364,60.29999999999999,61.94374345328931
65.33,61.327133,63.03000000000001,64.43723398853788
67.0,64.394104,65.33,66.58369514129998
68.77,65.994446,67.0,68.0759243220647
70.17,67.13995,68.77,69.49854370716272
70.57,67.82859,70.17,70.5498606919858
71.25,68.064415,70.57,70.56103465167205
71.07,67.85326,71.25,70.96770627448912
70.99,66.56549,71.07,70.53576739813174
70.72,65.16285,70.99,70.18027964898447
69.14,63.97813,70.72,69.5790416433552
66.59,61.714497,69.14,67.86520039988204
64.12,58.627087,66.59,65.19249363963348
61.37,55.324207,64.12,62.53429648688468
57.88,51.88152,61.37,59.55485916648779
54.78,47.369427,57.88,55.99761307430972
50.65,43.685074,54.78,52.792891088948586
46.01,39.41728,50.65,48.71763572636957
40.72,33.31674,46.01,44.25987908644252
34.66,27.93917,40.72,39.17273924343992
26.09,22.428234,34.66,33.34562431875751
11.96,16.19726,26.09,25.139297543431006
8.41,6.126152,11.96,11.716819292452263
6.44,0.0,8.41,7.541432829472495
3.81,0.0,6.44,5.059012386040714
2.18,0.0,3.81,2.437723697366711
0.67,0.0,2.18,0.9707889482130925
1.02,0.0,0.67,-0.3453205364959741
3.58,0.0,1.02,-1.0706543561222732
4.11,0.0,3.58,1.6905591154485904
6.68,0.0,4.11,2.7472405726722635
9.83,1.0587937,6.68,5.765257269545174
12.31,7.453889,9.83,9.264027855637377
23.09,11.061588,12.31,12.18333401660281
40.62,20.8584,23.09,23.079516631436604
30.63,37.055336,40.62,40.12254935009506
47.76,36.599453,30.63,32.31750290722313
35.93,48.204445,47.76,48.66146511188979
54.87,44.13145,35.93,38.693114947481064
43.86,54.908943,54.87,55.7250294614123
26.91,48.54143,43.86,46.271837232866694
48.72,40.045452,26.91,30.661160685341216
50.85,49.334072,48.72,49.26782772827187
69.22,55.63345,50.85,50.79428211058731
69.12,65.91612,69.22,69.00643886142947
64.94,69.51359,69.12,69.61390420344092
71.26,69.46238,64.94,66.29719395961517
74.72,68.68125,71.26,71.81763198865687
70.74,68.74537,74.72,74.29072778959794
68.36,65.61347,70.74,70.36486618856642
47.46,63.65087,68.36,68.04266288443921
55.26,51.3356,47.46,48.325911190693425
59.19,50.496647,55.26,54.18917881513642
57.04999999999999,51.125965,59.19,57.42885296984807
53.77,51.161865,57.04999999999999,55.1598804434173
49.73,47.118057,53.77,52.43351990584415
46.29,43.14885,49.73,48.0370020411862
42.03,38.28779,46.29,45.01141116139065
36.71,32.195942,42.03,40.68774742292258
30.17,26.390202,36.71,35.28577584316512
13.949999999999998,21.043829,30.17,28.83772192907693
7.04,8.242704,13.949999999999998,13.68721690613864
9.31,0.0,7.04,6.351879210106627
3.82,0.0,9.31,7.744824465916379
2.77,0.0,3.82,2.2827148976469087
0.9200000000000002,0.0,2.77,1.087644144789118
0.1,0.0,0.9200000000000002,-0.44233135377723554
1.8200000000000003,0.0,0.1,-0.897666841760151
3.37,0.0,1.8200000000000003,-0.09750168288716339
4.11,0.0,3.37,1.6670089363042402
3.56,0.0,4.11,3.0466272214586088
7.54,0.4025533,3.56,3.3038893076215805
8.23,6.3283224,7.54,7.2499613067509925
7.13,7.8396783,8.23,8.800057656810038
9.78,7.307195,7.13,8.483487127964894
11.79,8.385866,9.78,10.863476670549566
15.179999999999998,12.0588875,11.79,13.024720382609768
17.84,15.648558,15.179999999999998,16.525262616093137
25.41,18.976656,17.84,19.315338557419803
40.13,25.230839,25.41,26.517507141050064
39.2,39.176147,40.13,40.275113742471575
46.75,43.462498,39.2,40.99802214278425
30.85,50.48594,46.75,48.23672499278192
52.55,41.36594,30.85,34.50868344424233
60.22,51.030373,52.55,53.66439235847484
62.07,59.31935,60.22,60.62925647281682
57.6,64.05456,62.07,63.00144956297479
33.14,60.841595,57.6,59.177105929872326
52.99,45.624905,33.14,36.33911956783958
55.129999999999995,51.23194,52.99,53.228418309006265
53.3,54.25724,55.129999999999995,54.36621702935916
50.32,54.3881,53.3,53.09753969299714
30.17,50.31195,50.32,50.174608614500066
20.31,34.9888,30.17,31.48245221642585
15.43,23.923769,20.31,21.42729252132994
12.55,15.788986,15.43,15.351778096132456
12.65,10.6386,12.55,11.284594057599593
15.76,7.559743,12.65,10.95560359865436
24.82,7.584013,15.76,13.54822558683545
12.19,13.138126,24.82,22.44611142302243
3.9699999999999998,5.1283016,12.19,12.586211148843393
4.48,0.0,3.9699999999999998,4.618172343541137
4.36,0.0,4.48,3.958968457149785
1.48,0.0,4.36,3.2571421806982097
0.08,0.0,1.48,0.8284664963628958
2.05,0.0,0.08,-0.30663890132980737
2.29,0.0,2.05,1.4189334356543404
4.43,0.0,2.29,2.2525957260964464
6.69,0.0,4.43,4.789311146677687
13.4,7.802769,6.69,7.361723656258757
14.680000000000001,16.855232,13.4,13.854843453861394
26.02,19.979813,14.680000000000001,15.80986668214336
31.77,27.678934,26.02,26.72192626617446
35.84,32.776333,31.77,33.11973011489359
40.27,38.68816,35.84,37.747432418319455
43.87,42.920776,40.27,42.447583294871286
46.84,47.513294,43.87,46.04170999997739
48.9,50.85264,46.84,49.07420090270659
52.82,53.265717,48.9,50.81263812042822
55.07,55.83866,52.82,54.421202502243055
58.4,59.36156,55.07,56.474132672572
57.98,61.70733,58.4,59.35810822074069
63.0,61.18036,57.98,59.18216105300094
63.16,62.595627,63.0,63.854598758955426
64.05,63.761845,63.16,63.73004468647594
63.86000000000001,63.67155,64.05,64.34713450603549
56.99000000000001,63.923943,63.86000000000001,64.0129951810739
71.17,60.000835,56.99000000000001,57.21048726873383
56.760000000000005,64.8883,71.17,69.64976290136194
61.68,58.597622,56.760000000000005,56.625969526049275
59.64,58.367706,61.68,60.89744615574402
57.76,54.749577,59.64,58.57741840719637
53.69,52.58637,57.76,56.48332721533367
49.79,47.52379,53.69,52.75571337319135
44.74,43.372875,49.79,48.42650483659338
40.87,38.321804,44.74,43.66347038675495
35.15,32.93026,40.87,39.541280021044265
29.39,27.083971,35.15,33.95887590653408
21.83,21.556799,29.39,28.310605324922037
11.93,14.668839,21.83,21.180995755277568
7.839999999999999,6.3881307,11.93,11.346022027089761
5.6,0.0,7.839999999999999,7.194506383307414
3.6400000000000006,0.0,5.6,4.399713077479238
1.7499999999999998,0.0,3.6400000000000006,2.435241906422415
0.3,0.0,1.7499999999999998,0.7620991141800965
0.9799999999999999,0.0,0.3,-0.42858668582016424
3.24,0.0,0.9799999999999999,-0.8865412534884697
3.4999999999999996,0.0,3.24,1.6832827590295294
5.05,0.0,3.4999999999999996,2.5287667874415836
7.4399999999999995,2.6530545,5.05,4.574333043664186
11.84,7.4971776,7.4399999999999995,7.3447447766070795
13.890000000000002,12.235248,11.84,12.012705178886204
17.22,16.44166,13.890000000000002,14.827326369587015
25.34,20.156694,17.22,18.280863132904887
40.01,26.560888,25.34,26.143286176030383
47.47,39.757267,40.01,40.15778528463086
50.49,50.012875,47.47,48.048736585370136
52.3,56.260773,50.49,51.91561030060759
52.78,57.85125,52.3,54.10428028532468
52.7,57.60131,52.78,54.69290252855004
54.96,57.94655,52.7,54.67113117736723
56.8,59.302494,54.96,56.416289351064236
57.0,60.954453,56.8,57.90678315798614
56.81,61.834335,57.0,58.024737011464005
59.31999999999999,62.178986,56.81,57.679204977019985
58.71,62.859715,59.31999999999999,59.69138514913134
58.419999999999995,61.630135,58.71,58.946449826255765
57.34,60.093616,58.419999999999995,58.268021766974485
56.720000000000006,57.900417,57.34,56.829023657160434
54.94,55.504486,56.720000000000006,55.91934474270679
53.21,52.17895,54.94,54.0584808877818
49.56,49.22415,53.21,52.174980554000136
47.19,44.828686,49.56,48.584958419751544
43.64,41.260883,47.19,45.98718218206604
39.65,37.77573,43.64,42.36396481700313
35.5,33.47874,39.65,38.366294954991986
31.3,28.362669,35.5,34.24962835623895
25.62,24.012104,31.3,29.978390445685182
8.44,18.132154,25.62,24.579149877915942
4.14,3.2790587,8.44,8.578284700235137
4.4,0.0,4.14,3.695941682065056
2.87,0.0,4.4,2.8994194557902926
0.76,0.0,2.87,1.4012657500463281
0.29,0.0,0.76,-0.1980394375593976
0.82,0.0,0.29,-2.878037115371853
1.21,0.0,0.82,-1.7391902366501397
1.89,0.0,1.21,-0.8718409240726731
2.68,0.0,1.89,0.19841670705656284
3.79,0.0,2.68,1.4110348606066685
4.5,0.0,3.79,2.888727726622047
4.3,0.0,4.5,4.051507170965133
4.68,0.0,4.3,4.663071921665936
5.58,0.0,4.68,5.389457142356111
6.03,2.3347645,5.58,6.432000949784971
6.32,3.962847,6.03,7.124448011342865
6.01,4.6508923,6.32,7.7994672497351125
6.35,4.8479376,6.01,7.778809318419891
4.79,6.848312,6.35,8.207949156749864
3.8,6.3782377,4.79,7.045691993734269
5.5,5.447895,3.8,6.234314826437859
6.79,5.872374,5.5,7.680143571202091
7.360000000000001,7.993808,6.79,8.858023939465204
6.63,9.026557,7.360000000000001,9.57726588384483
6.889999999999999,8.787206,6.63,8.979139550030107
5.56,8.178018,6.889999999999999,9.164585230518556
7.499999999999999,7.705101,5.56,8.0015332504451
6.96,8.563508,7.499999999999999,9.507185536745405
6.909999999999999,8.441002,6.96,8.978956815015838
8.36,8.297004,6.909999999999999,8.919506705637495
9.41,9.083201,8.36,10.082885193079182
10.09,9.947814,9.41,10.99480667600755
11.86,10.611676,10.09,11.70562324229556
12.22,11.798935,11.86,13.195657782302169
11.36,12.071536,12.22,13.514074058635936
9.55,11.681224,11.36,12.76330506248895
6.3,10.184979,9.55,11.022779858589457
4.2,7.6107373,6.3,7.8861204852993145
2.33,4.714787,4.2,5.7151898495909235
1.63,2.5154135,2.33,3.6461021937383506
0.38,1.2537564,1.63,2.7274066271097395
0.09,0.21922667,0.38,1.4095387048051289
1.14,0.0,0.09,1.099020294129995
2.95,0.0,1.14,2.1733457110324452
4.71,1.656254,2.95,3.9830088633426364
7.05,6.131144,4.71,5.880468961094863
9.87,9.322014,7.05,8.341909564744775
12.4,11.836416,9.87,11.292835448822862
16.02,15.773057,12.4,13.938282930979534
19.63,18.677984,16.02,17.568559429468355
25.74,21.755915,19.63,21.188713109724635
32.35,28.811348,25.74,27.268772289052745
37.39,35.472805,32.35,33.723217093601896
40.03,41.209415,37.39,38.91402915709609
42.89,43.972275,40.03,41.74580298489019
46.56,46.215725,42.89,44.49579845142772
49.4,49.524166,46.56,47.92315926050853
49.98,51.41772,49.4,50.62515565092575
51.15,52.56197,49.98,51.22851376657141
50.61,53.059822,51.15,52.288470162647556
50.69,53.870228,50.61,51.75213309663245
54.91,53.764084,50.69,51.53405905602766
54.38,54.569878,54.91,55.05344779197738
53.85,55.073753,54.38,54.550511913231446
53.08,54.718353,53.85,53.89860364937401
48.83,53.672947,53.08,52.87177735657914
45.41,49.222942,48.83,48.78351424135396
44.12,45.10538,45.41,45.23221371152825
40.05,42.41438,44.12,43.28004593851877
37.51,39.37462,40.05,39.10026456297432
33.76,35.18477,37.51,36.479127622051124
30.08,30.834396,33.76,32.6792924896321
26.74,26.374214,30.08,29.037101533478666
22.58,21.57258,26.74,25.70245936548564
17.03,17.30256,22.58,21.4631732854465
11.73,11.851328,17.03,16.18876462303173
8.24,6.08714,11.73,10.983914127531161
6.03,1.6990852,8.24,7.395657933456215
3.78,0.0,6.03,5.0888876314503655
1.66,0.0,3.78,2.8996387185756927
0.26,0.0,1.66,0.9257358286662593
0.4600000000000001,0.0,0.26,-0.2998728265901922
2.06,0.0,0.4600000000000001,-0.7799064070185572
4.4,0.0,2.06,1.0927806252036367
10.18,0.0,4.4,3.753648155751314
17.21,8.890808,10.18,9.560049236727192
8.51,18.105097,17.21,16.568652032967567
17.93,16.381075,8.51,10.119476511687761
27.07,20.370047,17.93,18.84521380855682
33.11,26.468477,27.07,27.51152031372235
35.02,34.412735,33.11,33.91785219430899
39.94,38.690514,35.02,36.68362429321331
45.29,44.078327,39.94,41.42878492341359
33.63,47.778084,45.29,46.89395231039647
51.35,43.085983,33.63,36.73666365966096
51.59,50.30686,51.35,52.059611289886384
53.89,54.10564,51.59,52.502739850604684
56.63,57.351986,53.89,55.11158811545743
57.56000000000001,58.481247,56.63,57.53349181346606
55.45,58.752514,57.56000000000001,58.44767976651226
56.99000000000001,57.18104,55.45,56.72651412113088
52.91,57.677082,56.99000000000001,57.20812042150302
39.81,54.23007,52.91,52.986574802751456
46.01,43.495686,39.81,40.84492281288381
52.0,44.302837,46.01,45.39372781213879
52.12,46.891026,52.0,50.17528174729664
48.98,46.91859,52.12,51.06866406511043
48.07,44.886223,48.98,48.088911053668646
38.43,41.95096,48.07,46.97747762005277
39.69,34.247066,38.43,38.14823831146777
33.38,31.865328,39.69,38.5570568982224
30.45,27.168417,33.38,32.14863190888931
26.35,22.777016,30.45,29.127211531540688
21.12,18.129696,26.35,25.07778795370233
16.33,13.07086,21.12,20.06389592481455
11.26,8.263014,16.33,15.80298151011698
7.8,3.7479048,11.26,10.52805799828319
5.39,0.2957141,7.8,6.935916021132174
2.84,0.0,5.39,4.292713435791656
0.78,0.0,2.84,1.9110733351806866
0.09,0.0,0.78,0.0307690188974466
0.24000000000000002,0.0,0.09,-2.3722831225654173
0.41,0.0,0.24000000000000002,-1.1411417513753708
0.53,0.0,0.41,-0.4712825022763305
0.9299999999999999,0.0,0.53,0.05159248690510047
2.47,0.0,0.9299999999999999,0.8391240406123989
1.56,0.0,2.47,2.6535185435070647
1.47,0.0,1.56,2.232588885200644
2.71,0.0,1.47,2.52165979727829
2.6,0.0,2.71,3.8472508890773685
2.82,0.9389177,2.6,4.089361231323106
4.33,1.6060927,2.82,4.565193623368641
4.23,2.567329,4.33,6.093169488008305
4.22,4.692602,4.23,6.204182618600604
3.49,5.448781,4.22,6.372816532170637
3.56,5.1306696,3.49,5.786763002617688
3.94,4.675793,3.56,5.851686972211791
3.6800000000000006,5.557006,3.94,6.139629585130697
3.94,5.6023684,3.6800000000000006,5.873954858998074
4.66,5.5825725,3.94,6.190409407097808
3.6800000000000006,6.1477036,4.66,6.761870939707168
3.19,6.216982,3.6800000000000006,5.902172511318213
2.9,5.8981,3.19,5.427248437819715
3.38,5.086476,2.9,5.036980326078822
3.36,4.5932713,3.38,5.228163044384135
3.31,3.5998888,3.36,5.108144577614136
2.49,2.8028703,3.31,4.988868869636958
2.25,1.6854899,2.49,4.212445807043694
2.35,1.0679002,2.25,3.835008707673181
1.47,0.0,2.35,3.7407079209226075
0.7,0.0,1.47,2.8830583045146745
0.61,0.0,0.7,2.0645766082232844
0.02,0.0,0.61,1.8071643796623447
0.86,0.0,0.02,1.2250570570663002
2.78,0.0,0.86,3.8028717093390063
5.49,0.0,2.78,5.79301921618724
9.26,1.2291145,5.49,8.632168172384274
13.24,9.846439,9.26,12.541646810718255
18.79,16.13378,13.24,16.663040418781524
35.24,19.046549,18.79,22.2308699755868
45.06,27.59866,35.24,37.666993100356
52.4,35.21289,45.06,47.733598752875466
57.98,44.37979,52.4,55.56139887369555
62.650000000000006,50.640125,57.98,61.2983508405701
67.19,56.431503,62.650000000000006,65.80437254567141
70.5,60.67281,67.19,70.1023672115436
74.1,64.56751,70.5,72.89304322527896
77.71,68.98017,74.1,76.10296644805135
80.56,73.004326,77.71,79.19323275880014
82.35,74.98879,80.56,81.7121707819201
83.82,76.472206,82.35,83.1670984642962
85.3,77.96237,83.82,84.24105366534323
86.22,79.697235,85.3,85.09050700945545
86.35,79.74264,86.22,85.49511855443663
85.49,78.83484,86.35,85.22212862696148
83.46,77.01542,85.49,84.01050662091463
82.13,74.47915,83.46,81.67156394109621
79.53,72.01569,82.13,79.91668880345568
76.38,68.66102,79.53,77.04928463446862
73.27,65.13011,76.38,73.66168448944615
69.83,60.68232,73.27,70.23839276706403
67.03,56.581757,69.83,66.5958015783071
64.19,52.8,67.03,63.64513048025404
60.47,48.536808,64.19,60.755877159893274
55.9,42.67095,60.47,57.259328260799286
50.59,36.981396,55.9,52.9984871593353
41.17,31.79832,50.59,47.94968488975569
23.19,24.850409,41.17,39.06397608315003
14.46,12.804438,23.19,22.284254024551092
11.34,4.033526,14.46,13.211771032598262
7.32,0.0,11.34,9.309924900131723
3.58,0.0,7.32,5.166514386017587
0.71,0.0,3.58,1.6392411800483742
0.76,0.0,0.71,-1.0703575701922086
2.79,0.0,0.76,-1.6726448507477456
6.73,0.0,2.79,0.9076180402574957
10.03,0.0,6.73,5.3053117731459025
13.8,3.7515626,10.03,9.322502347542054
20.74,12.48148,13.8,13.70003662558053
38.5,19.75751,20.74,21.143166740701364
48.37,31.61621,38.5,38.48440005163284
54.32,42.44371,48.37,49.083975206674744
59.81,50.199715,54.32,55.87051940501458
63.92,55.05727,59.81,61.62189252838171
67.98,59.657864,63.92,65.7299931147241
71.19,63.0904,67.98,69.79619861494433
74.36,66.80274,71.19,72.65926763304293
76.58,70.5568,74.36,75.59645781765465
78.14,74.33507,76.58,77.71750329980685
80.18,76.66091,78.14,79.14169481806164
82.17,78.61748,80.18,80.90089069707322
82.86,80.30523,82.17,82.51466662005882
83.27,81.77993,82.86,82.56066816571766
83.35,80.9121,83.27,82.55567822435151
83.17,79.863235,83.35,82.27294720898612
81.76,78.46381,83.17,81.77995947512218
79.54,76.07297,81.76,80.06536873547373
78.02,73.154,79.54,77.61491300858725
75.4,70.12364,78.02,75.66095095746986
72.85,66.46506,75.4,72.81729577154275
70.03,62.237347,72.85,70.04894078567249
66.34,58.259544,70.03,67.09635385576637
62.07,53.780785,66.34,63.34391108171082
57.53,48.85257,62.07,59.122132209707615
52.33,42.26061,57.53,54.6943462635909
46.54,36.360607,52.33,49.69754385653064
