actual,lstm_pred,persistence_pred,linear_pred
1.79,1.2462857,1.01,1.5180155101443704
1.91,2.401481,1.79,2.389939747551758
2.34,2.9589133,1.91,2.4907264113722776
2.84,3.3555152,2.34,2.9524224974980284
3.15,3.7305503,2.84,3.5490625747986573
3.52,4.792128,3.15,3.8282470365885644
3.9799999999999995,4.965646,3.52,4.288531669897166
4.77,5.404788,3.9799999999999995,4.694597932025546
5.26,5.926857,4.77,5.432776613355816
5.54,6.704242,5.26,6.0086024514289
5.99,7.7254844,5.54,6.209123147774672
6.67,7.7962804,5.99,6.71418437441687
5.85,7.4123745,6.67,7.363574991691685
6.59,7.66715,5.85,6.566035032176248
6.74,7.254477,6.59,7.311974420239787
7.93,7.51243,6.74,7.358790628259607
8.63,8.355712,7.93,8.56185363068251
7.780000000000001,8.494224,8.63,9.336969539341549
9.12,7.9658113,7.780000000000001,8.47502736688134
9.03,8.855301,9.12,9.730005400991434
9.73,8.449077,9.03,9.712021481825508
9.84,8.907259,9.73,10.359609314234046
9.35,8.60554,9.84,10.44671679857509
10.88,8.574153,9.35,9.823210074033227
9.93,9.336212,10.88,11.25744374571886
9.52,8.947327,9.93,10.426929812563484
9.87,9.059037,9.52,9.98346166957928
9.65,8.771819,9.87,10.102460442857367
9.36,8.277481,9.65,10.02523495133235
9.81,7.898901,9.36,9.673276520005022
8.93,7.5144453,9.81,10.062185312232984
7.7299999999999995,7.545864,8.93,9.143010408637434
8.31,6.9178705,7.7299999999999995,7.8586653738360654
6.6,6.421667,8.31,8.478885319866777
7.19,5.7492604,6.6,6.714563290259506
6.43,5.1091566,7.19,7.373671597545384
5.43,4.931495,6.43,6.522379350230073
4.29,4.3088446,5.43,5.493937617738998
4.88,3.4229205,4.29,4.315694091327411
4.96,3.242989,4.88,4.873655810546349
2.87,3.2544427,4.96,4.8781711622120465
2.27,2.2008588,2.87,2.97836882987694
2.28,1.5558399,2.27,2.222466401122107
1.33,1.2361978,2.28,2.2220397830661347
0.62,0.5026356,1.33,1.3755217192454006
0.28,0.0,0.62,0.4859533699681065
0.13,0.0,0.28,0.1695869187116461
0.0,0.0,0.13,0.035095480492819964
0.0,0.0,0.0,-0.0973437388039404
0.0,0.0,0.0,-0.045758493126097366
0.0,0.0,0.0,0.040535745524595095
0.0,0.0,0.0,0.0013055071107605232
0.0,0.0,0.0,0.0319583961978169
0.0,0.0,0.0,0.08633201898017161
0.0,0.0,0.0,0.08194961881177829
0.0,0.0,0.0,0.03801170289927203
0.0,0.0,0.0,-0.03126456647084962
0.0,0.0,0.0,0.043609641132440966
0.0,0.0,0.0,0.0370265308656062
0.0,0.0,0.0,0.027553974794182964
0.0,0.0,0.0,-0.047276231832849014
0.0,0.0,0.0,0.003273210608726422
0.0,0.0,0.0,-0.030562049871651203
0.0,0.0,0.0,-0.05142895817348343
0.0,0.0,0.0,-0.004172018880221756
0.0,0.0,0.0,0.0019087814985046733
0.0,0.0,0.0,-0.03006611329662609
0.0,0.0,0.0,-0.14158027460543357
0.0,0.0,0.0,-0.17959672109236338
0.0,0.0,0.0,-0.14814851952191413
0.0,0.0,0.0,-0.10694814443109477
0.0,0.0,0.0,-0.1461049325474515
0.0,0.0,0.0,-0.1002309163792326
0.0,0.0,0.0,-0.19029562253736282
0.0,0.0,0.0,-0.14202513724025762
0.0,0.0,0.0,-0.14660692854478097
0.0,0.0,0.0,-0.07200573576502708
0.0,0.0,0.0,-0.11408370757279823
0.0,0.0,0.0,-0.025951684042490597
0.0,0.0,0.0,0.00923795444539896
0.0,0.0,0.0,0.005569443278898613
0.0,0.0,0.0,0.04167702172528303
0.0,0.0,0.0,0.047018999171175094
0.0,0.0,0.0,0.11399867769554828
0.0,0.0,0.0,0.08827894146210619
0.0,0.0,0.0,0.08819823489272564
0.0,0.0,0.0,0.23228666612028187
0.0,0.0,0.0,0.24706401925132232
0.0,0.0,0.0,0.19260024527578287
0.0,0.0,0.0,0.26064832199742693
0.09,0.0,0.0,0.3816821288664217
0.15,0.0,0.09,0.44894740390671173
0.39,0.0,0.15,0.6717469406591245
0.78,0.0,0.39,0.8711105341088509
0.9499999999999998,0.45138893,0.78,1.2916551654059933
1.8900000000000001,0.8937769,0.9499999999999998,1.5411977342148893
2.29,1.8717606,1.8900000000000001,2.538042074959233
3.3,3.2250426,2.29,2.9744143335945767
4.61,4.3715444,3.3,4.076776987902655
5.17,5.275241,4.61,5.470887488611434
7.18,6.240123,5.17,6.098109004012301
7.64,8.506163,7.18,8.201040570661606
9.0,9.649517,7.64,8.638141893416723
9.43,10.651539,9.0,10.031752622518804
11.8,10.730629,9.43,10.472571533353
12.45,12.765694,11.8,12.696111497830906
12.2,13.485782,12.45,13.447135154377031
12.32,13.632969,12.2,13.257936444473033
13.84,13.659827,12.32,13.282202071071211
12.36,14.038413,13.84,14.674880018706189
13.66,13.802593,12.36,13.141662446608267
13.63,13.943163,13.66,14.499202216089891
11.94,13.988305,13.63,14.235656698517849
13.71,13.427283,11.94,12.564305213281044
10.95,13.898901,13.71,14.216577540260943
13.33,12.928768,10.95,11.427233573027827
11.28,13.195138,13.33,13.741730485751036
12.64,12.486791,11.28,11.503398876790676
12.96,12.990448,12.64,12.759812779149428
13.76,12.706175,12.96,13.190609576496307
11.44,12.745605,13.76,13.986740028783927
11.06,11.593636,11.44,11.674563711482552
12.47,11.507445,11.06,11.112156016198123
11.21,11.220981,12.47,12.521946977996885
13.44,11.179113,11.21,11.129727844761694
12.81,11.483499,13.44,13.42083427198485
11.54,11.50769,12.81,12.817415138835322
10.06,10.900062,11.54,11.743333294606959
7.68,9.6952305,10.06,10.180986779305211
7.62,8.430883,7.68,7.636689299840571
6.61,7.642336,7.62,7.435965909156402
5.26,6.603654,6.61,6.398597730747213
4.71,5.6535797,5.26,5.1380133433421316
4.36,4.6526427,4.71,4.485370488814056
4.15,4.354757,4.36,4.112299048436581
2.82,3.769589,4.15,3.9868484455614333
2.33,2.9928474,2.82,2.713690999817558
2.2,2.1616654,2.33,2.2398887420255047
1.9500000000000002,1.5676137,2.2,2.058188551873028
1.38,1.0352056,1.9500000000000002,1.8882940916573805
0.71,0.6721312,1.38,1.2814180397593429
0.28,0.0,0.71,0.7439735160219241
0.14,0.0,0.28,0.3189870395762831
0.0,0.0,0.14,0.07354008585979926
0.0,0.0,0.0,0.005946099146630357
0.0,0.0,0.0,-0.028686393932029
0.0,0.0,0.0,0.06099338021393022
0.0,0.0,0.0,0.057867361669585865
0.0,0.0,0.0,0.06091777526515782
0.0,0.0,0.0,0.19288778522751732
0.0,0.0,0.0,0.20096780818499113
0.0,0.0,0.0,0.14189730264144657
0.0,0.0,0.0,0.12642093033325072
0.0,0.0,0.0,0.21788989914335463
0.0,0.0,0.0,0.15927634094120402
0.0,0.0,0.0,0.09889815959309062
0.0,0.0,0.0,0.06062887841135518
0.0,0.0,0.0,0.040441255035967294
0.0,0.0,0.0,0.07055107661159243
0.0,0.0,0.0,0.06545582268241545
0.0,0.0,0.0,0.014346857146271402
0.0,0.0,0.0,0.04296211641400569
0.0,0.0,0.0,0.004964499950102959
0.0,0.0,0.0,-0.02102716976588221
0.0,0.0,0.0,0.03757958350851617
0.0,0.0,0.0,0.034860703549217734
0.0,0.0,0.0,0.020147642471800287
0.0,0.0,0.0,0.06009015545926925
0.0,0.0,0.0,-0.03411466430362997
0.0,0.0,0.0,-0.05842006539218486
0.0,0.0,0.0,-0.01670786651870291
0.0,0.0,0.0,0.06079220855348566
0.0,0.0,0.0,0.05873908832931672
0.0,0.0,0.0,0.017088402489652647
0.0,0.0,0.0,0.02334874042678299
0.0,0.0,0.0,0.13713494888505795
0.0,0.0,0.0,0.14337799607040877
0.0,0.0,0.0,0.11504853573553683
0.0,0.0,0.0,0.2273484642999009
0.0,0.0,0.0,0.26069287358290033
0.0,0.0,0.0,0.215235719516048
0.0,0.0,0.0,0.21145495406448822
0.0,0.0,0.0,0.3604223428568268
0.0,0.0,0.0,0.3285220342523891
0.0,0.0,0.0,0.36962233546714346
0.0,0.0,0.0,0.4141163628898608
0.09,0.0,0.0,0.513604234342379
0.15,0.0,0.09,0.7080701593412743
0.38,0.0,0.15,0.7757558275296238
0.74,0.3037208,0.38,0.9749523218037804
1.11,0.8102412,0.74,1.3983879540491464
1.25,1.5980392,1.11,1.819691667498812
2.11,2.0745687,1.25,2.1418383223999897
3.46,3.4166474,2.11,3.005925284832864
3.29,4.6809683,3.46,4.404217419450739
4.2,5.4559083,3.29,4.348120352123868
5.96,6.126187,4.2,5.173166438940547
6.95,7.8241644,5.96,6.902283851992194
8.81,9.577064,6.95,8.011486813416388
10.79,10.658768,8.81,9.919447658090293
11.68,12.348812,10.79,11.951143283804019
12.61,13.651577,11.68,12.933064657343191
15.459999999999999,14.06419,12.61,13.910676637498888
16.29,15.4500065,15.459999999999999,16.608545748444083
16.79,16.075876,16.29,17.590880009588933
16.44,16.98445,16.79,18.034862930289172
16.86,17.392918,16.44,17.60047592189592
18.2,17.308678,16.86,17.900222671991266
17.69,17.560833,18.2,19.206014813296832
19.0,17.926378,17.69,18.616604151466337
21.01,18.333364,19.0,19.81472285325833
21.46,19.39907,21.01,21.696480207293966
18.67,19.643673,21.46,22.290879664417822
21.7,19.338865,18.67,19.36176904106357
23.06,20.17932,21.7,22.232696176876857
22.69,20.30502,23.06,23.40098481185819
19.16,20.069666,22.69,23.217829300941485
20.02,19.988394,19.16,19.602927026706066
19.35,19.194958,20.02,20.092826786691347
21.23,18.446804,19.35,19.344705903190768
18.95,19.075357,21.23,21.1667969705217
20.31,17.475769,18.95,18.813577423765963
20.18,17.885927,20.31,20.087537152853688
15.170000000000002,16.729912,20.18,20.02296355078081
13.76,15.597543,15.170000000000002,15.049763790203885
14.31,13.314492,13.76,13.473909317351458
12.28,12.825894,14.31,13.735792996319216
12.86,11.696414,12.28,11.66940683238516
12.07,11.181885,12.86,12.26183045318155
9.02,10.034881,12.07,11.567953371342004
7.5,8.4052925,9.02,8.492578191729452
5.55,6.8586197,7.5,6.941208440434741
5.27,5.5342093,5.55,4.843271114094864
4.59,3.9661913,5.27,4.66929666314364
3.38,3.2028928,4.59,3.8123490776143774
2.32,2.3323722,3.38,2.695905397418538
1.35,1.2558963,2.32,1.87299542543087
0.44,0.03348668,1.35,0.9053739937806715
0.25,0.0,0.44,0.097742240791312
0.0,0.0,0.25,-0.14440300693669722
0.0,0.0,0.0,-0.3063712098992605
0.0,0.0,0.0,-0.3266640897191383
0.0,0.0,0.0,-0.08746061854352158
0.0,0.0,0.0,-0.12406475545119089
0.0,0.0,0.0,-0.023442045318454036
0.0,0.0,0.0,0.07975780064136927
0.0,0.0,0.0,0.15525668616460517
0.0,0.0,0.0,0.09580751758404525
0.0,0.0,0.0,0.18236274766494504
0.0,0.0,0.0,0.2438308148138245
0.0,0.0,0.0,0.18380821349363136
0.0,0.0,0.0,0.2155702869698868
0.0,0.0,0.0,0.22512258806445765
0.0,0.0,0.0,0.1876167187438304
0.0,0.0,0.0,0.2500399275451714
0.0,0.0,0.0,0.20922545769636383
0.0,0.0,0.0,0.2488090120302759
0.0,0.0,0.0,0.29325652698098575
0.0,0.0,0.0,0.27036679805574665
0.0,0.0,0.0,0.24373879477193106
0.0,0.0,0.0,0.15769379952169857
0.0,0.0,0.0,0.12102383742651007
0.0,0.0,0.0,0.09936743349826159
0.0,0.0,0.0,0.08784422484205548
0.0,0.0,0.0,0.03559494256534755
0.0,0.0,0.0,0.13656061279663773
0.0,0.0,0.0,0.012555096611632302
0.0,0.0,0.0,0.055938852771558606
0.0,0.0,0.0,0.04335146753643139
0.0,0.0,0.0,0.04160873029797313
0.0,0.0,0.0,0.12136120846679095
0.0,0.0,0.0,0.07590039831566496
0.0,0.0,0.0,0.1416117272806461
0.0,0.0,0.0,0.17889795309584552
0.0,0.0,0.0,0.26817294739531433
0.0,0.0,0.0,0.27896118240090895
0.0,0.0,0.0,0.28104067717833386
0.0,0.0,0.0,0.30664365644881847
0.0,0.0,0.0,0.2988104210123055
0.0,0.0,0.0,0.47159278865900817
0.0,0.0,0.0,0.5033533567694217
0.0,0.0,0.0,0.5014598695780259
0.08,0.0,0.0,0.4838030583025373
0.17,0.0,0.08,0.6407798382831784
0.42,0.0,0.17,0.8128324137573082
0.72,0.16389255,0.42,1.106221570392621
1.18,0.84393317,0.72,1.476191379367751
1.26,1.6682996,1.18,1.9942396492527643
2.22,1.9240775,1.26,2.0713566021033727
2.85,3.0719953,2.22,3.145726122157299
2.99,3.990213,2.85,3.7842963377788044
4.82,4.634936,2.99,3.9778168080625087
5.61,5.8498044,4.82,5.850595899521298
8.93,7.834035,5.61,6.5558375960072
8.57,10.010162,8.93,10.037096808215214
12.67,10.9854965,8.57,9.746784458051973
13.29,13.212597,12.67,13.853434697011295
13.76,14.458574,13.29,14.575307214899095
14.04,14.768965,13.76,15.17494931291954
17.23,15.620588,14.04,15.311021568507606
16.34,15.882458,17.23,18.340805454778113
16.9,16.555176,16.34,17.598538160813245
16.43,17.084442,16.9,18.115601712114977
19.88,17.058886,16.43,17.398203313052484
17.88,17.857927,19.88,20.833731886632535
20.07,17.595854,17.88,18.855574642513627
19.35,19.301014,20.07,20.905711187905254
18.59,18.89287,19.35,20.064073411123708
19.19,18.313278,18.59,19.258695269066404
21.94,19.085476,19.19,19.68056676320067
19.41,19.603714,21.94,22.335503307865444
20.81,18.89185,19.41,19.82547646736919
19.01,19.582909,20.81,21.040880523792953
23.12,18.653873,19.01,19.25504184305042
21.49,19.553759,23.12,23.25993073388733
23.25,19.118011,21.49,21.755867486457777
18.85,19.897966,23.25,23.269455617910275
17.1,17.98019,18.85,18.927169939259876
15.48,16.517464,17.1,16.987578429159637
15.91,14.831152,15.48,15.27024366973927
12.35,14.7125025,15.91,15.500024585257641
12.57,12.359626,12.35,11.974153285442153
11.22,11.9909115,12.57,12.039401866778874
11.64,10.629229,11.22,10.694564201124114
9.98,10.232926,11.64,11.2092236252535
7.540000000000001,8.666449,9.98,9.484656786155663
6.05,7.3508887,7.540000000000001,6.934997941493894
5.65,5.889204,6.05,5.467048715038181
4.73,4.9403343,5.65,5.0374055452582365
4.27,3.4548936,4.73,4.18217827786466
2.97,2.789315,4.27,3.7541694997583153
2.35,2.0241013,2.97,2.4995094584799804
1.17,1.3726499,2.35,1.9074878839198406
0.45,0.23076807,1.17,0.8905531097437747
0.23,0.0,0.45,0.16915554208026123
0.0,0.0,0.23,-0.02457358107438412
0.0,0.0,0.0,-0.22701364016062348
0.0,0.0,0.0,-0.23391827084249833
0.0,0.0,0.0,-0.10312525970857307
0.0,0.0,0.0,-0.027464116063696253
0.0,0.0,0.0,0.08015358704294703
0.0,0.0,0.0,0.11287307233900215
0.0,0.0,0.0,0.1671742805786798
0.0,0.0,0.0,0.2352789022737062
0.0,0.0,0.0,0.26316066458833265
0.0,0.0,0.0,0.24614485196002373
0.0,0.0,0.0,0.25911375534485026
0.0,0.0,0.0,0.28010696125179435
0.0,0.0,0.0,0.24567922370717019
0.0,0.0,0.0,0.28164930539908306
0.0,0.0,0.0,0.22652201028229835
0.0,0.0,0.0,0.21448670702746636
0.0,0.0,0.0,0.22224508380226202
0.0,0.0,0.0,0.23444280289921474
0.0,0.0,0.0,0.27880028475480145
0.0,0.0,0.0,0.18960107261456247
0.0,0.0,0.0,0.22194270068133767
0.0,0.0,0.0,0.03698348846179724
0.0,0.0,0.0,-0.0487836451778792
0.0,0.0,0.0,0.04087355290546577
0.0,0.0,0.0,0.030074176484588717
0.0,0.0,0.0,0.010119327077302183
0.0,0.0,0.0,0.08796621194284951
0.0,0.0,0.0,0.09533441669983572
0.0,0.0,0.0,0.037209177157783956
0.0,0.0,0.0,0.05346256429405571
0.0,0.0,0.0,0.12775026445268461
0.0,0.0,0.0,0.12902874814908258
0.0,0.0,0.0,0.10479109995852082
0.0,0.0,0.0,0.15306009254622138
0.0,0.0,0.0,0.20817687943865845
0.0,0.0,0.0,0.24235411016958758
0.0,0.0,0.0,0.26736722617405745
0.0,0.0,0.0,0.25640172451752175
0.0,0.0,0.0,0.3478847123059232
0.0,0.0,0.0,0.3335697327999731
0.0,0.0,0.0,0.41232068245667863
0.0,0.0,0.0,0.3799391748997787
0.0,0.0,0.0,0.5270606836581379
0.1,0.0,0.0,0.5777373484246866
0.21,0.0,0.1,0.7022656025090763
0.52,0.37949657,0.21,0.8109801742716567
0.91,1.2105218,0.52,1.2046560841101535
1.67,1.7389262,0.91,1.5848820451556014
2.21,2.5274358,1.67,2.4373581528714015
2.68,4.014802,2.21,3.0885804444752476
3.96,4.897913,2.68,3.57729823677292
5.18,5.9494414,3.96,4.900047463937777
5.59,7.1215034,5.18,6.2819241976749804
8.29,8.367947,5.59,6.671289654551372
9.76,10.151403,8.29,9.413004199304057
9.7,11.511215,9.76,10.965151874434294
10.87,12.16494,9.7,10.980605641903864
11.58,13.302798,10.87,12.070026495139858
13.65,13.409059,11.58,12.82494918706436
13.17,14.225106,13.65,14.817503516396025
14.63,14.722597,13.17,14.254555683327018
15.199999999999998,15.403222,14.63,15.71293294029494
14.84,15.829374,15.199999999999998,16.33005591649239
15.109999999999998,16.080723,14.84,15.990666205186875
18.45,16.074797,15.109999999999998,16.187932430511598
15.72,17.496778,18.45,19.264235247196986
15.399999999999999,17.060379,15.72,16.782506554350498
15.829999999999998,16.754305,15.399999999999999,16.30514831619517
19.4,16.45546,15.829999999999998,16.585094647191923
16.03,17.587557,19.4,20.049682131244005
16.07,16.567928,16.03,16.75109016117583
19.42,16.734451,16.07,16.679736690804003
18.28,17.424505,19.42,19.81176448237854
16.01,16.634636,18.28,18.71478713738188
18.41,16.320618,16.01,16.576605495267053
17.5,16.480608,18.41,18.601591867080383
16.94,15.879811,17.5,17.81133962204317
13.86,15.518108,16.94,17.117709109808846
12.53,13.644276,13.86,13.90730894089863
12.33,12.5183735,12.53,12.439035520784875
12.91,11.546984,12.33,12.229725980943913
11.52,10.92551,12.91,12.612681933654102
11.28,10.146282,11.52,11.362785577537336
10.47,9.622188,11.28,11.158409739887716
11.03,8.713546,10.47,10.273541293244827
7.67,8.481959,11.03,10.860181359626086
6.79,6.832479,7.67,7.578283216289905
4.98,5.83028,6.79,6.536603749243359
5.21,4.6978626,4.98,4.635216917144689
4.29,4.0533576,5.21,4.829338553553919
2.46,3.223325,4.29,4.052583300672669
2.11,2.2258787,2.46,2.1369774483279813
1.0,1.6157339,2.11,1.89242914071942
0.43,0.63199335,1.0,0.816056621842115
0.22,0.0,0.43,0.19416259690788723
0.0,0.0,0.22,-0.023110154176641806
0.0,0.0,0.0,-0.19966583864613613
0.0,0.0,0.0,-0.12426721312954261
0.0,0.0,0.0,-0.006311764871345313
0.0,0.0,0.0,0.10519874304109539
0.0,0.0,0.0,0.08717240280183482
0.0,0.0,0.0,0.19239262887414094
0.0,0.0,0.0,0.1046423459866859
0.0,0.0,0.0,0.21807462990163928
0.0,0.0,0.0,0.10048396579348878
0.0,0.0,0.0,0.2690620362128128
0.0,0.0,0.0,0.23389434265517772
0.0,0.0,0.0,0.29021225947580614
0.0,0.0,0.0,0.2261305822694401
0.0,0.0,0.0,0.19625351884641637
0.0,0.0,0.0,0.2269042633629934
0.0,0.0,0.0,0.1896471832921529
0.0,0.0,0.0,0.19342104045370204
0.0,0.0,0.0,0.2812350578328094
0.0,0.0,0.0,0.19813525198365828
0.0,0.0,0.0,0.16491019797585962
0.0,0.0,0.0,0.1653560365306634
0.0,0.0,0.0,-0.0302262740063209
0.0,0.0,0.0,-0.05993808658634581
0.0,0.0,0.0,-0.11058504897271934
0.0,0.0,0.0,-0.08851944069450904
0.0,0.0,0.0,-0.08240235321262959
0.0,0.0,0.0,-0.033458003580765366
0.0,0.0,0.0,-0.05056648962323641
0.0,0.0,0.0,-0.024989048113711887
0.0,0.0,0.0,-0.02778189214413647
0.0,0.0,0.0,0.012353726430143555
0.0,0.0,0.0,-0.03665250009690667
0.0,0.0,0.0,0.08534981388039341
0.0,0.0,0.0,0.10995514400621291
0.0,0.0,0.0,0.12625084705374384
0.0,0.0,0.0,0.18374807582210784
0.0,0.0,0.0,0.09501080249652766
0.0,0.0,0.0,0.19232650935901374
0.0,0.0,0.0,0.23518757092121298
0.0,0.0,0.0,0.291298906090948
0.0,0.0,0.0,0.28848787721634295
0.0,0.0,0.0,0.33251999057799275
0.0,0.0,0.0,0.4414563714112371
0.1,0.0,0.0,0.4618137662941304
0.2,0.0,0.1,0.6346004416083866
0.5,0.11983906,0.2,0.8006795762330937
1.0,0.737508,0.5,1.1732939911323967
1.88,1.4091797,1.0,1.6422552382067819
2.42,2.373403,1.88,2.5455491719483447
2.91,4.245763,2.42,3.261270620722405
4.52,5.0650244,2.91,3.803188910385247
5.3,6.0442533,4.52,5.385595793630824
7.18,7.1157894,5.3,6.326050471862402
7.47,8.901544,7.18,8.186934350507505
10.15,9.824322,7.47,8.643137741411449
11.04,10.86013,10.15,11.384814108641004
12.02,11.929427,11.04,12.273820502128114
13.21,13.642536,12.02,13.331659221184864
11.57,14.245913,13.21,14.563943943790488
12.94,13.818664,11.57,12.868148383845373
12.12,13.918681,12.94,14.171476565205676
12.57,13.980797,12.12,13.21370886567555
14.51,13.828434,12.57,13.635031637036407
13.53,14.528547,14.51,15.46036906117198
16.32,14.762592,13.53,14.485970038220813
15.679999999999998,16.164394,16.32,17.245032315770626
13.85,16.245419,15.679999999999998,16.549813481939275
16.2,15.790202,13.85,14.792284862436055
16.53,15.730671,16.2,16.899155344343054
17.75,16.157612,16.53,17.198022491385345
16.01,16.713581,17.75,18.517128050689738
16.39,16.303581,16.01,16.716975822477465
17.79,16.096418,16.39,16.96165798116569
14.25,15.714015,17.79,18.401896276419194
15.61,14.804236,14.25,14.721636956469226
15.36,14.483711,15.61,15.901883529962205
15.57,14.046466,15.36,15.493717232160948
13.74,13.918728,15.57,15.717552492547739
12.14,13.162737,13.74,13.801796905552127
10.81,11.865828,12.14,12.209678484556285
9.71,10.949349,10.81,10.786733062596877
9.48,9.457982,9.71,9.462557056254282
7.609999999999999,9.374947,9.48,9.116136191747938
7.11,8.223474,7.609999999999999,7.2122975308709725
6.09,6.9983964,7.11,6.748785294851886
5.07,6.0656533,6.09,5.558535771958553
5.06,5.178741,5.07,4.652241249552552
3.7899999999999996,4.4618936,5.06,4.641492622381276
2.89,3.8103082,3.7899999999999996,3.4079996124574796
2.76,2.6168122,2.89,2.5605303523447223
1.9899999999999998,1.9456532,2.76,2.5000778846526
1.19,1.3016571,1.9899999999999998,1.809925591201473
0.64,0.553406,1.19,1.1245130552553129
0.26,0.0,0.64,0.4801754099693259
0.13,0.0,0.26,0.2150508539488058
0.0,0.0,0.13,0.10018704859281108
0.0,0.0,0.0,-0.02537630265598549
0.0,0.0,0.0,0.04284620592811553
0.0,0.0,0.0,0.038775290610347304
0.0,0.0,0.0,0.16266851752168088
0.0,0.0,0.0,0.1833851776939317
0.0,0.0,0.0,0.14658282178859564
0.0,0.0,0.0,0.15600035233264242
0.0,0.0,0.0,0.189492008364632
0.0,0.0,0.0,0.21100364388786663
0.0,0.0,0.0,0.19187692505170814
0.0,0.0,0.0,0.23475186238979878
0.0,0.0,0.0,0.15600097640829755
0.0,0.0,0.0,0.13117708692101604
0.0,0.0,0.0,0.17726743262068026
0.0,0.0,0.0,0.16137001132918138
0.0,0.0,0.0,0.16356692817952295
0.0,0.0,0.0,0.1575310015495596
0.0,0.0,0.0,0.17184638500801816
0.0,0.0,0.0,0.1323811349634381
0.0,0.0,0.0,0.163430489281419
0.0,0.0,0.0,0.14460982306377773
0.0,0.0,0.0,-0.07792656568114169
0.0,0.0,0.0,-0.06716088786033171
0.0,0.0,0.0,-0.008805196175265886
0.0,0.0,0.0,-0.12219971354931324
0.0,0.0,0.0,-0.03564240833540615
0.0,0.0,0.0,-0.0018402050794766311
0.0,0.0,0.0,-0.03075178623353665
0.0,0.0,0.0,0.03657698876653074
0.0,0.0,0.0,0.06459958175205664
0.0,0.0,0.0,0.10890156678615742
0.0,0.0,0.0,0.10813762150760027
0.0,0.0,0.0,0.039241250634079114
0.0,0.0,0.0,0.170874663855302
0.0,0.0,0.0,0.15136912286391052
0.0,0.0,0.0,0.1541493094037
0.0,0.0,0.0,0.19211403079413186
0.0,0.0,0.0,0.2544255649077097
0.0,0.0,0.0,0.2326739766013265
0.0,0.0,0.0,0.3280886267086531
0.0,0.0,0.0,0.35126927534021013
0.0,0.0,0.0,0.4037513906604551
0.0,0.0,0.0,0.37758519439619004
0.11,0.0,0.0,0.39697238274150926
0.2,0.0,0.11,0.6350418523020305
0.55,0.015510293,0.2,0.789530729965296
0.9799999999999999,0.8590485,0.55,1.160322036488076
1.11,1.6992984,0.9799999999999999,1.6464403247139163
1.75,2.4857016,1.11,1.846210730451547
2.65,3.483782,1.75,2.506213488843081
3.49,4.5516148,2.65,3.4724230626513766
5.0,5.5504346,3.49,4.373427529101739
5.87,6.392125,5.0,5.90953094549783
9.12,8.024488,5.87,6.822875920802559
8.98,10.158567,9.12,10.08706276027696
12.16,11.15012,8.98,10.036794741529667
10.43,12.824355,12.16,13.308254424182888
13.19,12.915515,10.43,11.602203663974759
13.82,14.2305765,13.19,14.257189235371841
12.73,14.132239,13.82,14.90347874731296
15.020000000000001,14.509963,12.73,13.774840752130581
16.87,15.268164,15.020000000000001,15.948704944570213
15.82,15.867082,16.87,17.771602718894933
16.38,16.090618,15.82,16.796760644783916
14.87,16.458868,16.38,17.357713221816134
17.7,16.076105,14.87,15.674791762726494
16.77,17.055988,17.7,18.342485806231227
17.26,16.285488,16.77,17.43336899363308
18.45,16.688148,17.26,17.810502046314465
15.540000000000001,16.820242,18.45,18.9352995571368
16.33,15.841922,15.540000000000001,15.8425977035839
14.89,15.231751,16.33,16.54195844563604
14.33,14.279745,14.89,15.04206181785186
12.15,13.192982,14.33,14.295923888126127
11.28,12.100049,12.15,12.0638947768785
12.15,10.710184,11.28,11.029525840461412
9.86,10.3824215,12.15,11.877216021147895
9.41,9.053693,9.86,9.541558623416426
9.26,8.324487,9.41,9.148240736836165
6.1,7.60263,9.26,8.913129710704382
6.49,6.169134,6.1,5.7949672842726745
4.94,5.1054225,6.49,6.079732681720741
4.56,4.1997466,4.94,4.526427023261192
3.45,3.3403313,4.56,4.186943360008688
2.18,2.5594916,3.45,3.116698728713345
1.8,1.6938289,2.18,1.886585355776259
1.06,1.0328703,1.8,1.5820124897161585
0.44,0.36531684,1.06,0.762011239199134
0.2,0.0,0.44,0.2713915882007281
0.0,0.0,0.2,0.04138398754795547
0.0,0.0,0.0,-0.13285377881128282
0.0,0.0,0.0,-0.08312167235418985
0.0,0.0,0.0,0.03465533327989302
0.0,0.0,0.0,-0.044390343834934606
0.0,0.0,0.0,0.0810108726641866
0.0,0.0,0.0,0.16861188774285832
0.0,0.0,0.0,0.15715636861848709
0.0,0.0,0.0,0.09955737433389289
0.0,0.0,0.0,0.09823257276987019
0.0,0.0,0.0,0.15403926567789206
0.0,0.0,0.0,0.24065432911784046
0.0,0.0,0.0,0.13599550956904982
0.0,0.0,0.0,0.25079437796970283
0.0,0.0,0.0,0.1275704945944584
0.0,0.0,0.0,0.08745563399519718
0.0,0.0,0.0,0.20350007041345888
0.0,0.0,0.0,0.06857813420452802
0.0,0.0,0.0,0.17701183274929672
0.0,0.0,0.0,0.1931623428424982
0.0,0.0,0.0,0.116182277924603
0.0,0.0,0.0,0.12774895894956695
0.0,0.0,0.0,-0.3536939876073617
0.0,0.0,0.0,-0.27618572519657325
0.0,0.0,0.0,-0.334429605985968
0.0,0.0,0.0,-0.3060137128928631
0.0,0.0,0.0,-0.3337279245453612
0.0,0.0,0.0,-0.22580951618594447
0.0,0.0,0.0,-0.25365405894189147
0.0,0.0,0.0,-0.3075425458601998
0.0,0.0,0.0,-0.3239665535181779
0.0,0.0,0.0,-0.28229630688251217
0.0,0.0,0.0,-0.18972979191757106
0.0,0.0,0.0,-0.27455383176218345
0.0,0.0,0.0,-0.0929528663864497
0.0,0.0,0.0,-0.09518943301704531
0.0,0.0,0.0,-0.03338810361267
0.0,0.0,0.0,-0.04366377348955966
0.0,0.0,0.0,-0.03846456966805682
0.0,0.0,0.0,0.0008769809031520387
0.0,0.0,0.0,0.0787013454542871
0.0,0.0,0.0,0.12055357615698072
0.0,0.0,0.0,0.08779344435553484
0.0,0.0,0.0,0.1437159359961969
0.11,0.0,0.0,0.15445746306120625
0.21,0.0,0.11,0.3982464085397156
0.44,0.0,0.21,0.46680934572662514
1.1,0.3806488,0.44,0.7919268447125456
1.68,1.309085,1.1,1.4571934064599044
2.69,1.988592,1.68,2.1696630060944675
3.04,3.696828,2.69,3.212319268220437
3.16,4.8339725,3.04,3.6117167821486538
4.21,5.6533766,3.16,3.785299717859372
5.03,6.1973495,4.21,4.836588372646028
5.21,7.079665,5.03,5.6937223672205945
6.07,7.6345305,5.21,5.829308935291438
5.85,7.7483754,6.07,6.732740153107628
6.83,8.003277,5.85,6.421907563201595
7.36,8.258124,6.83,7.4767158470108575
7.36,8.7097,7.36,7.908951989851766
8.87,9.331809,7.36,7.87841682394815
8.08,9.701448,8.87,9.377306489522335
9.3,9.946737,8.08,8.52306328328932
10.88,9.810741,9.3,9.913597519824513
9.29,10.648774,10.88,11.496049881213246
12.6,10.218208,9.29,9.882623766770793
11.44,10.286733,12.6,13.197381597905014
12.48,9.275948,11.44,11.973771477578714
11.24,9.770683,12.48,13.1105461485989
10.3,8.640909,11.24,11.73538248899561
10.14,8.533277,10.3,10.736405335649561
9.84,7.389148,10.14,10.545099583877155
10.88,7.623305,9.84,10.031170348782615
10.38,7.5057416,10.88,11.091712834168025
7.890000000000001,7.4209466,10.38,10.49099610527291
6.03,6.55287,7.890000000000001,8.029090385796449
5.59,5.513745,6.03,5.991211532164864
4.21,4.3001704,5.59,5.466174939549088
2.88,3.2209492,4.21,3.9185134370975128
2.15,2.1284635,2.88,2.5446654706764704
0.99,1.3228745,2.15,1.8103338552933312
0.48999999999999994,0.0,0.99,0.6257700178892189
0.25,0.0,0.48999999999999994,0.12862762280954287
0.0,0.0,0.25,-0.18454226991966666
0.0,0.0,0.0,-0.43675571899768184
0.0,0.0,0.0,-0.3213237517736197
0.0,0.0,0.0,-0.29594173942291363
0.0,0.0,0.0,-0.2623813741087596
0.0,0.0,0.0,-0.2871099153730138
0.0,0.0,0.0,-0.16221786700721635
0.0,0.0,0.0,-0.1748886954299927
0.0,0.0,0.0,-0.1159379902886419
0.0,0.0,0.0,-0.1440572108572843
0.0,0.0,0.0,-0.06736018582776199
0.0,0.0,0.0,-0.0967754263659941
0.0,0.0,0.0,-0.1439999218054
0.0,0.0,0.0,-0.0905102607834856
0.0,0.0,0.0,-0.0819276704902109
0.0,0.0,0.0,-0.10012561964293488
0.0,0.0,0.0,-0.08753468763031243
0.0,0.0,0.0,-0.09815287111424278
0.0,0.0,0.0,-0.12809364762421907
0.0,0.0,0.0,-0.15001592542865053
0.0,0.0,0.0,-0.10603142914856638
0.0,0.0,0.0,-0.11281471578102435
0.0,0.0,0.0,0.04995194037728395
0.0,0.0,0.0,0.06058745895849538
0.0,0.0,0.0,0.011378864124123901
0.0,0.0,0.0,-0.0809516857434537
0.0,0.0,0.0,0.03588116229052536
0.0,0.0,0.0,0.009145356860847248
0.0,0.0,0.0,0.13257277249186003
0.0,0.0,0.0,-0.016842224048957202
0.0,0.0,0.0,0.07062492262191453
0.0,0.0,0.0,0.03376493043775637
0.0,0.0,0.0,0.13239305168109783
0.0,0.0,0.0,0.08938726120212834
0.0,0.0,0.0,0.21079201737060513
0.0,0.0,0.0,0.22428089552312502
0.0,0.0,0.0,0.28977403368483234
0.0,0.0,0.0,0.16773049312162017
0.0,0.0,0.0,0.3221364683533411
0.0,0.0,0.0,0.2799544993534175
0.0,0.0,0.0,0.4233483140354941
0.0,0.0,0.0,0.4081317781200875
0.0,0.0,0.0,0.545555639430203
0.0,0.0,0.0,0.45100614608090556
0.13,0.0,0.0,0.5851218476980367
0.24,0.0,0.13,0.7148541130610919
0.58,0.20576742,0.24,0.910315654929474
1.24,0.7890852,0.58,1.238396801431095
2.18,1.6117419,1.24,1.926675858212556
3.06,2.6691945,2.18,3.0397289786328345
3.84,4.5436745,3.06,4.000474595310228
5.22,5.733674,3.84,4.764515354665659
5.88,6.924693,5.22,6.272629130466542
8.85,7.81702,5.88,7.000266153245503
10.18,9.97632,8.85,9.97441618114596
11.69,11.557821,10.18,11.424960269386535
12.42,13.092374,11.69,12.98176203938079
13.13,14.222675,12.42,13.770025748999679
16.41,14.69446,13.13,14.41616766469274
14.29,16.179708,16.41,17.681025975109236
16.04,16.438654,14.29,15.619391972557544
19.67,16.645319,16.04,17.297816989984337
20.34,18.49537,19.67,20.77591775591716
19.49,18.748148,20.34,21.57250243542328
21.11,19.27821,19.49,20.91529187428371
20.07,20.438494,21.11,22.167884653168937
21.47,20.28048,20.07,21.07225115974788
18.42,20.524155,21.47,22.27198538943664
20.14,20.287663,18.42,19.113927942656414
19.3,19.777489,20.14,20.753987108396128
21.54,19.491337,19.3,19.696464778944282
18.22,20.624775,21.54,21.768865982061826
22.77,19.019533,18.22,18.581216208140738
21.87,19.639132,22.77,22.99817615315334
19.34,19.701319,21.87,22.0578874830656
18.7,18.690916,19.34,19.546894256235582
16.86,18.174599,18.7,18.80831241564171
16.32,16.284153,16.86,16.61047889451562
16.17,15.215124,16.32,16.227468996741354
12.04,14.622013,16.17,15.742311128713258
11.72,12.126562,12.04,11.771019673547267
13.42,11.261953,11.72,11.368059213873119
12.19,10.850495,13.42,12.853901373654267
11.86,10.665509,12.19,11.80020193072169
8.84,9.548844,11.86,11.634471719839548
7.24,7.960789,8.84,8.342223872638941
5.47,6.6209164,7.24,6.8352897891591695
4.5,5.138144,5.47,5.06512696104712
4.82,3.9733622,4.5,3.9135527256736493
3.34,3.1863947,4.82,4.288090143774515
2.76,2.3509753,3.34,2.8315878249082536
1.3,1.8573517,2.76,2.411021585386251
0.48,0.6693295,1.3,1.0073380647732795
0.23,0.0,0.48,0.17187028990072795
0.0,0.0,0.23,-0.11783944382421835
0.0,0.0,0.0,-0.2551326930448077
0.0,0.0,0.0,-0.17999081063930236
0.0,0.0,0.0,-0.07214450918166242
0.0,0.0,0.0,0.012586214915522032
0.0,0.0,0.0,0.10995821414472882
0.0,0.0,0.0,0.052875412603335774
0.0,0.0,0.0,0.08243888832964685
0.0,0.0,0.0,0.11300052718282702
0.0,0.0,0.0,0.1607121282515368
0.0,0.0,0.0,0.13728720636239536
0.0,0.0,0.0,0.24057394283615396
0.0,0.0,0.0,0.26331960629101836
0.0,0.0,0.0,0.1868068033780947
0.0,0.0,0.0,0.2841555305838922
0.0,0.0,0.0,0.29799580866906605
0.0,0.0,0.0,0.2096618823537076
0.0,0.0,0.0,0.15513584960715143
0.0,0.0,0.0,0.2220535745042876
0.0,0.0,0.0,0.2654106735251889
0.0,0.0,0.0,0.13290351506776427
0.0,0.0,0.0,0.2632017602285005
0.0,0.0,0.0,0.1456261345660871
0.0,0.0,0.0,0.1450308874730497
0.0,0.0,0.0,0.12280665183518509
0.0,0.0,0.0,0.048774964854430315
0.0,0.0,0.0,0.09850564259350512
0.0,0.0,0.0,0.1540767816324323
0.0,0.0,0.0,0.14291078427408482
0.0,0.0,0.0,0.15212772163108665
0.0,0.0,0.0,0.11697984793925115
0.0,0.0,0.0,0.19173532690119394
0.0,0.0,0.0,0.21609125497532536
0.0,0.0,0.0,0.24141521918709288
0.0,0.0,0.0,0.32560762422096423
0.0,0.0,0.0,0.27950788779300817
0.0,0.0,0.0,0.30064279923872417
0.0,0.0,0.0,0.28773707587816266
0.0,0.0,0.0,0.34343823249863314
0.0,0.0,0.0,0.42867668519497915
0.0,0.0,0.0,0.4645059775093024
0.0,0.0,0.0,0.5510038513188854
0.0,0.0,0.0,0.6071130267287507
0.0,0.0,0.0,0.612693800592545
0.15,0.0,0.0,0.5885878918449124
0.27,0.0,0.15,0.7651051747603382
0.66,0.017786594,0.27,0.990182385957992
1.25,0.8348848,0.66,1.4425950062578081
2.75,1.6201749,1.25,2.0751341838448036
3.12,2.8011613,2.75,3.6393843092147775
4.0,4.7697597,3.12,4.116142799477016
5.46,6.1168904,4.0,5.13080265995038
7.18,7.101231,5.46,6.639140695792527
7.630000000000001,8.334183,7.18,8.371649607630895
9.87,9.911648,7.630000000000001,8.902638080371279
11.32,11.24495,9.87,11.238867316003242
12.87,12.445898,11.32,12.635103789092089
15.71,14.07372,12.87,14.327137476448003
16.48,15.859287,15.71,17.069815769087683
17.63,17.131592,16.48,17.978718138079287
21.69,17.373205,17.63,19.151224873238267
19.26,19.259922,21.69,23.006848136563804
21.37,18.814045,19.26,20.74949856963447
20.0,20.260902,21.37,22.873523190878508
21.58,20.09584,20.0,21.16281802718639
19.6,20.745148,21.58,22.58219372949747
21.69,19.79161,19.6,20.645506788427646
22.69,20.47638,21.69,22.42332796508248
19.54,21.585268,22.69,23.362202877936294
22.01,20.564236,19.54,20.142444469595215
20.67,20.648428,22.01,22.504740754625864
21.81,20.559721,20.67,21.06590851720522
19.45,21.056105,21.81,22.178439364814913
20.89,19.963556,19.45,19.489425693991535
19.65,20.032473,20.89,20.936259948493834
20.36,18.984158,19.65,19.66415326151744
20.71,18.395933,20.36,20.309804303351836
22.55,18.622473,20.71,20.574533494963426
18.9,18.432411,22.55,22.375893228159146
17.47,17.021692,18.9,18.889270419764294
14.1,15.540419,17.47,17.37920638745888
12.67,13.347837,14.1,13.82793974843182
13.54,12.02835,12.67,12.166228405124645
12.5,11.4774685,13.54,13.01450170002028
10.57,10.386759,12.5,11.892805592613753
8.74,8.536406,10.57,10.159122351729156
6.14,7.3038507,8.74,8.216603974988077
5.23,5.650055,6.14,5.592103876079628
5.6,4.1964426,5.23,4.647341972178795
3.58,3.415469,5.6,4.973154858770153
2.52,2.3492985,3.58,2.9434500394082788
1.36,1.255445,2.52,2.055661764207208
0.54,0.01488802,1.36,0.897391851787952
0.24,0.0,0.54,0.1980948101364599
0.0,0.0,0.24,-0.09256992133612252
0.0,0.0,0.0,-0.3766689092296699
0.0,0.0,0.0,-0.25565242562075496
0.0,0.0,0.0,-0.1576777335502999
0.0,0.0,0.0,-0.05624045011490442
0.0,0.0,0.0,0.07484911969866268
0.0,0.0,0.0,0.0955510099733228
0.0,0.0,0.0,0.15894063405492045
0.0,0.0,0.0,0.23780842199346947
0.0,0.0,0.0,0.2450147122512919
0.0,0.0,0.0,0.37119570951238606
0.0,0.0,0.0,0.3295781608257848
0.0,0.0,0.0,0.36504390085094474
0.0,0.0,0.0,0.2843318270793885
0.0,0.0,0.0,0.38976733685215853
0.0,0.0,0.0,0.3785591077322453
0.0,0.0,0.0,0.3775956088071453
0.0,0.0,0.0,0.26143418010832326
0.0,0.0,0.0,0.3213349464420302
0.0,0.0,0.0,0.3043552728303496
0.0,0.0,0.0,0.2882496093233517
0.0,0.0,0.0,0.2876050236140178
0.0,0.0,0.0,0.15330711262977276
0.0,0.0,0.0,0.08575364658998688
0.0,0.0,0.0,0.0825698113040356
0.0,0.0,0.0,0.16070991109311294
0.0,0.0,0.0,0.14598190347873533
0.0,0.0,0.0,0.1833740944625556
0.0,0.0,0.0,0.16538966203666738
0.0,0.0,0.0,0.19996272927733055
0.0,0.0,0.0,0.20893217102840111
0.0,0.0,0.0,0.21373564218600496
0.0,0.0,0.0,0.2267527904575215
0.0,0.0,0.0,0.24901688962972796
0.0,0.0,0.0,0.28989087171699335
0.0,0.0,0.0,0.2585580409336084
0.0,0.0,0.0,0.3449391075217506
0.0,0.0,0.0,0.3063778119570094
0.0,0.0,0.0,0.37368346983589973
0.0,0.0,0.0,0.4682778119434802
0.0,0.0,0.0,0.5095415450121491
0.0,0.0,0.0,0.5221172928925037
0.0,0.0,0.0,0.4857822253531229
0.0,0.0,0.0,0.5823552623944359
0.15,0.0,0.0,0.7216175702012702
0.34,0.0,0.15,0.8650692609308299
0.88,0.0,0.34,1.0173018283207913
1.63,0.75854707,0.88,1.629762095375669
2.21,1.6915671,1.63,2.4745411895414513
3.09,2.6292527,2.21,3.172600228743595
4.37,4.2846923,3.09,4.092190825198163
6.48,5.493012,4.37,5.453545192211531
6.05,7.3111706,6.48,7.591444402676808
8.72,7.782622,6.05,7.316814206547524
11.17,10.024244,8.72,9.994771639055006
11.8,11.871727,11.17,12.40287057172875
14.75,13.074814,11.8,13.266153393372132
13.91,14.790665,14.75,16.161040782291575
15.829999999999998,15.236672,13.91,15.424317649774078
20.72,16.44169,15.829999999999998,17.36400696735391
18.07,18.546143,20.72,22.025824272587997
20.27,17.812498,18.07,19.560987492440823
18.93,18.89301,20.27,21.799833977972124
23.31,18.732262,18.93,20.156288859665686
22.49,20.872948,23.31,24.421483519225198
22.2,20.276247,22.49,23.770834633799545
19.42,20.670729,22.2,23.163783627079727
23.35,20.051125,19.42,20.329677748657108
20.16,20.749691,23.35,24.05174122824587
23.69,20.218767,20.16,20.709088666325446
21.36,21.353514,23.69,24.18033189872952
23.63,20.406761,21.36,21.706768080569276
19.56,21.478264,23.63,23.911124589479545
23.43,19.811424,19.56,19.91704213247552
21.56,21.048481,23.43,23.496541945222855
21.68,19.606577,21.56,21.770049243716812
20.38,19.571758,21.68,21.64810944392468
18.84,18.707735,20.38,20.315529772298557
17.31,17.655643,18.84,18.5056095393592
16.17,16.308752,17.31,17.197940512279395
13.67,15.250832,16.17,15.666086592859795
15.04,13.284238,13.67,13.358095527005233
12.81,12.893915,15.04,14.424091930981778
12.67,11.333921,12.81,12.343712669551252
11.45,11.099983,12.67,12.1488462004808
8.85,9.673119,11.45,11.055341747360073
6.5,7.9611855,8.85,8.332667634183053
6.07,6.0551324,6.5,6.000246045480521
5.2,5.2960153,6.07,5.405324204793186
5.13,3.9712884,5.2,4.55375702523897
3.11,3.1415012,5.13,4.642373681282779
2.19,1.8543115,3.11,2.6304276772979263
1.12,1.1285604,2.19,1.7815266788393997
0.54,0.0,1.12,0.8331737202165967
0.27,0.0,0.54,0.256345586623892
0.0,0.0,0.27,0.08616127185205408
0.0,0.0,0.0,-0.2535908090881228
0.0,0.0,0.0,-0.16071944541974076
0.0,0.0,0.0,0.028979774424421623
0.0,0.0,0.0,0.09125058258590488
0.0,0.0,0.0,0.19039721635240198
0.0,0.0,0.0,0.2601515975954492
0.0,0.0,0.0,0.21293173730611945
0.0,0.0,0.0,0.25431816811788444
0.0,0.0,0.0,0.3720541611451399
0.0,0.0,0.0,0.2844076294283774
0.0,0.0,0.0,0.41818481022361603
0.0,0.0,0.0,0.2974229623266523
0.0,0.0,0.0,0.4444293434585473
0.0,0.0,0.0,0.3888224317701395
0.0,0.0,0.0,0.43281489979635124
0.0,0.0,0.0,0.35177826522181066
0.0,0.0,0.0,0.2908011392059029
0.0,0.0,0.0,0.36368990560122394
0.0,0.0,0.0,0.37733472243455757
0.0,0.0,0.0,0.2971373213012563
0.0,0.0,0.0,0.2665774461640366
0.0,0.0,0.0,0.03318858148016614
0.0,0.0,0.0,0.056940854461412574
0.0,0.0,0.0,0.06685428140641103
0.0,0.0,0.0,-0.039583859400201676
0.0,0.0,0.0,0.09418680457567212
0.0,0.0,0.0,0.08960042754388338
0.0,0.0,0.0,0.029074077392090246
0.0,0.0,0.0,0.11392398202645035
0.0,0.0,0.0,0.04226437714691979
0.0,0.0,0.0,0.12444173568862113
0.0,0.0,0.0,0.20204525267732767
0.0,0.0,0.0,0.13025351267558907
0.0,0.0,0.0,0.21417373065562023
0.0,0.0,0.0,0.2724972869434773
0.0,0.0,0.0,0.23851969430036102
0.0,0.0,0.0,0.2900183290349752
0.0,0.0,0.0,0.27316936359639993
0.0,0.0,0.0,0.3762269441449988
0.0,0.0,0.0,0.3767607806620656
0.0,0.0,0.0,0.47135087766472994
0.0,0.0,0.0,0.47171843517376105
0.0,0.0,0.0,0.4510925300307125
0.14,0.0,0.0,0.5942247527861144
0.26,0.0,0.14,0.7408989591876389
0.72,0.7807611,0.26,0.9050472149482719
1.23,1.6937214,0.72,1.343999964461959
2.04,2.7240932,1.23,1.9739710028859374
2.84,3.580247,2.04,2.849743814131453
4.31,5.1677785,2.84,3.7247839935640963
5.02,6.863999,4.31,5.199525031815265
5.8,7.9104066,5.02,6.1590343607582305
7.49,8.921377,5.8,6.887669841085488
11.66,10.540493,7.49,8.603882837212979
12.1,12.367951,11.66,12.819451935740641
14.35,13.650241,12.1,13.411751034159352
15.080000000000002,15.685465,14.35,15.671159701844308
17.27,16.693201,15.080000000000002,16.383937030233792
17.52,17.60951,17.27,18.578971706300663
21.11,18.284111,17.52,18.74397238851249
20.32,19.686058,21.11,22.33270622606279
21.71,20.59239,20.32,21.56109757530333
20.68,21.397627,21.71,22.966234350739036
23.38,21.26247,20.68,21.801593678325624
20.43,21.963305,23.38,24.387355186059438
21.26,21.503578,20.43,21.305256694830717
21.73,21.446295,21.26,21.954071600177087
21.12,21.268688,21.73,22.28342644635106
20.73,21.370483,21.12,21.541809293675666
21.21,20.578865,20.73,21.142310895522616
21.66,20.174004,21.21,21.308898108284275
22.87,20.087135,21.66,21.761787620765563
21.0,19.795414,22.87,22.906317796865846
21.38,18.748611,21.0,21.011740229000573
21.3,18.219631,21.38,21.29794628333665
15.67,18.062824,21.3,21.222625335039346
14.71,16.163721,15.67,15.429529445991335
12.95,13.827793,14.71,14.294290949260521
13.48,12.437829,12.95,12.275395442995404
14.04,12.210346,13.48,12.656214775096712
11.05,11.680631,14.04,13.25073020506743
10.2,9.940674,11.05,10.395957404138855
9.56,8.817655,10.2,9.77653475594231
5.95,7.7978354,9.56,8.905562113107958
5.12,6.242618,5.95,5.327835468358108
4.61,4.6151695,5.12,4.479354265274829
3.13,3.647351,4.61,3.8608716339904756
2.57,2.6642437,3.13,2.4458812338837754
1.08,1.7028265,2.57,2.0329215319722236
0.46,0.6664165,1.08,0.5793651430344549
0.25,0.0,0.46,0.14864455374301921
0.0,0.0,0.25,-0.046976104732028845
0.0,0.0,0.0,-0.3815600684285354
0.0,0.0,0.0,-0.19450767980053346
0.0,0.0,0.0,-0.19310895210053797
0.0,0.0,0.0,-0.13047505880263383
0.0,0.0,0.0,0.057526730222680934
0.0,0.0,0.0,0.13867000464235263
0.0,0.0,0.0,0.11547706526152848
0.0,0.0,0.0,0.2699684220483876
0.0,0.0,0.0,0.25718889409610113
0.0,0.0,0.0,0.20457103315543793
0.0,0.0,0.0,0.27297204958584353
0.0,0.0,0.0,0.2750140195991375
0.0,0.0,0.0,0.29354268444701914
0.0,0.0,0.0,0.26320588382789534
0.0,0.0,0.0,0.22576062438628064
0.0,0.0,0.0,0.2892941069892286
0.0,0.0,0.0,0.1759792863278708
0.0,0.0,0.0,0.21016654134514406
0.0,0.0,0.0,0.2002257823117592
0.0,0.0,0.0,0.2621074166864782
0.0,0.0,0.0,0.17650503187156974
0.0,0.0,0.0,0.09909259570674372
0.0,0.0,0.0,0.17263703066670477
0.0,0.0,0.0,0.08485508113231705
0.0,0.0,0.0,0.05466503160271377
0.0,0.0,0.0,0.1223650623385025
0.0,0.0,0.0,0.20992713356753462
0.0,0.0,0.0,0.17990852817634348
0.0,0.0,0.0,0.07420628283051171
0.0,0.0,0.0,0.16615920422150088
0.0,0.0,0.0,0.20477826335105176
0.0,0.0,0.0,0.18125090118814735
0.0,0.0,0.0,0.2290539461786789
0.0,0.0,0.0,0.22669359715725046
0.0,0.0,0.0,0.3438474526078997
0.0,0.0,0.0,0.38324978391309483
0.0,0.0,0.0,0.3183140456064723
0.0,0.0,0.0,0.4382427860850965
0.0,0.0,0.0,0.4277099088272371
0.0,0.0,0.0,0.44398003209810005
0.0,0.0,0.0,0.41987018750280475
0.0,0.0,0.0,0.5492371165898615
0.0,0.0,0.0,0.6438131805928072
0.14,0.0,0.0,0.6520298444359509
0.29,0.0,0.14,0.8566810197946307
0.69,0.3796745,0.29,1.0083859488212705
1.29,1.2984073,0.69,1.4802540623210931
2.0,2.310677,1.29,2.039579326049385
2.9,3.2927203,2.0,2.855761138887532
3.55,4.959759,2.9,3.833604239420339
5.63,6.0031133,3.55,4.632812219121004
7.36,7.448035,5.63,6.720351630562141
7.599999999999999,9.140958,7.36,8.611245952368602
11.66,10.524281,7.599999999999999,8.898323672439737
11.24,12.610645,11.66,13.031317395779013
12.12,13.328991,11.24,12.698253961818985
16.66,13.985364,12.12,13.546927860264056
16.33,16.06159,16.66,17.94806179451438
18.36,17.10046,16.33,17.755762262526634
17.52,17.971434,18.36,19.944842046359213
21.73,18.273108,17.52,18.89241779471593
18.72,20.421982,21.73,23.1023831072612
22.32,19.829536,18.72,20.1108785139185
22.43,21.657152,22.32,23.48292751229352
21.82,21.71056,22.43,23.541395919532462
21.36,21.688091,21.82,22.843029078448538
20.59,21.658232,21.36,22.32594381321562
22.95,21.44484,20.59,21.16250423202612
21.93,21.24641,22.95,23.591591492653357
23.48,21.205873,21.93,22.27991127091932
23.59,21.468737,23.48,23.830803272308216
21.82,21.667328,23.59,23.943316562364924
22.95,20.622812,21.82,22.067387597562565
18.9,20.739647,22.95,23.014041629245835
18.03,18.524492,18.9,18.817102955886057
19.73,17.219288,18.03,17.88244554900072
16.43,16.747955,19.73,19.315324948117645
13.72,15.587364,16.43,16.083098924597174
13.97,13.305723,13.72,13.358328156660672
12.64,12.39283,13.97,13.472327543685497
12.76,11.352827,12.64,12.080243997804196
10.73,10.407031,12.76,12.291412728079433
10.36,9.035906,10.73,10.177624243171753
9.68,8.220839,10.36,9.780958014687842
6.91,7.532317,9.68,9.186697343272101
4.45,5.8566875,6.91,6.343216142738552
4.43,3.7933788,4.45,3.907358732408418
3.35,3.0508049,4.43,3.8664053350208416
2.47,2.329702,3.35,2.6763640349759052
1.28,1.516012,2.47,1.9080837336201506
0.54,0.38699502,1.28,0.8208337317833614
0.25,0.0,0.54,0.12543760068150722
0.0,0.0,0.25,-0.07344135494336684
0.0,0.0,0.0,-0.2625118029053629
0.0,0.0,0.0,-0.17087918241749328
0.0,0.0,0.0,-0.1536036416346661
0.0,0.0,0.0,0.020982612132330117
0.0,0.0,0.0,0.060256358293681485
0.0,0.0,0.0,0.12802682869013193
0.0,0.0,0.0,0.17272896465943655
0.0,0.0,0.0,0.1736903230121784
0.0,0.0,0.0,0.27459426012954435
0.0,0.0,0.0,0.29043260881622956
0.0,0.0,0.0,0.30090226310406365
0.0,0.0,0.0,0.28398847401162103
0.0,0.0,0.0,0.31491393685515134
0.0,0.0,0.0,0.3560923088651952
0.0,0.0,0.0,0.353949848924099
0.0,0.0,0.0,0.3300714132770915
0.0,0.0,0.0,0.35562227265480073
0.0,0.0,0.0,0.27657499808781916
0.0,0.0,0.0,0.2268472720258372
0.0,0.0,0.0,0.3257082269617908
0.0,0.0,0.0,0.2619045604552301
0.0,0.0,0.0,0.05602467988653513
0.0,0.0,0.0,0.05412608306702312
0.0,0.0,0.0,-0.0026746780485976257
0.0,0.0,0.0,0.07744832679338891
0.0,0.0,0.0,0.05833354070784065
0.0,0.0,0.0,0.005873330368988197
0.0,0.0,0.0,0.01352582728909861
0.0,0.0,0.0,0.06153594373752999
0.0,0.0,0.0,0.13083818163359762
0.0,0.0,0.0,0.10675922495207765
0.0,0.0,0.0,0.22623761997662267
0.0,0.0,0.0,0.14649939239575016
0.0,0.0,0.0,0.197098410238504
0.0,0.0,0.0,0.25990978033041673
0.0,0.0,0.0,0.30029959459947786
0.0,0.0,0.0,0.31142077315055927
0.0,0.0,0.0,0.35788086807583613
0.0,0.0,0.0,0.37208995618126545
0.0,0.0,0.0,0.42299703288594426
0.0,0.0,0.0,0.5406215899778548
0.0,0.0,0.0,0.5555460049944215
0.0,0.0,0.0,0.582246327986735
0.15,0.0,0.0,0.6519286992189546
0.24,0.0,0.15,0.8238286324299247
0.69,0.1349495,0.24,0.8911835563742257
1.34,0.8501588,0.69,1.3834281592377147
2.05,1.9106356,1.34,2.184164529533628
2.7,3.1248293,2.05,2.936478015582487
4.49,4.892476,2.7,3.665065436708025
5.81,6.560792,4.49,5.471594293347984
6.2,7.6090784,5.81,6.96370645143295
8.69,8.493272,6.2,7.323642586550851
10.42,10.384769,8.69,9.80810616922046
11.01,11.759408,10.42,11.62146292484934
15.84,12.909817,11.01,12.329218153469586
16.19,15.558611,15.84,17.06392106309042
18.15,16.889254,16.19,17.494559510320336
20.7,18.137726,18.15,19.683381383870987
17.76,19.319645,20.7,22.160860170925872
21.65,18.812618,17.76,19.277831507795266
22.06,20.421288,21.65,22.94967746870911
18.62,20.42439,22.06,23.155756939182453
19.54,20.30992,18.62,19.761240616955348
20.58,20.45607,19.54,20.373892216381297
21.15,20.51154,20.58,21.141223018185595
21.48,21.145119,21.15,21.764695832068245
19.41,21.088665,21.48,22.030887221886722
23.06,20.046886,19.41,19.730751203095075
20.05,20.426172,23.06,23.39957675971119
18.3,19.21401,20.05,20.42054006346479
18.97,17.631304,18.3,18.429384187953094
19.09,17.116661,18.97,18.872170588747114
16.2,16.730974,19.09,18.87419609345766
14.51,15.132678,16.2,16.09288852783385
12.29,13.516352,14.51,14.237151928776811
13.86,11.7625265,12.29,11.887429275294561
12.91,11.149484,13.86,13.326223439210178
12.22,10.902937,12.91,12.38016913790345
11.86,10.050984,12.22,11.726174452304077
7.7700000000000005,9.131464,11.86,11.45117648405137
6.0,7.1417775,7.7700000000000005,7.2118508440678735
5.25,5.5008707,6.0,5.504511407625781
5.08,4.149667,5.25,4.638866695381852
3.04,3.4315305,5.08,4.406570394428638
2.3,2.2341328,3.04,2.4328465657325338
1.34,1.2929673,2.3,1.7988110835521665
0.47,0.23346928,1.34,0.9569948807981721
0.23,0.0,0.47,0.12048134504462377
0.0,0.0,0.23,-0.16003340056945342
0.0,0.0,0.0,-0.3495576663776462
0.0,0.0,0.0,-0.22064287282506437
0.0,0.0,0.0,-0.17483028914741836
0.0,0.0,0.0,-0.05063777799017476
0.0,0.0,0.0,0.06768158466051336
0.0,0.0,0.0,0.051795097357041874
0.0,0.0,0.0,0.09265807520234415
0.0,0.0,0.0,0.17765979568784207
0.0,0.0,0.0,0.18586595720275267
0.0,0.0,0.0,0.27058994510609324
0.0,0.0,0.0,0.2997778320487701
0.0,0.0,0.0,0.2438178497005637
0.0,0.0,0.0,0.3099414640889185
0.0,0.0,0.0,0.24659761697483107
0.0,0.0,0.0,0.2831595689277489
0.0,0.0,0.0,0.2384258422053008
0.0,0.0,0.0,0.2974051957598029
0.0,0.0,0.0,0.32091938228836947
0.0,0.0,0.0,0.2488484712145654
0.0,0.0,0.0,0.21157473873912258
0.0,0.0,0.0,0.27484013313292116
0.0,0.0,0.0,-0.2187543654302176
0.0,0.0,0.0,-0.2049976583413698
0.0,0.0,0.0,-0.11451203572107382
0.0,0.0,0.0,-0.1120886168587383
0.0,0.0,0.0,-0.14968775121372999
0.0,0.0,0.0,-0.21108958899903232
0.0,0.0,0.0,-0.1778104536028545
0.0,0.0,0.0,-0.10519570173601313
0.0,0.0,0.0,-0.1402004307469184
0.0,0.0,0.0,-0.12982838261237015
0.0,0.0,0.0,-0.06653482548399883
0.0,0.0,0.0,-0.07779627162562877
0.0,0.0,0.0,0.06074128253760448
0.0,0.0,0.0,-0.027718131821627204
0.0,0.0,0.0,-0.009340690642105909
0.0,0.0,0.0,0.11768991916147536
0.0,0.0,0.0,0.08669923441393318
0.0,0.0,0.0,0.10083173168310304
0.0,0.0,0.0,0.14226570296832122
0.0,0.0,0.0,0.14434258228470578
0.0,0.0,0.0,0.29185681262578733
0.0,0.0,0.0,0.3065462779800723
0.1,0.0,0.0,0.28861379754528227
0.21,0.0,0.1,0.4998827260630736
0.52,0.0,0.21,0.667266001603036
1.14,0.4642224,0.52,0.9639922366282564
1.8,1.2795409,1.14,1.682263576461855
2.63,2.4817743,1.8,2.4188621585913945
3.25,4.084101,2.63,3.2757889273473246
4.51,5.295705,3.25,4.008199863858546
5.75,6.4022317,4.51,5.287989056270149
6.71,7.20066,5.75,6.5381092845376285
7.32,9.0954,6.71,7.614652540853281
9.38,9.751161,7.32,8.248818361953067
10.76,11.116364,9.38,10.193491728144247
10.71,12.207319,10.76,11.618787372963052
12.12,12.884845,10.71,11.546805271405711
15.080000000000002,13.511938,12.12,13.003682582450814
14.36,14.830703,15.080000000000002,15.762871872326764
16.1,15.139423,14.36,15.240451658451219
16.35,16.008204,16.1,16.894011247640623
16.25,16.349072,16.35,17.120463031672983
21.17,16.214718,16.25,17.100808912731765
20.16,18.1402,21.17,21.945850062373818
17.38,16.578684,20.16,21.012224763825017
15.120000000000001,16.044706,17.38,18.252328995180548
15.069999999999999,14.68451,15.120000000000001,15.685683175736607
12.97,13.886149,15.069999999999999,15.319322471915648
12.12,11.581556,12.97,13.080696172928763
12.62,10.782086,12.12,12.046581766181895
10.66,10.441494,12.62,12.330222569991925
10.73,9.20314,10.66,10.539385936515197
9.54,8.264174,10.73,10.536110705885804
7.31,7.5736275,9.54,9.215263983730646
4.97,6.0205116,7.31,6.928678483157983
4.6,4.326097,4.97,4.480622454712567
4.79,3.2083993,4.6,3.95916604810864
3.03,2.251727,4.79,4.140588751764581
2.06,1.3894198,3.03,2.4382269884120547
1.26,0.6224743,2.06,1.5022613350445124
0.42,0.0,1.26,0.8418365958797192
0.21,0.0,0.42,0.0723168041947822
0.0,0.0,0.21,-0.14878599950020943
0.0,0.0,0.0,-0.452267327336094
0.0,0.0,0.0,-0.3010249791298818
0.0,0.0,0.0,-0.27053776627893555
0.0,0.0,0.0,-0.27053212869393134
0.0,0.0,0.0,-0.03512402161912544
0.0,0.0,0.0,-0.09751028574533659
0.0,0.0,0.0,0.02326110116515883
0.0,0.0,0.0,0.051067657777970656
0.0,0.0,0.0,-0.0008271596105805662
0.0,0.0,0.0,0.07851490560326979
0.0,0.0,0.0,0.08839193162235005
0.0,0.0,0.0,0.029231664015587216
0.0,0.0,0.0,0.025195983832034842
0.0,0.0,0.0,0.03323396033019139
0.0,0.0,0.0,0.1260782020889254
0.0,0.0,0.0,0.09854125450102467
0.0,0.0,0.0,0.04223841481808311
0.0,0.0,0.0,0.005354660347087065
0.0,0.0,0.0,0.025082026890972872
0.0,0.0,0.0,0.0634697709671177
0.0,0.0,0.0,0.029805450537304483
0.0,0.0,0.0,0.20774689817211017
0.0,0.0,0.0,0.10599257276558541
0.0,0.0,0.0,0.14269859246807085
0.0,0.0,0.0,0.09430176122074324
0.0,0.0,0.0,0.12968150145481108
0.0,0.0,0.0,0.0928236616536866
0.0,0.0,0.0,0.18135797719927826
0.0,0.0,0.0,0.20699575309315277
0.0,0.0,0.0,0.14275518408736093
0.0,0.0,0.0,0.1154559424505261
0.0,0.0,0.0,0.2439319285708913
0.0,0.0,0.0,0.23481314826165056
0.0,0.0,0.0,0.21329236303624668
0.0,0.0,0.0,0.3517254141448748
0.0,0.0,0.0,0.27673996075989316
0.0,0.0,0.0,0.28666987674271677
0.0,0.0,0.0,0.40722465247632605
0.0,0.0,0.0,0.3558448594429
0.0,0.0,0.0,0.41421924932874676
0.0,0.0,0.0,0.5403016939429861
0.0,0.0,0.0,0.5734082165320059
0.0,0.0,0.0,0.5257790574398786
0.12,0.0,0.0,0.5919703587681375
0.26,0.0,0.12,0.8142450635531923
0.57,0.0,0.26,0.9611600285082282
1.06,0.7463611,0.57,1.2918553741344208
2.06,1.8177775,1.06,1.8233934800942273
2.84,2.6501706,2.06,2.9504454128272286
3.46,4.474944,2.84,3.804203802649331
5.28,5.7453485,3.46,4.506863242875413
6.24,6.872768,5.28,6.270331057437769
7.91,7.959154,6.24,7.416417037882678
11.87,10.19429,7.91,9.113154924223664
12.46,12.23525,11.87,13.027176135749492
13.13,14.341656,12.46,13.716968691961183
14.54,14.853863,13.13,14.521149099881894
15.94,16.058613,14.54,15.74642541570734
15.399999999999999,16.607822,15.94,17.14214086076997
18.38,16.554317,15.399999999999999,16.585588547578144
18.89,17.751692,18.38,19.525038540264536
21.38,18.655838,18.89,20.00986277231957
20.13,19.214462,21.38,22.546322131794767
21.02,19.646841,20.13,21.377621903190903
23.67,19.988625,21.02,22.082120863587356
23.69,21.221094,23.67,24.687452518262653
19.79,21.133793,23.69,24.570119727518392
20.2,20.279202,19.79,20.61917155799924
19.61,20.141216,20.2,20.705592210184488
23.64,19.265314,19.61,19.89522819036398
20.28,20.697073,23.64,23.857396058666527
21.67,19.425762,20.28,20.50423307290525
22.09,19.725384,21.67,21.7301290634039
22.47,19.659426,22.09,22.22991078084013
17.05,19.382267,22.47,22.473285305747602
18.98,17.04327,17.05,17.033283575059215
16.82,16.337471,18.98,18.71544596528609
15.94,15.293874,16.82,16.417855385157463
14.89,14.462512,15.94,15.476054380515379
13.58,13.419117,14.89,14.490856997034447
14.53,11.997963,13.58,12.985589088013931
11.93,11.741862,14.53,14.130547273876
10.21,10.048493,11.93,11.397298103032256
8.56,8.523772,10.21,9.732105188969522
7.699999999999999,6.890662,8.56,7.967464932661786
5.23,6.0264454,7.699999999999999,7.008174474902753
5.26,4.2727137,5.23,4.633954721091453
3.26,3.2118616,5.26,4.663181001994852
2.41,2.0477688,3.26,2.642255892063694
1.25,1.2072552,2.41,1.8621333861264273
0.45,0.20489906,1.25,0.7604112625099035
0.21,0.0,0.45,-0.03900175556821234
0.0,0.0,0.21,-0.18018651646559913
0.0,0.0,0.0,-0.44055853955990887
0.0,0.0,0.0,-0.20294332986102406
0.0,0.0,0.0,-0.18959203158859322
0.0,0.0,0.0,-0.0045269904083665435
0.0,0.0,0.0,0.02494497676435843
0.0,0.0,0.0,0.057872519825135534
0.0,0.0,0.0,0.15111077633600234
0.0,0.0,0.0,0.18464231884135443
0.0,0.0,0.0,0.2430528703215418
0.0,0.0,0.0,0.21238939856606218
0.0,0.0,0.0,0.28538159974940697
0.0,0.0,0.0,0.2165965197304942
0.0,0.0,0.0,0.3140155445145834
0.0,0.0,0.0,0.24302899809038506
0.0,0.0,0.0,0.347211476962335
0.0,0.0,0.0,0.3288690234481951
0.0,0.0,0.0,0.24168879855841313
0.0,0.0,0.0,0.3238219119416894
0.0,0.0,0.0,0.2926099424574957
0.0,0.0,0.0,0.25167547934881196
0.0,0.0,0.0,0.3214314198684138
0.0,0.0,0.0,0.11411401706794236
0.0,0.0,0.0,0.05711350082400823
0.0,0.0,0.0,0.16488221909690376
0.0,0.0,0.0,0.10043919450083733
0.0,0.0,0.0,0.12432325655372747
0.0,0.0,0.0,0.08386280497767284
0.0,0.0,0.0,0.1435284748483076
0.0,0.0,0.0,0.13909388760012284
0.0,0.0,0.0,0.15756903854874071
0.0,0.0,0.0,0.16397541887204994
0.0,0.0,0.0,0.1318418062717105
0.0,0.0,0.0,0.22015618781861715
0.0,0.0,0.0,0.313225702223616
0.0,0.0,0.0,0.27917085081631876
0.0,0.0,0.0,0.24737406044993687
0.0,0.0,0.0,0.30783669332392416
0.0,0.0,0.0,0.2948501729230971
0.0,0.0,0.0,0.3534973762697
0.0,0.0,0.0,0.4390216048499861
0.0,0.0,0.0,0.44298525352120716
0.0,0.0,0.0,0.5030351709761546
0.0,0.0,0.0,0.4836510906716532
0.1,0.0,0.0,0.5792554963689817
0.22,0.0,0.1,0.6976949943188155
0.52,0.118137196,0.22,0.9301838567493566
1.19,0.7954732,0.52,1.3006570786437237
2.0,1.7378855,1.19,1.9920051438719755
2.64,2.815967,2.0,2.9207664133995386
3.58,4.2140937,2.64,3.552422913289114
5.2,5.26528,3.58,4.652459205897859
7.42,6.4965234,5.2,6.325082151827663
8.34,8.280027,7.42,8.628777299871514
10.84,10.53162,8.34,9.579066241805778
12.77,12.29504,10.84,12.11303770541213
14.54,13.8929825,12.77,14.164330511821667
14.9,15.303716,14.54,15.962761535249172
16.04,16.230196,14.9,16.307000340548978
17.03,17.101168,16.04,17.360434632907456
20.04,17.134071,17.03,18.42604933591359
19.38,18.385975,20.04,21.3831056481987
19.17,18.876747,19.38,20.726007974185247
22.5,19.367245,19.17,20.40206555018418
23.44,20.130085,22.5,23.567458901744935
21.81,21.313456,23.44,24.598994198160295
22.88,20.92683,21.81,23.100797702530265
22.79,21.073725,22.88,23.795886697752493
20.81,21.412077,22.79,23.50377862136147
20.25,20.766163,20.81,21.56354874893774
21.84,20.327322,20.25,20.82390436879054
21.03,20.60126,21.84,22.148484293451553
21.05,20.401382,21.03,21.277721163618576
19.01,19.666592,21.05,21.21135500791905
20.69,18.808636,19.01,19.06498737318078
22.1,18.520876,20.69,20.573739390116046
18.39,18.552015,22.1,21.96175182219769
17.93,17.261513,18.39,18.254589191723692
15.24,16.21312,17.93,17.78856773054194
14.15,14.776797,15.24,15.003310369971816
14.1,13.654718,14.15,13.80595562825604
12.82,12.310105,14.1,13.570454636330487
11.38,11.655682,12.82,12.204533134853445
11.18,10.370745,11.38,10.934846635529071
11.01,9.47402,11.18,10.620569273600541
7.71,8.770901,11.01,10.576626174973427
6.56,6.6474733,7.71,7.347196144038901
4.35,5.798764,6.56,6.084108678143227
5.13,4.0032187,4.35,3.723408727428935
2.9,3.2819157,5.13,4.627208220728056
2.11,2.2223823,2.9,2.3877633177334747
1.09,1.5986563,2.11,1.706148043952724
0.48,0.42169866,1.09,0.6964563068675594
0.22,0.0,0.48,0.1072014546754288
0.0,0.0,0.22,-0.10849927360723044
0.0,0.0,0.0,-0.19036004887152874
0.0,0.0,0.0,-0.18813993286480354
0.0,0.0,0.0,-0.0914013975630329
0.0,0.0,0.0,0.02597762459774257
0.0,0.0,0.0,0.0909847466597391
0.0,0.0,0.0,0.10408092879825595
0.0,0.0,0.0,0.0980642769889099
0.0,0.0,0.0,0.15674006030363985
0.0,0.0,0.0,0.16386983207619502
0.0,0.0,0.0,0.32177300575647666
0.0,0.0,0.0,0.2112436037831544
0.0,0.0,0.0,0.28853564997891784
0.0,0.0,0.0,0.33015856243107605
0.0,0.0,0.0,0.3316098142086888
0.0,0.0,0.0,0.28599992242567696
0.0,0.0,0.0,0.33586192315297503
0.0,0.0,0.0,0.3048307347353948
0.0,0.0,0.0,0.3202153283123068
0.0,0.0,0.0,0.2455792978941571
0.0,0.0,0.0,0.30963221729455537
0.0,0.0,0.0,0.18383079646306602
0.0,0.0,0.0,0.0023777973627911453
0.0,0.0,0.0,0.0717893745401419
0.0,0.0,0.0,0.09485936026780023
0.0,0.0,0.0,0.0701290825595912
0.0,0.0,0.0,0.009638165416594388
0.0,0.0,0.0,0.10592454040041797
0.0,0.0,0.0,0.05646439831759227
0.0,0.0,0.0,0.05649863457770396
0.0,0.0,0.0,0.09240487962463237
0.0,0.0,0.0,0.11020717245123088
0.0,0.0,0.0,0.16484216668027069
0.0,0.0,0.0,0.17457089896909533
0.0,0.0,0.0,0.22760741058424494
0.0,0.0,0.0,0.28299191420333114
0.0,0.0,0.0,0.22201515696425464
0.0,0.0,0.0,0.3011593890125663
0.0,0.0,0.0,0.3471690724037581
0.0,0.0,0.0,0.36224440147260817
0.0,0.0,0.0,0.375336342288319
0.0,0.0,0.0,0.3724293898741641
0.0,0.0,0.0,0.4666636252630103
0.0,0.0,0.0,0.5193021539765766
0.13,0.0,0.0,0.6189877938821003
0.22,0.0,0.13,0.7876111010941196
0.56,0.0,0.22,0.9367422064835599
1.34,0.3578488,0.56,1.3722965120459405
2.18,1.3744676,1.34,2.114736737601569
2.75,2.2941918,2.18,3.046956955541106
4.09,3.934182,2.75,3.7255168806311763
5.38,5.2400956,4.09,5.160788062080949
7.23,6.6826167,5.38,6.449433714706082
7.97,7.8521385,7.23,8.36460458720711
8.56,9.917634,7.97,9.253897833923903
12.7,11.0573225,8.56,9.786213312087899
15.14,12.643878,12.7,13.889140876342728
14.91,14.676448,15.14,16.559978463916536
17.74,15.984324,14.91,16.476811193931784
20.13,16.819365,17.74,19.16762627888503
19.8,18.597069,20.13,21.44633481738363
21.63,18.943352,19.8,21.378700089252227
19.44,20.047094,21.63,23.00895459417102
20.58,19.8849,19.44,20.667201789657838
21.95,19.641848,20.58,21.719272243458583
22.6,20.330736,21.95,22.775604099525193
21.97,20.914202,22.6,23.52535112354376
20.44,20.951536,21.97,22.747912390114035
22.17,20.851442,20.44,20.998732931452736
22.26,20.79669,22.17,22.67363806255643
22.6,21.21843,22.26,22.663531857410728
22.31,20.897385,22.6,22.895219271195625
23.19,20.969002,22.31,22.42246528338349
19.19,20.736046,23.19,23.282481464777838
23.0,19.155966,19.19,19.385488664863246
21.99,19.253622,23.0,22.887678450521907
19.5,18.899933,21.99,21.837527834214548
17.21,17.976097,19.5,19.39105194379294
16.48,16.138733,17.21,17.02310460414662
14.61,15.101446,16.48,16.087050970699067
14.88,13.4315605,14.61,14.255579727267293
13.23,12.791644,14.88,14.212963799305797
11.27,11.511364,13.23,12.580253613021025
12.11,10.592034,11.27,10.695616094153035
8.76,9.278189,12.11,11.498868631770025
6.35,7.543788,8.76,8.160973481103696
5.88,6.037202,6.35,5.956123847538162
4.67,4.841162,5.88,5.096136801555239
3.4,3.4669778,4.67,3.9620098663462002
2.71,2.1174896,3.4,2.890114985602338
1.2,1.1080673,2.71,2.1666060244641727
0.57,0.21775712,1.2,0.8254322421284788
0.25,0.0,0.57,0.2396917912106783
0.0,0.0,0.25,-0.11799856173596496
0.0,0.0,0.0,-0.33205655268132084
0.0,0.0,0.0,-0.19228998723413396
0.0,0.0,0.0,-0.12898033312946616
0.0,0.0,0.0,0.011350711244065663
0.0,0.0,0.0,0.015822020839941775
0.0,0.0,0.0,0.19914191609891843
0.0,0.0,0.0,0.17132413801245217
0.0,0.0,0.0,0.2676517616841304
0.0,0.0,0.0,0.22710052902230035
0.0,0.0,0.0,0.21104087570002597
0.0,0.0,0.0,0.2881297338729854
0.0,0.0,0.0,0.33177901076235355
0.0,0.0,0.0,0.36621123518671744
0.0,0.0,0.0,0.3142837301652641
0.0,0.0,0.0,0.27631890727307645
0.0,0.0,0.0,0.39027865574238396
0.0,0.0,0.0,0.3781526519002693
0.0,0.0,0.0,0.3212903829754794
0.0,0.0,0.0,0.3269180772886292
0.0,0.0,0.0,0.22429113300199455
0.0,0.0,0.0,0.20824498908488379
0.0,0.0,0.0,0.23694787362262187
0.0,0.0,0.0,0.018715651803986946
0.0,0.0,0.0,0.028038387109872512
0.0,0.0,0.0,0.03576223530025548
0.0,0.0,0.0,-0.04554075815565509
0.0,0.0,0.0,0.0291570951046927
0.0,0.0,0.0,0.08774873910710919
0.0,0.0,0.0,0.11680598409021768
0.0,0.0,0.0,0.11187942233469798
0.0,0.0,0.0,0.08841555164293365
0.0,0.0,0.0,0.12245254271540618
0.0,0.0,0.0,0.09356101228769664
0.0,0.0,0.0,0.08876193773796524
0.0,0.0,0.0,0.16862503280651736
0.0,0.0,0.0,0.163762511353312
0.0,0.0,0.0,0.22811741688654727
0.0,0.0,0.0,0.2959762459861446
0.0,0.0,0.0,0.36953348584315304
0.0,0.0,0.0,0.3974046604647363
0.0,0.0,0.0,0.3988979828750464
0.0,0.0,0.0,0.4423675868801109
0.0,0.0,0.0,0.5396196137594704
0.0,0.0,0.0,0.5714031849603709
0.11,0.0,0.0,0.533185801339731
0.21,0.12446654,0.11,0.7082899621265213
0.65,0.9271524,0.21,0.8932155134474941
1.15,1.67805,0.65,1.312787613581573
2.05,2.495167,1.15,1.9412558072617996
2.53,3.3852146,2.05,2.9007874034092245
4.16,5.235862,2.53,3.4717330073520243
5.44,6.5653305,4.16,5.114198882631082
6.87,7.804681,5.44,6.499488688137423
8.15,9.475268,6.87,8.00019314736474
9.77,11.104091,8.15,9.412341296475601
12.54,12.252752,9.77,11.04721876834219
13.58,14.516322,12.54,13.818905947815786
17.22,15.611987,13.58,14.933566052801735
16.58,17.65888,17.22,18.693589886476094
19.65,17.935246,16.58,18.045352379740876
21.17,19.837343,19.65,21.06890550713424
20.59,20.815609,21.17,22.575460333745173
18.87,21.251093,20.59,22.124483557202453
20.11,20.76403,18.87,20.23938320428731
19.89,21.038078,20.11,21.237652946510398
19.03,20.842535,19.89,20.856233981739866
21.11,20.61423,19.03,19.924850289138682
23.06,20.997799,21.11,21.857218807277935
22.35,21.858269,23.06,23.73553346497272
21.62,21.534613,22.35,23.05663817822716
20.76,21.799421,21.62,22.202376293224727
20.2,20.86148,20.76,21.133783265059463
22.2,20.391184,20.2,20.305642594327164
22.94,20.816692,22.2,22.226184970929715
20.8,20.55479,22.94,22.854257920045075
20.59,20.033865,20.8,20.8686766761889
22.46,19.60601,20.59,20.474140121252596
20.36,19.556683,22.46,22.409478680810807
19.67,18.492556,20.36,20.22843300317969
15.650000000000002,17.717714,19.67,19.521076376275268
16.08,15.789884,15.650000000000002,15.36321276628922
14.72,14.678233,16.08,15.540583804762885
11.92,13.727125,14.72,14.18855389559392
13.26,12.158064,11.92,11.297952460004176
12.48,11.290091,13.26,12.672429939756487
11.25,10.806641,12.48,11.857009500494463
8.84,9.59285,11.25,10.773151300482475
6.57,8.248171,8.84,8.413807443811105
5.89,6.553168,6.57,6.037462098742918
5.31,5.188266,5.89,5.172515826261618
4.35,4.27496,5.31,4.578278303926533
3.04,3.393126,4.35,3.65152305703375
1.7,2.555792,3.04,2.5268913484962443
0.57,1.672548,1.7,1.1328945221074616
0.32,0.7049825,0.57,0.06875299040723426
0.0,0.16867538,0.32,-0.17089080557713077
0.0,0.0,0.0,-0.44166932878189025
0.0,0.0,0.0,-0.3347148916294024
0.0,0.0,0.0,-0.2763685237989824
0.0,0.0,0.0,-0.1285405075438057
0.0,0.0,0.0,-0.08553303847517124
0.0,0.0,0.0,0.08716514908726582
0.0,0.0,0.0,0.07084007292982135
0.0,0.0,0.0,0.12494161090634812
0.0,0.0,0.0,0.14652614977807207
0.0,0.0,0.0,0.15519413874748506
0.0,0.0,0.0,0.2565951098271963
0.0,0.0,0.0,0.19900951880179849
0.0,0.0,0.0,0.21137422394112662
0.0,0.0,0.0,0.28146258436774413
0.0,0.0,0.0,0.22109380187691235
0.0,0.0,0.0,0.22512345576416576
0.0,0.0,0.0,0.18831418540452144
0.0,0.0,0.0,0.2703706272558357
0.0,0.0,0.0,0.22613144930884516
0.0,0.0,0.0,0.1777716802424337
0.0,0.0,0.0,0.15932371646382665
0.0,0.0,0.0,0.18924685120497806
0.0,0.0,0.0,-0.03837803031394679
0.0,0.0,0.0,-0.004115849332149528
0.0,0.0,0.0,0.1267005954764523
0.0,0.0,0.0,2.747421565835184e-05
0.0,0.0,0.0,0.03928581209910166
0.0,0.0,0.0,0.14693213452903398
0.0,0.0,0.0,0.005176326337207743
0.0,0.0,0.0,0.01105459313476935
0.0,0.0,0.0,0.12896615253446905
0.0,0.0,0.0,0.1601523188622568
0.0,0.0,0.0,0.21320296537856614
0.0,0.0,0.0,0.13399646203758428
0.0,0.0,0.0,0.2816845175548356
0.0,0.0,0.0,0.29350333046559596
0.0,0.0,0.0,0.2182411729483659
0.0,0.0,0.0,0.25366408801630624
0.0,0.0,0.0,0.24440473423009493
0.0,0.0,0.0,0.3526698770327704
0.0,0.0,0.0,0.3748656357894927
0.0,0.0,0.0,0.40416588107311385
0.0,0.0,0.0,0.4908266351787073
0.0,0.0,0.0,0.5797040667435767
0.12,0.0,0.0,0.6016447575129078
0.21,0.0,0.12,0.7433639846629854
0.54,0.655261,0.21,0.8361423018617365
1.26,1.2583026,0.54,1.3060657459210556
2.19,2.1192987,1.26,2.0900086655301795
2.92,3.206921,2.19,3.045405850443588
3.9199999999999995,5.138543,2.92,3.7726527362939297
5.75,6.356618,3.9199999999999995,4.944913679880884
7.98,7.873614,5.75,6.895157307641862
10.14,9.765667,7.98,9.142704085157407
12.25,12.083547,10.14,11.383925201387251
12.88,13.972099,12.25,13.643501814142722
14.61,15.363254,12.88,14.355509460489715
14.29,16.076012,14.61,16.11188831695972
15.73,16.408241,14.29,15.707593550046415
17.58,17.314577,15.73,17.0815703081273
18.46,18.226,17.58,18.852442622207914
20.51,18.767162,18.46,19.819814813433002
20.65,20.480862,20.51,21.866752203320235
19.41,20.715435,20.65,21.941683478618437
20.83,20.534946,19.41,20.678595977127298
20.85,21.162111,20.83,21.964661411947763
21.89,21.320532,20.85,21.767167701209754
20.18,21.322329,21.89,22.703897152940883
19.98,21.050009,20.18,20.92293768465668
19.36,20.587753,19.98,20.55176077498794
20.91,19.686178,19.36,19.86680247503029
20.64,20.237297,20.91,21.207535600067686
20.17,19.940056,20.64,20.979513937347974
21.14,19.400366,20.17,20.39085198925951
20.65,19.404781,21.14,21.262427841287714
18.16,18.731031,20.65,20.70442621921003
19.26,17.063757,18.16,18.219637216124557
19.13,17.073126,19.26,19.194610083487714
14.99,16.233686,19.13,18.958000262212575
15.450000000000001,14.783734,14.99,14.844035400179186
12.94,13.607892,15.450000000000001,15.110254066284472
14.05,12.213597,12.94,12.553520404753314
13.59,11.915852,14.05,13.645312982434799
11.0,11.211235,13.59,12.99998994945673
11.27,9.933994,11.0,10.477008648405997
8.43,8.799627,11.27,10.740822111781348
7.24,7.4408226,8.43,7.937234390407102
6.97,6.143156,7.24,6.721258196542932
5.83,5.0722437,6.97,6.364260778916626
5.49,4.1571274,5.83,5.115540988791824
2.87,3.597025,5.49,4.879590227319191
1.3,2.4277031,2.87,2.330810542433941
0.65,1.0398173,1.3,0.7867238439616747
0.0,0.21656778,0.65,0.07578910507107794
0.0,0.0,0.0,-0.5512808090538307
0.0,0.0,0.0,-0.5612455503149344
0.0,0.0,0.0,-0.41902626178312424
0.0,0.0,0.0,-0.31154726492381835
0.0,0.0,0.0,-0.21326157000493728
0.0,0.0,0.0,-0.07383474850974722
0.0,0.0,0.0,-0.05813095980648712
0.0,0.0,0.0,0.013466620139213174
0.0,0.0,0.0,0.05325171065018095
0.0,0.0,0.0,0.08888434613557786
0.0,0.0,0.0,0.12851115457043952
0.0,0.0,0.0,0.18284500007459825
0.0,0.0,0.0,0.14336935966797235
0.0,0.0,0.0,0.18259024729902934
0.0,0.0,0.0,0.18235000188454953
0.0,0.0,0.0,0.2253656862038167
0.0,0.0,0.0,0.12508582910911145
0.0,0.0,0.0,0.17644674576439132
0.0,0.0,0.0,0.19921085608968866
0.0,0.0,0.0,0.20344841125011393
0.0,0.0,0.0,0.20296516405704484
0.0,0.0,0.0,0.20222408139376855
0.0,0.0,0.0,-0.03149490841825239
0.0,0.0,0.0,0.035699545101273086
0.0,0.0,0.0,0.04023086177182812
0.0,0.0,0.0,0.038444796930675144
0.0,0.0,0.0,0.06450843604079153
0.0,0.0,0.0,-0.020150343038823834
0.0,0.0,0.0,0.01606935465879932
0.0,0.0,0.0,0.02924374691580061
0.0,0.0,0.0,0.03274510912450304
0.0,0.0,0.0,0.16159307668598555
0.0,0.0,0.0,0.02767222549936596
0.0,0.0,0.0,0.13364240478894546
0.0,0.0,0.0,0.149202209088624
0.0,0.0,0.0,0.17076674615169796
0.0,0.0,0.0,0.2731846159565604
0.0,0.0,0.0,0.21284303018813236
0.0,0.0,0.0,0.30450988528334644
0.0,0.0,0.0,0.38435871669872734
0.0,0.0,0.0,0.33385841211436584
0.0,0.0,0.0,0.38271975239638933
0.0,0.0,0.0,0.3971495214738252
0.0,0.0,0.0,0.4917483936768355
0.11,0.0,0.0,0.45267924319209263
0.23,0.0,0.11,0.7029561704565974
0.58,0.13619082,0.23,0.8957815171591621
1.29,1.0221418,0.58,1.2795506811635977
2.34,2.0046482,1.29,2.054373378529765
2.93,3.0195968,2.34,3.141422044573013
3.81,4.8120646,2.93,3.835048350754722
5.25,6.0422864,3.81,4.793305579473651
6.95,6.793125,5.25,6.345961222168874
7.67,8.034507,6.95,8.093351426719199
9.77,9.568687,7.67,8.897449721520951
11.71,11.314467,9.77,11.002205412614641
13.11,12.681467,11.71,13.141891728046728
16.78,14.048806,13.11,14.603535967485094
14.23,16.200846,16.78,18.33777459216788
18.0,16.01308,14.23,15.847421532226505
18.04,17.583778,18.0,19.5389995302247
16.28,18.217031,18.04,19.515304394834114
21.34,18.416393,16.28,17.753338249982132
21.29,20.239265,21.34,22.60614097372069
18.4,20.465473,21.29,22.368048136643154
18.12,20.437561,18.4,19.75282277208747
19.09,20.208998,18.12,19.106260549434403
19.83,19.993076,19.09,19.782454097989696
20.96,20.59029,19.83,20.55604767146533
20.52,20.567375,20.96,21.553923429065456
19.26,20.292807,20.52,21.00969558996304
21.32,19.73561,19.26,19.83872885027216
21.37,19.820347,21.32,21.6180488521219
19.31,19.984198,21.37,21.7018095104412
21.23,19.083261,19.31,19.49634745216637
18.62,19.204998,21.23,21.297471801002857
22.02,17.896397,18.62,18.553376017952814
17.84,18.973206,22.02,22.012950177497856
19.27,17.015154,17.84,17.836196574477896
16.37,16.930668,19.27,19.097265484830853
16.08,15.358061,16.37,16.25596315410197
13.54,14.524493,16.08,15.761468639735108
11.23,12.720262,13.54,13.347958519650586
10.52,11.185327,11.23,10.761663913320634
10.88,9.557812,10.52,9.9231632914847
7.37,9.069044,10.88,10.176247924195652
7.07,7.116875,7.37,6.88640665483093
4.97,6.089404,7.07,6.466920544659354
5.02,4.6884737,4.97,4.331220083302458
4.87,4.180653,5.02,4.316875768354697
3.07,3.2543204,4.87,4.2194786155508766
2.74,2.3655658,3.07,2.4462983919691137
1.21,1.6740515,2.74,2.2466238144620405
0.46,0.98724985,1.21,0.7219432994389474
0.25,0.059669957,0.46,-0.020609850994611767
0.0,0.0,0.25,-0.06518367580199164
0.0,0.0,0.0,-0.3292550791232053
0.0,0.0,0.0,-0.24169708684599395
0.0,0.0,0.0,-0.15020835076589295
0.0,0.0,0.0,-0.04160013053241096
0.0,0.0,0.0,0.058416092938392804
0.0,0.0,0.0,0.03730820888875143
0.0,0.0,0.0,0.06833124299412535
0.0,0.0,0.0,0.12106352747850405
0.0,0.0,0.0,0.23680849007339938
0.0,0.0,0.0,0.21089343303523578
0.0,0.0,0.0,0.27119001902632117
0.0,0.0,0.0,0.29925424566331005
0.0,0.0,0.0,0.19025626831215742
0.0,0.0,0.0,0.1525674056554664
0.0,0.0,0.0,0.23108054835401648
0.0,0.0,0.0,0.16080187135083482
0.0,0.0,0.0,0.14721779767165602
0.0,0.0,0.0,0.16878928151570932
0.0,0.0,0.0,0.17048691250999115
0.0,0.0,0.0,0.15728363904649328
0.0,0.0,0.0,0.15552348893544507
0.0,0.0,0.0,0.07434443407460752
0.0,0.0,0.0,-0.05957474805204768
0.0,0.0,0.0,-0.12123433485368484
0.0,0.0,0.0,-0.12204702836048513
0.0,0.0,0.0,-0.08982272509946078
0.0,0.0,0.0,-0.053316694270954465
0.0,0.0,0.0,0.00018804615974657435
0.0,0.0,0.0,-0.016109340782649376
0.0,0.0,0.0,0.010704135845483742
0.0,0.0,0.0,0.017631421194007693
0.0,0.0,0.0,-0.008638324380445019
0.0,0.0,0.0,-0.04010514069942822
0.0,0.0,0.0,0.014107110840447662
0.0,0.0,0.0,0.04001403619209358
0.0,0.0,0.0,0.127089691531545
0.0,0.0,0.0,0.1799196127244612
0.0,0.0,0.0,0.13406823320151948
0.0,0.0,0.0,0.16017336089018253
0.0,0.0,0.0,0.20339816791254944
0.0,0.0,0.0,0.2732155687442881
0.0,0.0,0.0,0.24974496947217256
0.0,0.0,0.0,0.38362607462287135
0.0,0.0,0.0,0.4215873294132189
0.1,0.0,0.0,0.42967103070657464
0.19,0.0,0.1,0.612687246607227
0.48999999999999994,0.14233251,0.19,0.706495027114896
1.0,0.6144793,0.48999999999999994,1.1102262010053758
1.55,1.3747723,1.0,1.6641319496317344
2.6,2.0550625,1.55,2.291299563674011
3.1,3.5815568,2.6,3.3526686980412412
3.8599999999999994,4.8775644,3.1,4.01222080348381
6.23,5.7453628,3.8599999999999994,4.830429439339563
7.19,6.9070888,6.23,7.17399745030428
9.54,8.894382,7.19,8.299878334944877
12.62,10.824404,9.54,10.726054165939663
13.27,13.409841,12.62,13.799811193089226
15.05,14.959524,13.27,14.692483788216029
15.66,16.211311,15.05,16.544826867689075
14.37,16.916372,15.66,17.090936636242414
15.94,16.695333,14.37,15.80925526851124
18.16,16.88185,15.94,17.140746575855914
18.18,17.938925,18.16,19.323531789755567
16.48,18.350586,18.18,19.36529789012378
16.76,18.025253,16.48,17.69193033642996
19.42,17.92809,16.76,17.845709291800638
15.399999999999999,18.527985,19.42,20.296344212278477
18.8,17.576706,15.399999999999999,16.290550104589684
17.79,18.745777,18.8,19.491376763423197
18.9,17.773695,17.79,18.323032387729604
18.29,18.766598,18.9,19.55643728949382
15.650000000000002,18.021692,18.29,18.81112082533699
17.33,17.059721,15.650000000000002,16.081676084597067
18.44,16.499088,17.33,17.694921933427395
16.23,16.603064,18.44,18.47758478108114
15.37,16.003475,16.23,16.464081236705233
17.47,15.258862,15.37,15.494461920198104
15.04,15.530105,17.47,17.47669819159508
13.58,14.190612,15.04,14.992739935406407
13.38,13.357574,13.58,13.655044865147978
12.13,12.4048195,13.38,13.111065237832392
14.55,11.913952,12.13,11.92808552973418
12.07,11.535882,14.55,14.22403181979555
10.8,10.752932,12.07,11.814550136367165
10.86,10.150751,10.8,10.696703616084458
7.839999999999999,9.474388,10.86,10.628302139693226
6.68,7.6897674,7.839999999999999,7.455995513056008
5.44,6.43483,6.68,6.3070681454457445
5.36,5.5083814,5.44,4.901577938091717
4.17,4.6415462,5.36,4.802655674497704
3.03,3.4409366,4.17,3.7317430330446175
2.19,2.577526,3.03,2.5242191601219552
1.32,1.779491,2.19,1.8508442523273205
0.48999999999999994,0.9857116,1.32,0.953824117406552
0.26,0.2572692,0.48999999999999994,0.12460888124917052
0.0,0.0,0.26,-0.10001065054943054
0.0,0.0,0.0,-0.3543533136611954
0.0,0.0,0.0,-0.235156669345227
0.0,0.0,0.0,-0.09033899558759106
0.0,0.0,0.0,-0.08392260964625115
0.0,0.0,0.0,0.03542532499200005
0.0,0.0,0.0,-0.031480383415772445
0.0,0.0,0.0,-0.026621703390121987
0.0,0.0,0.0,0.03361278788724057
0.0,0.0,0.0,0.02121313066733046
0.0,0.0,0.0,0.0438683323210284
0.0,0.0,0.0,0.17919990075679637
0.0,0.0,0.0,0.14507343970712086
0.0,0.0,0.0,0.09092834491463309
0.0,0.0,0.0,0.19234225117257392
0.0,0.0,0.0,0.17640503773362265
0.0,0.0,0.0,0.08979279325264759
0.0,0.0,0.0,0.17183668162033094
0.0,0.0,0.0,0.18555547897340527
0.0,0.0,0.0,0.15626918096722314
0.0,0.0,0.0,0.15552743507883265
0.0,0.0,0.0,0.03157779355969392
0.0,0.0,0.0,0.06911963166525326
0.0,0.0,0.0,-0.25565723514783534
0.0,0.0,0.0,-0.32527144991633394
0.0,0.0,0.0,-0.2744369131167307
0.0,0.0,0.0,-0.2871814802239097
0.0,0.0,0.0,-0.21274949344543784
0.0,0.0,0.0,-0.32062218157572486
0.0,0.0,0.0,-0.23460443874979212
0.0,0.0,0.0,-0.24443171169778344
0.0,0.0,0.0,-0.16712283778004122
0.0,0.0,0.0,-0.2680924456531106
0.0,0.0,0.0,-0.14576882461156204
0.0,0.0,0.0,-0.13100260139866537
0.0,0.0,0.0,-0.16907401015462392
0.0,0.0,0.0,-0.054176539666546744
0.0,0.0,0.0,0.0038729592319668854
0.0,0.0,0.0,-0.054251472194918327
0.0,0.0,0.0,-0.03152223462258838
0.0,0.0,0.0,0.07668527770388703
0.0,0.0,0.0,0.036326644681893214
0.0,0.0,0.0,0.06790836949083265
0.0,0.0,0.0,0.17317797346951966
0.0,0.0,0.0,0.17369921026956905
0.06,0.0,0.0,0.2898263187409179
0.16,0.0,0.06,0.3064930618157439
0.34,0.0,0.16,0.4528597071954258
0.65,0.0,0.34,0.7726081870493369
0.99,0.3717881,0.65,1.074010366592319
1.85,0.76674294,0.99,1.470231602361935
2.23,2.1405382,1.85,2.438979810258144
2.51,3.0405138,2.23,2.813938102581114
3.23,3.6567352,2.51,3.192130741786038
3.4,4.1538243,3.23,3.9655369611551436
4.18,4.998518,3.4,4.219997444611945
5.49,5.5900745,4.18,4.907677497850967
6.4,6.6234913,5.49,6.315563981399746
6.96,7.4738064,6.4,7.22087185164488
7.83,8.671991,6.96,7.843632822381347
7.809999999999999,9.5118,7.83,8.703918301949532
8.34,9.795168,7.809999999999999,8.60243724366992
10.56,9.91013,8.34,9.136312002087998
12.29,10.741735,10.56,11.318109139225296
11.03,12.030506,12.29,13.192628862639868
14.1,12.7429905,11.03,11.941540760503043
12.13,13.609169,14.1,14.948642623113015
14.57,13.450587,12.13,12.92472081625089
14.31,14.489357,14.57,15.300181779684559
15.04,14.816625,14.31,14.92518489193533
13.71,14.774094,15.04,15.646845785113294
14.49,14.677385,13.71,14.256898218991507
17.81,14.286947,14.49,14.886826111934006
14.55,15.021981,17.81,18.18803229312303
14.55,14.318855,14.55,14.961982439492383
12.96,13.657725,14.55,14.78850639183716
11.75,12.112488,12.96,13.092007916502943
10.82,11.233794,11.75,11.757094890442607
9.21,10.067028,10.82,10.652292804932246
7.599999999999999,9.217479,9.21,8.860017954898458
6.71,7.619766,7.599999999999999,7.304508204086108
5.74,6.472858,6.71,6.255867365809257
5.31,5.5860534,5.74,5.214014319257348
4.77,4.633121,5.31,4.8239426190849555
3.4,4.054416,4.77,4.277356834421902
3.18,2.8856096,3.4,2.964860444956492
2.35,1.8504014,3.18,2.791064937588862
1.97,1.2768791,2.35,1.9165485251094343
0.92,0.71081734,1.97,1.6600248768749803
0.37,0.11830595,0.92,0.5953540600031371
0.2,0.0,0.37,0.04696619232896132
0.0,0.0,0.2,-0.055676644673443715
0.0,0.0,0.0,-0.23870441758342575
0.0,0.0,0.0,-0.11953039867115108
0.0,0.0,0.0,-0.08989867751468192
0.0,0.0,0.0,-0.09288719817175682
0.0,0.0,0.0,-0.050929180348596795
0.0,0.0,0.0,-0.032771815344832395
0.0,0.0,0.0,0.04871434960576314
0.0,0.0,0.0,0.05307253762800033
0.0,0.0,0.0,0.05654781026809684
0.0,0.0,0.0,0.04694253619934863
0.0,0.0,0.0,0.18278023592932607
0.0,0.0,0.0,0.15274810653154322
0.0,0.0,0.0,0.07079672336997991
0.0,0.0,0.0,-0.04065993240984944
0.0,0.0,0.0,0.02621268803382454
0.0,0.0,0.0,0.006663080415152331
0.0,0.0,0.0,-0.02929347484432715
0.0,0.0,0.0,-0.06458653612968032
0.0,0.0,0.0,0.019305677271709808
0.0,0.0,0.0,-0.060303194308531996
0.0,0.0,0.0,-0.12034248815696334
0.0,0.0,0.0,-0.06038127723163325
0.0,0.0,0.0,-0.24070846793754513
0.0,0.0,0.0,-0.19236036975695092
0.0,0.0,0.0,-0.1724252567613735
0.0,0.0,0.0,-0.19812756552025462
0.0,0.0,0.0,-0.19546578989981017
0.0,0.0,0.0,-0.2093474170688607
0.0,0.0,0.0,-0.2424480182077312
0.0,0.0,0.0,-0.20249020709999654
0.0,0.0,0.0,-0.22183021988715168
0.0,0.0,0.0,-0.13821016020097499
0.0,0.0,0.0,-0.19751144902040557
0.0,0.0,0.0,-0.08084554109983245
0.0,0.0,0.0,-0.007268804829449992
0.0,0.0,0.0,-0.12565780315593583
0.0,0.0,0.0,0.0001395883401348469
0.0,0.0,0.0,-0.0188805881455386
0.0,0.0,0.0,0.008697558611747563
0.0,0.0,0.0,0.10913060577984798
0.0,0.0,0.0,0.16735975179155899
0.0,0.0,0.0,0.17887779985824864
0.0,0.0,0.0,0.23171585176801246
0.0,0.0,0.0,0.22843531329857197
0.04,0.0,0.0,0.34049185477515004
0.08,0.0,0.04,0.3724225051680247
0.23,0.0,0.08,0.528034914216172
0.48999999999999994,0.36550012,0.23,0.6860417284791652
0.7,0.68691105,0.48999999999999994,0.9400951193926952
0.87,1.1986907,0.7,1.1587184620730375
1.14,1.9954998,0.87,1.4747466786677585
1.61,2.3226943,1.14,1.7907586094963386
2.95,2.7250512,1.61,2.263714221036968
3.57,3.2186897,2.95,3.61630623421421
4.04,4.6477194,3.57,4.395436304109536
5.28,5.8571453,4.04,4.8229540795004775
6.13,6.5062943,5.28,6.230862320100073
6.74,7.0593176,6.13,7.038175804662505
7.38,8.138311,6.74,7.770441016571306
9.14,8.929437,7.38,8.374382253527441
9.67,9.305373,9.14,10.1547942366796
9.77,10.146945,9.67,10.704018097976208
10.34,10.755076,9.77,10.815860146918556
9.36,10.723604,10.34,11.394903708681145
9.55,10.311705,9.36,10.226540720504024
10.41,10.270136,9.55,10.427587964119436
8.47,10.4179535,10.41,11.171963707152761
10.06,9.808658,8.47,9.206119700514286
9.96,10.348377,10.06,10.717574745007086
8.73,10.139533,9.96,10.63070713389915
9.87,9.800973,8.73,9.288624433000157
9.27,9.609177,9.87,10.486020726321124
9.18,9.465766,9.27,9.662390749132012
9.86,9.589855,9.18,9.536159312247403
9.84,9.427226,9.86,10.200248524160404
10.07,9.208446,9.84,10.191551570485792
8.65,9.089257,10.07,10.47685227071353
9.76,8.310936,8.65,8.946711129235672
9.34,8.263626,9.76,10.06865094929144
8.12,7.7076797,9.34,9.597620253388552
8.9,7.5187354,8.12,8.393178696212996
7.49,7.2928486,8.9,9.143133676237872
7.19,6.4849863,7.49,7.711687426130656
7.5,5.787183,7.19,7.499270739752304
7.06,5.79569,7.5,7.689184826273015
6.12,5.630311,7.06,7.253939256438456
6.51,5.1439576,6.12,6.313998670569192
5.98,4.9466863,6.51,6.592264208540959
4.94,4.617046,5.98,6.1381138903112955
3.8300000000000005,3.8682013,4.94,5.146173348161838
2.73,2.9092247,3.8300000000000005,3.90174611599599
2.37,1.8595432,2.73,2.776962644625502
1.02,1.2090747,2.37,2.4271878090312544
0.48999999999999994,0.3196015,1.02,0.9459554689021299
0.22,0.0,0.48999999999999994,0.41321001524964623
0.0,0.0,0.22,0.08790967089754909
0.0,0.0,0.0,-0.16559916271296563
0.0,0.0,0.0,-0.11142978956790221
0.0,0.0,0.0,-0.09911918731749875
0.0,0.0,0.0,-0.017369388141994582
0.0,0.0,0.0,-0.07806765496940399
0.0,0.0,0.0,0.008473586429605141
0.0,0.0,0.0,0.011754840077582429
0.0,0.0,0.0,0.047927801422121205
0.0,0.0,0.0,-0.008297201523964036
0.0,0.0,0.0,0.09209661753468174
0.0,0.0,0.0,-0.002170555246629527
0.0,0.0,0.0,0.01693563729231795
0.0,0.0,0.0,-0.011023837266445555
0.0,0.0,0.0,-0.0406567284153235
0.0,0.0,0.0,0.017541715900436863
0.0,0.0,0.0,-0.03245887501472422
0.0,0.0,0.0,-0.017332799315119204
0.0,0.0,0.0,-0.00557380221357609
0.0,0.0,0.0,0.012110324216899268
0.0,0.0,0.0,0.022529353331117545
0.0,0.0,0.0,-0.056195463692954306
0.0,0.0,0.0,-0.09354029139762757
0.0,0.0,0.0,-0.0790070930777656
0.0,0.0,0.0,-0.04103810998750665
0.0,0.0,0.0,-0.05991002886620085
0.0,0.0,0.0,0.014709609964788026
0.0,0.0,0.0,-0.09495067793884718
0.0,0.0,0.0,-0.0020919459827365913
0.0,0.0,0.0,-0.09658553683366648
0.0,0.0,0.0,-0.055063291170574236
0.0,0.0,0.0,-0.03582931939610692
0.0,0.0,0.0,-0.027946583373527137
0.0,0.0,0.0,-0.010227228987424591
0.0,0.0,0.0,0.0025966945829479157
0.0,0.0,0.0,0.06797527329164436
0.0,0.0,0.0,0.18957887987030964
0.0,0.0,0.0,0.1713195423481922
0.0,0.0,0.0,0.18010438171494858
0.0,0.0,0.0,0.161934322903785
0.0,0.0,0.0,0.2099713332264036
0.0,0.0,0.0,0.24014080410925231
0.0,0.0,0.0,0.3219219372633521
0.0,0.0,0.0,0.34242484093123265
0.0,0.0,0.0,0.46423455886944526
0.05,0.0,0.0,0.5001130179602346
0.09,0.0,0.05,0.5504083499779855
0.28,0.0,0.09,0.6326926646876323
0.46,0.18217091,0.28,0.8709466796990686
0.8,0.57177365,0.46,1.1822607399652636
1.04,1.1389186,0.8,1.4599182783771312
1.23,2.3079028,1.04,1.7117929999673849
1.77,2.9218566,1.23,1.9723879031909155
2.18,3.2640297,1.77,2.6346650808782046
2.97,3.746291,2.18,3.0000829614143303
3.8499999999999996,5.351506,2.97,3.8083842131533396
5.04,6.5261497,3.8499999999999996,4.7349936374403025
6.33,7.4090505,5.04,5.856852782369074
7.01,8.037212,6.33,7.377766605672647
8.38,9.11534,7.01,8.039750245344267
9.3,10.543468,8.38,9.39066702773923
9.26,11.0513115,9.3,10.38501523870989
12.15,10.181667,9.26,10.371460456222557
12.7,12.192153,12.15,13.163907398757623
13.2,12.590941,12.7,13.892524899607672
14.24,13.195532,13.2,14.415668934663913
14.94,13.530295,14.24,15.419888425944299
15.829999999999998,14.263433,14.94,16.138725941912725
18.0,14.951268,15.829999999999998,16.990103123690748
17.93,15.947771,18.0,19.094546528933265
18.12,15.938265,17.93,19.054510035924213
19.15,16.854473,18.12,19.148732070195706
16.91,17.215883,19.15,20.060281330026445
19.03,16.460615,16.91,17.750601562481044
18.02,16.922583,19.03,19.745572489485202
18.5,16.804428,18.02,18.647444827974866
21.19,17.106495,18.5,18.991915856037675
18.55,18.255554,21.19,21.59992322859396
17.66,17.225456,18.55,18.990091002055706
18.76,15.95187,17.66,18.08654706128481
17.49,16.125427,18.76,18.89430710910721
15.109999999999998,15.421731,17.49,17.527561537914522
13.4,13.95712,15.109999999999998,15.0482800480816
11.78,12.158698,13.4,13.156293969617552
13.1,11.2394495,11.78,11.43372469228913
11.77,10.745648,13.1,12.686099428221365
10.49,9.667406,11.77,11.251763233101666
10.13,8.580248,10.49,10.087521269092425
7.870000000000001,7.417241,10.13,9.626157261068347
5.08,6.429319,7.870000000000001,7.385846667278866
5.2,4.1841636,5.08,4.562693037072361
4.52,3.3325872,5.2,4.524275469046971
3.06,2.581851,4.52,3.866734951462689
1.35,1.2695395,3.06,2.4388596463961356
0.58,0.39557955,1.35,0.7615148149344569
0.3,0.0,0.58,0.1137575398338947
0.0,0.0,0.3,-0.17906929462154275
0.0,0.0,0.0,-0.5419745613154539
0.0,0.0,0.0,-0.40714158540865864
0.0,0.0,0.0,-0.29345300951568626
0.0,0.0,0.0,-0.23400686867359743
0.0,0.0,0.0,-0.16294228707253083
0.0,0.0,0.0,0.011682810144695022
0.0,0.0,0.0,0.0015355671082953673
0.0,0.0,0.0,0.025186999844175363
0.0,0.0,0.0,0.12198154120238291
0.0,0.0,0.0,0.15101280521235955
0.0,0.0,0.0,0.0563241542578306
0.0,0.0,0.0,0.05205934849487958
0.0,0.0,0.0,0.21479712944293522
0.0,0.0,0.0,0.16456319973178635
0.0,0.0,0.0,0.2483308982830702
0.0,0.0,0.0,0.13539076747048975
0.0,0.0,0.0,0.04674187932264137
0.0,0.0,0.0,0.14256824161873327
0.0,0.0,0.0,0.14761021237441635
0.0,0.0,0.0,0.06246652318663431
0.0,0.0,0.0,0.12283438504535116
0.0,0.0,0.0,0.04188692294222682
0.0,0.0,0.0,0.10720130921714202
0.0,0.0,0.0,0.029300900465082
0.0,0.0,0.0,0.008643912740736101
0.0,0.0,0.0,-0.03484302127030166
0.0,0.0,0.0,0.10463982214036188
0.0,0.0,0.0,-0.0008375021426199059
0.0,0.0,0.0,0.04850546877235545
0.0,0.0,0.0,-0.021935618132329637
0.0,0.0,0.0,0.05537307493861766
0.0,0.0,0.0,0.03563136723584683
0.0,0.0,0.0,0.07075030332033001
0.0,0.0,0.0,0.03925328068719862
0.0,0.0,0.0,0.19746799250269118
0.0,0.0,0.0,0.1290093648848052
0.0,0.0,0.0,0.2594467048803143
0.0,0.0,0.0,0.283046393868227
0.0,0.0,0.0,0.30373622452946475
0.0,0.0,0.0,0.2705884751097337
0.0,0.0,0.0,0.38910628241543316
0.0,0.0,0.0,0.4193200259171054
0.0,0.0,0.0,0.46344130451121424
0.0,0.0,0.0,0.5528928522186097
0.0,0.0,0.0,0.5621348915182707
0.15,0.0,0.0,0.6422899939236895
0.3,0.1977664,0.15,0.786779099814757
0.79,0.84491664,0.3,0.9692844621292589
1.44,1.5600332,0.79,1.4963366448267459
2.3,2.4921799,1.44,2.2777558932708177
3.26,4.3191657,2.3,3.1591447845315614
3.46,5.749901,3.26,4.157726317554218
4.69,6.570418,3.46,4.4484157280513905
6.67,7.215825,4.69,5.698633545584998
6.94,9.160508,6.67,7.596749095493259
8.51,10.017083,6.94,8.01004101586101
8.74,11.178086,8.51,9.540167728957854
10.84,11.58409,8.74,9.800049688449334
12.03,13.278183,10.84,11.844980377428733
14.78,13.926567,12.03,13.109832857030737
14.63,15.509899,14.78,15.798249887359347
13.19,16.156353,14.63,15.839900928564685
15.879999999999999,15.525241,13.19,14.385084188133213
15.3,16.655567,15.879999999999999,16.812150655051088
15.81,16.49756,15.3,16.302305030506922
19.61,17.05451,15.81,16.716736331131546
16.87,18.497868,19.61,20.403525699428847
19.23,17.630877,16.87,17.82762879042338
18.81,18.283585,19.23,20.13455056536941
21.81,18.369867,18.81,19.50424048929287
17.76,19.67773,21.81,22.42169200222444
21.92,18.614412,17.76,18.522082556687124
20.97,19.52378,21.92,22.310646633279504
20.38,18.786533,20.97,21.282303487897128
18.49,19.046093,20.38,20.757866058848368
22.08,18.245935,18.49,18.727863779789864
20.31,18.313444,22.08,22.06700807611206
18.8,17.456858,20.31,20.590745113296162
16.49,17.281977,18.8,18.79138195766755
14.87,15.7431755,16.49,16.446037865382095
13.45,13.868866,14.87,14.659275425839194
11.68,12.331717,13.45,13.099846676856995
11.7,11.088594,11.68,11.050211715725933
9.95,10.182037,11.7,11.23761340135513
8.23,8.9465475,9.95,9.316720778384104
8.05,7.315466,8.23,7.654452224439918
5.11,6.662891,8.05,7.3779198841096445
4.65,4.9709344,5.11,4.592624190245248
3.62,3.9967499,4.65,4.092861944834083
3.61,2.7816093,3.62,2.92047773661011
2.75,2.124307,3.61,2.9747611685177477
1.34,1.3936393,2.75,2.3237873523014123
0.47,0.6719276,1.34,0.9270607136352355
0.28,0.0,0.47,0.19829947062856013
0.0,0.0,0.28,-0.04700302745436202
0.0,0.0,0.0,-0.25819593255504747
0.0,0.0,0.0,-0.2060123709380423
0.0,0.0,0.0,-0.09023661717361443
0.0,0.0,0.0,-0.09331600432730888
0.0,0.0,0.0,0.10679727365268368
0.0,0.0,0.0,0.19136811925249725
0.0,0.0,0.0,0.15408198776978643
0.0,0.0,0.0,0.12885706655257664
0.0,0.0,0.0,0.1656346274643351
0.0,0.0,0.0,0.2705164629373922
0.0,0.0,0.0,0.2161128912357095
0.0,0.0,0.0,0.2828740171775864
0.0,0.0,0.0,0.2602919548816009
0.0,0.0,0.0,0.19081860658150152
0.0,0.0,0.0,0.20153348807865623
0.0,0.0,0.0,0.22360328968276347
0.0,0.0,0.0,0.20185461591156764
0.0,0.0,0.0,0.2446597965566339
0.0,0.0,0.0,0.2343925512227204
0.0,0.0,0.0,0.2515842846198356
0.0,0.0,0.0,0.16738901504153522
0.0,0.0,0.0,0.1833521912767812
0.0,0.0,0.0,0.04980181677351512
0.0,0.0,0.0,-0.042975533328942356
0.0,0.0,0.0,-0.08883459981301377
0.0,0.0,0.0,-0.0709902764519188
0.0,0.0,0.0,0.005923265024199986
0.0,0.0,0.0,-0.03439374983485011
0.0,0.0,0.0,-0.00713165947615068
0.0,0.0,0.0,0.018478304166569814
0.0,0.0,0.0,-0.04899589698166992
0.0,0.0,0.0,0.09804313852900803
0.0,0.0,0.0,0.11356816980519865
0.0,0.0,0.0,0.10549000823655799
0.0,0.0,0.0,0.17512119571360585
0.0,0.0,0.0,0.18960907074387517
0.0,0.0,0.0,0.14600930856180383
0.0,0.0,0.0,0.19521982093855506
0.0,0.0,0.0,0.2670180848623147
0.0,0.0,0.0,0.25974557917842045
0.0,0.0,0.0,0.3122177651535963
0.0,0.0,0.0,0.4373526024697657
0.0,0.0,0.0,0.38968416866253053
0.0,0.0,0.0,0.3797949150176006
0.0,0.0,0.0,0.5247637996218077
0.17,0.0,0.0,0.5449256914428943
0.35,0.0,0.17,0.800696027748982
0.8,0.5985975,0.35,0.995998070459624
1.7,1.2882136,0.8,1.469738635190288
2.72,2.2405164,1.7,2.4448757033269337
3.35,4.134593,2.72,3.597008023951085
5.02,5.5709987,3.35,4.202343483901172
5.63,6.9888935,5.02,6.004400219839993
7.41,7.706562,5.63,6.713922049036846
7.510000000000001,9.803953,7.41,8.511138102201963
10.32,10.1105795,7.510000000000001,8.620317823049827
11.38,11.82217,10.32,11.38642176214778
12.93,12.591437,11.38,12.480385244830995
13.33,14.383644,12.93,14.168833065888052
13.38,15.205947,13.33,14.50054885306396
16.08,15.155014,13.38,14.541332092160289
16.56,16.04655,16.08,17.21936637183979
14.65,16.416954,16.56,17.63209279860299
16.03,16.334356,14.65,15.717326360076711
16.2,17.092026,16.03,16.82609926439148
15.489999999999998,17.26429,16.2,16.907165200488144
14.62,17.293188,15.489999999999998,16.148308709218515
15.48,16.634445,14.62,15.222915174586555
13.67,16.754139,15.48,15.864539377258255
15.289999999999997,15.966143,13.67,14.085245739529839
13.61,16.040146,15.289999999999997,15.533451868812735
15.470000000000002,15.191617,13.61,13.662765038712974
14.38,15.664209,15.470000000000002,15.580843159033215
14.22,14.493419,14.38,14.609206501611727
12.91,14.461593,14.22,14.194420626576598
13.64,13.8870125,12.91,12.947341131449441
12.8,13.577442,13.64,13.531875683850668
12.59,12.659004,12.8,12.641025387256663
12.77,11.871561,12.59,12.436310413584247
11.34,11.892459,12.77,12.63207433690294
11.71,10.857004,11.34,11.321572524838896
11.97,10.201272,11.71,11.597756213335426
9.79,9.696713,11.97,11.999922530700822
9.06,8.757959,9.79,9.835148262297682
10.25,8.074456,9.06,8.991273200178643
9.04,8.078417,10.25,10.102866412750943
7.79,7.2876472,9.04,8.99845419442162
5.91,6.463257,7.79,7.778763918042799
4.3,5.5451183,5.91,5.800291535408038
5.24,4.1146765,4.3,4.207460923892077
3.53,3.3690193,5.24,5.090654695511526
2.41,2.6688747,3.53,3.4036826731501413
1.03,1.7652144,2.41,2.381994990046084
0.48999999999999994,0.7846031,1.03,0.878613712004917
0.22,0.0,0.48999999999999994,0.2975252476250828
0.0,0.0,0.22,0.06997373458606265
0.0,0.0,0.0,-0.054156580626816
0.0,0.0,0.0,-0.047646751050306885
0.0,0.0,0.0,-0.039727303081564455
0.0,0.0,0.0,0.011634053361344009
0.0,0.0,0.0,0.09406259637861222
0.0,0.0,0.0,0.04789231642419803
0.0,0.0,0.0,0.09371646017865234
0.0,0.0,0.0,0.19278502657829655
0.0,0.0,0.0,0.21473766219918877
0.0,0.0,0.0,0.23179157811833928
0.0,0.0,0.0,0.21461113528564035
0.0,0.0,0.0,0.18080227465600604
0.0,0.0,0.0,0.29556540840559964
0.0,0.0,0.0,0.1695794193227989
0.0,0.0,0.0,0.23057695417436574
0.0,0.0,0.0,0.2502311415287283
0.0,0.0,0.0,0.21670425129827223
0.0,0.0,0.0,0.23481726967916783
0.0,0.0,0.0,0.17154519217113723
0.0,0.0,0.0,0.1479564009215956
0.0,0.0,0.0,0.09536871262146096
0.0,0.0,0.0,0.15715278166517177
0.0,0.0,0.0,0.13029954638824887
0.0,0.0,0.0,0.05578179244449796
0.0,0.0,0.0,0.04502750651607313
0.0,0.0,0.0,0.02161724769520139
0.0,0.0,0.0,0.05501314667511498
0.0,0.0,0.0,0.14477158601611154
0.0,0.0,0.0,0.04406443271096579
0.0,0.0,0.0,0.04856402840256655
0.0,0.0,0.0,0.1448900326070584
0.0,0.0,0.0,0.078230812222614
0.0,0.0,0.0,0.18242101151114104
0.0,0.0,0.0,0.205585938757588
0.0,0.0,0.0,0.1541427979623082
0.0,0.0,0.0,0.19341147785622764
0.0,0.0,0.0,0.29149413573214467
0.0,0.0,0.0,0.2559229250349553
0.0,0.0,0.0,0.39438908430741415
0.0,0.0,0.0,0.38423284063179775
0.0,0.0,0.0,0.3605802771132407
0.0,0.0,0.0,0.44061191455369514
0.0,0.0,0.0,0.5143352465900893
0.0,0.0,0.0,0.4943988210806841
0.0,0.0,0.0,0.5657454939242079
0.18,0.0,0.0,0.7161877859336695
0.41,0.16399157,0.18,0.8587385065141141
0.89,0.82910883,0.41,1.1375960113831793
1.91,1.6842536,0.89,1.654456005463007
2.59,2.8610842,1.91,2.6975634014677317
3.46,4.6719546,2.59,3.583879711493442
5.03,6.0180182,3.46,4.476432241032284
5.9,7.198591,5.03,6.1460768753183075
8.5,8.024683,5.9,7.087042850451249
9.55,10.111858,8.5,9.673574332661554
11.78,11.752054,9.55,10.867391067254358
12.88,13.435398,11.78,13.175380145617074
16.28,14.2837715,12.88,14.255070652577784
15.930000000000001,16.37965,16.28,17.67497223152383
16.55,17.311598,15.930000000000001,17.46049151553305
20.37,17.931797,16.55,18.038237082647314
20.95,19.146156,20.37,21.69852686439789
20.81,20.16992,20.95,22.287365668743416
21.35,21.394993,20.81,22.204690075874616
20.76,21.975418,21.35,22.53382229508665
20.68,21.603642,20.76,21.793561459473985
22.73,21.653019,20.68,21.636401121979713
19.99,22.044456,22.73,23.379085181992377
20.59,21.725489,19.99,20.65095536003069
22.36,21.149347,20.59,21.116408050697572
23.71,21.3075,22.36,22.653520858068504
19.99,22.043701,23.71,24.023113099105473
22.57,20.529516,19.99,20.322488847658406
22.73,20.947655,22.57,22.58579472826803
23.01,20.84191,22.73,22.644370575134364
20.55,20.64562,23.01,23.003568301394555
19.25,19.949648,20.55,20.576503454917727
18.99,18.455835,19.25,19.04653936594634
21.29,18.022205,18.99,18.760021125800815
15.740000000000002,17.828426,21.29,20.900925429157773
17.02,15.686495,15.740000000000002,15.55926372054504
13.58,15.160371,17.02,16.608967830946483
14.5,13.203339,13.58,13.019909341742956
12.1,12.781148,14.5,13.956817599620681
12.72,11.291851,12.1,11.586863108148929
9.84,10.750574,12.72,11.98487350485221
9.9,8.719404,9.84,9.240369376681382
6.56,7.963089,9.9,9.27633496678137
4.44,6.1610913,6.56,6.034416289496756
5.58,4.702423,4.44,3.8063232920702617
3.6,3.7687566,5.58,4.870995393691063
2.51,2.8754427,3.6,2.847933659744184
1.24,1.9213846,2.51,1.92670835255075
0.51,1.089852,1.24,0.6228504947203634
0.28,0.07456717,0.51,0.05990995860719828
0.0,0.0,0.28,-0.18640588843102573
0.0,0.0,0.0,-0.37707519692066205
0.0,0.0,0.0,-0.31825844260188374
0.0,0.0,0.0,-0.2223728434229802
0.0,0.0,0.0,-0.054238076597350054
0.0,0.0,0.0,0.021688354066143854
0.0,0.0,0.0,0.07801876295386513
0.0,0.0,0.0,0.07506985617543707
0.0,0.0,0.0,0.09059366133593517
0.0,0.0,0.0,0.11185778182667169
0.0,0.0,0.0,0.18934909977265202
0.0,0.0,0.0,0.1982747958746034
0.0,0.0,0.0,0.2312531539579744
0.0,0.0,0.0,0.2584713775310885
0.0,0.0,0.0,0.31032316067014765
0.0,0.0,0.0,0.25801989880005666
0.0,0.0,0.0,0.29232836958475555
0.0,0.0,0.0,0.22772573814929914
0.0,0.0,0.0,0.21044422702493693
0.0,0.0,0.0,0.26738982375358683
0.0,0.0,0.0,0.2626731114234297
0.0,0.0,0.0,0.24711314169636478
0.0,0.0,0.0,0.22710004427847236
0.0,0.0,0.0,-0.0650513537828696
0.0,0.0,0.0,-0.12267005541115344
0.0,0.0,0.0,-0.1642744839113848
0.0,0.0,0.0,-0.19117234717244808
0.0,0.0,0.0,-0.08537295099817821
0.0,0.0,0.0,-0.054233535991394036
0.0,0.0,0.0,-0.12843102778283155
0.0,0.0,0.0,-0.1800809466366265
0.0,0.0,0.0,-0.00342450082509594
0.0,0.0,0.0,-0.13611956319332535
0.0,0.0,0.0,0.01609407328494704
0.0,0.0,0.0,-0.04594561151311488
0.0,0.0,0.0,-0.017090636118756303
0.0,0.0,0.0,0.04843388341204544
0.0,0.0,0.0,0.09559120216121264
0.0,0.0,0.0,0.1348246185754718
0.0,0.0,0.0,0.11642401070255458
0.0,0.0,0.0,0.1369651281861005
0.0,0.0,0.0,0.14630673891421647
0.0,0.0,0.0,0.28200088050016264
0.0,0.0,0.0,0.304522130848118
0.0,0.0,0.0,0.35197362231512924
0.0,0.0,0.0,0.4143437737233969
0.19,0.0,0.0,0.5142735847004712
0.35,0.0,0.19,0.6313199781411053
0.81,0.19381282,0.35,0.8710027599280482
1.63,0.9550365,0.81,1.4211739336704003
2.66,1.9179057,1.63,2.3156677523031184
3.44,3.5285559,2.66,3.3444742500389926
4.08,4.8720317,3.44,4.3204838240832135
6.76,5.8717937,4.08,4.977036140969772
7.01,7.845724,6.76,7.554278488139014
9.01,9.190709,7.01,8.040443998998708
11.47,11.327652,9.01,9.963713387246083
12.29,12.380711,11.47,12.49995250577109
13.72,13.509731,12.29,13.397776955287906
15.05,15.323059,13.72,14.808082835917576
14.47,16.130047,15.05,16.108004054232428
14.63,15.775985,14.47,15.577577088832463
17.14,16.084473,14.63,15.6902038315289
15.34,17.397932,17.14,17.92170015068402
15.450000000000001,16.979824,15.34,16.187747243631986
18.53,16.657578,15.450000000000001,16.217785510277896
19.12,17.765633,18.53,19.061227784100975
16.89,18.19024,19.12,19.751658229886733
18.14,17.205069,16.89,17.644531460085197
15.91,18.04076,18.14,18.648209802338766
17.83,15.970389,15.91,16.25394094447924
14.25,15.7008505,17.83,18.025014285994992
13.73,13.867345,14.25,14.353564316293813
12.83,13.575655,13.73,13.674524570530998
13.1,11.3554325,12.83,12.71707361882534
14.12,11.109802,13.1,12.81779946802983
10.17,10.5362625,14.12,13.846979334303546
11.28,9.24856,10.17,10.050496806380993
9.07,8.3819,11.28,10.977650653530038
6.68,7.2733827,9.07,8.691098395346014
5.54,5.825765,6.68,6.289901401604105
5.27,4.397534,5.54,5.028517187481993
3.33,3.2633536,5.27,4.661667388809806
2.45,1.9683697,3.33,2.8092175420782883
1.3,0.89260876,2.45,1.9466798378938739
0.5,0.15656118,1.3,0.8672145233089479
0.27,0.0,0.5,0.1629260526540205
0.0,0.0,0.27,-0.16279091975154758
0.0,0.0,0.0,-0.420840149669956
0.0,0.0,0.0,-0.2947504723553948
0.0,0.0,0.0,-0.21406048105535724
0.0,0.0,0.0,-0.14751396399317676
0.0,0.0,0.0,-0.048697090331681764
0.0,0.0,0.0,0.04860918754091462
0.0,0.0,0.0,0.03726026606896561
0.0,0.0,0.0,0.01627990662347787
0.0,0.0,0.0,0.12746095690464398
0.0,0.0,0.0,0.14685636351326498
0.0,0.0,0.0,0.20068664802300507
0.0,0.0,0.0,0.10858482601206774
0.0,0.0,0.0,0.18547296600816088
0.0,0.0,0.0,0.21471724491407743
0.0,0.0,0.0,0.18705198102567708
0.0,0.0,0.0,0.17323797510131858
0.0,0.0,0.0,0.08152260045933939
0.0,0.0,0.0,0.05637073030885887
0.0,0.0,0.0,0.13150897051526111
0.0,0.0,0.0,0.08449087762296296
0.0,0.0,0.0,0.10090061413562827
0.0,0.0,0.0,0.04710390391990855
0.0,0.0,0.0,0.006368565919159935
0.0,0.0,0.0,-0.014116303596225926
0.0,0.0,0.0,-0.08021837292248715
0.0,0.0,0.0,-0.07014741809542813
0.0,0.0,0.0,-0.049241491249023064
0.0,0.0,0.0,-0.03419271038563293
0.0,0.0,0.0,0.04724395009012162
0.0,0.0,0.0,-0.0024730195958854242
0.0,0.0,0.0,0.07201835481017727
0.0,0.0,0.0,-0.02530335874102764
0.0,0.0,0.0,0.0348566232543417
0.0,0.0,0.0,0.0468379446981047
0.0,0.0,0.0,0.12826862574363557
0.0,0.0,0.0,0.14341361511128753
0.0,0.0,0.0,0.1276520558203208
0.0,0.0,0.0,0.17034662161595376
0.0,0.0,0.0,0.19586373325693365
0.0,0.0,0.0,0.26486144169288356
0.0,0.0,0.0,0.3535360164194281
0.0,0.0,0.0,0.34418910810663483
0.0,0.0,0.0,0.37799886023178386
0.0,0.0,0.0,0.4987612742043556
0.0,0.0,0.0,0.43110892909354
0.14,0.0,0.0,0.5292630110852211
0.24,0.0,0.14,0.7488313451648445
0.77,0.0,0.24,0.851781511280463
1.52,0.50620925,0.77,1.4233959461037275
1.9299999999999997,1.5231004,1.52,2.215838219667317
2.86,3.2034962,1.9299999999999997,2.7182097691089995
3.37,4.392982,2.86,3.836729641961437
4.0,5.2522097,3.37,4.388839248678069
5.3,5.935827,4.0,4.955253267953665
6.24,7.064532,5.3,6.347967033303872
8.0,8.52993,6.24,7.239133190003803
8.78,9.34463,8.0,9.118709574618693
10.97,10.775815,8.78,9.89877812097147
11.2,11.594996,10.97,12.069818564901661
12.4,12.458327,11.2,12.431926336057646
15.15,13.24658,12.4,13.570282289893221
13.81,14.054181,15.15,16.29462748705565
15.0,14.282604,13.81,14.947583610889442
13.99,14.795663,15.0,16.176482956832277
14.13,14.861298,13.99,15.032741720243694
15.96,14.465097,14.13,15.128675250042853
16.16,14.971782,15.96,16.8072270416522
17.9,15.859433,16.16,16.878493372488958
18.62,16.697235,17.9,18.553448754676268
17.85,17.162975,18.62,19.337687050041556
19.68,17.245195,17.85,18.545198203868
16.96,17.77701,19.68,20.39140338958299
20.4,16.936855,16.96,17.418565334302556
19.35,17.842018,20.4,20.771786311467196
17.42,17.57814,19.35,19.664200962241985
19.32,16.771503,17.42,17.87369400776991
16.33,16.640985,19.32,19.434584558238765
18.06,15.724447,16.33,16.46081841672394
16.66,15.099821,18.06,18.229359819841434
15.080000000000002,14.384073,16.66,16.70010585145432
13.58,13.051779,15.080000000000002,15.05527798536983
11.69,11.689316,13.58,13.584924152614244
9.72,9.946806,11.69,11.47217970864542
9.06,8.634841,9.72,9.37822993267811
8.06,7.5943985,9.06,8.724063362187396
6.28,6.0672975,8.06,7.55860008493096
5.74,5.0766225,6.28,5.894112955089605
4.69,3.7466931,5.74,5.341590473378673
4.03,2.853022,4.69,4.172050984462156
3.35,1.9397802,4.03,3.6847177692020683
2.61,1.1109899,3.35,2.926747258263478
1.38,0.47934216,2.61,2.252500272249513
0.47,0.0,1.38,1.0773888543585692
0.24,0.0,0.47,0.13529266699047915
0.0,0.0,0.24,-0.054088509989583256
0.0,0.0,0.0,-0.14214353119502948
0.0,0.0,0.0,-0.10329584733707022
0.0,0.0,0.0,-0.06982690328769255
0.0,0.0,0.0,0.07432937812307608
0.0,0.0,0.0,0.06184899628697678
0.0,0.0,0.0,0.11555167349868056
0.0,0.0,0.0,0.2171656021324385
0.0,0.0,0.0,0.27204186603876535
0.0,0.0,0.0,0.1988948800797616
0.0,0.0,0.0,0.2562569293501257
0.0,0.0,0.0,0.24339592975296953
0.0,0.0,0.0,0.3359602049807945
0.0,0.0,0.0,0.22044375646317158
0.0,0.0,0.0,0.29678278834771016
0.0,0.0,0.0,0.30161539240567165
0.0,0.0,0.0,0.3092697418419678
0.0,0.0,0.0,0.3034781347273831
0.0,0.0,0.0,0.19734215643135153
0.0,0.0,0.0,0.30390054470967454
0.0,0.0,0.0,0.2496392595627337
0.0,0.0,0.0,0.26241643508536033
0.0,0.0,0.0,0.18882334294965464
0.0,0.0,0.0,0.025261833983606305
0.0,0.0,0.0,0.006033618534675433
0.0,0.0,0.0,-0.028109205991640948
0.0,0.0,0.0,0.03996071420276588
0.0,0.0,0.0,-0.030853827139965956
0.0,0.0,0.0,0.037667642743076137
0.0,0.0,0.0,0.04325923921861187
0.0,0.0,0.0,0.012958921810231547
0.0,0.0,0.0,0.06447648977976103
0.0,0.0,0.0,0.035225443302939474
0.0,0.0,0.0,0.06585809851490564
0.0,0.0,0.0,0.07539123147762845
0.0,0.0,0.0,0.1678280157185444
0.0,0.0,0.0,0.12665556992214347
0.0,0.0,0.0,0.23563568069802776
0.0,0.0,0.0,0.1929775723131954
0.0,0.0,0.0,0.2781845888234767
0.0,0.0,0.0,0.35348993660379513
0.0,0.0,0.0,0.3528977744135913
0.0,0.0,0.0,0.46125910941014625
0.0,0.0,0.0,0.4248755861290004
0.0,0.0,0.0,0.5044142601367098
0.0,0.0,0.0,0.5799673627321217
0.13,0.0,0.0,0.6284715323527337
0.28,0.065870106,0.13,0.7947867116766039
0.59,0.39876378,0.28,0.9376951090866674
1.3,0.85919416,0.59,1.2557838643395338
2.09,1.7306175,1.3,2.1125732369680907
3.12,3.1925905,2.09,2.964112018624297
4.66,4.488193,3.12,3.9795676445307597
5.85,5.9557796,4.66,5.594443974665097
9.13,7.556269,5.85,6.94621734718665
10.43,10.375994,9.13,10.28385225317547
11.19,12.135333,10.43,11.625222429691007
11.57,13.688913,11.19,12.485855386772052
13.76,14.249767,11.57,12.852869199348296
15.540000000000001,15.081147,13.76,14.959316429401419
17.27,16.1442,15.540000000000001,16.748088690971098
17.09,17.35405,17.27,18.502067159886195
20.4,17.50185,17.09,18.384340432554133
21.92,19.251722,20.4,21.693958501954388
20.89,19.523846,21.92,23.17750435472834
18.77,20.128078,20.89,22.279491230326087
23.17,19.440094,18.77,19.88741518130487
19.63,21.317879,23.17,23.97974869439426
19.2,20.173834,19.63,20.58683303805529
19.45,19.917841,19.2,20.021513047978882
19.31,19.270742,19.45,19.844139633902586
21.13,19.661697,19.31,19.681503400396572
21.36,19.65186,21.13,21.42822343259196
21.1,19.957287,21.36,21.480356984301064
20.92,19.023178,21.1,21.44549074621057
18.71,18.706818,20.92,21.07546721341002
19.7,17.99097,18.71,18.739874157383866
20.42,17.187042,19.7,19.560513056298436
15.91,17.23486,20.42,20.243514124167202
15.1,15.08984,15.91,15.741290161375026
13.75,13.358233,15.1,14.914348234101038
14.2,12.0453,13.75,13.34636112745744
14.82,11.743614,14.2,13.810392244607431
13.82,10.897679,14.82,14.313848696342486
11.86,10.392775,13.82,13.305700646675431
8.58,8.875101,11.86,11.59316844294646
7.4,6.981807,8.58,8.222215380837511
6.02,5.3296638,7.4,6.856334498396473
6.71,4.1555,6.02,5.448264449202709
3.29,3.4247622,6.71,6.0817939727152135
1.87,1.9182607,3.29,2.667502864200866
0.7,0.7219912,1.87,1.2835316987480083
0.31,0.0,0.7,0.1334175862102227
0.0,0.0,0.31,-0.3172056566290149
0.0,0.0,0.0,-0.45476697155681145
0.0,0.0,0.0,-0.48999667189709895
0.0,0.0,0.0,-0.3452156499520184
0.0,0.0,0.0,-0.20944366346523052
0.0,0.0,0.0,-0.1943307495861596
0.0,0.0,0.0,-0.02656405271491538
0.0,0.0,0.0,0.024121729773434672
0.0,0.0,0.0,-0.026205241358627646
0.0,0.0,0.0,0.1421018449534701
0.0,0.0,0.0,0.18145859960143093
0.0,0.0,0.0,0.21822883077016125
0.0,0.0,0.0,0.14977548953990655
0.0,0.0,0.0,0.13807726518430852
0.0,0.0,0.0,0.19846464502130512
0.0,0.0,0.0,0.2939763390375879
0.0,0.0,0.0,0.21048095312036913
0.0,0.0,0.0,0.21188694125310237
0.0,0.0,0.0,0.2249114136802695
0.0,0.0,0.0,0.24693457438500938
0.0,0.0,0.0,0.18729350242768492
0.0,0.0,0.0,0.21722656917200042
0.0,0.0,0.0,0.17310397397100927
0.0,0.0,0.0,0.10303211693514866
0.0,0.0,0.0,0.00419923229910614
0.0,0.0,0.0,0.032262547302569014
0.0,0.0,0.0,0.038407036218938116
0.0,0.0,0.0,0.06282603694815186
0.0,0.0,0.0,-0.016718189291535582
0.0,0.0,0.0,0.0710120172931434
0.0,0.0,0.0,-0.001969506676563794
0.0,0.0,0.0,0.06723771308072307
0.0,0.0,0.0,0.1402481613642303
0.0,0.0,0.0,0.08170489692004554
0.0,0.0,0.0,0.13447244502140548
0.0,0.0,0.0,0.08833731804045633
0.0,0.0,0.0,0.1514934805746658
0.0,0.0,0.0,0.22002796445501363
0.0,0.0,0.0,0.26927275436906595
0.0,0.0,0.0,0.31111776693907256
0.0,0.0,0.0,0.32794701497191964
0.0,0.0,0.0,0.3465081590913075
0.0,0.0,0.0,0.34731999924983514
0.0,0.0,0.0,0.44074926123861174
0.0,0.0,0.0,0.4762595038585711
0.0,0.0,0.0,0.5457748744278255
0.13,0.0,0.0,0.502029602077728
0.25,0.0,0.13,0.7238135157675344
0.67,0.0,0.25,0.9687210622567439
1.33,0.50218016,0.67,1.3636078407051084
1.98,1.2359437,1.33,2.101242041740309
2.72,2.7847624,1.98,2.8093151202017257
4.21,3.9400246,2.72,3.7439432486987982
5.7,5.1985545,4.21,5.168570151862035
6.92,6.6162457,5.7,6.839097262978153
8.74,8.790404,6.92,8.137882388742188
12.92,10.290513,8.74,9.968855505814828
11.35,12.318084,12.92,14.281056627122823
13.35,12.925575,11.35,12.88578154927222
17.52,14.316933,13.35,14.67659825191544
16.66,15.793938,17.52,18.81341952476596
18.13,16.574232,16.66,18.148351521651726
19.45,17.085283,18.13,19.553146129863514
18.77,18.272661,19.45,20.64626483026317
18.81,18.30421,18.77,20.16038049294963
23.12,18.134703,18.81,19.98879730410283
19.07,19.731998,23.12,24.145059179864074
19.3,19.398785,19.07,20.18462108317944
22.53,19.339396,19.3,20.20473020973204
21.19,19.894278,22.53,23.15084917475325
21.52,20.022419,21.19,21.87705867113725
23.46,19.956072,21.52,22.252980491904
19.65,20.56993,23.46,23.66432240857463
23.6,19.426815,19.65,19.96421974997936
21.64,19.922983,23.6,23.967036034138772
18.96,19.35674,21.64,21.68072030478836
19.68,18.4214,18.96,19.09528110754679
19.1,16.954708,19.68,19.658268779761947
15.71,16.466288,19.1,18.65578719637903
15.75,14.591752,15.71,15.579167752054211
14.32,13.7422,15.75,15.404572298557486
12.08,12.222564,14.32,13.780910418032871
9.5,11.169839,12.08,11.562248993622939
7.09,9.0638275,9.5,8.970639035017648
5.46,7.365895,7.09,6.431469924549131
4.65,5.1452913,5.46,4.778210520172571
4.81,4.2922587,4.65,3.804899166411315
3.71,3.365442,4.81,3.9853619892190038
2.76,2.2312777,3.71,3.070654018567761
2.32,1.1652448,2.76,2.251435126542644
1.66,0.32596123,2.32,1.9017498474645844
0.8,0.0,1.66,1.3968218483591033
0.29,0.0,0.8,0.4776100608716963
0.16,0.0,0.29,0.07408451997641452
0.0,0.0,0.16,0.04141031781895482
0.0,0.0,0.0,-0.1557336099781481
0.0,0.0,0.0,-0.024651059873962503
0.0,0.0,0.0,0.08414984846376733
0.0,0.0,0.0,0.17243590183798588
0.0,0.0,0.0,0.18505102750943975
0.0,0.0,0.0,0.2996850896109303
0.0,0.0,0.0,0.296694981352379
0.0,0.0,0.0,0.3247297943139687
0.0,0.0,0.0,0.3772198988289174
0.0,0.0,0.0,0.37571074462077514
0.0,0.0,0.0,0.3455948066517147
0.0,0.0,0.0,0.3490439767916593
0.0,0.0,0.0,0.433830466610036
0.0,0.0,0.0,0.3593406530582436
0.0,0.0,0.0,0.34508804859624054
0.0,0.0,0.0,0.36058277339217093
0.0,0.0,0.0,0.3481623948447964
0.0,0.0,0.0,0.22645878753517246
0.0,0.0,0.0,0.2750562467468082
0.0,0.0,0.0,0.2822553723633953
0.0,0.0,0.0,0.2771147850732863
0.0,0.0,0.0,0.3133396256053408
0.0,0.0,0.0,0.12040604189370152
0.0,0.0,0.0,0.028342575314312633
0.0,0.0,0.0,0.0584319149257613
0.0,0.0,0.0,0.045031236414870765
0.0,0.0,0.0,-0.0026573790811692047
0.0,0.0,0.0,0.00797026432327777
0.0,0.0,0.0,-0.02254234011268591
0.0,0.0,0.0,-0.015559553980985796
0.0,0.0,0.0,0.07638549090399731
0.0,0.0,0.0,0.14140981973907646
0.0,0.0,0.0,0.04029316531663059
0.0,0.0,0.0,0.11195238830884499
0.0,0.0,0.0,0.13871612344318057
0.0,0.0,0.0,0.21433643704842853
0.0,0.0,0.0,0.13725424437623973
0.0,0.0,0.0,0.29174249908932265
0.0,0.0,0.0,0.27407508055297575
0.0,0.0,0.0,0.35752991920529303
0.0,0.0,0.0,0.34265822422163217
0.0,0.0,0.0,0.3596192827017276
0.0,0.0,0.0,0.38462388952637583
0.0,0.0,0.0,0.44675605768322046
0.0,0.0,0.0,0.4545545278583323
0.15,0.0,0.0,0.6177364509037118
0.27,0.47884002,0.15,0.7205187961423359
0.68,0.895931,0.27,1.0158348398861308
1.44,1.5735635,0.68,1.3380922802003237
2.11,2.4617622,1.44,2.269650957086765
2.72,4.247318,2.11,2.9464215444411983
4.21,5.3395414,2.72,3.6883740508178415
4.93,6.5121326,4.21,5.1855281128650885
6.79,7.657756,4.93,5.992797383771101
7.9399999999999995,9.302863,6.79,7.9792457806030255
9.34,10.956075,7.9399999999999995,9.076999346472956
12.79,11.981069,9.34,10.597995391461767
15.879999999999999,13.240853,12.79,14.087455499566316
18.45,15.475136,15.879999999999999,17.291220936781976
18.37,17.10877,18.45,20.01331604909368
19.3,17.89446,18.37,20.053403602240543
20.9,18.952894,19.3,20.816974520365278
18.46,20.549013,20.9,22.28428635859374
18.31,19.915234,18.46,19.90569598115419
22.78,19.782093,18.31,19.345023321864115
21.33,21.48178,22.78,23.623328964774398
19.52,21.357359,21.33,22.328886690975708
18.77,20.624395,19.52,20.607559262465973
20.65,19.905832,18.77,19.388918392935523
19.11,20.433245,20.65,21.093247252607668
22.94,20.157526,19.11,19.4661736596926
20.25,20.735003,22.94,23.137806815227364
21.11,19.766699,20.25,20.595050670393938
23.64,19.36886,21.11,21.390234826543473
22.47,19.889668,23.64,23.81197803961821
19.72,19.60443,22.47,22.663764930548066
22.02,18.73189,19.72,19.881650323116666
18.57,18.380169,22.02,21.770553707414507
17.1,16.887205,18.57,18.452125378718893
14.6,16.031506,17.1,16.850666869421282
14.41,13.972547,14.6,14.212348252244302
14.52,13.277649,14.41,13.842069740233962
13.72,12.105346,14.52,14.067869658337433
12.69,11.86125,13.72,13.142382684319305
9.37,10.3031,12.69,12.235714134596709
6.78,8.2450285,9.37,8.924425276614594
6.17,6.6071267,6.78,6.3126609001870815
5.68,5.118083,6.17,5.548619506438124
5.35,4.405457,5.68,5.014118653657413
3.45,3.482794,5.35,4.748900154005198
2.56,2.1710691,3.45,2.982394930943859
1.12,1.0974,2.56,2.1278218139869374
0.45,0.09476867,1.12,0.7930964357403025
0.26,0.0,0.45,0.14137782158470613
0.0,0.0,0.26,-0.14944718979145816
0.0,0.0,0.0,-0.2098932689050835
0.0,0.0,0.0,-0.2705938016731526
0.0,0.0,0.0,-0.045215906352568114
0.0,0.0,0.0,0.08313889095720087
0.0,0.0,0.0,0.11285019894090936
0.0,0.0,0.0,0.11105222046462984
0.0,0.0,0.0,0.2258537444259226
0.0,0.0,0.0,0.30092225298450304
0.0,0.0,0.0,0.2554428099838569
0.0,0.0,0.0,0.28804014076134854
0.0,0.0,0.0,0.3474164979948991
0.0,0.0,0.0,0.4110628409947007
0.0,0.0,0.0,0.32723841822282246
0.0,0.0,0.0,0.358995264971946
0.0,0.0,0.0,0.36475334209431026
0.0,0.0,0.0,0.34927705137291426
0.0,0.0,0.0,0.28078462903271134
0.0,0.0,0.0,0.23788959326524126
0.0,0.0,0.0,0.23882452335698434
0.0,0.0,0.0,0.16128452980138677
0.0,0.0,0.0,0.22008261339542345
0.0,0.0,0.0,0.18089672138368293
0.0,0.0,0.0,0.03406981639949708
0.0,0.0,0.0,0.03497139573810516
0.0,0.0,0.0,0.14853692081423975
0.0,0.0,0.0,0.09046154746917806
0.0,0.0,0.0,0.12824373533624478
0.0,0.0,0.0,0.16623954663387636
0.0,0.0,0.0,0.08323457217382778
0.0,0.0,0.0,0.040368779600093094
0.0,0.0,0.0,0.12349294064661849
0.0,0.0,0.0,0.07343032627166533
0.0,0.0,0.0,0.20710290165595846
0.0,0.0,0.0,0.1251378849483955
0.0,0.0,0.0,0.26089261524866225
0.0,0.0,0.0,0.30460458754702646
0.0,0.0,0.0,0.23995539595231985
0.0,0.0,0.0,0.27808026155113086
0.0,0.0,0.0,0.4120486756262305
0.0,0.0,0.0,0.4504764322927765
0.0,0.0,0.0,0.4285178080058803
0.0,0.0,0.0,0.4736362970411451
0.0,0.0,0.0,0.5026502042427721
0.0,0.0,0.0,0.5219885766424324
0.0,0.0,0.0,0.6042296383017051
0.23,0.0,0.0,0.6331360243831111
0.54,0.28823665,0.23,0.902008512935529
1.17,1.0077589,0.54,1.1915150706651507
2.51,1.8089201,1.17,2.0169721300120287
3.74,3.2209568,2.51,3.4074848693970785
5.18,5.1951666,3.74,4.703543180291577
6.04,6.94977,5.18,6.300848361369981
9.34,8.272388,6.04,7.256901204577276
10.37,10.286493,9.34,10.54149456878268
10.31,12.324949,10.37,11.683078111156648
12.27,13.382956,10.31,11.806990631672354
15.009999999999998,14.338194,12.27,13.643622708816281
13.85,15.7240715,15.009999999999998,16.29582266246439
17.79,15.997208,13.85,15.334738686899952
19.95,18.272797,17.79,19.11114855250016
17.08,19.774656,19.95,21.329674223391677
19.32,19.538427,17.08,18.647213038544955
20.66,20.590696,19.32,20.567411808437544
21.47,21.436844,20.66,21.80226204175164
23.62,21.42213,21.47,22.69613791699109
22.09,22.520922,23.62,24.752073837807846
23.06,22.292776,22.09,23.06178971927436
22.52,22.626493,23.06,24.028598189845674
23.45,21.719238,22.52,23.239664962977255
23.29,21.995758,23.45,24.017838508801994
21.35,21.529867,23.29,23.709847671896483
21.78,20.92917,21.35,21.73113304888023
22.34,20.188541,21.78,21.90509695734958
20.86,19.921871,22.34,22.50784161879333
20.61,18.6867,20.86,20.824964433780394
19.53,18.521814,20.61,20.508574992127603
18.58,17.140772,19.53,19.41908848280928
16.77,15.978509,18.58,18.305109144104478
15.94,14.862204,16.77,16.459999204149334
15.740000000000002,13.71709,15.94,15.380956687042318
13.31,13.132099,15.740000000000002,15.264174563060845
12.74,11.462754,13.31,12.82456293312211
11.45,9.984165,12.74,12.114805199676105
9.14,8.621621,11.45,10.784263592079228
7.750000000000001,7.2478313,9.14,8.555348713368211
7.03,5.882726,7.750000000000001,7.055129748748068
4.12,4.5577984,7.03,6.250974715176879
2.63,2.8858883,4.12,3.4148561547298186
1.4,1.5935087,2.63,1.8637333385384192
0.53,0.61803603,1.4,0.6368733286543704
0.27,0.0,0.53,-0.0908839277587048
0.0,0.0,0.27,-0.4021403836797366
0.0,0.0,0.0,-0.5742267624547146
0.0,0.0,0.0,-0.3598429513134903
0.0,0.0,0.0,-0.2732630132798028
0.0,0.0,0.0,-0.2643914697005455
0.0,0.0,0.0,-0.17115992958287932
0.0,0.0,0.0,-0.12358033627027254
0.0,0.0,0.0,0.022015985954610025
0.0,0.0,0.0,0.035652923789751545
0.0,0.0,0.0,0.14979993806249642
0.0,0.0,0.0,0.16944232239922616
0.0,0.0,0.0,0.3007531561161303
0.0,0.0,0.0,0.25008312417243667
0.0,0.0,0.0,0.2630408471073304
0.0,0.0,0.0,0.24275701798998717
0.0,0.0,0.0,0.2574558962847132
0.0,0.0,0.0,0.33217459668352445
0.0,0.0,0.0,0.2934461211307834
0.0,0.0,0.0,0.3333643120959196
0.0,0.0,0.0,0.21982657051610813
0.0,0.0,0.0,0.2099993135086362
0.0,0.0,0.0,0.28939846577954464
0.0,0.0,0.0,0.24826553420615186
0.0,0.0,0.0,0.0919801678897936
0.0,0.0,0.0,0.056712143409002394
0.0,0.0,0.0,-0.027648910511570146
0.0,0.0,0.0,-0.041022140268123924
0.0,0.0,0.0,0.09982860334202562
0.0,0.0,0.0,0.10671856126592445
0.0,0.0,0.0,0.05409566821966007
0.0,0.0,0.0,0.09000110552544668
0.0,0.0,0.0,0.1140410914479359
0.0,0.0,0.0,0.10716858902078394
0.0,0.0,0.0,0.12664104683402458
0.0,0.0,0.0,0.08964288023048383
0.0,0.0,0.0,0.21080765425062148
0.0,0.0,0.0,0.18326240306527505
0.0,0.0,0.0,0.2452169196959966
0.0,0.0,0.0,0.3036635436638205
0.0,0.0,0.0,0.28304004786416975
0.0,0.0,0.0,0.42574457496654416
0.0,0.0,0.0,0.47307008017113383
0.0,0.0,0.0,0.41200046023300463
0.0,0.0,0.0,0.4959901143104467
0.0,0.0,0.0,0.5023284821245318
0.0,0.0,0.0,0.5493689787540134
0.23,0.0,0.0,0.6427901472398109
0.53,0.3256881,0.23,0.9254601470916444
1.25,0.90423334,0.53,1.2313058523276665
2.51,1.9376459,1.25,2.0571792616010525
3.1,3.3176985,2.51,3.3512475934650663
4.79,5.2618694,3.1,4.126482260296584
6.32,6.7625284,4.79,5.819239896767761
9.76,8.184796,6.32,7.501656391832258
9.04,10.68185,9.76,10.966689090648966
9.27,12.18591,9.04,10.377652763984353
11.37,13.030176,9.27,10.647160773067588
13.39,13.440706,11.37,12.60870985692075
16.47,14.842594,13.39,14.625460704795238
15.780000000000001,16.665508,16.47,17.771703368416134
17.54,17.685333,15.780000000000001,17.204429543302332
17.01,18.821892,17.54,18.997109885394032
22.16,18.695362,17.01,18.269791473929907
18.64,21.01637,22.16,23.34957037420444
20.16,20.00481,18.64,19.904778415308485
21.71,20.792753,20.16,21.26315650466203
20.04,21.514257,21.71,22.650189395979908
21.21,21.468384,20.04,20.835932207660548
22.04,22.034967,21.21,21.95147337071015
21.56,21.796253,22.04,22.512645932711038
21.06,21.52397,21.56,22.02410961174258
21.99,21.457998,21.06,21.49900429194926
22.92,20.575977,21.99,22.238222687220333
21.69,20.590523,22.92,23.06814374148544
20.34,20.1981,21.69,21.876238005140078
20.81,19.367348,20.34,20.30499462036311
19.26,18.842705,20.81,20.800123997380844
19.1,17.866743,19.26,19.03420456657814
18.46,16.911871,19.1,18.79846071951219
16.79,16.331392,18.46,18.185159775696683
16.88,14.837799,16.79,16.422108334307328
13.29,13.900186,16.88,16.553879690319683
12.81,12.083189,13.29,12.876011830444739
12.71,11.2780485,12.81,12.251438562201624
11.75,9.792059,12.71,12.060053875568343
11.26,9.384863,11.75,11.128532071472561
7.890000000000001,8.126029,11.26,10.690324965508198
7.68,6.496824,7.890000000000001,7.360759140743063
6.85,4.942873,7.68,7.114899631381406
3.13,4.0526366,6.85,6.3112849606210375
1.9599999999999997,2.286203,3.13,2.5814899203022157
0.79,0.97003317,1.9599999999999997,1.3226597939225282
0.39,0.0,0.79,0.08014543041462374
0.0,0.0,0.39,-0.17293637079984547
0.0,0.0,0.0,-0.47914173186713527
0.0,0.0,0.0,-0.563199875539845
0.0,0.0,0.0,-0.39172923149476413
0.0,0.0,0.0,-0.26587059473326013
0.0,0.0,0.0,-0.19360745395436224
0.0,0.0,0.0,-0.04964453448421828
0.0,0.0,0.0,0.0021111758069822587
0.0,0.0,0.0,-0.011002962592135818
0.0,0.0,0.0,0.059168613222872375
0.0,0.0,0.0,0.11964380385567175
0.0,0.0,0.0,0.23817701314293205
0.0,0.0,0.0,0.2583508474236023
0.0,0.0,0.0,0.27153919145200167
0.0,0.0,0.0,0.18880249293670243
0.0,0.0,0.0,0.30459050989857384
0.0,0.0,0.0,0.27583674744195785
0.0,0.0,0.0,0.22789584606952773
0.0,0.0,0.0,0.20673214796290207
0.0,0.0,0.0,0.26056053038066285
0.0,0.0,0.0,0.26308202893659405
0.0,0.0,0.0,0.230667513190024
0.0,0.0,0.0,0.24505566476710705
0.0,0.0,0.0,-0.14906739033233182
0.0,0.0,0.0,-0.16781695190542456
0.0,0.0,0.0,-0.16036517266832181
0.0,0.0,0.0,-0.163833362474951
0.0,0.0,0.0,-0.12193260777886981
0.0,0.0,0.0,-0.16239095156685993
0.0,0.0,0.0,-0.1574369021326516
0.0,0.0,0.0,-0.19049006903328877
0.0,0.0,0.0,-0.17305348157091158
0.0,0.0,0.0,-0.08668726515833496
0.0,0.0,0.0,-0.14317088316172386
0.0,0.0,0.0,-0.03865833744586003
0.0,0.0,0.0,-0.02750503585916539
0.0,0.0,0.0,0.03721491173971317
0.0,0.0,0.0,0.032718997812508574
0.0,0.0,0.0,0.08438078225373215
0.0,0.0,0.0,0.09314405709090268
0.0,0.0,0.0,0.0668765287187281
0.0,0.0,0.0,0.15662405652286737
0.0,0.0,0.0,0.14355687344595752
0.0,0.0,0.0,0.18416616922747575
0.0,0.0,0.0,0.3430041689139359
0.0,0.0,0.0,0.26439310540122785
0.07,0.0,0.0,0.3322793670987083
0.14,0.0,0.07,0.4775990389914817
0.35,0.031297103,0.14,0.6554007978029674
0.65,0.4244962,0.35,0.8878951903256177
1.0,0.95775986,0.65,1.2356833038696902
1.28,2.0460374,1.0,1.6358650052297965
1.9500000000000002,2.8057024,1.28,1.89637513662074
2.96,3.2463903,1.9500000000000002,2.748884689752573
3.58,3.8956869,2.96,3.7482085823090774
4.49,5.2904506,3.58,4.413221035802117
6.96,6.2791276,4.49,5.363138433939067
6.65,7.885819,6.96,7.886456068717342
7.9399999999999995,8.754078,6.65,7.758847105201551
7.92,9.906997,7.9399999999999995,9.080826996440047
9.59,9.896058,7.92,9.047675358105456
10.68,10.570515,9.59,10.758472140089685
12.05,11.437251,10.68,11.763029469447979
10.39,12.33883,12.05,13.142919291635513
12.38,12.491522,10.39,11.585807394517133
11.21,13.035015,12.38,13.459032693992556
13.12,13.01857,11.21,12.208300235219394
12.73,13.497997,13.12,13.962058772771776
14.23,13.661674,12.73,13.613899311540422
13.36,14.648372,14.23,14.972925131598098
15.27,13.822875,13.36,14.22202787789248
13.5,14.171049,15.27,15.920101622796995
16.8,13.978057,13.5,14.27712854980628
16.67,15.391776,16.8,17.33571765724965
18.06,14.8778715,16.67,17.187728531561305
17.33,16.097689,18.06,18.560805048705532
15.120000000000001,16.134235,17.33,17.82131293532521
15.67,15.6924715,15.120000000000001,15.464620839988408
16.46,14.804964,15.67,15.979938023392679
12.88,14.147658,16.46,16.55992522028888
13.66,12.990265,12.88,13.119500888843682
12.28,12.2178755,13.66,13.77669760781395
13.39,10.935585,12.28,12.267159323872637
10.39,10.5155,13.39,13.348204145691934
10.2,9.3939705,10.39,10.35507755377967
9.5,8.578413,10.2,9.967061811310419
9.33,7.5590515,9.5,9.318050038435135
6.43,6.848421,9.33,8.99143219508405
5.73,5.4878583,6.43,6.2108752277045065
4.9,4.3209734,5.73,5.437644857700995
4.03,3.3888063,4.9,4.513651652789279
3.06,2.4889605,4.03,3.5801300178339512
2.16,1.4417406,3.06,2.740849738216885
1.18,0.722394,2.16,1.7428498349957016
0.43,0.10906798,1.18,0.8017763955663676
0.21,0.0,0.43,0.0513363879380499
0.0,0.0,0.21,-0.18002636375780867
0.0,0.0,0.0,-0.21841055234602433
0.0,0.0,0.0,-0.264490606496363
0.0,0.0,0.0,-0.1918210269462906
0.0,0.0,0.0,-0.09492091545665715
0.0,0.0,0.0,-0.019872551736786585
0.0,0.0,0.0,-0.0707544545506393
0.0,0.0,0.0,0.020771340050355774
0.0,0.0,0.0,0.017409871466516624
0.0,0.0,0.0,0.076564037993198
0.0,0.0,0.0,0.05939473449489783
0.0,0.0,0.0,0.0808563242517759
0.0,0.0,0.0,0.12985298232142972
0.0,0.0,0.0,0.004711957252593463
0.0,0.0,0.0,0.15313193453518148
0.0,0.0,0.0,0.08219900348709674
0.0,0.0,0.0,0.08569699332546576
0.0,0.0,0.0,-0.05074253497349579
0.0,0.0,0.0,0.04028403124005913
0.0,0.0,0.0,0.019234122008576215
0.0,0.0,0.0,-0.06255243000022281
0.0,0.0,0.0,-0.0032983094853202694
0.0,0.0,0.0,-0.0024003011902726246
0.0,0.0,0.0,0.057039452007128545
0.0,0.0,0.0,0.010014598710684844
0.0,0.0,0.0,-0.029281555744690296
0.0,0.0,0.0,0.017959126136115333
0.0,0.0,0.0,0.07158773064788795
0.0,0.0,0.0,0.043099181958088165
0.0,0.0,0.0,-0.01085015366211188
0.0,0.0,0.0,0.06811808635423994
0.0,0.0,0.0,0.09240089223248746
0.0,0.0,0.0,-0.002808228973138552
0.0,0.0,0.0,0.10591836971112052
0.0,0.0,0.0,0.06944617487281181
0.0,0.0,0.0,0.09701965938372473
0.0,0.0,0.0,0.1477273214237576
0.0,0.0,0.0,0.20384591748239048
0.0,0.0,0.0,0.29383508721067236
0.0,0.0,0.0,0.2952767362181529
0.0,0.0,0.0,0.2801215422887646
0.0,0.0,0.0,0.32570017393498873
0.0,0.0,0.0,0.4474082300358068
0.0,0.0,0.0,0.4316809217744473
0.0,0.0,0.0,0.4171419318745217
0.0,0.0,0.0,0.5742114809031652
0.13,0.0,0.0,0.4990277487983028
0.27,0.0,0.13,0.7005151916739093
0.64,0.26297203,0.27,0.965212561086881
1.24,0.83391845,0.64,1.2839422375509308
1.44,1.6825093,1.24,1.9848311090403503
2.33,3.0741463,1.44,2.2281708602071797
3.16,3.9495442,2.33,3.164291985742229
3.76,4.735763,3.16,4.101413808576929
4.7,5.056088,3.76,4.766072267108381
7.32,6.4757433,4.7,5.7739356581217045
8.14,8.146299,7.32,8.363128568495764
9.37,9.679836,8.14,9.408211722612897
11.87,10.735742,9.37,10.689679966194412
12.38,12.551359,11.87,13.124372095364583
13.71,13.346917,12.38,13.848697524677831
16.31,14.266009,13.71,15.184008894688558
17.42,15.587662,16.31,17.593083023235188
18.06,17.102669,17.42,18.898305502990876
15.39,17.418552,18.06,19.652808358719057
16.39,16.673775,15.39,16.808897564508193
20.08,16.917067,16.39,17.692052141698735
21.59,18.423517,20.08,21.07187227595248
18.28,20.029634,21.59,22.670239192820464
21.11,19.140104,18.28,19.466791932666986
20.77,20.577604,21.11,22.04580882374509
20.74,20.015505,20.77,21.523469988143866
22.23,19.979435,20.74,21.5548894917982
19.47,20.208256,22.23,22.862583388593208
19.81,19.368717,19.47,19.963781898198846
22.38,18.608995,19.81,20.191856221379258
18.4,19.160221,22.38,22.509165786836057
18.42,17.94664,18.4,18.82385749955283
18.37,17.557997,18.42,18.67757769188707
16.88,16.327986,18.37,18.237511861904856
16.16,15.309053,16.88,16.755965392081155
17.06,14.261431,16.16,16.0411349721611
13.73,13.865534,17.06,16.708930003011048
13.08,12.0893135,13.73,13.469394007994726
12.3,11.04857,13.08,12.782801853693721
10.65,10.043342,12.3,11.791552450948961
11.51,8.523051,10.65,10.190569041225903
10.31,8.082882,11.51,11.138329077036753
6.63,7.291849,10.31,9.760703892244223
4.85,5.2991714,6.63,6.34004794067976
4.55,3.7521896,4.85,4.40540759843695
3.11,2.5928016,4.55,3.8875539728710704
1.66,1.4968488,3.11,2.457144764763013
0.71,0.5294969,1.66,1.0332846827860909
0.32,0.0,0.71,0.1273814511756255
0.0,0.0,0.32,-0.12512559965691034
0.0,0.0,0.0,-0.4732327895902634
0.0,0.0,0.0,-0.4301119063887307
0.0,0.0,0.0,-0.317830174965838
0.0,0.0,0.0,-0.22044056302687534
0.0,0.0,0.0,-0.13050003171332425
0.0,0.0,0.0,-0.05294070916531682
0.0,0.0,0.0,0.049651694236464566
0.0,0.0,0.0,0.0664895790153127
0.0,0.0,0.0,0.04932754431071416
0.0,0.0,0.0,0.11573329935881174
0.0,0.0,0.0,0.12990731478348674
0.0,0.0,0.0,0.1649635935814657
0.0,0.0,0.0,0.2221379857127373
0.0,0.0,0.0,0.23524909341962913
0.0,0.0,0.0,0.20934698032358845
0.0,0.0,0.0,0.22812374869191104
0.0,0.0,0.0,0.24694007466818133
0.0,0.0,0.0,0.2518451703821763
0.0,0.0,0.0,0.2418996729654986
0.0,0.0,0.0,0.13620702856775924
0.0,0.0,0.0,0.11057111785840482
0.0,0.0,0.0,0.18039038448507547
0.0,0.0,0.0,0.2295138676232925
0.0,0.0,0.0,-0.04449042303769815
0.0,0.0,0.0,-0.04608808676722219
0.0,0.0,0.0,-0.018655849071230676
0.0,0.0,0.0,-0.07336672008386586
0.0,0.0,0.0,-0.056765078895578414
0.0,0.0,0.0,-0.0333871829608523
0.0,0.0,0.0,-0.0469908772623389
0.0,0.0,0.0,-0.03551445380699965
0.0,0.0,0.0,0.04669155605620472
0.0,0.0,0.0,0.10060083319573261
0.0,0.0,0.0,0.06222075847502152
0.0,0.0,0.0,0.09234287191554176
0.0,0.0,0.0,0.1976058607806523
0.0,0.0,0.0,0.14416715500072216
0.0,0.0,0.0,0.16999208678065314
0.0,0.0,0.0,0.2059121828278972
0.0,0.0,0.0,0.1857250091706024
0.0,0.0,0.0,0.25062394366861573
0.0,0.0,0.0,0.32026129525697244
0.0,0.0,0.0,0.3996212497889657
0.0,0.0,0.0,0.37995401682954555
0.0,0.0,0.0,0.42264004648957165
0.0,0.0,0.0,0.48144890663641277
0.14,0.0,0.0,0.5236460962282752
0.34,0.0,0.14,0.734887917911714
0.78,0.2945062,0.34,0.9652902962733284
1.55,1.1268376,0.78,1.4521038863650337
2.43,1.951784,1.55,2.2428083722076204
3.13,3.5180588,2.43,3.2916514482124937
3.27,4.8947544,3.13,4.014246856617937
4.57,5.4438987,3.27,4.265899680483626
4.9,6.0997787,4.57,5.541446316065573
7.1,7.252864,4.9,5.978068567213768
6.81,8.440685,7.1,8.206558296542937
8.53,9.082189,6.81,8.037090383969586
8.79,9.918781,8.53,9.699310458590736
10.23,10.9392185,8.79,10.066662469571167
10.53,11.9574,10.23,11.489472507411842
12.21,12.2934265,10.53,11.763817691034417
12.92,12.964957,12.21,13.395943775681067
16.66,14.08902,12.92,14.146757653105276
14.81,15.889625,16.66,17.80454458948165
16.11,15.925663,14.81,16.128676527655838
17.9,16.886486,16.11,17.36215229890993
22.81,17.344902,17.9,19.05741370291635
20.03,19.75372,22.81,23.845788088588055
20.73,19.080902,20.03,21.463761453918828
20.42,20.125074,20.73,21.890094266609825
22.86,19.493397,20.42,21.47633683525832
19.69,20.301981,22.86,23.727494126137465
20.82,19.416576,19.69,20.426069435513135
23.38,19.494324,20.82,21.304886266627364
22.78,20.111485,23.38,23.81587941076054
21.33,20.00005,22.78,23.16955234313575
23.63,19.329687,21.33,21.82216598186479
18.11,19.470861,23.63,23.86663566173427
19.32,17.483974,18.11,18.43567965180826
15.85,16.63494,19.32,19.285316140567826
16.83,14.77514,15.85,15.664675457638108
14.88,14.446497,16.83,16.554135690636148
14.79,12.116071,14.88,14.60450283807782
10.5,11.759541,14.79,14.29712978278401
9.92,8.93084,10.5,10.209846745007965
9.65,8.076891,9.92,9.361844602082968
6.55,6.89333,9.65,8.97281429927907
4.68,5.29036,6.55,5.911111507212585
5.5,3.50316,4.68,3.9978620985658075
3.11,3.250349,5.5,4.65517014753702
2.37,1.582793,3.11,2.522190357095082
1.46,0.81685054,2.37,1.7790373725755315
0.54,0.030961381,1.46,0.8349077900979607
0.24,0.0,0.54,0.012299959480308043
0.0,0.0,0.24,-0.23331663285667575
0.0,0.0,0.0,-0.5197506267234318
0.0,0.0,0.0,-0.32046996251228277
0.0,0.0,0.0,-0.21166956260464742
0.0,0.0,0.0,-0.17873479199393771
0.0,0.0,0.0,0.01609490927783279
0.0,0.0,0.0,0.08586844033004778
0.0,0.0,0.0,0.0300459408985888
0.0,0.0,0.0,0.12479090247649402
0.0,0.0,0.0,0.18626458419270725
0.0,0.0,0.0,0.12571487196542225
0.0,0.0,0.0,0.23162970477400224
0.0,0.0,0.0,0.2866202307729576
0.0,0.0,0.0,0.3231207924228019
0.0,0.0,0.0,0.26709123458421075
0.0,0.0,0.0,0.22886438255747002
0.0,0.0,0.0,0.28451289820807774
0.0,0.0,0.0,0.22144836524315786
0.0,0.0,0.0,0.2551756261579007
0.0,0.0,0.0,0.24757635512365578
0.0,0.0,0.0,0.21153590061820962
0.0,0.0,0.0,0.15831490698199085
0.0,0.0,0.0,0.1873684566408691
0.0,0.0,0.0,0.11435561151209597
0.0,0.0,0.0,-0.2387456117499437
0.0,0.0,0.0,-0.1387850053191518
0.0,0.0,0.0,-0.20489555103488752
0.0,0.0,0.0,-0.10509817231583965
0.0,0.0,0.0,-0.1366278824405416
0.0,0.0,0.0,-0.2354351278398703
0.0,0.0,0.0,-0.2251885775588105
0.0,0.0,0.0,-0.21241772765481065
0.0,0.0,0.0,-0.07255962632541621
0.0,0.0,0.0,-0.10574858340088783
0.0,0.0,0.0,-0.022910662608980684
0.0,0.0,0.0,-0.07925227823153927
0.0,0.0,0.0,-0.04692546062716657
0.0,0.0,0.0,0.05338903955914156
0.0,0.0,0.0,0.0317763788407828
0.0,0.0,0.0,0.09274077493739108
0.0,0.0,0.0,0.1492451452427129
0.0,0.0,0.0,0.11539878977858467
0.0,0.0,0.0,0.09402729413593602
0.0,0.0,0.0,0.2756462292842052
0.0,0.0,0.0,0.31277435983656104
0.0,0.0,0.0,0.32250249530408825
0.0,0.0,0.0,0.39379592491862103
0.1,0.0,0.0,0.4158319625726351
0.22,0.0,0.1,0.5414992677608297
0.53,0.0,0.22,0.6921664595676362
1.14,0.47405228,0.53,1.0546007630625842
1.8,1.1170874,1.14,1.7782106399938087
2.74,2.3242478,1.8,2.453955515986112
3.04,3.286099,2.74,3.505328779718509
3.27,4.047385,3.04,3.81801674829643
3.8900000000000006,4.205496,3.27,4.145382631249547
5.18,5.0508785,3.8900000000000006,4.801272947730605
5.83,5.5835223,5.18,6.154949217825343
6.21,6.4046054,5.83,6.77862389527064
7.19,7.274233,6.21,7.28068703324979
7.93,7.8246646,7.19,8.242052048196882
9.39,8.724177,7.93,8.96526348913363
8.93,9.539501,9.39,10.451062589794622
10.64,9.882903,8.93,10.035067379035905
10.11,10.719883,10.64,11.825602735028411
10.7,10.551702,10.11,11.239250765035907
11.01,11.041818,10.7,11.807637319006924
11.46,11.164691,11.01,12.065422079194658
10.65,11.331696,11.46,12.386268801961018
12.81,11.923824,10.65,11.558200465544937
12.62,12.257041,12.81,13.520126035184695
11.84,12.054463,12.62,13.438290631638907
13.39,12.481305,11.84,12.625304022315017
12.88,12.8177805,13.39,14.142915010081751
11.88,12.644741,12.88,13.541551506525575
13.97,11.768614,11.88,12.616516024071949
11.72,12.270764,13.97,14.491616445575842
13.15,11.459797,11.72,12.187223213360351
12.73,11.788266,13.15,13.692855438676942
11.89,11.579893,12.73,13.101340903166719
10.56,11.143474,11.89,12.320295907308159
10.22,9.637735,10.56,10.931785398652323
7.97,9.192846,10.22,10.374204914975497
8.55,8.0774355,7.97,8.155267127778231
7.05,7.2200365,8.55,8.713820881423295
5.45,6.03377,7.05,7.0273575306897325
4.99,5.175197,5.45,5.479224262854499
5.46,4.4642086,4.99,4.980609813395068
3.8499999999999996,4.011125,5.46,5.345469997614978
4.18,2.9144669,3.8499999999999996,3.7707491004951788
2.87,2.6906614,4.18,4.107673200354544
2.57,2.0518563,2.87,2.8269697371868796
1.72,1.177779,2.57,2.4803715241297626
1.03,0.4875543,1.72,1.683081593026623
0.42,0.0,1.03,0.940995552495375
0.18,0.0,0.42,0.38504452347863566
0.0,0.0,0.18,0.052551178062151954
0.0,0.0,0.0,-0.09014136554273834
0.0,0.0,0.0,-0.026021063438571718
0.0,0.0,0.0,-0.0017551087381801125
0.0,0.0,0.0,0.06735002841090437
0.0,0.0,0.0,0.03526604173361727
0.0,0.0,0.0,0.036774941668223995
0.0,0.0,0.0,0.016375330984752176
0.0,0.0,0.0,0.11178974223979582
0.0,0.0,0.0,0.08416709447677063
0.0,0.0,0.0,0.19499974029816158
0.0,0.0,0.0,0.0965696071143925
0.0,0.0,0.0,0.1892714787262638
0.0,0.0,0.0,0.0633362100534459
0.0,0.0,0.0,0.03324807799501398
0.0,0.0,0.0,-0.0009821344573341176
0.0,0.0,0.0,0.04904177115605878
0.0,0.0,0.0,0.047003758208050625
0.0,0.0,0.0,0.07226018849201044
0.0,0.0,0.0,0.0021540420287774475
0.0,0.0,0.0,0.015300017536054797
0.0,0.0,0.0,-0.035335638320296084
0.0,0.0,0.0,0.0020586979255609456
0.0,0.0,0.0,-0.009919573598131809
0.0,0.0,0.0,-0.18615700210368652
0.0,0.0,0.0,-0.23102286769497882
0.0,0.0,0.0,-0.2298467676653687
0.0,0.0,0.0,-0.17166407686330126
0.0,0.0,0.0,-0.15622660256508014
0.0,0.0,0.0,-0.19328387712876843
0.0,0.0,0.0,-0.2133657955021132
0.0,0.0,0.0,-0.14978226753407842
0.0,0.0,0.0,-0.1733987341808453
0.0,0.0,0.0,-0.19531869509700386
0.0,0.0,0.0,-0.1351291303497719
0.0,0.0,0.0,-0.04419944206740488
0.0,0.0,0.0,-0.09905637833311567
0.0,0.0,0.0,0.010771908054668794
0.0,0.0,0.0,-0.05378747151952072
0.0,0.0,0.0,0.07584782796152323
0.0,0.0,0.0,0.07180759109436333
0.0,0.0,0.0,0.1222072588154089
0.0,0.0,0.0,0.192832781248311
0.0,0.0,0.0,0.2184733401805167
0.0,0.0,0.0,0.2221244123045959
0.0,0.0,0.0,0.30596429420207566
0.0,0.0,0.0,0.2778295321298469
0.12,0.0,0.0,0.3489827698361606
0.21,0.0,0.12,0.4986696162481514
0.51,0.0,0.21,0.7106331668189477
0.99,0.52264583,0.51,1.0019806086599896
1.18,0.93388325,0.99,1.5609884215456074
2.22,2.0792575,1.18,1.8611851479964674
2.77,2.9302123,2.22,2.855850055691843
3.1,3.5300539,2.77,3.584021977457312
4.12,4.1491184,3.1,4.003569025674766
4.08,5.3336535,4.12,4.962440307957136
6.67,5.942229,4.08,4.966438511677883
6.53,7.182782,6.67,7.696534247476134
5.92,7.971483,6.53,7.5867939143735335
8.21,8.604616,5.92,7.081142462380332
7.750000000000001,9.113552,8.21,9.243746285506987
8.64,9.303565,7.750000000000001,8.862098956967184
9.02,9.589068,8.64,9.76621729394944
9.59,10.078225,9.02,10.079598614884514
10.92,10.09082,9.59,10.681050185786079
10.37,10.695965,10.92,12.041974830916708
12.65,10.808123,10.37,11.502062070453796
10.74,11.779011,12.65,13.800469450414525
13.27,11.408742,10.74,11.835915446776879
13.56,12.292154,13.27,14.320033519190872
12.58,12.444623,13.56,14.572432226092484
11.44,12.654351,12.58,13.637060154716085
11.54,11.881651,11.44,12.33090671774941
14.13,11.243761,11.54,12.29990777436762
11.86,11.742259,14.13,14.874135602422937
13.07,11.174375,11.86,12.582510566300831
12.68,11.641563,13.07,13.741896236226738
12.34,11.235121,12.68,13.276103120620899
12.46,10.730911,12.34,12.859346232412676
9.44,10.547233,12.46,12.978879205353117
9.23,9.059625,9.44,9.82569562157061
7.03,8.09004,9.23,9.574804654871718
5.41,6.9120755,7.03,7.162133151446586
4.57,5.4665084,5.41,5.3921582251816655
4.86,4.5267463,4.57,4.498012001562085
4.29,4.1389446,4.86,4.669879556741279
3.25,3.7643485,4.29,4.156207963828723
3.68,2.9041774,3.25,3.20480424102928
2.86,2.7162302,3.68,3.5092861602338887
2.17,2.383276,2.86,2.806709982570702
1.71,1.8567085,2.17,2.163701892107159
1.51,1.2752328,1.71,1.5650287080999614
0.78,0.8445667,1.51,1.410688125465755
0.27,0.5000943,0.78,0.7739544214263303
0.14,0.265309,0.27,0.27877678731541844
0.0,0.0,0.14,0.1631877434938142
0.0,0.0,0.0,0.09883880207710957
0.0,0.0,0.0,-0.026876282170714347
0.0,0.0,0.0,0.07704377197800039
0.0,0.0,0.0,0.15030031869331123
0.0,0.0,0.0,0.1298980266059001
0.0,0.0,0.0,0.11177336070242704
0.0,0.0,0.0,0.1658689323835494
0.0,0.0,0.0,0.1466212594369694
0.0,0.0,0.0,0.16532608227232426
0.0,0.0,0.0,0.19673423969977677
0.0,0.0,0.0,0.17335599395263102
0.0,0.0,0.0,0.13147935412363324
0.0,0.0,0.0,0.0708040862967027
0.0,0.0,0.0,0.05329465151983903
0.0,0.0,0.0,0.024271117694791428
0.0,0.0,0.0,0.08217699858175158
0.0,0.0,0.0,0.026291861202262096
0.0,0.0,0.0,0.09570207264515712
0.0,0.0,0.0,0.029409396561512063
0.0,0.0,0.0,-0.05130851928838567
0.0,0.0,0.0,0.016731828274489866
0.0,0.0,0.0,-0.013049693049891377
0.0,0.0,0.0,-0.08096433928964225
0.0,0.0,0.0,-0.36510549724057106
0.0,0.0,0.0,-0.32623596396549315
0.0,0.0,0.0,-0.3243212596829639
0.0,0.0,0.0,-0.4455294305988441
0.0,0.0,0.0,-0.30328368208431467
0.0,0.0,0.0,-0.27731684843909743
0.0,0.0,0.0,-0.37963031561803057
0.0,0.0,0.0,-0.3260266090841745
0.0,0.0,0.0,-0.3412274063062084
0.0,0.0,0.0,-0.22101450968682457
0.0,0.0,0.0,-0.21697697700681146
0.0,0.0,0.0,-0.26305886176601423
0.0,0.0,0.0,-0.2257858591094417
0.0,0.0,0.0,-0.08597112658519791
0.0,0.0,0.0,-0.1916774972431729
0.0,0.0,0.0,-0.15099054138919105
0.0,0.0,0.0,-0.03881655897978446
0.0,0.0,0.0,0.007061354145525001
0.0,0.0,0.0,0.006149885230766414
0.0,0.0,0.0,-0.004907648048054179
0.0,0.0,0.0,0.11971439655317627
0.0,0.0,0.0,0.16897262234916374
0.0,0.0,0.0,0.21200484901289307
0.12,0.0,0.0,0.23331082655152763
0.22,0.0,0.12,0.37004442548368477
0.53,0.0,0.22,0.5484653968144022
1.23,0.42250735,0.53,0.8590645847710863
1.29,0.9212688,1.23,1.634105543222064
1.84,2.0515938,1.29,1.7611040867125212
2.38,2.7478144,1.84,2.395095172673681
3.08,3.1924887,2.38,2.9096898799140485
3.62,3.7523143,3.08,3.673673339273832
3.69,5.251005,3.62,4.301325091550941
4.08,5.460031,3.69,4.428040122489489
3.94,5.698338,4.08,4.8029212864381385
4.98,5.7542834,3.94,4.6926285918803305
6.16,6.5578885,4.98,5.735248346154073
5.67,7.3151674,6.16,6.933043641261609
5.68,7.627084,5.67,6.4811303164205905
6.13,7.0361776,5.68,6.473760602194715
6.74,7.579941,6.13,6.907303875950469
6.57,7.6015153,6.74,7.541857066027134
7.53,8.003496,6.57,7.34460691103267
8.06,8.089205,7.53,8.206263143327934
8.33,8.710401,8.06,8.825534410039761
8.31,9.040812,8.33,9.102326880521414
8.97,8.782289,8.31,9.041607486294552
10.38,8.969011,8.97,9.675658046427007
10.15,9.934779,10.38,11.007253675170404
11.41,10.200956,10.15,10.858729343708418
10.52,10.758256,11.41,12.138292263224118
10.74,10.260452,10.52,11.192581822764966
11.78,10.4395485,10.74,11.372255379623528
11.62,10.621167,11.78,12.217485047513827
10.36,10.446223,11.62,12.167548209194162
7.699999999999999,10.027755,10.36,10.82886397448708
7.65,8.744592,7.699999999999999,8.029741215751805
7.16,7.7870636,7.65,7.970600231736988
6.04,6.9271536,7.16,7.311711063100858
5.26,6.2519937,6.04,6.199278607154996
5.31,5.2635555,5.26,5.25894869924795
3.94,4.937409,5.31,5.287523621703221
3.57,4.042517,3.94,4.017280887226223
3.7,3.6641304,3.57,3.4606553487060374
2.64,3.216727,3.7,3.6927422090441944
2.62,2.5476258,2.64,2.6079648132213467
1.9599999999999997,2.20938,2.62,2.5530703103792325
1.17,1.8088577,1.9599999999999997,1.8694954315347645
1.0,1.0969151,1.17,1.2014046827542146
0.5,0.72962344,1.0,1.0517150456454267
0.19,0.50102544,0.5,0.4565050858869746
0.1,0.29362988,0.19,0.17678345220509692
0.0,0.0,0.1,0.10280093279444132
0.0,0.0,0.0,-0.0035732745935057597
0.0,0.071524985,0.0,0.02708565494476109
0.0,0.13210681,0.0,0.09284065677175476
0.0,0.14412422,0.0,-0.03624442194617071
0.0,0.20933543,0.0,0.044467683650900244
0.0,0.18010963,0.0,0.10919493057697949
0.0,0.19728372,0.0,0.11152536898311599
0.0,0.1316438,0.0,0.013861271067050589
0.0,0.18741933,0.0,0.012078033849812521
0.0,0.18468381,0.0,0.008974541738168071
0.0,0.06151638,0.0,0.05079031676282639
0.0,0.0,0.0,0.037988599947027316
0.0,0.0,0.0,0.0329070565765284
0.0,0.0,0.0,-0.08673671965656549
0.0,0.0,0.0,-0.0768146981914325
0.0,0.0,0.0,-0.04150834071068754
0.0,0.0,0.0,-0.08187625108050017
0.0,0.0,0.0,-0.053788788226538514
0.0,0.0,0.0,-0.1411272071924743
0.0,0.0,0.0,-0.12467137834354249
0.0,0.0,0.0,-0.13823863106190215
0.0,0.0,0.0,-0.15564906921266725
0.0,0.0,0.0,-0.17503613899300552
0.0,0.0,0.0,-0.33917738101677775
0.0,0.0,0.0,-0.41074306973868263
0.0,0.0,0.0,-0.43467673622564107
0.0,0.0,0.0,-0.43573573087312023
0.0,0.0,0.0,-0.3007838009758672
0.0,0.0,0.0,-0.27077283667027974
0.0,0.0,0.0,-0.2666652216222299
0.0,0.0,0.0,-0.3066542358561905
0.0,0.0,0.0,-0.3552266236514781
0.0,0.0,0.0,-0.30803447378922705
0.0,0.0,0.0,-0.32152129482898056
0.0,0.0,0.0,-0.2423687315675914
0.0,0.0,0.0,-0.1665473290949107
0.0,0.0,0.0,-0.130430387161864
0.0,0.0,0.0,-0.16722623113076124
0.0,0.0,0.0,-0.08192384070079071
0.0,0.0,0.0,-0.026055488905074795
0.0,0.0,0.0,-0.07594195722323005
0.0,0.0,0.0,-0.06847648342654909
0.0,0.0,0.0,0.013902132106751453
0.0,0.0,0.0,0.044422003864578175
0.0,0.0,0.0,0.10595636535928016
0.0,0.0,0.0,0.217175609532066
0.07,0.0,0.0,0.15728325279947028
0.18,0.0,0.07,0.34700883825619344
0.39,0.0,0.18,0.4276823696657386
0.78,0.0,0.39,0.7455188574349618
1.03,0.0,0.78,1.2575026404409981
1.2,0.8662433,1.03,1.4513431297211727
1.45,1.416591,1.2,1.6507612532739304
2.37,1.7166739,1.45,2.0150103886350546
3.08,2.1921654,2.37,2.9248717765815795
3.16,3.698409,3.08,3.741814419795836
3.81,4.05511,3.16,3.8305436438962457
4.4,4.951893,3.81,4.5099804858893275
4.16,4.9647775,4.4,5.093203968840712
3.75,5.1843033,4.16,4.887233955820488
4.74,5.257162,3.75,4.390701705240072
5.01,5.2115216,4.74,5.412554693925049
4.52,5.1610374,5.01,5.687288776723249
4.36,5.1826506,4.52,5.246272741668753
4.82,4.4809237,4.36,5.139251136552817
5.42,4.495445,4.82,5.392846446038433
5.79,4.7298746,5.42,6.008645376082748
4.62,5.238502,5.79,6.4198330608003555
5.37,5.460874,4.62,5.309658507163638
5.67,5.354986,5.37,5.967236554616208
5.77,5.439012,5.67,6.31971651546319
5.36,5.2697387,5.77,6.43526507469892
5.61,5.5335555,5.36,5.9334055493404625
5.47,5.169211,5.61,6.155246552187577
4.24,5.0951133,5.47,6.036706512702789
4.6,4.8464766,4.24,4.733475590195351
4.82,4.52358,4.6,4.972853904442437
4.29,4.362973,4.82,5.24645789775821
4.5,3.9386554,4.29,4.769691899574705
4.61,3.9846535,4.5,4.827082794680607
4.22,3.7601995,4.61,5.09577354832161
4.42,3.3524013,4.22,4.727166804507848
4.17,3.583021,4.42,4.811711710332402
3.47,3.273745,4.17,4.665710529196688
3.6,3.2644923,3.47,3.8248331941297184
3.53,2.9460647,3.6,4.049495620460404
2.85,2.9557004,3.53,3.892802228662707
2.88,2.3282309,2.85,3.3098950915627796
2.39,2.1456199,2.88,3.236723779532013
2.17,1.9238234,2.39,2.7748736835707692
1.36,1.7052876,2.17,2.531736109871297
1.15,1.106762,1.36,1.7097515020349614
0.57,0.73204535,1.15,1.384358403902239
0.25,0.35681993,0.57,0.7431669245256234
0.13,0.068484925,0.25,0.4177940410089087
0.0,0.0,0.13,0.25299978197694334
0.0,0.0,0.0,0.18914024204534585
0.0,0.0,0.0,0.06964815247160618
0.0,0.0,0.0,0.09640352966115956
0.0,0.0,0.0,0.11453167782110832
0.0,0.0,0.0,0.06979521899873005
0.0,0.0,0.0,0.1344417167659388
0.0,0.0,0.0,-0.03510881828309699
0.0,0.0,0.0,-0.01745305394409806
0.0,0.0,0.0,-0.01923246761903398
0.0,0.0,0.0,0.050333111827891644
0.0,0.0,0.0,0.010726972296417753
0.0,0.0,0.0,-0.037247110939441566
0.0,0.0,0.0,-0.13166969383381666
0.0,0.0,0.0,-0.15124894041885822
0.0,0.0,0.0,-0.1547861634352229
0.0,0.0,0.0,-0.11949790550549795
0.0,0.0,0.0,-0.08375448353088358
0.0,0.0,0.0,-0.15069779407902195
0.0,0.0,0.0,-0.18756580313573717
0.0,0.0,0.0,-0.1572456167731851
0.0,0.0,0.0,-0.1868292652217476
0.0,0.0,0.0,-0.17750639974766516
0.0,0.0,0.0,-0.2516060818230612
0.0,0.0,0.0,-0.2213727057823564
0.0,0.0,0.0,-0.25294037924959667
0.0,0.0,0.0,-0.21906084310947255
0.0,0.0,0.0,-0.2737066314493067
0.0,0.0,0.0,-0.2676414928895968
0.0,0.0,0.0,-0.20833214932108352
0.0,0.0,0.0,-0.22579399702532
0.0,0.0,0.0,-0.25350977208072334
0.0,0.0,0.0,-0.17092798288273875
0.0,0.0,0.0,-0.099611017534234
0.0,0.0,0.0,-0.21371609567434197
0.0,0.0,0.0,-0.07798196378451444
0.0,0.0,0.0,-0.08642801033858463
0.0,0.0,0.0,-0.04952488812664517
0.0,0.0,0.0,-0.07567104600314331
0.0,0.0,0.0,0.04315112548021818
0.0,0.0,0.0,0.05592685250644845
0.0,0.0,0.0,0.091335094160786
0.0,0.0,0.0,0.04753132321717167
0.0,0.0,0.0,0.1557706303071723
0.0,0.0,0.0,0.24328702096681157
0.0,0.0,0.0,0.25403843848965446
0.0,0.0,0.0,0.27548881993219343
0.1,0.0,0.0,0.3372490623283506
0.24,0.0,0.1,0.4627584671000806
0.54,0.0,0.24,0.7302950842606964
1.2,0.24262969,0.54,1.009021815092103
2.01,1.1588875,1.2,1.7527580596024837
2.54,2.7431283,2.01,2.652083309221017
3.03,3.8730688,2.54,3.2077305959510927
3.61,4.5551095,3.03,3.6975267199619792
4.07,5.1135077,3.61,4.342711839900776
5.97,6.1499496,4.07,4.809466533318966
6.42,7.62282,5.97,6.799024679412627
7.9399999999999995,8.658625,6.42,7.298689465244424
7.3,10.044767,7.9399999999999995,8.861556249339996
7.9399999999999995,10.383246,7.3,8.241348956470997
9.82,10.4634495,7.9399999999999995,8.795567354965435
10.63,11.075112,9.82,10.607450183992785
12.0,11.376614,10.63,11.558440551124754
11.38,12.3548975,12.0,12.92356004345114
11.38,13.194807,11.38,12.217320132505389
12.35,13.583471,11.38,12.275198699872446
13.16,12.963747,12.35,13.147328253712395
13.54,13.57068,13.16,13.842153731189267
11.9,14.156803,13.54,14.236316997018598
12.32,13.666416,11.9,12.595450304874166
13.64,13.7626705,12.32,12.879070095116084
12.15,13.931594,13.64,14.097154877055466
13.78,13.579498,12.15,12.471288130113333
13.77,13.751585,13.78,14.199343105830636
15.37,13.629887,13.77,14.104875562517174
13.42,13.864548,15.37,15.711537534523544
13.79,13.703508,13.42,13.636565515711203
11.47,13.831666,13.79,14.004461084450504
13.7,12.104596,11.47,11.707771393635792
12.78,12.284909,13.7,13.603116125686208
9.72,11.515397,12.78,12.797582698463863
10.58,10.471748,9.72,9.748726555171691
9.52,9.964315,10.58,10.482346300765615
7.67,8.984729,9.52,9.326547220454069
6.84,7.640352,7.67,7.534096361533575
5.86,6.985677,6.84,6.5811930171804605
5.33,5.8527675,5.86,5.610302670647337
5.56,4.8516417,5.33,4.971134909177408
3.8599999999999994,4.6781716,5.56,5.261255538093955
3.36,3.7862947,3.8599999999999994,3.593877536706225
2.63,2.8543558,3.36,3.1807965229341995
2.0,2.0248396,2.63,2.449976667131466
1.03,1.2795738,2.0,1.7768907768925808
0.43,0.5150304,1.03,0.8549426676782856
0.21,0.06860283,0.43,0.24201002608248007
0.0,0.0,0.21,0.03690195335172147
0.0,0.0,0.0,-0.19288097242803193
0.0,0.0,0.0,-0.16103936784257353
0.0,0.0,0.0,-0.06619132302338682
0.0,0.0,0.0,0.042765293329743506
0.0,0.0,0.0,-0.06085447434960145
0.0,0.0,0.0,0.05777105529375402
0.0,0.0,0.0,0.03524920422099644
0.0,0.0,0.0,0.12585589062748198
0.0,0.0,0.0,0.11295073034811931
0.0,0.0,0.0,0.023147950892155773
0.0,0.0,0.0,0.12801724337884246
0.0,0.0,0.0,0.02979822446824397
0.0,0.0,0.0,0.07385951342071685
0.0,0.0,0.0,0.13969288780953376
0.0,0.0,0.0,-0.03203312405369953
0.0,0.0,0.0,-0.03423168618700741
0.0,0.0,0.0,0.09048691098772402
0.0,0.0,0.0,-0.008485639211858742
0.0,0.0,0.0,-0.059845653457758566
0.0,0.0,0.0,-0.020918756200898406
0.0,0.0,0.0,0.045666520552131856
0.0,0.0,0.0,-0.08283273369079788
0.0,0.0,0.0,-0.09123239897605454
0.0,0.0,0.0,-0.2681953035366846
0.0,0.0,0.0,-0.26273757367454953
0.0,0.0,0.0,-0.28827442671928943
0.0,0.0,0.0,-0.23172311274672022
0.0,0.0,0.0,-0.26740201886316234
0.0,0.0,0.0,-0.1852240864653259
0.0,0.0,0.0,-0.12700145446450545
0.0,0.0,0.0,-0.1838608866660199
0.0,0.0,0.0,-0.18844390066503222
0.0,0.0,0.0,-0.12802624371075438
0.0,0.0,0.0,-0.03987063611282399
0.0,0.0,0.0,-0.07611356149354043
0.0,0.0,0.0,-0.0801358666504777
0.0,0.0,0.0,-0.05329483730763418
0.0,0.0,0.0,-0.0938919613809544
0.0,0.0,0.0,-0.08183226578639444
0.0,0.0,0.0,0.02252593965572435
0.0,0.0,0.0,0.16490130229245878
0.0,0.0,0.0,0.15315371527172272
0.0,0.0,0.0,0.1569187259981503
0.0,0.0,0.0,0.20406590310264927
0.0,0.0,0.0,0.248394304771586
0.0,0.0,0.0,0.32410968139701446
0.0,0.0,0.0,0.29913926505065536
0.18,0.0,0.0,0.38760824378450986
0.36,0.0,0.18,0.5869668698652045
0.83,0.06803241,0.36,0.8705035211733443
1.94,0.5272546,0.83,1.3690961896995673
2.7,2.176741,1.94,2.562452925833083
3.17,3.7028143,2.7,3.4061032454575333
4.32,4.617783,3.17,3.9505876138229197
5.78,5.342846,4.32,5.109758075153336
6.34,6.8366504,5.78,6.571977722015265
7.25,7.7838483,6.34,7.2659580496646985
8.86,8.872783,7.25,8.228819572185316
9.63,9.863213,8.86,9.774765502638699
10.57,11.135752,9.63,10.637472611735795
10.11,12.337271,10.57,11.589898754968088
9.9,11.616029,10.11,11.137291870535433
11.41,11.305582,9.9,10.918467766420047
11.1,11.763345,11.41,12.308113942276947
13.55,12.215896,11.1,11.872598031847891
13.24,13.364532,13.55,14.331655868088474
13.1,13.539233,13.24,14.044167687811594
13.79,14.161631,13.1,13.796509783590441
14.76,14.340494,13.79,14.413251944621283
12.42,14.754211,14.76,15.366447910060634
13.32,13.60352,12.42,13.060858337661827
13.48,13.870035,13.32,13.68758609333958
11.98,13.6905575,13.48,13.74243787383229
11.96,13.063516,11.98,12.356894839977915
13.83,12.57495,11.96,12.150482963880089
13.37,12.901596,13.83,13.895252607415554
11.67,13.097264,13.37,13.562095399224559
13.81,12.4560795,11.67,11.78199409366307
10.58,12.33434,13.81,13.912156356682727
10.3,10.901556,10.58,10.679438910742133
8.28,9.839512,10.3,10.309629264767604
7.16,8.924582,8.28,8.132979931213605
5.74,7.8468184,7.16,6.906622282363644
6.04,6.4001856,5.74,5.462361033594705
5.52,5.6506615,6.04,5.65826544837088
4.27,5.1815596,5.52,5.303837963423059
3.37,4.321142,4.27,4.1077812368028095
3.68,3.1924899,3.37,3.1074844689923475
2.5,2.869016,3.68,3.4757294574100945
2.39,2.175419,2.5,2.379899843584993
1.79,1.7431786,2.39,2.13716737258173
1.05,0.92413914,1.79,1.715091328196966
0.55,0.34124714,1.05,0.9617604977531615
0.22,0.0,0.55,0.613763691400066
0.12,0.0,0.22,0.1770795928943729
0.0,0.0,0.12,0.1671501927319917
0.0,0.0,0.0,-0.018396157750425676
0.0,0.0,0.0,0.019599635322771966
0.0,0.0,0.0,0.12597397816783779
0.0,0.0,0.0,0.1533841525989617
0.0,0.0,0.0,0.1863738434967181
0.0,0.0,0.0,0.173158789208077
0.0,0.0,0.0,0.12969919147721196
0.0,0.0,0.0,0.19615661319807406
0.0,0.0,0.0,0.1425986982599645
0.0,0.0,0.0,0.13464600360371892
0.0,0.0,0.0,0.1775850475414908
0.0,0.0,0.0,0.15671995657689664
0.0,0.0,0.0,0.030532841392640966
0.0,0.0,0.0,0.0921363347820349
0.0,0.0,0.0,0.10723033661480266
0.0,0.0,0.0,0.007065527761116672
0.0,0.0,0.0,0.08187128588379003
0.0,0.0,0.0,0.04732315703093626
0.0,0.0,0.0,-0.02964985815689755
0.0,0.0,0.0,-0.02794324947716774
0.0,0.0,0.0,-0.06090518406544537
0.0,0.0,0.0,-0.013744465622619918
0.0,0.0,0.0,-0.004141199794067303
0.0,0.0,0.0,-0.06853554160403813
0.0,0.0,0.0,-0.04757190188971715
0.0,0.0,0.0,-0.0902802395136109
0.0,0.0,0.0,-0.047859058605148885
0.0,0.0,0.0,-0.10148031604515856
0.0,0.0,0.0,-0.06303029771262347
0.0,0.0,0.0,-0.04666127502866595
0.0,0.0,0.0,-0.00923854452629519
0.0,0.0,0.0,-0.025321013116977112
0.0,0.0,0.0,0.022613071979089433
0.0,0.0,0.0,0.06816871434482771
0.0,0.0,0.0,0.016283776477633224
0.0,0.0,0.0,0.05483514977561256
0.0,0.0,0.0,0.16864560645999
0.0,0.0,0.0,0.22207581980410457
0.0,0.0,0.0,0.2110566856375058
0.0,0.0,0.0,0.2344963805309505
0.0,0.0,0.0,0.24651039978853265
0.0,0.0,0.0,0.2878496423694987
0.0,0.0,0.0,0.36393586308312004
0.0,0.0,0.0,0.3331657274440509
0.0,0.0,0.0,0.4333493183743339
0.0,0.0,0.0,0.4472580037231691
0.0,0.0,0.0,0.5287328251989273
0.15,0.0,0.0,0.6161467292572977
0.35,0.24594557,0.15,0.6959059550648075
0.75,0.6487989,0.35,0.9954318319591725
1.76,1.1705239,0.75,1.4766968078235583
2.22,2.3706956,1.76,2.547852401098171
3.3,3.3807716,2.22,3.0321536438722556
3.31,4.569977,3.3,4.261073660229906
4.78,5.0723214,3.31,4.409557574679541
5.59,6.455402,4.78,5.8407251284679065
6.83,7.3785014,5.59,6.679879102737679
8.49,8.369191,6.83,7.968195339157511
11.53,9.605549,8.49,9.709930444444536
10.88,12.147912,11.53,12.74664881797472
13.06,13.056942,10.88,12.348243913200612
14.72,13.931871,13.06,14.542958521085382
12.94,14.746121,14.72,16.110231417589354
13.49,15.088665,12.94,14.37976715817628
15.43,14.852937,13.49,14.775878134795278
16.26,15.701902,15.43,16.506450000333356
18.22,16.395985,16.26,17.431306764777492
17.84,17.613426,18.22,19.322717464783572
20.64,17.813992,17.84,19.019375132105957
18.43,19.368053,20.64,21.718808019180603
21.13,19.208313,18.43,19.547516482523122
18.43,20.039825,21.13,22.038612694002396
21.94,18.990187,18.43,19.28703258321638
21.42,19.888388,21.94,22.647979264753026
19.03,19.39372,21.42,21.97113755078843
21.98,18.942074,19.03,19.690100773052006
22.2,19.098812,21.98,22.443695422371583
17.69,19.05025,22.2,22.459425455407384
19.24,17.32867,17.69,18.147933352729282
19.37,16.913027,19.24,19.272355104582548
15.969999999999999,16.078703,19.37,19.288921857457243
15.549999999999999,14.814085,15.969999999999999,15.888790300415891
13.26,13.926534,15.549999999999999,15.50581977641594
13.32,11.975004,13.26,12.942739113815112
11.05,10.367019,13.32,13.070004953697186
11.74,8.986382,11.05,10.659430599435087
9.88,8.456613,11.74,11.194135186892687
6.59,7.133879,9.88,9.438181510045967
5.6,5.3488145,6.59,6.073769433387168
5.38,4.0879755,5.6,4.970222827672259
3.14,3.2785096,5.38,4.694069133816584
2.46,1.7885187,3.14,2.5612678907074047
1.21,0.8058306,2.46,1.7210921427650483
0.57,0.09902042,1.21,0.5726602671081249
0.25,0.0,0.57,-0.029987298001557805
0.0,0.0,0.25,-0.17662078699476502
0.0,0.0,0.0,-0.47839161301769295
0.0,0.0,0.0,-0.2922120386398747
0.0,0.0,0.0,-0.37385101955090694
0.0,0.0,0.0,-0.267660128355497
0.0,0.0,0.0,-0.0894511477980612
0.0,0.0,0.0,-0.04151360605665656
0.0,0.0,0.0,-0.09488417343502614
0.0,0.0,0.0,0.0608158861743488
0.0,0.0,0.0,0.043836168678059
0.0,0.0,0.0,0.11418699430756553
0.0,0.0,0.0,0.1616396192001822
0.0,0.0,0.0,0.20435113934151772
0.0,0.0,0.0,0.14836124453600902
0.0,0.0,0.0,0.1504899106735414
0.0,0.0,0.0,0.20811134512408666
0.0,0.0,0.0,0.1566122170777844
0.0,0.0,0.0,0.2111701332895366
0.0,0.0,0.0,0.15443679936153032
0.0,0.0,0.0,0.14635809939259803
0.0,0.0,0.0,0.07237071860549164
0.0,0.0,0.0,0.0889837144135791
0.0,0.0,0.0,0.1518871640820097
0.0,0.0,0.0,0.03543783463110767
0.0,0.0,0.0,-0.0854586621039146
0.0,0.0,0.0,-0.0865652207463622
0.0,0.0,0.0,-0.09040781814235704
0.0,0.0,0.0,-0.0982130552052863
0.0,0.0,0.0,-0.15096210962094278
0.0,0.0,0.0,-0.05720344138366973
0.0,0.0,0.0,-0.10949715031062159
0.0,0.0,0.0,-0.0742918897345985
0.0,0.0,0.0,-0.0366045346938073
0.0,0.0,0.0,-0.0746165143637606
0.0,0.0,0.0,-0.05885386507663126
0.0,0.0,0.0,-0.010234874471841612
0.0,0.0,0.0,0.07278491471542384
0.0,0.0,0.0,0.09800862220267645
0.0,0.0,0.0,0.11728732572996808
0.0,0.0,0.0,0.11306172271103601
0.0,0.0,0.0,0.21309706485081462
0.0,0.0,0.0,0.156187980029317
0.0,0.0,0.0,0.2183016671876128
0.0,0.0,0.0,0.3377652639067223
0.0,0.0,0.0,0.33052366045687886
0.0,0.0,0.0,0.35653187643163187
0.0,0.0,0.0,0.4614766869951909
0.0,0.0,0.0,0.43928123597926283
0.24,0.0,0.0,0.5533790287682736
0.48,0.0,0.24,0.7288635300314058
0.9799999999999999,0.36166346,0.48,1.0872000393170387
2.22,0.8291363,0.9799999999999999,1.6443244523542089
3.06,2.2788706,2.22,2.955595661823399
3.64,3.7009335,3.06,3.933647667541751
4.9,4.737485,3.64,4.628391674663847
6.18,5.5521736,4.9,5.898955632846835
7.7700000000000005,7.0223713,6.18,7.205827305225951
8.04,8.405877,7.7700000000000005,8.869527517822455
8.17,9.440264,8.04,9.294651461862369
11.09,9.587427,8.17,9.419549563905639
12.66,11.293128,11.09,12.332087250944127
11.85,12.434305,12.66,13.970490533672338
13.07,13.030098,11.85,13.27734817845942
13.2,13.603964,13.07,14.376402739922147
12.79,14.006043,13.2,14.373076492623284
14.75,14.010639,12.79,14.000668166510664
16.9,14.872139,14.75,15.866676302629863
15.540000000000001,15.884113,16.9,17.96754312297316
16.98,16.210787,15.540000000000001,16.761466658437843
17.1,16.874651,16.98,17.986163321693112
16.93,16.881252,17.1,18.09927340995251
17.14,16.86548,16.93,17.91878491707118
19.31,16.878788,17.14,17.963263267499435
15.980000000000002,17.443481,19.31,20.002786214542127
15.84,16.01652,15.980000000000002,16.693738799516453
19.97,16.182793,15.84,16.332294372237193
15.780000000000001,16.976145,19.97,20.288874014927558
16.77,15.959877,15.780000000000001,16.290991803013828
15.529999999999998,15.869669,16.77,17.149563738664952
18.08,14.972282,15.529999999999998,15.679133716920441
16.93,15.367952,18.08,18.245629114082686
13.93,14.428948,16.93,17.232129445951184
11.73,13.346143,13.93,14.128591897577627
13.02,11.363176,11.73,11.80429854428059
12.15,10.786142,13.02,12.781202778896645
9.48,9.654882,12.15,11.921425995648661
7.37,8.160635,9.48,9.239958308359155
5.93,6.9243836,7.37,7.110002032587614
5.34,5.3370543,5.93,5.491809105834586
5.48,3.918331,5.34,4.848654762103861
4.38,3.4300613,5.48,4.930578720003176
2.67,2.8010712,4.38,3.9225385837212388
2.44,1.3572532,2.67,2.194235177314286
1.16,0.71449155,2.44,2.0128171182581127
0.46,0.0,1.16,0.7879065983118944
0.24,0.0,0.46,0.06653994358535781
0.0,0.0,0.24,-0.14159205428651622
0.0,0.0,0.0,-0.2522575575041913
0.0,0.0,0.0,-0.2670955233536399
0.0,0.0,0.0,-0.12081855151981902
0.0,0.0,0.0,0.0389491973427597
0.0,0.0,0.0,-0.03569355272689159
0.0,0.0,0.0,0.06833736706851692
0.0,0.0,0.0,-0.004305323037535717
0.0,0.0,0.0,0.2244386988469168
0.0,0.0,0.0,0.18135124750448728
0.0,0.0,0.0,0.16269698183151107
0.0,0.0,0.0,0.18297310748553058
0.0,0.0,0.0,0.20842026571062372
0.0,0.0,0.0,0.1976336131861897
0.0,0.0,0.0,0.20537316531915636
0.0,0.0,0.0,0.14040736856129207
0.0,0.0,0.0,0.1413437036951759
0.0,0.0,0.0,0.06586558774252453
0.0,0.0,0.0,0.1368036086755757
0.0,0.0,0.0,0.05523756847791925
0.0,0.0,0.0,0.1289964433456683
0.0,0.0,0.0,0.012272408316998731
0.0,0.0,0.0,0.1476606937894951
0.0,0.0,0.0,0.06961777633400841
0.0,0.0,0.0,-0.18303594091265002
0.0,0.0,0.0,-0.21326548645062837
0.0,0.0,0.0,-0.149278089138282
0.0,0.0,0.0,-0.16829202082319542
0.0,0.0,0.0,-0.048734797112137476
0.0,0.0,0.0,-0.2008443924919579
0.0,0.0,0.0,-0.12193376901603062
0.0,0.0,0.0,-0.1712601581012521
0.0,0.0,0.0,-0.13503190496986825
0.0,0.0,0.0,-0.08765086525760607
0.0,0.0,0.0,-0.03409299469816454
0.0,0.0,0.0,0.00887984510162497
0.0,0.0,0.0,-0.06743419288613439
0.0,0.0,0.0,0.10283067917829035
0.0,0.0,0.0,0.029626927111870982
0.0,0.0,0.0,0.10973670649313438
0.0,0.0,0.0,0.11011000921832478
0.0,0.0,0.0,0.23187756407953355
0.0,0.0,0.0,0.21844646923373384
0.0,0.0,0.0,0.20336286672701376
0.0,0.0,0.0,0.35313674278745993
0.0,0.0,0.0,0.3735036488737191
0.0,0.0,0.0,0.37529421128313956
0.0,0.0,0.0,0.494091353953743
0.13,0.0,0.0,0.44248879200661595
0.25,0.0,0.13,0.6329007468578708
0.62,0.32769865,0.25,0.8374663053127365
1.26,0.6228543,0.62,1.1664380672321897
2.0,1.6176566,1.26,1.9186376199715625
2.74,2.8870757,2.0,2.7864269712048766
3.44,3.722398,2.74,3.5938282915126485
4.1,4.6052628,3.44,4.38549377878791
4.73,5.907175,4.1,5.081088279710519
5.91,6.546792,4.73,5.657439033921977
6.99,7.087802,5.91,6.910259454622673
7.719999999999999,7.881836,6.99,8.021590962310874
9.19,9.105375,7.719999999999999,8.802767748036683
9.69,10.411171,9.19,10.398611650916912
9.75,10.986624,9.69,10.861827272117456
11.17,11.32007,9.75,10.997290509394892
11.15,11.980724,11.17,12.424681672212904
13.81,12.073118,11.15,12.287913513500097
11.68,13.289446,13.81,15.024319718105431
13.3,12.68138,11.68,12.922923368803168
12.18,13.408077,13.3,14.504964913794666
12.16,13.008099,12.18,13.270354596691295
15.73,12.977174,12.16,13.149657880699475
14.85,13.468423,15.73,16.568329452744386
16.4,14.047949,14.85,15.80650115945851
14.84,14.85157,16.4,17.370383467885365
14.71,14.516974,14.84,15.683903884268044
14.34,13.941025,14.71,15.566033622024328
14.71,13.280378,14.34,15.017429246034062
16.08,12.827123,14.71,15.191930680517824
14.74,13.190901,16.08,16.514985239068707
12.62,12.552866,14.74,15.214726716386078
11.13,11.751868,12.62,13.077230430221237
8.53,10.276528,11.13,11.499934737012731
6.61,8.475725,8.53,8.746116075967088
5.19,6.887157,6.61,6.481657920436237
4.69,5.487652,5.19,5.017766171162847
3.63,4.1735234,4.69,4.329061215861236
3.66,3.3199499,3.63,3.3945915737298615
2.94,2.711278,3.66,3.381926207439978
2.67,1.973177,2.94,2.6846921922346927
2.35,1.5675939,2.67,2.5139819428181
1.63,1.2204542,2.35,2.1673341290495793
1.17,0.7414962,1.63,1.5114075535578886
0.86,0.0010301638,1.17,1.161823381873722
0.44,0.0,0.86,0.7952325837578889
0.14,0.0,0.44,0.4645752401624009
0.08,0.0,0.14,0.21885943773385763
0.0,0.0,0.08,0.14380572466293484
0.0,0.0,0.0,0.16998252257408433
0.0,0.0,0.0,0.1179814323711028
0.0,0.0,0.0,0.22343968871783754
0.0,0.0,0.0,0.2552478172041365
0.0,0.0,0.0,0.1763223520243878
0.0,0.0,0.0,0.24066331870275556
0.0,0.0,0.0,0.3190245220060194
0.0,0.0,0.0,0.230534572847794
0.0,0.0,0.0,0.29329834412536104
0.0,0.0,0.0,0.298308570358211
0.0,0.0,0.0,0.2738051993071653
0.0,0.0,0.0,0.19538219030388054
0.0,0.0,0.0,0.15943300937636667
0.0,0.0,0.0,0.242975264091275
0.0,0.0,0.0,0.1944827380414466
0.0,0.0,0.0,0.11902625445690249
0.0,0.0,0.0,0.13477075596593552
0.0,0.0,0.0,0.1698415667804809
0.0,0.0,0.0,0.0265797663781207
0.0,0.0,0.0,0.1064994311603201
0.0,0.0,0.0,0.08757703548267981
0.0,0.0,0.0,-0.005231477444682595
0.0,0.0,0.0,0.050455824619688276
0.0,0.0,0.0,-0.37257248756444983
0.0,0.0,0.0,-0.32037618022375236
0.0,0.0,0.0,-0.4267824965422984
0.0,0.0,0.0,-0.3687367378874131
0.0,0.0,0.0,-0.39355661241484385
0.0,0.0,0.0,-0.3641174209200866
0.0,0.0,0.0,-0.39620210728622257
0.0,0.0,0.0,-0.35354958638085865
0.0,0.0,0.0,-0.36905132312639416
0.0,0.0,0.0,-0.2590289075396468
0.0,0.0,0.0,-0.2665406869885479
0.0,0.0,0.0,-0.22934942682524834
0.0,0.0,0.0,-0.15012988159488572
0.0,0.0,0.0,-0.14206771442777932
0.0,0.0,0.0,-0.17778712149266163
0.0,0.0,0.0,-0.15501539902841555
0.0,0.0,0.0,-0.08737913270881366
0.0,0.0,0.0,-0.021445937280127614
0.0,0.0,0.0,0.05483273238907828
0.0,0.0,0.0,0.015697466160859014
0.0,0.0,0.0,0.09358165706431144
0.0,0.0,0.0,0.10992816133443661
0.0,0.0,0.0,0.2430240720284442
0.0,0.0,0.0,0.2065952917491789
0.08,0.0,0.0,0.3054969190551785
0.16,0.0,0.08,0.3584899752123161
0.45,0.0,0.16,0.5064491734370499
0.79,0.0,0.45,0.871895627744649
1.04,0.9350221,0.79,1.2190767556487045
1.26,1.3743042,1.04,1.5672482281674722
1.71,1.5572932,1.26,1.776153615762386
2.45,1.6517897,1.71,2.3354489296905823
3.03,2.9056463,2.45,3.1490055226489115
3.37,3.953408,3.03,3.7675029678992145
3.57,4.4475603,3.37,4.170559206586095
3.51,4.715613,3.57,4.309590176531398
3.8599999999999994,5.1125393,3.51,4.263723590317692
3.7999999999999994,5.1792006,3.8599999999999994,4.616107120198983
4.86,5.018757,3.7999999999999994,4.622601475234434
5.45,4.8040223,4.86,5.632842454118555
6.56,5.426511,5.45,6.295910039634193
6.26,6.552981,6.56,7.460783898885103
7.02,7.0022798,6.26,7.177523880929088
6.23,7.0138245,7.02,8.025113012467266
6.72,6.9659142,6.23,7.250107983593621
6.49,6.986514,6.72,7.628036567169472
7.43,6.7283096,6.49,7.39492266520985
7.27,7.0682054,7.43,8.261311346621824
8.23,7.081157,7.27,7.996212977246831
8.02,7.6342,8.23,9.064918417546698
8.31,7.4552402,8.02,8.862474367524818
8.41,7.668539,8.31,9.137329797291908
8.06,7.5813584,8.41,9.075775963092061
8.83,7.505534,8.06,8.603144051111371
7.85,7.4043164,8.83,9.429507967471366
7.839999999999999,6.930762,7.85,8.416811929759847
6.44,6.7699594,7.839999999999999,8.361195724229681
5.9,6.152305,6.44,6.829792487226886
5.38,5.5468717,5.9,6.312262992998456
6.04,4.9443717,5.38,5.708760237331255
5.62,4.6278315,6.04,6.3061063629172285
5.01,4.3174615,5.62,5.905888310853964
5.17,3.8244781,5.01,5.292472153998907
3.7899999999999996,3.75476,5.17,5.349285565881016
3.58,3.074496,3.7899999999999996,3.956032561076719
3.55,2.6182187,3.58,3.7012269913596407
2.46,2.4230168,3.55,3.608752362726335
1.85,1.750042,2.46,2.603162954010388
1.19,1.0607467,1.85,1.9693454669463095
0.57,0.6175565,1.19,1.1547281750611849
0.21,0.18152048,0.57,0.6062210286532874
0.12,0.0,0.21,0.19755960090491548
0.0,0.0,0.12,0.03682637168414438
0.0,0.0,0.0,-0.08374185256683285
0.0,0.0,0.0,-0.1142557737143101
0.0,0.0,0.0,-0.09833145353294666
0.0,0.0,0.0,0.036179476790828245
0.0,0.0,0.0,0.001590361500951494
0.0,0.038623445,0.0,-0.08121202706759277
0.0,0.06543872,0.0,-0.016328544302424003
0.0,0.057414442,0.0,-0.06400661685137102
0.0,0.0,0.0,0.04227074056484384
0.0,0.0,0.0,-0.07600660027419173
0.0,0.0,0.0,-0.0005140979662071957
0.0,0.0,0.0,-0.06419714170920146
0.0,0.0,0.0,-0.10621087843234747
0.0,0.0,0.0,-0.11699750822556927
0.0,0.0,0.0,-0.13116584152136934
0.0,0.0,0.0,-0.1214344254358471
0.0,0.0,0.0,-0.058769421082976586
0.0,0.0,0.0,-0.08165826852778904
0.0,0.0,0.0,-0.17551426870895212
0.0,0.0,0.0,-0.18918594874464956
0.0,0.0,0.0,-0.21829781211267454
0.0,0.0,0.0,-0.1630061300077372
0.0,0.0,0.0,-0.13647362399203994
0.0,0.0,0.0,-0.31031812185316004
0.0,0.0,0.0,-0.3160828696249307
0.0,0.0,0.0,-0.3517622661111164
0.0,0.0,0.0,-0.34516903305629315
0.0,0.0,0.0,-0.3045962493445334
0.0,0.0,0.0,-0.30799702385542505
0.0,0.0,0.0,-0.3686508676391288
0.0,0.0,0.0,-0.3501382409683055
0.0,0.0,0.0,-0.2754787692887812
0.0,0.0,0.0,-0.24705529993049674
0.0,0.0,0.0,-0.23543734160559043
0.0,0.0,0.0,-0.25128212560321245
0.0,0.0,0.0,-0.23447781997065076
0.0,0.0,0.0,-0.2106995426981917
0.0,0.0,0.0,-0.1407095399315697
0.0,0.0,0.0,-0.04646377786302065
0.0,0.0,0.0,-0.08968865187459062
0.0,0.0,0.0,-0.021042335112860626
0.0,0.0,0.0,0.04752035642609318
0.0,0.0,0.0,0.08853529395116116
0.0,0.0,0.0,0.09400896424281632
0.0,0.0,0.0,0.13199041197769268
0.0,0.0,0.0,0.21797468141660614
0.0,0.0,0.0,0.24732520463916446
0.08,0.0,0.0,0.25653148496793393
0.16,0.0,0.08,0.3547768201635569
0.45,0.0,0.16,0.5672726973406785
0.89,0.0,0.45,0.8936042924640765
1.1,0.56373596,0.89,1.440424740256081
1.26,1.1266098,1.1,1.617118062162229
1.98,1.3349267,1.26,1.8680022741678743
2.76,1.7379414,1.98,2.655935643961914
3.0,2.7186317,2.76,3.431685594759583
3.51,3.367319,3.0,3.7750111200567034
4.75,4.0557666,3.51,4.267691056380709
4.98,4.6547394,4.75,5.632895299410554
6.29,5.816053,4.98,5.9182216526480635
6.47,6.927604,6.29,7.174484249458452
5.52,7.2078705,6.47,7.451028934848691
6.78,7.0848475,5.52,6.491719317399814
6.54,7.464614,6.78,7.786980485570438
6.46,7.421953,6.54,7.42930048688326
7.43,7.1636734,6.46,7.390997890826366
6.55,7.4331627,7.43,8.295686634362024
6.23,7.493149,6.55,7.403176584679616
7.870000000000001,7.1814027,6.23,7.075504873039076
7.64,7.6847544,7.870000000000001,8.62212795747302
7.68,7.8978577,7.64,8.437265595077145
6.84,8.046644,7.68,8.498559133944221
7.64,7.484079,6.84,7.533854138358854
7.47,7.306798,7.64,8.318590537885246
8.2,7.122153,7.47,8.209294705775015
8.01,7.270935,8.2,8.866889506334475
6.38,7.030016,8.01,8.71868304753853
6.89,6.4247794,6.38,7.036578761478523
6.4,5.9778147,6.89,7.518440225021971
5.51,5.3389845,6.4,6.981919204555066
4.78,4.7998595,5.51,6.036317754179593
5.27,4.1462793,4.78,5.1834077872772975
4.24,3.9115431,5.27,5.568389620820572
3.74,3.3734376,4.24,4.613274004278938
3.9500000000000006,2.9993882,3.74,4.095629743176681
3.7899999999999996,3.0051816,3.9500000000000006,4.251171998250214
2.9,2.8898454,3.7899999999999996,3.9834259507253487
2.63,2.301439,2.9,3.23209653004647
2.73,1.82117,2.63,2.9099372675403954
1.83,1.7010026,2.73,2.889154695236292
1.22,1.2490638,1.83,2.0293530547044316
0.94,0.6724906,1.22,1.3693801965158907
0.42,0.3133896,0.94,0.9884707210592625
0.19,0.0,0.42,0.5381401967911636
0.1,0.0,0.19,0.2013978952114616
0.0,0.0,0.1,0.24456660116954598
0.0,0.0,0.0,0.05361181576605513
0.0,0.0,0.0,0.005387435506588253
0.0,0.0,0.0,0.031186600756943524
0.0,0.0,0.0,0.12176360906177147
0.0,0.0,0.0,0.0036280581387572453
0.0,0.0,0.0,0.03369253572777304
0.0,0.0,0.0,0.10629637472377285
0.0,0.0,0.0,0.10795109542959053
0.0,0.0,0.0,0.05720857808866005
0.0,0.0,0.0,-0.0013799429582669193
0.0,0.0,0.0,0.042087318369706285
0.0,0.0,0.0,-0.01652596325830709
0.0,0.0,0.0,-0.05835314789231105
0.0,0.0,0.0,-0.07406304549796322
0.0,0.0,0.0,-0.07416181511866668
0.0,0.0,0.0,-0.11530889601617883
0.0,0.0,0.0,-0.13583899821941414
0.0,0.0,0.0,-0.1386856973946291
0.0,0.0,0.0,-0.17077816276862168
0.0,0.0,0.0,-0.19873209940696066
0.0,0.0,0.0,-0.10572950574866465
0.0,0.0,0.0,-0.25122699866411513
0.0,0.0,0.0,-0.22607157761114471
0.0,0.0,0.0,-0.3810946887676995
0.0,0.0,0.0,-0.35124588479158203
0.0,0.0,0.0,-0.39525265172403634
0.0,0.0,0.0,-0.4079608324817344
0.0,0.0,0.0,-0.3726544806420842
0.0,0.0,0.0,-0.3862421259204538
0.0,0.0,0.0,-0.3093916990796908
0.0,0.0,0.0,-0.3059308960161832
0.0,0.0,0.0,-0.24016798173040338
0.0,0.0,0.0,-0.22145124185601722
0.0,0.0,0.0,-0.26781279973314254
0.0,0.0,0.0,-0.19764139224706023
0.0,0.0,0.0,-0.18301978863304513
0.0,0.0,0.0,-0.2115184142585684
0.0,0.0,0.0,-0.16225166396681603
0.0,0.0,0.0,-0.10993979519798518
0.0,0.0,0.0,-0.053958511243420854
0.0,0.0,0.0,-0.04794921732712017
0.0,0.0,0.0,0.06227542700517848
0.0,0.0,0.0,0.020668299200737907
0.0,0.0,0.0,0.040245939494574605
0.0,0.0,0.0,0.11050338448442325
0.0,0.0,0.0,0.21798446043973532
0.0,0.0,0.0,0.19989024723724855
0.09,0.0,0.0,0.2805759025223838
0.21,0.0,0.09,0.3763015978819196
0.51,0.0,0.21,0.6087252512669864
1.14,0.0,0.51,0.8990467779531363
1.18,0.2823588,1.14,1.5634042732159896
1.75,0.9097027,1.18,1.7092120707334373
2.48,1.35056,1.75,2.380625645898052
3.43,1.9361745,2.48,3.1560153156342126
4.32,3.432755,3.43,4.118880328104467
4.44,4.472562,4.32,5.042712986587376
6.67,5.3386765,4.44,5.2136448178180705
6.69,6.6086817,6.67,7.545718950598285
7.03,7.732038,6.69,7.6673915592714845
6.37,8.360078,7.03,7.920044995575893
5.84,8.05162,6.37,7.18818933051034
6.35,7.174312,5.84,6.712116251032906
6.18,7.3664684,6.35,7.136011897966163
7.93,7.331471,6.18,6.877506328925236
7.03,7.521136,7.93,8.67257171502193
6.94,7.712929,7.03,7.80674680069104
6.41,7.942729,6.94,7.610018422394411
7.24,7.277846,6.41,7.108079654019777
6.33,7.0452304,7.24,7.910656564488498
6.09,6.7677436,6.33,6.952102095592574
7.71,6.464327,6.09,6.547693674825759
7.579999999999999,6.7354217,7.71,8.230120682497262
7.3,6.9216127,7.579999999999999,8.00746800167991
6.73,6.9146357,7.3,7.9232656334247995
6.71,6.4860682,6.73,7.288758031613742
7.13,5.9174294,6.71,7.172130206159304
5.78,6.052032,7.13,7.4333471916641525
6.62,5.783276,5.78,6.092003510754003
4.79,5.7803574,6.62,6.923602240886804
4.56,4.6643867,4.79,5.194755223553782
3.73,4.058863,4.56,4.835565502823186
4.39,3.7515705,3.73,3.9638568994203904
3.81,3.7411914,4.39,4.578666099056495
3.43,3.5609007,3.81,4.075580611657315
2.9,3.5567849,3.43,3.5306289604837344
3.01,3.1613803,2.9,3.084963785233283
2.67,2.5731378,3.01,3.2206704770533174
1.98,2.1334102,2.67,2.902326105282741
1.41,1.8473411,1.98,2.063657188523597
1.02,1.3580587,1.41,1.5846563107886795
0.7,0.79623115,1.02,1.1158930350183873
0.38,0.18591975,0.7,0.928936175018148
0.13,0.0,0.38,0.5812709308618942
0.08,0.0,0.13,0.33633244630916315
0.0,0.0,0.08,0.26850819061276865
0.0,0.0,0.0,0.17030192690341994
0.0,0.0,0.0,0.1350314485850504
0.0,0.0,0.0,0.21852738977728964
0.0,0.0,0.0,0.14812802977223571
0.0,0.0,0.0,0.10394497324259039
0.0,0.0,0.0,0.09821684882264842
0.0,0.0,0.0,0.06645095347678362
0.0,0.0,0.0,0.050769638573027395
0.0,0.0,0.0,0.1320605223035765
0.0,0.0,0.0,0.012756339547056322
0.0,0.0,0.0,0.032173247974559456
0.0,0.0,0.0,0.025352894599095996
0.0,0.0,0.0,0.027508004083874743
0.0,0.0,0.0,-0.08375007952484269
0.0,0.0,0.0,-0.009639108201234328
0.0,0.0,0.0,-0.08299236659069661
0.0,0.0,0.0,-0.020571002064744028
0.0,0.0,0.0,-0.08348423162725868
0.0,0.0,0.0,-0.19257718503223983
0.0,0.0,0.0,-0.16211663042814906
0.0,0.0,0.0,-0.12201309906527735
0.0,0.0,0.0,-0.23724087736150923
0.0,0.0,0.0,-0.19189432289875097
0.0,0.0,0.0,-0.456519863294435
0.0,0.0,0.0,-0.4267822663871035
0.0,0.0,0.0,-0.4846401861101939
0.0,0.0,0.0,-0.4237851741090102
0.0,0.0,0.0,-0.497997144012764
0.0,0.0,0.0,-0.38509741897725164
0.0,0.0,0.0,-0.4463344044809761
0.0,0.0,0.0,-0.3821288310115434
0.0,0.0,0.0,-0.4115808687974746
0.0,0.0,0.0,-0.401418969515496
0.0,0.0,0.0,-0.2939350243408093
0.0,0.0,0.0,-0.31160564523220613
0.0,0.0,0.0,-0.2365529937296476
0.0,0.0,0.0,-0.23436040433613142
0.0,0.0,0.0,-0.22022004828067723
0.0,0.0,0.0,-0.25525931245993627
0.0,0.0,0.0,-0.20091423935666014
0.0,0.0,0.0,-0.08761071607518926
0.0,0.0,0.0,-0.07742156503793098
0.0,0.0,0.0,-0.019857540263158273
0.0,0.0,0.0,-0.026169826463192034
0.0,0.0,0.0,0.01908496112910746
0.0,0.0,0.0,0.06552178760078277
0.0,0.0,0.0,0.0953077882063022
0.08,0.0,0.0,0.17339295239973707
0.14,0.0,0.08,0.2992007252502324
0.39,0.0,0.14,0.407600503373743
0.71,0.0,0.39,0.701914302684175
0.97,0.0,0.71,1.0434988315375553
1.15,0.23042922,0.97,1.3327924020738733
1.3,0.67482233,1.15,1.5839058050661738
1.59,0.9923429,1.3,1.7977461167640127
2.44,1.7847626,1.59,2.0788077200932
2.7,2.4185834,2.44,2.9081485919119983
3.03,3.469328,2.7,3.1949446138723534
3.65,3.7672684,3.03,3.5744231188814144
3.39,4.200502,3.65,4.1725883488546005
3.7700000000000005,4.292822,3.39,3.8963413225767005
4.25,3.9384613,3.7700000000000005,4.208867025452078
4.02,3.942484,4.25,4.681623366404285
3.75,3.787627,4.02,4.544144642876274
4.76,3.602774,3.75,4.315019886492845
4.65,4.033146,4.76,5.1971459414493095
4.28,4.157983,4.65,5.241040406551555
4.56,4.3620534,4.28,4.737839533862643
4.88,4.119605,4.56,5.0394643924507
4.19,4.066741,4.88,5.338426861759126
4.83,3.6594808,4.19,4.735701385264543
4.46,4.01452,4.83,5.10872333638365
4.75,3.8331368,4.46,4.761871182017409
4.28,3.6971395,4.75,5.25038990884617
4.32,3.1162162,4.28,4.6375942706736675
4.84,3.6064203,4.32,4.59644802164273
4.43,3.3132787,4.84,5.0964433486106415
4.24,3.249548,4.43,4.746928438192923
4.44,3.0559554,4.24,4.516474448040565
3.7899999999999996,2.9814496,4.44,4.730636412568605
3.96,2.2088492,3.7899999999999996,4.1647287396373605
3.73,2.0456603,3.96,4.291893765100849
2.77,1.9083575,3.73,4.094474520952975
2.94,1.5132715,2.77,3.1771019972544954
2.76,1.3685563,2.94,3.323917495371095
2.31,1.2340708,2.76,3.1289693352949097
1.83,0.9371937,2.31,2.703169359163877
1.51,0.6695833,1.83,2.185414678735867
1.26,0.49932718,1.51,1.8509793808524782
1.1,0.5038724,1.26,1.523879150588171
0.83,0.37019846,1.1,1.4395484242199619
0.75,0.088784665,0.83,1.0507733842351965
0.4,0.0,0.75,1.0164961132612966
0.13,0.0,0.4,0.7194670879827363
0.06,0.0,0.13,0.4505983311248421
0.0,0.0,0.06,0.3487228312913265
0.0,0.0,0.0,0.17275432465652749
0.0,0.0,0.0,0.23829303492903034
0.0,0.0,0.0,0.13208633571861245
0.0,0.0,0.0,0.1198084040405991
0.0,0.0,0.0,0.17852812387488176
0.0,0.0,0.0,0.189471791287041
0.0,0.0,0.0,0.09341207953183196
0.0,0.0,0.0,0.10858992260113967
0.0,0.0,0.0,0.08558791833532108
0.0,0.0,0.0,0.022935369363270217
0.0,0.0,0.0,0.08045337162566821
0.0,0.0,0.0,-0.06951579864634433
0.0,0.0,0.0,-0.04222671926406879
0.0,0.0,0.0,-0.043074927724060935
0.0,0.0,0.0,-0.11282052772443818
0.0,0.0,0.0,-0.04121973107748658
0.0,0.0,0.0,-0.09599950147285152
0.0,0.0,0.0,-0.10447943670099824
0.0,0.0,0.0,-0.22670355828963618
0.0,0.0,0.0,-0.20714804337642417
0.0,0.0,0.0,-0.21119592996701866
0.0,0.0,0.0,-0.2093232615123588
0.0,0.0,0.0,-0.2424910307531999
0.0,0.0,0.0,-0.2516448852811392
0.0,0.0,0.0,-0.14657188510810493
0.0,0.0,0.0,-0.20795707838756325
0.0,0.0,0.0,-0.2770735449591236
0.0,0.0,0.0,-0.1490700664249689
0.0,0.0,0.0,-0.15089386146369155
0.0,0.0,0.0,-0.1554941476046997
0.0,0.0,0.0,-0.2221213076898606
0.0,0.0,0.0,-0.21805849166995891
0.0,0.0,0.0,-0.1157350757073778
0.0,0.0,0.0,-0.1683514132666702
0.0,0.0,0.0,-0.13986796898222742
0.0,0.0,0.0,-0.03604526203298805
0.0,0.0,0.0,0.034004972553486265
0.0,0.0,0.0,-0.03376721495260429
0.0,0.0,0.0,-0.03397878859773246
0.0,0.0,0.0,0.10682064799861707
0.0,0.0,0.0,0.09515311299869589
0.0,0.0,0.0,0.1828917512891445
0.0,0.0,0.0,0.23501417935870825
0.0,0.0,0.0,0.2553475808998246
0.0,0.0,0.0,0.32109027271053386
0.0,0.0,0.0,0.3303894119861086
0.0,0.0,0.0,0.4014051422524618
0.07,0.0,0.0,0.3783094690029098
0.11,0.0,0.07,0.4540254017240933
0.27,0.0,0.11,0.562354064457665
0.66,0.1074211,0.27,0.7495506134499081
0.81,1.1001034,0.66,1.210236303565602
1.06,1.7227887,0.81,1.4565080064157698
1.2,1.6784267,1.06,1.7481917979646078
2.34,1.599247,1.2,1.9459322108515926
2.83,2.9169586,2.34,3.0977369519172386
3.48,3.867415,2.83,3.6967415509503208
4.5,4.530578,3.48,4.3462760701310845
4.39,5.2142835,4.5,5.4355641761888815
6.66,6.091758,4.39,5.369117610792729
6.54,6.930774,6.66,7.7180879235107795
6.93,7.28792,6.54,7.6159095896180515
6.68,7.8399916,6.93,8.087382862991403
7.05,7.8781905,6.68,7.7930258869644735
7.12,7.873999,7.05,8.059673060036776
7.93,7.575312,7.12,8.119832505155214
8.95,8.025278,7.93,8.946079441000709
9.84,8.5609045,8.95,9.972567391285823
9.21,9.176791,9.84,10.821890226283633
9.41,9.383467,9.21,10.309852095746901
11.53,9.165079,9.41,10.341687132294544
11.87,10.271563,11.53,12.455937522329966
9.95,10.570539,11.87,12.817836145047272
10.03,10.32863,9.95,10.831783436438473
10.87,9.918507,10.03,10.863246808410098
12.33,9.622622,10.87,11.526317762520353
11.62,10.33672,12.33,12.9839788613445
10.62,10.469872,11.62,12.284119804227512
11.29,10.146897,10.62,11.34383459806124
9.84,9.898804,11.29,11.80809444787845
9.54,8.917763,9.84,10.392630163708969
9.07,8.264548,9.54,10.060281953890367
8.07,7.719519,9.07,9.469708014188708
7.98,6.500711,8.07,8.328140769630965
7.17,5.9533753,7.98,8.3093375855784
6.64,5.1226296,7.17,7.4792618252159
6.4,4.470007,6.64,6.931876299188888
5.35,3.8144503,6.4,6.511014559222616
5.08,3.223988,5.35,5.45341703119453
4.04,2.5694678,5.08,5.113391537462352
2.61,1.8583186,4.04,4.078168400241662
1.8999999999999997,0.7842732,2.61,2.6322837072052385
1.18,0.115245104,1.8999999999999997,1.8658310568264818
0.42,0.0,1.18,1.1197868813224143
0.22,0.0,0.42,0.2197534574513485
0.0,0.0,0.22,0.1300766052643218
0.0,0.0,0.0,-0.13121957781687787
0.0,0.0,0.0,-0.059302204345999324
0.0,0.0,0.0,-0.14749588307087322
0.0,0.0,0.0,-0.028527356459330938
0.0,0.0,0.0,-0.03952563617395245
0.0,0.0,0.0,-0.04414820985335313
0.0,0.0,0.0,0.05557886580146415
0.0,0.0,0.0,-0.0052905778549109175
0.0,0.0,0.0,0.08277557933423309
0.0,0.0,0.0,0.0641770242089226
0.0,0.0,0.0,0.10253293889901122
0.0,0.0,0.0,0.04487914101623882
0.0,0.0,0.0,0.003899903480217154
0.0,0.0,0.0,-0.04384559654233108
0.0,0.0,0.0,-0.05856879101366459
0.0,0.0,0.0,0.04927089332627074
0.0,0.0,0.0,0.050094171854711995
0.0,0.0,0.0,-0.013450117858730334
0.0,0.0,0.0,-0.06896560890065136
0.0,0.0,0.0,-0.07237444938646496
0.0,0.0,0.0,-0.027490025782462985
0.0,0.0,0.0,-0.01800917467242917
0.0,0.0,0.0,-0.05890524887272139
0.0,0.0,0.0,0.031335742760024016
0.0,0.0,0.0,-0.055751387250131956
0.0,0.0,0.0,-0.011421790583069878
0.0,0.0,0.0,-0.03430693163204199
0.0,0.0,0.0,0.020356520708590467
0.0,0.0,0.0,0.017049691784858587
0.0,0.0,0.0,0.05927315445291702
0.0,0.0,0.0,-0.006950309686505861
0.0,0.0,0.0,0.0007346272683068922
0.0,0.0,0.0,0.08182430374131358
0.0,0.0,0.0,0.11187566839129967
0.0,0.0,0.0,0.16399310045562318
0.0,0.0,0.0,0.15503826581450164
0.0,0.0,0.0,0.21260761154556607
0.0,0.0,0.0,0.24300875569371838
0.0,0.0,0.0,0.18648192579115047
0.0,0.0,0.0,0.27570097817695455
0.0,0.0,0.0,0.2634539656888237
0.0,0.0,0.0,0.34123055995088647
0.0,0.0,0.0,0.3896844043411658
0.0,0.0,0.0,0.5138580928151538
0.0,0.0,0.0,0.4888208086389058
0.0,0.0,0.0,0.4598458238675493
0.0,0.0,0.0,0.5293634044878976
0.15,0.0,0.0,0.6338097455735782
0.32,0.0,0.15,0.8595047812098902
0.76,0.21829513,0.32,1.0335086076430022
1.54,0.55130774,0.76,1.5007180426951552
2.12,1.863239,1.54,2.291707923552452
3.1,3.0028827,2.12,3.0707077843340667
4.7,3.923619,3.1,4.099677171336825
6.21,4.9928803,4.7,5.697664397525795
7.97,6.9003615,6.21,7.466388113049226
7.959999999999999,8.6290245,7.97,9.259238194889324
9.68,9.535625,7.959999999999999,9.33708076570176
14.9,10.375281,9.68,11.118729850572613
14.72,13.378612,14.9,16.35827293102661
17.93,14.534598,14.72,16.357293594552104
19.6,16.753002,17.93,19.63356364611117
19.42,18.372444,19.6,21.28524736567502
21.7,19.293962,19.42,21.225078611858038
20.14,20.336838,21.7,23.37714827021609
20.51,19.887014,20.14,21.69554511533185
22.28,19.648815,20.51,21.914770486972788
22.11,21.08009,22.28,23.50997280090031
21.43,21.203882,22.11,23.176344482039074
20.6,21.197374,21.43,22.54528190886007
23.73,20.465448,20.6,21.566026271989685
22.21,20.963493,23.73,24.33403010170625
23.57,20.094864,22.21,22.911417540032176
23.7,20.612078,23.57,24.126778145399022
22.06,20.35952,23.7,24.148102692863617
22.11,19.353416,22.06,22.421292460430024
21.02,19.21555,22.11,22.43019529019904
19.11,17.193474,21.02,21.089456583245536
15.19,16.667597,19.11,19.188445642235465
12.89,14.22943,15.19,15.088531863598167
14.55,12.122087,12.89,12.486961071605908
11.24,11.05487,14.55,13.98235297907309
7.64,9.364819,11.24,10.737082847268143
7.630000000000001,7.0834637,7.64,7.008711128088403
6.6,5.870674,7.630000000000001,6.806485651474398
5.19,4.5978355,6.6,5.724535808439393
4.5,3.3116443,5.19,4.447834323824211
3.11,2.544646,4.5,3.753295004373569
2.68,1.5308512,3.11,2.3263351754571993
1.69,0.5059728,2.68,2.1133511584540754
0.87,0.0,1.69,1.128956690801255
0.33,0.0,0.87,0.3974323970019966
0.16,0.0,0.33,-0.07535906953090449
0.0,0.0,0.16,-0.3266439223834121
0.0,0.0,0.0,-0.2662025072050639
0.0,0.0,0.0,-0.2462286162347431
0.0,0.0,0.0,-0.15600900855910815
0.0,0.0,0.0,0.02531927037153811
0.0,0.0,0.0,0.1133412767084038
0.0,0.0,0.0,0.11535574660624465
0.0,0.0,0.0,0.19151620784460804
0.0,0.0,0.0,0.25576844975329704
0.0,0.0,0.0,0.27900546487947686
0.0,0.0,0.0,0.28778067829897236
0.0,0.0,0.0,0.2859572471492523
0.0,0.0,0.0,0.2793435991353023
0.0,0.0,0.0,0.25105260181778993
0.0,0.0,0.0,0.2868152113134704
0.0,0.0,0.0,0.24868249864793177
0.0,0.0,0.0,0.27645160036093464
0.0,0.0,0.0,0.21502854980697306
0.0,0.0,0.0,0.16315231513087253
0.0,0.0,0.0,0.15321750860450348
0.0,0.0,0.0,0.23625756412195734
0.0,0.0,0.0,0.10750275010630563
0.0,0.0,0.0,0.14939562977078247
0.0,0.0,0.0,0.16389579870677431
0.0,0.0,0.0,-0.38528813574867526
0.0,0.0,0.0,-0.46651838577235794
0.0,0.0,0.0,-0.3641751155850097
0.0,0.0,0.0,-0.43455878034266954
0.0,0.0,0.0,-0.36246766359860433
0.0,0.0,0.0,-0.4499993546379304
0.0,0.0,0.0,-0.4117962404523746
0.0,0.0,0.0,-0.43818458218155004
0.0,0.0,0.0,-0.3145545784647655
0.0,0.0,0.0,-0.34009652768241183
0.0,0.0,0.0,-0.24016421215430794
0.0,0.0,0.0,-0.267893828792051
0.0,0.0,0.0,-0.31211766799348534
0.0,0.0,0.0,-0.25792873161516505
0.0,0.0,0.0,-0.15518808469795753
0.0,0.0,0.0,-0.15530701377102343
0.0,0.0,0.0,-0.09610147024689555
0.0,0.0,0.0,-0.0639825632351295
0.0,0.0,0.0,-0.06763042661825439
0.0,0.0,0.0,-0.05958220902981162
0.0,0.0,0.0,-0.011040437474446885
0.0,0.0,0.0,0.04971005525773023
0.0,0.0,0.0,0.14819561982786406
0.0,0.0,0.0,0.21630305305704794
0.07,0.0,0.0,0.2238219153892769
0.13,0.0,0.07,0.30305772393309216
0.36,0.0,0.13,0.39885468634303783
0.74,0.10648568,0.36,0.6721433795339848
0.69,0.6153215,0.74,1.1451428208485122
1.13,1.1943356,0.69,1.163655782134201
1.4,1.347901,1.13,1.6443949693761153
2.52,1.5503408,1.4,1.8671546181933114
2.76,2.9579885,2.52,3.036109509637894
3.31,3.850048,2.76,3.396411380009797
3.53,4.211566,3.31,3.977808102565274
3.67,4.2760525,3.53,4.248893633370226
4.34,5.2255316,3.67,4.3017003463163075
4.9,5.5256186,4.34,4.96597651865338
5.34,6.061535,4.9,5.5785354348469856
5.55,5.8288264,5.34,6.162520418051157
5.75,6.2438617,5.55,6.385704573750946
6.15,6.582694,5.75,6.5711695274893325
7.540000000000001,6.382435,6.15,6.959646654773743
7.1,6.711643,7.540000000000001,8.358408698421007
7.03,7.106642,7.1,7.8489568738022015
6.33,7.22501,7.03,7.834626465025572
6.75,6.910543,6.33,7.088789409206045
7.1,6.9781227,6.75,7.445294800227062
7.15,7.033248,7.1,7.744517596201533
6.96,7.2283583,7.15,7.719001569421728
6.69,7.164134,6.96,7.547856833635224
8.1,6.9200454,6.69,7.237232455855883
8.26,7.1240234,8.1,8.583356030719253
6.9,7.311894,8.26,8.753185860469397
6.5,6.931576,6.9,7.465482408395831
5.66,6.299821,6.5,6.8919626610302975
5.33,5.7627425,5.66,6.0047720109852945
4.21,5.0999556,5.33,5.575728035378099
3.82,4.207412,4.21,4.480319623688965
3.9500000000000006,4.0209713,3.82,3.9065735532470223
2.93,3.5362356,3.9500000000000006,4.0891350459613145
2.88,2.982853,2.93,3.1111757406213574
2.66,2.7973232,2.88,2.959901988967442
2.42,2.5230837,2.66,2.7987825661904226
1.45,1.9139895,2.42,2.5993232010603866
1.12,1.413097,1.45,1.5761756540868088
1.09,1.0610359,1.12,1.2036054634285391
0.69,0.8158889,1.09,1.1890054291334433
0.52,0.34990197,0.69,0.8403639089377137
0.25,0.1259916,0.52,0.6181784840574014
0.1,0.0,0.25,0.3833814127220274
0.06,0.0,0.1,0.27500558271311604
0.0,0.0,0.06,0.1550976652154198
0.0,0.0,0.0,0.07187942794438251
0.0,0.0,0.0,0.13398355616944063
0.0,0.09403721,0.0,0.06047892935618349
0.0,0.0,0.0,0.10284382758539709
0.0,0.14181015,0.0,0.051116422094285505
0.0,0.0,0.0,0.186049243316765
0.0,0.17413983,0.0,0.04405542489470893
0.0,0.0043554325,0.0,0.09481880845530696
0.0,0.0,0.0,0.07749111648740405
0.0,0.08674658,0.0,-0.06858373838126153
0.0,0.0,0.0,0.015668846678112726
0.0,0.0,0.0,0.021601016126808065
0.0,0.0,0.0,0.024818541699670738
0.0,0.0,0.0,-0.12935628765607513
0.0,0.0,0.0,-0.027932466733601377
0.0,0.0,0.0,-0.0706283697016187
0.0,0.0,0.0,-0.08359754825018308
0.0,0.0,0.0,-0.09144509043142061
0.0,0.0,0.0,-0.15126740911857528
0.0,0.0,0.0,-0.25383487297733776
0.0,0.0,0.0,-0.19579039272196605
0.0,0.0,0.0,-0.2661904661266762
0.0,0.0,0.0,-0.24525029278314509
0.0,0.0,0.0,-0.4491065243310337
0.0,0.0,0.0,-0.42021360489630183
0.0,0.0,0.0,-0.37357950850706656
0.0,0.0,0.0,-0.38503289251539563
0.0,0.0,0.0,-0.39769602203545307
0.0,0.0,0.0,-0.3187228156483414
0.0,0.0,0.0,-0.39814239922997813
0.0,0.0,0.0,-0.4197566054029752
0.0,0.0,0.0,-0.40825800155723074
0.0,0.0,0.0,-0.38576038086740194
0.0,0.0,0.0,-0.344075219388221
0.0,0.0,0.0,-0.3525045117936586
0.0,0.0,0.0,-0.2674022769806518
0.0,0.0,0.0,-0.25203777912291603
0.0,0.0,0.0,-0.24411337433251606
0.0,0.0,0.0,-0.17991208994615496
0.0,0.0,0.0,-0.14676350537241006
0.0,0.0,0.0,-0.08457206631702525
0.0,0.0,0.0,-0.04855581983869928
0.0,0.0,0.0,-0.02841126603665145
0.0,0.0,0.0,0.07841826339067537
0.0,0.0,0.0,0.08707042892606309
0.0,0.0,0.0,0.05230062884659416
0.0,0.0,0.0,0.20530701622287653
0.05,0.0,0.0,0.22088394574217268
0.08,0.0,0.05,0.3370111996408048
0.23,0.0,0.08,0.3733671204027338
0.42,0.0,0.23,0.5632363403962191
0.57,0.0,0.42,0.8127225669407229
0.68,0.058736324,0.57,0.9589297285910675
1.03,0.33261558,0.68,1.1105717069251282
1.4,0.33537155,1.03,1.533334929887044
1.75,1.044067,1.4,1.970592925326867
2.6,1.7600799,1.75,2.338735362178129
2.72,2.3268645,2.6,3.246324745224899
2.75,2.5507996,2.72,3.3962932084342254
3.12,3.218711,2.75,3.4519610189166143
3.39,3.5934286,3.12,3.830284199894511
3.25,3.440639,3.39,4.133364454894915
3.7,3.4932187,3.25,3.9621971840678296
4.59,3.8927472,3.7,4.553004516505381
4.57,4.313111,4.59,5.36358462707055
4.55,4.477227,4.57,5.495461941356577
4.95,4.8402224,4.55,5.45175416575682
6.56,5.029143,4.95,5.781777792951168
6.03,5.7077427,6.56,7.4043415611564924
6.31,6.0226173,6.03,6.928764363888037
6.35,6.389749,6.31,7.196656606331453
7.34,6.5264926,6.35,7.201222741666714
7.32,6.636447,7.34,8.128523429824279
7.04,6.692951,7.32,8.125143099849595
6.03,6.7244616,7.04,7.8895972186022085
6.74,6.3643284,6.03,6.873466378441845
6.29,5.980314,6.74,7.461381034573354
5.91,5.647436,6.29,6.992016900077487
5.83,5.295937,5.91,6.542639583606119
4.78,5.0937037,5.83,6.467927472463797
4.54,4.544367,4.78,5.2252077693035694
3.61,4.190557,4.54,5.001225209114536
4.09,3.7158127,3.61,3.9959944243246714
3.06,3.38918,4.09,4.500929568762187
2.78,2.809992,3.06,3.3984499443871523
2.96,2.6572404,2.78,2.9615057058263865
2.52,2.4732811,2.96,3.2182922725742897
2.08,2.037707,2.52,2.7305721645687164
1.32,1.67909,2.08,2.3726086714966748
1.04,1.1800227,1.32,1.585912747662267
0.93,0.9873426,1.04,1.1775926582257448
0.45,0.6079868,0.93,1.0651376600764721
0.18,0.3525131,0.45,0.578493881429968
0.1,0.20658952,0.18,0.27526378467287327
0.0,0.23072426,0.1,0.1515901026270392
0.0,0.065054715,0.0,0.06315295846441353
0.0,0.0,0.0,0.11031068484467274
0.0,0.06187909,0.0,0.1154986310085988
0.0,0.27920163,0.0,0.03829410206861908
0.0,0.047835603,0.0,0.08275728660896188
0.0,0.12404644,0.0,0.05997986822849688
0.0,0.07045858,0.0,0.09410627267024643
0.0,0.22797467,0.0,-0.022622776571105258
0.0,0.16628955,0.0,0.00922718267280475
0.0,0.09715338,0.0,0.023867970349726736
0.0,0.061081916,0.0,-0.02289121176500375
0.0,0.066110834,0.0,-0.05220786464761602
0.0,0.0,0.0,-0.06881278630099699
0.0,0.0,0.0,-0.0058775791161055566
0.0,0.0,0.0,-0.1712650634398087
0.0,0.0,0.0,-0.10497410801692877
0.0,0.0,0.0,-0.14582406138163972
0.0,0.0,0.0,-0.14402673173548555
0.0,0.0,0.0,-0.18023617291873392
0.0,0.0,0.0,-0.22590550829255027
0.0,0.0,0.0,-0.1967244097639117
0.0,0.0,0.0,-0.2046894175206672
0.0,0.0,0.0,-0.166470862169614
0.0,0.0,0.0,-0.19834122047708888
0.0,0.0,0.0,-0.19712004459521448
0.0,0.0,0.0,-0.27140397278566214
0.0,0.0,0.0,-0.3116369167413125
0.0,0.0,0.0,-0.26263177046940805
0.0,0.0,0.0,-0.2833932141615278
0.0,0.0,0.0,-0.21191634789985148
0.0,0.0,0.0,-0.21606354886203027
0.0,0.0,0.0,-0.22614672712662792
0.0,0.0,0.0,-0.27468931294849186
0.0,0.0,0.0,-0.1865781962604623
0.0,0.0,0.0,-0.21835479729425822
0.0,0.0,0.0,-0.1002495408171853
0.0,0.0,0.0,-0.10339594090608924
0.0,0.0,0.0,0.009303869921871433
0.0,0.0,0.0,-0.13242415567822824
0.0,0.0,0.0,-0.04601088035579855
0.0,0.0,0.0,0.04540481799079191
0.0,0.0,0.0,0.08372212107416402
0.0,0.0,0.0,0.1273042648508086
0.0,0.0,0.0,0.19312781648494565
0.0,0.0,0.0,0.24980073180620896
0.0,0.0,0.0,0.23336923463366172
0.0,0.0,0.0,0.3106591151329026
0.0,0.0,0.0,0.3542749482196356
0.09,0.0,0.0,0.32002107026942417
0.17,0.0,0.09,0.49609848946715585
0.47,0.0,0.17,0.5888415835908689
0.96,0.07941504,0.47,0.9712448270336922
1.17,1.295062,0.96,1.4635924399731515
1.59,2.017493,1.17,1.805417543006687
2.74,2.5000381,1.59,2.195102179246126
3.7,3.6052973,2.74,3.463735519870123
3.9699999999999998,5.291394,3.7,4.390157333722094
5.18,6.5737057,3.9699999999999998,4.800068204958036
6.87,7.456001,5.18,5.982141114567136
6.43,8.290926,6.87,7.652577256372223
7.510000000000001,9.353717,6.43,7.289659969046195
8.06,9.287313,7.510000000000001,8.431810730207028
7.39,9.658779,8.06,8.77886517035633
7.98,9.042996,7.39,8.252740911280075
8.39,9.14741,7.98,8.732765002500777
9.36,9.628928,8.39,9.015573682240225
10.83,9.891482,9.36,10.14662776261834
9.78,10.78631,10.83,11.482685595652804
10.04,11.433384,9.78,10.492442927792826
10.59,11.2197485,10.04,10.778184350102656
10.61,11.433285,10.59,11.230571935301354
11.16,10.99439,10.61,11.176014758340294
12.58,11.170953,11.16,11.641053441624683
11.16,12.056334,12.58,12.992485625365703
11.4,11.524311,11.16,11.645986659726518
12.52,11.602517,11.4,11.863133978303344
10.72,11.341462,12.52,12.931876486931507
12.27,10.949203,10.72,11.039646512194217
11.1,11.284665,12.27,12.513952125338063
10.24,10.592558,11.1,11.315854821041897
8.35,10.05627,10.24,10.45222582784222
8.83,8.689751,8.35,8.483999487766635
8.24,8.420019,8.83,8.764309916685573
7.900000000000001,7.728327,8.24,8.232149736823983
6.25,7.194448,7.900000000000001,7.892660532623052
5.18,6.079923,6.25,6.203746244232191
5.88,4.878219,5.18,5.185916537374614
4.9,4.470861,5.88,5.747296018728982
3.62,3.943192,4.9,4.824721233712984
3.66,3.13916,3.62,3.617275716153806
2.74,2.7292821,3.66,3.498777614366859
2.53,1.9438837,2.74,2.68287254776764
1.03,1.3272111,2.53,2.507931988821941
0.47,0.3248499,1.03,0.9919398247041927
0.21,0.0,0.47,0.466221075078449
0.0,0.0,0.21,0.12113804342031798
0.0,0.0,0.0,-0.07883546222761564
0.0,0.0,0.0,-0.029787702027233784
0.0,0.0,0.0,-0.0583833578059742
0.0,0.0,0.0,0.0014396449364517325
0.0,0.0,0.0,0.06447195433683772
0.0,0.0,0.0,0.10156513358924799
0.0,0.0,0.0,0.0921848754219972
0.0,0.0,0.0,0.0567469280625996
0.0,0.0,0.0,0.07924709799981142
0.0,0.0,0.0,0.11247300120182505
0.0,0.0,0.0,0.15053301107293152
0.0,0.0,0.0,0.07420395977155828
0.0,0.0,0.0,0.12505805209931992
0.0,0.0,0.0,0.01658472141659456
0.0,0.0,0.0,0.05565462177450464
0.0,0.0,0.0,0.09208116481151246
0.0,0.0,0.0,0.0770904238816339
0.0,0.0,0.0,-0.049527449387557695
0.0,0.0,0.0,0.04107074797766383
0.0,0.0,0.0,-0.06692473117991156
0.0,0.0,0.0,-0.029064972274975703
0.0,0.0,0.0,-0.08000001979459923
0.0,0.0,0.0,-0.03821315175354709
0.0,0.0,0.0,-0.17385974553759592
0.0,0.0,0.0,-0.42117470736134455
0.0,0.0,0.0,-0.41843760673243885
0.0,0.0,0.0,-0.44848314631141417
0.0,0.0,0.0,-0.4142608894243838
0.0,0.0,0.0,-0.3828165835079671
0.0,0.0,0.0,-0.39238616783019714
0.0,0.0,0.0,-0.37423358558759173
0.0,0.0,0.0,-0.4011783929638816
0.0,0.0,0.0,-0.3446753848932259
0.0,0.0,0.0,-0.4064340524914295
0.0,0.0,0.0,-0.36662270437561695
0.0,0.0,0.0,-0.3483821293551106
0.0,0.0,0.0,-0.275660993227139
0.0,0.0,0.0,-0.3106938017205418
0.0,0.0,0.0,-0.27493241605200003
0.0,0.0,0.0,-0.2268839488149988
0.0,0.0,0.0,-0.2362253945489544
0.0,0.0,0.0,-0.15725305385165922
0.0,0.0,0.0,-0.10557780831828407
0.0,0.0,0.0,-0.14422318845979692
0.0,0.0,0.0,-0.059848481051077845
0.0,0.0,0.0,0.04295348888761333
0.0,0.0,0.0,0.09877214859062337
0.0,0.0,0.0,0.1450775845201345
0.07,0.0,0.0,0.25109439942304423
0.16,0.0,0.07,0.281265479741124
0.35,0.0,0.16,0.400951724373147
0.83,0.0,0.35,0.6512179243648304
0.81,0.0,0.83,1.161666784872939
1.22,0.4374419,0.81,1.157160115854841
1.5,0.98463154,1.22,1.6450711617433358
2.44,1.4081247,1.5,1.8972424880457548
2.79,2.583273,2.44,2.8183834686115237
3.25,3.5615997,2.79,3.26574238584245
3.06,4.2022824,3.25,3.668914148761564
3.81,4.3357983,3.06,3.3991132505289685
4.22,4.827085,3.81,4.191607990989442
3.99,4.6267614,4.22,4.548846104410277
3.7899999999999996,4.0699573,3.99,4.355338285042177
4.33,3.7385554,3.7899999999999996,4.140176320816071
3.7800000000000002,3.0905268,4.33,4.711922991077217
4.05,2.8745465,3.7800000000000002,4.205020323173632
4.46,3.22769,4.05,4.464662293034306
3.2,3.4143448,4.46,4.795025370375442
2.91,2.6301527,3.2,3.5020366978392445
3.01,2.1808212,2.91,3.182135339767902
2.38,1.659871,3.01,3.2689322835635233
2.51,1.0706776,2.38,2.5597338197263437
2.76,0.4375115,2.51,2.7227630544196235
2.49,0.844071,2.76,2.959769913192347
2.18,0.6487127,2.49,2.6693735908766993
1.58,0.19440447,2.18,2.5563301074416507
1.38,0.0,1.58,1.9276412231865925
1.25,0.0,1.38,1.6711318736604566
0.94,0.0,1.25,1.4683367225074409
0.77,0.0,0.94,1.1522766562175912
0.42,0.0,0.77,1.0833414341429284
0.14,0.0,0.42,0.7143126530999369
0.09,0.0,0.14,0.3567954315623766
0.0,0.0,0.09,0.41272874437134627
0.0,0.0,0.0,0.1787785351579146
0.0,0.0,0.0,0.15707958218920065
0.0,0.0,0.0,0.1863732984386876
0.0,0.0,0.0,0.11560383503872254
0.0,0.0,0.0,0.19421444003940663
0.0,0.0,0.0,0.17566483280003675
0.0,0.0,0.0,0.14717629021786874
0.0,0.0,0.0,0.02951779461428529
0.0,0.0,0.0,0.015789045302618127
0.0,0.0,0.0,0.031956829488864955
0.0,0.0,0.0,-0.032162888066110326
0.0,0.0,0.0,-0.008170540699800333
0.0,0.0,0.0,-0.022977688559110143
0.0,0.0,0.0,-0.08003853955368789
0.0,0.0,0.0,-0.12840227336716448
0.0,0.0,0.0,-0.18833024369607104
0.0,0.0,0.0,-0.15691987874415322
0.0,0.0,0.0,-0.10185044190678186
0.0,0.0,0.0,-0.2241987726043284
0.0,0.0,0.0,-0.26830073037600166
0.0,0.0,0.0,-0.24900031462750244
0.0,0.0,0.0,-0.24251803612506798
0.0,0.0,0.0,-0.2715474209482318
0.0,0.0,0.0,-0.2844143960049973
0.0,0.0,0.0,-0.2279651579908358
0.0,0.0,0.0,-0.19951326876030623
0.0,0.0,0.0,-0.14769209062222108
0.0,0.0,0.0,-0.22256186023196067
0.0,0.0,0.0,-0.20835187950441542
0.0,0.0,0.0,-0.15236451608547646
0.0,0.0,0.0,-0.10761616034508883
0.0,0.0,0.0,-0.1797137313494153
0.0,0.0,0.0,-0.08478380610749403
0.0,0.0,0.0,-0.060314334258862734
0.0,0.0,0.0,-0.15052880968198262
0.0,0.0,0.0,-0.05834673941032702
0.0,0.0,0.0,0.00825540895992384
0.0,0.0,0.0,0.015851412075786157
0.0,0.0,0.0,0.09762076180009592
0.0,0.0,0.0,0.1021123505067077
0.0,0.0,0.0,0.09843354311410302
0.0,0.0,0.0,0.19171410315007245
0.0,0.0,0.0,0.16398663509253567
0.0,0.0,0.0,0.1588241505762399
0.0,0.0,0.0,0.3475893263404276
0.0,0.0,0.0,0.27408410907415015
0.0,0.0,0.0,0.33309488476048427
0.0,0.0,0.0,0.3199949005762811
0.12,0.0,0.0,0.4846260950301444
0.3,0.0,0.12,0.621181851290299
0.67,0.0,0.3,0.8941253955083003
1.29,0.50309277,0.67,1.2206745418746991
1.48,2.0679433,1.29,1.9086190826897944
2.94,3.2046816,1.48,2.168137107011899
4.15,4.450492,2.94,3.607480492802854
4.75,5.7237015,4.15,4.885274685562471
7.890000000000001,7.607754,4.75,5.558257229251755
7.579999999999999,9.406984,7.890000000000001,8.781107081166319
7.86,10.648034,7.579999999999999,8.545400707522953
12.49,11.051363,7.86,8.857582960320274
12.63,12.711327,12.49,13.372878994887952
12.86,13.899716,12.63,13.666202150738457
14.71,14.973415,12.86,14.04988710694264
15.19,15.400711,14.71,15.633347067482198
14.85,15.725134,15.19,16.244729743536887
18.0,16.05791,14.85,15.873433628716803
17.21,17.75241,18.0,18.813529354712312
17.69,17.398874,17.21,18.167615732649637
17.5,17.384972,17.69,18.58858618071665
17.45,18.278883,17.5,18.087128205704186
19.28,18.417126,17.45,18.059761872300683
18.5,17.959225,19.28,19.83615493464101
16.95,17.851965,18.5,18.82452177828266
16.81,17.104328,16.95,17.367025864724187
17.0,16.595577,16.81,17.009676766683178
17.47,15.653145,17.0,17.005000488963063
17.55,15.768755,17.47,17.508854499669148
13.32,15.1580715,17.55,17.432663006971158
14.83,13.330999,13.32,13.18578304260483
12.25,12.910538,14.83,14.643608682846319
10.77,11.277598,12.25,11.908849392712773
9.89,10.011531,10.77,10.344286437462282
7.62,8.886327,9.89,9.31723453612638
6.17,7.268328,7.62,7.043534291187736
5.24,5.160242,6.17,5.6933199190047805
5.8,4.057009,5.24,4.543650409437867
4.13,3.6223276,5.8,5.135433084090004
3.14,2.5777023,4.13,3.5928280074348242
1.75,1.6626487,3.14,2.629752534866918
0.59,0.5491027,1.75,1.2651000861195176
0.33,0.0,0.59,0.21111701072976718
0.0,0.0,0.33,-0.14451370374198108
0.0,0.0,0.0,-0.437703956516438
0.0,0.0,0.0,-0.30818995344274563
0.0,0.0,0.0,-0.34566466193474943
0.0,0.0,0.0,-0.1820131185644351
0.0,0.0,0.0,-0.033826253013026775
0.0,0.0,0.0,-0.10034251935171795
0.0,0.0,0.0,-0.008623508318917374
0.0,0.0,0.0,0.08496431766836995
0.0,0.0,0.0,0.10338143456630475
0.0,0.0,0.0,0.15236291951147482
0.0,0.0,0.0,0.10729182067198831
0.0,0.0,0.0,0.0474435691777236
0.0,0.0,0.0,0.21411333004507171
0.0,0.0,0.0,0.07364616298694018
0.0,0.0,0.0,0.09126631481433507
0.0,0.0,0.0,0.11489105083107617
0.0,0.0,0.0,0.12712362899698132
0.0,0.0,0.0,0.12240782733283773
0.0,0.0,0.0,0.08322752480618562
0.0,0.0,0.0,-0.006366259490872828
0.0,0.0,0.0,0.05910937506358377
0.0,0.0,0.0,-0.03583571508197783
0.0,0.0,0.0,-0.06606919768729125
0.0,0.0,0.0,0.009907532293675983
0.0,0.0,0.0,0.001328533719178876
0.0,0.0,0.0,-0.13568397150912848
0.0,0.0,0.0,-0.024104175395723848
0.0,0.0,0.0,-0.01762841693051201
0.0,0.0,0.0,-0.04507018158812458
0.0,0.0,0.0,-0.11507860707153657
0.0,0.0,0.0,-0.056837552633466695
0.0,0.0,0.0,0.026511097006041984
0.0,0.0,0.0,-0.015885718958636233
0.0,0.0,0.0,0.07165434446019324
0.0,0.0,0.0,0.028263105756692816
0.0,0.0,0.0,0.004302057046103522
0.0,0.0,0.0,0.09972919052811324
0.0,0.0,0.0,0.2074449008339776
0.0,0.0,0.0,0.18627076898717193
0.0,0.0,0.0,0.2095392846955435
0.0,0.0,0.0,0.20967468546930354
0.0,0.0,0.0,0.31618070081585176
0.0,0.0,0.0,0.3024505266866506
0.0,0.0,0.0,0.32041198195044784
0.0,0.0,0.0,0.3959245043921594
0.0,0.0,0.0,0.45433171894035607
0.0,0.0,0.0,0.3963370932240806
0.0,0.0,0.0,0.4601203305132327
0.32,0.0,0.0,0.5533491350973282
0.67,0.21917087,0.32,0.8997171789402127
1.71,0.80559397,0.67,1.3452628784116543
3.39,1.9628942,1.71,2.382528237972701
4.14,4.431246,3.39,4.221011924620329
5.79,6.382885,4.14,5.152137484204259
7.93,8.097363,5.79,6.747908354097544
10.99,10.006319,7.93,8.951787491294777
10.76,12.51322,10.99,12.1902491080206
11.49,13.545088,10.76,12.154105155340853
14.14,14.2973,11.49,12.81700511337932
14.93,15.767178,14.14,15.20268111248532
14.79,16.437181,14.93,16.09048550546646
18.01,17.07535,14.79,15.937711867273665
20.62,18.934286,18.01,19.01395872426125
20.59,19.636173,20.62,21.749123693447594
22.25,20.069063,20.59,21.885797634365296
17.96,21.21981,22.25,23.288498587282906
21.33,19.880547,17.96,19.01219364003807
21.4,21.083368,21.33,22.092213532001512
20.51,20.912987,21.4,21.957026579097388
19.92,21.038576,20.51,21.052667474323627
23.7,20.932167,19.92,20.35377814380294
21.5,21.670168,23.7,23.900784180184846
21.65,20.74056,21.5,21.88262095151285
21.48,20.443787,21.65,21.948027706953127
18.3,20.249456,21.48,21.56343827744301
19.61,18.80933,18.3,18.190866341858033
19.48,17.673029,19.61,19.453160878684844
18.81,17.281166,19.48,18.913694035825827
16.05,16.885124,18.81,18.542217787157124
13.85,14.789638,16.05,15.717866826343538
13.24,13.1748905,13.85,13.311463866665045
14.86,11.511313,13.24,12.640797903365693
11.82,11.480485,14.86,14.154342646525485
11.36,9.877104,11.82,11.149477141583994
8.32,8.894961,11.36,10.802301994960368
8.09,6.823431,8.32,7.661736466106994
6.36,5.912054,8.09,7.48005601456332
4.47,4.378834,6.36,5.69425188064987
2.16,2.792672,4.47,3.832533859761156
0.87,1.2836716,2.16,1.4788477019051083
0.47,0.0,0.87,0.09675132665310338
0.0,0.0,0.47,-0.18815088378031752
0.0,0.0,0.0,-0.5767551255234171
0.0,0.0,0.0,-0.47154241670246094
0.0,0.0,0.0,-0.521800536028305
0.0,0.0,0.0,-0.3768618072460379
0.0,0.0,0.0,-0.2866705775928453
0.0,0.0,0.0,-0.1986996081690047
0.0,0.0,0.0,-0.0826171586251271
0.0,0.0,0.0,-0.09196162613916321
0.0,0.0,0.0,0.06563263056899182
0.0,0.0,0.0,0.06451146634371595
0.0,0.0,0.0,0.17789849333348276
0.0,0.0,0.0,0.12337635836004814
0.0,0.0,0.0,0.14891162915766165
0.0,0.0,0.0,0.17563372793026136
0.0,0.0,0.0,0.188064935774367
0.0,0.0,0.0,0.23175551566940775
0.0,0.0,0.0,0.2570886109040974
0.0,0.0,0.0,0.21100734568648405
0.0,0.0,0.0,0.192211861243275
0.0,0.0,0.0,0.19077250898012407
0.0,0.0,0.0,0.19621285676933428
0.0,0.0,0.0,0.15741260194437043
0.0,0.0,0.0,0.13757840380305247
0.0,0.0,0.0,0.15218171004314696
0.0,0.0,0.0,0.05290108197392292
0.0,0.0,0.0,0.07436602070587127
0.0,0.0,0.0,-0.02766986442948989
0.0,0.0,0.0,0.05357391692245153
0.0,0.0,0.0,0.016773833780766925
0.0,0.0,0.0,-0.011073843780537128
0.0,0.0,0.0,0.10972620463621946
0.0,0.0,0.0,0.0819469839149535
0.0,0.0,0.0,0.14476490592817187
0.0,0.0,0.0,0.13011582636793084
0.0,0.0,0.0,0.22628440523553447
0.0,0.0,0.0,0.23602903270037778
0.0,0.0,0.0,0.2829468992766241
0.0,0.0,0.0,0.20999514530973248
0.0,0.0,0.0,0.25623689325524485
0.0,0.0,0.0,0.3726863555324939
0.0,0.0,0.0,0.33295645064218793
0.0,0.0,0.0,0.3823750556317069
0.0,0.0,0.0,0.3768854410830433
0.0,0.0,0.0,0.43107085751932417
0.0,0.0,0.0,0.4413022045275541
0.0,0.0,0.0,0.5234959201060225
0.0,0.0,0.0,0.6714543051876396
0.0,0.0,0.0,0.5919799215219814
0.29,0.0,0.0,0.7549824400562379
0.61,0.0,0.29,0.9963434391886336
1.57,0.5770553,0.61,1.436351649074946
2.96,1.6003606,1.57,2.4152640003885697
3.7999999999999994,3.624419,2.96,3.862304316748655
5.64,5.2631235,3.7999999999999994,4.790936550749585
7.09,7.098402,5.64,6.764552395017169
8.8,8.594588,7.09,8.306161111560616
10.64,11.082225,8.8,10.096269340866584
11.51,12.390968,10.64,11.973268873925319
13.67,13.471806,11.51,12.84966779748258
14.98,14.806887,13.67,15.10466850943268
16.73,16.033993,14.98,16.360001076795708
15.42,17.543873,16.73,18.10059052102512
18.73,16.978552,15.42,16.848021487232824
17.08,18.309185,18.73,20.01811696014461
21.02,18.152374,17.08,18.34790938633743
21.05,19.382196,21.02,22.230445809681456
19.54,20.811985,21.05,22.210737498439165
20.52,19.906113,19.54,20.731989472168888
19.99,20.436378,20.52,21.58198850836246
18.6,20.218332,19.99,20.796177852438923
18.83,20.208153,18.6,19.448517764378195
22.67,19.971758,18.83,19.256565965062865
20.06,20.942074,22.67,22.930135415547547
19.03,20.015135,20.06,20.54345444063529
22.99,19.865368,19.03,19.527413420261826
22.21,20.12312,22.99,23.150258593389175
22.41,20.001184,22.21,22.49006860598103
21.53,19.936506,22.41,22.677887284610758
20.88,19.560547,21.53,21.641858970622184
20.89,19.14389,20.88,21.020834739892706
19.3,17.60705,20.89,21.007823163798022
16.69,17.167992,19.3,19.195616945589666
14.89,15.363473,16.69,16.55054408616378
16.43,13.603247,14.89,14.730175886477252
12.83,12.775775,16.43,15.864567352254282
12.54,10.803768,12.83,12.47949730704471
13.23,9.856613,12.54,12.184118439491439
10.53,9.6637945,13.23,12.64226220486446
7.95,7.842663,10.53,10.12403405486462
7.750000000000001,5.9697204,7.95,7.476033623763749
4.75,5.230705,7.750000000000001,7.208281220755488
4.28,3.3269424,4.75,4.249363468817055
2.22,1.9843917,4.28,3.710988731109224
0.9,0.6410483,2.22,1.5390970004096516
0.41,0.0,0.9,0.30152787078289167
0.0,0.0,0.41,-0.0852250248322367
0.0,0.0,0.0,-0.6169203446638449
0.0,0.0,0.0,-0.3745571575746499
0.0,0.0,0.0,-0.43154499652365574
0.0,0.0,0.0,-0.26628078363585606
0.0,0.0,0.0,-0.1531556077480467
0.0,0.0,0.0,-0.026586479294561233
0.0,0.0,0.0,-0.0299381095132778
0.0,0.0,0.0,0.11360167660417093
0.0,0.0,0.0,0.08977417185588907
0.0,0.0,0.0,0.2722615088075857
0.0,0.0,0.0,0.21653416929871266
0.0,0.0,0.0,0.28779147434371005
0.0,0.0,0.0,0.30345586001654273
0.0,0.0,0.0,0.32147210903150897
0.0,0.0,0.0,0.3716902917080246
0.0,0.0,0.0,0.3173656970729969
0.0,0.0,0.0,0.2678030830036739
0.0,0.0,0.0,0.2861972263924063
0.0,0.0,0.0,0.368960502149269
0.0,0.0,0.0,0.29046958099724807
0.0,0.0,0.0,0.3529182105589733
0.0,0.0,0.0,0.34266768772471434
0.0,0.0,0.0,0.22709039450810814
0.0,0.0,0.0,0.20399742367364193
0.0,0.0,0.0,0.023401169516028067
0.0,0.0,0.0,0.1180593433639996
0.0,0.0,0.0,0.0699350075082111
0.0,0.0,0.0,0.006550014386769928
0.0,0.0,0.0,0.10996517742446893
0.0,0.0,0.0,0.08261557611663202
0.0,0.0,0.0,0.1487788917226755
0.0,0.0,0.0,0.0884139531504307
0.0,0.0,0.0,0.10620704355688883
0.0,0.0,0.0,0.1415897113698112
0.0,0.0,0.0,0.15511812939208885
0.0,0.0,0.0,0.10330699797121062
0.0,0.0,0.0,0.1691731635331785
0.0,0.0,0.0,0.1795184691971531
0.0,0.0,0.0,0.23297802652079355
0.0,0.0,0.0,0.2903004450643379
0.0,0.0,0.0,0.36536398847410884
0.0,0.0,0.0,0.42759677086352593
0.0,0.0,0.0,0.4201817492299418
0.0,0.0,0.0,0.42716113256493893
0.0,0.0,0.0,0.44174764611194767
0.0,0.0,0.0,0.5118475769510099
0.0,0.0,0.0,0.5921822506088726
0.0,0.0,0.0,0.564939150009564
0.29,0.0,0.0,0.649910738670717
0.66,0.35751307,0.29,1.095826603671861
1.51,0.9334785,0.66,1.5126238850381615
3.22,1.9013133,1.51,2.2969763594065555
3.36,3.8772883,3.22,4.148317626196473
5.57,5.478284,3.36,4.481267306046701
7.43,7.1029644,5.57,6.804568882934847
10.32,8.630176,7.43,8.662749392402645
9.66,11.408689,10.32,11.786093586411754
13.6,12.629015,9.66,11.154615133037973
14.56,14.51974,13.6,15.047038566464014
15.130000000000003,15.938478,14.56,16.176423380047307
17.94,17.074244,15.130000000000003,16.804369036985168
17.28,18.622696,17.94,19.524298940168492
18.51,18.924515,17.28,18.877113212813097
19.95,19.53041,18.51,20.16789206016999
18.28,20.366854,19.95,21.376105329516445
21.0,19.92274,18.28,19.75048802621125
20.13,20.859167,21.0,22.34894714406847
21.92,20.785444,20.13,21.33743866331185
22.62,21.68567,21.92,23.093845311326657
22.6,21.92028,22.62,23.727395820018728
19.32,21.755356,22.6,23.586922576670638
19.35,20.932682,19.32,20.272946861655036
23.49,19.676817,19.35,19.986975902576187
22.66,20.880146,23.49,23.992632975515285
21.28,20.494705,22.66,23.138921317366087
21.92,20.497532,21.28,21.831760076849452
20.37,20.351994,21.92,22.275541099005647
22.37,19.06179,20.37,20.649960603294012
17.96,19.1687,22.37,22.57705624784835
19.44,16.854797,17.96,18.13346554019504
17.36,16.381203,19.44,19.412507853992068
16.31,14.807086,17.36,17.20282869882115
13.72,14.082077,16.31,16.236354985254803
14.27,11.609318,13.72,13.562083128190249
11.79,11.139205,14.27,14.000719220378437
11.53,9.182741,11.79,11.431051306322937
10.22,8.387354,11.53,11.110650616040898
7.890000000000001,6.9375277,10.22,9.729403610970733
6.56,5.4759307,7.890000000000001,7.375061473803655
5.66,4.0939374,6.56,6.079442734334757
3.59,3.3340967,5.66,5.043703595279196
2.17,1.6670171,3.59,3.0297827653209044
0.84,0.77403814,2.17,1.6593825221549852
0.44,0.0,0.84,0.2505688112839216
0.0,0.0,0.44,-0.14251188091225747
0.0,0.0,0.0,-0.40421878732070343
0.0,0.0,0.0,-0.5005012027665474
0.0,0.0,0.0,-0.28684420436992863
0.0,0.0,0.0,-0.11877718931412769
0.0,0.0,0.0,-0.07565756966832898
0.0,0.0,0.0,-0.053024330421977545
0.0,0.0,0.0,0.0695564797909751
0.0,0.0,0.0,0.08421925545806935
0.0,0.0,0.0,0.24540524790678547
0.0,0.0,0.0,0.21566086452055377
0.0,0.0,0.0,0.3260654350920494
0.0,0.0,0.0,0.2893113611397712
0.0,0.0,0.0,0.32937360699996815
0.0,0.0,0.0,0.3033742627102215
0.0,0.0,0.0,0.29880538952047375
0.0,0.0,0.0,0.2957738238953558
0.0,0.0,0.0,0.2964687539214949
0.0,0.0,0.0,0.3149428831689664
0.0,0.0,0.0,0.2757088051087187
0.0,0.0,0.0,0.3290795783827361
0.0,0.0,0.0,0.2832126050011407
0.0,0.0,0.0,0.302590704394654
0.0,0.0,0.0,0.28946746150465286
0.0,0.0,0.0,0.18543527923694664
0.0,0.0,0.0,0.028140885626882287
0.0,0.0,0.0,0.043359623241046585
0.0,0.0,0.0,0.01944582467087768
0.0,0.0,0.0,0.029237408024274346
0.0,0.0,0.0,-0.008999259808261523
0.0,0.0,0.0,-0.0037355750034325647
0.0,0.0,0.0,0.01442661995906501
0.0,0.0,0.0,0.010021855162438073
0.0,0.0,0.0,0.0542507869639805
0.0,0.0,0.0,0.1506391306319851
0.0,0.0,0.0,0.17217854895254342
0.0,0.0,0.0,0.07822391421157329
0.0,0.0,0.0,0.2489315157742136
0.0,0.0,0.0,0.27568647924939216
0.0,0.0,0.0,0.3004710781346919
0.0,0.0,0.0,0.2447157647861262
0.0,0.0,0.0,0.2561062182276593
0.0,0.0,0.0,0.36712007445283584
0.0,0.0,0.0,0.3699342230052928
0.0,0.0,0.0,0.5067266513456418
0.0,0.0,0.0,0.5307042853629758
0.0,0.0,0.0,0.46762310934723705
0.0,0.0,0.0,0.6042835594222324
0.0,0.0,0.0,0.6234080867009593
0.0,0.0,0.0,0.612934042165741
0.33,0.09551846,0.0,0.7781550296167445
0.56,0.6651873,0.33,1.0657620679409077
1.66,1.2762799,0.56,1.3850764649017204
2.74,2.972385,1.66,2.5504457503352165
4.46,4.4641,2.74,3.729637976176065
6.46,5.9576716,4.46,5.487779967228279
8.07,7.8683476,6.46,7.543635044536977
10.1,10.291616,8.07,9.33014588234287
11.25,12.270277,10.1,11.421346599264885
15.09,13.389843,11.25,12.682283862248955
15.890000000000002,15.017231,15.09,16.507143882289824
15.33,16.72847,15.890000000000002,17.477128144670406
17.07,17.588211,15.33,16.853443610033036
18.45,18.519596,17.07,18.51687842827621
15.91,19.015186,18.45,19.712691972444464
20.4,18.987143,15.91,17.26913064398199
20.45,20.300745,20.4,21.55430996479874
16.73,20.74758,20.45,21.525974094996844
20.24,19.946474,16.73,17.88190741160194
19.11,20.493607,20.24,20.990622702346332
18.86,20.514385,19.11,19.73044256069056
18.91,20.125101,18.86,19.579980895831362
19.96,20.078262,18.91,19.31151278529786
18.28,19.953312,19.96,20.17942372920458
19.91,18.774347,18.28,18.643843189828438
20.59,19.142246,19.91,19.980138769720973
18.29,19.681095,20.59,20.66501830858152
18.97,18.1707,18.29,18.47978435804777
21.29,18.194862,18.97,18.93130009795843
20.88,18.432339,21.29,21.043356302803563
18.72,18.215551,20.88,20.928180412348848
17.88,16.780613,18.72,18.789359224125562
14.36,16.075537,17.88,17.867155033971397
12.65,13.732897,14.36,14.310513980705347
12.89,11.819729,12.65,12.446588502322522
9.22,10.486514,12.89,12.423490545724512
8.08,8.462906,9.22,8.873764758898531
7.04,7.035001,8.08,7.721266834050697
5.43,5.811232,7.04,6.527706325333362
5.38,4.095193,5.43,4.93430848360976
3.7800000000000002,3.391372,5.38,4.98764377059015
3.39,2.5199575,3.7800000000000002,3.2914572652692797
2.54,1.781101,3.39,2.848047384644694
1.24,0.9155792,2.54,2.2290426345973833
0.48,0.05089645,1.24,0.8273241532228143
0.26,0.0,0.48,0.1915251622127248
0.0,0.0,0.26,-0.05155426364809673
0.0,0.0,0.0,-0.1968478670058714
0.0,0.0,0.0,-0.05870788670659245
0.0,0.0,0.0,-0.07011214573571178
0.0,0.0,0.0,0.06450926047920666
0.0,0.0,0.0,0.1246341236894398
0.0,0.0,0.0,0.1770517960779172
0.0,0.0,0.0,0.17784893280812558
0.0,0.0,0.0,0.2775201466610234
0.0,0.0,0.0,0.2424292520593755
0.0,0.0,0.0,0.27108199553020346
0.0,0.0,0.0,0.35047609882436437
0.0,0.0,0.0,0.31356064865693356
0.0,0.0,0.0,0.3746222241157629
0.0,0.0,0.0,0.30907885036760013
0.0,0.0,0.0,0.24779972931727096
0.0,0.0,0.0,0.22866119623188802
0.0,0.0,0.0,0.3103068224490427
0.0,0.0,0.0,0.31749991474698747
0.0,0.0,0.0,0.24682232439989538
0.0,0.0,0.0,0.2816538017380004
0.0,0.0,0.0,0.21423745623493806
0.0,0.0,0.0,0.2329373485358124
0.0,0.0,0.0,0.24662407981459306
0.0,0.0,0.0,0.2459608456058417
0.0,0.0,0.0,-0.3912306729615945
0.0,0.0,0.0,-0.2578402331955912
0.0,0.0,0.0,-0.3613614519785569
0.0,0.0,0.0,-0.403181755878815
0.0,0.0,0.0,-0.34214003388994774
0.0,0.0,0.0,-0.307953763828714
0.0,0.0,0.0,-0.37573275289018115
0.0,0.0,0.0,-0.3079318731763378
0.0,0.0,0.0,-0.2388370949354126
0.0,0.0,0.0,-0.2588567594010256
0.0,0.0,0.0,-0.22703965830566775
0.0,0.0,0.0,-0.2838444466647232
0.0,0.0,0.0,-0.17270907149112036
0.0,0.0,0.0,-0.19982710321390007
0.0,0.0,0.0,-0.13519618139749515
0.0,0.0,0.0,-0.1199957000796445
0.0,0.0,0.0,-0.03959596349893499
0.0,0.0,0.0,-0.009032988015844519
0.0,0.0,0.0,-0.023963974087295586
0.0,0.0,0.0,0.10287410684590018
0.0,0.0,0.0,0.18056485176659126
0.0,0.0,0.0,0.16192276901687447
0.0,0.0,0.0,0.21606626682008806
0.0,0.0,0.0,0.2601309053019447
0.0,0.0,0.0,0.31228738895409025
0.06,0.0,0.0,0.29967840033555565
0.13,0.0,0.06,0.4587352624633822
0.27,0.0,0.13,0.49836981564446176
0.62,0.0,0.27,0.6669592406665533
1.04,0.52971125,0.62,1.1604418370810197
1.8999999999999997,0.88864136,1.04,1.5370726402728172
2.45,1.760686,1.8999999999999997,2.420053704761653
3.58,3.5810075,2.45,3.1044862807683313
3.9799999999999995,4.7378483,3.58,4.2449208432467
4.89,5.2711043,3.9799999999999995,4.650896557387528
6.58,5.9925504,4.89,5.588110917955479
6.66,7.6190224,6.58,7.248395571660718
5.8,8.381154,6.66,7.469122872542469
5.96,7.825807,5.8,6.680648149267846
5.76,7.3528523,5.96,6.638206371020788
6.58,6.752095,5.76,6.425100194898047
6.11,6.970446,6.58,7.205495896142322
7.09,6.432487,6.11,6.707275999462202
8.07,7.0314584,7.09,7.768433414130694
6.43,7.498087,8.07,8.68598721934424
6.81,7.47093,6.43,7.045903852048792
7.839999999999999,7.370477,6.81,7.444606860356883
7.95,7.7074404,7.839999999999999,8.307257122235765
8.0,7.8644567,7.95,8.53913724028578
7.24,7.915635,8.0,8.49948107032169
6.6,7.662167,7.24,7.663656905800417
6.64,6.8659954,6.6,7.102618350141194
7.03,6.405268,6.64,7.013109267225764
7.59,6.647739,7.03,7.279189052012493
5.74,6.5401907,7.59,7.864591280443247
5.96,5.9257064,5.74,6.130401468152387
5.9,5.3803453,5.96,6.272162682488496
4.75,4.7212243,5.9,6.21854166082596
3.9799999999999995,3.94617,4.75,5.090853546766688
3.87,3.3489423,3.9799999999999995,4.260572083397378
3.15,3.1853607,3.87,4.1017621634977015
2.29,2.755024,3.15,3.392764761340774
2.5,2.10028,2.29,2.588614690881663
2.06,1.9405148,2.5,2.668429813025788
1.33,1.5693266,2.06,2.229152008981403
1.06,1.200175,1.33,1.4954712486398982
0.84,0.9022319,1.06,1.2860698915124074
0.47,0.5294055,0.84,1.0797321786025906
0.26,0.0,0.47,0.7155360449475483
0.1,0.0,0.26,0.47743753433918096
0.05,0.0,0.1,0.36450612575373514
0.0,0.0,0.05,0.22246473319249427
0.0,0.0,0.0,0.16451560856993538
0.0,0.0,0.0,0.22042375561030225
0.0,0.0,0.0,0.18351746187006945
0.0,0.0,0.0,0.2262685940030361
0.0,0.0,0.0,0.17827053417102118
0.0,0.0,0.0,0.22980199438085402
0.0,0.0,0.0,0.23089295091536893
0.0,0.0,0.0,0.10402466867330024
0.0,0.0,0.0,0.1777613164141068
0.0,0.0,0.0,0.217964640898415
0.0,0.0,0.0,0.11725102662749914
0.0,0.0,0.0,0.05454456931465134
0.0,0.0,0.0,0.0962822829835177
0.0,0.0,0.0,0.0031268849109336583
0.0,0.0,0.0,-0.06611770727658756
0.0,0.0,0.0,0.02519802210199193
0.0,0.0,0.0,0.01727906435797906
0.0,0.0,0.0,-0.06958548591888582
0.0,0.0,0.0,-0.09703013143676165
0.0,0.0,0.0,-0.12498429571198767
0.0,0.0,0.0,-0.10320408464729765
0.0,0.0,0.0,-0.1950186199530931
0.0,0.0,0.0,-0.10745562272113318
0.0,0.0,0.0,-0.18397463445986473
0.0,0.0,0.0,-0.17401712137552672
0.0,0.0,0.0,-0.2886285885241113
0.0,0.0,0.0,-0.23644495115250103
0.0,0.0,0.0,-0.29867414893904237
0.0,0.0,0.0,-0.1786533618470943
0.0,0.0,0.0,-0.2683791514810714
0.0,0.0,0.0,-0.27744571028740955
0.0,0.0,0.0,-0.2267494642933647
0.0,0.0,0.0,-0.18975514280653577
0.0,0.0,0.0,-0.16755468196511103
0.0,0.0,0.0,-0.1788199817214512
0.0,0.0,0.0,-0.08952179358740486
0.0,0.0,0.0,-0.04168741514680677
0.0,0.0,0.0,-0.10190237562567074
0.0,0.0,0.0,-0.05028154844117519
0.0,0.0,0.0,-0.03840326299826044
0.0,0.0,0.0,0.04417660757860445
0.0,0.0,0.0,0.04009464190910757
0.0,0.0,0.0,0.12458764761718188
0.0,0.0,0.0,0.17078191135917892
0.0,0.0,0.0,0.16213924910167143
0.0,0.0,0.0,0.18383888080183297
0.0,0.0,0.0,0.3342991774002039
0.0,0.0,0.0,0.277276332117223
0.0,0.0,0.0,0.38437226111782014
0.19,0.0,0.0,0.4347090320561156
0.39,0.0,0.19,0.5909028115465648
1.09,0.038478494,0.39,0.8624397348172639
2.12,1.3741813,1.09,1.5524634807740474
2.35,2.6000862,2.12,2.6741524766430307
3.64,3.719554,2.35,3.03069474159192
4.54,5.0520864,3.64,4.358375208677121
4.66,6.5137396,4.54,5.288684524965318
5.3,7.2452064,4.66,5.472346905646515
7.18,7.8368373,5.3,6.07653263102812
7.23,8.632093,7.18,8.000134862014711
7.5600000000000005,9.457258,7.23,8.03552625887709
6.96,9.560655,7.5600000000000005,8.452719819423868
7.21,9.273546,6.96,7.7021079434339885
9.62,8.548595,7.21,7.951907699816903
10.46,9.542849,9.62,10.386839821023822
10.15,10.727073,10.46,11.282209154424375
12.87,11.381589,10.15,10.923504286655326
12.46,12.718257,12.87,13.559008965327873
12.87,12.856538,12.46,13.219815501571727
12.65,13.408965,12.87,13.648373622003717
12.54,13.158315,12.65,13.381993605412086
15.42,13.08234,12.54,13.125745333496875
15.0,13.772198,15.42,15.82088234783857
14.16,13.819231,15.0,15.553784521394487
14.58,14.34631,14.16,14.715705640190963
14.25,13.8596945,14.58,15.174337345123556
13.81,13.591866,14.25,14.682961989432549
14.75,13.003966,13.81,14.074636892737104
12.38,13.481535,14.75,14.931121125886968
13.11,12.612772,12.38,12.361099526034717
9.42,12.113203,13.11,13.167098312839844
8.42,10.086511,9.42,9.480771425922043
6.89,8.898066,8.42,8.24425918609162
5.04,7.4896193,6.89,6.602965155888882
3.63,6.1484118,5.04,4.656504313600021
3.87,4.4430027,3.63,3.2329942180869353
3.26,4.0630646,3.87,3.3232616909539385
2.57,3.2618012,3.26,2.8170408468603005
2.34,2.2261481,2.57,2.290942046381805
1.72,1.6375313,2.34,2.0682195796049307
1.2,1.1248567,1.72,1.463135384581491
0.82,0.59138864,1.2,1.0641950923305008
0.46,0.0,0.82,0.6047978463957904
0.17,0.0,0.46,0.3723185283534383
0.09,0.0,0.17,0.09363455935318454
0.0,0.0,0.09,0.13967669094830237
0.0,0.0,0.0,0.10275423285541818
0.0,0.0,0.0,0.19534876443682028
0.0,0.0,0.0,0.09802750130833993
0.0,0.0,0.0,0.10997699071023176
0.0,0.0,0.0,0.17132925636533639
0.0,0.0,0.0,0.19053898948707823
0.0,0.0,0.0,0.21968955394872136
0.0,0.0,0.0,0.1936416832759297
0.0,0.0,0.0,0.11597613498107201
0.0,0.0,0.0,0.14765943124257414
0.0,0.0,0.0,0.12387559250669714
0.0,0.0,0.0,0.11390115935670939
0.0,0.0,0.0,0.1000400890674201
0.0,0.0,0.0,0.059696681348695574
0.0,0.0,0.0,0.08702191156772138
0.0,0.0,0.0,0.09105424123218221
0.0,0.0,0.0,-0.03981746158888515
0.0,0.0,0.0,-0.02744143560289576
0.0,0.0,0.0,0.03942727785367854
0.0,0.0,0.0,-0.06931354970140066
0.0,0.0,0.0,0.013790142292351773
0.0,0.0,0.0,-0.12135667529309328
0.0,0.0,0.0,-0.06914587602618844
0.0,0.0,0.0,-0.06420917742070077
0.0,0.0,0.0,-0.11846333460061177
0.0,0.0,0.0,-0.23920021944713565
0.0,0.0,0.0,-0.18361643413206147
0.0,0.0,0.0,-0.13170869345050296
0.0,0.0,0.0,-0.16522847278617586
0.0,0.0,0.0,-0.26611668727780047
0.0,0.0,0.0,-0.1338845684594217
0.0,0.0,0.0,-0.1554719052798486
0.0,0.0,0.0,-0.068790178669145
0.0,0.0,0.0,-0.037252957850575155
0.0,0.0,0.0,-0.1291656883239596
0.0,0.0,0.0,-0.11083901950976305
0.0,0.0,0.0,-0.08359438058197555
0.0,0.0,0.0,0.006536154864509244
0.0,0.0,0.0,-0.013802192221257503
0.0,0.0,0.0,0.02359976210014679
0.0,0.0,0.0,0.0668609565695873
0.0,0.0,0.0,0.13285713779036615
0.0,0.0,0.0,0.15962120452048695
0.0,0.0,0.0,0.28776529536626705
0.0,0.0,0.0,0.2094145113103289
0.0,0.0,0.0,0.2540666682729665
0.0,0.0,0.0,0.28881828229736095
0.0,0.0,0.0,0.4334634235836025
0.0,0.0,0.0,0.3525503119569421
0.22,0.0,0.0,0.5393802196741213
0.51,0.0,0.22,0.7059914918207539
1.4,0.24647129,0.51,0.9883407556218595
2.48,1.7123667,1.4,2.035939458501264
3.69,3.2338688,2.48,3.171840157490416
4.3,4.8406315,3.69,4.511711334591533
5.53,6.0811057,4.3,5.140403863726331
6.2,7.6289563,5.53,6.505743132548777
7.3,8.909492,6.2,7.124204796440096
10.41,9.411795,7.3,8.190748726603294
12.54,10.977287,10.41,11.315824629007462
11.49,13.305981,12.54,13.593087535128754
14.27,13.761673,11.49,12.790886427370562
13.69,15.552513,14.27,15.315711381048573
14.54,14.921569,13.69,14.825765329304936
14.62,15.09205,14.54,15.642917477614507
14.92,16.171679,14.62,15.45756269811404
16.61,16.21868,14.92,15.631153368631379
14.61,16.816767,16.61,17.354473573676042
16.15,16.187511,14.61,15.360288490680825
17.18,16.622139,16.15,16.803677862541846
17.63,16.561922,17.18,17.722200432190025
16.65,17.779222,17.63,18.12984066935866
14.97,17.462528,16.65,17.03887910633413
15.320000000000002,16.789513,14.97,15.291070924877733
16.67,15.969441,15.320000000000002,15.46988540930325
14.31,16.391056,16.67,16.700866934349975
15.03,14.972676,14.31,14.352644732766466
15.009999999999998,14.685431,15.03,15.0128215705043
15.0,14.617958,15.009999999999998,14.872476841304989
12.96,14.038784,15.0,14.807155659005574
12.1,12.773817,12.96,12.774970673691723
10.64,11.407419,12.1,11.908950406424381
8.52,10.443349,10.64,10.289426212644164
6.42,8.937394,8.52,8.266994943941057
5.4,7.3848705,6.42,5.984647666306873
4.83,6.078442,5.4,4.950873109236358
4.19,4.7749653,4.83,4.416891482102205
3.96,4.352454,4.19,3.620236214689816
3.09,3.4090407,3.96,3.5936495762651544
2.66,2.6934924,3.09,2.7232966393548894
1.98,1.9380541,2.66,2.3927475389673187
1.3,1.5104012,1.98,1.7398064762539867
0.69,0.5446713,1.3,1.1085152053283092
0.24,0.0,0.69,0.5308550976622652
0.14,0.0,0.24,0.12461976730497648
0.0,0.0,0.14,0.10167844980773943
0.0,0.0,0.0,-0.06283655127380522
0.0,0.0,0.0,0.04687185944972562
0.0,0.0,0.0,0.13584196925179104
0.0,0.0,0.0,0.0495027652279113
0.0,0.0,0.0,0.19265636857984064
0.0,0.0,0.0,0.13767635880293555
0.0,0.0,0.0,0.1623893477209906
0.0,0.0,0.0,0.1878344249518628
0.0,0.0,0.0,0.2554347915480938
0.0,0.0,0.0,0.16996049985026435
0.0,0.0,0.0,0.17526444775606304
0.0,0.0,0.0,0.19069495878201204
0.0,0.0,0.0,0.20147148126348005
0.0,0.0,0.0,0.06886778845344624
0.0,0.0,0.0,0.16863563248065339
0.0,0.0,0.0,0.06029704641600339
0.0,0.0,0.0,0.055984100991716204
0.0,0.0,0.0,0.03196963612838725
0.0,0.0,0.0,0.02522093678305269
0.0,0.0,0.0,-0.051821944420411686
0.0,0.0,0.0,0.023494590104984614
0.0,0.0,0.0,0.01042285857351253
0.0,0.0,0.0,-0.06846571952779969
0.0,0.0,0.0,-0.005656550024991103
0.0,0.0,0.0,-0.03562569691709157
0.0,0.0,0.0,-0.05284721318460035
0.0,0.0,0.0,-0.0331531535588666
0.0,0.0,0.0,-0.09427421160806845
0.0,0.0,0.0,0.0013251818430118356
0.0,0.0,0.0,0.0484942501020218
0.0,0.0,0.0,-0.04117960014726599
0.0,0.0,0.0,0.04352383253724307
0.0,0.0,0.0,0.06570062122889544
0.0,0.0,0.0,0.007664498092846417
0.0,0.0,0.0,0.03883091707172548
0.0,0.0,0.0,0.04633746734242435
0.0,0.0,0.0,0.1248022942800571
0.0,0.0,0.0,0.20189464627449197
0.0,0.0,0.0,0.1507671504426231
0.0,0.0,0.0,0.19231463240000204
0.0,0.0,0.0,0.2558213950644388
0.0,0.0,0.0,0.3215621053810396
0.0,0.0,0.0,0.3155944532018199
0.0,0.0,0.0,0.43849347711240483
0.0,0.0,0.0,0.448945692620946
0.0,0.0,0.0,0.4403230207482516
0.0,0.0,0.0,0.5377859836938772
0.0,0.0,0.0,0.554846532249519
0.0,0.0,0.0,0.5884379541257816
0.35,0.0,0.0,0.5775178994261166
0.64,0.1540978,0.35,1.0648379707670004
1.48,0.8585516,0.64,1.3033377711147924
3.6,2.5429533,1.48,2.3055546615892095
4.55,4.4515734,3.6,4.500103785206298
4.93,6.086686,4.55,5.525743830260669
8.26,7.61839,4.93,6.093269935036582
9.43,9.707735,8.26,9.367948296961
10.76,11.524646,9.43,10.69853839583006
11.4,12.88336,10.76,12.050403541134497
13.5,13.470833,11.4,12.704608629482273
14.34,14.725553,13.5,14.872684818325295
16.63,15.470021,14.34,15.676304250103284
15.99,16.674166,16.63,17.951193463344538
14.74,17.251804,15.99,17.310109322017997
19.07,17.155396,14.74,15.997507695663693
17.55,18.252901,19.07,20.137918837901278
17.9,18.465929,17.55,18.71693779127755
20.81,18.665936,17.9,19.149362492867745
20.2,19.905895,20.81,21.66044409262682
18.28,20.202978,20.2,21.20642739982149
20.34,19.89589,18.28,19.167424062917316
21.74,20.055468,20.34,21.0428126320718
22.26,20.399431,21.74,22.327093789322422
22.54,20.698605,22.26,22.949522484463
21.82,21.1627,22.54,22.97815840556272
20.45,21.055141,21.82,22.237706874744553
20.33,19.283508,20.45,20.884481288831594
21.24,19.103138,20.33,20.411633041791802
19.41,19.217049,21.24,21.293553879352128
16.87,18.053658,19.41,19.338106656886072
15.38,16.592237,16.87,16.661259677364182
16.45,14.77311,15.38,15.158647748311544
15.21,14.11466,16.45,16.07405291025544
16.16,13.674764,15.21,14.886972966114623
14.95,13.001861,16.16,15.813969151069113
12.76,11.235219,14.95,14.59799245193635
11.72,9.9866295,12.76,12.494959821772584
10.42,9.070135,11.72,11.383734884881767
8.53,7.291453,10.42,9.924605906758192
6.72,5.857949,8.53,8.063490377427662
4.61,4.340175,6.72,6.106580564090569
4.25,2.8501587,4.61,3.9351580314598946
2.16,1.6723423,4.25,3.6164364566653138
0.75,0.44793782,2.16,1.573122942016737
0.4,0.0,0.75,0.18035340179886838
0.0,0.0,0.4,-0.12479940902195341
0.0,0.0,0.0,-0.6142138604615138
0.0,0.0,0.0,-0.4759892139690883
0.0,0.0,0.0,-0.3776384937454946
0.0,0.0,0.0,-0.2039420602125145
0.0,0.0,0.0,-0.15826571440510348
0.0,0.0,0.0,-0.10850377843683645
0.0,0.0,0.0,-0.048014413000033174
0.0,0.0,0.0,0.047459847843427036
0.0,0.0,0.0,0.04039648463573988
0.0,0.0,0.0,0.08300709462806558
0.0,0.0,0.0,0.16875367687611623
0.0,0.0,0.0,0.2634319665379397
0.0,0.0,0.0,0.23517103708685386
0.0,0.0,0.0,0.2134778587612737
0.0,0.0,0.0,0.2240291522778541
0.0,0.0,0.0,0.2812404126687959
0.0,0.0,0.0,0.2652802049805738
0.0,0.0,0.0,0.2054356176097772
0.0,0.0,0.0,0.20834628935706062
0.0,0.0,0.0,0.2064976393741544
0.0,0.0,0.0,0.2542483376648843
0.0,0.0,0.0,0.10316071403677834
0.0,0.0,0.0,0.1088882071676648
0.0,0.0,0.0,0.15163165216675187
0.0,0.0,0.0,-0.102233692730693
0.0,0.0,0.0,-0.17030855261289446
0.0,0.0,0.0,-0.13765737497118102
0.0,0.0,0.0,-0.16169554743946385
0.0,0.0,0.0,-0.05231465627230952
0.0,0.0,0.0,-0.04851956436970041
0.0,0.0,0.0,-0.12288815231907176
0.0,0.0,0.0,-0.044192390858820985
0.0,0.0,0.0,-0.05954232931225732
0.0,0.0,0.0,-0.05138301763249517
0.0,0.0,0.0,0.03305406300660899
0.0,0.0,0.0,-0.01478534383230673
0.0,0.0,0.0,-0.019380663586177384
0.0,0.0,0.0,0.061995869845618
0.0,0.0,0.0,0.1369347947455251
0.0,0.0,0.0,0.09600158501571601
0.0,0.0,0.0,0.14323590024666766
0.0,0.0,0.0,0.14590954700837513
0.0,0.0,0.0,0.2582110887637294
0.0,0.0,0.0,0.23895116586592557
0.0,0.0,0.0,0.28915589979524375
0.0,0.0,0.0,0.39039494324888846
0.0,0.0,0.0,0.3702843279446356
0.0,0.0,0.0,0.46759506266864076
0.0,0.0,0.0,0.5496472000218717
0.29,0.0,0.0,0.5293780998857208
0.68,0.0,0.29,0.8108616953124057
1.63,0.59071475,0.68,1.412636501475516
3.37,2.1999357,1.63,2.405019799456379
5.31,4.1022186,3.37,4.119610733623548
5.63,6.087993,5.31,6.222264481323137
9.39,7.819536,5.63,6.719139770138299
9.37,10.655655,9.39,10.488131229140844
10.44,11.677733,9.37,10.514497955024476
12.53,12.781276,10.44,11.66021224250606
13.66,13.848108,12.53,13.68574709237986
16.7,15.410332,13.66,14.771888100071315
16.25,16.666105,16.7,17.80939401582129
16.77,16.75492,16.25,17.37657192995939
19.41,17.935919,16.77,17.92901202429082
19.24,18.415756,19.41,20.398577389766164
20.82,19.023966,19.24,20.144062676418695
19.42,20.041775,20.82,21.854658876129342
22.22,19.348644,19.42,20.233175217464566
18.29,20.90673,22.22,22.847699592761103
20.98,19.903866,18.29,19.054875008154447
18.47,20.191793,20.98,21.545479003052176
20.41,18.697584,18.47,18.815425674616275
20.12,19.59352,20.41,20.715265152752053
18.71,18.488144,20.12,20.150019465569915
15.76,17.870316,18.71,18.634755363370154
19.06,15.8846245,15.76,15.814251944602784
15.85,15.631465,19.06,18.73214503332366
14.46,14.520547,15.85,15.656580919744009
13.75,12.832198,14.46,14.098597157429044
11.14,11.493444,13.75,13.387513935154452
10.94,9.672512,11.14,10.60788743376152
8.59,8.532427,10.94,10.568434299058085
9.28,6.7681003,8.59,7.966371984567724
7.85,5.5394044,9.28,8.675336994071186
5.21,4.832659,7.85,7.269763735762927
4.41,3.3032546,5.21,4.695892685189705
2.1,1.7739593,4.41,3.799591657760939
0.86,0.27213624,2.1,1.560634173717651
0.43,0.0,0.86,0.22646260642584126
0.0,0.0,0.43,-0.20786538900456175
0.0,0.0,0.0,-0.5288892398703183
0.0,0.0,0.0,-0.53721379751264
0.0,0.0,0.0,-0.40430643098402397
0.0,0.0,0.0,-0.25050487612234373
0.0,0.0,0.0,-0.1784528380697721
0.0,0.0,0.0,-0.12205366835024836
0.0,0.0,0.0,-0.15986420790048894
0.0,0.0,0.0,0.045475347743551275
0.0,0.0,0.0,-0.017095817516509446
0.0,0.0,0.0,0.12978634901249939
0.0,0.0,0.0,0.15402476220257613
0.0,0.0,0.0,0.11991860802355626
0.0,0.0,0.0,0.16931521164645205
0.0,0.0,0.0,0.18597272428367614
0.0,0.0,0.0,0.16513732014300134
0.0,0.0,0.0,0.06860903763782476
0.0,0.0,0.0,0.08178750319785749
0.0,0.0,0.0,0.09885784345505667
0.0,0.0,0.0,0.0838507154434863
0.0,0.0,0.0,0.0973285844885749
0.0,0.0,0.0,0.1441663939524741
0.0,0.0,0.0,0.13991318400151465
0.0,0.0,0.0,0.10858452569013718
0.0,0.0,0.0,0.11921021993084532
0.0,0.0,0.0,-0.030546841635348404
0.0,0.0,0.0,-0.013081100777300111
0.0,0.0,0.0,0.03853455248422757
0.0,0.0,0.0,-0.0076164591187874095
0.0,0.0,0.0,-0.02641254818252073
0.0,0.0,0.0,-0.05584538943299508
0.0,0.0,0.0,-0.022961166276889225
0.0,0.0,0.0,0.03999382008887546
0.0,0.0,0.0,-0.007200305139923452
0.0,0.0,0.0,0.10108720975786266
0.0,0.0,0.0,0.1263052224156016
0.0,0.0,0.0,0.13085444510419658
0.0,0.0,0.0,0.15382976381715951
0.0,0.0,0.0,0.13678954653096215
0.0,0.0,0.0,0.17452170031345682
0.0,0.0,0.0,0.14529721377310867
0.0,0.0,0.0,0.27968701802495033
0.0,0.0,0.0,0.32250955840944817
0.0,0.0,0.0,0.3071300640231422
0.0,0.0,0.0,0.35646412052723475
0.0,0.0,0.0,0.37137286731051444
0.0,0.0,0.0,0.4050094104275621
0.0,0.0,0.0,0.45256341960251256
0.0,0.0,0.0,0.6111425969688654
0.0,0.04963693,0.0,0.5872273262027351
0.35,0.38575068,0.0,0.6664924878016548
0.63,0.5396192,0.35,1.012376384545788
1.64,1.171474,0.63,1.4008649461765843
3.06,3.0191042,1.64,2.3575263150848045
5.4,4.9301453,3.06,3.9137166680070394
6.05,6.9099956,5.4,6.406038131258617
7.52,8.566283,6.05,7.2264725559661995
9.29,10.7628765,7.52,8.69715709564865
11.37,12.250811,9.29,10.584114992779961
11.47,13.747454,11.37,12.615728982552273
15.06,14.17232,11.47,12.749774039302569
16.59,16.208494,15.06,16.288457323328597
19.53,17.551252,16.59,17.789608418937018
18.8,19.221724,19.53,20.95583811340729
18.95,19.521862,18.8,20.33139062455795
19.84,20.072258,18.95,20.287732482214967
22.51,20.706085,19.84,21.019008154989834
21.37,22.20307,22.51,23.582373032107697
22.76,21.616972,21.37,22.421465694339286
20.0,22.66715,22.76,23.740621362158663
20.14,21.562244,20.0,20.866693578122835
23.24,21.428873,20.14,20.697172996087716
23.49,21.748802,23.24,23.58658412124656
21.58,22.061972,23.49,23.76638714102296
22.85,21.509325,21.58,22.052088468953087
21.4,21.869905,22.85,22.949758681532437
20.32,20.768837,21.4,21.53112496448269
17.87,19.985455,20.32,20.39799197268711
19.41,18.434782,17.87,17.689497397414687
17.92,17.679329,19.41,19.03359798196243
16.4,15.956505,17.92,17.622027404581303
14.78,15.210459,16.4,15.93882098741081
16.68,13.538344,14.78,14.478593196897954
14.75,13.206404,16.68,16.280049524631014
11.73,12.01142,14.75,14.274195095703966
9.35,10.193537,11.73,11.344185542285432
9.53,8.250896,9.35,8.802431867400557
8.73,7.286468,9.53,8.837109578162396
8.05,6.0443935,8.73,8.093104612894555
4.67,5.194701,8.05,7.436984159333329
3.52,3.4191298,4.67,4.184834089444552
2.11,1.9627802,3.52,2.9890001946697407
0.83,0.7519444,2.11,1.5404557262984986
0.39,0.0,0.83,0.31434517896196057
0.0,0.0,0.39,-0.1726922998029673
0.0,0.0,0.0,-0.5158311663565036
0.0,0.0,0.0,-0.4008340763416138
0.0,0.0,0.0,-0.29284353809967145
0.0,0.0,0.0,-0.20459707678500513
0.0,0.0,0.0,-0.017352074683503124
0.0,0.0,0.0,-0.10970914037193649
0.0,0.0,0.0,0.07097306203917082
0.0,0.0,0.0,0.160722780919713
0.0,0.0,0.0,0.22075353088923405
0.0,0.0,0.0,0.12399614268566339
0.0,0.0,0.0,0.26833746337997183
0.0,0.0,0.0,0.27744102307851937
0.0,0.0,0.0,0.3123880055120009
0.0,0.0,0.0,0.25839621743477004
0.0,0.0,0.0,0.27793650859642494
0.0,0.0,0.0,0.28881840825552296
0.0,0.0,0.0,0.28488619968565865
0.0,0.0,0.0,0.311702171692217
0.0,0.0,0.0,0.236493763784601
0.0,0.0,0.0,0.2914042315786459
0.0,0.0,0.0,0.23052951138554967
0.0,0.0,0.0,0.2597007442460902
0.0,0.0,0.0,0.24749611311975112
0.0,0.0,0.0,0.1446341850820571
0.0,0.0,0.0,0.05639319646354744
0.0,0.0,0.0,0.04283576828145501
0.0,0.0,0.0,-0.0008014532015131193
0.0,0.0,0.0,0.0453277269381331
0.0,0.0,0.0,0.04326769242276592
0.0,0.0,0.0,0.07420967319465198
0.0,0.0,0.0,0.028099646110928897
0.0,0.0,0.0,0.059390252058345375
0.0,0.0,0.0,0.07344307069243633
0.0,0.0,0.0,0.14160773677405855
0.0,0.0,0.0,0.11547292217908407
0.0,0.0,0.0,0.0971311764569071
0.0,0.0,0.0,0.17144629983269238
0.0,0.0,0.0,0.17954282356363757
0.0,0.0,0.0,0.30860357591265397
0.0,0.0,0.0,0.3029671757415885
0.0,0.0,0.0,0.24595479202090909
0.0,0.0,0.0,0.3168996342689874
0.0,0.0,0.0,0.36010726018268724
0.0,0.0,0.0,0.3673908906438836
0.0,0.0,0.0,0.49912195050648417
0.0,0.0,0.0,0.5335177391722474
0.0,0.0,0.0,0.5488471411993233
0.0,0.0,0.0,0.5458702032320891
0.0,0.0,0.0,0.6271264890576141
0.37,0.3995454,0.0,0.6949134614456118
0.73,0.65592027,0.37,1.0995166263757783
1.8900000000000001,1.4613447,0.73,1.5212001114200364
3.61,2.9970875,1.8900000000000001,2.776374503367169
4.86,4.914058,3.61,4.537689609661076
6.08,6.7138476,4.86,5.949686906848448
8.85,8.355158,6.08,7.305975741775428
8.7,10.919029,8.85,10.167575715635941
11.04,12.289163,8.7,10.007266222218004
14.53,13.415381,11.04,12.462761400230475
15.58,15.402049,14.53,15.938161438005453
17.37,16.855259,15.58,17.00342447438893
19.32,18.277784,17.37,19.063995656222566
17.49,19.751434,19.32,20.844259495002643
19.34,19.748177,17.49,19.024384752576083
18.6,20.704723,19.34,20.79186344476058
20.62,20.1928,18.6,19.817445061082704
19.85,21.280947,20.62,21.661142480694775
23.26,21.141579,19.85,20.877608065621413
23.37,22.628458,23.26,24.155824727535943
21.6,22.235186,23.37,24.341952158350107
22.14,22.34103,21.6,22.48908233689711
23.77,22.52453,22.14,22.84119363320544
20.73,22.558844,23.77,24.318054958405146
22.39,21.566183,20.73,21.18780650908547
23.34,21.879042,22.39,22.570409496241442
20.26,21.607006,23.34,23.422473863433524
20.9,19.96213,20.26,20.411291946457712
19.97,19.75618,20.9,20.88243462024156
19.44,19.257046,19.97,19.702899593160698
20.02,18.35986,19.44,19.298109022967207
16.82,17.495783,20.02,19.658389513606124
18.0,16.14141,16.82,16.37696044611281
17.42,15.42132,18.0,17.809176275748282
16.81,14.380006,17.42,17.138269603847146
13.65,13.312145,16.81,16.487154593053848
11.95,11.4725485,13.65,13.535280008936233
12.02,9.623812,11.95,11.646334856881813
9.49,8.690631,12.02,11.582313602542257
7.959999999999999,6.928415,9.49,9.012098072460326
8.26,5.6134386,7.959999999999999,7.464674186931193
5.82,5.0267034,8.26,7.721097332301231
3.73,3.6363785,5.82,5.373675470040102
2.08,1.995329,3.73,3.2917446492064704
0.74,0.75575966,2.08,1.553562767494704
0.39,0.0,0.74,0.13155333163815452
0.0,0.0,0.39,-0.14304720227792306
0.0,0.0,0.0,-0.5281499075655706
0.0,0.0,0.0,-0.41483543394594413
0.0,0.0,0.0,-0.23575385321782905
0.0,0.0,0.0,-0.25139243749655066
0.0,0.0,0.0,-0.03124073419810497
0.0,0.0,0.0,0.04904325941462912
0.0,0.0,0.0,0.03996084765125335
0.0,0.0,0.0,0.1096759402275373
0.0,0.0,0.0,0.14494402504215645
0.0,0.0,0.0,0.17576429609282404
0.0,0.0,0.0,0.26370464886511136
0.0,0.0,0.0,0.3067307738310755
0.0,0.0,0.0,0.27616125005143466
0.0,0.0,0.0,0.3165738645620642
0.0,0.0,0.0,0.3036724450159346
0.0,0.0,0.0,0.4092309072514265
0.0,0.0,0.0,0.3621024569920149
0.0,0.0,0.0,0.2842055797210098
0.0,0.0,0.0,0.27912038259512684
0.0,0.0,0.0,0.29912168468210537
0.0,0.0,0.0,0.33195723791018417
0.0,0.0,0.0,0.27879549338796855
0.0,0.0,0.0,0.2429886195279285
0.0,0.0,0.0,0.16265001810045066
0.0,0.0,0.0,0.1009853221751959
0.0,0.0,0.0,0.04912713963322997
0.0,0.0,0.0,0.13785067919729502
0.0,0.0,0.0,0.09594096666423427
0.0,0.0,0.0,0.03785774395761072
0.0,0.0,0.0,0.06742189330855225
0.0,0.0,0.0,0.09469283974416348
0.0,0.0,0.0,0.041714282839977364
0.0,0.0,0.0,0.17205015887135328
0.0,0.0,0.0,0.19912873450381652
0.0,0.0,0.0,0.1749482130041189
0.0,0.0,0.0,0.1336100771104258
0.0,0.0,0.0,0.17385788308146036
0.0,0.0,0.0,0.24910424785408086
0.0,0.0,0.0,0.2738933337728622
0.0,0.0,0.0,0.35798487986521527
0.0,0.0,0.0,0.40152685092271767
0.0,0.0,0.0,0.42892163341365336
0.0,0.0,0.0,0.47383072669936643
0.0,0.0,0.0,0.4899122843130081
0.0,0.0,0.0,0.49131286919965667
0.0,0.0,0.0,0.578810367383943
0.0,0.0,0.0,0.602556816652332
0.0,0.0,0.0,0.6952862220014493
0.0,0.0,0.0,0.7028456551594673
0.31,0.019085454,0.0,0.7079623795434372
0.77,0.36233154,0.31,1.1611659790721403
1.7,1.0899224,0.77,1.584741736957733
3.24,2.8648334,1.7,2.6273451850922935
5.48,4.7881355,3.24,4.261036707197149
6.41,6.776002,5.48,6.606634314627705
8.92,8.6325245,6.41,7.640809547271415
8.97,11.02118,8.92,10.193926753692434
10.35,12.327987,8.97,10.344218132668635
15.020000000000001,12.863944,10.35,11.814561654457798
14.15,14.785893,15.020000000000001,16.31533954162044
16.71,16.23027,14.15,15.675347336967366
16.8,17.60744,16.71,18.1858213171614
20.01,18.719357,16.8,18.186116871170725
21.11,20.019032,20.01,21.342615079849494
21.42,20.569872,21.11,22.496943370102475
18.93,22.146208,21.42,22.810617653798293
23.42,21.22895,18.93,20.13176382538458
23.18,22.175293,23.42,24.32274078770576
20.25,22.45754,23.18,24.127796886796418
20.43,21.768814,20.25,21.307286564085466
21.56,21.543617,20.43,21.24251703600152
23.47,21.714977,21.56,21.96145713221476
22.21,21.793152,23.47,23.920705713415288
23.57,21.502106,22.21,22.490009721800618
20.31,21.922428,23.57,23.854058578246146
19.61,20.30776,20.31,20.593005301621623
18.67,19.639898,19.61,19.749806466386662
20.51,18.49299,18.67,18.372455648262097
18.67,19.102953,20.51,20.174083292484404
17.99,17.654156,18.67,18.47504490810803
18.95,16.654032,17.99,17.578478009416905
16.48,16.365093,18.95,18.744585565203767
14.59,14.758652,16.48,16.193939855834454
12.49,13.545465,14.59,14.409480253246416
13.73,11.307171,12.49,12.018163924246652
10.15,10.705493,13.73,13.148138304418955
8.78,8.589111,10.15,9.642955258689181
7.37,7.435424,8.78,8.278858589590426
7.0,5.791011,7.37,6.810284836432842
5.14,4.67654,7.0,6.453254751147579
3.7899999999999996,3.4910269,5.14,4.51449516495749
3.5,2.4018383,3.7899999999999996,3.2579202522166275
1.7,1.3721733,3.5,3.0533480338201704
0.73,0.3282466,1.7,1.2261101768219724
0.39,0.0,0.73,0.3923262963056551
0.0,0.0,0.39,0.02934011600685016
0.0,0.0,0.0,-0.26743370882421263
0.0,0.0,0.0,-0.332803731347229
0.0,0.0,0.0,-0.19719457274772492
0.0,0.0,0.0,-0.04038172059785003
0.0,0.0,0.0,-0.01365395564231174
0.0,0.0,0.0,0.04996792251611839
0.0,0.0,0.0,0.1486249122060488
0.0,0.0,0.0,0.13953540133249154
0.0,0.0,0.0,0.2539457003622604
0.0,0.0,0.0,0.3442676618669528
0.0,0.0,0.0,0.27198045208330823
0.0,0.0,0.0,0.30737683242144953
0.0,0.0,0.0,0.3142375927702193
0.0,0.0,0.0,0.2827655739509533
0.0,0.0,0.0,0.36551196465078817
0.0,0.0,0.0,0.29885442246639127
0.0,0.0,0.0,0.3676610796400985
0.0,0.0,0.0,0.27535419852351284
0.0,0.0,0.0,0.2415958822339638
0.0,0.0,0.0,0.28209665751624957
0.0,0.0,0.0,0.3138794175675124
0.0,0.0,0.0,0.19113382474951485
0.0,0.0,0.0,0.17890030731328568
0.0,0.0,0.0,0.21780276017014483
0.0,0.0,0.0,-0.12849085890795295
0.0,0.0,0.0,-0.14131551432115752
0.0,0.0,0.0,-0.15435263744734562
0.0,0.0,0.0,-0.1471144044982426
0.0,0.0,0.0,-0.07272068621629948
0.0,0.0,0.0,-0.20845540812785868
0.0,0.0,0.0,-0.107062070295669
0.0,0.0,0.0,-0.03521235460252681
0.0,0.0,0.0,-0.1294140972829752
0.0,0.0,0.0,-0.05595261621788396
0.0,0.0,0.0,-0.034703448428579156
0.0,0.0,0.0,-0.015258479084344842
0.0,0.0,0.0,0.06288543448047128
0.0,0.0,0.0,0.025681771280491317
0.0,0.0,0.0,0.018825651302446234
0.0,0.0,0.0,0.09733420991268456
0.0,0.0,0.0,0.17283996545451083
0.0,0.0,0.0,0.21389333284865747
0.0,0.0,0.0,0.21670389689892808
0.0,0.0,0.0,0.29295462408193856
0.0,0.0,0.0,0.23056270221399847
0.0,0.0,0.0,0.3204724982505017
0.0,0.0,0.0,0.40427988036737167
0.0,0.0,0.0,0.3441579409468831
0.0,0.0,0.0,0.3940373425922048
0.14,0.0,0.0,0.5569466915681095
0.24,0.0,0.14,0.6796057225445803
0.68,0.0,0.24,0.7892000389449181
1.2,0.81182,0.68,1.3254667520689163
2.09,1.9206284,1.2,1.855772265066902
3.01,3.1448917,2.09,2.8903243043130447
3.88,4.3389454,3.01,3.8492956400142426
5.24,5.6863256,3.88,4.742524952332728
7.09,6.875787,5.24,6.202168585464373
6.61,8.399924,7.09,8.085916123201878
6.73,8.693145,6.61,7.736083685269783
8.38,9.4389,6.73,7.690400479716833
9.49,9.663341,8.38,9.34191755698715
10.49,10.490695,9.49,10.489919983066258
10.21,11.382279,10.49,11.62672182251243
10.43,11.649941,10.21,11.306467985185645
12.71,11.122578,10.43,11.492319543235832
13.14,12.560967,12.71,13.72680671842868
12.75,12.678162,13.14,14.162658132898132
13.89,13.089235,12.75,13.81534016676223
13.8,13.954018,13.89,14.780933602192412
16.16,14.264633,13.8,14.579702204286711
16.41,14.825894,16.16,17.064637081638562
15.870000000000001,15.351094,16.41,17.240251895829207
15.309999999999999,15.858464,15.870000000000001,16.730148231356587
13.95,15.32117,15.309999999999999,16.034188034475477
13.69,14.771333,13.95,14.48368692487815
16.3,13.766967,13.69,14.070794575234544
14.41,14.383296,16.3,16.550568336264398
13.84,13.403463,14.41,14.674167162873193
12.49,13.054746,13.84,14.033215093255627
12.0,11.561118,12.49,12.648493792698616
9.47,11.118328,12.0,12.115307482550106
7.14,8.899747,9.47,9.546304855558958
6.39,7.662626,7.14,7.012804527186405
4.32,5.895927,6.39,6.089327437644048
4.16,4.5446606,4.32,3.9931083491681543
3.03,3.5119255,4.16,3.8912878279936933
3.16,2.4862947,3.03,2.7639500657633134
2.26,1.8637875,3.16,2.868821838894069
2.0,1.0313727,2.26,1.992353919108787
1.49,0.50418353,2.0,1.8251112810862413
0.78,0.11054833,1.49,1.303251897517228
0.41,0.0,0.78,0.6449089831717897
0.16,0.0,0.41,0.30163043479745133
0.08,0.0,0.16,0.10643512987967493
0.0,0.0,0.08,0.17298398275298366
0.0,0.0,0.0,0.1453090781502371
0.0,0.0,0.0,0.2166529789310529
0.0,0.0,0.0,0.13591309125978962
0.0,0.0,0.0,0.19819378064540097
0.0,0.0,0.0,0.2700317801170613
0.0,0.0,0.0,0.22111784474350749
0.0,0.0,0.0,0.2747981359449069
0.0,0.0,0.0,0.24363173116086506
0.0,0.0,0.0,0.3314672564701264
0.0,0.0,0.0,0.33713542921716094
0.0,0.0,0.0,0.21629126074786809
0.0,0.0,0.0,0.30694566761174746
0.0,0.0,0.0,0.2915971636213778
0.0,0.0,0.0,0.163776029718865
0.0,0.0,0.0,0.20254945063521873
0.0,0.0,0.0,0.15461964288661464
0.0,0.0,0.0,0.12586385296651903
0.0,0.0,0.0,0.08983495921700835
0.0,0.0,0.0,0.1013201384358535
0.0,0.0,0.0,0.12829428265077464
0.0,0.0,0.0,0.11074924804451419
0.0,0.0,0.0,0.024992012147387367
0.0,0.0,0.0,0.008631698383164688
0.0,0.0,0.0,0.05911945680893534
0.0,0.0,0.0,-0.06614784324518834
0.0,0.0,0.0,-0.06354332694625896
0.0,0.0,0.0,-0.0042360627157291
0.0,0.0,0.0,-0.014777908666031257
0.0,0.0,0.0,-0.04267978223295027
0.0,0.0,0.0,-0.046443952213714654
0.0,0.0,0.0,0.04793539681155371
0.0,0.0,0.0,0.02632721836233986
0.0,0.0,0.0,0.07173417627292136
0.0,0.0,0.0,0.12039951714508407
0.0,0.0,0.0,0.09636616447547122
0.0,0.0,0.0,0.04605283138830459
0.0,0.0,0.0,0.1489195720605459
0.0,0.0,0.0,0.1551816807725584
0.0,0.0,0.0,0.14238039754663373
0.0,0.0,0.0,0.25337459141623286
0.0,0.0,0.0,0.2155491815810676
0.0,0.0,0.0,0.31779643116747947
0.0,0.0,0.0,0.2534534201710926
0.0,0.0,0.0,0.3712601090277931
0.0,0.0,0.0,0.4473153442712607
0.0,0.0,0.0,0.4496361489709765
0.0,0.0,0.0,0.47077715669333636
0.0,0.0,0.0,0.4670753209086794
0.0,0.0,0.0,0.4991187978010595
0.25,0.0,0.0,0.6365320867268228
0.47,0.0,0.25,0.9032913987665167
1.19,0.0,0.47,1.2107664466288053
2.46,1.4144206,1.19,1.9578729288187182
3.4,3.040506,2.46,3.3723690147887293
4.05,4.3726606,3.4,4.367721673397906
5.6,5.1404214,4.05,5.091237665664672
6.98,6.939766,5.6,6.753317075535143
8.7,8.530533,6.98,8.130076623759381
11.12,10.172923,8.7,9.879293576797883
10.72,11.806679,11.12,12.464248802651536
11.72,12.866381,10.72,12.131944574814328
11.72,13.335003,11.72,13.052639300656528
14.78,13.167681,11.72,13.060662997476973
14.25,14.171771,14.78,16.077129227159503
15.63,15.201575,14.25,15.577187664674737
16.22,15.865681,15.63,16.91299838120134
18.37,16.655651,16.22,17.43663249639551
16.1,17.787981,18.37,19.641820887868096
19.11,17.34347,16.1,17.31763723888761
18.52,18.378454,19.11,20.16604454660643
18.32,18.415056,18.52,19.559717460684695
17.5,18.687548,18.32,19.2197152548892
17.84,18.14163,17.5,18.29032986876346
18.49,17.85852,17.84,18.399291293574052
16.82,17.846743,18.49,19.110733610575895
19.31,16.689188,16.82,17.315765823661536
16.57,16.745277,19.31,19.670559180663957
18.34,16.165216,16.57,16.928862132247787
14.6,16.216003,18.34,18.606335115700837
17.3,14.4840555,14.6,14.766009022967113
14.83,14.326679,17.3,17.462313921408818
12.89,13.011843,14.83,14.875387615891086
11.0,12.321224,12.89,12.935131170903754
11.35,10.152196,11.0,10.994762709885284
10.22,9.047979,11.35,11.080899146871763
8.55,7.697772,10.22,10.111199302184755
6.32,6.367401,8.55,8.31173170831345
5.08,4.796967,6.32,6.033712921102015
5.23,3.3586688,5.08,4.684781530788036
3.57,2.4642613,5.23,4.900435026221979
3.05,1.5235648,3.57,3.1571790502108965
2.51,0.8561213,3.05,2.856084659980435
1.1,0.15482982,2.51,2.210511149419254
0.48,0.0,1.1,0.9106192506400707
0.28,0.0,0.48,0.24852240924057578
0.0,0.0,0.28,0.14193088068716359
0.0,0.0,0.0,-0.2068135703804369
0.0,0.0,0.0,-0.037636253812452364
0.0,0.0,0.0,0.013526351816360235
0.0,0.0,0.0,0.006508625628998364
0.0,0.0,0.0,0.07646168599008289
0.0,0.0,0.0,0.17218031582493265
0.0,0.0,0.0,0.20522112855187025
0.0,0.0,0.0,0.22944362848732494
0.0,0.0,0.0,0.21584893689843895
0.0,0.0,0.0,0.2737489324255215
0.0,0.0,0.0,0.22146011138745197
0.0,0.0,0.0,0.29019685417028573
0.0,0.0,0.0,0.2913067299641411
0.0,0.0,0.0,0.2994632127085262
0.0,0.0,0.0,0.3318507909284409
0.0,0.0,0.0,0.30686353518256637
0.0,0.0,0.0,0.20117224305753312
0.0,0.0,0.0,0.20156580584735198
0.0,0.0,0.0,0.18135745847510476
0.0,0.0,0.0,0.273730415749733
0.0,0.0,0.0,0.2667351865534814
0.0,0.0,0.0,0.19010746985349108
0.0,0.0,0.0,0.11862301773330697
0.0,0.0,0.0,0.15826934554768426
0.0,0.0,0.0,-0.16304040141526366
0.0,0.0,0.0,-0.19950355411146004
0.0,0.0,0.0,-0.1648677990069171
0.0,0.0,0.0,-0.14845806119631438
0.0,0.0,0.0,-0.23839486875169263
0.0,0.0,0.0,-0.15746930064730227
0.0,0.0,0.0,-0.19997546843402914
0.0,0.0,0.0,-0.20871819159457633
0.0,0.0,0.0,-0.17550343178408861
0.0,0.0,0.0,-0.1742166224788499
0.0,0.0,0.0,-0.15619305787899107
0.0,0.0,0.0,-0.1250675189760641
0.0,0.0,0.0,-0.045259845355103065
0.0,0.0,0.0,-0.037829529787652555
0.0,0.0,0.0,0.014037399133594725
0.0,0.0,0.0,0.0302603771481183
0.0,0.0,0.0,0.08516349406819404
0.0,0.0,0.0,0.12564760633040534
0.0,0.0,0.0,0.19938221055368405
0.0,0.0,0.0,0.26275693742853484
0.0,0.0,0.0,0.29001316700092533
0.0,0.0,0.0,0.2564888626700803
0.0,0.0,0.0,0.307600438056384
0.0,0.0,0.0,0.4356013181588547
0.0,0.0,0.0,0.4177261801102947
0.22,0.0,0.0,0.42642527886065146
0.48,0.0,0.22,0.6653400496598624
1.26,0.40771922,0.48,0.971960241733799
2.26,1.6971744,1.26,1.906412764333705
3.81,3.2419963,2.26,2.9267426578777473
3.7,4.61631,3.81,4.574225756257102
6.39,5.66655,3.7,4.60249326896744
6.09,7.8476963,6.39,7.385976797371564
8.33,8.999712,6.09,7.034157632966147
9.69,9.91746,8.33,9.335765505004437
11.87,11.11283,9.69,10.800460041251343
11.23,12.929265,11.87,12.956676265929724
12.26,13.38196,11.23,12.51196233444335
13.29,13.558672,12.26,13.44715501938284
14.55,14.3626175,13.29,14.46492279212636
15.829999999999998,15.12227,14.55,15.661815675054896
15.7,15.862788,15.829999999999998,16.9585728921867
15.109999999999998,16.400782,15.7,16.815128581338563
16.59,16.003687,15.109999999999998,16.25838024391708
17.81,16.616188,16.59,17.4931358968339
16.28,17.531736,17.81,18.654338726159672
15.769999999999998,17.632553,16.28,17.210972614740424
15.18,16.639833,15.769999999999998,16.53302794922958
16.38,16.575434,15.18,15.793144976088367
15.679999999999998,16.351164,16.38,16.85030164760938
15.020000000000001,15.893505,15.679999999999998,16.162905961981508
14.8,15.018719,15.020000000000001,15.390558469580517
17.05,14.688284,14.8,15.122871626227234
15.410000000000002,15.112168,17.05,17.25669369881785
13.89,14.469347,15.410000000000002,15.711977932688544
13.74,13.636101,13.89,14.216457323617554
12.16,12.478689,13.74,13.770908956256731
11.75,11.406861,12.16,12.191381619343375
10.47,10.496774,11.75,11.738453409574559
8.85,9.27338,10.47,10.351423158739035
7.890000000000001,7.436489,8.85,8.754019550113457
6.21,6.40434,7.890000000000001,7.676595377518107
5.48,5.204289,6.21,6.005604980010989
5.38,4.155793,5.48,5.286365049593158
3.4,3.0799167,5.38,5.122599384306397
2.45,2.0291579,3.4,3.1280533584062487
1.9599999999999997,1.0187973,2.45,2.1695036703262502
1.1,0.4121498,1.9599999999999997,1.750712573977914
0.47,0.0,1.1,0.8993810253993628
0.2,0.0,0.47,0.27205972706535103
0.0,0.0,0.2,-0.034173983528552054
0.0,0.0,0.0,-0.1988287172106737
0.0,0.0,0.0,-0.020727220621436365
0.0,0.0,0.0,-0.07006316063506726
0.0,0.0,0.0,0.022415604219613097
0.0,0.0,0.0,-0.0011024038118521984
0.0,0.0,0.0,0.11422705911718328
0.0,0.0,0.0,0.10791932852881866
0.0,0.0,0.0,0.17598126636017536
0.0,0.0,0.0,0.11300704538420692
0.0,0.0,0.0,0.2625437589938688
0.0,0.0,0.0,0.17255701773440021
0.0,0.0,0.0,0.19248722393084022
0.0,0.0,0.0,0.1253455685797865
0.0,0.0,0.0,0.2415585066001737
0.0,0.0,0.0,0.08200985784248972
0.0,0.0,0.0,0.15699794970960024
0.0,0.0,0.0,0.062461607013348346
0.0,0.0,0.0,0.06727885857213851
0.0,0.0,0.0,0.05628636685278611
0.0,0.0,0.0,0.008039843315431686
0.0,0.0,0.0,-0.034780727974458164
0.0,0.0,0.0,0.019744122599154312
0.0,0.0,0.0,-0.03656372232398758
0.0,0.0,0.0,0.044390836714722735
0.0,0.0,0.0,-0.002381561819378847
0.0,0.0,0.0,-0.2162249959578138
0.0,0.0,0.0,-0.2336124079163982
0.0,0.0,0.0,-0.31154876026672473
0.0,0.0,0.0,-0.3400892971746133
0.0,0.0,0.0,-0.3353184909467988
0.0,0.0,0.0,-0.2210222806794146
0.0,0.0,0.0,-0.2353682410738709
0.0,0.0,0.0,-0.2091643332668372
0.0,0.0,0.0,-0.19370907417769964
0.0,0.0,0.0,-0.21737025350858405
0.0,0.0,0.0,-0.13236879632654963
0.0,0.0,0.0,-0.15605169083439271
0.0,0.0,0.0,-0.16735612855668186
0.0,0.0,0.0,-0.10505595238042689
0.0,0.0,0.0,-0.15597179334254496
0.0,0.0,0.0,-0.006066190478785441
0.0,0.0,0.0,0.023683650336074752
0.0,0.0,0.0,0.03562425565935539
0.0,0.0,0.0,0.05863771742839027
0.0,0.0,0.0,0.10059030251644653
0.0,0.0,0.0,0.20167939966788603
0.0,0.0,0.0,0.18051195228786412
0.0,0.0,0.0,0.26897866750101473
0.0,0.0,0.0,0.293791363015573
0.0,0.0,0.0,0.378567736255562
0.1,0.0,0.0,0.3894691701648708
0.23,0.0,0.1,0.5189599036590931
0.54,0.0,0.23,0.6548920664166005
1.0,0.4987865,0.54,1.0943607780466624
2.05,1.288254,1.0,1.6551433227227483
3.5,2.0621805,2.05,2.6691025819131067
4.34,3.4122913,3.5,4.21977901735538
4.66,5.967759,4.34,5.1307568566319715
5.57,6.9978766,4.66,5.57160138303612
6.6,7.5987,5.57,6.456905001996899
6.39,8.278747,6.6,7.350537637670457
8.0,8.599368,6.39,7.293173056210877
9.82,8.943131,8.0,8.94692681640869
10.18,10.224318,9.82,10.724390850618406
9.68,10.853706,10.18,11.210948006551329
11.01,11.180698,9.68,10.684431445482616
12.36,11.004685,11.01,11.974292213335156
11.9,11.795963,12.36,13.256207953675538
10.96,12.318741,11.9,12.837567643061334
12.48,12.271906,10.96,11.884761692067489
11.53,12.116811,12.48,13.30952280771404
13.51,11.791388,11.53,12.353502713217711
11.0,12.507091,13.51,14.305824447756057
11.79,12.159477,11.0,11.649280643828613
11.0,11.983783,11.79,12.494464765021991
13.82,11.451474,11.0,11.478469154265944
14.18,12.340157,13.82,14.179451149815813
12.93,12.399182,14.18,14.654157456373198
10.92,12.708883,12.93,13.377166897835771
9.6,11.821148,10.92,11.371764185991973
9.53,10.015989,9.6,9.827735202198678
10.34,9.383663,9.53,9.650302475614039
8.92,8.907893,10.34,10.44619565065918
7.19,7.9737506,8.92,9.026452989580667
5.7,6.6722803,7.19,7.255634961671442
5.15,5.2682366,5.7,5.8218806463116195
4.21,4.2149005,5.15,5.211419284531333
3.37,3.0966258,4.21,4.190173859188871
2.85,2.4395628,3.37,3.201557213559845
2.42,1.5368567,2.85,2.7212192382154288
2.01,1.0000685,2.42,2.229744950671657
0.96,0.5190593,2.01,2.0077573971975315
0.48999999999999994,0.0,0.96,1.0023209490885587
0.22,0.0,0.48999999999999994,0.5169774430919158
0.11,0.0,0.22,0.07287347875968242
0.0,0.0,0.11,0.09184388712738203
0.0,0.0,0.0,-0.02192047824190871
0.0,0.0,0.0,-0.041243511236513306
0.0,0.0,0.0,0.04626304765835209
0.0,0.0,0.0,0.17618753153323796
0.0,0.0,0.0,0.10761377454169566
0.0,0.0,0.0,0.16109940186122898
0.0,0.0,0.0,0.08015975279044761
0.0,0.0,0.0,0.18602740770633625
0.0,0.0,0.0,0.16278855171056178
0.0,0.0,0.0,0.1780938455027209
0.0,0.0,0.0,0.20411931306067033
0.0,0.0,0.0,0.1657609153254848
0.0,0.0,0.0,0.07532021551311802
0.0,0.0,0.0,0.16209986287558503
0.0,0.0,0.0,0.06880749090686797
0.0,0.0,0.0,0.05219117014484291
0.0,0.0,0.0,0.034087900838229226
0.0,0.0,0.0,0.011459241158125258
0.0,0.0,0.0,-0.016132951528984828
0.0,0.0,0.0,-0.05404487266268049
0.0,0.0,0.0,0.010075353322584954
0.0,0.0,0.0,-0.034718609479210544
0.0,0.0,0.0,-0.07077633660471802
0.0,0.0,0.0,-0.07462122895162737
0.0,0.0,0.0,-0.11188918866128814
0.0,0.0,0.0,-0.28147289740513415
0.0,0.0,0.0,-0.3008069519194862
0.0,0.0,0.0,-0.3263139231014817
0.0,0.0,0.0,-0.3630277325613369
0.0,0.0,0.0,-0.3124432429086973
0.0,0.0,0.0,-0.25317054780881876
0.0,0.0,0.0,-0.25933639610623915
0.0,0.0,0.0,-0.32450179535875007
0.0,0.0,0.0,-0.1921530495327226
0.0,0.0,0.0,-0.21767196969502148
0.0,0.0,0.0,-0.20294999919949408
0.0,0.0,0.0,-0.20126577164394283
0.0,0.0,0.0,-0.22171317960505066
0.0,0.0,0.0,-0.14450341824090668
0.0,0.0,0.0,-0.14435500568184567
0.0,0.0,0.0,-0.1095700816520924
0.0,0.0,0.0,-0.024536707700481553
0.0,0.0,0.0,-0.03745627542094093
0.0,0.0,0.0,-0.024159137066548375
0.0,0.0,0.0,0.05903368561291599
0.0,0.0,0.0,0.11076052783264334
0.0,0.0,0.0,0.1352601595169274
0.0,0.0,0.0,0.118588193921878
0.0,0.0,0.0,0.20207354944383327
0.0,0.0,0.0,0.22513552588358357
0.14,0.0,0.0,0.3831657680872246
0.25,0.0,0.14,0.6022229174547032
0.59,0.0,0.25,0.6686001365676731
1.26,0.5488119,0.59,1.0789213225198209
2.35,1.2867348,1.26,1.781343307089433
3.22,2.3455067,2.35,2.905148068985179
4.16,3.6494517,3.22,3.949640212926111
5.91,5.4597096,4.16,4.884428990433266
5.07,6.973755,5.91,6.779985029118711
5.95,7.713185,5.07,5.96601788047873
6.67,8.361176,5.95,6.805882608149393
7.76,9.181605,6.67,7.453120784818871
10.39,9.647349,7.76,8.633721453769219
10.44,10.847927,10.39,11.241111245788135
9.19,11.681879,10.44,11.431262804464497
10.26,11.704077,9.19,10.323815670006859
8.76,11.784933,10.26,11.231362130672581
10.02,10.589164,8.76,9.692208315163244
11.12,10.78476,10.02,10.808395831049374
8.73,11.550249,11.12,11.855460375090912
9.39,10.915956,8.73,9.429079884674186
9.19,10.662986,9.39,10.019398670806229
9.21,10.320684,9.19,9.695263210605916
9.07,10.122578,9.21,9.738980296455287
10.39,9.771072,9.07,9.530235734674857
10.8,9.950137,10.39,10.779452132795825
9.45,9.807707,10.8,11.216839099225167
10.19,9.748721,9.45,9.964457405951656
8.53,9.509022,10.19,10.493257609701205
8.81,8.439742,8.53,8.887287959243467
8.44,8.474608,8.81,9.047424103988398
6.73,7.7638016,8.44,8.660223124700275
5.47,6.660131,6.73,6.99575292894578
5.54,5.6245766,5.47,5.606530226021691
5.48,4.8904896,5.54,5.584723478780486
4.63,4.669427,5.48,5.466492826836465
4.14,4.2069817,4.63,4.627119142343914
3.24,3.7569554,4.14,4.202010273692192
3.11,3.1412654,3.24,3.2707212374035297
2.42,2.5104806,3.11,3.1973882237682423
1.52,1.9026585,2.42,2.4506637186767124
0.92,1.2022494,1.52,1.6005926263724208
0.38,0.534476,0.92,1.027062618012592
0.19,0.0,0.38,0.47494354080106993
0.08,0.0,0.19,0.3122957253551316
0.0,0.0,0.08,0.12850191053354554
0.0,0.0,0.0,0.06586626250066556
0.0,0.0,0.0,0.1636443649039129
0.0,0.0,0.0,0.11093703672994973
0.0,0.0,0.0,0.08493975245091517
0.0,0.0,0.0,0.1533577056763802
0.0,0.0,0.0,0.17078470701728268
0.0,0.0,0.0,0.1648086090371467
0.0,0.0,0.0,0.1623335707748083
0.0,0.0,0.0,0.1165139659767134
0.0,0.0,0.0,0.17075224069507536
0.0,0.0,0.0,0.14588908270772616
0.0,0.0,0.0,0.10034079864205642
0.0,0.0,0.0,0.12112858470852136
0.0,0.0,0.0,0.015430010139335162
0.0,0.0,0.0,-0.04110129405804311
0.0,0.0,0.0,-0.04892805307065769
0.0,0.0,0.0,-0.031422474373515794
0.0,0.0,0.0,-0.028167149097465607
0.0,0.0,0.0,0.03442267312374965
0.0,0.0,0.0,-0.05116369531452468
0.0,0.0,0.0,-0.05229579586512517
0.0,0.0,0.0,-0.0940538494885431
0.0,0.0,0.0,-0.17346720037855345
0.0,0.0,0.0,-0.11081312428121243
0.0,0.0,0.0,-0.18905378965151604
0.0,0.0,0.0,-0.32756412537073837
0.0,0.0,0.0,-0.34315110204689464
0.0,0.0,0.0,-0.35010593113875615
0.0,0.0,0.0,-0.37459879085218206
0.0,0.0,0.0,-0.3572606258805494
0.0,0.0,0.0,-0.2989728964127298
0.0,0.0,0.0,-0.37579644382395405
0.0,0.0,0.0,-0.28690046443935613
0.0,0.0,0.0,-0.2773955064798278
0.0,0.0,0.0,-0.28253056460118803
0.0,0.0,0.0,-0.24778764591773167
0.0,0.0,0.0,-0.1841151532238111
0.0,0.0,0.0,-0.2411218771855716
0.0,0.0,0.0,-0.174488607838573
0.0,0.0,0.0,-0.1652867226669999
0.0,0.0,0.0,-0.05119443919806614
0.0,0.0,0.0,-0.028781857095271715
0.0,0.0,0.0,-0.05517857616072701
0.0,0.0,0.0,-0.018537790795959477
0.0,0.0,0.0,-0.026702040568004
0.0,0.0,0.0,0.17097935315814214
0.0,0.0,0.0,0.13717644941521254
0.0,0.0,0.0,0.1307811128385568
0.0,0.0,0.0,0.26147796838546405
0.0,0.0,0.0,0.3147829446921159
0.05,0.0,0.0,0.35114790775046806
0.12,0.0,0.05,0.38609855706886625
0.31,0.0,0.12,0.47453968059700485
0.55,0.11919086,0.31,0.795942599943099
1.03,0.6958808,0.55,1.0034587810452433
2.29,1.2175479,1.03,1.5510579749471074
3.01,2.1702197,2.29,2.9103190601724642
3.45,4.0654383,3.01,3.6744837752074195
5.47,5.44368,3.45,4.178404224471209
4.77,6.4675803,5.47,6.131946214494479
6.61,6.9485245,4.77,5.47969984796768
7.44,8.229214,6.61,7.447139364675145
7.12,8.912475,7.44,8.21168414348746
8.35,9.067782,7.12,7.904422486892942
7.95,8.731932,8.35,9.266192773971971
9.24,8.675625,7.95,8.6853379508888
7.5600000000000005,9.459989,9.24,10.033504919218297
9.37,8.814234,7.5600000000000005,8.370083231806202
7.819999999999999,9.760343,9.37,10.061841422878064
9.13,9.171569,7.819999999999999,8.612592307162314
8.96,9.430546,9.13,9.841612427198992
8.09,9.202495,8.96,9.550551601244155
8.86,9.355131,8.09,8.717740703178547
8.45,9.140503,8.86,9.380075714100336
8.71,8.780272,8.45,8.967490372347847
9.71,8.651222,8.71,9.223611396445065
8.64,8.857205,9.71,10.150788221604698
8.87,8.296679,8.64,9.188042146497146
8.7,8.180949,8.87,9.281508789156103
7.59,7.6541753,8.7,9.102682180597974
6.12,7.0192103,7.59,7.975151662322472
4.94,6.109379,6.12,6.477712053259315
4.75,5.2158413,4.94,5.225778065678178
4.47,4.4105244,4.75,4.8696327891699065
2.96,4.1529284,4.47,4.615260412008668
2.56,3.1996684,2.96,3.034066500991466
2.26,2.5316677,2.56,2.772634432773669
1.71,1.976457,2.26,2.424451798737598
1.07,1.599635,1.71,1.8039798030420902
0.75,1.0017668,1.07,1.233778293827918
0.47,0.61923623,0.75,0.8601154459083757
0.28,0.30586836,0.47,0.6109136118996794
0.15,0.11024703,0.28,0.384439376716168
0.06,0.0,0.15,0.3352735511237553
0.03,0.0,0.06,0.28681299396046656
0.0,0.0,0.03,0.20806762786763175
0.0,0.0,0.0,0.21627547423630958
0.0,0.0,0.0,0.18356117325707164
0.0,0.0,0.0,0.26708079370532656
0.0,0.0,0.0,0.17997579453782658
0.0,0.0,0.0,0.2798926751451337
0.0,0.0,0.0,0.24820103948234584
0.0,0.0,0.0,0.25837878695605565
0.0,0.0,0.0,0.15764208744211328
0.0,0.0,0.0,0.17540875162097852
0.0,0.0,0.0,0.12606415567421342
0.0,0.0,0.0,0.07658718158764753
0.0,0.0,0.0,0.1036902273420514
0.0,0.0,0.0,0.08566397083039808
0.0,0.0,0.0,0.11447523295569133
0.0,0.0,0.0,0.03868440057810202
0.0,0.0,0.0,0.03363009144905969
0.0,0.0,0.0,-0.014877656791215596
0.0,0.0,0.0,-0.12644890526588196
0.0,0.0,0.0,-0.1045595136362782
0.0,0.0,0.0,-0.1273165109868996
0.0,0.0,0.0,-0.15303785756175484
0.0,0.0,0.0,-0.1491947735232308
0.0,0.0,0.0,-0.1360800657461595
0.0,0.0,0.0,-0.18073567336484414
0.0,0.0,0.0,-0.2220591690406376
0.0,0.0,0.0,-0.3799388141153526
0.0,0.0,0.0,-0.36459866531388263
0.0,0.0,0.0,-0.3898152435298703
0.0,0.0,0.0,-0.3888384562042554
0.0,0.0,0.0,-0.43093962561695476
0.0,0.0,0.0,-0.3974466070375011
0.0,0.0,0.0,-0.4049706599794958
0.0,0.0,0.0,-0.3483778383200947
0.0,0.0,0.0,-0.3939065452440439
0.0,0.0,0.0,-0.26590668056677813
0.0,0.0,0.0,-0.38753083616669487
0.0,0.0,0.0,-0.357023515559201
0.0,0.0,0.0,-0.19180787819073272
0.0,0.0,0.0,-0.3007992580162182
0.0,0.0,0.0,-0.1847939341130999
0.0,0.0,0.0,-0.1365764601496935
0.0,0.0,0.0,-0.07906605080693435
0.0,0.0,0.0,-0.16051404131051972
0.0,0.0,0.0,-0.10269092200525888
0.0,0.0,0.0,0.018466021477665726
0.0,0.0,0.0,-0.02687184809126532
0.0,0.0,0.0,0.14359614409589133
0.0,0.0,0.0,0.04471851261023514
0.0,0.0,0.0,0.2106661163821572
0.0,0.0,0.0,0.26689213823058566
0.03,0.0,0.0,0.32142271882278495
0.06,0.0,0.03,0.34230063354054885
0.15,0.0,0.06,0.3792123052180301
0.35,0.0,0.15,0.5097037529805767
0.61,0.0,0.35,0.7819342911979379
1.36,0.0,0.61,1.0707903478062961
2.43,0.35442618,1.36,1.9242066640452886
2.74,2.0934308,2.43,3.0711670141499914
3.48,3.3801906,2.74,3.4349706420312094
3.31,4.2681913,3.48,4.158775604478427
4.68,4.2548532,3.31,4.029990552173602
4.78,5.355323,4.68,5.406854174290221
4.8,5.8436413,4.78,5.432856367365494
4.83,5.9938974,4.8,5.59561479060295
5.35,5.4515066,4.83,5.505482054297213
4.9,5.775926,5.35,6.053080910626137
5.3,5.2717123,4.9,5.639926873478974
6.18,5.1815147,5.3,6.047836712130104
5.94,5.2647943,6.18,6.8064602030776875
5.83,6.4309916,5.94,6.656787471120971
6.09,6.303969,5.83,6.415806579244178
6.54,6.301464,6.09,6.684911698748179
6.8,6.2091813,6.54,7.175542909429739
5.83,6.3442454,6.8,7.324849118908788
5.69,6.369567,5.83,6.337301342162911
5.81,6.047777,5.69,6.155822913117184
6.77,6.0509,5.81,6.1700885577433855
5.68,6.241921,6.77,7.16043768186767
6.6,5.7128854,5.68,6.130904742047791
5.94,5.8142066,6.6,6.8572613499990664
5.43,5.259923,5.94,6.292523365099262
4.76,4.9262185,5.43,5.757456128063052
4.6,4.3075576,4.76,5.139292656185845
4.64,4.042502,4.6,4.777075539860021
4.8,3.7655506,4.64,4.9343070100617625
4.26,3.3389897,4.8,5.146426876832349
3.02,3.2380419,4.26,4.587298062615041
2.75,2.6916854,3.02,3.3574313293668236
2.88,2.380739,2.75,2.960360143705933
2.01,1.8480619,2.88,3.1512479646069287
1.38,1.4413887,2.01,2.2226305807500477
0.64,1.0244684,1.38,1.5806857296225423
0.38,0.41433018,0.64,0.8268322113912685
0.14,0.0,0.38,0.595256827750153
0.07,0.0,0.14,0.30542145760180817
0.0,0.0,0.07,0.30903343828190555
0.0,0.0,0.0,0.17435706280145483
0.0,0.0,0.0,0.1097242837575476
0.0,0.0,0.0,0.1075152858000239
0.0,0.0,0.0,0.20091818006659048
0.0,0.0,0.0,0.1527224163650131
0.0,0.0,0.0,0.2135594022090143
0.0,0.0,0.0,0.1102213707638619
0.0,0.0,0.0,0.15498684916834937
0.0,0.0,0.0,0.1523467445977838
0.0,0.0,0.0,0.057059227226917315
0.0,0.0,0.0,0.10902496520076153
0.0,0.0,0.0,0.010365147258549166
0.0,0.0,0.0,0.07930537549557765
0.0,0.0,0.0,0.03115355263288419
0.0,0.0,0.0,-0.05968310429230787
0.0,0.0,0.0,-0.011256866909130497
0.0,0.0,0.0,-0.1588464680941154
0.0,0.0,0.0,-0.10456093974130914
0.0,0.0,0.0,-0.06514725159514845
0.0,0.0,0.0,-0.1605569385086049
0.0,0.0,0.0,-0.134483647964512
0.0,0.0,0.0,-0.16508280660846386
0.0,0.0,0.0,-0.11179385100709316
0.0,0.0,0.0,-0.23689984300929112
0.0,0.0,0.0,-0.15215642605312074
0.0,0.0,0.0,-0.20585794058004897
0.0,0.0,0.0,-0.16405868611226795
0.0,0.0,0.0,-0.27279492916861525
0.0,0.0,0.0,-0.1554998083151538
0.0,0.0,0.0,-0.165960423705135
0.0,0.0,0.0,-0.19348695936553412
0.0,0.0,0.0,-0.18749890625109644
0.0,0.0,0.0,-0.12752932458421434
0.0,0.0,0.0,-0.17222692648560897
0.0,0.0,0.0,-0.10564103316543012
0.0,0.0,0.0,-0.09429012959639903
0.0,0.0,0.0,-0.055685367446697207
0.0,0.0,0.0,-0.05496254526987113
0.0,0.0,0.0,-0.055417313847413996
0.0,0.0,0.0,0.05364381813779025
0.0,0.0,0.0,0.050684785092601874
0.0,0.0,0.0,0.026261415180086622
0.0,0.0,0.0,0.17950499066736542
0.0,0.0,0.0,0.19239520930828594
0.0,0.0,0.0,0.2764943595353964
0.0,0.0,0.0,0.27990184725315526
0.0,0.0,0.0,0.3133051841133602
0.0,0.0,0.0,0.36718281729248176
0.0,0.0,0.0,0.4352186275296053
0.0,0.0,0.0,0.4622807576928116
0.2,0.0,0.0,0.4442929678839066
0.43,0.0,0.2,0.7853865108945854
0.94,0.0,0.43,1.0305493036489533
1.8900000000000001,0.91449356,0.94,1.5751819304888097
3.07,1.9615278,1.8900000000000001,2.5479401272723416
3.7700000000000005,3.3040063,3.07,3.85345149039992
5.0,4.5495477,3.7700000000000005,4.675443698930065
6.45,6.0566382,5.0,6.0505786880727275
6.68,7.353345,6.45,7.436517507926452
8.65,8.1433115,6.68,7.86025054950088
10.43,9.207618,8.65,9.848693566112644
14.1,10.925462,10.43,11.576714836350025
13.58,13.654978,14.1,15.384622584034494
12.43,14.953226,13.58,15.127718684574518
14.42,15.009284,12.43,13.93520293098883
15.52,15.569551,14.42,15.700419681077753
12.62,16.328773,15.52,16.75227299359804
13.59,15.267712,12.62,13.803465844268386
15.27,15.392379,13.59,14.618433523161459
14.46,15.781029,15.27,16.115462137573967
13.87,15.729553,14.46,15.459601830806427
13.78,15.22633,13.87,14.702697001451002
12.36,14.716694,13.78,14.505286899128656
13.15,13.456372,12.36,12.943817053144336
11.65,13.422208,13.15,13.658151483050744
10.93,12.226536,11.65,11.998412505876082
10.07,11.245011,10.93,11.251747119609279
11.44,10.561586,10.07,10.227936993761846
11.28,10.358621,11.44,11.525213382463962
8.92,9.865539,11.28,11.555602819175956
8.74,9.181135,8.92,9.06944845284805
7.59,8.133225,8.74,8.827551702888615
6.93,7.1545353,7.59,7.591622819655259
6.07,6.299936,6.93,6.9772311499070225
5.11,5.521257,6.07,6.0167244406946
4.83,4.595653,5.11,5.082105943907114
3.81,4.0332804,4.83,4.768022365460175
3.81,3.2190773,3.81,3.788828172178241
2.8,2.8211153,3.81,3.851165386135249
2.22,2.0512743,2.8,2.8071939479274253
1.43,1.4696181,2.22,2.252517522361042
0.93,0.7519941,1.43,1.4694897440063937
0.47,0.15227702,0.93,1.0360582967963994
0.19,0.0,0.47,0.5437898545861314
0.1,0.0,0.19,0.274625901829587
0.0,0.0,0.1,0.2162138369495447
0.0,0.0,0.0,0.16212239657911326
0.0,0.0,0.0,0.27513357017576395
0.0,0.0,0.0,0.21077122212213034
0.0,0.0,0.0,0.21212945988641452
0.0,0.0,0.0,0.24133606716170014
0.0,0.0,0.0,0.2744937512448587
0.0,0.0,0.0,0.2845340329411781
0.0,0.0,0.0,0.29413130450436614
0.0,0.0,0.0,0.211408823718433
0.0,0.0,0.0,0.32637037703740296
0.0,0.0,0.0,0.2796593562854793
0.0,0.0,0.0,0.2855125155617434
0.0,0.0,0.0,0.21967960503214434
0.0,0.0,0.0,0.18761988474046526
0.0,0.0,0.0,0.14372037273027016
0.0,0.0,0.0,0.16125441472262095
0.0,0.0,0.0,0.1224930530604938
0.0,0.0,0.0,0.1349897363468672
0.0,0.0,0.0,0.029580173578972677
0.0,0.0,0.0,0.0375061833188222
0.0,0.0,0.0,0.06172857076389239
0.0,0.0,0.0,-0.015912215003271238
0.0,0.0,0.0,-0.045417875292310464
0.0,0.0,0.0,-0.05769617857079981
0.0,0.0,0.0,-0.0752839303354455
0.0,0.0,0.0,-0.35930998135409836
0.0,0.0,0.0,-0.4170830177248009
0.0,0.0,0.0,-0.35715216932547506
0.0,0.0,0.0,-0.4501012684955228
0.0,0.0,0.0,-0.2861053443580067
0.0,0.0,0.0,-0.29034365540774293
0.0,0.0,0.0,-0.3642899879122713
0.0,0.0,0.0,-0.38880701122232375
0.0,0.0,0.0,-0.34168635407108305
0.0,0.0,0.0,-0.36065023143361563
0.0,0.0,0.0,-0.32453401898480483
0.0,0.0,0.0,-0.21861516249848917
0.0,0.0,0.0,-0.2905008242873801
0.0,0.0,0.0,-0.24064855566757748
0.0,0.0,0.0,-0.10380768252647013
0.0,0.0,0.0,-0.08878528519571154
0.0,0.0,0.0,-0.10590584426743328
0.0,0.0,0.0,-0.008254573243707715
0.0,0.0,0.0,0.0005298724571595193
0.0,0.0,0.0,-0.07488960315308539
0.0,0.0,0.0,0.016560969395864114
0.0,0.0,0.0,0.15607721886408266
0.0,0.0,0.0,0.10193744339165138
0.0,0.0,0.0,0.14454410793446965
0.0,0.0,0.0,0.18304702755714558
0.1,0.0,0.0,0.2870398977360277
0.18,0.0,0.1,0.41394468664239636
0.48999999999999994,0.0,0.18,0.5182641076506006
1.04,0.38223958,0.48999999999999994,0.9587224359918581
1.28,1.0375888,1.04,1.5307577015202654
2.46,1.5590177,1.28,1.7499958641402498
3.57,2.9082212,2.46,3.0188759468586546
4.14,4.6493797,3.57,4.123494785386685
4.94,5.8228097,4.14,4.842036343410349
5.59,6.3998084,4.94,5.658877010261106
6.83,7.0064583,5.59,6.184790351068593
6.51,8.472717,6.83,7.445772452305231
6.72,8.302769,6.51,7.1827172456731025
7.15,7.884127,6.72,7.412752297369456
8.87,7.552322,7.15,7.727627645209807
9.8,8.595244,8.87,9.481797668543525
10.41,9.423848,9.8,10.487903161413858
10.0,9.983073,10.41,11.004990532828124
10.41,10.082678,10.0,10.654403398731723
12.37,9.982861,10.41,11.073354831787391
11.97,11.111909,12.37,12.91464980525936
12.02,11.269672,11.97,12.509267061674642
10.09,10.869819,12.02,12.625660700450386
10.07,9.975157,10.09,10.419123994842458
9.44,8.556467,10.07,10.449049856504086
6.83,7.927823,9.44,9.708678200469597
6.03,6.719517,6.83,7.004074488161996
5.76,5.7513456,6.03,6.088012588078931
5.05,5.0173206,5.76,5.693247796793414
4.62,3.864119,5.05,5.023968412885066
3.52,3.1042333,4.62,4.646923486049937
2.74,2.1470528,3.52,3.4058334800998855
2.35,1.3287753,2.74,2.6612882051376303
1.12,0.50801885,2.35,2.304021984625396
0.53,0.0,1.12,0.9453992158419999
0.2,0.0,0.53,0.49485803315049426
0.12,0.0,0.2,0.0996939061148297
0.0,0.0,0.12,0.06001507861465069
0.0,0.0,0.0,-0.048464642651068895
0.0,0.0,0.0,-0.033219960095881296
0.0,0.0,0.0,-0.009527303639674592
0.0,0.0,0.0,0.059152382889842633
0.0,0.0,0.0,0.04505107336955007
0.0,0.0,0.0,0.005188005696810313
0.0,0.0,0.0,0.022852583787877113
0.0,0.0,0.0,0.11227561481624238
0.0,0.0,0.0,0.07613401218411892
0.0,0.0,0.0,0.0643058099615372
0.0,0.0,0.0,0.04769423653084821
0.0,0.0,0.0,0.03897525215826033
0.0,0.0,0.0,0.04242758750099194
0.0,0.0,0.0,0.029489290626825773
0.0,0.0,0.0,0.02082931875564402
0.0,0.0,0.0,-0.08932116916105001
0.0,0.0,0.0,-0.043399372502687314
0.0,0.0,0.0,-0.09162399608826616
0.0,0.0,0.0,-0.1388244744161244
0.0,0.0,0.0,-0.14463760972387996
0.0,0.0,0.0,-0.16105415501725992
0.0,0.0,0.0,-0.20556112835110307
0.0,0.0,0.0,-0.2138668858671922
0.0,0.0,0.0,-0.21015766596753319
0.0,0.0,0.0,-0.20141390444839335
0.0,0.0,0.0,-0.47113803251927183
0.0,0.0,0.0,-0.45808014353375953
0.0,0.0,0.0,-0.43824102682298754
0.0,0.0,0.0,-0.45404034004819266
0.0,0.0,0.0,-0.4712330084667322
0.0,0.0,0.0,-0.5233942666576229
0.0,0.0,0.0,-0.4267925911133791
0.0,0.0,0.0,-0.38478448019037337
0.0,0.0,0.0,-0.369249383554655
0.0,0.0,0.0,-0.4406631214175728
0.0,0.0,0.0,-0.41751060036183624
0.0,0.0,0.0,-0.30665855630729427
0.0,0.0,0.0,-0.3296848511690601
0.0,0.0,0.0,-0.31082610709290404
0.0,0.0,0.0,-0.3124718073737708
0.0,0.0,0.0,-0.18841216008426165
0.0,0.0,0.0,-0.1309512245654018
0.0,0.0,0.0,-0.07145925440653934
0.0,0.0,0.0,-0.07702391074498653
0.0,0.0,0.0,-0.1275043320035847
0.0,0.0,0.0,-0.10098911737738164
0.0,0.0,0.0,0.0649359953334008
0.0,0.0,0.0,0.10681959102182441
0.0,0.0,0.0,0.1491578201629878
0.0,0.0,0.0,0.16251238833225587
0.0,0.0,0.0,0.23624627141155732
0.12,0.0,0.0,0.2862551386845611
0.23,0.0,0.12,0.48769956719888574
0.66,0.0,0.23,0.5359635881805742
1.34,0.12898271,0.66,1.0079906439276969
1.8999999999999997,0.8834772,1.34,1.7398905590954181
2.19,2.076222,1.8999999999999997,2.403999502964404
2.48,3.2614548,2.19,2.758261048082149
2.82,3.6828384,2.48,3.093493041540728
3.53,4.27084,2.82,3.310137741538361
3.38,4.551094,3.53,4.129038934924088
3.28,4.9734454,3.38,3.880844962517348
3.56,4.93215,3.28,3.8088588504744028
3.33,4.3335667,3.56,4.141767590203737
3.51,3.4887724,3.33,3.9405346304159905
3.9199999999999995,3.8045044,3.51,4.0183161590796965
4.52,4.1719313,3.9199999999999995,4.387045170888283
4.79,3.9839003,4.52,5.083573032890825
5.42,4.2621655,4.79,5.417015006176376
6.23,5.102621,5.42,6.012288187239843
5.71,5.5237637,6.23,6.885683685814493
5.79,5.7071214,5.71,6.3947264756391755
6.4,5.7334065,5.79,6.471661688068932
5.82,5.640442,6.4,7.03417620851967
6.3,5.7784095,5.82,6.436107454935001
5.44,5.884139,6.3,6.858542817063044
5.86,5.200948,5.44,6.019711211513739
5.0,4.969871,5.86,6.4486998606928845
4.78,4.4365344,5.0,5.486935252333111
5.54,4.661933,4.78,5.14331016282292
5.2,4.8924656,5.54,5.904347333008344
5.48,4.5651875,5.2,5.555461266492981
5.13,4.262565,5.48,5.806942221543174
5.19,3.8409421,5.13,5.464212124473756
5.51,3.7981281,5.19,5.547310272685421
4.77,3.9215407,5.51,5.890349628976994
5.33,3.619377,4.77,5.130230454454018
3.21,3.7077298,5.33,5.647058397021639
3.61,3.3239026,3.21,3.4920850909610524
2.88,2.861708,3.61,3.9427216555727584
1.97,1.9783013,2.88,3.166565884803772
0.92,0.97719085,1.97,2.2649999917613357
0.55,0.17979023,0.92,1.144814984403269
0.22,0.0,0.55,0.6214869900738043
0.1,0.0,0.22,0.31046018008495463
0.0,0.0,0.1,0.1804284154195116
0.0,0.0,0.0,0.03427255098635347
0.0,0.0,0.0,0.12265929741504314
0.0,0.0,0.0,0.12401665557998623
0.0,0.0,0.0,0.03303795761348288
0.0,0.0,0.0,0.026311674735944174
0.0,0.0,0.0,0.0906714217981858
0.0,0.0,0.0,0.08497063865407178
0.0,0.0,0.0,-0.04361077607256514
0.0,0.0,0.0,0.022804573434158787
0.0,0.0,0.0,0.06585229052054445
0.0,0.0,0.0,0.02338362314564371
0.0,0.0,0.0,-0.07089071004593071
0.0,0.0,0.0,-0.027465116216645047
0.0,0.0,0.0,-0.08436560383944754
0.0,0.0,0.0,-0.09189134246819441
0.0,0.0,0.0,-0.18133394667546204
0.0,0.0,0.0,-0.16134705216081824
0.0,0.0,0.0,-0.1706014757173196
0.0,0.0,0.0,-0.12527694025648517
0.0,0.0,0.0,-0.2096645255549759
0.0,0.0,0.0,-0.2294034480660334
0.0,0.0,0.0,-0.2948507750750323
0.0,0.0,0.0,-0.25951288670013317
0.0,0.0,0.0,-0.2666359238527076
0.0,0.0,0.0,-0.27638988939903053
0.0,0.0,0.0,-0.01780256785245831
0.0,0.0,0.0,-0.10303536164938024
0.0,0.0,0.0,-0.06812635029070403
0.0,0.0,0.0,-0.0858900037953473
0.0,0.0,0.0,-0.058660903489522465
0.0,0.0,0.0,-0.1099739036433943
0.0,0.0,0.0,-0.08126558464280731
0.0,0.0,0.0,-0.03347761990871882
0.0,0.0,0.0,-0.01654497743318481
0.0,0.0,0.0,0.05408659459435333
0.0,0.0,0.0,0.10171507693170584
0.0,0.0,0.0,0.05452811289764287
0.0,0.0,0.0,0.11774644438472544
0.0,0.0,0.0,0.05972195647475184
0.0,0.0,0.0,0.09115250459514827
0.0,0.0,0.0,0.21247578742983775
0.0,0.0,0.0,0.2540232444247413
0.0,0.0,0.0,0.2982580016003817
0.0,0.0,0.0,0.23808989815851134
0.0,0.0,0.0,0.29703830479901006
0.0,0.0,0.0,0.36625826924910143
0.0,0.0,0.0,0.448764153456741
0.0,0.0,0.0,0.4747254190433624
0.0,0.0,0.0,0.48379312554351084
0.0,0.0,0.0,0.5535353080895205
0.0,0.0,0.0,0.5608276231654454
0.48999999999999994,0.0,0.0,0.6846089321207178
0.93,0.0,0.48999999999999994,1.2653289717152727
2.27,1.6061337,0.93,1.6679819151010706
4.74,3.0909889,2.27,3.017253658896962
6.19,5.274441,4.74,5.698812782810407
6.59,7.381797,6.19,7.242209429003179
8.46,9.573877,6.59,7.855381342305721
10.81,10.898072,8.46,9.580888998265378
12.47,11.9551735,10.81,11.993991270648525
12.94,13.738115,12.47,13.745203333026508
18.32,14.566424,12.94,14.314152450075493
17.93,17.331762,18.32,19.686690696663295
20.1,18.042881,17.93,19.45427700892125
17.95,19.206448,20.1,21.55151716280212
18.78,19.280384,17.95,19.320335959590047
20.62,19.194061,18.78,19.997565644078826
20.2,20.275759,20.62,21.709686781979727
20.57,20.782568,20.2,21.141562930248504
19.54,20.642437,20.57,21.527976825895205
19.56,20.091581,19.54,20.316478467063025
20.34,20.762321,19.56,20.160644909059652
20.66,20.334211,20.34,20.867720794328758
23.57,20.173452,20.66,21.053956777409894
19.65,21.357582,23.57,23.83140492847714
20.85,19.74058,19.65,20.056959849338828
22.16,19.470778,20.85,21.038054955055546
22.93,19.73442,22.16,22.281817199116006
21.67,19.216045,22.93,23.002069054480174
19.27,19.318026,21.67,21.806457947150903
19.3,17.353748,19.27,19.331645192626013
16.1,16.003826,19.3,19.233793915832855
14.55,14.139363,16.1,15.934130165781005
16.43,12.501803,14.55,14.175436479437444
14.38,12.032564,16.43,15.862787457577204
10.42,11.02411,14.38,13.925093324620622
9.47,8.521985,10.42,9.998832853595461
8.24,6.900809,9.47,8.95155094727694
5.71,5.629467,8.24,7.627585272789519
5.1,3.5429463,5.71,5.090638703109047
2.93,2.50453,5.1,4.312047627066216
1.6,1.1049112,2.93,2.2340336353885415
0.55,0.0,1.6,0.9721838343617628
0.27,0.0,0.55,-0.09115015891135836
0.0,0.0,0.27,-0.3671686726486753
0.0,0.0,0.0,-0.4477261276105779
0.0,0.0,0.0,-0.5029928845037474
0.0,0.0,0.0,-0.316762395800074
0.0,0.0,0.0,-0.14321162117989333
0.0,0.0,0.0,-0.11329670552637228
0.0,0.0,0.0,-0.02460258105122612
0.0,0.0,0.0,0.1009499994253302
0.0,0.0,0.0,0.08136984170362505
0.0,0.0,0.0,0.16441770890611992
0.0,0.0,0.0,0.20580634890157576
0.0,0.0,0.0,0.22132770898734805
0.0,0.0,0.0,0.21796260783786883
0.0,0.0,0.0,0.24857652840764544
0.0,0.0,0.0,0.243184661187508
0.0,0.0,0.0,0.2837134870782495
0.0,0.0,0.0,0.24773260302140476
0.0,0.0,0.0,0.24211790634187033
0.0,0.0,0.0,0.3143714489053406
0.0,0.0,0.0,0.2371022492879929
0.0,0.0,0.0,0.2523313071893887
0.0,0.0,0.0,0.24558848270286615
0.0,0.0,0.0,0.23571818693200128
0.0,0.0,0.0,0.20055178363072676
0.0,0.0,0.0,0.17649091261889782
0.0,0.0,0.0,0.13040844977573013
0.0,0.0,0.0,-0.030275883936961914
0.0,0.0,0.0,-0.13473040900870634
0.0,0.0,0.0,-0.10233084745850038
0.0,0.0,0.0,-0.05399696714764646
0.0,0.0,0.0,-0.09726187719237306
0.0,0.0,0.0,-0.11073718996377019
0.0,0.0,0.0,-0.01910988989616204
0.0,0.0,0.0,-0.05644174014013528
0.0,0.0,0.0,0.006565998459784166
0.0,0.0,0.0,-0.0587346893313246
0.0,0.0,0.0,0.014587180361590839
0.0,0.0,0.0,0.025195548799384418
0.0,0.0,0.0,0.01720760254919733
0.0,0.0,0.0,0.029415515373309824
0.0,0.0,0.0,0.16319432683894325
0.0,0.0,0.0,0.08337814173106216
0.0,0.0,0.0,0.2597485856180353
0.0,0.0,0.0,0.23406383084555296
0.0,0.0,0.0,0.1763178307811864
0.0,0.0,0.0,0.3075847227811224
0.0,0.0,0.0,0.36124184752861244
0.0,0.0,0.0,0.375527779882473
0.0,0.0,0.0,0.43348468289134445
0.0,0.0,0.0,0.4338812836255329
0.0,0.0,0.0,0.5563777431513485
0.0,0.0,0.0,0.5442982667071332
0.45,0.0,0.0,0.6651970152267903
0.89,0.27277282,0.45,1.0659376674328447
2.35,1.7488275,0.89,1.6384407069728975
4.33,3.3100224,2.35,3.1619055097536193
5.31,5.204833,4.33,5.181045802963381
7.510000000000001,7.004089,5.31,6.32722333076388
7.68,9.604701,7.510000000000001,8.599931878800458
11.04,11.085248,7.68,8.946960318190651
10.93,13.077773,11.04,12.16425207026789
12.48,13.7734165,10.93,12.164535549380473
15.43,15.26791,12.48,13.679000389857745
15.879999999999999,16.46791,15.43,16.654939369060777
16.37,17.585611,15.879999999999999,17.208761551427475
17.96,17.829836,16.37,17.728332638200456
16.63,19.355637,17.96,19.137211173202044
15.75,19.029099,16.63,17.693925553332367
18.63,18.491863,15.75,16.820411102970326
17.29,19.10442,18.63,19.490985845749925
16.58,19.297665,17.29,17.98032644311945
17.24,18.871181,16.58,17.224930206778367
19.76,18.674032,17.24,17.79430391949798
17.96,19.494366,19.76,20.206923544772103
18.59,18.76316,17.96,18.425528158913732
19.22,18.375206,18.59,18.948803543605784
20.06,18.684954,19.22,19.419733175314725
19.73,18.82575,20.06,20.34419780808568
19.75,18.613285,19.73,19.905518122652122
16.83,18.040522,19.75,19.784485645691028
16.89,16.712383,16.83,16.83559645133146
18.04,15.9408045,16.89,16.85368316170489
15.7,15.717693,18.04,17.729922043129772
13.11,14.632324,15.7,15.471324665908972
12.0,12.497601,13.11,12.964983042396902
12.21,11.286,12.0,11.549775092906344
9.53,10.046214,12.21,11.802719176103661
8.34,8.606473,9.53,9.186032796444994
7.46,7.268639,8.34,7.868003737263272
7.47,6.1426487,7.46,6.989195579446275
4.5,5.1311507,7.47,7.060668108731647
3.59,3.1655884,4.5,4.109707869495024
2.73,2.0033984,3.59,3.219255109818442
1.21,1.1521661,2.73,2.372465025737789
0.58,0.0,1.21,0.7639489677294731
0.28,0.0,0.58,0.13123407878370852
0.0,0.0,0.28,-0.07164768682655531
0.0,0.0,0.0,-0.3116301883578765
0.0,0.0,0.0,-0.19700560311604504
0.0,0.0,0.0,-0.190961174375047
0.0,0.0,0.0,-0.008061311591921957
0.0,0.0,0.0,-0.03801526405374178
0.0,0.0,0.0,-0.0005547518941520849
0.0,0.0,0.0,0.07854349712685368
0.0,0.0,0.0,0.13603060425115393
0.0,0.0,0.0,0.23890949589104243
0.0,0.0,0.0,0.2518705076597371
0.0,0.0,0.0,0.17428901155728682
0.0,0.0,0.0,0.1609874884352633
0.0,0.0,0.0,0.20921598315038625
0.0,0.0,0.0,0.2697396439032119
0.0,0.0,0.0,0.2148219782970953
0.0,0.0,0.0,0.18162135228217657
0.0,0.0,0.0,0.12721608097460863
0.0,0.0,0.0,0.21694743891076662
0.0,0.0,0.0,0.15838497709573826
0.0,0.0,0.0,0.1140862467169872
0.0,0.0,0.0,0.11278560434897553
0.0,0.0,0.0,0.09902503092855741
0.0,0.0,0.0,0.1044848588144933
0.0,0.0,0.0,0.09619430635561238
0.0,0.0,0.0,0.0020093699150468616
0.0,0.0,0.0,-0.10611058872215764
0.0,0.0,0.0,-0.11168221260274058
0.0,0.0,0.0,-0.2076574895222078
0.0,0.0,0.0,-0.20959641687208486
0.0,0.0,0.0,-0.16427795668838036
0.0,0.0,0.0,-0.10644045335820272
0.0,0.0,0.0,-0.08544750111960972
0.0,0.0,0.0,-0.12399944275407485
0.0,0.0,0.0,-0.09877504467008462
0.0,0.0,0.0,-0.088429041482712
0.0,0.0,0.0,-0.03217196121227492
0.0,0.0,0.0,0.049768633187318445
0.0,0.0,0.0,0.061320311308436445
0.0,0.0,0.0,0.07149936854039564
0.0,0.0,0.0,0.12943014840101968
0.0,0.0,0.0,0.122691918414145
0.0,0.0,0.0,0.1660929184915805
0.0,0.0,0.0,0.19743020941533623
0.0,0.0,0.0,0.24693935105084602
0.0,0.0,0.0,0.2572050203854748
0.0,0.0,0.0,0.32995625834389963
0.0,0.0,0.0,0.41777914982855513
0.0,0.0,0.0,0.3603897734115231
0.0,0.0,0.0,0.4225684525797092
0.0,0.0,0.0,0.5480298805508851
0.0,0.0,0.0,0.565704559402506
0.42,0.0,0.0,0.6666568271286528
0.73,0.40830797,0.42,0.9891931576794871
2.17,1.7267356,0.73,1.4547673298321555
3.7,3.0959766,2.17,2.944181445973022
5.71,4.8896937,3.7,4.498785700426371
7.79,7.1555767,5.71,6.684161589517048
9.23,10.045489,7.79,8.906995364102556
9.82,12.078575,9.23,10.404086531417612
11.71,13.1311245,9.82,11.16676725158272
13.95,14.10975,11.71,12.937086811387559
13.53,15.512259,13.95,15.162546282042923
15.289999999999997,16.550495,13.53,14.744367379122211
15.459999999999999,17.469728,15.289999999999997,16.46905079140315
15.069999999999999,17.31131,15.459999999999999,16.56389720037201
17.49,17.595476,15.069999999999999,16.267097057745108
21.14,18.62476,17.49,18.585355716908133
19.61,20.027454,21.14,22.135618936180315
18.46,20.346876,19.61,20.80577658767636
19.43,20.388172,18.46,19.522539569125094
20.41,20.39745,19.43,20.250941256584895
21.79,20.194624,20.41,21.164411473400126
20.64,20.832245,21.79,22.479638775219062
20.05,20.707094,20.64,21.084621106913303
21.43,20.063223,20.05,20.56695331997403
18.35,20.626001,21.43,21.74518465536073
18.31,19.054739,18.35,18.583641849038422
18.01,18.244541,18.31,18.36416297270621
20.91,17.39616,18.01,17.910377932782136
16.32,18.506216,20.91,20.60876273326958
15.34,15.930172,16.32,16.24041522571759
17.22,15.216784,15.34,15.170125586285113
16.39,14.482856,17.22,17.01410663829683
15.439999999999998,13.933057,16.39,16.00846074460883
12.94,13.435446,15.439999999999998,15.207574578513745
12.45,11.645723,12.94,12.636199876872947
10.83,10.201095,12.45,12.132284694551942
8.45,8.72016,10.83,10.426721668931098
6.92,7.093882,8.45,7.943280328117977
4.54,5.4565,6.92,6.431952180217538
3.8599999999999994,3.3086205,4.54,3.9113894755283907
2.59,2.2654495,3.8599999999999994,3.236703027155884
1.36,0.9312794,2.59,2.0849136465976814
0.57,0.0,1.36,0.8938050534209152
0.3,0.0,0.57,0.06783828303323469
0.0,0.0,0.3,-0.2656594130232068
0.0,0.0,0.0,-0.3933380684897587
0.0,0.0,0.0,-0.3122409414845678
0.0,0.0,0.0,-0.2139050530834495
0.0,0.0,0.0,-0.14812386109922457
0.0,0.0,0.0,-0.11100730290930713
0.0,0.0,0.0,0.06421398371614398
0.0,0.0,0.0,0.06776913493881744
0.0,0.0,0.0,0.1305529838546003
0.0,0.0,0.0,0.07740789902766151
0.0,0.0,0.0,0.1629052543411808
0.0,0.0,0.0,0.29954693522406856
0.0,0.0,0.0,0.2773329089465037
0.0,0.0,0.0,0.2222732926137126
0.0,0.0,0.0,0.23356651682634444
0.0,0.0,0.0,0.2206708578073492
0.0,0.0,0.0,0.1571332538045446
0.0,0.0,0.0,0.18119386035296392
0.0,0.0,0.0,0.24194103535450728
0.0,0.0,0.0,0.12659823751814583
0.0,0.0,0.0,0.10220029316579983
0.0,0.0,0.0,0.055706315281497734
0.0,0.0,0.0,0.14097578266096866
0.0,0.0,0.0,0.036334673251526284
0.0,0.0,0.0,0.03841851491351911
0.0,0.0,0.0,0.09071051036935597
0.0,0.0,0.0,-0.020356538198209387
0.0,0.0,0.0,0.03193646605346049
0.0,0.0,0.0,0.0026118417042896025
0.0,0.0,0.0,-0.03834899997892986
0.0,0.0,0.0,-0.046670445244624825
0.0,0.0,0.0,0.015224205271617552
0.0,0.0,0.0,-0.04096781793813134
0.0,0.0,0.0,-0.06162900417945205
0.0,0.0,0.0,0.03426678377030312
0.0,0.0,0.0,0.016776059267421158
0.0,0.0,0.0,0.08575949653247178
0.0,0.0,0.0,0.017708833098776175
0.0,0.0,0.0,0.13079261295527095
0.0,0.0,0.0,0.10575372453130868
0.0,0.0,0.0,0.1702549635204736
0.0,0.0,0.0,0.23534534913119443
0.0,0.0,0.0,0.26262829196215925
0.0,0.0,0.0,0.3464199068720055
0.0,0.0,0.0,0.3473202350581647
0.0,0.0,0.0,0.37082186607530715
0.0,0.0,0.0,0.45443265803532995
0.0,0.0,0.0,0.4441990237961753
0.0,0.0,0.0,0.4306770307750795
0.0,0.0,0.0,0.5035913153702529
0.0,0.0,0.0,0.6162557488808388
0.0,0.0,0.0,0.584446678918189
0.41,0.0,0.0,0.709260414419698
0.75,0.07856344,0.41,1.1236267619501712
1.91,1.4962809,0.75,1.4929881771559779
3.7,3.1049652,1.91,2.784118720856717
5.17,4.888416,3.7,4.64631076193915
6.57,7.013161,5.17,6.227466389765601
8.25,9.4646435,6.57,7.764557097660074
8.62,10.9014435,8.25,9.539414788209555
10.57,11.797764,8.62,9.863322552730741
12.51,12.45888,10.57,11.847925704363478
14.98,13.937653,12.51,13.675270736351347
16.86,15.765113,14.98,16.212304491412514
15.36,17.139004,16.86,18.21226926475484
16.64,17.064728,15.36,16.79030435564185
20.05,18.095297,16.64,17.922162100569413
19.99,19.776499,20.05,21.220063645332846
17.79,20.179165,19.99,21.198823889224194
21.9,20.357437,17.79,19.065761702072383
18.91,21.56952,21.9,22.74367080020205
23.27,20.311121,18.91,19.905155703480876
19.17,21.32257,23.27,24.123772294684084
20.65,20.477268,19.17,19.834773716035095
23.13,20.993814,20.65,21.247820118328054
22.53,20.857641,23.13,23.471597086839296
21.33,21.338943,22.53,22.903795456282857
19.64,20.438978,21.33,21.69632963691697
18.42,19.268476,19.64,19.73312864237898
20.26,18.629065,18.42,18.47321274142057
20.77,18.21621,20.26,20.020667662563856
17.68,18.426336,20.77,20.55957689706498
17.39,16.624735,17.68,17.509128254863565
15.23,15.523485,17.39,17.20968427962856
15.879999999999999,14.231769,15.23,14.737883889506062
12.32,13.47628,15.879999999999999,15.453228438930422
13.29,11.1841,12.32,11.98906604715136
10.05,10.473648,13.29,12.622503687223238
8.81,8.528082,10.05,9.514685734257476
7.630000000000001,7.311018,8.81,8.249055861359583
5.05,5.4715176,7.630000000000001,7.1482599865014596
4.4,3.4941952,5.05,4.466993988830145
2.91,2.364254,4.4,3.9094170375131654
1.28,1.0646122,2.91,2.2560066370052336
0.51,0.0,1.28,0.7562925283325106
0.28,0.0,0.51,-0.04571964423118802
0.0,0.0,0.28,-0.22473812803053272
0.0,0.0,0.0,-0.4094610085142372
0.0,0.0,0.0,-0.3081132981725057
0.0,0.0,0.0,-0.27895886524720237
0.0,0.0,0.0,-0.14485437228802528
0.0,0.0,0.0,0.01480895373894741
0.0,0.0,0.0,-0.008929047107953635
0.0,0.0,0.0,0.059018008050299546
0.0,0.0,0.0,0.08051801680410714
0.0,0.0,0.0,0.1985755175364218
0.0,0.0,0.0,0.2615828051399478
0.0,0.0,0.0,0.19779569851308498
0.0,0.0,0.0,0.2657825460569365
0.0,0.0,0.0,0.30882661575488446
0.0,0.0,0.0,0.35431585454578374
0.0,0.0,0.0,0.32000916727813716
0.0,0.0,0.0,0.29154820402758075
0.0,0.0,0.0,0.2681633196707932
0.0,0.0,0.0,0.28041190685572076
0.0,0.0,0.0,0.28475071806910884
0.0,0.0,0.0,0.27546422985061786
0.0,0.0,0.0,0.26684814472403173
0.0,0.0,0.0,0.1338738892127339
0.0,0.0,0.0,0.16665273881173526
0.0,0.0,0.0,0.11047072059982646
0.0,0.0,0.0,0.08262733765820093
0.0,0.0,0.0,-0.09681536730991862
0.0,0.0,0.0,-0.07592839020749628
0.0,0.0,0.0,-0.11621575631646779
0.0,0.0,0.0,-0.0769667973575492
0.0,0.0,0.0,-0.10533041421985342
0.0,0.0,0.0,-0.06820268637518674
0.0,0.0,0.0,-0.023064038487347477
0.0,0.0,0.0,0.004739794516520346
0.0,0.0,0.0,0.03115445661533215
0.0,0.0,0.0,-0.02533246473737885
0.0,0.0,0.0,-0.014834962844485974
0.0,0.0,0.0,0.029304582797645348
0.0,0.0,0.0,0.1126135099555467
0.0,0.0,0.0,0.10907543089936186
0.0,0.0,0.0,0.206920317452764
0.0,0.0,0.0,0.1918874736464421
0.0,0.0,0.0,0.30124416581714725
0.0,0.0,0.0,0.2132721977001496
0.0,0.0,0.0,0.3645423797035712
0.0,0.0,0.0,0.3777656537099464
0.0,0.0,0.0,0.32821506522350324
0.0,0.0,0.0,0.3970010347674018
0.0,0.0,0.0,0.5066152445897532
0.0,0.0,0.0,0.5869517497685732
0.0,0.0,0.0,0.6208027303988363
0.0,0.0,0.0,0.628183376310214
0.46,0.0,0.0,0.67002634884253
0.9,0.22889611,0.46,1.1992002063020695
2.06,1.643402,0.9,1.6851256084081117
4.29,3.2106783,2.06,2.939416149419757
5.96,5.128168,4.29,5.243130879758866
8.21,7.3927875,5.96,7.003315140750072
8.85,10.110392,8.21,9.390227749832166
10.85,11.527479,8.85,10.132914740603377
11.07,12.985529,10.85,12.101513389810803
14.83,13.504025,11.07,12.424598764899423
14.17,15.1558275,14.83,16.190807776118497
15.36,16.306923,14.17,15.592381500493758
18.06,17.232203,15.36,16.786165718196383
20.46,18.013958,18.06,19.389330021515644
17.83,19.826897,20.46,21.902959421188196
20.81,19.357178,17.83,19.408009275620493
19.01,20.69129,20.81,21.981220676997673
18.89,20.42481,19.01,20.19053279776412
21.03,20.209827,18.89,19.93637333883633
22.1,20.972473,21.03,21.831134879442175
22.5,21.655909,22.1,22.84518485008648
21.12,21.852013,22.5,23.427423409528345
22.6,21.36325,21.12,21.741388544984456
20.23,21.220985,22.6,23.117033017012062
21.39,20.094631,20.23,20.756955443319075
21.86,20.144608,21.39,21.676119237072374
20.09,20.024086,21.86,21.93858204701915
22.66,19.315248,20.09,20.14883713963474
20.8,19.341642,22.66,22.703383149647355
19.14,18.141672,20.8,20.771365418234076
19.07,17.647028,19.14,19.25601338070131
15.159999999999998,16.034836,19.07,18.924680006952695
15.020000000000001,14.200839,15.159999999999998,14.86742171160326
12.61,12.643185,15.020000000000001,14.749402629150314
11.76,10.567405,12.61,12.157314762018942
10.76,8.933389,11.76,11.278900325970326
8.69,7.5407257,10.76,10.273200317171092
8.11,6.0776043,8.69,8.11044100716747
6.87,4.864714,8.11,7.604372428905527
3.84,3.652811,6.87,6.300476866093739
3.0,1.9913437,3.84,3.347547306038048
1.34,0.8496266,3.0,2.4520160930515544
0.51,0.0,1.34,0.642190731940101
0.26,0.0,0.51,-0.15722370379876116
0.0,0.0,0.26,-0.35357352836774714
0.0,0.0,0.0,-0.4859998244769641
0.0,0.0,0.0,-0.3222836544217699
0.0,0.0,0.0,-0.29296256588944075
0.0,0.0,0.0,-0.24793764936862744
0.0,0.0,0.0,-0.09184410735512183
0.0,0.0,0.0,-0.06913353799706215
0.0,0.0,0.0,0.0096614935399289
0.0,0.0,0.0,0.10823329210653723
0.0,0.0,0.0,0.18078763516058086
0.0,0.0,0.0,0.20477097927142054
0.0,0.0,0.0,0.27778859416382523
0.0,0.0,0.0,0.26424159378481704
0.0,0.0,0.0,0.2516280607442726
0.0,0.0,0.0,0.3076884416845589
0.0,0.0,0.0,0.30732157356748474
0.0,0.0,0.0,0.2978801050293211
0.0,0.0,0.0,0.20600906058178423
0.0,0.0,0.0,0.2733740113657891
0.0,0.0,0.0,0.19676341141183
0.0,0.0,0.0,0.23596015275016818
0.0,0.0,0.0,0.15872809124971646
0.0,0.0,0.0,0.1971842973089813
0.0,0.0,0.0,0.13474978731041526
0.0,0.0,0.0,0.17101074154453885
0.0,0.0,0.0,0.06625769223670218
0.0,0.0,0.0,0.14679504634356047
0.0,0.0,0.0,0.10642468611032019
0.0,0.0,0.0,0.0919776858266255
0.0,0.0,0.0,0.06533218024558837
0.0,0.0,0.0,0.011321184133566004
0.0,0.0,0.0,0.04025789716635902
0.0,0.0,0.0,0.13828535054205565
0.0,0.0,0.0,0.008615239153851977
0.0,0.0,0.0,0.04788603648032592
0.0,0.0,0.0,0.12876415855077988
0.0,0.0,0.0,0.09635450869970644
0.0,0.0,0.0,0.12037324188044252
0.0,0.0,0.0,0.11815897944351161
0.0,0.0,0.0,0.19982330748156402
0.0,0.0,0.0,0.26871940740853933
0.0,0.0,0.0,0.2838035002126715
0.0,0.0,0.0,0.3264242696750707
0.0,0.0,0.0,0.32211252335413054
0.0,0.0,0.0,0.41694729943452924
0.0,0.0,0.0,0.41363578453693084
0.0,0.0,0.0,0.4937492556861264
0.0,0.0,0.0,0.505155305235181
0.0,0.0,0.0,0.5553864593794985
0.0,0.0,0.0,0.6305263547737805
0.0,0.0,0.0,0.6120396387857777
0.0,0.0,0.0,0.6757961503277289
0.38,0.0,0.0,0.8019504370820872
0.8,0.0,0.38,1.1727429099653044
2.18,1.6016834,0.8,1.638442844837842
4.25,3.1968338,2.18,3.0501201815051773
5.78,5.2058477,4.25,5.242895111176696
6.48,7.433559,5.78,6.92415288089681
9.37,9.273185,6.48,7.800981397574863
9.07,11.104322,9.37,10.66555315936878
12.24,11.723349,9.07,10.410151040548413
13.57,13.593272,12.24,13.592966163089264
15.66,14.773878,13.57,14.87994224336645
16.06,16.136728,15.66,17.068618078518753
16.73,17.38647,16.06,17.526310533557748
17.41,17.85213,16.73,18.036098446938
19.51,17.661413,17.41,18.740705694127776
19.61,19.493433,19.51,20.73627205263176
19.7,19.689236,19.61,20.8988736566434
22.7,20.765978,19.7,20.73431475417427
20.74,21.885836,22.7,23.60672509379864
19.47,21.421862,20.74,21.66293787698089
21.48,21.172417,19.47,20.39101690713457
22.71,21.380177,21.48,22.03141553201999
21.76,21.041882,22.71,23.2368794164659
19.51,20.865227,21.76,22.248746175973984
23.54,20.02514,19.51,19.867796241293398
22.33,21.03733,23.54,23.62270345993698
20.71,20.32213,22.33,22.575564120833246
19.65,19.725584,20.71,20.780710398461146
20.46,18.624405,19.65,19.589928093354057
19.42,18.44679,20.46,20.24739737217089
18.93,17.621084,19.42,19.289500094518843
16.55,16.496778,18.93,18.769106074844807
13.99,14.889344,16.55,16.325255635868846
14.47,13.319206,13.99,13.712055170129014
11.05,11.460437,14.47,13.978322565743701
9.72,9.625195,11.05,10.538461931453986
8.82,8.310655,9.72,9.201736846771038
7.660000000000001,6.873334,8.82,8.142223682426057
5.52,5.036047,7.660000000000001,6.995087872384538
4.18,3.3222575,5.52,4.9502826865755285
2.97,2.107633,4.18,3.581341073571421
1.4,0.8734279,2.97,2.4653588300166485
0.58,0.0,1.4,0.9725741835566037
0.29,0.0,0.58,0.11051700036297851
0.0,0.0,0.29,-0.23719708366094744
0.0,0.0,0.0,-0.36138649293865177
0.0,0.0,0.0,-0.23712200823134813
0.0,0.0,0.0,-0.20320278925375668
0.0,0.0,0.0,-0.038313434491523066
0.0,0.0,0.0,0.07252421661689284
0.0,0.0,0.0,0.17232128296876506
0.0,0.0,0.0,0.2251910966164923
0.0,0.0,0.0,0.1759065519275156
0.0,0.0,0.0,0.302748524956898
0.0,0.0,0.0,0.339817305281905
0.0,0.0,0.0,0.33154379633783326
0.0,0.0,0.0,0.297524291953692
0.0,0.0,0.0,0.35062308613479026
0.0,0.0,0.0,0.37064651491172207
0.0,0.0,0.0,0.36250740402326764
0.0,0.0,0.0,0.29801692860126244
0.0,0.0,0.0,0.31627896836727054
0.0,0.0,0.0,0.3368508161247788
0.0,0.0,0.0,0.3525619095566561
0.0,0.0,0.0,0.33997772773354995
0.0,0.0,0.0,0.2409301725593768
0.0,0.0,0.0,0.21607576370398945
0.0,0.0,0.0,0.17971135243272426
0.0,0.0,0.0,0.26064662705973374
0.0,0.0,0.0,0.1755666988582022
0.0,0.0,0.0,-0.35961782164018213
0.0,0.0,0.0,-0.3064688518177392
0.0,0.0,0.0,-0.3425498953041002
0.0,0.0,0.0,-0.3378200591452446
0.0,0.0,0.0,-0.35061405061021234
0.0,0.0,0.0,-0.3219259481763985
0.0,0.0,0.0,-0.3541593016766297
0.0,0.0,0.0,-0.40183052971722927
0.0,0.0,0.0,-0.32744868552200335
0.0,0.0,0.0,-0.30888043831229955
0.0,0.0,0.0,-0.20652468558065373
0.0,0.0,0.0,-0.23070050228020522
0.0,0.0,0.0,-0.22840952794328725
0.0,0.0,0.0,-0.2323722143004059
0.0,0.0,0.0,-0.19419070643803304
0.0,0.0,0.0,-0.11490252786713
0.0,0.0,0.0,-0.1382066719096059
0.0,0.0,0.0,-0.09816230805181334
0.0,0.0,0.0,0.008599696285028734
0.0,0.0,0.0,0.018808141131426218
0.0,0.0,0.0,0.1114722199622514
0.0,0.0,0.0,0.1040240408876347
0.0,0.0,0.0,0.18612632503456217
0.0,0.0,0.0,0.25518182649881477
0.0,0.0,0.0,0.19869471236208097
0.0,0.0,0.0,0.2998662600769507
0.22,0.0,0.0,0.33762874080412486
0.46,0.0,0.22,0.63314981920504
1.24,0.34784338,0.46,0.9466932899224438
2.28,1.3262218,1.24,1.7664187177326665
3.06,2.316454,2.28,2.8654791969679745
3.3,3.5684054,3.06,3.6934687694867416
5.52,5.2236476,3.3,4.094899540272663
4.93,6.31038,5.52,6.265127349624505
5.55,7.509556,4.93,5.724053923668922
6.31,7.714634,5.55,6.475731803003998
7.4,8.227407,6.31,7.107362802821377
8.75,9.162405,7.4,8.148672701381777
9.1,10.286422,8.75,9.527063930936329
9.47,10.393331,9.1,9.976054756295799
9.21,11.230161,9.47,10.371150772106404
9.59,10.723706,9.21,10.133089611153155
11.01,10.914114,9.59,10.492732373534242
11.27,11.784615,11.01,11.704853340000316
10.78,12.006743,11.27,12.039686693812396
12.89,12.042342,10.78,11.517226257319923
10.9,13.202573,12.89,13.451884724984865
11.47,12.394198,10.9,11.487550771658249
11.92,12.282087,11.47,12.114476908837759
12.69,12.444973,11.92,12.277721775252239
13.55,12.539833,12.69,13.13727985438625
11.98,12.420404,13.55,13.895248397974019
10.74,12.830793,11.98,12.29436479680838
11.57,11.258131,10.74,11.006326361832805
10.05,11.058332,11.57,11.755495481732353
8.32,10.526875,10.05,10.115567293498914
7.57,9.351817,8.32,8.360079877390044
7.04,7.9927692,7.57,7.497927146778231
5.02,7.1208887,7.04,6.854706920875725
4.38,5.5997443,5.02,4.88030310148439
3.8300000000000005,4.8275046,4.38,4.112165842232064
3.02,4.1291933,3.8300000000000005,3.6484151929351603
2.64,3.252375,3.02,2.8340579684033083
2.23,2.3396366,2.64,2.408806803208012
1.25,1.5655326,2.23,2.0011271801346564
1.06,0.5779564,1.25,1.1590667908811598
0.59,0.03603679,1.06,0.9203589880923322
0.27,0.0,0.59,0.5413351636661454
0.11,0.0,0.27,0.2759077495720268
0.05,0.0,0.11,0.16522689015037076
0.0,0.0,0.05,0.15387113050813966
0.0,0.0,0.0,0.09781870133609386
0.0,0.0,0.0,0.10578030899098481
0.0,0.0,0.0,0.09765552402881524
0.0,0.0,0.0,0.1848605043799113
0.0,0.0,0.0,0.19905822222592737
0.0,0.0,0.0,0.10278216948266722
0.0,0.0,0.0,0.1222797416825386
0.0,0.0,0.0,0.1234227376799061
0.0,0.0,0.0,0.08019091049536572
0.0,0.0,0.0,0.1231153449717081
0.0,0.0,0.0,0.1687088962340069
0.0,0.0,0.0,0.14056845171327775
0.0,0.0,0.0,0.03591417552330452
0.0,0.0,0.0,0.08624424495692215
0.0,0.0,0.0,0.09416194700600032
0.0,0.0,0.0,0.03706577226590811
0.0,0.0,0.0,-0.01656012042809761
0.0,0.0,0.0,-0.09018328614657262
0.0,0.0,0.0,-0.0793723275585248
0.0,0.0,0.0,-0.19033637307172932
0.0,0.0,0.0,-0.16913068616365318
0.0,0.0,0.0,-0.15799267549815338
0.0,0.0,0.0,-0.23585075713159898
0.0,0.0,0.0,-0.19238597117300804
0.0,0.0,0.0,-0.24705918082481473
0.0,0.0,0.0,0.04626825134887994
0.0,0.0,0.0,0.06338841078957946
0.0,0.0,0.0,0.0327844608154728
0.0,0.0,0.0,0.024857128875234828
0.0,0.0,0.0,-0.01856693989496786
0.0,0.0,0.0,0.013953538316450048
0.0,0.0,0.0,0.03095670191346378
0.0,0.0,0.0,0.07838166742746638
0.0,0.0,0.0,0.07705325185839243
0.0,0.0,0.0,0.0935824225068431
0.0,0.0,0.0,0.11648826640033985
0.0,0.0,0.0,0.10157026264267226
0.0,0.0,0.0,0.2276870767955427
0.0,0.0,0.0,0.20444782414785534
0.0,0.0,0.0,0.2535594337700713
0.0,0.0,0.0,0.2529153778670668
0.0,0.0,0.0,0.26051490923432485
0.0,0.0,0.0,0.31950309620989753
0.0,0.0,0.0,0.3795340390936385
0.0,0.0,0.0,0.4312816737587801
0.0,0.0,0.0,0.4463211860358928
0.0,0.0,0.0,0.4322970539325257
0.0,0.0,0.0,0.535134207666126
0.0,0.0,0.0,0.5423301231772408
0.0,0.0,0.0,0.5810861012550783
0.0,0.0,0.0,0.7062765295176332
0.39,0.0,0.0,0.8116869029194594
0.82,0.0,0.39,1.1897694233438418
2.13,1.1357937,0.82,1.6183793716487798
3.94,2.4083693,2.13,2.9665422767018863
5.16,4.148687,3.94,4.927083804063015
6.33,6.1680903,5.16,6.289168557208483
8.96,8.135318,6.33,7.5180257948893106
8.98,10.213741,8.96,10.260206039031674
10.9,10.887991,8.98,10.47303034448042
13.2,11.9550905,10.9,12.336333790974061
16.37,13.730348,13.2,14.583146570805463
17.6,15.646988,16.37,17.898538818216462
18.38,17.386333,17.6,19.36181093807055
16.82,18.235811,18.38,20.182231026512323
19.12,18.039541,16.82,18.587883765883674
20.78,18.73614,19.12,20.56576358187694
21.97,19.92711,20.78,22.053931104451063
18.65,21.12581,21.97,23.322921041825403
20.09,20.46621,18.65,19.95357673542976
19.57,20.523495,20.09,21.138461914302212
22.25,20.016273,19.57,20.57053661312075
19.0,20.886938,22.25,23.120002620414816
20.3,19.69049,19.0,19.74131450353878
19.0,20.094765,20.3,20.887361698359967
23.58,18.6924,19.0,19.437570698392395
19.38,20.201996,23.58,23.938355940886208
21.43,18.37224,19.38,19.925354771268825
19.4,19.188759,21.43,21.776345545446475
21.16,17.233301,19.4,19.58426440421835
16.85,18.181591,21.16,21.252950992725637
19.75,15.451147,16.85,17.00897689667083
16.88,15.882377,19.75,19.677590048921033
15.34,14.089684,16.88,16.825404326861285
14.53,12.906604,15.34,15.139611355130544
13.08,10.974144,14.53,14.282660981417132
10.24,9.594428,13.08,12.6851862778244
8.68,7.7247496,10.24,10.022253193522957
7.699999999999999,6.3355727,8.68,8.10976991375349
5.64,4.71104,7.699999999999999,7.180630533629124
4.08,2.9146228,5.64,5.00023740531426
2.88,1.549121,4.08,3.471827687759461
1.21,0.66127944,2.88,2.2345565221880404
0.52,0.0,1.21,0.678011065866192
0.27,0.0,0.52,-0.0492365679229706
0.0,0.0,0.27,-0.20141248613062823
0.0,0.0,0.0,-0.48258540087397855
0.0,0.0,0.0,-0.3248186379621786
0.0,0.0,0.0,-0.18482229895103647
0.0,0.0,0.0,-0.1653229224727668
0.0,0.0,0.0,0.025527180434725856
0.0,0.0,0.0,0.06066210614780958
0.0,0.0,0.0,0.08373094792864177
0.0,0.0,0.0,0.0982696540564876
0.0,0.0,0.0,0.26944418498228584
0.0,0.0,0.0,0.22102039031131296
0.0,0.0,0.0,0.3023534060919374
0.0,0.0,0.0,0.29698504810736037
0.0,0.0,0.0,0.4012495056717003
0.0,0.0,0.0,0.28997676442002107
0.0,0.0,0.0,0.39009180442937263
0.0,0.0,0.0,0.3856991975908268
0.0,0.0,0.0,0.25312649614718635
0.0,0.0,0.0,0.3225005755259751
0.0,0.0,0.0,0.29394356116110915
0.0,0.0,0.0,0.33573608755004736
0.0,0.0,0.0,0.24321390856068864
0.0,0.0,0.0,0.26287277901568934
0.0,0.0,0.0,0.21171913209401247
0.0,0.0,0.0,0.22013498646585106
0.0,0.0,0.0,0.228615573882879
0.0,0.0,0.0,-0.17044728220105
0.0,0.0,0.0,-0.11474884778334568
0.0,0.0,0.0,-0.1959093370020828
0.0,0.0,0.0,-0.18722116457018712
0.0,0.0,0.0,-0.07169197552894871
0.0,0.0,0.0,-0.15930004798223907
0.0,0.0,0.0,-0.1527354796124506
0.0,0.0,0.0,-0.04862216716207457
0.0,0.0,0.0,-0.06953721602592229
0.0,0.0,0.0,-0.0773608000699378
0.0,0.0,0.0,-0.042291791281680174
0.0,0.0,0.0,-0.027742012138886676
0.0,0.0,0.0,0.04367422228879519
0.0,0.0,0.0,0.09565790453475866
0.0,0.0,0.0,0.11495440922541886
0.0,0.0,0.0,0.19029187786529622
0.0,0.0,0.0,0.16631025152261947
0.0,0.0,0.0,0.21836335089312098
0.0,0.0,0.0,0.19905582649229786
0.0,0.0,0.0,0.19481478474717415
0.0,0.0,0.0,0.250784909859852
0.0,0.0,0.0,0.4094363482059561
0.0,0.0,0.0,0.4349103271725949
0.0,0.0,0.0,0.3906436340393056
0.0,0.0,0.0,0.5576259072100835
0.0,0.0,0.0,0.5373511715026266
0.12,0.0,0.0,0.630052335933193
0.27,0.0,0.12,0.6959214418915047
0.7,0.7594004,0.27,1.023405788369521
1.35,1.7051011,0.7,1.3615021383077468
2.07,2.6147552,1.35,2.0383907600034425
3.4,3.7170153,2.07,2.8504326648594813
4.42,5.3822703,3.4,4.200421661613766
5.06,6.96471,4.42,5.362927000891943
5.07,8.024792,5.06,6.0670185658297004
6.5,8.890657,5.07,6.047476023230567
7.46,9.504613,6.5,7.449114351803555
7.510000000000001,9.972208,7.46,8.41095651709757
7.47,10.174246,7.510000000000001,8.511158489186748
10.12,9.481847,7.47,8.482787454704944
11.23,11.146319,10.12,11.011311839021666
12.42,11.933106,11.23,12.247013368402788
14.81,13.110875,12.42,13.539916278372917
14.2,14.206103,14.81,15.895536823213483
15.349999999999998,14.931701,14.2,15.399229475345535
16.97,15.523159,15.349999999999998,16.545901031904485
16.73,15.907556,16.97,18.05919852121523
18.27,16.323547,16.73,17.804387698605936
20.17,17.207129,18.27,19.121707676430077
19.98,17.848534,20.17,21.024213351088385
19.81,18.511965,19.98,20.910189094787125
19.38,18.236816,19.81,20.706806471864482
16.92,18.15397,19.38,20.110040880163172
19.81,16.892107,16.92,17.434194497385928
16.51,16.979362,19.81,20.067938996568888
15.459999999999999,15.579028,16.51,16.63987839540564
17.56,14.430043,15.459999999999999,15.745817393392617
13.53,14.046696,17.56,17.64446516734126
12.09,12.636069,13.53,13.57562476206941
12.5,10.764374,12.09,12.084392853975645
9.02,9.737866,12.5,12.269956976165773
8.11,7.6329794,9.02,8.718424574054605
6.43,6.109082,8.11,7.792819464857609
5.77,4.791156,6.43,5.9001996378172405
3.7899999999999996,3.4522924,5.77,5.333470075781186
2.9,1.737323,3.7899999999999996,3.387897303303756
1.8999999999999997,0.8561933,2.9,2.3136815251413934
0.93,0.0,1.8999999999999997,1.4678573936231976
0.37,0.0,0.93,0.48080057209521687
0.19,0.0,0.37,-0.06821244904879814
0.0,0.0,0.19,-0.2507555217309686
0.0,0.0,0.0,-0.3488067978887971
0.0,0.0,0.0,-0.2813453042868276
0.0,0.0,0.0,-0.09424462420666371
0.0,0.0,0.0,-0.0016165693737809142
0.0,0.0,0.0,-0.035426768667592354
0.0,0.0,0.0,0.049295243752828684
0.0,0.0,0.0,0.1298042464494761
0.0,0.0,0.0,0.2322130872464762
0.0,0.0,0.0,0.15816926866379447
0.0,0.0,0.0,0.19166481508343336
0.0,0.0,0.0,0.2516547004922663
0.0,0.0,0.0,0.25856494868828606
0.0,0.0,0.0,0.1524110813328705
0.0,0.0,0.0,0.2768945520971245
0.0,0.0,0.0,0.23718624345519285
0.0,0.0,0.0,0.2722638582037202
0.0,0.0,0.0,0.274503713631719
0.0,0.0,0.0,0.24870182605979677
0.0,0.0,0.0,0.1717867513905064
0.0,0.0,0.0,0.08708015731994367
0.0,0.0,0.0,0.04394728383385917
0.0,0.0,0.0,0.12649460201735208
0.0,0.0,0.0,0.08156203444280269
0.0,0.0,0.0,0.05330070218795287
0.0,0.0,0.0,0.10041859560820508
0.0,0.0,0.0,-0.33482732701014317
0.0,0.0,0.0,-0.3661966640480713
0.0,0.0,0.0,-0.40931741072148164
0.0,0.0,0.0,-0.40208935132460777
0.0,0.0,0.0,-0.2623674667485166
0.0,0.0,0.0,-0.28874835251144215
0.0,0.0,0.0,-0.2718211817584262
0.0,0.0,0.0,-0.37847648179074633
0.0,0.0,0.0,-0.26900489352842805
0.0,0.0,0.0,-0.26801340962487535
0.0,0.0,0.0,-0.3246283186262636
0.0,0.0,0.0,-0.20666231531968
0.0,0.0,0.0,-0.20852991988421282
0.0,0.0,0.0,-0.1998844999300683
0.0,0.0,0.0,-0.19011524886876635
0.0,0.0,0.0,-0.1784874839007044
0.0,0.0,0.0,-0.1264097107103327
0.0,0.0,0.0,-0.06702125740684906
0.0,0.0,0.0,-0.04232905346411478
0.0,0.0,0.0,0.09164794256249074
0.0,0.0,0.0,0.02174127194583736
0.0,0.0,0.0,0.13385223030725885
0.0,0.0,0.0,0.18090851568487498
0.0,0.0,0.0,0.2329832805000242
0.0,0.0,0.0,0.2697818981418038
0.0,0.0,0.0,0.35884449401189544
0.14,0.0,0.0,0.3706025479467284
0.29,0.0,0.14,0.49921291958245384
0.86,0.0,0.29,0.7155564567446475
1.72,0.013615312,0.86,1.28892090808325
1.97,0.78897,1.72,2.256641807660236
2.8,1.7787949,1.97,2.5712757215018107
3.21,3.4054883,2.8,3.3934772756916014
3.44,4.3788996,3.21,3.8130974316760904
3.7899999999999996,4.9401536,3.44,4.190969890356297
4.36,4.6879025,3.7899999999999996,4.520634278200278
5.3,5.2789826,4.36,4.978451669827853
5.39,5.8132963,5.3,6.002675201647605
5.12,6.290996,5.39,6.130553159412896
4.64,5.99423,5.12,5.83744731870317
4.3,5.937288,4.64,5.313784663020879
6.02,5.564239,4.3,5.04919346547762
5.48,5.859251,6.02,6.666464638159746
5.59,6.063829,5.48,6.140838137696408
6.53,5.9501734,5.59,6.239604230068946
6.81,6.3360887,6.53,7.08968624361785
6.24,6.7188263,6.81,7.4585347634460994
6.1,6.3587046,6.24,6.978631376887908
5.86,6.136839,6.1,6.6852236309711515
6.65,5.810581,5.86,6.304936649432033
6.8,5.9217625,6.65,7.126518888035214
5.93,5.7356515,6.8,7.306168683460505
5.8,5.2449446,5.93,6.428255996724497
6.51,5.1338778,5.8,6.201006919892995
5.83,5.1055136,6.51,6.935006932534958
5.13,4.921405,5.83,6.186569567208561
5.02,4.395281,5.13,5.567641329414341
5.22,3.6171806,5.02,5.3373743009934715
4.61,4.132189,5.22,5.449169475103159
4.51,3.454994,4.61,5.01402791789035
3.59,3.2589335,4.51,4.923599060631695
3.7999999999999994,2.7560034,3.59,4.014772686126014
3.47,2.4702914,3.7999999999999994,4.171008847323672
2.94,2.0708065,3.47,3.853524977273005
2.06,1.5133641,2.94,3.275079647213434
1.11,0.8032599,2.06,2.47480421585586
0.81,0.07118982,1.11,1.4737759506711778
0.37,0.0,0.81,1.082466085051462
0.16,0.0,0.37,0.5685627086255405
0.08,0.0,0.16,0.42450816016521387
0.0,0.0,0.08,0.22768915268159565
0.0,0.0,0.0,0.19194662688797662
0.0,0.0,0.0,0.3032635852922951
0.0,0.0,0.0,0.2611398732387523
0.0,0.0,0.0,0.1647953199679455
0.0,0.0,0.0,0.2547330140682203
0.0,0.0,0.0,0.22886689822738032
0.0,0.0,0.0,0.25628239612162645
0.0,0.0,0.0,0.27794209104514256
0.0,0.0,0.0,0.22571799428396788
0.0,0.0,0.0,0.22518903256091669
0.0,0.0,0.0,0.11301782733123253
0.0,0.0,0.0,0.13264380397591613
0.0,0.0,0.0,0.04090072122973295
0.0,0.0,0.0,0.10085896621067711
0.0,0.0,0.0,0.06942117543679915
0.0,0.0,0.0,0.00288022357581897
0.0,0.0,0.0,0.018411111685352685
0.0,0.0,0.0,0.030274969348614983
0.0,0.0,0.0,-0.046917505853387095
0.0,0.0,0.0,-0.010985752371480556
0.0,0.0,0.0,-0.08400179641875657
0.0,0.0,0.0,-0.05424725162559159
0.0,0.0,0.0,-0.13520170204055432
0.0,0.0,0.0,-0.18546416919884118
0.0,0.0,0.0,-0.1788946275962132
0.0,0.0,0.0,-0.17814038566189155
0.0,0.0,0.0,-0.13522597638312073
0.0,0.0,0.0,-0.1926084890341107
0.0,0.0,0.0,-0.22940954569824423
0.0,0.0,0.0,-0.09288675042773434
0.0,0.0,0.0,-0.09878929426150353
0.0,0.0,0.0,-0.09590042852359516
0.0,0.0,0.0,-0.1000912468220428
0.0,0.0,0.0,-0.18198102443264835
0.0,0.0,0.0,-0.13906206530687776
0.0,0.0,0.0,-0.13853019863178453
0.0,0.0,0.0,0.004541492575738937
0.0,0.0,0.0,0.011964572213001082
0.0,0.0,0.0,0.014724420166201714
0.0,0.0,0.0,0.03180623487065576
0.0,0.0,0.0,-0.04527019966171393
0.0,0.0,0.0,0.0528830908636831
0.0,0.0,0.0,0.13534846594401465
0.0,0.0,0.0,0.19019783079307492
0.0,0.0,0.0,0.14583701875393765
0.0,0.0,0.0,0.2860269551147159
0.0,0.0,0.0,0.22391751877918573
0.0,0.0,0.0,0.34549767753013894
0.0,0.0,0.0,0.3381484395414274
0.0,0.0,0.0,0.5069859455251128
0.0,0.0,0.0,0.3987487583818656
0.27,0.0,0.0,0.5532929986255246
0.67,0.0,0.27,0.8023917951651142
1.33,0.6010138,0.67,1.290057436032607
3.19,1.6877538,1.33,1.981652775125915
4.42,3.372273,3.19,3.905236876434904
4.79,5.3856344,4.42,5.2502091914282945
5.86,7.1459813,4.79,5.694302155831716
6.91,8.424531,5.86,6.748177589482812
9.02,9.416982,6.91,7.8634095249671825
10.96,10.477322,9.02,9.940346275514349
11.68,12.272152,10.96,12.080894679755518
11.38,13.257705,11.68,12.808145498717492
11.2,13.791641,11.38,12.514358257749631
11.24,13.271946,11.2,12.268961198787965
13.31,13.067824,11.24,12.23184261392378
14.32,13.749953,13.31,14.20860963578642
12.55,15.005881,14.32,15.196379698551745
15.09,14.723575,12.55,13.388971727244474
14.54,15.768262,15.09,15.8927295716704
15.39,15.733046,14.54,15.341645371360515
16.32,15.5408535,15.39,16.216697621827784
15.120000000000001,15.574356,16.32,16.95881541673896
13.19,15.681038,15.120000000000001,15.750883441401092
14.42,14.480726,13.19,13.676048298806514
15.969999999999999,14.176986,14.42,14.765790221722437
15.199999999999998,14.5796175,15.969999999999999,16.283335276831583
12.91,14.627564,15.199999999999998,15.413956149834942
13.06,13.949404,12.91,13.182252951967007
10.95,13.077405,13.06,13.1736967644549
9.95,11.011814,10.95,11.12961828125231
10.83,10.102975,9.95,9.762700766607193
7.1,9.716889,10.83,10.535876998781921
5.96,7.8801126,7.1,6.852827540104514
5.38,6.17922,5.96,5.827655105904174
4.79,5.1082644,5.38,5.086541289826098
3.67,4.2011547,4.79,4.595807847881844
3.55,3.224038,3.67,3.4520984956432943
3.02,2.7669485,3.55,3.287843100221858
2.22,1.9438798,3.02,2.7536393727555812
1.4,0.97623956,2.22,2.142300475394588
0.83,0.2114517,1.4,1.3883297411153928
0.36,0.0,0.83,0.7394177910591221
0.16,0.0,0.36,0.42942493912661417
0.07,0.0,0.16,0.13456279147223693
0.0,0.0,0.07,0.18274542210073497
0.0,0.0,0.0,0.08929210266655142
0.0,0.0,0.0,0.11061926673786912
0.0,0.0,0.0,0.14654049965336874
0.0,0.0,0.0,0.25906072424379667
0.0,0.0,0.0,0.18917135460350898
0.0,0.0,0.0,0.2626145922100217
0.0,0.0,0.0,0.3121772817071888
0.0,0.0,0.0,0.2600374208634363
0.0,0.0,0.0,0.20204419354506725
0.0,0.0,0.0,0.29257108290761874
0.0,0.0,0.0,0.24503714733691523
0.0,0.0,0.0,0.21480978702165748
0.0,0.0,0.0,0.17209771779537736
0.0,0.0,0.0,0.2563620687132367
0.0,0.0,0.0,0.21843885802337967
0.0,0.0,0.0,0.1528255731280801
0.0,0.0,0.0,0.1322097596147223
0.0,0.0,0.0,0.08052122645271467
0.0,0.0,0.0,0.0816752277261603
0.0,0.0,0.0,0.0027963070008437535
0.0,0.0,0.0,0.053529386891095904
0.0,0.0,0.0,-0.0006045334008580178
0.0,0.0,0.0,-0.040974680719001594
0.0,0.0,0.0,-0.11373214489165312
0.0,0.0,0.0,-0.023942838087207957
0.0,0.0,0.0,0.027591840062414705
0.0,0.0,0.0,0.06673873247166645
0.0,0.0,0.0,0.06352921772243884
0.0,0.0,0.0,-0.04975588493924876
0.0,0.0,0.0,0.004572458313964918
0.0,0.0,0.0,0.0027534631548836036
0.0,0.0,0.0,0.03968864339146016
0.0,0.0,0.0,0.07564235867634404
0.0,0.0,0.0,0.09156697989124683
0.0,0.0,0.0,0.14677942619711176
0.0,0.0,0.0,0.11326018698575767
0.0,0.0,0.0,0.09433928073672451
0.0,0.0,0.0,0.11683034928840111
0.0,0.0,0.0,0.2437213048835664
0.0,0.0,0.0,0.16714913586899552
0.0,0.0,0.0,0.22162030285731213
0.0,0.0,0.0,0.3626292218032456
0.0,0.0,0.0,0.2830085041895132
0.0,0.0,0.0,0.3434323684051169
0.0,0.0,0.0,0.4475741531488317
0.0,0.0,0.0,0.44489011249786076
0.0,0.0,0.0,0.5245882736222288
0.0,0.0,0.0,0.46671512148799876
0.0,0.0,0.0,0.5730295238029351
0.0,0.0,0.0,0.6348224623982949
0.0,0.0,0.0,0.7195508468145504
0.37,0.0,0.0,0.696153004190947
0.73,0.0,0.37,1.1732844700489333
1.74,1.0336434,0.73,1.5704176880831549
3.15,2.4337778,1.74,2.596183684990818
4.52,4.286274,3.15,4.104175839361672
6.56,5.914371,4.52,5.624250469108492
9.22,8.454477,6.56,7.697417718064731
9.23,10.995371,9.22,10.433634145704755
10.89,12.146631,9.23,10.619747758508097
12.93,12.613559,10.89,12.275482631274842
14.24,14.454703,12.93,14.255329517876314
15.43,15.485094,14.24,15.616680807312184
16.56,16.549505,15.43,16.938084997893263
16.74,17.054714,16.56,17.94308583815183
18.02,17.712606,16.74,18.12913382676969
20.34,18.24154,18.02,19.35893600229667
18.7,20.445,20.34,21.593008640006012
22.63,19.67667,18.7,19.9439600295401
22.71,21.712132,22.63,23.718825396850292
23.48,22.045315,22.71,23.799148655135063
21.24,22.00299,23.48,24.62175981049538
21.79,21.971275,21.24,22.233226496501803
23.58,21.71864,21.79,22.551383259578248
22.64,21.950718,23.58,24.176145389524955
20.37,21.16036,22.64,23.171748612236055
19.64,20.491503,20.37,20.772830051803716
20.59,19.241463,19.64,19.868327248913346
20.28,18.666286,20.59,20.65245560786705
20.15,18.247177,20.28,20.224291755950443
18.0,18.387753,20.15,20.101220218890568
16.78,16.379705,18.0,17.821664739349874
16.71,15.135412,16.78,16.505581590429085
15.1,14.234588,16.71,16.376153122471077
13.06,12.932612,15.1,14.869634570078205
10.65,10.717799,13.06,12.691567448936095
8.3,8.963383,10.65,10.229179633478505
8.34,6.7889304,8.3,7.740052780727269
6.69,5.787267,8.34,7.762287225482782
5.46,4.259716,6.69,6.14605906039511
3.23,2.8795352,5.46,4.94368925783384
1.9500000000000002,1.2880815,3.23,2.6994156239393776
0.92,0.10237743,1.9500000000000002,1.4308893504269515
0.38,0.0,0.92,0.43959126285227523
0.16,0.0,0.38,-0.08028606723644527
0.0,0.0,0.16,-0.266232356230138
0.0,0.0,0.0,-0.3700066742314372
0.0,0.0,0.0,-0.2971928957602263
0.0,0.0,0.0,-0.11141940659249464
0.0,0.0,0.0,0.07258101353767771
0.0,0.0,0.0,0.08006141098440743
0.0,0.0,0.0,0.14693393607869365
0.0,0.0,0.0,0.14664717318923406
0.0,0.0,0.0,0.2942395824138925
0.0,0.0,0.0,0.31270456384270134
0.0,0.0,0.0,0.3674038699716585
0.0,0.0,0.0,0.2813135645570569
0.0,0.0,0.0,0.3857228554970883
0.0,0.0,0.0,0.41338811041629225
0.0,0.0,0.0,0.3969682785954082
0.0,0.0,0.0,0.3353064696642779
0.0,0.0,0.0,0.35332173058065713
0.0,0.0,0.0,0.3140688200808033
0.0,0.0,0.0,0.34597274020054924
0.0,0.0,0.0,0.31353634439342504
0.0,0.0,0.0,0.1987790384262556
0.0,0.0,0.0,0.16460091370454216
0.0,0.0,0.0,0.20149221230273448
0.0,0.0,0.0,0.2471233052892554
0.0,0.0,0.0,0.1888436917008646
0.0,0.0,0.0,0.18833466424418632
0.0,0.0,0.0,-0.6253832858847496
0.0,0.0,0.0,-0.08580771863314372
0.0,0.0,0.0,-0.07948985061287175
0.0,0.0,0.0,-0.13289078375060043
0.0,0.0,0.0,-0.0984383226815639
0.0,0.0,0.0,-0.10959763632491959
0.0,0.0,0.0,-0.06036299437779884
0.0,0.0,0.0,-0.04720692063339957
0.0,0.0,0.0,-0.04789667032946393
0.0,0.0,0.0,0.015450877402811702
0.0,0.0,0.0,0.051676385557735995
0.0,0.0,0.0,0.0687094040297852
0.0,0.0,0.0,0.05277631999148567
0.0,0.0,0.0,0.10589888223062174
0.0,0.0,0.0,0.12859598594338378
0.0,0.0,0.0,0.19649036337043474
0.0,0.0,0.0,0.19074062784154738
0.0,0.0,0.0,0.3015793140724588
0.0,0.0,0.0,0.2554304959194786
0.0,0.0,0.0,0.4148277334524563
0.0,0.0,0.0,0.4262311133390341
0.0,0.0,0.0,0.44207881072569427
0.0,0.0,0.0,0.5179998680706024
0.0,0.0,0.0,0.4786644452234756
0.0,0.0,0.0,0.5516962866569418
0.0,0.0,0.0,0.6194989786944447
0.21,0.0,0.0,0.6568534654497078
0.48,0.0,0.21,0.8638903039214029
1.09,0.7670479,0.48,1.279753841777735
2.14,1.696431,1.09,1.9667727998153959
3.76,2.5685232,2.14,3.103889549822375
5.2,4.033562,3.76,4.704130637753774
6.24,6.337495,5.2,6.321164548245053
5.99,8.239426,6.24,7.457333371729728
7.88,8.652114,5.99,7.2819118497971065
9.12,9.276086,7.88,9.11523170116045
10.25,10.581629,9.12,10.350803185656536
9.35,11.778103,10.25,11.48014522286985
10.51,11.335294,9.35,10.655708726594984
13.41,12.044028,10.51,11.686574664818902
13.54,13.354407,13.41,14.66930795011346
14.56,14.419545,13.54,14.818974845436488
14.49,15.368108,14.56,15.90902176127129
15.61,15.529756,14.49,15.755165923865878
18.14,15.748648,15.61,16.810676599881315
16.86,17.165304,18.14,19.208688631103097
16.56,17.22716,16.86,18.078096102181235
18.88,17.387316,16.56,17.741783472785592
16.13,18.00184,18.88,19.730843136546984
16.43,16.768461,16.13,17.099858551515236
17.01,16.485832,16.43,17.31150031266752
17.87,16.451368,17.01,17.574934806575012
17.31,16.53102,17.87,18.36402419295502
16.6,15.991396,17.31,17.897860864067432
15.71,15.5616455,16.6,17.00285475721191
17.72,14.062418,15.71,16.07855269539995
13.06,14.460149,17.72,17.96426689607815
13.98,12.786512,13.06,13.297518655762307
10.73,11.96216,13.98,14.113077052147514
9.48,10.064276,10.73,10.789495596022451
7.42,8.257793,9.48,9.35559108393797
7.34,6.1912947,7.42,7.255986632710911
5.71,5.246271,7.34,6.985306010727964
4.66,3.865192,5.71,5.355045769175989
3.7800000000000002,2.6192832,4.66,4.31212133416063
2.39,1.5470536,3.7800000000000002,3.5517868627615568
1.2,0.37302372,2.39,2.084855262050491
0.48,0.0,1.2,0.9847358086277108
0.25,0.0,0.48,0.14417729584600525
0.0,0.0,0.25,0.07806575110825026
0.0,0.0,0.0,-0.20361806320331882
0.0,0.0,0.0,-0.08852067571447908
0.0,0.0,0.0,-0.07869242321518914
0.0,0.0,0.0,0.07912933430915495
0.0,0.0,0.0,0.12470623343335197
0.0,0.0,0.0,0.1498903138732004
0.0,0.0,0.0,0.20043559279520007
0.0,0.0,0.0,0.1679273282194757
0.0,0.0,0.0,0.24717582629559598
0.0,0.0,0.0,0.26617231889326387
0.0,0.0,0.0,0.3369365914062445
0.0,0.0,0.0,0.29077391257316265
0.0,0.0,0.0,0.3518433058733822
0.0,0.0,0.0,0.32639689733068367
0.0,0.0,0.0,0.33362606571003844
0.0,0.0,0.0,0.30414589957145066
0.0,0.0,0.0,0.2860628873865486
0.0,0.0,0.0,0.23973574583611018
0.0,0.0,0.0,0.3307093141842692
0.0,0.0,0.0,0.26987094187966265
0.0,0.0,0.0,0.26886978192255034
0.0,0.0,0.0,0.2657467394662073
0.0,0.0,0.0,0.15505041355523508
0.0,0.0,0.0,0.1795633550031181
0.0,0.0,0.0,0.14568439219168056
0.0,0.0,0.0,0.07731589286615753
0.0,0.0,0.0,-0.5019702598105257
0.0,0.0,0.0,-0.06620856523294881
0.0,0.0,0.0,0.005822984795643034
0.0,0.0,0.0,-0.1349682728518585
0.0,0.0,0.0,-0.08966809505439495
0.0,0.0,0.0,-0.023352456083284637
0.0,0.0,0.0,-0.018229789583877436
0.0,0.0,0.0,-0.11262304577858956
0.0,0.0,0.0,-0.013452093496505273
0.0,0.0,0.0,0.0021899716433538066
0.0,0.0,0.0,-0.02437527334971684
0.0,0.0,0.0,0.006125366442686873
0.0,0.0,0.0,0.07439019317087017
0.0,0.0,0.0,0.11051271160140576
0.0,0.0,0.0,0.19030919801604693
0.0,0.0,0.0,0.17290908250666276
0.0,0.0,0.0,0.25075620379417907
0.0,0.0,0.0,0.23324277846472316
0.0,0.0,0.0,0.3128456111803949
0.0,0.0,0.0,0.3418141717270939
0.0,0.0,0.0,0.39338461871688835
0.0,0.0,0.0,0.47712650982893157
0.0,0.0,0.0,0.3762708927706044
0.0,0.0,0.0,0.4946551064689172
0.0,0.0,0.0,0.5427530338448568
0.0,0.0,0.0,0.5444091538715599
0.35,0.0,0.0,0.6121059636304127
0.69,0.0,0.35,0.9755038643591228
1.9899999999999998,0.8295963,0.69,1.4428649997842615
3.36,2.2768502,1.9899999999999998,2.803371818070911
5.19,4.258401,3.36,4.288686239926719
6.06,6.60199,5.19,6.146683709568819
7.14,8.716556,6.06,7.268225844134179
8.73,10.192206,7.14,8.304833334784812
9.62,11.109444,8.73,10.000517755840631
11.01,11.880819,9.62,10.864986269005858
11.67,12.938257,11.01,12.261803752287046
14.84,13.908053,11.67,12.88453447600265
14.17,15.794459,14.84,16.02716170813479
16.74,15.842026,14.17,15.499095415263415
16.88,17.78625,16.74,18.03664873035013
19.45,17.877787,16.88,18.203613942162317
19.1,19.561813,19.45,20.646330188955137
17.7,19.546131,19.1,20.39983940315377
21.58,20.027454,17.7,18.908810471849947
20.41,20.685549,21.58,22.675585894067137
21.05,20.475336,20.41,21.46011887920144
21.4,21.006039,21.05,22.087208592265533
18.15,21.02865,21.4,22.134720614797114
19.13,19.608536,18.15,18.85956993856347
18.1,18.760744,19.13,19.658483564055718
18.41,18.517109,18.1,18.313893571463904
19.95,18.304232,18.41,18.48737430610274
18.85,18.211647,19.95,20.009417082729634
16.89,17.583454,18.85,18.93660695958506
18.83,15.935333,16.89,17.05851850320869
18.11,16.078476,18.83,18.795729398939155
17.88,15.426891,18.11,18.04482714121624
15.589999999999998,14.731763,17.88,17.93671867825471
14.61,13.307192,15.589999999999998,15.429745161608743
11.85,12.231556,14.61,14.478130623327825
10.89,9.530804,11.85,11.680174878526891
7.83,8.321305,10.89,10.617081744021782
8.17,6.3592234,7.83,7.46385592800523
5.0,5.0638504,8.17,7.6595550411799795
3.62,3.1270943,5.0,4.512118714985411
1.7,1.6568899,3.62,3.1158156369461896
0.66,0.25073063,1.7,1.2210060218784713
0.38,0.0,0.66,0.0915227860427209
0.0,0.0,0.38,-0.12637148518147318
0.0,0.0,0.0,-0.511967318779806
0.0,0.0,0.0,-0.41726868027772285
0.0,0.0,0.0,-0.29486211230431997
0.0,0.0,0.0,-0.16393611286424858
0.0,0.0,0.0,-0.09478944193040253
0.0,0.0,0.0,-0.063732743727032
0.0,0.0,0.0,-0.05884511540421508
0.0,0.0,0.0,0.15084481061427582
0.0,0.0,0.0,0.15041718066393792
0.0,0.0,0.0,0.19930424693053
0.0,0.0,0.0,0.31079609224790367
0.0,0.0,0.0,0.22132756510491386
0.0,0.0,0.0,0.33362967502426977
0.0,0.0,0.0,0.22993397311455419
0.0,0.0,0.0,0.3335423664985431
0.0,0.0,0.0,0.2517393321167003
0.0,0.0,0.0,0.1885451663386365
0.0,0.0,0.0,0.2006771145908679
0.0,0.0,0.0,0.18129279519396524
0.0,0.0,0.0,0.2170342044421138
0.0,0.0,0.0,0.22625229129711918
0.0,0.0,0.0,0.16062004541803115
0.0,0.0,0.0,0.20111149066069706
0.0,0.0,0.0,0.13308382654140735
0.0,0.0,0.0,0.16557086652714803
0.0,0.0,0.0,0.04264680801773134
0.0,0.0,0.0,-0.10450241015952128
0.0,0.0,0.0,-0.056574368684150084
0.0,0.0,0.0,-0.09590122382446616
0.0,0.0,0.0,-0.11614346760122254
0.0,0.0,0.0,-0.04085577874125376
0.0,0.0,0.0,-0.009859548206670211
0.0,0.0,0.0,0.010633812545777985
0.0,0.0,0.0,-0.04783119398108056
0.0,0.0,0.0,-0.003307767905612047
0.0,0.0,0.0,-0.05607344719026186
0.0,0.0,0.0,-0.009135249521080337
0.0,0.0,0.0,0.015064534182196027
0.0,0.0,0.0,0.09615682772673752
0.0,0.0,0.0,0.12639988232590108
0.0,0.0,0.0,0.15588613112591893
0.0,0.0,0.0,0.20608957923670942
0.0,0.0,0.0,0.2328070353576734
0.0,0.0,0.0,0.2160194782724395
0.0,0.0,0.0,0.31433344365986193
0.0,0.0,0.0,0.2837048665286956
0.0,0.0,0.0,0.4333812915271704
0.0,0.0,0.0,0.3966946815506619
0.0,0.0,0.0,0.4294245720058664
0.0,0.0,0.0,0.47015973168802294
0.0,0.0,0.0,0.5250092211442112
0.0,0.0,0.0,0.6172478717108483
0.38,0.0,0.0,0.5876129485479918
0.86,0.0,0.38,1.1223003878971576
1.77,1.0488265,0.86,1.6298322463164114
3.99,2.391453,1.77,2.5930366921739734
6.0,4.4594154,3.99,4.9384544011836615
6.08,7.1020455,6.0,7.0329485027577405
9.94,9.33339,6.08,7.254811192068111
10.5,11.833463,9.94,11.194803075640454
10.0,12.940012,10.5,11.737275259876679
12.4,12.999278,10.0,11.387726312286535
16.09,14.714512,12.4,13.590560053075624
18.15,16.283136,16.09,17.28699801975978
15.84,17.972563,18.15,19.731945927068093
19.57,18.232977,15.84,17.347353898433873
17.96,19.743105,19.57,20.834481056159063
20.6,19.678234,17.96,19.308765044607924
20.2,20.972654,20.6,21.870893959098662
23.2,20.383959,20.2,21.324011125345713
20.63,22.251915,23.2,24.308595905965454
20.59,21.606268,20.63,21.632499418568564
20.5,21.45637,20.59,21.4390988370427
21.72,20.873817,20.5,21.2360960801176
22.98,21.463327,21.72,22.32870471058845
22.3,21.574318,22.98,23.362996633445825
20.61,21.567078,22.3,22.658587104661734
20.31,20.532486,20.61,21.000342302314657
20.62,19.422146,20.31,20.469067415267972
18.95,19.28481,20.62,20.720809571117872
18.72,17.69767,18.95,18.85523684722443
16.81,17.683765,18.72,18.60383098458302
19.05,15.657375,16.81,16.550531486002797
14.96,15.956047,19.05,18.807898304224338
15.67,13.610403,14.96,14.723226399283558
15.289999999999997,13.257054,15.67,15.298592298236118
13.35,11.882799,15.289999999999997,14.972163675448172
11.73,10.155759,13.35,12.949735511519616
8.57,8.716752,11.73,11.31667869778835
6.91,6.710084,8.57,8.026917325487625
6.05,4.7870936,6.91,6.4469874659749244
3.81,3.356207,6.05,5.385293927424869
1.83,1.7909671,3.81,3.1695351806654815
0.66,0.26776847,1.83,1.192208499070977
0.33,0.0,0.66,0.001339347294354587
0.0,0.0,0.33,-0.27932892968448586
0.0,0.0,0.0,-0.5597596085000223
0.0,0.0,0.0,-0.5004451889129486
0.0,0.0,0.0,-0.34916007300484087
0.0,0.0,0.0,-0.21464024244463092
0.0,0.0,0.0,-0.2104928074913752
0.0,0.0,0.0,0.01319810059333272
0.0,0.0,0.0,0.0835234478434688
0.0,0.0,0.0,0.056083809914387016
0.0,0.0,0.0,0.16457728519730416
0.0,0.0,0.0,0.15684143977254036
0.0,0.0,0.0,0.29109894065477493
0.0,0.0,0.0,0.20776213541922608
0.0,0.0,0.0,0.17927371036851464
0.0,0.0,0.0,0.21762097523187368
0.0,0.0,0.0,0.2406690500115175
0.0,0.0,0.0,0.32710657856830105
0.0,0.0,0.0,0.2868571687711704
0.0,0.0,0.0,0.23139261786731596
0.0,0.0,0.0,0.2756681583518484
0.0,0.0,0.0,0.2965676344484156
0.0,0.0,0.0,0.15668284306339786
0.0,0.0,0.0,0.13153567544026518
0.0,0.0,0.0,0.10855564619470318
0.0,0.0,0.0,0.15165156399516933
0.0,0.0,0.0,0.11499824607584141
0.0,0.0,0.0,0.1046769737432951
0.0,0.0,0.0,-0.36432245540355346
0.0,0.0,0.0,-0.3652103327855547
0.0,0.0,0.0,-0.3222027604691449
0.0,0.0,0.0,-0.3212656279067306
0.0,0.0,0.0,-0.3170459042903215
0.0,0.0,0.0,-0.28561971063738584
0.0,0.0,0.0,-0.35841966489394683
0.0,0.0,0.0,-0.3877147039696763
0.0,0.0,0.0,-0.24182119322574802
0.0,0.0,0.0,-0.21952672752475796
0.0,0.0,0.0,-0.29141834186407145
0.0,0.0,0.0,-0.17324715180183797
0.0,0.0,0.0,-0.2608337912737218
0.0,0.0,0.0,-0.13608303850958306
0.0,0.0,0.0,-0.19853352265344418
0.0,0.0,0.0,-0.08743777280694844
0.0,0.0,0.0,-0.10400539847660824
0.0,0.0,0.0,0.010016487586478329
0.0,0.0,0.0,0.020808623899217574
0.0,0.0,0.0,0.05888356868463701
0.0,0.0,0.0,0.08596530824640132
0.0,0.0,0.0,0.11977744211180902
0.0,0.0,0.0,0.23837693537550983
0.0,0.0,0.0,0.2634129737690645
0.0,0.0,0.0,0.23883530405604259
0.0,0.0,0.0,0.3395778705777106
0.08,0.0,0.0,0.3830172196808359
0.18,0.0,0.08,0.4908536615515682
0.44,0.0,0.18,0.6928452999706235
0.85,0.19173321,0.44,0.9603156678491174
2.23,0.5158961,0.85,1.349290027715086
2.86,1.6824317,2.23,2.817025315771601
3.47,3.7479525,2.86,3.49534614544744
4.58,5.139825,3.47,4.173629038714433
5.65,5.5954595,4.58,5.2154563567577625
5.29,6.722153,5.65,6.3193694202963915
5.6,7.269616,5.29,6.112072552208081
6.83,7.0041986,5.6,6.301165689042553
6.6,7.670903,6.83,7.442801109263483
7.27,7.6431236,6.6,7.23764986241878
6.87,7.8853226,7.27,7.987330306937681
8.04,8.421458,6.87,7.518755100709358
7.47,7.826364,8.04,8.757250311125146
8.45,8.500461,7.47,8.122763342190735
8.49,9.077516,8.45,8.972855147011604
10.02,8.862315,8.49,9.018522731985517
8.57,9.273974,10.02,10.516579302040812
9.93,9.01793,8.57,9.107785303214463
9.34,9.819777,9.93,10.421125147824904
8.92,8.7988825,9.34,9.873600104031842
9.73,8.626974,8.92,9.336068720226603
8.09,9.024103,9.73,10.024820068328227
9.6,8.533903,8.09,8.39555197681537
9.37,8.067532,9.6,9.931348607077338
7.699999999999999,8.357609,9.37,9.523306106237301
7.07,7.277258,7.699999999999999,7.940987131440713
5.8,6.8243113,7.07,7.222305407860119
4.71,5.9342217,5.8,5.909197309493876
4.66,4.7117434,4.71,4.775431388242945
4.48,3.945934,4.66,4.629172810139078
3.37,3.5624075,4.48,4.450670559798394
2.88,2.9769568,3.37,3.459537690702751
2.29,2.3707142,2.88,3.0220711432106597
2.0,1.5234938,2.29,2.394005421466965
1.03,0.842149,2.0,2.0927295404205037
0.47,0.04854393,1.03,1.0755560265926918
0.18,0.0,0.47,0.6104125498240078
0.11,0.0,0.18,0.22369027445995754
0.0,0.0,0.11,0.15698656955207868
0.0,0.0,0.0,0.12448861832331556
0.0,0.0,0.0,0.20189831150070003
0.0,0.0,0.0,0.10690773788573815
0.0,0.0,0.0,0.23524813478978257
0.0,0.0,0.0,0.22111491936624217
0.0,0.0,0.0,0.21960671095829365
0.0,0.0,0.0,0.21970738076816168
0.0,0.0,0.0,0.17536725978670192
0.0,0.0,0.0,0.22643538029412089
0.0,0.0,0.0,0.137148922680857
0.0,0.0,0.0,0.1922898154377254
0.0,0.0,0.0,0.15126467139149835
0.0,0.0,0.0,0.16965240421041117
0.0,0.0,0.0,0.12332395253994342
0.0,0.0,0.0,0.0625821357257287
0.0,0.0,0.0,0.0015607285217376227
0.0,0.0,0.0,-0.0326065802147997
0.0,0.0,0.0,0.03185771329734695
0.0,0.0,0.0,-0.07839888995342666
0.0,0.0,0.0,-0.0488525653599077
0.0,0.0,0.0,-0.047159056655503434
0.0,0.0,0.0,-0.14813197593967709
0.0,0.0,0.0,-0.09531115558420664
0.0,0.0,0.0,-0.16125321204984958
0.0,0.0,0.0,-0.19151038259780873
0.0,0.0,0.0,-0.2379332563912856
0.0,0.0,0.0,-0.04913070916593043
0.0,0.0,0.0,-0.0006699457519335206
0.0,0.0,0.0,-0.07519977933311411
0.0,0.0,0.0,0.011884579566029535
0.0,0.0,0.0,0.046571366394669474
0.0,0.0,0.0,0.03565127923929698
0.0,0.0,0.0,-0.04307950633262739
0.0,0.0,0.0,0.03939922728475112
0.0,0.0,0.0,0.08012318951164256
0.0,0.0,0.0,0.007598954691005466
0.0,0.0,0.0,0.12926713620913055
0.0,0.0,0.0,0.1325725352268377
0.0,0.0,0.0,0.17202843089611342
0.0,0.0,0.0,0.23583951777467016
0.0,0.0,0.0,0.15760546612775372
0.0,0.0,0.0,0.22865125667914862
0.0,0.0,0.0,0.33343148184629817
0.0,0.0,0.0,0.2994270263478289
0.0,0.0,0.0,0.4020446177674185
0.0,0.0,0.0,0.34033876301754434
0.0,0.0,0.0,0.4691105286857118
0.0,0.0,0.0,0.43011882880187363
0.0,0.0,0.0,0.44055938073571094
0.0,0.0,0.0,0.612788004460709
0.0,0.0,0.0,0.6301024234158975
0.0,0.0,0.0,0.7071415711485874
0.37,0.0,0.0,0.7502626238743363
0.71,0.0,0.37,1.092851744958877
1.9299999999999997,1.1026638,0.71,1.4890495528471406
3.13,2.7420805,1.9299999999999997,2.735069976997277
4.43,4.2290316,3.13,4.048676302640881
5.86,5.9503555,4.43,5.509671195270238
9.55,8.131641,5.86,7.051119800772628
9.9,10.628142,9.55,10.78296541945507
11.61,12.468452,9.9,11.296129475416034
11.6,13.832756,11.61,12.952925949045481
15.28,14.504327,11.6,12.890815127389798
16.53,16.13488,15.28,16.586029042486015
18.6,16.693495,16.53,17.970730942055283
18.71,18.312107,18.6,20.105210977507422
18.88,19.058569,18.71,20.089123240218424
20.36,19.8582,18.88,20.28244267527197
20.07,20.632303,20.36,21.645882292448707
22.57,20.17054,20.07,21.26241928053094
20.65,21.204697,22.57,23.581650418575407
23.45,22.038246,20.65,21.548973707792527
23.31,22.441017,23.45,24.28707184864979
22.12,22.016424,23.31,24.179460764590225
21.02,21.413813,22.12,22.87682906661592
18.94,20.731232,21.02,21.51742206616003
19.21,20.092833,18.94,19.12192785133062
22.94,19.064665,19.21,19.268500427118873
22.52,20.387585,22.94,22.787325310103036
21.98,19.627657,22.52,22.56852176955849
21.51,19.60119,21.98,22.088737022084874
17.71,18.938696,21.51,21.49509574016062
15.399999999999999,16.908754,17.71,17.51167831320441
15.75,15.131243,15.399999999999999,15.171636778323446
15.24,13.797179,15.75,15.246042340797041
14.95,12.90499,15.24,14.541860720511202
11.85,11.8254,14.95,14.395582126244149
10.84,9.578172,11.85,11.42364370000514
7.33,8.182694,10.84,10.423324234739034
8.08,6.2136807,7.33,6.912169070429808
5.32,4.9604616,8.08,7.394494861867539
3.49,3.079594,5.32,4.602317506662022
1.57,1.5776345,3.49,2.918883193507816
0.68,0.16683918,1.57,0.951905111655097
0.35,0.0,0.68,0.08947577668520279
0.0,0.0,0.35,-0.1407162044187768
0.0,0.0,0.0,-0.5556674332441138
0.0,0.0,0.0,-0.4217834389943158
0.0,0.0,0.0,-0.3591589266949561
0.0,0.0,0.0,-0.1361757466900547
0.0,0.0,0.0,-0.07619377570635556
0.0,0.0,0.0,0.02120034079098526
0.0,0.0,0.0,0.021208648012349708
0.0,0.0,0.0,0.16954543566861818
0.0,0.0,0.0,0.1734209156187781
0.0,0.0,0.0,0.23894513119758584
0.0,0.0,0.0,0.26227980939827983
0.0,0.0,0.0,0.2666119092619311
0.0,0.0,0.0,0.39378811358965227
0.0,0.0,0.0,0.3907783137417269
0.0,0.0,0.0,0.33778381419352516
0.0,0.0,0.0,0.31763836987817917
0.0,0.0,0.0,0.36384682404648633
0.0,0.0,0.0,0.2517294836281117
0.0,0.0,0.0,0.289919369392727
0.0,0.0,0.0,0.3455461372210251
0.0,0.0,0.0,0.2704294100192016
0.0,0.0,0.0,0.2768996694937378
0.0,0.0,0.0,0.19360028056559153
0.0,0.0,0.0,0.174263527878272
0.0,0.0,0.0,0.2216430946263801
0.0,0.0,0.0,0.20338337807516704
0.0,0.0,0.0,-0.0554223483310623
0.0,0.0,0.0,-0.09597866583154403
0.0,0.0,0.0,-0.143825320806832
0.0,0.0,0.0,-0.09326081184823143
0.0,0.0,0.0,-0.132833701641136
0.0,0.0,0.0,-0.08091096222415925
0.0,0.0,0.0,-0.034104885851333755
0.0,0.0,0.0,0.0031372234516297004
0.0,0.0,0.0,0.041883494576504046
0.0,0.0,0.0,-0.08153013982906146
0.0,0.0,0.0,0.05019418075824254
0.0,0.0,0.0,-0.023608065354741928
0.0,0.0,0.0,0.03286511800541469
0.0,0.0,0.0,0.145130673887824
0.0,0.0,0.0,0.08566873611009984
0.0,0.0,0.0,0.08221190087935676
0.0,0.0,0.0,0.17838020675258504
0.0,0.0,0.0,0.3197199769083836
0.0,0.0,0.0,0.2529704094127843
0.0,0.0,0.0,0.35052006294393173
0.0,0.0,0.0,0.36235350359288343
0.0,0.0,0.0,0.3631673515039018
0.0,0.0,0.0,0.45282401055965044
0.0,0.0,0.0,0.4435002845846051
0.0,0.0,0.0,0.5321876184364904
0.0,0.0,0.0,0.6030159305039902
0.31,0.0,0.0,0.5756400088379872
0.64,0.0,0.31,1.0433904768429116
1.42,0.95754194,0.64,1.409432840655902
3.34,2.2137313,1.42,2.2446910265942748
4.98,3.6527128,3.34,4.285619400629694
6.68,5.7657666,4.98,6.040374647295605
7.39,8.513811,6.68,7.862051195566989
10.57,10.019539,7.39,8.611161703284441
10.05,11.576419,10.57,11.745471139430224
11.68,12.004705,10.05,11.4148124764656
12.89,13.505937,11.68,12.968303200323803
14.86,14.463801,12.89,14.231497397441647
16.14,15.379762,14.86,16.12361952456357
19.11,16.724472,16.14,17.54777026582805
19.48,18.286934,19.11,20.421207520350254
18.63,19.43775,19.48,20.95118863434409
20.17,19.419132,18.63,20.078069409486798
19.74,20.312422,20.17,21.3405082517739
19.49,20.664675,19.74,20.790501076349507
20.57,20.018383,19.49,20.474503269464385
21.17,20.366102,20.57,21.36650527058162
23.65,20.533875,21.17,21.95100220074115
20.41,21.402641,23.65,24.44568806963631
18.79,20.504606,20.41,21.162077570191144
22.83,19.670687,18.79,19.456011209727176
22.97,19.801908,22.83,23.0714621448411
20.97,20.5825,22.97,23.244840255859316
19.57,19.610352,20.97,21.328495854277016
17.02,18.796717,19.57,19.701402955707824
18.62,17.11625,17.02,16.99087392276755
19.62,16.56424,18.62,18.48894827547641
16.95,16.209696,19.62,19.382144154742033
15.34,14.524662,16.95,16.76048801388704
14.83,13.63414,15.34,15.157416538812551
12.12,11.430859,14.83,14.438554628401935
9.11,9.318763,12.12,11.783202638807042
7.31,7.45266,9.11,8.713609730906583
5.77,5.9438157,7.31,6.582107073427766
5.02,3.987114,5.77,5.030829615204779
2.71,2.4599714,5.02,4.329751313869035
1.4,0.8029715,2.71,2.122379428499719
0.66,0.0,1.4,0.9162077860543116
0.3,0.0,0.66,0.07509151079653553
0.0,0.0,0.3,-0.31492995804074275
0.0,0.0,0.0,-0.42058188536229446
0.0,0.0,0.0,-0.38322481351931503
0.0,0.0,0.0,-0.2219320438759465
0.0,0.0,0.0,-0.24273307847831083
0.0,0.0,0.0,-0.03681405980231908
0.0,0.0,0.0,-0.013636775609306775
0.0,0.0,0.0,0.04709584318988654
0.0,0.0,0.0,0.16025403505835123
0.0,0.0,0.0,0.15873993874037426
0.0,0.0,0.0,0.12776243212878557
0.0,0.0,0.0,0.2777999217776712
0.0,0.0,0.0,0.19254319063071443
0.0,0.0,0.0,0.22482273852335666
0.0,0.0,0.0,0.2595239531096161
0.0,0.0,0.0,0.2978331613941628
0.0,0.0,0.0,0.2531880236671825
0.0,0.0,0.0,0.23263678156226014
0.0,0.0,0.0,0.29728888064435194
0.0,0.0,0.0,0.14780935099275727
0.0,0.0,0.0,0.23830542303426133
0.0,0.0,0.0,0.1626534012057114
0.0,0.0,0.0,0.19599351413413765
0.0,0.0,0.0,0.10370014579193498
0.0,0.0,0.0,0.08714192021506706
0.0,0.0,0.0,0.09998064773355245
0.0,0.0,0.0,0.07486560358467456
0.0,0.0,0.0,0.03553380711210294
0.0,0.0,0.0,0.005891069610230587
0.0,0.0,0.0,-0.018569809121251196
0.0,0.0,0.0,-0.07825916103860825
0.0,0.0,0.0,-0.0838475685168337
0.0,0.0,0.0,0.02913752141290655
0.0,0.0,0.0,-0.014366881287888739
0.0,0.0,0.0,0.04280113560500492
0.0,0.0,0.0,-0.0185744417155222
0.0,0.0,0.0,-0.021361935087023352
0.0,0.0,0.0,0.05702322909531286
0.0,0.0,0.0,0.0777691455873615
0.0,0.0,0.0,0.15439826920971184
0.0,0.0,0.0,0.10301652940256555
0.0,0.0,0.0,0.1887873385540441
0.0,0.0,0.0,0.13218125756323554
0.0,0.0,0.0,0.22221717883616604
0.0,0.0,0.0,0.299564299184708
0.0,0.0,0.0,0.3570168173187623
0.0,0.0,0.0,0.3737777261085689
0.0,0.0,0.0,0.44139922343195687
0.0,0.0,0.0,0.38450763808046157
0.0,0.0,0.0,0.5792672344789743
0.0,0.0,0.0,0.5938996673787745
0.0,0.0,0.0,0.5434349085574223
0.0,0.0,0.0,0.6597770778665395
0.33,0.0,0.0,0.722420044442124
0.68,0.0,0.33,1.0292928319928638
1.58,1.1095852,0.68,1.5074806223126178
3.46,2.4920306,1.58,2.3724004328160597
4.56,4.2811756,3.46,4.386920098718096
7.660000000000001,5.980199,4.56,5.62979383162645
7.42,8.899615,7.660000000000001,8.898440160501275
9.96,10.528988,7.42,8.670077689057976
10.23,12.285731,9.96,11.248642108354222
13.59,13.000996,10.23,11.531076889869118
15.740000000000002,15.218187,13.59,14.986522829374772
16.99,16.494038,15.740000000000002,17.230950813522497
16.76,18.210333,16.99,18.428330911637506
17.51,18.868515,16.76,18.35183477382758
19.5,19.475523,17.51,18.892618373723717
17.57,20.216131,19.5,20.92858071361369
22.63,19.666422,17.57,18.799134306968966
22.86,21.588894,22.63,23.794198224371247
23.48,22.217417,22.86,23.905787035008817
23.22,22.978773,23.48,24.73743875099703
20.95,22.903854,23.22,24.154216371819594
20.25,21.943863,20.95,21.841153667065246
19.06,21.153084,20.25,20.886325436909864
21.94,20.382444,19.06,19.312457231901647
21.37,21.157406,21.94,22.061602149589913
22.59,20.270195,21.37,21.465643511195825
23.15,20.82688,22.59,22.628795096234477
22.75,21.094212,23.15,23.2420813624785
17.22,20.37865,22.75,22.94904494373855
16.17,17.6449,17.22,17.301853418122164
18.9,16.04787,16.17,15.89381164093104
18.29,15.636757,18.9,18.452054679782034
15.650000000000002,15.064183,18.29,17.83024767703642
12.05,13.944451,15.650000000000002,15.36627067779465
11.74,11.354664,12.05,11.696338450983824
9.8,10.059395,11.74,11.401084420549846
8.36,7.9596233,9.8,9.26992738608176
5.73,6.656321,8.36,7.766155700439599
5.21,4.3612366,5.73,5.028386079260574
3.47,3.0593762,5.21,4.4716612789238095
1.63,1.7641478,3.47,2.820164178638284
0.66,0.3608997,1.63,1.187849248181434
0.33,0.0,0.66,0.14580651939059663
0.0,0.0,0.33,-0.2649495456739212
0.0,0.0,0.0,-0.5371410018781592
0.0,0.0,0.0,-0.36482997564690767
0.0,0.0,0.0,-0.17111525587542892
0.0,0.0,0.0,-0.20582345672746846
0.0,0.0,0.0,-0.05972944048758422
0.0,0.0,0.0,-0.029533740120164936
0.0,0.0,0.0,0.09940593887367247
0.0,0.0,0.0,0.07843588750847771
0.0,0.0,0.0,0.14783650595197978
0.0,0.0,0.0,0.20148710791097063
0.0,0.0,0.0,0.29875061130397024
0.0,0.0,0.0,0.3009010834639928
0.0,0.0,0.0,0.4053324050279357
0.0,0.0,0.0,0.2905269153559905
0.0,0.0,0.0,0.3535986742758653
0.0,0.0,0.0,0.3358340243768362
0.0,0.0,0.0,0.34436449837674143
0.0,0.0,0.0,0.2959769639709896
0.0,0.0,0.0,0.28315997613023214
0.0,0.0,0.0,0.2214898467467337
0.0,0.0,0.0,0.18380369794508378
0.0,0.0,0.0,0.17633236889441
0.0,0.0,0.0,0.21212016331270905
0.0,0.0,0.0,0.12805083017034263
0.0,0.0,0.0,0.17319710243954234
0.0,0.0,0.0,0.18079704629776572
0.0,0.0,0.0,0.05366890125909879
0.0,0.0,0.0,0.0036717629175654284
0.0,0.0,0.0,-0.02021834506946315
0.0,0.0,0.0,0.023068614203641362
0.0,0.0,0.0,0.03607800144841352
0.0,0.0,0.0,0.08039091724789817
0.0,0.0,0.0,-0.02630956076097285
0.0,0.0,0.0,-0.015600041000268274
0.0,0.0,0.0,-0.013892530416349629
0.0,0.0,0.0,0.09714948672107052
0.0,0.0,0.0,0.13465882714278257
0.0,0.0,0.0,0.16999701787317567
0.0,0.0,0.0,0.13102180781506206
0.0,0.0,0.0,0.10173746511324001
0.0,0.0,0.0,0.15428564256251692
0.0,0.0,0.0,0.26218251710014107
0.0,0.0,0.0,0.2754641972885503
0.0,0.0,0.0,0.2848995269079627
0.0,0.0,0.0,0.3307418930853291
0.0,0.0,0.0,0.3847665184394523
0.0,0.0,0.0,0.4546078655581331
0.0,0.0,0.0,0.40082382582745607
0.0,0.0,0.0,0.5077154617666144
0.0,0.0,0.0,0.6537939543487961
0.0,0.0,0.0,0.6457114580699713
0.0,0.0,0.0,0.6177098218984486
0.29,0.0,0.0,0.6706828011271366
0.69,0.0,0.29,1.0191730935590053
1.41,1.168356,0.69,1.479200923133929
3.45,2.41838,1.41,2.2866617659610613
4.59,4.0398145,3.45,4.439647643951039
6.87,6.1295047,4.59,5.660946037646913
7.37,8.959939,6.87,8.054182895443297
8.07,10.419133,7.37,8.6455326862319
11.94,11.529681,8.07,9.378133587891394
11.38,12.537323,11.94,13.203627891154404
14.31,13.978684,11.38,12.78781373371608
15.349999999999998,15.807203,14.31,15.747700772100153
16.39,16.54317,15.349999999999998,16.813756181426076
17.26,17.2711,16.39,17.922835105113425
20.28,18.17374,17.26,18.728053272572403
17.58,20.007355,20.28,21.64901752745702
18.97,19.233599,17.58,19.05147326634965
20.51,20.167358,18.97,20.347890436255987
19.42,20.44342,20.51,21.588574201744734
21.57,20.363995,19.42,20.65229957705201
21.53,20.87939,21.57,22.60483130361063
19.88,21.040796,21.53,22.443459059237316
19.14,20.202051,19.88,20.88658485945711
20.6,19.527897,19.14,19.966056659544176
19.41,19.684586,20.6,21.156054154304044
22.34,18.789436,19.41,19.99033579853384
22.31,19.60384,22.34,22.78404273628231
21.43,19.34696,22.31,22.736369196347127
20.07,18.952923,21.43,21.964138969597048
18.2,17.904934,20.07,20.45900413879127
17.62,16.173012,18.2,18.34379802845
16.51,15.084593,17.62,17.62316395512449
14.84,14.0921135,16.51,16.394808442434105
13.88,12.424202,14.84,14.627522687658017
11.11,10.917614,13.88,13.652055438114042
9.3,9.058142,11.11,10.874598653354377
8.34,7.1904526,9.3,8.98827346347771
7.43,5.803022,8.34,7.879747356684184
5.77,4.4644675,7.43,6.8466452597176435
2.99,3.0500088,5.77,5.255682745660431
1.76,1.3694226,2.99,2.394905287458753
0.63,0.32211518,1.76,1.2176275997807706
0.29,0.0,0.63,0.13974232869072678
0.0,0.0,0.29,-0.2802716369891986
0.0,0.0,0.0,-0.5162517345228039
0.0,0.0,0.0,-0.42926076944724334
0.0,0.0,0.0,-0.35049848957204743
0.0,0.0,0.0,-0.14262507191631177
0.0,0.0,0.0,-0.06073201983876737
0.0,0.0,0.0,-0.07399401844011069
0.0,0.0,0.0,0.03154075452903627
0.0,0.0,0.0,0.10749556159884519
0.0,0.0,0.0,0.21869668894362607
0.0,0.0,0.0,0.25019349448926487
0.0,0.0,0.0,0.2638521164469847
0.0,0.0,0.0,0.32034737798906543
0.0,0.0,0.0,0.30119968499421024
0.0,0.0,0.0,0.356135929488903
0.0,0.0,0.0,0.2686968680769733
0.0,0.0,0.0,0.33640821559735845
0.0,0.0,0.0,0.3170986394107973
0.0,0.0,0.0,0.25361317280813783
0.0,0.0,0.0,0.36669159909950055
0.0,0.0,0.0,0.24724475714704702
0.0,0.0,0.0,0.227614137847361
0.0,0.0,0.0,0.17489952858072894
0.0,0.0,0.0,0.1430927056581816
0.0,0.0,0.0,0.144723476470345
0.0,0.0,0.0,0.10887219463112194
0.0,0.0,0.0,0.19388096861137782
0.0,0.0,0.0,-0.03094626888344304
0.0,0.0,0.0,0.012682999495143045
0.0,0.0,0.0,-0.019773231539878915
0.0,0.0,0.0,-0.05383119982961301
0.0,0.0,0.0,-0.03891866804756762
0.0,0.0,0.0,-0.023924706272995602
0.0,0.0,0.0,0.03515453180424191
0.0,0.0,0.0,-0.03209086754877771
0.0,0.0,0.0,-0.02493600044182795
0.0,0.0,0.0,0.11232873455326381
0.0,0.0,0.0,0.11443628876427088
0.0,0.0,0.0,0.031436925220369415
0.0,0.0,0.0,0.12801010996947426
0.0,0.0,0.0,0.08591359370631067
0.0,0.0,0.0,0.15215183319519132
0.0,0.0,0.0,0.2635458115994574
0.0,0.0,0.0,0.2831292858791281
0.0,0.0,0.0,0.26137198857941196
0.0,0.0,0.0,0.3867309748138109
0.0,0.0,0.0,0.3709132157207441
0.0,0.0,0.0,0.3756457531124694
0.0,0.0,0.0,0.4199527191500433
0.0,0.0,0.0,0.4432048243042242
0.0,0.0,0.0,0.4589404012436845
0.0,0.0,0.0,0.5356359133808928
0.0,0.0,0.0,0.6987024512347583
0.33,0.0,0.0,0.6194492239117274
0.59,0.0,0.33,1.075391350290293
1.72,1.0074745,0.59,1.3702357645274088
2.96,2.3722436,1.72,2.5421920325511245
4.64,3.8577552,2.96,3.8726023525151
6.45,5.8791614,4.64,5.66739934072987
7.699999999999999,8.4345,6.45,7.586253396701739
9.64,10.334292,7.699999999999999,8.953599180375825
10.21,11.81291,9.64,10.920870619726212
11.42,12.907368,10.21,11.55017069973717
14.55,14.287092,11.42,12.734647862750014
13.98,15.819922,14.55,15.807833681748916
17.53,16.7485,13.98,15.362870779267396
17.23,18.119541,17.53,19.029001853865463
21.33,18.93318,17.23,18.703065650661998
19.39,20.824484,21.33,22.815606132820946
19.59,20.699001,19.39,20.900493138431038
19.85,21.086512,19.59,20.84981822283943
19.61,21.177416,19.85,20.98891395232782
21.4,20.928928,19.61,20.488608442255774
22.53,21.177967,21.4,22.21752166672609
23.51,21.316141,22.53,23.265044185253952
23.78,21.751974,23.51,24.29576706567131
21.91,22.113958,23.78,24.522982005751846
18.94,21.364637,21.91,22.535743959766922
20.39,20.02373,18.94,19.323446111065152
23.05,19.228,20.39,20.526684806464747
21.13,19.87752,23.05,22.905112362965507
21.18,19.617636,21.13,21.277016027325153
19.89,19.442596,21.18,21.1738966542405
19.36,17.504536,19.89,19.886275703136203
17.49,17.014816,19.36,19.379790191147745
13.12,15.145306,17.49,17.385741438497195
14.91,12.696181,13.12,12.740732268473947
11.09,11.497601,14.91,14.385344048199165
9.25,9.676162,11.09,10.445898919627863
8.37,7.7392325,9.25,8.698396427701653
5.92,6.6815753,8.37,7.797193361257819
4.59,4.3571396,5.92,5.26431395325865
3.32,2.7983038,4.59,4.033880979089568
1.63,1.4441419,3.32,2.5718473962105115
0.57,0.25187528,1.63,0.9612849795484268
0.3,0.0,0.57,-0.04578497579397767
0.0,0.0,0.3,-0.38569876184128327
0.0,0.0,0.0,-0.5334819943069425
0.0,0.0,0.0,-0.32769253609223503
0.0,0.0,0.0,-0.3820830384201173
0.0,0.0,0.0,-0.19073194791302622
0.0,0.0,0.0,-0.08681297319678427
0.0,0.0,0.0,-0.08717694726460862
0.0,0.0,0.0,0.061723837663271476
0.0,0.0,0.0,0.1585703594703788
0.0,0.0,0.0,0.20026131458942134
0.0,0.0,0.0,0.24568100564305392
0.0,0.0,0.0,0.2859363471060033
0.0,0.0,0.0,0.34335407912790783
0.0,0.0,0.0,0.3658974699368982
0.0,0.0,0.0,0.32878939634965715
0.0,0.0,0.0,0.3069527630367945
0.0,0.0,0.0,0.2700338679458928
0.0,0.0,0.0,0.2563507081618593
0.0,0.0,0.0,0.23294538377659713
0.0,0.0,0.0,0.2458971979768504
0.0,0.0,0.0,0.22347070036174227
0.0,0.0,0.0,0.19709876269668694
0.0,0.0,0.0,0.1675753860799231
0.0,0.0,0.0,0.15227367868990424
0.0,0.0,0.0,0.1471100487291037
0.0,0.0,0.0,0.08475660605383045
0.0,0.0,0.0,0.18502017408578955
0.0,0.0,0.0,0.04912873256153236
0.0,0.0,0.0,0.006469325682678315
0.0,0.0,0.0,-0.047062723217281555
0.0,0.0,0.0,-0.05551695707876357
0.0,0.0,0.0,-0.012439436638334266
0.0,0.0,0.0,-0.03636512061466535
0.0,0.0,0.0,0.020637249976164403
0.0,0.0,0.0,0.02120526935725838
0.0,0.0,0.0,0.06782440602817577
0.0,0.0,0.0,0.12412936414173045
0.0,0.0,0.0,0.12816809683925462
0.0,0.0,0.0,0.15168819378723197
0.0,0.0,0.0,0.10606735206746175
0.0,0.0,0.0,0.182988902660243
0.0,0.0,0.0,0.23801556016901537
0.0,0.0,0.0,0.18960868652283475
0.0,0.0,0.0,0.294317395940503
0.0,0.0,0.0,0.3029581258825375
0.0,0.0,0.0,0.2890015009198073
0.0,0.0,0.0,0.38064923245244375
0.0,0.0,0.0,0.3947137933304691
0.0,0.0,0.0,0.43146971260581596
0.0,0.0,0.0,0.5680076650658745
0.0,0.0,0.0,0.5776573345685813
0.0,0.0,0.0,0.6081321755513415
0.0,0.0,0.0,0.7336958630302075
0.0,0.0,0.0,0.7329054815998378
0.5,0.0,0.0,0.7775349953605691
0.9,0.743853,0.5,1.2457922076999806
2.69,1.8468596,0.9,1.8044885095425995
5.44,3.4502752,2.69,3.6749798347819285
6.1,5.9995055,5.44,6.4720494760378475
6.54,8.700129,6.1,7.331278909463769
9.51,9.897351,6.54,7.837358565675068
10.19,11.436248,9.51,10.750340677611344
13.53,12.404892,10.19,11.57360301530296
14.84,14.627172,13.53,14.997270729892927
14.56,16.35312,14.84,16.337214230942603
15.33,16.941782,14.56,16.120955064017046
17.55,17.011118,15.33,16.785269689709036
17.33,18.494318,17.55,18.89259591923
17.57,18.814205,17.33,18.752378463598156
20.17,18.907341,17.57,18.845272755013017
22.6,20.27322,20.17,21.23426996857416
22.9,20.820477,22.6,23.80348813744918
21.33,21.4921,22.9,24.176271149981503
20.97,22.16391,21.33,22.421576826390535
21.98,21.495993,20.97,21.96833966398236
21.09,21.550644,21.98,22.75577670525705
18.91,21.189238,21.09,21.7041857567538
20.65,19.690502,18.91,19.421651682317787
21.2,19.689362,20.65,20.85188444006471
21.82,19.68245,21.2,21.380239070615414
20.42,19.291676,21.82,22.017771076901543
18.56,18.78586,20.42,20.65210581076029
20.47,17.667128,18.56,18.618297350144807
17.57,17.37635,20.47,20.38469133272622
16.99,15.86753,17.57,17.49040256778043
14.3,14.641414,16.99,16.763343344685467
12.67,12.972987,14.3,13.998870417340674
11.35,10.8833,12.67,12.279029761844809
10.54,9.123949,11.35,10.98434718206981
8.54,7.773226,10.54,10.01170734910097
5.99,6.0218496,8.54,7.983761814794049
5.85,4.196286,5.99,5.449502722800678
3.0,3.085524,5.85,5.2470086477918745
1.52,1.3048062,3.0,2.4213864360847284
0.72,0.14348586,1.52,0.9391989690218766
0.31,0.0,0.72,0.032171280409565295
0.0,0.0,0.31,-0.2645553302264181
0.0,0.0,0.0,-0.4533399808062019
0.0,0.0,0.0,-0.48611060217885904
0.0,0.0,0.0,-0.2043432628013011
0.0,0.0,0.0,-0.16989757737618114
0.0,0.0,0.0,-0.1242816074693677
0.0,0.0,0.0,-0.10661313148979445
0.0,0.0,0.0,0.12228115257426728
0.0,0.0,0.0,0.1510343419813489
0.0,0.0,0.0,0.24082165258511973
0.0,0.0,0.0,0.2361644548155828
0.0,0.0,0.0,0.22569490438200202
0.0,0.0,0.0,0.2417941454809661
0.0,0.0,0.0,0.280471430641837
0.0,0.0,0.0,0.31034518118110327
0.0,0.0,0.0,0.33402659247400374
0.0,0.0,0.0,0.37871699851161633
0.0,0.0,0.0,0.3495141268304205
0.0,0.0,0.0,0.3497590680373886
0.0,0.0,0.0,0.2991925691590696
0.0,0.0,0.0,0.274631082691701
0.0,0.0,0.0,0.1860413698241589
0.0,0.0,0.0,0.16776670059217016
0.0,0.0,0.0,0.13604451286755298
0.0,0.0,0.0,0.1598103083154348
0.0,0.0,0.0,0.1721862736199941
0.0,0.0,0.0,0.18311262261239392
0.0,0.0,0.0,-0.08570785100256828
0.0,0.0,0.0,-0.11309456979224225
0.0,0.0,0.0,-0.10480781333679863
0.0,0.0,0.0,-0.009924663846992872
0.0,0.0,0.0,-0.07922189852957895
0.0,0.0,0.0,-0.04757232321495643
0.0,0.0,0.0,-0.12396883743088283
0.0,0.0,0.0,-0.0429715395361234
0.0,0.0,0.0,-0.10630139428799389
0.0,0.0,0.0,0.045147970679392385
0.0,0.0,0.0,0.056216809842934215
0.0,0.0,0.0,0.012937311445488653
0.0,0.0,0.0,0.1373604338625499
0.0,0.0,0.0,0.07017587184980474
0.0,0.0,0.0,0.1653123924786643
0.0,0.0,0.0,0.15171007571975292
0.0,0.0,0.0,0.1817141497586695
0.0,0.0,0.0,0.21476850516030335
0.0,0.0,0.0,0.21125566947008867
0.0,0.0,0.0,0.3969890838089387
0.0,0.0,0.0,0.344775555979719
0.0,0.0,0.0,0.40141792345731386
0.0,0.0,0.0,0.4185160391622344
0.0,0.0,0.0,0.5356453405423243
0.0,0.0,0.0,0.5202277882745449
0.0,0.0,0.0,0.5889410615041826
0.0,0.0,0.0,0.6333547280305358
0.47,0.0,0.0,0.7214403941862718
0.99,0.01846564,0.47,1.249752844691681
2.29,1.0205897,0.99,1.7797029929565904
5.08,2.5112844,2.29,3.195489691021879
6.48,4.7741537,5.08,6.101320750991371
6.6,7.5639315,6.48,7.627178695821906
9.69,9.091723,6.6,7.840412343318514
9.77,10.670861,9.69,11.040272396742324
10.2,11.452044,9.77,11.111498228904304
11.81,12.681573,10.2,11.634198793988745
12.92,13.390957,11.81,13.168251984879378
13.58,14.026655,12.92,14.36141731081863
18.36,14.74468,13.58,15.022109021700505
17.58,17.468044,18.36,19.712507157207067
16.35,18.410603,17.58,19.095118220580087
19.77,18.71638,16.35,17.982365734108743
20.59,19.533808,19.77,21.03906734773792
19.3,20.153915,20.59,21.796438905459734
19.07,20.375683,19.3,20.695117321371143
22.66,19.64119,19.07,20.041675694501055
21.12,20.80214,22.66,23.536210721174648
18.72,20.578999,21.12,22.139956308971712
20.44,19.592007,18.72,19.602008163239137
20.97,19.179174,20.44,20.991133439759906
21.49,19.485079,20.97,21.46501241946545
18.08,19.54675,21.49,21.913218060627187
20.52,17.458088,18.08,18.46267042493466
16.83,17.498678,20.52,20.675606652575954
15.99,15.983096,16.83,17.038573216510393
15.66,14.5775175,15.99,15.994714413300887
15.489999999999998,13.49608,15.66,15.51920708072348
13.26,12.602736,15.489999999999998,15.21500306585029
14.89,10.563172,13.26,12.971964271717537
10.73,10.557786,14.89,14.553558780429118
9.12,8.209438,10.73,10.477225209186338
7.83,6.7914963,9.12,8.690696445986356
5.9,5.4213896,7.83,7.228410768162008
4.97,3.5939727,5.9,5.226765110064148
3.42,2.2697246,4.97,4.445927111614366
1.62,1.0977817,3.42,2.700743470785958
0.67,0.0,1.62,1.0615060177636404
0.32,0.0,0.67,0.1754124235809057
0.0,0.0,0.32,-0.25763814436565835
0.0,0.0,0.0,-0.6120047507453339
0.0,0.0,0.0,-0.4715419095132395
0.0,0.0,0.0,-0.3221087131029343
0.0,0.0,0.0,-0.27361380642537303
0.0,0.0,0.0,-0.18880913756159648
0.0,0.0,0.0,0.0189113698592476
0.0,0.0,0.0,-0.016752448199831745
0.0,0.0,0.0,0.05314429870783937
0.0,0.0,0.0,0.05925328929301435
0.0,0.0,0.0,0.1429117468342669
0.0,0.0,0.0,0.20826592578242434
0.0,0.0,0.0,0.1900303286879041
0.0,0.0,0.0,0.2725875152377478
0.0,0.0,0.0,0.25541045233245263
0.0,0.0,0.0,0.22991239501952757
0.0,0.0,0.0,0.23331953905418382
0.0,0.0,0.0,0.2589897623914975
0.0,0.0,0.0,0.24658996988290266
0.0,0.0,0.0,0.1801547352277291
0.0,0.0,0.0,0.14186280014895641
0.0,0.0,0.0,0.16840397204258573
0.0,0.0,0.0,0.11883236856020878
0.0,0.0,0.0,0.08578861006104513
0.0,0.0,0.0,0.2105305754829501
0.0,0.0,0.0,0.15200428472729174
0.0,0.0,0.0,0.1517576668657824
0.0,0.0,0.0,-0.03767702238819226
0.0,0.0,0.0,-0.06110087835856565
0.0,0.0,0.0,0.053348480450200256
0.0,0.0,0.0,-0.09786790787781968
0.0,0.0,0.0,0.03875979130447918
0.0,0.0,0.0,0.030124611123564064
0.0,0.0,0.0,-0.04665258896054056
0.0,0.0,0.0,0.029717432284524885
0.0,0.0,0.0,-0.0021219439026839287
0.0,0.0,0.0,0.13917956511518692
0.0,0.0,0.0,0.13446309071065948
0.0,0.0,0.0,0.1293461938085139
0.0,0.0,0.0,0.0646014236782044
0.0,0.0,0.0,0.20184479152026236
0.0,0.0,0.0,0.1613339686271316
0.0,0.0,0.0,0.23458247911931612
0.0,0.0,0.0,0.282983305461553
0.0,0.0,0.0,0.25844625396304355
0.0,0.0,0.0,0.27085554466796674
0.0,0.0,0.0,0.4050676456393987
0.0,0.0,0.0,0.39132095272048373
0.0,0.0,0.0,0.5057420752611431
0.0,0.0,0.0,0.5062186544526848
0.0,0.0,0.0,0.6240751828540766
0.0,0.0,0.0,0.6642195785881571
0.0,0.0,0.0,0.5884106063523754
0.0,0.0,0.0,0.6354323239902171
0.5,0.0,0.0,0.7151281151941823
1.09,0.7519765,0.5,1.278507636768028
2.62,1.7454389,1.09,2.0051705829684128
5.11,3.3453329,2.62,3.5060229617117953
6.21,5.7863374,5.11,6.10932992008211
6.62,8.452635,6.21,7.335699416534287
8.31,9.785775,6.62,7.929622924111406
10.04,10.857631,8.31,9.452280574359174
10.44,11.856719,10.04,11.302791856266088
13.98,13.177276,10.44,11.760442215609944
16.23,14.785863,13.98,15.208035004689007
13.84,16.3055,16.23,17.669720841313644
17.34,15.8119135,13.84,15.517955867410134
15.919999999999998,17.305466,17.34,18.695307230232096
17.2,17.364494,15.919999999999998,17.314243457535518
17.25,17.916412,17.2,18.54780550004587
18.34,18.39956,17.25,18.461382517725067
20.64,19.297037,18.34,19.290630601132094
21.49,20.136194,20.64,21.62398810761814
21.06,20.505957,21.49,22.474263934045382
22.21,20.91743,21.06,22.148453143192967
20.81,21.112358,22.21,23.217899559456438
18.71,20.372887,20.81,21.65679345475561
20.48,19.387156,18.71,19.30953633364359
20.68,19.013578,20.48,20.947488800681
19.73,18.82993,20.68,20.987413107473124
19.01,18.278143,19.73,20.077028249310803
16.23,17.490578,19.01,19.189880701925592
16.44,16.332462,16.23,16.378922623663424
18.07,15.124866,16.44,16.45757182157046
14.64,14.763957,18.07,17.84566090483785
16.38,13.641174,14.64,14.521297749534295
13.83,12.942556,16.38,16.15265520149322
12.32,11.364285,13.83,13.63493756556672
9.05,9.891579,12.32,12.203739316507477
9.22,7.080561,9.05,8.816417953437261
8.36,6.5729804,9.22,8.786069893692419
4.63,5.1344013,8.36,7.962521512721703
3.5,2.7597435,4.63,4.123902109521708
1.8900000000000001,1.515191,3.5,2.9697064436653253
0.69,0.29343298,1.8900000000000001,1.3282537218032542
0.36,0.0,0.69,0.20904553714865048
0.0,0.0,0.36,-0.2726260854291507
0.0,0.0,0.0,-0.5137436726181708
0.0,0.0,0.0,-0.3966656627259556
0.0,0.0,0.0,-0.33829760188960967
0.0,0.0,0.0,-0.155778335127488
0.0,0.0,0.0,-0.0975533969484877
0.0,0.0,0.0,-0.04031182934059588
0.0,0.0,0.0,0.07871054460512308
0.0,0.0,0.0,0.13223720782657178
0.0,0.0,0.0,0.23411688082961454
0.0,0.0,0.0,0.21923880308840907
0.0,0.0,0.0,0.22635161564778522
0.0,0.0,0.0,0.2259904523898168
0.0,0.0,0.0,0.2855025768840196
0.0,0.0,0.0,0.26190581039801786
0.0,0.0,0.0,0.22652911955653163
0.0,0.0,0.0,0.32819745350255963
0.0,0.0,0.0,0.22489384451495495
0.0,0.0,0.0,0.24454404074540775
0.0,0.0,0.0,0.28096877722873
0.0,0.0,0.0,0.20395612970279192
0.0,0.0,0.0,0.2542581243466262
0.0,0.0,0.0,0.18092104520257857
0.0,0.0,0.0,0.19700650256536384
0.0,0.0,0.0,0.19318360372522275
0.0,0.0,0.0,0.08972960056566649
0.0,0.0,0.0,0.1250588567153209
0.0,0.0,0.0,-0.05462881783424231
0.0,0.0,0.0,-0.09150026270366748
0.0,0.0,0.0,-0.15158236863810243
0.0,0.0,0.0,-0.1944152470038072
0.0,0.0,0.0,-0.11499627691758559
0.0,0.0,0.0,-0.0766257683470184
0.0,0.0,0.0,-0.03861726031446848
0.0,0.0,0.0,-0.06175092232492796
0.0,0.0,0.0,-0.11280894734929249
0.0,0.0,0.0,-0.04059490545685718
0.0,0.0,0.0,0.011441018632772325
0.0,0.0,0.0,0.012068142360535904
0.0,0.0,0.0,0.025197509259738578
0.0,0.0,0.0,0.07079730249827482
0.0,0.0,0.0,0.023788882686551945
0.0,0.0,0.0,0.10356218561965141
0.0,0.0,0.0,0.2361012809113306
0.0,0.0,0.0,0.1354285193841057
0.0,0.0,0.0,0.256365297347381
0.0,0.0,0.0,0.2919426188200188
0.0,0.0,0.0,0.31943064577927194
0.0,0.0,0.0,0.43009575363830826
0.0,0.0,0.0,0.39143415166318946
0.0,0.0,0.0,0.4774321149330426
0.0,0.0,0.0,0.43621455050079344
0.0,0.0,0.0,0.5834764409790223
0.0,0.0,0.0,0.5517744727424303
0.24,0.0,0.0,0.593375741222165
0.51,0.0,0.24,0.8942640502895265
1.25,0.7946174,0.51,1.2021907838751102
2.44,1.4830289,1.25,2.0844508571841476
3.87,2.3574867,2.44,3.2886489142332143
4.33,4.3190966,3.87,4.856348201713975
4.76,5.561437,4.33,5.3691718685059024
6.17,6.1146183,4.76,5.859283769956078
6.62,6.7913218,6.17,7.351458638591884
6.9,7.9795113,6.62,7.7706863526270595
8.93,8.426062,6.9,8.093828802898507
10.96,9.496843,8.93,10.119077155816951
12.31,10.7035,10.96,12.169891565466669
12.26,12.69967,12.31,13.678469926572777
14.37,13.4961815,12.26,13.718391552484817
13.87,14.514566,14.37,15.794979880318891
16.34,14.618048,13.87,15.257190684418113
14.62,15.880913,16.34,17.680435588771047
15.470000000000002,15.914352,14.62,15.960735515447496
17.61,15.927395,15.470000000000002,16.614898814482636
19.67,16.61608,17.61,18.633216516332496
17.47,17.624159,19.67,20.686579575021216
20.81,17.470676,17.47,18.710826162846207
16.59,18.26065,20.81,21.802066898141764
17.17,16.785196,16.59,17.530892942401234
17.2,16.36561,17.17,17.91191319589205
18.36,15.810691,17.2,17.794974625405
15.43,15.558012,18.36,18.71692972647496
14.62,14.118274,15.43,15.966699332757317
13.05,12.871246,14.62,14.83182983131684
11.46,11.573091,13.05,13.214793036605654
11.36,10.361584,11.46,11.531369994154437
9.84,8.983767,11.36,11.261785834218877
8.18,7.2982264,9.84,9.480036089153147
6.34,5.965781,8.18,7.939671184036081
5.27,4.546401,6.34,5.910713533915235
4.5,3.3689597,5.27,4.924747619338205
3.37,2.06769,4.5,4.178684785912208
2.26,0.829808,3.37,2.935287868193386
1.42,0.0,2.26,1.8209550889452908
0.51,0.0,1.42,1.0790412322667868
0.26,0.0,0.51,0.17700855285575579
0.0,0.0,0.26,-0.10835421668380918
0.0,0.0,0.0,-0.22772860733197994
0.0,0.0,0.0,-0.21806772242478295
0.0,0.0,0.0,-0.07319272799699184
0.0,0.0,0.0,-0.03620867214194856
0.0,0.0,0.0,0.11854119978979588
0.0,0.0,0.0,0.10349753022778706
0.0,0.0,0.0,0.1916700834366639
0.0,0.0,0.0,0.1185698163463534
0.0,0.0,0.0,0.23041198536645052
0.0,0.0,0.0,0.2524977345636469
0.0,0.0,0.0,0.3095354088224337
0.0,0.0,0.0,0.22694448646801701
0.0,0.0,0.0,0.29089272051296183
0.0,0.0,0.0,0.3237681831607844
0.0,0.0,0.0,0.21785331346141346
0.0,0.0,0.0,0.2788777609091635
0.0,0.0,0.0,0.17216907757742128
0.0,0.0,0.0,0.18941597660302015
0.0,0.0,0.0,0.25077034862390907
0.0,0.0,0.0,0.1510570419996936
0.0,0.0,0.0,0.2154971703358419
0.0,0.0,0.0,0.15086842081960383
0.0,0.0,0.0,0.0848769108107763
0.0,0.0,0.0,0.09259802702851916
0.0,0.0,0.0,0.05506514077657884
0.0,0.0,0.0,0.09409368332244314
0.0,0.0,0.0,-0.18219928649562922
0.0,0.0,0.0,-0.2290742612553654
0.0,0.0,0.0,-0.20318796226080538
0.0,0.0,0.0,-0.21614084151877522
0.0,0.0,0.0,-0.2857698058089608
0.0,0.0,0.0,-0.324988317949042
0.0,0.0,0.0,-0.30225170210041874
0.0,0.0,0.0,-0.17850610270226658
0.0,0.0,0.0,-0.1641736798325219
0.0,0.0,0.0,-0.17935383789383946
0.0,0.0,0.0,-0.16576361125306827
0.0,0.0,0.0,-0.07471897600309488
0.0,0.0,0.0,-0.1140495303960512
0.0,0.0,0.0,-0.02003403363905247
0.0,0.0,0.0,-0.04501800012806166
0.0,0.0,0.0,-0.07299422380176869
0.0,0.0,0.0,0.058910139622554945
0.0,0.0,0.0,0.0778335294503826
0.0,0.0,0.0,0.06178499809141834
0.0,0.0,0.0,0.13489261462805296
0.0,0.0,0.0,0.15517085666902908
0.0,0.0,0.0,0.20350651182256208
0.0,0.0,0.0,0.27373227514793375
0.0,0.0,0.0,0.3413241790180576
0.0,0.0,0.0,0.30655274727293735
0.0,0.0,0.0,0.3929585475458429
0.0,0.0,0.0,0.41284957024492697
0.32,0.0,0.0,0.5068165399648448
0.71,0.0,0.32,0.8228894079590019
1.8999999999999997,0.5729529,0.71,1.3386967676838606
3.74,1.4658921,1.8999999999999997,2.5212338863708776
4.2,2.9330041,3.74,4.524321352204383
5.44,5.208116,4.2,5.155854576696969
5.67,6.611249,5.44,6.340617819694313
6.85,7.090847,5.67,6.752302042303747
8.85,7.627948,6.85,7.8483003754635
10.9,9.290741,8.85,9.930336457636498
11.78,11.037778,10.9,12.031241247724623
10.43,12.497865,11.78,12.975133759570177
10.23,12.700896,10.43,11.701798864139366
12.64,12.370769,10.23,11.438751426063774
10.2,12.984544,12.64,13.718440921064374
12.18,12.613504,10.2,11.247642846159751
10.34,12.979958,12.18,13.093364511148145
11.41,12.339998,10.34,11.214217397246262
11.35,12.557197,11.41,12.291142105133911
10.82,11.745566,11.35,12.083819274077655
10.73,11.907042,10.82,11.524733810935055
11.09,11.063461,10.73,11.433737023712974
9.44,10.944572,11.09,11.565639595175487
9.11,10.140685,9.44,9.885863157172828
9.15,9.133247,9.11,9.50121840246073
9.37,9.012296,9.15,9.37675976832656
10.06,8.6263275,9.37,9.574504819820888
8.36,8.840126,10.06,10.363127059069786
9.33,8.226001,8.36,8.586232129901607
8.33,7.7755523,9.33,9.599872849734911
6.39,7.441807,8.33,8.62146581246992
6.28,6.3475375,6.39,6.610428893225277
4.79,5.547096,6.28,6.45997514925771
5.11,4.4059496,4.79,4.921568950335392
4.3,3.9351327,5.11,5.19123484659103
3.07,3.6290271,4.3,4.365495581913209
2.42,2.9668932,3.07,3.100569045252222
1.91,2.2768722,2.42,2.414648208457507
1.08,1.6169789,1.91,1.9766167025744763
0.47,0.6656382,1.08,1.173160007868657
0.18,0.10014717,0.47,0.5594100581934434
0.1,0.0,0.18,0.1371812774078554
0.0,0.0,0.1,0.10348198029438656
0.0,0.0,0.0,0.07642419635691691
0.0,0.0,0.0,0.1410899743147602
0.0,0.0,0.0,0.1557887637952306
0.0,0.0,0.0,0.18032496504462392
0.0,0.0,0.0,0.12632345413143978
0.0,0.0,0.0,0.21495605847035137
0.0,0.0,0.0,0.172593979423387
0.0,0.0,0.0,0.10993387000238924
0.0,0.0,0.0,0.13533069916134802
0.0,0.0,0.0,0.20528534021731504
0.0,0.0,0.0,0.13907097791580092
0.0,0.0,0.0,0.0979909827436122
0.0,0.0,0.0,0.11130118310459444
0.0,0.0,0.0,0.11332091984255027
0.0,0.0,0.0,0.11478229471765411
0.0,0.0,0.0,0.07942739432952112
0.0,0.0,0.0,0.060856761209422336
0.0,0.0,0.0,-0.011157561811205724
0.0,0.0,0.0,0.027755546653709315
0.0,0.0,0.0,-0.005638266227714281
0.0,0.0,0.0,-0.017163487159850555
0.0,0.0,0.0,-0.043504319922563206
0.0,0.0,0.0,-0.0358959050469046
0.0,0.0,0.0,-0.12930604246319588
0.0,0.0,0.0,-0.04796314694041154
0.0,0.0,0.0,-0.0417919098144405
0.0,0.0,0.0,-0.01633688929791821
0.0,0.0,0.0,0.07331229396779271
0.0,0.0,0.0,0.0030179235453253045
0.0,0.0,0.0,-0.006933186842834581
0.0,0.0,0.0,0.008828328003502202
0.0,0.0,0.0,-0.013456533358040465
0.0,0.0,0.0,-0.0031403223109567613
0.0,0.0,0.0,0.014681101357927398
0.0,0.0,0.0,0.017895832482702767
0.0,0.0,0.0,0.06013436525078242
0.0,0.0,0.0,0.08635025894622353
0.0,0.0,0.0,0.10540175503201088
0.0,0.0,0.0,0.22668477897551606
0.0,0.0,0.0,0.2265151224421523
0.0,0.0,0.0,0.20016904835842328
0.0,0.0,0.0,0.27787399117270883
0.0,0.0,0.0,0.3383835948162884
0.0,0.0,0.0,0.34039124077435556
0.0,0.0,0.0,0.39954363287083094
0.0,0.0,0.0,0.4675137880652789
0.0,0.0,0.0,0.3956012356436451
0.0,0.0,0.0,0.5020824809935859
0.0,0.0,0.0,0.5742892498383484
0.0,0.0,0.0,0.5718396200445578
0.0,0.0,0.0,0.6162872894738208
0.0,0.0,0.0,0.6933950207285282
0.0,0.0,0.0,0.7560032500272388
0.48,0.0,0.0,0.8400898180204119
0.94,0.47243512,0.48,1.2509791881484564
2.46,1.5055736,0.94,1.8112261329371562
5.06,2.6010945,2.46,3.373576809776711
6.93,4.795684,5.06,6.053508167193768
9.79,8.223144,6.93,8.194257749483207
9.83,11.246894,9.79,11.058425045405054
11.21,12.676925,9.83,11.281439433002525
12.2,13.5834465,11.21,12.70349656026446
15.080000000000002,14.464002,12.2,13.742809706103316
13.37,16.222914,15.080000000000002,16.453371506923343
14.02,16.34621,13.37,14.804645451519773
16.12,16.716656,14.02,15.408451408239824
15.9,17.757671,16.12,17.437686327287885
17.05,17.570393,15.9,17.304795089897453
16.4,18.205334,17.05,18.402767481761654
20.18,18.12616,16.4,17.573505594868706
19.57,19.42603,20.18,21.29016914836132
19.1,19.658657,19.57,20.70294612430141
21.58,19.710215,19.1,20.173698496479307
22.53,20.551847,21.58,22.51265904619499
19.48,21.252848,22.53,23.449880223759422
18.92,20.324608,19.48,20.37091763569071
19.47,19.050812,18.92,19.49645469943802
20.44,18.469803,19.47,19.8642516629285
18.5,18.83742,20.44,20.790362305059503
19.1,18.01201,18.5,18.765461759783715
17.62,17.68449,19.1,19.317712008968734
17.41,16.392586,17.62,17.7756026204872
16.8,15.611654,17.41,17.39716854927005
15.549999999999999,14.695009,16.8,16.81050004265345
14.01,13.503011,15.549999999999999,15.468624197847411
13.65,11.7343445,14.01,13.841382068504496
10.97,10.612884,13.65,13.296839413762234
11.75,8.564644,10.97,10.775465756281747
8.64,7.9901137,11.75,11.470344633386977
6.63,6.314267,8.64,8.316402787435928
4.11,4.599685,6.63,6.31795942437102
3.27,2.6129076,4.11,3.7076356515627475
1.71,1.3321486,3.27,2.7338526157372978
0.68,0.120063245,1.71,1.2476310179389472
0.3,0.0,0.68,0.1657781893752791
0.0,0.0,0.3,-0.1536917605489313
0.0,0.0,0.0,-0.3810813957886301
0.0,0.0,0.0,-0.27738738202519997
0.0,0.0,0.0,-0.24809999683952227
0.0,0.0,0.0,-0.151962454937197
0.0,0.0,0.0,-0.07142108292307277
0.0,0.0,0.0,0.036771476036911444
0.0,0.0,0.0,0.08980621116155614
0.0,0.0,0.0,0.1787582354875799
0.0,0.0,0.0,0.23576463887621138
0.0,0.0,0.0,0.29351775983923784
0.0,0.0,0.0,0.29490745410635943
0.0,0.0,0.0,0.30672396888217124
0.0,0.0,0.0,0.3317421123693573
0.0,0.0,0.0,0.31597783976452126
0.0,0.0,0.0,0.34697786879211723
0.0,0.0,0.0,0.3548795566077857
0.0,0.0,0.0,0.28143140154553503
0.0,0.0,0.0,0.29697513423519883
0.0,0.0,0.0,0.3449675072869913
0.0,0.0,0.0,0.2750514217061941
0.0,0.0,0.0,0.2933976716458875
0.0,0.0,0.0,0.15286427390187607
0.0,0.0,0.0,0.176461112273752
0.0,0.0,0.0,0.22832152084512614
0.0,0.0,0.0,0.21366261632567723
0.0,0.0,0.0,0.12155168836377801
0.0,0.0,0.0,-0.09742257089606056
0.0,0.0,0.0,-0.07493434485922185
0.0,0.0,0.0,-0.19978573965330357
0.0,0.0,0.0,-0.14332299732698955
0.0,0.0,0.0,-0.15102399673597394
0.0,0.0,0.0,-0.15541033104764895
0.0,0.0,0.0,-0.1727491819613402
0.0,0.0,0.0,-0.1089773200233704
0.0,0.0,0.0,-0.0897859357640423
0.0,0.0,0.0,-0.07939620157278345
0.0,0.0,0.0,-0.07865160400073332
0.0,0.0,0.0,-0.01450958904870056
0.0,0.0,0.0,0.04791630536871719
0.0,0.0,0.0,0.004280080870710627
0.0,0.0,0.0,0.01611082739591936
0.0,0.0,0.0,0.07914791924918865
0.0,0.0,0.0,0.1365078378736917
0.0,0.0,0.0,0.1656615732411899
0.0,0.0,0.0,0.1550827475132916
0.0,0.0,0.0,0.23043469149814405
0.0,0.0,0.0,0.3501259255181842
0.0,0.0,0.0,0.3075538315208972
0.0,0.0,0.0,0.3764983279453966
0.0,0.0,0.0,0.46751305039004765
0.0,0.0,0.0,0.403549569008958
0.0,0.0,0.0,0.5614600583525221
0.0,0.0,0.0,0.603813788061454
0.43,0.0,0.0,0.5884503031760974
0.82,0.00053775497,0.43,1.0664485915311914
1.8999999999999997,1.0317014,0.82,1.5109724441678276
3.64,2.2863257,1.8999999999999997,2.6168641708042046
5.13,4.1781263,3.64,4.378797712635436
5.85,6.8318977,5.13,6.030877600589881
7.0,8.751353,5.85,6.875210862439488
9.11,10.015648,7.0,7.98584987575718
10.48,11.468309,9.11,10.101437785851966
11.21,13.081764,10.48,11.61609283657224
12.5,13.764,11.21,12.412279942245739
13.6,14.699029,12.5,13.693207788931435
15.130000000000003,14.871177,13.6,14.834478821208208
13.39,15.802256,15.130000000000003,16.393519029614062
15.04,15.724867,13.39,14.548250330578597
15.63,16.186508,15.04,16.173335862835675
17.84,16.537453,15.63,16.55819896575438
17.76,18.035503,17.84,18.81046547925223
15.489999999999998,18.443981,17.76,18.698230957275065
17.11,17.275803,15.489999999999998,16.46076515303803
15.170000000000002,17.243979,17.11,17.864502368397538
17.63,16.681263,15.170000000000002,15.793387393315852
15.529999999999998,17.282106,17.63,18.19641384650658
18.59,16.427128,15.529999999999998,15.841920726008016
18.43,17.143879,18.59,19.00865160786156
18.17,16.511686,18.43,18.766925905446094
17.39,16.933163,18.17,18.674175132085644
14.82,16.395239,17.39,17.6269880576725
13.18,14.97331,14.82,14.972715897182171
11.94,12.69317,13.18,13.220602593175814
12.45,11.674625,11.94,11.714353421467221
12.23,10.725052,12.45,12.212861981082138
8.54,9.957752,12.23,11.96668234511555
6.05,7.775388,8.54,8.335488607837485
4.92,5.759314,6.05,5.774068467867506
4.97,4.2500787,4.92,4.532877293214574
4.25,3.4943435,4.97,4.551259656863858
2.46,2.3394494,4.25,3.771374929830703
1.7,1.0894934,2.46,2.0108538049594116
0.92,0.18966746,1.7,1.2989967595490675
0.41,0.0,0.92,0.6553382213325587
0.2,0.0,0.41,0.2092828227025395
0.0,0.0,0.2,0.04458982173499201
0.0,0.0,0.0,-0.2460530395062728
0.0,0.0,0.0,-0.12922931186665076
0.0,0.0,0.0,-0.00423257825565862
0.0,0.0,0.0,0.055253802493105235
0.0,0.0,0.0,0.12454932153310405
0.0,0.0,0.0,0.15518761379206053
0.0,0.0,0.0,0.20122719759778682
0.0,0.0,0.0,0.1438640373819502
0.0,0.0,0.0,0.24408285667147325
0.0,0.0,0.0,0.1873780885121611
0.0,0.0,0.0,0.32030253746226417
0.0,0.0,0.0,0.2412557437292116
0.0,0.0,0.0,0.2903545554519498
0.0,0.0,0.0,0.22719523409716777
0.0,0.0,0.0,0.15302836859756358
0.0,0.0,0.0,0.12501879149304723
0.0,0.0,0.0,0.19819519797082957
0.0,0.0,0.0,0.1189498477127044
0.0,0.0,0.0,0.1083909462562381
0.0,0.0,0.0,0.15742930028290983
0.0,0.0,0.0,0.08994183476090614
0.0,0.0,0.0,0.05317508773296557
0.0,0.0,0.0,0.11214645094310319
0.0,0.0,0.0,-0.028450125903649245
0.0,0.0,0.0,0.08381673453104646
0.0,0.0,0.0,-0.011655529773373086
0.0,0.0,0.0,-0.3501881887954179
0.0,0.0,0.0,-0.37573139490136165
0.0,0.0,0.0,-0.4492267956928281
0.0,0.0,0.0,-0.3139051753450285
0.0,0.0,0.0,-0.2899377956305855
0.0,0.0,0.0,-0.3129907855216689
0.0,0.0,0.0,-0.381165385939372
0.0,0.0,0.0,-0.37671724074914814
0.0,0.0,0.0,-0.38535514642110535
0.0,0.0,0.0,-0.2461705346849863
0.0,0.0,0.0,-0.3311673984561178
0.0,0.0,0.0,-0.24478237983792395
0.0,0.0,0.0,-0.2400729307671902
0.0,0.0,0.0,-0.23142653427175386
0.0,0.0,0.0,-0.1783727821589689
0.0,0.0,0.0,-0.198224363775461
0.0,0.0,0.0,-0.13685262865747644
0.0,0.0,0.0,-0.026547705261263793
0.0,0.0,0.0,0.03487806267505774
0.0,0.0,0.0,-0.057816764616067245
0.0,0.0,0.0,0.06362208297453442
0.0,0.0,0.0,0.08598629565393277
0.0,0.0,0.0,0.09811533057610938
0.0,0.0,0.0,0.2311232875992117
0.0,0.0,0.0,0.2059301456328968
0.0,0.0,0.0,0.3382068281244172
0.0,0.0,0.0,0.3629596147166313
0.12,0.0,0.0,0.3859514888144328
0.2,0.0,0.12,0.5895038789279257
0.48,0.0,0.2,0.6425017465946793
1.08,0.0,0.48,0.9139667000261477
1.9899999999999998,0.0,1.08,1.587154408066413
2.65,0.72369754,1.9899999999999998,2.516128986440282
2.85,1.9586272,2.65,3.296208965580081
3.51,2.927793,2.85,3.4974110394188553
3.65,3.4813898,3.51,4.289672836550615
4.3,4.2790165,3.65,4.445736875925288
5.52,4.606835,4.3,5.143635798205784
6.11,5.110437,5.52,6.315727357548517
5.83,6.000084,6.11,6.950860283922482
5.37,6.824654,5.83,6.6665400278452935
6.58,6.079606,5.37,6.299431400215736
5.73,6.13334,6.58,7.42030645568777
6.46,6.035119,5.73,6.612505278756167
7.08,6.9872622,6.46,7.161886458042693
7.579999999999999,7.1974373,7.08,7.837670561304963
7.660000000000001,7.8476777,7.579999999999999,8.340271796079113
8.0,8.009148,7.660000000000001,8.525078433523886
7.28,7.9856257,8.0,8.74850395112572
8.27,7.701697,7.28,8.021674914604516
7.98,7.9143405,8.27,8.925191374912403
6.65,7.613416,7.98,8.626460588902546
7.74,7.38236,6.65,7.1522930352029945
7.17,7.6083407,7.74,8.236182216576367
6.97,7.061353,7.17,7.621511051679741
6.85,6.5368147,6.97,7.48555840011279
5.61,6.4646935,6.85,7.298041478557844
5.07,5.411059,5.61,5.973920025729686
5.15,4.805831,5.07,5.390066158743543
3.9500000000000006,4.4545937,5.15,5.352797339218637
3.51,3.6688375,3.9500000000000006,4.147245358306893
3.5,3.0899973,3.51,3.7300286248803083
2.94,2.83123,3.5,3.7013589696464715
2.48,2.4825778,2.94,3.1147184965845156
1.76,1.5598836,2.48,2.8063894667249976
1.19,0.9443175,1.76,1.8898972398137563
0.48999999999999994,0.3023786,1.19,1.4293307409113376
0.21,0.0,0.48999999999999994,0.6001039586353907
0.11,0.0,0.21,0.32889473149524684
0.0,0.0,0.11,0.2351476333530142
0.0,0.0,0.0,0.18715245749928527
0.0,0.0,0.0,0.09737542951992587
0.0,0.0,0.0,0.17457720448515174
0.0,0.0,0.0,0.135133866747972
0.0,0.0,0.0,0.11863044539661732
0.0,0.0,0.0,0.06693271185492074
0.0,0.0,0.0,0.19324858811634454
0.0,0.0,0.0,0.18978593414358585
0.0,0.0,0.0,0.19628259627220385
0.0,0.0,0.0,0.07768031764152035
0.0,0.0,0.0,0.14429526805787607
0.0,0.0,0.0,-0.008124526476408142
0.0,0.0,0.0,0.05376824148359261
0.0,0.0,0.0,-0.0067078198172455805
0.0,0.0,0.0,0.024473663618176517
0.0,0.0,0.0,0.009313860295851392
0.0,0.0,0.0,-0.048729142026284755
0.0,0.0,0.0,-0.09783459625472286
0.0,0.0,0.0,-0.16905118184495485
0.0,0.0,0.0,-0.11986942608654849
0.0,0.0,0.0,-0.1065314823390754
0.0,0.0,0.0,-0.17674988944529324
0.0,0.0,0.0,-0.18046369561502412
0.0,0.0,0.0,-0.22979344098432253
0.0,0.0,0.0,-0.24305740791594838
0.0,0.0,0.0,-0.19956988535596748
0.0,0.0,0.0,-0.19442932331320528
0.0,0.0,0.0,-0.19455078506854406
0.0,0.0,0.0,-0.29230365935557123
0.0,0.0,0.0,-0.2900095991340136
0.0,0.0,0.0,-0.18366958413414514
0.0,0.0,0.0,-0.20666166276752224
0.0,0.0,0.0,-0.2736809114379647
0.0,0.0,0.0,-0.2202734543584041
0.0,0.0,0.0,-0.19142522088017339
0.0,0.0,0.0,-0.1509693123712015
0.0,0.0,0.0,-0.18543938843129298
0.0,0.0,0.0,-0.13223470431849071
0.0,0.0,0.0,-0.018709511263696535
0.0,0.0,0.0,0.024238550098208862
0.0,0.0,0.0,-0.03218567345123817
0.0,0.0,0.0,0.019552028897124527
0.0,0.0,0.0,0.06079637494142313
0.0,0.0,0.0,0.09975377560969327
0.0,0.0,0.0,0.20404781847493475
0.0,0.0,0.0,0.11839408528640842
0.0,0.0,0.0,0.28115194551534467
0.0,0.0,0.0,0.22586717305532927
0.0,0.0,0.0,0.2612575329840003
0.0,0.0,0.0,0.39822079717538666
0.0,0.0,0.0,0.36517342152322163
0.0,0.0,0.0,0.4002368272511933
0.0,0.0,0.0,0.4632506730845159
0.35,0.0,0.0,0.5990549815679979
0.68,0.0,0.35,0.9669519528180816
1.6,0.1064526,0.68,1.2600732855845547
3.28,0.99052817,1.6,2.3327646667152075
4.33,2.3439891,3.28,4.016664737103841
4.86,4.7717037,4.33,5.227977466878683
6.09,6.3560877,4.86,5.919390355709026
5.75,7.09699,6.09,7.081614510154758
7.59,7.1244526,5.75,6.822742847911472
10.33,8.368401,7.59,8.660554499212466
9.19,10.372118,10.33,11.434045593202065
10.04,11.044853,9.19,10.415303373259896
11.32,11.296174,10.04,11.297178111364499
10.81,12.333565,11.32,12.426046206699537
11.46,12.460965,10.81,11.971554324179445
9.91,12.846305,11.46,12.638328983342724
10.0,12.179736,9.91,10.891496157225172
10.8,11.315252,10.0,10.842415123966326
11.03,11.483435,10.8,11.692728276179361
10.99,11.620903,11.03,11.712728286576022
12.3,11.972865,10.99,11.76854796913178
11.92,12.038868,12.3,12.946430886840108
13.75,12.087482,11.92,12.650977884469661
12.61,12.470276,13.75,14.367319852573972
12.62,12.628308,12.61,13.291270310070509
12.39,11.923033,12.62,13.173906871099197
9.88,11.9483385,12.39,12.888433480707862
10.12,10.394117,9.88,10.236089012099283
9.73,9.52145,10.12,10.472464697164188
9.12,8.8716135,9.73,9.929974789416784
10.0,8.026951,9.12,9.260343146536991
7.42,7.8904047,10.0,10.166373687494573
5.75,6.5767255,7.42,7.601971289139799
5.62,5.139927,5.75,5.92687617071126
5.22,4.3842382,5.62,5.745560380074347
4.7,3.7271688,5.22,5.129530805861339
3.6,3.0462418,4.7,4.698041787979669
2.28,1.9528804,3.6,3.6268399281905426
1.82,0.8501847,2.28,2.2389605857325368
0.82,0.14799666,1.82,1.8628498139856198
0.37,0.0,0.82,0.8705807260832538
0.16,0.0,0.37,0.32824731214960906
0.0,0.0,0.16,0.14771989609882186
0.0,0.0,0.0,-0.15084798097579205
0.0,0.0,0.0,-0.05350907011520821
0.0,0.0,0.0,0.084324199091079
0.0,0.0,0.0,0.0686852362537321
0.0,0.0,0.0,0.10634353788195963
0.0,0.0,0.0,0.13983230771116265
0.0,0.0,0.0,0.11585905753134722
0.0,0.0,0.0,0.21945640436406894
0.0,0.0,0.0,0.227500360546628
0.0,0.0,0.0,0.1447673755028005
0.0,0.0,0.0,0.2052144983866257
0.0,0.0,0.0,0.255088623284934
0.0,0.0,0.0,0.2576410008319173
0.0,0.0,0.0,0.19863578793113942
0.0,0.0,0.0,0.07967537892201793
0.0,0.0,0.0,0.11784858665354718
0.0,0.0,0.0,0.04423370071040565
0.0,0.0,0.0,0.04780425695682107
0.0,0.0,0.0,0.0715216515012488
0.0,0.0,0.0,0.05498423612951591
0.0,0.0,0.0,-0.03317537840508811
0.0,0.0,0.0,-0.020353370457757147
0.0,0.0,0.0,-0.05826906400766815
0.0,0.0,0.0,-0.02909318149425702
0.0,0.0,0.0,-0.040854464798979195
0.0,0.0,0.0,-0.10501385439610711
0.0,0.0,0.0,-0.3915774439227301
0.0,0.0,0.0,-0.43065005162809844
0.0,0.0,0.0,-0.3678114744839986
0.0,0.0,0.0,-0.34899599522842595
0.0,0.0,0.0,-0.3823850355174782
0.0,0.0,0.0,-0.26236903361387554
0.0,0.0,0.0,-0.29427039177954206
0.0,0.0,0.0,-0.3148947044211142
0.0,0.0,0.0,-0.2930104206426825
0.0,0.0,0.0,-0.1950219395682134
0.0,0.0,0.0,-0.24108442163879118
0.0,0.0,0.0,-0.31241952875005574
0.0,0.0,0.0,-0.12184500361579045
0.0,0.0,0.0,-0.18434836200972318
0.0,0.0,0.0,-0.17061410792999984
0.0,0.0,0.0,-0.17359935262354492
0.0,0.0,0.0,-0.11108514182164263
0.0,0.0,0.0,-0.06758277289995278
0.0,0.0,0.0,0.021599926165156297
0.0,0.0,0.0,0.035571558009870954
0.0,0.0,0.0,0.1192625896390042
0.0,0.0,0.0,0.06512019873325947
0.0,0.0,0.0,0.17117620749953955
0.0,0.0,0.0,0.15537351660033602
0.0,0.0,0.0,0.2593763729365255
0.0,0.0,0.0,0.3490295060477647
0.0,0.0,0.0,0.4241340762991303
0.18,0.0,0.0,0.4051117398257338
0.38,0.0,0.18,0.6908935882132226
0.85,0.0,0.38,0.8211090697474532
1.87,0.0,0.85,1.4305591941268105
1.8900000000000001,0.11004095,1.87,2.474189637461805
2.92,1.4001341,1.8900000000000001,2.5752866139954462
2.96,2.4606469,2.92,3.7129864288467824
3.1,2.9295588,2.96,3.7735697025066757
3.9699999999999998,2.9496171,3.1,3.992796715216956
4.19,3.7111583,3.9699999999999998,4.871443004533374
4.35,4.241201,4.19,4.982495757223577
5.24,4.324987,4.35,5.2721585983163735
5.82,4.5849285,5.24,6.184319302381623
4.87,5.5034304,5.82,6.842712899176037
4.81,5.4493628,4.87,5.838413347657632
4.95,5.336884,4.81,5.821003258548251
5.66,5.173336,4.95,5.872970820316313
5.48,5.4473057,5.66,6.591427211236861
6.4,5.6860814,5.48,6.331341283571842
6.25,5.8259363,6.4,7.2178427296714425
6.25,5.779831,6.25,7.136063330911496
6.21,6.052159,6.25,7.074825286177239
6.31,6.160198,6.21,6.982386598252002
6.88,6.1947694,6.31,7.077540288120563
7.14,5.968104,6.88,7.675762014798515
6.65,6.176066,7.14,7.832697162488186
6.6,5.97265,6.65,7.430398947063822
6.39,5.8899646,6.6,7.24043165096956
4.93,5.50979,6.39,7.057438178436217
4.91,4.5464315,4.93,5.592738582541007
4.88,4.1364446,4.91,5.427490344171605
5.71,3.9591174,4.88,5.34528304723623
4.4,4.001402,5.71,6.202604632115365
5.22,3.1693017,4.4,4.970555833689261
3.84,3.2850032,5.22,5.7395300819550545
3.63,2.5220087,3.84,4.361699490418544
2.46,2.1186218,3.63,4.08472233420244
2.19,1.2348244,2.46,2.7994437375648507
1.11,0.673219,2.19,2.39759545229735
0.57,0.0,1.11,1.35886456577767
0.23,0.0,0.57,0.7456422027947474
0.11,0.0,0.23,0.37247872937152704
0.0,0.0,0.11,0.23585396039753126
0.0,0.0,0.0,0.12744022085340456
0.0,0.0,0.0,0.08959844014591395
0.0,0.0,0.0,0.09977008515639665
0.0,0.0,0.0,0.1930301026135437
0.0,0.0,0.0,0.1917711178402131
0.0,0.0,0.0,0.08448422664572797
0.0,0.0,0.0,0.10165541322492716
0.0,0.0,0.0,0.1424927442824248
0.0,0.0,0.0,0.193022230884015
0.0,0.0,0.0,0.08127228905090683
0.0,0.0,0.0,0.06745792080989521
0.0,0.0,0.0,0.028791683344442202
0.0,0.0,0.0,0.016708872111176783
0.0,0.0,0.0,0.075939177402225
0.0,0.0,0.0,0.01488418470171421
0.0,0.0,0.0,-0.053218014254817064
0.0,0.0,0.0,0.0414733666593111
0.0,0.0,0.0,-0.08506478798310298
0.0,0.0,0.0,-0.06961008670270566
0.0,0.0,0.0,0.008587330468762776
0.0,0.0,0.0,-0.10980178459126362
0.0,0.0,0.0,-0.1828182149531027
0.0,0.0,0.0,-0.13745893190925734
0.0,0.0,0.0,-0.09840797591889154
0.0,0.0,0.0,-0.20749867877544195
0.0,0.0,0.0,-0.21336118714082442
0.0,0.0,0.0,-0.4119266745335328
0.0,0.0,0.0,-0.4565812458444541
0.0,0.0,0.0,-0.42060836003468594
0.0,0.0,0.0,-0.5192985680268859
0.0,0.0,0.0,-0.47393746397192454
0.0,0.0,0.0,-0.4665224175923327
0.0,0.0,0.0,-0.4306017118798432
0.0,0.0,0.0,-0.3976812530715914
0.0,0.0,0.0,-0.4300639811612669
0.0,0.0,0.0,-0.3318369136865167
0.0,0.0,0.0,-0.32650011629610903
0.0,0.0,0.0,-0.3950383250002775
0.0,0.0,0.0,-0.2522035917575811
0.0,0.0,0.0,-0.23318578889218738
0.0,0.0,0.0,-0.2869267568161773
0.0,0.0,0.0,-0.2648204331712726
0.0,0.0,0.0,-0.19048842152300266
0.0,0.0,0.0,-0.17292100828456286
0.0,0.0,0.0,-0.04826836897785243
0.0,0.0,0.0,-0.02044905911170472
0.0,0.0,0.0,0.044679627718460097
0.0,0.0,0.0,-0.015850697677138627
0.0,0.0,0.0,0.1354697934732613
0.0,0.0,0.0,0.1278841592400445
0.0,0.0,0.0,0.1401034010035646
0.0,0.0,0.0,0.17556675584595077
0.0,0.0,0.0,0.25348837070844077
0.09,0.0,0.0,0.27128847473673906
0.18,0.0,0.09,0.5374118380370059
0.43,0.0,0.18,0.5230128899513048
1.06,0.0,0.43,0.9351112540997955
1.39,0.0,1.06,1.538047510573826
2.22,0.6254648,1.39,1.9855863689144977
2.8,1.4927479,2.22,2.7693999576989325
3.54,1.8854588,2.8,3.4691494738820654
3.23,2.5157423,3.54,4.239226823209114
3.42,3.356684,3.23,3.9588924632505487
3.71,3.6047266,3.42,4.171931051592507
4.0,3.5705066,3.71,4.509965334425049
3.72,3.6558692,4.0,4.757771930019
5.36,3.6216402,3.72,4.51501177799233
5.1,4.3473396,5.36,6.097328425604599
4.43,4.981546,5.1,5.941728102277974
5.09,5.006744,4.43,5.267290756407687
4.65,5.2237244,5.09,5.814930333751789
4.71,4.8790927,4.65,5.39252887364198
5.57,4.321383,4.71,5.492140487071011
5.91,4.7043967,5.57,6.176587304800948
5.15,5.3832784,5.91,6.497822819570564
5.13,5.1193004,5.15,5.9110820989749255
5.28,4.779932,5.13,5.700170244812018
5.33,4.904545,5.28,5.756320256691168
5.87,4.6535826,5.33,5.872546014479571
5.19,4.933939,5.87,6.397330918802454
4.63,4.4838705,5.19,5.683724099764882
5.32,3.9143398,4.63,5.139699637977136
5.04,4.3977575,5.32,5.764470118122715
4.31,4.039916,5.04,5.402868817570709
4.16,3.9904628,4.31,4.754898996506974
3.69,3.4111507,4.16,4.61085077104226
3.11,2.8313046,3.69,4.065713072435124
3.28,2.573389,3.11,3.4133326101304635
3.39,2.3430867,3.28,3.623344216908359
2.4,2.1242921,3.39,3.662801884042715
1.87,1.4357657,2.4,2.7204446065126513
1.0,0.893607,1.87,2.1207847037965277
0.43,0.12542364,1.0,1.328760432374546
0.2,0.0,0.43,0.6849382492815076
0.1,0.0,0.2,0.33534091529142995
0.0,0.0,0.1,0.25454163354193843
0.0,0.0,0.0,0.1697040121649325
0.0,0.0,0.0,0.1526305323457346
0.0,0.0,0.0,0.15974509955568486
0.0,0.0,0.0,0.1321795391404705
0.0,0.0,0.0,0.16109362608748368
0.0,0.0,0.0,0.15353462842686594
0.0,0.0,0.0,0.050037172709694044
0.0,0.0,0.0,0.05371573105641396
0.0,0.0,0.0,0.06968753885771936
0.0,0.0,0.0,0.13631623158585113
0.0,0.0,0.0,0.07330920433941154
0.0,0.0,0.0,0.05697675599525307
0.0,0.0,0.0,-0.05373749427462049
0.0,0.0,0.0,-0.012691904024321535
0.0,0.0,0.0,-0.08323122068846375
0.0,0.0,0.0,-0.11246000284560492
0.0,0.0,0.0,-0.11500955813365667
0.0,0.0,0.0,-0.1291172310168215
0.0,0.0,0.0,-0.08478603552912217
0.0,0.0,0.0,-0.17521417506407455
0.0,0.0,0.0,-0.1615430014356191
0.0,0.0,0.0,-0.24387201290660154
0.0,0.0,0.0,-0.2689761348848571
0.0,0.0,0.0,-0.2837527377807223
0.0,0.0,0.0,-0.32208008130830745
0.0,0.0,0.0,-0.29322785012911
0.0,0.0,0.0,-0.3891172921182613
0.0,0.0,0.0,-0.3197767469812121
0.0,0.0,0.0,-0.36461113620608654
0.0,0.0,0.0,-0.3372523912349331
0.0,0.0,0.0,-0.36898459896168967
0.0,0.0,0.0,-0.3321049907039067
0.0,0.0,0.0,-0.37491572037153964
0.0,0.0,0.0,-0.2997193353611461
0.0,0.0,0.0,-0.3184673183850248
0.0,0.0,0.0,-0.24591465014897596
0.0,0.0,0.0,-0.2787724979696332
0.0,0.0,0.0,-0.17417235154369543
0.0,0.0,0.0,-0.1967521092777918
0.0,0.0,0.0,-0.21543655052634406
0.0,0.0,0.0,-0.18716622821610568
0.0,0.0,0.0,-0.10020841878442759
0.0,0.0,0.0,-0.059174718559205225
0.0,0.0,0.0,-0.01762336761722317
0.0,0.0,0.0,-0.07577060677329231
0.0,0.0,0.0,0.03568060348037652
0.0,0.0,0.0,0.12918261959020352
0.0,0.0,0.0,0.19295304662603724
0.0,0.0,0.0,0.2171181434543929
0.0,0.0,0.0,0.21756167620986022
0.0,0.0,0.0,0.3069924288134406
0.0,0.0,0.0,0.39251354999300636
0.0,0.0,0.0,0.3434133765879469
0.12,0.0,0.0,0.4134988020648436
0.23,0.0,0.12,0.5893576309661028
0.59,0.0,0.23,0.7684011078668521
1.0,0.0,0.59,1.2185195790670544
2.29,0.2679189,1.0,1.6416917163756235
2.82,1.7994996,2.29,2.8639133583159277
3.88,3.099536,2.82,3.5153270320962275
3.94,4.1375494,3.88,4.6654083485353794
5.56,4.543031,3.94,4.906424414809975
5.62,5.961632,5.56,6.455351144588142
4.74,6.570629,5.62,6.662507319406971
6.36,6.4518757,4.74,5.815562539725286
6.13,6.90653,6.36,7.311238426533692
6.62,7.2341623,6.13,7.116478709403851
7.22,7.398121,6.62,7.559966345230013
6.51,7.6340523,7.22,8.238259184282281
8.77,7.4953775,6.51,7.518171202599878
8.37,8.22589,8.77,9.686469668456544
10.38,8.730268,8.37,9.334541407016669
9.25,9.832204,10.38,11.33525510055059
8.99,9.854394,9.25,10.290234501047923
11.13,9.626247,8.99,9.864277239943306
11.1,9.6768875,11.13,11.958480966929425
10.98,9.924645,11.1,11.925066571933028
9.66,10.380694,10.98,11.897863839116813
10.59,9.647198,9.66,10.440345016775622
8.64,9.468479,10.59,11.327960591003349
8.78,8.59979,8.64,9.167821885930529
7.45,8.21854,8.78,9.284269517745802
7.34,7.0279403,7.45,7.916393492516491
5.37,6.4412475,7.34,7.597023756096
5.27,5.0682364,5.37,5.646942789140015
4.48,4.6424828,5.27,5.372761606289153
4.6,3.7529197,4.48,4.701059787383992
3.76,3.2748175,4.6,4.672362749989533
3.24,2.5909092,3.76,3.887525434862514
2.35,2.1696296,3.24,3.390445398385265
1.8,1.315738,2.35,2.503338766739298
0.87,0.5690709,1.8,1.9379820646943875
0.44,0.0,0.87,0.9650718484383508
0.18,0.0,0.44,0.48193739309922823
0.1,0.0,0.18,0.20649686764472042
0.0,0.0,0.1,0.1361408334649356
0.0,0.0,0.0,0.03419293240665075
0.0,0.0,0.0,0.01180467339466279
0.0,0.0,0.0,0.1610525523302614
0.0,0.0,0.0,0.13621509835915746
0.0,0.0,0.0,0.1501949960790477
0.0,0.0,0.0,0.1251455841271594
0.0,0.0,0.0,0.20756559733715627
0.0,0.0,0.0,0.12736653479834673
0.0,0.0,0.0,0.20280042741777687
0.0,0.0,0.0,0.1796775988699612
0.0,0.0,0.0,0.15467890775714865
0.0,0.0,0.0,0.12599960848184322
0.0,0.0,0.0,0.1113408920757232
0.0,0.0,0.0,0.08707993914876933
0.0,0.0,0.0,0.04409390290741437
0.0,0.0,0.0,-0.006596836147044691
0.0,0.0,0.0,-0.0001094743730802733
0.0,0.0,0.0,-0.0758679743239863
0.0,0.0,0.0,0.021067039060887645
0.0,0.0,0.0,-0.04299458923882865
0.0,0.0,0.0,-0.13622743973981605
0.0,0.0,0.0,-0.09576130014727818
0.0,0.0,0.0,-0.14586495053480683
0.0,0.0,0.0,-0.21249772754146398
0.0,0.0,0.0,-0.15785111376301092
0.0,0.0,0.0,-0.25741218780159786
0.0,0.0,0.0,-0.2329386236645684
0.0,0.0,0.0,-0.2514607735334219
0.0,0.0,0.0,-0.21555529481776123
0.0,0.0,0.0,-0.285835764318242
0.0,0.0,0.0,-0.1515925935925254
0.0,0.0,0.0,-0.1798712050735246
0.0,0.0,0.0,-0.23070127027893794
0.0,0.0,0.0,-0.15026066194022747
0.0,0.0,0.0,-0.10272521849713723
0.0,0.0,0.0,-0.05820904686792805
0.0,0.0,0.0,-0.14193855080606568
0.0,0.0,0.0,-0.10500604084902256
0.0,0.0,0.0,-0.049901741394674584
0.0,0.0,0.0,-0.039918302384395685
0.0,0.0,0.0,-0.0731521207215971
0.0,0.0,0.0,0.08405800293341849
0.0,0.0,0.0,0.11851478648403205
0.0,0.0,0.0,0.015460734633576043
0.0,0.0,0.0,0.12608659236925923
0.0,0.0,0.0,0.12471652568092066
0.0,0.0,0.0,0.21478712696611332
0.0,0.0,0.0,0.2549786899168979
0.0,0.0,0.0,0.2195313689440624
0.0,0.0,0.0,0.40462596413303276
0.0,0.0,0.0,0.4357987890294155
0.0,0.0,0.0,0.4644198888169718
0.0,0.0,0.0,0.48752754433677603
0.32,0.0,0.0,0.6078881127176146
0.68,0.0,0.32,0.9237233051671411
1.58,0.6042811,0.68,1.2638028310594824
2.79,1.5817015,1.58,2.2357658347220415
3.7700000000000005,2.7454705,2.79,3.4726182327691233
4.87,4.798112,3.7700000000000005,4.659678768672225
5.55,6.189788,4.87,5.880467091250708
6.28,7.1489983,5.55,6.572884538589973
8.5,7.579192,6.28,7.32247337885657
8.54,9.248048,8.5,9.570971676235642
11.94,10.331259,8.54,9.717415049046906
12.63,12.107543,11.94,13.153270212200766
12.31,13.161734,12.63,13.944864833571463
11.83,14.000103,12.31,13.781236023816978
11.22,13.670129,11.83,13.100354989504961
12.56,13.234842,11.22,12.40154615552238
12.12,12.88758,12.56,13.60271528753046
14.84,13.147318,12.12,13.028062362252726
12.84,14.3720255,14.84,15.695989852676222
14.99,14.102219,12.84,13.7799223440614
14.48,14.536998,14.99,15.914045719768763
16.31,14.630683,14.48,15.320238283556378
16.01,15.362324,16.31,17.153399020096554
13.57,15.166806,16.01,16.833922872731506
13.0,13.961596,13.57,14.307826420868729
13.39,12.921924,13.0,13.62611938963533
12.59,12.184779,13.39,13.82162165633755
13.95,11.470207,12.59,12.905514851069281
10.43,11.393729,13.95,14.256982671332247
11.44,9.606808,10.43,10.651396721803469
10.63,9.446501,11.44,11.561415467867748
7.04,8.520008,10.63,10.735548939639095
5.22,6.9276915,7.04,7.133450898063107
5.61,4.8464656,5.22,5.180572860876492
3.55,4.078672,5.61,5.288607444065832
3.37,2.5719478,3.55,3.3638159051054037
2.99,1.8556699,3.37,3.1337195506530175
1.9899999999999998,1.2429247,2.99,2.7438737150138692
1.25,0.35647583,1.9899999999999998,1.88762094148524
0.63,0.0,1.25,1.1334569505682623
0.25,0.0,0.63,0.373316611685105
0.13,0.0,0.25,0.1533681555270805
0.0,0.0,0.13,-0.0377946206690051
0.0,0.0,0.0,-0.10788908340633008
0.0,0.0,0.0,-0.021725574506739204
0.0,0.0,0.0,0.022519907154015147
0.0,0.0,0.0,0.14030194424053072
0.0,0.0,0.0,0.20088452673260732
0.0,0.0,0.0,0.0807037787026785
0.0,0.0,0.0,0.15073294209274574
0.0,0.0,0.0,0.1856435182358187
0.0,0.0,0.0,0.262278567658055
0.0,0.0,0.0,0.14006707949800132
0.0,0.0,0.0,0.1834442424054677
0.0,0.0,0.0,0.20096365630354363
0.0,0.0,0.0,0.16939986486869452
0.0,0.0,0.0,0.08917467482644513
0.0,0.0,0.0,0.12995824694637803
0.0,0.0,0.0,0.153539524740535
0.0,0.0,0.0,0.08167321770259167
0.0,0.0,0.0,0.007163889989926786
0.0,0.0,0.0,0.055193696448288185
0.0,0.0,0.0,0.08695285537979873
0.0,0.0,0.0,0.07393586954407866
0.0,0.0,0.0,0.04906308242097677
0.0,0.0,0.0,-0.018818213057872624
0.0,0.0,0.0,-0.03947746180868239
0.0,0.0,0.0,-0.08002839034694932
0.0,0.0,0.0,-0.010782973713007286
0.0,0.0,0.0,-0.34751808398108347
0.0,0.0,0.0,-0.3774715542037944
0.0,0.0,0.0,-0.3051243616326399
0.0,0.0,0.0,-0.3853699036971391
0.0,0.0,0.0,-0.3729878223268859
0.0,0.0,0.0,-0.352517727765998
0.0,0.0,0.0,-0.343239435811059
0.0,0.0,0.0,-0.37792585187206695
0.0,0.0,0.0,-0.31497056489302677
0.0,0.0,0.0,-0.28889919270333464
0.0,0.0,0.0,-0.30895716991296107
0.0,0.0,0.0,-0.3001152998220627
0.0,0.0,0.0,-0.16340112028133175
0.0,0.0,0.0,-0.14444019648777798
0.0,0.0,0.0,-0.2382053100240603
0.0,0.0,0.0,-0.20064897510669805
0.0,0.0,0.0,-0.19767789694705473
0.0,0.0,0.0,-0.020725228366238052
0.0,0.0,0.0,-0.034499507448147934
0.0,0.0,0.0,0.08404676957941296
0.0,0.0,0.0,0.10035520270578954
0.0,0.0,0.0,0.10196011637085216
0.0,0.0,0.0,0.18924882154300204
0.0,0.0,0.0,0.18238272117398382
0.0,0.0,0.0,0.20943377305463323
0.0,0.0,0.0,0.3238085692360912
0.0,0.0,0.0,0.25221422120906567
0.11,0.0,0.0,0.3231198833363754
0.21,0.0,0.11,0.5117219818965908
0.54,0.0,0.21,0.6608557643692505
1.1,0.0,0.54,1.0471391585729481
1.73,0.0,1.1,1.640652927298655
2.83,1.1062123,1.73,2.2570557747596314
3.44,2.479059,2.83,3.48061793369731
3.14,3.601089,3.44,4.167345696311446
3.18,4.2018447,3.14,3.881408366249185
4.6,4.6893735,3.18,3.879883869388884
4.98,4.900684,4.6,5.211975855408506
4.75,5.4354153,4.98,5.70588879302819
4.87,5.50532,4.75,5.61723683720136
4.95,5.4328074,4.87,5.708696493055797
4.83,5.0857944,4.95,5.751103597310524
4.79,5.318715,4.83,5.526685525635302
5.82,4.4975567,4.79,5.575355961864746
6.69,5.1449594,5.82,6.515744250099813
6.0,6.438216,6.69,7.371933403431023
5.68,6.4728956,6.0,6.784839984695635
7.24,6.5008564,5.68,6.410219718349212
5.86,6.1901627,7.24,7.883053466240596
6.87,6.272487,5.86,6.559006808019375
6.83,6.518849,6.87,7.4127505386224195
5.83,6.6216216,6.83,7.4113768637917135
6.95,5.9151816,5.83,6.394610335512805
5.54,6.0941434,6.95,7.4641094405310415
6.53,5.414065,5.54,5.949759472234232
5.3,5.3643155,6.53,7.121099629665332
5.33,5.1735816,5.3,5.674458694128531
4.76,4.929223,5.33,5.63379834096902
4.95,4.557581,4.76,5.079003862284739
4.33,4.106217,4.95,5.243814235433336
4.94,3.2547445,4.33,4.688469802506424
3.56,3.3702002,4.94,5.34127035664802
3.08,2.7403057,3.56,3.9651684201879056
2.91,2.3612103,3.08,3.412637146048292
1.7,1.7169738,2.91,3.2874569264025437
0.74,0.70864385,1.7,2.0495479407246058
0.36,0.0,0.74,1.0662036099370198
0.18,0.0,0.36,0.5177861200528409
0.07,0.0,0.18,0.3435253152329941
0.0,0.0,0.07,0.26059313081829016
0.0,0.0,0.0,0.10680927425458756
0.0,0.0,0.0,0.1692779788322023
0.0,0.0,0.0,0.22483385792020544
0.0,0.0,0.0,0.15290732241184155
0.0,0.0,0.0,0.10532552117808687
0.0,0.0,0.0,0.13317872906836184
0.0,0.0,0.0,0.12318099433739499
0.0,0.0,0.0,0.13251830552356236
0.0,0.0,0.0,0.1863689548564612
0.0,0.0,0.0,0.17473113784645355
0.0,0.0,0.0,0.1012748188669415
0.0,0.0,0.0,0.026295619454482985
0.0,0.0,0.0,0.08288041689751141
0.0,0.0,0.0,0.05446426087985734
0.0,0.0,0.0,0.03551246348356265
0.0,0.0,0.0,0.0022352817735142583
0.0,0.0,0.0,0.010215583311031576
0.0,0.0,0.0,-0.06187604736758022
0.0,0.0,0.0,-0.06097583284174035
0.0,0.0,0.0,-0.06025225185349911
0.0,0.0,0.0,-0.23148675127551158
0.0,0.0,0.0,-0.12788071470935225
0.0,0.0,0.0,-0.15276381278039036
0.0,0.0,0.0,-0.2600797444891561
0.0,0.0,0.0,-0.23921470827500102
0.0,0.0,0.0,-0.20227964586594274
0.0,0.0,0.0,-0.49222358480864814
0.0,0.0,0.0,-0.36005934718956945
0.0,0.0,0.0,-0.49623675995853544
0.0,0.0,0.0,-0.4876438929334327
0.0,0.0,0.0,-0.36683500154781334
0.0,0.0,0.0,-0.4796759668762455
0.0,0.0,0.0,-0.4272023270176799
0.0,0.0,0.0,-0.46073248495332164
0.0,0.0,0.0,-0.3932522698715684
0.0,0.0,0.0,-0.3012465017552425
0.0,0.0,0.0,-0.35612362064746167
0.0,0.0,0.0,-0.3302271246165278
0.0,0.0,0.0,-0.23674447621887829
0.0,0.0,0.0,-0.22207420848986942
0.0,0.0,0.0,-0.2532950249085807
0.0,0.0,0.0,-0.16252798144704858
0.0,0.0,0.0,-0.09270836259183846
0.0,0.0,0.0,-0.1829810261931583
0.0,0.0,0.0,-0.1302028603346249
0.0,0.0,0.0,-0.05609327405978137
0.0,0.0,0.0,-0.04396576137769094
0.0,0.0,0.0,0.04491063605447831
0.0,0.0,0.0,0.05971446274662215
0.0,0.0,0.0,0.10027573549506459
0.0,0.0,0.0,0.12098038663379998
0.0,0.0,0.0,0.1829628759479151
0.0,0.0,0.0,0.2562486747112215
0.07,0.0,0.0,0.3318562964804974
0.17,0.0,0.07,0.40861543206258405
0.35,0.0,0.17,0.62342501566638
0.72,0.0,0.35,0.7671149359895577
1.36,0.0,0.72,1.1513242548740348
1.9899999999999998,0.34702843,1.36,1.9206806626618889
2.89,1.7025516,1.9899999999999998,2.595303236348839
2.73,2.3978744,2.89,3.445589408763693
3.1,2.9953892,2.73,3.423632751938173
3.57,3.5465143,3.1,3.8240137528777316
3.46,3.9723613,3.57,4.163065949817388
3.5,3.568283,3.46,4.171476499501356
4.19,3.3906703,3.5,4.114791415898749
4.62,3.9494388,4.19,4.818119587643004
4.75,4.439871,4.62,5.301958670413676
4.78,4.7003345,4.75,5.378754259751949
4.87,4.8252287,4.78,5.505912756456503
5.38,4.947302,4.87,5.460909301053783
5.02,5.1188297,5.38,6.074072703014149
4.63,4.833345,5.02,5.585943463300126
5.21,4.804412,4.63,5.2942131432141215
5.93,4.610268,5.21,5.829122639253913
6.34,4.737808,5.93,6.542017007163493
5.93,5.442632,6.34,6.860753939434173
5.16,5.7486777,5.93,6.491121712550417
5.73,5.22724,5.16,5.728268433524404
5.26,4.6154447,5.73,6.2227971811181915
5.38,4.5982757,5.26,5.715838884021035
4.52,4.5854554,5.38,5.817818043887591
4.86,3.7255602,4.52,4.965777121604507
4.65,3.6759439,4.86,5.299540582169831
4.47,3.382811,4.65,5.023026982725374
3.75,3.544286,4.47,4.856867761226137
2.99,3.2887194,3.75,4.073419111008256
3.26,2.836726,2.99,3.341588791211195
2.73,2.3649926,3.26,3.6040704994135946
2.57,1.8804663,2.73,3.017075582165214
1.38,1.1597767,2.57,2.8729888642453414
0.79,0.5551741,1.38,1.6660195668136857
0.42,0.0,0.79,1.0854336494107784
0.13,0.0,0.42,0.6895574285851797
0.07,0.0,0.13,0.3831603888694568
0.0,0.0,0.07,0.20039314068119823
0.0,0.0,0.0,0.06420263833796257
0.0,0.0,0.0,0.11168903993381607
0.0,0.0,0.0,0.13896413466249843
0.0,0.0,0.0,0.21892202865943822
0.0,0.0,0.0,0.21486786066031147
0.0,0.0,0.0,0.05555923737538257
0.0,0.0,0.0,0.1253132240305313
0.0,0.0,0.0,0.07630632222306938
0.0,0.0,0.0,0.12465802819085592
0.0,0.0,0.0,0.04524845753052932
0.0,0.0,0.0,0.0462551815339033
0.0,0.0,0.0,0.011813860618880428
0.0,0.0,0.0,0.003340566531853037
0.0,0.0,0.0,-0.053833452062075834
0.0,0.0,0.0,-0.07763011443360411
0.0,0.0,0.0,-0.12872764212610188
0.0,0.0,0.0,-0.0709624233639336
0.0,0.0,0.0,-0.10297658423143702
0.0,0.0,0.0,-0.12553973607319574
0.0,0.0,0.0,-0.23271401134412478
0.0,0.0,0.0,-0.19107723204223775
0.0,0.0,0.0,-0.23068118830635703
0.0,0.0,0.0,-0.25140590379963723
0.0,0.0,0.0,-0.3144571195854079
0.0,0.0,0.0,-0.22418302073778895
0.0,0.0,0.0,-0.34193121119715464
0.0,0.0,0.0,-0.48304624012267217
0.0,0.0,0.0,-0.5494735984264137
0.0,0.0,0.0,-0.5412105083990048
0.0,0.0,0.0,-0.5691818819017648
0.0,0.0,0.0,-0.407107934810922
0.0,0.0,0.0,-0.5394905529457327
0.0,0.0,0.0,-0.4456779466273714
0.0,0.0,0.0,-0.5143235243825682
0.0,0.0,0.0,-0.46725912598902797
0.0,0.0,0.0,-0.4787653410299045
0.0,0.0,0.0,-0.3951072265116056
0.0,0.0,0.0,-0.437105468331446
0.0,0.0,0.0,-0.3899378647354195
0.0,0.0,0.0,-0.3834623819891256
0.0,0.0,0.0,-0.2927567342747356
0.0,0.0,0.0,-0.3345167450648441
0.0,0.0,0.0,-0.24833771391759912
0.0,0.0,0.0,-0.12104584800346624
0.0,0.0,0.0,-0.21100912493386484
0.0,0.0,0.0,-0.09507644847653249
0.0,0.0,0.0,-0.0867046759493828
0.0,0.0,0.0,-0.049126177684597344
0.0,0.0,0.0,0.06979725310538504
0.0,0.0,0.0,0.0649725641132335
0.0,0.0,0.0,0.09428522767669337
0.0,0.0,0.0,0.12576129801780317
0.0,0.0,0.0,0.21219514865423003
0.06,0.0,0.0,0.26375942442996736
0.14,0.0,0.06,0.3313049862476174
0.36,0.0,0.14,0.5037650554582543
0.65,0.0,0.36,0.7044327850394204
1.08,0.0,0.65,1.0610145705391925
1.83,0.10633458,1.08,1.5449067428945518
2.59,0.76482654,1.83,2.289725361786896
3.16,2.039526,2.59,3.0605353993800035
2.73,2.9514656,3.16,3.782446693765614
2.83,3.4974034,2.73,3.3957869166605317
3.18,3.326177,2.83,3.5098351230437825
3.11,3.1708426,3.18,3.673749340327865
3.21,2.6862974,3.11,3.7422798754492685
3.19,2.623255,3.21,3.769239637632509
3.3,2.2006936,3.19,3.7538787146008907
3.54,2.665405,3.3,3.837687700050472
3.68,2.2594981,3.54,4.106499774717469
4.03,3.2423751,3.68,4.26637856183521
3.99,3.5340376,4.03,4.617446750586754
3.94,3.665223,3.99,4.568372397276406
4.46,3.1559737,3.94,4.542937673453359
4.92,3.4168427,4.46,5.010428415303193
4.5,3.338573,4.92,5.521228721431771
4.3,3.8798797,4.5,5.0161207642160175
4.34,3.113716,4.3,4.903323468397366
4.72,2.966123,4.34,4.881760926425525
4.98,2.9335835,4.72,5.146371119412101
3.8499999999999996,3.3773828,4.98,5.495621356662377
3.1,2.9984698,3.8499999999999996,4.297132637134677
3.51,2.5422113,3.1,3.4868293097131775
3.22,2.3365173,3.51,3.87910559447058
2.81,2.0071843,3.22,3.5858740749810156
3.02,2.0040164,2.81,3.1782462319390397
1.94,1.8455513,3.02,3.362010157020837
1.5,1.2186089,1.94,2.3641576485145306
1.24,0.9023333,1.5,1.9158769485917835
0.79,0.6468907,1.24,1.5898154726342406
0.33,0.16145778,0.79,1.0713519844536123
0.2,0.0,0.33,0.691768810932774
0.11,0.0,0.2,0.5124469485801764
0.04,0.0,0.11,0.3845366831219579
0.02,0.0,0.04,0.3679774594224354
0.0,0.0,0.02,0.2987823473437652
0.0,0.0,0.0,0.27983570653343637
0.0,0.0,0.0,0.18213299204185573
0.0,0.0,0.0,0.1837385286200051
0.0,0.0,0.0,0.19278856451427928
0.0,0.0,0.0,0.24640733645473695
0.0,0.0,0.0,0.10081341873425652
0.0,0.0,0.0,0.14289072328307426
0.0,0.0,0.0,0.06257307841981083
0.0,0.0,0.0,0.07844385646521596
0.0,0.0,0.0,0.09935095945673753
0.0,0.0,0.0,0.04846849247021383
0.0,0.0,0.0,0.058130081713045
0.0,0.0,0.0,-0.04642589783715817
0.0,0.0,0.0,-0.09922156614697406
0.0,0.0,0.0,-0.08954194709049977
0.0,0.0,0.0,-0.15885560174141744
0.0,0.0,0.0,-0.17487661060762133
0.0,0.0,0.0,-0.17361023251801838
0.0,0.0,0.0,-0.19276520203526043
0.0,0.0,0.0,-0.26585356382387154
0.0,0.0,0.0,-0.2914016698266608
0.0,0.0,0.0,-0.22123349387632565
0.0,0.0,0.0,-0.3023505555698
0.0,0.0,0.0,-0.3894216166292285
0.0,0.0,0.0,-0.26768902871534084
0.0,0.0,0.0,-0.3684581054417587
0.0,0.0,0.0,-0.4641305231453162
0.0,0.0,0.0,-0.49954320017781473
0.0,0.0,0.0,-0.48488351904283583
0.0,0.0,0.0,-0.45678837756796176
0.0,0.0,0.0,-0.3557978402114993
0.0,0.0,0.0,-0.4472462395749733
0.0,0.0,0.0,-0.47813055708230956
0.0,0.0,0.0,-0.4274374797106142
0.0,0.0,0.0,-0.39771797847527723
0.0,0.0,0.0,-0.3318026871420745
0.0,0.0,0.0,-0.3453518320556236
0.0,0.0,0.0,-0.37692347358433764
0.0,0.0,0.0,-0.26228306761436176
0.0,0.0,0.0,-0.3556687956351878
0.0,0.0,0.0,-0.24315713512167103
0.0,0.0,0.0,-0.254334163470952
0.0,0.0,0.0,-0.18080784510188996
0.0,0.0,0.0,-0.14977866842460566
0.0,0.0,0.0,-0.038666862421337655
0.0,0.0,0.0,-0.06852116531855003
0.0,0.0,0.0,-0.033135979769802204
0.0,0.0,0.0,-0.020373490860603784
0.0,0.0,0.0,0.12118113651695822
0.0,0.0,0.0,0.17832934495412484
0.0,0.0,0.0,0.20747613154135863
0.0,0.0,0.0,0.20177845436399278
0.0,0.0,0.0,0.23599120670640084
0.08,0.0,0.0,0.2976947707224969
0.17,0.0,0.08,0.41526432902354277
0.48999999999999994,0.0,0.17,0.553158350645409
0.81,0.0,0.48999999999999994,0.8942037787616252
1.3,0.0,0.81,1.2957615459759204
2.37,1.2921982,1.3,1.7768139800318987
2.67,2.5944927,2.37,2.849977945765059
3.05,3.3567767,2.67,3.2789145369059844
3.33,3.8242288,3.05,3.661305184685213
3.23,4.502221,3.33,3.937148117267656
3.7999999999999994,3.9998124,3.23,3.889493275661358
3.06,3.9618127,3.7999999999999994,4.3143048416152485
3.54,3.0997372,3.06,3.727123067065804
3.5,3.3864121,3.54,4.201541500649566
3.6,3.4231255,3.5,4.025578371736157
4.49,3.5362236,3.6,4.223825456325478
4.62,3.571841,4.49,5.029197517433415
5.05,4.209444,4.62,5.24861894587868
5.69,4.3502693,5.05,5.772871149751549
5.86,5.1361623,5.69,6.1836548963020865
5.04,5.5034866,5.86,6.3844177788940275
4.68,5.3228292,5.04,5.69481323662972
5.57,4.5182257,4.68,5.1906434481116435
5.42,4.7298856,5.57,6.004029434918477
5.11,4.7522154,5.42,5.916618367119667
4.54,4.267841,5.11,5.675632433083404
4.43,4.0349274,4.54,4.995113228135223
4.32,3.598009,4.43,4.90910340300767
5.18,3.3706386,4.32,4.706734843286174
4.34,3.4240806,5.18,5.528915185561357
4.51,3.2659883,4.34,4.678135538703528
3.8900000000000006,3.1610072,4.51,4.929241337366115
3.28,2.508886,3.8900000000000006,4.284979057949151
2.88,1.7712367,3.28,3.7429587838333713
2.77,1.4508448,2.88,3.2893160680854217
2.72,1.6474117,2.77,3.065294890352056
1.9500000000000002,1.6072006,2.72,3.0626521645279987
1.13,0.9055475,1.9500000000000002,2.2665562495806735
0.67,0.24076645,1.13,1.4270865905302421
0.33,0.0,0.67,1.0161202238337546
0.14,0.0,0.33,0.6159582127365817
0.07,0.0,0.14,0.3728370458218219
0.0,0.0,0.07,0.2470322514864532
0.0,0.0,0.0,0.1405552536104769
0.0,0.0,0.0,0.15515625535087307
0.0,0.0,0.0,0.26199469624016086
0.0,0.0,0.0,0.2634649818536262
0.0,0.0,0.0,0.13043219399898476
0.0,0.0,0.0,0.09846786965711588
0.0,0.0,0.0,0.09177028220487579
0.0,0.0,0.0,0.05885966978463917
0.0,0.0,0.0,0.11717569221884144
0.0,0.0,0.0,0.04844834400303186
0.0,0.0,0.0,0.11822304433374162
0.0,0.0,0.0,0.05210354693876075
0.0,0.0,0.0,-0.08157052864971544
0.0,0.0,0.0,-0.011518954819395924
0.0,0.0,0.0,-0.09797860784053494
0.0,0.0,0.0,-0.057572563072862404
0.0,0.0,0.0,-0.20071083374690735
0.0,0.0,0.0,-0.19378673283549572
0.0,0.0,0.0,-0.13277831259206951
0.0,0.0,0.0,-0.21453945975268113
0.0,0.0,0.0,-0.14729001424282356
0.0,0.0,0.0,-0.28434910529775953
0.0,0.0,0.0,-0.27836438371340677
0.0,0.0,0.0,-0.2932681933258244
0.0,0.0,0.0,-0.32931565910063126
0.0,0.0,0.0,-0.22662495287054218
0.0,0.0,0.0,-0.4716260858135521
0.0,0.0,0.0,-0.5460506038026235
0.0,0.0,0.0,-0.5428532915822393
0.0,0.0,0.0,-0.561802580001228
0.0,0.0,0.0,-0.5316055771081857
0.0,0.0,0.0,-0.5924955845466477
0.0,0.0,0.0,-0.5077391314942487
0.0,0.0,0.0,-0.5203514840918567
0.0,0.0,0.0,-0.5141765768464972
0.0,0.0,0.0,-0.4713619385482306
0.0,0.0,0.0,-0.4128642498947489
0.0,0.0,0.0,-0.4023744433233346
0.0,0.0,0.0,-0.4085925825897496
0.0,0.0,0.0,-0.35971418371410036
0.0,0.0,0.0,-0.32142015161255255
0.0,0.0,0.0,-0.34363204597285524
0.0,0.0,0.0,-0.22019100888157206
0.0,0.0,0.0,-0.16559422427995685
0.0,0.0,0.0,-0.1886917084310139
0.0,0.0,0.0,-0.1351182247066573
0.0,0.0,0.0,-0.025612442953173373
0.0,0.0,0.0,-0.09605853925191282
0.0,0.0,0.0,-0.044494301065237246
0.0,0.0,0.0,0.060084456465978216
0.0,0.0,0.0,0.05809826158966264
0.0,0.0,0.0,0.12027414245086854
0.0,0.0,0.0,0.2792164485637004
0.13,0.0,0.0,0.19817645519984745
0.27,0.0,0.13,0.4612600826991781
0.78,0.0,0.27,0.601648856344281
1.44,0.0,0.78,1.1971611848166375
2.34,0.084963635,1.44,1.873093182850313
3.14,1.7761587,2.34,2.8316775443043487
2.94,3.6336236,3.14,3.6316585695651646
3.39,3.5972779,2.94,3.58692548132079
3.17,4.0674806,3.39,3.9729236864103687
3.56,3.667519,3.17,3.6965428364897046
3.76,3.9453332,3.56,4.011358930722645
4.42,3.5915964,3.76,4.263204717573636
4.84,4.3636546,4.42,4.8859457302232
5.03,5.4319534,4.84,5.371740710565706
4.45,5.5181036,5.03,5.527193009537756
4.63,5.1739373,4.45,5.0609741691337415
5.32,4.1665797,4.63,5.220776689419385
5.01,4.5340605,5.32,5.929784392805631
4.67,5.2822466,5.01,5.492219572898308
4.67,4.7010026,4.67,5.1376206825616375
5.55,4.6431026,4.67,5.074699681826483
5.41,4.9695,5.55,5.983759264459632
5.9,4.646239,5.41,5.908887185419794
5.07,5.290817,5.9,6.303567399816784
5.13,4.9545517,5.07,5.519673454810676
5.61,4.4383388,5.13,5.543711277800114
5.38,4.869037,5.61,5.854226393879792
5.09,4.472995,5.38,5.7221795145681895
4.45,4.1285563,5.09,5.392714908276034
4.09,3.867872,4.45,4.754026697432251
3.7700000000000005,3.3586369,4.09,4.32814285981917
3.22,2.6782823,3.7700000000000005,4.052327786841429
3.11,2.3455148,3.22,3.44662937293698
2.48,2.2713146,3.11,3.285685241986383
2.03,1.7881198,2.48,2.7394575006773985
1.23,1.5622271,2.03,2.2184681252607423
0.8,0.96245503,1.23,1.490468113126281
0.6,0.512054,0.8,1.0442990947049513
0.39,0.0,0.6,0.7745369042477648
0.21,0.0,0.39,0.6061382347703649
0.08,0.0,0.21,0.4593943750829476
0.04,0.0,0.08,0.3450948898183837
0.0,0.0,0.04,0.3065749637643602
0.0,0.0,0.0,0.17578472044876295
0.0,0.0,0.0,0.2457933220439246
0.0,0.0,0.0,0.12899264626564372
0.0,0.0,0.0,0.15569621772969494
0.0,0.0,0.0,0.10872849569191857
0.0,0.0,0.0,0.12217516232931415
0.0,0.0,0.0,0.052362901183767956
0.0,0.0,0.0,0.027743770981313483
0.0,0.0,0.0,0.10499139078272518
0.0,0.0,0.0,0.033527832046511274
0.0,0.0,0.0,-0.04015242749632136
0.0,0.0,0.0,-0.04361961599518592
0.0,0.0,0.0,-0.016929940880619776
0.0,0.0,0.0,-0.14371369825191077
0.0,0.0,0.0,-0.1652555818537431
0.0,0.0,0.0,-0.19393746664179012
0.0,0.0,0.0,-0.19845576276499943
0.0,0.0,0.0,-0.1996105455147295
0.0,0.0,0.0,-0.2638083952406577
0.0,0.0,0.0,-0.2841205794899401
0.0,0.0,0.0,-0.34416861065218096
0.0,0.0,0.0,-0.38369183710878524
0.0,0.0,0.0,-0.37270718677077314
0.0,0.0,0.0,-0.29545836636276884
0.0,0.0,0.0,-0.3170778736118334
0.0,0.0,0.0,-0.4203001846430742
0.0,0.0,0.0,-0.18650119609874843
0.0,0.0,0.0,-0.23667380498075463
0.0,0.0,0.0,-0.31883363989146535
0.0,0.0,0.0,-0.295248024784611
0.0,0.0,0.0,-0.1854371048080579
0.0,0.0,0.0,-0.27997603103964974
0.0,0.0,0.0,-0.25325952362310766
0.0,0.0,0.0,-0.21797408746500052
0.0,0.0,0.0,-0.1717581969359927
0.0,0.0,0.0,-0.0887602562671843
0.0,0.0,0.0,-0.125104354353167
0.0,0.0,0.0,-0.1480831736913875
0.0,0.0,0.0,-0.06340155655040758
0.0,0.0,0.0,-0.08287598938330386
0.0,0.0,0.0,-0.0746603627596621
0.0,0.0,0.0,-0.026768711448035762
0.0,0.0,0.0,-0.025958603548926346
0.0,0.0,0.0,0.13242493700544344
0.0,0.0,0.0,0.09202622209969105
0.0,0.0,0.0,0.13228135454680245
0.0,0.0,0.0,0.23706743690319076
0.0,0.0,0.0,0.24571539785095978
0.0,0.0,0.0,0.2656772259746703
0.0,0.0,0.0,0.3940278162039256
0.0,0.0,0.0,0.3353952802306131
0.0,0.0,0.0,0.40886954918884455
0.0,0.0,0.0,0.4416785743262132
0.26,0.0,0.0,0.4984973019773081
0.53,0.12496409,0.26,0.8510438134740305
1.46,0.91873837,0.53,1.1554066022741096
2.75,1.9423099,1.46,2.1588410459531477
4.38,3.4801853,2.75,3.3982710031004553
6.51,5.8486576,4.38,5.209278629676912
6.25,8.460418,6.51,7.439899386464895
7.26,9.473575,6.25,7.263966945232564
9.02,10.181772,7.26,8.281888494186592
11.67,11.310767,9.02,9.988342944698086
12.56,13.169571,11.67,12.734844228834113
13.11,14.6206665,12.56,13.630384145206126
12.93,15.693927,13.11,14.28564081857772
14.45,15.716488,12.93,14.016903192832299
15.080000000000002,16.246172,14.45,15.476833561483838
16.31,16.486538,15.080000000000002,16.081001240905845
15.0,17.15907,16.31,17.223596702054042
18.34,17.441202,15.0,15.95722352030873
19.57,18.263737,18.34,19.02597274707741
17.0,19.13279,19.57,20.298471198436026
17.59,18.143383,17.0,17.944847706841283
18.74,18.395699,17.59,18.19845506792881
19.17,18.462158,18.74,19.142366344568412
18.22,18.788792,19.17,19.56960589485819
16.66,18.48228,18.22,18.517715890195383
16.65,17.16933,16.66,16.89047112417043
15.81,16.109936,16.65,16.730726589618826
18.1,15.875015,15.81,15.813041430966068
15.619999999999997,15.76934,18.1,17.97863034021475
15.73,14.3036785,15.619999999999997,15.644792890024753
12.13,13.784859,15.73,15.597329506967132
12.87,11.7839775,12.13,11.877747983557484
8.63,11.158108,12.87,12.57177943320757
7.890000000000001,9.038076,8.63,8.333174215849029
6.41,7.589169,7.890000000000001,7.349281771727947
4.56,6.103629,6.41,5.821956875657401
4.45,4.2575336,4.56,3.9293966626174957
2.84,2.7771292,4.45,3.905776701195599
1.85,1.45525,2.84,2.2319454393029003
0.73,0.5919414,1.85,1.4168024288747687
0.31,0.0,0.73,0.21229962585719353
0.15,0.0,0.31,-0.13072731043215685
0.0,0.0,0.15,-0.27748780041563254
0.0,0.0,0.0,-0.40102623034791995
0.0,0.0,0.0,-0.3091465973481908
0.0,0.0,0.0,-0.06483185578829209
0.0,0.0,0.0,-0.15438149333563841
0.0,0.0,0.0,-0.0316544878296067
0.0,0.0,0.0,0.028173439209101744
0.0,0.0,0.0,0.00895844332292825
0.0,0.0,0.0,0.07339825816118015
0.0,0.0,0.0,0.11051422239615141
0.0,0.0,0.0,0.10265326117568824
0.0,0.0,0.0,0.14038661217143092
0.0,0.0,0.0,0.15604989456408075
0.0,0.0,0.0,0.1842021808436009
0.0,0.0,0.0,0.17130310156579107
0.0,0.0,0.0,0.14720907358295282
0.0,0.0,0.0,0.18919794100506948
0.0,0.0,0.0,0.06424254826142475
0.0,0.0,0.0,0.06546109407895857
0.0,0.0,0.0,0.12374491865754361
0.0,0.0,0.0,0.0024260064292146166
0.0,0.0,0.0,0.030966866527293788
0.0,0.0,0.0,0.04038590557969266
0.0,0.0,0.0,-0.047639183852466876
0.0,0.0,0.0,-0.08980924785691485
0.0,0.0,0.0,-0.008844627687398764
0.0,0.0,0.0,-0.09393956625267215
0.0,0.0,0.0,-0.255103368651201
0.0,0.0,0.0,-0.19256571169437672
0.0,0.0,0.0,-0.24822787813133135
0.0,0.0,0.0,-0.2883471610770349
0.0,0.0,0.0,-0.24878352770518183
0.0,0.0,0.0,-0.24381724243256644
0.0,0.0,0.0,-0.22348490382275482
0.0,0.0,0.0,-0.17409512164537894
0.0,0.0,0.0,-0.19238909480145
0.0,0.0,0.0,-0.17868943599316567
0.0,0.0,0.0,-0.18242415074843676
0.0,0.0,0.0,-0.16741254148289308
0.0,0.0,0.0,-0.16978901678574104
0.0,0.0,0.0,-0.0338739874714717
0.0,0.0,0.0,-0.006638188032728892
0.0,0.0,0.0,-0.047686372569741425
0.0,0.0,0.0,-0.05793142037979697
0.0,0.0,0.0,0.057416370086901015
0.0,0.0,0.0,0.08949693153904387
0.0,0.0,0.0,0.0807940651497302
0.0,0.0,0.0,0.1462790758891032
0.0,0.0,0.0,0.22932962509312008
0.0,0.0,0.0,0.2349441833701482
0.0,0.0,0.0,0.28147211983835235
0.0,0.0,0.0,0.3146149462507056
0.0,0.0,0.0,0.4351829638741193
0.0,0.0,0.0,0.47893825338115725
0.22,0.0,0.0,0.49501428396499747
0.45,0.0,0.22,0.7415609364207822
1.22,0.14301491,0.45,1.1063174533044973
2.45,1.0200255,1.22,1.779333473542936
3.09,2.269788,2.45,3.144507647147355
4.76,4.1972504,3.09,3.8410969648534916
5.0,6.3083405,4.76,5.58669439687873
5.95,7.162619,5.0,5.927421819723438
6.98,7.9862432,5.95,6.951168212411545
6.31,9.196149,6.98,7.845601767084706
6.38,9.592223,6.31,7.276311687154378
8.05,9.0022,6.38,7.2953807264328
8.41,9.179905,8.05,8.931832059206627
8.46,9.913608,8.41,9.397315146010376
9.91,10.424656,8.46,9.47623575657635
9.93,10.923147,9.91,10.811533428936368
9.26,11.404698,9.93,10.915339830379853
12.46,11.339838,9.26,10.197904708262975
12.68,12.597258,12.46,13.207252517888326
14.36,13.219824,12.68,13.523364149892956
14.16,13.713922,14.36,15.30414205513636
13.69,14.155647,14.16,14.996815790406401
14.62,14.002177,13.69,14.5764590116434
14.26,14.023764,14.62,15.400933950965847
15.130000000000003,14.157881,14.26,14.866476693963438
13.83,13.879762,15.130000000000003,15.648508713931161
14.64,13.375422,13.83,14.396486585691733
12.46,13.6034565,14.64,15.015606745516214
11.32,11.900155,12.46,12.874745498324348
10.43,11.154976,11.32,11.565174302126145
8.26,9.747464,10.43,10.607939044025748
7.42,7.985437,8.26,8.195073979403213
7.38,7.088671,7.42,7.336915753097523
5.98,6.0048313,7.38,7.131879890832062
4.53,4.802816,5.98,5.76643523683559
4.53,3.8057792,4.53,4.272610479726174
3.52,3.0683835,4.53,4.359174757522759
2.65,1.7637508,3.52,3.2684547643759365
1.64,0.85335684,2.65,2.5172643973052407
0.72,0.01680513,1.64,1.4077534091690669
0.27,0.0,0.72,0.5286250762151368
0.14,0.0,0.27,0.025816718122584625
0.0,0.0,0.14,-0.02978952376215857
0.0,0.0,0.0,-0.13171368122298072
0.0,0.0,0.0,-0.11574784226089277
0.0,0.0,0.0,-0.10330975259979044
0.0,0.0,0.0,-0.03160081866763795
0.0,0.0,0.0,0.14374202035935413
0.0,0.0,0.0,0.015404648506002656
0.0,0.0,0.0,0.16736352551124073
0.0,0.0,0.0,0.0910460041885035
0.0,0.0,0.0,0.19857647665725914
0.0,0.0,0.0,0.09321443206940883
0.0,0.0,0.0,0.20337308845364638
0.0,0.0,0.0,0.14004670375928285
0.0,0.0,0.0,0.10459582766118386
0.0,0.0,0.0,0.10551521494439264
0.0,0.0,0.0,0.15853229936216134
0.0,0.0,0.0,0.07682222447403526
0.0,0.0,0.0,-0.008187610721362738
0.0,0.0,0.0,0.03298785146929391
0.0,0.0,0.0,0.04192970548262124
0.0,0.0,0.0,-0.049912147108819305
0.0,0.0,0.0,-0.05057516457556019
0.0,0.0,0.0,-0.11252152943098705
0.0,0.0,0.0,-0.046609539944571926
0.0,0.0,0.0,-0.06788516837167219
0.0,0.0,0.0,-0.16195987877711565
0.0,0.0,0.0,-0.1757264296956917
0.0,0.0,0.0,-0.22010753287463486
0.0,0.0,0.0,-0.19412997102884758
0.0,0.0,0.0,-0.08399279186286836
0.0,0.0,0.0,-0.11789223001827602
0.0,0.0,0.0,-0.20271663047661292
0.0,0.0,0.0,-0.1789121002308563
0.0,0.0,0.0,-0.10487068800025305
0.0,0.0,0.0,-0.142393237545613
0.0,0.0,0.0,-3.3079357137956455e-05
0.0,0.0,0.0,-0.03511000529809932
0.0,0.0,0.0,-0.04087021525282161
0.0,0.0,0.0,-0.0007412747813660692
0.0,0.0,0.0,0.02316766198990624
0.0,0.0,0.0,0.10252743991277871
0.0,0.0,0.0,0.1086962240608886
0.0,0.0,0.0,0.096645372133696
0.0,0.0,0.0,0.15125438900883761
0.0,0.0,0.0,0.22487532111348893
0.0,0.0,0.0,0.2012325194712811
0.0,0.0,0.0,0.2367125063919655
0.0,0.0,0.0,0.3599712137332781
0.0,0.0,0.0,0.3462481679699419
0.0,0.0,0.0,0.37478333306737377
0.0,0.0,0.0,0.3602895376836345
0.0,0.0,0.0,0.4897505709359418
0.0,0.0,0.0,0.5232593123770125
0.0,0.0,0.0,0.5725066442995608
0.34,0.0,0.0,0.5890194260149955
0.57,0.0,0.34,0.9640247041971259
1.57,0.5455003,0.57,1.2683731467814674
3.1,1.5429212,1.57,2.3139723236244354
4.47,3.0448318,3.1,3.9800946573090163
5.99,5.618026,4.47,5.398294484379465
6.97,7.605821,5.99,6.98244430308444
7.890000000000001,8.990456,6.97,8.131510227051715
8.2,10.176058,7.890000000000001,9.010454334057147
7.69,11.143493,8.2,9.32751890275793
11.87,10.791178,7.69,8.854636781003752
13.61,12.251918,11.87,12.977529713600592
14.87,14.144737,13.61,14.804590723732577
13.97,15.922993,14.87,16.284109746600823
15.439999999999998,16.085457,13.97,15.490576140276367
14.99,16.474926,15.439999999999998,16.711031462962634
17.22,16.443869,14.99,16.245157512961757
19.24,17.752777,17.22,18.360671674140402
19.39,18.444487,19.24,20.33515752261041
20.01,18.952818,19.39,20.52878039577781
18.78,19.752234,20.01,21.184610523151854
16.98,19.129704,18.78,19.7321876803991
18.56,17.942705,16.98,17.934175204535862
16.8,17.788689,18.56,19.22693026307909
21.01,16.986101,16.8,17.160675428876196
17.9,18.260262,21.01,21.287992947390592
18.62,17.096712,17.9,18.341658637180526
15.500000000000002,17.133293,18.62,18.983791833391052
17.19,15.216301,15.500000000000002,15.736542826994587
15.529999999999998,14.918462,17.19,17.2915451967057
13.02,13.497514,15.529999999999998,15.635823668703486
10.27,11.849985,13.02,12.944615861687154
9.79,9.81139,10.27,10.011753762208059
9.98,8.059187,9.79,9.407692376594454
7.15,7.3083706,9.98,9.633990163249496
6.69,5.3449783,7.15,6.745380574078678
4.92,4.390316,6.69,6.379597969076118
3.53,2.8173478,4.92,4.4314499642356795
1.91,1.3039641,3.53,3.092740154858645
0.74,0.20544042,1.91,1.498177660748734
0.37,0.0,0.74,0.1771544864604696
0.0,0.0,0.37,-0.19293042966816998
0.0,0.0,0.0,-0.4163908599765803
0.0,0.0,0.0,-0.38419412632148814
0.0,0.0,0.0,-0.19715127641684543
0.0,0.0,0.0,-0.196083851487011
0.0,0.0,0.0,-0.11446229848946221
0.0,0.0,0.0,0.009382735959065115
0.0,0.0,0.0,-0.05059555409054867
0.0,0.0,0.0,0.08930457347290005
0.0,0.0,0.0,0.11223594934625963
0.0,0.0,0.0,0.13590730122666417
0.0,0.0,0.0,0.08535603472218894
0.0,0.0,0.0,0.193885807263257
0.0,0.0,0.0,0.1904467308092411
0.0,0.0,0.0,0.19058095323488278
0.0,0.0,0.0,0.17584153497983437
0.0,0.0,0.0,0.2058853191188184
0.0,0.0,0.0,0.1428508971441414
0.0,0.0,0.0,0.10534436866749146
0.0,0.0,0.0,0.22690096539263827
0.0,0.0,0.0,0.12874280476235814
0.0,0.0,0.0,0.16299118683149194
0.0,0.0,0.0,0.0824946404819098
0.0,0.0,0.0,0.024501205526759468
0.0,0.0,0.0,0.012851515246036643
0.0,0.0,0.0,0.05387281470749461
0.0,0.0,0.0,0.029335722764638056
0.0,0.0,0.0,0.019165706065029306
0.0,0.0,0.0,-0.2264964811316011
0.0,0.0,0.0,-0.16977137786242302
0.0,0.0,0.0,-0.13647526857391767
0.0,0.0,0.0,-0.19560812329937416
0.0,0.0,0.0,-0.20147844619550076
0.0,0.0,0.0,-0.10105519167692194
0.0,0.0,0.0,-0.24950622728264932
0.0,0.0,0.0,-0.1261359636598161
0.0,0.0,0.0,-0.06915513737702633
0.0,0.0,0.0,-0.16337176321477986
0.0,0.0,0.0,-0.14994206451813777
0.0,0.0,0.0,-0.08652424205067628
0.0,0.0,0.0,0.00871870283172059
0.0,0.0,0.0,0.013188130159797161
0.0,0.0,0.0,0.02479143494402397
0.0,0.0,0.0,0.033157363086617764
0.0,0.0,0.0,0.007968159465741066
0.0,0.0,0.0,0.16121086883535446
0.0,0.0,0.0,0.1602478320359527
0.0,0.0,0.0,0.20230216444756285
0.0,0.0,0.0,0.2037835223063198
0.0,0.0,0.0,0.2937983649872669
0.0,0.0,0.0,0.3087645545933408
0.0,0.0,0.0,0.3359415790244165
0.0,0.0,0.0,0.485509892735913
0.0,0.0,0.0,0.4962835884061227
0.0,0.0,0.0,0.4738395477778654
0.24,0.0,0.0,0.5759753380206396
0.52,0.0,0.24,0.7799309637697815
1.17,0.15226339,0.52,1.1165944032907695
2.58,1.0769827,1.17,1.9068831023521011
3.74,2.489486,2.58,3.408307276036906
6.09,4.5199437,3.74,4.575579169330409
5.46,7.1645346,6.09,7.017287101828727
6.51,8.429297,5.46,6.538952542656992
7.25,9.192004,6.51,7.663157975428384
9.34,9.230494,7.25,8.261416387271904
11.46,10.66572,9.34,10.412142919389096
11.61,11.99682,11.46,12.606436556340308
11.3,12.921101,11.61,12.838334751020104
13.45,13.223832,11.3,12.579020027023534
12.3,14.111458,13.45,14.730887099802938
14.31,14.32273,12.3,13.412985624558718
15.619999999999997,15.006041,14.31,15.419858146192396
16.76,15.850786,15.619999999999997,16.61287689249669
16.94,17.159931,16.76,17.751287174173193
17.35,17.412169,16.94,17.976119889763847
17.03,17.434418,17.35,18.32621868141365
18.6,17.329538,17.03,17.910699866705023
15.600000000000001,17.817514,18.6,19.442983900315916
16.16,16.777008,15.600000000000001,16.28705519823802
17.59,16.03751,16.16,16.790890374251582
14.92,16.355312,17.59,18.02495546056131
17.38,15.222062,14.92,15.183059187120271
15.740000000000002,15.133299,17.38,17.68091620361737
15.37,14.282974,15.740000000000002,15.956357060840777
14.59,13.699288,15.37,15.515272071093724
10.32,13.068243,14.59,14.656860797444068
9.1,10.331013,10.32,10.218578289241966
8.57,8.751633,9.1,9.02629159992356
6.69,7.377919,8.57,8.169564767435704
3.9199999999999995,5.602516,6.69,6.212314307410557
4.16,3.3975782,3.9199999999999995,3.635150631266023
3.62,2.6908846,4.16,3.7053899052953354
2.3,1.5394351,3.62,3.153151756029539
1.16,0.40677375,2.3,1.9771405909615114
0.47,0.0,1.16,0.7734649124026155
0.23,0.0,0.47,0.15350024814347885
0.0,0.0,0.23,-0.051317604490955515
0.0,0.0,0.0,-0.370604569764888
0.0,0.0,0.0,-0.19608209854884887
0.0,0.0,0.0,-0.08871633072918737
0.0,0.0,0.0,0.012135877295730499
0.0,0.0,0.0,0.09788272086329874
0.0,0.0,0.0,0.0738770832143611
0.0,0.0,0.0,0.14462277317870473
0.0,0.0,0.0,0.24231529025323384
0.0,0.0,0.0,0.14234445114163938
0.0,0.0,0.0,0.30529945240004
0.0,0.0,0.0,0.18905613623643294
0.0,0.0,0.0,0.255055515533422
0.0,0.0,0.0,0.3332991594849458
0.0,0.0,0.0,0.18784760224037433
0.0,0.0,0.0,0.24743805450746476
0.0,0.0,0.0,0.1836594163699534
0.0,0.0,0.0,0.1549413083183662
0.0,0.0,0.0,0.2238119649425752
0.0,0.0,0.0,0.17584249556209988
0.0,0.0,0.0,0.21363103525001714
0.0,0.0,0.0,0.15754756643641202
0.0,0.0,0.0,0.01599599389326918
0.0,0.0,0.0,0.04301581617689874
0.0,0.0,0.0,0.09433555287080866
0.0,0.0,0.0,-0.057180727936161496
0.0,0.0,0.0,-0.02416780160776913
0.0,0.0,0.0,0.04283904896534768
0.0,0.0,0.0,-0.0720269789270634
0.0,0.0,0.0,-0.1286942483384041
0.0,0.0,0.0,-0.12196655390734674
0.0,0.0,0.0,-0.07704539691667067
0.0,0.0,0.0,-0.14744159970598159
0.0,0.0,0.0,-0.15397284054749397
0.0,0.0,0.0,-0.07743936940671568
0.0,0.0,0.0,-0.07502521315345949
0.0,0.0,0.0,-0.08875800751480124
0.0,0.0,0.0,-0.04447541335585656
0.0,0.0,0.0,-0.09103393563929904
0.0,0.0,0.0,-0.04967231130485916
0.0,0.0,0.0,-0.007472307253737105
0.0,0.0,0.0,0.034308672979844294
0.0,0.0,0.0,0.06293611975299908
0.0,0.0,0.0,0.17052665191786773
0.0,0.0,0.0,0.10968512500265849
0.0,0.0,0.0,0.17279309745084373
0.0,0.0,0.0,0.23890478173022334
0.0,0.0,0.0,0.26679433639163985
0.0,0.0,0.0,0.3516462952898666
0.0,0.0,0.0,0.3589112183359271
0.0,0.0,0.0,0.37769411631910804
0.0,0.0,0.0,0.4852790410337882
0.0,0.0,0.0,0.528025934501874
0.0,0.0,0.0,0.4651457556478682
0.0,0.0,0.0,0.576862380266157
0.36,0.0,0.0,0.6256776935877707
0.69,0.0,0.36,1.0389876602508177
1.58,0.39249635,0.69,1.4821093439407245
2.93,1.3579984,1.58,2.283968884389679
4.59,2.6113737,2.93,3.8441803421910152
5.61,5.0952272,4.59,5.598262778360569
6.67,6.95962,5.61,6.773076774398094
8.03,8.013521,6.67,7.909032587463512
9.2,8.90598,8.03,9.19648794395411
10.34,10.372938,9.2,10.462968875655447
11.32,11.231883,10.34,11.654151130014615
12.12,12.313185,11.32,12.61311005178627
14.67,12.978781,12.12,13.572797543648074
13.5,14.633798,14.67,16.048325949713732
15.91,15.2206335,13.5,14.965294886635114
17.6,16.28281,15.91,17.259176418133148
16.46,17.417437,17.6,18.976283566638067
20.27,17.67108,16.46,17.90759605089207
17.47,18.999098,20.27,21.509094021693826
20.23,18.377502,17.47,18.74298520223077
18.98,19.250414,20.23,21.491389492508716
18.53,18.583815,18.98,19.982004365292404
18.46,18.63003,18.53,19.489509873052643
20.71,17.833267,18.46,19.296667084708705
18.51,18.415915,20.71,21.32107170497178
17.05,17.08328,18.51,19.114276632607186
18.98,16.28308,17.05,17.582824863876077
16.22,16.362032,18.98,19.274040091522465
15.450000000000001,14.849675,16.22,16.460989626570743
17.62,13.91403,15.450000000000001,15.713626175771083
15.109999999999998,13.838144,17.62,17.613588543337098
11.99,12.40851,15.109999999999998,15.22891919142096
11.83,10.423305,11.99,11.937046431668568
10.56,9.092276,11.83,11.650909346926754
8.02,7.6033454,10.56,10.258364622315204
7.62,5.705126,8.02,7.731573819761781
4.77,4.790714,7.62,7.064948368516173
4.04,2.638742,4.77,4.239177762765563
2.14,1.3666098,4.04,3.5364086453382146
0.91,0.34662923,2.14,1.5571749380540112
0.39,0.0,0.91,0.35780441472665847
0.0,0.0,0.39,-0.10529417842680855
0.0,0.0,0.0,-0.5263487915122735
0.0,0.0,0.0,-0.42808654001755236
0.0,0.0,0.0,-0.40050423075765423
0.0,0.0,0.0,-0.30795078758573485
0.0,0.0,0.0,-0.17303269743531274
0.0,0.0,0.0,-0.06295347493917372
0.0,0.0,0.0,-0.006770750242256415
0.0,0.0,0.0,-0.009760911607600876
0.0,0.0,0.0,0.060994117748178686
0.0,0.0,0.0,0.10935248315563181
0.0,0.0,0.0,0.20991631701678196
0.0,0.0,0.0,0.22906116793616865
0.0,0.0,0.0,0.2352906379012772
0.0,0.0,0.0,0.2453746730750161
0.0,0.0,0.0,0.14653878298323833
0.0,0.0,0.0,0.1835798618949926
0.0,0.0,0.0,0.2106138338173968
0.0,0.0,0.0,0.17370548775773667
0.0,0.0,0.0,0.19217194848725477
0.0,0.0,0.0,0.15227839479569555
0.0,0.0,0.0,0.08599701025838936
0.0,0.0,0.0,0.08825681307329383
0.0,0.0,0.0,0.05376306718745866
0.0,0.0,0.0,0.16385767408772695
0.0,0.0,0.0,0.0942383150309076
0.0,0.0,0.0,-0.035008653394136766
0.0,0.0,0.0,-0.028615270294311337
0.0,0.0,0.0,-0.15639002118397277
0.0,0.0,0.0,-0.24555324319945915
0.0,0.0,0.0,-0.2701742916014882
0.0,0.0,0.0,-0.15130504307294165
0.0,0.0,0.0,-0.1720986445935009
0.0,0.0,0.0,-0.17287614753024302
0.0,0.0,0.0,-0.2314314321278083
0.0,0.0,0.0,-0.17432786383630272
0.0,0.0,0.0,-0.19397888590642615
0.0,0.0,0.0,-0.07841054120041158
0.0,0.0,0.0,-0.14004719557397993
0.0,0.0,0.0,-0.0896471786194078
0.0,0.0,0.0,-0.015166986701493287
0.0,0.0,0.0,-0.05613761240022157
0.0,0.0,0.0,0.03018589176256241
0.0,0.0,0.0,0.09847488910815452
0.0,0.0,0.0,0.13033862040889022
0.0,0.0,0.0,0.062013281155770816
0.0,0.0,0.0,0.1166202311016172
0.0,0.0,0.0,0.14562758183380028
0.0,0.0,0.0,0.23256753961450988
0.0,0.0,0.0,0.30713241906132016
0.0,0.0,0.0,0.3181407310008111
0.0,0.0,0.0,0.37081848751237223
0.0,0.0,0.0,0.39927082020329696
0.0,0.0,0.0,0.47882681219982315
0.0,0.0,0.0,0.56412263662819
0.34,0.0,0.0,0.6058364992288238
0.61,0.046071827,0.34,0.8955481033390315
1.41,0.56537503,0.61,1.248788867817432
2.88,1.4625611,1.41,2.16610359057084
4.06,2.9928823,2.88,3.61525371717637
5.52,5.330752,4.06,4.924217158491631
6.3,7.4895053,5.52,6.510771951368145
7.67,8.301614,6.3,7.384288684556041
10.08,9.252673,7.67,8.737888962774052
9.87,11.469294,10.08,11.174526949370852
12.07,12.459109,9.87,11.09835042768897
11.76,13.788271,12.07,13.278403217837555
14.99,13.901171,11.76,12.900221376967956
13.16,15.264757,14.99,16.19049033234673
17.78,15.1281,13.16,14.430873980975035
18.19,17.349443,17.78,19.003661273846596
18.27,18.143171,18.19,19.455073631575086
19.06,19.07224,18.27,19.57489722694063
17.46,19.723866,19.06,20.182587360067238
18.94,18.822487,17.46,18.393996988714157
18.89,18.778198,18.94,19.87021745446034
19.89,19.421835,18.89,19.56089816261841
19.17,19.304918,19.89,20.488698660641717
18.56,18.97545,19.17,19.82066531972871
18.05,18.45507,18.56,19.067573316307552
17.09,17.752188,18.05,18.334251178225045
18.81,16.522657,17.09,17.266076107011923
15.589999999999998,17.028627,18.81,18.829207717246426
17.58,14.941105,15.589999999999998,15.552304833823683
14.13,15.228805,17.58,17.382897932243296
14.32,13.317421,14.13,13.974549484706355
14.78,12.670528,14.32,14.144721628735056
10.84,11.695172,14.78,14.561555764013185
10.02,9.060266,10.84,10.495044469473694
7.800000000000001,7.65049,10.02,9.65062460569361
7.12,6.378284,7.800000000000001,7.3399383718873175
5.28,4.80326,7.12,6.568423699432019
3.96,3.2393029,5.28,4.737300658704797
2.01,1.6743791,3.96,3.332131028183519
0.85,0.46038684,2.01,1.4620347007811207
0.46,0.0,0.85,0.32617944340454286
0.0,0.0,0.46,-0.13304482382698046
0.0,0.0,0.0,-0.4682359424335496
0.0,0.0,0.0,-0.45631619552607194
0.0,0.0,0.0,-0.45191778532118154
0.0,0.0,0.0,-0.3421570577162822
0.0,0.0,0.0,-0.20573941508904708
0.0,0.0,0.0,-0.16656307076919022
0.0,0.0,0.0,-0.058660711030682766
0.0,0.0,0.0,0.05074006393478787
0.0,0.0,0.0,0.055520451874641885
0.0,0.0,0.0,0.09244139108674856
0.0,0.0,0.0,0.13885586904882075
0.0,0.0,0.0,0.1706957212274045
0.0,0.0,0.0,0.12122085985289768
0.0,0.0,0.0,0.08964731958256436
0.0,0.0,0.0,0.21915152807660074
0.0,0.0,0.0,0.17925664487603193
0.0,0.0,0.0,0.14272418323468478
0.0,0.0,0.0,0.10327758659868183
0.0,0.0,0.0,0.09864111323532473
0.0,0.0,0.0,0.12465346471442866
0.0,0.0,0.0,0.08952631785598443
0.0,0.0,0.0,0.030748646614348688
0.0,0.0,0.0,-0.00565260461848377
0.0,0.0,0.0,0.061752302173264904
0.0,0.0,0.0,-0.004176633304304386
0.0,0.0,0.0,-0.04948501122027174
0.0,0.0,0.0,-0.07414866745928214
0.0,0.0,0.0,-0.47072389233716483
0.0,0.0,0.0,-0.3928159830573592
0.0,0.0,0.0,-0.4455264768203706
0.0,0.0,0.0,-0.3361785504715334
0.0,0.0,0.0,-0.35402203588001857
0.0,0.0,0.0,-0.34786333372528144
0.0,0.0,0.0,-0.3525182536555278
0.0,0.0,0.0,-0.29053973934479405
0.0,0.0,0.0,-0.32104774870548686
0.0,0.0,0.0,-0.24666030043438403
0.0,0.0,0.0,-0.25475527350704175
0.0,0.0,0.0,-0.21903568860054878
0.0,0.0,0.0,-0.26049092779685673
0.0,0.0,0.0,-0.17206182753318922
0.0,0.0,0.0,-0.19386814196218122
0.0,0.0,0.0,-0.08815207748712216
0.0,0.0,0.0,-0.06542942975501426
0.0,0.0,0.0,0.0019249592853728265
0.0,0.0,0.0,-0.05822248788453464
0.0,0.0,0.0,0.003323190542519512
0.0,0.0,0.0,0.10787963394485064
0.0,0.0,0.0,0.11381393156960282
0.0,0.0,0.0,0.1901282474852178
0.0,0.0,0.0,0.19404068293674107
0.0,0.0,0.0,0.24330321588712428
0.0,0.0,0.0,0.272490092646293
0.0,0.0,0.0,0.3618389641798945
0.2,0.0,0.0,0.3830335508977626
0.37,0.0,0.2,0.6286780696551254
0.88,0.0,0.37,0.8035463273578972
1.91,0.0,0.88,1.4161768062548346
2.83,0.2767255,1.91,2.5524371656482194
3.11,2.1840563,2.83,3.561838244244093
3.47,3.1792426,3.11,3.9648308353338595
3.99,3.5378938,3.47,4.351769201635514
4.71,3.6473188,3.99,4.922951850933063
5.86,4.5507655,4.71,5.590182110321344
5.59,5.6419864,5.86,6.790795527989568
5.41,6.0563745,5.59,6.56042534170198
6.71,5.970999,5.41,6.389211576258006
6.44,7.0346594,6.71,7.658904467916915
7.27,7.375438,6.44,7.330219231751585
7.32,8.119624,7.27,8.179829183047216
7.510000000000001,7.84608,7.32,8.306128215958761
7.540000000000001,8.171707,7.510000000000001,8.35220410716136
9.55,8.41881,7.540000000000001,8.36612385637668
10.06,9.215212,9.55,10.313465013241103
10.97,10.074077,10.06,10.980378184316109
11.13,10.527483,10.97,11.847290257695033
11.1,11.2092,11.13,11.913955582234514
11.51,10.8802395,11.1,11.91047139025912
10.36,10.971869,11.51,12.328708864852455
11.12,10.505184,10.36,11.059042837334786
10.7,10.635187,11.12,11.714339272233875
11.32,10.190714,10.7,11.211634804802609
9.05,10.034084,11.32,11.709938617460422
5.7,8.711167,9.05,9.479254933647407
6.8,7.006847,5.7,6.1209452354842036
5.36,6.3255053,6.8,7.000769653736275
5.61,5.4546285,5.36,5.391245830919626
4.56,4.5478873,5.61,5.643823152089445
3.9699999999999998,3.6493263,4.56,4.576258415982634
3.07,2.7639673,3.9699999999999998,3.9427564449921935
2.83,1.8557694,3.07,3.18174053599648
2.02,1.0452472,2.83,2.8135618921724053
0.9,0.18107858,2.02,2.062690691086479
0.38,0.0,0.9,0.8250995556305418
0.18,0.0,0.38,0.3607286777049265
0.0,0.0,0.18,0.052295922403051975
0.0,0.0,0.0,-0.007679844846698106
0.0,0.0,0.0,-0.019907253182021717
0.0,0.0,0.0,-0.03189759522605001
0.0,0.0,0.0,0.04799485374760017
0.0,0.0,0.0,0.14169202104283146
0.0,0.0,0.0,0.1388064744242652
0.0,0.0,0.0,0.1469824214180735
0.0,0.0,0.0,0.09951218144922491
0.0,0.0,0.0,0.12306390806192152
0.0,0.0,0.0,0.08289471499801977
0.0,0.0,0.0,0.15713801186330095
0.0,0.0,0.0,0.13709485431161517
0.0,0.0,0.0,0.14188090360867253
0.0,0.0,0.0,0.059868679083447396
0.0,0.0,0.0,0.08892445614962351
0.0,0.0,0.0,0.03897062549316627
0.0,0.0,0.0,-0.021698508464806088
0.0,0.0,0.0,0.008706944591892335
0.0,0.0,0.0,0.01858004927875044
0.0,0.0,0.0,-0.06082804753455143
0.0,0.0,0.0,-0.1363822379538598
0.0,0.0,0.0,-0.06482499174434074
0.0,0.0,0.0,-0.14183369112794053
0.0,0.0,0.0,-0.14128811831055202
0.0,0.0,0.0,-0.18474763824271134
0.0,0.0,0.0,-0.26041152304348314
0.0,0.0,0.0,-0.14992845757021123
0.0,0.0,0.0,-0.27961498467612395
0.0,0.0,0.0,-0.23284646342074264
0.0,0.0,0.0,-0.2888942845443421
0.0,0.0,0.0,-0.23683521971895174
0.0,0.0,0.0,-0.2065852701320598
0.0,0.0,0.0,-0.24479651897669666
0.0,0.0,0.0,-0.24801020348076047
0.0,0.0,0.0,-0.26003774959286086
0.0,0.0,0.0,-0.19557062407975195
0.0,0.0,0.0,-0.16673409135455564
0.0,0.0,0.0,-0.15667856530373137
0.0,0.0,0.0,-0.19714571976455444
0.0,0.0,0.0,-0.1497943822859915
0.0,0.0,0.0,-0.029859510399048994
0.0,0.0,0.0,0.023118793187645245
0.0,0.0,0.0,-0.053569279413311494
0.0,0.0,0.0,0.002448509487349218
0.0,0.0,0.0,0.11681072150356013
0.0,0.0,0.0,0.11920860590592088
0.0,0.0,0.0,0.13514490142396246
0.0,0.0,0.0,0.21184290592592497
0.0,0.0,0.0,0.1837894349527222
0.0,0.0,0.0,0.2739462508306765
0.0,0.0,0.0,0.33237754508597905
0.0,0.0,0.0,0.4026166313204621
0.0,0.0,0.0,0.3641078401607014
0.0,0.0,0.0,0.47038844965403304
0.22,0.0,0.0,0.5318016838189455
0.39,0.0,0.22,0.8108099104859221
0.9799999999999999,0.33906874,0.39,0.9418851103524339
1.79,0.87413394,0.9799999999999999,1.7086996214879182
3.54,1.6752572,1.79,2.4773212497014567
5.22,3.6022184,3.54,4.3351730105188
5.67,5.6480417,5.22,6.201515969470629
6.19,7.30572,5.67,6.829081650113428
7.39,8.000368,6.19,7.42345278258486
10.04,8.952292,7.39,8.575350873413406
11.86,10.250827,10.04,11.271174158378304
12.56,11.890912,11.86,13.14023684409281
12.98,13.366636,12.56,13.942868248912458
13.21,14.459637,12.98,14.415805825184147
13.47,14.696556,13.21,14.558001182791461
16.1,14.654996,13.47,14.779640239285731
15.540000000000001,15.478138,16.1,17.316393012169012
16.48,16.34339,15.540000000000001,16.69009440218748
16.57,17.207651,16.48,17.636901045111205
18.91,17.182972,16.57,17.66047963264387
17.44,17.836226,18.91,19.99451954517477
20.17,17.604832,17.44,18.576038213427623
19.94,18.464668,20.17,21.07809580757304
17.0,18.551706,19.94,20.882131421595012
16.95,17.03163,17.0,17.82626025441717
19.59,16.396383,16.95,17.69977431437067
16.68,16.509394,19.59,19.922980267760934
16.01,15.463493,16.68,17.14427298277734
17.27,14.870115,16.01,16.273718725090024
14.3,14.236892,17.27,17.33033466741467
14.11,12.702593,14.3,14.469059975217737
10.97,11.881913,14.11,14.224789736515682
10.3,9.534601,10.97,10.705488308445013
8.23,8.169029,10.3,10.05402500775741
7.839999999999999,6.344299,8.23,7.819124213551689
4.5,5.134124,7.839999999999999,7.207190052595314
4.11,3.2978034,4.5,3.977241262585045
2.89,2.2759018,4.11,3.5616190223409303
1.58,1.2300334,2.89,2.2114842305781113
0.59,0.18759032,1.58,0.9751695391012488
0.31,0.0,0.59,-0.06389551396966509
0.0,0.0,0.31,-0.336166037454525
0.0,0.0,0.0,-0.5793067267579209
0.0,0.0,0.0,-0.5638969708878356
0.0,0.0,0.0,-0.36633828586299094
0.0,0.0,0.0,-0.3710902135142888
0.0,0.0,0.0,-0.124775047209979
0.0,0.0,0.0,-0.14689687864159723
0.0,0.0,0.0,-0.12072007012820282
0.0,0.0,0.0,-0.07737762983706625
0.0,0.0,0.0,0.060948865214882075
0.0,0.0,0.0,0.09994365528664573
0.0,0.0,0.0,0.07423341331693697
0.0,0.0,0.0,0.1478659627312515
0.0,0.0,0.0,0.08240358336137975
0.0,0.0,0.0,0.18852899757551644
0.0,0.0,0.0,0.10535679837898851
0.0,0.0,0.0,0.10492340797552735
0.0,0.0,0.0,0.04458668287171834
0.0,0.0,0.0,0.11710053653447544
0.0,0.0,0.0,0.04491734326647182
0.0,0.0,0.0,0.053460267034748446
0.0,0.0,0.0,0.036222565069314594
0.0,0.0,0.0,0.021504626089940727
0.0,0.0,0.0,-0.0248168092182037
0.0,0.0,0.0,-0.014050221454044824
0.0,0.0,0.0,-0.1205438150648297
0.0,0.0,0.0,-0.1387071208729769
0.0,0.0,0.0,-0.159310902392161
0.0,0.0,0.0,-0.34293090131956555
0.0,0.0,0.0,-0.24465763050792705
0.0,0.0,0.0,-0.3295822595857253
0.0,0.0,0.0,-0.3932741591119235
0.0,0.0,0.0,-0.3084982547030257
0.0,0.0,0.0,-0.2972236777618835
0.0,0.0,0.0,-0.30196387822731624
0.0,0.0,0.0,-0.2530130038510237
0.0,0.0,0.0,-0.22022507968375057
0.0,0.0,0.0,-0.18089363674783837
0.0,0.0,0.0,-0.22605022693125443
0.0,0.0,0.0,-0.17167522211426922
0.0,0.0,0.0,-0.15906716218500033
0.0,0.0,0.0,-0.09071208571238241
0.0,0.0,0.0,-0.10511567317624405
0.0,0.0,0.0,-0.08675790293844889
0.0,0.0,0.0,-0.05157108498969158
0.0,0.0,0.0,0.08229176119989132
0.0,0.0,0.0,0.019983759949640384
0.0,0.0,0.0,0.07998885263243621
0.0,0.0,0.0,0.14833381657598782
0.0,0.0,0.0,0.11205082860653283
0.0,0.0,0.0,0.2594935891541044
0.0,0.0,0.0,0.19229273389120116
0.0,0.0,0.0,0.29630035765225027
0.0,0.0,0.0,0.4070391772057217
0.0,0.0,0.0,0.3693972638066919
0.18,0.0,0.0,0.4565657953807014
0.4,0.0,0.18,0.6953225713518465
0.99,0.0,0.4,0.9414799872612444
1.68,0.48781312,0.99,1.5832448207697245
2.78,1.253713,1.68,2.381311498284087
4.3,3.0213466,2.78,3.510998660398145
4.68,4.855826,4.3,5.188096248127187
6.06,6.215284,4.68,5.642803410332206
5.99,7.275375,6.06,7.084756548253686
7.609999999999999,8.1154375,5.99,6.991074936925935
8.31,8.775173,7.609999999999999,8.663139903473805
7.91,9.553541,8.31,9.425078790308781
9.83,9.687959,7.91,9.021533320158168
10.8,10.298898,9.83,10.948093265273403
12.28,11.118981,10.8,11.883489197226025
12.16,12.393798,12.28,13.546270690328036
15.27,13.18394,12.16,13.399956124251801
12.36,14.844812,15.27,16.421200275518824
16.2,14.110637,12.36,13.609580471334585
14.79,15.444059,16.2,17.205933108984937
13.73,15.253325,14.79,15.824941624723209
16.16,15.153247,13.73,14.807347510094855
14.79,15.214213,16.16,17.03520038088263
15.27,14.688519,14.79,15.593299494725974
15.740000000000002,14.356535,15.27,16.147776948060443
14.67,14.234911,15.740000000000002,16.281239864384666
15.66,13.566751,14.67,15.230031328480191
14.41,13.41998,15.66,16.166150598499517
14.22,12.9114065,14.41,14.868646759984623
12.11,12.038563,14.22,14.465390945568132
9.89,10.499339,12.11,12.391025999047375
8.84,8.995447,9.89,9.919904942153552
6.42,7.674222,8.84,8.778364188089718
6.09,5.620415,6.42,6.26659175752629
5.06,4.349715,6.09,5.780729305953525
4.14,3.2700117,5.06,4.8114733385763975
3.8599999999999994,2.0793378,4.14,3.8809246808858666
2.45,1.1874973,3.8599999999999994,3.603709924397851
1.29,0.26051667,2.45,2.1581229724999034
0.6,0.0,1.29,0.9869001192072946
0.24,0.0,0.6,0.25492842842910035
0.0,0.0,0.24,0.00723646943980194
0.0,0.0,0.0,-0.286843107945255
0.0,0.0,0.0,-0.12022356405846736
0.0,0.0,0.0,-0.04916892318269139
0.0,0.0,0.0,0.006718287735450433
0.0,0.0,0.0,0.059863537557549966
0.0,0.0,0.0,0.11380861055680452
0.0,0.0,0.0,0.07461168489637751
0.0,0.0,0.0,0.18591231970596733
0.0,0.0,0.0,0.0911041016183588
0.0,0.0,0.0,0.21530180121106868
0.0,0.0,0.0,0.22288418365235962
0.0,0.0,0.0,0.2680911948470972
0.0,0.0,0.0,0.2895510473251944
0.0,0.0,0.0,0.1441084624119366
0.0,0.0,0.0,0.1780113089327777
0.0,0.0,0.0,0.2246631652229923
0.0,0.0,0.0,0.18809331008328956
0.0,0.0,0.0,0.12943836204033216
0.0,0.0,0.0,0.15694899423467468
0.0,0.0,0.0,0.1649532787511172
0.0,0.0,0.0,0.0636004565125995
0.0,0.0,0.0,-0.005636638970314203
0.0,0.0,0.0,0.08627582141436656
0.0,0.0,0.0,0.06424587388075893
0.0,0.0,0.0,0.0566626530731033
0.0,0.0,0.0,-0.027059394320751787
0.0,0.0,0.0,-0.006763421075152466
0.0,0.0,0.0,-0.45538144072905595
0.0,0.0,0.0,-0.3545524374247924
0.0,0.0,0.0,-0.4374762070693473
0.0,0.0,0.0,-0.4127799293538069
0.0,0.0,0.0,-0.4227359023089251
0.0,0.0,0.0,-0.3516379510420604
0.0,0.0,0.0,-0.35629272984673105
0.0,0.0,0.0,-0.39408517975551915
0.0,0.0,0.0,-0.3893633692508829
0.0,0.0,0.0,-0.34511797375499487
0.0,0.0,0.0,-0.3064491528680082
0.0,0.0,0.0,-0.31403922972082116
0.0,0.0,0.0,-0.24227626573496386
0.0,0.0,0.0,-0.2476103175711121
0.0,0.0,0.0,-0.26780996051156924
0.0,0.0,0.0,-0.22869347876269264
0.0,0.0,0.0,-0.10514298168407474
0.0,0.0,0.0,-0.07757932633036341
0.0,0.0,0.0,-0.04669449902753947
0.0,0.0,0.0,-0.022042821841588046
0.0,0.0,0.0,-0.04458077103061897
0.0,0.0,0.0,-0.0018879194749593306
0.0,0.0,0.0,0.061685224283585804
0.0,0.0,0.0,0.14412976643915176
0.0,0.0,0.0,0.14620735852104083
0.0,0.0,0.0,0.24366383706993294
0.0,0.0,0.0,0.25144499498527867
0.04,0.0,0.0,0.3067383610474402
0.09,0.0,0.04,0.3761103878921378
0.21,0.0,0.09,0.45777973308877684
0.38,0.0,0.21,0.6865009860689689
0.65,0.0,0.38,0.8392152122027084
1.07,0.0,0.65,1.1528447328948845
1.48,0.0,1.07,1.6560708561006876
2.63,0.0,1.48,2.1494278758466603
2.54,0.45502958,2.63,3.3078590966095094
3.29,1.6054441,2.54,3.37134580493665
3.2,2.3631651,3.29,4.143328514753713
3.49,2.549027,3.2,4.085391013596807
3.6,2.3173249,3.49,4.338996557112694
3.23,2.7093823,3.6,4.413560390275372
3.58,2.7630038,3.23,4.057087792849946
3.38,2.7572062,3.58,4.424749053093314
3.88,2.6225915,3.38,4.224077395476412
3.43,3.364719,3.88,4.76765555287549
3.7,3.2407453,3.43,4.249489803084408
3.74,3.2228682,3.7,4.54030234283868
3.6,3.0880303,3.74,4.513912038257883
4.2,3.121001,3.6,4.418534055459072
4.27,3.3270836,4.2,4.9972818097294365
3.8599999999999994,3.3773086,4.27,5.096452725463
3.27,3.2104025,3.8599999999999994,4.733721520496744
3.96,2.9404144,3.27,4.014776348372143
3.58,2.8775837,3.96,4.644673395739768
3.2,2.8690739,3.58,4.258092195600323
3.64,2.6011956,3.2,3.8823288609052846
3.3,2.6375618,3.64,4.240522433764464
3.15,2.3824363,3.3,3.9540256170857653
3.29,2.1544197,3.15,3.8699277023855547
3.67,2.0531697,3.29,3.833407205727743
3.61,2.0848172,3.67,4.290783923971707
2.68,2.1674476,3.61,4.224613153319001
2.54,1.9755195,2.68,3.2357935384925147
1.78,1.8492105,2.54,3.0960765057226043
1.13,1.2411369,1.78,2.2694984382357686
0.66,0.6275854,1.13,1.5319225550608646
0.25,0.13938186,0.66,1.026513746485058
0.11,0.0,0.25,0.5274042885383207
0.0,0.0,0.11,0.34320118926655496
0.0,0.0,0.0,0.21903198691776746
0.0,0.0,0.0,0.22350220494889603
0.0,0.0,0.0,0.27251675023762295
0.0,0.0,0.0,0.19974924857499243
0.0,0.0,0.0,0.2511132424665607
0.0,0.0,0.0,0.25485397399179177
0.0,0.0,0.0,0.10068522961596313
0.0,0.0,0.0,0.08578207111483126
0.0,0.0,0.0,0.11376116167309179
0.0,0.0,0.0,0.11314258341664554
0.0,0.0,0.0,0.10792987709243157
0.0,0.0,0.0,0.0018152429946900403
0.0,0.0,0.0,0.03648625747519327
0.0,0.0,0.0,-0.013096206198460886
0.0,0.0,0.0,-0.03352599404731885
0.0,0.0,0.0,0.020502159684829754
0.0,0.0,0.0,-0.02962215859241335
0.0,0.0,0.0,-0.09711350710099348
0.0,0.0,0.0,-0.1471592460397838
0.0,0.0,0.0,-0.04714501477296899
0.0,0.0,0.0,-0.15717008865068452
0.0,0.0,0.0,-0.12602302333130672
0.0,0.0,0.0,-0.14111820959119442
0.0,0.0,0.0,-0.16907273375258985
0.0,0.0,0.0,-0.19441601954790028
0.0,0.0,0.0,-0.28730181196973315
0.0,0.0,0.0,-0.22077736905012857
0.0,0.0,0.0,-0.09143878861086419
0.0,0.0,0.0,-0.03950021812651437
0.0,0.0,0.0,-0.14472996526126644
0.0,0.0,0.0,-0.08290237922544436
0.0,0.0,0.0,-0.09730926057314626
0.0,0.0,0.0,-0.10505356658491574
0.0,0.0,0.0,-0.10662420406771483
0.0,0.0,0.0,-0.1190812960105403
0.0,0.0,0.0,-0.029733757617701334
0.0,0.0,0.0,-0.029731924543146895
0.0,0.0,0.0,-0.044934479187366885
0.0,0.0,0.0,0.02184432684085382
0.0,0.0,0.0,0.05701097487474313
0.0,0.0,0.0,0.1252034472549075
0.0,0.0,0.0,0.1888681462085036
0.0,0.0,0.0,0.18246505600469629
0.0,0.0,0.0,0.1957275247292921
0.0,0.0,0.0,0.23144645639014955
0.0,0.0,0.0,0.30055658278850245
0.0,0.0,0.0,0.23755361755428903
0.0,0.0,0.0,0.3162064593061733
0.0,0.0,0.0,0.4729672756223935
0.0,0.0,0.0,0.44777286609202327
0.0,0.0,0.0,0.5134223812000305
0.0,0.0,0.0,0.5490377908455474
0.0,0.0,0.0,0.6018926066833916
0.0,0.0,0.0,0.6015699092402756
0.12,0.0,0.0,0.6168932754584671
0.27,0.0,0.12,0.8772918260335236
0.64,0.0,0.27,1.0540084750924268
1.31,0.24564204,0.64,1.4117245216531367
2.38,0.92615783,1.31,2.1061935442713566
3.51,2.4567769,2.38,3.3204317499909553
5.55,4.007176,3.51,4.522048556063374
5.44,5.7552695,5.55,6.74015698681069
6.08,6.721061,5.44,6.765515053235532
8.32,7.675997,6.08,7.438204895228061
9.52,8.639737,8.32,9.676725395785784
10.63,9.736547,9.52,10.89753436417042
9.55,10.769826,10.63,12.109114252854988
11.37,11.319045,9.55,11.042308030381975
12.02,11.919027,11.37,12.85295084397488
12.67,12.3841095,12.02,13.476940286441746
15.199999999999998,13.056297,12.67,14.087818189374346
17.81,14.9047,15.199999999999998,16.56306509450044
18.35,16.473509,17.81,19.156857485000028
20.6,17.764221,18.35,19.95314601926776
17.74,18.85587,20.6,22.12843564206218
20.98,18.1165,17.74,19.152224916441288
19.06,19.191425,20.98,22.332208870620978
20.85,18.337025,19.06,20.236456695861897
20.83,18.808552,20.85,21.8668790029836
18.68,18.440968,20.83,21.72308528587488
17.87,17.767597,18.68,19.517265370840278
15.66,16.563545,17.87,18.671483622538005
16.86,14.875406,15.66,16.101940081997764
15.63,13.954954,16.86,17.102629196971787
16.04,13.186662,15.63,15.75811640138662
11.82,12.374573,16.04,16.030625101980217
10.33,10.184403,11.82,11.817522211032793
8.25,8.075178,10.33,10.22122421683793
8.78,6.256731,8.25,7.950206679440452
6.71,5.192585,8.78,8.257358356005186
3.7899999999999996,3.8023477,6.71,6.2094342960072595
3.7700000000000005,1.8017929,3.7899999999999996,3.1989316145450686
1.87,0.996845,3.7700000000000005,3.246592497464583
0.68,0.0,1.87,1.259093199570912
0.31,0.0,0.68,0.18672937704613812
0.0,0.0,0.31,-0.31519374221239266
0.0,0.0,0.0,-0.5959349283302617
0.0,0.0,0.0,-0.511125021761806
0.0,0.0,0.0,-0.40620410266414286
0.0,0.0,0.0,-0.26662825807779067
0.0,0.0,0.0,-0.15067948338890594
0.0,0.0,0.0,-0.10658983566774555
0.0,0.0,0.0,-0.07358191990784371
0.0,0.0,0.0,0.004232029733705761
0.0,0.0,0.0,0.002634381004590139
0.0,0.0,0.0,0.16885944866559105
0.0,0.0,0.0,0.1319457449013085
0.0,0.0,0.0,0.13046223081659003
0.0,0.0,0.0,0.18318046832943585
0.0,0.0,0.0,0.21112792473892122
0.0,0.0,0.0,0.17504228824792267
0.0,0.0,0.0,0.1798169611566266
0.0,0.0,0.0,0.10433116660233693
0.0,0.0,0.0,0.16981915855057073
0.0,0.0,0.0,0.030336866028333326
0.0,0.0,0.0,0.062264599588263345
0.0,0.0,0.0,0.07193215507322132
0.0,0.0,0.0,0.03102227715297931
0.0,0.0,0.0,-0.005343845771535426
0.0,0.0,0.0,-0.008192624479942921
0.0,0.0,0.0,-0.08074926166037687
0.0,0.0,0.0,-0.05772466107130274
0.0,0.0,0.0,-0.09964608895507064
0.0,0.0,0.0,-0.5252456490084894
0.0,0.0,0.0,-0.43733178269451
0.0,0.0,0.0,-0.5560997062110317
0.0,0.0,0.0,-0.4680442527666672
0.0,0.0,0.0,-0.531906194841967
0.0,0.0,0.0,-0.49187404802234386
0.0,0.0,0.0,-0.4625719871108303
0.0,0.0,0.0,-0.44880126285060434
0.0,0.0,0.0,-0.3920645836359322
0.0,0.0,0.0,-0.37656804097641994
0.0,0.0,0.0,-0.3881491383494423
0.0,0.0,0.0,-0.43106201450013865
0.0,0.0,0.0,-0.3357616238965277
0.0,0.0,0.0,-0.3955045557947179
0.0,0.0,0.0,-0.28772148339447384
0.0,0.0,0.0,-0.2679960338269494
0.0,0.0,0.0,-0.2647696532880661
0.0,0.0,0.0,-0.11755143637392863
0.0,0.0,0.0,-0.13581914623859534
0.0,0.0,0.0,-0.09811978130379234
0.0,0.0,0.0,-0.06534230317396694
0.0,0.0,0.0,0.024709053643065006
0.0,0.0,0.0,0.04944600295494615
0.0,0.0,0.0,0.11619125522715539
0.0,0.0,0.0,0.1905850868348349
0.0,0.0,0.0,0.18398795852000432
0.0,0.0,0.0,0.24247745869003634
0.05,0.0,0.0,0.2887197910264886
0.11,0.0,0.05,0.3818188268708621
0.26,0.0,0.11,0.50559835420901
0.5,0.0,0.26,0.6355888846944066
0.58,0.0,0.5,0.9067153607281182
1.24,0.0,0.58,1.0730790489611328
1.53,0.0,1.24,1.8608479221829515
2.18,0.0,1.53,2.2142864882413282
2.83,0.56220376,2.18,2.932359428646846
3.61,1.5985585,2.83,3.6003308577854782
3.19,2.2700014,3.61,4.368799325459466
3.26,2.622869,3.19,4.035338030715837
3.65,2.4734685,3.26,4.1630889220316085
3.2,2.5909228,3.65,4.486145258744955
3.48,2.398267,3.2,4.07579656265905
4.84,2.1953592,3.48,4.321267696684274
5.25,2.8835256,4.84,5.658408294359051
5.68,4.034439,5.25,6.1677273110811335
4.95,4.916999,5.68,6.652327277892848
5.92,4.6818047,4.95,5.866737254827468
5.77,5.057031,5.92,6.833717492711719
6.07,5.2260504,5.77,6.58505342778375
6.36,5.512763,6.07,6.903719683098942
7.599999999999999,5.5324473,6.36,7.2440026748717505
8.47,5.936802,7.599999999999999,8.402526673902837
7.43,6.8795156,8.47,9.297906858656814
7.800000000000001,6.9198976,7.43,8.249455893138723
5.64,7.031724,7.800000000000001,8.622012107586164
5.56,5.9303484,5.64,6.276187515627098
5.66,5.3049355,5.56,6.14888219898048
5.24,4.7733245,5.66,6.1099981306885205
4.44,4.2855844,5.24,5.562284108704336
4.66,3.829287,4.44,4.77651680150578
4.27,3.4778512,4.66,4.960548560489077
3.66,3.0182014,4.27,4.530856838541456
3.02,2.5626235,3.66,3.900681933446448
3.04,2.1771877,3.02,3.2377257175952243
1.72,1.5543464,3.04,3.229708227454851
1.05,0.64699507,1.72,1.8410395338668657
0.35,0.12845051,1.05,1.0389990207388133
0.21,0.0,0.35,0.38616470825851873
0.0,0.0,0.21,0.23216617064094627
0.0,0.0,0.0,-0.027381334678165045
0.0,0.0,0.0,-0.045540222931065646
0.0,0.0,0.0,0.030118671243535185
0.0,0.0,0.0,0.012740927191476417
0.0,0.0,0.0,-0.020935491818461216
0.0,0.0,0.0,-0.04787017111908834
0.0,0.0,0.0,-0.03989872633546755
0.0,0.0,0.0,-0.008600709966852527
0.0,0.0,0.0,-0.07091873228597098
0.0,0.0,0.0,-0.007986918960822369
0.0,0.0,0.0,-0.007068214384927073
0.0,0.0,0.0,-0.02483744807751362
0.0,0.0,0.0,-0.11398497895985196
0.0,0.0,0.0,-0.042861350370193216
0.0,0.0,0.0,-0.14094635005530348
0.0,0.0,0.0,-0.09940650008710777
0.0,0.0,0.0,-0.11936134517662067
0.0,0.0,0.0,-0.12252890549667397
0.0,0.0,0.0,-0.19541343817822193
0.0,0.0,0.0,-0.1586008949070069
0.0,0.0,0.0,-0.17856867695659528
0.0,0.0,0.0,-0.3299019031707402
0.0,0.0,0.0,-0.2142866480436093
0.0,0.0,0.0,-0.28537428014669075
0.0,0.0,0.0,-0.30049774114088923
0.0,0.0,0.0,-0.3212536663205663
0.0,0.0,0.0,-0.3697961103981069
0.0,0.0,0.0,-0.6210495546913574
0.0,0.0,0.0,-0.5242196254252856
0.0,0.0,0.0,-0.5474127798213126
0.0,0.0,0.0,-0.5939023066767868
0.0,0.0,0.0,-0.5216307272312907
0.0,0.0,0.0,-0.528381769051795
0.0,0.0,0.0,-0.5813005850933848
0.0,0.0,0.0,-0.5321524772485462
0.0,0.0,0.0,-0.5187792580960175
0.0,0.0,0.0,-0.5344934642127882
0.0,0.0,0.0,-0.515863899774476
0.0,0.0,0.0,-0.41153322627387046
0.0,0.0,0.0,-0.42399007809527794
0.0,0.0,0.0,-0.3652334604173088
0.0,0.0,0.0,-0.33885035500889726
0.0,0.0,0.0,-0.31862222543265273
0.0,0.0,0.0,-0.21795576006935505
0.0,0.0,0.0,-0.2117585596527214
0.0,0.0,0.0,-0.14582952498506024
0.0,0.0,0.0,-0.18773919314640938
0.0,0.0,0.0,-0.17115079534861638
0.0,0.0,0.0,-0.057939208362250694
0.0,0.0,0.0,0.004389513116448765
0.0,0.0,0.0,0.007934869912648301
0.0,0.0,0.0,0.07137090663992718
0.0,0.0,0.0,0.09646085610297894
0.0,0.0,0.0,0.1339638385240521
0.03,0.0,0.0,0.2910785982893273
0.06,0.0,0.03,0.32466204074843247
0.12,0.0,0.06,0.31205945550306086
0.29,0.0,0.12,0.5214392242350998
0.34,0.0,0.29,0.7195990735272605
0.39,0.0,0.34,0.7553959663087736
0.82,0.0,0.39,0.9546530785886898
1.55,0.0,0.82,1.3384413463137566
1.46,0.0,1.55,2.130494321331304
1.8900000000000001,0.0,1.46,2.0580197575767234
1.66,0.31329966,1.8900000000000001,2.5676655896152374
1.77,0.044053912,1.66,2.310553062620463
1.98,0.0,1.77,2.4487859872918274
2.29,0.22357439,1.98,2.6789056281673345
2.03,0.5340028,2.29,3.055175839083089
2.27,0.3431875,2.03,2.8334938519656427
2.12,0.45296362,2.27,3.093000936542398
2.15,0.6240546,2.12,2.9752928462152846
2.57,0.7376517,2.15,2.8897908639793743
2.42,0.77749306,2.57,3.3130051129571365
2.52,0.9157866,2.42,3.202224199431644
2.28,1.1427035,2.52,3.298103887375029
2.66,1.2846503,2.28,3.080671545467778
2.22,1.1254625,2.66,3.452125854659562
2.07,1.0713907,2.22,2.888012539481962
2.14,0.78284895,2.07,2.8179113934631235
2.33,0.7207766,2.14,2.893052525882581
1.9500000000000002,0.6943276,2.33,3.0164113864041355
1.7,0.6616726,1.9500000000000002,2.644586037458546
1.58,0.43879506,1.7,2.3591000658133336
1.6,0.31514278,1.58,2.2127729143711283
0.97,0.21869612,1.6,2.179937235041316
0.83,0.0,0.97,1.6337215418446442
0.78,0.03323075,0.83,1.2799569043982992
0.6,0.0,0.78,1.2768821692185706
0.48999999999999994,0.0,0.6,1.0769716444167403
0.38,0.0,0.48999999999999994,0.9425030843755744
0.39,0.0,0.38,0.8185519521023261
0.17,0.0,0.39,0.7253217794801629
0.07,0.0,0.17,0.5843868412976981
0.04,0.0,0.07,0.44511291655490914
0.0,0.0,0.04,0.3204980760546916
0.0,0.0,0.0,0.3254793306009719
0.0,0.0,0.0,0.21506393454176845
0.0,0.0,0.0,0.3347901979727098
0.0,0.0,0.0,0.17471074431421332
0.0,0.0,0.0,0.171424158995391
0.0,0.0,0.0,0.1537551079053942
0.0,0.0,0.0,0.07775808674376959
0.0,0.0,0.0,0.18837189288580558
0.0,0.0,0.0,0.06983457298559537
0.0,0.0,0.0,0.12277873276094281
0.0,0.0,0.0,0.057471360050537074
0.0,0.0,0.0,-0.020660226975373203
0.0,0.0,0.0,-0.020853513048010655
0.0,0.0,0.0,-0.10272303398980491
0.0,0.0,0.0,-0.10345725104506702
0.0,0.0,0.0,-0.10045911829662094
0.0,0.0,0.0,-0.16181006536008458
0.0,0.0,0.0,-0.24354115681951435
0.0,0.0,0.0,-0.2432336028740118
0.0,0.0,0.0,-0.2710991094056475
0.0,0.0,0.0,-0.30930449115674774
0.0,0.0,0.0,-0.24218849399677506
0.0,0.0,0.0,-0.314741252770092
0.0,0.0,0.0,-0.36146362464229526
0.0,0.0,0.0,-0.41195788134914135
0.0,0.0,0.0,-0.4529852018870213
0.0,0.0,0.0,-0.3841260100111474
0.0,0.0,0.0,-0.5137111301861401
0.0,0.0,0.0,-0.39432409844642147
0.0,0.0,0.0,-0.5283102397939142
0.0,0.0,0.0,-0.5455370758623991
0.0,0.0,0.0,-0.45941655748624494
0.0,0.0,0.0,-0.46447478419169286
0.0,0.0,0.0,-0.5081065903252997
0.0,0.0,0.0,-0.4309864986858446
0.0,0.0,0.0,-0.4136902868244148
0.0,0.0,0.0,-0.3586320084095569
0.0,0.0,0.0,-0.34594163821824264
0.0,0.0,0.0,-0.29060068350448914
0.0,0.0,0.0,-0.24864497348380865
0.0,0.0,0.0,-0.20502527380189955
0.0,0.0,0.0,-0.24446071057491908
0.0,0.0,0.0,-0.2357860895686155
0.0,0.0,0.0,-0.17855041116034415
0.0,0.0,0.0,-0.1544638853526728
0.0,0.0,0.0,-0.11496569942965412
0.0,0.0,0.0,-0.14512398377586874
0.0,0.0,0.0,0.008465334572497415
0.0,0.0,0.0,-0.028347091009297762
0.0,0.0,0.0,0.05367909857354726
0.0,0.0,0.0,0.10940333127591584
0.0,0.0,0.0,0.1516153637507689
0.0,0.0,0.0,0.22145911145427155
0.0,0.0,0.0,0.2957833184858732
0.04,0.0,0.0,0.24082417863449168
0.08,0.0,0.04,0.39997246771559003
0.19,0.0,0.08,0.5233509531115108
0.34,0.0,0.19,0.6760548548753188
0.43,0.0,0.34,0.8009747979046686
1.25,0.0,0.43,0.963351155816571
1.54,0.0,1.25,1.8043038903299022
2.74,0.36424887,1.54,2.0957625364466392
3.24,1.087699,2.74,3.3111143497111932
3.28,2.919593,3.24,3.8624926419489043
3.31,3.2159395,3.28,4.0911531211134475
3.06,3.3022182,3.31,4.051416381025246
3.55,2.2562644,3.06,3.7432365802664362
3.05,2.8900564,3.55,4.158218531608341
3.7,3.0605905,3.05,3.630362263692575
3.54,3.3526714,3.7,4.267946762298081
3.58,3.3338866,3.54,4.096424241441948
3.99,3.7885,3.58,4.142585832179221
4.11,3.594445,3.99,4.510984454521799
4.02,3.7295322,4.11,4.673303535969797
4.07,3.701311,4.02,4.555690357592535
4.57,3.6222692,4.07,4.4939490429350455
4.56,3.9036682,4.57,5.081754843373945
4.32,3.8366702,4.56,5.030599768160911
4.57,3.8105428,4.32,4.735183112524698
4.18,3.365255,4.57,4.991507017548812
4.37,3.1608305,4.18,4.578488117855883
3.93,3.110227,4.37,4.779610512163926
4.08,2.2965086,3.93,4.348141909924502
4.06,2.256152,4.08,4.452551436145004
3.43,2.169223,4.06,4.4238183454113695
3.53,1.5163844,3.43,3.7800266465151227
3.48,1.8160474,3.53,3.8726285253812542
2.27,1.7854366,3.48,3.858674291456319
2.34,1.1660365,2.27,2.5966925522972337
1.82,1.1632307,2.34,2.6277421737874125
1.32,0.7709261,1.82,2.107457179132051
0.77,0.53300613,1.32,1.5575859785410942
0.32,0.18120979,0.77,1.027294186829677
0.15,0.0,0.32,0.5340964196997305
0.07,0.0,0.15,0.394024518049536
0.0,0.0,0.07,0.36656612191895727
0.0,0.0,0.0,0.33656490203788825
0.0,0.0,0.0,0.21800281742442318
0.0,0.0,0.0,0.2652544439507372
0.0,0.0,0.0,0.26830973703795047
0.0,0.0,0.0,0.17046754846592793
0.0,0.0,0.0,0.1408473253892709
0.0,0.0,0.0,0.10802435035475878
0.0,0.0,0.0,0.20249695060697315
0.0,0.0,0.0,0.06597375009531656
0.0,0.0,0.0,0.16621804752252195
0.0,0.0,0.0,0.002224301007133292
0.0,0.0,0.0,0.010173087133258166
0.0,0.0,0.0,0.037703483674935596
0.0,0.0,0.0,-0.017656206880613118
0.0,0.0,0.0,-0.09412224202956405
0.0,0.0,0.0,-0.10763101926102608
0.0,0.0,0.0,-0.13632657915625956
0.0,0.0,0.0,-0.10876945795538058
0.0,0.0,0.0,-0.1948349221019037
0.0,0.0,0.0,-0.17297004488854234
0.0,0.0,0.0,-0.2072361326585056
0.0,0.0,0.0,-0.33017726549551285
0.0,0.0,0.0,-0.2224452501249527
0.0,0.0,0.0,-0.22672298893641085
0.0,0.0,0.0,-0.34425860516542417
0.0,0.0,0.0,-0.2930196343425514
0.0,0.0,0.0,-0.38088075311253233
0.0,0.0,0.0,-0.5755555171137984
0.0,0.0,0.0,-0.4590332835114965
0.0,0.0,0.0,-0.542522705496046
0.0,0.0,0.0,-0.5836919218314646
0.0,0.0,0.0,-0.4991146861804786
0.0,0.0,0.0,-0.6028323186999576
0.0,0.0,0.0,-0.43057030973623356
0.0,0.0,0.0,-0.5650162176407437
0.0,0.0,0.0,-0.4754521127657275
0.0,0.0,0.0,-0.45028935358973776
0.0,0.0,0.0,-0.37815991493558143
0.0,0.0,0.0,-0.47065718268915213
0.0,0.0,0.0,-0.3430670779276421
0.0,0.0,0.0,-0.3425931313925282
0.0,0.0,0.0,-0.3623509543392771
0.0,0.0,0.0,-0.2774044732313547
0.0,0.0,0.0,-0.2182486170892088
0.0,0.0,0.0,-0.2567105800022134
0.0,0.0,0.0,-0.1274745926197327
0.0,0.0,0.0,-0.16093704946962217
0.0,0.0,0.0,-0.06006109242102542
0.0,0.0,0.0,0.03709169806164647
0.0,0.0,0.0,0.05839160539025275
0.0,0.0,0.0,0.052637069219462
0.0,0.0,0.0,0.03575201584012349
0.0,0.0,0.0,0.13286734937436817
0.0,0.0,0.0,0.24067506608000133
0.03,0.0,0.0,0.2245111050033408
0.06,0.0,0.03,0.33256011386573764
0.17,0.0,0.06,0.3701530459665017
0.31,0.0,0.17,0.523715946821348
0.34,0.0,0.31,0.7228976235299674
0.47,0.0,0.34,0.7476053253507224
0.71,0.0,0.47,0.9524379384106008
1.14,0.1744153,0.71,1.2179036892878485
1.59,0.49083108,1.14,1.6713722012181598
1.65,1.3416114,1.59,2.1575395000085513
1.88,1.4772938,1.65,2.1962380018604155
2.39,1.7661736,1.88,2.4162716231632846
2.49,1.7473733,2.39,3.020803767097281
2.64,1.6697683,2.49,3.147818629550164
2.76,2.0826693,2.64,3.273209323764582
2.93,1.8779019,2.76,3.4116599426505543
3.24,1.852087,2.93,3.6560370345377735
3.47,2.231368,3.24,4.015339658532449
3.7,2.4683533,3.47,4.310311048274408
3.63,2.8046138,3.7,4.444087226864128
3.1,2.8233454,3.63,4.484054527180766
3.21,3.0104337,3.1,3.8495798293665646
4.0,2.982478,3.21,3.958107864209939
3.76,2.6507826,4.0,4.738571741651693
4.1,2.8488023,3.76,4.446079357857201
3.67,3.4653385,4.1,4.833065087878246
3.37,3.3879263,3.67,4.370068721427119
3.1,2.9771664,3.37,4.064439920050785
3.61,2.633889,3.1,3.719819016453717
2.85,2.5830128,3.61,4.154547745760967
2.56,2.3057926,2.85,3.431430279347257
2.55,1.9999328,2.56,3.0799554708903045
2.14,1.659082,2.55,3.0502792574259256
1.71,1.4386337,2.14,2.6072535446455354
1.43,1.1783342,1.71,2.2762988270349376
0.79,1.0063342,1.43,1.8281952780201869
0.75,0.8048165,0.79,1.1864902144605505
0.42,0.4649837,0.75,1.098575530298482
0.22,0.4235865,0.42,0.6615302187862071
0.09,0.23098466,0.22,0.5635418262929408
0.05,0.08401592,0.09,0.35472166304520536
0.0,0.0,0.05,0.3686626705543586
0.0,0.0,0.0,0.30318359869197986
0.0,0.0,0.0,0.28632489167428565
0.0,0.0,0.0,0.19039426847080188
0.0,0.0,0.0,0.17053289075368985
0.0,0.0,0.0,0.1347952083740942
0.0,0.0,0.0,0.1524413876960818
0.0,0.0,0.0,0.18681506005460616
0.0,0.0,0.0,0.19870568256814766
0.0,0.0,0.0,0.15058583260194686
0.0,0.0,0.0,0.05703788960694088
0.0,0.0,0.0,0.06123215333030743
0.0,0.0,0.0,0.020885046528231616
0.0,0.0,0.0,-0.01971233697539293
0.0,0.0,0.0,-0.13201461830653113
0.0,0.0,0.0,-0.09827109303847878
0.0,0.0,0.0,-0.06593744788814561
0.0,0.0,0.0,-0.1554662529910112
0.0,0.0,0.0,-0.12530804918548716
0.0,0.0,0.0,-0.2024394419220646
0.0,0.0,0.0,-0.19213021779761136
0.0,0.0,0.0,-0.3210986628441176
0.0,0.0,0.0,-0.30269819143145055
0.0,0.0,0.0,-0.40235129241227185
0.0,0.0,0.0,-0.253994385248599
0.0,0.0,0.0,-0.3966147542299256
0.0,0.0,0.0,-0.3844269534729616
0.0,0.0,0.0,-0.3994599676136922
0.0,0.0,0.0,-0.49882896522008635
0.0,0.0,0.0,-0.5557737980972595
0.0,0.0,0.0,-0.5380346419525697
0.0,0.0,0.0,-0.4633289099397766
0.0,0.0,0.0,-0.532010924034598
0.0,0.0,0.0,-0.42633484496080054
0.0,0.0,0.0,-0.4949826954778873
0.0,0.0,0.0,-0.46096986920057703
0.0,0.0,0.0,-0.4395770378160011
0.0,0.0,0.0,-0.35645809659303723
0.0,0.0,0.0,-0.35824157919388977
0.0,0.0,0.0,-0.2949864394564386
0.0,0.0,0.0,-0.37016839593478007
0.0,0.0,0.0,-0.3066914173216416
0.0,0.0,0.0,-0.2991731258563308
0.0,0.0,0.0,-0.30354299378359173
0.0,0.0,0.0,-0.2566487983033501
0.0,0.0,0.0,-0.16028711552700914
0.0,0.0,0.0,-0.10030741053668815
0.0,0.0,0.0,-0.11704842849980204
0.0,0.0,0.0,-0.021076318800175263
0.0,0.0,0.0,-0.01598202293870095
0.0,0.0,0.0,0.10705815891831794
0.0,0.0,0.0,0.060891263006484474
0.0,0.0,0.0,0.0977969954364468
0.0,0.0,0.0,0.09046968214797967
0.0,0.0,0.0,0.20404187122605513
0.05,0.0,0.0,0.2961913875826387
0.11,0.0,0.05,0.3185675742353208
0.24,0.0,0.11,0.372678007573043
0.52,0.0,0.24,0.6564835055977765
0.53,0.0,0.52,0.9118937096847953
0.66,0.0,0.53,0.9126535112179143
0.92,0.3226943,0.66,1.1185721880564738
1.44,0.68196416,0.92,1.3675815484612135
2.22,1.4527212,1.44,1.8567451045760064
1.9500000000000002,2.6155128,2.22,2.755420542827054
1.91,2.88592,1.9500000000000002,2.3895409227224147
2.61,2.879855,1.91,2.442619004319323
2.55,1.9930813,2.61,3.1149254235990496
2.4,2.3887172,2.55,3.1286389696845975
2.92,1.8749447,2.4,3.080523442665349
3.37,1.6846464,2.92,3.5804868142432196
3.51,2.6270075,3.37,3.814004658092788
3.37,2.9855735,3.51,4.092223331048961
3.69,3.325086,3.37,3.8882975283319716
3.71,3.6206133,3.69,4.1637759785033195
3.8300000000000005,3.3609514,3.71,4.144454996706781
4.05,3.6327012,3.8300000000000005,4.312375701141309
3.88,3.4929016,4.05,4.508843434317874
3.8300000000000005,3.0091763,3.88,4.454575896904135
3.66,2.6904862,3.8300000000000005,4.298649040609475
3.33,2.7335486,3.66,4.078056868434219
3.17,2.3831956,3.33,3.7903196864688575
3.14,2.7045724,3.17,3.4475946118969834
3.9000000000000004,2.344264,3.14,3.47989363333971
2.93,2.515894,3.9000000000000004,4.26932072489796
2.56,2.1701617,2.93,3.30335312558782
2.77,1.49411,2.56,2.9860667075983245
2.34,1.2890158,2.77,3.102886665761544
2.48,1.2684387,2.34,2.780120491653906
2.32,1.288257,2.48,2.898192168102778
1.8,1.1846019,2.32,2.7097846392703957
1.47,1.181923,1.8,2.235841845303388
0.87,0.71960515,1.47,1.8765424427804975
0.43,0.05169843,0.87,1.270876186432961
0.18,0.0,0.43,0.8419005505820107
0.1,0.0,0.18,0.5419556411662707
0.0,0.0,0.1,0.41227483466697534
0.0,0.0,0.0,0.3286078961008956
0.0,0.0,0.0,0.32259102856053257
0.0,0.0,0.0,0.26473677094834064
0.0,0.0,0.0,0.2548996206309465
0.0,0.0,0.0,0.26389237572432733
0.0,0.0,0.0,0.18307657990814807
0.0,0.0,0.0,0.13510562776078294
0.0,0.0,0.0,0.17614640439308824
0.0,0.0,0.0,0.14926385719980617
0.0,0.0,0.0,0.04516487681389347
0.0,0.0,0.0,0.1265145234470954
0.0,0.0,0.0,0.0918026808338139
0.0,0.0,0.0,-0.030259768836675208
0.0,0.0,0.0,-0.05683246831746057
0.0,0.0,0.0,-0.09511299826065925
0.0,0.0,0.0,-0.136511454204351
0.0,0.0,0.0,-0.08403520710823453
0.0,0.0,0.0,-0.18180763363648614
0.0,0.0,0.0,-0.2011290377642308
0.0,0.0,0.0,-0.11731488561430088
0.0,0.0,0.0,-0.22494156002110516
0.0,0.0,0.0,-0.2912946342420165
0.0,0.0,0.0,-0.2692859475256213
0.0,0.0,0.0,-0.2801521828595876
0.0,0.0,0.0,-0.2426590591049615
0.0,0.0,0.0,-0.3951460180626507
0.0,0.0,0.0,-0.32574473117547886
0.0,0.0,0.0,-0.5238495975558383
0.0,0.0,0.0,-0.5446286629391107
0.0,0.0,0.0,-0.5665169696626539
0.0,0.0,0.0,-0.5068215640025976
0.0,0.0,0.0,-0.557919282389314
0.0,0.0,0.0,-0.4533247296285722
0.0,0.0,0.0,-0.45223036560233804
0.0,0.0,0.0,-0.5236465643270155
0.0,0.0,0.0,-0.5003798110622883
0.0,0.0,0.0,-0.3753998018135399
0.0,0.0,0.0,-0.3282486701170948
0.0,0.0,0.0,-0.4087409314747704
0.0,0.0,0.0,-0.28205996078284656
0.0,0.0,0.0,-0.27223146196465275
0.0,0.0,0.0,-0.25959572714485213
0.0,0.0,0.0,-0.21079096835292896
0.0,0.0,0.0,-0.15642520705679105
0.0,0.0,0.0,-0.24656478060358422
0.0,0.0,0.0,-0.19590440735001977
0.0,0.0,0.0,-0.09492800494253446
0.0,0.0,0.0,-0.022881905189909013
0.0,0.0,0.0,-0.06752347213680301
0.0,0.0,0.0,0.06841707410726805
0.0,0.0,0.0,0.10891160720998394
0.0,0.0,0.0,0.09125230172410168
0.0,0.0,0.0,0.21596929137051316
0.0,0.0,0.0,0.17914046580537973
0.04,0.0,0.0,0.2561504462489465
0.07,0.0,0.04,0.34602961629245
0.2,0.0,0.07,0.46330179977960606
0.38,0.0,0.2,0.6062569991440367
0.45,0.0,0.38,0.8539214808383959
0.76,0.0,0.45,1.0189582977191638
1.0,0.0,0.76,1.2257932861014207
1.31,0.0,1.0,1.5070129454401022
1.52,0.0,1.31,1.8776526465902958
1.8999999999999997,0.10362063,1.52,2.1697868223255488
1.84,0.46968764,1.8999999999999997,2.5522402829048647
1.98,0.5059366,1.84,2.6397098068657945
1.76,0.6097564,1.98,2.7367068939245325
1.78,0.5691013,1.76,2.5173921826852887
2.18,0.55974305,1.78,2.518625591103422
1.8900000000000001,0.7268183,2.18,2.945361540652568
1.92,0.52453864,1.8900000000000001,2.691239486756336
1.9500000000000002,0.91679204,1.92,2.694036491020719
2.17,0.64521253,1.9500000000000002,2.789447744931654
2.51,0.7070799,2.17,2.9934392997382506
2.24,1.0622524,2.51,3.2782168689927342
2.53,1.3235546,2.24,3.0524628008702837
2.13,1.2754027,2.53,3.3315410582254597
2.09,1.2131593,2.13,2.9627239937427556
2.44,0.8455402,2.09,2.8388665060378133
2.27,1.0289595,2.44,3.186171899970009
1.98,1.4164978,2.27,2.9838703109412306
2.05,1.2031178,1.98,2.7206735523250454
1.79,1.0341785,2.05,2.7060024558316247
2.0,0.90444934,1.79,2.469129331618088
1.86,0.9014326,2.0,2.6396047475805187
1.52,0.9914151,1.86,2.4782811749747142
1.39,0.6607903,1.52,2.153255685965908
1.16,0.5738499,1.39,2.010089403233356
1.21,0.4359012,1.16,1.7834513991587162
0.82,0.31723377,1.21,1.869584859102145
0.69,0.16356286,0.82,1.4647792855812884
0.63,0.014149072,0.69,1.2882035922981454
0.28,0.091041744,0.63,1.0641098171219254
0.11,0.05817552,0.28,0.6854111538479807
0.06,0.0,0.11,0.4981738799355892
0.0,0.0,0.06,0.4744505687553741
0.0,0.0,0.0,0.35668172452469094
0.0,0.0,0.0,0.3118778548878923
0.0,0.0,0.0,0.3247567213877123
0.0,0.0,0.0,0.23183326720181546
0.0,0.0,0.0,0.2570483167281759
0.0,0.0,0.0,0.27891851971504594
0.0,0.0,0.0,0.1420900676534684
0.0,0.0,0.0,0.19578421724312234
0.0,0.0,0.0,0.07827932402767881
0.0,0.0,0.0,0.04364446988805219
0.0,0.0,0.0,0.11327465876986499
0.0,0.0,0.0,-0.004423405985073438
0.0,0.0,0.0,-0.0444502620858863
0.0,0.0,0.0,-0.10395031072112704
0.0,0.0,0.0,-0.027494479286079704
0.0,0.0,0.0,-0.13822719387253551
0.0,0.0,0.0,-0.08979782728598444
0.0,0.0,0.0,-0.1900021773656381
0.0,0.0,0.0,-0.19309208097114797
0.0,0.0,0.0,-0.14119207040125314
0.0,0.0,0.0,-0.25700277163394214
0.0,0.0,0.0,-0.22493083080459012
0.0,0.0,0.0,-0.3387078273858982
0.0,0.0,0.0,-0.30981828914790543
0.0,0.0,0.0,-0.3381651574815547
0.0,0.0,0.0,-0.35619747886370984
0.0,0.0,0.0,-0.3228514357843671
0.0,0.0,0.0,-0.4800102665860234
0.0,0.0,0.0,-0.5052387827133735
0.0,0.0,0.0,-0.5197331695649285
0.0,0.0,0.0,-0.5231150177064849
0.0,0.0,0.0,-0.5000920285317771
0.0,0.0,0.0,-0.4792194340370215
0.0,0.0,0.0,-0.48130057522467706
0.0,0.0,0.0,-0.42392174395100357
0.0,0.0,0.0,-0.46996802252236614
0.0,0.0,0.0,-0.47328718892524463
0.0,0.0,0.0,-0.33295636344081475
0.0,0.0,0.0,-0.4190565516419912
0.0,0.0,0.0,-0.28985384651958884
0.0,0.0,0.0,-0.29559012370923704
0.0,0.0,0.0,-0.32961856995173855
0.0,0.0,0.0,-0.265979918515607
0.0,0.0,0.0,-0.22000625867186402
0.0,0.0,0.0,-0.1267527369769869
0.0,0.0,0.0,-0.20083538061937287
0.0,0.0,0.0,-0.08193103158012187
0.0,0.0,0.0,-0.08977384752293857
0.0,0.0,0.0,-0.0913359784108296
0.0,0.0,0.0,0.04886237564785678
0.0,0.0,0.0,0.06934042818159972
0.0,0.0,0.0,0.12177921927782283
0.0,0.0,0.0,0.15013937387417436
0.0,0.0,0.0,0.22721368049455742
0.03,0.0,0.0,0.2302770946570884
0.06,0.0,0.03,0.36114701434322727
0.18,0.0,0.06,0.42457545245211864
0.33,0.0,0.18,0.6278808638857752
0.39,0.0,0.33,0.8240700593412559
0.46,0.0,0.39,0.855389019148275
0.71,0.0,0.46,0.9704618573981003
1.18,0.0,0.71,1.2573436142891565
1.71,0.0,1.18,1.7371290811318403
1.63,0.3405444,1.71,2.2078669058698495
1.6,0.8320731,1.63,2.237179261630319
1.7,0.86655045,1.6,2.2110953787733396
1.86,0.22574832,1.7,2.2808288755764923
2.03,0.4284775,1.86,2.535092017491996
2.27,1.2145957,2.03,2.6818572156136797
2.32,1.455303,2.27,2.886921388832812
2.42,1.0690956,2.32,2.9374337655976093
2.85,1.5992467,2.42,2.983592396759968
2.83,1.4950291,2.85,3.566046375848499
2.73,1.3803698,2.83,3.474868263841914
2.7,1.5534197,2.73,3.420393780376282
2.97,1.8894129,2.7,3.254325766066104
2.73,1.8914864,2.97,3.5233205639510756
3.05,1.6872936,2.73,3.4241517140519555
2.67,2.1592245,3.05,3.558821459991765
3.0,1.8019285,2.67,3.2182689088573118
2.4,2.2396212,3.0,3.4043831401006224
2.75,1.8999772,2.4,2.913710121478596
2.73,1.4508479,2.75,3.221284795604273
2.17,1.5573125,2.73,3.099285096128753
1.9599999999999997,0.91538185,2.17,2.724554465052099
1.98,0.79793346,1.9599999999999997,2.4378154132849184
1.68,0.3743454,1.98,2.4411585866064205
1.48,0.08154784,1.68,2.1482096732196805
1.02,0.0,1.48,1.9965632520963348
0.9,0.0,1.02,1.4112684181431667
0.68,0.0,0.9,1.37041733354312
0.44,0.0,0.68,1.14957970296834
0.24,0.0,0.44,0.7683017806983989
0.1,0.0,0.24,0.6435621331719028
0.05,0.0,0.1,0.45086910379464384
0.0,0.0,0.05,0.4064086703269414
0.0,0.0,0.0,0.34537289323442816
0.0,0.0,0.0,0.4290345541533701
0.0,0.0,0.0,0.32173234785039345
0.0,0.0,0.0,0.31220588655672565
0.0,0.0,0.0,0.25178887557849966
0.0,0.0,0.0,0.24709172443832875
0.0,0.0,0.0,0.2884882837274619
0.0,0.0,0.0,0.15323834743961953
0.0,0.0,0.0,0.2176480794048827
0.0,0.0,0.0,0.11221477541074033
0.0,0.0,0.0,0.10783117101742297
0.0,0.0,0.0,0.06932128449344085
0.0,0.0,0.0,0.017918914562389324
0.0,0.0,0.0,0.04854423126908057
0.0,0.0,0.0,-0.019630514493036086
0.0,0.0,0.0,-0.031094176538259827
0.0,0.0,0.0,-0.10195701664076018
0.0,0.0,0.0,-0.12181132207608879
0.0,0.0,0.0,-0.19782300902563207
0.0,0.0,0.0,-0.16492168202668522
0.0,0.0,0.0,-0.21952336533723416
0.0,0.0,0.0,-0.20819369486188843
0.0,0.0,0.0,-0.2745755757521491
0.0,0.0,0.0,-0.29640859615593584
0.0,0.0,0.0,-0.2174824067392686
0.0,0.0,0.0,-0.26858985869231555
0.0,0.0,0.0,-0.2530256703538343
0.0,0.0,0.0,-0.2701847895622464
0.0,0.0,0.0,-0.2580695207703787
0.0,0.0,0.0,-0.28429411480510947
0.0,0.0,0.0,-0.21824137573380165
0.0,0.0,0.0,-0.22914652690271098
0.0,0.0,0.0,-0.18691370006976196
0.0,0.0,0.0,-0.1613465981090502
0.0,0.0,0.0,-0.16170854885139552
0.0,0.0,0.0,-0.11883243792282713
0.0,0.0,0.0,-0.10907141516061647
0.0,0.0,0.0,-0.1210988291675176
0.0,0.0,0.0,-0.11832788109646553
0.0,0.0,0.0,-0.09145408374098662
0.0,0.0,0.0,-0.07925979658749374
0.0,0.0,0.0,0.058344140049666864
0.0,0.0,0.0,0.02392147006881274
0.0,0.0,0.0,0.1226301909240067
0.0,0.0,0.0,0.08290437084566507
0.0,0.0,0.0,0.17534231625122326
0.0,0.0,0.0,0.15573023541996367
0.0,0.0,0.0,0.21168054261342148
0.0,0.0,0.0,0.33879329798404695
0.0,0.0,0.0,0.3258713637857854
0.0,0.0,0.0,0.34090993697581207
0.0,0.0,0.0,0.46897158705746433
0.0,0.0,0.0,0.46594577438233514
0.0,0.0,0.0,0.5195089879925168
0.09,0.0,0.0,0.4957237389154149
0.18,0.0,0.09,0.7567292958653863
0.43,0.0,0.18,0.7721887271375006
0.78,0.0,0.43,1.1435043557183995
1.68,0.0,0.78,1.534053118000532
2.81,0.83993757,1.68,2.5417501687723827
2.85,2.2539558,2.81,3.6977564966126293
4.08,2.9247437,2.85,3.807875085095894
4.36,3.7063217,4.08,5.063396378618569
4.33,5.0209937,4.36,5.496378748190738
5.28,5.541388,4.33,5.483123760019803
5.91,5.5004807,5.28,6.461211013619041
5.89,5.6519613,5.91,7.030162470092393
6.43,6.4181404,5.89,7.118003502886819
5.8,6.892815,6.43,7.570930950724787
6.79,6.3635645,5.8,6.952515904504261
9.71,6.6262813,6.79,7.85615974515854
9.94,8.360142,9.71,10.795261874719793
11.21,10.09689,9.94,11.0941988324822
10.83,11.413485,11.21,12.502314320073964
11.02,11.161421,10.83,12.010971846529907
13.65,11.119,11.02,12.159300557956769
14.22,12.042996,13.65,14.742042934607435
12.94,12.97029,14.22,15.229484988564524
12.2,12.757913,12.94,14.029284346411423
11.73,12.435616,12.2,13.127417990195681
11.94,11.8124,11.73,12.568637147521818
10.83,11.03103,11.94,12.62270649312352
9.72,10.253319,10.83,11.363986666932364
10.39,9.374424,9.72,10.195041058051268
9.03,8.636761,10.39,10.738711056096147
7.21,7.7898226,9.03,9.32708345640761
6.68,6.239184,7.21,7.545737969408224
6.43,5.3126206,6.68,6.911739770666916
4.56,4.7528605,6.43,6.554562027508194
5.13,3.3120744,4.56,4.629052810096042
3.73,2.6502202,5.13,5.126834087676555
3.64,1.576947,3.73,3.744219215843152
1.64,0.90741867,3.64,3.758410391055746
0.73,0.0,1.64,1.6843731292417585
0.31,0.0,0.73,0.7324908145073677
0.0,0.0,0.31,0.34610441418472027
0.0,0.0,0.0,-0.09243741241908646
0.0,0.0,0.0,-0.002915116152821598
0.0,0.0,0.0,-0.05994810312300654
0.0,0.0,0.0,0.06061720289083052
0.0,0.0,0.0,0.16448451687790547
0.0,0.0,0.0,0.2078598962626998
0.0,0.0,0.0,0.19332820538797268
0.0,0.0,0.0,0.19976947487252988
0.0,0.0,0.0,0.2343157437455046
0.0,0.0,0.0,0.2702394571944478
0.0,0.0,0.0,0.1705072870047148
0.0,0.0,0.0,0.26813045163844385
0.0,0.0,0.0,0.21147826756638535
0.0,0.0,0.0,0.2718014955738749
0.0,0.0,0.0,0.21827152013246343
0.0,0.0,0.0,0.12491090728504145
0.0,0.0,0.0,0.21156935229279403
0.0,0.0,0.0,0.12262432556803891
0.0,0.0,0.0,0.1251513133523646
0.0,0.0,0.0,0.1443558471816936
0.0,0.0,0.0,0.07882954681261603
0.0,0.0,0.0,0.10216095833409801
0.0,0.0,0.0,-0.051746789630505094
0.0,0.0,0.0,0.0630180067482955
0.0,0.0,0.0,-0.0873565349495694
0.0,0.0,0.0,-0.053295881133373774
0.0,0.0,0.0,-0.050570726567364874
0.0,0.0,0.0,-0.39460738171907045
0.0,0.0,0.0,-0.4478050395791029
0.0,0.0,0.0,-0.5064469359803188
0.0,0.0,0.0,-0.37953995704951604
0.0,0.0,0.0,-0.46049029837633065
0.0,0.0,0.0,-0.38688509496927476
0.0,0.0,0.0,-0.41323808786933924
0.0,0.0,0.0,-0.3381700140088914
0.0,0.0,0.0,-0.44469194474077683
0.0,0.0,0.0,-0.3758487672964733
0.0,0.0,0.0,-0.4042470684081424
0.0,0.0,0.0,-0.35578984440487044
0.0,0.0,0.0,-0.21528292263008675
0.0,0.0,0.0,-0.2449706732667499
0.0,0.0,0.0,-0.24712929827128854
0.0,0.0,0.0,-0.16912924096759407
0.0,0.0,0.0,-0.09867966341620411
0.0,0.0,0.0,-0.13259816996534224
0.0,0.0,0.0,-0.028464055867461063
0.0,0.0,0.0,-0.03514341680325189
0.0,0.0,0.0,-0.00254336447890309
0.0,0.0,0.0,-0.023216145825664808
0.0,0.0,0.0,0.043340496059692396
0.0,0.0,0.0,0.051427720255373954
0.0,0.0,0.0,0.15996658315680562
0.0,0.0,0.0,0.1944522402058393
0.0,0.0,0.0,0.2534171040820654
0.08,0.0,0.0,0.2739847942877417
0.15,0.0,0.08,0.3614196600181494
0.37,0.0,0.15,0.5395068215453876
0.85,0.0,0.37,0.7826917661924626
1.75,0.0,0.85,1.3499772475428244
2.63,0.27860728,1.75,2.2475987485283584
3.15,1.5902216,2.63,3.2193188461743603
3.1,2.6251092,3.15,3.758610645840514
3.27,3.088588,3.1,3.813090572804321
3.7899999999999996,3.581079,3.27,4.018907158016156
3.7700000000000005,3.608436,3.7899999999999996,4.476960952689696
3.28,3.381144,3.7700000000000005,4.50330603184123
3.31,2.8135617,3.28,4.064094727697806
3.74,2.7522771,3.31,4.014668687595223
3.41,2.739017,3.74,4.4509597616337
3.9799999999999995,2.4756432,3.41,4.108508539439278
4.15,2.6541388,3.9799999999999995,4.670186315645072
4.09,3.4638636,4.15,4.8072521206204915
4.34,3.4343772,4.09,4.774582076242503
3.84,3.253595,4.34,5.06311456484814
4.07,3.0908165,3.84,4.626800574470951
3.96,3.2091384,4.07,4.712797829887689
4.43,3.200615,3.96,4.536026049417853
4.24,3.229139,4.43,5.041368065980168
4.04,3.637072,4.24,4.897534157112369
3.87,3.4117432,4.04,4.588226878540139
3.59,3.3718643,3.87,4.427435860590024
3.43,2.926495,3.59,4.166568455810461
3.46,2.3832915,3.43,3.9820639244670724
3.4,1.8750544,3.46,3.9567840619712924
3.63,2.2453685,3.4,3.8621220143886505
3.53,2.237485,3.63,4.18133927203101
3.54,1.9348211,3.53,4.108344486556435
2.53,2.016419,3.54,4.033591494220678
1.71,1.9208162,2.53,3.010214856296173
1.49,1.419902,1.71,2.243775035548407
1.17,1.0698123,1.49,1.9353464331293369
0.72,0.47975063,1.17,1.5623539327498326
0.4,0.0,0.72,1.0275123302735722
0.14,0.0,0.4,0.675218961179809
0.07,0.0,0.14,0.3819710686674549
0.0,0.0,0.07,0.397246305781952
0.0,0.0,0.0,0.22136287119929254
0.0,0.0,0.0,0.19245743757341394
0.0,0.0,0.0,0.22736910595948406
0.0,0.0,0.0,0.15545013707977381
0.0,0.0,0.0,0.2671456261536096
0.0,0.0,0.0,0.21221869555255213
0.0,0.0,0.0,0.18878688370242314
0.0,0.0,0.0,0.09862833409674386
0.0,0.0,0.0,0.14678201801741014
0.0,0.0,0.0,0.10994463510964454
0.0,0.0,0.0,0.09613974901543192
0.0,0.0,0.0,0.13742745765430733
0.0,0.0,0.0,0.07239264918030217
0.0,0.0,0.0,-0.011433808139340931
0.0,0.0,0.0,-0.058159518469068985
0.0,0.0,0.0,-0.07230922512965254
0.0,0.0,0.0,-0.06494148790703785
0.0,0.0,0.0,-0.18251721018935996
0.0,0.0,0.0,-0.1941173758450046
0.0,0.0,0.0,-0.13119465225060878
0.0,0.0,0.0,-0.18735490931303153
0.0,0.0,0.0,-0.19242323244341825
0.0,0.0,0.0,-0.28359888689300033
0.0,0.0,0.0,-0.3014413583887582
0.0,0.0,0.0,-0.31684733575873025
0.0,0.0,0.0,-0.26660039718206685
0.0,0.0,0.0,-0.2992076414371133
0.0,0.0,0.0,-0.1261312188539858
0.0,0.0,0.0,-0.18458109934236216
0.0,0.0,0.0,-0.2540676041043637
0.0,0.0,0.0,-0.20485011406975567
0.0,0.0,0.0,-0.20969253280934116
0.0,0.0,0.0,-0.21550148613783715
0.0,0.0,0.0,-0.09019705229584958
0.0,0.0,0.0,-0.14729357933892318
0.0,0.0,0.0,-0.18928885938583911
0.0,0.0,0.0,-0.08030041470434339
0.0,0.0,0.0,-0.1574166351914511
0.0,0.0,0.0,-0.08451752797885154
0.0,0.0,0.0,-0.08105467142733219
0.0,0.0,0.0,0.09292076813001378
0.0,0.0,0.0,0.027273335324456416
0.0,0.0,0.0,0.0909817966578658
0.0,0.0,0.0,0.1081120120404927
0.0,0.0,0.0,0.1510647535223575
0.0,0.0,0.0,0.24744340159418576
0.0,0.0,0.0,0.22942540063224534
0.0,0.0,0.0,0.309999717755741
0.0,0.0,0.0,0.3022925744695403
0.0,0.0,0.0,0.3360573689246453
0.0,0.0,0.0,0.46257033446548435
0.0,0.0,0.0,0.396148572185232
0.0,0.0,0.0,0.4906551292164887
0.0,0.0,0.0,0.5615043186892883
0.17,0.0,0.0,0.6543323882873618
0.33,0.0,0.17,0.7303149246975892
0.78,0.025686594,0.33,0.9611134508721858
1.71,0.6093302,0.78,1.53991781776989
3.56,1.304157,1.71,2.508526265232528
4.88,3.1413193,3.56,4.438805093507004
6.84,5.393311,4.88,5.951817948792882
6.84,7.4644785,6.84,8.068787911098653
6.55,8.232086,6.84,8.081010746961457
6.85,8.719071,6.55,7.794025606173258
8.65,8.549019,6.85,8.12139356501474
12.29,8.994947,8.65,9.832547765472883
14.38,10.874316,12.29,13.571430491137331
13.32,14.048636,14.38,15.822577887158598
13.41,14.752763,13.32,14.846968744513715
15.489999999999998,14.906827,13.41,14.938256586275592
19.02,15.141741,15.489999999999998,16.813478163357264
17.42,17.698032,19.02,20.357126731091476
17.62,18.078566,17.42,18.90444293966208
19.65,18.187698,17.62,18.8811952333026
22.09,18.477917,19.65,20.76628276198038
18.04,19.925972,22.09,23.327052745225608
19.41,18.687988,18.04,19.34758392582741
17.8,18.34831,19.41,20.364184201568595
18.6,17.342564,17.8,18.48416505072664
19.45,17.649374,18.6,19.172541104131096
17.75,17.14893,19.45,19.91997924654916
18.5,16.014708,17.75,18.129034651092443
15.76,15.900787,18.5,18.775106528573406
16.36,14.618752,15.76,15.963116004418612
16.09,13.79013,16.36,16.47427155803555
14.21,12.953584,16.09,16.03877285562585
11.57,11.724741,14.21,14.021450251720601
9.28,9.695488,11.57,11.342576774743096
9.4,7.9568143,9.28,8.92192474721967
5.76,6.719368,9.4,8.887836730839883
5.65,4.5583296,5.76,5.183066335343833
4.97,3.604028,5.65,5.028579472110285
2.25,2.2093425,4.97,4.240323818973848
1.08,0.4618243,2.25,1.6483081449359427
0.44,0.0,1.08,0.5655292204482304
0.0,0.0,0.44,-0.2193127054459082
0.0,0.0,0.0,-0.5258977974412284
0.0,0.0,0.0,-0.5735680944065593
0.0,0.0,0.0,-0.45284623970831817
0.0,0.0,0.0,-0.3131593641433214
0.0,0.0,0.0,-0.14220268063116853
0.0,0.0,0.0,-0.17200286801322234
0.0,0.0,0.0,-0.11315217910956257
0.0,0.0,0.0,-0.0442280214965142
0.0,0.0,0.0,0.09185554161530457
0.0,0.0,0.0,0.04577902030031132
0.0,0.0,0.0,0.18160417903402168
0.0,0.0,0.0,0.13773052889863202
0.0,0.0,0.0,0.15620738450426613
0.0,0.0,0.0,0.21849989030201325
0.0,0.0,0.0,0.1809160559118635
0.0,0.0,0.0,0.18772433367528
0.0,0.0,0.0,0.1713338862517141
0.0,0.0,0.0,0.18394953735255132
0.0,0.0,0.0,0.04293106392108472
0.0,0.0,0.0,0.19269866178584205
0.0,0.0,0.0,0.1636312849236003
0.0,0.0,0.0,0.07701545605164214
0.0,0.0,0.0,0.09263437265269417
0.0,0.0,0.0,0.08906911893850955
0.0,0.0,0.0,-0.030993411787870323
0.0,0.0,0.0,-0.07975070730756269
0.0,0.0,0.0,-0.06455984053691938
0.0,0.0,0.0,-0.5029650693466123
0.0,0.0,0.0,-0.40941191951469114
0.0,0.0,0.0,-0.5436607173879318
0.0,0.0,0.0,-0.42466685839144036
0.0,0.0,0.0,-0.4056358113485015
0.0,0.0,0.0,-0.4316857758045791
0.0,0.0,0.0,-0.4175517533246956
0.0,0.0,0.0,-0.4378244175036877
0.0,0.0,0.0,-0.3770340639867764
0.0,0.0,0.0,-0.4008123603046524
0.0,0.0,0.0,-0.3386458434929874
0.0,0.0,0.0,-0.394870993592161
0.0,0.0,0.0,-0.2720412367040167
0.0,0.0,0.0,-0.27395884578994145
0.0,0.0,0.0,-0.24904473598979057
0.0,0.0,0.0,-0.23164033671705497
0.0,0.0,0.0,-0.1880715670670629
0.0,0.0,0.0,-0.22895423444713153
0.0,0.0,0.0,-0.11812764434091634
0.0,0.0,0.0,-0.012467594363720497
0.0,0.0,0.0,-0.08864209675529047
0.0,0.0,0.0,0.05232378128308693
0.0,0.0,0.0,0.1311145599664631
0.0,0.0,0.0,0.08004158364044442
0.0,0.0,0.0,0.17342640313470767
0.0,0.0,0.0,0.198668032745602
0.0,0.0,0.0,0.3302377063600465
0.03,0.0,0.0,0.2925562133908341
0.09,0.0,0.03,0.4169300803575311
0.22,0.0,0.09,0.4438505822490545
0.41,0.0,0.22,0.7046943209582006
0.67,0.0,0.41,0.8974406264703176
1.29,0.0,0.67,1.1490555291008926
2.15,0.32234964,1.29,1.7777527149106254
2.91,1.2423666,2.15,2.729995871178904
2.89,1.9375668,2.91,3.5126172021538773
2.92,3.456526,2.89,3.5899675126207944
3.54,3.514182,2.92,3.5645738033322303
3.3,3.8892822,3.54,4.080691718174438
3.16,3.6651707,3.3,3.974831581506141
3.8900000000000006,3.6156976,3.16,3.8143773226654405
3.7999999999999994,3.666213,3.8900000000000006,4.53716794617973
4.1,3.9380863,3.7999999999999994,4.491533905228825
4.25,4.3197207,4.1,4.680150542664149
4.07,4.4116087,4.25,4.920296553709838
4.49,4.6608915,4.07,4.677323206330305
5.27,4.4207654,4.49,5.084999666912802
4.48,4.2197266,5.27,5.804291597863897
5.44,4.8279085,4.48,4.995175332834326
5.27,4.890922,5.44,5.983328520183406
5.51,5.122836,5.27,5.700866850098942
5.56,4.90461,5.51,6.104313360447496
4.9,4.946666,5.56,5.963719740845581
4.76,4.443097,4.9,5.3468204453927966
4.41,4.572072,4.76,5.200683118210768
3.8300000000000005,4.1987543,4.41,4.693035135592879
3.7,3.5266905,3.8300000000000005,4.153357436397632
3.47,3.5290852,3.7,3.9708772633473677
3.43,3.0176566,3.47,3.8132835449873475
2.29,2.5550423,3.43,3.7699606019927296
1.52,2.2759118,2.29,2.598117316036657
1.14,1.4876076,1.52,1.8928044118205039
0.9,0.9576655,1.14,1.4702389892821772
0.48999999999999994,0.658901,0.9,1.1084678026722738
0.43,0.1545484,0.48999999999999994,0.7592618662111683
0.22,0.0,0.43,0.7038762331347992
0.08,0.0,0.22,0.5350659696073191
0.04,0.0,0.08,0.4532715539918006
0.0,0.0,0.04,0.33431821173300325
0.0,0.0,0.0,0.267889973079718
0.0,0.0,0.0,0.29476514641668483
0.0,0.0,0.0,0.3065599283357717
0.0,0.0,0.0,0.24181186913939978
0.0,0.0,0.0,0.23583167758899418
0.0,0.0,0.0,0.315505912307091
0.0,0.0,0.0,0.26493433136744526
0.0,0.0,0.0,0.19338205777843182
0.0,0.0,0.0,0.21900657009451066
0.0,0.0,0.0,0.13382855646131142
0.0,0.0,0.0,0.13335282020362826
0.0,0.0,0.0,0.13861422076224472
0.0,0.0,0.0,0.03328427773836802
0.0,0.0,0.0,0.006263212959901447
0.0,0.0,0.0,0.02814141028912396
0.0,0.0,0.0,-0.05776135187135906
0.0,0.0,0.0,-0.14271036908086288
0.0,0.0,0.0,-0.17738881308527626
0.0,0.0,0.0,-0.1386797178994624
0.0,0.0,0.0,-0.12879035586610382
0.0,0.0,0.0,-0.13900365926089564
0.0,0.0,0.0,-0.2591469432856616
0.0,0.0,0.0,-0.25810786771184235
0.0,0.0,0.0,-0.20255079575502843
0.0,0.0,0.0,-0.21861264342779568
0.0,0.0,0.0,-0.33633302485727756
0.0,0.0,0.0,-0.2569417394224766
0.0,0.0,0.0,-0.4046706259041142
0.0,0.0,0.0,-0.39239984387194915
0.0,0.0,0.0,-0.3962640616237413
0.0,0.0,0.0,-0.40746481831745995
0.0,0.0,0.0,-0.3691381510224624
0.0,0.0,0.0,-0.3090364355361458
0.0,0.0,0.0,-0.3443674498518383
0.0,0.0,0.0,-0.3396617007707209
0.0,0.0,0.0,-0.32042377962899826
0.0,0.0,0.0,-0.23854014169508603
0.0,0.0,0.0,-0.23893516888555136
0.0,0.0,0.0,-0.29286071683142945
0.0,0.0,0.0,-0.24134751863389065
0.0,0.0,0.0,-0.1397779355530987
0.0,0.0,0.0,-0.13878234525884603
0.0,0.0,0.0,-0.07388477223834018
0.0,0.0,0.0,-0.02028549695490031
0.0,0.0,0.0,0.021519112387711967
0.0,0.0,0.0,0.054385879498109226
0.0,0.0,0.0,0.08585357339530045
0.0,0.0,0.0,0.07176475864978916
0.0,0.0,0.0,0.09327194450790793
0.0,0.0,0.0,0.2334350911971111
0.0,0.0,0.0,0.19384891269095045
0.0,0.0,0.0,0.33165076965218965
0.0,0.0,0.0,0.27017679930616817
0.0,0.0,0.0,0.37157573853788906
0.09,0.0,0.0,0.38221098811388915
0.2,0.0,0.09,0.5083197074625495
0.48999999999999994,0.0,0.2,0.7470656582305134
1.0,0.30669314,0.48999999999999994,1.0601950247395353
1.79,0.7196409,1.0,1.5378035515804493
2.18,1.7489101,1.79,2.389418977342643
3.41,2.8965414,2.18,2.846298348444415
3.61,4.080566,3.41,4.147537271539727
4.18,5.324759,3.61,4.402041364554085
3.9699999999999998,6.385655,4.18,4.9426667973663685
4.81,6.6289983,3.9699999999999998,4.837568746717719
5.14,6.9346366,4.81,5.536041050603605
5.81,6.6921744,5.14,5.959375789214835
7.43,7.1623416,5.81,6.665299980178236
6.61,7.95122,7.43,8.274642918973536
7.25,8.922002,6.61,7.470815599380619
9.46,9.134103,7.25,8.122964008163594
8.16,9.761095,9.46,10.284035451317282
10.29,10.322614,8.16,9.102456519163319
12.51,11.188886,10.29,11.119696310357078
14.75,12.313001,12.51,13.285473850460486
13.96,13.636502,14.75,15.65026302104913
12.88,14.082989,13.96,14.915809444308291
14.19,13.65115,12.88,13.77340520295519
14.52,13.731476,14.19,15.034507590519405
15.529999999999998,13.520416,14.52,15.207617773925573
15.1,13.878649,15.529999999999998,16.157122660632364
13.07,13.989842,15.1,15.638161454171488
11.85,12.906617,13.07,13.53609113995952
13.03,11.826383,11.85,12.280875670081333
10.87,11.199923,13.03,13.208356280380709
8.97,10.272482,10.87,10.988601062390762
7.809999999999999,9.023903,8.97,9.001346521186793
6.57,7.357177,7.809999999999999,7.657201143390246
6.19,5.9904504,6.57,6.351936506661586
5.36,5.0725718,6.19,5.995727907698832
3.7,3.9043312,5.36,5.077113632545027
3.56,2.448276,3.7,3.454611779746495
1.57,1.5645049,3.56,3.2308372525412925
0.7,0.45701912,1.57,1.2712104510130395
0.34,0.0,0.7,0.4495754708855332
0.0,0.0,0.34,-0.06376442962821444
0.0,0.0,0.0,-0.3284665506628462
0.0,0.0,0.0,-0.3676335998501629
0.0,0.0,0.0,-0.21146117774449302
0.0,0.0,0.0,-0.10327803219069502
0.0,0.0,0.0,-0.01509542174233644
0.0,0.0,0.0,-0.13755107647331025
0.0,0.0,0.0,-0.13597755097566055
0.0,0.0,0.0,0.04914895391010671
0.0,0.0,0.0,0.07314502080062991
0.0,0.0,0.0,0.08257606890383663
0.0,0.0,0.0,0.11321135032411028
0.0,0.0,0.0,0.10592320218979732
0.0,0.0,0.0,0.08860457549870385
0.0,0.0,0.0,0.051639652053624696
0.0,0.0,0.0,0.06413906518383909
0.0,0.0,0.0,0.02956293591802092
0.0,0.0,0.0,0.03193329424996824
0.0,0.0,0.0,-0.009762668699333302
0.0,0.0,0.0,-0.05613727299056556
0.0,0.0,0.0,0.010766952298529794
0.0,0.0,0.0,-0.06259820087264459
0.0,0.0,0.0,-0.12762704104521566
0.0,0.0,0.0,-0.06484712532921585
0.0,0.0,0.0,-0.06466944442377186
0.0,0.0,0.0,-0.1313329769717223
0.0,0.0,0.0,-0.18365006038613496
0.0,0.0,0.0,-0.13810131360267333
0.0,0.0,0.0,-0.4793952572199672
0.0,0.0,0.0,-0.40007700412102243
0.0,0.0,0.0,-0.4501134522527416
0.0,0.0,0.0,-0.4073486817144823
0.0,0.0,0.0,-0.3913146911514226
0.0,0.0,0.0,-0.4506371019694956
0.0,0.0,0.0,-0.4619067603668928
0.0,0.0,0.0,-0.34363315209308043
0.0,0.0,0.0,-0.4211473534934182
0.0,0.0,0.0,-0.326330091004443
0.0,0.0,0.0,-0.3805321299097802
0.0,0.0,0.0,-0.24852809323128616
0.0,0.0,0.0,-0.285856341864271
0.0,0.0,0.0,-0.20261690619639283
0.0,0.0,0.0,-0.24997880147921953
0.0,0.0,0.0,-0.13539834398627265
0.0,0.0,0.0,-0.11172154715659341
0.0,0.0,0.0,-0.060983516220853295
0.0,0.0,0.0,-0.07337222068011226
0.0,0.0,0.0,0.048040146166123884
0.0,0.0,0.0,0.07301101556035697
0.0,0.0,0.0,0.08112662036640066
0.0,0.0,0.0,0.10387909926389272
0.0,0.0,0.0,0.211181972731187
0.0,0.0,0.0,0.2417213846875873
0.0,0.0,0.0,0.309552924797307
0.0,0.0,0.0,0.33327743258707876
0.04,0.0,0.0,0.40844425827571423
0.07,0.0,0.04,0.4116787944359096
0.2,0.0,0.07,0.5719335198087165
0.38,0.0,0.2,0.7386823135750921
0.52,0.0,0.38,0.8641827066697485
1.04,0.0,0.52,1.039249265270809
1.41,0.2568919,1.04,1.7053647606403506
2.53,1.1780742,1.41,2.04760922882894
3.23,1.8354493,2.53,3.1891986659201605
3.7999999999999994,3.2137175,3.23,3.9053843478868115
4.2,4.090347,3.7999999999999994,4.536875697372334
3.54,4.631305,4.2,5.0086799146720535
4.1,4.317427,3.54,4.362120599197639
3.73,4.6828537,4.1,4.908716359208817
4.45,4.4489865,3.73,4.448852447918655
4.34,4.2955084,4.45,5.162627799222114
5.21,4.515048,4.34,4.986771675033883
4.96,5.3688393,5.21,5.884731020656671
5.08,5.0587115,4.96,5.723697610955401
6.2,4.9059477,5.08,5.85915719784294
6.13,4.869469,6.2,6.882637642987436
5.15,5.641307,6.13,6.749775340106973
5.55,5.580992,5.15,5.836855482109577
6.33,5.7681475,5.55,6.007924844910287
6.33,5.6358967,6.33,6.757253890315456
6.42,5.7709174,6.33,6.792315248605561
5.86,5.385632,6.42,6.984992995121683
5.84,5.2471194,5.86,6.319124604773426
4.69,5.0511165,5.84,6.268470528324196
5.32,4.3430376,4.69,5.154328963746256
5.18,4.0148225,5.32,5.691615967478808
5.22,3.8661928,5.18,5.45667245407773
4.93,3.6439488,5.22,5.640915135099861
4.4,3.3828788,4.93,5.352843806545736
3.58,2.9625266,4.4,4.848883184694552
3.35,2.2545266,3.58,3.9821961323406945
3.49,2.0625272,3.35,3.6001438803963586
1.78,1.7313193,3.49,3.7264048243228363
1.0,0.59139717,1.78,2.127951830726224
0.35,0.0,1.0,1.2914633562561384
0.19,0.0,0.35,0.5067085549449046
0.0,0.0,0.19,0.46438615197475497
0.0,0.0,0.0,0.1188582691127292
0.0,0.0,0.0,0.15234064630925556
0.0,0.0,0.0,0.1221520560841231
0.0,0.0,0.0,0.14116253485245
0.0,0.0,0.0,0.24170313193923537
0.0,0.0,0.0,0.22320683761002813
0.0,0.0,0.0,0.1881486285645792
0.0,0.0,0.0,0.1459160275879144
0.0,0.0,0.0,0.20939578600591863
0.0,0.0,0.0,0.13262988957778513
0.0,0.0,0.0,0.09326953849603768
0.0,0.0,0.0,0.16342981266624879
0.0,0.0,0.0,0.0548395121544553
0.0,0.0,0.0,0.06305289167432598
0.0,0.0,0.0,0.03800512910855671
0.0,0.0,0.0,0.08736122324009446
0.0,0.0,0.0,0.09360890456657112
0.0,0.0,0.0,-0.009300420714413032
0.0,0.0,0.0,-0.023540458358313476
0.0,0.0,0.0,0.011839426492772503
0.0,0.0,0.0,-0.025785588542023216
0.0,0.0,0.0,-0.13865058702728977
0.0,0.0,0.0,-0.08988247953950951
0.0,0.0,0.0,-0.06556352536333097
0.0,0.0,0.0,-0.10597197898739807
0.0,0.0,0.0,-0.10608964694238089
0.0,0.0,0.0,-0.21950792485472492
0.0,0.0,0.0,-0.23874936217417342
0.0,0.0,0.0,-0.24826842138803368
0.0,0.0,0.0,-0.2962519232538
0.0,0.0,0.0,-0.22552374554791038
0.0,0.0,0.0,-0.1896550172012862
0.0,0.0,0.0,-0.18402993439268683
0.0,0.0,0.0,-0.2810198690681875
0.0,0.0,0.0,-0.17774034976729436
0.0,0.0,0.0,-0.1746318615584178
0.0,0.0,0.0,-0.2279057701740353
0.0,0.0,0.0,-0.14404007687545511
0.0,0.0,0.0,-0.16152609391532424
0.0,0.0,0.0,-0.053156464252212196
0.0,0.0,0.0,-0.06413411743203104
0.0,0.0,0.0,-0.027760922442129354
0.0,0.0,0.0,-0.054394546413829015
0.0,0.0,0.0,0.029894833281399746
0.0,0.0,0.0,0.01142109265591943
0.0,0.0,0.0,0.1249676878786184
0.0,0.0,0.0,0.10653836473258425
0.0,0.0,0.0,0.1704746883642891
0.0,0.0,0.0,0.22896080242239644
0.0,0.0,0.0,0.32112702972802265
0.0,0.0,0.0,0.3559404864150021
0.0,0.0,0.0,0.3265127563221141
0.0,0.0,0.0,0.37518152238921487
0.0,0.0,0.0,0.43669739340725605
0.11,0.0,0.0,0.5746998493682042
0.25,0.0,0.11,0.7033718138264989
0.59,0.0,0.25,0.879026690896979
1.2,0.0,0.59,1.2568868675478748
2.04,0.073667064,1.2,1.8264227809238294
3.22,2.031451,2.04,2.7595763681439056
3.53,3.8987737,3.22,4.037138613040524
3.9500000000000006,4.910351,3.53,4.423215653371635
3.9099999999999997,5.3964915,3.9500000000000006,4.791810280620013
4.56,5.6594377,3.9099999999999997,4.76623871170427
6.44,5.465477,4.56,5.360188309255889
5.49,6.4675183,6.44,7.210447953867831
6.02,6.916363,5.49,6.427889531548244
6.29,7.130023,6.02,6.840945090510008
6.69,6.943808,6.29,7.124278359980973
7.31,7.067045,6.69,7.503312654389843
6.51,7.4635,7.31,8.13581084780614
8.2,7.8273754,6.51,7.237225043841091
9.24,8.264004,8.2,8.8810779428649
9.06,8.502245,9.24,9.90309951888686
9.81,9.018479,9.06,9.788095425206318
10.24,9.484097,9.81,10.501362200439557
11.36,9.593777,10.24,10.894736624880561
9.5,10.45457,11.36,11.97846249239675
10.04,9.63597,9.5,10.079030841230212
10.04,9.123455,10.04,10.589510854870278
8.89,9.177724,10.04,10.34306031771832
9.46,8.815817,8.89,9.254616377273281
6.67,8.200176,9.46,9.727757256794565
6.35,6.5260463,6.67,6.909762666089994
6.08,5.937957,6.35,6.546204327521537
5.5,5.640092,6.08,6.181152198992418
5.32,4.586001,5.5,5.575111696447127
4.26,4.0553207,5.32,5.419727089520574
3.76,3.334632,4.26,4.323107199726942
3.7899999999999996,2.617743,3.76,3.7666395684193983
3.02,2.003359,3.7899999999999996,3.835971128737976
2.31,1.053538,3.02,3.167075986195933
1.18,0.34893525,2.31,2.34574650792803
0.38,0.0,1.18,1.3206930228047158
0.22,0.0,0.38,0.4874562278813174
0.0,0.0,0.22,0.3505371617804684
0.0,0.0,0.0,0.09823360022829311
0.0,0.0,0.0,0.13563970423463306
0.0,0.0,0.0,0.15450772391183953
0.0,0.0,0.0,0.16421757163528028
0.0,0.0,0.0,0.1615617433982397
0.0,0.0,0.0,0.25447586412169704
0.0,0.0,0.0,0.1856090618368001
0.0,0.0,0.0,0.2242128944466842
0.0,0.0,0.0,0.2675901800026492
0.0,0.0,0.0,0.2688345503606677
0.0,0.0,0.0,0.24929575290651346
0.0,0.0,0.0,0.2638486556506534
0.0,0.0,0.0,0.23699073106158072
0.0,0.0,0.0,0.10444915377681871
0.0,0.0,0.0,0.18311419084524969
0.0,0.0,0.0,0.1697931828157186
0.0,0.0,0.0,0.15204729684283505
0.0,0.0,0.0,0.08120613566177541
0.0,0.0,0.0,0.02155918992752557
