actual,lstm_pred,persistence_pred,linear_pred
0.0,0.0,0.0,-0.2306035261068555
0.0,0.0,0.0,-0.23603381543734736
0.0,0.0,0.0,-0.2273779545629508
0.0,0.0,0.0,-0.22230426978890536
0.0,0.0,0.0,-0.1848276273092626
0.0,0.0,0.0,-0.1773073335456803
0.0,0.0,0.0,-0.17289649498317958
0.0,0.0,0.0,-0.15988414909373577
0.0,0.0,0.0,-0.12776545886866336
0.0,0.0,0.0,-0.108991325595755
0.0,0.0,0.0,-0.0905741333076106
0.0,0.0,0.0,-0.0691644022312862
0.0,0.0,0.0,-0.018845767589956274
0.0,0.0,0.0,0.011678564579732289
0.0,0.0,0.0,0.04057015086846149
0.0,0.0,0.0,0.07412239512015423
0.0,0.0,0.0,0.12930610206144813
0.0,0.0,0.0,0.169374410144769
0.0,0.0,0.0,0.21132347443291316
0.0,0.0,0.0,0.2560011651128695
0.0,0.0,0.0,0.3101154344804701
0.0,0.0,0.0,0.3591689049848619
0.0,0.0,0.0,0.40590535111495796
0.0,0.0,0.0,0.45355790771004384
0.0,0.0,0.0,0.5091677081137969
0.0,0.12362753,0.0,0.5547597771307105
0.0,0.2950561,0.0,0.5979058456482667
0.06,0.18580951,0.0,0.6502122655308122
0.72,0.68132293,0.06,0.7584696326261734
1.32,1.1367896,0.72,1.3705293584953067
1.59,1.6267608,1.32,1.972867182891022
1.89,1.8914975,1.59,2.273593424655382
2.83,2.5771108,1.89,2.6452823534037804
4.25,3.1744604,2.83,3.514456507867301
4.95,4.1481943,4.25,4.826163386502017
6.139999999999999,4.9605293,4.95,5.5875501394030325
6.28,6.377825,6.139999999999999,6.736771535723989
7.83,6.701861,6.28,7.065841193682927
8.25,7.4033747,7.83,8.463383049610224
11.37,7.681412,8.25,8.920237899863764
14.42,9.490729,11.37,11.873827051891814
17.18,11.638644,14.42,14.837615788361315
20.84,14.288604,17.18,17.501768747304588
15.13,16.584087,20.84,21.097913428665684
17.85,14.814456,15.13,16.429361929736576
14.3,16.069681,17.85,18.68466111400051
12.34,13.723754,14.3,15.500474503583789
14.86,12.143847,12.34,13.31166635133641
15.5,11.654942,14.86,15.168631742403857
25.87,11.844161,15.5,15.598468649382099
20.85,17.457916,25.87,24.93511381133597
12.72,15.977157,20.85,21.364209481504258
10.94,12.930198,12.72,14.324476330196058
18.08,10.489578,10.94,12.026783155884239
22.78,12.402838,18.08,17.39812657466447
15.46,14.869441,22.78,21.55791968659028
25.760000000000005,13.365582,15.46,15.745603287320831
20.03,16.925144,25.760000000000005,24.519283671984137
10.619999999999997,15.043105,20.03,20.024907457166307
20.37,10.455311,10.619999999999997,11.751243913474292
19.33,12.889566,20.37,19.326187781610148
12.51,12.479646,19.33,18.15290344856614
18.61,10.362747,12.51,12.30603836666744
17.26,11.64508,18.61,16.952083662636845
15.41,10.705985,17.26,15.93771654424874
14.27,9.525796,15.41,14.590740556373884
11.21,8.624187,14.27,13.17438460799163
6.31,7.4382973,11.21,9.90446515871777
2.07,3.371853,6.31,6.063701052354116
1.65,0.66831887,2.07,1.7697154629769385
0.44,0.0,1.65,0.8349350799434979
0.7700000000000001,0.0,0.44,-0.29041547016418867
0.66,0.0,0.7700000000000001,-0.3691046074973809
0.03,0.0,0.66,-0.39251008554264655
0.0,0.0,0.03,-0.5923547530387614
0.0,0.0,0.0,-0.7016501107952537
0.0,0.0,0.0,-0.7483656878701155
0.0,0.0,0.0,-0.7315938044882624
0.0,0.0,0.0,-0.6800069414695145
0.0,0.0,0.0,-0.5794735251464374
0.0,0.0,0.0,-0.47036425190906034
0.0,0.0,0.0,-0.29915180294381905
0.0,0.0,0.0,-0.29958277841468167
0.0,0.0,0.0,-0.32871911559798606
0.0,0.0,0.0,-0.2431353969969097
0.0,0.0,0.0,-0.2219970740530094
0.0,0.0,0.0,-0.23411331634110885
0.0,0.0,0.0,-0.17895827453659247
0.0,0.0,0.0,-0.13223778631350522
0.0,0.0,0.0,-0.11774450260712954
0.0,0.0,0.0,-0.10196031793439198
0.0,0.0,0.0,-0.10057756359364667
0.0,0.0,0.0,-0.3217980359351201
0.0,0.0,0.0,-0.34494919503037536
0.0,0.0,0.0,-0.3492340400536717
0.0,0.0,0.0,-0.35711416630494314
0.0,0.0,0.0,-0.3301977051314941
0.0,0.0,0.0,-0.3237610029780849
0.0,0.0,0.0,-0.32011840420182375
0.0,0.0,0.0,-0.30960144888076685
0.0,0.0,0.0,-0.2728508786398892
0.0,0.0,0.0,-0.25643736372016707
0.0,0.0,0.0,-0.23557466279393466
0.0,0.0,0.0,-0.21289025320735455
0.0,0.0,0.0,-0.16607272731789308
0.0,0.0,0.0,-0.1366869274978186
0.0,0.0,0.0,-0.10263456330486004
0.0,0.0,0.0,-0.06697677559796517
0.0,0.0,0.0,-0.015489369846347547
0.0,0.0,0.0,0.024062384539467567
0.0,0.0,0.0,0.06615459244348046
0.0,0.0,0.0,0.11151634580439786
0.0,0.0,0.0,0.16850216628747192
0.0,0.0,0.0,0.21752019464299346
0.0,0.0,0.0,0.26838331209393823
0.0,0.0,0.0,0.31915465598808046
0.0,0.0,0.0,0.3757736059720649
0.0,0.0,0.0,0.42801145889890363
0.0,0.020574223,0.0,0.48242770246349137
0.0,0.0,0.0,0.5357403178387927
0.0,0.21142863,0.0,0.5905567864057638
0.05,0.2551439,0.0,0.6468010668580868
0.01,0.112766705,0.05,0.7433795647510496
0.18,0.0,0.01,0.7672848046160201
0.54,0.2811852,0.18,0.9578647925848893
0.74,0.5464653,0.54,1.3236358735964924
1.31,0.6467521,0.74,1.571737683886875
2.77,0.87137496,1.31,2.1334995295848582
3.67,2.3876276,2.77,3.4120517381600335
2.9,3.5981028,3.67,4.343428243048322
4.06,3.3130994,2.9,3.9454444141123353
3.74,3.5194144,4.06,4.9812556350529125
5.049999999999999,3.9652667,3.74,4.693888547047008
6.3,4.4625063,5.049999999999999,5.865035786756526
6.68,5.276511,6.3,7.023289589017557
7.37,6.0774574,6.68,7.415731067454419
8.29,6.6185265,7.37,8.163867450605252
9.76,7.0629897,8.29,9.017331136231638
11.31,7.75352,9.76,10.337914270809504
10.59,9.108112,11.31,11.984793702259514
14.45,9.153781,10.59,11.473814320653135
13.09,10.604118,14.45,14.91070225783399
13.05,10.017854,13.09,13.834399637324605
27.16,9.7585745,13.05,13.786284191447775
21.79,15.607182,27.16,26.299458140499038
23.08,15.172468,21.79,22.439026714835357
28.6,17.481121,23.08,23.858218571361096
15.32,19.090483,28.6,28.547042817219992
21.91,15.060481,15.32,17.048082529692945
26.07,15.875492,21.91,22.30869554158706
17.83,17.742994,26.07,25.013025719218845
16.59,15.5184145,17.83,18.206970198905548
24.25,14.215623,16.59,16.96979570591112
12.52,16.00546,24.25,22.792473247080647
24.01,11.489206,12.52,13.142830527084232
20.87,15.241177,24.01,22.504977257018137
17.61,14.196327,20.87,19.478291303204198
15.5,13.275033,17.61,16.899476512786975
14.21,11.466505,15.5,14.867203955855537
13.46,9.341034,14.21,12.784521447205435
6.8,7.567346,13.46,12.304605887556919
5.83,4.596438,6.8,6.151968477240635
7.21,2.975162,5.83,4.891190724990071
2.03,2.1759121,7.21,5.817125639170173
2.05,0.0,2.03,1.3738757940602075
0.63,0.0,2.05,1.018256056085852
0.69,0.0,0.63,-0.16726410540100545
0.76,0.0,0.69,-0.43577647829204424
0.21,0.0,0.76,-0.22665471204623816
0.02,0.0,0.21,-0.7087335859124863
0.0,0.0,0.02,-0.6920304727897182
0.0,0.0,0.0,-0.6486252879539939
0.0,0.0,0.0,-0.6860722409444726
0.0,0.0,0.0,-0.49001215900490586
0.0,0.0,0.0,-0.4284131749551553
0.0,0.0,0.0,-0.4683752266978339
0.0,0.0,0.0,-0.3507705862259257
0.0,0.0,0.0,-0.30147049637968226
0.0,0.0,0.0,-0.34936937183045136
0.0,0.0,0.0,-0.24172799293923877
0.0,0.0,0.0,-0.2290455448388186
0.0,0.0,0.0,-0.2117283604298268
0.0,0.0,0.0,-0.2009349712607963
0.0,0.0,0.0,-0.16412147228632523
0.0,0.0,0.0,-0.14853167353490668
0.0,0.0,0.0,-0.17815080198299224
0.0,0.0,0.0,-0.18241657122421534
0.0,0.0,0.0,-0.26788210850478494
0.0,0.0,0.0,-0.2972617389817451
0.0,0.0,0.0,-0.2949814348268262
0.0,0.0,0.0,-0.3055093048795764
0.0,0.0,0.0,-0.2771212695552246
0.0,0.0,0.0,-0.271369672723885
0.0,0.0,0.0,-0.2686683571390943
0.0,0.0,0.0,-0.2588794884617882
0.0,0.0,0.0,-0.2222893520390138
0.0,0.0,0.0,-0.20323381088459969
0.0,0.0,0.0,-0.18146578279722075
0.0,0.0,0.0,-0.15687189209509145
0.0,0.0,0.0,-0.1112023739883353
0.0,0.0,0.0,-0.08176755854354054
0.0,0.0,0.0,-0.04838624890613187
0.0,0.0,0.0,-0.012201332231837527
0.0,0.0,0.0,0.03947713106292487
0.0,0.0,0.0,0.07974250334592234
0.0,0.0,0.0,0.12417147817190036
0.0,0.0,0.0,0.16972544920692
0.0,0.0,0.0,0.2282594651121448
0.0,0.0,0.0,0.2763133606370984
0.0,0.0,0.0,0.3258727102615073
0.0,0.0,0.0,0.37755750219559625
0.0,0.12601149,0.0,0.4333639359420619
0.0,0.33869,0.0,0.486454352567954
0.0,0.3917474,0.0,0.541986285465298
0.0,0.4488832,0.0,0.5982106980026315
0.15,1.1271865,0.0,0.6519348535578245
0.34,1.473954,0.15,0.8267931494203556
0.56,1.6377046,0.34,1.0496800074052857
0.7700000000000001,1.72518,0.56,1.3137180397909871
1.12,2.407493,0.7700000000000001,1.5711439588711589
2.45,2.7943432,1.12,1.9353287819793783
3.3,3.5358763,2.45,3.0797559462896347
4.03,4.362405,3.3,3.9473310390093994
4.66,5.6844416,4.03,4.7075716075731835
5.23,6.132208,4.66,5.476407483081879
6.24,6.3239446,5.23,6.090316135857224
6.959999999999999,6.9025536,6.24,6.9601485737841315
5.81,7.7770815,6.959999999999999,7.64306994831026
6.28,7.1659775,5.81,6.859877278564877
11.16,7.200321,6.28,7.1923146897166905
14.1,9.226904,11.16,11.436697540513773
11.13,11.488944,14.1,14.450408492665355
17.7,11.156155,11.13,12.236489539788593
15.34,14.313691,17.7,18.081598061929164
11.85,13.603686,15.34,16.310530369973623
23.31,12.06888,11.85,13.1825235687348
23.34,15.748362,23.31,23.106753925406725
18.8,17.45661,23.34,23.414831172836013
16.24,17.262491,18.8,20.092755978650647
14.81,15.052858,16.24,17.35996862825541
17.78,13.861261,14.81,15.521925654410797
21.55,14.414917,17.78,17.949157765774146
21.19,15.082244,21.55,21.012231660864025
24.68,17.212812,21.19,20.68347157684957
15.89,17.324032,24.68,24.366442426085015
14.63,13.743528,15.89,16.563621218645473
26.52,11.955583,14.63,15.041129710209693
24.09,15.3716135,26.52,24.788262598176903
23.39,15.951743,24.09,22.777830035277912
22.33,16.762558,23.39,22.749919243279777
20.62,15.976931,22.33,21.790449870296207
19.4,14.458808,20.62,20.2114060521679
18.58,13.241426,19.4,18.921667307294403
14.66,12.792359,18.58,17.45409471955891
13.919999999999998,10.002469,14.66,13.801909272058031
7.789999999999999,9.251643,13.919999999999998,12.557194432758907
5.08,5.7128906,7.789999999999999,6.951855698725371
4.6,3.0587628,5.08,4.545933493000446
3.2200000000000006,1.6131644,4.6,3.6327611485831857
4.99,0.6591929,3.2200000000000006,1.8837216157800767
5.0,1.2021772,4.99,3.2719667550048
2.78,1.5561148,5.0,3.2084830275126373
1.43,0.4847746,2.78,1.8902300831393213
0.81,0.064428754,1.43,0.8121534621848567
0.05,0.0,0.81,0.07968485543666998
0.0,0.0,0.05,-0.6720921370636
0.0,0.0,0.0,-0.7277565518789438
0.0,0.0,0.0,-0.7556770759791644
0.0,0.0,0.0,-0.5384999035653096
0.0,0.0,0.0,-0.4848651157416179
0.0,0.0,0.0,-0.4388488113041715
0.0,0.0,0.0,-0.30372938048884845
0.0,0.0,0.0,-0.3158655540426217
0.0,0.0,0.0,-0.2875494832996992
0.0,0.0,0.0,-0.18875055829767862
0.0,0.0,0.0,-0.14045389008388934
0.0,0.0,0.0,-0.10980261631951702
0.0,0.0,0.0,-0.07579205952489534
0.0,0.0,0.0,-0.04639188145193197
0.0,0.0,0.0,-0.035063010660398505
0.0,0.0,0.0,-0.06995828588326358
0.0,0.0,0.0,-0.09996007037372867
0.0,0.0,0.0,-0.3276925003572163
0.0,0.0,0.0,-0.3389151202346151
0.0,0.0,0.0,-0.317606896459619
0.0,0.0,0.0,-0.30933246188230135
0.0,0.0,0.0,-0.29559273211335046
0.0,0.0,0.0,-0.29972879898702864
0.0,0.0,0.0,-0.2890534849931997
0.0,0.0,0.0,-0.27773566732332877
0.0,0.0,0.0,-0.2451605338239391
0.0,0.0,0.0,-0.2357775969826017
0.0,0.0,0.0,-0.21884939536800682
0.0,0.0,0.0,-0.19309886498993287
0.0,0.0,0.0,-0.14525508191135017
0.0,0.0,0.0,-0.11703885931441313
0.0,0.0,0.0,-0.08005764835690865
0.0,0.0,0.0,-0.04793672600268955
0.0,0.0,0.0,0.010126721119994228
0.0,0.0,0.0,0.05129241912568744
0.0,0.0,0.0,0.09134859831829589
0.0,0.0,0.0,0.1284230233734019
0.0,0.0,0.0,0.19113001023328596
0.0,0.0,0.0,0.2442835522252241
0.0,0.0,0.0,0.29273414661378794
0.0,0.0,0.0,0.34498862399773694
0.0,0.0,0.0,0.4008183636804238
0.0,0.04806724,0.0,0.45159500063159064
0.0,0.041221235,0.0,0.5134124817331149
0.0,0.11766736,0.0,0.566221931207726
0.21,0.8009618,0.0,0.6202921933286142
0.67,1.1697648,0.21,0.8513630080117376
1.38,1.515764,0.67,1.3131804661582658
2.57,2.055624,1.38,1.995736716560951
3.17,3.6452634,2.57,3.0489675947941546
5.14,4.5785913,3.17,3.7152980571913874
6.8,5.9176054,5.14,5.363328635592263
6.36,7.2268095,6.8,7.04066943023342
5.6000000000000005,7.7342515,6.36,7.024115158015489
5.52,7.093369,5.6000000000000005,6.532899775475466
6.17,6.410286,5.52,6.386056395261009
5.329999999999999,6.2259545,6.17,6.881739571348109
5.02,5.942526,5.329999999999999,6.185599075783846
6.19,5.5596104,5.02,5.910406500251536
10.95,5.9077296,6.19,6.87272636027469
14.45,8.45541,10.95,10.991579879543734
12.23,11.455627,14.45,14.54853536428953
15.25,12.007096,12.23,13.180280937204708
14.18,13.437843,15.25,15.9447866272785
12.73,13.069141,14.18,15.044626387595311
13.51,12.236276,12.73,13.784454706239076
10.58,12.037799,13.51,14.246711756252882
11.51,10.495846,10.58,11.33403603300511
11.760000000000002,10.174854,11.51,12.161195759058028
13.0,10.04837,11.760000000000002,12.20348807333713
14.55,10.64628,13.0,13.317470218322173
15.28,11.516506,14.55,14.76805374535738
21.349999999999998,12.052008,15.28,15.457824257843127
19.22,14.471789,21.349999999999998,20.90492418250468
23.87,14.535271,19.22,19.47771035453841
19.85,16.65317,23.87,23.591151703481376
17.74,15.612469,19.85,20.279819074168316
14.44,14.234578,17.74,18.265780086815877
10.93,11.926594,14.44,15.034020134973654
13.78,9.509394,10.93,11.280256876527377
15.52,9.592306,13.78,13.265816981867783
13.7,10.147101,15.52,14.511478178365229
19.94,9.929356,13.7,13.090856617461991
10.42,12.307467,19.94,18.489302755991158
10.72,8.599858,10.42,10.417681192594312
9.539999999999997,7.603938,10.72,10.274150613341627
7.09,6.0905986,9.539999999999997,8.712026347584013
6.67,4.463672,7.09,6.187861436278671
5.52,3.1135259,6.67,5.81140028255542
2.73,2.270801,5.52,4.493927045229109
1.76,0.6773864,2.73,2.3101707951774486
1.33,0.0,1.76,1.2696270848667934
1.48,0.0,1.33,0.6695171859719407
0.78,0.0,1.48,0.5517545498373608
0.08,0.0,0.78,0.08086866187411793
0.0,0.0,0.08,-0.6535117320240509
0.0,0.0,0.0,-0.5089357934644352
0.0,0.0,0.0,-0.5155606341834632
0.0,0.0,0.0,-0.49746634012435226
0.0,0.0,0.0,-0.400542911205868
0.0,0.0,0.0,-0.3566082598264657
0.0,0.0,0.0,-0.3150359846536794
0.0,0.0,0.0,-0.2670601251156534
0.0,0.0,0.0,-0.2707238291520652
0.0,0.0,0.0,-0.21189482446557428
0.0,0.0,0.0,-0.20213275398848068
0.0,0.0,0.0,-0.19009427232290182
0.0,0.0,0.0,-0.11604560444807444
0.0,0.0,0.0,-0.1214668905177272
0.0,0.0,0.0,-0.10823014079305956
0.0,0.0,0.0,-0.10672065389839169
0.0,0.0,0.0,-0.11312316212732716
0.0,0.0,0.0,-0.3006932524392731
0.0,0.0,0.0,-0.2959839865677322
0.0,0.0,0.0,-0.3106144604204942
0.0,0.0,0.0,-0.3159451670771476
0.0,0.0,0.0,-0.2872468507823244
0.0,0.0,0.0,-0.287024552359639
0.0,0.0,0.0,-0.2863029886939781
0.0,0.0,0.0,-0.27684474606263165
0.0,0.0,0.0,-0.23626739245818565
0.0,0.0,0.0,-0.21917404314349856
0.0,0.0,0.0,-0.2038011825197467
0.0,0.0,0.0,-0.1933192822818428
0.0,0.0,0.0,-0.16638979257225356
0.0,0.0,0.0,-0.14738876788319838
0.0,0.0,0.0,-0.0934062058993488
0.0,0.0,0.0,-0.07060392367203117
0.0,0.0,0.0,-0.0077877329961064876
0.0,0.0,0.0,0.03765010854755424
0.0,0.0,0.0,0.07932280592163778
0.0,0.0,0.0,0.12088295513687676
0.0,0.0,0.0,0.1758981810580519
0.0,0.0,0.0,0.22901071668727493
0.0,0.0,0.0,0.27842697478486683
0.0,0.0,0.0,0.325977244464445
0.0,0.0,0.0,0.3859841862413355
0.0,0.0,0.0,0.4431077567052726
0.0,0.0,0.0,0.5029645119571826
0.0,0.0,0.0,0.557007804767641
0.25,0.586697,0.0,0.6060089078113812
0.98,0.99144197,0.25,0.8657895914799618
1.56,1.4387966,0.98,1.5500194368556783
2.56,1.9906732,1.56,2.076262215469616
3.26,3.42088,2.56,3.0440602259257044
4.11,4.2556458,3.26,3.7791687928131052
4.84,4.8187447,4.11,4.668417179279435
5.72,5.1517143,4.84,5.441057801969409
6.69,6.105007,5.72,6.299817481519199
7.2,6.7558084,6.69,7.256327618473184
7.83,7.13587,7.2,7.81676705087322
6.87,7.39825,7.83,8.45602931858935
8.4,7.1275673,6.87,7.751469351310081
9.0,7.6377244,8.4,9.001113474051397
10.85,8.006799,9.0,9.51893942339176
11.01,8.988768,10.85,11.26773810184808
10.46,9.611344,11.01,11.616282251522437
11.219999999999999,9.557598,10.46,11.206029859553935
11.54,9.639119,11.219999999999999,11.935487866945353
11.81,9.620491,11.54,12.183859560463372
12.0,9.831155,11.81,12.420488446218267
15.3,10.010426,12.0,12.517452556102867
17.65,11.608306,15.3,15.50127724606548
17.61,13.069871,17.65,17.80556897933802
18.57,13.864113,17.61,18.099695313484222
21.84,14.769098,18.57,19.053457025602988
22.92,16.2507,21.84,21.891990158802777
20.97,16.907923,22.92,22.995575284965398
20.1,16.455442,20.97,21.440548142946046
16.61,15.921076,20.1,20.53934738093568
14.91,13.815789,16.61,17.216325684324453
10.04,12.150837,14.91,15.285005509451684
8.0,9.10762,10.04,10.45666454934011
9.23,7.257116,8.0,8.038307238338975
6.56,6.9769773,9.23,8.535987571219447
6.88,5.559929,6.56,6.070061521736214
9.37,4.890957,6.88,6.239202697423152
9.19,5.5960436,9.37,8.21539498448595
8.19,5.7321,9.19,8.219596751745474
7.88,5.4750338,8.19,7.529170683473398
7.250000000000001,4.8588414,7.88,7.208595363629517
6.17,4.0757394,7.250000000000001,6.625277157739632
5.22,3.229324,6.17,5.6759488728020635
4.42,2.5866423,5.22,4.715491881047828
3.62,1.6092074,4.42,3.9790093406257667
2.89,0.98279,3.62,3.205740647430375
2.09,0.74360836,2.89,2.4455095931712956
1.59,0.53831714,2.09,1.743896479497812
0.71,0.08959935,1.59,1.2734482061927068
0.32,0.0,0.71,0.4433324728922547
0.04,0.0,0.32,0.05818859398560125
0.0,0.0,0.04,-0.19792504055440108
0.0,0.0,0.0,-0.2468503774034227
0.0,0.0,0.0,-0.22684652454722548
0.0,0.0,0.0,-0.21037301717501428
0.0,0.0,0.0,-0.17121092004035524
0.0,0.0,0.0,-0.1574752449929362
0.0,0.0,0.0,-0.15762596463129325
0.0,0.0,0.0,-0.15104028682539808
0.0,0.0,0.0,-0.16682224902204018
0.0,0.0,0.0,-0.14958466856674527
0.0,0.0,0.0,-0.12299943949298918
0.0,0.0,0.0,-0.12061365861522261
0.0,0.0,0.0,-0.12551984842381336
0.0,0.0,0.0,-0.1054532752763062
0.0,0.0,0.0,-0.1087839846537321
0.0,0.0,0.0,-0.11735133795814208
0.0,0.0,0.0,-0.13508662118515807
0.0,0.0,0.0,-0.538943946851448
0.0,0.0,0.0,-0.5449768448299371
0.0,0.0,0.0,-0.5621460404141249
0.0,0.0,0.0,-0.5655914986052082
0.0,0.0,0.0,-0.5393280745391533
0.0,0.0,0.0,-0.5530770619333449
0.0,0.0,0.0,-0.5710733169160842
0.0,0.0,0.0,-0.5786369583729856
0.0,0.0,0.0,-0.5483564383420456
0.0,0.0,0.0,-0.5333281515895378
0.0,0.0,0.0,-0.5130807990371992
0.0,0.0,0.0,-0.4885337017882862
0.0,0.0,0.0,-0.44331672464422617
0.0,0.0,0.0,-0.41384116450867453
0.0,0.0,0.0,-0.38193682979080107
0.0,0.0,0.0,-0.3475818718700958
0.0,0.0,0.0,-0.2938394627761492
0.0,0.0,0.0,-0.2549494100977149
0.0,0.0,0.0,-0.2103662235714518
0.0,0.0,0.0,-0.16458703802401226
0.0,0.0,0.0,-0.10783437531568602
0.0,0.0,0.0,-0.06034991642734921
0.0,0.0,0.0,-0.01149654562004573
0.0,0.0,0.0,0.041466800331354976
0.0,0.0,0.0,0.09666620620421684
0.0,0.0,0.0,0.14874858581127037
0.0,0.0,0.0,0.20238555409255551
0.0,0.0,0.0,0.25559032274773463
0.0,0.0,0.0,0.30929384820675043
0.0,0.0,0.0,0.3629379880732281
0.01,0.0,0.0,0.4176191821588971
0.04,0.0,0.01,0.4825378639837323
0.42,0.0,0.04,0.5555557436863847
0.86,0.0,0.42,0.9302705856564809
1.16,0.0,0.86,1.381341673545329
1.49,0.0,1.16,1.738536659394287
2.27,0.0,1.49,2.1077003251427113
2.2,0.5555529,2.27,2.8131979734813273
1.98,0.5689163,2.2,2.8931662155680913
2.12,0.27485293,1.98,2.7773714400007075
2.04,0.62593067,2.12,2.8928984632144745
2.1,0.59918815,2.04,2.8311374417191852
2.67,0.48412788,2.1,2.8966464313803115
2.8100000000000005,0.6710523,2.67,3.381853433184509
2.8000000000000003,1.2620775,2.8100000000000005,3.561748134758769
3.11,1.5453829,2.8000000000000003,3.620621255021273
3.0699999999999994,1.7153052,3.11,3.8981267813334584
3.31,1.5626453,3.0699999999999994,3.9092796306110897
4.18,1.8020531,3.31,4.157881117971753
5.02,2.4887185,4.18,4.842949577261533
4.779999999999999,3.109481,5.02,5.621199919204638
5.53,3.327231,4.779999999999999,5.517791826945067
5.95,3.7393947,5.53,6.1606887954112235
4.39,3.9193933,5.95,6.536634135362351
4.58,3.1984894,4.39,5.246119412993896
3.69,2.9318168,4.58,5.324095368068423
3.28,2.3948598,3.69,4.385711366706722
5.09,1.9920788,3.28,3.9211992406633316
4.55,2.4978762,5.09,5.3488345950311915
3.55,2.571392,4.55,4.9263151923300015
3.47,2.2061412,3.55,4.171852410780674
4.36,2.1609082,3.47,3.9660634388822795
4.07,2.4516244,4.36,4.556616992711615
3.63,2.3551524,4.07,4.364357894569995
5.609999999999999,2.3726237,3.63,3.8800945607218083
8.95,2.9322088,5.609999999999999,5.583674755421628
9.09,4.781613,8.95,8.36331133818652
7.81,5.7219834,9.09,8.80518423019208
5.84,5.631055,7.81,7.863456127287142
3.81,4.361411,5.84,6.210894787804304
1.8,2.8909538,3.81,4.172295472523777
1.36,1.3401579,1.8,2.161637675225179
1.9,0.32587707,1.36,1.3694056046280192
1.71,0.39288226,1.9,1.5091853372018762
1.15,0.5548537,1.71,1.2982400171274957
1.04,0.55091643,1.15,0.922057173386175
0.84,0.27886957,1.04,0.8388428501273125
0.34,0.33958995,0.84,0.5972181611749203
0.06,0.37935728,0.34,0.035899362725571246
0.0,0.3810995,0.06,-0.2930831240416499
0.0,0.22051948,0.0,-0.38449260251029493
0.0,0.13672341,0.0,-0.4021287939220378
0.0,0.15667833,0.0,-0.3882250554596125
0.0,0.19639666,0.0,-0.37523825230781177
0.0,0.07835676,0.0,-0.36744667445007895
0.0,0.06805672,0.0,-0.4054279669013425
0.0,0.09620818,0.0,-0.4223608833262468
0.0,0.110797234,0.0,-0.43758082136680837
0.0,0.0,0.0,-0.43708396339301875
0.0,0.0,0.0,-0.44064174939836787
0.0,0.0,0.0,-0.42168777271910035
0.0,0.0,0.0,-0.41648895253482193
0.0,0.0,0.0,-0.3968748429936148
0.0,0.0,0.0,-0.411476684675584
0.0,0.0,0.0,-0.42941013145247586
0.0,0.0,0.0,-0.4493979216329425
0.0,0.0,0.0,-0.3595061987338549
0.0,0.0,0.0,-0.3623216601276252
0.0,0.0,0.0,-0.36479772764395557
0.0,0.0,0.0,-0.36705660254996686
0.0,0.0,0.0,-0.3392736113506091
0.0,0.0,0.0,-0.33438640949771886
0.0,0.0,0.0,-0.32831579871223715
0.0,0.0,0.0,-0.31776724170836124
0.0,0.0,0.0,-0.2811996084160704
0.0,0.0,0.0,-0.2654504614694277
0.0,0.0,0.0,-0.24525618879914582
0.0,0.0,0.0,-0.2214715362165032
0.0,0.0,0.0,-0.17704260223890098
0.0,0.0,0.0,-0.14651153219170798
0.0,0.0,0.0,-0.11579876591355262
0.0,0.0,0.0,-0.07938028664966815
0.0,0.0,0.0,-0.025748096917039137
0.0,0.0,0.0,0.013220447560677723
0.0,0.0,0.0,0.057093539668679666
0.0,0.0,0.0,0.10326015270512215
0.0,0.0,0.0,0.15868596290548248
0.0,0.0,0.0,0.20584026584943485
0.0,0.0,0.0,0.2577366630109894
0.0,0.0,0.0,0.30977600378990056
0.0,0.0,0.0,0.3653803003380165
0.0,0.0,0.0,0.4189485572137537
0.0,0.0,0.0,0.47239316992277003
0.0,0.0,0.0,0.5269277618142316
0.14,0.22357479,0.0,0.5803824849740519
0.32,0.5242161,0.14,0.7478296369009997
1.01,0.4501182,0.32,0.9695528062308136
1.17,0.6346954,1.01,1.636107739224174
1.11,1.4258882,1.17,1.8679500314968571
2.09,1.472418,1.11,1.9239782776846193
3.4,1.8522422,2.09,2.7640124610373213
5.03,2.7092452,3.4,3.9569135680342606
5.95,4.5707664,5.03,5.492441999978181
10.4,5.848681,5.95,6.482654230434504
7.63,8.641911,10.4,10.365223307397358
10.659999999999998,7.9274106,7.63,8.550917235946885
10.25,9.4978285,10.659999999999998,11.246745443068988
12.9,9.335685,10.25,10.947146882573996
16.63,10.24147,12.9,13.293329988071024
15.15,12.319442,16.63,16.798457329538966
12.07,13.346614,15.15,15.790340995295303
8.99,12.048741,12.07,13.355649214668546
5.12,9.506227,8.99,10.2256165100667
6.52,6.541023,5.12,6.468326345518988
11.16,5.993323,6.52,7.078563617479747
24.09,7.83957,11.16,10.860358588580983
26.83,14.686793,24.09,22.489267536792898
25.08,17.773191,26.83,26.310228314619895
20.78,19.14132,25.08,25.73924750277482
12.63,18.32389,20.78,22.22647558962578
15.66,13.251884,12.63,14.586179083767883
14.06,12.640263,15.66,16.06664005782155
15.17,11.51064,14.06,13.909370427022642
20.16,11.971819,15.17,14.713549444786233
15.87,13.606096,20.16,19.12759793666149
10.98,12.82478,15.87,15.931255382901405
15.71,10.215895,10.98,11.743271349531508
6.08,11.286886,15.71,15.245644042621903
5.42,7.096468,6.08,6.372455587619417
4.97,5.505807,5.42,5.305430933582096
7.63,3.9745605,4.97,4.327336373616165
18.82,4.2269382,7.63,6.405967787483852
15.75,9.050894,18.82,16.51916373778185
8.56,10.602353,15.75,14.510908010435863
7.33,8.355305,8.56,9.160675058902136
8.52,6.106899,7.33,7.627173654187041
12.38,4.987939,8.52,7.676958087731961
7.64,6.0829644,12.38,10.371627980940358
2.3899999999999997,4.5735974,7.64,6.656789863981475
2.17,1.8257717,2.3899999999999997,2.438506372665171
1.99,0.50835437,2.17,2.151209122872963
2.01,0.090441376,1.99,1.5957447620707104
1.21,0.0,2.01,1.4429242226152457
0.28,0.0,1.21,0.7207586137189883
0.03,0.0,0.28,-0.29262438641611155
0.0,0.0,0.03,-0.38627117688799256
0.0,0.0,0.0,-0.3452840327353356
0.0,0.0,0.0,-0.35222794889241305
0.0,0.0,0.0,-0.3456239642967275
0.0,0.0,0.0,-0.43250103010200586
0.0,0.0,0.0,-0.3175940833237493
0.0,0.0,0.0,-0.16900462351959714
0.0,0.0,0.0,-0.22825785653721875
0.0,0.0,0.0,-0.24564662893432357
0.0,0.0,0.0,-0.2479726375227576
0.0,0.0,0.0,-0.23274510654735014
0.0,0.0,0.0,-0.14401942050899674
0.0,0.0,0.0,-0.12648653250408987
0.0,0.0,0.0,-0.13895835902527187
0.0,0.0,0.0,-0.14623659630217606
0.0,0.0,0.0,-0.13766191881658912
0.0,0.0,0.0,-0.10169266346497494
0.0,0.0,0.0,-0.3095482732263045
0.0,0.0,0.0,-0.3397144402342879
0.0,0.0,0.0,-0.34007689132113134
0.0,0.0,0.0,-0.33686189187742693
0.0,0.0,0.0,-0.31925707388601127
0.0,0.0,0.0,-0.316489291582383
0.0,0.0,0.0,-0.3074026755792346
0.0,0.0,0.0,-0.3021424213654671
0.0,0.0,0.0,-0.26438986375651696
0.0,0.0,0.0,-0.24511729491727238
0.0,0.0,0.0,-0.2254448863065359
0.0,0.0,0.0,-0.2044159076908793
0.0,0.0,0.0,-0.15305522077312336
0.0,0.0,0.0,-0.12388127023420373
0.0,0.0,0.0,-0.09119676085069581
0.0,0.0,0.0,-0.057356341605972715
0.0,0.0,0.0,-0.008021298846431317
0.0,0.0,0.0,0.03505653051453627
0.0,0.0,0.0,0.07319122907429992
0.0,0.0,0.0,0.12274090855319926
0.0,0.0,0.0,0.17828323441309518
0.0,0.0,0.0,0.22879820642398005
0.0,0.0,0.0,0.2805877141827813
0.0,0.0,0.0,0.33061931619224183
0.0,0.0,0.0,0.382208631082809
0.0,0.098985516,0.0,0.4290992881252322
0.0,0.17281768,0.0,0.48366026036702714
0.0,0.19552216,0.0,0.5321157029177482
0.28,0.6996911,0.0,0.5827679583631493
1.12,0.7277698,0.28,0.8694236044466845
1.73,1.0359995,1.12,1.6350832765474435
2.02,1.5108824,1.73,2.2101527113287434
2.8000000000000003,2.4870594,2.02,2.6283140014157937
4.03,3.1118596,2.8000000000000003,3.384648984817872
5.0600000000000005,3.88703,4.03,4.530153642915319
5.36,4.723954,5.0600000000000005,5.568934542663594
4.67,5.5910845,5.36,5.989561796431213
5.41,5.167658,4.67,5.559347797680552
6.38,5.1108513,5.41,6.171880164383938
5.92,5.46206,6.38,6.998005056517763
4.85,5.6830926,5.92,6.702813036670248
3.5,5.078498,4.85,5.810884979618692
4.89,3.8605661,3.5,4.643386273954661
6.47,4.099818,4.89,5.628035775176048
7.87,5.216126,6.47,6.939606197305103
6.54,6.4835377,7.87,8.274517350536213
9.529999999999998,6.2171936,6.54,7.401011217996237
10.670000000000002,7.3956223,9.529999999999998,9.99106656472425
12.01,8.173194,10.670000000000002,11.050531845495929
13.2,9.048487,12.01,12.557154899209383
8.95,9.983012,13.2,13.853162569754321
9.19,8.192768,8.95,9.99312651490665
9.44,7.3584533,9.19,9.981086915505394
11.28,6.850853,9.44,9.867293513254891
8.09,7.424767,11.28,11.655967114421758
7.96,6.3218236,8.09,8.700922947441608
14.26,5.8243713,7.96,8.387882970382375
24.07,8.300382,14.26,14.000632163275228
21.36,12.95495,24.07,22.929239350157008
17.52,14.405806,21.36,21.51530975848757
18.66,14.3296,17.52,18.572648421658503
18.57,13.972692,18.66,19.223416209692175
16.48,13.246391,18.57,18.703641300535768
21.53,12.274472,16.48,16.706236692323717
15.72,13.932342,21.53,20.567195487392688
14.05,11.909877,15.72,15.70934988477679
18.59,9.797675,14.05,13.804423276229873
14.54,10.59714,18.59,17.15171592414681
10.05,9.011864,14.54,13.57014408559701
5.99,6.8597126,10.05,9.633611151436162
4.68,3.6546645,5.99,5.4603635241649044
4.39,1.554447,4.68,3.850591164345347
2.12,0.6129002,4.39,3.253692802587614
1.59,0.0,2.12,1.1631012357312365
1.12,0.0,1.59,0.678842459648889
0.38,0.0,1.12,0.303434519537657
0.07,0.0,0.38,-0.4655930715048184
0.0,0.0,0.07,-0.6811468364309472
0.0,0.0,0.0,-0.7724353598576043
0.0,0.0,0.0,-0.8908977106524252
0.0,0.0,0.0,-0.8262265448830265
0.0,0.0,0.0,-0.6851930259347284
0.0,0.0,0.0,-0.48197726967917454
0.0,0.0,0.0,-0.43884367876403363
0.0,0.0,0.0,-0.43614974307913434
0.0,0.0,0.0,-0.36295200860470417
0.0,0.0,0.0,-0.310988089178419
0.0,0.0,0.0,-0.2973943191595285
0.0,0.0,0.0,-0.2256435864204146
0.0,0.0,0.0,-0.22883639765953934
0.0,0.0,0.0,-0.18935026907475222
0.0,0.0,0.0,-0.1347054973471823
0.0,0.0,0.0,-0.1254961552624111
0.0,0.0,0.0,-0.13890539420485049
0.0,0.0,0.0,-0.42274234839657954
0.0,0.0,0.0,-0.4272815968280623
0.0,0.0,0.0,-0.4228973432751773
0.0,0.0,0.0,-0.43676297262663055
0.0,0.0,0.0,-0.41055850187728427
0.0,0.0,0.0,-0.40815328042412274
0.0,0.0,0.0,-0.40658512500588206
0.0,0.0,0.0,-0.399645149304199
0.0,0.0,0.0,-0.36168873091633413
0.0,0.0,0.0,-0.34996188392422695
0.0,0.0,0.0,-0.33621869318113573
0.0,0.0,0.0,-0.3313144428857557
0.0,0.0,0.0,-0.3018350639075003
0.0,0.0,0.0,-0.2768779578608429
0.0,0.0,0.0,-0.24586001367775995
0.0,0.0,0.0,-0.209872624775864
0.0,0.0,0.0,-0.16274534542689484
0.0,0.0,0.0,-0.12201756831498298
0.0,0.0,0.0,-0.08820421855581712
0.0,0.0,0.0,-0.0540503514453268
0.0,0.0,0.0,0.0019182688873119538
0.0,0.0,0.0,0.04691633251501362
0.0,0.0,0.0,0.09776668315469361
0.0,0.0,0.0,0.14899168163530446
0.0,0.0,0.0,0.20517705781364043
0.0,0.0,0.0,0.2607211382459223
0.0,0.0,0.0,0.3159468669552908
0.0,0.0,0.0,0.3702472594662771
0.03,0.0,0.0,0.42759062594391106
0.28,0.0,0.03,0.5066838306435449
0.52,0.0,0.28,0.772839501789855
0.67,0.0,0.52,1.0532517021243186
1.03,0.0,0.67,1.2623471391385475
2.14,0.07514615,1.03,1.6395689599492214
2.63,0.7126316,2.14,2.615921817923074
2.9,1.2442194,2.63,3.1856190300506455
3.52,2.18672,2.9,3.5451915155575286
3.96,2.6574273,3.52,4.169930325999647
4.68,2.9091454,3.96,4.636334544160397
6.1,3.3092656,4.68,5.31905558856258
8.25,4.7410145,6.1,6.567007185409832
10.120000000000001,6.3631077,8.25,8.540303663007103
9.94,7.7642856,10.120000000000001,10.398156899444647
9.73,8.01336,9.94,10.521347890242858
9.39,8.01378,9.73,10.432946868051715
11.32,7.480754,9.39,10.060941700262285
14.05,7.8849354,11.32,11.748153815620839
12.839999999999998,9.504638,14.05,14.302778293544549
8.57,9.900316,12.839999999999998,13.472493204151167
9.07,7.970135,8.57,9.62266062950286
8.65,7.1721497,9.07,9.643922167910976
6.23,6.2222347,8.65,9.019350422597352
10.71,4.645889,6.23,6.824076862414848
11.28,6.197977,10.71,10.34611635702097
11.35,6.922148,11.28,11.025982595672513
10.670000000000002,7.495728,11.35,11.512930262379987
10.53,7.017897,10.670000000000002,10.807110905321176
7.77,6.7157865,10.53,10.606499076795526
10.89,5.3723006,7.77,7.996658251189518
10.91,6.360506,10.89,10.318299922635891
12.63,6.2399645,10.91,10.338950028076908
14.04,7.4086957,12.63,12.015534139291194
11.91,8.669737,14.04,13.337284550542801
5.39,7.794265,11.91,11.348011412691182
3.65,4.3755984,5.39,6.03390476261154
2.04,2.5975535,3.65,3.782108021953391
1.52,0.53228384,2.04,1.8278551806389247
1.26,0.0,1.52,0.9543488253507387
1.18,0.0,1.26,0.6010899588942262
0.89,0.0,1.18,0.4886990027384265
0.44,0.0,0.89,0.45441361134260094
0.15,0.0,0.44,0.02422216073454199
0.01,0.0,0.15,-0.24987699175818043
0.0,0.0,0.01,-0.5028625023820784
0.0,0.0,0.0,-0.5724355114319661
0.0,0.0,0.0,-0.5656490926545649
0.0,0.0,0.0,-0.4664509507272243
0.0,0.0,0.0,-0.40953826424032536
0.0,0.0,0.0,-0.36756717127809607
0.0,0.0,0.0,-0.3719485383122413
0.0,0.0,0.0,-0.38864101986378496
0.0,0.0,0.0,-0.39122232603631285
0.0,0.0,0.0,-0.37057441138715835
0.0,0.0,0.0,-0.3407102549606912
0.0,0.0,0.0,-0.33371935179138384
0.0,0.0,0.0,-0.3149747659947428
0.0,0.0,0.0,-0.2670382420610071
0.0,0.0,0.0,-0.2665842250760445
0.0,0.0,0.0,-0.30082986982624543
0.0,0.0,0.0,-0.3159846586015346
0.0,0.0,0.0,-0.5437274405614003
0.0,0.0,0.0,-0.5504852959390918
0.0,0.0,0.0,-0.5464697175012159
0.0,0.0,0.0,-0.5409206932665459
0.0,0.0,0.0,-0.5186001909433947
0.0,0.0,0.0,-0.5182354250718867
0.0,0.0,0.0,-0.5119159841437495
0.0,0.0,0.0,-0.5009972317127028
0.0,0.0,0.0,-0.46922644091603405
0.0,0.0,0.0,-0.4586362771759251
0.0,0.0,0.0,-0.4422097240826979
0.0,0.0,0.0,-0.4226591759774784
0.0,0.0,0.0,-0.3750400335938282
0.0,0.0,0.0,-0.3455822081857237
0.0,0.0,0.0,-0.31548146812187294
0.0,0.0,0.0,-0.28236992370692704
0.0,0.0,0.0,-0.23553069863342097
0.0,0.0,0.0,-0.19480149318986706
0.0,0.0,0.0,-0.15748893934722566
0.0,0.0,0.0,-0.11600957632695016
0.0,0.0,0.0,-0.06430922409797551
0.0,0.0,0.0,-0.018327529797277017
0.0,0.0,0.0,0.030098051949150693
0.0,0.0,0.0,0.07746992338366576
0.0,0.0,0.0,0.13339422933525533
0.0,0.10637236,0.0,0.18651895728623688
0.0,0.040890057,0.0,0.2407124241163182
0.0,0.0,0.0,0.29598430552529414
0.0,0.0,0.0,0.3499755378242216
0.14,0.0,0.0,0.40500238950839423
0.47,0.0,0.14,0.575810317056039
0.72,0.0,0.47,0.9152961097942429
0.92,0.4458429,0.72,1.2026205509042012
0.82,0.725038,0.92,1.4635234732550733
0.91,0.5988716,0.82,1.4627424075453166
1.02,0.3768715,0.91,1.5934157661200434
1.15,0.82064575,1.02,1.7194692534149896
1.21,0.964893,1.15,1.8746972100599373
2.5,0.9662312,1.21,1.9767115664161454
4.15,1.529686,2.5,3.1003779975592836
4.05,3.2312322,4.15,4.598316402394605
3.81,4.164329,4.05,4.71412895757622
4.6,4.3559504,3.81,4.648090549125157
5.67,4.3841677,4.6,5.326279693536787
7.08,5.128577,5.67,6.254298440878948
7.68,6.028755,7.08,7.560195382516196
5.95,6.5937333,7.68,8.212134179263458
5.59,6.1772056,5.95,6.86679113083443
8.32,5.8782954,5.59,6.483197498629023
12.05,6.648253,8.32,8.588455160635995
10.36,8.357792,12.05,12.16018850609095
6.9,8.44071,10.36,10.792093364205979
5.44,7.494073,6.9,7.971771328697292
5.49,5.982013,5.44,6.4740671746322285
11.99,5.0343013,5.49,6.143850349466523
14.03,7.2007804,11.99,11.623718309776445
8.54,8.846456,14.03,13.806247748811728
13.52,8.186324,8.54,9.228931349213449
9.22,9.639294,13.52,13.601763881992936
9.32,7.661227,9.22,9.735822917925528
6.6,7.078721,9.32,9.54332912684324
3.4899999999999998,5.7300205,6.6,6.935217867571027
3.3,3.796621,3.4899999999999998,3.8380928168302124
2.99,2.4943705,3.3,3.4747209289932117
4.13,1.8999381,2.99,2.838454127839196
2.38,2.2504244,4.13,3.7791722736095386
4.07,1.9675324,2.38,2.353542416347218
3.68,2.4679737,4.07,3.625158318319671
4.54,2.3801188,3.68,3.3245721450002486
2.82,2.725539,4.54,4.09114263532568
4.41,2.2943985,2.82,2.6350447664581593
6.61,2.277059,4.41,3.8712857097168056
3.31,2.9575286,6.61,5.720645466303768
1.46,2.371277,3.31,3.1358597646732345
1.15,1.6607573,1.46,1.6696905639601325
0.42,0.8851636,1.15,1.0937064405205523
0.16,0.16895515,0.42,0.27574068503573956
0.02,0.1797273,0.16,-0.13075818557107238
0.0,0.27268046,0.02,-0.353693922998486
0.0,0.38274014,0.0,-0.33181792472842925
0.0,0.45787224,0.0,-0.27447027648944194
0.0,0.53127635,0.0,-0.3470203389342934
0.0,0.6259076,0.0,-0.27401052505692525
0.0,0.50354135,0.0,-0.3150751601434779
0.0,0.49569997,0.0,-0.37717648075165094
0.0,0.38649404,0.0,-0.3410385376310622
0.0,0.31088293,0.0,-0.34683517416902643
0.0,0.101251476,0.0,-0.3473177561807074
0.0,0.007291627,0.0,-0.36219087467246897
0.0,0.0,0.0,-0.3739609383415363
0.0,0.0,0.0,-0.40280114037553877
0.0,0.0,0.0,-0.38231010031501933
0.0,0.0,0.0,-0.3962892021873118
0.0,0.0,0.0,-0.39967294604775133
0.0,0.0,0.0,-0.41645279288160536
0.0,0.2195369,0.0,-0.6406667522798997
0.0,0.22041067,0.0,-0.6211734884512947
0.0,0.17373551,0.0,-0.6334114777652887
0.0,0.10411004,0.0,-0.6395474416673025
0.0,0.0,0.0,-0.6121161529487307
0.0,0.0,0.0,-0.6108651215453851
0.0,0.0,0.0,-0.6035695050010494
0.0,0.0,0.0,-0.5928788164629878
0.0,0.0,0.0,-0.5568290624215846
0.0,0.0,0.0,-0.5394570178589876
0.0,0.0,0.0,-0.5188362908632203
0.0,0.0,0.0,-0.49586665434134924
0.0,0.0,0.0,-0.4480369755045605
0.0,0.0,0.0,-0.4191371401644449
0.0,0.0,0.0,-0.38632800306830567
0.0,0.0,0.0,-0.35315259255935644
0.0,0.0,0.0,-0.29999238654946575
0.0,0.0,0.0,-0.25977546602420015
0.0,0.0,0.0,-0.21801122483098043
0.0,0.0,0.0,-0.17174582845884195
0.0,0.0,0.0,-0.11555642976297087
0.0,0.0,0.0,-0.06635850455113734
0.0,0.0,0.0,-0.016822572933410194
0.0,0.0,0.0,0.03523379916433991
0.0,0.0,0.0,0.0921310171962518
0.0,0.0,0.0,0.14689372685583513
0.0,0.0,0.0,0.20023033962412567
0.04,0.0,0.0,0.2558269172309492
0.64,0.0,0.04,0.3388781515098224
0.99,0.0,0.64,0.9049369673619551
1.31,0.0,0.99,1.2940356615049158
1.75,0.0,1.31,1.6589072708804355
3.46,0.72231764,1.75,2.1061338162814627
1.99,1.9103017,3.46,3.572104475878397
1.59,1.3392538,1.99,2.6329841231251745
2.77,0.66458726,1.59,2.342621609951896
3.9000000000000004,1.3051409,2.77,3.2972261064381856
3.0699999999999994,2.4301367,3.9000000000000004,4.191020827069334
3.73,2.1766372,3.0699999999999994,3.729323902323671
4.91,2.460552,3.73,4.246089893193285
4.46,3.1551933,4.91,5.396266671151437
4.55,3.3848832,4.46,5.143108432271931
9.75,3.3787348,4.55,5.290929147031198
12.54,5.7910304,9.75,9.63260466367259
9.8,8.339825,12.54,12.501118646323198
4.58,8.925438,9.8,10.540804978476697
3.67,6.163951,4.58,6.1879286342726285
7.250000000000001,4.010561,3.67,4.911453931399099
7.13,4.5924406,7.250000000000001,7.475076095617352
4.74,5.200087,7.13,7.253653074736862
2.63,4.632709,4.74,5.41934080539996
5.12,3.3987153,2.63,3.5719143200296952
13.77,3.5700808,5.12,5.529306256831541
4.27,7.555913,13.77,13.03492551346166
1.13,5.581623,4.27,5.288638321738756
0.85,4.12335,1.13,2.5031063597305483
1.3,2.4223077,0.85,1.6475568276432333
0.76,1.6444036,1.3,1.57462296032135
0.85,0.8584361,0.76,1.1456872639438176
1.18,0.997163,0.85,1.0156138249480051
2.14,1.2267321,1.18,1.4233329509468435
2.62,1.6829042,2.14,2.30059787410418
0.4,2.0045197,2.62,2.8221833552318207
0.7000000000000001,1.4661092,0.4,1.066976209786548
1.33,1.2337956,0.7000000000000001,1.1584142029189737
1.98,1.2525302,1.33,1.3503585565298477
1.93,1.2954127,1.98,2.0624734490643832
1.28,1.7266221,1.93,2.180044518302611
1.11,1.8882929,1.28,1.6677733569113682
1.29,1.9680284,1.11,1.503534930399639
0.7000000000000001,1.937619,1.29,1.5304885043564487
0.37,1.6357168,0.7000000000000001,0.9650721344998983
0.81,1.1662973,0.37,0.6357894444953276
0.57,1.1394565,0.81,0.8967505089427459
0.55,1.0448021,0.57,0.6415138404935112
0.28,0.9888349,0.55,0.6301753286233083
0.1,0.60228777,0.28,0.37439728367934066
0.03,0.67782354,0.1,0.2269659259973284
0.0,0.6030492,0.03,0.05220233578654473
0.0,0.5930879,0.0,-0.0667788358413117
0.0,0.43846688,0.0,-0.08312538389921652
0.0,0.3807468,0.0,-0.12387121026173589
0.0,0.37344602,0.0,-0.1692677956322714
0.0,0.37954518,0.0,-0.1954739622810679
0.0,0.21740314,0.0,-0.20120412526939999
0.0,0.16662046,0.0,-0.2411999255216796
0.0,0.17029095,0.0,-0.2664190682104949
0.0,0.15879057,0.0,-0.31578032658158894
0.0,0.0,0.0,-0.31602468946962403
0.0,0.0,0.0,-0.3392863495216063
0.0,0.0,0.0,-0.3606499751488804
0.0,0.0,0.0,-0.38127159032338703
0.0,0.0,0.0,-0.37782510136424136
0.0,0.0,0.0,-0.39986943104168954
0.0,0.0,0.0,-0.4135707938240981
0.0,0.0,0.0,-0.4313362524915383
0.0,0.0,0.0,-0.6053559859703828
0.0,0.0,0.0,-0.6111501604024961
0.0,0.0,0.0,-0.6172546144514987
0.0,0.0,0.0,-0.6189468216999092
0.0,0.0,0.0,-0.594904927364747
0.0,0.0,0.0,-0.5915872040012448
0.0,0.0,0.0,-0.5872928156010813
0.0,0.0,0.0,-0.5771869881884849
0.0,0.0,0.0,-0.5411069951130687
0.0,0.0,0.0,-0.5228757979163149
0.0,0.0,0.0,-0.5032912561259237
0.0,0.0,0.0,-0.4799951820120007
0.0,0.0,0.0,-0.43346935641667866
0.0,0.0,0.0,-0.4030315510729605
0.0,0.0,0.0,-0.3700325038709431
0.0,0.0,0.0,-0.335085581027783
0.0,0.0,0.0,-0.2835064562626532
0.0,0.0,0.0,-0.2428582487257461
0.0,0.0,0.0,-0.20027302616877946
0.0,0.0,0.0,-0.15525699380622843
0.0,0.0,0.0,-0.09959485486158194
0.0,0.0,0.0,-0.050871041595285764
0.0,0.0,0.0,-0.0018742646013987854
0.0,0.0,0.0,0.04990173899567554
0.0,0.0,0.0,0.10620183998405607
0.0,0.0,0.0,0.15903956256691917
0.0,0.0,0.0,0.2131850806982572
0.0,0.0,0.0,0.26806442945275133
0.0,0.0,0.0,0.3225445718043619
0.04,0.0,0.0,0.376437762642267
0.24,0.0,0.04,0.46000303952785615
0.57,0.0,0.24,0.6792361017763379
0.52,0.0,0.57,1.0289732617181608
0.62,0.0,0.52,1.0710574118572573
0.79,0.0,0.62,1.2261028939673704
1.19,0.0,0.79,1.4326137584422762
2.38,0.0,1.19,1.8155159622035661
2.1,0.548751,2.38,2.855032497496137
1.76,0.6966338,2.1,2.7782015049142976
1.21,0.35801727,1.76,2.5976441660323535
1.35,0.25585893,1.21,2.1296782063601287
1.53,0.033255484,1.35,2.218011067367471
2.02,0.0,1.53,2.3596685913346893
2.74,0.08845274,2.02,2.7644859419374903
3.02,1.00304,2.74,3.4435400652607853
2.52,1.5545337,3.02,3.8087843295580806
3.46,1.4621775,2.52,3.491673340203944
4.22,1.7232298,3.46,4.2867459778222585
5.27,2.521326,4.22,4.918678489667918
5.12,3.6235304,5.27,5.784485662275757
6.73,3.7274408,5.12,5.817705020445865
6.01,4.0619764,6.73,7.268338826874003
5.37,3.8138494,6.01,6.805781300253084
4.84,3.6270134,5.37,6.197246245766732
6.17,3.0638754,4.84,5.69614277549347
4.81,3.5618289,6.17,6.553711838589069
3.89,2.762133,4.81,5.519714212792513
3.66,2.4638104,3.89,4.604848704349404
3.34,2.1457398,3.66,4.283391141355897
3.2,1.8960623,3.34,3.8553260087477135
4.13,1.5369304,3.2,3.6552274347581912
5.53,1.942421,4.13,4.3063073144631066
4.99,2.5742912,5.53,5.56634554628735
5.25,2.9349825,4.99,5.181039898907026
6.73,3.0208056,5.25,5.4362008389933845
7.22,3.4038513,6.73,6.703431371604889
4.68,3.7881181,7.22,7.21446264433952
4.27,3.2505705,4.68,5.060436995704121
4.35,2.6274855,4.27,4.526320625376325
3.3499999999999996,2.1443722,4.35,4.406166843888257
3.18,1.6481085,3.3499999999999996,3.367884663179337
2.36,1.5072585,3.18,3.122720668630532
2.2,0.9036707,2.36,2.3026037631954672
1.45,0.68025565,2.2,2.0882450265065278
1.04,0.45585075,1.45,1.3572289989085695
0.81,0.34753758,1.04,0.9094327210465614
0.25,0.18939498,0.81,0.6309294423043504
0.09,0.19163135,0.25,0.038164852493888374
0.01,0.2212645,0.09,-0.18186895180415955
0.0,0.24808772,0.01,-0.26063241233128687
0.0,0.16735218,0.0,-0.2901737504975182
0.0,0.16193964,0.0,-0.32886851442544235
0.0,0.1856417,0.0,-0.34066347301072936
0.0,0.2234122,0.0,-0.3611651045744759
0.0,0.073846996,0.0,-0.35079737270147215
0.0,0.04406376,0.0,-0.3738000194217226
0.0,0.06525474,0.0,-0.3759168196762716
0.0,0.08382967,0.0,-0.39287682295566556
0.0,0.0,0.0,-0.38020522172770044
0.0,0.0,0.0,-0.3749661357316764
0.0,0.0,0.0,-0.38136342523427563
0.0,0.0,0.0,-0.40547610477710394
0.0,0.0,0.0,-0.3925098752835695
0.0,0.0,0.0,-0.40233122935233295
0.0,0.0,0.0,-0.4169296654364907
0.0,0.0,0.0,-0.425216405420176
0.0,0.0,0.0,-0.3117324523969265
0.0,0.0,0.0,-0.31530216583510823
0.0,0.0,0.0,-0.32186062894422685
0.0,0.0,0.0,-0.32273308503203807
0.0,0.0,0.0,-0.29643150903079885
0.0,0.0,0.0,-0.2917962141566049
0.0,0.0,0.0,-0.28490473049200077
0.0,0.0,0.0,-0.27507250107890846
0.0,0.0,0.0,-0.23971632709467816
0.0,0.0,0.0,-0.22276443061240273
0.0,0.0,0.0,-0.20218942758777
0.0,0.0,0.0,-0.17850157780942316
0.0,0.0,0.0,-0.13263983200694673
0.0,0.0,0.0,-0.1039199278781987
0.0,0.0,0.0,-0.07177724984831405
0.0,0.0,0.0,-0.03582913089205893
0.0,0.0,0.0,0.01594222571368438
0.0,0.0,0.0,0.05782952593755591
0.0,0.0,0.0,0.10097252246153494
0.0,0.0,0.0,0.1466678946546299
0.0,0.0,0.0,0.20313970164533546
0.0,0.0,0.0,0.25244110162908395
0.0,0.0,0.0,0.30276856980152184
0.0,0.0,0.0,0.35459360337933016
0.0,0.0,0.0,0.4093519562678819
0.0,0.0,0.0,0.46459034266692545
0.0,0.0,0.0,0.5173095841733979
0.0,0.0,0.0,0.5721906156815768
0.18,0.21919255,0.0,0.6249001258043271
0.45,0.6262313,0.18,0.8282488763626622
0.89,0.7027838,0.45,1.1244558810908587
1.0,0.8014022,0.89,1.573701061891267
1.4700000000000002,1.4216669,1.0,1.7653005389841019
1.55,1.7907358,1.4700000000000002,2.2006357509819963
1.89,1.5933299,1.55,2.4143765017122787
2.01,1.520354,1.89,2.7482969029522675
3.2200000000000006,2.0262122,2.01,2.8826120620148075
4.97,2.7427347,3.2200000000000006,3.972192408788638
5.84,3.8386672,4.97,5.5997508188967355
8.85,4.729268,5.84,6.573677345492618
10.82,7.421516,8.85,9.225375121865522
11.93,9.056709,10.82,11.37747059045421
11.46,9.818138,11.93,12.569653432325904
10.72,9.708344,11.46,12.412903398730261
12.3,9.495548,10.72,11.70057752898293
17.26,9.973619,12.3,13.09591686238244
17.14,12.546881,17.26,17.394631993154004
15.16,12.74817,17.14,17.764066215968793
17.69,13.103644,15.16,16.256141294176455
16.34,14.32384,17.69,18.381294055088457
16.12,13.484417,16.34,17.168972738091245
19.67,13.312435,16.12,16.876912470030042
18.3,14.96692,19.67,19.733531887472935
16.12,14.750192,18.3,18.63375126725446
17.35,13.935568,16.12,16.81256671746062
18.67,13.838058,17.35,17.64790025659288
17.46,13.983849,18.67,18.659045443844924
17.15,13.528147,17.46,17.62363103395042
16.75,13.30314,17.15,17.115179673317627
17.12,12.567445,16.75,16.662136242638695
16.86,12.04252,17.12,16.903001895551032
15.14,11.79911,16.86,16.502253150008073
13.62,10.978278,15.14,14.900765306099817
11.63,9.808304,13.62,13.435556382438055
9.4,8.177182,11.63,11.340637562419326
9.08,6.366845,9.4,8.936844839591513
10.33,5.5453324,9.08,8.404520951109783
17.84,5.3696175,10.33,9.18503610310002
10.9,8.589838,17.84,15.197998161689467
9.009999999999998,7.167556,10.9,9.962527048199362
7.38,5.7884,9.009999999999998,8.332723778713554
5.34,3.8907905,7.38,6.595472448382226
3.84,2.0923924,5.34,4.336769624869713
2.77,0.9119935,3.84,2.9382843607053664
1.6100000000000003,0.0,2.77,2.066994250763981
0.54,0.0,1.6100000000000003,1.0445525149841068
0.04,0.0,0.54,0.05615408722693421
0.0,0.0,0.04,-0.45323763491724095
0.0,0.0,0.0,-0.5378275915263141
0.0,0.0,0.0,-0.5673708784644379
0.0,0.0,0.0,-0.6982095742237643
0.0,0.0,0.0,-0.526303219128029
0.0,0.0,0.0,-0.4392442392346521
0.0,0.0,0.0,-0.388045931843126
0.0,0.0,0.0,-0.33079382476514757
0.0,0.0,0.0,-0.29214859809955973
0.0,0.0,0.0,-0.24105452406996852
0.0,0.0,0.0,-0.21521626275981312
0.0,0.0,0.0,-0.20680327498045525
0.0,0.0,0.0,-0.20724868806643673
0.0,0.0,0.0,-0.1781125329448213
0.0,0.0,0.0,-0.1643993962848325
0.0,0.0,0.0,-0.0987022919674364
0.0,0.0,0.0,-0.11596592876675471
0.0,0.0,0.0,-0.03588395504957438
0.0,0.0,0.0,-0.02752197421518946
0.0,0.0,0.0,-0.029098939859908517
0.0,0.0,0.0,-0.029010240608256972
0.0,0.0,0.0,-0.0020755195416548647
0.0,0.0,0.0,-0.004447479596117777
0.0,0.0,0.0,-0.0024606187798122126
0.0,0.0,0.0,0.0007808649556121511
0.0,0.0,0.0,0.038149480368206666
0.0,0.0,0.0,0.05331464552887735
0.0,0.0,0.0,0.0755408707519856
0.0,0.0,0.0,0.09403179847284679
0.0,0.0,0.0,0.13668094156443153
0.0,0.0,0.0,0.16366222301455194
0.0,0.0,0.0,0.19435834849987207
0.0,0.0,0.0,0.22673501184224099
0.0,0.0,0.0,0.27939595905613723
0.0,0.0,0.0,0.3193993614635002
0.0,0.0,0.0,0.36022600789473563
0.0,0.0,0.0,0.4025993024672174
0.0,0.0,0.0,0.4598234113294809
0.0,0.0,0.0,0.5079779647878017
0.0,0.0,0.0,0.5561011720605181
0.0,0.0,0.0,0.6072083703096632
0.0,0.0,0.0,0.6636570742335929
0.0,0.0,0.0,0.7151832213718436
0.0,0.038689937,0.0,0.7699913756022346
0.04,0.0,0.0,0.823478684183365
0.29,0.57832575,0.04,0.9133846489134614
0.58,0.82033074,0.29,1.179023419715168
1.09,0.9337296,0.58,1.4897289890904695
2.73,1.1486712,1.09,1.9874142777629598
4.530000000000001,3.1583877,2.73,3.3483761743299785
5.41,5.1512346,4.530000000000001,4.971176804110408
7.81,6.196027,5.41,5.882778647711303
8.46,7.6599164,7.81,8.137660430834204
11.04,9.004264,8.46,8.901089578064768
12.76,10.603821,11.04,11.33455516919256
11.04,11.837801,12.76,13.097446564024029
15.73,10.932502,11.04,12.181277281219547
17.2,13.405845,15.73,16.876697241406664
18.74,14.879753,17.2,18.711130815879255
19.64,16.7186,18.74,19.3731409635423
20.62,17.558918,19.64,20.33755868524513
21.97,18.1711,20.62,21.35717110601837
23.58,18.99044,21.97,22.597005282340444
23.44,20.043991,23.58,24.01438497031067
22.16,20.480076,23.44,24.04599129085231
26.52,19.89318,22.16,23.008441338199198
26.21,21.610521,26.52,26.538679311965513
26.59,21.509245,26.21,26.320297983438554
26.01,22.255978,26.59,26.844079514851465
26.15,22.508347,26.01,26.26044775467196
26.96,22.137918,26.15,26.189934895588657
26.38,21.641306,26.96,26.732953630219914
26.08,21.422892,26.38,26.095472456424936
25.9,20.857637,26.08,25.759261040406553
25.659999999999997,20.1728,25.9,25.422573567407195
25.34,19.881893,25.659999999999997,25.02044314864159
24.76,19.019312,25.34,24.678936058218287
24.25,18.53612,24.76,24.012367746804955
23.12,17.913103,24.25,23.36390960884306
22.23,17.012115,23.12,22.228793355876316
21.23,16.243906,22.23,21.247096900329797
21.06,14.880462,21.23,20.212145910544347
18.23,14.225357,21.06,19.85231514937694
17.56,12.524708,18.23,17.223120850249522
16.23,11.714143,17.56,16.337458432512506
14.43,10.163213,16.23,14.926151814057718
12.62,8.840607,14.43,13.067641462717484
10.74,7.426866,12.62,11.2243052225279
8.64,6.0490704,10.74,9.245636642496034
7.22,4.033069,8.64,7.19806939315794
5.81,2.7545497,7.22,5.749230122945363
4.26,1.7244856,5.81,4.333943945972742
2.66,0.7241796,4.26,3.0037277764428723
1.52,0.0,2.66,1.9863205022197548
0.62,0.0,1.52,0.840507842798634
0.05,0.0,0.62,-0.0013710347440447357
0.0,0.0,0.05,-0.5921227634636503
0.0,0.0,0.0,-0.6368249426139541
0.0,0.0,0.0,-0.5889411144490567
0.0,0.0,0.0,-0.501140646179284
0.0,0.0,0.0,-0.39957316504124535
0.0,0.0,0.0,-0.2755516562889542
0.0,0.0,0.0,-0.20286242393040588
0.0,0.0,0.0,-0.15020961668346444
0.0,0.0,0.0,-0.08696155686723349
0.0,0.0,0.0,-0.0034065732237965538
0.0,0.0,0.0,0.04148859154602346
0.0,0.0,0.0,0.06662114846635533
0.0,0.0,0.0,0.10107339129714607
0.0,0.0,0.0,0.13703843904341434
0.0,0.0,0.0,0.15391560088919934
0.0,0.0,0.0,0.16806979602943461
0.0,0.0,0.0,0.17530345316084242
0.0,0.0,0.0,-0.010739620424182472
0.0,0.0,0.0,-0.01234281236679624
0.0,0.0,0.0,-0.003974425232457883
0.0,0.0,0.0,-0.0002566237842608829
0.0,0.0,0.0,0.02680947857090596
0.0,0.0,0.0,0.02515706800655772
0.0,0.0,0.0,0.023646377516839262
0.0,0.0,0.0,0.027141234229163137
0.0,0.0,0.0,0.06336781111190817
0.0,0.0,0.0,0.08154418418756097
0.0,0.0,0.0,0.10177775518343167
0.0,0.0,0.0,0.12190899062908853
0.0,0.0,0.0,0.16730207243897588
0.0,0.0,0.0,0.1958304896323606
0.0,0.0,0.0,0.23311771769210948
0.0,0.0,0.0,0.267950892901797
0.0,0.0,0.0,0.317383878506105
0.0,0.0,0.0,0.3452380371736021
0.0,0.0,0.0,0.3894262761607781
0.0,0.0,0.0,0.43356937694167924
0.0,0.0,0.0,0.5022991185482563
0.0,0.0,0.0,0.5552123433813415
0.0,0.0,0.0,0.6065672607775675
0.0,0.0,0.0,0.6546106723120538
0.0,0.0,0.0,0.6980374229045853
0.0,0.23765847,0.0,0.7523687264078422
0.0,0.29700536,0.0,0.8007251088111111
0.01,0.1864171,0.0,0.8497981526648128
0.29,0.72559786,0.01,0.9080051134499136
0.59,0.96740836,0.29,1.1999341435401152
0.98,1.1294954,0.59,1.5167153565689273
1.63,1.293971,0.98,1.9404752436345842
2.63,2.3628833,1.63,2.5205600407704316
3.68,3.350329,2.63,3.453822387427666
7.47,4.053608,3.68,4.5080876198919535
9.580000000000002,6.926377,7.47,7.481415821480341
10.7,9.73069,9.580000000000002,9.631198095371397
12.69,11.33987,10.7,11.054953692201778
11.04,12.8438225,12.69,13.079902448948186
10.140000000000002,11.646219,11.04,12.226288522182381
12.02,11.090411,10.140000000000002,11.557464243836527
13.24,11.509751,12.02,12.996066624398416
11.29,11.842409,13.24,13.909228354190947
18.14,11.271227,11.29,12.357073409758167
22.8,15.106833,18.14,18.226891868967222
22.57,17.749784,22.8,22.734021588394242
24.02,18.606585,22.57,23.221066250783707
21.43,19.831633,24.02,24.811292088223887
22.96,19.294964,21.43,22.540228287615477
26.04,19.221926,22.96,23.697971949961644
27.11,20.882607,26.04,26.194935380545562
27.14,21.704885,27.11,27.22491716944336
27.45,22.02116,27.14,27.513091549404486
27.39,22.066206,27.45,27.6423929881058
27.26,21.72437,27.39,27.529938087792047
26.93,21.685371,27.26,27.43679154708414
26.66,21.620964,26.93,26.85268161956964
26.3,21.189863,26.66,26.38369559140157
25.72,20.632648,26.3,25.919669018757624
25.36,20.091818,25.72,25.230497085395605
24.43,19.216211,25.36,24.821318646400762
23.96,18.424438,24.43,23.79281482073685
23.43,17.79132,23.96,23.125199339723267
21.9,17.10724,23.43,22.436978581453676
20.79,15.737828,21.9,20.9334251453049
19.37,14.5935545,20.79,19.76511899602243
18.35,13.311629,19.37,18.252050591535138
16.75,12.264623,18.35,17.060564937186427
14.91,10.63965,16.75,15.416535822089706
13.98,9.200733,14.91,13.521827750704237
11.89,8.120574,13.98,12.383345047977135
9.52,6.7124166,11.89,10.275631877265392
7.03,4.593052,9.52,7.987302994162429
5.04,2.7441514,7.03,5.604566741099818
0.76,1.4271486,5.04,3.6451929330568307
0.5,0.0,0.76,0.2905249706639823
0.21,0.0,0.5,-0.2774225019431961
0.05,0.0,0.21,-0.7292155253425916
0.0,0.0,0.05,-0.8722290173743272
0.0,0.0,0.0,-0.7969279651127682
0.0,0.0,0.0,-0.6812434600644128
0.0,0.0,0.0,-0.5164058035816685
0.0,0.0,0.0,-0.47849624687540304
0.0,0.0,0.0,-0.399614500576297
0.0,0.0,0.0,-0.30191017967902406
0.0,0.0,0.0,-0.22208400949129084
0.0,0.0,0.0,-0.16042133164308997
0.0,0.0,0.0,-0.029028999520371093
0.0,0.0,0.0,0.030817270921362633
0.0,0.0,0.0,0.0584029435694566
0.0,0.0,0.0,0.08000432032016994
0.0,0.0,0.0,0.09745257754899556
0.0,0.0,0.0,0.12764453023035177
0.0,0.0,0.0,0.1384101845880733
0.0,0.0,0.0,0.162016572452297
0.0,0.0,0.0,0.17154357751582588
0.0,0.0,0.0,-0.09288432406088669
0.0,0.0,0.0,-0.09273400011154828
0.0,0.0,0.0,-0.0940545957742227
0.0,0.0,0.0,-0.1181519923298453
0.0,0.0,0.0,-0.09554558216182125
0.0,0.0,0.0,-0.09348583616947961
0.0,0.0,0.0,-0.0897378219781628
0.0,0.0,0.0,-0.07444081826870445
0.0,0.0,0.0,-0.04265228143682548
0.0,0.0,0.0,-0.022568217206248506
0.0,0.0,0.0,0.0008412495276776018
0.0,0.0,0.0,0.024081191338994473
0.0,0.0,0.0,0.06718922014313566
0.0,0.0,0.0,0.09728609237533101
0.0,0.0,0.0,0.12741780029885114
0.0,0.0,0.0,0.15939919436758446
0.0,0.0,0.0,0.21543310863875728
0.0,0.0,0.0,0.2541766283337856
0.0,0.0,0.0,0.29941159195695066
0.0,0.0,0.0,0.3425185137900149
0.0,0.0,0.0,0.39836450263695466
0.0,0.0,0.0,0.4432632279141743
0.0,0.0,0.0,0.48892333687926215
0.0,0.0,0.0,0.5400358589580597
0.0,0.0,0.0,0.5888200632467968
0.0,0.0,0.0,0.6401715924571858
0.0,0.0,0.0,0.6945541086760929
0.0,0.0,0.0,0.7484478700126853
0.61,0.28412932,0.0,0.7970343202496933
1.19,0.78949416,0.61,1.351736201916679
1.55,1.2011279,1.19,1.949508566729096
1.84,1.623562,1.55,2.2688382944766796
3.0800000000000005,2.3620172,1.84,2.6671781644094548
2.61,3.1774595,3.0800000000000005,3.802443199038963
3.4,3.0324824,2.61,3.594198811994016
2.89,3.2780967,3.4,4.292786808610519
4.72,3.3513975,2.89,3.9471828591872358
4.71,4.3310466,4.72,5.48557213515983
9.81,4.6424475,4.71,5.632252348039395
11.82,7.739413,9.81,9.99217757235957
12.51,10.350874,11.82,12.482658416619413
14.04,11.332969,12.51,13.381930750689984
14.96,12.139956,14.04,14.952024715928724
15.590000000000002,12.865162,14.96,15.850706059943304
16.66,13.2978525,15.590000000000002,16.52179806012922
17.41,13.422418,16.66,17.477669642446525
21.91,14.278885,17.41,18.237149318815657
17.65,17.275265,21.91,22.214056357090136
17.1,15.596822,17.65,18.913732861101522
16.13,14.865845,17.1,18.297253103858438
14.92,13.492786,16.13,17.15970071826701
18.5,13.357426,14.92,15.663133735172568
15.53,14.420735,18.5,18.58821790947945
19.65,13.431923,15.53,15.932101370836598
17.05,15.020319,19.65,19.582550049049487
26.2,14.049487,17.05,17.5132260540321
26.47,17.95909,26.2,25.289369647306316
25.22,18.647171,26.47,26.08653864268067
25.25,18.942713,25.22,25.21716219832757
24.21,18.7896,25.25,25.262014299888246
23.66,17.75909,24.21,24.036732717073207
22.69,16.944382,23.66,23.418767019498972
21.81,16.363956,22.69,22.126259472695367
20.48,15.318199,21.81,21.185993389513804
19.26,14.219665,20.48,19.752045093734264
17.82,13.075229,19.26,18.511515500893676
16.01,12.006354,17.82,16.894681031561788
14.83,10.167941,16.01,15.059230464270092
12.839999999999998,9.100265,14.83,13.515997230573543
10.95,7.575918,12.839999999999998,11.422641679542288
8.74,6.0871735,10.95,9.478535871525162
7.14,4.049263,8.74,7.309108907925755
5.41,2.46916,7.14,5.655402267041239
3.56,1.248602,5.41,3.9569515275288887
2.6,0.0,3.56,2.1582558069169395
0.91,0.0,2.6,1.7701408633953024
0.25,0.0,0.91,0.1515954487550769
0.0,0.0,0.25,-0.5659395245987915
0.0,0.0,0.0,-0.8412988803238773
0.0,0.0,0.0,-0.8434528498074879
0.0,0.0,0.0,-0.7351104057535992
0.0,0.0,0.0,-0.6337887107104873
0.0,0.0,0.0,-0.5230854720459104
0.0,0.0,0.0,-0.3988474011119588
0.0,0.0,0.0,-0.33244440626705585
0.0,0.0,0.0,-0.2644844201043522
0.0,0.0,0.0,-0.2029997125700797
0.0,0.0,0.0,-0.1254528634508254
0.0,0.0,0.0,-0.06736814185032888
0.0,0.0,0.0,-0.03231716096092213
0.0,0.0,0.0,-0.010646769606809312
0.0,0.0,0.0,0.03235857691559072
0.0,0.0,0.0,0.04979909821807765
0.0,0.0,0.0,0.05503157987818988
0.0,0.0,0.0,0.05721669035340535
0.0,0.0,0.0,-0.547286517705577
0.0,0.0,0.0,-0.5464934448309158
0.0,0.0,0.0,-0.5571488832152178
0.0,0.0,0.0,-0.5667681387146172
0.0,0.0,0.0,-0.5337851603607325
0.0,0.0,0.0,-0.5403961382893185
0.0,0.0,0.0,-0.5356918276331537
0.0,0.0,0.0,-0.52777822545398
0.0,0.0,0.0,-0.4960192108045682
0.0,0.0,0.0,-0.477136010366732
0.0,0.0,0.0,-0.4573627658898556
0.0,0.0,0.0,-0.4389472416150822
0.0,0.0,0.0,-0.38913894767541457
0.0,0.0,0.0,-0.3606968316473975
0.0,0.0,0.0,-0.3324532046273144
0.0,0.0,0.0,-0.29896279202905524
0.0,0.0,0.0,-0.24192053362373062
0.0,0.0,0.0,-0.2056993426014722
0.0,0.0,0.0,-0.18278835033530325
0.0,0.0,0.0,-0.16514949899658113
0.0,0.0,0.0,-0.12439720102281095
0.0,0.0,0.0,-0.08250453692029547
0.0,0.0,0.0,-0.020046910334660575
0.0,0.0,0.0,0.03938637280277067
0.0,0.0,0.0,0.10749132152118837
0.0,0.0,0.0,0.17449161726786042
0.0,0.0,0.0,0.2185210449073608
0.0,0.0,0.0,0.262579622937918
0.0,0.0,0.0,0.3038319859248305
0.0,0.0,0.0,0.35302088492014405
0.04,0.0,0.0,0.3996386562503077
0.09,0.0,0.04,0.48549529706341166
0.09,0.0,0.09,0.5745106698183174
0.36,0.0,0.09,0.6281624068558692
0.0,0.0,0.36,0.914128417028805
0.0,0.0,0.0,0.6721781135218227
0.0,0.0,0.0,0.7018337597133308
0.0,0.0,0.0,0.7343813517410002
0.0,0.0,0.0,0.7654529186503695
0.0,0.0,0.0,0.7998417026120535
0.01,0.0,0.0,0.8236956151308854
0.27,0.0,0.01,0.8747026741915814
0.36,0.0,0.27,1.128976327076487
0.33,0.0,0.36,1.2563837433545697
0.43,0.0,0.33,1.2666093521013897
0.57,0.1581264,0.43,1.3769626826938295
0.64,0.24712574,0.57,1.5141281990802478
0.91,0.24495405,0.64,1.6097436723900882
1.36,0.686166,0.91,1.840845597464765
1.99,1.1028057,1.36,2.2549079974401205
1.79,1.5736326,1.99,2.834548919571841
1.9,1.6722982,1.79,2.744648025175778
2.5,1.9315013,1.9,2.845980688195416
2.64,2.2404218,2.5,3.341986467558516
2.8000000000000003,2.39812,2.64,3.474104571264056
3.09,2.5605779,2.8000000000000003,3.6201842759544887
2.92,2.7986019,3.09,3.8288810445322436
4.57,2.7680702,2.92,3.6873814118589436
4.01,3.3023086,4.57,5.053355924550304
4.17,3.3219695,4.01,4.624762704066619
4.65,3.2606733,4.17,4.832019141149003
3.4899999999999998,3.5157926,4.65,5.16642446891518
3.4,3.1470962,3.4899999999999998,4.076977395100348
3.71,2.8341594,3.4,3.950912439546652
3.37,2.441427,3.71,4.104308099222871
5.5,2.2614908,3.37,3.740110569604061
6.11,3.1209147,5.5,5.445391232106748
6.39,3.6820514,6.11,6.073566866050168
4.15,4.132479,6.39,6.376462929259674
5.39,3.4028428,4.15,4.5633999532231675
5.84,3.4930925,5.39,5.293047158894305
3.97,3.278886,5.84,5.640364874213405
3.26,2.4720864,3.97,3.940715057045901
2.24,1.9577072,3.26,3.190599665004412
1.14,1.3179919,2.24,2.1390031014826887
0.8,0.69808424,1.14,1.1198004230202532
0.49,0.22216089,0.8,0.6302338849281887
0.02,0.26038474,0.49,0.21380257981813755
0.0,0.36324117,0.02,-0.28789405468662155
0.0,0.47652423,0.0,-0.3886766839406692
0.0,0.44460672,0.0,-0.4223035417497002
0.0,0.42481843,0.0,-0.39868254421793303
0.0,0.52786636,0.0,-0.44164474882377364
0.0,0.6047467,0.0,-0.47980601397758804
0.0,0.4497516,0.0,-0.43541604869131234
0.0,0.4101167,0.0,-0.4454503211699546
0.0,0.39470243,0.0,-0.4586097540034977
0.0,0.40276378,0.0,-0.46320073644082854
0.0,0.22638798,0.0,-0.45493213013317535
0.0,0.16514008,0.0,-0.47400332724391725
0.0,0.17447892,0.0,-0.46952915574301846
0.0,0.19608073,0.0,-0.47615303216531246
0.0,0.0,0.0,-0.4551388414806271
0.0,0.0,0.0,-0.4770920798345921
0.0,0.0,0.0,-0.47567859790991507
0.0,0.0,0.0,-0.4732291644267608
0.0,0.0,0.0,-0.14640832544090196
0.0,0.0,0.0,-0.14802921454500587
0.0,0.0,0.0,-0.15276464025584235
0.0,0.0,0.0,-0.1567310982142259
0.0,0.0,0.0,-0.13004660679686766
0.0,0.0,0.0,-0.1254537619839814
0.0,0.0,0.0,-0.12044750354265228
0.0,0.0,0.0,-0.10955117586285715
0.0,0.0,0.0,-0.07423360492414999
0.0,0.0,0.0,-0.057861456047515435
0.0,0.0,0.0,-0.0377163241399614
0.0,0.0,0.0,-0.014699722243250845
0.0,0.0,0.0,0.032115664919919254
0.0,0.0,0.0,0.0626942106911308
0.0,0.0,0.0,0.09526390955452829
0.0,0.0,0.0,0.13092245952509382
0.0,0.0,0.0,0.1844154553577984
0.0,0.0,0.0,0.22563440842893692
0.0,0.0,0.0,0.2686830258707771
0.0,0.0,0.0,0.3124177530518012
0.0,0.0,0.0,0.36750270187003103
0.0,0.0,0.0,0.41790035117137686
0.0,0.0,0.0,0.468366033418678
0.0,0.0,0.0,0.519481452736383
0.0,0.0,0.0,0.5760089887203169
0.0,0.2275119,0.0,0.6303772624879083
0.0,0.3699355,0.0,0.6832844691652744
0.0,0.48042992,0.0,0.7411179891026929
0.1,1.2191677,0.0,0.793413056115157
0.65,1.598913,0.1,0.9274435268001749
1.72,1.9318779,0.65,1.452040543895673
3.37,2.6253345,1.72,2.3789990033684383
4.58,4.666725,3.37,3.8377348751064497
4.9,6.1871767,4.58,5.078376433179213
5.02,6.736829,4.9,5.617372403334575
5.78,6.710179,5.02,5.832946246369192
7.530000000000001,7.1431866,5.78,6.554012376975138
7.29,7.977589,7.530000000000001,8.125023562337018
7.3,8.149478,7.29,8.06562637883834
8.2,8.0010395,7.3,8.208899706039361
11.96,8.3605,8.2,9.094899439628637
11.04,9.990866,11.96,12.411194563808277
11.1,11.308617,11.04,11.824857943675934
15.060000000000002,10.785667,11.1,12.10159753986167
17.05,13.741953,15.060000000000002,15.319882887614314
15.019999999999998,13.717044,17.05,17.50661036859509
13.929999999999998,13.428748,15.019999999999998,16.013664262842198
16.22,13.444971,13.929999999999998,14.999372292962192
21.16,13.2132635,16.22,16.818934237225132
22.09,16.294592,21.16,21.145345971426543
26.23,17.944595,22.09,22.292232012253614
26.94,20.456385,26.23,26.276032934794703
27.15,21.222124,26.94,27.3185727768171
27.3,21.63334,27.15,27.643314120898516
27.2,21.691729,27.3,27.772960326716937
27.11,21.545696,27.2,27.44467080267179
25.36,20.813335,27.11,27.053221796788016
26.38,20.148125,25.36,25.319081674966707
25.91,20.05406,26.38,26.1064532596047
25.25,19.673727,25.91,25.58705913639082
24.38,18.969296,25.25,24.85575459164121
23.67,18.14605,24.38,23.837787510315145
22.67,17.224222,23.67,22.95286012042188
21.39,16.433323,22.67,21.823527644738522
20.42,15.138457,21.39,20.46844958920027
19.15,14.212851,20.42,19.398053947007625
17.56,13.135407,19.15,18.0332985096883
16.6,11.925203,17.56,16.35568702129298
14.73,10.517719,16.6,15.268126656654147
12.829999999999998,9.05746,14.73,13.388423339646863
11.66,7.5998745,12.829999999999998,11.363692883227161
9.44,6.401887,11.66,10.042625742677085
7.16,4.3340983,9.44,7.905515852454662
5.869999999999999,2.7465281,7.16,5.772808528238023
3.88,1.6959624,5.869999999999999,4.428334724085846
2.29,0.55546033,3.88,2.5446336284744397
1.53,0.0,2.29,1.6835658210996503
0.55,0.0,1.53,0.8430859632147847
0.0,0.0,0.55,-0.09195788158938789
0.0,0.0,0.0,-0.6022461844955866
0.0,0.0,0.0,-0.5941382004069379
0.0,0.0,0.0,-0.5455045619526728
0.0,0.0,0.0,-0.4479358706531373
0.0,0.0,0.0,-0.37477183968115735
0.0,0.0,0.0,-0.2600062997258814
0.0,0.0,0.0,-0.18195962698525162
0.0,0.0,0.0,-0.1249362804428229
0.0,0.0,0.0,-0.06101528560265929
0.0,0.0,0.0,0.009743219738282578
0.0,0.0,0.0,0.04113485148555529
0.0,0.0,0.0,0.07517601711747847
0.0,0.0,0.0,0.07572575300193496
0.0,0.0,0.0,0.09839304468124571
0.0,0.0,0.0,0.13978882470295714
0.0,0.0,0.0,0.13067209572403118
0.0,0.0,0.0,0.16271305323914767
0.0,0.0,0.0,0.08244120207101366
0.0,0.0,0.0,0.07327805295963725
0.0,0.0,0.0,0.07561192748664322
0.0,0.0,0.0,0.04811125442744735
0.0,0.0,0.0,0.03487051500298094
0.0,0.0,0.0,0.033819448572250006
0.0,0.0,0.0,0.035750294607326816
0.0,0.0,0.0,0.03975555057088489
0.0,0.0,0.0,0.08017219525752026
0.0,0.0,0.0,0.12260546660962678
0.0,0.0,0.0,0.12627762806308232
0.0,0.0,0.0,0.17448149735216473
0.0,0.0,0.0,0.2150294785007202
0.0,0.0,0.0,0.21690274655268285
0.0,0.0,0.0,0.2449828081258917
0.0,0.0,0.0,0.281865385766533
0.0,0.0,0.0,0.3389559849765299
0.0,0.0,0.0,0.3637538035630788
0.0,0.0,0.0,0.3991758509584172
0.0,0.0,0.0,0.43767024975963137
0.0,0.0,0.0,0.49310340575007944
0.0,0.0,0.0,0.5362274514013349
0.0,0.0,0.0,0.5807596602639602
0.0,0.0,0.0,0.6291866188648246
0.0,0.0,0.0,0.6852714311782272
0.0,0.16817231,0.0,0.7348771030137056
0.0,0.43434137,0.0,0.7809959102219814
0.0,0.60570323,0.0,0.8310490871952403
0.15,1.3632348,0.0,0.8899177570909609
0.83,1.5099251,0.15,1.0670406527325529
1.51,1.9130391,0.83,1.6308749692031224
2.35,2.4397135,1.51,2.27890558051955
3.97,3.6908154,2.35,3.1336409263349365
5.93,5.0474167,3.97,4.586958035437439
7.13,6.518624,5.93,6.300313345453312
9.31,7.6075497,7.13,7.428506453554887
11.5,9.566172,9.31,9.554125655593294
12.75,11.3032055,11.5,11.80502300112774
14.82,12.544603,12.75,13.233568255641934
16.77,13.96577,14.82,15.364939652914613
17.82,15.159114,16.77,18.422184532729645
19.42,16.599955,17.82,18.9569092967957
20.85,17.855778,19.42,20.10273624365589
21.62,18.680891,20.85,21.455765219431406
22.76,19.500433,21.62,22.284448478355856
23.7,20.212322,22.76,23.327571798104046
24.660000000000004,20.957972,23.7,24.21144316792482
25.16,21.621819,24.660000000000004,25.167241416453354
25.689999999999998,22.136063,25.16,25.637690417084603
26.29,22.597641,25.689999999999998,26.098427382516917
26.52,22.833752,26.29,26.602659140217746
26.810000000000002,22.85821,26.52,26.744027940103912
26.92,22.698864,26.810000000000002,26.920664313969837
26.94,22.546637,26.92,26.924574575409856
26.820000000000004,22.305643,26.94,26.835641317656723
26.64,21.937565,26.820000000000004,26.608320156893594
26.46,21.337893,26.64,26.301562618728752
25.89,20.579185,26.46,25.85490140368049
25.24,20.198101,25.89,25.32004940339671
24.84,19.574392,25.24,24.634375747681265
24.03,18.676449,24.84,24.13263833849138
22.97,17.894743,24.03,23.24448413927257
22.34,17.04898,22.97,22.121118719770884
21.17,16.31641,22.34,21.37519163362942
19.79,15.07067,21.17,20.182074540500867
18.93,14.016208,19.79,18.778887013094856
17.33,13.026633,18.93,17.819710299442267
15.75,11.846635,17.33,16.15851085073362
14.4,10.209936,15.75,14.516515554952976
12.38,8.940228,14.4,13.054107753597776
10.64,7.4744735,12.38,10.98805096390972
9.17,6.090264,10.64,9.205048083615534
7.0,4.4449406,9.17,7.673204145061044
5.23,2.8797178,7.0,5.643428264167723
3.93,1.6750289,5.23,3.9375652105792573
2.3,0.7317885,3.93,2.6170620974045624
0.97,0.0,2.3,1.6814435526683416
0.0,0.0,0.97,0.3897777802052757
0.0,0.0,0.0,-0.5932024321407713
0.0,0.0,0.0,-0.6605275153397133
0.0,0.0,0.0,-0.6194004614423043
0.0,0.0,0.0,-0.5388548846633437
0.0,0.0,0.0,-0.4212894519183047
0.0,0.0,0.0,-0.3159716096178945
0.0,0.0,0.0,-0.23708520517193332
0.0,0.0,0.0,-0.17457477348696138
0.0,0.0,0.0,-0.11230491643050358
0.0,0.0,0.0,-0.05625664451398123
0.0,0.0,0.0,0.0458835792319966
0.0,0.0,0.0,0.09928594495734044
0.0,0.0,0.0,0.15130639209342606
0.0,0.0,0.0,0.16166112474065247
0.0,0.0,0.0,0.18887624944856243
0.0,0.0,0.0,0.18397379460108665
0.0,0.0,0.0,0.19939930652697122
0.0,0.0,0.0,0.19261287515636527
0.0,0.0,0.0,-0.0011704395522452171
0.0,0.0,0.0,-0.0016758194873271043
0.0,0.0,0.0,0.014398678487914929
0.0,0.0,0.0,0.022441685813120813
0.0,0.0,0.0,0.04382383830537821
0.0,0.0,0.0,0.043658930357329956
0.0,0.0,0.0,0.04317255357526462
0.0,0.0,0.0,0.04896004582615177
0.0,0.0,0.0,0.08569738200310925
0.0,0.0,0.0,0.0956903955353676
0.0,0.0,0.0,0.10201580077980102
0.0,0.0,0.0,0.12312561865658961
0.0,0.0,0.0,0.16421462894169694
0.0,0.0,0.0,0.18677385067714597
0.0,0.0,0.0,0.2171458262054341
0.0,0.0,0.0,0.24685806274204258
0.0,0.0,0.0,0.2960600446846634
0.0,0.0,0.0,0.33691886055106224
0.0,0.0,0.0,0.3929842283081382
0.0,0.0,0.0,0.43661648350005855
0.0,0.0,0.0,0.487466219627821
0.0,0.0,0.0,0.5336889214080489
0.0,0.0,0.0,0.5795818950003541
0.0,0.0,0.0,0.6322621054610232
0.0,0.0,0.0,0.6934207104444299
0.0,0.057254177,0.0,0.7172760347172272
0.0,0.38108215,0.0,0.7607556515230871
0.0,0.5420583,0.0,0.8143272955302374
0.2,1.1355163,0.0,0.8769288547784639
0.7700000000000001,1.2784727,0.2,1.107329157998169
1.44,1.6162603,0.7700000000000001,1.6047618204701644
2.49,2.139177,1.44,2.2173167737921236
3.88,3.7016294,2.49,3.191042387364719
5.55,4.9504232,3.88,4.480903083407119
7.42,6.2990613,5.55,5.968094982917259
9.26,7.6279054,7.42,7.650467419603466
11.11,9.538077,9.26,9.47195012829615
12.91,11.171615,11.11,11.40572214369227
14.61,12.570166,12.91,13.335988026815668
16.15,13.761384,14.61,15.164016598633099
17.86,14.807464,16.15,17.658052557813146
18.99,16.491575,17.86,18.652940644732176
20.270000000000003,17.47677,18.99,19.682612690920536
21.45,18.234856,20.270000000000003,20.910343051141496
22.47,19.226759,21.45,22.050243210247558
23.43,19.986685,22.47,23.019827711454155
24.16,20.722616,23.43,23.973658989523027
24.65,21.338764,24.16,24.678813709546887
25.32,21.799635,24.65,25.14092136104167
25.709999999999997,22.25123,25.32,25.728420396880782
25.94,22.524677,25.709999999999997,26.043634535948424
26.18,22.591063,25.94,26.177708759699335
26.25,22.403646,26.18,26.289330992613273
26.24,22.17389,26.25,26.260311247465125
26.18,21.889734,26.24,26.154012513110963
26.03,21.588459,26.18,25.96035962917319
25.82,20.982767,26.03,25.683642615406697
25.34,20.452446,25.82,25.340684793739918
24.84,19.67719,25.34,24.685229809872126
24.19,19.17397,24.84,24.16703690569058
23.44,18.24292,24.19,23.472987559859114
22.62,17.481287,23.44,22.633810465650257
21.75,16.677877,22.62,21.72784222375096
20.67,15.911064,21.75,20.785420684490294
19.37,14.6582985,20.67,19.672081972261193
18.36,13.495158,19.37,18.338793888565206
16.99,12.523491,18.36,17.22313933920527
15.29,11.452288,16.99,15.78301445702943
13.89,9.802103,15.29,14.039810142008527
12.21,8.521465,13.89,12.544754232292727
10.18,7.2217402,12.21,10.783153445328328
8.65,5.739526,10.18,8.748190880474178
6.81,4.030382,8.65,7.1976834182363065
4.8,2.65697,6.81,5.426587834634247
3.57,1.392349,4.8,3.519603908598985
1.88,0.4928937,3.57,2.248821152188161
0.38,0.0,1.88,1.2460885237198391
0.0,0.0,0.38,-0.18576665073533977
0.0,0.0,0.0,-0.6456089471151588
0.0,0.0,0.0,-0.6898489749783463
0.0,0.0,0.0,-0.6044020629479232
0.0,0.0,0.0,-0.5384777107861618
0.0,0.0,0.0,-0.43325491039630637
0.0,0.0,0.0,-0.3228893302738216
0.0,0.0,0.0,-0.22766989497258694
0.0,0.0,0.0,-0.15992007189903185
0.0,0.0,0.0,-0.09232289296521187
0.0,0.0,0.0,-0.042114835368296244
0.0,0.0,0.0,0.04233321452209762
0.0,0.0,0.0,0.0931666967986389
0.0,0.0,0.0,0.11854684019739138
0.0,0.0,0.0,0.12694783979881918
0.0,0.0,0.0,0.168863174848839
0.0,0.0,0.0,0.1745281836772427
0.0,0.0,0.0,0.18389804393847514
0.0,0.0,0.0,0.18612784807721075
0.0,0.0,0.0,-0.10068865790166207
0.0,0.0,0.0,-0.09839899454757488
0.0,0.0,0.0,-0.09725177611955196
0.0,0.0,0.0,-0.1439386573866081
0.0,0.0,0.0,-0.17931046589096394
0.0,0.0,0.0,-0.22611501640803822
0.0,0.0,0.0,-0.21947918633081925
0.0,0.0,0.0,-0.20877646536718236
0.0,0.0,0.0,-0.1698461686978464
0.0,0.0,0.0,-0.15038409852422446
0.0,0.0,0.0,-0.13163385056567847
0.0,0.0,0.0,-0.114119661767136
0.0,0.0,0.0,-0.06802708416976441
0.0,0.0,0.0,-0.04029412672710418
0.0,0.0,0.0,-0.0038507110349976503
0.0,0.0,0.0,0.028780963423213554
0.0,0.0,0.0,0.08097355260116876
0.0,0.0,0.0,0.12190498314969754
0.0,0.0,0.0,0.16420140393354887
0.0,0.0,0.0,0.20962928402401293
0.0,0.0,0.0,0.26359833230473295
0.0,0.0,0.0,0.3083944516235688
0.0,0.0,0.0,0.35789043361888895
0.0,0.0,0.0,0.4134897225027386
0.0,0.0,0.0,0.4712456325268723
0.0,0.0,0.0,0.5236951361221224
0.0,0.0,0.0,0.5761959739022258
0.0,0.0,0.0,0.6298345518912293
0.08,0.44479486,0.0,0.6822187721667421
0.8699999999999999,0.7026493,0.08,0.8014004471256239
1.41,1.1682487,0.8699999999999999,1.4749853458683817
1.97,1.606922,1.41,2.007670840930349
3.54,2.9351683,1.97,2.5662530486077193
5.32,4.1111045,3.54,4.012882159893222
7.27,6.1175694,5.32,5.447749762145806
8.13,6.712308,7.27,7.693103626451569
10.619999999999997,7.979746,8.13,8.67768028160992
12.34,10.524039,10.619999999999997,10.674931325243842
9.27,11.935573,12.34,12.481884846154056
14.28,9.238204,9.27,10.520660106719836
16.04,11.45778,14.28,14.896517975136124
21.299999999999997,12.264997,16.04,16.40955286488635
12.41,15.5745735,21.299999999999997,21.324516938254497
11.95,14.541832,12.41,14.065928374964004
15.95,13.40581,11.95,13.353302516286261
17.75,13.863934,15.95,16.454192868886466
20.65,15.386336,17.75,17.85510030305594
27.05,17.028723,20.65,20.76438487109085
22.25,20.892141,27.05,26.514228434639566
16.72,19.43997,22.25,23.09091416042551
23.16,16.921156,16.72,18.27363630939426
23.43,18.27258,23.16,23.2672072108592
27.16,18.19484,23.43,23.197452601317437
27.32,20.668081,27.16,26.60941484284912
25.0,21.387703,27.32,26.814514523245936
27.02,20.232433,25.0,25.201678072739615
28.15,20.394539,27.02,26.921573612494853
26.55,20.535963,28.15,27.56384997217275
23.65,20.02504,26.55,26.15063356343269
21.03,17.961187,23.65,23.254629390896493
22.47,16.336407,21.03,20.55176072269156
16.97,15.653304,22.47,21.484065291959038
9.73,13.078564,16.97,16.449146473159693
11.85,7.6707215,9.73,9.375427522657802
13.16,6.661018,11.85,10.402060782351722
7.41,6.6669836,13.16,10.938997508544812
4.46,4.409261,7.41,6.206671266816453
2.07,1.7355732,4.46,3.4871269636286217
1.6,0.0,2.07,1.1215889529590357
1.16,0.0,1.6,0.4315233042440794
0.36,0.0,1.16,-0.09227577897317124
0.05,0.0,0.36,-0.7938859055150531
0.0,0.0,0.05,-0.8725336347919127
0.0,0.0,0.0,-0.968964590419901
0.0,0.0,0.0,-0.8537241442085237
0.0,0.0,0.0,-0.617225248354523
0.0,0.0,0.0,-0.627309745768841
0.0,0.0,0.0,-0.5856342551865305
0.0,0.0,0.0,-0.42048726067630565
0.0,0.0,0.0,-0.3120920447686235
0.0,0.0,0.0,-0.22117039201091188
0.0,0.0,0.0,-0.17056152204408262
0.0,0.0,0.0,-0.13742263619231837
0.0,0.0,0.0,-0.07399353010580156
0.0,0.0,0.0,-0.06039034397655008
0.0,0.0,0.0,-0.020798378603654813
0.0,0.0,0.0,-0.03531625232324257
0.0,0.0,0.0,-0.05236590873954623
0.0,0.0,0.0,-0.031372498065676165
0.0,0.0,0.0,-0.01590495144845253
0.0,0.0,0.0,-0.03879045825699475
0.0,0.0,0.0,-0.3622620947902996
0.0,0.0,0.0,-0.3819610023538834
0.0,0.0,0.0,-0.3842204711077629
0.0,0.0,0.0,-0.3855649382791551
0.0,0.0,0.0,-0.3652121034782178
0.0,0.0,0.0,-0.36576053517296153
0.0,0.0,0.0,-0.36120636580938204
0.0,0.0,0.0,-0.3508563097438414
0.0,0.0,0.0,-0.3143837466809476
0.0,0.0,0.0,-0.29503653375638
0.0,0.0,0.0,-0.2739206832197434
0.0,0.0,0.0,-0.24909114653226944
0.0,0.0,0.0,-0.20284991071211572
0.0,0.0,0.0,-0.17265764962172078
0.0,0.0,0.0,-0.13884666354464165
0.0,0.0,0.0,-0.1039014063338363
0.0,0.0,0.0,-0.05093579434196839
0.0,0.0,0.0,-0.009669676995725327
0.0,0.0,0.0,0.03507380485885319
0.0,0.0,0.0,0.07983105773175057
0.0,0.0,0.0,0.1369679986008394
0.0,0.0,0.0,0.1865255839466051
0.0,0.0,0.0,0.2353009557259626
0.0,0.0,0.0,0.2880788688919871
0.0,0.0,0.0,0.3455033047089593
0.0,0.0,0.0,0.40074124464403804
0.0,0.05739369,0.0,0.45393873319808287
0.0,0.017957915,0.0,0.5074276855297967
0.0,0.63111895,0.0,0.559946643090197
0.05,0.6631496,0.0,0.6135642913336851
0.07,0.51210934,0.05,0.7060177713401712
0.36,0.13398637,0.07,0.7816536623470406
0.95,0.6866385,0.36,1.0848684279852352
1.55,1.1574476,0.95,1.6442169835244809
1.56,1.7113373,1.55,2.2125370169548537
1.64,1.7449634,1.56,2.3892451629519242
3.79,2.074842,1.64,2.56765762206434
5.38,3.4535108,3.79,4.384735706827322
1.67,5.38536,5.38,5.753444020217358
2.89,3.3716402,1.67,3.0583573731575537
4.69,3.4281456,2.89,4.000615395049893
5.96,4.352869,4.69,5.386060137420535
7.03,5.2997975,5.96,6.561191391114348
9.11,6.1727276,7.03,7.693491845518384
11.88,8.040052,9.11,9.597344525209468
11.13,9.6971035,11.88,12.362162811967037
10.87,9.605151,11.13,11.970629094178186
7.4,9.544691,10.87,11.824020657995561
12.25,7.6633635,7.4,8.643229783055537
15.16,8.716022,12.25,12.566232774661003
14.28,10.553032,15.16,15.328164262140868
17.77,11.142567,14.28,14.87943688313433
25.97,13.511084,17.77,18.15624448671992
27.33,17.129723,25.97,25.435606592923524
24.0,18.304344,27.33,27.444210528981586
27.34,18.974083,24.0,24.859237559081457
26.88,19.97429,27.34,27.61046968081175
20.39,19.430796,26.88,27.080827095012033
14.3,18.247177,20.39,21.07927153285906
10.56,14.166999,14.3,15.12107814461076
11.15,9.823882,10.56,10.918038361295606
13.410000000000002,8.621176,11.15,10.661216271420447
13.81,8.924704,13.410000000000002,12.272078905388058
19.65,9.223622,13.81,12.701979088349004
16.99,11.48348,19.65,17.71515016164889
15.0,10.432638,16.99,15.401222876621189
9.73,9.3200245,15.0,13.778472819820646
6.72,6.361963,9.73,9.072860620364398
4.54,3.451106,6.72,5.8308394295398305
3.43,0.9255568,4.54,3.6958165292462657
3.6,0.0,3.43,2.1053781925957966
2.3,0.0,3.6,2.0221464441200245
0.75,0.0,2.3,1.275286479652363
0.04,0.0,0.75,0.04305023060991814
0.0,0.0,0.04,-0.6982782720604717
0.0,0.0,0.0,-0.87461359981985
0.0,0.0,0.0,-1.0087560256524035
0.0,0.0,0.0,-0.9013092099133937
0.0,0.0,0.0,-0.7802300789633129
0.0,0.0,0.0,-0.6131126459035111
0.0,0.0,0.0,-0.450579460378844
0.0,0.0,0.0,-0.3628996374927743
0.0,0.0,0.0,-0.35059425989645543
0.0,0.0,0.0,-0.37574794271388
0.0,0.0,0.0,-0.34472297193795737
0.0,0.0,0.0,-0.3077937468862699
0.0,0.0,0.0,-0.27229313512393216
0.0,0.0,0.0,-0.2516101573235437
0.0,0.0,0.0,-0.16728232633111523
0.0,0.0,0.0,-0.15306336139196897
0.0,0.0,0.0,-0.1391903111134732
0.0,0.0,0.0,-0.14676376520355525
0.0,0.0,0.0,-0.566849091965838
0.0,0.0,0.0,-0.5748681851117375
0.0,0.0,0.0,-0.574330722371536
0.0,0.0,0.0,-0.5817565504035436
0.0,0.0,0.0,-0.5679863906114856
0.0,0.0,0.0,-0.5735449482541062
0.0,0.0,0.0,-0.5694887189790536
0.0,0.0,0.0,-0.547120987368348
0.0,0.0,0.0,-0.4928258957438616
0.0,0.0,0.0,-0.4828400857961699
0.0,0.0,0.0,-0.4741543489164618
0.0,0.0,0.0,-0.4649655874291899
0.0,0.0,0.0,-0.42531454221114984
0.0,0.0,0.0,-0.38936479090332
0.0,0.0,0.0,-0.35599309571719523
0.0,0.0,0.0,-0.32010885220746743
0.0,0.0,0.0,-0.2656582368402501
0.0,0.0,0.0,-0.2247775159477898
0.0,0.0,0.0,-0.18557820831262853
0.0,0.0,0.0,-0.14320602473241206
0.0,0.0,0.0,-0.09049721092689623
0.0,0.0,0.0,-0.04637498804061432
0.0,0.0,0.0,0.004656189878090092
0.0,0.0,0.0,0.05407110252422265
0.0,0.0,0.0,0.1122380476812064
0.0,0.0,0.0,0.16722848955199934
0.0,0.0,0.0,0.22205634009764408
0.0,0.0,0.0,0.2735793413678074
0.0,0.0,0.0,0.32657857758224834
0.07,0.0,0.0,0.37993178388893967
0.55,0.0,0.07,0.49003699476337265
0.25,0.0,0.55,0.9538572727907023
0.45,0.0,0.25,0.7874009207015763
1.6,0.0,0.45,1.018302612540024
3.16,0.0,1.6,2.0340496675558164
2.47,0.28511477,3.16,3.404690418143329
1.42,0.97705114,2.47,3.1004826306102107
1.9500000000000002,0.377707,1.42,2.324608918396028
5.46,0.10549643,1.9500000000000002,2.708867879052298
6.57,1.6729199,5.46,5.661477417911609
3.39,3.9211793,6.57,6.807121950052757
1.35,3.2384727,3.39,4.450210215269003
4.27,1.2767915,1.35,2.709916669741139
6.17,1.7769539,4.27,4.862866771417724
4.93,3.153833,6.17,6.471294589567697
7.26,3.4405744,4.93,5.651669066216299
6.8,4.6097617,7.26,7.639712949701365
8.05,4.630061,6.8,7.419354197544392
10.26,5.40613,8.05,8.503957327726072
7.5,6.416001,10.26,10.477175569555273
9.07,5.6429205,7.5,8.270140367238632
7.4,6.0878143,9.07,9.492269022672811
6.91,5.2620015,7.4,7.967062053093224
8.44,4.4454746,6.91,7.515013761247899
4.8,4.809825,8.44,8.669923933271056
3.19,3.4821665,4.8,5.468030493460489
5.58,2.2137544,3.19,3.9496683230423297
3.82,2.6661642,5.58,5.6480133229884935
2.72,1.9844074,3.82,4.1004623291903295
2.32,1.5197356,2.72,3.2017687092825073
2.1,1.1651721,2.32,2.6485367777303948
1.73,0.7286108,2.1,2.3027372858278423
2.57,0.16877495,1.73,2.0304955676098384
2.5300000000000002,0.86626077,2.57,2.5526775453588835
2.23,1.0501333,2.5300000000000002,2.6353371900045612
3.05,1.0651724,2.23,2.4294842240722283
3.15,1.3653668,3.05,3.0259325019375716
2.17,1.6019123,3.15,3.172557765283953
2.29,1.3835241,2.17,2.375302007166506
2.11,1.4652426,2.29,2.3308843569749755
0.79,1.3196545,2.11,2.1521888289392765
0.37,0.7133458,0.79,1.0370758075592554
0.05,0.17355382,0.37,0.5654436802325212
0.0,0.06635689,0.05,0.16516938722427196
0.07,0.021663722,0.0,0.03791973796897198
0.04,0.243685,0.07,0.025817837971018713
0.01,0.017061386,0.04,-0.016150428019641918
0.0,0.053289425,0.01,-0.03245833903462728
0.0,0.15271607,0.0,-0.06599752150597382
0.0,0.1288574,0.0,-0.11647758811051463
0.0,0.0,0.0,-0.12206383969243895
0.0,0.0,0.0,-0.14925040074464016
0.0,0.0,0.0,-0.1897180068499444
0.0,0.0,0.0,-0.20479906103413076
0.0,0.0,0.0,-0.20994802667541584
0.0,0.0,0.0,-0.2421364447877876
0.0,0.0,0.0,-0.2789100888141587
0.0,0.0,0.0,-0.3061781101243226
0.0,0.0,0.0,-0.3105939899268182
0.0,0.0,0.0,-0.33983012481557806
0.0,0.0,0.0,-0.35544717490615757
0.0,0.0,0.0,-0.3747118283866897
0.0,0.0,0.0,-0.37032396149644103
0.0,0.0,0.0,-0.3849142021406761
0.0,0.0,0.0,-0.40008570495582935
0.0,0.0,0.0,-0.42053894351373977
0.0,0.0,0.0,-0.4463583996055939
0.0,0.0,0.0,-0.45827844642498333
0.0,0.0,0.0,-0.4660831780850696
0.0,0.0,0.0,-0.46780339968036216
0.0,0.0,0.0,-0.44531664110602104
0.0,0.0,0.0,-0.44195739354692987
0.0,0.0,0.0,-0.4351676130014662
0.0,0.0,0.0,-0.42369733551824906
0.0,0.0,0.0,-0.3875745461905691
0.0,0.0,0.0,-0.370057445859426
0.0,0.0,0.0,-0.3490071803228161
0.0,0.0,0.0,-0.32646837695988273
0.0,0.0,0.0,-0.2798002164512902
0.0,0.0,0.0,-0.24831545991751564
0.0,0.0,0.0,-0.21512703096055885
0.0,0.0,0.0,-0.1771469815422601
0.0,0.0,0.0,-0.12244139145838481
0.0,0.0,0.0,-0.08141789270741231
0.0,0.0,0.0,-0.037846979501548784
0.0,0.0,0.0,0.0065584659755813825
0.0,0.0,0.0,0.06383910732336451
0.0,0.0,0.0,0.11361151556210428
0.0,0.0,0.0,0.16303557246898304
0.0,0.0,0.0,0.21428436971703557
0.0,0.0,0.0,0.2721383300302445
0.0,0.0,0.0,0.3262767600268562
0.0,0.0,0.0,0.3816037401239142
0.0,0.0,0.0,0.43822991623819274
0.01,0.35758206,0.0,0.49187721665744333
0.35000000000000003,0.37622634,0.01,0.5522557052598734
0.73,0.3472683,0.35000000000000003,0.8910911600352257
1.56,0.40423673,0.73,1.2863165420747917
2.14,1.6064925,1.56,2.0187187500117214
2.2,2.367497,2.14,2.645296099942284
2.27,2.588319,2.2,2.8360043213096184
2.12,2.4811327,2.27,2.9944493147292386
3.12,2.7144115,2.12,2.90761056784397
4.18,3.1585257,3.12,3.754535919586361
6.33,3.8831618,4.18,4.714963410739862
5.84,5.3872085,6.33,6.644713964055929
5.89,6.257966,5.84,6.512808746935242
5.6000000000000005,6.2680187,5.89,6.746572133482381
7.250000000000001,6.018112,5.6000000000000005,6.426918442908011
9.52,6.3763566,7.250000000000001,7.792698085093126
12.04,7.609966,9.52,9.841482762023638
13.420000000000002,9.281775,12.04,12.226234622086542
8.31,10.529991,13.420000000000002,13.87740487245054
7.66,8.90686,8.31,9.555273404513171
8.47,7.791301,7.66,8.848068614864086
6.68,7.145083,8.47,9.16543917182192
6.1,6.258985,6.68,7.373245698312098
10.36,5.905096,6.1,6.616763823273903
12.9,7.360646,10.36,10.21387993332749
13.51,8.577655,12.9,12.788290138106932
2.87,9.39592,13.51,13.667971444369183
7.84,6.1829576,2.87,4.72340225017073
16.16,6.3306146,7.84,8.270142516959393
21.65,8.510619,16.16,15.314666944330273
15.98,12.312419,21.65,20.387104696868086
7.47,12.517221,15.98,16.492295618391356
6.65,9.106988,7.47,8.862830205623807
3.47,6.396846,6.65,7.620043360498904
7.530000000000001,3.593364,3.47,4.103426951708609
13.88,4.2391996,7.530000000000001,6.890324627743801
17.89,7.2422614,13.88,12.322082693439913
15.37,9.97584,17.89,16.472248213062816
13.7,10.632144,15.37,15.074337174844633
8.49,10.311437,13.7,13.87090688700097
6.68,6.964585,8.49,9.101748133777717
3.54,4.825816,6.68,6.6993151626713985
2.47,2.5557523,3.54,3.297302104161646
2.37,0.60069275,2.47,1.9097594591569949
1.48,0.0,2.37,1.7424608982842613
1.2,0.0,1.48,0.9172078272675943
0.98,0.0,1.2,0.8098908247369956
0.67,0.0,0.98,0.49525356471794374
0.17,0.0,0.67,0.12230263374797871
0.0,0.10661083,0.17,-0.3987288267530769
0.0,0.1103611,0.0,-0.5481362135217559
0.0,0.0,0.0,-0.6080025158883304
0.0,0.0,0.0,-0.512883172580296
0.0,0.0,0.0,-0.4298921671176169
0.0,0.095234595,0.0,-0.31172212825489165
0.0,0.056078885,0.0,-0.27444430742094766
0.0,0.021208677,0.0,-0.32751501394548443
0.0,0.01301697,0.0,-0.33097015801402535
0.0,0.0,0.0,-0.36696019037259153
0.0,0.0,0.0,-0.33159506500727964
0.0,0.0,0.0,-0.2877486843276145
0.0,0.0,0.0,-0.23551510458998132
0.0,0.0,0.0,-0.22555409271238563
0.0,0.0,0.0,-0.1892024788754705
0.0,0.0,0.0,-0.21213565517370195
0.0,0.0,0.0,-0.2182425556885335
0.0,0.0,0.0,-0.2322809415676072
0.0,0.0,0.0,-0.0779612787343225
0.0,0.0,0.0,-0.08257672601279897
0.0,0.0,0.0,-0.08753666155287204
0.0,0.0,0.0,-0.09020866206034137
0.0,0.0,0.0,-0.06473186311166435
0.0,0.0,0.0,-0.06359641256643855
0.0,0.0,0.0,-0.05804104765854204
0.0,0.0,0.0,-0.048644882342263884
0.0,0.0,0.0,-0.010101808160547059
0.0,0.0,0.0,0.006185431194693624
0.0,0.0,0.0,0.023250985235406876
0.0,0.0,0.0,0.04513873196539889
0.0,0.0,0.0,0.09178589597166929
0.0,0.0,0.0,0.1214970919182938
0.0,0.0,0.0,0.1539659629691662
0.0,0.0,0.0,0.18968835680212556
0.0,0.0,0.0,0.2402469498788102
0.0,0.0,0.0,0.2804444356189058
0.0,0.0,0.0,0.3247526920105857
0.0,0.0,0.0,0.3685638364405937
0.0,0.0,0.0,0.42352015907835555
0.0,0.0,0.0,0.4718262170763921
0.0,0.0,0.0,0.5215828268887618
0.0,0.0,0.0,0.5727840426998978
0.0,0.0,0.0,0.6305546683661323
0.0,0.1729478,0.0,0.6840848831814085
0.0,0.387095,0.0,0.7366096126061006
0.0,0.4935907,0.0,0.7911473473362549
0.24,1.2253094,0.0,0.8441668178168156
0.82,1.6730046,0.24,1.0979295214869242
1.8,2.0798516,0.82,1.618349530685566
2.41,2.719496,1.8,2.50335741390581
2.28,3.8774397,2.41,3.1911961022376802
3.68,4.141237,2.28,3.202160520953983
6.160000000000001,4.5982804,3.68,4.478651087742589
6.91,6.141957,6.160000000000001,6.658260448540383
6.02,7.4948435,6.91,7.67319070189355
5.97,7.494949,6.02,7.189392584856027
9.88,6.8646035,5.97,7.1850070642877375
11.31,8.699989,9.88,10.41891945679663
13.9,9.841666,11.31,11.960264092535501
17.84,12.808019,13.9,14.422551916586045
16.17,15.457845,17.84,17.98640332568773
19.07,14.549607,16.17,17.138121357787597
19.2,16.683796,19.07,19.946507890142545
21.370000000000005,17.042877,19.2,20.089350547629696
23.03,18.114975,21.370000000000005,22.03642529106588
27.01,19.19648,23.03,23.565499265405244
27.13,21.60666,27.01,27.11225899439799
25.8,22.159184,27.13,27.701667373796564
25.760000000000005,21.918566,25.8,26.680951665869518
26.790000000000003,22.514471,25.760000000000005,26.40994474706772
27.34,22.246628,26.790000000000003,27.083792389746954
27.22,22.185486,27.34,27.433739659274373
27.06,22.136356,27.22,27.186703221202563
26.98,21.86988,27.06,27.02328804789531
26.68,21.318598,26.98,26.80548019982975
26.3,20.752253,26.68,26.41361074598964
25.85,20.21246,26.3,25.88146867307676
25.18,19.629498,25.85,25.31301728231997
24.37,18.639109,25.18,24.486144539975292
23.499999999999996,17.77947,24.37,23.579051901812086
19.18,16.800365,23.499999999999996,22.53208884383686
19.49,14.223589,19.18,18.463995798833203
18.54,13.116631,19.49,18.382776396301406
17.35,11.840616,18.54,17.254470001510647
15.77,11.191966,17.35,15.960140306122979
14.33,9.649747,15.77,14.385496502893725
12.25,8.4650545,14.33,12.863491018171702
10.69,6.919111,12.25,10.822420341568307
8.81,5.714482,10.69,9.16294712344963
6.59,3.9686487,8.81,7.310828231202716
4.8,2.516382,6.59,5.227995487700151
3.4799999999999995,1.313796,4.8,3.4528642101035336
1.91,0.3821552,3.4799999999999995,2.0698950586825857
0.86,0.0,1.91,1.2370854656983
0.19,0.0,0.86,0.1612349956822065
0.0,0.0,0.19,-0.5176170141803187
0.0,0.0,0.0,-0.7225127745176159
0.0,0.0,0.0,-0.6616135215856649
0.0,0.0,0.0,-0.5825540703084177
0.0,0.0,0.0,-0.4687593824250692
0.0,0.0,0.0,-0.3805656070408081
0.0,0.0,0.0,-0.26726149456274556
0.0,0.0,0.0,-0.18726611824590572
0.0,0.0,0.0,-0.1297966974643524
0.0,0.0,0.0,-0.0706498583544457
0.0,0.0,0.0,-0.0013784355787708688
0.0,0.0,0.0,0.04892473384984511
0.0,0.0,0.0,0.06673892407692372
0.0,0.0,0.0,0.07094345822781653
0.0,0.0,0.0,0.13119704008528457
0.0,0.0,0.0,0.14408072977693076
0.0,0.0,0.0,0.1502347076068911
0.0,0.0,0.0,0.15501249987065616
0.0,0.0,0.0,0.057792363034567806
0.0,0.0,0.0,0.05117326923822881
0.0,0.0,0.0,0.040471221091283906
0.0,0.0,0.0,0.03090188505781362
0.0,0.0,0.0,0.05900129519549323
0.0,0.0,0.0,0.06220700391009455
0.0,0.0,0.0,0.05011421597596101
0.0,0.0,0.0,0.04933062785457741
0.0,0.0,0.0,0.09503748614143814
0.0,0.0,0.0,0.11846458474821683
0.0,0.0,0.0,0.14454684985592026
0.0,0.0,0.0,0.16107149980696925
0.0,0.0,0.0,0.2025077489690657
0.0,0.0,0.0,0.23328631081674897
0.0,0.0,0.0,0.26864913450470695
0.0,0.0,0.0,0.30969629704427454
0.0,0.0,0.0,0.3585628071646014
0.0,0.0,0.0,0.390308234834456
0.0,0.0,0.0,0.42933776787081585
0.0,0.0,0.0,0.46352969544355144
0.0,0.0,0.0,0.5252088620503242
0.0,0.0,0.0,0.57302856621515
0.0,0.0,0.0,0.6098609011042626
0.0,0.0,0.0,0.6555905780774732
0.0,0.0,0.0,0.7090639214813049
0.0,0.17554142,0.0,0.7607178162072443
0.0,0.43980086,0.0,0.8180424046021366
0.0,0.5730983,0.0,0.8685948203765712
0.1,1.3180463,0.0,0.9181909450895271
0.78,1.4292104,0.1,1.0561516263754076
1.51,1.7702525,0.78,1.632685556127786
2.5300000000000002,2.2830763,1.51,2.3149059934125713
3.98,3.7310681,2.5300000000000002,3.306199589688753
5.5,5.1428394,3.98,4.6562240764481375
8.04,6.461131,5.5,6.144589292923333
9.6,8.059695,8.04,8.245761946627686
11.49,9.801368,9.6,9.911249639260664
13.29,11.293445,11.49,11.917940260972749
15.04,12.663389,13.29,13.821367213592772
16.69,13.960152,15.04,15.634287819936466
18.27,15.233881,16.69,17.807406339438746
19.66,16.521494,18.27,19.358838281754714
20.9,17.76535,19.66,20.38408609404765
22.01,18.600248,20.9,21.624050581819173
23.08,19.506191,22.01,22.6858870128062
24.12,20.297915,23.08,23.717056816777017
24.76,21.101992,24.12,24.727289107679628
25.47,21.734797,24.76,25.337425056611195
26.06,22.314814,25.47,25.978593041223796
26.36,22.765808,26.06,26.49035567937457
26.739999999999995,22.851355,26.36,26.717884486512016
27.0,22.881945,26.739999999999995,26.97791750182525
27.14,22.752457,27.0,27.109617198816316
27.11,22.609526,27.14,27.148147364252566
27.02,22.370132,27.11,27.015483599774445
26.799999999999997,22.049149,27.02,26.815888463256243
26.44,21.431025,26.799999999999997,26.48356185106167
26.08,20.86281,26.44,26.015817638625894
25.46,20.283634,26.08,25.540996068730085
24.87,19.62379,25.46,24.85421122633969
24.15,18.652493,24.87,24.16901524375552
23.2,17.838972,24.15,23.353038864573456
22.35,17.001236,23.2,22.32206739304126
21.22,16.165613,22.35,21.38078360133313
20.15,14.50266,21.22,20.09273403965824
18.79,13.473863,20.15,19.00831174018682
17.38,12.392215,18.79,17.629019840249775
16.0,11.319207,17.38,16.163332446756
12.9,9.788929,16.0,14.680912082365504
13.25,7.77237,12.9,11.717330670685149
10.31,7.298886,13.25,11.626797589129831
8.21,5.5886464,10.31,8.959131505765763
6.46,3.6640952,8.21,6.975848482446826
4.5,2.2792761,6.46,5.251481332518775
3.25,1.0373876,4.5,3.3023705464974955
1.9500000000000002,0.037500042,3.25,2.0974201853398435
0.7700000000000001,0.0,1.9500000000000002,1.2895036834904348
0.03,0.0,0.7700000000000001,0.1733585911951646
0.0,0.0,0.03,-0.5422731189095358
0.0,0.0,0.0,-0.6139004461065894
0.0,0.0,0.0,-0.551829361822047
0.0,0.0,0.0,-0.439503433539147
0.0,0.0,0.0,-0.38825282599909916
0.0,0.0,0.0,-0.28130798411115254
0.0,0.0,0.0,-0.1665525222756474
0.0,0.0,0.0,-0.100175065939569
0.0,0.0,0.0,-0.030267547543127507
0.0,0.0,0.0,0.021813510569054558
0.0,0.0,0.0,0.11072794546600737
0.0,0.0,0.0,0.15515574287669603
0.0,0.0,0.0,0.17129050718580652
0.0,0.0,0.0,0.18171979130241378
0.0,0.0,0.0,0.2187766145962752
0.0,0.0,0.0,0.21164287970545348
0.0,0.0,0.0,0.24297067263838773
0.0,0.0,0.0,0.26587812386111087
0.0,0.0,0.0,-0.05833017622319622
0.0,0.0,0.0,-0.05860293295633933
0.0,0.0,0.0,-0.06091003170577147
0.0,0.0,0.0,-0.06483218013868389
0.0,0.0,0.0,-0.0388693876544826
0.0,0.0,0.0,-0.0697850749504138
0.0,0.0,0.0,-0.054046491120134654
0.0,0.0,0.0,-0.05569566678716768
0.0,0.0,0.0,-0.008170174666059099
0.0,0.0,0.0,0.009609745085078728
0.0,0.0,0.0,0.026644055702979494
0.0,0.0,0.0,0.03240682872195774
0.0,0.0,0.0,0.06591088440395286
0.0,0.0,0.0,0.10966793303995909
0.0,0.0,0.0,0.14673843999722463
0.0,0.0,0.0,0.18533514945258864
0.0,0.0,0.0,0.2392146843158272
0.0,0.0,0.0,0.27618750518202667
0.0,0.0,0.0,0.3180153877596108
0.0,0.0,0.0,0.35264690393949594
0.0,0.0,0.0,0.4070924533361019
0.0,0.0,0.0,0.44671345131997764
0.0,0.0,0.0,0.4827105672801869
0.0,0.0,0.0,0.5374456864891598
0.0,0.0,0.0,0.5902668678253588
0.0,0.0,0.0,0.6500853272140561
0.0,0.0,0.0,0.704115161532394
0.0,0.0,0.0,0.7612807668520118
0.04,0.6714426,0.0,0.8167829960449696
0.49,0.83034563,0.04,0.9073728611683566
1.19,0.8625312,0.49,1.3398582868851223
1.55,1.1888584,1.19,2.011327049814088
2.03,2.1611397,1.55,2.3957665570036686
3.0699999999999994,2.6576157,2.03,2.9063521620327504
4.57,3.2633388,3.0699999999999994,3.8937441537607027
5.620000000000001,4.5055823,4.57,5.218356832648887
12.01,5.685044,5.620000000000001,6.389898015125026
15.019999999999998,9.781318,12.01,11.778190359775548
11.37,13.00167,15.019999999999998,14.925591571394627
18.040000000000003,12.165603,11.37,12.587528910864286
19.34,14.833087,18.040000000000003,19.09987769451947
20.220000000000002,16.207811,19.34,20.044915488034885
21.42,17.443794,20.220000000000002,20.93303855195059
22.87,18.424107,21.42,22.066962349926616
23.98,19.59481,22.87,23.353470462498098
22.5,20.035238,23.98,24.626771508074267
19.49,19.915476,22.5,23.336687295369483
18.81,18.151663,19.49,20.63952072370779
18.63,17.306805,18.81,19.67727292850329
19.67,17.419744,18.63,19.042935338806434
20.84,17.64455,19.67,19.680493890831524
22.06,17.748209,20.84,20.782336182462878
21.88,18.56186,22.06,21.804483869871557
17.47,18.220732,21.88,21.842160100797226
16.81,15.838973,17.47,18.03401708870752
13.8,14.342973,16.81,17.101580810155358
14.55,11.880509,13.8,13.96208259054719
13.28,11.5088415,14.55,14.109349562917231
11.78,10.418826,13.28,12.82354944687525
9.99,9.412824,11.78,11.429195742244316
8.47,7.7717314,9.99,9.657277579708333
10.69,6.628169,8.47,8.093924196187164
22.14,7.071997,10.69,9.813875009028902
20.43,11.436243,22.14,19.874018848125885
15.85,12.3517885,20.43,19.23979693710341
16.95,11.658654,15.85,15.843210067207313
14.65,11.559887,16.95,16.581173390726164
13.24,9.660119,14.65,14.186426948811441
11.6,8.263403,13.24,12.72823867019769
9.77,7.2968783,11.6,10.772390572293077
8.04,5.9312763,9.77,8.948248018416034
7.04,3.9970868,8.04,7.337117313659986
4.83,2.9663675,7.04,6.148059125668541
3.2,1.6561979,4.83,4.1596579973110925
1.48,0.69145834,3.2,2.539800899763991
0.13,0.0,1.48,1.0617244672284634
0.0,0.0,0.13,-0.2972417875605421
0.0,0.0,0.0,-0.48314233697167724
0.0,0.0,0.0,-0.6281112367328827
0.0,0.0,0.0,-0.533984735127587
0.0,0.0,0.0,-0.4745288256421968
0.0,0.0,0.0,-0.40045963896534087
0.0,0.0,0.0,-0.34473521165107684
0.0,0.0,0.0,-0.2989256099897737
0.0,0.0,0.0,-0.3046150967816451
0.0,0.0,0.0,-0.28563292291558123
0.0,0.0,0.0,-0.24473552538757312
0.0,0.0,0.0,-0.10298612200987024
0.0,0.0,0.0,-0.05663888953327936
0.0,0.0,0.0,-0.06004492544691747
0.0,0.0,0.0,-0.04252836709344069
0.0,0.0,0.0,-0.010598041759425532
0.0,0.0,0.0,-0.00022685140746126278
0.0,0.0,0.0,0.015019249230525007
0.0,0.0,0.0,0.026371275991005985
0.0,0.0,0.0,-0.32518115211545184
0.0,0.0,0.0,-0.3193503241388942
0.0,0.0,0.0,-0.3170721689870482
0.0,0.0,0.0,-0.3130060439793664
0.0,0.0,0.0,-0.30013163223323985
0.0,0.0,0.0,-0.31296318972724774
0.0,0.0,0.0,-0.3054533579700269
0.0,0.0,0.0,-0.304643239549593
0.0,0.0,0.0,-0.27265466131563537
0.0,0.0,0.0,-0.25201846023357666
0.0,0.0,0.0,-0.22325143196933273
0.0,0.0,0.0,-0.20544463851380057
0.0,0.0,0.0,-0.1633646645552095
0.0,0.0,0.0,-0.1376828063389537
0.0,0.0,0.0,-0.10142535727981242
0.0,0.0,0.0,-0.06386997368442233
0.0,0.0,0.0,-0.016879499796119135
0.0,0.0,0.0,0.02515609132920567
0.0,0.0,0.0,0.07210971365028451
0.0,0.0,0.0,0.1126986174452274
0.0,0.0,0.0,0.18351217712014578
0.0,0.0,0.0,0.23883856335405576
0.0,0.0,0.0,0.26752799430366686
0.0,0.0,0.0,0.3206366980581572
0.0,0.0,0.0,0.36977719214438964
0.0,0.0,0.0,0.4215429415990373
0.0,0.0,0.0,0.4898100414625754
0.0,0.0,0.0,0.5449214734065302
0.0,0.0,0.0,0.5942445977691211
0.53,0.0,0.0,0.6474884345126565
1.13,0.0,0.53,1.1521862226505302
1.42,0.0,1.13,1.7585116723008258
2.55,0.9577875,1.42,2.1152517607222934
4.48,1.9172645,2.55,3.0930165702853727
6.54,3.4264996,4.48,4.816891153317463
5.86,5.2685328,6.54,6.805229929973577
3.09,6.0930142,5.86,6.574581736497824
2.88,4.225804,3.09,4.381660549262439
3.69,2.9329348,2.88,4.040901571375632
5.69,2.631683,3.69,4.502803675813531
6.39,4.0316935,5.69,6.104872320947138
8.57,5.082941,6.39,6.91957087180434
11.51,6.75925,8.57,8.943142362014548
10.25,8.799114,11.51,11.787790839780268
11.18,8.858669,10.25,11.001784007082174
11.27,9.107472,11.18,12.074582008123066
11.63,8.970447,11.27,11.977268370735523
13.75,9.08257,11.63,12.318258667039235
15.009999999999998,9.846729,13.75,14.19298025713276
13.39,10.70409,15.009999999999998,15.450720459961403
13.99,10.569474,13.39,14.270269225814896
15.73,10.953631,13.99,14.665396991415886
14.55,11.739542,15.73,16.02738956493729
11.82,11.445359,14.55,15.038784470783385
9.27,10.258968,11.82,12.552857037459265
9.51,8.327224,9.27,9.834607202515881
12.839999999999998,7.3162184,9.51,9.6257166626951
13.99,8.468066,12.839999999999998,12.465065611250743
11.200000000000001,9.474883,13.99,13.580137504550608
12.21,8.83815,11.200000000000001,11.36751358730205
8.2,8.961141,12.21,12.221267364290387
7.85,6.8645315,8.2,8.435046722663705
8.85,5.7769303,7.85,7.790143306280914
13.58,5.4014664,8.85,8.281951547412817
9.98,7.3219876,13.58,12.213226814885491
6.5,6.395116,9.98,9.542943314595542
8.72,4.7577004,6.5,6.668976361786383
11.12,4.812352,8.72,8.24311619552318
10.77,5.558698,11.12,9.904565117285939
8.48,6.0113378,10.77,9.714112047708134
6.72,5.186395,8.48,7.691195698542356
3.1,3.7503295,6.72,6.143339338564958
1.1,1.2804136,3.1,3.0824116273811804
0.7700000000000001,0.0,1.1,1.1202862823741206
0.22,0.0,0.7700000000000001,0.396688496613726
0.0,0.0,0.22,-0.30834131370065143
0.0,0.0,0.0,-0.6080325594344792
0.0,0.0,0.0,-0.5365538626655807
0.0,0.0,0.0,-0.38972250310716006
0.0,0.0,0.0,-0.4192543904808205
0.0,0.0,0.0,-0.4841012629221459
0.0,0.0,0.0,-0.46471999519260976
0.0,0.0,0.0,-0.3765064465195689
0.0,0.0,0.0,-0.3540694699908763
0.0,0.0,0.0,-0.28114709227343176
0.0,0.0,0.0,-0.27289454829412796
0.0,0.0,0.0,-0.25560114692681163
0.0,0.0,0.0,-0.24354284544272228
0.0,0.0,0.0,-0.2108917114359543
0.0,0.0,0.0,-0.23502951524698362
0.0,0.0,0.0,-0.23562777954526615
0.0,0.0,0.0,-0.23069230379648004
0.0,0.0,0.0,-0.20291104175342103
0.0,0.0,0.0,-0.18590961322045385
0.0,0.0,0.0,-0.2510045242238907
0.0,0.0,0.0,-0.24197368887576448
0.0,0.0,0.0,-0.24991111736192584
0.0,0.0,0.0,-0.26444155637245187
0.0,0.0,0.0,-0.24157522077827606
0.0,0.0,0.0,-0.24091942857106557
0.0,0.0,0.0,-0.24342706633040528
0.0,0.0,0.0,-0.22869835297268376
0.0,0.0,0.0,-0.18553400318003788
0.0,0.0,0.0,-0.16735814210584413
0.0,0.0,0.0,-0.14753764200343247
0.0,0.0,0.0,-0.12565879148858533
0.0,0.0,0.0,-0.08168170536298663
0.0,0.0,0.0,-0.05796330155427593
0.0,0.0,0.0,-0.028235975560356244
0.0,0.0,0.0,0.006133302355244286
0.0,0.0,0.0,0.061619745826865906
0.0,0.0,0.0,0.10262541096772654
0.0,0.0,0.0,0.14509728648704648
0.0,0.0,0.0,0.180970636688806
0.0,0.0,0.0,0.23733063038429394
0.0,0.0,0.0,0.2768615683935001
0.0,0.0,0.0,0.32493802519002907
0.0,0.0,0.0,0.37681985856463607
0.0,0.0,0.0,0.4360735553987455
0.0,0.0,0.0,0.4836751435415056
0.0,0.05196784,0.0,0.5382094012606167
0.0,0.072895706,0.0,0.5924903827198887
0.0,0.68038213,0.0,0.6459546821578559
0.01,0.7110651,0.0,0.6984469418916753
0.23,0.50958145,0.01,0.7652410058714836
0.7000000000000001,0.32060847,0.23,1.002351427871439
1.68,1.0971987,0.7000000000000001,1.4692079037099248
2.21,1.9651959,1.68,2.3385933494192686
1.65,2.5603564,2.21,2.941568944574253
2.3899999999999997,2.2564664,1.65,2.649803419549309
2.57,2.8548281,2.3899999999999997,3.3151614872106463
3.12,3.0213177,2.57,3.5051537664492454
3.88,3.2498312,3.12,4.026233551158095
4.26,3.6883872,3.88,4.728370287663151
5.5,4.4888034,4.26,5.134858831013491
7.46,5.351781,5.5,6.316521497859308
8.91,6.580197,7.46,8.108533126031027
10.39,7.7459226,8.91,9.543100626589954
16.17,8.983846,10.39,11.074287063701437
18.85,12.153967,16.17,16.472635022075675
20.96,14.285757,18.85,19.310162525541372
23.19,16.383982,20.96,21.66890564066577
22.63,18.156595,23.19,23.922745212405808
21.21,18.434599,22.63,23.667288364650673
20.79,17.17232,21.21,22.368696946909402
19.190000000000005,17.300814,20.79,21.777345762313452
14.61,16.003923,19.190000000000005,20.134939740381817
17.12,14.053912,14.61,15.757062061271645
20.240000000000002,14.032431,17.12,17.37123786428206
21.95,15.189345,20.240000000000002,19.93422965592653
18.14,16.881624,21.95,21.63402293963624
21.289999999999996,15.60265,18.14,18.495306480320192
23.83,15.855907,21.289999999999996,21.078365816259836
22.379999999999995,16.042253,23.83,23.235219265307876
20.86,16.072538,22.379999999999995,21.965462164539417
15.71,15.270264,20.86,20.617808889825366
20.6,12.638869,15.71,15.769420760500958
17.43,13.279808,20.6,19.531488421813485
13.83,11.523045,17.43,16.6116614695094
11.05,9.673015,13.83,13.303104268869044
9.17,7.0806394,11.05,10.349135697085645
6.69,5.230077,9.17,8.137474869511278
5.27,3.1152394,6.69,5.7912656580968225
4.47,1.8905479,5.27,4.234609078889024
3.32,0.8168612,4.47,3.3278525025188035
2.49,0.0,3.32,2.243096599813714
1.58,0.0,2.49,1.5220440992652906
0.66,0.0,1.58,0.760858426500462
0.21,0.0,0.66,0.08633321918304113
0.0,0.0,0.21,-0.4901298871552701
0.0,0.0,0.0,-0.6828832475036196
0.0,0.0,0.0,-0.6713345658250462
0.0,0.0,0.0,-0.5774547559724343
0.0,0.0,0.0,-0.48821997126509203
0.0,0.0,0.0,-0.38370200956726114
0.0,0.0,0.0,-0.35143266246347227
0.0,0.0,0.0,-0.27257598650554526
0.0,0.0,0.0,-0.2106192940740167
0.0,0.0,0.0,-0.1779800511797849
0.0,0.0,0.0,-0.14305996534866347
0.0,0.0,0.0,-0.10710402256958687
0.0,0.0,0.0,-0.04560407267399695
0.0,0.0,0.0,-0.04017792397085877
0.0,0.0,0.0,-0.041110439077753184
0.0,0.0,0.0,-0.017845348173605308
0.0,0.0,0.0,-0.025471516842225095
0.0,0.0,0.0,-0.03765875981542002
0.0,0.0,0.0,-0.045877141689456766
0.0,0.0,0.0,-0.41727705334884296
0.0,0.0,0.0,-0.4185869714987376
0.0,0.0,0.0,-0.4194212158138993
0.0,0.0,0.0,-0.42510210813309074
0.0,0.0,0.0,-0.40052421220676554
0.0,0.0,0.0,-0.40111311289691143
0.0,0.0,0.0,-0.39800748312251155
0.0,0.0,0.0,-0.38929376661529846
0.0,0.0,0.0,-0.3525205925762454
0.0,0.0,0.0,-0.3335764993658552
0.0,0.0,0.0,-0.31255688844311735
0.0,0.0,0.0,-0.29173331383402934
0.0,0.0,0.0,-0.2496632258134773
0.0,0.0,0.0,-0.22246627937546143
0.0,0.0,0.0,-0.19066739727496243
0.0,0.0,0.0,-0.1539842732512215
0.0,0.0,0.0,-0.10362505710454079
0.0,0.0,0.0,-0.06414787332872399
0.0,0.0,0.0,-0.023544741122621497
0.0,0.0,0.0,0.02238131605108124
0.0,0.0,0.0,0.07485384216459896
0.0,0.0,0.0,0.13071987518736394
0.0,0.0,0.0,0.17746895352880282
0.0,0.0,0.0,0.21966403286210845
0.0,0.0,0.0,0.23243662620650116
0.0,0.0,0.0,0.26787702222692855
0.0,0.0,0.0,0.307682511977583
0.0,0.0,0.0,0.35491402083236456
0.0,0.0,0.0,0.41287733483832906
0.0,0.0,0.0,0.4621007419430178
0.0,0.0,0.0,0.5655273357355011
0.03,0.0,0.0,0.6151826388631785
0.64,0.0,0.03,0.6901413811960914
1.55,0.0,0.64,1.25266314503037
2.95,0.0,1.55,2.0720802576921393
3.83,1.561961,2.95,3.3702018535850287
5.81,2.8726296,3.83,4.284683527170241
5.0600000000000005,4.2788687,5.81,6.195621864070626
5.26,4.277524,5.0600000000000005,5.806652911487194
5.83,4.65976,5.26,6.014824102177473
6.5,4.6373925,5.83,6.484513799585816
6.57,4.790408,6.5,7.0667830644618705
7.85,4.6920238,6.57,7.252940353005966
7.01,5.6569257,7.85,8.294769703744807
5.48,5.5723014,7.01,7.710757524600623
5.73,4.508538,5.48,6.460263641886082
6.46,3.8403804,5.73,6.570303974978736
7.39,4.2400403,6.46,6.975446629027926
6.68,5.0495796,7.39,7.668025799506191
6.83,4.6714745,6.68,7.224461082717182
7.78,4.5923414,6.83,7.36429778750432
8.86,4.7431574,7.78,8.155584786882194
7.9,5.194997,8.86,9.071371268858535
8.91,4.8586836,7.9,8.39708597643725
10.120000000000001,5.217241,8.91,9.1971773230226
9.97,5.724714,10.120000000000001,10.163274398663285
11.28,5.862726,9.97,10.118492065660162
10.49,6.6464596,11.28,11.41527147266117
9.94,6.42325,10.49,10.638726202880257
9.13,6.138744,9.94,10.099572204993652
7.77,5.510015,9.13,9.270342350875666
11.219999999999999,4.6610327,7.77,7.943211843290584
13.91,5.8047943,11.219999999999999,10.690842007689962
13.08,7.7693515,13.91,13.144405325998399
8.12,8.362993,13.08,12.68642613562517
7.47,6.592236,8.12,8.538385402180594
4.57,5.1026464,7.47,7.528321758285612
3.47,2.863473,4.57,4.738403485131385
5.89,1.4550818,3.47,3.288775590761046
4.67,2.0781963,5.89,4.834638312073461
2.14,1.2464857,4.67,3.975412525417277
0.86,0.06260154,2.14,2.015237942447014
0.46,0.0,0.86,0.7841000346871032
0.56,0.0,0.46,0.20920437470335493
0.08,0.0,0.56,0.07083363692913257
0.0,0.0,0.08,-0.5076535091892785
0.0,0.0,0.0,-0.5661289630249575
0.0,0.0,0.0,-0.45466493230539257
0.0,0.0,0.0,-0.4150323644739994
0.0,0.0,0.0,-0.35453609187912416
0.0,0.0,0.0,-0.3519206800023814
0.0,0.0,0.0,-0.4046945711290585
0.0,0.0,0.0,-0.3724253238590864
0.0,0.0,0.0,-0.3374836186938692
0.0,0.0,0.0,-0.3318096109166492
0.0,0.0,0.0,-0.341135334875449
0.0,0.0,0.0,-0.2914813684638692
0.0,0.0,0.0,-0.2603365317577576
0.0,0.0,0.0,-0.24684038174659043
0.0,0.0,0.0,-0.27744501740384864
0.0,0.0,0.0,-0.2614899627757253
0.0,0.0,0.0,-0.2875241927990982
0.0,0.0,0.0,-0.30376814841790395
0.0,0.0,0.0,-0.29267273132377575
0.0,0.0,0.0,-0.09171587811480121
0.0,0.0,0.0,-0.10511078169452098
0.0,0.0,0.0,-0.11451819816582329
0.0,0.0,0.0,-0.12461733229182113
0.0,0.0,0.0,-0.09907810193018379
0.0,0.0,0.0,-0.09875159372131605
0.0,0.0,0.0,-0.0971435954934926
0.0,0.0,0.0,-0.09334099614880749
0.0,0.0,0.0,-0.05653425071213577
0.0,0.0,0.0,-0.0352342984230794
0.0,0.0,0.0,-0.013219128148414146
0.0,0.0,0.0,0.008143460073528463
0.0,0.0,0.0,0.06239496051357603
0.0,0.0,0.0,0.09670443621683886
0.0,0.0,0.0,0.12953533839728956
0.0,0.0,0.0,0.1660025874421708
0.0,0.0,0.0,0.21432121919878733
0.0,0.0,0.0,0.25027186043812105
0.0,0.0,0.0,0.286022442668701
0.0,0.0,0.0,0.32475905735496113
0.0,0.0,0.0,0.3818855299535576
0.0,0.0,0.0,0.4305414485751333
0.0,0.0,0.0,0.48239130733985636
0.0,0.0,0.0,0.5350094024743623
0.0,0.11455611,0.0,0.5966697741251377
0.0,0.38625845,0.0,0.6478260143480405
0.0,0.5193131,0.0,0.7041468897615466
0.0,0.616194,0.0,0.7599103749233953
0.03,1.329944,0.0,0.814218783850831
0.49,1.6328728,0.03,0.8923813809327399
0.74,1.9262545,0.49,1.3368093279536142
1.33,2.1288757,0.74,1.637282067573827
1.97,3.0539412,1.33,2.2107968034889938
2.51,3.6650815,1.97,2.8274151610736307
3.28,4.0383024,2.51,3.4007103102118093
4.89,4.425982,3.28,4.168481027775037
6.37,6.0215826,4.89,5.617066651334602
9.32,7.5928874,6.37,7.016147594107155
11.3,9.34754,9.32,9.804168490853847
10.5,10.718492,11.3,11.850711116225689
13.1,11.322914,10.5,11.509619207598584
18.72,12.748827,13.1,13.89400081665867
21.68,14.85154,18.72,18.98247176921553
22.22,17.477211,21.68,22.049211781023924
23.63,19.220112,22.22,22.99338825029629
24.86,20.635937,23.63,24.4785017349934
23.75,21.440968,24.86,25.68615713567661
27.02,21.597214,23.75,24.746032893941305
22.2,22.692629,27.02,27.454906599776308
23.03,20.692171,22.2,23.361357329077045
27.57,20.4861,23.03,23.803638920063456
28.62,22.386457,27.57,27.43445477027052
28.27,23.080488,28.62,28.533321616079967
22.27,22.995697,28.27,28.54216331909787
18.060000000000002,20.95471,22.27,23.076603690664456
29.050000000000004,17.682625,18.060000000000002,18.918982655961113
24.51,20.380043,29.050000000000004,27.73989171009119
20.87,19.420395,24.51,23.819773574141113
21.21,17.85804,20.87,20.892401738154817
24.95,16.895885,21.21,20.8871396482859
26.18,17.131353,24.95,23.818218973756377
26.4,17.44838,26.18,25.22800630470758
25.47,18.408056,26.4,25.26456154135472
23.74,18.022648,25.47,24.500865308927647
22.39,16.444178,23.74,22.903611747846316
21.18,15.139484,22.39,21.449041501934396
20.44,13.967841,21.18,20.089741902149648
14.71,13.248408,20.44,19.087965814300794
6.82,9.714266,14.71,13.799824751896384
4.7,4.9398723,6.82,6.822317276603478
3.34,2.563546,4.7,4.273474471910762
2.6,1.1234415,3.34,2.3847117657448753
2.15,0.049945306,2.6,1.379678371769025
1.41,0.0,2.15,0.8523865405555903
1.17,0.0,1.41,0.32621161766467843
0.67,0.0,1.17,0.3005274070713949
0.06,0.0,0.67,-0.06438992861578029
0.0,0.0,0.06,-0.5667334659861069
0.0,0.0,0.0,-0.6633745047673698
0.0,0.0,0.0,-0.7094852766378046
0.0,0.0,0.0,-0.48310351098871396
0.0,0.0,0.0,-0.29890629232683585
0.0,0.0,0.0,-0.2518169150293154
0.0,0.0,0.0,-0.19215948465124505
0.0,0.0,0.0,-0.10345126924656049
0.0,0.0,0.0,-0.055688998206701
0.0,0.0,0.0,-0.005756685242215634
0.0,0.0,0.0,0.030698005855785467
0.0,0.0,0.0,0.09355279899275552
0.0,0.0,0.0,0.13735862958866515
0.0,0.0,0.0,0.1725777876311952
0.0,0.0,0.0,0.1918412746084494
0.0,0.0,0.0,0.20699787062938432
0.0,0.0,0.0,0.16211505917707214
0.0,0.0,0.0,0.1500080477082963
0.0,0.0,0.0,0.13134901543038757
0.0,0.0,0.0,-0.4153629235680657
0.0,0.0,0.0,-0.41806349415248684
0.0,0.0,0.0,-0.42574156686586584
0.0,0.0,0.0,-0.4262658192156187
0.0,0.0,0.0,-0.39562161167135174
0.0,0.0,0.0,-0.39929934758696284
0.0,0.0,0.0,-0.3965789456137001
0.0,0.0,0.0,-0.39361173805882144
0.0,0.0,0.0,-0.3530481955752058
0.0,0.0,0.0,-0.3324441043942936
0.0,0.0,0.0,-0.31135682269131815
0.0,0.0,0.0,-0.2870203035224477
0.0,0.0,0.0,-0.24318589144137265
0.0,0.0,0.0,-0.211005515355704
0.0,0.0,0.0,-0.1784703830327493
0.0,0.0,0.0,-0.1394902372825246
0.0,0.0,0.0,-0.0895959672598837
0.0,0.0,0.0,-0.05040891796139011
0.0,0.0,0.0,-0.0073932777694196185
0.0,0.0,0.0,0.03911071431591754
0.0,0.0,0.0,0.09437235562992918
0.0,0.0,0.0,0.1291230682809946
0.0,0.0,0.0,0.1753580300053154
0.0,0.0,0.0,0.21942776241131748
0.0,0.0,0.0,0.2785555828171551
0.0,0.0,0.0,0.3369012260960489
0.0,0.0,0.0,0.3953492272731905
0.0,0.0,0.0,0.44946151574933824
0.0,0.0,0.0,0.4967843234515162
0.39,0.0,0.0,0.5490082034962285
0.7700000000000001,0.0,0.39,0.9304768446546051
0.96,0.0,0.7700000000000001,1.3295268385212788
1.44,0.39055306,0.96,1.5767690881586542
1.89,0.8579338,1.44,2.0406389177109734
2.7,1.0983646,1.89,2.5353670706277143
3.16,1.6110977,2.7,3.2974553199772547
3.26,2.637733,3.16,3.7903186628651206
3.59,2.945755,3.26,4.003307049815355
6.17,2.9458609,3.59,4.347054070985293
9.19,4.284701,6.17,6.5627426938614635
8.62,6.9831486,9.19,9.276367582038997
5.27,7.7831283,8.62,9.162209083018528
3.85,6.3307548,5.27,6.558113392418835
2.66,4.4334426,3.85,5.163896824800856
3.02,2.9780056,2.66,3.850504462947225
4.34,2.428773,3.02,3.8515446939592106
4.18,2.9554863,4.34,4.802099998749393
4.75,3.2978785,4.18,4.790454480114672
5.46,4.046425,4.75,5.414318381882467
6.59,4.4858,5.46,6.122639742207063
7.69,4.973762,6.59,7.174088989462902
9.1,5.6668744,7.69,8.147855044505869
9.4,6.530302,9.1,9.350670131977308
9.8,6.7396317,9.4,9.760628423904617
9.529999999999998,6.6581025,9.8,10.25090366188809
9.62,6.342151,9.529999999999998,10.058213989450605
11.04,6.1392713,9.62,10.08333268966062
12.320000000000002,6.6619425,11.04,11.219826824883148
11.73,7.5215344,12.320000000000002,12.48081935702848
11.11,7.7249465,11.73,12.059521650348511
12.23,7.7035475,11.11,11.490301459680563
15.34,8.055833,12.23,12.304257935733553
14.22,9.157017,15.34,14.92792628960982
11.27,9.4745655,14.22,14.08374259047161
8.95,8.6287365,11.27,11.439424567733838
5.92,7.145157,8.95,9.096412084423056
4.88,4.4147787,5.92,6.1087811672206325
4.03,2.7520344,4.88,4.7693614066695735
3.04,1.6527058,4.03,3.634822757870457
2.0,0.77676153,3.04,2.5710310484659176
1.43,0.0,2.0,1.6426182850437723
1.32,0.0,1.43,1.0894266276758937
1.3,0.0,1.32,0.9260332033122585
0.72,0.0,1.3,0.8018591516645728
0.13,0.0,0.72,0.24083399386990034
0.0,0.0,0.13,-0.2780874801875783
0.0,0.0,0.0,-0.3968540469034411
0.0,0.0,0.0,-0.4185348808268472
0.0,0.0,0.0,-0.3676901079600301
0.0,0.0,0.0,-0.3573567503921078
0.0,0.0,0.0,-0.3346516370266138
0.0,0.0,0.0,-0.3100722864600617
0.0,0.0,0.0,-0.2642881420599114
0.0,0.0,0.0,-0.2653338691024342
0.0,0.0,0.0,-0.27530282521817206
0.0,0.0,0.0,-0.2787601571980474
0.0,0.0,0.0,-0.2099347813937795
0.0,0.0,0.0,-0.19543389284259982
0.0,0.0,0.0,-0.20470163043799572
0.0,0.0,0.0,-0.21218049455450108
0.0,0.0,0.0,-0.21115303772415775
0.0,0.0,0.0,-0.22910242563905253
0.0,0.0,0.0,-0.24518358376278251
0.0,0.0,0.0,-0.26199476210326494
0.0,0.0,0.0,-0.2086299374759218
0.0,0.0,0.0,-0.2224163365749471
0.0,0.0,0.0,-0.23151732826096433
0.0,0.0,0.0,-0.23281305117062365
0.0,0.0,0.0,-0.2080166811254683
0.0,0.0,0.0,-0.2085505912283543
0.0,0.0,0.0,-0.20497368106273728
0.0,0.0,0.0,-0.19915373240367418
0.0,0.0,0.0,-0.16849283979326254
0.0,0.0,0.0,-0.1556767803074386
0.0,0.0,0.0,-0.13099663942608225
0.0,0.0,0.0,-0.10594590458441366
0.0,0.0,0.0,-0.05870230522148145
0.0,0.0,0.0,-0.02923066116459566
0.0,0.0,0.0,0.0038047074678089834
0.0,0.0,0.0,0.03877731528949649
0.0,0.0,0.0,0.08753495435203007
0.0,0.0,0.0,0.1260201010966571
0.0,0.0,0.0,0.16835676516129017
0.0,0.0,0.0,0.21365997434563805
0.0,0.0,0.0,0.2723864306439677
0.0,0.0,0.0,0.32852639448478876
0.0,0.0,0.0,0.38045374963924644
0.0,0.0,0.0,0.43899855971582796
0.0,0.0,0.0,0.5067858241875502
0.0,0.0,0.0,0.5674791655505477
0.0,0.0,0.0,0.6129153148789476
0.0,0.0,0.0,0.6634543707264436
0.0,0.53323644,0.0,0.7247602825410905
0.2,0.7913044,0.0,0.7760077055911713
0.51,0.8865226,0.2,1.002277122046653
1.05,0.8825391,0.51,1.3337273332854471
1.57,1.7509665,1.05,1.8465545165639279
2.3899999999999997,2.3091116,1.57,2.3661322100364446
4.12,2.9949026,2.3899999999999997,3.1146141129413287
6.62,4.0731583,4.12,4.718293416164404
6.2,6.66324,6.62,7.033280072898989
12.45,7.2207713,6.2,7.016257433936244
9.96,10.435739,12.45,12.437872137035235
16.61,10.209767,9.96,10.872845264535457
18.4,13.671523,16.61,16.962563913354366
21.71,15.356916,18.4,19.23830930870968
20.73,17.715307,21.71,21.93663208442755
16.84,18.075245,20.73,21.692360277189973
14.31,16.858662,16.84,18.279377813344354
19.55,14.53747,14.31,15.88533452367353
24.44,16.458412,19.55,19.80306219807651
22.19,18.994852,24.44,24.09160066857789
17.42,19.758392,22.19,22.55685752783988
19.25,18.098404,17.42,18.642408663845764
10.24,17.474125,19.25,19.78689008721694
6.35,12.1697,10.24,11.512899753428641
6.64,8.710139,6.35,7.155485790004358
8.02,7.2115064,6.64,6.517635968163283
10.37,7.2062654,8.02,7.178157655135115
13.3,7.7670336,10.37,9.51427613320772
13.05,9.256412,13.3,12.536821293456928
16.82,9.607876,13.05,12.955004603854453
15.98,11.317931,16.82,16.38759763502483
15.68,11.222119,15.98,15.780064510164479
21.39,11.051967,15.68,15.612118110161665
19.95,13.038549,21.39,20.60773199880918
16.53,13.193641,19.95,19.50158047707487
21.78,12.495857,16.53,16.83826875663242
15.45,14.06296,21.78,21.090582529317228
14.97,11.6299515,15.45,15.697396372177527
13.77,10.791589,14.97,15.047974583915797
10.24,10.029206,13.77,13.339471420714274
15.82,7.2447014,10.24,9.892795810805588
6.9799999999999995,8.82348,15.82,14.31424719461818
4.42,5.634768,6.9799999999999995,6.660034716922704
3.63,3.2981794,4.42,4.522909139971485
6.45,1.4955236,3.63,3.2996380976538013
3.12,1.8906224,6.45,5.082625010554442
0.91,0.77544147,3.12,2.5614456701478656
1.11,0.0,0.91,0.5871730487644883
0.2,0.0,1.11,0.5735818200097315
0.0,0.0,0.2,-0.29540738995535054
0.0,0.0,0.0,-0.5517307693483342
0.0,0.0,0.0,-0.6589294498147957
0.0,0.0,0.0,-0.5168219436065723
0.0,0.0,0.0,-0.5898007299401314
0.0,0.0,0.0,-0.38464615903644356
0.0,0.0,0.0,-0.312244104927572
0.0,0.0,0.0,-0.2639810847874009
0.0,0.0,0.0,-0.27438281998478453
0.0,0.0,0.0,-0.18910110249783396
0.0,0.0,0.0,-0.14799210866973558
0.0,0.0,0.0,-0.06974383076564047
0.0,0.0,0.0,-0.06925837503139846
0.0,0.0,0.0,-0.05236202373502766
0.0,0.0,0.0,-0.05426715804841994
0.0,0.0,0.0,-0.05132217848862246
0.0,0.0,0.0,-0.0002081018202178958
0.0,0.0,0.0,-0.038301420878688874
0.0,0.0,0.0,-0.049301421969272924
0.0,0.0,0.0,-0.5937575049317048
0.0,0.0,0.0,-0.5759225861756497
0.0,0.0,0.0,-0.5921712976952463
0.0,0.0,0.0,-0.6060476479290127
0.0,0.0,0.0,-0.5751253720222709
0.0,0.0,0.0,-0.579289181480202
0.0,0.0,0.0,-0.5775689209987684
0.0,0.0,0.0,-0.5755858553664808
0.0,0.0,0.0,-0.533153150159364
0.0,0.0,0.0,-0.5161739771877333
0.0,0.0,0.0,-0.4973419567993475
0.0,0.0,0.0,-0.47551756361490205
0.0,0.0,0.0,-0.4314364890570221
0.0,0.0,0.0,-0.40698604126408494
0.0,0.0,0.0,-0.3769941476667922
0.0,0.0,0.0,-0.34256325767752216
0.0,0.0,0.0,-0.2926085347297351
0.0,0.0,0.0,-0.25101978852708395
0.0,0.0,0.0,-0.2097530834697191
0.0,0.0,0.0,-0.16542940192387864
0.0,0.0,0.0,-0.12104524360183819
0.0,0.0,0.0,-0.07986953879190593
0.0,0.0,0.0,-0.02927888280899571
0.0,0.0,0.0,0.018646315203826713
0.0,0.0,0.0,0.06650732088496564
0.0,0.0,0.0,0.10845116146590433
0.0,0.0,0.0,0.16776371448800637
0.0,0.0,0.0,0.2205350820434283
0.0,0.0,0.0,0.26991228406123857
0.0,0.0,0.0,0.3217847197807972
0.0,0.0,0.0,0.3807272594375582
0.0,0.0,0.0,0.44363062323611346
0.14,0.0,0.0,0.49819657274564066
0.38,0.0,0.14,0.6546037438795239
0.28,0.0,0.38,0.9120326399197699
0.09,0.0,0.28,0.9011254786306158
0.06,0.0,0.09,0.7925275474650599
0.09,0.0,0.06,0.7969247127485447
0.3,0.0,0.09,0.8483467692580876
0.16,0.0,0.3,1.062386200865531
0.0,0.0,0.16,0.9734381261395798
0.0,0.0,0.0,0.8823200105195539
0.38,0.0,0.0,0.8971092176645304
0.71,0.0,0.38,1.2374780510868444
0.91,0.0,0.71,1.5513101937357165
1.24,0.0,0.91,1.7822779707317076
1.79,0.0,1.24,2.1158290702820812
1.84,0.080850765,1.79,2.6365863526620887
2.14,0.5554184,1.84,2.7326439829205404
2.46,0.8912629,2.14,3.0164229678411
2.87,1.1079111,2.46,3.307726056498128
3.51,1.321389,2.87,3.681674306204442
3.03,1.86492,3.51,4.243860478088707
2.68,1.8009458,3.03,3.928846013659887
2.79,1.6296943,2.68,3.6286730050324962
2.31,1.683986,2.79,3.605074318548957
2.28,1.5175214,2.31,3.087406407128206
2.65,1.4015732,2.28,3.0239422864320007
3.85,1.5418601,2.65,3.2592662973592645
5.39,2.113817,3.85,4.240325966062914
6.89,2.8593428,5.39,5.6023338983949245
6.99,3.9413857,6.89,7.00147409959542
6.81,4.509313,6.99,7.275103980209746
5.329999999999999,4.730671,6.81,7.181463954941326
4.0,3.8654542,5.329999999999999,5.907307646020105
3.19,3.0530822,4.0,4.51849790716618
3.57,2.2010639,3.19,3.565226611769448
3.05,1.9969598,3.57,3.6139596594885735
2.31,1.50099,3.05,3.0888217558346227
1.77,1.1601857,2.31,2.39760321924774
1.78,0.87945336,1.77,1.8844026573128783
2.49,0.8263998,1.78,1.7440981553935018
1.87,0.7969408,2.49,2.1728783820006656
1.17,0.6022643,1.87,1.6654890652895558
0.79,0.35911655,1.17,1.0899057628281692
0.59,0.22591299,0.79,0.6676117283219825
0.05,0.15134376,0.59,0.42073652377391074
0.0,0.074080646,0.05,-0.10627334961120741
0.0,0.10554845,0.0,-0.24368127793126748
0.0,0.20253402,0.0,-0.31749386440135474
0.0,0.14405367,0.0,-0.3273306822360015
0.0,0.13326599,0.0,-0.33980478502615263
0.0,0.17245638,0.0,-0.36104284589002494
0.0,0.24223474,0.0,-0.3750741247498339
0.0,0.15951447,0.0,-0.3869482542287726
0.0,0.14043821,0.0,-0.38934584258903554
0.0,0.14131062,0.0,-0.39488484472628727
0.0,0.15172201,0.0,-0.4040186018057439
0.0,0.0,0.0,-0.40108506834011404
0.0,0.0,0.0,-0.42006414470129627
0.0,0.0,0.0,-0.4445073677670487
0.0,0.0,0.0,-0.46058592334200865
0.0,0.0,0.0,-0.4535331750152951
0.0,0.0,0.0,-0.4728834335992054
0.0,0.0,0.0,-0.48800211726361725
0.0,0.0,0.0,-0.50057809505727
0.0,0.0,0.0,-0.42355813197052233
0.0,0.0,0.0,-0.4308967211791253
0.0,0.0,0.0,-0.43703315324830333
0.0,0.0,0.0,-0.4408255217589795
0.0,0.0,0.0,-0.41402471692582365
0.0,0.0,0.0,-0.41472246921523737
0.0,0.0,0.0,-0.40814173581404534
0.0,0.0,0.0,-0.39650453099147115
0.0,0.0,0.0,-0.3587511847933816
0.0,0.0,0.0,-0.34243045751652373
0.0,0.0,0.0,-0.3201858171066414
0.0,0.0,0.0,-0.29483355000678874
0.0,0.0,0.0,-0.24983013402231247
0.0,0.0,0.0,-0.22030038322138973
0.0,0.0,0.0,-0.18667252114101446
0.0,0.0,0.0,-0.15227236622002374
0.0,0.0,0.0,-0.0984425348333861
0.0,0.0,0.0,-0.059084058827081135
0.0,0.0,0.0,-0.01853086846211171
0.0,0.0,0.0,0.02795261860235418
0.0,0.0,0.0,0.08407881998903702
0.0,0.0,0.0,0.13428224814719342
0.0,0.0,0.0,0.18452074389213863
0.0,0.0,0.0,0.2351069333741926
0.0,0.0,0.0,0.29286471347317594
0.0,0.0,0.0,0.3464329104921651
0.0,0.0,0.0,0.3998768837568573
0.0,0.0,0.0,0.45717187956704247
0.0,0.0,0.0,0.5121742529086625
0.18,0.0,0.0,0.5607711003851138
0.43,0.0,0.18,0.76389627452358
0.51,0.0,0.43,1.039851271302664
0.55,0.15027878,0.51,1.1905333702429037
0.73,0.16916637,0.55,1.293267066438486
1.01,0.0,0.73,1.5110289749806534
1.55,0.0,1.01,1.829688053842011
2.76,0.63856447,1.55,2.3441545392298573
4.07,1.7071804,2.76,3.4391944730033064
2.59,3.0993152,4.07,4.659251064576002
2.41,2.8325508,2.59,3.6145057618911722
2.41,2.5468588,2.41,3.5183952863227015
2.85,2.1810656,2.41,3.4530264454716093
4.44,1.9314018,2.85,3.78332792215405
4.63,2.5542977,4.44,5.178987906693581
4.61,3.5849872,4.63,5.396748783938025
3.76,3.9139168,4.61,5.528939511699157
3.5,3.233897,3.76,4.890723836024878
4.5,2.5967312,3.5,4.626053557369721
5.55,3.0089157,4.5,5.334699712265341
7.37,3.590862,5.55,6.209443773578652
6.46,4.6310515,7.37,7.893605489976836
7.73,4.558069,6.46,7.371263782663798
13.31,5.2767787,7.73,8.428025837545373
13.09,7.589624,13.31,13.450805032610868
17.76,8.154433,13.09,13.484415686589244
16.32,11.259455,17.76,18.02854730155934
17.16,11.562387,16.32,17.031939406885908
20.65,11.580151,17.16,17.79868663272763
17.22,13.444948,20.65,20.932619464433515
17.83,13.036349,17.22,17.899515755689375
23.44,13.172479,17.83,18.33656921396838
18.3,15.086562,23.44,22.952458789690816
17.02,13.589993,18.3,18.68643596648063
17.16,13.046253,17.02,17.326107322175915
13.55,12.332178,17.16,16.930332373465625
19.97,9.103469,13.55,13.506695155056645
18.87,11.5597105,19.97,18.569489990896734
12.92,12.022378,18.87,17.326089369480158
8.43,8.718213,12.92,12.693698952312305
11.63,5.5007725,8.43,8.553342355911749
10.46,5.983766,11.63,10.038832460746006
3.13,4.728057,10.46,8.993113973466144
4.12,1.0648742,3.13,2.906388790590235
3.95,0.6423975,4.12,3.1441925602000804
1.27,0.0,3.95,2.75606203971475
1.19,0.0,1.27,0.5230756561901642
0.17,0.0,1.19,0.07945470267139668
0.0,0.0,0.17,-0.6461959144793299
0.0,0.0,0.0,-0.8909280717109437
0.0,0.0,0.0,-0.9195247739793542
0.0,0.0,0.0,-0.8080533793216708
0.0,0.0,0.0,-0.6335165198488326
0.0,0.0,0.0,-0.6723546588836037
0.0,0.0,0.0,-0.6314542900142658
0.0,0.0,0.0,-0.43069750508091087
0.0,0.0,0.0,-0.400010522537908
0.0,0.0,0.0,-0.4108978921525006
0.0,0.0,0.0,-0.3550083419620165
0.0,0.0,0.0,-0.30871616842320515
0.0,0.0,0.0,-0.29325042570229126
0.0,0.0,0.0,-0.23295455979045543
0.0,0.0,0.0,-0.21528641619914546
0.0,0.0,0.0,-0.21653169663734664
0.0,0.0,0.0,-0.23823674290447744
0.0,0.0,0.0,-0.20845212456107595
0.0,0.0,0.0,-0.19928055683477067
0.0,0.0,0.0,-0.43863172783117194
0.0,0.0,0.0,-0.4327675417043396
0.0,0.0,0.0,-0.42876818116247184
0.0,0.0,0.0,-0.43842616611244245
0.0,0.0,0.0,-0.40874840390904893
0.0,0.0,0.0,-0.39959067672171794
0.0,0.0,0.0,-0.3818735621135456
0.0,0.0,0.0,-0.37534081720186196
0.0,0.0,0.0,-0.34156707035825296
0.0,0.0,0.0,-0.32784683539282744
0.0,0.0,0.0,-0.3193141356087974
0.0,0.0,0.0,-0.2965537824839143
0.0,0.0,0.0,-0.26417997916912245
0.0,0.0,0.0,-0.2351634949843208
0.0,0.0,0.0,-0.20068061337220056
0.0,0.0,0.0,-0.1638745576824857
0.0,0.0,0.0,-0.11276693899862147
0.0,0.0,0.0,-0.0735243818705737
0.0,0.0,0.0,-0.034307042656819414
0.0,0.0,0.0,0.010815988329189972
0.0,0.0,0.0,0.07008987734586747
0.0,0.0,0.0,0.1218112823475362
0.0,0.0,0.0,0.17139781292578032
0.0,0.0,0.0,0.22240244091165629
0.0,0.0,0.0,0.2759936656551766
0.0,0.0,0.0,0.32745909094318226
0.0,0.0,0.0,0.37942053093451417
0.0,0.0,0.0,0.43260898959334854
0.0,0.0,0.0,0.4856750176598022
0.0,0.0,0.0,0.5426023226476924
0.52,0.0,0.0,0.5992468037336637
1.45,0.0,0.52,1.0872295267903316
1.3,0.69856143,1.45,1.8967431258518024
1.29,1.0269836,1.3,1.974481257000797
1.0,0.90906096,1.29,2.069617162339583
0.62,0.3029963,1.0,1.8762635914681591
0.47,0.2541676,0.62,1.5560670832665997
0.6,0.0,0.47,1.4169734561931058
1.31,0.0,0.6,1.5070638624717496
1.82,0.02682541,1.31,2.13126995862265
1.75,1.115515,1.82,2.6378481348154224
1.35,1.5692874,1.75,2.7066087785619226
1.83,1.3121759,1.35,2.4579606212768583
1.5,1.3105983,1.83,2.837158994794556
1.65,1.3562367,1.5,2.5588742629868753
1.78,1.3152374,1.65,2.684745864001208
2.43,1.2135124,1.78,2.8079928595862342
2.93,1.4727552,2.43,3.3636022567865185
3.68,1.9271638,2.93,3.873542169825732
4.05,2.4892147,3.68,4.569754379568463
3.65,2.8929932,4.05,4.932517236771103
4.45,2.6256137,3.65,4.7042425971293085
6.5,2.8046072,4.45,5.341002802983857
5.64,3.6434255,6.5,7.057082795045071
7.3,3.4457803,5.64,6.530978215525441
11.36,4.1952033,7.3,7.971865643805917
11.95,5.848751,11.36,11.51845769078368
10.49,6.986012,11.95,12.427273007304928
18.64,7.0764055,10.49,11.289065877916608
19.059999999999995,10.678382,18.64,18.5183402707597
25.84,11.571226,19.059999999999995,19.23448277519862
22.84,14.955286,25.84,25.54126640605804
25.31,16.00864,22.84,23.270828382023655
24.37,17.179474,25.31,25.3817628011261
20.4,16.461048,24.37,24.602994349778314
19.02,14.4017,20.4,20.745692146475363
17.85,13.018877,19.02,19.101367810454295
16.54,12.018722,17.85,17.313291643184066
14.47,10.334446,16.54,15.768417792968606
7.29,8.882577,14.47,13.587928038870697
5.04,5.1334443,7.29,7.218120137725399
7.2,2.6357303,5.04,4.701565493074775
4.530000000000001,2.1487913,7.2,5.870281648573978
2.72,0.75266767,4.530000000000001,3.270023489424789
1.31,0.0,2.72,1.708054198640817
0.64,0.0,1.31,0.30771504252245785
0.16,0.0,0.64,-0.3585990902346517
0.0,0.0,0.16,-0.8000982026539825
0.0,0.0,0.0,-1.0960995206631443
0.0,0.0,0.0,-1.0689542601084538
0.0,0.0,0.0,-0.9863402621486838
0.0,0.0,0.0,-0.9164637703901057
0.0,0.0,0.0,-0.7682778247768031
0.0,0.0,0.0,-0.660895179701514
0.0,0.0,0.0,-0.6668095874202972
0.0,0.0,0.0,-0.546579677503595
0.0,0.0,0.0,-0.49739142700415745
0.0,0.0,0.0,-0.42093082528219705
0.0,0.0,0.0,-0.3499033243783734
0.0,0.0,0.0,-0.3360411581059939
0.0,0.0,0.0,-0.31570128630241245
0.0,0.0,0.0,-0.2961221697041382
0.0,0.0,0.0,-0.24852269354160392
0.0,0.0,0.0,-0.23995978069579144
0.0,0.0,0.0,-0.2700673714281893
0.0,0.0,0.0,-0.27861281834007917
0.0,0.0,0.0,-0.517364537969537
0.0,0.0,0.0,-0.5238212045829547
0.0,0.0,0.0,-0.523356849903079
0.0,0.0,0.0,-0.5298505881811278
0.0,0.0,0.0,-0.509973661597099
0.0,0.0,0.0,-0.512161605295924
0.0,0.0,0.0,-0.5103869695919389
0.0,0.0,0.0,-0.4984534243608077
0.0,0.0,0.0,-0.45947556000857875
0.0,0.0,0.0,-0.4422022213601824
0.0,0.0,0.0,-0.423583423276344
0.0,0.0,0.0,-0.39982990366935656
0.0,0.0,0.0,-0.3561502656632286
0.0,0.0,0.0,-0.3281498478368392
0.0,0.0,0.0,-0.3017186768290097
0.0,0.0,0.0,-0.26878404079274115
0.0,0.0,0.0,-0.2181088624629686
0.0,0.0,0.0,-0.17481430849664592
0.0,0.0,0.0,-0.13092132226026915
0.0,0.0,0.0,-0.08659103853246389
0.0,0.0,0.0,-0.030656423486283002
0.0,0.0,0.0,0.017831807226590148
0.0,0.0,0.0,0.0670193453080894
0.0,0.0,0.0,0.11903693800694537
0.0,0.0,0.0,0.17604022123539861
0.0,0.0,0.0,0.23112427809100572
0.0,0.0,0.0,0.2862938784594748
0.0,0.0,0.0,0.34076954646370156
0.0,0.0,0.0,0.3972015830460893
0.0,0.0,0.0,0.4507466264249315
0.0,0.0,0.0,0.5037594846109453
0.0,0.0,0.0,0.5563900496021252
0.0,0.0,0.0,0.6025650871154609
0.24,0.0,0.0,0.648456924617818
0.4,0.0,0.24,0.9079264921755666
0.64,0.0,0.4,1.1100593267052776
1.53,0.0,0.64,1.3751006675977193
2.15,0.0,1.53,2.187900389117029
2.7,0.29370454,2.15,2.7868131623142745
3.2099999999999995,0.84293956,2.7,3.400944450954515
2.11,1.7777458,3.2099999999999995,3.9321752925045645
2.76,1.1772059,2.11,3.149258446373625
5.52,1.1396412,2.76,3.6760464857968573
4.73,2.5776093,5.52,5.950783432950485
6.18,3.3215451,4.73,5.479905292800295
8.41,4.2594395,6.18,6.845534913151934
9.37,5.362635,8.41,8.833504380958221
13.43,5.9891777,9.37,9.936285030080807
3.56,8.678691,13.43,13.836983896244437
3.86,5.3553085,3.56,5.361199095545479
2.82,3.595384,3.86,5.329363226310227
6.24,2.2131002,2.82,3.8319500980444454
7.45,3.1936269,6.24,6.2593812875512755
3.17,3.9496243,7.45,7.533377929527871
2.8100000000000005,2.9706283,3.17,4.038663358972657
5.04,1.9941094,2.8100000000000005,3.7658073700893278
7.2,2.1066093,5.04,5.404548629462224
11.01,3.0112796,7.2,7.137735293074542
14.21,5.2827163,11.01,10.645258536193142
9.3,8.199564,14.21,13.788817029703864
13.46,6.884404,9.3,9.776102382459475
12.38,7.939657,13.46,13.656700816877521
7.68,7.7664146,12.38,12.576930425970815
8.8,5.874859,7.68,8.303997655079401
11.09,5.513,8.8,8.791187525813163
7.88,5.959978,11.09,10.355944793846854
8.85,4.6727905,7.88,7.915258382400365
8.59,5.247471,8.85,8.563146062797259
4.35,4.800902,8.59,8.132769250320028
2.65,2.7311847,4.35,4.537945176460811
1.9500000000000002,1.3714474,2.65,2.764037945400217
1.5,0.38152128,1.9500000000000002,1.6184792465493114
1.26,0.0,1.5,1.2190249368470782
0.39,0.0,1.26,0.715301684622402
0.01,0.0,0.39,-0.042136711159758006
0.0,0.0,0.01,-0.28327642068720466
0.0,0.0,0.0,-0.35138621442836837
0.0,0.0,0.0,-0.4516798310068931
0.0,0.0,0.0,-0.4371574027091942
0.0,0.0,0.0,-0.4938340644673275
0.0,0.0,0.0,-0.47287554429907774
0.0,0.0,0.0,-0.38830294504679547
0.0,0.0,0.0,-0.3508042406546917
0.0,0.0,0.0,-0.32744715409796077
0.0,0.0,0.0,-0.334920256218435
0.0,0.0,0.0,-0.3158187281395156
0.0,0.0,0.0,-0.30601282225918025
0.0,0.0,0.0,-0.3350613001054424
0.0,0.0,0.0,-0.3131201222140834
0.0,0.0,0.0,-0.3026426679853083
0.0,0.0,0.0,-0.32670103154693153
0.0,0.0,0.0,-0.3257867075839953
0.0,0.0,0.0,-0.302509955668438
0.0,0.0,0.0,-0.3331186649903303
0.0,0.0,0.0,-0.35277750150401993
0.0,0.0,0.0,-0.36705801172836783
0.0,0.0,0.0,-0.43406312476498177
0.0,0.0,0.0,-0.4416487713708475
0.0,0.0,0.0,-0.4518759632731767
0.0,0.0,0.0,-0.4572581309888543
0.0,0.0,0.0,-0.43183879229266914
0.0,0.0,0.0,-0.42678011422150475
0.0,0.0,0.0,-0.42085009381701227
0.0,0.0,0.0,-0.4119572535467107
0.0,0.0,0.0,-0.3775041819674288
0.0,0.0,0.0,-0.3601817716867754
0.0,0.0,0.0,-0.33783659094462676
0.0,0.0,0.0,-0.3145809984225315
0.0,0.0,0.0,-0.2692923912035753
0.0,0.0,0.0,-0.2402563626782696
0.0,0.0,0.0,-0.2076939685622424
0.0,0.0,0.0,-0.17274251308896904
0.0,0.0,0.0,-0.1202903479319175
0.0,0.0,0.0,-0.0794993245018821
0.0,0.0,0.0,-0.03683592945465622
0.0,0.0,0.0,0.007475602789047929
0.0,0.0,0.0,0.06404275603709297
0.0,0.0,0.0,0.1129962617530545
0.0,0.0,0.0,0.1627164846560178
0.0,0.0,0.0,0.2149217108176588
0.0,0.0,0.0,0.2708201335567122
0.0,0.0,0.0,0.3228118969231691
0.0,0.0,0.0,0.37662676213989316
0.0,0.0,0.0,0.430494237662052
0.0,0.25468,0.0,0.48541598183766793
0.0,0.2393274,0.0,0.5389150038236902
0.0,0.0041425647,0.0,0.5922253607412361
0.26,0.0,0.0,0.6407282026843124
0.76,0.33618557,0.26,0.9043402403286481
1.76,0.76344526,0.76,1.3957265601768594
1.97,1.4734344,1.76,2.2946507202271444
1.31,1.8614995,1.97,2.637988750565018
0.76,2.2108078,1.31,2.224957698141734
0.54,1.7744025,0.76,1.7943815262396179
0.88,1.1773498,0.54,1.5609938018860572
1.32,0.8660563,0.88,1.809941439794796
1.51,1.4819468,1.32,2.1879707913326762
1.44,1.9543458,1.51,2.410893361706505
2.35,2.028064,1.44,2.4641187357312386
3.1,2.5085406,2.35,3.252921521127776
3.88,3.4484434,3.1,3.9553048442619767
7.3,4.1668305,3.88,4.718201915546382
5.21,5.798353,7.3,7.762453492979987
4.779999999999999,5.714425,5.21,6.207983731949254
7.0,5.4188614,4.779999999999999,5.951399606998249
4.48,5.9721317,7.0,7.699766781560507
7.02,4.9482346,4.48,5.578789215526225
15.630000000000003,5.4762263,7.02,7.719817279992266
16.47,9.456689,15.630000000000003,15.317487730072033
16.82,11.149358,16.47,16.76386014966387
19.54,12.870691,16.82,17.691831231654668
26.03,14.365403,19.54,20.20933725815914
15.29,16.66667,26.03,25.960851120660777
18.85,13.701408,15.29,16.981733398396017
19.78,14.482041,18.85,19.457293880906455
12.36,13.923431,19.78,19.924443349982567
16.0,11.070113,12.36,13.21432466244071
13.17,11.509071,16.0,15.992860334086348
18.43,10.082909,13.17,13.001234744209224
17.18,11.519159,18.43,17.56303847191358
19.68,11.414567,17.18,16.436521406739185
16.94,12.621361,19.68,18.547146054000063
8.64,11.421098,16.94,16.410438250214998
9.569999999999999,6.7963715,8.64,9.017793091072786
7.0,5.486453,9.569999999999999,8.878664205551676
3.7,3.4085488,7.0,6.22516047583126
1.26,1.5663207,3.7,3.0074970416438083
0.11,0.0,1.26,0.6209584759376724
0.0,0.0,0.11,-0.5692416984554538
0.0,0.0,0.0,-0.828316920280971
0.0,0.0,0.0,-0.9715008781673913
0.0,0.0,0.0,-1.0445151086317952
0.0,0.0,0.0,-0.8935686218551205
0.0,0.009043482,0.0,-0.8871063632848009
0.0,0.114709705,0.0,-0.798421892691822
0.0,0.026159141,0.0,-0.5794887569502344
0.0,0.20886056,0.0,-0.5442919653867083
0.0,0.23632763,0.0,-0.5438063271582154
0.0,0.3407771,0.0,-0.4458395115508887
0.0,0.2680016,0.0,-0.3519667549464063
0.0,0.19683383,0.0,-0.3693196858116141
0.0,0.26575506,0.0,-0.3441268561342429
0.0,0.26506022,0.0,-0.3589309422140809
0.0,0.12485295,0.0,-0.2895802075390749
0.0,0.039734323,0.0,-0.27636192282686867
0.0,0.04119529,0.0,-0.23594638421009484
0.0,0.0,0.0,-0.22852750061724408
0.0,0.0,0.0,-0.23961879043328776
0.0,0.0,0.0,-0.22911199418506417
0.0,0.0,0.0,-0.24093627598102463
0.0,0.0,0.0,-0.2609429916148305
0.0,0.0,0.0,-0.2790782491094796
0.0,0.0,0.0,-0.292185783816269
0.0,0.0,0.0,-0.29869239661586927
0.0,0.0,0.0,-0.3030263889208293
0.0,0.0,0.0,-0.27860124449739043
0.0,0.0,0.0,-0.27716873369236567
0.0,0.0,0.0,-0.27059179888830087
0.0,0.0,0.0,-0.2591759242992107
0.0,0.0,0.0,-0.22302317898825116
0.0,0.0,0.0,-0.2015338623474808
0.0,0.0,0.0,-0.1754472766970676
0.0,0.0,0.0,-0.15048654991792962
0.0,0.0,0.0,-0.10496496501300093
0.0,0.0,0.0,-0.07532734990063093
0.0,0.0,0.0,-0.04229999467070967
0.0,0.0,0.0,-0.0040405800483448925
0.0,0.0,0.0,0.0498141496471673
0.0,0.0,0.0,0.09684725848582773
0.0,0.0,0.0,0.13699473314075947
0.0,0.0,0.0,0.1820904149590717
0.0,0.0,0.0,0.23946993040094985
0.0,0.0,0.0,0.28283386383369924
0.0,0.0,0.0,0.33304234099206703
0.0,0.0,0.0,0.38476993687706734
0.0,0.0,0.0,0.45082358232173225
0.0,0.0,0.0,0.5034763412190182
0.0,0.0,0.0,0.5565166040201712
0.0,0.0,0.0,0.6109870077233718
0.0,0.7037969,0.0,0.6612907423447677
0.0,0.94813144,0.0,0.7182767916296422
0.0,0.9316062,0.0,0.7704993512633627
0.09,0.80651176,0.0,0.8199959764423849
1.15,1.3334769,0.09,0.9364731364382206
1.53,2.0904565,1.15,1.8813719416931096
2.54,2.5381627,1.53,2.342912074568094
2.92,3.234103,2.54,3.315477850118597
4.09,4.161553,2.92,3.773425334452067
8.65,5.082299,4.09,4.877523213645809
10.71,7.8762765,8.65,8.910323618283313
11.42,10.086346,10.71,10.927583362417527
11.230000000000002,11.489745,11.42,12.058310772283876
8.28,11.621386,11.230000000000002,12.185563766198484
11.219999999999999,9.689382,8.28,9.61668263407869
11.91,9.994475,11.219999999999999,11.93147808969255
13.13,10.663188,11.91,12.546460000545268
19.55,11.72416,13.13,13.747051794892638
22.31,15.017463,19.55,19.66346358304039
26.9,17.965899,22.31,22.515196520880103
22.54,20.66542,26.9,27.156956191701145
27.75,20.26858,22.54,23.76789283207378
23.26,21.81181,27.75,28.227126490835044
28.19,19.976765,23.26,24.345103664373237
28.14,21.848497,28.19,28.256509489891698
28.73,21.802748,28.14,28.25729101998042
21.77,22.409178,28.73,28.80144238657329
27.880000000000003,19.463419,21.77,22.831488301887237
26.850000000000005,20.580244,27.880000000000003,27.400599133427242
27.07,19.6658,26.850000000000005,26.46492636901597
17.74,20.306421,27.07,26.52718982720854
15.75,16.20918,17.74,18.21698486313537
15.84,12.811171,15.75,15.600609655675525
13.07,11.632607,15.84,15.180897805341925
11.17,9.846624,13.07,12.066882099627705
9.17,8.121934,11.17,10.288130606293743
7.11,6.3734865,9.17,8.117284215622625
6.36,4.567968,7.11,6.274434595448183
5.13,3.4849784,6.36,5.237844485374578
3.79,2.4238563,5.13,4.148144095442819
3.84,1.3155468,3.79,2.7876274517903
6.64,0.8346739,3.84,2.7171054255612233
5.53,2.0434947,6.64,4.956324141475484
3.33,2.2010734,5.53,4.490213985442082
1.21,1.5551265,3.33,2.8816480766256283
0.8,0.40031695,1.21,1.0192630235938003
0.9,0.0,0.8,0.4800343469204141
0.23,0.0,0.9,0.39764822164115576
0.0,0.0,0.23,-0.1732546755532252
0.0,0.0,0.0,-0.2922514986591619
0.0,0.0,0.0,-0.24244966196055368
0.0,0.0,0.0,-0.22467273100778992
0.0,0.055103995,0.0,-0.1287156600987307
0.0,0.07720663,0.0,-0.0991392631265866
0.0,0.12661974,0.0,-0.09484705960859818
0.0,0.014703111,0.0,-0.09751661134789015
0.0,0.0,0.0,-0.028581569275058297
0.0,0.0,0.0,0.023949301028319114
0.0,0.0,0.0,0.02287540354637038
0.0,0.0,0.0,0.005759763835907761
0.0,0.0,0.0,0.025212584696762547
0.0,0.0,0.0,0.00732633011737014
0.0,0.0,0.0,-0.014460117509416809
0.0,0.0,0.0,-0.035808248077700555
0.0,0.0,0.0,-0.02952143340681633
0.0,0.0,0.0,-0.04351263606890261
0.0,0.0,0.0,-0.030912180129374564
0.0,0.0,0.0,-0.04044034765217353
0.0,0.0,0.0,-0.19845565817745886
0.0,0.0,0.0,-0.21445395368681566
0.0,0.0,0.0,-0.22108687985863312
0.0,0.0,0.0,-0.22311466822388137
0.0,0.0,0.0,-0.20717634708450502
0.0,0.0,0.0,-0.19910125631217387
0.0,0.0,0.0,-0.1962358538255437
0.0,0.0,0.0,-0.1931490224991274
0.0,0.0,0.0,-0.16807386388905965
0.0,0.0,0.0,-0.13481307867577533
0.0,0.0,0.0,-0.11529143970571615
0.0,0.0,0.0,-0.09925866701599777
0.0,0.0,0.0,-0.059100749074981994
0.0,0.0,0.0,-0.03137296073453956
0.0,0.0,0.0,0.0028694930057221804
0.0,0.0,0.0,0.037602672074867755
0.0,0.0,0.0,0.090813430025563
0.0,0.0,0.0,0.13052256002586549
0.0,0.0,0.0,0.17094135222477708
0.0,0.0,0.0,0.21941548352046975
0.0,0.0,0.0,0.2676454808838332
0.0,0.0,0.0,0.3152419895171152
0.0,0.0,0.0,0.36374425903073254
0.0,0.0,0.0,0.41327489249842236
0.0,0.0,0.0,0.4640119956545518
0.0,0.0,0.0,0.5131133761958673
0.0,0.0,0.0,0.5644839459375558
0.0,0.0,0.0,0.6195594871565205
0.0,0.61274743,0.0,0.6778988792082151
0.59,0.8871659,0.0,0.7275049620213094
1.03,1.2727015,0.59,1.2772934284665456
1.66,1.6799794,1.03,1.745747875586733
2.18,2.8670695,1.66,2.3239943034297164
2.58,3.4427214,2.18,2.915304627695752
6.57,3.6464255,2.58,3.3901259354212288
4.85,5.947989,6.57,6.784645522969688
6.87,6.5080075,4.85,5.749315990608344
7.47,7.7617927,6.87,7.562052052091059
7.54,8.276717,7.47,8.128211811693063
8.2,8.0166,7.54,8.34125845638421
8.16,8.342766,8.2,8.981258888536983
13.46,8.309061,8.16,8.936098300585861
11.29,10.58575,13.46,13.684946443737223
14.87,10.624171,11.29,12.088393333884241
19.8,12.974121,14.87,15.425250958184531
23.95,15.643265,19.8,20.03288025091231
22.32,18.426357,23.95,24.141748480252087
26.02,19.029081,22.32,23.2153768685033
26.25,21.208525,26.02,26.58254697028309
22.13,21.612585,26.25,26.90078918290963
19.49,20.006275,22.13,23.338063782190815
20.04,18.456844,19.49,20.651086969092383
28.07,17.512589,20.04,20.57659946321818
26.88,20.778442,28.07,27.30024776089173
25.1,20.471943,26.88,26.661614994352476
27.74,20.343737,25.1,25.513526219972487
27.839999999999996,21.032743,27.74,27.631869740427916
22.97,20.77303,27.839999999999996,27.604117081271916
25.35,18.793205,22.97,23.23796248305603
11.6,18.808435,25.35,24.884404025623144
16.23,11.947154,11.6,12.272302192980407
11.749999999999998,12.328766,16.23,15.52525789267171
11.13,9.129286,11.749999999999998,11.160730476440081
13.78,8.218394,11.13,10.106222624284781
8.69,8.339319,13.78,12.365611432713907
4.47,6.343724,8.69,7.665805064707898
3.8,3.4337504,4.47,4.3063802729023655
3.25,1.9110119,3.8,3.091623885819641
4.81,0.72896886,3.25,2.1875483507122944
4.72,1.0548872,4.81,3.3324521416610615
10.79,1.46788,4.72,3.4493750754823673
3.3,4.4052353,10.79,8.616880852311613
1.4700000000000002,2.363355,3.3,3.363222362913734
0.46,1.3162234,1.4700000000000002,1.6122948479002601
0.24,0.20432551,0.46,0.41877939266665554
0.02,0.0,0.24,-0.23746968510347383
0.0,0.0,0.02,-0.5179679295023387
0.0,0.0,0.0,-0.5650911081266462
0.0,0.0,0.0,-0.2718154032787023
0.0,0.0,0.0,-0.1882254511505182
0.0,0.0,0.0,-0.07803106707859109
0.0,0.0,0.0,-0.06778438559661405
0.0,0.0,0.0,-0.058679373317137296
0.0,0.0,0.0,-0.14457496711416462
0.0,0.0,0.0,-0.0326309037184537
0.0,0.0,0.0,0.03524663428124282
0.0,0.0,0.0,0.03355771093426248
0.0,0.0,0.0,0.029504114843438116
0.0,0.0,0.0,0.07538180161453169
0.0,0.0,0.0,0.03664028077131631
0.0,0.0,0.0,-0.007120469988163847
0.0,0.0,0.0,-0.03378686479259631
0.0,0.0,0.0,-0.03236982682892558
0.0,0.0,0.0,-0.043163354182759774
0.0,0.0,0.0,-0.0548866221559155
0.0,0.0,0.0,-0.023194335374143518
0.0,0.0,0.0,-0.5026431268557561
0.0,0.0,0.0,-0.5162404737731067
0.0,0.0,0.0,-0.5231782593508292
0.0,0.0,0.0,-0.5239979447153498
0.0,0.0,0.0,-0.5097475912860303
0.0,0.0,0.0,-0.5091679469616148
0.0,0.0,0.0,-0.5071856370029995
0.0,0.0,0.0,-0.49902981617124137
0.0,0.0,0.0,-0.4588028484016652
0.0,0.0,0.0,-0.44265779815004835
0.0,0.0,0.0,-0.4213616391266153
0.0,0.0,0.0,-0.38742882518088195
0.0,0.0,0.0,-0.31821943259197416
0.0,0.0,0.0,-0.29001420462369887
0.0,0.0,0.0,-0.26833726626134446
0.0,0.0,0.0,-0.24034736796990783
0.0,0.0,0.0,-0.20196955240803505
0.0,0.0,0.0,-0.16411275997046676
0.0,0.0,0.0,-0.11908120261284866
0.0,0.0,0.0,-0.06910098044640593
0.0,0.0,0.0,-0.010010122169444163
0.0,0.0,0.0,0.035377584792213174
0.0,0.0,0.0,0.08346529785504664
0.0,0.0,0.0,0.13251862301746586
0.0,0.0,0.0,0.18816779853329813
0.0,0.0,0.0,0.24498208346689992
0.0,0.0,0.0,0.30230675013176705
0.0,0.0,0.0,0.35076819077239807
0.0,0.0,0.0,0.40561669187312405
0.0,0.0,0.0,0.46037345176270367
0.01,0.0,0.0,0.5130638942364878
0.0,0.0,0.01,0.56784585798786
0.34,0.0,0.0,0.6055662285348085
0.01,0.0,0.34,0.9571332434017766
0.0,0.0,0.01,0.7545866202373778
0.42,0.0,0.0,0.7962651581555016
0.94,0.0,0.42,1.1768053933259726
2.05,0.0,0.94,1.6678568734688086
3.13,0.2425753,2.05,2.6874346915253122
2.29,1.2099209,3.13,3.7552774580973156
2.61,1.7079892,2.29,3.2257004643308815
5.21,1.8511488,2.61,3.5435698461810206
5.78,3.062443,5.21,5.7277452950727525
3.37,3.965319,5.78,6.37747540011504
2.61,3.5126162,3.37,4.565919394072511
3.38,2.5989556,2.61,3.8292423964339304
5.03,2.2936988,3.38,4.3011844126237735
8.59,2.887069,5.03,5.655049171569894
9.44,5.2480836,8.59,8.702112390771148
11.03,6.451126,9.44,9.772961982170543
11.5,7.63993,11.03,11.475543892796715
8.48,8.190761,11.5,12.22721803232894
8.99,6.692505,8.48,9.526694165766022
10.28,6.139666,8.99,9.699699018979107
8.31,6.3947306,10.28,10.553918351728225
8.21,5.6941924,8.31,8.781443450762122
11.06,5.388963,8.21,8.681854390244009
10.9,6.431498,11.06,11.022261036137127
10.45,6.7968063,10.9,11.074871016361499
9.61,6.9563184,10.45,10.650625216793019
9.42,6.677231,9.61,9.743554968844862
6.45,6.1143956,9.42,9.43582282614104
10.31,4.4416943,6.45,6.744116072137539
10.150000000000002,5.236686,10.31,9.685590231465795
8.63,5.351678,10.150000000000002,9.605327633771905
7.04,5.15279,8.63,8.400566038215814
6.48,4.3413296,7.04,7.00918840461042
0.75,3.2811952,6.48,6.276845948821556
0.4,0.0,0.75,1.2489269956093174
0.13,0.0,0.4,0.30966609405649687
0.0,0.0,0.13,-0.3236539359515153
0.0,0.0,0.0,-0.6044829847643354
0.0,0.0,0.0,-0.5266665774574585
0.0,0.0,0.0,-0.5557718430834973
0.0,0.0,0.0,-0.3458700793312577
0.0,0.0,0.0,-0.42963535659876406
0.0,0.0,0.0,-0.4367892347073196
0.0,0.0,0.0,-0.4183592819150323
0.0,0.0,0.0,-0.4014321659532946
0.0,0.0,0.0,-0.42428387923178434
0.0,0.0,0.0,-0.29194522577016024
0.0,0.0,0.0,-0.27156174950531325
0.0,0.0,0.0,-0.2524280860577697
0.0,0.0,0.0,-0.28046744361461406
0.0,0.0,0.0,-0.2896460638811089
0.0,0.0,0.0,-0.28252515892133456
0.0,0.0,0.0,-0.3015268315342057
0.0,0.0,0.0,-0.29063442582976884
0.0,0.0,0.0,-0.2707564820812388
0.0,0.0,0.0,-0.2834687678405972
0.0,0.0,0.0,-0.29278019568631736
0.0,0.0,0.0,-0.27377381407526075
0.0,0.0,0.0,-0.48522097073769954
0.0,0.0,0.0,-0.4959507397577827
0.0,0.0,0.0,-0.5030832003651448
0.0,0.0,0.0,-0.5006618090603037
0.0,0.0,0.0,-0.4879519840718445
0.0,0.0,0.0,-0.48932192508348193
0.0,0.0,0.0,-0.4861777372573281
0.0,0.0,0.0,-0.48436105100427734
0.0,0.0,0.0,-0.45712054127483154
0.0,0.0,0.0,-0.447112416522703
0.0,0.0,0.0,-0.4280467916682238
0.0,0.0,0.0,-0.40649558715576156
0.0,0.0,0.0,-0.3625104566529057
0.0,0.0,0.0,-0.3315235546200118
0.0,0.0,0.0,-0.29565646569084264
0.0,0.0,0.0,-0.2570420130316562
0.0,0.0,0.0,-0.2024812954183172
0.0,0.0,0.0,-0.16243187116138008
0.0,0.0,0.0,-0.12077328412193691
0.0,0.0,0.0,-0.07463769361000648
0.0,0.0,0.0,-0.020506523369354275
0.0,0.0,0.0,0.024601859204231875
0.0,0.0,0.0,0.06784306490305766
0.0,0.0,0.0,0.11916357363034552
0.0,0.0,0.0,0.17455686967164766
0.0,0.0,0.0,0.22707529289490808
0.0,0.0,0.0,0.28318134560568076
0.0,0.0,0.0,0.33921903759433947
0.0,0.0,0.0,0.39500430395516556
0.0,0.0,0.0,0.45205007672977177
0.1,0.0,0.0,0.5098168000811615
0.5,0.0,0.1,0.6506495508951742
0.99,0.0,0.5,1.0478614041506957
1.4700000000000002,0.0,0.99,1.5464460075406152
1.97,0.0,1.4700000000000002,2.0476545460407767
2.3,0.0,1.97,2.5399919364565227
2.84,0.47152486,2.3,2.924329742040122
2.65,0.94567525,2.84,3.4609035057954936
2.32,0.78530043,2.65,3.4071668308750356
4.22,0.25260973,2.32,3.1869853848417904
4.43,1.6041949,4.22,4.7475601206045415
4.4,2.3031754,4.43,5.040014594338641
6.28,2.5452418,4.4,5.18575869263101
5.8,3.4329057,6.28,6.813365974341581
4.83,3.9617865,5.8,6.511561502232103
6.34,3.5409732,4.83,5.815526083605914
7.72,3.8214035,6.34,7.017751344058306
12.35,4.417445,7.72,8.220799506670414
11.230000000000002,7.242632,12.35,12.470459918788503
14.86,7.8292294,11.230000000000002,11.750538948993738
12.75,9.963857,14.86,15.284297843745678
9.67,9.711946,12.75,13.615537109807324
9.32,8.0892515,9.67,10.59079691921095
4.91,6.9066525,9.32,9.952426011724771
3.55,4.298012,4.91,5.847614204325691
3.41,2.5594895,3.55,4.321992995524763
6.52,1.7204669,3.41,3.773831422110956
5.77,2.8357449,6.52,6.223944476360147
5.66,3.096538,5.77,5.800402241590177
5.51,3.4306757,5.66,5.799438600714053
4.779999999999999,3.3658032,5.51,5.619330771451899
4.25,2.6415398,4.779999999999999,5.001233320717116
3.73,2.0404124,4.25,4.422209886924512
4.54,1.6316578,3.73,3.7523995715463077
5.95,1.5976242,4.54,4.403974090971119
4.95,2.365464,5.95,5.562375426521577
3.4899999999999998,2.3172488,4.95,4.939204685332
2.58,2.024074,3.4899999999999998,3.7623287535976053
1.8,1.193483,2.58,2.8534930754020302
1.97,0.40990484,1.8,1.919029441053595
2.3,0.18481076,1.97,1.8811712893924255
1.92,0.4167893,2.3,2.0313585377701573
1.56,0.2650983,1.92,1.7737574901937432
1.46,0.21351962,1.56,1.4927096521082057
1.19,0.38618633,1.46,1.388938908315329
0.35000000000000003,0.4026558,1.19,1.191372579009749
0.0,0.008603823,0.35000000000000003,0.399378985340491
0.0,0.0,0.0,-0.02881959860622174
0.0,0.0,0.0,-0.134801190727218
0.0,0.0,0.0,-0.1824231392751767
0.0,0.0,0.0,-0.18456517179310705
0.0,0.0,0.0,-0.17464977679617139
0.0,0.0,0.0,-0.19191156180163318
0.0,0.0,0.0,-0.21546122800923073
0.0,0.0,0.0,-0.20957535074529443
0.0,0.0,0.0,-0.22738963398774056
0.0,0.0,0.0,-0.251748772894833
0.0,0.0,0.0,-0.2730324146773772
0.0,0.0,0.0,-0.24975042656714605
0.0,0.0,0.0,-0.25362848969301516
0.0,0.0,0.0,-0.27658943145555437
0.0,0.0,0.0,-0.29611324682804085
0.0,0.0,0.0,-0.292887011712974
0.0,0.0,0.0,-0.3170807596006835
0.0,0.0,0.0,-0.33191435398931735
0.0,0.0,0.0,-0.34617780687783045
0.0,0.0,0.0,-0.1825955863861664
0.0,0.0,0.0,-0.19488639004945085
0.0,0.0,0.0,-0.1942836682202083
0.0,0.0,0.0,-0.19695639876173854
0.0,0.0,0.0,-0.17654677364487537
0.0,0.0,0.0,-0.17744354201942578
0.0,0.0,0.0,-0.17526632246785667
0.0,0.0,0.0,-0.16793337815759968
0.0,0.0,0.0,-0.13383811043956928
0.0,0.0,0.0,-0.1192985656118069
0.0,0.0,0.0,-0.10144627397294846
0.0,0.0,0.0,-0.07989940109971165
0.0,0.0,0.0,-0.03370895640539169
0.0,0.0,0.0,-0.004338180960077129
0.0,0.0,0.0,0.03148083183991948
0.0,0.0,0.0,0.0654459878244886
0.0,0.0,0.0,0.11571245120426987
0.0,0.0,0.0,0.1542770854170979
0.0,0.0,0.0,0.19698913249997993
0.0,0.0,0.0,0.24183861766095768
0.0,0.0,0.0,0.2981586404275414
0.0,0.0,0.0,0.34631335416620024
0.0,0.0,0.0,0.3977297336297069
0.0,0.0,0.0,0.45080485558977695
0.0,0.0,0.0,0.5086653483110776
0.0,0.0,0.0,0.5636198553824922
0.0,0.0,0.0,0.6186649383236883
0.0,0.0,0.0,0.6723064450051812
0.0,0.57951796,0.0,0.7265979268860833
0.0,0.66475046,0.0,0.7825786794013955
0.31,0.48851848,0.0,0.836961527062945
1.38,0.42244318,0.31,1.1527201970602796
2.24,1.703093,1.38,2.0722307178712374
2.72,2.8243191,2.24,2.8995397519140744
4.03,3.4477508,2.72,3.48806940084442
6.12,4.255482,4.03,4.7376118056719525
10.32,6.2835264,6.12,6.648855703048496
9.35,9.544974,10.32,10.346209643967109
11.739999999999998,9.732931,9.35,10.163391263432276
10.54,10.137044,11.739999999999998,12.551405224603425
13.1,10.044403,10.54,11.702026634951716
15.62,10.806853,13.1,13.900067369396583
17.83,11.62458,15.62,16.298409226368495
22.75,13.218414,17.83,18.404209709569372
19.75,17.73834,22.75,23.039574411783047
23.37,18.085052,19.75,20.86078261211519
26.34,19.962694,23.37,24.063643258295247
27.17,21.408873,26.34,26.74225221503136
27.48,22.14557,27.17,27.67503480091607
26.58,22.873615,27.48,28.090056016537805
28.37,22.827324,26.58,27.149888940203844
23.490000000000002,23.125977,28.37,28.768603051649468
19.27,21.032131,23.490000000000002,24.367891222092982
18.84,18.612986,19.27,20.13568228072192
22.71,17.165066,18.84,19.08663523779066
23.509999999999998,17.984293,22.71,21.972318525638272
21.81,18.600063,23.509999999999998,22.68784127900348
25.85,17.716063,21.81,21.49602040611314
27.27,19.034084,25.85,24.973226942031488
23.15,19.380884,27.27,26.36242836662606
23.57,17.528618,23.15,22.92990375798178
24.68,17.153042,23.57,22.97171741497764
19.43,17.123169,24.68,23.619899824473357
11.38,14.149398,19.43,18.93712459656331
7.81,9.2174225,11.38,11.423274435413429
6.12,6.0847297,7.81,7.509725168851862
3.06,3.9224067,6.12,5.301404050863361
2.48,1.4823155,3.06,2.206467404803119
3.4,0.16094454,2.48,1.3890134537639518
3.62,0.0,3.4,2.0674335478902033
3.37,0.051968362,3.62,2.335974714133072
2.47,0.24123234,3.37,2.273262931938382
2.19,0.0,2.47,1.7247109237706273
1.43,0.0,2.19,1.4722485538256638
0.61,0.0,1.43,0.7964821144852399
0.06,0.0,0.61,0.19983064233877385
0.0,0.0,0.06,-0.19626429187832958
0.0,0.0,0.0,-0.28597247601260745
0.0,0.0,0.0,-0.2689086846957952
0.0,0.0,0.0,-0.1752286423901745
0.0,0.0,0.0,-0.10572653843184096
0.0,0.0,0.0,-0.10469101438011091
0.0,0.0,0.0,-0.059630761480126276
0.0,0.0,0.0,-0.017949254364457486
0.0,0.0,0.0,0.033460088948843794
0.0,0.0,0.0,0.07385792534623153
0.0,0.0,0.0,0.133109086031413
0.0,0.0,0.0,0.151510516877438
0.0,0.0,0.0,0.14736829032821916
0.0,0.0,0.0,0.11753558640396358
0.0,0.0,0.0,0.09448391243314952
0.0,0.0,0.0,0.06428465935205632
0.0,0.0,0.0,0.07231793367705554
0.0,0.0,0.0,0.05722551603718491
0.0,0.0,0.0,0.04298172694945089
0.0,0.0,0.0,0.03234888357726416
0.0,0.0,0.0,-0.21854136549716985
0.0,0.0,0.0,-0.22724363159538505
0.0,0.0,0.0,-0.23486099730036808
0.0,0.0,0.0,-0.24042046604873216
0.0,0.0,0.0,-0.21728811686346497
0.0,0.0,0.0,-0.2108310211908836
0.0,0.0,0.0,-0.20589183884030687
0.0,0.0,0.0,-0.19864499834374055
0.0,0.0,0.0,-0.16235734233948088
0.0,0.0,0.0,-0.14352524125597468
0.0,0.0,0.0,-0.12050801387013733
0.0,0.0,0.0,-0.09716320006207829
0.0,0.0,0.0,-0.05124900953607094
0.0,0.0,0.0,-0.023380634529648822
0.0,0.0,0.0,0.008839801681124904
0.0,0.0,0.0,0.04196151777830552
0.0,0.0,0.0,0.09424230996951875
0.0,0.0,0.0,0.13160208136909285
0.0,0.0,0.0,0.18165431010761202
0.0,0.0,0.0,0.2300621790684607
0.0,0.0,0.0,0.2835552913853862
0.0,0.0,0.0,0.32387263441657066
0.0,0.0,0.0,0.3719399349844286
0.0,0.0,0.0,0.4350789518885551
0.0,0.0,0.0,0.4884652407087028
0.0,0.0,0.0,0.5384590845665546
0.0,0.0,0.0,0.5929108495134144
0.0,0.0,0.0,0.6457079670685554
0.0,0.24711375,0.0,0.7024355787450393
0.1,0.2892266,0.0,0.7513718776152918
0.52,0.1543919,0.1,0.893138387933541
1.13,0.11446771,0.52,1.3050542998801817
1.51,1.121577,1.13,1.8991445428673814
2.21,1.6943074,1.51,2.2782962668559277
3.31,2.1594656,2.21,2.9838459204143115
4.19,2.8988762,3.31,4.019421483478154
4.99,4.203154,4.19,4.8967115175825535
6.05,5.0431304,4.99,5.733807278161386
8.41,5.7916913,6.05,6.74845195687428
12.81,7.1584177,8.41,8.912179887460518
15.54,10.060769,12.81,13.1105910600555
17.54,12.766483,15.54,15.94874497619579
16.38,14.706992,17.54,18.11261805215321
19.52,14.88748,16.38,17.4718294899326
20.72,16.452988,19.52,20.201500188715954
27.09,17.23108,20.72,21.363313866803793
20.88,20.659136,27.09,26.93664870556546
23.99,18.634687,20.88,22.100975496754288
27.08,20.136362,23.99,24.673784468204484
18.14,21.498482,27.08,27.26485313945697
10.53,18.03823,18.14,19.543632929750082
10.98,12.664459,10.53,12.296882477865566
13.54,11.10988,10.98,11.41386114589896
21.09,11.319811,13.54,13.075487033416927
15.8,15.363256,21.09,19.663187739926418
9.4,14.210799,15.8,15.726950816546616
12.41,10.626835,9.4,10.132280804948746
19.72,10.279422,12.41,12.486812756583275
12.290000000000001,12.957375,19.72,18.34248402591519
11.29,10.485688,12.290000000000001,12.339101947001621
11.31,9.722199,11.29,11.103430804320201
11.21,8.8979225,11.31,10.784858193351369
16.19,7.3665605,11.21,10.657372418134333
19.49,9.498647,16.19,15.150263658484763
17.96,12.063151,19.49,18.09422109419616
8.5,11.931812,17.96,17.37002533266749
7.97,8.173574,8.5,9.076161742298837
9.67,5.8970957,7.97,8.061908767740174
5.609999999999999,5.2189326,9.67,8.873128827915721
12.35,3.1753755,5.609999999999999,5.239722501764989
7.73,5.9774446,12.35,10.381400542598042
6.710000000000001,4.627332,7.73,7.066870465782335
5.36,3.7030017,6.710000000000001,6.622681301346462
3.61,2.4790447,5.36,5.376300737295053
2.12,0.9960853,3.61,3.4320157819625123
0.97,0.0,2.12,1.9223006138497967
0.01,0.0,0.97,0.4273697095775081
0.0,0.0,0.01,-0.45232787021365506
0.0,0.0,0.0,-0.34817321942337554
0.0,0.0,0.0,-0.41880659317703656
0.0,0.0,0.0,-0.45192816279145037
0.0,0.0,0.0,-0.3183829929095455
0.0,0.0,0.0,-0.38783850280160104
0.0,0.0,0.0,-0.3062759247653948
0.0,0.0,0.0,-0.27671077713236286
0.0,0.0,0.0,-0.2584466586589918
0.0,0.0,0.0,-0.23305532284029207
0.0,0.0,0.0,-0.16574647820655874
0.0,0.0,0.0,-0.07581299265091587
0.0,0.0,0.0,-0.04450264991643093
0.0,0.0,0.0,-0.09467881149592172
0.0,0.0,0.0,-0.1055412693116112
0.0,0.0,0.0,-0.06497165443918235
0.0,0.0,0.0,-0.09091025158112637
0.0,0.0,0.0,-0.041974902998192856
0.0,0.0,0.0,-0.060709597825105155
0.0,0.0,0.0,-0.020429654002763857
0.0,0.0,0.0,-0.022810343928729368
0.0,0.0,0.0,-0.031215157988280645
0.0,0.0,0.0,-0.03498242261405816
0.0,0.0,0.0,-0.014170607566941773
0.0,0.0,0.0,-0.012541220001003207
0.0,0.0,0.0,-0.008117013963709167
0.0,0.0,0.0,-0.002552002557871906
0.0,0.0,0.0,0.036390764117267445
0.0,0.0,0.0,0.05737855954278396
0.0,0.0,0.0,0.0778634790457593
0.0,0.0,0.0,0.09943203375404447
0.0,0.0,0.0,0.14284030562243483
0.0,0.0,0.0,0.1723275996133544
0.0,0.0,0.0,0.20506600369105932
0.0,0.0,0.0,0.2396988745425096
0.0,0.0,0.0,0.2906679370385746
0.0,0.0,0.0,0.3268404770720735
0.0,0.0,0.0,0.3704059492349331
0.0,0.0,0.0,0.41030260259726614
0.0,0.0,0.0,0.4600130254049861
0.0,0.0,0.0,0.49977685879419803
0.0,0.0,0.0,0.5451521801845723
0.0,0.0,0.0,0.5933281983254134
0.0,0.10115525,0.0,0.6515999277437943
0.0,0.38735497,0.0,0.7081186103764192
0.0,0.51405466,0.0,0.7612134158371989
0.0,0.6730448,0.0,0.8074293616032701
0.0,1.4408416,0.0,0.8570657993803787
0.3,1.7365617,0.0,0.9121411708705374
0.6,1.91629,0.3,1.2227886137106776
2.59,2.0766668,0.6,1.5522855049306994
6.2,3.974458,2.59,3.2498079417602
3.76,6.8252616,6.2,6.49932362083352
4.24,6.9026413,3.76,4.888348594113823
4.76,6.7709713,4.24,5.384295397514122
10.41,7.0793185,4.76,5.774043574292808
14.37,10.201838,10.41,10.45701886447109
11.7,13.239923,14.37,14.285101499270102
17.59,13.081262,11.7,12.748241731779213
19.23,16.191929,17.59,18.024750439402844
20.79,17.469019,19.23,19.84081079063034
21.13,18.663269,20.79,21.554877114507793
23.21,19.336994,21.13,22.10547883006615
25.98,21.04621,23.21,23.879162563843202
20.52,22.685127,25.98,26.417248402999967
27.08,20.5179,20.52,21.93777546632713
26.57,22.97686,27.08,27.52883605556121
26.850000000000005,23.065031,26.57,27.063008628456437
27.38,23.717976,26.850000000000005,27.3357903907092
27.46,23.816479,27.38,27.748737416898923
27.71,23.666927,27.46,27.722531882557114
27.95,23.25552,27.71,27.937806201172545
27.95,23.258936,27.95,27.911011049479683
23.44,22.956814,27.95,27.849095867132327
20.21,20.552078,23.44,23.662399425464432
26.51,17.762543,20.21,20.522447520892186
21.17,19.029623,26.51,25.505005940001755
23.65,17.617207,21.17,20.977902578043476
25.34,18.37035,23.65,22.825861219236142
23.97,18.27486,25.34,24.258935492633128
23.38,17.624676,23.97,23.13707010533731
22.3,16.951239,23.38,22.704764321977336
20.240000000000002,16.161282,22.3,21.333689133604725
18.99,14.46091,20.240000000000002,19.40424128322699
18.31,13.066056,18.99,17.945846571457306
16.46,12.013762,18.31,16.997514784686906
15.44,10.752575,16.46,15.243373608861708
8.28,9.449881,15.44,14.209818370142486
11.09,5.6794076,8.28,7.828498916747996
9.539999999999997,5.7436323,11.09,9.594265016725233
7.5,4.8405614,9.539999999999997,8.208799854125182
4.23,3.5578387,7.5,6.505222196910255
4.0,1.8717903,4.23,3.679611456076536
2.19,1.0355021,4.0,3.1160969822182913
0.57,0.0,2.19,1.546907442447341
0.0,0.0,0.57,-0.02196138537372827
0.0,0.0,0.0,-0.607250729256039
0.0,0.0,0.0,-0.6999387597697858
0.0,0.0,0.0,-0.6476197476630465
0.0,0.0,0.0,-0.6111993508067809
0.0,0.0,0.0,-0.35714796091569423
0.0,0.0,0.0,-0.383773552907176
0.0,0.0,0.0,-0.3032261131854944
0.0,0.0,0.0,-0.18639678366712317
0.0,0.0,0.0,-0.09524060857698538
0.0,0.0,0.0,-0.0643888251803535
0.0,0.0,0.0,-0.004787730138601665
0.0,0.0,0.0,0.0666147819317782
0.0,0.0,0.0,0.09504057843717197
0.0,0.0,0.0,0.10720579408038382
0.0,0.0,0.0,0.11329358444258274
0.0,0.0,0.0,0.15222623569052882
0.0,0.0,0.0,0.12093944040943369
0.0,0.0,0.0,0.14314235358182112
0.0,0.0,0.0,0.15114349341281688
0.0,0.0,0.0,-0.15752687146030825
0.0,0.0,0.0,-0.1700622254340714
0.0,0.0,0.0,-0.16717209840379277
0.0,0.0,0.0,-0.17165439841451546
0.0,0.0,0.0,-0.15607433632989418
0.0,0.0,0.0,-0.1554746611688948
0.0,0.0,0.0,-0.14823656932956644
0.0,0.0,0.0,-0.14239098531909436
0.0,0.0,0.0,-0.10689039763046468
0.0,0.0,0.0,-0.10402236660020092
0.0,0.0,0.0,-0.10965134866358206
0.0,0.0,0.0,-0.09055933812467051
0.0,0.0,0.0,-0.04752482836606179
0.0,0.0,0.0,-0.014160832639142779
0.0,0.0,0.0,0.016015312687535505
0.0,0.0,0.0,0.05091054658556485
0.0,0.0,0.0,0.09941530766341787
0.0,0.0,0.0,0.13821042290101318
0.0,0.0,0.0,0.19187465117970479
0.0,0.0,0.0,0.23705592075851983
0.0,0.0,0.0,0.2900685806722984
0.0,0.0,0.0,0.34316833362454907
0.0,0.0,0.0,0.3924811069727427
0.0,0.0,0.0,0.43916419052121486
0.0,0.0,0.0,0.4979804483522786
0.0,0.0,0.0,0.5576886990155525
0.0,0.0,0.0,0.6134519367870679
0.0,0.0,0.0,0.6665598388685274
0.0,0.71616995,0.0,0.7236309243912435
0.08,0.9794643,0.0,0.7791097118705811
0.59,1.0413715,0.08,0.8968499218323752
2.1,1.2428697,0.59,1.3863190744502267
2.83,2.9383817,2.1,2.629539293472788
1.32,4.1593494,2.83,3.4717973701754787
2.32,3.459785,1.32,2.49072210537491
1.96,3.3752682,2.32,3.277013494127127
2.5300000000000002,3.3505533,1.96,3.0214622329927487
4.769999999999999,3.4065032,2.5300000000000002,3.54491409808849
6.24,4.69603,4.769999999999999,5.427666840110367
8.28,6.1771703,6.24,6.83920680547556
8.12,8.301423,8.28,8.887588435330107
21.96,8.952532,8.12,9.04228736541528
15.030000000000001,15.532546,21.96,21.187915233873618
11.71,14.578611,15.030000000000001,16.220426618564414
22.24,13.142247,11.71,13.48820658174686
23.85,16.979033,22.24,22.481490977812268
14.81,19.165245,23.85,23.96552504152001
16.47,16.237411,14.81,16.846248458100796
17.63,16.268124,16.47,17.657741506137917
14.82,16.172329,17.63,18.274380547509494
30.67,14.424794,14.82,15.804844181390852
24.19,20.884943,30.67,29.35292627516444
27.75,19.678802,24.19,24.42266982529012
25.64,21.649378,27.75,28.28354375802012
25.9,20.057728,25.64,26.199046386555167
23.39,20.979425,25.9,26.232654642909942
26.46,18.774168,23.39,24.154259273621143
25.8,19.081745,26.46,25.924435167899652
22.21,19.467505,25.8,25.441669290746834
26.09,17.788593,22.21,22.293249431395424
21.18,18.405739,26.09,25.448219091344242
12.42,16.22385,21.18,20.953926625638598
8.56,10.642414,12.42,13.107839370123735
22.84,7.9452367,8.56,8.424127645688097
20.01,12.211234,22.84,20.077026418826563
19.51,12.321099,20.01,18.050538449562424
16.53,13.489895,19.51,18.194945631404927
6.28,11.164679,16.53,15.801382870666687
4.07,5.5961514,6.28,6.6375457740578625
1.18,2.731274,4.07,4.0523578647161065
1.0,0.38050795,1.18,0.43449130610219155
1.49,0.0,1.0,-0.18589157784653032
1.56,0.0,1.49,-0.03030736128407624
0.93,0.0,1.56,0.15351795249456013
0.17,0.0,0.93,0.16970403552429056
0.0,0.0,0.17,-0.23559818716215652
0.0,0.0,0.0,-0.690042681309197
0.0,0.0,0.0,-0.6558984218945894
0.0,0.0,0.0,-0.7091469259207088
0.0,0.0,0.0,-0.6390079280659521
0.0,0.0,0.0,-0.3814082129759066
0.0,0.0,0.0,-0.27580972049731983
0.0,0.0,0.0,-0.18448558682638183
0.0,0.0,0.0,-0.17490381128333202
0.0,0.0,0.0,-0.10672658146356889
0.0,0.0,0.0,-0.112594547177603
0.0,0.0,0.0,-0.14698172964712472
0.0,0.0,0.0,-0.16080223953113626
0.0,0.0,0.0,-0.0221933897064424
0.0,0.0,0.0,-0.016516436283061982
0.0,0.0,0.0,0.013112062915028224
0.0,0.0,0.0,0.028615591150560598
0.0,0.0,0.0,0.0012893866008897512
0.0,0.0,0.0,-0.026701448562544278
0.0,0.0,0.0,-0.05762299161141307
0.0,0.0,0.0,-0.07054613150140943
0.0,0.0,0.0,-0.7316016141908221
0.0,0.0,0.0,-0.7439427764516193
0.0,0.0,0.0,-0.75291754644919
0.0,0.0,0.0,-0.7603959776550464
0.0,0.0,0.0,-0.7368700351234393
0.0,0.0,0.0,-0.731895376051426
0.0,0.0,0.0,-0.7246662638151573
0.0,0.0,0.0,-0.7126034614872553
0.0,0.0,0.0,-0.6778739377458219
0.0,0.0,0.0,-0.6602210387063513
0.0,0.0,0.0,-0.6386971624582453
0.0,0.0,0.0,-0.615011263767578
0.0,0.0,0.0,-0.5679652631065043
0.0,0.0,0.0,-0.5391383159109301
0.0,0.0,0.0,-0.5056428674885189
0.0,0.0,0.0,-0.47078172943875574
0.0,0.0,0.0,-0.4194223932909704
0.0,0.0,0.0,-0.3784954676950367
0.0,0.0,0.0,-0.33239664124093965
0.0,0.0,0.0,-0.2871718518640817
0.0,0.0,0.0,-0.22956621392338128
0.0,0.0,0.0,-0.18273983899126206
0.0,0.0,0.0,-0.1318368522563107
0.0,0.0,0.0,-0.08068986077043712
0.0,0.0,0.0,-0.02240025233769852
0.0,0.0,0.0,0.03241664233706572
0.0,0.0,0.0,0.08536875692552313
0.0,0.0,0.0,0.140723458922947
0.0,0.0,0.0,0.19486767067190483
0.0,0.0,0.0,0.24993895609009106
0.0,0.0,0.0,0.30347720162963
0.0,0.0,0.0,0.35639409751178397
0.0,0.0,0.0,0.40372031954784127
0.0,0.0,0.0,0.45471827399669806
0.0,0.0,0.0,0.5044268538714037
0.0,0.0,0.0,0.5526331732491973
0.0,0.0,0.0,0.5910232513356052
0.0,0.0,0.0,0.635613007655422
0.0,0.0,0.0,0.6781039480833746
0.0,0.0,0.0,0.718314093756101
0.0,0.0,0.0,0.745689529489688
0.0,0.0,0.0,0.780831953278332
0.0,0.0,0.0,0.8132091507110969
0.0,0.0,0.0,0.8426824515062656
0.0,0.0,0.0,0.8577153761736578
0.0,0.0,0.0,0.8810151531280233
0.0,0.0,0.0,0.9010717388665813
0.0,0.0,0.0,0.9177992218532033
0.0,0.0,0.0,0.9200028884799101
0.0,0.0,0.0,0.8780088962197368
0.0,0.0,0.0,0.7137745394581395
0.0,0.0,0.0,0.7207013951956391
0.0,0.0,0.0,0.7633846002320157
0.0,0.0,0.0,0.7100857161861597
0.0,0.0,0.0,0.7986707926971865
0.0,0.0,0.0,0.5642638149423411
0.0,0.0,0.0,0.6017966850273332
0.0,0.0,0.0,0.6045947299248099
0.0,0.0,0.0,0.5298328356482483
0.0,0.0,0.0,0.5355911576887863
0.0,0.0,0.0,0.47536980704228843
0.0,0.0,0.0,0.4804331535255388
0.0,0.0,0.0,0.34265515105813565
0.0,0.0,0.0,0.47990294455602317
0.0,0.0,0.0,0.4469714612556402
0.0,0.0,0.0,0.4392700949543061
0.0,0.0,0.0,0.31766936201239837
0.0,0.0,0.0,0.28940581318931896
0.0,0.0,0.0,0.22631137678576194
0.0,0.029126186,0.0,0.2047531995964071
0.0,0.0,0.0,0.20526710133373333
0.0,0.0,0.0,0.1998511116503549
0.0,0.0,0.0,0.2531277549835652
0.0,0.0,0.0,0.22031778859110301
0.0,0.0,0.0,0.17878017133273538
0.0,0.16205907,0.0,0.13010714866902928
0.0,0.2385511,0.0,0.0992615185599461
0.0,0.32209525,0.0,0.04635339702321188
0.0,0.4142709,0.0,-0.006409636120581486
0.0,0.49826777,0.0,-0.056938423257444706
0.0,0.42652372,0.0,-0.08591852932396812
0.0,0.400996,0.0,-0.13478540617569493
0.0,0.40944117,0.0,-0.18278991490949276
0.0,0.4266485,0.0,-0.23082504035770637
0.0,0.26491797,0.0,-0.25059786860500055
0.0,0.19001079,0.0,-0.29370065863363654
0.0,0.15827413,0.0,-0.3350155877397466
0.0,0.14536625,0.0,-0.37517845473069833
0.0,0.0,0.0,-0.3868847886251823
0.0,0.0,0.0,-0.42261864344495437
0.0,0.0,0.0,-0.4563019109864576
0.0,0.0,0.0,-0.48509810507703094
0.0,0.0,0.0,-0.4837467624170472
0.0,0.0,0.0,-0.5063498990644001
0.0,0.0,0.0,-0.5287476186120305
0.0,0.0,0.0,-0.5468199992235169
0.0,0.0,0.0,-0.556761182818605
0.0,0.0,0.0,-0.5675476672823637
0.0,0.0,0.0,-0.5740677563398316
0.0,0.0,0.0,-0.5780668834712284
0.0,0.0,0.0,-0.5521426053398509
0.0,0.0,0.0,-0.5479665899682808
0.0,0.0,0.0,-0.5392228374256379
0.0,0.0,0.0,-0.5286630406901792
0.0,0.0,0.0,-0.49263132648792024
0.0,0.0,0.0,-0.4754514993235878
0.0,0.0,0.0,-0.45407024276883595
0.0,0.0,0.0,-0.430859736121514
0.0,0.0,0.0,-0.38600253355987835
0.0,0.0,0.0,-0.3553201214291806
0.0,0.0,0.0,-0.32481451753726953
0.0,0.0,0.0,-0.2905390224551391
0.0,0.0,0.0,-0.2381911844164526
0.0,0.0,0.0,-0.19734823094505707
0.0,0.0,0.0,-0.1552524808078634
0.0,0.0,0.0,-0.11027814378639544
0.0,0.0,0.0,-0.05294063192845977
0.0,0.0,0.0,-0.004899158608320554
0.0,0.0,0.0,0.0444423272193227
0.0,0.0,0.0,0.0978655910180089
0.0,0.0,0.0,0.1540234900858813
0.0,0.0,0.0,0.20606602488658946
0.0,0.0,0.0,0.26099833525951927
0.0,0.0,0.0,0.3157783938090083
0.0,0.0,0.0,0.37118273116763695
0.0,0.0,0.0,0.42540610749651564
0.0,0.0,0.0,0.4740864576922753
0.06,0.0,0.0,0.5206358698369731
0.31,0.0,0.06,0.6086090838902263
0.78,0.0,0.31,0.8747402595421123
1.0,0.0,0.78,1.3128513386298308
1.26,0.0,1.0,1.5651679427025575
1.67,0.0,1.26,1.8739771653947932
1.96,0.14947926,1.67,2.2810898364915406
2.31,0.2125695,1.96,2.639019635229053
1.98,0.3562576,2.31,3.000558989888986
1.96,0.53507143,1.98,2.8219328321217865
2.85,0.3933287,1.96,2.844127234832118
3.15,0.8051127,2.85,3.5851421009020954
3.0699999999999994,1.063352,3.15,3.904608892128889
5.47,1.6743186,3.0699999999999994,3.9155123355517283
5.73,3.1112573,5.47,5.953292263855912
5.329999999999999,3.7928562,5.73,6.350623103384932
5.91,3.9919038,5.329999999999999,6.149412517208693
7.2,4.3721905,5.91,6.623553390159705
5.98,4.761216,7.2,7.70187722667404
5.16,4.107739,5.98,6.853405782026939
6.31,3.5961046,5.16,6.069204553205197
7.93,3.7338989,6.31,6.908790765388327
7.7,4.5765886,7.93,8.220142947733546
5.76,4.852043,7.7,8.121109813779585
6.92,4.1361556,5.76,6.537390041396786
8.92,4.3366027,6.92,7.377292595086888
7.32,5.0339355,8.92,8.952552277830172
8.01,4.8340006,7.32,7.657855578222141
6.66,5.1278586,8.01,8.233306582964724
9.45,4.459163,6.66,7.064939528816872
14.26,5.2807474,9.45,9.208654938472524
9.95,7.3301015,14.26,13.618783803707515
6.59,7.0917645,9.95,10.127145939971102
5.15,5.698554,6.59,7.304286330016932
5.39,3.9813051,5.15,5.583021281749837
6.79,2.8897793,5.39,5.3275549812719705
7.56,3.0669515,6.79,6.27980616492871
2.71,3.5701334,7.56,6.860874659253513
1.51,1.8381358,2.71,2.9630281202326625
1.92,0.6352334,1.51,1.7928646797434689
2.15,0.12772892,1.92,1.7389237879838055
0.59,0.0,2.15,1.702296245814473
0.43,0.0,0.59,0.3791464795708427
0.13,0.0,0.43,0.012065256454120502
0.0,0.0,0.13,-0.1805756390275029
0.0,0.0,0.0,-0.2702896002987899
0.0,0.0,0.0,-0.29030655028715613
0.0,0.0,0.0,-0.3464711981749417
0.0,0.0014013471,0.0,-0.3828355945909318
0.0,0.0,0.0,-0.39817680437389635
0.0,0.0,0.0,-0.30125313358774725
0.0,0.0,0.0,-0.3072914409585312
0.0,0.029155914,0.0,-0.3375294516906586
0.0,0.0,0.0,-0.35079025853719853
0.0,0.0,0.0,-0.3171486270440411
0.0,0.0,0.0,-0.29017832615483635
0.0,0.0,0.0,-0.3127609899812158
0.0,0.0,0.0,-0.31763249265774685
0.0,0.0,0.0,-0.3408857983877684
0.0,0.0,0.0,-0.3530008811051268
0.0,0.0,0.0,-0.35770369015748804
0.0,0.0,0.0,-0.33626049631446026
0.0,0.0,0.0,-0.3752185951978272
0.0,0.0,0.0,-0.3961800079780996
0.0,0.0,0.0,-0.4040853100929871
0.0,0.0,0.0,-0.2549921288827708
0.0,0.0,0.0,-0.26876236127794934
0.0,0.0,0.0,-0.2798783177001407
0.0,0.0,0.0,-0.28455278760810865
0.0,0.0,0.0,-0.26079909898261894
0.0,0.0,0.0,-0.25904961004684235
0.0,0.0,0.0,-0.2562476227711808
0.0,0.0,0.0,-0.24660262922412218
0.0,0.0,0.0,-0.20859121456240187
0.0,0.0,0.0,-0.19302855066587155
0.0,0.0,0.0,-0.17399872099323946
0.0,0.0,0.0,-0.1484868093292725
0.0,0.0,0.0,-0.10028140251919285
0.0,0.0,0.0,-0.06772683161511035
0.0,0.0,0.0,-0.03485810843061765
0.0,0.0,0.0,-0.0008003922144241005
0.0,0.0,0.0,0.05255045849772744
0.0,0.0,0.0,0.09232345822771743
0.0,0.0,0.0,0.13675364775095097
0.0,0.0,0.0,0.18182773746784694
0.0,0.0,0.0,0.23847939237565358
0.0,0.0,0.0,0.28614035146593547
0.0,0.0,0.0,0.3353436424370455
0.0,0.0,0.0,0.38525889676566527
0.0,0.0,0.0,0.446192974365361
0.0,0.0,0.0,0.5007758878222712
0.0,0.0,0.0,0.5558430046026184
0.0,0.0,0.0,0.6082509429836885
0.0,0.15062325,0.0,0.6634501578840296
0.19,0.47488096,0.0,0.7216223267228699
0.56,0.62030816,0.19,0.933706055094053
2.8100000000000005,0.6011822,0.56,1.3183455313608492
1.92,2.7943199,2.8100000000000005,3.146091681523347
2.06,3.154199,1.92,2.7130424719339925
3.3499999999999996,3.0752857,2.06,2.963222135667601
3.37,3.4127996,3.3499999999999996,4.076606534654955
4.64,3.9215713,3.37,4.215802853318749
16.16,4.7688107,4.64,5.380224353001716
15.17,11.625045,16.16,15.154214317499374
18.39,13.613231,15.17,15.382805249847499
19.95,16.812023,18.39,18.905668362566654
21.19,18.062357,19.95,20.605893701224783
21.81,18.656889,21.19,21.896825907645074
22.68,18.91003,21.81,22.659375531151486
23.499999999999996,20.018745,22.68,23.246690660919484
24.670000000000005,20.497005,23.499999999999996,24.134074205564822
26.06,21.403599,24.670000000000005,25.18103870678154
22.6,22.299757,26.06,26.45508023269039
24.44,21.186182,22.6,23.506587255072564
25.23,21.484907,24.44,24.846107243281452
17.92,21.329853,25.23,25.19734477969576
13.02,18.144386,17.92,18.828804808075382
9.16,14.466606,13.02,13.969790914871304
7.84,10.722204,9.16,9.421954542929017
8.78,8.589274,7.84,7.542714919661856
10.4,7.8586903,8.78,7.898817832181843
8.55,8.181382,10.4,9.249743733207458
8.42,7.3096194,8.55,7.969466044582492
21.75,6.827879,8.42,7.851794507176186
21.33,11.578914,21.75,19.745743046412798
17.67,13.07184,21.33,20.319314841962598
16.79,13.395447,17.67,17.60896409998208
22.94,12.292692,16.79,16.797053302058803
21.25,14.223978,22.94,21.91416444410954
19.47,13.588397,21.25,20.753329913249086
14.58,13.943461,19.47,19.0421982027212
4.59,11.454533,14.58,14.514113649968788
14.21,5.3174334,4.59,5.618527194427805
10.75,6.954845,14.21,12.778002949820689
5.91,6.2382174,10.75,9.639919734187771
3.03,4.660671,5.91,5.7205281485007005
2.55,2.6109068,3.03,2.89763987122795
3.24,0.67229,2.55,1.960358190065007
4.05,0.0,3.24,2.583921181504759
1.38,0.3785854,4.05,3.099047155103066
0.55,0.0,1.38,0.7912361706881915
0.0,0.0,0.55,0.19022120216798472
0.0,0.0,0.0,-0.39739940104658544
0.0,0.0,0.0,-0.47912619323243677
0.0,0.0,0.0,-0.33695231759562655
0.0,0.0,0.0,-0.5702013383980138
0.0,0.0,0.0,-0.4510570120740984
0.0,0.0,0.0,-0.3647887698324892
0.0,0.0,0.0,-0.19759421205344802
0.0,0.0,0.0,-0.154927500203246
0.0,0.0,0.0,-0.17922149248871455
0.0,0.0,0.0,-0.19161605535186094
0.0,0.0,0.0,-0.0753399646386066
0.0,0.0,0.0,-0.007584852896582346
0.0,0.0,0.0,0.02746355308579501
0.0,0.0,0.0,0.006989400803740758
0.0,0.0,0.0,-0.06388000710080433
0.0,0.0,0.0,0.03035723021564126
0.0,0.0,0.0,0.024681865690226647
0.0,0.0,0.0,0.0062428839522449785
0.0,0.0,0.0,-0.018032334431506494
0.0,0.0,0.0,-0.45865793563570295
0.0,0.0,0.0,-0.45790758204742366
0.0,0.0,0.0,-0.4511259360714736
0.0,0.0,0.0,-0.4645129170576525
0.0,0.0,0.0,-0.4416451624724002
0.0,0.0,0.0,-0.43989111403109893
0.0,0.0,0.0,-0.4370154286057214
0.0,0.0,0.0,-0.42838540127776337
0.0,0.0,0.0,-0.3920704380931485
0.0,0.0,0.0,-0.38306198274957926
0.0,0.0,0.0,-0.35895130059247393
0.0,0.0,0.0,-0.3400130505165572
0.0,0.0,0.0,-0.29642528593761175
0.0,0.0,0.0,-0.26756312104443436
0.0,0.0,0.0,-0.2291017519820005
0.0,0.0,0.0,-0.20138079146055982
0.0,0.0,0.0,-0.14877814901592887
0.0,0.0,0.0,-0.11244301071960408
0.0,0.0,0.0,-0.06596604484967204
0.0,0.0,0.0,-0.02010079289604734
0.0,0.0,0.0,0.02810870743155336
0.0,0.0,0.0,0.06621344009966673
0.0,0.0,0.0,0.1166027073751793
0.0,0.0,0.0,0.16486577915045766
0.0,0.0,0.0,0.2164526951015383
0.0,0.0,0.0,0.2662141810861493
0.0,0.0,0.0,0.31291610340250886
0.0,0.0,0.0,0.3561384339117727
0.0,0.0,0.0,0.39991665665834925
0.0,0.0,0.0,0.455145818044488
0.0,0.0,0.0,0.5087728876227003
0.04,0.0,0.0,0.5650544014605888
0.02,0.0,0.04,0.6481644165747397
0.0,0.0,0.02,0.6855310478010597
0.35000000000000003,0.0,0.0,0.715752877032232
0.69,0.0,0.35000000000000003,1.0502691829120603
2.41,0.0,0.69,1.3932593896478085
2.89,0.9039397,2.41,2.864896067648246
1.43,1.7544456,2.89,3.4895862860770763
1.9500000000000002,1.0920787,1.43,2.4963834447800446
2.9400000000000004,1.4036161,1.9500000000000002,2.8913839652866717
2.85,1.8421973,2.9400000000000004,3.699050508849571
3.37,1.8694695,2.85,3.707447812771705
2.48,2.1150773,3.37,4.191363688924802
2.99,2.0399816,2.48,3.4834801773266726
6.4,2.1678014,2.99,3.922785593514823
4.33,3.8801727,6.4,6.80011589454181
5.21,3.6556191,4.33,5.29039599701403
7.83,4.1140914,5.21,6.080426153065806
7.35,5.2796926,7.83,8.222304138125505
6.419999999999999,5.400531,7.35,7.959083082037529
3.98,4.7444124,6.419999999999999,7.358938189861786
4.48,3.3429308,3.98,5.123079139512243
6.56,2.8233633,4.48,5.29122017087597
8.99,3.3506136,6.56,6.889789842670016
10.86,4.637461,8.99,8.96041090148587
8.64,6.220388,10.86,10.99630064244422
9.37,6.1204314,8.64,9.224544456445388
11.749999999999998,6.1738844,9.37,9.782378033461406
14.2,6.753928,11.749999999999998,11.867013436847065
21.36,8.155395,14.2,14.120905213219107
20.280000000000005,11.991872,21.36,20.51048730261958
22.93,13.444986,20.280000000000005,20.157383869139448
11.14,15.173611,22.93,22.80104660817997
11.760000000000002,10.428055,11.14,12.568637256029284
7.47,8.8174515,11.760000000000002,12.314281089829532
5.39,5.7478175,7.47,7.771868792815015
4.55,3.8752947,5.39,5.110115156418027
4.08,2.093105,4.55,4.091053749939039
4.87,1.0526645,4.08,3.296178053126357
4.57,0.91263956,4.87,4.116234014699209
3.4799999999999995,0.8971022,4.57,3.7301294825645166
1.92,0.22357766,3.4799999999999995,2.8804748372208713
0.98,0.0,1.92,1.383136021063527
0.06,0.0,0.98,0.4847190335220966
0.0,0.0,0.06,-0.5540890355043104
0.0,0.0,0.0,-0.5617803772979961
0.0,0.0,0.0,-0.6784578717550384
0.0,0.0,0.0,-0.6020146390315443
0.0,0.0,0.0,-0.5222970960343271
0.0,0.0,0.0,-0.4722602003191696
0.0,0.0,0.0,-0.4745722815038861
0.0,0.0,0.0,-0.5072487725954198
0.0,0.0,0.0,-0.5042002751222261
0.0,0.0,0.0,-0.4522696796226672
0.0,0.0,0.0,-0.36471086148505166
0.0,0.0,0.0,-0.3285728866701176
0.0,0.0,0.0,-0.2674918684552147
0.0,0.0,0.0,-0.30020765258721166
0.0,0.0,0.0,-0.2976484377531189
0.0,0.0,0.0,-0.3271789593881026
0.0,0.0,0.0,-0.34945867413981485
0.0,0.0,0.0,-0.33859155134102636
0.0,0.0,0.0,-0.3532916906902912
0.0,0.0,0.0,-0.3616098388998173
0.0,0.0,0.0,-0.366818019074761
0.0,0.0,0.0,-0.16165370858306666
0.0,0.0,0.0,-0.17260000964709588
0.0,0.0,0.0,-0.17845976653381407
0.0,0.0,0.0,-0.1855701530068068
0.0,0.0,0.0,-0.15936872356123738
0.0,0.0,0.0,-0.15353475286557022
0.0,0.0,0.0,-0.1491331460589894
0.0,0.0,0.0,-0.13873924690153125
0.0,0.0,0.0,-0.103319368534633
0.0,0.0,0.0,-0.08567504565397434
0.0,0.0,0.0,-0.06422524860173462
0.0,0.0,0.0,-0.04331333001145372
0.0,0.0,0.0,0.0004277989540260249
0.0,0.0,0.0,0.030675206480264144
0.0,0.0,0.0,0.06222566959632378
0.0,0.0,0.0,0.09785888565437939
0.0,0.0,0.0,0.14963759519882674
0.0,0.0,0.0,0.18975875622931837
0.0,0.0,0.0,0.23275884651182263
0.0,0.0,0.0,0.27569540831437084
0.0,0.0,0.0,0.3320241439103941
0.0,0.0,0.0,0.3815009835246116
0.0,0.0,0.0,0.43440876460691863
0.0,0.0,0.0,0.48648380550752024
0.0,0.0,0.0,0.5426125167284251
0.0,0.0,0.0,0.5962041668689271
0.0,0.0,0.0,0.6468632866566708
0.0,0.0,0.0,0.7013234287248193
0.0,0.43767506,0.0,0.7568371763718721
0.07,0.5924144,0.0,0.8127439325607192
0.67,0.5490579,0.07,0.922053302618702
0.6,0.71323997,0.67,1.4931909438179476
2.5300000000000002,1.3570373,0.6,1.5299423554534857
3.6,2.7901905,2.5300000000000002,3.1597689415633123
5.81,4.0711184,3.6,4.263042672209429
8.88,5.954998,5.81,6.3202853800796
6.9,8.890207,8.88,9.152890374765981
7.34,8.816609,6.9,7.920241014265377
8.68,8.388323,7.34,8.445327137158008
16.31,8.546336,8.68,9.475959053886614
20.7,12.850565,16.31,16.137086250757847
19.67,16.464958,20.7,20.587734251344475
19.2,17.714262,19.67,20.483276367689957
21.52,17.950865,19.2,20.454331811826037
23.04,19.004656,21.52,22.418776543569052
23.82,19.67717,23.04,23.837235288980487
25.05,20.55534,23.82,24.488487046652242
25.87,21.706581,25.05,25.582333580710223
26.44,22.363062,25.87,26.36160883597727
26.72,22.541445,26.44,27.002012973773414
26.89,22.764603,26.72,27.221857934238965
27.0,22.811222,26.89,27.318816410249575
26.95,23.051287,27.0,27.194585159921775
27.18,22.353706,26.95,26.990489697459815
25.95,22.492863,27.18,27.137109920910355
24.97,21.843616,25.95,25.991620005011335
24.630000000000003,20.819994,24.97,24.918866279338538
23.97,20.011036,24.630000000000003,24.36610903055174
23.41,19.215775,23.97,23.564238325690063
23.35,18.45661,23.41,22.83771256767007
21.59,17.670507,23.35,22.56965666719336
21.5,16.305563,21.59,20.83684848325077
20.18,15.484221,21.5,20.530187926483332
13.36,14.294776,20.18,19.145488138704568
11.77,10.352487,13.36,12.919378238343457
14.0,8.032013,11.77,11.100893195788005
15.11,8.000576,14.0,12.401481311763728
13.91,8.442503,15.11,13.214379530137718
12.45,7.9471965,13.91,12.377290423965036
10.73,7.001032,12.45,11.147318785029443
8.42,5.5063615,10.73,9.745972566853377
6.35,3.9602883,8.42,7.8378998398897535
4.15,2.2649539,6.35,5.742182269655476
1.14,0.829725,4.15,3.5260622100154304
0.3,0.0,1.14,0.6278660461123414
0.0,0.0,0.3,-0.3670298790154025
0.0,0.0,0.0,-0.6748720054813945
0.0,0.0,0.0,-0.6829466988885282
0.0,0.0,0.0,-0.6722673033342166
0.0,0.0,0.0,-0.629479475240817
0.0,0.0,0.0,-0.48219629768976496
0.0,0.0,0.0,-0.41031691391304365
0.0,0.0,0.0,-0.3473259309716027
0.0,0.0,0.0,-0.2804801897216745
0.0,0.0,0.0,-0.19385698983848965
0.0,0.0,0.0,-0.13486225235471203
0.0,0.0,0.0,-0.04483611482973826
0.0,0.0,0.0,-0.01808031216159061
0.0,0.0,0.0,-0.01967581087907344
0.0,0.0,0.0,-0.029568397333356623
0.0,0.0,0.0,-0.008229600229440748
0.0,0.0,0.0,0.012774750951296803
0.0,0.0,0.0,0.04516334905356009
0.0,0.0,0.0,0.05473956642992836
0.0,0.0,0.0,0.06763046499327754
0.0,0.0,0.0,0.06540613616543123
0.0,0.0,0.0,-0.06852480049223647
0.0,0.0,0.0,-0.06370179781406662
0.0,0.0,0.0,-0.07863995616986738
0.0,0.0,0.0,-0.07782152276560539
0.0,0.0,0.0,-0.051907043571995624
0.0,0.0,0.0,-0.04760933780429931
0.0,0.0,0.0,-0.04161136061477402
0.0,0.0,0.0,-0.03473736070920847
0.0,0.0,0.0,0.0011040808482954377
0.0,0.0,0.0,0.014662591492053921
0.0,0.0,0.0,0.036015412594375025
0.0,0.0,0.0,0.06314669757200364
0.0,0.0,0.0,0.1066639222879695
0.0,0.0,0.0,0.1372539333454956
0.0,0.0,0.0,0.1662174995113087
0.0,0.0,0.0,0.20423710880775625
0.0,0.0,0.0,0.2543845287984888
0.0,0.0,0.0,0.29375032864825745
0.0,0.0,0.0,0.33159262961896857
0.0,0.0,0.0,0.37287441300114216
0.0,0.0,0.0,0.4302000723728124
0.0,0.0,0.0,0.4745117339140464
0.0,0.0,0.0,0.5246410725422216
0.0,0.0,0.0,0.5734960211821662
0.0,0.028152991,0.0,0.6243730931656156
0.0,0.37413,0.0,0.6730895446930155
0.0,0.45391348,0.0,0.7258658554274577
0.0,0.5829158,0.0,0.7788851594529062
0.0,1.3204439,0.0,0.8337249359072233
0.07,1.6108541,0.0,0.8896978355070416
0.4,1.6887014,0.07,1.0017136834838343
1.92,1.7454035,0.4,1.351587114947944
4.2,3.143885,1.92,2.7196063080967035
4.89,5.6220436,4.2,4.670928391895596
4.12,7.000651,4.89,5.713601924938022
9.81,6.661617,4.12,5.268295639371233
12.57,10.216163,9.81,9.950764564271415
14.46,12.870721,12.57,12.722517505962282
16.14,14.78327,14.46,14.86035024086125
17.7,16.031603,16.14,16.715654956977346
19.22,17.333294,17.7,18.347141186550672
20.6,18.232641,19.22,19.9659618400859
21.8,19.306126,20.6,21.297166324112965
23.3,20.296667,21.8,22.530273887291578
24.19,21.39459,23.3,23.983796756678522
23.82,22.271662,24.19,24.823994906613603
25.07,21.137087,23.82,24.633614741130728
26.05,22.43363,25.07,25.74981263074756
26.790000000000003,23.15643,26.05,26.476538751132274
27.74,23.393593,26.790000000000003,27.118326529159084
27.68,23.828325,27.74,27.921294750286442
25.6,23.878458,27.68,27.834228524943207
26.13,22.66619,25.6,26.02121518569856
22.67,22.516745,26.13,26.200428016528818
22.28,20.926676,22.67,23.059636347575804
26.44,18.816769,22.28,22.304009017497677
25.629999999999995,20.342022,26.44,25.633628377342355
20.1,20.035786,25.629999999999995,25.0544600139252
20.12,16.323723,20.1,20.17804748896319
24.96,16.919006,20.12,19.854595896747544
23.36,17.314077,24.96,23.67074566741803
22.87,16.605606,23.36,22.385124108683016
20.96,16.728003,22.87,21.92991563799642
20.97,15.542274,20.96,20.120978195168764
19.54,14.296364,20.97,19.99727115421512
17.989999999999995,12.9063,19.54,18.53871212172076
15.75,11.899819,17.989999999999995,16.888657539581203
12.57,10.439934,15.75,14.71321419235767
5.92,7.7028966,12.57,11.717251752791292
8.41,4.12119,5.92,5.534639019457312
5.78,3.73167,8.41,7.304461745216591
6.710000000000001,2.5453093,5.78,4.844032284448533
4.91,2.4965332,6.710000000000001,5.462537751397622
3.12,1.6903837,4.91,4.037783776428366
1.2,0.6422593,3.12,2.4400908743259415
0.2,0.0,1.2,0.8365926537563967
0.0,0.0,0.2,-0.33312702213348644
0.0,0.0,0.0,-0.6039668730382365
0.0,0.0,0.0,-0.711550314536878
0.0,0.0,0.0,-0.6317524811017606
0.0,0.0,0.0,-0.45059358013458106
0.0,0.0,0.0,-0.22793428288263515
0.0,0.0,0.0,-0.2723274613944055
0.0,0.0,0.0,-0.20054248389040957
0.0,0.0,0.0,-0.1446972101956916
0.0,0.0,0.0,-0.09145562265424637
0.0,0.0,0.0,-0.031222275296821818
0.0,0.0,0.0,0.021665436947140918
0.0,0.0,0.0,0.09472819076523747
0.0,0.0,0.0,0.11865028652786633
0.0,0.0,0.0,0.1276210790760919
0.0,0.0,0.0,0.1304500808351988
0.0,0.0,0.0,0.15119088252991064
0.0,0.0,0.0,0.11449559995457291
0.0,0.0,0.0,0.12548359826743014
0.0,0.0,0.0,0.1107202981232942
0.0,0.0,0.0,-0.09008394387423499
0.0,0.0,0.0,-0.0958623998106465
0.0,0.0,0.0,-0.09823540003757947
0.0,0.0,0.0,-0.10973412365004147
0.0,0.0,0.0,-0.09416503699746295
0.0,0.0,0.0,-0.09084457726256098
0.0,0.0,0.0,-0.08605661341975931
0.0,0.0,0.0,-0.08014091401677723
0.0,0.0,0.0,-0.043489684646749356
0.0,0.0,0.0,-0.026479726074546128
0.0,0.0,0.0,-0.005826847537197949
0.0,0.0,0.0,0.01565546679870142
0.0,0.0,0.0,0.05727595786164431
0.0,0.0,0.0,0.08706525212891343
0.0,0.0,0.0,0.11852410829023236
0.0,0.0,0.0,0.15296115167058588
0.0,0.0,0.0,0.20064983357691094
0.0,0.0,0.0,0.2428106322171539
0.0,0.0,0.0,0.2841543132770634
0.0,0.0,0.0,0.3303028332557644
0.0,0.0,0.0,0.3877693858279676
0.0,0.0,0.0,0.4365760936268169
0.0,0.0,0.0,0.48440603271959887
0.0,0.0,0.0,0.5350709610223398
0.0,0.0,0.0,0.5931181577801504
0.0,0.010586199,0.0,0.6456776291782872
0.0,0.08126878,0.0,0.7042483722606458
0.0,0.21283366,0.0,0.762445284759357
0.0,0.9703918,0.0,0.8158585380445004
0.02,1.2484308,0.0,0.8731248265303838
0.7000000000000001,1.2792044,0.02,0.9422133974310116
1.2,1.5854205,0.7000000000000001,1.5680263895226767
1.33,2.6587,1.2,2.0853142621865235
1.9,3.0266874,1.33,2.3017441674492902
2.79,3.2580335,1.9,2.8417672413966395
3.74,3.6905167,2.79,3.6760096612779005
6.61,4.9757996,3.74,4.600137515528752
16.21,7.3749256,6.61,7.15615898428735
17.24,13.307962,16.21,15.577194798939507
15.590000000000002,15.760279,17.24,17.401304886940636
14.69,16.586222,15.590000000000002,16.694283977372198
16.3,15.988036,14.69,16.060382381551534
13.7,15.487181,16.3,17.35264789107117
14.12,14.182943,13.7,14.947485228069759
25.04,13.988037,14.12,15.040307092498693
24.28,19.5267,25.04,24.564670786538255
24.670000000000005,20.798035,24.28,24.657594243676883
25.93,22.173065,24.670000000000005,25.610146727053074
25.679999999999996,22.879492,25.93,26.787869980474373
26.33,22.327362,25.679999999999996,26.551020243493927
27.03,22.691717,26.33,26.885772158161256
26.44,22.85506,27.03,27.220301615578506
28.17,22.413193,26.44,26.744890747192645
27.910000000000004,22.865736,28.17,28.22724479162697
28.16,22.847603,27.910000000000004,27.91063802243425
27.2,22.739523,28.16,28.15197012572676
21.2,21.921436,27.2,27.32435837318214
20.0,18.679895,21.2,21.50855575477396
22.33,16.43235,20.0,19.96326293931421
25.44,17.155819,22.33,21.487807728404704
20.44,17.638803,25.44,23.99818178491216
14.2,15.659936,20.44,19.853627105092503
14.83,12.258823,14.2,14.13994074103703
18.32,11.284204,14.83,14.19078899410307
20.04,10.875107,18.32,16.73028065186655
17.96,12.0967865,20.04,18.167207246396828
15.77,11.870169,17.96,16.565211831440852
5.81,10.654495,15.77,14.658142550070686
5.11,4.6769886,5.81,6.094457658749597
10.16,2.4602804,5.11,4.812250764668615
8.35,3.743868,10.16,8.43114846856708
6.37,3.9605088,8.35,6.9281821870286615
4.65,3.2466857,6.37,5.4706948615824205
2.12,2.0286202,4.65,4.006379694893331
0.49,0.24229236,2.12,1.8884086888527252
0.07,0.0,0.49,0.20532313054549195
0.0,0.0,0.07,-0.6206539852522158
0.0,0.0,0.0,-0.8222129311370967
0.0,0.0,0.0,-0.7513481491470853
0.0,0.0,0.0,-0.6323777665841283
0.0,0.0,0.0,-0.3037308138358908
0.0,0.0,0.0,-0.24595171041263791
0.0,0.0,0.0,-0.34523152888641156
0.0,0.0,0.0,-0.2811359999822981
0.0,0.0,0.0,-0.1650890789741774
0.0,0.0,0.0,-0.13088403207821203
0.0,0.0,0.0,-0.10609670780375474
0.0,0.0,0.0,-0.06230721863044228
0.0,0.0,0.0,0.008048564227052975
0.0,0.0,0.0,0.04765584411290883
0.0,0.0,0.0,0.059141413069568535
0.0,0.0,0.0,0.06519515018768754
0.0,0.0,0.0,0.04050693845816716
0.0,0.0,0.0,0.04081023414445908
0.0,0.0,0.0,0.07955605760047227
0.0,0.0,0.0,0.08141931166244538
0.0,0.0,0.0,-0.11568362819703829
0.0,0.0,0.0,-0.11511723298156556
0.0,0.0,0.0,-0.12191692420605904
0.0,0.0,0.0,-0.12697067943900114
0.0,0.0,0.0,-0.1317473130498143
0.0,0.0,0.0,-0.14245985676954812
0.0,0.0,0.0,-0.16670053937788898
0.0,0.0,0.0,-0.14275798621728103
0.0,0.0,0.0,-0.10988035243360783
0.0,0.0,0.0,-0.1010233890896313
0.0,0.0,0.0,-0.07220968694445679
0.0,0.0,0.0,-0.0437926413992263
0.0,0.0,0.0,0.0022392533202181784
0.0,0.0,0.0,0.0340537781789493
0.0,0.0,0.0,0.0727148846619397
0.0,0.0,0.0,0.1049998071948054
0.0,0.0,0.0,0.15675491285955356
0.0,0.0,0.0,0.18570594158849824
0.0,0.0,0.0,0.2187044361421797
0.0,0.0,0.0,0.2640873752457147
0.0,0.0,0.0,0.3202763254952927
0.0,0.0,0.0,0.3710135694727247
0.0,0.0,0.0,0.4306525645964768
0.0,0.0,0.0,0.48408618768383044
0.0,0.0,0.0,0.5264543920906094
0.0,0.0,0.0,0.5806685815606538
0.0,0.0,0.0,0.6330252847745806
0.0,0.0,0.0,0.6818058635502653
0.0,0.7116164,0.0,0.7340306438532807
0.0,1.0231714,0.0,0.7900043713360669
0.0,1.0349009,0.0,0.8460686509858196
0.18,0.92732406,0.0,0.8988253486281464
0.48,1.383937,0.18,1.0951761779614686
0.33,1.5720379,0.48,1.4146639954309284
1.23,1.3209944,0.33,1.3797909663470425
1.81,1.5542443,1.23,2.210836242396104
3.45,2.5847323,1.81,2.761390396260796
12.23,4.0191097,3.45,4.234180813332444
15.83,9.520709,12.23,11.952243275739065
7.21,13.987324,15.83,15.660812155537636
8.55,11.542545,7.21,9.179045952920134
13.26,10.711706,8.55,10.07250345225959
17.8,11.868359,13.26,13.809755037430742
15.4,14.255886,17.8,17.994965005143232
15.46,14.484848,15.4,16.38831670783113
19.27,15.0161,15.46,16.532296630779218
24.36,16.53719,19.27,19.955610080248007
16.43,18.92288,24.36,24.547713590440267
14.85,16.365894,16.43,18.062239607949806
17.5,16.05195,14.85,16.330172489379486
26.03,16.11025,17.5,17.952437504909735
26.31,19.85891,26.03,25.236620332952377
26.83,20.648642,26.31,26.356587607986548
26.820000000000004,21.990816,26.83,27.234200030575753
26.71,22.000542,26.820000000000004,27.469682902047776
26.62,21.541363,26.71,27.19523874737873
26.26,20.817125,26.62,27.02174152247464
25.79,20.535868,26.26,26.355793261868566
25.03,19.994734,25.79,25.70706193747815
24.2,19.246193,25.03,24.70551733682628
23.6,18.049587,24.2,23.892941748113646
22.64,17.34768,23.6,23.16840720858035
21.39,16.485891,22.64,22.06791515122501
20.32,15.307061,21.39,20.572363539631986
18.95,13.737863,20.32,19.328832229767947
17.27,12.442586,18.95,17.831439157227116
15.97,11.095955,17.27,16.093772161537196
13.95,9.962415,15.97,14.70587186254247
12.15,8.115358,13.95,12.682564855784308
10.64,6.613016,12.15,10.854596405268294
8.29,5.306708,10.64,9.518038086247207
6.63,3.9165862,8.29,7.469340050491827
4.68,2.3433638,6.63,5.768356103918072
2.8100000000000005,1.0141662,4.68,3.78890044930704
1.34,0.0,2.8100000000000005,1.9488905285592917
0.06,0.0,1.34,0.5421846252826112
0.0,0.0,0.06,-0.7135761427608653
0.0,0.0,0.0,-0.8715438673562503
0.0,0.0,0.0,-0.8778965532183561
0.0,0.0,0.0,-0.7956598934749375
0.0,0.0,0.0,-0.6397800094918108
0.0,0.0,0.0,-0.5323918539394071
0.0,0.0,0.0,-0.4368009228653228
0.0,0.0,0.0,-0.3598410522295933
0.0,0.0,0.0,-0.2751282638511324
0.0,0.0,0.0,-0.2070612096338162
0.0,0.0,0.0,-0.1453716675457384
0.0,0.0,0.0,-0.09970147477160765
0.0,0.0,0.0,-0.029390105352732343
0.0,0.0,0.0,-0.0204183852764025
0.0,0.0,0.0,-0.009147861616399904
0.0,0.0,0.0,0.00047920833786813805
0.0,0.0,0.0,0.03328595222787514
0.0,0.0,0.0,0.04049091988341191
0.0,0.0,0.0,0.03962843299966788
0.0,0.0,0.0,0.035293010383214245
0.0,0.0,0.0,-0.03960366018602751
0.0,0.0,0.0,-0.04526670629961656
0.0,0.0,0.0,-0.05315990012148698
0.0,0.0,0.0,-0.0584525041078059
0.0,0.0,0.0,-0.04119276004725947
0.0,0.0,0.0,-0.03870310511075552
0.0,0.0,0.0,-0.03188598470587292
0.0,0.0,0.0,-0.01901764807376971
0.0,0.0,0.0,0.019034613908239933
0.0,0.0,0.0,0.031452202942662974
0.0,0.0,0.0,0.05746069449107333
0.0,0.0,0.0,0.0812498393699544
0.0,0.0,0.0,0.12281544104535361
0.0,0.0,0.0,0.1534200542457989
0.0,0.0,0.0,0.18819582286274714
0.0,0.0,0.0,0.2268941908902023
0.0,0.0,0.0,0.2781319324243263
0.0,0.0,0.0,0.31954330158918953
0.0,0.0,0.0,0.35903627183975595
0.0,0.0,0.0,0.3989091211659553
0.0,0.0,0.0,0.4534549757067373
0.0,0.0,0.0,0.49902212739888036
0.0,0.0,0.0,0.5420684191176558
0.0,0.0,0.0,0.5884497797385464
0.0,0.0,0.0,0.646986266492938
0.0,0.0,0.0,0.7101233807299497
0.0,0.0,0.0,0.7593834990610515
0.0,0.12658179,0.0,0.8123173097510004
0.0,0.9615958,0.0,0.8639375358653634
0.19,1.31619,0.0,0.9140475139656237
1.15,1.2709032,0.19,1.1338177912135743
1.07,1.6279967,1.15,2.0241264257294613
3.25,2.3760135,1.07,2.0820405060722353
5.86,4.199556,3.25,3.9477655380855046
7.06,6.448344,5.86,6.320544914773678
5.880000000000001,8.290705,7.06,7.558109204947181
11.46,8.7347355,5.880000000000001,6.940542015251276
14.07,11.424314,11.46,11.683491632234364
13.19,13.377116,14.07,14.318319950620063
9.32,14.38347,13.19,13.906164473744825
15.28,11.551369,9.32,10.978262475152334
20.63,13.119115,15.28,15.924766887721646
22.19,16.858166,20.63,20.7094608455636
23.09,19.093466,22.19,22.619324471636933
24.4,20.785538,23.09,23.957801257092346
25.2,21.889715,24.4,25.300371083271017
25.55,22.374098,25.2,26.165230362211727
25.97,22.781635,25.55,26.394078110327023
26.98,23.23976,25.97,26.686468468917177
27.44,23.717804,26.98,27.433786724807472
27.82,23.853308,27.44,27.813375174720424
28.15,23.933712,27.82,28.176741862533284
27.869999999999997,23.792337,28.15,28.53803642167091
27.74,23.629772,27.869999999999997,28.150602317116704
28.61,23.275753,27.74,27.859607310493754
26.91,23.248707,28.61,28.503327968158473
21.51,22.329052,26.91,26.907601711793827
27.22,20.056805,21.51,21.8094203100864
25.98,20.508171,27.22,26.435104247980135
25.0,19.528988,25.98,25.214566202042647
24.51,19.078424,25.0,24.362916651821465
22.56,18.176022,24.51,23.794822611312963
21.46,16.760529,22.56,21.812435625291315
20.41,15.262534,21.46,20.649069046022262
19.15,13.887074,20.41,19.24359574012397
17.86,12.657593,19.15,17.905310456007552
16.29,11.422045,17.86,16.55704974649862
14.21,10.209934,16.29,14.926019644957423
12.48,8.295176,14.21,12.947024890303116
10.74,6.751163,12.48,11.314574576483555
8.31,5.416539,10.74,9.650167263794337
6.36,3.8358736,8.31,7.532604475106907
4.98,2.2716353,6.36,5.606991854049775
2.07,1.1258147,4.98,4.136499640566354
1.02,0.0,2.07,1.4687500175755863
0.37,0.0,1.02,0.33854034061414906
0.0,0.0,0.37,-0.39891485593432907
0.0,0.0,0.0,-0.7845412861209431
0.0,0.0,0.0,-0.7434581426744933
0.0,0.0,0.0,-0.6619358519656887
0.0,0.0,0.0,-0.5016907718873198
0.0,0.0,0.0,-0.4431292698236252
0.0,0.0,0.0,-0.33183559333378826
0.0,0.0,0.0,-0.24487791731336073
0.0,0.0,0.0,-0.15494294373053602
0.0,0.0,0.0,-0.10625870091029471
0.0,0.0,0.0,-0.0216312525091375
0.0,0.0,0.0,0.0191419801967844
0.0,0.0,0.0,0.07489226817549746
0.0,0.0,0.0,0.09283858790767155
0.0,0.0,0.0,0.10581466781761915
0.0,0.0,0.0,0.11530412199187157
0.0,0.0,0.0,0.14774915196853844
0.0,0.0,0.0,0.1485619221906324
0.0,0.0,0.0,0.1467462502751697
0.0,0.0,0.0,0.1380526592201911
0.0,0.0,0.0,-0.06824694147482657
0.0,0.0,0.0,-0.07248654911044358
0.0,0.0,0.0,-0.0843036353739959
0.0,0.0,0.0,-0.08671769316977884
0.0,0.0,0.0,-0.06688702823368857
0.0,0.0,0.0,-0.06164234375120384
0.0,0.0,0.0,-0.05306508736093944
0.0,0.0,0.0,-0.042817820274816606
0.0,0.0,0.0,-0.005831040451051046
0.0,0.0,0.0,0.009600064648725235
0.0,0.0,0.0,0.029947532311532937
0.0,0.0,0.0,0.0524232417645728
0.0,0.0,0.0,0.09594693230034791
0.0,0.0,0.0,0.12278943496342064
0.0,0.0,0.0,0.1536667978135618
0.0,0.0,0.0,0.18906103754965553
0.0,0.0,0.0,0.24121867441702646
0.0,0.0,0.0,0.27944332287854473
0.0,0.0,0.0,0.3220360893537485
0.0,0.0,0.0,0.36935849737868653
0.0,0.0,0.0,0.4245283666590678
0.0,0.0,0.0,0.473465498827699
0.0,0.0,0.0,0.5203286049424494
0.0,0.0,0.0,0.574827937101911
0.0,0.0,0.0,0.6322721539963171
0.0,0.0,0.0,0.683955477872042
0.0,0.0,0.0,0.7382990122432203
0.0,0.0,0.0,0.7902777586707208
0.0,0.65519506,0.0,0.8475355561271202
0.19,0.8982205,0.0,0.9042879109511656
1.02,0.8199842,0.19,1.1138235769206501
2.05,1.1441833,1.02,1.8901356672248801
5.13,2.6803567,2.05,2.719513999082789
3.3499999999999996,5.2630434,5.13,5.533344434307148
4.52,5.2060847,3.3499999999999996,4.43402616666975
9.48,5.46885,4.52,5.529920758579499
5.15,8.6097355,9.48,9.721562278686951
5.89,7.5594683,5.15,6.484718501062028
9.37,7.0734897,5.89,7.178569510198094
11.189999999999998,8.422101,9.37,9.938705190637645
11.53,10.04839,11.189999999999998,11.754906493737623
11.51,10.82724,11.53,12.544361438254192
18.44,11.208256,11.51,12.521181517205127
22.65,14.387313,18.44,18.796096101064677
23.479999999999997,17.884907,22.65,22.890100865070504
24.47,19.838165,23.479999999999997,24.234250206879032
23.67,21.102161,24.47,25.50260617521823
25.29,20.445427,23.67,24.841295007049368
26.69,21.435034,25.29,26.116018592621465
26.86,22.495338,26.69,27.31305798716323
26.7,23.11076,26.86,27.517183572045038
21.06,23.245564,26.7,27.354907140699105
27.869999999999997,19.865067,21.06,22.241517188069576
27.75,22.248507,27.869999999999997,27.871320956763988
27.33,22.219154,27.75,27.784978473403314
25.88,22.579739,27.33,27.450403474597884
26.51,20.966204,25.88,26.079394228869855
25.9,21.026686,26.51,26.367413894715984
25.51,20.192448,25.9,25.755627981263395
24.89,19.489468,25.51,25.095827572137992
23.21,18.603771,24.89,24.36692662240262
22.8,17.301237,23.21,22.616236768476522
22.0,16.3734,22.8,21.986537586102145
21.02,15.393139,22.0,21.016643740603932
19.43,13.981637,21.02,20.057110027427797
17.98,12.743245,19.43,18.270202436278428
16.03,11.426809,17.98,16.706015017141727
14.42,9.944996,16.03,14.77190162240973
13.08,8.214728,14.42,13.120942090653037
10.91,6.940161,13.08,11.674098213382825
8.56,5.3717813,10.91,9.740601024279469
4.54,3.7808862,8.56,7.787985086782178
2.78,1.3442053,4.54,4.038123429306434
2.77,0.0,2.78,2.1541685063015157
1.41,0.0,2.77,1.81848371144795
0.1,0.0,1.41,0.5102853861545977
0.0,0.0,0.1,-0.6652101372906616
0.0,0.0,0.0,-0.7634702311705416
0.0,0.0,0.0,-0.7237915582148362
0.0,0.0,0.0,-0.6360151977557411
0.0,0.0,0.0,-0.5562199112545536
0.0,0.0,0.0,-0.4595168667096755
0.0,0.0,0.0,-0.3586469301726702
0.0,0.0,0.0,-0.278287128929596
0.0,0.0,0.0,-0.1435675735767504
0.0,0.0,0.0,-0.08262880913516166
0.0,0.0,0.0,-0.0560969589778159
0.0,0.0,0.0,-0.002061701016784108
0.0,0.0,0.0,0.07483076830450934
0.0,0.0,0.0,0.0850037725200471
0.0,0.0,0.0,0.10113732066982273
0.0,0.0,0.0,0.10542383022617594
0.0,0.0,0.0,0.14125663237618555
0.0,0.0,0.0,0.15176818503840733
0.0,0.0,0.0,0.1458562308701111
0.0,0.0,0.0,0.13993996722353438
0.0,0.0,0.0,-0.10486182183466228
0.0,0.0,0.0,-0.11989444140174446
0.0,0.0,0.0,-0.1199566285368265
0.0,0.0,0.0,-0.12874730574841753
0.0,0.0,0.0,-0.10700850011772345
0.0,0.0,0.0,-0.10858168503045693
0.0,0.0,0.0,-0.1008509806549249
0.0,0.0,0.0,-0.09206059623966725
0.0,0.0,0.0,-0.06034999806557945
0.0,0.0,0.0,-0.04572883242368143
0.0,0.0,0.0,-0.022955562572516477
0.0,0.0,0.0,-1.6614507153331348e-05
0.0,0.0,0.0,0.04394776824335384
0.0,0.0,0.0,0.07272505386146051
0.0,0.0,0.0,0.1042655148298563
0.0,0.0,0.0,0.13934848781469578
0.0,0.0,0.0,0.19476966638617613
0.0,0.0,0.0,0.23998463217879998
0.0,0.0,0.0,0.2763774272467078
0.0,0.0,0.0,0.3211236135876517
0.0,0.0,0.0,0.3732856506300242
0.0,0.0,0.0,0.4196613885156698
0.0,0.0,0.0,0.46845503901855406
0.0,0.0,0.0,0.5204283285347799
0.0,0.0,0.0,0.5797939433588212
0.0,0.0,0.0,0.6324703895122127
0.0,0.0,0.0,0.6852285514590358
0.0,0.09564505,0.0,0.7369788310373215
0.0,0.8621132,0.0,0.790202345875958
0.17,0.9148381,0.0,0.8461442972957838
0.6,0.8437847,0.17,1.0429378842930983
0.65,0.90726507,0.6,1.4836226345762815
2.98,1.5266058,0.65,1.606219935399919
6.49,3.3038929,2.98,3.6398937109430602
9.36,6.4300766,6.49,6.801888536305003
11.56,9.487207,9.36,9.47867857232304
13.06,12.448787,11.56,11.82536923224662
14.25,13.859289,13.06,13.569028426260015
16.84,14.37327,14.25,14.871901009906786
12.39,15.736333,16.84,17.232574819868127
18.82,13.735501,12.39,13.713452982144574
20.29,16.495144,18.82,18.986510982466083
18.71,17.571705,20.29,20.668920767760383
22.98,17.253897,18.71,19.686147297302952
23.03,20.188196,22.98,23.53082330762702
21.77,20.33883,23.03,23.596445249501745
25.85,20.201738,21.77,22.697437206803517
23.56,22.16771,25.85,26.12938790217433
25.36,21.43928,23.56,24.147882584483977
27.38,22.35485,25.36,25.753762374866007
25.06,22.832466,27.38,27.486948639073997
27.77,22.145374,25.06,25.485953754285823
27.889999999999997,22.805199,27.77,27.98411532446718
27.79,22.851254,27.889999999999997,27.86927278250139
27.63,22.66013,27.79,27.85271077102922
27.02,22.380331,27.63,27.691513842390318
25.9,21.545403,27.02,26.855716600035684
24.48,20.497849,25.9,25.800810468297833
24.03,19.42501,24.48,24.285985033913
20.61,18.631126,24.03,23.510864619819
2.8100000000000005,16.529474,20.61,20.24574410822352
3.75,6.5649614,2.8100000000000005,4.24766525984267
5.620000000000001,4.3150954,3.75,3.646036519039253
5.51,3.5801103,5.620000000000001,4.2253659923931295
4.21,2.7097056,5.51,3.823756723269143
7.23,2.2215483,4.21,3.0470884272356162
5.45,3.343879,7.23,5.559884500583936
5.620000000000001,2.3005645,5.45,4.618128214156522
12.52,2.1269069,5.620000000000001,4.846795204754074
7.67,5.04985,12.52,10.475301216142826
5.79,3.9030516,7.67,7.071257612883932
3.3499999999999996,3.0328376,5.79,5.6124952849091585
1.64,1.1674585,3.3499999999999996,3.2246287500920396
0.11,0.0,1.64,1.7046106953792655
0.0,0.0,0.11,0.14643246203716792
0.0,0.0,0.0,-0.4176751185426507
0.0,0.0,0.0,-0.3779812422427097
0.0,0.0,0.0,-0.3055681983741483
0.0,0.0,0.0,-0.2505789833525426
0.0,0.0,0.0,-0.12560794359835148
0.0,0.0,0.0,-0.054717256150593405
0.0,0.0,0.0,-0.17085060717795858
0.0,0.0,0.0,-0.02199960824014212
0.0,0.0,0.0,0.04575969616422966
0.0,0.0,0.0,0.09958721122593125
0.0,0.0,0.0,0.021223595348720363
0.0,0.0,0.0,0.05939889058919949
0.0,0.0,0.0,0.05178001366885898
0.0,0.0,0.0,0.029987438755680502
0.0,0.0,0.0,0.0023817368267416497
0.0,0.0,0.0,0.032441167161559537
0.0,0.0,0.0,0.015242651071102412
0.0,0.0,0.0,0.012974035207666008
0.0,0.0,0.0,0.06708089039315743
0.0,0.0,0.0,-0.02161352943209384
0.0,0.0,0.0,-0.02486694438198678
0.0,0.0,0.0,-0.037294243907218874
0.0,0.0,0.0,-0.04521807407482002
0.0,0.0,0.0,-0.02830476117616939
0.0,0.0,0.0,-0.026382898947898935
0.0,0.0,0.0,-0.022409135108939424
0.0,0.0,0.0,-0.012437415436693314
0.0,0.0,0.0,0.022998220809327032
0.0,0.0,0.0,0.04034592209006784
0.0,0.0,0.0,0.058210059240345
0.0,0.0,0.0,0.08458489308495212
0.0,0.0,0.0,0.13012178117012624
0.0,0.0,0.0,0.16119566635336538
0.0,0.0,0.0,0.1928112106818761
0.0,0.0,0.0,0.2280329977857137
0.0,0.0,0.0,0.2766187624263463
0.0,0.0,0.0,0.31928621765623655
0.0,0.0,0.0,0.3621868965194943
0.0,0.0,0.0,0.4046841356683695
0.0,0.0,0.0,0.45932873231587895
0.0,0.0,0.0,0.508015698512895
0.0,0.0,0.0,0.5567099364700586
0.0,0.0,0.0,0.6103999298942925
0.0,0.0,0.0,0.6675494653032276
0.0,0.0,0.0,0.723197235967604
0.0,0.0,0.0,0.7740678346446461
0.0,0.0,0.0,0.8283962788208289
0.0,0.55666196,0.0,0.8804915929473658
0.02,0.6595502,0.0,0.9308348127582952
0.76,0.5193465,0.02,1.0048046779430093
2.19,0.73088783,0.76,1.6962827343710891
2.43,2.625954,2.19,2.732612404435155
4.04,3.3973856,2.43,3.3865453454956773
7.29,4.614614,4.04,4.82293597517612
10.24,7.4689918,7.29,7.601754829251222
12.51,10.574019,10.24,10.512409715126624
14.25,13.034941,12.51,12.927534625376792
16.36,14.489442,14.25,14.812646315789534
17.64,15.766013,16.36,16.957263424742784
19.33,16.81642,17.64,18.34293035437655
20.52,17.81463,19.33,20.032566360866344
21.56,18.659927,20.52,21.26028564678467
20.74,19.627447,21.56,22.359213406293378
23.81,19.158554,20.74,21.74724953510742
24.55,21.01424,23.81,24.433205706067245
25.79,21.661419,24.55,25.183058832907925
26.24,22.56838,25.79,26.361479646208533
26.69,23.073128,26.24,26.807323966921402
26.3,23.454994,26.69,27.183702712887495
27.13,23.39549,26.3,26.855503909553065
27.04,23.636314,27.13,27.428411400628107
27.43,23.26579,27.04,27.28610648472536
27.38,23.201403,27.43,27.554913640947714
27.14,22.894648,27.38,27.453426029418154
26.52,22.535604,27.14,27.15359654627496
26.12,21.655516,26.52,26.538421271991705
25.96,20.684916,26.12,25.908713411384333
25.26,20.367222,25.96,25.587629026834993
24.630000000000003,19.590933,25.26,24.747249126938108
23.65,18.50894,24.630000000000003,24.00055597817184
22.84,17.377558,23.65,22.927866955777173
21.5,16.312965,22.84,21.993746549990426
20.56,15.099206,21.5,20.556111575974004
19.41,13.643045,20.56,19.485850394219447
17.53,12.463173,19.41,18.240193663133482
16.09,11.11216,17.53,16.326976233681822
14.79,9.900617,16.09,14.825031779692154
4.27,8.369831,14.79,13.440013256444768
2.85,2.8158965,4.27,4.41347763432146
4.0,0.819196,2.85,2.4527157568861053
7.85,0.3745548,4.0,2.7787156283312875
5.77,1.3503096,7.85,5.973260936860529
1.35,1.400834,5.77,4.619011723755681
0.44,0.0,1.35,0.9737962625640578
0.0,0.0,0.44,0.17551586113422502
0.0,0.0,0.0,-0.54180134287931
0.0,0.0,0.0,-0.6974437543814718
0.0,0.0,0.0,-0.7442217119883474
0.0,0.0,0.0,-0.6491129518275427
0.0,0.0,0.0,-0.4448091089552235
0.0,0.0,0.0,-0.1669303544798601
0.0,0.0,0.0,-0.10084578947550216
0.0,0.0,0.0,-0.09044765746420755
0.0,0.0,0.0,-0.12656972044698914
0.0,0.0,0.0,-0.0612579852699624
0.0,0.0,0.0,0.021112793784353583
0.0,0.0,0.0,0.0588379057952817
0.0,0.0,0.0,0.10517933316256936
0.0,0.0,0.0,0.12523629151781385
0.0,0.0,0.0,0.14778091568627594
0.0,0.0,0.0,0.15991106488203452
0.0,0.0,0.0,0.18791148989958303
0.0,0.0,0.0,0.1347167002250144
0.0,0.0,0.0,0.11971902530928838
0.0,0.0,0.0,0.12444403256764892
0.0,0.0,0.0,-0.07781031324775166
0.0,0.0,0.0,-0.08769818225810112
0.0,0.0,0.0,-0.1196721033476093
0.0,0.0,0.0,-0.1298569151785608
0.0,0.0,0.0,-0.10270060329869085
0.0,0.0,0.0,-0.10148518154178765
0.0,0.0,0.0,-0.09703878217532769
0.0,0.0,0.0,-0.0888993082164407
0.0,0.0,0.0,-0.05254693620644561
0.0,0.0,0.0,-0.03775797543891197
0.0,0.0,0.0,-0.019885680950445066
0.0,0.0,0.0,0.00799476449496142
0.0,0.0,0.0,0.058090939742842296
0.0,0.0,0.0,0.08836012423152015
0.0,0.0,0.0,0.12165302503121522
0.0,0.0,0.0,0.15687067586073816
0.0,0.0,0.0,0.2074795949652358
0.0,0.0,0.0,0.24382918083191113
0.0,0.0,0.0,0.28297399799207773
0.0,0.0,0.0,0.33447390179980957
0.0,0.0,0.0,0.3713660251449759
0.0,0.0,0.0,0.4207107894180968
0.0,0.0,0.0,0.48008693321523194
0.0,0.0,0.0,0.5266030760601906
0.0,0.0,0.0,0.5777963730025759
0.0,0.093003966,0.0,0.6303348950087928
0.0,0.17811365,0.0,0.6770602708499879
0.0,0.25722146,0.0,0.7355399494022895
0.0,0.96952057,0.0,0.7901814753438462
0.12,1.2206129,0.0,0.8464678398624365
0.43,1.2980249,0.12,1.002670226124571
0.7000000000000001,1.3775977,0.43,1.3287052615425892
1.49,2.1326475,0.7000000000000001,1.6434768406671425
2.5,2.9428706,1.49,2.3514014621469936
4.8,3.832629,2.5,3.302666650247762
8.16,5.583056,4.8,5.312535873340727
5.22,8.223623,8.16,8.576702837063214
6.66,8.283183,5.22,6.452326106821697
7.98,8.50864,6.66,7.715402037696329
8.99,8.806937,7.98,8.804231629136725
15.65,9.637122,8.99,9.739897345283937
7.81,13.490392,15.65,15.636415778390566
12.75,10.588056,7.81,9.340994204385243
13.51,12.030453,12.75,13.66104743692723
23.09,12.766858,13.51,14.319284643780506
11.219999999999999,17.756561,23.09,22.853153310016392
17.84,14.014055,11.219999999999999,13.2408082511204
17.71,15.967526,17.84,18.68789709509257
23.499999999999996,15.144619,17.71,18.504623604377592
28.8,19.00718,23.499999999999996,23.674222780681824
25.99,21.505116,28.8,28.958757848821904
27.18,21.635672,25.99,26.805560622557678
27.08,22.08306,27.18,28.32128868393244
26.790000000000003,22.013975,27.08,27.830928650119738
25.760000000000005,21.584518,26.790000000000003,27.627817049503513
26.47,21.024948,25.760000000000005,26.36671974636516
25.77,20.81897,26.47,26.64035788115374
25.01,20.103277,25.77,25.733021371290345
24.65,19.348774,25.01,25.11182966528397
23.97,18.45109,24.65,24.457157737544325
22.27,17.632494,23.97,23.646089747953354
22.31,16.390257,22.27,21.77683858121116
21.1,15.8374405,22.31,21.364377492242934
20.51,14.343482,21.1,20.130958861120664
17.37,13.614712,20.51,19.320917422955855
16.91,11.54221,17.37,16.44136649721262
14.71,10.684536,16.91,15.610587258162504
13.1,8.749851,14.71,13.509469011892147
10.89,7.372851,13.1,11.784207699167544
8.69,5.7465477,10.89,9.972239853327734
6.53,4.0378475,8.69,7.8408723698547735
5.68,2.4583697,6.53,5.7215063632318754
3.68,1.5359508,5.68,4.633445929241092
1.6,0.45977637,3.68,2.7628864338075654
0.1,0.0,1.6,0.8264578899145578
0.0,0.0,0.1,-0.602759470059952
0.0,0.0,0.0,-0.8518185989029305
0.0,0.0,0.0,-0.8396658788406695
0.0,0.0,0.0,-0.7942065906897677
0.0,0.0,0.0,-0.6402484434689242
0.0,0.0,0.0,-0.5179715412856253
0.0,0.0,0.0,-0.4055081124127754
0.0,0.0,0.0,-0.33016277358056967
0.0,0.0,0.0,-0.22587378250719922
0.0,0.0,0.0,-0.1812751819692933
0.0,0.0,0.0,-0.12186920241714097
0.0,0.0,0.0,-0.047760062405033735
0.0,0.0,0.0,0.026432219250611955
0.0,0.0,0.0,0.045807284323003614
0.0,0.0,0.0,0.04460994036268404
0.0,0.0,0.0,0.05420147460714286
0.0,0.0,0.0,0.08073420923423344
0.0,0.0,0.0,0.08608037522013653
0.0,0.0,0.0,0.07040681618882288
0.0,0.0,0.0,-0.24968810386175658
0.0,0.0,0.0,-0.2510274923026974
0.0,0.0,0.0,-0.24156450447083602
0.0,0.0,0.0,-0.24246988239445916
0.0,0.0,0.0,-0.2208782137798798
0.0,0.0,0.0,-0.22709095170958593
0.0,0.0,0.0,-0.22348640181361173
0.0,0.0,0.0,-0.21248525356912407
0.0,0.0,0.0,-0.17866855960596575
0.0,0.0,0.0,-0.15941634588590242
0.0,0.0,0.0,-0.13864735569386444
0.0,0.0,0.0,-0.11222446554441406
0.0,0.0,0.0,-0.0691889733629136
0.0,0.0,0.0,-0.0421931274938608
0.0,0.0,0.0,-0.010077291162212901
0.0,0.0,0.0,0.024786239486853292
0.0,0.0,0.0,0.0767587301871109
0.0,0.0,0.0,0.12013859434659394
0.0,0.0,0.0,0.16292290520205827
0.0,0.0,0.0,0.2064119497773759
0.0,0.0,0.0,0.2628714655080613
0.0,0.0,0.0,0.30696767153800186
0.0,0.0,0.0,0.3536726697443211
0.0,0.0,0.0,0.39160322699806926
0.0,0.0,0.0,0.4446642532174349
0.0,0.0,0.0,0.49822119763460704
0.0,0.0,0.0,0.5591467476181945
0.0,0.0,0.0,0.624636742919948
0.0,0.25665456,0.0,0.678391035019925
0.05,0.4310632,0.0,0.7344772163896635
0.59,0.30354965,0.05,0.8257836246694319
1.09,0.43642622,0.59,1.3291941169341739
1.59,1.5413946,1.09,1.8337206326679643
2.95,2.3239794,1.59,2.3121213084370247
4.5,3.3604264,2.95,3.584609629458035
4.71,4.440743,4.5,5.1213851784842
4.13,5.766103,4.71,5.4922104643279495
3.45,5.6799235,4.13,5.180455559427919
3.68,4.7068377,3.45,4.598949851700864
4.13,4.072205,3.68,4.712031899315641
5.74,4.3892994,4.13,5.028778828724317
8.21,5.3600235,5.74,6.447399848506747
19.65,7.0913444,8.21,8.736797509066475
15.47,13.303602,19.65,19.11006053854841
20.72,13.869645,15.47,16.433405328049705
12.6,17.641317,20.72,21.409056573572556
17.73,14.274864,12.6,14.627011385461998
23.19,15.478525,17.73,18.69511714319875
14.7,17.45909,23.19,23.39571635452168
11.33,15.321145,14.7,15.977620000994508
11.15,12.825146,11.33,12.947480963767132
11.739999999999998,11.091407,11.15,11.83897050507404
17.37,10.387166,11.739999999999998,12.13069299428886
21.13,12.633642,17.37,17.051180715004257
29.22,15.477197,21.13,20.632327340870315
28.39,19.201616,29.22,28.42214077812157
8.94,19.948854,28.39,28.759735067833066
8.2,13.083388,8.94,11.629927549501879
24.65,8.654138,8.2,9.884628992634381
13.12,13.793745,24.65,22.87042373591518
10.19,10.991054,13.12,12.94112885082163
23.77,9.964804,10.19,10.54313444612836
21.370000000000005,13.98735,23.77,21.976077518200132
20.38,13.813156,21.370000000000005,20.624052804868757
14.05,13.885807,20.38,20.279132494018526
5.53,11.766322,14.05,14.128896286146952
4.84,5.9363437,5.53,6.249991320179483
4.07,3.3931012,4.84,4.675359280013298
5.36,1.5311831,4.07,2.9512131881220305
6.1,1.1919594,5.36,4.302645170698644
7.37,1.7209952,6.1,5.068053821042176
7.08,3.0189645,7.37,6.106156657663472
2.6,2.8638675,7.08,6.523474225890539
3.7,1.0716265,2.6,2.703205038265062
1.69,1.0017598,3.7,3.149890053771996
0.29,0.0,1.69,1.142480495612175
0.0,0.0,0.29,-0.1993133636544188
0.0,0.0,0.0,-0.4817989175937537
0.0,0.0,0.0,-0.4253650117942956
0.0,0.0,0.0,-0.27078461835627443
0.0,0.0,0.0,-0.24067829794740886
0.0,0.0,0.0,-0.3189670231231122
0.0,0.0,0.0,-0.32735923949223167
0.0,0.0,0.0,-0.24183093941996836
0.0,0.0,0.0,-0.26817808835054024
0.0,0.0,0.0,-0.1936561739357437
0.0,0.0,0.0,-0.1265343051957265
0.0,0.0,0.0,-0.0714553390108464
0.0,0.0,0.0,0.003571791757261897
0.0,0.0,0.0,-0.004868107360431213
0.0,0.0,0.0,-0.06204931076453847
0.0,0.0,0.0,-0.0809009417679215
0.0,0.0,0.0,-0.0788894535291116
0.0,0.0,0.0,-0.08268787640633313
0.0,0.0,0.0,-0.07964039416317299
0.0,0.0,0.0,-0.0713150741435038
0.0,0.0,0.0,-0.30404232839274103
0.0,0.0,0.0,-0.331246418633797
0.0,0.0,0.0,-0.3205724741913083
0.0,0.0,0.0,-0.3298714525598605
0.0,0.0,0.0,-0.31250656404945043
0.0,0.0,0.0,-0.3124938962147311
0.0,0.0,0.0,-0.2971798512004218
0.0,0.0,0.0,-0.2934237706515489
0.0,0.0,0.0,-0.25906328582884947
0.0,0.0,0.0,-0.24565114317604608
0.0,0.0,0.0,-0.22605926963829343
0.0,0.0,0.0,-0.20145463879416461
0.0,0.0,0.0,-0.15736576707286734
0.0,0.0,0.0,-0.1300890599602661
0.0,0.0,0.0,-0.09710149662050113
0.0,0.0,0.0,-0.05824889841703998
0.0,0.0,0.0,-0.0027194474872641386
0.0,0.0,0.0,0.03916325253137393
0.0,0.0,0.0,0.0824446047125314
0.0,0.0,0.0,0.1319077464780335
0.0,0.0,0.0,0.1902388184185537
0.0,0.0,0.0,0.23485194427472655
0.0,0.0,0.0,0.27743345717805956
0.0,0.0,0.0,0.3209948956109645
0.0,0.0,0.0,0.3845363806481304
0.0,0.0,0.0,0.4417807626685819
0.0,0.0,0.0,0.4996269223182688
0.0,0.0,0.0,0.5577356236275607
0.0,0.0,0.0,0.6066340197066694
0.0,0.0,0.0,0.6584649267375209
0.36,0.0,0.0,0.7115813116342804
0.65,0.0,0.36,1.0639385828470829
1.1,0.25043803,0.65,1.3838983177569009
1.03,0.8125165,1.1,1.8499497702644152
1.56,0.85020876,1.03,1.9024818207517473
2.65,0.953418,1.56,2.391818083830698
6.51,2.2482567,2.65,3.366060100770791
6.15,5.2557077,6.51,6.705108133012501
5.2,6.383453,6.15,6.8311966305182805
4.93,6.0239944,5.2,6.2787773153105535
5.26,5.546551,4.93,6.04115936589016
5.03,5.1547513,5.26,6.21927820058383
5.57,4.555173,5.03,6.019759965139864
7.21,4.5884,5.57,6.407220537295975
9.33,5.751046,7.21,7.861684284317854
10.110000000000001,7.361051,9.33,9.742685539455058
10.73,8.18755,10.110000000000001,10.716052605451535
13.74,8.825858,10.73,11.508082389118634
23.84,10.20233,13.74,14.335870452086885
19.24,14.930917,23.84,23.40422192460099
17.19,15.068644,19.24,20.214457633275345
15.93,15.223738,17.19,18.65488241875021
22.54,13.798259,15.93,17.200743343298303
18.44,15.833141,22.54,22.722262213850726
12.49,14.463566,18.44,19.24708845156909
12.48,12.52803,12.49,13.663653910474046
9.539999999999997,10.934173,12.48,13.077944313337868
11.7,8.476157,9.539999999999997,9.737560640735111
6.6,8.255701,11.7,11.351069680838583
5.329999999999999,5.5799937,6.6,6.634861963127797
6.17,4.039349,5.329999999999999,5.347224749220299
23.449999999999996,3.416174,6.17,5.682695021590025
22.430000000000003,10.117579,23.449999999999996,20.497347476810972
8.2,12.184816,22.430000000000003,20.911879390982786
7.34,9.261191,8.2,9.545861781218052
16.56,6.812948,7.34,8.137479993511446
12.36,8.010504,16.56,14.716700230118922
12.87,6.4672956,12.36,11.284607995993818
6.87,8.074842,12.87,11.691461072244454
4.03,4.8997793,6.87,6.960992901503651
0.08,1.8458658,4.03,4.1616338500769325
0.0,0.0,0.08,0.40078433721915663
0.0,0.0,0.0,-0.4595781481588665
0.0,0.0,0.0,-0.5785122154602834
0.0,0.0,0.0,-1.042284892930059
0.0,0.0,0.0,-0.8463289661351023
0.0,0.0,0.0,-0.4808987865732304
0.0,0.0,0.0,-0.3170308728825817
0.0,0.0,0.0,-0.5058829501790404
0.0,0.0,0.0,-0.45742079919817163
0.0,0.0,0.0,-0.4837656958303742
0.0,0.0,0.0,-0.38929550597548146
0.0,0.0,0.0,-0.3096159012058622
0.0,0.0,0.0,-0.2642893468604984
0.0,0.0,0.0,-0.2977965710902185
0.0,0.0,0.0,-0.3204904445604528
0.0,0.0,0.0,-0.183245167222367
0.0,0.0,0.0,-0.16137781812916352
0.0,0.0,0.0,-0.2331504996295089
0.0,0.0,0.0,-0.24208160983654
0.0,0.0,0.0,-0.15286150388489236
0.0,0.0,0.0,-0.15752691823082066
0.0,0.0,0.0,-0.1457360929885273
0.0,0.0,0.0,-0.17520053877795552
0.0,0.0,0.0,-0.10428567499364275
0.0,0.0,0.0,-0.13336476921550927
0.0,0.0,0.0,-0.14400078881883333
0.0,0.0,0.0,-0.14498763798301753
0.0,0.0,0.0,-0.11949556469018185
0.0,0.0,0.0,-0.11545954945572559
0.0,0.0,0.0,-0.11045317200901843
0.0,0.0,0.0,-0.09227852945856693
0.0,0.0,0.0,-0.06544756372907454
0.0,0.0,0.0,-0.044745484298857434
0.0,0.0,0.0,-0.02385852241259548
0.0,0.0,0.0,0.0044354395324332566
0.0,0.0,0.0,0.05200920827053242
0.0,0.0,0.0,0.0778440327153572
0.0,0.0,0.0,0.1497019050709342
0.0,0.0,0.0,0.20131972464508557
0.0,0.0,0.0,0.24337668355298536
0.0,0.0,0.0,0.29219227321721253
0.0,0.0,0.0,0.34448887757229657
0.0,0.0,0.0,0.3955173964672535
0.0,0.0,0.0,0.44807816667141437
0.0,0.0,0.0,0.4949965781816635
0.0,0.0,0.0,0.541671074437568
0.0,0.0,0.0,0.6018878707994698
0.0,0.0,0.0,0.6534084998120591
0.0,0.0,0.0,0.7106326104186586
0.0,0.0,0.0,0.764985524022123
0.0,0.56006867,0.0,0.8200471585681671
0.0,0.8783811,0.0,0.8709193504228411
0.17,0.84349394,0.0,0.9244983560992337
0.5,0.57784724,0.17,1.1215356563167311
0.98,1.198382,0.5,1.4632528957836453
1.51,1.6054187,0.98,1.955092484097586
7.87,1.8926053,1.51,2.5190786828347695
9.12,6.909109,7.87,8.101589941847942
7.91,9.942486,9.12,9.699034624385314
11.12,10.2895355,7.91,9.15622432971566
15.93,10.969779,11.12,12.051033452323301
22.13,13.187833,15.93,16.51891056343302
22.01,16.438751,22.13,22.413449043262762
21.8,18.45687,22.01,22.965297386909143
23.57,19.021904,21.8,23.25649982540386
26.31,19.513903,23.57,24.913137298643754
22.510000000000005,21.536749,26.31,27.176130389205632
26.96,21.000467,22.510000000000005,23.98366401839803
26.75,22.353123,26.96,27.695699488092604
27.3,22.670904,26.75,27.46220895370209
26.41,22.942394,27.3,27.961715898091487
27.54,22.547089,26.41,27.21216467950448
28.07,23.088106,27.54,27.971903642987506
25.59,22.565588,28.07,28.43266447320474
24.39,21.701395,25.59,25.96001346631209
18.45,20.440678,24.39,24.67664526823959
9.98,16.522495,18.45,18.89759999261156
20.300000000000004,10.665808,9.98,10.699142897248246
14.8,12.847232,20.300000000000004,18.82538900704626
21.88,11.069615,14.8,14.019568538287722
11.58,14.465485,21.88,20.209373952981846
20.15,9.640606,11.58,11.594326099875193
18.33,13.590452,20.15,18.295911108219244
15.55,11.399082,18.33,17.026874722455567
13.63,10.777777,15.55,14.45169387592157
11.81,8.543818,13.63,12.85082367696461
9.2,6.820686,11.81,10.725827490928667
8.26,4.467457,9.2,8.783901681552369
6.53,3.5660357,8.26,7.525637363029597
3.74,2.26541,6.53,5.986817258903686
2.17,0.7292953,3.74,3.2281201260471053
0.53,0.0,2.17,1.747268640495866
0.0,0.0,0.53,-0.050225608353093865
0.0,0.0,0.0,-0.4633877394641428
0.0,0.0,0.0,-0.7440563300012422
0.0,0.0,0.0,-0.7061187103578941
0.0,0.0,0.0,-0.5373689896149334
0.0,0.0,0.0,-0.39060142604211084
0.0,0.0,0.0,-0.29364719154086094
0.0,0.0,0.0,-0.2046855391330787
0.0,0.0,0.0,-0.19934746426489242
0.0,0.0,0.0,-0.1822626491474576
0.0,0.0,0.0,-0.10669222171140191
0.0,0.0,0.0,-0.1080819599487193
0.0,0.0,0.0,-0.05379969299715438
0.0,0.0,0.0,-0.08684006004768596
0.0,0.0,0.0,0.012810713401494346
0.0,0.0,0.0,-0.5994735334604849
0.0,0.0,0.0,-0.5757325978493634
0.0,0.0,0.0,-0.5485860749759833
0.0,0.0,0.0,-0.5230512812834837
0.0,0.0,0.0,-0.47757964185103907
0.0,0.0,0.0,-0.44789278667123494
0.0,0.0,0.0,-0.423305456740137
0.0,0.0,0.0,-0.39093299193265146
0.0,0.0,0.0,-0.3310175300892467
0.0,0.0,0.0,-0.2977623610414845
0.0,0.0,0.0,-0.2743791208568496
0.0,0.0,0.0,-0.24137826496602477
0.0,0.0,0.0,-0.203542007012244
0.0,0.0,0.0,-0.15289554257760557
0.0,0.0,0.0,-0.11864870145820677
0.0,0.0,0.0,-0.07627285835473743
0.0,0.0,0.0,-0.029098984906282613
0.0,0.0,0.0,0.02826642555323033
0.0,0.0,0.0,0.17360509603395177
0.0,0.0,0.0,0.23242576781947702
0.0,0.0,0.0,0.44981683013478513
0.06,0.0,0.0,0.5035225579074474
0.29,0.0,0.06,0.6134197287389296
0.66,0.0,0.29,0.8641813648165333
0.8,0.0,0.66,1.2445468996546087
1.04,0.0,0.8,1.4560769997541796
1.36,0.0,1.04,1.7419242080228334
1.56,0.0,1.36,2.0711136878496186
1.96,0.0,1.56,2.310951174718971
2.97,0.0,1.96,2.6987495505506667
2.71,0.37152725,2.97,3.622145033885623
3.27,0.5130066,2.71,3.537879988800909
2.29,1.2386882,3.27,4.09110046059174
2.35,0.8433166,2.29,3.318866386568665
2.91,0.40457782,2.35,3.360135436225807
3.75,0.96131885,2.91,3.839930002492861
5.8,1.8985715,3.75,4.571978044857372
11.68,3.2723827,5.8,6.410970112829178
7.06,6.332639,11.68,11.647297874316159
6.45,5.667017,7.06,8.158762653603711
6.56,5.0290995,6.45,7.666178604459532
7.16,4.2951756,6.56,7.473614195325683
7.14,3.914567,7.16,7.69244176051544
6.959999999999999,3.7010903,7.14,7.667829050719517
7.509999999999999,4.0033193,6.959999999999999,7.318629908942304
5.57,3.9415898,7.509999999999999,7.894996843621878
5.47,3.3048697,5.57,6.118917980968652
2.9,2.841208,5.47,5.903884676286527
2.43,1.2852124,2.9,3.4269018281854335
1.99,0.27032152,2.43,2.7470795084203625
1.78,0.0,1.99,2.012735820970627
1.5400000000000003,0.0,1.78,1.746224901431028
0.0,0.0,1.5400000000000003,1.5471936604536043
0.0,0.0,0.0,0.03373343737321649
0.0,0.0,0.0,-0.11521141528562262
0.0,0.0,0.0,-0.30398379319417496
0.0,0.0,0.0,-0.38813974242046695
0.0,0.0,0.0,-0.7797441760683852
0.0,0.0,0.0,-0.734993696501812
0.0,0.0,0.0,-0.6606296378144909
0.0,0.0,0.0,-0.5360600556752377
0.0,0.0,0.0,-0.48431623166533705
0.0,0.0,0.0,-0.3406048593117305
0.0,0.0,0.0,-0.29838711239495314
0.0,0.0,0.0,-0.2341419893093648
0.0,0.0,0.0,-0.1467427809659868
0.0,0.0,0.0,-0.07824781481461418
0.0,0.0,0.0,-0.022937657918519448
0.0,0.0,0.0,0.035057105935071414
0.0,0.0,0.0,0.10997505750984776
0.0,0.0,0.0,0.17435940684682008
0.0,0.0,0.0,0.23413669244160984
0.0,0.0,0.0,0.281094839541502
0.0,0.0,0.0,0.33988717375679295
0.0,0.0,0.0,0.39693772247464326
0.0,0.0,0.0,0.4596282433632849
0.0,0.0,0.0,0.5148854314597375
0.0,0.0,0.0,0.5754230428926744
0.0,0.0,0.0,0.6175247608007147
0.0,0.07561971,0.0,0.6655226257671203
0.22,0.0,0.0,0.7232121536305292
0.52,0.0,0.22,0.9662311428965507
0.79,0.22260603,0.52,1.2831009234962112
1.32,0.52698886,0.79,1.5931166308288136
2.35,0.7826912,1.32,2.1357729810526997
3.85,1.5088408,2.35,3.0493817033457544
5.52,3.5693445,3.85,4.434537302095226
5.48,5.3286786,5.52,6.062914565473147
6.12,5.7847385,5.48,6.267705527612478
6.85,5.8723125,6.12,6.984192090428908
12.75,6.423567,6.85,7.6440142260241
14.65,9.225395,12.75,12.866102051974963
15.4,11.901852,14.65,14.93451021213264
14.71,13.571992,15.4,16.12620975358392
12.11,13.991552,14.71,15.781535979683822
11.43,12.146982,12.11,13.428815544530925
11.48,10.777205,11.43,12.58350030489922
12.02,10.210477,11.48,12.225950332893582
9.42,10.405436,12.02,12.45753947309186
8.73,8.981637,9.42,10.051080566939081
11.09,7.827649,8.73,9.404550985128308
18.019999999999996,8.029101,11.09,11.301739426050803
16.23,12.148179,18.019999999999996,17.60254803903982
11.34,13.345399,16.23,16.462138848540718
11.1,11.591852,11.34,12.35039103677614
13.51,10.100785,11.1,11.806230930952594
23.29,9.809225,13.51,13.470853851428869
15.009999999999998,14.882232,23.29,22.27595606308822
22.33,11.753693,15.009999999999998,15.32563275385343
17.32,15.316973,22.33,22.037687866402152
15.64,12.301657,17.32,17.6364453494759
12.850000000000001,12.429204,15.64,16.074810959083194
9.25,10.009151,12.850000000000001,13.29826600707275
8.28,7.410695,9.25,9.28833168026911
8.65,5.4382305,8.28,8.039148601980472
8.44,4.876627,8.65,7.828472941580387
7.74,4.1156635,8.44,7.8194368267199295
5.16,3.805809,7.74,7.316656032257945
3.46,2.4893928,5.16,5.023077248381657
3.98,0.8896706,3.46,3.204101334971257
4.67,0.19648415,3.98,3.5170216597565487
3.43,0.37373286,4.67,3.7560686240626557
2.95,0.0,3.43,2.8992308744701347
0.45,0.0,2.95,2.5064979082497008
0.0,0.0,0.45,0.3757398229266959
0.0,0.0,0.0,-0.1314282662929464
0.0,0.0,0.0,-0.2601442675034279
0.0,0.0,0.0,-0.3897767270185131
0.0,0.0,0.0,-0.38779385201146904
0.0,0.0,0.0,-0.37566365643227717
0.0,0.0,0.0,-0.2318477667216004
0.0,0.0,0.0,-0.11472718347088864
0.0,0.0,0.0,-0.1724071031272294
0.0,0.0,0.0,-0.13145968320535759
0.0,0.0,0.0,-0.09838772424467668
0.0,0.0,0.0,-0.09058964324699957
0.0,0.0,0.0,-0.05051108641188424
0.0,0.0,0.0,-0.07032461978281004
0.0,0.0,0.0,-0.061696243260631126
0.0,0.0,0.0,-0.06522659125261725
0.0,0.0,0.0,-0.07677197605736444
0.0,0.0,0.0,-0.0913932794490219
0.0,0.0,0.0,-0.09042922323174198
0.0,0.0,0.0,-0.10862383106190428
0.0,0.0,0.0,-0.11854275466749692
0.0,0.0,0.0,-0.12015445792951596
0.0,0.0,0.0,-0.22253796524863073
0.0,0.0,0.0,-0.22894279676308643
0.0,0.0,0.0,-0.24833423026362242
0.0,0.0,0.0,-0.25237428056828776
0.0,0.0,0.0,-0.22680208177222644
0.0,0.0,0.0,-0.22536375314380458
0.0,0.0,0.0,-0.22258203055041587
0.0,0.0,0.0,-0.21531099372393497
0.0,0.0,0.0,-0.17902882924945515
0.0,0.0,0.0,-0.1645328470724578
0.0,0.0,0.0,-0.14755070877584547
0.0,0.0,0.0,-0.12555356147981417
0.0,0.0,0.0,-0.08338169330725342
0.0,0.0,0.0,-0.05464188597554709
0.0,0.0,0.0,-0.016537769695312184
0.0,0.0,0.0,0.017064872830571884
0.0,0.0,0.0,0.06576331659315231
0.0,0.0,0.0,0.1075888988699193
0.0,0.0,0.0,0.15003811363710878
0.0,0.0,0.0,0.19563217375482939
0.0,0.0,0.0,0.2545685445053423
0.0,0.0,0.0,0.3091215102098458
0.0,0.0,0.0,0.3553607836264171
0.0,0.0,0.0,0.40697373171049644
0.0,0.0,0.0,0.46410540146388196
0.0,0.0,0.0,0.515628277022699
0.0,0.0,0.0,0.5683875797309003
0.0,0.0,0.0,0.6190962948566523
0.0,0.24837874,0.0,0.6732810025757708
0.0,0.30569553,0.0,0.7258906940303791
0.3,0.0,0.0,0.7798172904638752
0.83,0.0,0.3,1.0907341527287935
1.23,0.73078483,0.83,1.6031932663984434
2.09,1.2544961,1.23,2.054825347863496
3.59,1.9864335,2.09,2.830839495234027
4.84,3.1439574,3.59,4.222686985267581
5.09,4.94152,4.84,5.483436978059296
5.97,5.566589,5.09,5.949574134095137
8.69,6.0845733,5.97,6.81733731065181
14.83,7.1819277,8.69,9.304216077049492
15.15,11.478724,14.83,14.791571351818634
13.940000000000001,13.733214,15.15,15.637936175838611
13.72,12.943839,13.940000000000001,15.041804392820556
12.77,12.693508,13.72,14.915318033431737
14.44,11.70395,12.77,13.847704004779668
14.98,12.060052,14.44,15.167208338986502
20.35,12.429982,14.98,15.514045739050829
15.34,15.918889,20.35,20.37797536232776
11.77,14.822335,15.34,16.40454010972364
15.48,12.16726,11.77,13.039793082353446
14.11,12.800465,15.48,15.922868673741824
21.36,12.220073,14.11,14.503364356061695
23.66,17.238136,21.36,21.052511823875907
20.32,18.499317,23.66,23.437392660120008
20.4,17.079416,20.32,20.99155035286447
23.11,17.053534,20.4,21.229459532543512
25.3,17.690617,23.11,23.323860924182714
24.21,18.344471,25.3,25.26632877976299
23.17,18.139153,24.21,24.195466013815633
14.01,17.474112,23.17,23.037516059855637
10.05,12.918804,14.01,14.92937540748676
14.86,8.029501,10.05,10.768203920546714
17.59,7.735868,14.86,14.006395260089318
18.090000000000003,9.35203,17.59,15.973880581982092
18.41,10.601757,18.090000000000003,16.72343678653807
13.46,12.117936,18.41,16.923065332620983
5.54,9.7604265,13.46,12.857573233230275
5.72,3.8400025,5.54,6.150408782528406
2.25,2.5417767,5.72,5.11938554093573
2.85,0.027342778,2.25,1.5706244567220957
2.03,0.0,2.85,1.6580830427700959
1.18,0.0,2.03,0.8999843093822615
0.58,0.0,1.18,0.42015957618228267
0.05,0.0,0.58,0.1547438845367105
0.0,0.0,0.05,-0.5217641161971169
0.0,0.0,0.0,-0.6295274005957976
0.0,0.0,0.0,-0.660141109196924
0.0,0.0,0.0,-0.6301114771339897
0.0,0.0,0.0,-0.5070742601568177
0.0,0.0,0.0,-0.29199448627888647
0.0,0.0,0.0,-0.2500265878951957
0.0,0.0,0.0,-0.13642172177607756
0.0,0.0,0.0,-0.1311766105519444
0.0,0.0,0.0,-0.07063406145302209
0.0,0.0,0.0,-0.09880591401601954
0.0,0.0,0.0,-0.11611542883765855
0.0,0.0,0.0,-0.07607190362333582
0.0,0.0,0.0,-0.022760947691446085
0.0,0.0,0.0,-0.0009122357500686816
0.0,0.0,0.0,0.018800926698415814
0.0,0.0,0.0,0.0038974308474741884
0.0,0.0,0.0,-0.013043190269701188
0.0,0.0,0.0,-0.020242981580085324
0.0,0.0,0.0,-0.047576023150025515
0.0,0.0,0.0,-0.2255199778918951
0.0,0.0,0.0,-0.23385472037354038
0.0,0.0,0.0,-0.23910658016692216
0.0,0.0,0.0,-0.244368336107888
0.0,0.0,0.0,-0.21692072855764666
0.0,0.0,0.0,-0.21181577349757735
0.0,0.0,0.0,-0.20228226321439724
0.0,0.0,0.0,-0.19418776312900218
0.0,0.0,0.0,-0.15751025094424842
0.0,0.0,0.0,-0.13805813330562605
0.0,0.0,0.0,-0.11968903683902038
0.0,0.0,0.0,-0.09676947534947314
0.0,0.0,0.0,-0.04775889076923171
0.0,0.0,0.0,-0.01891645155514699
0.0,0.0,0.0,0.009642379655947272
0.0,0.0,0.0,0.04709689285566001
0.0,0.0,0.0,0.10040133468821252
0.0,0.0,0.0,0.13559334889375618
0.0,0.0,0.0,0.17967616336034484
0.0,0.0,0.0,0.22423862312227175
0.0,0.0,0.0,0.28162152590392053
0.0,0.0,0.0,0.3344140076781024
0.0,0.0,0.0,0.3846862068870175
0.0,0.0,0.0,0.43570699979041255
0.0,0.0,0.0,0.491598560134271
0.0,0.0,0.0,0.5451186590601637
0.0,0.0,0.0,0.5951523077308208
0.0,0.0,0.0,0.6455622469828864
0.0,0.44074196,0.0,0.6991749425457742
0.0,0.6929637,0.0,0.7489756178050796
0.15,0.6918041,0.0,0.7932664525675801
0.7700000000000001,0.5298021,0.15,0.9743947174386881
1.84,1.4456389,0.7700000000000001,1.5635767351151926
1.7399999999999998,2.3805718,1.84,2.585525747342541
1.19,2.9383514,1.7399999999999998,2.585645598310069
1.56,2.4912095,1.19,2.30480233690949
1.52,2.8666015,1.56,2.609019691207459
1.73,2.8273044,1.52,2.5644828577640877
3.53,2.4985557,1.73,2.8049328020540263
4.28,3.3767638,3.53,4.302546223591486
13.57,4.633258,4.28,5.142389183532649
15.32,9.53315,13.57,13.344360085391067
19.33,12.940887,15.32,15.633329546522441
21.15,16.037748,19.33,19.931901238223453
17.85,18.822172,21.15,21.96915071818698
18.63,17.01463,17.85,19.364113858042227
16.7,17.509272,18.63,19.914641499848187
16.26,15.696936,16.7,17.895512686354195
9.99,16.429317,16.26,17.12597466062794
8.05,11.708254,9.99,11.367748581434393
13.29,9.254385,8.05,9.035171890402045
15.38,10.101523,13.29,13.24387548332393
23.4,12.281287,15.38,15.21524762396048
27.93,16.324587,23.4,22.649721618967444
19.85,19.416483,27.93,27.49868228297135
17.74,17.333399,19.85,21.079785640175913
24.01,15.305487,17.74,18.910987318041496
27.33,15.832005,24.01,23.74014848053121
25.3,18.000704,27.33,26.671192931581114
24.91,18.215324,25.3,25.208568268707708
25.09,18.575233,24.91,24.76753831303205
21.340000000000003,17.636478,25.09,24.948266748086223
16.66,15.432429,21.340000000000003,21.49578116563218
8.78,13.259956,16.66,16.766513194042382
14.15,7.6799803,8.78,9.261923171847203
14.77,8.533236,14.15,12.759030957894261
8.47,8.314397,14.77,12.953070937249397
6.36,5.833256,8.47,7.93137688846142
5.18,3.8022237,6.36,6.003522798091694
4.25,2.1695085,5.18,4.478367401959856
2.38,1.2386513,4.25,3.370213758593531
1.6100000000000003,0.1348941,2.38,1.498440589320085
0.97,0.0,1.6100000000000003,0.7349495771583616
0.44,0.0,0.97,0.15398054832378605
0.03,0.0,0.44,-0.3283207975812752
0.0,0.0,0.03,-0.6206489183817218
0.0,0.0,0.0,-0.517111736318888
0.0,0.0,0.0,-0.5696347541284161
0.0,0.0,0.0,-0.520583255369925
0.0,0.0,0.0,-0.387191812684798
0.0,0.0,0.0,-0.3117817109228933
0.0,0.0,0.0,-0.2344549585097017
0.0,0.0,0.0,-0.165068368636207
0.0,0.0,0.0,-0.10853113854861707
0.0,0.0,0.0,-0.04278941385813764
0.0,0.0,0.0,0.0027227338215700045
0.0,0.0,0.0,0.020273021850677336
0.0,0.0,0.0,0.018955809185527365
0.0,0.0,0.0,0.0026799870861839506
0.0,0.0,0.0,0.03191613438073343
0.0,0.0,0.0,0.03599687909701965
0.0,0.0,0.0,0.001717577781457525
0.0,0.0,0.0,0.007795569456592183
0.0,0.0,0.0,-0.0035299051323798257
0.0,0.0,0.0,-0.014129404477785743
0.0,0.0,0.0,-0.03767316003579036
0.0,0.0,0.0,-0.20065289384637874
0.0,0.0,0.0,-0.21429335751969114
0.0,0.0,0.0,-0.22256957771446123
0.0,0.0,0.0,-0.22701999536492048
0.0,0.0,0.0,-0.20081269121188597
0.0,0.0,0.0,-0.1926626291283442
0.0,0.0,0.0,-0.1829522668247654
0.0,0.0,0.0,-0.17233808244556553
0.0,0.0,0.0,-0.1340507735156926
0.0,0.0,0.0,-0.11307523706160547
0.0,0.0,0.0,-0.09473015904380006
0.0,0.0,0.0,-0.0741642295451507
0.0,0.0,0.0,-0.03060945703402467
0.0,0.0,0.0,-0.0035519855138933278
0.0,0.0,0.0,0.02304672147204142
0.0,0.0,0.0,0.05022170521342151
0.0,0.0,0.0,0.10200203872334461
0.0,0.0,0.0,0.1405432609739736
0.0,0.0,0.0,0.1824216448029436
0.0,0.0,0.0,0.22694676678123218
0.0,0.0,0.0,0.29088100499818886
0.0,0.0,0.0,0.3450530552025821
0.0,0.0,0.0,0.3918682051098426
0.0,0.0,0.0,0.43219707609323976
0.0,0.0,0.0,0.4896669071027407
0.0,0.0,0.0,0.5461417815055266
0.0,0.0,0.0,0.6016455468457709
0.0,0.0,0.0,0.6504708924100212
0.0,0.3075311,0.0,0.7070077621408304
0.0,0.58075535,0.0,0.7605354814618276
0.24,0.5796906,0.0,0.8131761566569498
0.82,0.5888846,0.24,1.0721321783710445
1.19,1.4932824,0.82,1.6304387452798867
1.83,2.1148124,1.19,2.0297306666607806
3.56,2.66721,1.83,2.6318789407728316
2.8100000000000005,3.902496,3.56,4.170770714261726
3.03,4.3645334,2.8100000000000005,3.790700990433638
5.73,4.422746,3.03,4.060365919564674
5.0600000000000005,5.5057445,5.73,6.398622714434958
4.44,5.7378745,5.0600000000000005,5.981375556933197
5.45,5.704863,4.44,5.617160774296865
8.17,5.5512733,5.45,6.482203991854769
13.82,7.2174096,8.17,8.752031717401726
13.67,10.585358,13.82,13.947665010729684
13.929999999999998,12.140433,13.67,14.369978184865966
16.53,12.393787,13.929999999999998,14.989108341187102
23.509999999999998,13.539083,16.53,17.431318092977197
19.76,17.818624,23.509999999999998,23.742629049838197
20.96,16.531647,19.76,21.01644608294471
23.37,17.889887,20.96,22.068674347870395
27.66,19.261753,23.37,24.236129662280415
27.52,20.98468,27.66,28.061192562419983
25.31,21.407118,27.52,28.275547955734368
17.47,21.765896,25.31,26.236160738295563
22.82,17.197353,17.47,19.063497501248463
25.99,17.645044,22.82,22.989604945154937
24.559999999999995,18.76236,25.99,25.599788424480533
25.78,18.912325,24.559999999999995,24.421375977917723
22.33,19.33105,25.78,25.522984034079528
22.49,17.193287,22.33,22.269070574963717
14.15,16.34224,22.49,22.324173138623834
16.41,11.281029,14.15,14.422879744635239
11.41,11.712158,16.41,15.5214642983582
12.47,7.771273,11.41,10.682179026047969
8.7,7.491388,12.47,11.081104181420185
8.88,5.2636237,8.7,7.7624948490561785
11.15,4.295212,8.88,7.844662216932791
10.97,5.111503,11.15,9.493598324890042
5.6000000000000005,5.451609,10.97,9.188903791310585
2.89,2.5698502,5.6000000000000005,5.177245234931156
1.98,0.9211845,2.89,2.4053811828611567
2.51,0.0,1.98,1.3526604777913214
1.04,0.0,2.51,1.4877171423939184
0.06,0.0,1.04,0.3343399683456477
0.0,0.0,0.06,-0.6030131713410701
0.0,0.0,0.0,-0.4815572053726983
0.0,0.0,0.0,-0.5170642375381788
0.0,0.0,0.0,-0.4140804019041644
0.0,0.0,0.0,-0.4547247563352599
0.0,0.0,0.0,-0.40592998878229924
0.0,0.0,0.0,-0.34221941061676964
0.0,0.0,0.0,-0.21051148011264373
0.0,0.0,0.0,-0.11066225531650035
0.0,0.0,0.0,-0.06239307178602979
0.0,0.0,0.0,-0.05135913971391445
0.0,0.0,0.0,-0.05718869451714667
0.0,0.0,0.0,-0.011715005760920948
0.0,0.0,0.0,0.00426420500667532
0.0,0.0,0.0,0.01606540475689762
0.0,0.0,0.0,-0.006941750962430153
0.0,0.0,0.0,-0.008898852932420452
0.0,0.0,0.0,0.03858810363564842
0.0,0.0,0.0,0.04701325169161366
0.0,0.0,0.0,0.015419400774318009
0.0,0.0,0.0,-0.006589192221017389
0.0,0.0,0.0,-0.12463436487067092
0.0,0.0,0.0,-0.12042887827338429
0.0,0.0,0.0,-0.12604783345987455
0.0,0.0,0.0,-0.13923653439740413
0.0,0.0,0.0,-0.11467026052245313
0.0,0.0,0.0,-0.11319262745748529
0.0,0.0,0.0,-0.1084422375534732
0.0,0.0,0.0,-0.10118525459918978
0.0,0.0,0.0,-0.06653689592351839
0.0,0.0,0.0,-0.05015762783331542
0.0,0.0,0.0,-0.03560641566425691
0.0,0.0,0.0,-0.014775996347139737
0.0,0.0,0.0,0.02915293694889699
0.0,0.0,0.0,0.05779807409264804
0.0,0.0,0.0,0.09312903006172452
0.0,0.0,0.0,0.1267055724056098
0.0,0.0,0.0,0.18299313776589135
0.0,0.0,0.0,0.21683907236157243
0.0,0.0,0.0,0.25729887691455444
0.0,0.0,0.0,0.29621650350405093
0.0,0.0,0.0,0.3504105741890234
0.0,0.0,0.0,0.4019395263753739
0.0,0.0,0.0,0.46452590999227267
0.0,0.0,0.0,0.5076309331326108
0.0,0.0,0.0,0.5694641994057661
0.0,0.0,0.0,0.6206255672017469
0.0,0.0,0.0,0.6774068879501504
0.0,0.0,0.0,0.7367795341869157
0.0,0.35744044,0.0,0.7857430529864247
0.0,0.685301,0.0,0.8304420836306838
0.57,0.64757144,0.0,0.8991878060910926
1.45,0.77283955,0.57,1.4484445933483094
1.97,2.1851015,1.45,2.2035135179833776
1.67,2.9889414,1.97,2.7603530797693647
3.42,2.8896427,1.67,2.6720661645299364
4.03,3.5962903,3.42,4.1818911169360975
4.75,4.7395463,4.03,4.84719963181914
6.47,5.6196947,4.75,5.585930263500119
9.45,6.670747,6.47,7.225695122638802
11.57,8.447342,9.45,9.933247053858935
13.85,10.847454,11.57,12.044190180296175
20.280000000000005,12.284046,13.85,14.570564205698231
20.79,15.774464,20.280000000000005,20.559394644575153
16.91,17.90835,20.79,21.581193187088736
16.28,17.056976,16.91,18.59007323896612
17.82,15.9865055,16.28,17.794468811905006
17.37,16.22235,17.82,18.81628397607344
15.64,15.077279,17.37,18.268883822899454
16.14,14.719092,15.64,16.544002457170215
16.57,14.868677,16.14,16.85105086793223
25.44,14.200316,16.57,17.160174643482296
17.05,19.331497,25.44,24.947032984739888
22.53,16.664574,17.05,18.10315535721389
21.269999999999996,17.857904,22.53,22.770843108243092
24.55,17.434725,21.269999999999996,21.63658709162827
24.92,18.713423,24.55,24.51995507239609
24.18,18.624542,24.92,25.144454653534282
23.57,18.752787,24.18,24.285146958260388
22.88,17.819582,23.57,23.802552391726394
22.18,16.90982,22.88,22.802777326679347
21.310000000000002,16.008326,22.18,22.003625001854818
19.98,15.326982,21.310000000000002,20.874776472056887
18.29,14.3514805,19.98,19.413016221615077
17.03,12.488725,18.29,17.498897631892255
15.75,11.068559,17.03,16.273652021770783
13.9,9.961397,15.75,14.744336634996621
12.13,8.544459,13.9,12.979387350415436
8.22,6.848052,12.13,11.174054405790214
6.22,4.1886454,8.22,7.840952764032472
2.43,2.5372329,6.22,5.740867822991277
0.94,0.0,2.43,2.0071711533819823
0.03,0.0,0.94,0.27057674353386685
0.0,0.0,0.03,-0.8374054385396388
0.0,0.0,0.0,-1.031301483488645
0.0,0.0,0.0,-0.9683622077832247
0.0,0.0,0.0,-0.8422458587201389
0.0,0.0,0.0,-0.7576371232523802
0.0,0.0,0.0,-0.6403364883217308
0.0,0.0,0.0,-0.5700337276290591
0.0,0.0,0.0,-0.49464657401680284
0.0,0.0,0.0,-0.3850525099939927
0.0,0.0,0.0,-0.29414380111712984
0.0,0.0,0.0,-0.18618739007927626
0.0,0.0,0.0,-0.13395512682328345
0.0,0.0,0.0,-0.09243519290359836
0.0,0.0,0.0,-0.042973879314100044
0.0,0.0,0.0,-0.02365360590369056
0.0,0.0,0.0,-0.005451664687721562
0.0,0.0,0.0,0.008363789483927069
0.0,0.0,0.0,0.04893347581433441
0.0,0.0,0.0,0.05660061087881831
0.0,0.0,0.0,0.06445274612664502
0.0,0.0,0.0,0.054424658358917036
0.0,0.0,0.0,0.017431695809522994
0.0,0.0,0.0,-0.0012516643367813454
0.0,0.0,0.0,-0.009104437290744852
0.0,0.0,0.0,0.006703615749372224
0.0,0.0,0.0,0.01111498795593864
0.0,0.0,0.0,0.0114944641621572
0.0,0.0,0.0,0.016582483923314947
0.0,0.0,0.0,0.05209575695213234
0.0,0.0,0.0,0.06902035222830706
0.0,0.0,0.0,0.09397488850064029
0.0,0.0,0.0,0.11058715617240261
0.0,0.0,0.0,0.15449232141202093
0.0,0.0,0.0,0.1830267500357208
0.0,0.0,0.0,0.21374139159667088
0.0,0.0,0.0,0.253959047656641
0.0,0.0,0.0,0.3072637542303835
0.0,0.0,0.0,0.34878725885854206
0.0,0.0,0.0,0.39076798433380416
0.0,0.0,0.0,0.43595528415008095
0.0,0.0,0.0,0.48869515835055655
0.0,0.0,0.0,0.5318407494430905
0.0,0.0,0.0,0.5788312016307964
0.0,0.0,0.0,0.6221818140603229
0.0,0.0,0.0,0.6770085718674013
0.0,0.0,0.0,0.7310893640798672
0.0,0.0,0.0,0.7875730712812773
0.0,0.0,0.0,0.8391202713026414
0.0,0.6294565,0.0,0.8907902972963859
0.26,0.9779492,0.0,0.9496783370845165
1.0,0.99214894,0.26,1.2287413102027813
2.25,1.2679795,1.0,1.9257834490398247
4.11,2.892859,2.25,3.0089953188200917
5.91,4.9384217,4.11,4.6211267251765475
7.3,6.7879653,5.91,6.3741924862046435
9.15,8.252188,7.3,7.922801402727411
11.38,10.162352,9.15,9.830370517200711
13.16,11.812049,11.38,12.0411188405619
15.12,13.165237,13.16,13.774014133832967
16.93,14.428526,15.12,15.728122348909555
18.36,15.910805,16.93,17.568096485260998
19.57,16.794514,18.36,19.123119644363882
20.71,18.009182,19.57,20.354335927766808
21.82,18.991505,20.71,21.54356843918803
22.78,20.069416,21.82,22.6481799606442
23.91,20.974049,22.78,23.5727139007134
24.09,21.792957,23.91,24.62635131794007
23.96,21.96693,24.09,24.862724898277314
25.98,22.29414,23.96,24.73408398620417
26.12,22.862782,25.98,26.477646958214528
26.13,22.917076,26.12,26.62816580607594
26.46,22.900265,26.13,26.6634250625949
25.88,22.44148,26.46,26.843726870036065
24.580000000000002,22.38294,25.88,26.248720567813105
25.91,21.3338,24.580000000000002,24.970158994687395
26.27,21.664299,25.91,25.91801387271943
25.85,21.188961,26.27,26.086631250493426
25.15,20.789162,25.85,25.65318120342703
24.6,19.863503,25.15,24.930531100847023
23.72,19.0069,24.6,24.24088755363963
21.9,17.872108,23.72,23.26714748175949
22.39,15.873524,21.9,21.36126633534077
21.54,15.849405,22.39,21.489385260847666
19.89,15.038642,21.54,20.516397176822966
18.2,13.431416,19.89,18.904537176069535
16.53,11.941994,18.2,17.218750646326647
15.64,10.629487,16.53,15.414754131956201
13.929999999999998,9.496262,15.64,14.335379341433894
12.38,7.8449993,13.929999999999998,12.615597268181189
10.05,6.407829,12.38,11.160092191515105
8.4,4.6733384,10.05,9.114006220660745
4.8,3.600387,8.4,7.539650818149798
1.87,1.4955162,4.8,4.212808457289734
0.71,0.0,1.87,1.4042685133200095
0.07,0.0,0.71,0.05569595648201475
0.0,0.0,0.07,-0.7564719746940838
0.0,0.0,0.0,-0.8473311478297809
0.0,0.0,0.0,-0.7962353331088037
0.0,0.0,0.0,-0.6704334741507729
0.0,0.0,0.0,-0.5401008984972816
0.0,0.0,0.0,-0.4212874416397497
0.0,0.0,0.0,-0.3469197318984052
0.0,0.0,0.0,-0.2725132732119826
0.0,0.0,0.0,-0.21241559898568727
0.0,0.0,0.0,-0.09271654767735879
0.0,0.0,0.0,-0.013390115590326563
0.0,0.0,0.0,0.0382798956203695
0.0,0.0,0.0,0.06972345540777324
0.0,0.0,0.0,0.11125733584600409
0.0,0.0,0.0,0.11909899821398218
0.0,0.0,0.0,0.12817612445462537
0.0,0.0,0.0,0.1371810485176313
0.0,0.0,0.0,0.168225395895996
0.0,0.0,0.0,0.17502057967905713
0.0,0.0,0.0,0.17601472070560273
0.0,0.0,0.0,0.17257225999269626
0.0,0.0,0.0,-0.526170675999184
0.0,0.0,0.0,-0.5572939566649443
0.0,0.0,0.0,-0.5697549922277754
0.0,0.0,0.0,-0.5463014243250395
0.0,0.0,0.0,-0.5386635417803067
0.0,0.0,0.0,-0.5298594546291875
0.0,0.0,0.0,-0.5274986561026043
0.0,0.0,0.0,-0.4870891610726922
0.0,0.0,0.0,-0.4719948025789731
0.0,0.0,0.0,-0.44540167182269225
0.0,0.0,0.0,-0.41528620093173024
0.0,0.0,0.0,-0.3740222091320409
0.0,0.0,0.0,-0.3497518678311166
0.0,0.0,0.0,-0.33046156600227494
0.0,0.0,0.0,-0.31406236461726916
0.0,0.0,0.0,-0.2711595781336744
0.0,0.0,0.0,-0.2310622341731934
0.0,0.0,0.0,-0.1903384259666699
0.0,0.0,0.0,-0.15206643346056808
0.0,0.0,0.0,-0.10489936016468704
0.0,0.0,0.0,-0.05903845879586443
0.0,0.0,0.0,-0.007710710223937656
0.0,0.0,0.0,0.04837583999557507
0.0,0.0,0.0,0.10897476029471784
0.0,0.0,0.0,0.17414104183381457
0.0,0.0,0.0,0.2311155449779672
0.0,0.0,0.0,0.29187054083543357
0.0,0.0,0.0,0.3475152683898672
0.0,0.0,0.0,0.3985909333660588
0.01,0.0,0.0,0.45727035771029323
0.35000000000000003,0.0,0.01,0.514590597680796
0.63,0.0,0.35000000000000003,0.8524628639476305
1.04,0.0,0.63,1.173054880315679
1.03,0.0,1.04,1.5963954861336875
0.92,0.0,1.03,1.6839542851423002
1.58,0.0,0.92,1.665861028269224
2.12,0.0,1.58,2.2686686182002926
1.9500000000000002,0.0,2.12,2.754653727965143
2.47,0.0,1.9500000000000002,2.712922880802586
2.8000000000000003,0.0,2.47,3.2014817048308384
3.66,0.37873966,2.8000000000000003,3.5193972436400043
2.98,0.96709645,3.66,4.303320007330457
2.91,0.8281466,2.98,3.8185954436079776
3.37,1.0777194,2.91,3.7447927864398
3.76,1.1862551,3.37,4.13368208041324
3.69,1.1237469,3.76,4.497271987854233
4.26,1.3812513,3.69,4.40513623035658
4.66,1.8137574,4.26,4.963176533355293
4.04,2.1705205,4.66,5.346121636912893
4.76,2.0106413,4.04,4.83866894013401
4.09,2.1313472,4.76,5.408415848365131
4.16,1.9815193,4.09,4.816152084037163
4.84,1.8693414,4.16,4.851887836858983
5.08,2.1768053,4.84,5.327771206968499
5.86,2.3235536,5.08,5.542827874798875
6.77,2.686748,5.86,6.275316137380969
7.2,3.3265839,6.77,7.054007214458576
6.29,3.8797996,7.2,7.442591412099709
5.0,3.5961947,6.29,6.75019276820029
5.49,2.81937,5.0,5.562865139209998
5.32,2.515353,5.49,5.839593854377107
3.27,2.4565415,5.32,5.511209621336629
3.18,1.6941862,3.27,3.7091157093612055
2.6,1.3399897,3.18,3.479899029410038
2.89,0.821728,2.6,2.8240737522556887
1.82,0.71108574,2.89,2.9469898245012973
1.73,0.30499068,1.82,1.998658224309648
1.7399999999999998,0.0,1.73,1.8134088112172693
1.42,0.0,1.7399999999999998,1.7412665352470178
0.9,0.0,1.42,1.3916663392471122
0.51,0.0,0.9,0.9520215470975069
0.21,0.0,0.51,0.5560523281693198
0.0,0.0,0.21,0.22337863253765156
0.0,0.0,0.0,-0.040211534347130116
0.0,0.0,0.0,-0.06673715574753186
0.0,0.0,0.0,-0.10380060875899287
0.0,0.0,0.0,-0.12021515395356376
0.0,0.0,0.0,-0.1471528060774852
0.0,0.0,0.0,-0.1522961326585459
0.0,0.0,0.0,-0.15335353974568106
0.0,0.0,0.0,-0.17772896769862753
0.0,0.0,0.0,-0.18925647829435346
0.0,0.0,0.0,-0.21039877904057272
0.0,0.0,0.0,-0.21306256737820536
0.0,0.0,0.0,-0.23246104162639195
0.0,0.0,0.0,-0.25680513463279336
0.0,0.0,0.0,-0.29903247579331677
0.0,0.0,0.0,-0.2947631592348798
0.0,0.0,0.0,-0.32467819432537837
0.0,0.0,0.0,-0.35060058471333494
0.0,0.0,0.0,-0.38134794287233126
0.0,0.0,0.0,-0.37603130604006496
0.0,0.0,0.0,-0.3956431413327619
0.0,0.0,0.0,-0.4138461880714305
0.0,0.0,0.0,-0.4327687149929329
0.0,0.0,0.0,-0.6173492519967466
0.0,0.0,0.0,-0.6295808814563315
0.0,0.0,0.0,-0.6368318751277211
0.0,0.0,0.0,-0.6410474018034268
0.0,0.0,0.0,-0.6157534743179647
0.0,0.0,0.0,-0.611815975859071
0.0,0.0,0.0,-0.6050765107436518
0.0,0.0,0.0,-0.5944053570735575
0.0,0.0,0.0,-0.5588973190990681
0.0,0.0,0.0,-0.5442279227710791
0.0,0.0,0.0,-0.5254957708629414
0.0,0.0,0.0,-0.49931099690594866
0.0,0.0,0.0,-0.45295118642397664
0.0,0.0,0.0,-0.42545495397483635
0.0,0.0,0.0,-0.3936055291111339
0.0,0.0,0.0,-0.3596223039821875
0.0,0.0,0.0,-0.3099399907085111
0.0,0.0,0.0,-0.26874332735463335
0.0,0.0,0.0,-0.22664453058975098
0.0,0.0,0.0,-0.1796074310198838
0.0,0.0,0.0,-0.12437055218157714
0.0,0.0,0.0,-0.07665386905728662
0.0,0.0,0.0,-0.027135766702606826
0.0,0.0,0.0,0.02607236399815459
0.0,0.0,0.0,0.08339905622219902
0.0,0.0,0.0,0.13800044397293965
0.0,0.0,0.0,0.19071984652674867
0.0,0.0,0.0,0.24592416147787077
0.0,0.0,0.0,0.29991045292894136
0.0,0.0,0.0,0.356276328905444
0.0,0.0,0.0,0.4091448078183003
0.24,0.0,0.0,0.45984713810998595
0.55,0.0,0.24,0.7136261543306323
0.88,0.0,0.55,1.048313458235247
1.06,0.0,0.88,1.4078690357102994
1.2,0.0,1.06,1.6472270339709363
1.4000000000000001,0.0,1.2,1.8449038124709212
1.62,0.0,1.4000000000000001,2.0795962168012916
2.32,0.0,1.62,2.2922614447689775
3.83,0.0,2.32,2.953443347024088
3.15,0.7990162,3.83,4.310362932923755
3.2099999999999995,1.1436822,3.15,3.9113691441693006
3.23,1.2398778,3.2099999999999995,4.009103555348121
3.96,0.89038515,3.23,4.056011332096191
4.23,1.4608698,3.96,4.615159715853982
4.68,1.6891544,4.23,4.9253520282991685
4.9,2.2262354,4.68,5.275142370792017
7.68,2.2909873,4.9,5.5845043579841125
4.49,3.460943,7.68,8.068256931329179
3.65,3.2504807,4.49,5.414404840875997
3.11,2.3452382,3.65,4.699337217632504
2.63,1.4165422,3.11,4.015657617642607
2.95,0.84278697,2.63,3.357620216896179
2.87,0.61708504,2.95,3.5745674452276393
2.87,0.6903224,2.87,3.3809035177388926
4.17,0.66251594,2.87,3.4685201141243334
6.5,1.1145585,4.17,4.605651350720213
4.73,2.7929137,6.5,6.548566689778649
4.64,2.736453,4.73,5.337602651014052
5.19,3.0562782,4.64,5.161783241407841
4.790000000000001,2.906764,5.19,5.4948227227595545
4.82,2.2925944,4.790000000000001,5.163883427574458
4.16,2.1652164,4.82,5.155343143264149
3.76,2.1356828,4.16,4.426553237563949
3.57,1.7546468,3.76,4.08465973601653
3.15,1.74387,3.57,3.773639117152185
2.24,1.3824295,3.15,3.3278714501106603
1.9500000000000002,0.9316891,2.24,2.48757223576225
1.4700000000000002,0.45113862,1.9500000000000002,2.091458448401679
1.06,0.0,1.4700000000000002,1.5514648973831322
0.82,0.0,1.06,1.1591574070725845
0.49,0.0,0.82,0.8642459821954686
0.3,0.0,0.49,0.5360995768666827
0.0,0.0,0.3,0.3026455618338495
0.0,0.0,0.0,-0.021413869142957696
0.0,0.0,0.0,-0.07949752831730258
0.0,0.0,0.0,-0.11258255949872474
0.0,0.0,0.0,-0.15101000553169097
0.0,0.0,0.0,-0.17281070333992837
0.0,0.0,0.0,-0.19320387561742144
0.0,0.0,0.0,-0.19428881895861755
0.0,0.0,0.0,-0.2045313481532279
0.0,0.0,0.0,-0.23801493551306746
0.0,0.0,0.0,-0.266145584134123
0.0,0.0,0.0,-0.2597664571890563
0.0,0.0,0.0,-0.2867264885679761
0.0,0.0,0.0,-0.3075643950985566
0.0,0.0,0.0,-0.33837284601039813
0.0,0.0,0.0,-0.33992272131884094
0.0,0.0,0.0,-0.36592699846763116
0.0,0.0,0.0,-0.3879895101620201
0.0,0.0,0.0,-0.41528985674741536
0.0,0.0,0.0,-0.4099375978025206
0.0,0.0,0.0,-0.43373018459139606
0.0,0.0,0.0,-0.45075209099592295
0.0,0.0,0.0,-0.4613252948298312
0.0,0.0,0.0,-0.6627304161813935
0.0,0.0,0.0,-0.673469480261824
0.0,0.0,0.0,-0.6818931536976861
0.0,0.0,0.0,-0.6877320322882864
0.0,0.0,0.0,-0.66425768684109
0.0,0.0,0.0,-0.6631463425083985
0.0,0.0,0.0,-0.6567291178148181
0.0,0.0,0.0,-0.646626486302635
0.0,0.0,0.0,-0.6111309770780177
0.0,0.0,0.0,-0.5950224730065303
0.0,0.0,0.0,-0.5757234507601253
0.0,0.0,0.0,-0.5520117489840445
0.0,0.0,0.0,-0.5057836001726311
0.0,0.0,0.0,-0.47699693213159167
0.0,0.0,0.0,-0.44462863277475084
0.0,0.0,0.0,-0.4086035930469418
0.0,0.0,0.0,-0.355522740845472
0.0,0.0,0.0,-0.3142553928970692
0.0,0.0,0.0,-0.2709210630974135
0.0,0.0,0.0,-0.22432008686645377
0.0,0.0,0.0,-0.16777511328231914
0.0,0.0,0.0,-0.1197869729099655
0.0,0.0,0.0,-0.06887991216593017
0.0,0.0,0.0,-0.018534616365899047
0.0,0.0,0.0,0.037746600789853486
0.0,0.0,0.0,0.09207921952647725
0.0,0.0,0.0,0.14794331634684357
0.0,0.0,0.0,0.20267845915677707
0.0,0.0,0.0,0.2569664693134415
0.0,0.0,0.0,0.31156487872370153
0.0,0.0,0.0,0.36652694258507656
0.0,0.0,0.0,0.4217846872486105
0.0,0.0,0.0,0.4700907113931653
0.2,0.0,0.0,0.5189723127645212
0.58,0.0,0.2,0.7426393485883003
0.42,0.0,0.58,1.120266059061012
0.71,0.0,0.42,1.0700098576327468
0.82,0.0,0.71,1.3737005756370866
1.22,0.0,0.82,1.5290492533610096
1.76,0.0,1.22,1.9214113541821087
1.52,0.0,1.76,2.4082059101146056
2.11,0.0,1.52,2.333221659177184
2.49,0.0,2.11,2.8445603713884413
2.95,0.0,2.49,3.222070789365605
3.47,0.17243226,2.95,3.677920353562426
3.58,0.76884663,3.47,4.172483386459915
4.38,0.88136977,3.58,4.34514908070902
4.5,1.2037098,4.38,5.076993484492715
4.45,1.5508509,4.5,5.260317839316796
4.96,1.7308972,4.45,5.221305073260434
5.29,2.0633905,4.96,5.601544573667025
4.49,2.1068585,5.29,5.91292736857736
3.14,1.903761,4.49,5.3119792377936195
2.68,1.3463626,3.14,4.035608600778471
2.56,0.76012903,2.68,3.471622160981351
2.91,0.25771642,2.56,3.2219982484458223
3.37,0.35428357,2.91,3.3920021791480712
3.36,0.7123494,3.37,3.746059507381946
3.55,0.9648168,3.36,3.7833228456493586
4.11,1.15278,3.55,3.9745778630840816
3.32,1.4705443,4.11,4.402694955812305
2.22,1.0891873,3.32,3.8061389828035446
2.36,0.6753299,2.22,2.7794357144134567
1.99,0.59286314,2.36,2.7294372297123624
1.77,0.16993251,1.99,2.3229428809648462
1.45,0.0911877,1.77,2.0549167591147475
1.37,0.14140345,1.45,1.7350476932988121
1.2,0.17603506,1.37,1.604232950349052
0.8,0.0,1.2,1.423200857456755
0.62,0.0,0.8,1.012667171570053
0.43,0.0,0.62,0.7965484534256031
0.06,0.0,0.43,0.5639296391016511
0.03,0.0,0.06,0.17945173250294016
0.0,0.0,0.03,0.09656082926694086
0.0,0.0,0.0,0.04182999542567012
0.0,0.0,0.0,0.0010545837200543265
0.0,0.0,0.0,-0.014983838417004479
0.0,0.0,0.0,-0.05571600698619783
0.0,0.0,0.0,-0.08690239669152486
0.0,0.0,0.0,-0.13044543374227585
0.0,0.0,0.0,-0.14522934937502147
0.0,0.0,0.0,-0.1745022514118759
0.0,0.0,0.0,-0.2104468640990872
0.0,0.0,0.0,-0.2406223462779688
0.0,0.0,0.0,-0.23957542285532102
0.0,0.0,0.0,-0.2770934266996651
0.0,0.0,0.0,-0.3186413903244049
0.0,0.0,0.0,-0.34892936880606784
0.0,0.0,0.0,-0.3543844312304054
0.0,0.0,0.0,-0.3835822717255698
0.0,0.0,0.0,-0.4128728369181943
0.0,0.0,0.0,-0.43980285078791237
0.0,0.0,0.0,-0.4370724567906671
0.0,0.0,0.0,-0.4611202760426531
0.0,0.0,0.0,-0.47952006200182984
0.0,0.0,0.0,-0.4944337106644001
0.0,0.0,0.0,-0.6715495947607786
0.0,0.0,0.0,-0.6823104419962577
0.0,0.0,0.0,-0.6887114164493545
0.0,0.0,0.0,-0.6922713290488102
0.0,0.0,0.0,-0.6661785854839883
0.0,0.0,0.0,-0.6629557489673805
0.0,0.0,0.0,-0.6562442253394927
0.0,0.0,0.0,-0.6456635033270259
0.0,0.0,0.0,-0.608173525279444
0.0,0.0,0.0,-0.5902732973780934
0.0,0.0,0.0,-0.5703211084777622
0.0,0.0,0.0,-0.547117510175113
0.0,0.0,0.0,-0.5017786613096158
0.0,0.0,0.0,-0.4723425027913415
0.0,0.0,0.0,-0.439103630879611
0.0,0.0,0.0,-0.40263212485160815
0.0,0.0,0.0,-0.3491969847770795
0.0,0.0,0.0,-0.30950249234806526
0.0,0.0,0.0,-0.26635866584891044
0.0,0.0,0.0,-0.2214737470824752
0.0,0.0,0.0,-0.16433204657091627
0.0,0.0,0.0,-0.1164701497158149
0.0,0.0,0.0,-0.06733587244010901
0.0,0.0,0.0,-0.016956999569830954
0.0,0.0,0.0,0.04076487917313184
0.0,0.0,0.0,0.0940573429041541
0.0,0.0,0.0,0.1484451170426278
0.0,0.0,0.0,0.20503701197859517
0.0,0.0,0.0,0.2592565669255642
0.0,0.0,0.0,0.31430792139538555
0.0,0.0,0.0,0.36913138659249384
0.0,0.0,0.0,0.42370021547152464
0.04,0.0,0.0,0.46780623478360367
0.1,0.0,0.04,0.5530394872175822
0.4,0.0,0.1,0.658183610964268
0.62,0.0,0.4,0.970767041554667
0.93,0.0,0.62,1.2224796969659715
1.16,0.0,0.93,1.5592218653742838
1.35,0.0,1.16,1.8347616789870378
1.71,0.0,1.35,2.0627318380964192
2.65,0.0,1.71,2.415900725130645
2.67,0.5642939,2.65,3.253796660408132
3.14,0.855928,2.67,3.3863436364468718
3.82,1.1538539,3.14,3.8577224777252503
4.02,1.9228531,3.82,4.476372288723513
4.15,2.1137493,4.02,4.792697739390592
4.48,2.3567626,4.15,4.944531370753311
3.24,2.5199149,4.48,5.214114012782323
2.96,2.348347,3.24,4.1400574863569375
3.37,2.0186467,2.96,3.84934292230289
2.72,1.9188411,3.37,4.0945379492085525
2.0,1.5701498,2.72,3.505736824991414
2.67,1.4095458,2.0,2.834667433752083
3.4,1.5537682,2.67,3.295049677385322
3.92,1.7837819,3.4,3.943701255311815
4.94,2.3680599,3.92,4.371993020452387
3.42,3.1061058,4.94,5.260219269036472
3.15,2.812793,3.42,4.083850693877899
2.67,2.472916,3.15,3.818094300644263
3.3,2.0017462,2.67,3.263692760717685
2.67,1.8227121,3.3,3.6755017371779513
2.4,1.5692214,2.67,3.1154735038064496
1.33,1.4565011,2.4,2.81201606430319
1.53,1.0103614,1.33,1.9089353203226103
1.41,0.86683524,1.53,1.9389927575109527
1.36,0.76055723,1.41,1.7466309636196815
0.8699999999999999,0.831462,1.36,1.5888176743287579
1.15,0.73418814,0.8699999999999999,1.1661603964151188
1.52,0.5917982,1.15,1.3268963707220707
0.56,0.6494819,1.52,1.6135655816714214
0.23,0.5235264,0.56,0.7971610261155752
0.39,0.47920832,0.23,0.48678915814139295
0.19,0.23132372,0.39,0.49441673272592884
0.0,0.05884579,0.19,0.27120743029871
0.0,0.15297358,0.0,0.06667908370864187
0.0,0.24923941,0.0,0.013248600467392051
0.0,0.24627602,0.0,-0.017866692036324697
0.0,0.28323618,0.0,-0.05148241757670327
0.0,0.36448646,0.0,-0.09293200632425981
0.0,0.44459563,0.0,-0.11468205390740699
0.0,0.40117347,0.0,-0.12719672635926332
0.0,0.36313504,0.0,-0.1822062173156672
0.0,0.3486135,0.0,-0.20258999570295752
0.0,0.34943512,0.0,-0.23506759587043125
0.0,0.19362663,0.0,-0.2460519868359135
0.0,0.103463985,0.0,-0.28121172397072397
0.0,0.05901568,0.0,-0.31286111980751297
0.0,0.016414482,0.0,-0.3527922147790275
0.0,0.0,0.0,-0.358484027323399
0.0,0.0,0.0,-0.3897737940846257
0.0,0.0,0.0,-0.4186979902303113
0.0,0.0,0.0,-0.446531749236134
0.0,0.0,0.0,-0.4382717558371501
0.0,0.0,0.0,-0.45685874159643824
0.0,0.0,0.0,-0.4792575532728026
0.0,0.0,0.0,-0.4981672061334392
0.0,0.0,0.0,-0.6812909924316048
0.0,0.0,0.0,-0.6937757727723491
0.0,0.0,0.0,-0.6981186567163896
0.0,0.0,0.0,-0.7015899071074567
0.0,0.0,0.0,-0.6760010239362323
0.0,0.0,0.0,-0.671586435072989
0.0,0.0,0.0,-0.665556860818101
0.0,0.0,0.0,-0.6565704477753789
0.0,0.0,0.0,-0.6199617670422916
0.0,0.0,0.0,-0.6021143386471214
0.0,0.0,0.0,-0.5824917931829438
0.0,0.0,0.0,-0.5581887188487901
0.0,0.0,0.0,-0.5130474303300336
0.0,0.0,0.0,-0.48327139339733327
0.0,0.0,0.0,-0.45108647663862333
0.0,0.0,0.0,-0.41596588323827177
0.0,0.0,0.0,-0.3633148226740446
0.0,0.0,0.0,-0.322383452642818
0.0,0.0,0.0,-0.27899936181521856
0.0,0.0,0.0,-0.2337818043235522
0.0,0.0,0.0,-0.1756915514931665
0.0,0.0,0.0,-0.12763325723858487
0.0,0.0,0.0,-0.07587336951584457
0.0,0.0,0.0,-0.026401008094016076
0.0,0.0,0.0,0.030997125911872512
0.0,0.0,0.0,0.08538008596223143
0.0,0.0,0.0,0.13976664973703204
0.0,0.0,0.0,0.193980486147646
0.0,0.0,0.0,0.24741227860847811
0.0,0.0,0.0,0.303866026988199
0.0,0.0,0.0,0.35873880863762286
0.0,0.0,0.0,0.4128935169397144
0.07,0.0,0.0,0.4583893303593124
0.24,0.0,0.07,0.5659348818264688
0.4,0.0,0.24,0.7676519273546456
0.6,0.0,0.4,0.9665673082695194
0.82,0.0,0.6,1.1980332821789677
1.14,0.0,0.82,1.4530806521688453
1.72,0.0,1.14,1.7850484632623376
2.24,0.0,1.72,2.33067590657066
2.04,0.0,2.24,2.868339389529728
1.4700000000000002,0.30135396,2.04,2.7775006421171806
1.24,0.0,1.4700000000000002,2.3714701336186077
1.98,0.0,1.24,2.168173270356768
2.72,0.11051287,1.98,2.7119405336293525
2.72,0.79939973,2.72,3.3436371997341334
2.35,1.1599556,2.72,3.431492173066266
2.33,0.9839464,2.35,3.226160940944615
2.67,1.1373554,2.33,3.1854282333221597
4.11,1.2582841,2.67,3.450831714870013
4.13,1.9946768,4.11,4.6225690799983
3.4,2.2140946,4.13,4.756826816706332
2.04,2.341756,3.4,4.175135062128486
3.47,1.6650834,2.04,3.040446538946227
3.83,1.7304413,3.47,4.122117086956285
2.6,2.1050048,3.83,4.325731758442079
2.38,1.8918078,2.6,3.332621080278488
2.72,1.7646787,2.38,3.073578781697587
3.03,1.7122836,2.72,3.245795671240316
2.36,1.8085804,3.03,3.4753851049378683
3.12,1.5663782,2.36,2.9114385896646784
2.34,1.8815585,3.12,3.47694506472821
1.6,1.688587,2.34,2.7833640244191327
1.55,1.3002884,1.6,2.115302344861722
2.47,0.99016315,1.55,1.970680657823102
2.2,1.0949892,2.47,2.6604624573006994
1.3,1.1995437,2.2,2.398180951968695
0.8699999999999999,0.9958266,1.3,1.642009628204126
0.65,0.5101994,0.8699999999999999,1.2270320581992906
0.47,0.1471292,0.65,0.9353648810973886
0.37,0.027168844,0.47,0.6729233613038474
0.04,0.06756191,0.37,0.4829015065580179
0.0,0.0,0.04,0.16771834702130395
0.0,0.0,0.0,0.07623203285922694
0.0,0.060607683,0.0,0.04706530974591423
0.0,0.19337799,0.0,0.018812681986145607
0.0,0.21399331,0.0,-0.0014837424945692013
0.0,0.23691736,0.0,-0.07044155179753132
0.0,0.28963286,0.0,-0.08587461401075726
0.0,0.34679267,0.0,-0.10757184864397779
0.0,0.22902958,0.0,-0.1226578877776199
0.0,0.17905895,0.0,-0.15997134158688198
0.0,0.17421554,0.0,-0.19283461408640332
0.0,0.19579624,0.0,-0.22926792001381086
0.0,0.015896916,0.0,-0.23907715817148462
0.0,0.0,0.0,-0.2709143575643809
0.0,0.0,0.0,-0.31010255686881893
0.0,0.0,0.0,-0.3484716134776128
0.0,0.0,0.0,-0.3548660372652374
0.0,0.0,0.0,-0.3788980448541961
0.0,0.0,0.0,-0.4054872243650713
0.0,0.0,0.0,-0.43349640549346224
0.0,0.0,0.0,-0.43386764141886464
0.0,0.0,0.0,-0.45622260143441135
0.0,0.0,0.0,-0.47320237874528204
0.0,0.0,0.0,-0.4877338595707469
0.0,0.0,0.0,-0.5230649153085635
0.0,0.0,0.0,-0.5322423201968001
0.0,0.0,0.0,-0.5394677575003808
0.0,0.0,0.0,-0.5436763404294903
0.0,0.0,0.0,-0.5170597801313532
0.0,0.0,0.0,-0.511640129115375
0.0,0.0,0.0,-0.5036134001797818
0.0,0.0,0.0,-0.4936040483222236
0.0,0.0,0.0,-0.45787106568574243
0.0,0.0,0.0,-0.4401916057968109
0.0,0.0,0.0,-0.41684670953701597
0.0,0.0,0.0,-0.39341284004579957
0.0,0.0,0.0,-0.34589494041206037
0.0,0.0,0.0,-0.315183404647962
0.0,0.0,0.0,-0.2832235958790788
0.0,0.0,0.0,-0.24775440697308604
0.0,0.0,0.0,-0.19275127159900554
0.0,0.0,0.0,-0.15130403507701062
0.0,0.0,0.0,-0.1071115941147055
0.0,0.0,0.0,-0.06075251528207159
0.0,0.0,0.0,-0.00543612987376452
0.0,0.0,0.0,0.09435203129753278
0.0,0.0,0.0,0.20374403145067868
0.0,0.0,0.0,0.30846170819373037
0.0,0.0,0.0,0.3634367435366209
0.0,0.0,0.0,0.41892624516940585
0.0,0.0,0.0,0.47443152350170703
0.02,0.0,0.0,0.5283531307865891
0.27,0.0,0.02,0.5990532363945498
0.58,0.0,0.27,0.8652182279595054
0.99,0.0,0.58,1.193869045990637
1.55,0.0,0.99,1.6296734868201161
2.36,0.0,1.55,2.1727341293384352
3.0699999999999994,0.9262239,2.36,2.933834513232343
3.81,1.7979759,3.0699999999999994,3.6690873946085274
3.98,2.3944254,3.81,4.43227105479899
4.16,2.5195498,3.98,4.703746357120895
4.85,2.952125,4.16,4.936861589166424
6.27,3.2800446,4.85,5.570564726671243
6.26,4.0450473,6.27,6.80952929328436
6.89,4.319475,6.26,6.950988895925193
7.31,5.1352487,6.89,7.548243928385987
7.98,5.3536882,7.31,7.971408834667167
6.35,5.6603923,7.98,8.555321484057359
7.83,4.8401923,6.35,7.24981324614315
7.99,5.264419,7.83,8.371201566200765
8.0,5.34314,7.99,8.476210642021742
8.53,5.3860626,8.0,8.498570914122164
9.23,5.393308,8.53,8.998887849300587
10.110000000000001,5.77538,9.23,9.530942563129425
9.39,6.284208,10.110000000000001,10.382941147356645
9.52,6.1042,9.39,9.800715224094375
10.16,5.986972,9.52,9.898120119596726
12.03,6.0984554,10.16,10.37189304387378
11.21,6.856142,12.03,11.956714385160383
9.91,6.9824467,11.21,11.265606958134653
8.83,6.506223,9.91,10.180717898717061
8.48,5.609598,8.83,9.064998416424348
6.139999999999999,4.8029175,8.48,8.549381256482091
6.82,3.349207,6.139999999999999,6.385046562087552
4.92,3.1526642,6.82,6.672063487674905
4.09,1.9328362,4.92,4.9569496856860855
4.23,1.1496589,4.09,4.077376516583589
4.57,0.9972371,4.23,4.034331055749842
3.92,1.102288,4.57,4.179233000664596
3.17,0.74666786,3.92,3.6508239121052934
2.22,0.4176205,3.17,2.9223981507253156
2.9,0.0,2.22,2.129158435108767
0.86,0.0,2.9,2.4368219735421266
0.38,0.0,0.86,0.8546448380944616
0.32,0.0,0.38,0.31951250286722255
0.0,0.0,0.32,0.17493524893907625
0.0,0.0,0.0,-0.2136264653051103
0.0,0.0,0.0,-0.17964682153735895
0.0,0.0,0.0,-0.21850292488617293
0.0,0.0,0.0,-0.20539402560771286
0.0,0.0,0.0,-0.2185095171062893
0.0,0.0,0.0,-0.20292949447875064
0.0,0.0,0.0,-0.18580601664410598
0.0,0.0,0.0,-0.1877712822529492
0.0,0.0,0.0,-0.22700477728604823
0.0,0.0,0.0,-0.18539634822727522
0.0,0.0,0.0,-0.195762348002371
0.0,0.0,0.0,-0.2290245771190302
0.0,0.0,0.0,-0.23678709873244058
0.0,0.0,0.0,-0.24284629647820988
0.0,0.0,0.0,-0.2694465675007603
0.0,0.0,0.0,-0.28735550537542065
0.0,0.0,0.0,-0.30156773575135165
0.0,0.0,0.0,-0.29281110374827046
0.0,0.0,0.0,-0.30862795932794
0.0,0.0,0.0,-0.32628211286019443
0.0,0.0,0.0,-0.331539976940092
0.0,0.0,0.0,-0.3985411750974244
0.0,0.0,0.0,-0.40957321308976646
0.0,0.0,0.0,-0.4123149034958312
0.0,0.0,0.0,-0.4181429150743708
0.0,0.0,0.0,-0.39540226354649816
0.0,0.0,0.0,-0.39150138783201904
0.0,0.0,0.0,-0.3848964879752669
0.0,0.0,0.0,-0.3748372514986633
0.0,0.0,0.0,-0.34164053224474666
0.0,0.0,0.0,-0.3037356816927712
0.0,0.0,0.0,-0.2803506607853291
0.0,0.0,0.0,-0.23403670221302825
0.0,0.0,0.0,-0.20341439396026004
0.0,0.0,0.0,-0.17104348321359414
0.0,0.0,0.0,-0.1367087914775456
0.0,0.0,0.0,-0.08377104585971004
0.0,0.0,0.0,0.0012978172745067504
0.0,0.0,0.0,0.04455633758199412
0.0,0.0,0.0,0.10130444572673272
0.0,0.0,0.0,0.14902609059196217
0.0,0.0,0.0,0.1978183497671931
0.0,0.0,0.0,0.24795279942801074
0.0,0.0,0.0,0.3046920289886353
0.0,0.0,0.0,0.35803857906610964
0.0,0.0,0.0,0.4136787063704953
0.0,0.0,0.0,0.4662954696927802
0.0,0.0,0.0,0.5174925267170876
0.04,0.0,0.0,0.5725180025530466
0.3,0.0,0.04,0.6618568740501004
0.7000000000000001,0.0,0.3,0.9409263408281785
1.71,0.19009475,0.7000000000000001,1.341725287851005
3.58,1.0640589,1.71,2.2751307376239263
3.81,2.581932,3.58,3.9527003827302107
9.580000000000002,3.5058255,3.81,4.3663123634278564
5.96,7.9879622,9.580000000000002,9.366636830066358
6.5,7.2452264,5.96,6.8916747640429525
6.76,6.8499894,6.5,7.419181931058679
5.54,6.6483865,6.76,7.565747583697581
6.45,5.365177,5.54,6.4734910516762145
7.05,5.0095153,6.45,7.197532628556875
8.11,5.184464,7.05,7.5833052030184485
13.83,5.730342,8.11,8.707893763385563
13.24,8.545516,13.83,13.806587976068872
12.26,10.345353,13.24,13.860015270293436
15.74,10.4039345,12.26,13.184077195516728
12.99,11.966281,15.74,16.276582610021723
11.51,10.992223,12.99,13.809045317523182
10.95,9.7159195,11.51,12.51944234390939
15.1,8.6498575,10.95,11.47624809395315
13.95,10.353922,15.1,15.044767505174777
16.2,10.401564,13.95,14.329010761629803
24.619999999999997,11.671261,16.2,16.360834505464958
17.05,15.856473,24.619999999999997,24.06412777691385
14.12,13.752202,17.05,17.925971080658847
10.23,12.4537325,14.12,15.128250517364423
9.18,9.070885,10.23,10.892859277117477
15.31,6.843728,9.18,9.260614878354378
18.060000000000002,8.323411,15.31,14.190809205226005
12.75,10.715135,18.060000000000002,16.690802035766264
9.59,9.654033,12.75,12.777418986396345
9.4,7.0379567,9.59,9.931238912197426
7.27,5.586144,9.4,9.215445157145895
6.18,3.6417804,7.27,6.993193897129767
5.22,2.4928005,6.18,5.640325652057697
3.95,1.4550903,5.22,4.338757602744112
3.66,0.018836189,3.95,3.4057154187487293
3.34,0.0,3.66,3.153100383465072
4.25,0.0,3.34,2.8199750343191226
1.77,0.0,4.25,3.7100126421973996
0.11,0.0,1.77,1.4801811669899003
0.0,0.0,0.11,-0.07094170658498739
0.0,0.0,0.0,-0.30008182120429894
0.0,0.0,0.0,-0.4151412061398879
0.0,0.0,0.0,-0.4288685359374027
0.0,0.0,0.0,-0.4070820961649402
0.0,0.0,0.0,-0.311981651342984
0.0,0.0,0.0,-0.16291662460766804
0.0,0.0,0.0,-0.16850293274969097
0.0,0.0,0.0,-0.17463635214120954
0.0,0.0,0.0,-0.2036781098841698
0.0,0.0,0.0,-0.2248793272506212
0.0,0.0,0.0,-0.14301800974477258
0.0,0.0,0.0,-0.08406612190286933
0.0,0.0,0.0,-0.11833673036521469
0.0,0.0,0.0,-0.12157154797506793
0.0,0.0,0.0,-0.13112135138945077
0.0,0.0,0.0,-0.1556936881890357
0.0,0.0,0.0,-0.17469132644558
0.0,0.0,0.0,-0.1676436639360082
0.0,0.0,0.0,-0.1834316501174848
0.0,0.0,0.0,-0.19612635110715537
0.0,0.0,0.0,-0.2039440466830355
0.0,0.0,0.0,-0.3304975922722833
0.0,0.0,0.0,-0.3486292022030249
0.0,0.0,0.0,-0.362754913836339
0.0,0.0,0.0,-0.33487288304488466
0.0,0.0,0.0,-0.3348338659513134
0.0,0.0,0.0,-0.3298663074368593
0.0,0.0,0.0,-0.32056121475262717
0.0,0.0,0.0,-0.2863912503855892
0.0,0.0,0.0,-0.26973898277410874
0.0,0.0,0.0,-0.2274213954537735
0.0,0.0,0.0,-0.18224816406403557
0.0,0.0,0.0,-0.1128837033299816
0.0,0.0,0.0,-0.01672882659247617
0.0,0.0,0.0,0.02311289569209023
0.0,0.0,0.0,0.06316844276141197
0.0,0.0,0.0,0.09925130738405999
0.0,0.0,0.0,0.15084774867988182
0.0,0.0,0.0,0.198167805656786
0.0,0.0,0.0,0.24893673223683777
0.0,0.0,0.0,0.2994374544360653
0.0,0.0,0.0,0.3548803339754013
0.0,0.0,0.0,0.4052301535696098
0.0,0.0,0.0,0.5144972015619929
0.0,0.0,0.0,0.5704791938173536
0.0,0.0,0.0,0.6213213028565421
0.1,0.0,0.0,0.6800193515970961
0.54,0.2506597,0.1,0.8632004005516316
1.16,0.43114457,0.54,1.291964612196209
2.32,0.61112356,1.16,1.900940347884022
2.54,1.1075646,2.32,3.007014652002703
2.84,2.2807708,2.54,3.312106292711155
2.73,2.750221,2.84,3.683232193544097
3.1,2.3800879,2.73,3.6872275595257045
4.07,2.0520775,3.1,4.038396402701637
4.49,2.8287594,4.07,4.872445006988084
4.05,3.4258957,4.49,5.296680836773301
10.17,3.2559376,4.05,5.067535581129126
8.71,6.0226007,10.17,10.349573969398444
9.569999999999999,6.79167,8.71,9.46789121471517
10.75,7.9317183,9.569999999999999,10.421151829736196
11.99,8.349855,10.75,11.447846588423102
12.41,8.952839,11.99,12.594396940173143
14.13,9.358104,12.41,13.228567537747494
19.66,10.472415,14.13,14.709875706819982
26.48,13.028455,19.66,19.784150587155402
21.62,17.41286,26.48,26.416105424371043
18.060000000000002,17.455313,21.62,22.759908838481753
18.87,16.718037,18.060000000000002,19.61915639668538
20.98,15.369335,18.87,19.832025889144457
21.17,16.494888,20.98,21.20465064864903
21.33,15.947336,21.17,21.252490837231036
12.7,16.996954,21.33,21.450393352963193
12.98,12.162329,12.7,13.743354800143097
12.27,10.064386,12.98,13.385597689611798
11.96,8.258366,12.27,12.131725402593222
14.96,7.5203824,11.96,11.39766490885692
14.73,8.356153,14.96,13.914524808311699
12.35,8.285428,14.73,13.654585982159395
10.59,7.043342,12.35,11.966553313081832
8.58,5.5731483,10.59,10.305689314155915
6.35,4.1304817,8.58,8.189860454537039
4.44,2.0768716,6.35,5.933103194141914
2.86,0.37694842,4.44,3.8541591451400232
1.75,0.0,2.86,2.1885616196971314
0.69,0.0,1.75,1.2121390514326325
0.39,0.0,0.69,0.24355589834154368
0.15,0.0,0.39,-0.11660914832476707
0.0,0.0,0.15,-0.34867541787828904
0.0,0.0,0.0,-0.5258106526385007
0.0,0.0,0.0,-0.43542308370759397
0.0,0.0,0.0,-0.3822882241147819
0.0,0.0,0.0,-0.3376638709997155
0.0,0.0,0.0,-0.2800518618019442
0.0,0.0,0.0,-0.18073872153582418
0.0,0.0,0.0,-0.12222735625276093
0.0,0.0,0.0,-0.07846764065587442
0.0,0.0,0.0,-0.10733683323973307
0.0,0.0,0.0,-0.07088892826989424
0.0,0.0,0.0,-0.0750810755428234
0.0,0.0,0.0,-0.07731569553416875
0.0,0.0,0.0,-0.05692239751024012
0.0,0.0,0.0,-0.023512340626245867
0.0,0.0,0.0,-0.03959767811911111
0.0,0.0,0.0,-0.04193261389146573
0.0,0.0,0.0,-0.054889719294764806
0.0,0.0,0.0,-0.04703297194543862
0.0,0.0,0.0,-0.07050076350742454
0.0,0.0,0.0,-0.11927093309063982
0.0,0.0,0.0,-0.14765272155818676
0.0,0.0,0.0,-0.16546914072675778
0.0,0.0,0.0,-0.17322890698405605
0.0,0.0,0.0,-0.18021966048238494
0.0,0.0,0.0,-0.154941708734182
0.0,0.0,0.0,-0.15255697117703976
0.0,0.0,0.0,-0.13734089172277944
0.0,0.0,0.0,-0.11757901873322187
0.0,0.0,0.0,-0.09062375685478391
0.0,0.0,0.0,-0.07544155802374268
0.0,0.0,0.0,-0.05199023403543123
0.0,0.0,0.0,0.022819355273657402
0.0,0.0,0.0,0.03737803123270395
0.0,0.0,0.0,0.06563004036575233
0.0,0.0,0.0,0.1049090271907328
0.0,0.0,0.0,0.1563854719103241
0.0,0.0,0.0,0.19236494134356327
0.0,0.0,0.0,0.23920227807951133
0.0,0.0,0.0,0.2784914528965603
0.0,0.0,0.0,0.32429765626056284
0.0,0.0,0.0,0.3737982089142726
0.0,0.0,0.0,0.42053478009520573
0.0,0.0,0.0,0.4711175946873
0.0,0.0,0.0,0.5278501876821082
0.0,0.0,0.0,0.6353550165283042
0.0,0.0,0.0,0.6856881836622133
0.0,0.2845257,0.0,0.7421740544543658
0.0,0.7273539,0.0,0.7959807814511038
0.27,0.6794999,0.0,0.8530716394772266
0.94,0.51829505,0.27,1.1389885318111133
1.41,1.274276,0.94,1.7801716228704478
1.97,1.9292182,1.41,2.2743753192344003
2.91,2.3643,1.97,2.846439699289022
5.17,3.0185513,2.91,3.7514920893381816
5.82,4.9249806,5.17,5.830453860752212
5.51,6.4405026,5.82,6.589943355285556
5.72,6.606653,5.51,6.490646554343662
6.28,6.318616,5.72,6.730581306740896
8.96,6.290213,6.28,7.253139687983729
10.79,7.8046865,8.96,9.577573980912929
10.21,9.292261,10.79,11.336684713688943
13.36,9.486601,10.21,11.146359399829455
22.37,11.137185,13.36,14.05417534573433
24.74,15.761135,22.37,22.39173831619815
25.31,18.795609,24.74,25.36333763349035
25.84,20.539097,25.31,26.543609279472143
26.53,21.791288,25.84,27.21735086463794
26.86,22.17373,26.53,27.840465900200847
26.83,22.3604,26.86,28.088237154777474
26.15,22.727837,26.83,27.806944800940418
27.3,22.07097,26.15,27.031242551985187
24.08,22.756891,27.3,27.77769498792913
24.33,20.662674,24.08,24.81456945979609
27.08,20.71107,24.33,24.78024266376564
25.88,21.081398,27.08,26.94394318725755
25.38,20.646063,25.88,25.71202795392543
25.05,20.235327,25.38,25.172566414209886
23.29,19.204298,25.05,24.641275752094863
19.63,16.857298,23.29,22.863381049870213
19.22,15.063131,19.63,19.270660574220372
15.95,13.816734,19.22,18.33413508659181
6.36,11.455701,15.95,14.995017285804646
5.98,5.0816374,6.36,6.390526687826821
5.7,3.1408987,5.98,5.250280899555195
4.6,1.9143801,5.7,4.331793577622274
2.7,0.3720608,4.6,3.24594972923498
2.79,0.0,2.7,1.5873985920868037
2.07,0.0,2.79,1.5945453172071935
1.83,0.0,2.07,1.1476958120155356
0.85,0.0,1.83,0.9645985244815513
0.0,0.0,0.85,0.16545425811718126
0.0,0.0,0.0,-0.5941603677793944
0.0,0.0,0.0,-0.6086224222453731
0.0,0.0,0.0,-0.5898596136551374
0.0,0.0,0.0,-0.4105659017280271
0.0,0.0,0.0,-0.3367399427257787
0.0,0.0,0.0,-0.2934300620745439
0.0,0.0,0.0,-0.27078031067167657
0.0,0.0,0.0,-0.16330805075042212
0.0,0.0,0.0,-0.1924092518268056
0.0,0.0,0.0,-0.14773005514600604
0.0,0.0,0.0,-0.07899421797625657
0.0,0.0,0.0,-0.0270643999601285
0.0,0.0,0.0,0.001436018351729882
0.0,0.0,0.0,0.02550247356697493
0.0,0.0,0.0,0.06315424180433213
0.0,0.0,0.0,-0.02121484108175137
0.0,0.0,0.0,-0.03099740915305016
0.0,0.0,0.0,-0.09130189968516639
0.0,0.0,0.0,-0.09905033550798838
0.0,0.0,0.0,-0.10904446219758615
0.0,0.0,0.0,-0.10992099184713958
0.0,0.0,0.0,-0.08733249236010932
0.0,0.0,0.0,-0.07356664531126977
0.0,0.0,0.0,-0.06783677664637722
0.0,0.0,0.0,-0.06675791331536132
0.0,0.0,0.0,-0.03080449603651912
0.0,0.0,0.0,-0.01625329839878252
0.0,0.0,0.0,0.0008967247605787265
0.0,0.0,0.0,0.019174152769473093
0.0,0.0,0.0,0.06159168841165712
0.0,0.0,0.0,0.08967419729947554
0.0,0.0,0.0,0.12043017550464254
0.0,0.0,0.0,0.15515734419943494
0.0,0.0,0.0,0.20701620092229697
0.0,0.0,0.0,0.2569007487978684
0.0,0.0,0.0,0.29648006146539324
0.0,0.0,0.0,0.3342091738084047
0.0,0.0,0.0,0.38572184801815024
0.0,0.0,0.0,0.4379338560568127
0.0,0.0,0.0,0.4870150992472216
0.0,0.0,0.0,0.5390315116251141
0.0,0.0,0.0,0.592657224179941
0.0,0.0,0.0,0.6450341285372954
0.0,0.0,0.0,0.6993377414376015
0.0,0.0,0.0,0.7575862101800854
0.0,0.24668112,0.0,0.8159669454384975
0.0,0.4486441,0.0,0.8661788717908718
0.16,0.3543657,0.0,0.9206901618337995
1.56,0.24016318,0.16,1.1128637976866196
3.0800000000000005,1.8122979,1.56,2.262911816673252
5.609999999999999,3.7651777,3.0800000000000005,3.558960303383861
7.789999999999999,6.1828403,5.609999999999999,6.102743720174543
9.9,8.401676,7.789999999999999,8.565874921522086
12.04,10.998808,9.9,10.500501731239686
13.84,12.686095,12.04,12.68824008670345
15.56,13.960646,13.84,14.460550328006839
17.17,14.976315,15.56,16.192133771014664
18.79,16.31125,17.17,17.798047982596415
20.04,17.437944,18.79,19.44806389311482
21.289999999999996,18.446655,20.04,20.820775185296554
22.439999999999998,19.564625,21.289999999999996,22.161363766161326
23.37,20.70011,22.439999999999998,23.34473416663846
24.17,21.430555,23.37,24.28696954421749
24.98,22.015686,24.17,25.05852946029901
25.679999999999996,22.611042,24.98,25.80190385804258
26.18,23.153563,25.679999999999996,26.437685270403282
26.6,23.501326,26.18,26.87683357734246
26.73,23.742102,26.6,27.210805830500316
26.75,23.621782,26.73,27.242128853949996
26.75,23.235361,26.75,27.13651559015186
26.59,22.923697,26.75,27.010318666817067
26.42,22.517696,26.59,26.731868455037386
26.09,22.061123,26.42,26.421866001295705
25.57,21.285048,26.09,25.967001884053552
23.4,20.52497,25.57,25.323845125299737
24.46,18.962427,23.4,23.200207915607372
23.490000000000002,18.750343,24.46,23.806365926888724
22.59,17.467535,23.490000000000002,22.742813282498155
21.57,16.434742,22.59,21.778130004798854
20.270000000000003,15.235355,21.57,20.68255370738041
18.7,14.02681,20.270000000000003,19.280340294396797
18.16,12.454116,18.7,17.670404072527983
16.78,11.340478,18.16,16.907052145799046
14.23,10.19216,16.78,15.497453319979611
13.02,8.491436,14.23,13.173910571097645
10.84,6.905391,13.02,11.901486113526722
8.95,5.2896404,10.84,10.119481853951422
6.9,3.9296172,8.95,8.240659762524665
4.14,2.46345,6.9,6.249453483922603
1.96,0.36493903,4.14,3.6508668511509694
0.18,0.0,1.96,1.4680385741939443
0.0,0.0,0.18,-0.4125402874383985
0.0,0.0,0.0,-0.774419399888828
0.0,0.0,0.0,-0.8108289018561674
0.0,0.0,0.0,-0.7669943228482645
0.0,0.0,0.0,-0.6344858582023961
0.0,0.0,0.0,-0.49229838239753765
0.0,0.0,0.0,-0.3718451770109876
0.0,0.0,0.0,-0.2973472044732466
0.0,0.0,0.0,-0.24569835408526183
0.0,0.0,0.0,-0.17175691189659156
0.0,0.0,0.0,-0.06756675596374301
0.0,0.0,0.0,-6.713697697016685e-05
0.0,0.0,0.0,0.05784946828063079
0.0,0.0,0.0,0.0695745368078895
0.0,0.0,0.0,0.1061555152523721
0.0,0.0,0.0,0.12227719705255645
0.0,0.0,0.0,0.1340705254190603
0.0,0.0,0.0,0.13374469891254456
0.0,0.0,0.0,0.16351714770048079
0.0,0.0,0.0,0.15905668496144135
0.0,0.0,0.0,0.15601741512214923
0.0,0.0,0.0,0.1477782300809757
0.0,0.0,0.0,-0.09748521377375967
0.0,0.0,0.0,-0.11600062515830514
0.0,0.0,0.0,-0.1281646486547074
0.0,0.0,0.0,-0.1314248342391643
0.0,0.0,0.0,-0.10672696672314225
0.0,0.0,0.0,-0.10518517497028715
0.0,0.0,0.0,-0.09651007427865892
0.0,0.0,0.0,-0.08333710736125083
0.0,0.0,0.0,-0.04721803389098993
0.0,0.0,0.0,-0.033403512266142604
0.0,0.0,0.0,-0.013044561887293003
0.0,0.0,0.0,0.010873160056572833
0.0,0.0,0.0,0.05223999793869508
0.0,0.0,0.0,0.08217587270837932
0.0,0.0,0.0,0.11557829159146041
0.0,0.0,0.0,0.15122232902559102
0.0,0.0,0.0,0.2020604408017228
0.0,0.0,0.0,0.24434819036755978
0.0,0.0,0.0,0.2844848800415747
0.0,0.0,0.0,0.32776540706148105
0.0,0.0,0.0,0.3829886941453086
0.0,0.0,0.0,0.42636440590651165
0.0,0.0,0.0,0.47763907832770847
0.0,0.0,0.0,0.5275040085318536
0.0,0.0,0.0,0.5893495692405413
0.0,0.0,0.0,0.6443699162355354
0.0,0.0,0.0,0.7002960866279279
0.0,0.0,0.0,0.7551964808746937
0.0,0.5663869,0.0,0.8098713214532335
0.0,0.86756593,0.0,0.8638026420216015
0.09,0.8652568,0.0,0.9173418986576822
0.64,0.74340975,0.09,1.0499794481871172
1.33,1.439495,0.64,1.5907467714552563
10.5,1.9892173,1.33,2.2962334986639465
11.28,8.637896,10.5,10.206454830010752
12.880000000000003,12.701425,11.28,11.550699614238184
10.97,14.848288,12.880000000000003,13.559024630264075
5.53,13.442489,10.97,12.392659576366327
5.55,9.825597,5.53,7.514194730774665
8.08,7.5620046,5.55,7.106700462116792
8.95,8.206102,8.08,8.639842085039763
10.76,8.874661,8.95,9.405188295668161
18.46,10.526743,10.76,11.307972485912227
24.08,14.954312,18.46,18.53379488335589
27.19,18.025185,24.08,24.264358381997937
22.42,21.099977,27.19,27.9799174767747
23.27,20.709717,22.42,24.144066344526756
25.47,19.307959,23.27,24.54752459201863
26.36,21.367931,25.47,26.310270563580403
26.0,22.013704,26.36,26.953261333674863
19.18,21.994223,26.0,26.747335434138762
24.54,19.831871,19.18,20.54981610995667
26.37,19.724846,24.54,24.931532601017445
25.689999999999998,20.723995,26.37,26.401202333537213
25.679999999999996,20.79742,25.689999999999998,25.873679569425168
25.42,20.457808,25.679999999999996,25.757556173110427
24.76,19.732967,25.42,25.229483195438654
23.89,18.598457,24.76,24.537386261000574
22.98,17.559187,23.89,23.58365880114965
21.96,16.786165,22.98,22.47907165086783
20.64,15.777207,21.96,21.297609486861145
19.41,14.564042,20.64,19.83796131136127
17.74,13.022285,19.41,18.442783267809457
16.3,11.559917,17.74,16.86125426678934
14.23,10.342063,16.3,15.23050547110901
12.37,8.797831,14.23,13.141695892015644
10.4,6.7508802,12.37,11.529984674682712
8.29,5.3105154,10.4,9.747692031399717
6.160000000000001,3.884175,8.29,7.666994626911803
3.98,2.4859214,6.160000000000001,5.601803982972365
2.07,0.6572755,3.98,3.4082843635597024
0.47,0.0,2.07,1.4647636837932083
0.0,0.0,0.47,-0.1729579463831199
0.0,0.0,0.0,-0.7601165040637288
0.0,0.0,0.0,-0.8081436732455894
0.0,0.0,0.0,-0.8047058612396865
0.0,0.0,0.0,-0.6841357340931371
0.0,0.0,0.0,-0.5512217145854987
0.0,0.0,0.0,-0.42069905973647814
0.0,0.0,0.0,-0.3332594716736347
0.0,0.0,0.0,-0.2637131087535314
0.0,0.0,0.0,-0.19051643352576197
0.0,0.0,0.0,-0.10332144539303076
0.0,0.0,0.0,-0.04235850298522907
0.0,0.0,0.0,0.007412502174918827
0.0,0.0,0.0,0.0362660027498945
0.0,0.0,0.0,0.07972658749901719
0.0,0.0,0.0,0.08585569934191817
0.0,0.0,0.0,0.0943286639671691
0.0,0.0,0.0,0.09747109513748203
0.0,0.0,0.0,0.12630364332066163
0.0,0.0,0.0,0.12473428044821983
0.0,0.0,0.0,0.11951340791748397
0.0,0.0,0.0,0.11121994276173108
0.0,0.0,0.0,-0.027296812032190712
0.0,0.0,0.0,-0.03983492617253365
0.0,0.0,0.0,-0.052185899407935256
0.0,0.0,0.0,-0.057201342750689416
0.0,0.0,0.0,-0.03118131802606533
0.0,0.0,0.0,-0.026957482816606787
0.0,0.0,0.0,-0.019215090883973295
0.0,0.0,0.0,-0.007987317977091284
0.0,0.0,0.0,0.029238993672305764
0.0,0.0,0.0,0.04727850753676283
0.0,0.0,0.0,0.06861521246428445
0.0,0.0,0.0,0.0931577197840823
0.0,0.0,0.0,0.1395912006964221
0.0,0.0,0.0,0.17021668596437753
0.0,0.0,0.0,0.20369329856165533
0.0,0.0,0.0,0.23987766487313816
0.0,0.0,0.0,0.29289174418333885
0.0,0.0,0.0,0.33401578063889614
0.0,0.0,0.0,0.37735058110369457
0.0,0.0,0.0,0.4227105576954584
0.0,0.0,0.0,0.47923020780139347
0.0,0.0,0.0,0.5280499164628282
0.0,0.0,0.0,0.5782893659482194
0.0,0.0,0.0,0.6297334016290339
0.0,0.0,0.0,0.6864446962404991
0.0,0.0,0.0,0.7396327509466082
0.0,0.0,0.0,0.7933527703543117
0.0,0.0,0.0,0.8473746954991596
0.0,0.67553884,0.0,0.9009506482374231
0.0,0.9598961,0.0,0.9548820274659192
0.2,0.9445547,0.0,1.0084213427777338
1.34,0.8583946,0.2,1.2384940689558077
2.27,1.8158554,1.34,2.3095246027802028
7.6,2.6930785,2.27,3.2748043306230175
4.94,7.8792324,7.6,8.004626128037168
3.0699999999999994,8.861797,4.94,6.088033827419073
12.27,7.250842,3.0699999999999994,4.700813188300348
15.5,11.42585,12.27,12.293144387904924
17.44,14.392803,15.5,15.483554966349955
18.91,16.630434,17.44,17.936231837466973
20.29,18.365406,18.91,19.641130311596118
21.54,19.180933,20.29,21.18132434099466
22.73,19.816227,21.54,22.589662372837726
23.59,20.954956,22.73,23.61766409809904
24.21,21.708101,23.59,24.451939262449958
24.1,22.255625,24.21,25.058151795398015
23.11,22.543715,24.1,24.882737797593837
25.27,21.71368,23.11,24.049843185255945
26.32,21.93689,25.27,25.88505862228963
25.09,22.96481,26.32,26.65080228962348
27.25,22.116173,25.09,25.568292154250273
25.14,22.867104,27.25,27.40342674618082
23.22,22.137083,25.14,25.52822972894267
25.760000000000005,20.893553,23.22,23.67197029478617
22.63,20.797419,25.760000000000005,25.534098215865423
23.87,18.872059,22.63,22.50727990620441
25.19,19.276543,23.87,23.461135421308647
21.58,19.166164,25.19,24.420893967398367
21.91,16.945122,21.58,21.30131903727273
21.25,16.515247,21.91,21.408055867383528
17.43,15.488873,21.25,20.387963716312314
20.300000000000004,13.205801,17.43,16.818113033430095
19.02,13.538346,20.300000000000004,19.066871068332123
17.56,12.359683,19.02,17.736506704962068
15.89,11.387347,17.56,16.526799217307968
13.39,10.082664,15.89,14.97421184468412
12.07,8.446209,13.39,12.492079740724746
10.150000000000002,6.509561,12.07,11.520886484246677
8.09,5.2468777,10.150000000000002,9.592092993160167
5.93,3.8279252,8.09,7.538437671339825
3.8,2.3379517,5.93,5.505533361979368
1.83,0.58401394,3.8,3.340578058881931
0.3,0.0,1.83,1.3690554309076852
0.0,0.0,0.3,-0.17443613016123627
0.0,0.0,0.0,-0.715074696221696
0.0,0.0,0.0,-0.735114422150872
0.0,0.0,0.0,-0.6803710509988311
0.0,0.0,0.0,-0.5791644500474218
0.0,0.0,0.0,-0.43624744163811546
0.0,0.0,0.0,-0.3431840726728773
0.0,0.0,0.0,-0.2690031738112335
0.0,0.0,0.0,-0.18990145516002582
0.0,0.0,0.0,-0.14400295331780888
0.0,0.0,0.0,-0.0555103261460483
0.0,0.0,0.0,0.003756919202620359
0.0,0.0,0.0,0.02680823828228856
0.0,0.0,0.0,0.06218994799705984
0.0,0.0,0.0,0.09915607393683173
0.0,0.0,0.0,0.1085385783930673
0.0,0.0,0.0,0.11614265861344585
0.0,0.0,0.0,0.11394600164427197
0.0,0.0,0.0,0.13957698363282411
0.0,0.0,0.0,0.1378690036256094
0.0,0.0,0.0,0.1323306021862855
0.0,0.0,0.0,0.12155945818566927
0.0,0.0,0.0,-0.15586715522657052
0.0,0.0,0.0,-0.16797298718518702
0.0,0.0,0.0,-0.18472827088478094
0.0,0.0,0.0,-0.1928102860282247
0.0,0.0,0.0,-0.17033689817806386
0.0,0.0,0.0,-0.1688527402000178
0.0,0.0,0.0,-0.16047631702676024
0.0,0.0,0.0,-0.14748985520836566
0.0,0.0,0.0,-0.11503534779951613
0.0,0.0,0.0,-0.09921071383163164
0.0,0.0,0.0,-0.07802854912772966
0.0,0.0,0.0,-0.049331771610936735
0.0,0.0,0.0,-0.008092460991204857
0.0,0.0,0.0,0.020866002444001382
0.0,0.0,0.0,0.05446790234142776
0.0,0.0,0.0,0.08474732370233598
0.0,0.0,0.0,0.13563505483852292
0.0,0.0,0.0,0.17685093088518739
0.0,0.0,0.0,0.21814700452690675
0.0,0.0,0.0,0.26738391073058076
0.0,0.0,0.0,0.3229292384258252
0.0,0.0,0.0,0.373581854770845
0.0,0.0,0.0,0.42203679175367664
0.0,0.0,0.0,0.469004588545805
0.0,0.0,0.0,0.5175489843801236
0.0,0.0,0.0,0.5658792049386586
0.0,0.0,0.0,0.615889920908596
0.0,0.0,0.0,0.6649856085626602
0.0,0.11068602,0.0,0.7146760363858011
0.0,0.41167,0.0,0.7649322085922126
0.11,0.41431054,0.0,0.8200352823800721
0.59,0.36718023,0.11,0.9678712664395513
1.22,1.1773384,0.59,1.4359016907116635
1.65,1.8959799,1.22,2.062414249601409
3.17,2.292843,1.65,2.5355025998725043
3.42,3.2923517,3.17,3.8793505022952988
4.73,4.364447,3.42,4.276281073427583
6.21,5.4409056,4.73,5.539726379945466
8.82,6.3907337,6.21,6.981575909271297
18.28,8.23093,8.82,9.382309807176117
18.97,14.622157,18.28,17.614847118438018
13.95,16.616367,18.97,19.21790451064354
16.29,15.124353,13.95,15.714660504485495
22.91,14.538855,16.29,17.666879850624333
23.449999999999996,18.648996,22.91,23.187593982621788
23.69,19.9537,23.449999999999996,24.103891798569432
24.8,21.346771,23.69,24.551657587621964
25.649999999999995,22.097439,24.8,25.620561772046432
26.06,22.210806,25.649999999999995,26.536365148219495
25.03,22.388306,26.06,26.898736896974224
25.47,22.093193,25.03,25.820427701524274
26.05,22.23908,25.47,26.023381280584378
26.99,21.905619,26.05,26.239904109725078
25.07,21.971016,26.99,27.036496796065613
24.589999999999996,21.114973,25.07,25.50233094686501
21.95,20.328016,24.589999999999996,24.844843304186575
17.4,17.543165,21.95,22.135170718416738
22.35,15.543854,17.4,17.723600739271404
16.38,16.93724,22.35,21.51050465925983
20.09,13.213718,16.38,16.04576171823003
16.6,14.098227,20.09,18.97597772650075
11.31,12.08992,16.6,15.89437128219454
8.21,8.73499,11.31,10.957531595486428
8.14,6.0472136,8.21,7.894769987299741
6.94,4.77302,8.14,7.0795230144943835
6.440000000000001,3.3554347,6.94,5.899725242109048
4.76,2.6849785,6.440000000000001,5.289262670023288
4.2,1.696328,4.76,3.8422396479507075
5.2,0.8291595,4.2,3.4240438765809214
8.69,0.8912991,5.2,4.359965240448157
6.36,2.907399,8.69,7.50422669305449
3.75,3.0346608,6.36,6.101814756739049
1.84,1.8761659,3.75,3.802056682080158
0.34,0.42011648,1.84,1.96281711142632
0.0,0.0,0.34,0.36240477227958257
0.0,0.0,0.0,-0.16486295033308784
0.0,0.0,0.0,-0.35370962910920845
0.0,0.0,0.0,-0.2851151134048171
0.0,0.0,0.0,-0.1946635775105335
0.0,0.0,0.0,-0.0914557905798648
0.0,0.0,0.0,-0.016350907333904374
0.0,0.0,0.0,-0.05007536224523344
0.0,0.0,0.0,-0.08576064544825734
0.0,0.0,0.0,-0.06455972757388156
0.0,0.0,0.0,0.04783241459323377
0.0,0.0,0.0,0.07406691306474708
0.0,0.0,0.0,0.07540727342898912
0.0,0.0,0.0,0.05183753957565902
0.0,0.0,0.0,0.0701863161607243
0.0,0.0,0.0,0.04446194527122412
0.0,0.0,0.0,0.028661520291373213
0.0,0.0,0.0,0.010694910816654302
0.0,0.0,0.0,0.022788442517957738
0.0,0.0,0.0,0.015573910129194068
0.0,0.0,0.0,0.04056085290659036
0.0,0.0,0.0,0.03394621162006875
0.0,0.0,0.0,-0.104364164443389
0.0,0.0,0.0,-0.12196185570070042
0.0,0.0,0.0,-0.13701578264150804
0.0,0.0,0.0,-0.14083315385455974
0.0,0.0,0.0,-0.11326132926215524
0.0,0.0,0.0,-0.10798219555641829
0.0,0.0,0.0,-0.09500141884770344
0.0,0.0,0.0,-0.08794113793145188
0.0,0.0,0.0,-0.05763701693431454
0.0,0.0,0.0,-0.037742484622214044
0.0,0.0,0.0,-0.02138786983897868
0.0,0.0,0.0,0.004871192387714204
0.0,0.0,0.0,0.04695828011765957
0.0,0.0,0.0,0.07407612273472958
0.0,0.0,0.0,0.10751990568222139
0.0,0.0,0.0,0.1508637032343086
0.0,0.0,0.0,0.20678963555135962
0.0,0.0,0.0,0.24526817093322478
0.0,0.0,0.0,0.28410431321431445
0.0,0.0,0.0,0.3317069835737728
0.0,0.0,0.0,0.388664014398765
0.0,0.0,0.0,0.4396828143910073
0.0,0.0,0.0,0.4909063425409832
0.0,0.0,0.0,0.5417982512235134
0.0,0.0,0.0,0.5944667849637134
0.0,0.0,0.0,0.6466924913302721
0.0,0.0,0.0,0.7018119656590468
0.0,0.0,0.0,0.7571577025963018
0.0,0.12579349,0.0,0.8119038606269162
0.0,0.41550618,0.0,0.8652214526948823
0.12,0.40787342,0.0,0.9230288636697469
0.93,0.2755064,0.12,1.0761509391219501
0.97,1.2277672,0.93,1.8149327910347015
1.46,1.5560814,0.97,1.9627284657252382
5.02,1.7814809,1.46,2.5000273194413403
6.0,4.386927,5.02,5.650473247666536
3.77,6.593852,6.0,6.763167282510232
4.28,5.7471976,3.77,5.1868678963238395
4.530000000000001,5.1618347,4.28,5.574714774271331
5.85,4.651927,4.530000000000001,5.641152372618567
7.64,5.4646826,5.85,6.732410376941247
11.57,6.7182755,7.64,8.36275039648737
19.169999999999998,9.347726,11.57,11.932885448343999
20.93,14.568539,19.169999999999998,19.130300098614637
21.84,17.223549,20.93,21.515075452571306
19.41,18.460886,21.84,23.024530001719967
20.43,18.101341,19.41,21.003896284681623
22.31,18.484715,20.43,21.603024220082823
25.27,19.059467,22.31,23.110801180401886
26.42,20.75643,25.27,25.72387275781698
26.05,21.918344,26.42,27.019961394434876
26.36,22.326954,26.05,26.880534049253132
25.4,22.153383,26.36,27.213375734470112
25.98,21.716845,25.4,26.201604493989382
26.29,21.466002,25.98,26.49134737774454
25.04,21.343079,26.29,26.455556333488556
24.93,20.329763,25.04,25.210067809489793
24.25,19.735847,24.93,24.914409242548437
24.53,18.85747,24.25,24.173717401979637
23.73,18.474909,24.53,24.199563495600536
22.67,17.526802,23.73,23.297345828318463
22.13,16.551712,22.67,22.07538715554835
19.81,15.46841,22.13,21.358523918914095
18.47,13.640678,19.81,19.075063396193663
17.88,12.031726,18.47,17.577923108311133
16.5,11.047148,17.88,16.718688751231486
11.72,9.862625,16.5,15.273795507834246
7.64,7.0047097,11.72,11.042964834550954
3.7,3.8512287,7.64,7.197729660076444
3.45,1.0576906,3.7,3.266098635326946
5.25,0.0,3.45,2.510033261269926
3.89,0.45440125,5.25,3.9155383012847915
1.31,0.0,3.89,2.767131367143261
0.25,0.0,1.31,0.7515026605515351
0.0,0.0,0.25,-0.2524037187949929
0.0,0.0,0.0,-0.586243283673758
0.0,0.0,0.0,-0.6565145568801004
0.0,0.0,0.0,-0.6968381699192999
0.0,0.0,0.0,-0.5966251432861818
0.0,0.0,0.0,-0.4008298284876171
0.0,0.0,0.0,-0.24824984097306807
0.0,0.0,0.0,-0.13039556340170516
0.0,0.0,0.0,-0.10424077812056058
0.0,0.0,0.0,-0.1170992906832029
0.0,0.0,0.0,-0.044433920883449676
0.0,0.0,0.0,0.027930829277852138
0.0,0.0,0.0,0.07403627231916655
0.0,0.0,0.0,0.08657988319429755
0.0,0.0,0.0,0.12413119609047052
0.0,0.0,0.0,0.13734225744099313
0.0,0.0,0.0,0.14314951796795752
0.0,0.0,0.0,0.1254410454236898
0.0,0.0,0.0,0.12764688979264976
0.0,0.0,0.0,0.09522813031152402
0.0,0.0,0.0,0.08329072585338848
0.0,0.0,0.0,0.08997760529362187
0.0,0.0,0.0,-0.35005687033351435
0.0,0.0,0.0,-0.3683775287856534
0.0,0.0,0.0,-0.38094499155342554
0.0,0.0,0.0,-0.3867241301034688
0.0,0.0,0.0,-0.359754340120973
0.0,0.0,0.0,-0.3567921010823416
0.0,0.0,0.0,-0.3502681995675053
0.0,0.0,0.0,-0.3410292641638292
0.0,0.0,0.0,-0.30733765363751947
0.0,0.0,0.0,-0.28970408750861165
0.0,0.0,0.0,-0.27468916791279235
0.0,0.0,0.0,-0.25478121835709655
0.0,0.0,0.0,-0.2134762293901818
0.0,0.0,0.0,-0.18503505020020722
0.0,0.0,0.0,-0.15192861717028702
0.0,0.0,0.0,-0.11816337191950937
0.0,0.0,0.0,-0.06353992745641544
0.0,0.0,0.0,-0.0342276497138742
0.0,0.0,0.0,0.0038916206411512833
0.0,0.0,0.0,0.03819895417942854
0.0,0.0,0.0,0.07762574078597487
0.0,0.0,0.0,0.11043423591358167
0.0,0.0,0.0,0.1527536896268697
0.0,0.0,0.0,0.20247579532295015
0.0,0.0,0.0,0.2589499580600045
0.0,0.0,0.0,0.31328439326024726
0.0,0.0,0.0,0.36880615094584807
0.0,0.0,0.0,0.42470537431685196
0.0,0.0,0.0,0.4773632243983834
0.0,0.0,0.0,0.5306956061146169
0.03,0.0,0.0,0.5873326341583651
0.37,0.0,0.03,0.6679349101974136
0.88,0.0,0.37,1.0138271531376202
1.15,0.0,0.88,1.5143248178673232
1.73,0.0,1.15,1.8512607962760153
2.58,0.0,1.73,2.4018769173245493
3.7,0.9142972,2.58,3.1904439581826263
5.65,2.1178346,3.7,4.243953592866858
6.3,3.7484806,5.65,6.049990980158392
4.4,4.6725726,6.3,6.860775606481453
6.64,4.295448,4.4,5.452157284376578
8.37,4.9026833,6.64,7.321065292896535
9.17,5.8902545,8.37,8.804017709657016
8.66,6.9595714,9.17,9.65720527026077
11.56,7.2016006,8.66,9.416065339960864
12.24,8.462297,11.56,11.98509064467801
15.73,9.2916565,12.24,12.83603585822308
11.62,11.73654,15.73,16.05513547056871
14.16,10.620052,11.62,12.586214010964808
13.55,11.358444,14.16,14.770391203610899
12.2,11.041725,13.55,14.164202742634869
15.75,10.360953,12.2,12.820831072081493
14.36,11.503032,15.75,15.967684696594937
12.57,11.43841,14.36,14.676395019158246
8.78,10.621788,12.57,13.14909699893789
9.86,8.414736,8.78,9.484810163962777
8.07,7.7231293,9.86,9.968850667828306
9.44,6.195039,8.07,8.141473962859301
8.83,6.229258,9.44,9.042499198982629
10.35,5.757268,8.83,8.524626707348448
11.86,6.178381,10.35,9.911059090620839
7.0,6.948097,11.86,11.30063557844613
8.58,5.071042,7.0,7.2175065106559835
6.56,5.0615945,8.58,8.451813600673038
6.3,3.7506194,6.56,6.3630986081023275
6.65,2.9342875,6.3,6.016600999289086
4.88,2.8215804,6.65,6.265205556709725
1.3,1.925436,4.88,4.663959268552807
1.12,0.0,1.3,1.648508462369771
1.28,0.0,1.12,1.187062308077909
1.14,0.0,1.28,1.0401362145095392
1.53,0.0,1.14,0.8814531012342903
1.23,0.0,1.53,1.0759569895893772
0.07,0.0,1.23,0.9823531668079287
0.0,0.0,0.07,0.1513620543085354
0.0,0.0,0.0,-0.056676849377691185
0.0,0.0,0.0,-0.08205360868734891
0.0,0.0,0.0,-0.12987171889149382
0.0,0.0,0.0,-0.16334412393341552
0.0,0.0,0.0,-0.1569729946958701
0.0,0.0,0.0,-0.053315005665239036
0.0,0.0,0.0,-0.07543257101499581
0.0,0.0,0.0,-0.09742730407478077
0.0,0.0,0.0,-0.12050222354304169
0.0,0.0,0.0,-0.10479660825409964
0.0,0.0,0.0,-0.09218585911070501
0.0,0.0,0.0,-0.11166141492785223
0.0,0.0,0.0,-0.1173827311154272
0.0,0.0,0.0,-0.12323955161397465
0.0,0.0,0.0,-0.13453679303824012
0.0,0.0,0.0,-0.14235938526379133
0.0,0.0,0.0,-0.16461882708366432
0.0,0.0,0.0,-0.17563458202909787
0.0,0.0,0.0,-0.19971944155992133
0.0,0.0,0.0,-0.2155831522319871
0.0,0.0,0.0,-0.23193567326936643
0.0,0.0,0.0,-0.4376450611841856
0.0,0.0,0.0,-0.4433057882181813
0.0,0.0,0.0,-0.45806082743273735
0.0,0.0,0.0,-0.462525675353609
0.0,0.0,0.0,-0.4377702641850971
0.0,0.0,0.0,-0.4406836078696873
0.0,0.0,0.0,-0.43357444262825806
0.0,0.0,0.0,-0.42284559105711766
0.0,0.0,0.0,-0.3829572576612185
0.0,0.0,0.0,-0.3655059432148581
0.0,0.0,0.0,-0.3479052424070529
0.0,0.0,0.0,-0.3242935137189604
0.0,0.0,0.0,-0.27595936331246557
0.0,0.0,0.0,-0.240948349043341
0.0,0.0,0.0,-0.21753063462785238
0.0,0.0,0.0,-0.18327106059874698
0.0,0.0,0.0,-0.12695391435088993
0.0,0.0,0.0,-0.0887493619639907
0.0,0.0,0.0,-0.04808448635417219
0.0,0.0,0.0,-0.005616774661791543
0.0,0.0,0.0,0.060337790888219445
0.0,0.0,0.0,0.10465605386811712
0.0,0.0,0.0,0.15090795367434423
0.0,0.0,0.0,0.1972417034669777
0.0,0.0,0.0,0.25138308657979863
0.0,0.0,0.0,0.30837871126348343
0.0,0.0,0.0,0.36207800705577853
0.0,0.0,0.0,0.4159384248398674
0.0,0.0,0.0,0.4690281969589023
0.0,0.0,0.0,0.5204409236327159
0.04,0.0,0.0,0.5729786574656219
0.68,0.0,0.04,0.659519177166644
1.41,0.0,0.68,1.2552399792810636
2.88,0.0,1.41,1.9182614928988642
3.72,0.8300943,2.88,3.2875654007812973
3.7,1.8827705,3.72,4.195112839916908
3.76,2.7793226,3.7,4.357821345803286
4.23,2.6924179,3.76,4.526292403923894
4.69,2.5858467,4.23,4.953243885515964
4.88,2.5995471,4.69,5.394348567201421
5.22,3.269062,4.88,5.556898465559286
7.32,3.5432262,5.22,5.927798375693396
7.77,4.662325,7.32,7.777191796993226
9.72,5.40431,7.77,8.389593907354946
10.06,7.2586403,9.72,10.209489251735302
8.49,7.9643025,10.06,10.609454291621487
8.19,7.4449,8.49,9.345094542348466
14.42,6.631327,8.19,8.998417734336561
13.24,9.074388,14.42,14.402083737619442
17.54,9.781196,13.24,13.755984376194915
20.47,13.072856,17.54,17.7027851938206
18.049999999999997,14.866008,20.47,20.661231438800996
17.76,14.5455265,18.049999999999997,18.910874525360168
15.28,14.092135,17.76,18.654165313764317
7.21,12.558345,15.28,15.90346661707725
6.81,8.189858,7.21,8.471135347490934
3.68,6.324413,6.81,7.250206301084733
5.070000000000001,3.4289033,3.68,3.964944430349881
8.5,2.7067554,5.070000000000001,4.772923149632165
4.779999999999999,4.2127905,8.5,7.603492607406601
3.13,3.3487587,4.779999999999999,4.5800387906376585
3.01,2.0709193,3.13,3.4371169397955623
1.86,1.1736046,3.01,2.9543401603221167
2.62,0.0,1.86,1.7440759524566152
2.05,0.0,2.62,2.2316315851431225
2.63,0.0,2.05,1.6405779785260375
2.11,0.0,2.63,2.231335237411724
2.12,0.0,2.11,2.002914730792213
1.12,0.0,2.12,1.978308086612463
0.73,0.0,1.12,1.266659123078572
0.76,0.0,0.73,0.782356397848307
0.0,0.0,0.76,0.6695440524226886
0.0,0.0,0.0,0.024258175923587144
0.0,0.0,0.0,0.003361974016447139
0.0,0.0,0.0,-0.0032123040827631774
0.0,0.0,0.0,0.04293246993731896
0.0,0.0,0.0,0.03130000244648483
0.0,0.0,0.0,0.03623982117152849
0.0,0.0,0.0,0.04954628997324745
0.0,0.0,0.0,0.002689987417835403
0.0,0.0,0.0,-0.03028838723517377
0.0,0.0,0.0,-0.0622887544977864
0.0,0.0,0.0,-0.0527357060753102
0.0,0.0,0.0,-0.057300351898240814
0.0,0.0,0.0,-0.08509984811961788
0.0,0.0,0.0,-0.12479565324707437
0.0,0.0,0.0,-0.13200664562233025
0.0,0.0,0.0,-0.16894816108978752
0.0,0.0,0.0,-0.18984979327152138
0.0,0.0,0.0,-0.21605503848479124
0.0,0.0,0.0,-0.20618092104293548
0.0,0.0,0.0,-0.22115267800384597
0.0,0.0,0.0,-0.2331539884671596
0.0,0.0,0.0,-0.2544654172512876
0.0,0.0,0.0,-0.2543559308095994
0.0,0.0,0.0,-0.26229325848530527
0.0,0.0,0.0,-0.2738156306370872
0.0,0.0,0.0,-0.27738670203129834
0.0,0.0,0.0,-0.25031809598349736
0.0,0.0,0.0,-0.24866044630219153
0.0,0.0,0.0,-0.24430543207004596
0.0,0.0,0.0,-0.2316736069895625
0.0,0.0,0.0,-0.19774413662299756
0.0,0.0,0.0,-0.18267569628905406
0.0,0.0,0.0,-0.1629158205495319
0.0,0.0,0.0,-0.14196762326329337
0.0,0.0,0.0,-0.06665184821843972
0.0,0.0,0.0,-0.033926217159055624
0.0,0.0,0.0,0.0023535714931008887
0.0,0.0,0.0,0.05285613645276181
0.0,0.0,0.0,0.08783632780690342
0.0,0.0,0.0,0.12888702281312125
0.0,0.0,0.0,0.17539625818300725
0.0,0.0,0.0,0.23083667562007787
0.0,0.0,0.0,0.2819669133505736
0.0,0.0,0.0,0.3285136142393305
0.0,0.0,0.0,0.3780683763652543
0.0,0.0,0.0,0.42992956373077756
0.0,0.0,0.0,0.4826303287261654
0.0,0.0,0.0,0.533593781467115
0.0,0.0,0.0,0.5850488594243839
0.0,0.0,0.0,0.6371160427592919
0.0,0.0,0.0,0.68991843922582
0.59,0.0,0.0,0.7473615785088833
0.98,0.0,0.59,1.3079056060166632
0.38,0.4632227,0.98,1.7209544260195446
1.8,0.27472255,0.38,1.3307078812990627
3.4,0.93855464,1.8,2.476220146921298
4.779999999999999,2.3695948,3.4,3.955323890775118
4.14,4.5781975,4.779999999999999,5.3427721586635615
7.04,4.804844,4.14,5.038212162317044
7.33,6.2238774,7.04,7.6028795361370705
5.64,6.749283,7.33,8.043215492603144
5.57,6.1685643,5.64,6.7626178572640185
8.19,5.505739,5.57,6.633716610239073
19.28,6.436118,8.19,8.72297314964014
20.96,12.549081,19.28,18.675424075417656
16.59,16.340601,20.96,21.097236208292365
16.06,16.436249,16.59,18.113659706840735
13.99,15.171192,16.06,17.678847706186524
16.56,13.099154,13.99,15.351101323098666
12.49,13.667655,16.56,17.12384631582223
9.52,11.992416,12.49,13.297799886175737
10.45,9.859932,9.52,10.306158381322675
15.95,9.289216,10.45,10.84820540360769
14.56,11.33139,15.95,15.645979493406774
23.04,11.803286,14.56,14.867197759929214
24.690000000000005,16.087553,23.04,22.659976846315388
16.26,18.620667,24.690000000000005,24.54485174242902
27.2,15.625061,16.26,17.38718235050215
15.76,18.424099,27.2,26.87476950212922
11.21,13.8707485,15.76,16.722002318754626
12.7,11.265861,11.21,12.239754207007113
20.7,9.452165,12.7,12.507796724491971
22.57,13.457464,20.7,18.9126369986986
16.6,14.303988,22.57,21.24349682764752
17.46,12.400235,16.6,16.482793958956922
13.27,11.433454,17.46,17.13197134079066
17.24,8.636636,13.27,13.195579574245262
14.37,9.209723,17.24,16.030744602206294
3.24,8.215007,14.37,13.419845523592587
2.72,2.5373855,3.24,3.9128799419331073
2.57,0.7241907,2.72,2.5396712655661164
1.53,0.0,2.57,1.800014229384594
0.91,0.0,1.53,0.8464807832076937
0.21,0.0,0.91,0.24553671921956663
0.0,0.0,0.21,-0.5814696350799331
0.0,0.0,0.0,-0.6590843420719137
0.0,0.0,0.0,-0.6013887289185659
0.0,0.0,0.0,-0.6144677157207203
0.0,0.0,0.0,-0.5093867673284529
0.0,0.0,0.0,-0.5195627764936018
0.0,0.0,0.0,-0.4073639966556616
0.0,0.0,0.0,-0.18754176161983907
0.0,0.0,0.0,-0.09538984970530837
0.0,0.0,0.0,-0.14928393945750068
0.0,0.0,0.0,-0.1670812330472464
0.0,0.0,0.0,-0.12617590659779887
0.0,0.0,0.0,-0.053758173328948555
0.0,0.0,0.0,-0.020506375947372812
0.0,0.0,0.0,-0.037941417190579946
0.0,0.0,0.0,0.004540096193968307
0.0,0.0,0.0,-0.016887437575686913
0.0,0.0,0.0,0.019546602224076656
0.0,0.0,0.0,0.017073064112142697
0.0,0.0,0.0,-0.029167069156295494
0.0,0.0,0.0,-0.04849113725084536
0.0,0.0,0.0,-0.05940343026076291
0.0,0.0,0.0,-0.08040283522989616
0.0,0.0,0.0,-0.5735956956904144
0.0,0.0,0.0,-0.5862424898636733
0.0,0.0,0.0,-0.5931605798794334
0.0,0.0,0.0,-0.5951147501173272
0.0,0.0,0.0,-0.5688205139733967
0.0,0.0,0.0,-0.5648911021254699
0.0,0.0,0.0,-0.5571410898301239
0.0,0.0,0.0,-0.54953860452115
0.0,0.0,0.0,-0.5155879277907579
0.0,0.0,0.0,-0.4939340931890891
0.0,0.0,0.0,-0.47369320258165326
0.0,0.0,0.0,-0.45220475106606095
0.0,0.0,0.0,-0.4109253566747984
0.0,0.0,0.0,-0.35506017873033413
0.0,0.0,0.0,-0.32805454490335795
0.0,0.0,0.0,-0.280940764161817
0.0,0.0,0.0,-0.2323986783707813
0.0,0.0,0.0,-0.19049611070724237
0.0,0.0,0.0,-0.15440755615861856
0.0,0.0,0.0,-0.10127122088850651
0.0,0.0,0.0,-0.051564880697421815
0.0,0.0,0.0,-0.0009388135060403244
0.0,0.0,0.0,0.04396937917686701
0.0,0.0,0.0,0.09831458293989678
0.0,0.0,0.0,0.15944137075556625
0.0,0.0,0.0,0.21596563213405173
0.0,0.0,0.0,0.2794818562570674
0.0,0.0,0.0,0.3375422054077434
0.0,0.0,0.0,0.3922288559391896
0.0,0.0,0.0,0.45197665766844575
0.0,0.0,0.0,0.5060438999082558
0.1,0.0,0.0,0.553658368432619
0.1,0.0,0.1,0.6894109160019656
0.44,0.0,0.1,0.7480780218889447
0.64,0.0,0.44,1.0880449913729748
1.09,0.0,0.64,1.323988073940449
1.39,0.0,1.09,1.7678717692252306
1.45,0.0,1.39,2.100890425159237
1.32,0.0,1.45,2.2453421097246027
2.15,0.0,1.32,2.199151173762987
2.02,0.0,2.15,2.8601996154260787
1.8,0.12109701,2.02,2.823870625752519
1.94,0.0,1.8,2.703840747621558
2.83,0.37426534,1.94,2.8144001888991506
4.97,0.8960827,2.83,3.5649728293228913
3.53,2.2193916,4.97,5.419656172930729
3.52,2.1425748,3.53,4.4019848421522845
4.58,2.3538516,3.52,4.453526252121723
4.57,2.6961455,4.58,5.29783092681551
3.47,2.6986256,4.57,5.282561915026016
4.24,2.1862261,3.47,4.402419665701471
3.97,2.4041736,4.24,4.9223263893284335
4.17,2.3273737,3.97,4.669144401310713
3.62,2.3475733,4.17,4.813542251473907
4.28,2.077235,3.62,4.340395289686716
3.64,2.2804725,4.28,4.831193859151837
3.23,2.1360395,3.64,4.293084966536982
2.15,1.9482844,3.23,3.8081178941598024
3.73,1.3293909,2.15,2.8811894082121365
3.23,1.7567757,3.73,4.021164485950448
3.33,1.8587338,3.23,3.5402095837385947
1.98,2.032761,3.33,3.6465867989568004
2.32,1.5258287,1.98,2.5130888858052387
1.12,1.2536129,2.32,2.6452907828159615
0.69,0.5692332,1.12,1.5834688194506477
0.93,0.16881667,0.69,1.0671263155637116
0.88,0.13085765,0.93,1.1626463352622096
0.07,0.0,0.88,1.020809351426549
0.18,0.0,0.07,0.3538594565047736
0.21,0.0,0.18,0.36892058434467195
0.09,0.061824176,0.21,0.35163768440629956
0.0,0.0,0.09,0.18263829221100858
0.0,0.051299617,0.0,0.08180571671453635
0.0,0.17963655,0.0,0.024937957971581902
0.0,0.25873393,0.0,0.017399726285941015
0.0,0.28535807,0.0,-0.013444083533869725
0.0,0.28957433,0.0,-0.03007645999825212
0.0,0.3437461,0.0,-0.057259829110881226
0.0,0.40735373,0.0,-0.10638879054612593
0.0,0.33212215,0.0,-0.12057438500793619
0.0,0.27131492,0.0,-0.14446759363298284
0.0,0.26667622,0.0,-0.18833564406059122
0.0,0.25521028,0.0,-0.23455109141179176
0.0,0.09800293,0.0,-0.23451575716623463
0.0,0.003994056,0.0,-0.27019884424495205
0.0,0.0,0.0,-0.3013675132561284
0.0,0.0,0.0,-0.34216587151135863
0.0,0.0,0.0,-0.34337194602595156
0.0,0.0,0.0,-0.3802505748295667
0.0,0.0,0.0,-0.4135230835944556
0.0,0.0,0.0,-0.4394753528879404
0.0,0.0,0.0,-0.43430711997819316
0.0,0.0,0.0,-0.46156553584836235
0.0,0.0,0.0,-0.4817928391183694
0.0,0.0,0.0,-0.4983962719717562
0.0,0.0,0.0,-0.6755683428540982
0.0,0.0,0.0,-0.6844745452704412
0.0,0.0,0.0,-0.6922941337341875
0.0,0.0,0.0,-0.6946622312419285
0.0,0.0,0.0,-0.6705518907815018
0.0,0.0,0.0,-0.6670921239711818
0.0,0.0,0.0,-0.6604123783650008
0.0,0.0,0.0,-0.6486858462803293
0.0,0.0,0.0,-0.6105016008119362
0.0,0.0,0.0,-0.5936996278296907
0.0,0.0,0.0,-0.5733187001400178
0.0,0.0,0.0,-0.5496340959268364
0.0,0.0,0.0,-0.5052582387852101
0.0,0.0,0.0,-0.4747820675883213
0.0,0.0,0.0,-0.44349806185273966
0.0,0.0,0.0,-0.40607061511659914
0.0,0.0,0.0,-0.35534151683975645
0.0,0.0,0.0,-0.3146425758522444
0.0,0.0,0.0,-0.2717386712514489
0.0,0.0,0.0,-0.22638230470932885
0.0,0.0,0.0,-0.1699539985288624
0.0,0.0,0.0,-0.120558711278397
0.0,0.0,0.0,-0.07347041462232758
0.0,0.0,0.0,-0.023313103769617306
0.0,0.0,0.0,0.03407204258726353
0.0,0.0,0.0,0.08832576776012353
0.0,0.0,0.0,0.14221668859551953
0.0,0.0,0.0,0.19519432135364792
0.0,0.0,0.0,0.24961814022098444
0.0,0.0,0.0,0.30436415552090157
0.0,0.0,0.0,0.3592885946884284
0.0,0.0,0.0,0.41459467873276695
0.03,0.0,0.0,0.4632070831317441
0.44,0.0,0.03,0.5355071883367857
0.68,0.0,0.44,0.9366582733297352
0.93,0.0,0.68,1.2145199646993143
0.95,0.0,0.93,1.507730208279815
1.26,0.0,0.95,1.608069182002735
1.16,0.0,1.26,1.9313263361744493
1.4700000000000002,0.0,1.16,1.908169672703997
1.64,0.0,1.4700000000000002,2.1870241768780043
2.7,0.0,1.64,2.361570465406945
2.31,0.17988664,2.7,3.293575527092286
2.41,0.18301484,2.31,3.105834578918889
3.9000000000000004,0.7499123,2.41,3.204077404541106
3.66,1.6288979,3.9000000000000004,4.467681346800547
4.34,1.7756652,3.66,4.373471319114468
6.23,2.085467,4.34,5.055878662545306
3.1,3.4215605,6.23,6.62120964493945
4.27,2.5469735,3.1,4.160674190122578
2.87,2.5956059,4.27,5.043839113677039
2.92,1.68425,2.87,3.8070529532113637
2.56,1.5362666,2.92,3.700045968567165
3.4,1.3954558,2.56,3.308698357095414
2.74,1.6151274,3.4,3.8785924202850923
2.9,1.5002983,2.74,3.401339809801763
3.76,1.561137,2.9,3.5160981669708513
2.37,1.9673392,3.76,4.184048997521362
2.21,1.5933434,2.37,3.0410464177925975
2.55,1.3860754,2.21,2.8298567266477095
2.6,1.468981,2.55,2.9097013000331304
2.85,1.4703188,2.6,2.95844883973799
2.48,1.7023697,2.85,3.1072863415627516
2.4,1.5822103,2.48,2.792265495286778
2.62,1.3338994,2.4,2.7112201224579144
2.16,1.288063,2.62,2.844760658035522
1.73,1.1260319,2.16,2.3826524455739277
1.13,0.92589086,1.73,1.9760550876306129
0.62,0.35850883,1.13,1.4259082509557344
0.44,0.047923815,0.62,0.8708796385515533
0.09,0.0,0.44,0.6433049388710161
0.03,0.0,0.09,0.24380234066261317
0.0,0.0,0.03,0.14212333383777387
0.0,0.0036777416,0.0,0.046139337719205684
0.0,0.15038113,0.0,0.005963701116819074
0.0,0.24164031,0.0,-0.025621415547850968
0.0,0.24152023,0.0,-0.047249051864897244
0.0,0.24367823,0.0,-0.08911450757763745
0.0,0.2847545,0.0,-0.11537837254479874
0.0,0.30826166,0.0,-0.15073411128289274
0.0,0.19383068,0.0,-0.15920156166026284
0.0,0.16169973,0.0,-0.18329863992537065
0.0,0.1339136,0.0,-0.22781409107100373
0.0,0.13400371,0.0,-0.2620335815996551
0.0,0.0,0.0,-0.273540069240112
0.0,0.0,0.0,-0.3099712451914658
0.0,0.0,0.0,-0.3424544559268803
0.0,0.0,0.0,-0.3757935857987141
0.0,0.0,0.0,-0.3808357802020867
0.0,0.0,0.0,-0.40597607305176886
0.0,0.0,0.0,-0.4337971163060924
0.0,0.0,0.0,-0.4604666542196254
0.0,0.0,0.0,-0.45812971389400137
0.0,0.0,0.0,-0.48104171314859195
0.0,0.0,0.0,-0.5018245623234873
0.0,0.0,0.0,-0.5194772125682303
0.0,0.0,0.0,-0.5062219476098058
0.0,0.0,0.0,-0.5174769375653165
0.0,0.0,0.0,-0.5256209267731901
0.0,0.0,0.0,-0.5294267747819205
0.0,0.0,0.0,-0.5037376626368698
0.0,0.0,0.0,-0.5005128223992303
0.0,0.0,0.0,-0.4927687516794016
0.0,0.0,0.0,-0.4820653405044051
0.0,0.0,0.0,-0.44608056042112093
0.0,0.0,0.0,-0.42904236125425393
0.0,0.0,0.0,-0.4075601950452478
0.0,0.0,0.0,-0.3846374172125747
0.0,0.0,0.0,-0.33853658808314613
0.0,0.0,0.0,-0.3088644896930682
0.0,0.0,0.0,-0.2754820520413479
0.0,0.0,0.0,-0.23934509331717232
0.0,0.0,0.0,-0.18704650398648184
0.0,0.0,0.0,-0.14687295370172154
0.0,0.0,0.0,-0.10356052731646856
0.0,0.0,0.0,-0.059306216771147294
0.0,0.0,0.0,-0.004346389581348434
0.0,0.0,0.0,0.04392316456508203
0.0,0.0,0.0,0.09368618143007179
0.0,0.0,0.0,0.1456550382876461
0.0,0.0,0.0,0.2023668537149928
0.0,0.0,0.0,0.25546015473693423
0.0,0.0,0.0,0.30873069653300034
0.0,0.0,0.0,0.3639467839129109
0.0,0.0,0.0,0.4186851081395369
0.0,0.0,0.0,0.4729501799424978
0.0,0.0,0.0,0.5279208763795247
0.01,0.0,0.0,0.5812672300378102
0.15,0.0,0.01,0.6345662966098473
0.59,0.0,0.15,0.8106335598003851
0.67,0.0,0.59,1.2459554671840747
0.8,0.0,0.67,1.3993124068181486
1.18,0.0,0.8,1.5781214019558456
1.53,0.25750127,1.18,1.9714333636980181
1.89,0.6203549,1.53,2.302741512266165
2.25,0.698514,1.89,2.7056293918501044
3.09,1.3785483,2.25,3.1035697153757313
3.65,2.288076,3.09,3.832228107645624
3.71,2.8846786,3.65,4.422039743520771
3.81,2.958401,3.71,4.599045218841683
3.55,3.421551,3.81,4.719159743097479
2.8000000000000003,3.2183797,3.55,4.539004639049769
3.25,2.630531,2.8000000000000003,3.864252873055998
3.7,2.500671,3.25,4.150401591980396
4.15,2.9207025,3.7,4.459922958084378
5.36,3.15181,4.15,4.908056838965257
7.24,3.8415344,5.36,5.976309808687105
8.73,5.1255116,7.24,7.583599729379669
9.52,6.2569437,8.73,9.12609724327593
10.64,6.802902,9.52,9.97562294410214
9.9,7.5584335,10.64,11.159743887397285
9.529999999999998,7.2885804,9.9,10.485306999775831
10.22,7.1512003,9.529999999999998,10.110474070844784
9.64,7.029718,10.22,10.601651824136942
13.03,6.62976,9.64,9.99245720942558
19.52,8.106678,13.03,12.89544866505056
20.0,11.009729,19.52,18.827823582409323
21.61,12.583873,20.0,19.710427796702444
20.39,14.616755,21.61,21.59074547655381
18.95,14.606649,20.39,20.546867201539705
17.41,13.13121,18.95,19.10616641200728
15.76,11.685744,17.41,17.410434093656335
13.71,10.307082,15.76,15.486298891686026
11.68,8.645116,13.71,13.530549769579457
9.37,6.7535505,11.68,11.643714256665477
7.23,4.918836,9.37,9.292720982384981
4.96,3.0758595,7.23,7.094315198604127
2.85,1.543988,4.96,4.704208743728117
1.12,0.0,2.85,2.338410993729112
0.06,0.0,1.12,0.4777007833953936
0.0,0.0,0.06,-0.7799481707553593
0.0,0.0,0.0,-0.987744607168412
0.0,0.0,0.0,-1.0031168545729596
0.0,0.0,0.0,-0.95079075937873
0.0,0.0,0.0,-0.871834379694176
0.0,0.0,0.0,-0.808942880940962
0.0,0.0,0.0,-0.7422052305354219
0.0,0.0,0.0,-0.7105418211648779
0.0,0.0,0.0,-0.6875728503800065
0.0,0.0,0.0,-0.6310535364408025
0.0,0.0,0.0,-0.5199321562810694
0.0,0.0,0.0,-0.46468324545869844
0.0,0.0,0.0,-0.4123060067017686
0.0,0.0,0.0,-0.39398671735103336
0.0,0.0,0.0,-0.3547129414112929
0.0,0.0,0.0,-0.3430496282611629
0.0,0.0,0.0,-0.33635665544171556
0.0,0.0,0.0,-0.332587008069387
0.0,0.0,0.0,-0.30617146853607985
0.0,0.0,0.0,-0.3112853823558919
0.0,0.0,0.0,-0.3224062112556576
0.0,0.0,0.0,-0.3346111459407231
0.0,0.0,0.0,-0.2124540920784715
0.0,0.0,0.0,-0.22835348207525555
0.0,0.0,0.0,-0.24051647939733148
0.0,0.0,0.0,-0.24234599981263127
0.0,0.0,0.0,-0.21530219491540736
0.0,0.0,0.0,-0.20903627894130583
0.0,0.0,0.0,-0.2033171321535034
0.0,0.0,0.0,-0.19384423368696083
0.0,0.0,0.0,-0.15555393587807187
0.0,0.0,0.0,-0.1360819101126022
0.0,0.0,0.0,-0.1167187970063002
0.0,0.0,0.0,-0.0930921486057349
0.0,0.0,0.0,-0.047236399351733294
0.0,0.0,0.0,-0.016015480560278433
0.0,0.0,0.0,0.01742685051867001
0.0,0.0,0.0,0.055295177843841595
0.0,0.0,0.0,0.11179362647541377
0.0,0.0,0.0,0.15282835672136957
0.0,0.0,0.0,0.19206319051929435
0.0,0.0,0.0,0.2354137497616684
0.0,0.0,0.0,0.29043924930555953
0.0,0.0,0.0,0.33857491721103006
0.0,0.0,0.0,0.3882236793303301
0.0,0.0,0.0,0.43755872808843355
0.0,0.0,0.0,0.49359701799602923
0.0,0.0,0.0,0.5483386557981829
0.0,0.0,0.0,0.6032084616435643
0.0,0.0,0.0,0.6591135777478019
0.0,0.0,0.0,0.7137111895446643
0.0,0.231031,0.0,0.7697691561933464
0.17,0.37874383,0.0,0.8247302682013776
1.39,0.47064605,0.17,1.0285920927587995
3.02,2.006146,1.39,2.2036246728799482
4.790000000000001,3.8730314,3.02,3.709899607003645
5.08,5.761869,4.790000000000001,5.491637349641074
5.25,7.1758986,5.08,6.064984407436645
6.88,7.75117,5.25,6.263530049788415
8.6,8.331806,6.88,7.728032469867303
10.76,9.370118,8.6,9.240517976274907
12.51,10.658824,10.76,11.29764822855215
12.15,12.521083,12.51,12.955808502272754
12.92,12.718008,12.15,12.962788835218374
12.62,12.7084675,12.92,13.808687918987882
16.05,12.235884,12.62,13.53760228665482
19.21,14.52653,16.05,16.560271999928286
21.2,16.60417,19.21,19.591211585239837
21.71,18.83986,21.2,21.623972275751473
24.640000000000004,19.880472,21.71,22.50971797875411
25.89,21.447842,24.640000000000004,25.24408973056194
26.92,22.081778,25.89,26.527425416749853
27.08,22.721523,26.92,27.517591220604352
27.2,22.979712,27.08,27.67151121612778
27.19,22.917192,27.2,27.59977078469021
26.89,22.671688,27.19,27.452354639316837
26.810000000000002,22.430567,26.89,27.20986119287878
26.33,22.034111,26.810000000000002,27.01798083534753
25.85,21.266136,26.33,26.389422438884385
25.21,20.581064,25.85,25.72327747117083
24.6,19.745893,25.21,24.92088924555214
23.84,18.92118,24.6,24.1546923931162
22.91,17.73531,23.84,23.193950920982523
21.8,16.545216,22.91,22.114274556871326
20.51,15.311308,21.8,20.898435398437
19.139999999999997,14.023592,20.51,19.51897754836116
17.56,12.349108,19.139999999999997,18.082102094367123
15.89,10.925835,17.56,16.45642464907272
13.98,9.507195,15.89,14.766539018978737
12.07,7.9814672,13.98,12.939905120214263
10.08,6.150055,12.07,11.383636942291828
7.87,4.7030973,10.08,9.453909714224505
5.39,3.1517308,7.87,7.304650323047181
3.68,1.468608,5.39,4.83543420429943
1.71,0.0,3.68,3.0587730359821457
0.13,0.0,1.71,1.0721507010329523
0.0,0.0,0.13,-0.5586790999015792
0.0,0.0,0.0,-0.8283487914014648
0.0,0.0,0.0,-0.8345245880838073
0.0,0.0,0.0,-0.7390909463824675
0.0,0.0,0.0,-0.6202577393243419
0.0,0.0,0.0,-0.5054381948944509
0.0,0.0,0.0,-0.3761754484481917
0.0,0.0,0.0,-0.309404474532982
0.0,0.0,0.0,-0.24185692988024604
0.0,0.0,0.0,-0.15803922923492184
0.0,0.0,0.0,-0.07514443938532092
0.0,0.0,0.0,-0.008021357472731347
0.0,0.0,0.0,0.048065110296335575
0.0,0.0,0.0,0.06551343215775794
0.0,0.0,0.0,0.10757741930169872
0.0,0.0,0.0,0.11501245264427327
0.0,0.0,0.0,0.12005338307276771
0.0,0.0,0.0,0.11866168689071502
0.0,0.0,0.0,0.1420827044904405
0.0,0.0,0.0,0.14162264096998306
0.0,0.0,0.0,0.13285789516274152
0.0,0.0,0.0,0.11441699172269157
0.0,0.0,0.0,-0.009823023726900724
0.0,0.0,0.0,-0.029152391809595807
0.0,0.0,0.0,-0.04575042632338457
0.0,0.0,0.0,-0.045262433969829596
0.0,0.0,0.0,-0.018467724001849633
0.0,0.0,0.0,-0.012057478491656354
0.0,0.0,0.0,-0.024278501707592423
0.0,0.0,0.0,-0.035439721871545204
0.0,0.0,0.0,-0.004442357385907175
0.0,0.0,0.0,0.015977626313682484
0.0,0.0,0.0,0.030750639576368997
0.0,0.0,0.0,0.04817155529868751
0.0,0.0,0.0,0.1083060852807524
0.0,0.0,0.0,0.15847199908602091
0.0,0.0,0.0,0.187183422081915
0.0,0.0,0.0,0.2259764683015022
0.0,0.0,0.0,0.28073277604794955
0.0,0.0,0.0,0.3120992278705802
0.0,0.0,0.0,0.35739575081578623
0.0,0.0,0.0,0.40001798110536063
0.0,0.0,0.0,0.45066183621755757
0.0,0.0,0.0,0.49732151165000754
0.0,0.0,0.0,0.5466494031789463
0.0,0.0,0.0,0.5939177602794756
0.0,0.0,0.0,0.649923602911002
0.0,0.0,0.0,0.7031629178834018
0.0,0.0,0.0,0.7468083514734143
0.0,0.0,0.0,0.7873304328117129
0.0,0.092594296,0.0,0.8383275948811474
0.0,0.4904328,0.0,0.8949697275794855
0.15,0.4058999,0.0,0.9580742254964055
1.36,0.09068598,0.15,1.1561112001202463
3.36,1.5607476,1.36,2.244462546165749
5.51,3.6156774,3.36,4.103972308924925
7.92,5.89207,5.51,6.2546227492866215
10.16,8.462039,7.92,8.856105412948517
12.3,10.975841,10.16,11.044038874871012
13.959999999999999,12.70179,12.3,13.078884157244401
11.97,13.693862,13.959999999999999,14.708399012752174
12.56,11.89081,11.97,13.373697340315708
16.57,12.570028,12.56,13.640947210754447
19.58,14.827605,16.57,16.963960113550296
22.11,16.897186,19.58,19.803859893459002
23.24,18.931885,22.11,22.591855136010338
24.07,20.904898,23.24,23.94963020317613
24.95,21.836681,24.07,24.952769588144797
25.82,22.465042,24.95,25.80106913281909
26.36,23.084198,25.82,26.528487635206737
26.92,23.536345,26.36,26.987358393176912
27.36,23.821602,26.92,27.42281844226917
26.51,23.916935,27.36,27.76890068204477
26.870000000000005,23.629993,26.51,26.987659993113134
26.850000000000005,23.335938,26.870000000000005,27.084402354913095
27.93,22.919542,26.850000000000005,26.785480638973056
27.52,22.975193,27.93,27.8261300513891
27.5,22.556824,27.52,27.42734041404501
25.37,22.001629,27.5,27.299537424531767
25.85,20.761171,25.37,25.283874400490955
25.39,20.076979,25.85,25.422962549055892
24.42,19.301964,25.39,24.773466308726444
23.27,18.184267,24.42,23.713990518465824
22.14,16.875227,23.27,22.51723508562745
21.0,15.593035,22.14,21.25624510157976
19.82,14.323158,21.0,20.03210019505506
18.23,12.759116,19.82,18.72808345830654
15.65,11.355527,18.23,17.136489424506795
13.08,9.648983,15.65,14.660214285717416
10.48,7.6012917,13.08,12.27606139105687
10.0,5.390923,10.48,10.002656638997527
7.96,4.078024,10.0,9.328937697672604
5.620000000000001,2.9002738,7.96,7.35501346630404
3.46,1.4330467,5.620000000000001,5.118462058709582
1.16,0.0,3.46,3.01158572522095
0.02,0.0,1.16,0.7031352122102339
0.0,0.0,0.02,-0.5624529835202213
0.0,0.0,0.0,-0.7776101020982353
0.0,0.0,0.0,-0.7703177044431203
0.0,0.0,0.0,-0.6683775947355917
0.0,0.0,0.0,-0.5055631241351427
0.0,0.0,0.0,-0.36504432652250485
0.0,0.0,0.0,-0.23045786977110863
0.0,0.0,0.0,-0.20884360991881318
0.0,0.0,0.0,-0.13249033172365315
0.0,0.0,0.0,-0.06172823917065657
0.0,0.0,0.0,0.031868764779222084
0.0,0.0,0.0,0.1022943156295257
0.0,0.0,0.0,0.14327991488915176
0.0,0.0,0.0,0.16423095582010358
0.0,0.0,0.0,0.20167554496994797
0.0,0.0,0.0,0.20235877650701833
0.0,0.0,0.0,0.19781584219058201
0.0,0.0,0.0,0.19871598405993623
0.0,0.0,0.0,0.2199241004716476
0.0,0.0,0.0,0.22168825752489527
0.0,0.0,0.0,0.21425878352081293
0.0,0.0,0.0,0.20151612945860436
0.0,0.0,0.0,0.021422974997514013
0.0,0.0,0.0,0.0023312714273881693
0.0,0.0,0.0,-0.010573859775398764
0.0,0.0,0.0,-0.015520960568063055
0.0,0.0,0.0,0.011202091256593098
0.0,0.0,0.0,0.012573277137842287
0.0,0.0,0.0,0.01990003526416385
0.0,0.0,0.0,0.03440091303623275
0.0,0.0,0.0,0.07239356965082598
0.0,0.0,0.0,0.08570330666713498
0.0,0.0,0.0,0.10138296749316142
0.0,0.0,0.0,0.12300652285812377
0.0,0.0,0.0,0.1711141812419008
0.0,0.0,0.0,0.2003122265752378
0.0,0.0,0.0,0.22400154170036515
0.0,0.0,0.0,0.2593635345246576
0.0,0.0,0.0,0.3103976465848576
0.0,0.0,0.0,0.3430584063677384
0.0,0.0,0.0,0.38027417247384354
0.0,0.0,0.0,0.42432592634589544
0.0,0.0,0.0,0.4812110267981207
0.0,0.0,0.0,0.5278544878178176
0.0,0.0,0.0,0.5735864193793292
0.0,0.0,0.0,0.6214804219599206
0.0,0.0,0.0,0.6735155356219652
0.0,0.0,0.0,0.7268101749581516
0.0,0.0,0.0,0.7789840761985843
0.0,0.0,0.0,0.825953124534046
0.0,0.43914917,0.0,0.8800169274248111
0.0,0.66009676,0.0,0.9261508088932766
0.08,0.4977672,0.0,0.9805052151574745
0.82,0.27022895,0.08,1.1047368359890504
2.8000000000000003,1.2814734,0.82,1.8342247685131419
4.97,3.0755298,2.8000000000000003,3.548204454856902
7.21,5.3055954,4.97,5.78457707937109
8.28,7.8392553,7.21,8.198082853083655
9.539999999999997,9.552924,8.28,9.477232716661753
10.39,10.969568,9.539999999999997,10.55427494731964
15.44,10.478387,10.39,11.51054769471383
17.9,13.409408,15.44,15.8438430509464
19.31,16.1568,17.9,18.28378748129075
20.54,17.823198,19.31,19.942048823637126
21.92,19.04264,20.54,21.364299629834733
22.97,20.084904,21.92,22.79006548893755
23.61,21.086836,22.97,23.869888119203758
24.640000000000004,21.807438,23.61,24.43585184128995
25.5,22.502018,24.640000000000004,25.37492750530553
26.09,23.142378,25.5,26.16865664432661
26.63,23.645214,26.09,26.755123449676688
27.08,24.021492,26.63,27.245204810503267
27.3,24.075947,27.08,27.616233118230028
27.27,24.034096,27.3,27.688857378134973
27.55,23.640303,27.27,27.51192122256594
27.34,23.436447,27.55,27.473280624994686
27.07,22.986444,27.34,27.43049226269149
26.39,22.567858,27.07,27.092836277527425
26.37,21.555681,26.39,26.315162583924685
25.74,20.947584,26.37,26.079108957367822
25.29,20.209192,25.74,25.343667898113484
24.32,19.508852,25.29,24.726522472540506
23.22,18.240238,24.32,23.660554578355132
22.18,16.951273,23.22,22.469837411175735
20.84,15.664523,22.18,21.296096720379612
19.42,14.323882,20.84,19.876028854325693
17.94,12.517845,19.42,18.416285265513487
16.35,11.080507,17.94,16.90081744942788
14.7,9.710502,16.35,15.306770117326264
10.26,8.382,14.7,13.678119596657165
8.08,5.159733,10.26,10.037048133771426
5.74,3.321287,8.08,7.752824371745472
3.5,1.6355572,5.74,5.264257952118005
2.13,0.0,3.5,2.9487657377906085
0.12,0.0,2.13,1.497355055312225
0.0,0.0,0.12,-0.5435758307244256
0.0,0.0,0.0,-0.769144652581671
0.0,0.0,0.0,-0.8005905552671138
0.0,0.0,0.0,-0.7390562565633796
0.0,0.0,0.0,-0.6048683056825516
0.0,0.0,0.0,-0.5072699910413281
0.0,0.0,0.0,-0.3662814085437492
0.0,0.0,0.0,-0.24977618862364132
0.0,0.0,0.0,-0.17244746477413797
0.0,0.0,0.0,-0.09764420666914353
0.0,0.0,0.0,0.005805848629475332
0.0,0.0,0.0,0.0589780618604523
0.0,0.0,0.0,0.11669036107367936
0.0,0.0,0.0,0.13482875576294356
0.0,0.0,0.0,0.17491276814207574
0.0,0.0,0.0,0.18707753451663
0.0,0.0,0.0,0.1993477470903043
0.0,0.0,0.0,0.2052738181833384
0.0,0.0,0.0,0.23785512880180815
0.0,0.0,0.0,0.2219105712210055
0.0,0.0,0.0,0.21982967475983406
0.0,0.0,0.0,0.20719060642474638
0.0,0.0,0.0,-0.007589561184843489
0.0,0.0,0.0,-0.023714979976362256
0.0,0.0,0.0,-0.04815276948244171
0.0,0.0,0.0,-0.05028468161534509
0.0,0.0,0.0,-0.017491080761859595
0.0,0.0,0.0,-0.01768756667522353
0.0,0.0,0.0,-0.01795331091414958
0.0,0.0,0.0,-0.003855024216873979
0.0,0.0,0.0,0.03261714139467539
0.0,0.0,0.0,0.0492734428453024
0.0,0.0,0.0,0.06630039406622627
0.0,0.0,0.0,0.09083473316112341
0.0,0.0,0.0,0.13402904275375893
0.0,0.0,0.0,0.1593099754386882
0.0,0.0,0.0,0.18691927238943726
0.0,0.0,0.0,0.21478946867070495
0.0,0.0,0.0,0.2608272832849275
0.0,0.0,0.0,0.3015447427585909
0.0,0.0,0.0,0.33679542102178656
0.0,0.0,0.0,0.379675879031692
0.0,0.0,0.0,0.44171708402439375
0.0,0.0,0.0,0.4922649264504199
0.0,0.0,0.0,0.5428870346494794
0.0,0.0,0.0,0.5917317708150026
0.0,0.0,0.0,0.6449750775343928
0.0,0.0,0.0,0.6945707470079283
0.0,0.0,0.0,0.7492552283514423
0.0,0.0,0.0,0.8032178154973111
0.0,0.06567367,0.0,0.8566336708148071
0.0,0.1980665,0.0,0.9081229510382989
0.18,0.068969026,0.0,0.953656058525783
1.13,0.0,0.18,1.1545651901129679
3.02,1.1021656,1.13,2.0183330240266204
3.58,2.95685,3.02,3.672847096740916
6.09,4.133573,3.58,4.592771037508824
8.12,6.099328,6.09,7.000854242014586
7.87,8.540721,8.12,8.9550597796733
11.85,9.232327,7.87,8.91427130381379
14.34,11.0208435,11.85,12.543435181815779
14.47,12.848942,14.34,14.854911901576715
15.39,14.097628,14.47,15.300078310586626
19.29,14.748896,15.39,16.263069496637943
21.41,16.631844,19.29,19.802285188914176
21.74,18.440283,21.41,22.036715859901093
23.27,19.73938,21.74,22.632057336747533
23.520000000000003,20.914562,23.27,24.102370014646763
24.559999999999995,21.241323,23.520000000000003,24.415609500381546
25.5,21.837992,24.559999999999995,25.34415510302215
26.11,22.560984,25.5,26.14916292285509
26.52,22.96076,26.11,26.730966420125018
26.89,23.355625,26.52,27.05941303700432
26.88,23.498528,26.89,27.295100076380855
26.810000000000002,23.112658,26.88,27.2184878953487
26.820000000000004,22.820822,26.810000000000002,26.88055709439741
26.58,22.489925,26.820000000000004,26.947446369454184
25.91,21.96156,26.58,26.600013488847992
25.41,20.961523,25.91,25.859640260709117
25.34,20.339977,25.41,25.191000684781013
23.520000000000003,19.667366,25.34,24.952103669324046
20.45,18.578087,23.520000000000003,23.12190092162475
21.68,16.12771,20.45,20.079364820746676
20.71,15.347091,21.68,20.808702173854677
19.9,14.19985,20.71,19.72575880599586
18.24,13.312389,19.9,18.873545344727887
16.76,11.642886,18.24,17.258024952335568
15.14,10.199996,16.76,15.775565355309034
13.25,8.728934,15.14,14.20407630049108
11.200000000000001,7.2744846,13.25,12.448096206118999
9.2,5.4472747,11.200000000000001,10.644998846771498
6.88,3.9439554,9.2,8.660361926121084
4.62,2.2336226,6.88,6.373034117281922
1.97,0.5881491,4.62,4.169982890723923
0.44,0.0,1.97,1.595866036703078
0.01,0.0,0.44,-0.10199525590037534
0.0,0.0,0.01,-0.7056706238166138
0.0,0.0,0.0,-0.7911881149098867
0.0,0.0,0.0,-0.7000060636414964
0.0,0.0,0.0,-0.5867865651694879
0.0,0.0,0.0,-0.4564112752290991
0.0,0.0,0.0,-0.3547299533689305
0.0,0.0,0.0,-0.25768876504850363
0.0,0.0,0.0,-0.19632135700887732
0.0,0.0,0.0,-0.12343599816465811
0.0,0.0,0.0,-0.06438059694461734
0.0,0.0,0.0,0.02196084134195312
0.0,0.0,0.0,0.08869112994101598
0.0,0.0,0.0,0.11073238274350622
0.0,0.0,0.0,0.12265638981989382
0.0,0.0,0.0,0.15843483085243631
0.0,0.0,0.0,0.15996246742927678
0.0,0.0,0.0,0.16412269254007822
0.0,0.0,0.0,0.16512029821578944
0.0,0.0,0.0,0.19033804400629026
0.0,0.0,0.0,0.18063333779735122
0.0,0.0,0.0,0.1724341956186867
0.0,0.0,0.0,0.15621964802617963
0.0,0.0,0.0,-0.4720516557673315
0.0,0.0,0.0,-0.4899254886811103
0.0,0.0,0.0,-0.5015279680797191
0.0,0.0,0.0,-0.5040491189795243
0.0,0.0,0.0,-0.47431725284806425
0.0,0.0,0.0,-0.4722852542942862
0.0,0.0,0.0,-0.4678722596346967
0.0,0.0,0.0,-0.4596913079426784
0.0,0.0,0.0,-0.42374268854872216
0.0,0.0,0.0,-0.4115737609025191
0.0,0.0,0.0,-0.39099695527133826
0.0,0.0,0.0,-0.36394930130398073
0.0,0.0,0.0,-0.31881516272040356
0.0,0.0,0.0,-0.2866651415580092
0.0,0.0,0.0,-0.25308169953965043
0.0,0.0,0.0,-0.21709496541306594
0.0,0.0,0.0,-0.1652091433637693
0.0,0.0,0.0,-0.1261908278896817
0.0,0.0,0.0,-0.08741007842564058
0.0,0.0,0.0,-0.041872479333722526
0.0,0.0,0.0,0.008514040999333863
0.0,0.0,0.0,0.05475008265688683
0.0,0.0,0.0,0.09205581148811298
0.0,0.0,0.0,0.14387651752022423
0.0,0.0,0.0,0.20052578415122224
0.0,0.0,0.0,0.2506473062455035
0.0,0.0,0.0,0.3035762331878123
0.0,0.0,0.0,0.35098710062857963
0.0,0.0,0.0,0.4066763041061056
0.0,0.0,0.0,0.44804333414017083
0.0,0.0,0.0,0.49386588810653714
0.0,0.0,0.0,0.5335809874389159
0.31,0.0,0.0,0.5782090571094696
2.49,0.0,0.31,0.8990652679591921
2.13,0.0,2.49,2.685618815974441
0.72,0.0,2.13,2.6676925703519467
0.46,0.0,0.72,1.712169554748746
0.26,0.0,0.46,1.4539835306420286
0.12,0.0,0.26,1.1907723245549164
0.67,0.0,0.12,1.0285112370874325
1.02,0.0,0.67,1.4509673802534975
1.45,0.0,1.02,1.8093247084958783
1.87,0.0,1.45,2.2919771856534443
2.25,0.14554319,1.87,2.721724517075929
2.43,0.94417423,2.25,3.107510690915069
1.98,1.4127884,2.43,3.309781457905142
2.4,1.2883908,1.98,2.9320054651510725
2.46,1.026298,2.4,3.3380994619868125
3.94,1.2083778,2.46,3.40481837729829
5.26,2.0972688,3.94,4.629449747673517
5.98,3.0568967,5.26,5.871350780160974
5.34,4.036631,5.98,6.5872252669432285
5.56,4.4541564,5.34,6.113889589605622
5.73,4.2535877,5.56,6.361088081610441
5.620000000000001,3.8001282,5.73,6.537216310746988
6.18,3.8317268,5.620000000000001,6.24609402303916
7.82,3.789773,6.18,6.701478514141408
7.33,4.4218946,7.82,8.051033584294588
8.48,4.5983996,7.33,7.789976439468372
6.47,5.106608,8.48,8.885397368310795
6.79,4.485674,6.47,7.157094042303347
9.27,4.2044935,6.79,7.274956936709198
8.76,4.649629,9.27,9.26851923727868
4.7,4.571145,8.76,8.893462196905608
4.87,3.322566,4.7,5.425890056031432
5.67,2.956596,4.87,5.154680621272025
6.36,2.554056,5.67,5.575177068133909
4.07,2.5718524,6.36,6.112865625978264
3.6,1.8582022,4.07,4.089334705849978
5.98,1.1739979,3.6,3.6066379893258054
4.6,1.6786886,5.98,5.642366629894499
2.78,1.6514493,4.6,4.544254355222545
1.1,0.8702383,2.78,2.9970642547346253
0.02,0.0,1.1,1.2831017558417797
0.0,0.0,0.02,-0.007870367094754971
0.0,0.0,0.0,-0.24885832079448394
0.0,0.0,0.0,-0.3423016294031905
0.0,0.0,0.0,-0.3623191514750838
0.0,0.0,0.0,-0.35902196176834245
0.0,0.0033151405,0.0,-0.36647567563257555
0.0,0.0,0.0,-0.2968417807566148
0.0,0.0,0.0,-0.30641044364048325
0.0,0.031989183,0.0,-0.38611413743289785
0.0,0.05416105,0.0,-0.3689921849304402
0.0,0.0,0.0,-0.33445901600674344
0.0,0.0,0.0,-0.3191718964233523
0.0,0.0,0.0,-0.2968816071016
0.0,0.0,0.0,-0.3154642094371821
0.0,0.0,0.0,-0.3360988290832437
0.0,0.0,0.0,-0.3594653356996484
0.0,0.0,0.0,-0.3746033707622129
0.0,0.0,0.0,-0.3837331010086841
0.0,0.0,0.0,-0.3812269580329175
0.0,0.0,0.0,-0.39648255038511127
0.0,0.0,0.0,-0.38661409945451997
0.0,0.0,0.0,-0.3958688382802949
0.0,0.0,0.0,-0.3951336456688618
0.0,0.0,0.0,-0.40842080688945215
0.0,0.0,0.0,-0.42225108411590206
0.0,0.0,0.0,-0.42791875843209487
0.0,0.0,0.0,-0.3999406957991031
0.0,0.0,0.0,-0.3960883842223002
0.0,0.0,0.0,-0.3910818057054317
0.0,0.0,0.0,-0.37805473799349654
0.0,0.0,0.0,-0.3411461921513982
0.0,0.0,0.0,-0.32400312575332596
0.0,0.0,0.0,-0.30533884764567204
0.0,0.0,0.0,-0.28097810418315433
0.0,0.0,0.0,-0.23415145478431806
0.0,0.0,0.0,-0.20544806419696585
0.0,0.0,0.0,-0.13725489121121798
0.0,0.0,0.0,-0.0845377600661888
0.0,0.0,0.0,-0.044185688700046806
0.0,0.0,0.0,-0.001856591372688711
0.0,0.0,0.0,0.04029322058578837
0.0,0.0,0.0,0.09507627969804502
0.0,0.0,0.0,0.14689298734852443
0.0,0.0,0.0,0.19967587378805013
0.0,0.0,0.0,0.2525557973498151
0.0,0.0,0.0,0.30983738766922286
0.0,0.0,0.0,0.3625973848403143
0.0,0.0,0.0,0.4189404552724704
0.0,0.0,0.0,0.4732558327748759
0.0,0.0,0.0,0.5287381490681119
0.0,0.0,0.0,0.5839119678527964
0.0,0.0,0.0,0.6396669599364668
0.0,0.0,0.0,0.6940327095341169
0.09,0.0,0.0,0.7404077791493267
0.5,0.0,0.09,0.8656979954559793
0.9,0.0,0.5,1.2754161309543857
1.1,0.0,0.9,1.6950546264326227
1.43,0.6593061,1.1,1.955463933549356
2.01,1.1804264,1.43,2.2743973112837033
2.12,1.5253395,2.01,2.859705257145755
2.17,1.6229739,2.12,3.041389984619026
2.2,2.1912074,2.17,3.1353167645856086
2.71,2.1617265,2.2,3.2155204998628943
2.42,2.2784688,2.71,3.661878195353511
2.93,1.9905013,2.42,3.4773612020217772
3.72,2.3753707,2.93,3.9189729040343058
4.39,2.963868,3.72,4.605020522250398
5.69,3.4850175,4.39,5.237402261518119
7.02,4.1123514,5.69,6.491862812334313
7.26,5.35071,7.02,7.646125603125894
8.07,5.791432,7.26,8.040079371427106
8.8,6.203731,8.07,8.778478925543887
9.91,6.3735166,8.8,9.454826221084666
12.18,6.793718,9.91,10.446892419453038
13.5,8.066321,12.18,12.554218221848359
15.13,9.012604,13.5,13.96047933275805
17.55,10.289105,15.13,15.646715719824211
20.29,11.607952,17.55,17.945856253698363
18.68,12.73717,20.29,20.467998192634926
20.7,12.33622,18.68,19.379876433092036
20.14,14.793052,20.7,21.000832896923228
21.53,15.01739,20.14,20.357343868414766
21.39,15.102324,21.53,21.44263813436756
20.250000000000004,14.588263,21.39,21.341421018575627
19.03,13.898674,20.250000000000004,20.174940504412163
17.48,12.36886,19.03,18.966196709742324
15.34,11.115812,17.48,17.240825986270337
13.56,9.575017,15.34,15.060864921230493
11.56,8.053719,13.56,13.337519024989838
10.099999999999998,6.142086,11.56,11.393825245389927
7.89,4.6769743,10.099999999999998,9.751280509964543
5.28,2.9522557,7.89,7.575641754168504
3.01,1.249354,5.28,4.956249972340764
1.11,0.0,3.01,2.625989692525365
0.0,0.0,1.11,0.517890710301844
0.0,0.0,0.0,-0.7931124917572197
0.0,0.0,0.0,-0.984325503000467
0.0,0.0,0.0,-1.0052786666004796
0.0,0.0,0.0,-0.9296231863022688
0.0,0.0,0.0,-0.8255467558638658
0.0,0.0,0.0,-0.7384323122504944
0.0,0.0,0.0,-0.6381695390583905
0.0,0.0,0.0,-0.588505238339336
0.0,0.0,0.0,-0.5455339944855907
0.0,0.0,0.0,-0.4569671807001551
0.0,0.0,0.0,-0.3763542279919149
0.0,0.0,0.0,-0.3160403722763688
0.0,0.0,0.0,-0.27270811152084806
0.0,0.0,0.0,-0.25790212060267825
0.0,0.0,0.0,-0.22207366230825237
0.0,0.0,0.0,-0.21627693756028804
0.0,0.0,0.0,-0.21572244802567675
0.0,0.0,0.0,-0.2089327067013895
0.0,0.0,0.0,-0.18113344215765048
0.0,0.0,0.0,-0.17763593358109842
0.0,0.0,0.0,-0.17378629769263468
0.0,0.0,0.0,-0.18672674845417314
0.0,0.0,0.0,-0.15312833508349238
0.0,0.0,0.0,-0.17638947308877595
0.0,0.0,0.0,-0.19022496699140945
0.0,0.0,0.0,-0.19388519675881347
0.0,0.0,0.0,-0.17106930865221862
0.0,0.0,0.0,-0.16798382932722877
0.0,0.0,0.0,-0.16250388046287337
0.0,0.0,0.0,-0.1529008929448355
0.0,0.0,0.0,-0.11522161758352631
0.0,0.0,0.0,-0.10029356405015802
0.0,0.0,0.0,-0.07801210746922135
0.0,0.0,0.0,-0.04584988321725367
0.0,0.0,0.0,0.0035759255000632553
0.0,0.0,0.0,0.03293216301024058
0.0,0.0,0.0,0.06720780021760003
0.0,0.0,0.0,0.10179092280077628
0.0,0.0,0.0,0.1528541353801509
0.0,0.0,0.0,0.19450043640190345
0.0,0.0,0.0,0.2391125568507408
0.0,0.0,0.0,0.282888949606196
0.0,0.0,0.0,0.33879565369743087
0.0,0.0,0.0,0.38637258872746405
0.0,0.0,0.0,0.43372282277695073
0.0,0.0,0.0,0.48206839030985726
0.0,0.0,0.0,0.5387832333844148
0.0,0.0,0.0,0.5894460564742768
0.0,0.0,0.0,0.6423314396263512
0.0,0.0,0.0,0.6965774158751974
0.0,0.0,0.0,0.7488067337315154
0.0,0.20131935,0.0,0.801067769128778
0.01,0.28470066,0.0,0.856548355629431
0.55,0.2035406,0.01,0.9211628125170804
1.51,1.0778449,0.55,1.4364457517355373
2.24,1.9820591,1.51,2.334548943011834
3.56,2.8037558,2.24,3.0106349286835186
4.4,3.8144033,3.56,4.358956723514224
6.77,5.157551,4.4,5.261833299629014
7.34,7.0025783,6.77,7.415122765439681
13.23,7.860453,7.34,8.227582765233253
15.0,11.616589,13.23,13.4416114373521
16.25,13.702409,15.0,15.508727710548678
18.24,15.134325,16.25,17.07285399434969
19.54,16.306238,18.24,19.141029980429096
20.18,17.31725,19.54,20.438126762835953
22.28,17.803905,20.18,21.242539588966277
23.04,19.439781,22.28,23.04678367959905
24.09,20.36375,23.04,23.84308336181866
24.559999999999995,21.232685,24.09,24.87474823733502
25.11,21.636982,24.559999999999995,25.328622632221254
25.42,21.838669,25.11,25.782206938787997
25.629999999999995,21.799648,25.42,26.04583086268752
25.81,21.711931,25.629999999999995,26.007694998114612
25.82,21.525682,25.81,25.97182613160118
25.58,21.223997,25.82,26.037193299730813
25.27,20.845345,25.58,25.70627585011212
24.72,20.165756,25.27,25.276824415382187
24.31,19.3925,24.72,24.605270985393872
23.56,18.7186,24.31,24.02149115346286
22.68,17.853708,23.56,23.12155071263246
21.58,16.74248,22.68,22.12025794630027
20.5,15.493142,21.58,20.891953082124
19.01,14.324124,20.5,19.687171652588088
17.5,12.955353,19.01,18.128320808027315
15.65,11.107873,17.5,16.57806376410885
14.57,9.522315,15.65,14.702270966501189
10.2,8.313366,14.57,13.504243195275375
8.27,5.2353954,10.2,9.817453638542148
5.98,3.5917997,8.27,7.7571404632042364
3.39,1.9518027,5.98,5.399050445925284
1.72,0.14446281,3.39,2.823420878718027
0.86,0.0,1.72,1.0684787098989024
0.0,0.0,0.86,0.04832986626583824
0.0,0.0,0.0,-0.7972963440192987
0.0,0.0,0.0,-0.8425664441520471
0.0,0.0,0.0,-0.7749747453881205
0.0,0.0,0.0,-0.6641705396077652
0.0,0.0,0.0,-0.5441469209309355
0.0,0.0,0.0,-0.4632848249886474
0.0,0.0,0.0,-0.293208779008201
0.0,0.0,0.0,-0.2153626062682312
0.0,0.0,0.0,-0.14762081474908054
0.0,0.0,0.0,-0.0762735002268117
0.0,0.0,0.0,-0.023478348534080925
0.0,0.0,0.0,0.0061960360775989085
0.0,0.0,0.0,0.03809720060792916
0.0,0.0,0.0,0.0668776673054479
0.0,0.0,0.0,0.11893605796102785
0.0,0.0,0.0,0.1275403558131247
0.0,0.0,0.0,0.1329775349489254
0.0,0.0,0.0,0.13347685319345573
0.0,0.0,0.0,0.13090203238297538
0.0,0.0,0.0,0.12166268954929879
0.0,0.0,0.0,0.11044989104111483
0.0,0.0,0.0,0.10607142138269535
0.0,0.0,0.0,-0.027151731175366484
0.0,0.0,0.0,-0.04733493231154389
0.0,0.0,0.0,-0.05565964444247482
0.0,0.0,0.0,-0.05902322100428129
0.0,0.0,0.0,-0.045113287374260874
0.0,0.0,0.0,-0.04835561067174785
0.0,0.0,0.0,-0.028560540399834543
0.0,0.0,0.0,-0.01189609100616799
0.0,0.0,0.0,0.015119753965066613
0.0,0.0,0.0,0.0217645831625014
0.0,0.0,0.0,0.03154032908760859
0.0,0.0,0.0,0.04987420288490092
0.0,0.0,0.0,0.10535798291703097
0.0,0.0,0.0,0.12994926259516
0.0,0.0,0.0,0.16061024222952824
0.0,0.0,0.0,0.19335189637340253
0.0,0.0,0.0,0.24010879670160679
0.0,0.0,0.0,0.27214768662617195
0.0,0.0,0.0,0.31746999564187944
0.0,0.0,0.0,0.36155040404762506
0.0,0.0,0.0,0.4180208348754701
0.0,0.0,0.0,0.4697227561452646
0.0,0.0,0.0,0.5174789843444101
0.0,0.0,0.0,0.565809887865704
0.0,0.0,0.0,0.6183132652004217
0.0,0.0,0.0,0.6676946982095525
0.0,0.0,0.0,0.7190350443925159
0.0,0.0,0.0,0.7722108370881603
0.0,0.0,0.0,0.8393560179044282
0.0,0.2519959,0.0,0.8971020924316756
0.0,0.3890912,0.0,0.9425627263787821
0.49,0.1639614,0.0,0.9918777891703993
1.24,0.85066956,0.49,1.4595571574978037
2.54,1.4883466,1.24,2.1905021698564315
4.27,2.5462596,2.54,3.359144618164472
7.39,4.269245,4.27,5.142669312092994
9.86,7.4467044,7.39,8.161744960444937
12.03,10.18446,9.86,10.4282289029571
13.919999999999998,11.925104,12.03,12.864016434926462
15.9,13.331991,13.919999999999998,14.658706370606586
16.9,14.706905,15.9,16.632068851461895
18.62,15.496806,16.9,17.73136477163548
20.220000000000002,16.540373,18.62,19.384676204981954
21.5,17.766655,20.220000000000002,20.99810349162396
22.52,19.243979,21.5,22.300268459243956
23.469999999999995,20.302938,22.52,23.346160260034996
24.18,21.215347,23.469999999999995,24.275405942505454
24.95,21.872013,24.18,24.96850665728042
25.61,22.405819,24.95,25.644695424028257
26.12,22.723213,25.61,26.236838929924854
26.41,22.831606,26.12,26.654022966879218
26.43,22.780779,26.41,26.85891372018337
26.44,22.507103,26.43,26.760035303979354
26.35,22.288704,26.44,26.55119617437974
26.12,21.91816,26.35,26.51485708462878
25.649999999999995,21.462082,26.12,26.17381921529738
25.16,20.636219,25.649999999999995,25.58791519813759
24.5,19.912743,25.16,24.966730871687048
23.88,19.06862,24.5,24.16189051337722
23.17,18.248152,23.88,23.383317808799312
22.3,17.123465,23.17,22.540776553119485
21.12,16.052399,22.3,21.549916640502925
19.88,14.772956,21.12,20.29122187596126
18.44,13.528958,19.88,18.97910164771837
16.72,11.797697,18.44,17.504518376767905
15.48,10.290153,16.72,15.773100152912743
13.35,9.06828,15.48,14.454632620652216
11.28,7.3869863,13.35,12.65508319586939
8.89,5.6214924,11.28,10.774505224311039
6.66,3.863484,8.89,8.44094352437885
4.7,2.2709734,6.66,6.215932058248426
2.54,0.8171435,4.7,4.2168979369238455
0.8,0.0,2.54,2.017965581729917
0.01,0.0,0.8,0.24100368098583375
0.0,0.0,0.01,-0.6624563356507127
0.0,0.0,0.0,-0.7578131695642776
0.0,0.0,0.0,-0.7093729309770367
0.0,0.0,0.0,-0.6050500152532423
0.0,0.0,0.0,-0.4991124674424279
0.0,0.0,0.0,-0.38056028956059196
0.0,0.0,0.0,-0.27325112941953744
0.0,0.0,0.0,-0.2066025504421387
0.0,0.0,0.0,-0.13955672611869469
0.0,0.0,0.0,-0.081085600816235
0.0,0.0,0.0,0.021498664949373067
0.0,0.0,0.0,0.07400688016182518
0.0,0.0,0.0,0.1000163205498551
0.0,0.0,0.0,0.11351835992097767
0.0,0.0,0.0,0.14832540903391037
0.0,0.0,0.0,0.1469788286734044
0.0,0.0,0.0,0.15135205088539602
0.0,0.0,0.0,0.1640383428721514
0.0,0.0,0.0,0.1807680018924275
0.0,0.0,0.0,0.1678351986366775
0.0,0.0,0.0,0.15460560966087752
0.0,0.0,0.0,0.13926433812270117
0.0,0.0,0.0,-0.1497767706658096
0.0,0.0,0.0,-0.16760816252302935
0.0,0.0,0.0,-0.17898985220080932
0.0,0.0,0.0,-0.1958326519997985
0.0,0.0,0.0,-0.17405907045438276
0.0,0.0,0.0,-0.17076073340144657
0.0,0.0,0.0,-0.16776978344366128
0.0,0.0,0.0,-0.15605555103022417
0.0,0.0,0.0,-0.116262695853907
0.0,0.0,0.0,-0.09552733580165416
0.0,0.0,0.0,-0.08044890491161458
0.0,0.0,0.0,-0.046465939139624275
0.0,0.0,0.0,-0.015163712280214063
0.0,0.0,0.0,0.0060479583136477735
0.0,0.0,0.0,0.0397025099100275
0.0,0.0,0.0,0.07861665364924106
0.0,0.0,0.0,0.12607802154552922
0.0,0.0,0.0,0.16719302670780367
0.0,0.0,0.0,0.2129173902547639
0.0,0.0,0.0,0.250198558500329
0.0,0.0,0.0,0.3007114832022363
0.0,0.0,0.0,0.35371730918689526
0.0,0.0,0.0,0.40833544200572003
0.0,0.0,0.0,0.4583194305558003
0.0,0.0,0.0,0.5157597549996423
0.0,0.0,0.0,0.5720177828698786
0.0,0.0,0.0,0.624684580232692
0.0,0.0,0.0,0.6822006685419383
0.0,0.0,0.0,0.7359229539278497
0.0,0.0,0.0,0.7864450433297906
0.0,0.0,0.0,0.8360012676061225
0.04,0.0,0.0,0.8871005021840205
0.44,0.09641302,0.04,0.9646417506253219
0.86,0.2618024,0.44,1.3551779542137712
1.53,0.4038127,0.86,1.7902548109940317
2.17,0.7754822,1.53,2.4166952653637708
2.98,1.9098952,2.17,3.0392193362028452
4.01,2.781679,2.98,3.8376513437954314
5.48,3.5417929,4.01,4.852837429439109
6.440000000000001,4.578909,5.48,6.245415393069428
7.530000000000001,5.9796762,6.440000000000001,7.266597006448609
8.27,6.838417,7.530000000000001,8.354279321548876
9.95,7.292833,8.27,9.131290731527208
10.89,8.128016,9.95,10.681860655800355
15.82,8.909391,10.89,11.668818458817125
15.1,12.309318,15.82,16.169314658408926
18.94,12.257234,15.1,16.06415062185996
20.78,14.798638,18.94,19.613636833043856
22.96,16.56084,20.78,21.509936341544677
24.04,18.140156,22.96,23.69796946253634
23.94,19.415699,24.04,24.955135293766272
25.1,20.007036,23.94,24.811633074548563
22.6,20.421457,25.1,25.842853596510174
23.01,19.500822,22.6,23.520964567852985
24.78,19.179203,23.01,23.669087385399454
24.97,19.789639,24.78,25.040345216250646
25.1,19.708141,24.97,25.155423737158333
24.640000000000004,19.693481,25.1,25.203054518533342
24.01,19.084229,24.640000000000004,24.69039365850114
22.99,18.282156,24.01,23.92794171154931
21.98,16.99528,22.99,22.772000956249347
20.73,15.754763,21.98,21.528774841372584
19.43,14.386869,20.73,20.14417615148239
18.01,13.027,19.43,18.726795070077824
16.41,11.336424,18.01,17.189765266386996
14.500000000000002,9.835096,16.41,15.590687623216613
12.58,8.264977,14.500000000000002,13.669720454970061
10.77,6.7008142,12.58,12.024771208710348
9.31,4.9922447,10.77,10.227399539614744
6.970000000000001,3.6331666,9.31,8.710984861580176
4.81,2.0596397,6.970000000000001,6.426699357620795
2.47,0.5709176,4.81,4.3301924768815425
0.73,0.0,2.47,1.9813776510318892
0.0,0.0,0.73,0.174497100624533
0.0,0.0,0.0,-0.7145072209639565
0.0,0.0,0.0,-0.8363988228649938
0.0,0.0,0.0,-0.7757485954740339
0.0,0.0,0.0,-0.6934757898775893
0.0,0.0,0.0,-0.5712461045925031
0.0,0.0,0.0,-0.452193750702041
0.0,0.0,0.0,-0.34882617412044076
0.0,0.0,0.0,-0.2924809325880768
0.0,0.0,0.0,-0.21990402773306345
0.0,0.0,0.0,-0.15092321330794084
0.0,0.0,0.0,-0.06301823210342741
0.0,0.0,0.0,-0.01084097193637475
0.0,0.0,0.0,0.015878082107248434
0.0,0.0,0.0,0.026477384299852594
0.0,0.0,0.0,0.05980071899157589
0.0,0.0,0.0,0.05990146187386691
0.0,0.0,0.0,0.06252126583350054
0.0,0.0,0.0,0.0615933416051373
0.0,0.0,0.0,0.07997354532497838
0.0,0.0,0.0,0.07274903709852606
0.0,0.0,0.0,0.055958715693592426
0.0,0.0,0.0,0.0480269858893379
0.0,0.0,0.0,-0.05645413309395039
0.0,0.0,0.0,-0.07790248939520936
0.0,0.0,0.0,-0.0916191822576426
0.0,0.0,0.0,-0.09016545756360184
0.0,0.0,0.0,-0.06307553045601329
0.0,0.0,0.0,-0.06264997875611136
0.0,0.0,0.0,-0.056128303197567446
0.0,0.0,0.0,-0.053885208941657145
0.0,0.0,0.0,-0.025861772204799315
0.0,0.0,0.0,-0.020013334821774396
0.0,0.0,0.0,-0.0037669065162638724
0.0,0.0,0.0,0.021365847384498954
0.0,0.0,0.0,0.0622390595668126
0.0,0.0,0.0,0.09356287173709357
0.0,0.0,0.0,0.1320347808730872
0.0,0.0,0.0,0.16272648209097063
0.0,0.0,0.0,0.21573437526062383
0.0,0.0,0.0,0.2551296319929622
0.0,0.0,0.0,0.2900912031999154
0.0,0.0,0.0,0.3300161548718297
0.0,0.0,0.0,0.38903061856148496
0.0,0.0,0.0,0.4364527150220553
0.0,0.0,0.0,0.4808942661911964
0.0,0.0,0.0,0.5283765113306441
0.0,0.0,0.0,0.5825488888744044
0.0,0.0,0.0,0.6365322077836087
0.0,0.0,0.0,0.69524009869185
0.0,0.0,0.0,0.757522249711956
0.0,0.0,0.0,0.8077849474579062
0.0,0.4760101,0.0,0.8580774022270118
0.0,0.33398154,0.0,0.9139080958539387
0.19,0.08884572,0.0,0.9582244484485545
0.92,0.65210444,0.19,1.162648343883179
1.65,1.1831788,0.92,1.8496457447901395
2.47,1.8001872,1.65,2.5333937088292355
4.93,2.481623,2.47,3.388524076033221
7.49,4.897644,4.93,5.727522368406544
8.94,7.45621,7.49,8.144020624912988
10.05,9.021178,8.94,9.838631110833342
14.22,9.555241,10.05,11.13033009616816
16.16,13.419637,14.22,14.610019418009834
16.03,15.445687,16.16,16.60108835546114
19.91,14.922427,16.03,17.036680067934945
20.18,17.510042,19.91,20.552430783256163
21.97,18.431484,20.18,21.071954445200372
22.85,19.708258,21.97,22.855498976603577
23.76,20.514696,22.85,23.731752537734174
24.53,21.282516,23.76,24.592934598618818
25.12,21.941202,24.53,25.357426102018035
25.659999999999997,22.528912,25.12,25.80983880723036
26.07,22.82414,25.659999999999997,26.289004584612574
26.26,22.84456,26.07,26.591762089760124
26.47,22.705322,26.26,26.612730691196596
26.44,22.516424,26.47,26.67875394088462
26.27,22.165567,26.44,26.65189509785169
25.6,21.78031,26.27,26.353849321224313
25.21,20.819876,25.6,25.62435836407339
24.7,20.126457,25.21,25.048021073446478
23.95,19.323612,24.7,24.37503319976612
23.18,18.45471,23.95,23.47247730141043
22.27,17.25141,23.18,22.568105922891977
20.93,16.080673,22.27,21.535107421366362
19.66,14.7231245,20.93,20.11611455777477
17.97,13.361821,19.66,18.750732062947506
15.91,11.44228,17.97,17.045202820103132
14.28,9.727464,15.91,14.991875223057566
10.97,8.205944,14.28,13.328063083090951
8.47,5.587027,10.97,10.500019244216647
6.139999999999999,3.5919766,8.47,7.992053855235085
3.93,1.911329,6.139999999999999,5.6025145770449285
2.1,0.23289394,3.93,3.336132002278683
0.68,0.0,2.1,1.4439980236148309
0.0,0.0,0.68,-0.05184612639484887
0.0,0.0,0.0,-0.8038548960726544
0.0,0.0,0.0,-0.8525415385077377
0.0,0.0,0.0,-0.7791175929295066
0.0,0.0,0.0,-0.6705411024046705
0.0,0.0,0.0,-0.5385132707417364
0.0,0.0,0.0,-0.44901053781580097
0.0,0.0,0.0,-0.31332969403543615
0.0,0.0,0.0,-0.234595325499776
0.0,0.0,0.0,-0.16089981508758722
0.0,0.0,0.0,-0.08638684358070453
0.0,0.0,0.0,-0.005184026099911265
0.0,0.0,0.0,0.03723443861467815
0.0,0.0,0.0,0.06723968948731052
0.0,0.0,0.0,0.08212202090347497
0.0,0.0,0.0,0.11926165323496273
0.0,0.0,0.0,0.12219640691215508
0.0,0.0,0.0,0.12479908989230379
0.0,0.0,0.0,0.13465656434353607
0.0,0.0,0.0,0.1584344076089427
0.0,0.0,0.0,0.15945504391808707
0.0,0.0,0.0,0.14946194545885957
0.0,0.0,0.0,0.13000041867264983
0.0,0.0,0.0,-0.012600663714897667
0.0,0.0,0.0,-0.031031918522434407
0.0,0.0,0.0,-0.04866372248834669
0.0,0.0,0.0,-0.05904662621741132
0.0,0.0,0.0,-0.03187073468181194
0.0,0.0,0.0,-0.028798784521821448
0.0,0.0,0.0,-0.025242764350020645
0.0,0.0,0.0,-0.020364133758806902
0.0,0.0,0.0,0.01622285105618201
0.0,0.0,0.0,0.027245238568178523
0.0,0.0,0.0,0.038006113213756076
0.0,0.0,0.0,0.05958440458132076
0.0,0.0,0.0,0.10003519685370085
0.0,0.0,0.0,0.12573198171487093
0.0,0.0,0.0,0.1537024458762071
0.0,0.0,0.0,0.18241011402207546
0.0,0.0,0.0,0.22670067718646553
0.0,0.0,0.0,0.2619918880079396
0.0,0.0,0.0,0.3044805805162603
0.0,0.0,0.0,0.3469079675552108
0.0,0.0,0.0,0.4010405661513931
0.0,0.0,0.0,0.44831063272130084
0.0,0.0,0.0,0.49409444065696184
0.0,0.0,0.0,0.5526053787513973
0.0,0.0,0.0,0.60501375795451
0.0,0.0,0.0,0.6573561200307491
0.0,0.0,0.0,0.7097150432420464
0.0,0.0,0.0,0.7627566554194403
0.0,0.0,0.0,0.8143675945637419
0.0,0.15247107,0.0,0.8674470534713372
0.0,0.043478724,0.0,0.9200515657630087
0.53,0.0,0.0,0.9768714853202229
1.79,0.528286,0.53,1.4911827609110868
3.71,1.5938694,1.79,2.668021775677594
5.0600000000000005,3.6377873,3.71,4.619311620500933
7.61,5.3835626,5.0600000000000005,6.0927333522576275
9.66,8.0496435,7.61,8.620232497421462
11.81,10.131249,9.66,10.38712260713536
13.84,11.478554,11.81,12.820304583542688
15.69,13.084387,13.84,14.567845068782846
17.5,14.618181,15.69,16.40201474827302
19.01,15.772336,17.5,18.246681809271315
20.4,17.121336,19.01,19.761010431091144
21.78,18.33726,20.4,21.20936828045819
22.95,19.695576,21.78,22.607861006515215
23.83,20.666359,22.95,23.758948044015263
24.6,21.567215,23.83,24.6227808832749
25.22,22.135595,24.6,25.362186335232728
25.49,22.70432,25.22,25.909986986748443
25.98,22.95628,25.49,26.128272073346956
26.34,23.161997,25.98,26.49187875450628
26.48,23.16825,26.34,26.7191568371626
26.54,22.89499,26.48,26.74767132457715
26.43,22.627447,26.54,26.708244424858268
26.24,22.286575,26.43,26.532380033063944
26.08,21.843645,26.24,26.249830356301345
25.59,21.07656,26.08,25.946841632261744
25.07,20.355719,25.59,25.34398296857465
24.34,19.600143,25.07,24.690421996575157
23.32,18.745743,24.34,23.827156098070603
22.34,17.325413,23.32,22.69207458938392
21.239999999999995,16.031372,22.34,21.591350064356416
19.79,14.766486,21.239999999999995,20.36740756712049
18.76,13.503756,19.79,18.85468005587659
17.07,11.8786745,18.76,17.73299740546114
15.42,10.341434,17.07,16.06544009755659
13.369999999999997,8.942343,15.42,14.43509350400017
11.230000000000002,7.318355,13.369999999999997,12.662752665218944
8.99,5.5015674,11.230000000000002,10.74721421588458
6.75,3.7230258,8.99,8.53270679163839
4.779999999999999,2.056965,6.75,6.325899290528213
2.67,0.5658604,4.779999999999999,4.308657162423408
0.64,0.0,2.67,2.188299524311059
0.0,0.0,0.64,0.12015030527412651
0.0,0.0,0.0,-0.6921205060428764
0.0,0.0,0.0,-0.7841792134208494
0.0,0.0,0.0,-0.7401395435440439
0.0,0.0,0.0,-0.6282938568171829
0.0,0.0,0.0,-0.5132353903184022
0.0,0.0,0.0,-0.3924127052112397
0.0,0.0,0.0,-0.27855232461967644
0.0,0.0,0.0,-0.20689601311451217
0.0,0.0,0.0,-0.134497887598891
0.0,0.0,0.0,-0.07112612443979809
0.0,0.0,0.0,0.015150286415713636
0.0,0.0,0.0,0.08147367496359187
0.0,0.0,0.0,0.10680909423478464
0.0,0.0,0.0,0.10889910505293582
0.0,0.0,0.0,0.1456993439549999
0.0,0.0,0.0,0.15445909964124582
0.0,0.0,0.0,0.16293009604650577
0.0,0.0,0.0,0.16282302599926513
0.0,0.0,0.0,0.1957280729400672
0.0,0.0,0.0,0.185924162635708
0.0,0.0,0.0,0.17771884190112788
0.0,0.0,0.0,0.16335297412998911
0.0,0.0,0.0,0.003666614802925426
0.0,0.0,0.0,-0.016683819644565216
0.0,0.0,0.0,-0.0325438275511785
0.0,0.0,0.0,-0.023263619691211712
0.0,0.0,0.0,0.010852534809167418
0.0,0.0,0.0,0.011525032672452806
0.0,0.0,0.0,0.0009472661688900326
0.0,0.0,0.0,0.007148909935165166
0.0,0.0,0.0,0.04504392873212451
0.0,0.0,0.0,0.057905614163266866
0.0,0.0,0.0,0.08749578427614695
0.0,0.0,0.0,0.11261161226155712
0.0,0.0,0.0,0.15004875722202443
0.0,0.0,0.0,0.1684041280766294
0.0,0.0,0.0,0.2007306678616595
0.0,0.0,0.0,0.2729583760643953
0.0,0.0,0.0,0.30584290962193283
0.0,0.0,0.0,0.34359009086762304
0.0,0.0,0.0,0.3912423694904454
0.0,0.0,0.0,0.4393412420735187
0.0,0.0,0.0,0.4890010612541388
0.0,0.0,0.0,0.5330124720260203
0.0,0.0,0.0,0.5809058238255134
0.0,0.0,0.0,0.6348340629382421
0.0,0.0,0.0,0.68877240038852
0.0,0.0,0.0,0.7422961733282282
0.0,0.0,0.0,0.7851193017556223
0.0,0.363912,0.0,0.8321955820338547
0.0,0.7611174,0.0,0.887856503001891
0.0,0.8190707,0.0,0.941682537254773
0.46,0.7256117,0.0,0.9897121953816367
2.16,1.5085441,0.46,1.43965537387778
3.91,2.9377527,2.16,2.9519062728960694
6.43,5.0551257,3.91,4.865902034697367
7.98,7.5747113,6.43,7.371973332033218
10.58,9.897713,7.98,9.080001753062623
12.7,11.893169,10.58,11.329694231267073
14.58,13.049719,12.7,13.622033634937813
16.43,14.400955,14.58,15.329567028710494
18.090000000000003,15.72459,16.43,17.166084642981883
19.82,16.91504,18.090000000000003,18.80920522748548
21.15,18.361027,19.82,20.545227647517823
22.37,19.698849,21.15,21.93546550988306
23.12,20.96962,22.37,23.183472794517296
24.04,21.67008,23.12,23.945435039486085
25.05,22.342047,24.04,24.78377967018723
25.649999999999995,22.83376,25.05,25.69703240429498
26.08,23.18289,25.649999999999995,26.254772505826566
26.42,23.393417,26.08,26.63709329136848
26.6,23.392872,26.42,26.88028713192185
26.790000000000003,23.236767,26.6,26.960045628267157
26.97,22.949144,26.790000000000003,27.02247462645502
26.840000000000003,22.776035,26.97,27.0535451101141
26.66,22.44848,26.840000000000003,26.883621769186885
26.26,22.123478,26.66,26.630012290230386
25.709999999999997,21.295853,26.26,26.118034311852558
25.0,20.53708,25.709999999999997,25.455397323919712
24.16,19.675583,25.0,24.59817785642948
23.31,18.754665,24.16,23.61888273647033
22.54,17.498493,23.31,22.63005046823042
21.53,16.566347,22.54,21.73284453925789
20.13,15.504882,21.53,20.619485061454437
18.76,14.187047,20.13,19.174129565996093
17.16,12.4845295,18.76,17.763327721565684
15.5,11.000469,17.16,16.15772673962718
13.7,9.576891,15.5,14.504737932336665
11.71,8.012202,13.7,12.994942304533097
9.59,6.293491,11.71,11.202486768352353
7.27,4.6953917,9.59,9.127581804580142
4.67,3.1626813,7.27,6.857643784237776
2.54,1.4717742,4.67,4.265786410592676
1.29,0.0,2.54,2.0578073057602335
0.0,0.0,1.29,0.6647618076043926
0.0,0.0,0.0,-0.7062977262832842
0.0,0.0,0.0,-0.7952439429426461
0.0,0.0,0.0,-0.7705451956403966
0.0,0.0,0.0,-0.6691483923314493
0.0,0.0,0.0,-0.5426458881665537
0.0,0.0,0.0,-0.44649222257534493
0.0,0.0,0.0,-0.3295500858613854
0.0,0.0,0.0,-0.2598684007876379
0.0,0.0,0.0,-0.1886404826608532
0.0,0.0,0.0,-0.11339991242744596
0.0,0.0,0.0,-0.012684352941500221
0.0,0.0,0.0,0.0315698982200341
0.0,0.0,0.0,0.07767046567555241
0.0,0.0,0.0,0.09472154473532188
0.0,0.0,0.0,0.12902520279267754
0.0,0.0,0.0,0.13783867733971136
0.0,0.0,0.0,0.13775122718698782
0.0,0.0,0.0,0.1402597949571759
0.0,0.0,0.0,0.16378454685904317
0.0,0.0,0.0,0.16011873801326693
0.0,0.0,0.0,0.14699745982313367
0.0,0.0,0.0,0.129501105168944
0.0,0.0,0.0,-0.12953827932096673
0.0,0.0,0.0,-0.13761455100905357
0.0,0.0,0.0,-0.15317184329615297
0.0,0.0,0.0,-0.1622403814620193
0.0,0.0,0.0,-0.13920394107097792
0.0,0.0,0.0,-0.1353290345079096
0.0,0.0,0.0,-0.126911107515303
0.0,0.0,0.0,-0.12011300105018365
0.0,0.0,0.0,-0.08973541103236143
0.0,0.0,0.0,-0.0753039572909858
0.0,0.0,0.0,-0.0583950945480477
0.0,0.0,0.0,-0.03635064996545586
0.0,0.0,0.0,0.005860348413865846
0.0,0.0,0.0,0.0363758806658742
0.0,0.0,0.0,0.06684384918675144
0.0,0.0,0.0,0.09091260600578784
0.0,0.0,0.0,0.14147247627302864
0.0,0.0,0.0,0.17878374153942414
0.0,0.0,0.0,0.21362595115388477
0.0,0.0,0.0,0.2557689424612598
0.0,0.0,0.0,0.30646549781992666
0.0,0.0,0.0,0.36060814371039424
0.0,0.0,0.0,0.40411503964699713
0.0,0.0,0.0,0.45641600322670306
0.0,0.0,0.0,0.5079299569786052
0.0,0.0,0.0,0.5636099154842473
0.0,0.0,0.0,0.613087839505145
0.0,0.0,0.0,0.6646044665901822
0.0,0.0,0.0,0.7370767182200224
0.0,0.2169387,0.0,0.788049255240974
0.0,0.34982726,0.0,0.8408259324790034
0.34,0.2986816,0.0,0.8923650142895699
2.01,1.0826294,0.34,1.2311119117393527
4.25,2.545745,2.01,2.674849614982647
6.4,4.9957857,4.25,5.0603978508148915
8.05,7.5060368,6.4,7.260300921475686
10.71,9.90952,8.05,9.059568482768976
12.92,12.031552,10.71,11.34982199851292
14.94,13.281953,12.92,13.674048624250227
16.75,14.772515,14.94,15.5576388992056
18.41,16.29525,16.75,17.35434638505061
19.87,17.692528,18.41,18.978801939012914
21.269999999999996,18.85162,19.87,20.47671800223841
22.5,19.999838,21.269999999999996,21.90457890475253
23.73,21.175547,22.5,23.15560484531733
24.42,22.065128,23.73,24.347373160597648
25.43,22.586603,24.42,25.0355850086128
26.13,23.022192,25.43,25.977636788957053
26.69,23.332563,26.13,26.64021544429912
27.15,23.576942,26.69,27.134780363116544
27.27,23.6136,27.15,27.496498674277632
27.869999999999997,23.495815,27.27,27.521816975669736
28.16,23.365673,27.869999999999997,27.957415096762833
16.75,23.409101,28.16,27.974076341453785
8.09,16.78307,16.75,17.9965969544683
7.02,11.056228,8.09,9.396816992806636
7.47,7.9986563,7.02,7.1279053785212465
17.83,6.544969,7.47,6.5225314255571405
17.19,10.73818,17.83,15.446702465062742
11.739999999999998,11.908525,17.19,15.679799013854556
17.94,10.381107,11.739999999999998,11.673099700543663
22.379999999999995,11.848172,17.94,17.022469248510127
21.53,13.558,22.379999999999995,20.866976340501907
19.27,14.033908,21.53,20.583241814900184
17.64,13.608997,19.27,18.65022796326124
15.52,12.082922,17.64,17.023791352303952
13.369999999999997,9.858645,15.52,15.271122823610332
12.17,7.966914,13.369999999999997,13.47469994125066
9.5,6.675281,12.17,12.123246883202452
6.2,5.039705,9.5,9.558516468311248
4.94,2.8968277,6.2,6.146001591908622
2.71,1.7890699,4.94,4.786565585137086
1.29,0.0,2.71,2.534348243792677
0.0,0.0,1.29,0.9800441789265093
0.0,0.0,0.0,-0.4832904704937427
0.0,0.0,0.0,-0.5871821458190575
0.0,0.0,0.0,-0.49955753826157673
0.0,0.0,0.0,-0.4229864147177687
0.0,0.0,0.0,-0.36236957217373444
0.0,0.0,0.0,-0.3496121796273378
0.0,0.0,0.0,-0.3052736894971589
0.0,0.0,0.0,-0.2770172446324638
0.0,0.0,0.0,-0.15617818470644756
0.0,0.0,0.0,-0.12974602767109578
0.0,0.0,0.0,-0.10097648159400903
0.0,0.0,0.0,-0.03248942545439816
0.0,0.0,0.0,0.03574243890316801
0.0,0.0,0.0,0.054865460499301674
0.0,0.0,0.0,0.08459801325088104
0.0,0.0,0.0,0.09594371667271298
0.0,0.0,0.0,0.09899902911381359
0.0,0.0,0.0,0.09747714398657623
0.0,0.0,0.0,0.1238956780617757
0.0,0.0,0.0,0.11537835325710166
0.0,0.0,0.0,0.09557998423613506
0.0,0.0,0.0,0.08784548899042358
0.0,0.0,0.0,-0.03431691760245773
0.0,0.0,0.0,-0.05289533963626917
0.0,0.0,0.0,-0.06764682923037994
0.0,0.0,0.0,-0.07109351525551685
0.0,0.0,0.0,-0.044597065709591696
0.0,0.0,0.0,-0.04139898329636342
0.0,0.0,0.0,-0.044345469493273226
0.0,0.0,0.0,-0.03281469011137069
0.0,0.0,0.0,0.00521404464953551
0.0,0.0,0.0,0.009471397840369981
0.0,0.0,0.0,0.02576035846368228
0.0,0.0,0.0,0.05618751409646912
0.0,0.0,0.0,0.0977638838193292
0.0,0.0,0.0,0.1271281402389735
0.0,0.0,0.0,0.15952675046641632
0.0,0.0,0.0,0.2006643405273331
0.0,0.0,0.0,0.2549711179598413
0.0,0.0,0.0,0.2941616858975655
0.0,0.0,0.0,0.3355809927243802
0.0,0.0,0.0,0.3806646928917974
0.0,0.0,0.0,0.43093050029179925
0.0,0.0,0.0,0.4784457934458008
0.0,0.0,0.0,0.5264388994631862
0.0,0.0,0.0,0.5804930938461342
0.0,0.0,0.0,0.636471041550645
0.0,0.0,0.0,0.6885664684866408
0.0,0.0,0.0,0.74790714872321
0.0,0.0,0.0,0.8005863074531875
0.0,0.0,0.0,0.8520627995040824
0.0,0.29733106,0.0,0.8934674742753993
0.0,0.4668623,0.0,0.9575529074660709
0.3,0.45982853,0.0,1.0014176401144785
2.19,1.1579608,0.3,1.3105465077107004
4.28,2.796746,2.19,2.865823381397236
7.16,5.1565914,4.28,5.236282579098437
7.74,8.080587,7.16,8.076363050212711
9.17,9.807978,7.74,8.948263902192638
13.959999999999999,10.337704,9.17,10.190764289245607
13.81,13.168589,13.959999999999999,14.538371532117724
17.33,13.656008,13.81,14.751480193443665
18.95,16.286667,17.33,17.944203539637154
20.56,17.787632,18.95,19.54540037795917
21.7,19.218498,20.56,21.246715395343085
22.83,20.33142,21.7,22.53099215171156
23.9,21.73758,22.83,23.59982357423695
24.97,22.482779,23.9,24.693631711367445
25.730000000000004,23.205873,24.97,25.647972493305645
26.29,23.667307,25.730000000000004,26.367089815712383
26.769999999999996,23.94817,26.29,26.916197659363277
27.12,24.09979,26.769999999999996,27.336282945459836
27.41,24.139477,27.12,27.514937837181005
27.47,23.979902,27.41,27.729892990359332
27.48,23.695093,27.47,27.607242840801675
27.41,23.397297,27.48,27.428670329659433
27.26,22.98103,27.41,27.39392216798172
26.95,22.540535,27.26,27.13859244645279
26.56,21.742666,26.95,26.726972743121323
26.29,21.033077,26.56,26.20990002361915
25.75,20.38566,26.29,25.756331096121432
18.42,19.584007,25.75,25.08233464610122
18.81,15.45183,18.42,18.42920484982142
10.0,14.872651,18.81,18.12365966241708
13.91,8.692909,10.0,9.969781976317
19.169999999999998,8.979237,13.91,12.542632562941767
12.51,10.810092,19.169999999999998,16.80398842212938
17.72,8.0731,12.51,11.6302812550804
16.35,10.178912,17.72,16.170343823570665
13.77,9.499745,16.35,15.00500181317663
11.13,7.7355223,13.77,13.376112164300968
8.12,5.8673196,11.13,10.993986630508687
1.62,3.9640114,8.12,7.859202153182013
0.91,0.034549166,1.62,1.703584479326838
0.32,0.0,0.91,0.4788775144722507
0.0,0.0,0.32,-0.4596598269732563
0.0,0.0,0.0,-0.6784012555159412
0.0,0.0,0.0,-0.6863653957879894
0.0,0.0,0.0,-0.7078455405579267
0.0,0.0,0.0,-0.3718583779998953
0.0,0.0,0.0,-0.43514638714498793
0.0,0.0,0.0,-0.3612438772695818
0.0,0.0,0.0,-0.2494151334135266
0.0,0.0,0.0,-0.1661619584157744
0.0,0.0,0.0,-0.07643570400859775
0.0,0.0,0.0,0.08796014419243171
0.0,0.0,0.0,0.10109566996334489
0.0,0.0,0.0,0.12361351563335628
0.0,0.0,0.0,0.0818909368861178
0.0,0.0,0.0,0.09714430132474715
0.0,0.0,0.0,0.16639276713579457
0.0,0.0,0.0,0.13453115676399532
0.0,0.0,0.0,0.1643247110043273
0.0,0.0,0.0,0.17180151367317392
0.0,0.0,0.0,0.22217964800503567
0.0,0.0,0.0,0.21672616341959017
0.0,0.0,0.0,0.20355264794156508
0.0,0.0,0.0,0.15888847308190204
0.0,0.0,0.0,-0.0009296590930997668
0.0,0.0,0.0,-0.009379073465727254
0.0,0.0,0.0,-0.017285659947693047
0.0,0.0,0.0,-0.019367898420538446
0.0,0.0,0.0,0.002205669441115131
0.0,0.0,0.0,0.0008851784355989531
0.0,0.0,0.0,0.004209062207251278
0.0,0.0,0.0,0.01724059912755708
0.0,0.0,0.0,0.05247952011367355
0.0,0.0,0.0,0.07270282028025717
0.0,0.0,0.0,0.08906152986571739
0.0,0.0,0.0,0.1102245568192437
0.0,0.0,0.0,0.1562812390758862
0.0,0.0,0.0,0.18639053457012406
0.0,0.0,0.0,0.21971411100193572
0.0,0.0,0.0,0.25522321419069466
0.0,0.0,0.0,0.30242904733262665
0.0,0.0,0.0,0.34317660218577484
0.0,0.0,0.0,0.3722536881170399
0.0,0.0,0.0,0.41468925403212775
0.0,0.0,0.0,0.4582909481760041
0.0,0.0,0.0,0.5042733859863728
0.0,0.0,0.0,0.5451299974164723
0.0,0.0,0.0,0.5951408854961303
0.0,0.0,0.0,0.6498271049324449
0.0,0.0,0.0,0.7190189371637288
0.0,0.0,0.0,0.7584508781792911
0.0,0.0,0.0,0.8192315978586177
0.0,0.0,0.0,0.8764794544403207
0.0,0.06370042,0.0,0.9333786914278215
0.01,0.3954021,0.0,0.9566712119256732
0.19,0.33699998,0.01,1.0207902185506994
1.97,0.7672288,0.19,1.2383786632201803
4.01,2.3183239,1.97,2.698315678249486
6.29,4.528284,4.01,4.983963302070255
8.74,6.983183,6.29,7.308861934512191
10.98,9.843203,8.74,9.820922517911315
13.43,11.8182535,10.98,11.842342852989388
15.35,13.257443,13.43,14.263627404768231
16.54,14.315335,15.35,16.158075628577198
18.17,15.584253,16.54,17.404325697098415
20.05,16.951239,18.17,18.92610835375507
21.48,18.385027,20.05,20.723502658948824
22.67,19.790869,21.48,22.20402594036392
23.75,21.32015,22.67,23.436983832809435
24.6,22.407389,23.75,24.495760320265042
25.34,23.151869,24.6,25.328467152488358
25.99,23.58055,25.34,26.0070624994008
26.4,23.871435,25.99,26.582852617395602
26.78,24.011114,26.4,26.935428570433515
27.02,23.954111,26.78,27.208803938948634
27.05,23.800323,27.02,27.3419536097677
26.96,23.454283,27.05,27.23477555455773
26.94,23.143679,26.96,26.933488659442872
26.820000000000004,22.76565,26.94,26.9392786262925
26.66,22.322496,26.820000000000004,26.728493876720133
26.1,21.578691,26.66,26.44249453320458
25.53,20.82624,26.1,25.77130280394924
24.77,19.977922,25.53,25.075100979172458
24.19,19.035217,24.77,24.187821907609614
23.07,17.907782,24.19,23.43632431788225
21.99,16.726416,23.07,22.2414407145702
20.62,15.4367895,21.99,21.058861010093423
19.139999999999997,14.067664,20.62,19.632042621881645
17.32,12.239377,19.139999999999997,18.118623020689153
15.600000000000001,10.624906,17.32,16.322961511021017
13.71,9.128471,15.600000000000001,14.602303346676377
12.41,7.4972644,13.71,13.056515850402782
10.32,6.063035,12.41,11.805822999226052
8.06,4.5968914,10.32,9.813775435970696
5.43,3.0424533,8.06,7.668802509048237
3.2,1.2947279,5.43,5.073435624048238
1.16,0.0,3.2,2.7680181339674026
0.0,0.0,1.16,0.6574915324339625
0.0,0.0,0.0,-0.6713617790844941
0.0,0.0,0.0,-0.7926480497607169
0.0,0.0,0.0,-0.7741092487151229
0.0,0.0,0.0,-0.6556161068100035
0.0,0.0,0.0,-0.515582065358962
0.0,0.0,0.0,-0.38894102880940823
0.0,0.0,0.0,-0.28136927272256085
0.0,0.0,0.0,-0.20643972258330945
0.0,0.0,0.0,-0.12578788753553585
0.0,0.0,0.0,-0.04470288872341882
0.0,0.0,0.0,0.050044866010086744
0.0,0.0,0.0,0.11516035142084824
0.0,0.0,0.0,0.16081569327062592
0.0,0.0,0.0,0.17148231865940633
0.0,0.0,0.0,0.200589164940958
0.0,0.0,0.0,0.2107093002222976
0.0,0.0,0.0,0.21475911962051375
0.0,0.0,0.0,0.21296658810146463
0.0,0.0,0.0,0.2415107015592645
0.0,0.0,0.0,0.23525249833833026
0.0,0.0,0.0,0.22416193068354728
0.0,0.0,0.0,0.20969988168439826
0.0,0.0,0.0,0.0413871363033636
0.0,0.0,0.0,0.022137064210370795
0.0,0.0,0.0,0.005300115950811896
0.0,0.0,0.0,0.0018436686723132152
0.0,0.0,0.0,0.025863320300503236
0.0,0.0,0.0,0.024650750603871473
0.0,0.0,0.0,0.02868183602336259
0.0,0.0,0.0,0.029201094378299066
0.0,0.0,0.0,0.06383507691243344
0.0,0.0,0.0,0.08159780945137216
0.0,0.0,0.0,0.09782197201963455
0.0,0.0,0.0,0.12378665451332416
0.0,0.0,0.0,0.16518696411696887
0.0,0.0,0.0,0.18555035710514295
0.0,0.0,0.0,0.2213006063568424
0.0,0.0,0.0,0.24700112092947674
0.0,0.0,0.0,0.3020850667261794
0.0,0.0,0.0,0.34208459390497825
0.0,0.0,0.0,0.3714229579893718
0.0,0.0,0.0,0.41005572917640803
0.0,0.0,0.0,0.46603141539680804
0.0,0.0,0.0,0.5174786717619693
0.0,0.0,0.0,0.5630920125487401
0.0,0.0,0.0,0.6145911843741603
0.0,0.0,0.0,0.6717933010480658
0.0,0.0,0.0,0.7269189390924808
0.0,0.0,0.0,0.7800065481326345
0.0,0.0,0.0,0.829244035943887
0.0,0.0,0.0,0.8831706914990449
0.0,0.0,0.0,0.9337807665660895
0.0,0.22687171,0.0,0.9841560607735937
0.24,0.0,0.0,1.037839342095186
0.86,0.47045493,0.24,1.2942102907068813
4.02,0.9532957,0.86,1.9387439150489907
6.35,3.64903,4.02,4.94063599564387
8.94,6.5545535,6.35,7.332477639483094
11.14,9.877974,8.94,10.001528071639306
13.45,11.809412,11.14,12.069422928674555
15.12,13.233458,13.45,14.34166742046805
16.99,14.142042,15.12,16.006749892431632
18.090000000000003,15.704613,16.99,17.758578124602764
20.09,16.67069,18.090000000000003,18.902934673243852
21.77,18.16699,20.09,20.79494699106334
22.98,19.67658,21.77,22.497242259878202
24.07,21.275484,22.98,23.75899795981686
25.15,22.33006,24.07,24.875945148321446
25.92,23.355955,25.15,25.858202083816575
26.51,23.97407,25.92,26.596210556841015
26.810000000000002,24.343416,26.51,27.118605005700537
27.22,24.42956,26.810000000000002,27.34568700837645
27.64,24.324902,27.22,27.647875399581363
27.75,24.21256,27.64,27.93451576625321
27.73,23.937431,27.75,27.9136389052011
27.71,23.644161,27.73,27.636491603099127
27.53,23.282316,27.71,27.71097836741181
27.09,22.813969,27.53,27.44676738014555
26.69,21.940718,27.09,26.89874172765173
25.98,21.195608,26.69,26.343922061152167
25.25,20.28182,25.98,25.500826989422222
24.47,19.362694,25.25,24.635165681502663
23.46,18.09443,24.47,23.71382075118225
22.36,16.856905,23.46,22.594979235978
20.96,15.543326,22.36,21.395350770677805
19.52,14.154243,20.96,19.94470668318871
17.57,12.32909,19.52,18.466819050175832
15.79,10.645187,17.57,16.556455255597054
13.91,9.120399,15.79,14.773205131490453
12.56,7.482156,13.91,13.2166595185511
10.39,5.9915695,12.56,11.954032762189815
7.72,4.5005445,10.39,9.87413355340636
5.48,2.7508388,7.72,7.363025701786404
3.23,1.0908939,5.48,5.088036786927353
1.18,0.0,3.23,2.7651296590177097
0.0,0.0,1.18,0.6597062435822068
0.0,0.0,0.0,-0.6669050766029655
0.0,0.0,0.0,-0.7877095356509292
0.0,0.0,0.0,-0.7451004230969458
0.0,0.0,0.0,-0.6329308481194571
0.0,0.0,0.0,-0.49778706129309813
0.0,0.0,0.0,-0.37725659771855496
0.0,0.0,0.0,-0.27178500511507386
0.0,0.0,0.0,-0.199259859395272
0.0,0.0,0.0,-0.12110409761264922
0.0,0.0,0.0,-0.04809741541383125
0.0,0.0,0.0,0.0448118975436353
0.0,0.0,0.0,0.10727154510143605
0.0,0.0,0.0,0.14705327525283388
0.0,0.0,0.0,0.15889646405400695
0.0,0.0,0.0,0.19716064061473623
0.0,0.0,0.0,0.19967336445851522
0.0,0.0,0.0,0.1990645630249541
0.0,0.0,0.0,0.19655227023518715
0.0,0.0,0.0,0.22902128081887635
0.0,0.0,0.0,0.22563806003515774
0.0,0.0,0.0,0.2172336161054682
0.0,0.0,0.0,0.19839105820485023
0.0,0.0,0.0,0.019123224161562216
0.0,0.0,0.0,-0.000470810399096043
0.0,0.0,0.0,-0.015054874195187303
0.0,0.0,0.0,-0.015811406618114268
0.0,0.0,0.0,0.00615274783153227
0.0,0.0,0.0,0.008034645339343987
0.0,0.0,0.0,0.016797576774140784
0.0,0.0,0.0,0.02508689822869458
0.0,0.0,0.0,0.053277714255563526
0.0,0.0,0.0,0.07629334530808984
0.0,0.0,0.0,0.08713149127238513
0.0,0.0,0.0,0.11251065018785805
0.0,0.0,0.0,0.1617323620129686
0.0,0.0,0.0,0.19536890073267252
0.0,0.0,0.0,0.22095114400599347
0.0,0.0,0.0,0.25705536607626034
0.0,0.0,0.0,0.3078407604381288
0.0,0.0,0.0,0.3516478498361628
0.0,0.0,0.0,0.3891552669690493
0.0,0.0,0.0,0.43123105188188726
0.0,0.0,0.0,0.4805711696436558
0.0,0.0,0.0,0.5284546056505229
0.0,0.0,0.0,0.5824603332129538
0.0,0.0,0.0,0.6356891812754037
0.0,0.0,0.0,0.6859566988050245
0.0,0.0,0.0,0.7350493478498182
0.0,0.0,0.0,0.7872931266298128
0.0,0.0,0.0,0.8407653645140807
0.0,0.0,0.0,0.8957083544867502
0.0,0.42027462,0.0,0.9450505938430188
0.0,0.4281963,0.0,1.0017728136585187
0.33,0.20760392,0.0,1.0551792903660364
1.75,0.79433453,0.33,1.4003259575764593
3.92,2.3681095,1.75,2.4411667638089365
6.28,4.4642663,3.92,4.932494979009994
8.81,6.9477267,6.28,7.332448219457647
11.53,9.903406,8.81,9.913375224378289
13.7,12.287012,11.53,12.35292451971665
15.71,13.806856,13.7,14.568845651202002
17.53,15.06442,15.71,16.535726284064353
18.64,16.575066,17.53,18.3044945403162
20.34,17.624285,18.64,19.443822811187257
21.99,18.826326,20.34,21.080812390150797
23.24,20.22835,21.99,22.707329106304844
24.26,21.722303,23.24,23.988979081848523
25.04,22.666119,24.26,25.024874226046805
25.649999999999995,23.355667,25.04,25.77051425776379
26.32,23.779295,25.649999999999995,26.35036455629359
27.21,24.313248,26.32,26.922282536509805
27.58,24.569075,27.21,27.67615599175822
27.85,24.557463,27.58,27.973999127000795
28.0,24.451965,27.85,28.15526948257677
28.02,24.12992,28.0,28.176817654372044
27.910000000000004,23.846027,28.02,27.92625511397755
27.72,23.41348,27.910000000000004,27.925863623960797
27.32,22.950909,27.72,27.625847662810628
26.66,22.065752,27.32,27.105192572447034
26.33,21.189741,26.66,26.330493995131135
25.32,20.436325,26.33,25.832055637035126
24.36,19.428064,25.32,24.715732405207415
23.26,18.074133,24.36,23.633128445969877
22.04,16.70356,23.26,22.414855257214114
20.33,15.313878,22.04,21.0922589848041
19.6,13.769126,20.33,19.367444866045595
17.84,12.255804,19.6,18.466172733435993
15.94,10.749455,17.84,16.739091337204016
13.919999999999998,9.224385,15.94,14.91571049723688
11.87,7.5456667,13.919999999999998,13.252003864174624
9.4,5.7034163,11.87,11.399172529303122
7.18,3.9517932,9.4,8.995790274996963
4.92,2.3508859,7.18,6.768782096329432
2.67,0.7231632,4.92,4.464335811195431
0.69,0.0,2.67,2.167165385384128
0.0,0.0,0.69,0.14015016175793954
0.0,0.0,0.0,-0.7080411450183494
0.0,0.0,0.0,-0.7798738614605623
0.0,0.0,0.0,-0.7323550667913623
0.0,0.0,0.0,-0.6042907734484705
0.0,0.0,0.0,-0.47296106225947565
0.0,0.0,0.0,-0.3443363819262708
0.0,0.0,0.0,-0.23826659276749673
0.0,0.0,0.0,-0.15756708309875925
0.0,0.0,0.0,-0.08804457701656787
0.0,0.0,0.0,-0.015476702934696853
0.0,0.0,0.0,0.07684654243413655
0.0,0.0,0.0,0.13507615226245653
0.0,0.0,0.0,0.15955898127179974
0.0,0.0,0.0,0.1648378369693915
0.0,0.0,0.0,0.20466394320288298
0.0,0.0,0.0,0.2118605435950183
0.0,0.0,0.0,0.21707087973870384
0.0,0.0,0.0,0.21720448101142872
0.0,0.0,0.0,0.24242661018487335
0.0,0.0,0.0,0.23245553181745976
0.0,0.0,0.0,0.2179678906041235
0.0,0.0,0.0,0.20328108345023213
0.0,0.0,0.0,-0.18641627542012695
0.0,0.0,0.0,-0.20270156030704095
0.0,0.0,0.0,-0.21351776235296757
0.0,0.0,0.0,-0.219746507227319
0.0,0.0,0.0,-0.19429280331355644
0.0,0.0,0.0,-0.1908771111683532
0.0,0.0,0.0,-0.178192787408408
0.0,0.0,0.0,-0.16944540804718644
0.0,0.0,0.0,-0.13413347579687573
0.0,0.0,0.0,-0.12081157647600448
0.0,0.0,0.0,-0.10129349357056547
0.0,0.0,0.0,-0.08052234703802223
0.0,0.0,0.0,-0.03434848555929064
0.0,0.0,0.0,-0.004670597869841885
0.0,0.0,0.0,0.023110343190658206
0.0,0.0,0.0,0.05753233309397898
0.0,0.0,0.0,0.10855238601857074
0.0,0.0,0.0,0.14756730908533675
0.0,0.0,0.0,0.188778034811744
0.0,0.0,0.0,0.22867400937064572
0.0,0.0,0.0,0.2920385548796588
0.0,0.0,0.0,0.34067094424546673
0.0,0.0,0.0,0.3929505727259273
0.0,0.0,0.0,0.44448854184541775
0.0,0.0,0.0,0.49707590959301867
0.0,0.0,0.0,0.5486826490490145
0.0,0.0,0.0,0.6008248485200549
0.0,0.0,0.0,0.6522946038448851
0.0,0.0,0.0,0.7014886062364014
0.0,0.0,0.0,0.757615777939173
0.01,0.0,0.0,0.808306681297791
0.53,0.0,0.01,0.8724061551535093
1.31,0.0,0.53,1.3750371239812977
4.27,0.70321125,1.31,2.0523964768746747
5.81,3.365653,4.27,4.8055573999520265
4.530000000000001,5.5446134,5.81,6.614650386822445
6.75,5.683831,4.530000000000001,5.653074212431224
8.93,6.5226784,6.75,7.549248023809933
7.63,7.825603,8.93,9.526624943034875
10.2,7.658551,7.63,8.648296339574996
17.42,8.887959,10.2,10.85905731727127
17.89,12.827584,17.42,17.260759188779964
11.09,15.375022,17.89,18.248756423268077
15.030000000000001,12.239479,11.09,12.939115363722951
23.58,13.38855,15.030000000000001,16.040832235833427
21.66,17.945354,23.58,23.3427988090333
14.48,18.541729,21.66,22.210394297462635
13.9,15.504595,14.48,16.18774346872952
9.580000000000002,13.093459,13.9,15.143395273868217
16.62,10.239543,9.580000000000002,10.694776277482452
19.169999999999998,12.815287,16.62,16.31156056936625
27.69,14.575774,19.169999999999998,18.692240230076276
26.26,20.09567,27.69,26.71729216032561
25.74,20.669973,26.26,26.257639342634896
26.16,20.85936,25.74,26.3182497871809
23.76,20.242214,26.16,26.84776571547222
19.59,18.836273,23.76,24.079078491243095
18.39,16.208738,19.59,19.91772595748938
9.25,14.597608,18.39,18.416249314659623
10.099999999999998,8.9009,9.25,9.880123918120832
14.8,7.398299,10.099999999999998,9.83786437902819
19.88,8.941042,14.8,13.453249223183311
15.75,11.3364725,19.88,17.921100148051067
9.84,10.49788,15.75,15.019478294775078
5.73,7.2646813,9.84,9.834975509386894
5.46,3.7307029,5.73,5.969146578674742
4.1,1.9229436,5.46,4.950751465817994
3.11,0.44042018,4.1,3.264966536945286
2.57,0.0,3.11,2.139843025123077
2.22,0.0,2.57,1.8123453552750144
1.64,0.0,2.22,1.5677617042199279
1.4000000000000001,0.0,1.64,1.3294120075528362
0.14,0.0,1.4000000000000001,1.0909618174654838
0.0,0.0,0.14,-0.19587327937770044
0.0,0.0,0.0,-0.4887299882714747
0.0,0.0,0.0,-0.45782663654542044
0.0,0.0,0.0,-0.2774808800793138
0.0,0.0,0.0,-0.14939417729342302
0.0,0.0,0.0,-0.09942442082730707
0.0,0.0,0.0,-0.0036811369789161753
0.0,0.0,0.0,0.046225981413127115
0.0,0.0,0.0,0.04845616686158724
0.0,0.0,0.0,0.05678477800572311
0.0,0.0,0.0,0.01071729849455784
0.0,0.0,0.0,0.018769755856841604
0.0,0.0,0.0,0.06673555442413553
0.0,0.0,0.0,0.11034144301388994
0.0,0.0,0.0,0.0979599272352927
0.0,0.0,0.0,0.08453340348698363
0.0,0.0,0.0,0.049776303688847355
0.0,0.0,0.0,0.030666118176584344
0.0,0.0,0.0,0.008002821677430376
0.0,0.0,0.0,0.014743226666643072
0.0,0.0,0.0,-0.006478172478890931
0.0,0.0,0.0,-0.026188846478087946
0.0,0.0,0.0,-0.04366005676003641
0.0,0.0,0.0,-0.050862056677951004
0.0,0.0,0.0,-0.0663746572035391
0.0,0.0,0.0,-0.07679594497113869
0.0,0.0,0.0,-0.08278206163930192
0.0,0.0,0.0,-0.05797216036858968
0.0,0.0,0.0,-0.052133493410482235
0.0,0.0,0.0,-0.045020001778086
0.0,0.0,0.0,-0.034433106992245964
0.0,0.0,0.0,0.000760069729352636
0.0,0.0,0.0,0.015618084837586334
0.0,0.0,0.0,0.03126671252469956
0.0,0.0,0.0,0.05144758143051506
0.0,0.0,0.0,0.10048699542134393
0.0,0.0,0.0,0.13304367185032834
0.0,0.0,0.0,0.1655338458533517
0.0,0.0,0.0,0.2001602926675358
0.0,0.0,0.0,0.25350247765697
0.0,0.0,0.0,0.2874177067033701
0.0,0.0,0.0,0.3277387645088341
0.0,0.0,0.0,0.3770897771762325
0.0,0.0,0.0,0.43040821752464886
0.0,0.0,0.0,0.4812037336418913
0.0,0.0,0.0,0.5324247125272985
0.0,0.0,0.0,0.5836199586427212
0.0,0.0,0.0,0.641489284037845
0.0,0.0,0.0,0.6915910367956143
0.0,0.0,0.0,0.7409726326058088
0.0,0.0,0.0,0.7965706336443901
0.0,0.108832724,0.0,0.8545054878063454
0.0,0.5088129,0.0,0.9077463974683212
0.0,0.5913846,0.0,0.9609993195278191
0.24,0.49210745,0.0,1.0135718829672407
1.31,1.1596097,0.24,1.2783115719419957
3.16,2.1987045,1.31,2.2897893303021077
5.609999999999999,4.038179,3.16,4.116610771612827
7.14,6.4875536,5.609999999999999,6.60067267864617
9.8,8.9678545,7.14,8.281990495030856
11.98,11.077536,9.8,10.765606397242303
14.03,12.521114,11.98,12.985924055985144
15.9,13.88911,14.03,14.818907172776047
17.7,15.204295,15.9,16.68884047735024
19.56,16.561775,17.7,18.4420370930016
20.91,17.957067,19.56,20.31330705874741
21.74,19.298794,20.91,21.73183057847818
23.12,20.401869,21.74,22.626495825557264
24.13,21.4296,23.12,23.94323378375124
24.84,22.243696,24.13,24.892202806851202
25.61,22.741505,24.84,25.56061712523364
26.25,23.152697,25.61,26.26621260113917
26.739999999999995,23.449594,26.25,26.821484479562308
26.95,23.551966,26.739999999999995,27.22702477766704
22.0,23.614967,26.95,27.314745403832667
27.93,21.186714,22.0,22.76894939750885
26.799999999999997,22.534681,27.93,27.487848542462373
20.5,21.972332,26.799999999999997,26.640474984390995
26.38,19.140562,20.5,21.082890073517618
25.91,20.43966,26.38,25.93173253576182
25.08,20.011509,25.91,25.30349988493551
24.09,19.626163,25.08,24.747061271135422
23.37,18.67056,24.09,23.658723321595595
22.13,17.395626,23.37,22.725868023461565
19.44,15.984248,22.13,21.54745556914605
19.15,14.442299,19.44,18.784343019775967
18.060000000000002,13.409924,19.15,18.20456914989015
16.45,11.675663,18.060000000000002,17.11039024479743
14.81,10.3736105,16.45,15.428813312701216
11.01,8.938003,14.81,13.86190636022273
9.04,5.887352,11.01,10.862338277189854
6.88,4.38364,9.04,8.689724730683428
4.25,2.817744,6.88,6.463737963891815
2.79,1.0197375,4.25,3.7897684642999376
0.76,0.0,2.79,2.2150005028532735
0.0,0.0,0.76,0.15357532197976892
0.0,0.0,0.0,-0.6882168461734748
0.0,0.0,0.0,-0.7457141170058613
0.0,0.0,0.0,-0.73292058416392
0.0,0.0,0.0,-0.6628967221827209
0.0,0.0,0.0,-0.5267826425471313
0.0,0.0,0.0,-0.4170082825247625
0.0,0.0,0.0,-0.3130486808144364
0.0,0.0,0.0,-0.21196758277031394
0.0,0.0,0.0,-0.13626269244035727
0.0,0.0,0.0,-0.053228554041557935
0.0,0.0,0.0,0.006321333606511045
0.0,0.0,0.0,0.06998628463407458
0.0,0.0,0.0,0.09988333446855327
0.0,0.0,0.0,0.09873368866228663
0.0,0.0,0.0,0.1536744173392644
0.0,0.0,0.0,0.1708254651775575
0.0,0.0,0.0,0.17908519295748004
0.0,0.0,0.0,0.1773364442750005
0.0,0.0,0.0,0.18933633644003722
0.0,0.0,0.0,0.17899794477723205
0.0,0.0,0.0,0.17417023961329708
0.0,0.0,0.0,0.15626533134125353
0.0,0.0,0.0,-0.024376917006101537
0.0,0.0,0.0,-0.041866756774231566
0.0,0.0,0.0,-0.055857922835129276
0.0,0.0,0.0,-0.06113176558463742
0.0,0.0,0.0,-0.03671807934159249
0.0,0.0,0.0,-0.031201010028482218
0.0,0.0,0.0,-0.027584357416267045
0.0,0.0,0.0,-0.01936798710486895
0.0,0.0,0.0,0.018753164602155464
0.0,0.0,0.0,0.036086241095624715
0.0,0.0,0.0,0.05577332269782676
0.0,0.0,0.0,0.07821696965462054
0.0,0.0,0.0,0.11756638100846403
0.0,0.0,0.0,0.13818099110367654
0.0,0.0,0.0,0.16315780345755526
0.0,0.0,0.0,0.20504141378946
0.0,0.0,0.0,0.2539656917544126
0.0,0.0,0.0,0.2851863717093511
0.0,0.0,0.0,0.3260126728937603
0.0,0.0,0.0,0.3702065589882123
0.0,0.0,0.0,0.4150009220178893
0.0,0.0,0.0,0.4547193988828598
0.0,0.0,0.0,0.5022261036698271
0.0,0.0,0.0,0.5501892493461733
0.0,0.0,0.0,0.6152837515353017
0.0,0.0,0.0,0.6758556818829388
0.0,0.0,0.0,0.7328097211811045
0.0,0.0,0.0,0.7840924248540412
0.0,0.0,0.0,0.8384382323520476
0.0,0.36686495,0.0,0.8892698368798652
0.0,0.49185112,0.0,0.9409297236220646
0.29,0.41392827,0.0,0.9942515012023371
1.56,1.1166824,0.29,1.2995145376736876
3.46,2.4506278,1.56,2.4453074339725305
5.53,4.3195715,3.46,4.394434083238332
7.88,6.4320292,5.53,6.548398003453643
10.17,9.269584,7.88,8.932943223436434
12.26,11.3576145,10.17,11.050575467764734
14.3,12.703428,12.26,13.219814463222846
16.18,13.980532,14.3,15.072643209050575
17.83,15.365856,16.18,16.92021664564837
19.45,16.660698,17.83,18.564568726084584
20.87,17.943075,19.45,20.192764656313805
22.06,19.294037,20.87,21.64410153565923
23.09,20.769081,22.06,22.849019049263703
24.17,21.689089,23.09,23.86226810473654
25.1,22.46046,24.17,24.869732285549667
25.62,22.95907,25.1,25.74215279427657
26.01,23.285213,25.62,26.225705504311854
26.09,23.422739,26.01,26.55928208233017
26.78,23.294062,26.09,26.56787323520511
26.7,23.267889,26.78,27.0716022766675
24.44,22.942848,26.7,26.876424803916954
24.68,21.653599,24.44,24.779555020709083
25.79,21.07572,24.68,24.776309900375704
25.02,21.222912,25.79,25.538477301561592
25.700000000000003,20.352818,25.02,24.726088723321475
25.15,20.156206,25.700000000000003,25.245880693314522
22.66,19.470003,25.15,24.635728156132313
22.5,17.920036,22.66,22.26736864084849
20.47,16.682278,22.5,21.847936757867746
19.21,15.295561,20.47,19.78140246674743
19.36,13.865516,19.21,18.405781864747407
18.100000000000005,13.133977,19.36,18.231210854604296
16.43,11.648281,18.100000000000005,16.98333967929848
14.75,10.144403,16.43,15.46766115587491
10.670000000000002,8.754044,14.75,13.935302731050845
5.99,5.7064314,10.670000000000002,10.449670666144385
6.32,2.7713819,5.99,5.9122173706029475
3.81,1.973609,6.32,5.727139414028656
2.36,0.41640258,3.81,3.153470949223318
0.56,0.0,2.36,1.7216411247206747
0.0,0.0,0.56,-0.04856674425739449
0.0,0.0,0.0,-0.6755799701798758
0.0,0.0,0.0,-0.6579955846178625
0.0,0.0,0.0,-0.6916773348685283
0.0,0.0,0.0,-0.5741079632124194
0.0,0.0,0.0,-0.48798801019058863
0.0,0.0,0.0,-0.38581032035793167
0.0,0.0,0.0,-0.23439275296192363
0.0,0.0,0.0,-0.11572372853902974
0.0,0.0,0.0,-0.09475121569236515
0.0,0.0,0.0,-0.016370563555930615
0.0,0.0,0.0,0.04870320461462055
0.0,0.0,0.0,0.10944797996586846
0.0,0.0,0.0,0.1303327323179751
0.0,0.0,0.0,0.1421572724291722
0.0,0.0,0.0,0.1889223032657736
0.0,0.0,0.0,0.20041792079633333
0.0,0.0,0.0,0.2059551323277003
0.0,0.0,0.0,0.2090439990124843
0.0,0.0,0.0,0.22247675386406265
0.0,0.0,0.0,0.19425533399275474
0.0,0.0,0.0,0.1925245594594516
0.0,0.0,0.0,0.1717021601364123
0.0,0.0,0.0,0.02809156710990317
0.0,0.0,0.0,0.010524990637411202
0.0,0.0,0.0,1.2851498024553376e-05
0.0,0.0,0.0,-0.006021090646285802
0.0,0.0,0.0,0.015031455085023106
0.0,0.0,0.0,0.01666800300314672
0.0,0.0,0.0,0.022714607469219005
0.0,0.0,0.0,0.029352752960281146
0.0,0.0,0.0,0.06383068510281242
0.0,0.0,0.0,0.07981104166548361
0.0,0.0,0.0,0.10056904817038376
0.0,0.0,0.0,0.11896384070143134
0.0,0.0,0.0,0.1588521399075563
0.0,0.0,0.0,0.1844857795766674
0.0,0.0,0.0,0.22129343248433553
0.0,0.0,0.0,0.2561397367986789
0.0,0.0,0.0,0.3097323806711096
0.0,0.0,0.0,0.35142184379349617
0.0,0.0,0.0,0.38982528599115834
0.0,0.0,0.0,0.4319361440347724
0.0,0.0,0.0,0.48306103516193766
0.0,0.0,0.0,0.5302871606007783
0.0,0.0,0.0,0.580151023413691
0.0,0.0,0.0,0.6317764744389233
0.0,0.0,0.0,0.6900573668533968
0.0,0.0,0.0,0.7413060956896856
0.0,0.0,0.0,0.7940078282771708
0.0,0.0,0.0,0.8308660253149508
0.0,0.0,0.0,0.8728534957227295
0.0,0.37886482,0.0,0.9349311401979796
0.0,0.5093517,0.0,0.9861796700932913
0.36,0.4595263,0.0,1.0379190045028184
1.73,1.0223681,0.36,1.4075141900169263
3.98,2.390348,1.73,2.62075888092921
6.419999999999999,4.5408754,3.98,4.957784800445088
8.44,7.1131916,6.419999999999999,7.467706178852337
11.13,9.7997055,8.44,9.614883392231519
13.1,11.868189,11.13,12.098293829400832
15.35,13.106585,13.1,14.035370688558434
16.58,14.456412,15.35,16.13820358810331
18.57,15.661243,16.58,17.415756113410676
19.97,17.159464,18.57,19.28823629237914
21.45,18.403097,19.97,20.701308661386406
22.56,19.783607,21.45,22.20755004463226
23.68,21.191837,22.56,23.362657980052674
24.5,22.377375,23.68,24.442520374543257
25.3,23.006794,24.5,25.240159993473092
25.9,23.447754,25.3,25.9685934194578
26.36,23.748787,25.9,26.512855229819817
26.739999999999995,23.921864,26.36,26.881246857333213
26.95,23.893335,26.739999999999995,27.17016256362553
27.0,23.77883,26.95,27.268954427051483
26.99,23.425444,27.0,27.189968773161684
26.92,23.187689,26.99,26.89872547695036
26.790000000000003,22.720474,26.92,26.943777513430337
26.5,22.310366,26.790000000000003,26.71776614976915
26.01,21.540678,26.5,26.31133042440917
25.36,20.79142,26.01,25.699970176114245
24.630000000000003,19.918467,25.36,24.919430002460015
23.85,19.020887,24.630000000000003,24.061515811581334
22.81,17.781738,23.85,23.13605632984051
21.67,16.69625,22.81,21.99855333896246
20.42,15.460956,21.67,20.769091855772285
18.89,14.131757,20.42,19.457139188297305
17.24,12.284757,18.89,17.914256513671997
15.45,10.745502,17.24,16.271173168708234
13.55,9.219238,15.45,14.507949358188247
11.54,7.5815988,13.55,13.0321875122879
9.37,5.827273,11.54,11.116825216007726
7.11,4.1947103,9.37,8.999841690658762
4.88,2.5947049,7.11,6.772865891439371
2.72,0.9959785,4.88,4.500565279809447
0.71,0.0,2.72,2.2944242239255064
0.0,0.0,0.71,0.21482680192866144
0.0,0.0,0.0,-0.6774134896631568
0.0,0.0,0.0,-0.7790610019481707
0.0,0.0,0.0,-0.7240637593301271
0.0,0.0,0.0,-0.6022554564909736
0.0,0.0,0.0,-0.4709818651061127
0.0,0.0,0.0,-0.34464845105913233
0.0,0.0,0.0,-0.24071968304094332
0.0,0.0,0.0,-0.1673466685031079
0.0,0.0,0.0,-0.09621053132904282
0.0,0.0,0.0,-0.023063937274691217
0.0,0.0,0.0,0.0713522216036307
0.0,0.0,0.0,0.13273335210313297
0.0,0.0,0.0,0.16789053453801156
0.0,0.0,0.0,0.1924217592931382
0.0,0.0,0.0,0.23122135202181815
0.0,0.0,0.0,0.2379330347322608
0.0,0.0,0.0,0.24402790202951327
0.0,0.0,0.0,0.24539344142065417
0.0,0.0,0.0,0.27039021145979897
0.0,0.0,0.0,0.2580260042131429
0.0,0.0,0.0,0.24376183267432994
0.0,0.0,0.0,0.22358860721556076
0.0,0.0,0.0,0.03289973801748641
0.0,0.0,0.0,0.01013398831452652
0.0,0.0,0.0,-0.0019716162121546574
0.0,0.0,0.0,-0.004106212220790165
0.0,0.0,0.0,0.021566329906230423
0.0,0.0,0.0,0.02602307550140192
0.0,0.0,0.0,0.03572340769651541
0.0,0.0,0.0,0.04774486756360465
0.0,0.0,0.0,0.08202279900753134
0.0,0.0,0.0,0.09909144361217223
0.0,0.0,0.0,0.11938173728216513
0.0,0.0,0.0,0.13511660489696048
0.0,0.0,0.0,0.16751861130974002
0.0,0.0,0.0,0.19676021978494815
0.0,0.0,0.0,0.24028241502031616
0.0,0.0,0.0,0.26965775382888324
0.0,0.0,0.0,0.32541425601953805
0.0,0.0,0.0,0.3668931208744079
0.0,0.0,0.0,0.40490233697028305
0.0,0.0,0.0,0.4489419619160105
0.0,0.0,0.0,0.5122057884019711
0.0,0.0,0.0,0.553418590037321
0.0,0.0,0.0,0.5924014250145576
0.0,0.0,0.0,0.6360794510656615
0.0,0.0,0.0,0.6891663738359407
0.0,0.0,0.0,0.7437541160566211
0.0,0.0,0.0,0.7924757140638224
0.0,0.0,0.0,0.8360481233025672
0.0,0.0,0.0,0.9029042481660776
0.0,0.048534017,0.0,0.961966896072489
0.0,0.2567109,0.0,1.0181385724387997
0.16,0.117651455,0.0,1.0621849873505644
1.12,0.5819997,0.16,1.2565454260700337
3.87,1.3842297,1.12,2.2002602035787526
6.17,3.9081826,3.87,4.817654576529515
8.67,6.6012354,6.17,7.231975956574591
10.97,9.727018,8.67,9.808366843013415
13.08,11.658125,10.97,12.012904304297281
15.08,12.947691,13.08,14.05860322315407
16.92,14.086058,15.08,15.976962583978763
18.58,15.570436,16.92,17.738678735286925
20.07,16.905779,18.58,19.35635967374371
21.45,18.203728,20.07,20.843934604649654
22.7,19.50973,21.45,22.257624890305273
23.72,21.016865,22.7,23.522402535953447
24.44,22.135757,23.72,24.525977158125485
25.15,22.947762,24.44,25.19904743176217
25.74,23.41815,25.15,25.84054825863253
26.26,23.69476,25.74,26.33948472682881
26.71,23.832996,26.26,26.7738268672597
27.07,23.83542,26.71,27.12260017821289
27.06,23.78522,27.07,27.37602979600351
27.01,23.425518,27.06,27.25350232878168
26.769999999999996,23.170044,27.01,26.94708912394159
26.57,22.652153,26.769999999999996,26.810154924892746
26.24,22.15808,26.57,26.507852556268144
25.79,21.336874,26.24,26.04410575976274
24.93,20.57626,25.79,25.45405343426013
24.15,19.661146,24.93,24.50031896588953
23.02,18.681728,24.15,23.58322062409473
22.87,17.274057,23.02,22.357016781958208
21.39,16.496336,22.87,21.980468853310104
20.36,15.07759,21.39,20.50153104665069
18.91,13.950887,20.36,19.396935623207277
17.27,12.136686,18.91,17.958139870382997
15.46,10.640522,17.27,16.332880825974698
13.53,9.1057625,15.46,14.572224369132663
11.54,7.496064,13.53,13.048651828191408
9.38,5.742061,11.54,11.150802051664805
7.12,4.09885,9.38,9.028260897076816
4.82,2.4924467,7.12,6.801731439061384
2.55,0.85643166,4.82,4.456783447854537
0.64,0.0,2.55,2.141758139747405
0.0,0.0,0.64,0.12890340080690038
0.0,0.0,0.0,-0.6806913800323187
0.0,0.0,0.0,-0.7782029777781627
0.0,0.0,0.0,-0.7082749171685767
0.0,0.0,0.0,-0.5795047210705047
0.0,0.0,0.0,-0.45125375579933713
0.0,0.0,0.0,-0.3474342974031826
0.0,0.0,0.0,-0.2502451542386981
0.0,0.0,0.0,-0.18143045455523593
0.0,0.0,0.0,-0.11008804811418552
0.0,0.0,0.0,-0.048267030729316415
0.0,0.0,0.0,0.030474109498388625
0.0,0.0,0.0,0.09171871795636649
0.0,0.0,0.0,0.11904753605240417
0.0,0.0,0.0,0.13100874331507145
0.0,0.0,0.0,0.173195683745502
0.0,0.0,0.0,0.17815765209569778
0.0,0.0,0.0,0.17638761803827707
0.0,0.0,0.0,0.17805301038614188
0.0,0.0,0.0,0.20000834186184038
0.0,0.0,0.0,0.19010447236459355
0.0,0.0,0.0,0.17407873202525836
0.0,0.0,0.0,0.15917442759504039
0.0,0.0,0.0,-0.06919335817305594
0.0,0.0,0.0,-0.08165195121592458
0.0,0.0,0.0,-0.09328053335097335
0.0,0.0,0.0,-0.1081437601824359
0.0,0.0,0.0,-0.0827288865573052
0.0,0.0,0.0,-0.07905969003075282
0.0,0.0,0.0,-0.07510708329423718
0.0,0.0,0.0,-0.06730141414230281
0.0,0.0,0.0,-0.02059128984734815
0.0,0.0,0.0,-0.007762805778518591
0.0,0.0,0.0,0.015833866531225014
0.0,0.0,0.0,0.03623860951223027
0.0,0.0,0.0,0.08100307880239056
0.0,0.0,0.0,0.12505263400139802
0.0,0.0,0.0,0.14762017872191946
0.0,0.0,0.0,0.17718091166944158
0.0,0.0,0.0,0.22984472195153072
0.0,0.0,0.0,0.2566783984604477
0.0,0.0,0.0,0.2927339444101429
0.0,0.0,0.0,0.3343059494075058
0.0,0.0,0.0,0.3844344188003598
0.0,0.0,0.0,0.42359259764504337
0.0,0.0,0.0,0.4691015830531787
0.0,0.0,0.0,0.5159871202602593
0.0,0.0,0.0,0.5730504403610368
0.0,0.0,0.0,0.6250110283087594
0.0,0.0,0.0,0.6784540074201719
0.0,0.0,0.0,0.7257849652897368
0.0,0.0,0.0,0.7791561609576527
0.0,0.0,0.0,0.8318204131501153
0.0,0.0,0.0,0.8790234030708876
0.16,0.0,0.0,0.9319411209334096
1.38,0.24544482,0.16,1.121742084677624
3.56,1.4141042,1.38,2.1955029219349136
5.79,3.479604,3.56,4.434061211380195
8.27,5.788632,5.79,6.7895086636450435
10.59,8.86464,8.27,9.303384230100518
12.74,10.919908,10.59,11.525648736182813
14.74,12.349646,12.74,13.625064769526318
16.58,13.450312,14.74,15.541734174573591
18.27,14.961233,16.58,17.337965127989325
19.79,16.361164,18.27,18.980013860694594
21.06,17.648064,19.79,20.497828157089163
22.23,18.966948,21.06,21.795457528514756
23.3,20.364023,22.23,22.98235898642752
24.11,21.428013,23.3,24.018343924716316
24.87,22.188082,24.11,24.79473417096714
25.649999999999995,22.815693,24.87,25.484374318596718
25.6,23.22387,25.649999999999995,26.154789991780397
25.49,23.12062,25.6,26.10184899998598
25.83,22.797092,25.49,25.936789807838988
26.38,22.579464,25.83,26.106878989852582
25.67,22.47145,26.38,26.432463915001627
24.95,21.96039,25.67,25.61823915522308
23.93,21.213377,24.95,25.01414898184073
22.87,20.162039,23.93,23.95819991051407
22.68,18.830032,22.87,22.773214656043816
22.72,18.044857,22.68,22.335763962675532
22.17,17.52201,22.72,22.135752285914474
21.41,16.80957,22.17,21.51939729148275
19.8,15.73841,21.41,20.708298553457013
18.35,14.201606,19.8,19.147738008567643
16.96,12.6975975,18.35,17.661200593025235
16.83,11.227019,16.96,16.177807951220764
13.369999999999997,10.201495,16.83,15.759634018173923
10.63,7.8696823,13.369999999999997,12.670026036489327
9.04,5.8420057,10.63,10.266722353936439
9.51,4.301298,9.04,8.566867569150844
6.86,3.5304391,9.51,8.76713000719899
4.25,2.0823221,6.86,6.421245258025444
2.75,0.49287975,4.25,3.929772359370893
1.2,0.0,2.75,2.3852338529266963
0.68,0.0,1.2,0.7688307383053161
0.0,0.0,0.68,0.1742726797757635
0.0,0.0,0.0,-0.5755126056527105
0.0,0.0,0.0,-0.561856486040872
0.0,0.0,0.0,-0.490962298725669
0.0,0.0,0.0,-0.37730160115013767
0.0,0.0,0.0,-0.24935726349528764
0.0,0.0,0.0,-0.18536050552513417
0.0,0.0,0.0,-0.1418872087526621
0.0,0.0,0.0,-0.07405758536355271
0.0,0.0,0.0,-0.005637962805330864
0.0,0.0,0.0,0.03285089073018514
0.0,0.0,0.0,0.09545820378454092
0.0,0.0,0.0,0.11241050407312694
0.0,0.0,0.0,0.12596757062529912
0.0,0.0,0.0,0.12798885257258297
0.0,0.0,0.0,0.1581997836588998
0.0,0.0,0.0,0.14098610518903723
0.0,0.0,0.0,0.12831267225897514
0.0,0.0,0.0,0.11480927351205827
0.0,0.0,0.0,0.14316818826149813
0.0,0.0,0.0,0.13256980140984875
0.0,0.0,0.0,0.10894434203629214
0.0,0.0,0.0,0.09821030940236737
0.0,0.0,0.0,-0.28028556960786066
0.0,0.0,0.0,-0.29538457188098854
0.0,0.0,0.0,-0.30516210032175284
0.0,0.0,0.0,-0.310683519569748
0.0,0.0,0.0,-0.28481449152972
0.0,0.0,0.0,-0.2936262252231989
0.0,0.0,0.0,-0.28711800851771435
0.0,0.0,0.0,-0.2606239385738571
0.0,0.0,0.0,-0.24519930610975488
0.0,0.0,0.0,-0.22506501353746022
0.0,0.0,0.0,-0.19138602735111632
0.0,0.0,0.0,-0.1520650315184309
0.0,0.0,0.0,-0.12467100302133508
0.0,0.0,0.0,-0.0907167155564437
0.0,0.0,0.0,-0.05483901863471176
0.0,0.0,0.0,0.00698809679871135
0.0,0.0,0.0,0.04874965918923099
0.0,0.0,0.0,0.09208700626723813
0.0,0.0,0.0,0.17499805626167225
0.0,0.0,0.0,0.21995583475003547
0.0,0.0,0.0,0.265662802722351
0.0,0.0,0.0,0.3302015812273543
0.0,0.0,0.0,0.3954358642455813
0.0,0.0,0.0,0.4429315930456543
0.0,0.0,0.0,0.4823484776839033
0.0,0.0,0.0,0.5272614692301333
0.0,0.0,0.0,0.5734797262097844
0.0,0.0,0.0,0.6378063728733255
0.0,0.0,0.0,0.7098867244644438
1.25,0.0,0.0,0.7604729225874636
3.39,0.52990246,1.25,1.8979005716517978
5.55,2.761145,3.39,4.065773579213494
7.91,5.096463,5.55,6.356885124527158
10.22,8.058611,7.91,8.769600108429398
13.47,10.299962,10.22,10.96446907745679
15.590000000000002,12.808129,13.47,13.800406419132843
17.4,14.504193,15.590000000000002,15.883570022436372
12.98,16.008986,17.4,17.78127005230926
15.39,13.7232485,12.98,14.202441461908432
19.3,14.034871,15.39,16.095291415285953
21.78,16.366848,19.3,19.49465350146629
22.77,18.97763,21.78,21.88325637288192
23.68,20.463634,22.77,23.169785770777292
26.99,21.360653,23.68,24.140557334344532
22.47,22.771603,26.99,27.059484651610735
18.43,21.031254,22.47,23.175184400757026
13.35,18.63859,18.43,19.38059185081236
9.86,14.552759,13.35,14.325663091489211
7.03,11.4617,9.86,10.391600451179157
8.23,8.898057,7.03,7.187929520948547
9.77,7.9376426,8.23,7.747863324726572
11.87,7.541748,9.77,8.88029170070956
14.65,8.647038,11.87,10.905446541501497
12.13,10.292836,14.65,13.724767205290146
9.91,9.458075,12.13,11.829741275670166
9.22,8.067507,9.91,9.851458131267512
8.4,6.856989,9.22,8.864521381569235
7.0,5.398312,8.4,7.939860881431195
5.070000000000001,4.038925,7.0,6.648457195018097
4.41,2.6635602,5.070000000000001,4.923277656814581
3.61,1.8019578,4.41,4.265467888565818
3.0,0.89034265,3.61,3.513378350811056
2.05,0.34250352,3.0,2.8212702814420574
1.91,0.0,2.05,1.9333018694764061
1.36,0.0,1.91,1.7035307647149907
0.92,0.0,1.36,1.217253755381518
0.66,0.0,0.92,0.8845758537119282
0.33,0.0,0.66,0.6951839767027802
0.01,0.0,0.33,0.4290341483650121
0.0,0.0,0.01,0.15789924022177176
0.0,0.0,0.0,0.1203557421082217
0.0,0.0,0.0,0.1124635135620872
0.0,0.0,0.0,0.10409386955459901
0.0,0.0,0.0,0.10066629736661108
0.0,0.0,0.0,0.10542188335288671
0.0,0.0,0.0,0.123199325323323
0.0,0.0,0.0,0.11556367842715881
0.0,0.0,0.0,0.15251693575249609
0.0,0.0,0.0,0.1358599000110515
0.0,0.0,0.0,0.10525591561346026
0.0,0.0,0.0,0.09969216762215949
0.0,0.0,0.0,0.1119269936633756
0.0,0.0,0.0,0.07402177207966609
0.0,0.0,0.0,0.03717691973361786
0.0,0.0,0.0,0.011648034211663785
0.0,0.0,0.0,0.00838268823430922
0.0,0.0,0.0,-0.0246913327005158
0.0,0.0,0.0,-0.05591488528816319
0.0,0.0,0.0,-0.0752569085756484
0.0,0.0,0.0,-0.0731698856876013
0.0,0.0,0.0,-0.09628089493577276
0.0,0.0,0.0,-0.11878604313145652
0.0,0.0,0.0,-0.13002422765931826
0.0,0.0,0.0,-0.13688659618053395
0.0,0.0,0.0,-0.1471812900814038
0.0,0.0,0.0,-0.15372920333409618
0.0,0.0,0.0,-0.1546215312733492
0.0,0.0,0.0,-0.13065576768331277
0.0,0.0,0.0,-0.12745962717684256
0.0,0.0,0.0,-0.1190465390347838
0.0,0.0,0.0,-0.11144312244237317
0.0,0.0,0.0,-0.0745234699556143
0.0,0.0,0.0,-0.05762073034652055
0.0,0.0,0.0,-0.036040770104647096
0.0,0.0,0.0,-0.007842774536092993
0.0,0.0,0.0,0.03392228650354084
0.0,0.0,0.0,0.06077354138877746
0.0,0.0,0.0,0.09199324196901562
0.0,0.0,0.0,0.12433699465456263
0.0,0.0,0.0,0.17522994650538995
0.0,0.0,0.0,0.216302770240895
0.0,0.0,0.0,0.25709702224795256
0.0,0.0,0.0,0.29286366177738066
0.0,0.0,0.0,0.34457319329261155
0.0,0.0,0.0,0.3939988866561288
0.0,0.0,0.0,0.4431606719857061
0.0,0.0,0.0,0.4937866892315168
0.0,0.0,0.0,0.5431465282953146
0.0,0.0,0.0,0.5904700795815224
0.0,0.0,0.0,0.6482125989563787
0.0,0.0,0.0,0.7085092371688481
0.0,0.0,0.0,0.7533296671432472
0.0,0.0,0.0,0.8060804276064018
0.0,0.0,0.0,0.8622465727342981
0.01,0.0,0.0,0.9099614928742822
0.28,0.014937413,0.01,0.9654069989357649
0.7000000000000001,0.14515203,0.28,1.2530208346262512
1.65,0.24329059,0.7000000000000001,1.6872654889218737
2.17,0.8839402,1.65,2.491879667534781
3.0800000000000005,2.0532453,2.17,3.059329279181168
5.24,2.9626663,3.0800000000000005,4.011863625406489
9.539999999999997,4.6208425,5.24,6.001354479193207
7.85,8.204189,9.539999999999997,9.882522678579619
7.62,8.9098215,7.85,8.870371968215853
9.55,8.239149,7.62,8.930770239172887
15.53,8.1140375,9.55,10.66399013144984
19.4,12.20533,15.53,15.756950032648575
21.39,14.899438,19.4,19.75106990898967
22.430000000000003,17.952723,21.39,21.998313429691024
23.29,19.267176,22.430000000000003,23.413979252453455
24.11,19.927343,23.29,24.35089590577311
24.640000000000004,20.489742,24.11,25.096733582702985
25.13,21.05987,24.640000000000004,25.46464419224437
25.49,21.663832,25.13,25.793512983979014
25.74,22.198034,25.49,25.98124847608699
25.84,22.108337,25.74,26.175795450886387
25.8,22.00928,25.84,26.072940897563804
25.709999999999997,21.681467,25.8,26.082897413357895
25.41,21.370312,25.709999999999997,25.8247827267644
24.98,20.597296,25.41,25.362339853933847
24.41,19.872847,24.98,24.792535856103605
23.73,19.059721,24.41,24.08889709755996
22.99,18.251219,23.73,23.274300298144656
21.99,16.911392,22.99,22.397044809172602
20.85,15.679561,21.99,21.272175420315705
19.62,14.35979,20.85,20.0382789690872
18.23,13.094629,19.62,18.738344964350084
16.63,11.301103,18.23,17.28644857910188
14.78,9.836937,16.63,15.65452970231425
10.94,8.311435,14.78,13.835052008156822
8.61,5.349159,10.94,10.646563215958416
6.24,3.4224546,8.61,8.261305782842417
3.91,1.668836,6.24,5.805152674505179
1.91,0.0,3.91,3.3371017430028633
0.41,0.0,1.91,1.2501964607776117
0.0,0.0,0.41,-0.36866624454401475
0.0,0.0,0.0,-0.8865277023014437
0.0,0.0,0.0,-0.9288768285405264
0.0,0.0,0.0,-0.8531545213999179
0.0,0.0,0.0,-0.7364865796855085
0.0,0.0,0.0,-0.6252377918132724
0.0,0.0,0.0,-0.5202966439357037
0.0,0.0,0.0,-0.382761512522956
0.0,0.0,0.0,-0.3161628581343301
0.0,0.0,0.0,-0.247000982564385
0.0,0.0,0.0,-0.17769426086856238
0.0,0.0,0.0,-0.08173203007402566
0.0,0.0,0.0,-0.029898143584582183
0.0,0.0,0.0,-0.009078130574019256
0.0,0.0,0.0,0.002048070556519843
0.0,0.0,0.0,0.036888530850467706
0.0,0.0,0.0,0.047395105511150656
0.0,0.0,0.0,0.059657887312431504
0.0,0.0,0.0,0.06812926703433345
0.0,0.0,0.0,0.07713679447165372
0.0,0.0,0.0,0.07023283615470624
0.0,0.0,0.0,0.06751279127087534
0.0,0.0,0.0,0.05720228098646512
0.0,0.0,0.0,-0.1529659666423347
0.0,0.0,0.0,-0.17296066085852935
0.0,0.0,0.0,-0.1761872886730109
0.0,0.0,0.0,-0.1892717853196395
0.0,0.0,0.0,-0.16991223364757457
0.0,0.0,0.0,-0.17022196618723762
0.0,0.0,0.0,-0.17239985712698058
0.0,0.0,0.0,-0.15623024313098702
0.0,0.0,0.0,-0.11853689860047364
0.0,0.0,0.0,-0.10917815653856439
0.0,0.0,0.0,-0.0939498402265494
0.0,0.0,0.0,-0.0683441832543949
0.0,0.0,0.0,-0.025595430646763954
0.0,0.0,0.0,0.0004938220805733931
0.0,0.0,0.0,0.035183777482245826
0.0,0.0,0.0,0.06850150991840029
0.0,0.0,0.0,0.11730288579300129
0.0,0.0,0.0,0.1541483858535757
0.0,0.0,0.0,0.192199502816776
0.0,0.0,0.0,0.23591458812579946
0.0,0.0,0.0,0.28916894957344014
0.0,0.0,0.0,0.33473509832789167
0.0,0.0,0.0,0.3795742735244517
0.0,0.0,0.0,0.4258927080666837
0.0,0.0,0.0,0.48227053140165266
0.0,0.0,0.0,0.5383880122265877
0.0,0.0,0.0,0.5891579566388379
0.0,0.0,0.0,0.6404396429757292
0.0,0.0,0.0,0.6945683364639859
0.0,0.0,0.0,0.753971695884936
0.0,0.100021034,0.0,0.8095522123353371
0.23,0.040267076,0.0,0.8650061266703254
0.89,0.7846133,0.23,1.1100064712432631
1.33,1.616189,0.89,1.7428063985555609
0.94,2.2569509,1.33,2.1964207608148465
1.94,1.8954884,0.94,2.0062620369278403
2.74,2.8190742,1.94,2.834779760606919
3.1,3.5585117,2.74,3.578667703169762
4.6,3.8364062,3.1,4.066113053513462
5.34,4.551705,4.6,5.490466403900283
5.99,5.9609694,5.34,6.228495220863579
7.18,6.562028,5.99,6.999915351205533
9.34,7.177098,7.18,8.11980260987289
15.14,8.329943,9.34,10.07242542192831
21.05,12.271959,15.14,15.259437696825664
23.18,16.453627,21.05,20.867911537859772
23.82,18.876497,23.18,23.64315361854482
24.41,20.312443,23.82,24.869431316650083
24.92,20.877398,24.41,25.573010488345354
25.45,21.151232,24.92,25.96708613644775
25.86,21.466463,25.45,26.290307163717486
26.14,21.88629,25.86,26.469621621467954
26.08,22.01755,26.14,26.627062802226312
25.08,22.024277,26.08,26.387400152764396
24.37,21.478144,25.08,25.561444007792208
25.42,20.883219,24.37,24.769139508483264
25.05,20.396254,25.42,25.377937322971437
24.71,19.839191,25.05,24.82117021541527
23.479999999999997,19.236984,24.71,24.376549298724868
22.69,18.150608,23.479999999999997,23.119122073097746
21.71,16.88351,22.69,22.182135737404483
20.78,15.794778,21.71,21.06069506357823
19.7,14.808072,20.78,19.938797613617734
18.36,13.628806,19.7,18.7695967954863
16.82,11.997151,18.36,17.36156119723562
14.99,10.524605,16.82,15.829151756606159
10.85,8.968256,14.99,14.0663979117135
8.56,5.7944484,10.85,10.551388026954058
6.39,4.0062633,8.56,8.136500811508542
4.15,2.4193094,6.39,5.882191582923325
2.1,0.78020823,4.15,3.5186257938277206
0.47,0.0,2.1,1.4200318984375389
0.0,0.0,0.47,-0.3018488753378365
0.0,0.0,0.0,-0.8757345199096749
0.0,0.0,0.0,-0.9445311783847004
0.0,0.0,0.0,-0.8765282495600119
0.0,0.0,0.0,-0.7574018493544075
0.0,0.0,0.0,-0.6387242392075432
0.0,0.0,0.0,-0.5386543342520734
0.0,0.0,0.0,-0.39952416467500934
0.0,0.0,0.0,-0.3218777041089791
0.0,0.0,0.0,-0.2534623785630826
0.0,0.0,0.0,-0.17684383671913284
0.0,0.0,0.0,-0.09406224161616898
0.0,0.0,0.0,-0.04304009070445796
0.0,0.0,0.0,-0.012999921948149244
0.0,0.0,0.0,-0.0009765795031631101
0.0,0.0,0.0,0.039964698343201294
0.0,0.0,0.0,0.054029166028740985
0.0,0.0,0.0,0.06218323381307754
0.0,0.0,0.0,0.05943627695877831
0.0,0.0,0.0,0.07707903674731077
0.0,0.0,0.0,0.0797193234467782
0.0,0.0,0.0,0.05704127904831316
0.0,0.0,0.0,0.03578939156211701
0.0,0.0,0.0,-0.06870863131921742
0.0,0.0,0.0,-0.08291863614080824
0.0,0.0,0.0,-0.09096733560585428
0.0,0.0,0.0,-0.09886974719524662
0.0,0.0,0.0,-0.08048014085318372
0.0,0.0,0.0,-0.0819505492090204
0.0,0.0,0.0,-0.0705237426746688
0.0,0.0,0.0,-0.0624222056297628
0.0,0.0,0.0,-0.023172165066643984
0.0,0.0,0.0,-0.009464737763167884
0.0,0.0,0.0,0.003148850959103777
0.0,0.0,0.0,0.01834381632807195
0.0,0.0,0.0,0.06683620097110689
0.0,0.0,0.0,0.09837874881249895
0.0,0.0,0.0,0.1233770500929672
0.0,0.0,0.0,0.15789191824850118
0.0,0.0,0.0,0.21421937446077888
0.0,0.0,0.0,0.2430730894132655
0.0,0.0,0.0,0.2877414759903418
0.0,0.0,0.0,0.3290004109446897
0.0,0.0,0.0,0.3836268177125092
0.0,0.0,0.0,0.4277417460351313
0.0,0.0,0.0,0.4814549243775166
0.0,0.0,0.0,0.5357913982607294
0.0,0.0,0.0,0.5916139500262595
0.0,0.0,0.0,0.634349391219467
0.0,0.0,0.0,0.6856709206377292
0.0,0.0,0.0,0.7347736455477706
0.0,0.0,0.0,0.7857563210900845
0.0,0.20475656,0.0,0.8460209114346535
0.0,0.33742633,0.0,0.8976636050891709
0.12,0.30806985,0.0,0.9465126437764266
0.9,0.9462938,0.12,1.1099859980013043
2.8000000000000003,1.7904123,0.9,1.842734433184942
4.81,3.573557,2.8000000000000003,3.651300195822339
7.1,5.6502066,4.81,5.827091737798635
9.3,8.597326,7.1,8.142495889216631
11.43,10.719768,9.3,10.292858154854606
13.44,12.204425,11.43,12.319684435800404
15.33,13.266029,13.44,14.311444265375975
17.1,14.803169,15.33,16.05048886780169
18.64,15.9605055,17.1,17.798919709993942
20.06,17.171244,18.64,19.33551739182096
21.269999999999996,18.475643,20.06,20.760090100781653
22.379999999999995,19.886408,21.269999999999996,21.986522675948837
23.3,20.933762,22.379999999999995,23.07025954582544
24.08,21.674744,23.3,23.93197341335679
24.73,22.162106,24.08,24.65855819003562
25.3,22.517857,24.73,25.232084162456573
25.75,22.752728,25.3,25.720892518293333
26.12,22.79914,25.75,26.078576232842316
26.33,22.795944,26.12,26.344118428487665
26.37,22.57734,26.33,26.436692943440338
26.37,22.41111,26.37,26.23061337713989
26.11,22.09588,26.37,26.29855174563013
25.659999999999997,21.639664,26.11,26.009936775103004
25.09,20.820686,25.659999999999997,25.48196726863352
24.559999999999995,20.058123,25.09,24.787392502378026
23.75,19.269672,24.559999999999995,24.106431613950797
22.81,18.35544,23.75,23.185055041373687
21.81,17.063757,22.81,22.137514742080267
20.81,16.0058,21.81,21.02175966942821
19.52,14.878086,20.81,19.921628782712634
18.060000000000002,13.5865135,19.52,18.578340552989008
16.48,11.8207245,18.060000000000002,17.096034745756445
14.63,10.313201,16.48,15.525005791883043
12.69,8.712371,14.63,13.810993561704153
10.58,7.196141,12.69,12.193275125183789
8.45,5.3284316,10.58,10.14461830945092
6.24,3.7409647,8.45,8.038852609724904
4.06,2.1638236,6.24,5.853577418141111
2.0,0.6138979,4.06,3.61921592921898
0.44,0.0,2.0,1.5165955230530952
0.0,0.0,0.44,-0.14604628361220617
0.0,0.0,0.0,-0.740219954952622
0.0,0.0,0.0,-0.7929902655124479
0.0,0.0,0.0,-0.7136384014804589
0.0,0.0,0.0,-0.5996029658031632
0.0,0.0,0.0,-0.47386760480005663
0.0,0.0,0.0,-0.3688424819522734
0.0,0.0,0.0,-0.27373267450836525
0.0,0.0,0.0,-0.20953687995171394
0.0,0.0,0.0,-0.1404237189146974
0.0,0.0,0.0,-0.07018874214279942
0.0,0.0,0.0,0.01973496622968373
0.0,0.0,0.0,0.05198290779087761
0.0,0.0,0.0,0.06373159121145983
0.0,0.0,0.0,0.07319150850016648
0.0,0.0,0.0,0.11364464719828717
0.0,0.0,0.0,0.12099369551218184
0.0,0.0,0.0,0.11749238830038458
0.0,0.0,0.0,0.11825050466657426
0.0,0.0,0.0,0.14227401750026594
0.0,0.0,0.0,0.13569845658855345
0.0,0.0,0.0,0.12203357431463291
0.0,0.0,0.0,0.107676184654883
0.0,0.0,0.0,-0.08618063408558835
0.0,0.0,0.0,-0.10767767711486499
0.0,0.0,0.0,-0.11981303685163636
0.0,0.0,0.0,-0.12148416699973977
0.0,0.0,0.0,-0.10101599636491321
0.0,0.0,0.0,-0.10207634676588057
0.0,0.0,0.0,-0.09448305407020213
0.0,0.0,0.0,-0.08866458066948413
0.0,0.0,0.0,-0.05828791914176779
0.0,0.0,0.0,-0.043671945333671816
0.0,0.0,0.0,-0.023644335389301878
0.0,0.0,0.0,-0.0037713116037637467
0.0,0.0,0.0,0.029519260895843058
0.0,0.0,0.0,0.04982310210739174
0.0,0.0,0.0,0.07958745256631625
0.0,0.0,0.0,0.11161996302637715
0.0,0.0,0.0,0.16504736523512825
0.0,0.0,0.0,0.20098176374827134
0.0,0.0,0.0,0.24092149026259407
0.0,0.0,0.0,0.2845422581892349
0.0,0.0,0.0,0.3436002996264346
0.0,0.0,0.0,0.39076623585787623
0.0,0.0,0.0,0.4409517987319512
0.0,0.0,0.0,0.489773346574652
0.0,0.0,0.0,0.5478038631564979
0.0,0.0,0.0,0.5950589053118694
0.0,0.0,0.0,0.6473608972362854
0.0,0.0,0.0,0.6972543477287112
0.0,0.0,0.0,0.7515649045590047
0.0,0.0,0.0,0.8029000238814803
0.0,0.12559138,0.0,0.8624091116453807
0.08,0.10775522,0.0,0.9176181837265629
0.83,0.76116693,0.08,1.0421383685321532
2.66,1.5167603,0.83,1.7496572517905304
4.63,3.2543752,2.66,3.4548056514507044
6.9,5.2803254,4.63,5.599577216655783
9.17,8.242023,6.9,7.903494632398148
11.17,10.46124,9.17,10.134070717500212
13.35,11.909218,11.17,12.015817689157439
15.24,13.090377,13.35,14.170636244143186
16.93,14.616108,15.24,15.9365474999949
18.6,15.784271,16.93,17.62587866499163
20.01,17.127964,18.6,19.257786833304728
21.38,18.363884,20.01,20.689138132918785
22.52,19.891724,21.38,22.054461781858482
23.46,21.105883,22.52,23.180543031285428
24.26,21.83857,23.46,24.080507790157974
25.06,22.339525,24.26,24.824101145001432
25.8,22.763102,25.06,25.52303576103076
26.08,23.068995,25.8,26.1741152171873
26.14,23.110044,26.08,26.408643356410558
26.33,22.979431,26.14,26.397526638211765
26.2,22.713066,26.33,26.436564849732477
26.1,22.376287,26.2,26.074431803157825
25.88,21.984123,26.1,26.00191057711104
25.42,21.492214,25.88,25.73390540859856
25.0,20.658676,25.42,25.169779706901693
24.41,19.932089,25.0,24.621966692840445
23.479999999999997,19.123363,24.41,23.90307557750672
22.63,18.16908,23.479999999999997,22.887864362455467
19.45,16.941021,22.63,21.902859695551214
20.06,14.364834,19.45,18.940509227521463
17.55,14.120521,20.06,19.069451367003495
17.8,12.15191,17.55,16.660005853494418
16.3,11.136518,17.8,16.621475897619483
10.9,10.030593,16.3,15.143829242349426
11.59,6.6129646,10.9,10.38307954009439
9.2,6.1373787,11.59,10.646925058416588
6.85,4.1619067,9.2,8.406181976404657
4.59,2.534075,6.85,6.3283648726001145
2.09,1.0006088,4.59,4.02136535962038
0.51,0.0,2.09,1.5402244903553408
0.0,0.0,0.51,-0.05430614936276251
0.0,0.0,0.0,-0.759016785004344
0.0,0.0,0.0,-0.8737147689547038
0.0,0.0,0.0,-0.7648386442026
0.0,0.0,0.0,-0.685797051416355
0.0,0.0,0.0,-0.5563619205971393
0.0,0.0,0.0,-0.36704362790297546
0.0,0.0,0.0,-0.3193092478742341
0.0,0.0,0.0,-0.23592062394055763
0.0,0.0,0.0,-0.16172161157095577
0.0,0.0,0.0,-0.09213582758714034
0.0,0.0,0.0,0.003707745999758927
0.0,0.0,0.0,0.05481967068106301
0.0,0.0,0.0,0.06706391096276168
0.0,0.0,0.0,0.09194859731804476
0.0,0.0,0.0,0.11985182985639342
0.0,0.0,0.0,0.13709091264095266
0.0,0.0,0.0,0.14283603623739013
0.0,0.0,0.0,0.10887088457670879
0.0,0.0,0.0,0.13726604802973968
0.0,0.0,0.0,0.12621439399097795
0.0,0.0,0.0,0.11173110623996994
0.0,0.0,0.0,0.0914318925669558
0.0,0.0,0.0,-0.11525755217202532
0.0,0.0,0.0,-0.13675791287774283
0.0,0.0,0.0,-0.1465054674266727
0.0,0.0,0.0,-0.1531980562955079
0.0,0.0,0.0,-0.1291251746440583
0.0,0.0,0.0,-0.12746013939921153
0.0,0.0,0.0,-0.12120572986049356
0.0,0.0,0.0,-0.11097676059334069
0.0,0.0,0.0,-0.07603699023453411
0.0,0.0,0.0,-0.05945966307490086
0.0,0.0,0.0,-0.03985416853096113
0.0,0.0,0.0,-0.01737072394351776
0.0,0.0,0.0,0.024690398801968
0.0,0.0,0.0,0.05065112595168869
0.0,0.0,0.0,0.08127120886255966
0.0,0.0,0.0,0.11222910726731974
0.0,0.0,0.0,0.16425353317671731
0.0,0.0,0.0,0.207064267857208
0.0,0.0,0.0,0.24912668804248705
0.0,0.0,0.0,0.2897760010335258
0.0,0.0,0.0,0.3485135578159263
0.0,0.0,0.0,0.3969405752898126
0.0,0.0,0.0,0.4474861962899474
0.0,0.0,0.0,0.4972744350523815
0.0,0.0,0.0,0.5537306587789331
0.0,0.0,0.0,0.6059314967021378
0.0,0.0,0.0,0.6594048606371014
0.0,0.0,0.0,0.7136665753607616
0.0,0.0,0.0,0.7654753221542412
0.0,0.0,0.0,0.8210101913999808
0.0,0.0,0.0,0.8748314782550916
0.01,0.0,0.0,0.9275765814773367
0.38,0.42501935,0.01,0.9890466156903002
1.58,0.55872023,0.38,1.3642315807616567
3.75,1.4213175,1.58,2.4568568257171703
2.47,3.318063,3.75,4.585345082429705
3.94,3.7486024,2.47,3.588128631259632
5.99,4.390098,3.94,5.005606444063952
9.3,5.662617,5.99,6.880713581970147
13.64,7.9082646,9.3,9.948817811008523
15.65,12.441273,13.64,13.909042132172399
16.9,14.920612,15.65,16.066094859112123
16.38,15.810326,16.9,17.75255416405881
19.66,15.428794,16.38,17.617972170888834
22.3,17.29944,19.66,20.392724795883897
23.44,19.205462,22.3,22.82519694670278
24.33,20.708147,23.44,24.054156968956804
25.04,21.830214,24.33,25.025823675269415
25.56,22.429485,25.04,25.75451089012436
25.81,22.714226,25.56,26.258170712947546
25.97,22.890015,25.81,26.380292463720316
26.08,22.892149,25.97,26.373004061432887
26.21,22.650799,26.08,26.2865371823438
25.22,22.445395,26.21,26.150993865822517
22.1,21.779411,25.22,25.29025067405769
24.73,19.572863,22.1,22.45863662279273
23.72,19.788332,24.73,24.329105492636476
25.5,18.68554,23.72,23.208820088108244
23.520000000000003,19.320923,25.5,24.631532864468547
22.47,18.22034,23.520000000000003,22.90582087768215
21.49,16.808949,22.47,21.884832118065837
20.21,15.584562,21.49,20.810990326634595
19.26,14.259952,20.21,19.31710277017547
18.040000000000003,12.842123,19.26,18.29165830645542
16.36,11.391779,18.040000000000003,16.97414293101656
14.71,9.897984,16.36,15.355495121780558
12.87,8.411762,14.71,13.856325563150873
10.8,6.9151106,12.87,12.39530605005204
8.63,5.198452,10.8,10.34472397678602
6.46,3.6424184,8.63,8.217767006695246
4.34,2.1426375,6.46,6.014481880166544
0.79,0.6045069,4.34,3.858752389941685
0.06,0.0,0.79,0.3531529618265461
0.0,0.0,0.06,-0.6235633928833659
0.0,0.0,0.0,-0.8806488223797299
0.0,0.0,0.0,-0.9063163983885182
0.0,0.0,0.0,-0.7767347203453533
0.0,0.0,0.0,-0.6557381931396091
0.0,0.0,0.0,-0.5113967243248666
0.0,0.0,0.0,-0.45942310612207243
0.0,0.0,0.0,-0.3588786120147905
0.0,0.0,0.0,-0.30012297995113835
0.0,0.0,0.0,-0.21804412796531314
0.0,0.0,0.0,-0.1595650799871004
0.0,0.0,0.0,-0.0477160286310865
0.0,0.0,0.0,-0.02198990391422585
0.0,0.0,0.0,-0.004927451427990288
0.0,0.0,0.0,0.002781739883136996
0.0,0.0,0.0,0.031863639673275455
0.0,0.0,0.0,0.047589913132010525
0.0,0.0,0.0,0.0498632659402894
0.0,0.0,0.0,0.05076784951210632
0.0,0.0,0.0,0.07865225784352489
0.0,0.0,0.0,0.07351567261490999
0.0,0.0,0.0,0.062295983877242736
0.0,0.0,0.0,0.04670076743115695
0.0,0.0,0.0,-0.1854290356363334
0.0,0.0,0.0,-0.19360777308405414
0.0,0.0,0.0,-0.1954888429000569
0.0,0.0,0.0,-0.19724371988991063
0.0,0.0,0.0,-0.17793751673963193
0.0,0.0,0.0,-0.17287962218169267
0.0,0.0,0.0,-0.1724150454472298
0.0,0.0,0.0,-0.16277768418705638
0.0,0.0,0.0,-0.12707528708803886
0.0,0.0,0.0,-0.11388596524768566
0.0,0.0,0.0,-0.0930066817222665
0.0,0.0,0.0,-0.07043999303972585
0.0,0.0,0.0,-0.024864082624580994
0.0,0.0,0.0,0.0031525265440120014
0.0,0.0,0.0,0.03487314577580631
0.0,0.0,0.0,0.06941842989708041
0.0,0.0,0.0,0.1202237843111143
0.0,0.0,0.0,0.15246449086388117
0.0,0.0,0.0,0.1899301246279705
0.0,0.0,0.0,0.23719423706919573
0.0,0.0,0.0,0.2928127980098758
0.0,0.0,0.0,0.3409599895923028
0.0,0.0,0.0,0.3815198864504539
0.0,0.0,0.0,0.42218557528345185
0.0,0.0,0.0,0.4708247441482881
0.0,0.0,0.0,0.518709036676615
0.0,0.0,0.0,0.5706549441866782
0.0,0.0,0.0,0.6255696001145085
0.0,0.0,0.0,0.683064080068711
0.0,0.0,0.0,0.739463909375565
0.0,0.0,0.0,0.7981287937308253
0.0,0.0,0.0,0.8549354336803058
0.54,0.071741275,0.0,0.8992900878903172
1.68,0.5274199,0.54,1.397239404654763
1.72,1.4902351,1.68,2.4263147021987472
2.55,1.482042,1.72,2.6142803406686212
3.73,2.5418248,2.55,3.415425161441207
8.73,3.5277052,3.73,4.554183157154187
10.82,7.172039,8.73,9.035506956342093
7.24,10.570948,10.82,11.121359931888405
7.07,9.360605,7.24,8.603802795461398
11.57,7.809314,7.07,8.455889887393786
19.26,9.442793,11.57,12.11760462784232
20.64,14.013992,19.26,19.030730552173708
21.78,17.196323,20.64,20.94623986493576
22.85,19.245375,21.78,22.525100339231148
23.76,20.117157,22.85,23.78028075932474
24.47,20.597836,23.76,24.658791311899936
25.01,21.276606,24.47,25.25140109860711
25.41,22.059402,25.01,25.592587682357017
25.760000000000005,22.365038,25.41,25.847939738331977
26.07,22.412706,25.760000000000005,26.086817317917347
26.12,22.201927,26.07,26.37324894455331
26.07,22.136292,26.12,26.23365604666529
25.91,21.889107,26.07,26.159510691612443
25.56,21.53071,25.91,25.8255712765761
25.21,20.637947,25.56,25.376410695474824
24.630000000000003,19.939234,25.21,24.90182843655806
23.81,19.152426,24.630000000000003,24.195114440903843
22.84,18.272394,23.81,23.247982129576165
21.87,16.913465,22.84,22.161013249907572
20.9,15.640935,21.87,21.05097141975541
19.52,14.374457,20.9,19.984245997142093
18.18,13.073862,19.52,18.552618955356404
15.96,11.384877,18.18,17.11709288263068
7.97,9.646359,15.96,14.929596505303174
6.72,4.413538,7.97,7.873708564563165
5.57,2.5893342,6.72,6.188113717216939
1.31,1.444163,5.57,4.538771502989762
0.99,0.0,1.31,0.5654237658953332
0.91,0.0,0.99,0.0748668594264365
0.64,0.0,0.91,-0.19878172521542337
0.21,0.0,0.64,-0.3062295274307334
0.0,0.0,0.21,-0.58751988147866
0.0,0.0,0.0,-0.7552192534672177
0.0,0.0,0.0,-0.6372848373765672
0.0,0.0,0.0,-0.583478346666322
0.0,0.0,0.0,-0.5108957928798206
0.0,0.0,0.0,-0.3025981949603965
0.0,0.0,0.0,-0.2378782634265947
0.0,0.0,0.0,-0.16526013243080104
0.0,0.0,0.0,-0.05435696075844574
0.0,0.0,0.0,-0.02895544949552284
0.0,0.0,0.0,-0.010722779128809305
0.0,0.0,0.0,0.034382198012441106
0.0,0.0,0.0,0.06012619361799429
0.0,0.0,0.0,0.08962073282392256
0.0,0.0,0.0,0.10360333464212262
0.0,0.0,0.0,0.13580185163088948
0.0,0.0,0.0,0.13761188753328432
0.0,0.0,0.0,0.09138500158460792
0.0,0.0,0.0,0.07491762512157642
0.0,0.0,0.0,0.08165446197715144
0.0,0.0,0.0,0.047964866960644
0.0,0.0,0.0,0.027439131048815745
0.0,0.0,0.0,0.015175019501996179
0.0,0.0,0.0,-0.13427579485701946
0.0,0.0,0.0,-0.15517453693422756
0.0,0.0,0.0,-0.16833310767879056
0.0,0.0,0.0,-0.17385432203990844
0.0,0.0,0.0,-0.13743068439124148
0.0,0.0,0.0,-0.1265762643687724
0.0,0.0,0.0,-0.1240259356133494
0.0,0.0,0.0,-0.11666651371668536
0.0,0.0,0.0,-0.0820027930752183
0.0,0.0,0.0,-0.06754388409140502
0.0,0.0,0.0,-0.05106755283084987
0.0,0.0,0.0,-0.03836246662530098
0.0,0.0,0.0,0.006174336316297074
0.0,0.0,0.0,0.038122847169636265
0.0,0.0,0.0,0.06780237618775214
0.0,0.0,0.0,0.09946406294164932
0.0,0.0,0.0,0.15106746770843216
0.0,0.0,0.0,0.1821028902217275
0.0,0.0,0.0,0.22049830965384645
0.0,0.0,0.0,0.2589981750046241
0.0,0.0,0.0,0.3257154763593347
0.0,0.0,0.0,0.3669988567201536
0.0,0.0,0.0,0.4115259803460831
0.0,0.0,0.0,0.4596182651746077
0.0,0.0,0.0,0.5149789215319039
0.0,0.0,0.0,0.5697681922427543
0.0,0.0,0.0,0.6195994102826807
0.0,0.0,0.0,0.680061669396941
0.0,0.0,0.0,0.7306250263217341
0.0,0.0,0.0,0.777956553348554
0.0,0.2518548,0.0,0.8294758119584241
0.02,0.0,0.0,0.8977108951289665
0.63,0.41530433,0.02,0.9662333196306773
2.61,0.93074197,0.63,1.5348492774459817
4.67,2.8502946,2.61,3.3554908238521652
6.95,4.9733057,4.67,5.64435274757957
9.25,7.986642,6.95,7.963647734777866
11.31,10.150816,9.25,10.296500723513343
13.34,11.899495,11.31,12.085718698580697
15.2,12.96997,13.34,14.210947661265523
16.93,14.739401,15.2,15.883641099111873
18.52,15.776019,16.93,17.608003555615134
19.98,17.121983,18.52,19.140129860350477
21.239999999999995,18.28546,19.98,20.61062339818856
21.79,19.654198,21.239999999999995,21.883635617242128
22.92,20.534143,21.79,22.480569931846553
24.1,21.294426,22.92,23.496647076020746
24.79,22.02105,24.1,24.54823698431524
25.4,22.703537,24.79,25.177828574476276
25.87,23.037664,25.4,25.73827013804802
26.27,23.108835,25.87,26.132787311058046
26.58,23.052246,26.27,26.448281400599814
24.91,22.869076,26.58,26.632793794241294
27.23,21.721458,24.91,24.959054233503736
25.82,22.19103,27.23,26.866548809158694
20.06,21.73431,25.82,25.574015534973324
26.51,18.571226,20.06,20.39322267544025
25.8,19.8877,26.51,25.57492354371052
23.19,19.412212,25.8,24.83096740985468
23.37,18.602425,23.19,22.585791745314364
9.26,17.402664,23.37,22.582843499999644
19.42,9.603937,9.26,9.89144145842693
10.140000000000002,11.896823,19.42,17.873861406517477
13.6,7.349282,10.140000000000002,9.613437014899464
13.88,9.074026,13.6,12.088137784759786
11.72,7.672182,13.88,12.472325653104885
10.84,6.4869018,11.72,10.799032074646352
7.18,5.367181,10.84,10.51305374782745
7.68,2.8452678,7.18,6.906221306770202
5.48,2.3882568,7.68,7.177811449682661
4.29,1.2218227,5.48,4.998375619868417
1.89,0.2494998,4.29,3.8194828656035815
0.5,0.0,1.89,1.4899473851726124
0.0,0.0,0.5,0.2734070960196419
0.0,0.0,0.0,-0.5492414828594049
0.0,0.0,0.0,-0.5039998532346306
0.0,0.0,0.0,-0.5230315406002759
0.0,0.0,0.0,-0.47824722657379254
0.0,0.0,0.0,-0.31402738658892215
0.0,0.0,0.0,-0.2363852999418633
0.0,0.0,0.0,-0.141711924576781
0.0,0.0,0.0,-0.09390626612177724
0.0,0.0,0.0,-0.025624614294134113
0.0,0.0,0.0,0.007975551117931062
0.0,0.0,0.0,0.10901284287682401
0.0,0.0,0.0,0.054156681746145366
0.0,0.0,0.0,0.12652085100098218
0.0,0.0,0.0,0.07475071683129333
0.0,0.0,0.0,0.11879218631332837
0.0,0.0,0.0,0.12656417855486743
0.0,0.0,0.0,0.12121657853903539
0.0,0.0,0.0,0.11991594451133003
0.0,0.0,0.0,0.125040661571318
0.0,0.0,0.0,0.1282788351465896
0.0,0.0,0.0,0.11281477331385813
0.0,0.0,0.0,0.10135823433478708
0.0,0.0,0.0,-0.04729592392476858
0.0,0.0,0.0,-0.06017583461989495
0.0,0.0,0.0,-0.0748188712956881
0.0,0.0,0.0,-0.08220147358613636
0.0,0.0,0.0,-0.06185337846622424
0.0,0.0,0.0,-0.05873206720696633
0.0,0.0,0.0,-0.05311548741958237
0.0,0.0,0.0,-0.03826096775327144
0.0,0.0,0.0,-0.004310339421150361
0.0,0.0,0.0,0.013751556860332418
0.0,0.0,0.0,0.032897709552367774
0.0,0.0,0.0,0.05293221090541273
0.0,0.0,0.0,0.09770050307749298
0.0,0.0,0.0,0.12236688274225728
0.0,0.0,0.0,0.1488263957160692
0.0,0.0,0.0,0.18136187165434667
0.0,0.0,0.0,0.22937442928537286
0.0,0.0,0.0,0.2625673215439513
0.0,0.0,0.0,0.2999468466387879
0.0,0.0,0.0,0.34204087123736204
0.0,0.0,0.0,0.39881731007997473
0.0,0.0,0.0,0.4431763790995333
0.0,0.0,0.0,0.4913852147476138
0.0,0.0,0.0,0.5499732301044409
0.0,0.0,0.0,0.6071529205285315
0.0,0.0,0.0,0.6528568643572825
0.0,0.0,0.0,0.7028707067511271
0.0,0.0,0.0,0.7724242700701778
0.0,0.0,0.0,0.8272272538242653
0.0,0.0,0.0,0.8736064389118783
0.0,0.0,0.0,0.925718071017875
0.02,0.0,0.0,0.9803732893004168
0.57,0.118640296,0.02,1.0513739076339446
2.58,0.53198916,0.57,1.5865148750991747
4.66,2.4785824,2.58,3.4083481627968224
7.0,4.6430593,4.66,5.726688329585426
9.34,7.7221036,7.0,8.106352980286866
11.47,9.945724,9.34,10.490008282843668
13.46,11.679687,11.47,12.31426024635395
15.35,12.845007,13.46,14.393565311437875
17.08,14.467068,15.35,16.128955801621878
18.59,15.437517,17.08,17.86198487797115
19.96,16.79264,18.59,19.290230550725266
21.239999999999995,18.012098,19.96,20.658085549938175
22.34,19.33976,21.239999999999995,21.94189779731955
23.41,20.434055,22.34,23.019337936948553
24.36,21.311766,23.41,24.021618216053223
25.1,22.052582,24.36,24.908013537905823
25.58,22.6404,25.1,25.59570951574891
26.01,23.083796,25.58,26.025869669951746
26.14,23.220165,26.01,26.369287585744406
26.26,23.065765,26.14,26.418418632753774
26.26,22.77117,26.26,26.407112686773125
26.19,22.50559,26.26,26.151142504106687
26.0,22.062298,26.19,26.07689283177226
25.700000000000003,21.597979,26.0,25.862937422329
25.34,20.812063,25.700000000000003,25.45461797800541
24.660000000000004,20.127338,25.34,24.974367910511987
23.36,19.281982,24.660000000000004,24.190778474202133
22.85,17.889694,23.36,22.87059629063974
21.91,16.887657,22.85,22.144611664391306
20.75,15.614757,21.91,21.07005243002283
19.54,14.32696,20.75,19.84645616524652
18.01,13.044232,19.54,18.595011623617925
16.44,11.207758,18.01,17.057289378603034
14.77,9.7063465,16.44,15.494854869763746
12.7,8.214658,14.77,13.907372698306341
10.71,6.634119,12.7,12.22283041451487
8.74,4.798102,10.71,10.275623011387163
6.46,3.2524426,8.74,8.323115505475196
4.49,1.6137432,6.46,6.096094227445715
2.49,0.09201643,4.49,4.079672373539335
0.7000000000000001,0.0,2.49,2.01048360230027
0.0,0.0,0.7000000000000001,0.16962157551227736
0.0,0.0,0.0,-0.669666945273998
0.0,0.0,0.0,-0.7618358317911761
0.0,0.0,0.0,-0.7082179058100103
0.0,0.0,0.0,-0.6092162923016202
0.0,0.0,0.0,-0.49577981865234844
0.0,0.0,0.0,-0.3761081025791473
0.0,0.0,0.0,-0.264527136478808
0.0,0.0,0.0,-0.19788988039162042
0.0,0.0,0.0,-0.12871316591271292
0.0,0.0,0.0,-0.07088003683899155
0.0,0.0,0.0,0.01603491352973073
0.0,0.0,0.0,0.0713900571765559
0.0,0.0,0.0,0.10710290361405128
0.0,0.0,0.0,0.11971183245258382
0.0,0.0,0.0,0.1533499479297926
0.0,0.0,0.0,0.15512984144739195
0.0,0.0,0.0,0.1610656587324278
0.0,0.0,0.0,0.15704684275874872
0.0,0.0,0.0,0.17780276582067495
0.0,0.0,0.0,0.17118838940676992
0.0,0.0,0.0,0.15427283728718535
0.0,0.0,0.0,0.1418890394814978
0.0,0.0,0.0,-0.0938647918567578
0.0,0.0,0.0,-0.1110370982055621
0.0,0.0,0.0,-0.11935935097558914
0.0,0.0,0.0,-0.12798373617252615
0.0,0.0,0.0,-0.09898564622805053
0.0,0.0,0.0,-0.09453438369862041
0.0,0.0,0.0,-0.0895410374683561
0.0,0.0,0.0,-0.07962187552621451
0.0,0.0,0.0,-0.04448600291485395
0.0,0.0,0.0,-0.029267265250903576
0.0,0.0,0.0,-0.011357660283866696
0.0,0.0,0.0,0.011385634890313107
0.0,0.0,0.0,0.05460451764579377
0.0,0.0,0.0,0.08302457671103171
0.0,0.0,0.0,0.106665330325673
0.0,0.0,0.0,0.13454288727009506
0.0,0.0,0.0,0.1839245934269602
0.0,0.0,0.0,0.22471597934615517
0.0,0.0,0.0,0.26507817340778045
0.0,0.0,0.0,0.3080351039149251
0.0,0.0,0.0,0.3636657811660962
0.0,0.0,0.0,0.4077942798763386
0.0,0.0,0.0,0.456756915848016
0.0,0.0,0.0,0.5080669372328771
0.0,0.0,0.0,0.5666092683186967
0.0,0.0,0.0,0.6171999854989891
0.0,0.0,0.0,0.671196115375649
0.0,0.0,0.0,0.7234741004957005
0.0,0.0,0.0,0.7794784504082122
0.0,0.0,0.0,0.8356499296151738
0.0,0.09474643,0.0,0.8879299959938206
0.01,0.0534704,0.0,0.9469314016818966
0.51,0.6412483,0.01,1.006921076434082
2.32,1.1237152,0.51,1.5080796910053147
4.46,2.9333146,2.32,3.13315112346377
6.74,5.153351,4.46,5.456151755407436
9.050000000000002,8.156402,6.74,7.794305863078585
11.230000000000002,10.469315,9.050000000000002,10.154427686868909
13.21,12.006886,11.230000000000002,12.0257495826902
15.04,12.995868,13.21,14.15484448420702
16.71,14.6367855,15.04,15.79857469722739
18.26,15.633622,16.71,17.467077111283718
19.7,16.70749,18.26,18.975048421990188
20.92,18.091679,19.7,20.388107592827616
22.1,19.322464,20.92,21.613084080410932
23.05,20.428959,22.1,22.7552578897394
24.02,21.167202,23.05,23.653889112336266
24.79,21.831276,24.02,24.541403293411566
25.31,22.260204,24.79,25.22658062266953
25.659999999999997,22.530598,25.31,25.693984163757225
25.88,22.634928,25.659999999999997,25.961387862233295
26.08,22.500694,25.88,26.093252996514963
25.96,22.243225,26.08,26.165543269024475
25.61,21.994724,25.96,25.822918875538093
25.62,21.494017,25.61,25.48226759900141
25.46,21.017067,25.62,25.43087953572007
25.18,20.348269,25.46,25.138876531240705
24.670000000000005,19.780289,25.18,24.73789361140855
22.61,19.061905,24.670000000000005,24.12270736036717
12.35,17.834345,22.61,22.118289610661762
19.48,11.141809,12.35,12.951300853660232
14.93,12.971978,19.48,18.27824751359016
11.25,10.728529,14.93,13.983152598712646
4.9,8.869271,11.25,10.586293553999086
5.16,3.8826525,4.9,4.785874026765445
10.61,2.3043902,5.16,4.252766799223001
11.739999999999998,3.4917183,10.61,8.837116647914158
7.509999999999999,5.500394,11.739999999999998,10.14702969069161
3.79,4.365983,7.509999999999999,7.164604199935142
4.48,1.993151,3.79,3.793942967540424
3.32,1.2220298,4.48,4.150204583460393
2.24,0.19797106,3.32,2.7457903243633672
0.45,0.0,2.24,1.839608624092412
0.0,0.0,0.45,0.038986335188146704
0.0,0.0,0.0,-0.3699736761293934
0.0,0.0,0.0,-0.3355576201729222
0.0,0.0,0.0,-0.24388309130907276
0.0,0.0,0.0,-0.1881714328799254
0.0,0.0,0.0,-0.2522140915872082
0.0,0.0,0.0,-0.20717094233074662
0.0,0.0,0.0,-0.05274113581473224
0.0,0.0,0.0,0.052967289607971715
0.0,0.0,0.0,0.060249232419052196
0.0,0.0,0.0,0.09189480687566032
0.0,0.0,0.0,0.08665613503033368
0.0,0.0,0.0,0.1731325674568377
0.0,0.0,0.0,0.15905456816955188
0.0,0.0,0.0,0.1290663411794646
0.0,0.0,0.0,0.1054210771430026
0.0,0.0,0.0,0.08968513798374919
0.0,0.0,0.0,0.11482756168398425
0.0,0.0,0.0,0.12895564214219915
0.0,0.0,0.0,0.13329936808973009
0.0,0.0,0.0,0.09494865454816515
0.0,0.0,0.0,0.08632506662903136
0.0,0.0,0.0,0.07311357999012967
0.0,0.0,0.0,-0.057133668505836635
0.0,0.0,0.0,-0.0748476065766137
0.0,0.0,0.0,-0.08708315423420948
0.0,0.0,0.0,-0.08318928504615505
0.0,0.0,0.0,-0.058372769912483254
0.0,0.0,0.0,-0.06061256126364607
0.0,0.0,0.0,-0.06018185896215153
0.0,0.0,0.0,-0.047357922406132576
0.0,0.0,0.0,-0.0146768549255763
0.0,0.0,0.0,-0.00012169009496368344
0.0,0.0,0.0,0.016513732169769757
0.0,0.0,0.0,0.04633196754864129
0.0,0.0,0.0,0.08043334935687173
0.0,0.0,0.0,0.11050510388945681
0.0,0.0,0.0,0.13553790068351604
0.0,0.0,0.0,0.16685641296778347
0.0,0.0,0.0,0.22103821411415278
0.0,0.0,0.0,0.25437860078816893
0.0,0.0,0.0,0.2957447320202871
0.0,0.0,0.0,0.3357113078590377
0.0,0.0,0.0,0.393833011154756
0.0,0.0,0.0,0.43839606841323553
0.0,0.0,0.0,0.4979596182849497
0.0,0.0,0.0,0.5481034976570432
0.0,0.0,0.0,0.5956012823923864
0.0,0.0,0.0,0.6513715362559094
0.0,0.0,0.0,0.6929580131093964
0.0,0.0,0.0,0.7450017521957437
0.0,0.0,0.0,0.7936314898406779
0.0,0.044223484,0.0,0.8426500217147264
0.0,0.22510004,0.0,0.8967876570477782
0.01,0.21021135,0.0,0.945670210230741
0.49,0.8094334,0.01,1.0052419541358846
2.32,1.271242,0.49,1.4877541940403474
4.26,3.0004046,2.32,3.113100027738679
6.5,4.9619646,4.26,5.261826745192664
8.83,7.95475,6.5,7.552421255730627
10.93,10.233942,8.83,9.932486138979737
12.94,11.9035225,10.93,11.709964302673951
14.85,12.80903,12.94,13.938408956586425
16.6,14.433915,14.85,15.591515462493923
18.14,15.394246,16.6,17.353084731248444
19.55,16.432018,18.14,18.883042728876546
20.83,17.845898,19.55,20.249858532917948
21.97,19.247803,20.83,21.53948902340958
23.0,20.44688,21.97,22.66762531078376
23.77,21.177729,23.0,23.652614693480658
24.49,21.789013,23.77,24.376516647594908
24.99,22.25905,24.49,24.997723813021032
25.36,22.537033,24.99,25.429420009370254
25.679999999999996,22.647514,25.36,25.713605511944
25.86,22.594395,25.679999999999996,25.928153761973093
25.94,22.3692,25.86,25.988382014001253
25.92,22.176405,25.94,25.83388932985348
25.760000000000005,21.827623,25.92,25.791255409776166
25.57,21.406427,25.760000000000005,25.630101304254286
25.16,20.707014,25.57,25.331965439617406
24.580000000000002,20.080156,25.16,24.806137280798875
23.78,19.31875,24.580000000000002,24.11679127643676
22.92,18.419405,23.78,23.214283819535446
22.01,17.170471,22.92,22.239412232014992
20.86,16.131836,22.01,21.21752844927548
19.63,15.006241,20.86,19.982571964483835
18.19,13.695075,19.63,18.7001787344023
16.51,11.913939,18.19,17.232083929124087
14.74,10.3705225,16.51,15.565472836570539
12.87,8.837081,14.74,13.860461836458393
10.84,7.271163,12.87,12.365813346880024
8.83,5.482259,10.84,10.387444459850903
6.710000000000001,3.9825737,8.83,8.408110570714008
4.5,2.4511642,6.710000000000001,6.339957999673718
2.35,0.88443816,4.5,4.096675423900181
0.55,0.0,2.35,1.890431546681005
0.0,0.0,0.55,-0.0008888259930961429
0.0,0.0,0.0,-0.7265109935198792
0.0,0.0,0.0,-0.8100769893879812
0.0,0.0,0.0,-0.7444479743349436
0.0,0.0,0.0,-0.6276072257669565
0.0,0.0,0.0,-0.5015083748091449
0.0,0.0,0.0,-0.3950129363005793
0.0,0.0,0.0,-0.29772210084808026
0.0,0.0,0.0,-0.23709546495401798
0.0,0.0,0.0,-0.17448939856237686
0.0,0.0,0.0,-0.11029780480751795
0.0,0.0,0.0,-0.024926623832930636
0.0,0.0,0.0,0.01970153773654535
0.0,0.0,0.0,0.04339661953300253
0.0,0.0,0.0,0.055753859168510125
0.0,0.0,0.0,0.09600549541428571
0.0,0.0,0.0,0.10567628083775066
0.0,0.0,0.0,0.10760555569747948
0.0,0.0,0.0,0.09824264259823998
0.0,0.0,0.0,0.12162453967966386
0.0,0.0,0.0,0.11824824823434546
0.0,0.0,0.0,0.10214079375519824
0.0,0.0,0.0,0.08096690409047479
0.0,0.0,0.0,-0.11775141536938136
0.0,0.0,0.0,-0.13208807822467866
0.0,0.0,0.0,-0.1418060310078982
0.0,0.0,0.0,-0.15078735489733622
0.0,0.0,0.0,-0.1267012957987501
0.0,0.0,0.0,-0.1254269925127912
0.0,0.0,0.0,-0.11920327245316287
0.0,0.0,0.0,-0.11112006838588398
0.0,0.0,0.0,-0.08255915001491015
0.0,0.0,0.0,-0.06426246427055696
0.0,0.0,0.0,-0.05032904155076363
0.0,0.0,0.0,-0.035507020349273936
0.0,0.0,0.0,0.007599081284441478
0.0,0.0,0.0,0.032756880061264954
0.0,0.0,0.0,0.08210042452098207
0.0,0.0,0.0,0.12800766159941404
0.0,0.0,0.0,0.1772342247145674
0.0,0.0,0.0,0.21276657775860677
0.0,0.0,0.0,0.25842886730843767
0.0,0.0,0.0,0.2958979610158093
0.0,0.0,0.0,0.33912839746107054
0.0,0.0,0.0,0.37662144179784646
0.0,0.0,0.0,0.42156053364875934
0.0,0.0,0.0,0.4696994111535655
0.0,0.0,0.0,0.5250202528644535
0.0,0.0,0.0,0.5802766148995381
0.0,0.0,0.0,0.6317742874829883
0.0,0.0,0.0,0.6834461374251448
0.0,0.0,0.0,0.7401290262930232
0.0,0.0,0.0,0.7960855403464806
0.0,0.0,0.0,0.8455045223192964
0.01,0.010851924,0.0,0.8916845351794683
0.46,0.6612032,0.01,0.9511680237254352
2.1,1.0758883,0.46,1.4032348160834363
4.04,2.642373,2.1,2.8713965459218556
6.22,4.542223,4.04,4.994677649167937
8.49,7.435923,6.22,7.252259069467995
10.59,9.723879,8.49,9.584462143025684
12.61,11.369538,10.59,11.37502515336181
14.48,12.436671,12.61,13.630755971855347
16.23,14.223116,14.48,15.200651782398955
17.76,15.363192,16.23,16.937363995801395
19.23,16.412128,17.76,18.43922916416228
20.48,17.66,19.23,19.889081606818046
21.52,18.96655,20.48,21.166008809246804
22.460000000000004,20.188492,21.52,22.185631816675457
23.34,20.896515,22.460000000000004,23.104172976080633
24.08,21.54521,23.34,23.905934901542416
24.690000000000005,22.032751,24.08,24.54238947059746
25.15,22.353348,24.690000000000005,25.07863539007049
25.53,22.518457,25.15,25.457699940100273
25.77,22.535866,25.53,25.73825005395633
25.75,22.345388,25.77,25.868153266432532
25.64,22.114532,25.75,25.635420294355686
25.42,21.674885,25.64,25.516866191393277
25.12,21.201302,25.42,25.28869287500366
24.73,20.439112,25.12,24.865451843501877
24.19,19.776007,24.73,24.358527512245523
23.39,19.013535,24.19,23.69550850821019
22.59,18.108875,23.39,22.806218927631477
21.6,16.866861,22.59,21.898933542685505
20.48,15.853138,21.6,20.795377308350183
19.07,14.560109,20.48,19.60354787658743
17.67,13.212966,19.07,18.146616457639414
16.08,11.440328,17.67,16.700802881086606
14.41,9.925908,16.08,15.105597442931115
12.42,8.405432,14.41,13.575104373959427
10.5,6.86067,12.42,11.921347756790093
8.08,5.1033754,10.5,10.023060843355033
5.8,3.461051,8.08,7.6732210835185635
3.65,1.7951579,5.8,5.404130620092929
1.79,0.19034952,3.65,3.187134982643083
0.36,0.0,1.79,1.2411466526895376
0.0,0.0,0.36,-0.2859405499624998
0.0,0.0,0.0,-0.79448528408104
0.0,0.0,0.0,-0.8270220855359716
0.0,0.0,0.0,-0.7463860852083657
0.0,0.0,0.0,-0.6366581879764045
0.0,0.0,0.0,-0.530416228363705
0.0,0.0,0.0,-0.4301181162682934
0.0,0.0,0.0,-0.33108366508519305
0.0,0.0,0.0,-0.25671575772735683
0.0,0.0,0.0,-0.19181669586926214
0.0,0.0,0.0,-0.12591467087692665
0.0,0.0,0.0,-0.04525619359776599
0.0,0.0,0.0,-1.1713346700931854e-05
0.0,0.0,0.0,0.02383212414073986
0.0,0.0,0.0,0.037101549644959
0.0,0.0,0.0,0.07697022106962319
0.0,0.0,0.0,0.08102224074658976
0.0,0.0,0.0,0.08746692995862007
0.0,0.0,0.0,0.09178100608704884
0.0,0.0,0.0,0.11181609682916147
0.0,0.0,0.0,0.09731776357365786
0.0,0.0,0.0,0.08660481202522184
0.0,0.0,0.0,0.07014443674004239
0.0,0.0,0.0,-0.3389853271107323
0.0,0.0,0.0,-0.35888145763750984
0.0,0.0,0.0,-0.3724082429351277
0.0,0.0,0.0,-0.36861357292378855
0.0,0.0,0.0,-0.3482626526696436
0.0,0.0,0.0,-0.3459929064450504
0.0,0.0,0.0,-0.341279411973105
0.0,0.0,0.0,-0.33637909815116285
0.0,0.0,0.0,-0.30942175860378973
0.0,0.0,0.0,-0.3006748762306136
0.0,0.0,0.0,-0.27165867163380397
0.0,0.0,0.0,-0.2578226440820568
0.0,0.0,0.0,-0.2133703161763026
0.0,0.0,0.0,-0.18117743401327263
0.0,0.0,0.0,-0.15045295457609137
0.0,0.0,0.0,-0.11699252306674422
0.0,0.0,0.0,-0.05667261886017131
0.0,0.0,0.0,-0.015794881969996913
0.0,0.0,0.0,0.024477412187046844
0.0,0.0,0.0,0.06766830377269302
0.0,0.0,0.0,0.11968759888355568
0.0,0.0,0.0,0.16372121238049372
0.0,0.0,0.0,0.20772192241909224
0.0,0.0,0.0,0.2553890206454526
0.0,0.0,0.0,0.3134854844949644
0.0,0.0,0.0,0.3642716464902557
0.0,0.0,0.0,0.4165523269112561
0.0,0.0,0.0,0.4690968792526467
0.0,0.0,0.0,0.5268511670317116
0.0,0.0,0.0,0.5813737620713625
0.0,0.0,0.0,0.6318830306779898
0.01,0.0,0.0,0.6816344917249673
0.47,0.0,0.01,0.7330684307293487
1.16,0.0,0.47,1.1798309406080063
2.5300000000000002,0.039915036,1.16,1.8506919984861678
3.92,1.2575498,2.5300000000000002,3.196696820430177
2.83,3.6725526,3.92,4.693884571762021
3.0800000000000005,3.1610365,2.83,3.740975652637823
3.17,2.6760015,3.0800000000000005,4.00065938172554
3.72,2.182294,3.17,4.0408676589370005
7.19,2.6485472,3.72,4.516002264977072
8.31,5.110283,7.19,7.52343225523885
16.71,7.1229825,8.31,8.74709006774537
19.71,12.334774,16.71,16.421461195540694
21.239999999999995,16.429674,19.71,19.770756544774976
18.95,18.574806,21.239999999999995,21.839905237518504
15.12,17.988224,18.95,20.26959230897893
23.94,15.572867,15.12,16.645889257569127
17.5,18.828749,23.94,23.88638547551052
17.81,17.19969,17.5,18.248121844735987
12.62,17.07057,17.81,18.417232520931233
9.16,13.34567,12.62,13.63305916659647
10.110000000000001,10.260791,9.16,9.950560942854132
8.84,9.097757,10.110000000000001,10.305565558135047
8.56,7.9017653,8.84,8.572708977379792
11.04,7.0128984,8.56,8.225549482909084
13.33,7.5345955,11.04,10.24789740375243
11.3,8.575938,13.33,12.49738635519956
10.76,7.9557633,11.3,11.056972361195456
16.02,7.499069,10.76,10.637751507753686
12.4,9.881042,16.02,14.981914075523951
9.34,8.436888,12.4,12.221277815941455
10.8,6.4703655,9.34,9.54670416461961
9.529999999999998,5.6199512,10.8,10.536890057237818
13.16,4.736051,9.529999999999998,9.147688264670542
12.09,6.1767898,13.16,12.181860387004019
10.05,6.383528,12.09,11.806823474836634
8.03,5.4942846,10.05,10.302992440581198
5.92,4.0501842,8.03,8.46071049849763
3.87,2.6854544,5.92,6.216878928929574
2.03,1.2062217,3.87,4.096247365907871
0.5,0.0,2.03,2.007119183760576
0.0,0.0,0.5,0.2772370552881426
0.0,0.0,0.0,-0.358860284840531
0.0,0.0,0.0,-0.3987803421741251
0.0,0.0,0.0,-0.44887463458281296
0.0,0.0,0.0,-0.41183894879616406
0.0,0.0,0.0,-0.4564628442411659
0.0,0.0,0.0,-0.43221903215469987
0.0,0.0,0.0,-0.3887214035352878
0.0,0.0,0.0,-0.35490960509612657
0.0,0.0,0.0,-0.3144088567972297
0.0,0.0,0.0,-0.2973878792531513
0.0,0.0,0.0,-0.25324881664617505
0.0,0.0,0.0,-0.19934695333907074
0.0,0.0,0.0,-0.22138000604059815
0.0,0.0,0.0,-0.24315490281221538
0.0,0.0,0.0,-0.21015082438126031
0.0,0.0,0.0,-0.22480946140505892
0.0,0.0,0.0,-0.20075400669031473
0.0,0.0,0.0,-0.2095298650482691
0.0,0.0,0.0,-0.19674277592319134
0.0,0.0,0.0,-0.20346639654120335
0.0,0.0,0.0,-0.20903424771803547
0.0,0.0,0.0,-0.21478381231918728
0.0,0.0,0.0,-0.17037444358504125
0.0,0.0,0.0,-0.19108572859287018
0.0,0.0,0.0,-0.20013728715583626
0.0,0.0,0.0,-0.1980858193076871
0.0,0.0,0.0,-0.17589855157294945
0.0,0.0,0.0,-0.18022726600527295
0.0,0.0,0.0,-0.17454087744914648
0.0,0.0,0.0,-0.1668770172936096
0.0,0.0,0.0,-0.1257134185801212
0.0,0.0,0.0,-0.09886880331397768
0.0,0.0,0.0,-0.07938390093464837
0.0,0.0,0.0,-0.04581539047675366
0.0,0.0,0.0,-0.0003961355009816578
0.0,0.0,0.0,0.02984435737592035
0.0,0.0,0.0,0.05667999391469999
0.0,0.0,0.0,0.0806979732198157
0.0,0.0,0.0,0.1212208261235666
0.0,0.0,0.0,0.15421693615353343
0.0,0.0,0.0,0.19625069596843508
0.0,0.0,0.0,0.25045313762340005
0.0,0.0,0.0,0.30022340151729027
0.0,0.0,0.0,0.35228144009722023
0.0,0.0,0.0,0.40723710846816125
0.0,0.0,0.0,0.4583448449358943
0.0,0.0,0.0,0.5117906166434981
0.0,0.0,0.0,0.558924157936749
0.0,0.0,0.0,0.6089886748597364
0.0,0.0,0.0,0.6652618430105229
0.0,0.0,0.0,0.7080760957094491
0.0,0.0,0.0,0.7594864265786013
0.0,0.0,0.0,0.8224119801955093
0.0,0.0,0.0,0.8820142502009216
0.4,0.16029862,0.0,0.9330697391214481
1.92,0.3749019,0.4,1.3360493038365542
3.87,1.9180413,1.92,2.7043791911028623
5.95,3.8556273,3.87,4.7894893336879125
8.19,6.752212,5.95,6.962767014931406
10.31,9.081051,8.19,9.258329349556659
12.34,10.805227,10.31,11.072671997256833
14.28,11.92692,12.34,13.333635543309454
16.06,13.649218,14.28,14.990126021206395
17.69,14.7915535,16.06,16.77323195779222
19.139999999999997,16.001644,17.69,18.353499834264298
20.48,17.235943,19.139999999999997,19.792778102127745
21.69,18.70624,20.48,21.137659622438278
22.64,19.966562,21.69,22.330040722498136
23.449999999999996,20.894917,22.64,23.245530715797948
24.15,21.752975,23.449999999999996,24.004786293657695
24.72,22.226631,24.15,24.620499667114057
25.19,22.509966,24.72,25.10766490376763
25.49,22.636066,25.19,25.47924841544962
25.730000000000004,22.585075,25.49,25.68843010784936
25.689999999999998,22.343918,25.730000000000004,25.824966610763006
25.64,22.101082,25.689999999999998,25.57108732443557
25.44,21.706656,25.64,25.472891266993813
25.03,21.203363,25.44,25.288941162557638
24.49,20.391651,25.03,24.787451586743707
23.94,19.63036,24.49,24.13427894490342
23.29,18.83193,23.94,23.44018200801912
22.400000000000002,17.9925,23.29,22.67037634318369
21.370000000000005,16.741426,22.400000000000002,21.679260381213798
20.34,15.51193,21.370000000000005,20.561907282241393
19.079999999999995,14.245065,20.34,19.43914807960454
17.72,12.938733,19.079999999999995,18.12869309029458
16.21,11.205816,17.72,16.737649224582093
14.52,9.77225,16.21,15.225858829901952
12.7,8.28911,14.52,13.643288063157746
10.68,6.845013,12.7,12.187724704483255
8.57,5.0576873,10.68,10.226095494437791
6.39,3.5265086,8.57,8.150120851405736
4.25,1.9533013,6.39,6.006701383869358
2.25,0.3798546,4.25,3.8099513869872115
0.56,0.0,2.25,1.7352212688553725
0.0,0.0,0.56,-0.03962324953968949
0.0,0.0,0.0,-0.7597454478908506
0.0,0.0,0.0,-0.8314663401539975
0.0,0.0,0.0,-0.7686073176432603
0.0,0.0,0.0,-0.6448849086662423
0.0,0.0,0.0,-0.5230638007395924
0.0,0.0,0.0,-0.4290378734817205
0.0,0.0,0.0,-0.3426937272817037
0.0,0.0,0.0,-0.2805250036404264
0.0,0.0,0.0,-0.22404463398889263
0.0,0.0,0.0,-0.1682818435734136
0.0,0.0,0.0,-0.08572722492182477
0.0,0.0,0.0,-0.03898996988750243
0.0,0.0,0.0,-0.010457829501741324
0.0,0.0,0.0,0.0033531526969565392
0.0,0.0,0.0,0.035139648525217906
0.0,0.0,0.0,0.032100615264472054
0.0,0.0,0.0,0.03048430128089294
0.0,0.0,0.0,0.031279699250756215
0.0,0.0,0.0,0.05106130418954427
0.0,0.0,0.0,0.04295108134751735
0.0,0.0,0.0,0.029672406100642416
0.0,0.0,0.0,0.016574828935965614
0.0,0.0,0.0,-0.16291244833130572
0.0,0.0,0.0,-0.1712345086502109
0.0,0.0,0.0,-0.18636848857452754
0.0,0.0,0.0,-0.17831868189552263
0.0,0.0,0.0,-0.1491590406747714
0.0,0.0,0.0,-0.13699599392587944
0.0,0.0,0.0,-0.11633296933049028
0.0,0.0,0.0,-0.11849496507647692
0.0,0.0,0.0,-0.09434571176776485
0.0,0.0,0.0,-0.07506974867494093
0.0,0.0,0.0,-0.04524104534943722
0.0,0.0,0.0,-0.025330617410853195
0.0,0.0,0.0,0.020365863886398876
0.0,0.0,0.0,0.0603036280640119
0.0,0.0,0.0,0.07575242946612555
0.0,0.0,0.0,0.1137355286450897
0.0,0.0,0.0,0.176216419746189
0.0,0.0,0.0,0.21772185561021293
0.0,0.0,0.0,0.2626511472460267
0.0,0.0,0.0,0.3057912360762666
0.0,0.0,0.0,0.3564596791247053
0.0,0.0,0.0,0.4139720805521116
0.0,0.0,0.0,0.4540556717904955
0.0,0.0,0.0,0.500102795916039
0.0,0.0,0.0,0.5598674901186214
0.0,0.0,0.0,0.6094594852703751
0.0,0.0,0.0,0.6490529286442892
0.0,0.0,0.0,0.7021706586887014
0.0,0.0,0.0,0.762991401022896
0.0,0.0,0.0,0.8169811540358926
0.0,0.15243848,0.0,0.8622298333521401
0.0,0.0,0.0,0.9144704672453314
0.32,0.4983258,0.0,0.9429612302589072
1.89,0.7035998,0.32,1.274978190536008
3.91,2.2545102,1.89,2.6723571459305657
6.03,4.175461,3.91,4.861191124693331
8.31,7.1428466,6.03,7.05620218167039
10.44,9.463032,8.31,9.388495215464092
12.49,11.315455,10.44,11.214259995574627
14.38,12.343378,12.49,13.465468715190452
16.09,14.059641,14.38,15.109580185526202
17.67,15.220858,16.09,16.751190036666205
19.089999999999996,16.3318,17.67,18.33964011618643
20.32,17.507067,19.089999999999996,19.75283891449632
21.44,18.876629,20.32,20.994683143831622
22.409999999999997,19.980885,21.44,22.104803018120474
23.33,20.814302,22.409999999999997,23.02539738129904
24.02,21.664234,23.33,23.866367334021707
24.55,22.3107,24.02,24.4724479288993
24.97,22.654343,24.55,24.94871695390339
25.25,22.683851,24.97,25.28547679292441
25.5,22.594767,25.25,25.470888629777825
25.53,22.314686,25.5,25.605453374550997
25.52,22.0439,25.53,25.41355785928961
25.34,21.635296,25.52,25.352041515005126
24.97,21.14271,25.34,25.203728808744764
24.45,20.33399,24.97,24.7438407750585
23.81,19.566832,24.45,24.12091033021979
23.09,18.716784,23.81,23.360991645852227
22.26,17.840754,23.09,22.51561718294325
21.370000000000005,16.595232,22.26,21.565210941060858
20.19,15.450452,21.370000000000005,20.565327114222484
19.0,14.126024,20.19,19.321163354642398
17.65,12.88236,19.0,18.066227764119763
16.15,11.132433,17.65,16.68072397297509
14.41,9.708646,16.15,15.173034309550745
12.58,8.199303,14.41,13.542027632962979
10.61,6.7235603,12.58,12.071415061180899
8.55,4.926339,10.61,10.155454469375162
6.46,3.3818269,8.55,8.133532793502313
4.33,1.8386133,6.46,6.0861228260752105
2.33,0.29670992,4.33,3.9105301696374575
0.63,0.0,2.33,1.8336216742610527
0.0,0.0,0.63,0.04630994521016729
0.0,0.0,0.0,-0.7438791414871919
0.0,0.0,0.0,-0.8219270147040518
0.0,0.0,0.0,-0.7708491700151469
0.0,0.0,0.0,-0.6633281086366126
0.0,0.0,0.0,-0.5455350414654896
0.0,0.0,0.0,-0.44357309733805994
0.0,0.0,0.0,-0.3426244202618468
0.0,0.0,0.0,-0.2700898508476023
0.0,0.0,0.0,-0.19579649782563768
0.0,0.0,0.0,-0.15201009626091222
0.0,0.0,0.0,-0.06945921949760944
0.0,0.0,0.0,-0.0055138927447081695
0.0,0.0,0.0,0.026054342597484556
0.0,0.0,0.0,0.04176098875613005
0.0,0.0,0.0,0.07736887864528079
0.0,0.0,0.0,0.08676553209542348
0.0,0.0,0.0,0.09101425421143253
0.0,0.0,0.0,0.09119143545985987
0.0,0.0,0.0,0.1130994175776595
0.0,0.0,0.0,0.10345230184112794
0.0,0.0,0.0,0.096088889971861
0.0,0.0,0.0,0.08402420735250632
0.0,0.0,0.0,-0.085800070547247
0.0,0.0,0.0,-0.1039328627338456
0.0,0.0,0.0,-0.11373341053429055
0.0,0.0,0.0,-0.12032763805481239
0.0,0.0,0.0,-0.09579716488996218
0.0,0.0,0.0,-0.09530768999619015
0.0,0.0,0.0,-0.09467568657072441
0.0,0.0,0.0,-0.08188569498044002
0.0,0.0,0.0,-0.04455348514575023
0.0,0.0,0.0,-0.029589393713607137
0.0,0.0,0.0,-0.008704621177644187
0.0,0.0,0.0,0.01503015334945252
0.0,0.0,0.0,0.0535745015109384
0.0,0.0,0.0,0.08997697270758943
0.0,0.0,0.0,0.12162670888467536
0.0,0.0,0.0,0.15538826489999383
0.0,0.0,0.0,0.20885057846527802
0.0,0.0,0.0,0.2548184368189507
0.0,0.0,0.0,0.29601350102810126
0.0,0.0,0.0,0.3432869309149751
0.0,0.0,0.0,0.4012743756413093
0.0,0.0,0.0,0.4448514884941974
0.0,0.0,0.0,0.49809551929001794
0.0,0.0,0.0,0.5472788352304758
0.0,0.0,0.0,0.6032538046447311
0.0,0.0,0.0,0.6584807240355364
0.0,0.0,0.0,0.7158681739554001
0.0,0.0,0.0,0.7705412793764801
0.0,0.0,0.0,0.8217337887363979
0.0,0.0,0.0,0.878188046249263
0.0,0.0,0.0,0.9311749286475902
0.0,0.0,0.0,0.9852539811905902
0.2,0.11271116,0.0,1.0319592367783847
1.84,0.18930931,0.2,1.2660375258425174
4.02,1.8307124,1.84,2.6881669306711578
6.23,3.9168432,4.02,5.038372472664793
8.58,6.9700527,6.23,7.340421567464055
10.75,9.306777,8.58,9.750153030027818
12.81,11.011177,10.75,11.637005164167945
14.7,12.1928005,12.81,13.805790108713719
16.4,13.782025,14.7,15.52378459400163
17.93,14.930742,16.4,17.197833907758028
19.33,16.150534,17.93,18.675996063710645
20.63,17.373674,19.33,20.063190545483135
21.83,18.887257,20.63,21.356956325876983
22.82,20.065771,21.83,22.54156475672967
23.67,20.973383,22.82,23.484282909459424
24.31,21.753777,23.67,24.275866394508785
24.95,22.333658,24.31,24.84433830291013
25.51,22.775602,24.95,25.391434333436706
25.86,22.909746,25.51,25.85202873735873
25.89,22.856585,25.86,26.109767036305726
25.91,22.54284,25.89,26.055371450070666
25.81,22.25089,25.91,25.842132843707198
25.700000000000003,21.797218,25.81,25.665123532891602
25.45,21.32392,25.700000000000003,25.5672114781226
25.03,20.57074,25.45,25.200105614470335
24.46,19.871433,25.03,24.668528704610225
23.81,19.060354,24.46,23.988454421937735
22.93,18.219923,23.81,23.21601890819862
21.98,16.934292,22.93,22.234661813700185
20.91,15.721107,21.98,21.176061082307307
19.6,14.446864,20.91,20.013242199082296
18.14,13.137524,19.6,18.648407182228375
16.63,11.311382,18.14,17.171383450933675
14.87,9.857748,16.63,15.64669002926285
11.219999999999999,8.404453,14.87,13.866066293750361
9.17,5.474447,11.219999999999999,10.938584328094201
7.01,3.8376176,9.17,8.830176346867948
4.81,2.2018344,7.01,6.611220625207725
2.54,0.48814324,4.81,4.3237739957513295
0.84,0.0,2.54,1.9777885096604075
0.0,0.0,0.84,0.1919564151966202
0.0,0.0,0.0,-0.7643230124932642
0.0,0.0,0.0,-0.8592758748223558
0.0,0.0,0.0,-0.8098475310028349
0.0,0.0,0.0,-0.7060216684582733
0.0,0.0,0.0,-0.5876054127752256
0.0,0.0,0.0,-0.4792597460257383
0.0,0.0,0.0,-0.33327896229457893
0.0,0.0,0.0,-0.2658329796626495
0.0,0.0,0.0,-0.19780614351920056
0.0,0.0,0.0,-0.13149659961485965
0.0,0.0,0.0,-0.03536191505859945
0.0,0.0,0.0,0.020300637026039736
0.0,0.0,0.0,0.05569730456577802
0.0,0.0,0.0,0.07070417452785194
0.0,0.0,0.0,0.11028965619239987
0.0,0.0,0.0,0.120657829780786
0.0,0.0,0.0,0.13098996710153604
0.0,0.0,0.0,0.1360763677570277
0.0,0.0,0.0,0.15142845863982268
0.0,0.0,0.0,0.145407635294582
0.0,0.0,0.0,0.1358981740233893
0.0,0.0,0.0,0.12050846599340387
0.0,0.0,0.0,-0.051252229505247236
0.0,0.0,0.0,-0.07050322935048585
0.0,0.0,0.0,-0.08210801871085233
0.0,0.0,0.0,-0.08669347210697886
0.0,0.0,0.0,-0.060498794106144255
0.0,0.0,0.0,-0.05793081791473566
0.0,0.0,0.0,-0.04937531176790494
0.0,0.0,0.0,-0.041769291824395594
0.0,0.0,0.0,-0.0019688324584583167
0.0,0.0,0.0,0.015250659806698343
0.0,0.0,0.0,0.03488107928078351
0.0,0.0,0.0,0.05633695405470526
0.0,0.0,0.0,0.09935979288104341
0.0,0.0,0.0,0.13054552271378236
0.0,0.0,0.0,0.1589314231710763
0.0,0.0,0.0,0.1949276542084068
0.0,0.0,0.0,0.24699441741076447
0.0,0.0,0.0,0.28533078626999236
0.0,0.0,0.0,0.3296585210071743
0.0,0.0,0.0,0.37260468966735155
0.0,0.0,0.0,0.4254656501299912
0.0,0.0,0.0,0.46984242293831824
0.0,0.0,0.0,0.5205971773538155
0.0,0.0,0.0,0.5728376039559779
0.0,0.0,0.0,0.6317536002957755
0.0,0.0,0.0,0.6838431400453098
0.0,0.0,0.0,0.7376699164052469
0.0,0.0,0.0,0.7907926901809743
0.0,0.0,0.0,0.8489229246238107
0.0,0.0,0.0,0.9045140823922521
0.0,0.17416611,0.0,0.9578224282027252
0.0,0.1745484,0.0,1.0099720552314446
0.17,0.759153,0.0,1.0573571038210439
1.77,0.9958161,0.17,1.2605117854330943
4.01,2.6426704,1.77,2.6479644247709953
6.24,4.807004,4.01,5.034009367146615
8.61,7.926922,6.24,7.3726350387287
10.82,10.366138,8.61,9.796500552903462
12.86,12.055902,10.82,11.720939958870101
14.79,13.103164,12.86,13.842911179927649
16.61,14.680266,14.79,15.607697244072595
18.28,15.843335,16.61,17.390735752882655
19.87,17.096462,18.28,18.9950911342192
21.22,18.437325,19.87,20.57326814822135
22.430000000000003,19.806664,21.22,21.936109245367298
23.35,20.947987,22.430000000000003,23.146593946289293
24.17,21.727036,23.35,24.036062988854017
24.85,22.362965,24.17,24.78654214185522
25.39,22.7746,24.85,25.37555672676334
25.84,23.039833,25.39,25.832817854385393
26.08,23.136782,25.84,26.18824706456029
26.18,23.048584,26.08,26.340371605507443
26.16,22.788853,26.18,26.33104642926015
25.87,22.504011,26.16,26.08049170971505
25.81,22.039564,25.87,25.719086193795814
25.31,21.584915,25.81,25.664677822479863
24.660000000000004,20.7414,25.31,25.07936349562779
24.32,19.93336,24.660000000000004,24.328368244727194
23.46,19.21217,24.32,23.82052501560059
22.63,18.319614,23.46,22.86162256343936
21.63,17.071047,22.63,21.9326311248853
20.42,15.997418,21.63,20.826617656554102
19.139999999999997,14.868817,20.42,19.547018889034554
17.66,13.682993,19.139999999999997,18.208119353125184
16.25,11.835752,17.66,16.70288659718637
14.59,10.4015875,16.25,15.268984025873278
11.07,8.933972,14.59,13.689811694639555
9.030000000000001,6.1231084,11.07,10.77154463208342
7.07,4.50945,9.030000000000001,8.697865386879538
5.0,2.995047,7.07,6.682497726714223
2.91,1.4475003,5.0,4.524923448638121
0.94,0.0,2.91,2.3681264696526787
0.0,0.0,0.94,0.3708296669692526
0.0,0.0,0.0,-0.6844277713974958
0.0,0.0,0.0,-0.7888508857383909
0.0,0.0,0.0,-0.7560216129990113
0.0,0.0,0.0,-0.652608576928761
0.0,0.0,0.0,-0.5334753619752055
0.0,0.0,0.0,-0.42605471326408173
0.0,0.0,0.0,-0.28240497422215727
0.0,0.0,0.0,-0.21700908051585482
0.0,0.0,0.0,-0.15472192331378676
0.0,0.0,0.0,-0.0858106947488143
0.0,0.0,0.0,0.0017804531361676618
0.0,0.0,0.0,0.06188732662345446
0.0,0.0,0.0,0.09234642394648465
0.0,0.0,0.0,0.1036534494715112
0.0,0.0,0.0,0.13576017624642522
0.0,0.0,0.0,0.1424701892666116
0.0,0.0,0.0,0.14587032350544407
0.0,0.0,0.0,0.1491211236086447
0.0,0.0,0.0,0.1642068725235242
0.0,0.0,0.0,0.15532235763859686
0.0,0.0,0.0,0.14191087171579703
0.0,0.0,0.0,0.12531223815668233
0.0,0.0,0.0,-0.06664727081280078
0.0,0.0,0.0,-0.08504818522871611
0.0,0.0,0.0,-0.09938335319395218
0.0,0.0,0.0,-0.10024419608926971
0.0,0.0,0.0,-0.07360392146149708
0.0,0.0,0.0,-0.07258828136284978
0.0,0.0,0.0,-0.06530768731356558
0.0,0.0,0.0,-0.05485198881094767
0.0,0.0,0.0,-0.019463000030666977
0.0,0.0,0.0,-0.004956269446920389
0.0,0.0,0.0,0.014455161981347664
0.0,0.0,0.0,0.037244141090201494
0.0,0.0,0.0,0.08198865485754694
0.0,0.0,0.0,0.11256314700104178
0.0,0.0,0.0,0.14418505970131174
0.0,0.0,0.0,0.18299927641790403
0.0,0.0,0.0,0.23403624636048725
0.0,0.0,0.0,0.27428394382896587
0.0,0.0,0.0,0.3161552015695366
0.0,0.0,0.0,0.3557529655518488
0.0,0.0,0.0,0.4100184172544397
0.0,0.0,0.0,0.455205983890086
0.0,0.0,0.0,0.5004523259115419
0.0,0.0,0.0,0.5502688129724427
0.0,0.0,0.0,0.6083351125891306
0.0,0.0,0.0,0.660889550247339
0.0,0.0,0.0,0.7113462172515854
0.0,0.0,0.0,0.7617816103160788
0.0,0.0,0.0,0.8156377463039662
0.0,0.0,0.0,0.8661760585797106
0.0,0.15561883,0.0,0.917000529975146
0.0,0.13652419,0.0,0.9680899171023124
0.19,0.7147464,0.0,1.0141078794143896
1.59,0.95920765,0.19,1.2338805406159692
3.72,2.2636962,1.59,2.4685208858748493
5.89,4.3003244,3.72,4.689431611415766
8.18,7.331811,5.89,6.9727447757987004
10.36,9.807221,8.18,9.312824226129134
12.37,11.517998,10.36,11.248337550776606
14.27,12.582685,12.37,13.394845827749826
16.03,14.165754,14.27,15.066181901721578
17.61,15.263521,16.03,16.806224904742997
19.0,16.44273,17.61,18.327727824477694
20.34,17.621368,19.0,19.71257404284533
21.53,19.114689,20.34,21.045772713327167
22.56,20.2518,21.53,22.229228522071622
23.39,21.041388,22.56,23.21855709205166
24.0,21.683594,23.39,23.999481891910495
24.3,22.071712,24.0,24.54080360102347
24.78,22.216375,24.3,24.79457717213947
25.26,22.262304,24.78,25.161608557667694
25.01,22.26973,25.26,25.51414069857935
24.91,21.912813,25.01,25.219120913181232
24.71,21.579166,24.91,24.914194139053578
24.75,21.092072,24.71,24.606905720710106
24.42,20.65023,24.75,24.628662154829087
24.35,19.807241,24.42,24.226939406558976
24.03,19.515003,24.35,23.99789130777102
23.22,18.833239,24.03,23.569988440490775
22.52,17.994116,23.22,22.693799506747396
21.6,16.852087,22.52,21.891441991115368
20.43,15.867507,21.6,20.86721775704618
19.46,14.781745,20.43,19.630843757809796
18.070000000000004,13.706579,19.46,18.55260585876867
16.64,11.982868,18.070000000000004,17.147297576667434
15.009999999999998,10.587056,16.64,15.718677705969373
11.28,9.18668,15.009999999999998,14.11251145583445
9.27,6.2059646,11.28,11.080232272523773
7.06,4.56578,9.27,9.017796774346468
4.98,2.9084036,7.06,6.739104379729183
2.88,1.2793165,4.98,4.54679012238733
0.91,0.0,2.88,2.3466640697960455
0.0,0.0,0.91,0.3540976044642394
0.0,0.0,0.0,-0.6715182442830121
0.0,0.0,0.0,-0.7891431270173811
0.0,0.0,0.0,-0.760289756162873
0.0,0.0,0.0,-0.6673690269007765
0.0,0.0,0.0,-0.5543125307829713
0.0,0.0,0.0,-0.4483652868750934
0.0,0.0,0.0,-0.30400073390944427
0.0,0.0,0.0,-0.24183281201267776
0.0,0.0,0.0,-0.173245643426848
0.0,0.0,0.0,-0.10873288517594404
0.0,0.0,0.0,-0.022674045832408955
0.0,0.0,0.0,0.035854712222142204
0.0,0.0,0.0,0.07037725523584057
0.0,0.0,0.0,0.08336857366646237
0.0,0.0,0.0,0.12160723712045185
0.0,0.0,0.0,0.13067432676284182
0.0,0.0,0.0,0.13860606340120338
0.0,0.0,0.0,0.14503176132356865
0.0,0.0,0.0,0.16038300431948088
0.0,0.0,0.0,0.1552873664150382
0.0,0.0,0.0,0.14344147436221863
0.0,0.0,0.0,0.12985917742337916
0.0,0.0,0.0,-0.045307337636123976
0.0,0.0,0.0,-0.0631262656617343
0.0,0.0,0.0,-0.07684049817947167
0.0,0.0,0.0,-0.07982663382824842
0.0,0.0,0.0,-0.05584153535712122
0.0,0.0,0.0,-0.05251307516950403
0.0,0.0,0.0,-0.047946402673203874
0.0,0.0,0.0,-0.03827461427424791
0.0,0.0,0.0,-0.0009424225420811769
0.0,0.0,0.0,0.011795892998376772
0.0,0.0,0.0,0.032952060319903234
0.0,0.0,0.0,0.05422657414750022
0.0,0.0,0.0,0.09814035953567869
0.0,0.0,0.0,0.12938396631550048
0.0,0.0,0.0,0.16153260400625585
0.0,0.0,0.0,0.1983103751597966
0.0,0.0,0.0,0.24994896668532715
0.0,0.0,0.0,0.29058552029824264
0.0,0.0,0.0,0.3323497961019551
0.0,0.0,0.0,0.3761810128878531
0.0,0.0,0.0,0.43058045785994653
0.0,0.0,0.0,0.47467328675951265
0.0,0.0,0.0,0.5268804269389102
0.0,0.0,0.0,0.5797182543767916
0.0,0.0,0.0,0.6333254061457434
0.0,0.0,0.0,0.6845199100620423
0.0,0.0,0.0,0.7376571762289247
0.0,0.0,0.0,0.791098933291957
0.0,0.0,0.0,0.8450755793668184
0.0,0.0,0.0,0.8947333978593389
0.0,0.10920693,0.0,0.9465800335551013
0.0,0.10703132,0.0,0.9915247854783127
0.17,0.68399143,0.0,1.0339617099698482
1.4700000000000002,0.67683196,0.17,1.2356795332622177
3.63,1.858199,1.4700000000000002,2.387376629316973
5.78,3.8855414,3.63,4.614188769386277
8.09,6.952063,5.78,6.880916294106649
10.27,9.44861,8.09,9.246752386519034
12.290000000000001,11.154248,10.27,11.208274719550989
14.24,12.262628,12.290000000000001,13.331665173232194
15.7,13.816049,14.24,15.07157870572971
16.68,14.881933,15.7,16.53890633271656
18.5,15.818413,16.68,17.499580456344383
19.72,16.95032,18.5,19.202608901619318
20.41,18.42864,19.72,20.413708944049517
21.76,19.540995,20.41,21.162427004446883
22.3,20.533587,21.76,22.40592506901756
23.01,21.09103,22.3,22.919526303223833
24.55,21.480581,23.01,23.55225117659898
25.31,22.052393,24.55,24.88781983397956
25.730000000000004,22.369566,25.31,25.599483606844295
25.97,22.53709,25.730000000000004,26.0150838927202
25.8,22.40441,25.97,26.187384181985706
25.56,22.117483,25.8,25.85788079020071
25.38,21.70034,25.56,25.509194143808088
25.03,21.223627,25.38,25.33433682098956
24.52,20.473202,25.03,24.864790057565813
24.03,19.797607,24.52,24.24719641798651
23.42,19.055828,24.03,23.61548642258023
22.61,18.248531,23.42,22.886403789614707
21.74,17.033627,22.61,21.983123662359063
20.68,16.063808,21.74,20.984206521208797
19.61,14.967695,20.68,19.843331524243037
18.18,13.761038,19.61,18.69474715203791
16.7,11.981381,18.18,17.25663122216757
15.07,10.539158,16.7,15.771552604036005
13.23,9.121633,15.07,14.156224787611562
11.26,7.5548635,13.23,12.682955649293676
9.27,5.717071,11.26,10.889989005538114
7.24,4.209218,9.27,8.930912292828719
5.11,2.7028098,7.24,6.943067375207758
2.99,1.160705,5.11,4.767700900479673
1.01,0.0,2.99,2.5624259189074765
0.0,0.0,1.01,0.5466622259299316
0.0,0.0,0.0,-0.6224371983925616
0.0,0.0,0.0,-0.7412390057336288
0.0,0.0,0.0,-0.7071567595792376
0.0,0.0,0.0,-0.6062747082756306
0.0,0.0,0.0,-0.489742468221885
0.0,0.0,0.0,-0.38119771145438264
0.0,0.0,0.0,-0.270138598419958
0.0,0.0,0.0,-0.2058733902300451
0.0,0.0,0.0,-0.1452446784245459
0.0,0.0,0.0,-0.08065704201290116
0.0,0.0,0.0,0.005865374000264285
0.0,0.0,0.0,0.06251042865707399
0.0,0.0,0.0,0.10180111156896329
0.0,0.0,0.0,0.113192063426336
0.0,0.0,0.0,0.1474452026588824
0.0,0.0,0.0,0.15531091378831258
0.0,0.0,0.0,0.15640436217927547
0.0,0.0,0.0,0.15338006220770692
0.0,0.0,0.0,0.1737187364374135
0.0,0.0,0.0,0.16246265777058655
0.0,0.0,0.0,0.1524648036898685
0.0,0.0,0.0,0.13806038877895288
0.0,0.0,0.0,-0.035313571816802426
0.0,0.0,0.0,-0.05239600826404345
0.0,0.0,0.0,-0.06699438322083448
0.0,0.0,0.0,-0.07309001833738044
0.0,0.0,0.0,-0.046357160553731416
0.0,0.0,0.0,-0.04571026549628234
0.0,0.0,0.0,-0.038887679992477935
0.0,0.0,0.0,-0.028074645199145896
0.0,0.0,0.0,0.007874468967830686
0.0,0.0,0.0,0.024881425389721504
0.0,0.0,0.0,0.043877772770361985
0.0,0.0,0.0,0.06990937675885284
0.0,0.0,0.0,0.11557265129697378
0.0,0.0,0.0,0.14802189571107977
0.0,0.0,0.0,0.1822863084205555
0.0,0.0,0.0,0.216363227931953
0.0,0.0,0.0,0.26972917571810245
0.0,0.0,0.0,0.30960139987578483
0.0,0.0,0.0,0.3508208371478818
0.0,0.0,0.0,0.39420050289874753
0.0,0.0,0.0,0.4490909884058128
0.0,0.0,0.0,0.49756910730270026
0.0,0.0,0.0,0.5444090356804286
0.0,0.0,0.0,0.5932918044378833
0.0,0.0,0.0,0.6496529295708555
0.0,0.0,0.0,0.7027024206025637
0.0,0.0,0.0,0.7585442424533169
0.0,0.0,0.0,0.809658825399576
0.0,0.0,0.0,0.8610557721924138
0.0,0.0,0.0,0.9129121507174861
0.0,0.0,0.0,0.9644706635956132
0.0,0.0022191228,0.0,1.0169015079242651
0.17,0.37723893,0.0,1.0636202409934443
1.46,0.37799567,0.17,1.265726357326067
3.6,1.5339957,1.46,2.4015263370828417
5.72,3.5883543,3.6,4.599747553200412
8.06,6.657165,5.72,6.851885788362247
10.28,9.203177,8.06,9.23621997754229
12.330000000000002,10.924837,10.28,11.243208598820942
14.34,12.144128,12.330000000000002,13.378826474639109
16.1,13.7182255,14.34,15.169481308774822
17.71,14.89934,16.1,16.91852916915279
19.21,16.126041,17.71,18.47071186616765
20.5,17.351137,19.21,19.96187290350415
21.74,18.912378,20.5,21.25257456859593
22.82,20.224743,21.74,22.482757026301144
23.71,21.275581,22.82,23.516567755600537
24.42,22.08795,23.71,24.35144701794079
24.96,22.544447,24.42,24.986607753170862
25.26,22.816122,24.96,25.455624838476595
25.43,22.8188,25.26,25.689085546433706
25.5,22.690338,25.43,25.76707673324844
24.77,22.396349,25.5,25.715108934613788
25.53,21.864334,24.77,24.857087393055913
25.24,21.629896,25.53,25.335883788418776
24.86,21.091509,25.24,25.09505193511403
24.76,20.427874,24.86,24.675246213968002
24.2,19.873888,24.76,24.429141430846474
23.65,19.128891,24.2,23.752190599057496
22.92,18.29479,23.65,23.11401580747592
22.01,17.141687,22.92,22.255743948087837
21.05,16.127056,22.01,21.247918963900556
19.54,15.05963,21.05,20.201339009008898
18.18,13.653582,19.54,18.670395551405576
16.65,11.835272,18.18,17.266230898628283
15.04,10.324801,16.65,15.72706864270873
13.31,8.919282,15.04,14.089809602461767
11.43,7.399505,13.31,12.754199319360858
9.16,5.638093,11.43,10.98711638364714
7.0,4.04094,9.16,8.788693120574742
4.769999999999999,2.4323525,7.0,6.685280732453746
2.87,0.7838564,4.769999999999999,4.402796844137524
1.01,0.0,2.87,2.3673707274088907
0.0,0.0,1.01,0.49887622882506727
0.0,0.0,0.0,-0.6440031747898562
0.0,0.0,0.0,-0.7401211263548467
0.0,0.0,0.0,-0.7088591730625945
0.0,0.0,0.0,-0.6116693829421281
0.0,0.0,0.0,-0.493806895367003
0.0,0.0,0.0,-0.3895161654950505
0.0,0.0,0.0,-0.2822200208925977
0.0,0.0,0.0,-0.2156807884126741
0.0,0.0,0.0,-0.1553680339155411
0.0,0.0,0.0,-0.08983223000012572
0.0,0.0,0.0,-0.007232691191675286
0.0,0.0,0.0,0.04820302737131596
0.0,0.0,0.0,0.08560687872231972
0.0,0.0,0.0,0.09437774778759345
0.0,0.0,0.0,0.13168986223918097
0.0,0.0,0.0,0.13722831331445284
0.0,0.0,0.0,0.13996919103095012
0.0,0.0,0.0,0.14465847669787074
0.0,0.0,0.0,0.1693088827163321
0.0,0.0,0.0,0.16298821267726152
0.0,0.0,0.0,0.15321979959922874
0.0,0.0,0.0,0.13863453422514885
0.0,0.0,0.0,-0.0862522131701244
0.0,0.0,0.0,-0.1043023484087642
0.0,0.0,0.0,-0.1176136929639876
0.0,0.0,0.0,-0.12002656460366498
0.0,0.0,0.0,-0.0941969965133075
0.0,0.0,0.0,-0.08965821938154372
0.0,0.0,0.0,-0.08475001645040316
0.0,0.0,0.0,-0.0739182390776974
0.0,0.0,0.0,-0.03982408123500959
0.0,0.0,0.0,-0.025307643720472554
0.0,0.0,0.0,-0.006803451483111209
0.0,0.0,0.0,0.014299443438113325
0.0,0.0,0.0,0.05607846628405548
0.0,0.0,0.0,0.08574812271796246
0.0,0.0,0.0,0.11919536203243802
0.0,0.0,0.0,0.15315438394910152
0.0,0.0,0.0,0.20669251431053384
0.0,0.0,0.0,0.24283235030646821
0.0,0.0,0.0,0.2885213824563872
0.0,0.0,0.0,0.3325099246623892
0.0,0.0,0.0,0.3875615248837992
0.0,0.0,0.0,0.43768653542836294
0.0,0.0,0.0,0.48520097768405807
0.0,0.0,0.0,0.5359914141220076
0.0,0.0,0.0,0.593350997394004
0.0,0.0,0.0,0.6460698401216107
0.0,0.0,0.0,0.7008848018158241
0.0,0.0,0.0,0.7531820654940787
0.0,0.0,0.0,0.8088885074528214
0.0,0.0,0.0,0.860706224512269
0.0,0.0,0.0,0.9176690207301914
0.0,0.0,0.0,0.9707517492779522
0.23,0.0,0.0,1.0201621028520165
1.24,0.0,0.23,1.2806443503036382
3.12,0.76254743,1.24,2.221529083609258
5.15,2.6838343,3.12,4.059865420980268
7.33,5.5448365,5.15,6.225249000160117
9.49,7.95721,7.33,8.444760389020797
11.63,9.675418,9.49,10.418728993163768
13.69,11.050552,11.63,12.677771624598533
15.579999999999998,12.728193,13.69,14.458399067202725
17.29,14.002811,15.579999999999998,16.36410290491288
18.83,15.279831,17.29,18.03007263501655
20.14,16.552628,18.83,19.607991473228843
21.33,18.113024,20.14,20.873617311757048
22.34,19.37383,21.33,22.048805977293608
23.01,20.386595,22.34,23.03017824981004
23.550000000000004,21.275417,23.01,23.673598605270296
21.1,21.771149,23.550000000000004,24.139546808003075
20.250000000000004,20.688705,21.1,22.01309167886758
19.41,19.79118,20.250000000000004,20.972194257979403
21.43,17.988932,19.41,19.965676129129466
23.509999999999998,18.584835,21.43,21.389320848835506
21.06,19.803503,23.509999999999998,23.13265379444897
23.24,18.344845,21.06,21.16230561671616
24.15,18.886908,23.24,23.077771099016132
24.18,18.927065,24.15,23.84536351306694
23.509999999999998,18.862589,24.18,23.907353351426163
23.03,18.230688,23.509999999999998,23.24453420944284
22.16,17.592901,23.03,22.59170314622637
21.13,16.288628,22.16,21.690961058419553
20.01,15.3001585,21.13,20.568023108801487
19.0,14.146007,20.01,19.36326188864887
17.6,12.963696,19.0,18.262616331860833
16.06,11.235838,17.6,16.802749502633947
14.21,9.838662,16.06,15.205825404224884
10.41,8.181939,14.21,13.535556023037376
8.04,5.2603354,10.41,10.226087608766756
3.89,3.4445906,8.04,7.778276544091485
3.18,0.5772095,3.89,3.642224278531321
2.28,0.0,3.18,2.6073237147735666
0.74,0.0,2.28,1.5259747011568268
0.0,0.0,0.74,0.03210386808577437
0.0,0.0,0.0,-0.6801056458437292
0.0,0.0,0.0,-0.7494201934423692
0.0,0.0,0.0,-0.6769544755769173
0.0,0.0,0.0,-0.6137180322879232
0.0,0.0,0.0,-0.5216968645191334
0.0,0.0,0.0,-0.44196007595922615
0.0,0.0,0.0,-0.2924478103808519
0.0,0.0,0.0,-0.21551567115238812
0.0,0.0,0.0,-0.10602190937140907
0.0,0.0,0.0,-0.0718326048419829
0.0,0.0,0.0,-0.010777759131822932
0.0,0.0,0.0,0.039205558235107324
0.0,0.0,0.0,0.07045540754384842
0.0,0.0,0.0,0.08274230015560213
0.0,0.0,0.0,0.12277139165706072
0.0,0.0,0.0,0.13561189562084838
0.0,0.0,0.0,0.1438484039184964
0.0,0.0,0.0,0.14706762190225833
0.0,0.0,0.0,0.1614869193526886
0.0,0.0,0.0,0.15072097326295367
0.0,0.0,0.0,0.12201690891568567
0.0,0.0,0.0,0.11039206094729116
0.0,0.0,0.0,-0.04503131910936237
0.0,0.0,0.0,-0.0586972075515332
0.0,0.0,0.0,-0.06860885817124948
0.0,0.0,0.0,-0.07467691576594757
0.0,0.0,0.0,-0.051872140447190435
0.0,0.0,0.0,-0.0538773181381931
0.0,0.0,0.0,-0.05235197516279284
0.0,0.0,0.0,-0.0460482746880362
0.0,0.0,0.0,-0.010918995044537274
0.0,0.0,0.0,0.0017939918897007245
0.0,0.0,0.0,0.017710055837411656
0.0,0.0,0.0,0.04063008231250513
0.0,0.0,0.0,0.08648111740279503
0.0,0.0,0.0,0.11570687642342099
0.0,0.0,0.0,0.14965906798276338
0.0,0.0,0.0,0.1914554410189576
0.0,0.0,0.0,0.24226349919273193
0.0,0.0,0.0,0.27696072471436967
0.0,0.0,0.0,0.315105446797502
0.0,0.0,0.0,0.351453378523564
0.0,0.0,0.0,0.4047883049522502
0.0,0.0,0.0,0.4488343504183287
0.0,0.0,0.0,0.48610865667771724
0.0,0.0,0.0,0.5231556964439514
0.0,0.0,0.0,0.575392871496715
0.0,0.0,0.0,0.627148947409644
0.0,0.0,0.0,0.6803666083212311
0.0,0.0,0.0,0.7325656354220267
0.0,0.0,0.0,0.7869201305201499
0.0,0.0,0.0,0.8405125514702605
0.0,0.009762687,0.0,0.8929299203662991
0.0,0.0,0.0,0.9466085390946453
0.18,0.25059137,0.0,0.9908404217239184
0.98,0.34334424,0.18,1.2008283942344027
2.44,0.8838995,0.98,1.9941502316522015
4.45,2.2349138,2.44,3.3773650268884383
6.74,4.8406215,4.45,5.466099335428407
8.9,7.3631845,6.74,7.7750106599677835
10.78,9.365603,8.9,9.798158313010973
12.829999999999998,10.662796,10.78,11.8113736337263
14.7,12.250869,12.829999999999998,13.762538801002679
16.38,13.457272,14.7,15.524099216621075
17.989999999999995,14.536416,16.38,17.16176136748963
19.36,15.816114,17.989999999999995,18.73604238486939
20.57,17.34699,19.36,20.115993593443555
21.72,18.507208,20.57,21.351850462305517
22.81,19.480333,21.72,22.474324382244745
23.74,20.433138,22.81,23.515598176776802
24.47,21.377897,23.74,24.371239324978895
24.96,22.03004,24.47,25.040742103986535
25.22,22.482391,24.96,25.460384430733917
25.36,22.441599,25.22,25.65193470458123
25.35,22.246952,25.36,25.659706045971106
25.17,21.966557,25.35,25.453988532096535
24.94,21.508743,25.17,25.117332857128233
24.580000000000002,20.945093,24.94,24.927851114471274
24.15,20.120615,24.580000000000002,24.453263256776772
23.65,19.389341,24.15,23.903439166162677
22.99,18.634205,23.65,23.25565423089823
22.28,17.787075,22.99,22.466727584602175
21.33,16.564732,22.28,21.63901811413197
20.17,15.437191,21.33,20.59157166444098
18.95,14.127825,20.17,19.35616861138276
17.56,12.838301,18.95,18.061321973853325
16.04,11.055356,17.56,16.624911883827444
14.1,9.588279,16.04,15.082524104365584
12.16,7.9561357,14.1,13.301583278894288
10.18,6.451372,12.16,11.642566225814258
8.13,4.5888352,10.18,9.69050097706772
6.05,3.0330586,8.13,7.658585682645967
3.98,1.4975501,6.05,5.610658385498455
2.07,0.0,3.98,3.4997911984597856
0.64,0.0,2.07,1.5340272558449053
0.0,0.0,0.64,0.035300425317303374
0.0,0.0,0.0,-0.7228201967031066
0.0,0.0,0.0,-0.7906475748199633
0.0,0.0,0.0,-0.7286750295823295
0.0,0.0,0.0,-0.6230564912759964
0.0,0.0,0.0,-0.5039608298766945
0.0,0.0,0.0,-0.4115592242862378
0.0,0.0,0.0,-0.3141633667645175
0.0,0.0,0.0,-0.24989622397514
0.0,0.0,0.0,-0.18944557740560045
0.0,0.0,0.0,-0.1291170616640494
0.0,0.0,0.0,-0.051081216163683975
0.0,0.0,0.0,-0.00866153088894232
0.0,0.0,0.0,0.015959536155245296
0.0,0.0,0.0,0.025163964193488358
0.0,0.0,0.0,0.057100800618240764
0.0,0.0,0.0,0.06113743009164388
0.0,0.0,0.0,0.059232622233811885
0.0,0.0,0.0,0.05468526471398179
0.0,0.0,0.0,0.07557090207091302
0.0,0.0,0.0,0.0675599023004793
0.0,0.0,0.0,0.057181630460524296
0.0,0.0,0.0,0.04252417655306888
0.0,0.0,0.0,-0.2525563664927165
0.0,0.0,0.0,-0.268195727662808
0.0,0.0,0.0,-0.2749841450727391
0.0,0.0,0.0,-0.27670433994095794
0.0,0.0,0.0,-0.250578764717121
0.0,0.0,0.0,-0.24627566974761228
0.0,0.0,0.0,-0.23887280542563444
0.0,0.0,0.0,-0.2285483875844712
0.0,0.0,0.0,-0.19095641080005676
0.0,0.0,0.0,-0.17157477850590913
0.0,0.0,0.0,-0.14832854847343271
0.0,0.0,0.0,-0.12317482472551985
0.0,0.0,0.0,-0.07822366733598315
0.0,0.0,0.0,-0.047486050788953585
0.0,0.0,0.0,-0.011314445620331376
0.0,0.0,0.0,0.01629844690434158
0.0,0.0,0.0,0.0698774745698602
0.0,0.0,0.0,0.11137542851141947
0.0,0.0,0.0,0.15245910540573723
0.0,0.0,0.0,0.2003487714695099
0.0,0.0,0.0,0.2534074164925381
0.0,0.0,0.0,0.3037364222949398
0.0,0.0,0.0,0.3564425854886085
0.0,0.0,0.0,0.4072462720121851
0.0,0.0,0.0,0.4641192873646837
0.0,0.0,0.0,0.5172320798740268
0.0,0.0,0.0,0.5736974822423149
0.0,0.0,0.0,0.627374541982922
0.0,0.0,0.0,0.6823185978721392
0.0,0.0,0.0,0.7366091443356028
0.0,0.0,0.0,0.7922317437422307
0.0,0.0,0.0,0.8493671686607265
0.0,0.0,0.0,0.8985021755317153
0.17,0.0,0.0,0.9483594005155683
0.7700000000000001,0.0,0.17,1.1380020836221674
1.21,0.0,0.7700000000000001,1.703533318362209
1.4000000000000001,0.28194615,1.21,2.1367557946610907
1.68,0.7241986,1.4000000000000001,2.4109054883383765
2.89,0.85461813,1.68,2.7171169081363065
3.25,1.4973032,2.89,3.7880150150428804
3.67,2.3487918,3.25,4.228306669072374
4.23,2.8239684,3.67,4.68326801522158
5.94,3.0155463,4.23,5.256404225882549
7.29,3.9635603,5.94,6.770567337985819
9.36,5.3043184,7.29,8.101174592291608
11.07,6.8901224,9.36,10.049730402870892
11.01,8.125528,11.07,11.833070287303094
13.1,8.310796,11.01,12.008867793157968
17.12,9.2547655,13.1,13.923477602601979
19.83,11.656397,17.12,17.641837636099194
19.59,14.397789,19.83,20.363027429095023
24.07,15.083524,19.59,20.548185526047302
25.24,17.706112,24.07,24.587165552177883
25.13,19.376167,25.24,25.79240804237231
25.07,20.103994,25.13,25.806169266096123
24.89,20.387053,25.07,25.824315086393515
24.589999999999996,20.010187,24.89,25.448769125859034
23.97,19.415459,24.589999999999996,25.01247993785749
23.25,18.866835,23.97,24.160375080480826
22.439999999999998,18.049736,23.25,23.300258159348072
21.340000000000003,16.874353,22.439999999999998,22.323109983162837
20.18,15.562639,21.340000000000003,21.03084030246594
19.0,14.187325,20.18,19.696169685172602
17.59,12.868081,19.0,18.399439328465743
15.94,11.073581,17.59,16.817745520492988
14.14,9.436989,15.94,15.105540314984708
12.22,7.7833257,14.14,13.379689465110795
10.27,6.2575555,12.22,11.730148166694603
8.28,4.295638,10.27,9.770699262550915
6.17,2.6556795,8.28,7.7689182516481186
4.14,1.0431701,6.17,5.681527103600979
2.21,0.0,4.14,3.5672394722304466
0.7000000000000001,0.0,2.21,1.5481152812499004
0.0,0.0,0.7000000000000001,-0.028535200138699868
0.0,0.0,0.0,-0.853246364764937
0.0,0.0,0.0,-0.950641819265772
0.0,0.0,0.0,-0.8777587295125908
0.0,0.0,0.0,-0.7716852984659412
0.0,0.0,0.0,-0.653689711426943
0.0,0.0,0.0,-0.552852159263558
0.0,0.0,0.0,-0.4466734552289147
0.0,0.0,0.0,-0.3819281233384065
0.0,0.0,0.0,-0.32477330774437657
0.0,0.0,0.0,-0.26714327009922184
0.0,0.0,0.0,-0.18972760837589703
0.0,0.0,0.0,-0.13546865036777878
0.0,0.0,0.0,-0.10606319759658207
0.0,0.0,0.0,-0.09851742434870386
0.0,0.0,0.0,-0.0631558065966225
0.0,0.0,0.0,-0.058276444726258134
0.0,0.0,0.0,-0.06540366664711826
0.0,0.0,0.0,-0.07301601430621661
0.0,0.0,0.0,-0.056277644144028804
0.0,0.0,0.0,-0.0677402025715882
0.0,0.0,0.0,-0.08352532380025204
0.0,0.0,0.0,-0.10043047223851634
0.0,0.0,0.0,-0.29444378221381196
0.0,0.0,0.0,-0.3129867482885797
0.0,0.0,0.0,-0.32733405194220333
0.0,0.0,0.0,-0.3325450079888962
0.0,0.0,0.0,-0.3034975540454202
0.0,0.0,0.0,-0.3053316725908351
0.0,0.0,0.0,-0.30143366491821877
0.0,0.0,0.0,-0.2814394252692679
0.0,0.0,0.0,-0.2372848957399806
0.0,0.0,0.0,-0.21224815071398118
0.0,0.0,0.0,-0.18077015418567177
0.0,0.0,0.0,-0.15207100930946105
0.0,0.0,0.0,-0.10159156957066921
0.0,0.0,0.0,-0.06681229214986495
0.0,0.0,0.0,-0.032105626111252894
0.0,0.0,0.0,0.004212777275191832
0.0,0.0,0.0,0.056386250044578395
0.0,0.0,0.0,0.10014457668227442
0.0,0.0,0.0,0.14292784346147436
0.0,0.0,0.0,0.1879602006018185
0.0,0.0,0.0,0.2433576784635248
0.0,0.0,0.0,0.28832253691133486
0.0,0.0,0.0,0.3381163807820054
0.0,0.0,0.0,0.38855106665993483
0.0,0.0,0.0,0.444007875585876
0.0,0.0,0.0,0.49543203772231786
0.0,0.0,0.0,0.5496523734361591
0.0,0.0,0.0,0.6041405042981859
0.0,0.0,0.0,0.6558640342680954
0.0,0.0,0.0,0.7089827787747891
0.0,0.0,0.0,0.7656518178504983
0.0,0.0,0.0,0.8168252935693071
0.0,0.0,0.0,0.8610690998322842
0.26,0.0,0.0,0.9113770410271892
0.9,0.0,0.26,1.1831609628647188
1.49,0.21850568,0.9,1.797857274254157
1.78,1.5068431,1.49,2.3442280180421795
2.22,2.2488816,1.78,2.6774263761113652
2.49,2.616199,2.22,3.1248099824849436
2.92,2.599808,2.49,3.4573645348310134
4.11,3.0759706,2.92,3.8874903316381357
5.53,3.8492057,4.11,4.967778275799077
5.41,4.859399,5.53,6.3226457027033405
6.440000000000001,5.159505,5.41,6.420501148036547
8.27,5.9614472,6.440000000000001,7.354782642136335
10.95,7.0071883,8.27,9.005554080318866
10.98,8.697397,10.95,11.474895214466944
19.84,9.550982,10.98,11.7594155524242
21.59,14.518636,19.84,19.717497426123057
21.64,17.074299,21.59,21.84144971534779
20.17,17.639399,21.64,22.565817746721777
19.39,17.02152,20.17,21.4413080825409
21.92,16.172255,19.39,20.44393441944876
24.83,17.406445,21.92,22.37296162750399
24.3,18.731583,24.83,24.88209135140241
23.95,19.062452,24.3,24.64452629922686
23.94,19.085358,23.95,24.411530782868205
23.21,18.688322,23.94,24.24712929970035
22.33,17.941687,23.21,23.39968075497315
20.98,16.81689,22.33,22.39669296925354
19.89,15.757988,20.98,20.71343960130367
18.8,14.548681,19.89,19.437415082988764
17.39,13.354923,18.8,18.19464470347609
15.87,11.565267,17.39,16.725308069069428
13.7,10.082429,15.87,15.16969358548975
11.9,8.349961,13.7,13.080387974594794
9.89,6.7661004,11.9,11.423304505335034
8.15,4.7161865,9.89,9.398030882033055
5.97,3.2804942,8.15,7.605346479598413
3.93,1.7198268,5.97,5.45359483636484
1.98,0.22253771,3.93,3.363481336938775
0.68,0.0,1.98,1.3314120261130713
0.0,0.0,0.68,-0.02037217770004124
0.0,0.0,0.0,-0.8202468988190458
0.0,0.0,0.0,-0.9107119224465201
0.0,0.0,0.0,-0.8674253186965897
0.0,0.0,0.0,-0.7946299616065712
0.0,0.0,0.0,-0.6669895843418645
0.0,0.0,0.0,-0.5572224847014227
0.0,0.0,0.0,-0.45292860684305486
0.0,0.0,0.0,-0.3916935432443146
0.0,0.0,0.0,-0.3249654943339048
0.0,0.0,0.0,-0.265650785110202
0.0,0.0,0.0,-0.18163721911000902
0.0,0.0,0.0,-0.15112978547130168
0.0,0.0,0.0,-0.13426174105866906
0.0,0.0,0.0,-0.11668909199125987
0.0,0.0,0.0,-0.07486736904870048
0.0,0.0,0.0,-0.07274834329167479
0.0,0.0,0.0,-0.07784617997576199
0.0,0.0,0.0,-0.07970229078636162
0.0,0.0,0.0,-0.06046567961446307
0.0,0.0,0.0,-0.07184108056027153
0.0,0.0,0.0,-0.0930923765944987
0.0,0.0,0.0,-0.11871114758756317
0.0,0.0,0.0,-0.3254747457215028
0.0,0.0,0.0,-0.3465591991880544
0.0,0.0,0.0,-0.35529628229548155
0.0,0.0,0.0,-0.36010090364767683
0.0,0.0,0.0,-0.33889152573244796
0.0,0.0,0.0,-0.33684210783204444
0.0,0.0,0.0,-0.3333620069729592
0.0,0.0,0.0,-0.32596088596733774
0.0,0.0,0.0,-0.28630506039167647
0.0,0.0,0.0,-0.2741694418533458
0.0,0.0,0.0,-0.26103431731778104
0.0,0.0,0.0,-0.23864061122896207
0.0,0.0,0.0,-0.1949880644006432
0.0,0.0,0.0,-0.1683836712298773
0.0,0.0,0.0,-0.1383468298212746
0.0,0.0,0.0,-0.1079550575151176
0.0,0.0,0.0,-0.05983241431361051
0.0,0.0,0.0,-0.021609715299640442
0.0,0.0,0.0,0.018525282831046153
0.0,0.0,0.0,0.062248023072140925
0.0,0.0,0.0,0.11829728752945132
0.0,0.0,0.0,0.16875444980892323
0.0,0.0,0.0,0.22160508717740296
0.0,0.0,0.0,0.2762025716134965
0.0,0.0,0.0,0.33789741187374084
0.0,0.0,0.0,0.39378469074871325
0.0,0.0,0.0,0.4447249428550306
0.0,0.0,0.0,0.4986691488560051
0.0,0.0,0.0,0.5590879006689478
0.0,0.0,0.0,0.6180622513421221
0.0,0.0,0.0,0.664891590763545
0.0,0.0,0.0,0.7187077300714177
0.0,0.0,0.0,0.7659114522129744
0.0,0.0,0.0,0.8170180760617216
0.09,0.0,0.0,0.8663503604699688
0.6,0.0,0.09,0.9884365413575935
1.56,0.08726624,0.6,1.4661601391144372
2.49,1.10962,1.56,2.2983724218612744
2.41,2.1464007,2.49,3.2072339510772303
10.29,2.3685973,2.41,3.3628856682830266
12.2,8.03817,10.29,10.139593543545923
8.26,11.4650345,12.2,12.4213562240192
12.6,11.176505,8.26,9.660828741689103
16.46,12.433062,12.6,13.339905576220847
18.51,14.5692835,16.46,16.68351077109496
20.5,16.197323,18.51,18.980087697158506
22.29,18.07446,20.5,20.993393332487546
23.1,19.28319,22.29,22.814289836143683
23.78,19.856234,23.1,23.84103995920446
24.81,20.567736,23.78,24.448577358696365
24.54,21.117483,24.81,25.31528535585436
22.98,21.174538,24.54,25.077352396991238
17.93,20.366217,22.98,23.3899105955538
24.0,17.2664,17.93,18.65100308310915
22.53,18.579868,24.0,23.567244547808937
17.63,18.087685,22.53,22.27297169777297
16.44,16.110022,17.63,17.8937060168686
13.5,14.011455,16.44,16.450072124485256
14.55,11.72744,13.5,13.298308453390051
15.31,11.136758,14.55,13.89235718982259
9.6,10.623162,15.31,14.254996030542205
8.1,7.2479095,9.6,9.281614110467835
12.04,5.293368,8.1,7.7762299499387035
10.93,6.2490754,12.04,10.729503744551764
9.529999999999998,5.6820297,10.93,9.865026463568814
5.5,5.289828,9.529999999999998,8.82822418844501
3.31,3.010098,5.5,5.03696899903481
3.28,0.9973114,3.31,2.946724143072731
2.9400000000000004,0.0,3.28,2.6383435583546055
1.69,0.0,2.9400000000000004,2.055174622449483
0.85,0.0,1.69,1.088421693212539
0.67,0.0,0.85,0.3720515944575491
0.31,0.0,0.67,0.20923003779446822
0.0,0.0,0.31,0.023614852770703215
0.0,0.0,0.0,-0.26612790996948404
0.0,0.0,0.0,-0.3647347428635489
0.0,0.0,0.0,-0.31158850737313626
0.0,0.0,0.0,-0.2863149891220556
0.0,0.0,0.0,-0.14648195162987976
0.0,0.0,0.0,-0.08379033468853364
0.0,0.0,0.0,-0.08025228415487098
0.0,0.0,0.0,-0.07924093637171704
0.0,0.0,0.0,-0.0742114629546535
0.0,0.0,0.0,-0.056154643082678736
0.0,0.0,0.0,-0.02797137830349475
0.0,0.0,0.0,-0.06359961435097018
0.0,0.0,0.0,-0.0798232775861546
0.0,0.0,0.0,-0.07097725624565673
0.0,0.0,0.0,-0.05414887789380651
0.0,0.0,0.0,-0.07117264021561681
0.0,0.0,0.0,-0.10899405202260029
0.0,0.0,0.0,-0.1415467458232294
0.0,0.0,0.0,-0.13690482752369082
0.0,0.0,0.0,-0.14644986746563868
0.0,0.0,0.0,-0.16259070363541767
0.0,0.0,0.0,-0.18954337331696852
0.0,0.0,0.0,-0.2996782165657438
0.0,0.0,0.0,-0.3121474161869616
0.0,0.0,0.0,-0.3202555011605265
0.0,0.0,0.0,-0.32327062325864236
0.0,0.0,0.0,-0.2855477530595605
0.0,0.0,0.0,-0.2909305292989783
0.0,0.0,0.0,-0.2825516436073767
0.0,0.0,0.0,-0.2778471684484952
0.0,0.0,0.0,-0.23941708324179767
0.0,0.0,0.0,-0.2175728080915062
0.0,0.0,0.0,-0.19985349773759128
0.0,0.0,0.0,-0.17878993843325294
0.0,0.0,0.0,-0.14163746447727182
0.0,0.0,0.0,-0.1189115759849654
0.0,0.0,0.0,-0.09042112710105549
0.0,0.0,0.0,-0.058192341712596136
0.0,0.0,0.0,0.008693838147368921
0.0,0.0,0.0,0.049748699750497824
0.0,0.0,0.0,0.08157306209858765
0.0,0.0,0.0,0.12923402385584665
0.0,0.0,0.0,0.18523930880494055
0.0,0.0,0.0,0.22833685614731464
0.0,0.0,0.0,0.2740490949663995
0.0,0.0,0.0,0.32403284691525686
0.0,0.0,0.0,0.37730214529197065
0.0,0.0,0.0,0.43099981858665626
0.0,0.0,0.0,0.4799881979444613
0.0,0.0,0.0,0.5361249170399209
0.0,0.0,0.0,0.5854789830150826
0.0,0.0,0.0,0.6382632614435585
0.0,0.0,0.0,0.6935774971199962
0.0,0.0,0.0,0.7621903472562951
0.18,0.09530083,0.0,0.8108341854629
0.97,0.43615788,0.18,1.0153855479037004
2.66,1.0175644,0.97,1.7916724251108436
4.3,2.6416368,2.66,3.369633709163893
6.17,5.1427727,4.3,5.187754312418353
8.09,7.3068323,6.17,7.105289936082347
10.24,9.022449,8.09,8.92307631775583
12.21,10.428161,10.24,11.01774543818647
13.88,12.092665,12.21,12.919400442668223
15.25,13.469701,13.88,14.502852264663735
14.67,14.388018,15.25,15.89236447025343
17.15,14.6931,14.67,15.495883011665477
12.43,15.807513,17.15,17.693484655498672
16.06,13.008279,12.43,13.713658328630304
17.11,14.838009,16.06,16.621074734944017
19.059999999999995,15.135525,17.11,17.480659774563406
14.85,17.355196,19.059999999999995,19.21273055010392
10.58,14.705472,14.85,15.84759234591173
11.91,11.879989,10.58,11.696452591491589
20.38,10.731007,11.91,12.461411346341254
22.47,14.527177,20.38,19.55133381795517
22.04,17.44896,22.47,21.81740245698278
22.26,18.949007,22.04,21.863956129766528
22.81,18.886322,22.26,22.488167276467383
23.83,17.711535,22.81,23.009406450033943
23.4,17.68421,23.83,23.910810929515893
22.480000000000004,17.755123,23.4,23.22835476415455
21.69,17.217901,22.480000000000004,22.269799267195708
20.75,16.075077,21.69,21.381281076913034
19.62,15.136532,20.75,20.395951480278843
18.27,14.116808,19.62,19.25113802093092
16.8,12.93064,18.27,17.78795820143304
15.21,11.278064,16.8,16.093525557913456
13.44,9.682435,15.21,14.441634480616816
11.43,8.039411,13.44,12.821713057922636
9.48,6.417958,11.43,11.03465339113477
7.46,4.5907946,9.48,9.079366826573427
5.43,2.964027,7.46,6.985428076914521
3.72,1.4697435,5.43,4.98203643305302
1.97,0.069990985,3.72,3.215537109873793
0.62,0.0,1.97,1.4101531290534686
0.01,0.0,0.62,-0.03251635854613494
0.0,0.0,0.01,-0.7960737467176677
0.0,0.0,0.0,-0.8890689706853646
0.0,0.0,0.0,-0.7992022012434398
0.0,0.0,0.0,-0.7034052047320717
0.0,0.0,0.0,-0.6011949679546039
0.0,0.0,0.0,-0.5089916913184233
0.0,0.0,0.0,-0.4134993051408626
0.0,0.0,0.0,-0.34635578321266614
0.0,0.0,0.0,-0.2855897753975251
0.0,0.0,0.0,-0.23404536413104984
0.0,0.0,0.0,-0.15754744447506885
0.0,0.0,0.0,-0.12396179795543832
0.0,0.0,0.0,-0.10242261265461579
0.0,0.0,0.0,-0.09263422645962252
0.0,0.0,0.0,-0.06362643067758536
0.0,0.0,0.0,-0.06742590513311983
0.0,0.0,0.0,-0.07475810908816538
0.0,0.0,0.0,-0.08082322412052569
0.0,0.0,0.0,-0.060430774425039684
0.0,0.0,0.0,-0.06873592575083624
0.0,0.0,0.0,-0.08250117508109972
0.0,0.0,0.0,-0.09859100892568189
0.0,0.0,0.0,-0.24315383268792706
0.0,0.0,0.0,-0.2655357277301714
0.0,0.0,0.0,-0.28417948976472296
0.0,0.0,0.0,-0.2905485126487565
0.0,0.0,0.0,-0.2586326682427275
0.0,0.0,0.0,-0.24734149284698884
0.0,0.0,0.0,-0.23432669816251545
0.0,0.0,0.0,-0.2256579600889232
0.0,0.0,0.0,-0.18574246027386068
0.0,0.0,0.0,-0.17969480879291055
0.0,0.0,0.0,-0.16517372487462292
0.0,0.0,0.0,-0.14468659566235953
0.0,0.0,0.0,-0.10542342945220322
0.0,0.0,0.0,-0.08047531024004556
0.0,0.0,0.0,-0.0516425806719463
0.0,0.0,0.0,-0.01778892351169476
0.0,0.0,0.0,0.0323450008214462
0.0,0.0,0.0,0.07486000385938948
0.0,0.0,0.0,0.11366044230823637
0.0,0.0,0.0,0.16297738868614603
0.0,0.0,0.0,0.22199046298116398
0.0,0.0,0.0,0.27065168350759755
0.0,0.0,0.0,0.3263050737852162
0.0,0.0,0.0,0.37412857814179706
0.0,0.0,0.0,0.42384339651793457
0.0,0.0,0.0,0.4762707480617052
0.0,0.0,0.0,0.5263014353937995
0.0,0.0,0.0,0.5793487866734869
0.0,0.0,0.0,0.6395305007058252
0.0,0.0,0.0,0.6971511570132609
0.0,0.0,0.0,0.7601286615085341
0.0,0.0,0.0,0.8116477829878116
0.14,0.12762618,0.0,0.8589087499037934
0.82,0.37304756,0.14,1.0313289511273735
2.46,0.7432927,0.82,1.6992913283154576
4.21,2.2309294,2.46,3.2056456626844696
6.11,4.726306,4.21,5.1218855173124656
7.76,6.9842772,6.11,7.090668237612374
8.39,8.608039,7.76,8.663943616140125
8.0,8.790153,8.39,9.307868894243171
9.97,8.258014,8.0,9.117268020249673
13.73,8.847017,9.97,10.757445180576761
15.87,11.524507,13.73,14.079266790406134
17.94,13.833662,15.87,16.166837782593966
19.31,16.297039,17.94,18.379712857704646
20.52,17.58414,19.31,19.961535250376787
21.52,18.47828,20.52,21.261032747997252
21.88,19.240618,21.52,22.256805779186088
22.480000000000004,20.020435,21.88,22.5591196498387
23.17,20.38158,22.480000000000004,23.053403287476726
23.18,20.772104,23.17,23.587272768699023
23.499999999999996,20.617407,23.18,23.617248111302544
23.490000000000002,20.48127,23.499999999999996,23.861175193672718
23.9,20.361258,23.490000000000002,23.693444448219083
23.91,20.273897,23.9,23.811413045886763
23.66,19.90133,23.91,23.883615070643106
23.15,19.315321,23.66,23.549210574929436
23.04,18.619873,23.15,22.970580038153624
22.59,18.061495,23.04,22.675445813863547
21.72,17.41516,22.59,22.10051031777029
20.75,16.223358,21.72,21.163905271850307
19.85,15.210112,20.75,20.10878642127917
18.49,14.112262,19.85,19.080835536814025
16.95,12.734752,18.49,17.67794303061801
15.3,10.967288,16.95,16.05837075559261
13.86,9.374889,15.3,14.380966734746828
10.16,7.9500384,13.86,12.96122397209681
8.16,5.1274266,10.16,9.810452252797928
6.37,3.5372481,8.16,7.730333338760921
4.3,2.0903325,6.37,5.863814645415662
2.3,0.4934422,4.3,3.725114466378052
0.72,0.0,2.3,1.6819010493161897
0.0,0.0,0.72,0.03128094521922031
0.0,0.0,0.0,-0.7891775657270419
0.0,0.0,0.0,-0.8830825444667882
0.0,0.0,0.0,-0.8508503912231558
0.0,0.0,0.0,-0.7558359061629583
0.0,0.0,0.0,-0.6489435832624535
0.0,0.0,0.0,-0.5655362130327547
0.0,0.0,0.0,-0.4333389442662558
0.0,0.0,0.0,-0.37152503770135575
0.0,0.0,0.0,-0.3098449880296369
0.0,0.0,0.0,-0.24105726729185792
0.0,0.0,0.0,-0.15960592092739312
0.0,0.0,0.0,-0.10796456047381539
0.0,0.0,0.0,-0.07901658821369975
0.0,0.0,0.0,-0.07380312636467927
0.0,0.0,0.0,-0.03621475537500099
0.0,0.0,0.0,-0.02787768077434024
0.0,0.0,0.0,-0.027002878849055195
0.0,0.0,0.0,-0.025447467134587613
0.0,0.0,0.0,-0.01582798555340409
0.0,0.0,0.0,-0.02782615855698868
0.0,0.0,0.0,-0.03983279552796634
0.0,0.0,0.0,-0.053882967206480975
0.0,0.0,0.0,-0.20157800157128358
0.0,0.0,0.0,-0.21751058080184418
0.0,0.0,0.0,-0.22521872525594813
0.0,0.0,0.0,-0.23455660014291657
0.0,0.0,0.0,-0.20317295228436738
0.0,0.0,0.0,-0.19960980973795864
0.0,0.0,0.0,-0.19418564926244178
0.0,0.0,0.0,-0.183026461782501
0.0,0.0,0.0,-0.1387355204701814
0.0,0.0,0.0,-0.12550461040288952
0.0,0.0,0.0,-0.11293949185520305
0.0,0.0,0.0,-0.09165543804289969
0.0,0.0,0.0,-0.03654265971167161
0.0,0.0,0.0,-0.010564585068841767
0.0,0.0,0.0,0.03410915099604818
0.0,0.0,0.0,0.07620965879011558
0.0,0.0,0.0,0.13947611729227394
0.0,0.0,0.0,0.20008880154688527
0.0,0.0,0.0,0.2591786512255182
0.0,0.0,0.0,0.2930457262283943
0.0,0.0,0.0,0.3387401442096701
0.0,0.0,0.0,0.37158767955062477
0.0,0.0,0.0,0.42011826681076847
0.0,0.0,0.0,0.4839294697087594
0.0,0.0,0.0,0.5262380254617774
0.0,0.0,0.0,0.567573427976558
0.0,0.0,0.0,0.6154743710758348
0.0,0.0,0.0,0.6654062122833181
0.0,0.0,0.0,0.7154444428078381
0.0,0.0,0.0,0.771815515005177
0.0,0.0,0.0,0.8314252634680008
0.0,0.0,0.0,0.8874887787615613
0.06,0.03105745,0.0,0.9286314562282958
0.9,0.06653995,0.06,1.0259764299362772
3.06,0.7374697,0.9,1.7704461298399654
5.0600000000000005,2.6819575,3.06,3.887812990839267
7.29,5.6140804,5.0600000000000005,6.076221333501857
9.48,8.196593,7.29,8.364125962891052
11.51,10.020976,9.48,10.481058275401374
13.51,11.369744,11.51,12.435145163346812
15.33,12.931377,13.51,14.27301498900276
16.95,14.143505,15.33,16.068480505094744
18.39,15.312355,16.95,17.63282842761429
19.69,16.497498,18.39,19.061835573226414
20.88,18.036995,19.69,20.35696362662671
21.92,19.288675,20.88,21.553754051087886
22.79,20.306694,21.92,22.57380821870097
23.65,21.232744,22.79,23.384284898196817
24.28,21.928179,23.65,24.162143522467893
24.7,22.233006,24.28,24.731630055281773
25.02,22.30278,24.7,25.091346025648413
25.19,22.27432,25.02,25.324311100687062
25.25,22.060493,25.19,25.37388203011012
25.14,21.79766,25.25,25.283145567577517
24.94,21.426857,25.14,24.959516939774097
24.52,20.900188,24.94,24.855052933981945
24.19,20.06225,24.52,24.359172091608514
23.529999999999998,19.421719,24.19,23.89222327028748
23.08,18.562271,23.529999999999998,23.12780945048082
22.29,17.783627,23.08,22.525106771385914
21.39,16.61064,22.29,21.63468438077577
20.49,15.622607,21.39,20.63701938112689
19.32,14.454549,20.49,19.639850649940684
17.44,13.219707,19.32,18.406400364146087
15.67,11.206831,17.44,16.56262038501921
14.08,9.545222,15.67,14.773967347764478
9.78,8.065434,14.08,13.156919986716515
7.67,4.782846,9.78,9.50772808369356
5.76,3.0796525,7.67,7.275449104485505
3.75,1.464036,5.76,5.247570270210002
2.38,0.0,3.75,3.1688696072845826
1.04,0.0,2.38,1.7185748014692064
0.05,0.0,1.04,0.35274783155348793
0.0,0.0,0.05,-0.6263380971563437
0.0,0.0,0.0,-0.7422011306171367
0.0,0.0,0.0,-0.711004296374419
0.0,0.0,0.0,-0.6117808098261329
0.0,0.0,0.0,-0.5082538110057
0.0,0.0,0.0,-0.41880683124407186
0.0,0.0,0.0,-0.26062210915216394
0.0,0.0,0.0,-0.19474345889160938
0.0,0.0,0.0,-0.1340341891380018
0.0,0.0,0.0,-0.07278203235277621
0.0,0.0,0.0,0.0027637323218881148
0.0,0.0,0.0,0.04950887945868038
0.0,0.0,0.0,0.08688047882250793
0.0,0.0,0.0,0.10542076214779125
0.0,0.0,0.0,0.14558330957915389
0.0,0.0,0.0,0.15209569707171494
0.0,0.0,0.0,0.1573410867249574
0.0,0.0,0.0,0.16122588854899522
0.0,0.0,0.0,0.16991705255596082
0.0,0.0,0.0,0.15857610975952768
0.0,0.0,0.0,0.1448191082524389
0.0,0.0,0.0,0.12781140254334442
0.0,0.0,0.0,-0.06407629567867314
0.0,0.0,0.0,-0.0790196366887318
0.0,0.0,0.0,-0.08926007473133074
0.0,0.0,0.0,-0.09405880423547786
0.0,0.0,0.0,-0.06707204568225614
0.0,0.0,0.0,-0.06777833096102914
0.0,0.0,0.0,-0.05922281076294965
0.0,0.0,0.0,-0.04971936850547115
0.0,0.0,0.0,-0.012459435949798564
0.0,0.0,0.0,0.002863227498235855
0.0,0.0,0.0,0.01750661339936361
0.0,0.0,0.0,0.04243506362430642
0.0,0.0,0.0,0.08004291987513704
0.0,0.0,0.0,0.10766522127396069
0.0,0.0,0.0,0.13930904958005472
0.0,0.0,0.0,0.17263185848636198
0.0,0.0,0.0,0.22486054145943965
0.0,0.0,0.0,0.2586661364084726
0.0,0.0,0.0,0.29514046336419786
0.0,0.0,0.0,0.3338048050250239
0.0,0.0,0.0,0.3971536435915463
0.0,0.0,0.0,0.45050065813244894
0.0,0.0,0.0,0.5006119785821098
0.0,0.0,0.0,0.5464777843818727
0.0,0.0,0.0,0.5994382808645604
0.0,0.0,0.0,0.6524862151140337
0.0,0.0,0.0,0.7066298591921167
0.0,0.0,0.0,0.7554043926259861
0.0,0.0,0.0,0.8019631914313377
0.0,0.0,0.0,0.8465325117170724
0.0,0.06846626,0.0,0.9017503414932222
0.0,0.0,0.0,0.9608898534194941
0.05,0.17825343,0.0,1.0044696980877825
0.89,0.12382754,0.05,1.1083365977502684
3.12,0.7604313,0.89,1.85608162029988
5.2,2.875703,3.12,4.0265472958335975
7.5,5.8414164,5.2,6.295221135818558
9.68,8.40675,7.5,8.64160460053122
11.66,10.216171,9.68,10.753290073512888
13.54,11.518548,11.66,12.610304194971262
15.18,13.039621,13.54,14.3687768566649
16.76,14.007833,15.18,16.004767529519384
18.24,15.222278,16.76,17.49640180227577
19.76,16.338898,18.24,18.946520060409576
20.79,18.020855,19.76,20.43104365689271
21.52,19.205046,20.79,21.508794580537824
22.460000000000004,19.999115,21.52,22.266721563179207
23.1,20.747025,22.460000000000004,23.120820723088237
23.6,21.394695,23.1,23.684137880484982
24.11,21.82242,23.6,24.116481000961187
24.630000000000003,21.947027,24.11,24.531923887185304
24.559999999999995,21.985666,24.630000000000003,24.94427067957387
24.37,21.678204,24.559999999999995,24.816766824136717
24.41,21.264376,24.37,24.50838062194051
24.08,20.893517,24.41,24.28159423174331
23.63,20.266115,24.08,24.0373612041438
23.21,19.394842,23.63,23.50528445111235
22.510000000000005,18.671013,23.21,22.957434918387115
21.7,17.781946,22.510000000000005,22.155625001612435
20.88,16.821842,21.7,21.2377514314026
20.05,15.529994,20.88,20.29642278057255
19.51,14.480951,20.05,19.355763317497015
18.21,13.556669,19.51,18.657882104980683
16.96,12.336074,18.21,17.33388241975878
15.33,10.664482,16.96,16.069681882958168
13.95,9.138997,15.33,14.465395916571522
10.4,7.8377743,13.95,13.041883441459882
8.23,4.965195,10.4,10.140549957853931
6.21,3.357443,8.23,7.916970013356794
3.96,1.773966,6.21,5.840498555381913
2.18,0.030020367,3.96,3.526255682302769
0.88,0.0,2.18,1.679246096714555
0.04,0.0,0.88,0.27159664818604323
0.0,0.0,0.04,-0.6327644301422747
0.0,0.0,0.0,-0.7558161441432013
0.0,0.0,0.0,-0.7113611238516291
0.0,0.0,0.0,-0.616055227967245
0.0,0.0,0.0,-0.5134194811094867
0.0,0.0,0.0,-0.42667331323997926
0.0,0.0,0.0,-0.28326791821561903
0.0,0.0,0.0,-0.2099363463373819
0.0,0.0,0.0,-0.1413516382849804
0.0,0.0,0.0,-0.07869283062567703
0.0,0.0,0.0,-0.002900590574033742
0.0,0.0,0.0,0.04111007898917919
0.0,0.0,0.0,0.06995014291974769
0.0,0.0,0.0,0.08513396811947933
0.0,0.0,0.0,0.11774334866375609
0.0,0.0,0.0,0.1267405839882919
0.0,0.0,0.0,0.13051651352812912
0.0,0.0,0.0,0.1343953778983781
0.0,0.0,0.0,0.15040904393948898
0.0,0.0,0.0,0.14446852681144498
0.0,0.0,0.0,0.1338509747913724
0.0,0.0,0.0,0.11610294024415801
0.0,0.0,0.0,-0.0896027090985968
0.0,0.0,0.0,-0.1016828842547747
0.0,0.0,0.0,-0.11532058814639243
0.0,0.0,0.0,-0.11755347479478928
0.0,0.0,0.0,-0.09702305254117784
0.0,0.0,0.0,-0.09686453620349873
0.0,0.0,0.0,-0.09657546948553405
0.0,0.0,0.0,-0.08518044198936509
0.0,0.0,0.0,-0.05242385400215613
0.0,0.0,0.0,-0.036908698340674395
0.0,0.0,0.0,-0.020378171675806793
0.0,0.0,0.0,0.0034796201108857477
0.0,0.0,0.0,0.048382892456141496
0.0,0.0,0.0,0.07828906999087613
0.0,0.0,0.0,0.1093628093410822
0.0,0.0,0.0,0.14254054868681243
0.0,0.0,0.0,0.192093181209205
0.0,0.0,0.0,0.22744496223729127
0.0,0.0,0.0,0.2665219940625139
0.0,0.0,0.0,0.3152526016593302
0.0,0.0,0.0,0.36935323019390165
0.0,0.0,0.0,0.4131375014405805
0.0,0.0,0.0,0.4573847759075559
0.0,0.0,0.0,0.5042918664791544
0.0,0.0,0.0,0.559008827726594
0.0,0.0,0.0,0.6144550327156326
0.0,0.0,0.0,0.6689032434089933
0.0,0.0,0.0,0.7194165315277103
0.0,0.0,0.0,0.7722289031368784
0.0,0.0,0.0,0.8190925726665456
0.0,0.0,0.0,0.872626429788848
0.0,0.0,0.0,0.9252691823388076
0.07,0.0,0.0,0.9638404627138193
0.81,0.0,0.07,1.0762060601491326
2.71,0.22273459,0.81,1.7803758000757712
4.54,2.0081325,2.71,3.583183069876269
6.75,4.7093816,4.54,5.5977354768748855
9.16,7.1062946,6.75,7.83805243852887
11.28,9.096958,9.16,10.16467907988703
13.07,10.66157,11.28,12.18109903730068
14.84,12.30782,13.07,13.902161131180527
16.2,13.460771,14.84,15.614414988448388
17.48,14.435517,16.2,16.95006506273653
18.91,15.323158,17.48,18.22347795891555
20.06,16.881763,18.91,19.59308397584434
21.08,18.07078,20.06,20.749371434380883
21.82,19.035856,21.08,21.762169816911715
22.73,19.747135,21.82,22.48028256871789
23.499999999999996,20.54735,22.73,23.296524582832618
24.08,21.107538,23.499999999999996,23.98489105151176
23.87,21.531178,24.08,24.48687905591159
23.499999999999996,21.395954,23.87,24.28224372438973
23.2,20.832613,23.499999999999996,23.840466180689326
22.03,20.192669,23.2,23.388745800980686
21.07,19.13492,22.03,22.083491044150154
21.72,18.095789,21.07,21.151210677001625
21.53,17.741802,21.72,21.476719450255
21.4,17.197165,21.53,21.15373747714172
20.35,16.715317,21.4,20.947901728515237
20.16,15.623924,20.35,19.917634616616752
19.4,14.693554,20.16,19.56941140611509
17.94,13.639029,19.4,18.739980541160648
16.22,12.319821,17.94,17.247603079926222
15.04,10.764855,16.22,15.536503266836473
13.84,9.030043,15.04,14.244689944685813
12.0,7.691143,13.84,12.979237342352123
10.55,6.2192855,12.0,11.410917262542682
8.9,5.0411334,10.55,10.06828221576245
7.24,3.3886042,8.9,8.453970343696653
5.43,2.0772295,7.24,6.818213395759074
3.4899999999999998,0.75596756,5.43,5.058092842286892
2.07,0.0,3.4899999999999998,3.148303207657399
0.76,0.0,2.07,1.6588488253541975
0.02,0.0,0.76,0.29169553959498634
0.0,0.0,0.02,-0.5077029997928086
0.0,0.0,0.0,-0.5795068502084956
0.0,0.0,0.0,-0.5453302523194928
0.0,0.0,0.0,-0.46849819200546955
0.0,0.0,0.0,-0.3793939037545533
0.0,0.0,0.0,-0.31158534389994763
0.0,0.0,0.0,-0.22445750839291811
0.0,0.0,0.0,-0.1821048701070096
0.0,0.0,0.0,-0.12857493130792952
0.0,0.0,0.0,-0.07688862126391048
0.0,0.0,0.0,-0.008415083440489295
0.0,0.0,0.0,0.02840911260669616
0.0,0.0,0.0,0.04576095436162837
0.0,0.0,0.0,0.042356776161320955
0.0,0.0,0.0,0.06878288660562121
0.0,0.0,0.0,0.06736703082884264
0.0,0.0,0.0,0.06089858174749414
0.0,0.0,0.0,0.05307464138926182
0.0,0.0,0.0,0.07858891659331829
0.0,0.0,0.0,0.07615636070240742
0.0,0.0,0.0,0.06507895161751111
0.0,0.0,0.0,0.050211363324628666
0.0,0.0,0.0,-0.07623473162711517
0.0,0.0,0.0,-0.08652789775120968
0.0,0.0,0.0,-0.0978430196882326
0.0,0.0,0.0,-0.10378332934272563
0.0,0.0,0.0,-0.08288310196993717
0.0,0.0,0.0,-0.07881249199710905
0.0,0.0,0.0,-0.07326918488915227
0.0,0.0,0.0,-0.06248703663437223
0.0,0.0,0.0,-0.026181809190038152
0.0,0.0,0.0,-0.012594769076454196
0.0,0.0,0.0,0.0063334845236666555
0.0,0.0,0.0,0.02635422007407299
0.0,0.0,0.0,0.06988864766793605
0.0,0.0,0.0,0.09730738780595827
0.0,0.0,0.0,0.1254489262329637
0.0,0.0,0.0,0.15948853457156106
0.0,0.0,0.0,0.21154659254513658
0.0,0.0,0.0,0.25130047537383393
0.0,0.0,0.0,0.28819495979351933
0.0,0.0,0.0,0.3279962300486843
0.0,0.0,0.0,0.3816798469951854
0.0,0.0,0.0,0.4297886044562456
0.0,0.0,0.0,0.4806608382748814
0.0,0.0,0.0,0.5324819394517069
0.0,0.0,0.0,0.586625798679216
0.0,0.0,0.0,0.640467847059512
0.0,0.0,0.0,0.6900767395493841
0.0,0.0,0.0,0.7424591614554863
0.0,0.0,0.0,0.7956767905424895
0.0,0.0,0.0,0.850645185220332
0.0,0.0,0.0,0.9057137615642149
0.0,0.0,0.0,0.95033055640656
0.04,0.51674324,0.0,0.996822476495123
0.81,0.7228381,0.04,1.0924481067889384
3.01,1.433473,0.81,1.7827000439941156
4.97,3.3692396,3.01,3.906484922855808
7.17,6.254333,4.97,6.071829684513352
9.33,8.8128195,7.17,8.313343277960291
11.33,10.580414,9.33,10.428115779269188
13.24,11.827292,11.33,12.276238363223559
14.98,13.264226,13.24,14.108794179001597
16.73,14.353719,14.98,15.79494860450193
18.23,15.571356,16.73,17.454226875888352
19.55,16.799154,18.23,18.93585272172881
20.79,18.368248,19.55,20.262392808996786
21.82,19.501644,20.79,21.52285007568405
22.58,20.451733,21.82,22.52919161542301
23.28,21.124922,22.58,23.249570237582347
23.99,21.637724,23.28,23.869881571225886
24.5,22.010788,23.99,24.4840080036659
24.77,22.168856,24.5,24.916255012147282
24.93,22.129402,24.77,25.12583978397203
24.8,21.86639,24.93,25.188062001973506
24.57,21.514816,24.8,24.937043469843157
24.43,21.069895,24.57,24.47090889959527
24.24,20.554455,24.43,24.387081141261643
23.92,19.888416,24.24,24.081647621506896
23.05,19.27434,23.92,23.652283203198248
22.37,18.352882,23.05,22.71599548077682
21.5,17.44049,22.37,21.918147132404933
20.51,16.173853,21.5,20.9278556523417
19.29,15.116991,20.51,19.822414654931855
18.5,13.963491,19.29,18.517350468226617
17.28,13.054373,18.5,17.589863944551478
15.92,11.518657,17.28,16.333811312419037
14.23,10.170509,15.92,14.967639703548816
12.74,8.727131,14.23,13.322092030951115
10.99,7.3041306,12.74,12.141496865839867
9.23,5.6798863,10.99,10.545661985800624
6.9,4.3801246,9.23,8.83181645423305
4.790000000000001,2.7793972,6.9,6.61163239896907
2.69,1.195009,4.790000000000001,4.485525790702207
1.01,0.0,2.69,2.3223691933410273
0.06,0.0,1.01,0.555754685130424
0.0,0.0,0.06,-0.5136431583128416
0.0,0.0,0.0,-0.6867113371486364
0.0,0.0,0.0,-0.6466370595526713
0.0,0.0,0.0,-0.557364501858871
0.0,0.0,0.0,-0.4408542853717691
0.0,0.0,0.0,-0.3473722255085842
0.0,0.0,0.0,-0.24592576084965884
0.0,0.0,0.0,-0.18830897561008794
0.0,0.0,0.0,-0.12454972805832135
0.0,0.0,0.0,-0.0639998197429674
0.0,0.0,0.0,0.01629531414588284
0.0,0.0,0.0,0.06167444609812883
0.0,0.0,0.0,0.09047315123762029
0.0,0.0,0.0,0.09808787603612035
0.0,0.0,0.0,0.13528295761242543
0.0,0.0,0.0,0.13790916403287584
0.0,0.0,0.0,0.1383084499950657
0.0,0.0,0.0,0.13675919732839187
0.0,0.0,0.0,0.16386065650913326
0.0,0.0,0.0,0.1598921804578988
0.0,0.0,0.0,0.14562413665687504
0.0,0.0,0.0,0.1294264421806689
0.0,0.0,0.0,-0.05484611675770114
0.0,0.0,0.0,-0.07117581663564645
0.0,0.0,0.0,-0.08515082081821952
0.0,0.0,0.0,-0.09025230307645633
0.0,0.0,0.0,-0.06589630756868706
0.0,0.0,0.0,-0.06161565929772572
0.0,0.0,0.0,-0.056563597175443604
0.0,0.0,0.0,-0.047512573210002663
0.0,0.0,0.0,-0.013468752280152499
0.0,0.0,0.0,-0.00023007074072021322
0.0,0.0,0.0,0.020335433910080632
0.0,0.0,0.0,0.04171856369704323
0.0,0.0,0.0,0.08927408051965693
0.0,0.0,0.0,0.11881201024283056
0.0,0.0,0.0,0.14786398649726262
0.0,0.0,0.0,0.18343707337810125
0.0,0.0,0.0,0.23125341891693824
0.0,0.0,0.0,0.26912240722084946
0.0,0.0,0.0,0.31159905317842135
0.0,0.0,0.0,0.35602582732986543
0.0,0.0,0.0,0.41314548294646497
0.0,0.0,0.0,0.4609052723737514
0.0,0.0,0.0,0.5133787100661896
0.0,0.0,0.0,0.5632619179297611
0.0,0.0,0.0,0.619371443470945
0.0,0.0,0.0,0.6762458170017466
0.0,0.0,0.0,0.7266031261844285
0.0,0.0,0.0,0.7810505130268238
0.0,0.0,0.0,0.8374243679895309
0.0,0.0,0.0,0.8888682348534511
0.0,0.0,0.0,0.9469679762498364
0.0,0.0,0.0,1.001679278694496
0.09,0.44951376,0.0,1.045822848915121
0.79,0.67940915,0.09,1.1780898878676869
2.89,1.1118988,0.79,1.8138956161948432
5.08,2.9620275,2.89,3.828642688164621
7.26,6.057662,5.08,6.193047694959787
9.42,8.670077,7.26,8.430699739646322
11.25,10.369323,9.42,10.574750121906911
13.23,11.462959,11.25,12.257119381566497
15.07,12.943696,13.23,14.109776223916633
16.76,14.049285,15.07,15.9058432690227
18.21,15.300731,16.76,17.5176464743752
19.46,16.533697,18.21,18.959564545468695
20.67,18.169058,19.46,20.206183113552566
21.49,19.468632,20.67,21.428388014570842
22.23,20.27331,21.49,22.254611669383245
22.87,20.841806,22.23,22.951197835459805
23.38,21.323977,22.87,23.500361947758257
23.78,21.59663,23.38,23.93652557878106
24.02,21.60631,23.78,24.261667879305936
24.7,21.50527,24.02,24.42547270400711
24.68,21.50225,24.7,24.939242464801676
24.690000000000005,21.308111,24.68,24.822504602224097
24.89,21.046045,24.690000000000005,24.59903549574091
24.690000000000005,20.749002,24.89,24.843021853423696
24.21,20.157,24.690000000000005,24.579378242491615
23.46,19.483862,24.21,24.032244703062716
22.55,18.637358,23.46,23.185830098556952
21.47,17.621506,22.55,22.17527961667973
20.36,16.212852,21.47,20.98889611539977
19.23,15.060391,20.36,19.75878655441694
18.019999999999996,13.883889,19.23,18.50589673173056
16.66,12.776226,18.019999999999996,17.2025005615079
14.82,11.056766,16.66,15.785255041709549
13.8,9.379588,14.82,13.96973140269362
11.01,8.314568,13.8,12.843970784966425
10.18,6.283994,11.01,10.529110361119452
8.5,4.912479,10.18,9.678131739531565
7.47,3.736354,8.5,8.028991321189645
5.23,2.7354162,7.47,7.069194769418882
3.4,1.2950325,5.23,4.969603783083704
1.4700000000000002,0.0,3.4,3.1053457742765307
0.12,0.0,1.4700000000000002,1.1833303283999743
0.0,0.0,0.12,-0.32069262124261616
0.0,0.0,0.0,-0.586704558633854
0.0,0.0,0.0,-0.6188269720429886
0.0,0.0,0.0,-0.5323084272983332
0.0,0.0,0.0,-0.43316337770383695
0.0,0.0,0.0,-0.29615634125878093
0.0,0.0,0.0,-0.20936211487652015
0.0,0.0,0.0,-0.16133505246153534
0.0,0.0,0.0,-0.13387492043330568
0.0,0.0,0.0,-0.08425145225738812
0.0,0.0,0.0,-0.012277433955366901
0.0,0.0,0.0,0.0352484005867148
0.0,0.0,0.0,0.07143164975822368
0.0,0.0,0.0,0.07740091015088005
0.0,0.0,0.0,0.1043771200963689
0.0,0.0,0.0,0.10062204037105507
0.0,0.0,0.0,0.1012500843305393
0.0,0.0,0.0,0.09225209545612581
0.0,0.0,0.0,0.11541854746642519
0.0,0.0,0.0,0.10644763612860114
0.0,0.0,0.0,0.0993151366978036
0.0,0.0,0.0,0.0848627951273902
0.0,0.0,0.0,-0.3650892076648315
0.0,0.0,0.0,-0.3774533466290215
0.0,0.0,0.0,-0.38978027742011057
0.0,0.0,0.0,-0.39204749890048785
0.0,0.0,0.0,-0.3679710599707834
0.0,0.0,0.0,-0.3636828863258313
0.0,0.0,0.0,-0.35908345223801497
0.0,0.0,0.0,-0.35013758677074297
0.0,0.0,0.0,-0.31551536867216934
0.0,0.0,0.0,-0.2974762563198417
0.0,0.0,0.0,-0.27934416770264403
0.0,0.0,0.0,-0.25821238190879464
0.0,0.0,0.0,-0.21255272971333655
0.0,0.0,0.0,-0.1830632030610832
0.0,0.0,0.0,-0.1536807829797341
0.0,0.0,0.0,-0.11975078576371395
0.0,0.0,0.0,-0.0645175931142259
0.0,0.0,0.0,-0.026144592756342407
0.0,0.0,0.0,0.018421869874231146
0.0,0.0,0.0,0.06104361650167145
0.0,0.0,0.0,0.10938552155216791
0.0,0.0,0.0,0.15804781608362248
0.0,0.0,0.0,0.2026573678769274
0.0,0.0,0.0,0.25267704103427246
0.0,0.0,0.0,0.3115884013085104
0.0,0.0,0.0,0.3594798974542033
0.0,0.0,0.0,0.4159505604596698
0.0,0.0,0.0,0.4678480878679302
0.0,0.0,0.0,0.5266490057183333
0.0,0.0,0.0,0.5787819342218277
0.0,0.0,0.0,0.6351414584717444
0.0,0.0,0.0,0.6894392145336679
0.05,0.0,0.0,0.7367978243907872
0.67,0.0,0.05,0.8348731403020253
1.87,0.0,0.67,1.442566017742999
3.11,0.0,1.87,2.5763525065093122
3.81,2.0050807,3.11,3.905828729897853
6.12,3.02277,3.81,4.6860993684794225
7.43,4.846165,6.12,6.876960214185723
12.5,5.934934,7.43,8.124632690574446
8.1,10.006401,12.5,12.709361137599247
6.77,8.714366,8.1,9.289055694521494
7.42,6.8228064,6.77,8.067696811814447
8.3,6.230286,7.42,8.324786856779742
9.25,6.3238106,8.3,8.82819609734853
8.29,6.667885,9.25,9.746248263563464
7.06,6.5225115,8.29,8.877878318418604
7.11,5.6272197,7.06,7.880810986479717
6.959999999999999,5.1010284,7.11,7.789843470998511
7.56,4.63028,6.959999999999999,7.527941879702257
8.49,4.716965,7.56,7.914543398056225
7.27,5.46419,8.49,8.660430189080774
6.67,5.2352867,7.27,7.608869230696303
6.69,4.281206,6.67,7.197071797170922
7.62,3.717814,6.69,7.118264470651752
8.5,4.0090814,7.62,7.775483075951763
10.63,4.6872993,8.5,8.521110933367067
10.44,5.9481606,10.63,10.459034764690216
14.03,6.2922955,10.44,10.554774701528405
17.2,7.803276,14.03,13.886773942838543
16.56,9.928534,17.2,16.930620335220095
15.8,10.926903,16.56,16.646888180045433
14.17,11.024261,15.8,16.073066763220687
12.51,9.885275,14.17,14.41404114890201
10.35,8.422526,12.51,12.803890950657
8.57,6.736393,10.35,10.695382279668475
6.73,5.1882267,8.57,8.744341484610388
5.14,3.1910558,6.73,6.82427967700467
3.87,1.8158553,5.14,5.1231366533479115
2.66,0.69133604,3.87,3.7302568278616253
1.67,0.0,2.66,2.4650172570914015
0.65,0.0,1.67,1.3744382971871567
0.1,0.0,0.65,0.2771580550040432
0.0,0.0,0.1,-0.33534264584598017
0.0,0.0,0.0,-0.5138205249588713
0.0,0.0,0.0,-0.5070590589459443
0.0,0.0,0.0,-0.4865439113724801
0.0,0.0,0.0,-0.44813291260644605
0.0,0.0,0.0,-0.4141792575214199
0.0,0.0,0.0,-0.36205673871507793
0.0,0.0,0.0,-0.3447893083032636
0.0,0.0,0.0,-0.3256640758021013
0.0,0.0,0.0,-0.3206466300806749
0.0,0.0,0.0,-0.26587788251875644
0.0,0.0,0.0,-0.22462179557965398
0.0,0.0,0.0,-0.2069860603761926
0.0,0.0,0.0,-0.19984656278917018
0.0,0.0,0.0,-0.1771378313443308
0.0,0.0,0.0,-0.18216864606936875
0.0,0.0,0.0,-0.197082337732098
0.0,0.0,0.0,-0.2125404666667584
0.0,0.0,0.0,-0.20589836330258401
0.0,0.0,0.0,-0.22024599170669107
0.0,0.0,0.0,-0.23937953720955082
0.0,0.0,0.0,-0.25527167786607063
0.0,0.0,0.0,-0.217486524362171
0.0,0.0,0.0,-0.22635799648016325
0.0,0.0,0.0,-0.23320252691675836
0.0,0.0,0.0,-0.23652732545751298
0.0,0.0,0.0,-0.21232831813225478
0.0,0.0,0.0,-0.21324311618490321
0.0,0.0,0.0,-0.2086929446217347
0.0,0.0,0.0,-0.19985507238460518
0.0,0.0,0.0,-0.16217740589554352
0.0,0.0,0.0,-0.13857409514188926
0.0,0.0,0.0,-0.11994057938664641
0.0,0.0,0.0,-0.0989558321923642
0.0,0.0,0.0,-0.055420163830037436
0.0,0.0,0.0,-0.02983829794768786
0.0,0.0,0.0,-0.001566397566625504
0.0,0.0,0.0,0.03364570988108195
0.0,0.0,0.0,0.09252606119057155
0.0,0.0,0.0,0.12437820307419799
0.0,0.0,0.0,0.16783760462810743
0.0,0.0,0.0,0.21489168440293682
0.0,0.0,0.0,0.2706896964422482
0.0,0.0,0.0,0.31766251793563915
0.0,0.0,0.0,0.3652077637900098
0.0,0.0,0.0,0.41448106693885717
0.0,0.0,0.0,0.47143379291255627
0.0,0.0,0.0,0.52895531797546
0.0,0.0,0.0,0.5861665773989126
0.0,0.0,0.0,0.6339961658644034
0.0,0.0,0.0,0.69348304894256
0.0,0.0,0.0,0.7477972942953093
0.0,0.0,0.0,0.7996389250049253
0.0,0.0,0.0,0.8490648933583601
0.0,0.1836944,0.0,0.8921350769558306
0.11,0.07367854,0.0,0.9451435819525492
0.63,0.0,0.11,1.083942180749272
1.22,0.0,0.63,1.5856411072129524
1.9,0.8659692,1.22,2.138742770612378
2.47,1.7383125,1.9,2.7614645150966126
3.56,2.2486756,2.47,3.3768857837401622
5.16,2.9513447,3.56,4.427754441856024
8.69,4.629807,5.16,5.952183926509159
13.38,7.5324693,8.69,9.154504918866
16.05,11.246849,13.38,13.596145844836359
17.54,13.996322,16.05,16.48564409886203
18.96,16.007093,17.54,18.319734430577693
19.97,17.036116,18.96,19.8648347579543
20.91,17.65907,19.97,20.90326834311291
21.72,18.295742,20.91,21.787100500146167
22.07,19.270264,21.72,22.476355975914494
22.56,19.9066,22.07,22.816497951535307
22.8,20.297428,22.56,23.247020703347946
22.95,20.364481,22.8,23.4142365459731
23.550000000000004,20.234123,22.95,23.463590882231024
23.42,20.443521,23.550000000000004,23.81863178199542
23.31,20.093527,23.42,23.44977663975845
22.77,19.73238,23.31,23.374592190754967
22.75,18.74009,22.77,22.80656177286079
22.37,18.300884,22.75,22.600829424471122
21.96,17.711493,22.37,22.1025092659274
21.23,17.087908,21.96,21.548385538783204
20.34,15.946736,21.23,20.71849158057724
19.39,14.927253,20.34,19.73627732279317
18.32,13.909654,19.39,18.670211045762585
17.07,12.6669035,18.32,17.490518957916134
15.75,11.095963,17.07,16.147823866198586
14.28,9.7481985,15.75,14.784210528886486
12.47,8.40762,14.28,13.32891422905138
10.649999999999999,6.9275517,12.47,11.854960640355081
8.86,5.197866,10.649999999999999,10.183490925219388
6.91,3.8860838,8.86,8.392355652527808
4.95,2.4692347,6.91,6.4844744872278435
3.1,1.0669111,4.95,4.52307192526431
1.34,0.0,3.1,2.629538553250212
0.15,0.0,1.34,0.8104248855568599
0.0,0.0,0.15,-0.47878503537159917
0.0,0.0,0.0,-0.7516501555127648
0.0,0.0,0.0,-0.7569176045996933
0.0,0.0,0.0,-0.6935079382030426
0.0,0.0,0.0,-0.5984580841550033
0.0,0.0,0.0,-0.49908056502938997
0.0,0.0,0.0,-0.38532924991432965
0.0,0.0,0.0,-0.32113163470995076
0.0,0.0,0.0,-0.2602918397176625
0.0,0.0,0.0,-0.2016289668779952
0.0,0.0,0.0,-0.13274428744190997
0.0,0.0,0.0,-0.08444233464931297
0.0,0.0,0.0,-0.049862596612058885
0.0,0.0,0.0,-0.04384133205802481
