actual,lstm_pred,persistence_pred,linear_pred
0.24,0.0,0.24,1.533039586507747
0.23,0.0,0.24,1.7133741957702646
0.24,0.0,0.23,1.8876988965429702
0.24,0.0,0.24,2.0927656516415687
0.23,0.0,0.24,2.300234182267921
0.23,0.0,0.23,2.4917778694529447
0.25,0.0,0.23,2.6928914162048865
0.24,0.0,0.25,2.9119759816602357
0.23,0.0,0.24,3.0995166509772134
0.23,0.0,0.23,3.287804437846315
0.24,0.0,0.23,3.494026696816186
0.25,0.0,0.24,3.707088633134164
0.49,0.42830104,0.25,3.8959927712948708
1.81,0.64357275,0.49,4.331815871730383
3.41,0.51384467,1.81,5.810193607737767
6.61,1.2707157,3.41,7.569731242363429
9.67,5.885517,6.61,10.885758599912794
12.47,10.2287445,9.67,14.060067696292604
14.85,13.922634,12.47,16.98099134859038
20.14,16.567648,14.85,19.434176327793885
24.73,21.784721,20.14,24.690418778226285
20.17,26.729172,24.73,29.209370633083488
24.46,27.5801,20.17,24.60928897610839
28.45,24.609875,24.46,28.994455747228113
30.74,28.288525,28.45,32.48936659365176
28.52,29.586433,30.74,35.037785835421076
34.9,30.674229,28.52,32.55761548866347
46.89999999999999,31.351522,34.9,38.70188244945343
53.23,36.67522,46.89999999999999,50.69086136194196
52.8,46.43223,53.23,56.76304812907549
57.52,49.89739,52.8,56.306625433926726
58.64,50.922718,57.52,60.650371503224804
54.82,52.998325,58.64,61.079999897301576
54.91,51.560642,54.82,56.90371772462065
52.79,50.46815,54.91,56.34529577534748
54.53,49.30412,52.79,53.54941151327284
52.63,48.7015,54.53,54.89792755837231
49.77,47.253242,52.63,52.60446665252029
49.33,44.732822,49.77,49.552049098043206
45.66,42.914497,49.33,48.67389042800293
41.42,40.222847,45.66,44.35756812062769
46.37,32.834465,41.42,40.313095382783345
44.03,31.263971,46.37,45.0202672895462
36.27,32.401157,44.03,42.26816624493989
49.0,28.63366,36.27,34.67884018146054
50.21,30.48076,49.0,47.009872330847585
50.15,36.95823,50.21,47.508255697517825
51.77,37.296837,50.15,48.22423392996506
51.36,36.080753,51.77,49.39193404209147
48.51,35.060944,51.36,48.85559197476818
39.8,32.926376,48.51,46.14311585248267
21.15,28.931656,39.8,36.86780764696263
20.68,16.102432,21.15,18.392224185101075
22.93,10.495718,20.68,17.479449751631854
24.93,10.014979,22.93,19.162629398233747
15.26,10.938813,24.93,21.5783509078799
12.25,7.8850603,15.26,12.495291051604152
9.06,4.90974,12.25,9.28379624915836
6.09,1.6569352,9.06,6.345460796019075
5.22,0.25357053,6.09,3.427423580463316
4.130000000000001,0.0,5.22,2.59070789172347
3.43,0.0,4.130000000000001,1.4574750996512806
1.34,0.0,3.43,1.095856989039816
0.72,0.0,1.34,-0.7015971205348103
0.34,0.0,0.72,-0.7012296771526845
0.34,0.0,0.34,-1.073063866382998
0.34,0.0,0.34,-1.0583435746216814
0.32,0.0,0.34,-1.0624284193834104
0.33,0.0,0.32,-0.789937488889595
0.33,0.0,0.33,-0.5519608031928039
0.32,0.0,0.33,-0.4112953795700997
0.33,0.0,0.32,-0.2872980033163214
0.27,0.0,0.33,-0.07749595786616273
0.23,0.0,0.27,-0.029014756375622987
0.23,0.0,0.23,0.012036018135822349
0.24,0.0,0.23,0.07579802489832993
0.23,0.0,0.24,-0.4054450703102559
0.23,0.0,0.23,-0.3807312664403212
0.23,0.0,0.23,-0.32182420540345785
0.23,0.0,0.23,-0.24363277102888492
0.23,0.0,0.23,-0.15561008049328667
0.24,0.0,0.23,-0.12164051154880604
0.23,0.0,0.24,-0.07344517820704913
0.23,0.0,0.23,-0.04578231219715064
0.23,0.0,0.23,0.10322485351591096
0.23,0.0,0.23,0.1736715764705345
0.23,0.0,0.23,0.25807475102865096
0.24,0.0,0.23,0.3413329224295164
0.23,0.0,0.24,0.5203708350749117
0.23,0.0,0.23,0.6202460529030573
0.23,0.0,0.23,0.742260001636398
0.24,0.0,0.23,0.8682266617749999
0.23,0.0,0.24,1.0732176454999318
0.23,0.0,0.23,1.2069347868175317
0.23,0.0,0.23,1.3810738709335855
0.23,0.0,0.23,1.5511339656412066
0.24,0.0,0.23,1.7601212940013207
0.23,0.0,0.24,1.9562145550932788
0.24,0.0,0.23,2.1273370775789715
0.24,0.0,0.24,2.31446737306708
0.23,0.0,0.24,2.5213223077229743
0.23,0.0,0.23,2.7144838752899423
0.24,0.0,0.23,2.9082178133787364
0.23,0.0,0.24,3.105834418131666
0.24,0.26871178,0.23,3.3152682913406726
0.23,0.62357455,0.24,3.5382292513020497
0.25,0.32700935,0.23,3.7124857259210984
0.22,0.0,0.25,3.9267657873913846
0.81,0.7996897,0.22,4.074900743493309
2.38,0.6073074,0.81,4.84962616049219
2.68,0.86356044,2.38,6.576136683310982
4.62,1.2860996,2.68,7.056544564500424
9.65,4.2624955,4.62,9.152138749476611
16.94,8.165875,9.65,14.252936509479117
21.6,15.389556,16.94,21.59383165273335
24.81,22.709545,21.6,26.34780493389744
23.39,27.606577,24.81,29.691960520293794
25.23,28.320917,23.39,28.27579113913024
29.15,27.107988,25.23,29.974648311724174
40.16,27.76519,29.15,33.60331899622967
41.12,34.51034,40.16,44.3796465602701
52.0,39.94398,41.12,45.493377450956
52.59,43.960804,52.0,56.42553838105954
52.9,50.45507,52.59,56.83957698516387
51.9,52.742817,52.9,57.04400002565713
53.47,52.32991,51.9,55.404552115536504
53.55,52.283997,53.47,56.147194816384996
54.75,51.462025,53.55,55.931032826232894
53.71,51.846607,54.75,56.5720367415759
53.63,50.81655,53.71,55.342599156106246
52.8,49.74572,53.63,54.94921884747902
51.47,48.700806,52.8,53.7401643998347
51.48,47.449318,51.47,51.832598703700214
50.31,46.001663,51.48,51.514990749920926
49.99,45.08075,50.31,49.78794313474727
50.14,43.744038,49.99,49.209650098047234
52.02,41.732643,50.14,49.039795917812334
49.17,41.281982,52.02,50.73439480899275
49.41,40.1927,49.17,47.79796392147482
50.48,39.320744,49.41,47.80687426924417
53.04,38.048187,50.48,48.5900702858465
51.51,38.583908,53.04,51.07552576450673
52.44,38.193325,51.51,49.511424421501225
57.1,38.399094,52.44,50.194296723974375
57.82,38.299503,57.1,54.809919575849364
56.44,38.934067,57.82,55.51038126284179
51.93,38.644768,56.44,54.153633931166155
46.96,36.333935,51.93,49.319088042802235
42.57,31.102839,46.96,44.0899577504475
37.77,27.240267,42.57,39.261517196572946
32.58,23.211775,37.77,34.18055007016203
27.86,19.458708,32.58,28.795720551001963
24.65,14.4928255,27.86,23.975504410750005
20.9,11.158474,24.65,20.66487252899979
15.25,8.282387,20.9,16.950592340363045
11.23,4.794642,15.25,11.356943221559447
5.02,0.7872537,11.23,7.418893774135329
3.83,0.0,5.02,1.3040066131425614
1.96,0.0,3.83,0.34428126791657077
1.11,0.0,1.96,-1.3915620791794074
0.23,0.0,1.11,-1.8080994249819087
0.34,0.0,0.23,-2.363968807318199
0.33,0.0,0.34,-1.988402580159521
0.33,0.0,0.33,-1.6686800499890306
0.33,0.0,0.33,-1.371672597773982
0.33,0.0,0.33,-1.181341069719967
0.33,0.0,0.33,-1.0281351193876176
0.32,0.0,0.33,-0.8050993699405125
0.26,0.0,0.32,-0.5025655272170253
0.24,0.0,0.26,-0.3015760558254965
0.23,0.0,0.24,-0.19977185685438228
0.23,0.0,0.23,-0.08746724898989935
0.23,0.0,0.23,-0.7860513027922768
0.22,0.0,0.23,-0.6873980947224727
0.23,0.0,0.22,-0.6321131171225609
0.23,0.0,0.23,-0.5580224650326455
0.23,0.0,0.23,-0.40166905850933177
0.24,0.0,0.23,-0.3225360418839804
0.22,0.0,0.24,-0.2386957579082366
0.23,0.0,0.22,-0.20002581167378505
0.23,0.0,0.23,-0.043666774326924195
0.24,0.0,0.23,0.005223993463864644
0.23,0.0,0.24,0.09856706216351918
0.23,0.0,0.23,0.166338089525446
0.23,0.0,0.23,0.334971874086734
0.23,0.0,0.23,0.432352273519369
0.24,0.0,0.23,0.5521264082385029
0.22,0.0,0.24,0.6949623214921095
0.24,0.0,0.22,0.8678938561647966
0.23,0.0,0.24,1.0355639764187146
0.23,0.0,0.23,1.18191664377432
0.23,0.0,0.23,1.343543372023059
0.24,0.0,0.23,1.544824872725021
0.23,0.0,0.24,1.7372773048201624
0.23,0.0,0.23,1.9124397832465694
0.23,0.0,0.23,2.100514619469647
0.23,0.0,0.23,2.313139636624257
0.24,0.0,0.23,2.4992276426821123
0.23,0.0,0.24,2.6965730651734616
0.23,0.0,0.23,2.8856403445633205
0.24,0.0,0.23,3.085921153221753
0.23,0.0,0.24,3.3046903791292386
0.25,0.0,0.23,3.4972349149701043
0.22,0.0,0.25,3.7186377695192796
0.91,0.0,0.22,3.877646344084834
2.34,0.0,0.91,4.75544144192831
3.77,0.0,2.34,6.336299335778934
7.82,0.036048323,3.77,7.948912075986148
15.27,4.899876,7.82,12.114288257047573
15.79,12.302608,15.27,19.577028310949675
14.78,18.640362,15.79,20.222895326860435
21.31,17.779976,14.78,19.590497331515955
31.48,21.064028,21.31,25.784213267115113
35.61,29.621468,31.48,35.844477549857736
43.94,33.566204,35.61,40.45437521125825
42.1,41.0737,43.94,48.65776904510513
52.93,44.42823,42.1,46.78658060508647
58.28,46.12433,52.93,57.6101545723055
63.21,53.082962,58.28,62.63940584401972
47.89,58.185608,63.21,67.48987493358362
60.94,55.208725,47.89,51.73261234652492
60.61,57.82382,60.94,63.43762182795412
59.64,57.283875,60.61,62.96510774106321
57.73,57.333263,59.64,62.08831308551768
57.93,56.151627,57.73,59.42872858981266
55.94,55.728928,57.93,58.75506221165041
52.599999999999994,52.312084,55.94,56.77015140654341
49.19,50.62579,52.599999999999994,52.61398423916221
48.1,46.642696,49.19,48.86197551968666
46.59,44.922565,48.1,47.0022863604859
45.28,42.310112,46.59,45.091421182435056
45.92,41.49602,45.28,43.542615691676886
45.14,39.100037,45.92,44.41614407728488
44.44,37.99206,45.14,43.50685239283721
44.5,35.83825,44.44,42.68910918120912
46.81,35.429615,44.5,42.41938514242174
46.36,31.817574,46.81,44.66433070948795
46.09,33.966274,46.36,43.864966476729045
47.42,31.054497,46.09,43.81685543966771
37.95,31.237059,47.42,45.03362585133828
29.72,29.873056,37.95,35.56458305810668
19.86,21.869898,29.72,27.365836376564307
14.27,14.463529,19.86,17.24571314804448
8.98,8.62561,14.27,11.609586322715227
6.51,2.767397,8.98,6.256623905492818
8.01,0.0,6.51,3.927496748354943
7.83,0.0,8.01,5.711888624776609
9.3,0.1243858,7.83,5.7830868517247636
9.35,0.0,9.3,7.623782527301102
7.56,0.7790784,9.35,7.748019187631541
6.78,0.51321024,7.56,6.164369221153297
6.99,0.29961467,6.78,5.318785623618446
5.01,0.0,6.99,5.62822600842574
3.53,0.0,5.01,3.8074382362755976
2.4,0.0,3.53,2.5188441469501357
1.17,0.0,2.4,1.4488113263306905
0.17,0.0,1.17,0.4758835974550767
0.33,0.0,0.17,-0.42505796976088167
0.33,0.0,0.33,-0.3271334698719763
0.34,0.0,0.33,-0.26345763317639637
0.32,0.0,0.34,-0.09672567311292055
0.32,0.0,0.32,-0.06779878955792802
0.33,0.0,0.32,0.028782522231643945
0.32,0.0,0.33,0.1304690370547666
0.26,0.0,0.32,0.1806518150683252
0.23,0.0,0.26,0.13392463273820013
0.23,0.0,0.23,0.08048875595108373
0.24,0.0,0.23,0.061763044658023035
0.23,0.0,0.24,-0.6719278292960417
0.24,0.0,0.23,-0.6963608505176544
0.23,0.0,0.24,-0.6837589024987367
0.23,0.0,0.23,-0.6731798284682379
0.23,0.0,0.23,-0.5380907911310595
0.24,0.0,0.23,-0.49610836086129595
0.23,0.0,0.24,-0.4436630513944936
0.24,0.0,0.23,-0.39141493263222443
0.22,0.0,0.24,-0.22177250254244496
0.24,0.0,0.22,-0.16871049732595234
0.23,0.0,0.24,-0.07218074423691642
0.23,0.0,0.23,0.005614023202504537
0.24,0.0,0.23,0.17171671406491806
0.23,0.0,0.24,0.2914492572124866
0.23,0.0,0.23,0.41098729533294587
0.23,0.0,0.23,0.5466781128286747
0.24,0.0,0.23,0.7332176958936969
0.24,0.0,0.24,0.8995221870404569
0.23,0.0,0.24,1.058426073126864
0.22,0.0,0.23,1.2189079863147032
0.23,0.0,0.22,1.4249601515313386
0.24,0.0,0.23,1.6104866771417758
0.24,0.0,0.24,1.8057227091522687
0.24,0.0,0.24,1.9915380585382931
0.23,0.0,0.24,2.1990787610425153
0.24,0.0,0.23,2.3812887115392933
0.23,0.0,0.24,2.5888597777618036
0.23,0.0,0.23,2.7781923183523793
0.24,0.0,0.23,2.979865342005255
0.23,0.0,0.24,3.180676514640571
0.24,0.0,0.23,3.371566863254239
0.24,0.0,0.24,3.5799745927541373
0.31,0.0,0.24,3.7627695564395767
1.45,0.0,0.31,4.021851841806285
3.59,0.0,1.45,5.3075772156481555
5.91,0.0,3.59,7.590536416606818
7.31,1.9817334,5.91,10.061752838935584
9.38,5.1284113,7.31,11.60335463529779
11.56,6.910434,9.38,13.804470962265976
13.11,8.665225,11.56,16.06033175234375
23.78,12.302326,13.11,17.611498279442873
19.99,17.869326,23.78,28.275909219891304
18.21,21.109116,19.99,24.642170629883978
22.34,19.799482,18.21,22.996889209149103
35.0,20.564919,22.34,26.613748585879918
44.89,26.24689,35.0,39.12088921832018
46.57,36.094757,44.89,49.257174661990604
35.79,44.838764,46.57,50.97155765015865
43.54,41.037506,35.79,39.87578507743274
37.31,37.97006,43.54,47.024508527900444
39.61,34.510536,37.31,40.40688286537238
39.02,34.12754,39.61,42.35372355527805
43.74,35.333675,39.02,41.06996035428258
40.739999999999995,36.084,43.74,45.356604560863126
42.36,34.375195,40.739999999999995,42.768032531670336
41.86,34.451256,42.36,44.06213921794417
39.73,34.989998,41.86,43.19550345472343
39.68,35.825302,39.73,40.32077100677948
39.37,35.979836,39.68,39.876620482228184
37.84,35.852646,39.37,39.23484032560336
35.55,32.532097,37.84,37.95587502526004
34.54,30.94691,35.55,35.24041543458195
35.24,29.030106,34.54,34.10459892690627
36.18,27.545593,35.24,34.58414105024517
34.66,27.765999,36.18,35.41149981013445
36.14,28.073645,34.66,33.79967482671734
35.44,28.687025,36.14,35.14243269809171
36.83,28.454876,35.44,34.24636122987175
39.34,27.324171,36.83,35.55563621454562
41.06,27.55328,39.34,38.00170558161942
44.34,29.333797,41.06,39.70163668962496
49.72,31.453903,44.34,43.010510439129874
45.6,31.768795,49.72,48.21424767420927
35.79,30.545616,45.6,44.30019659981076
18.46,26.452118,35.79,34.204422884913214
20.45,16.029146,18.46,16.312328616287203
20.68,9.458502,20.45,17.504472683012505
14.47,6.993053,20.68,17.443430234909354
10.93,4.08817,14.47,11.465414726359992
9.39,1.6211594,10.93,7.992520783064519
5.79,0.0,9.39,6.572667847486447
3.49,0.0,5.79,3.366339492383199
2.81,0.0,3.49,0.9929636297324376
0.91,0.0,2.81,0.1679193006774854
0.27,0.0,0.91,-1.6197882527010874
0.33,0.0,0.27,-2.0385788361535937
0.33,0.0,0.33,-1.760817831566565
0.32,0.0,0.33,-1.2485663632974733
0.32,0.0,0.32,-1.1350244287826357
0.33,0.0,0.32,-1.1420111675304192
0.32,0.0,0.33,-0.9220279274787824
0.33,0.0,0.32,-0.8246633188068226
0.25,0.0,0.33,-0.6527021008722157
0.23,0.0,0.25,-0.59288905985191
0.23,0.0,0.23,-0.49378828722929025
0.24,0.0,0.23,-0.3843722918961897
0.22,0.0,0.24,-0.5270947691973903
0.23,0.0,0.22,-0.44637145953989876
0.23,0.0,0.23,-0.40511721803141443
0.23,0.0,0.23,-0.44323930191947747
0.23,0.0,0.23,-0.26852174765231523
0.23,0.0,0.23,-0.18213077430064784
0.24,0.0,0.23,-0.14281025138910414
0.23,0.0,0.24,-0.11485369030711387
0.23,0.0,0.23,0.039450863562897655
0.24,0.0,0.23,0.10093315274502399
0.24,0.0,0.24,0.19772140670868368
0.24,0.0,0.24,0.2969344447460646
0.23,0.0,0.24,0.44905305124780936
0.23,0.0,0.23,0.5469794550724734
0.24,0.0,0.23,0.6775580999820418
0.24,0.0,0.24,0.8211987524396903
0.23,0.0,0.24,1.0159615015676926
0.24,0.0,0.23,1.1690990841152253
0.23,0.0,0.24,1.3401905688453548
0.24,0.0,0.23,1.5024076396966506
0.23,0.0,0.24,1.7185995855867906
0.24,0.0,0.23,1.8871670588759686
0.23,0.0,0.24,2.0792417300633446
0.24,0.0,0.23,2.2647818800040143
0.24,0.0,0.24,2.4842650013372363
0.23,0.0,0.24,2.683448123572063
0.23,0.0,0.23,2.876958791642219
0.24,0.0,0.23,3.0839629273454907
0.23,0.45896906,0.24,3.291349961336352
0.23,0.15779826,0.23,3.4819049436156013
0.25,0.0,0.23,3.67795284940851
0.24,0.0,0.25,3.890455531966858
0.23,0.0,0.24,4.055803038529089
0.34,0.0,0.23,4.241653448433477
5.41,0.0,0.34,4.5413056585359595
3.46,0.0,5.41,9.742647114808712
4.16,4.6627784,3.46,7.93976976444795
6.64,4.8506465,4.16,8.95504206180588
14.62,5.708345,6.64,11.34839075318421
18.68,10.345959,14.62,19.403101757398165
20.08,18.475933,18.68,23.56088255160005
40.34,21.707354,20.08,25.14437467242968
42.37,31.863033,40.34,45.316620225228405
56.44,39.795784,42.37,47.67365940638447
54.57,51.491272,56.44,61.8979068606713
52.2,53.066574,54.57,59.636512148379914
50.42,53.749653,52.2,56.888522654500946
51.15,48.312943,50.42,54.504473093074004
52.09,49.069653,51.15,54.29524029590533
55.58,48.19001,52.09,54.971334922234355
54.4,48.98328,55.58,57.97357164077562
52.83,50.236847,54.4,56.551674742969496
51.75,53.54768,52.83,54.78678941449816
51.51,52.136627,51.75,53.79193362124253
49.72,52.016632,51.51,52.82652637558514
41.16,49.84111,49.72,50.698847490268555
46.42,38.098488,41.16,41.32474231363719
44.5,33.922203,46.42,46.174433885657955
47.53,42.534344,44.5,44.357105735877624
41.65,42.02594,47.53,47.544384640093114
42.72,38.88001,41.65,41.44660016733248
40.07,33.279175,42.72,41.963243926924214
45.65,27.601908,40.07,39.100959825948706
47.32,34.346905,45.65,44.31664312826642
48.5,39.153976,47.32,46.07448257708105
49.01,39.831642,48.5,47.34279080827955
48.5,38.81877,49.01,48.002160513385796
50.03,38.28647,48.5,47.357231130407065
48.61,36.000362,50.03,49.103783650090485
50.72,36.57994,48.61,47.23327840915755
50.74,37.181366,50.72,49.16307486236708
53.84,36.98149,50.74,48.822773508307954
53.28,33.505234,53.84,52.07998744567279
47.980000000000004,33.51475,53.28,51.359385711151674
34.11,28.62106,47.980000000000004,45.99101686005519
24.49,19.984653,34.11,31.77408712735222
26.59,13.95363,24.49,21.35417890587062
23.95,9.403811,26.59,22.8918375171573
13.65,8.162518,23.95,20.270452260553984
15.06,3.5945516,13.65,10.146329257691132
12.31,0.12676607,15.06,11.336240320404777
7.07,0.0,12.31,8.783589014784638
4.09,0.0,7.07,3.9457246069496374
2.01,0.0,4.09,0.839828406970019
0.46,0.0,2.01,-1.3068277330474718
0.35,0.0,0.46,-2.4670653005482053
0.33,0.0,0.35,-2.449456402123535
0.34,0.0,0.33,-2.0077174016368056
0.33,0.0,0.34,-1.458945152718513
0.33,0.0,0.33,-1.3893173552265004
0.33,0.0,0.33,-1.229652563330771
0.32,0.0,0.33,-0.8926685793965203
0.27,0.0,0.32,-0.7644671142726066
0.23,0.0,0.27,-0.6911393871366273
0.24,0.0,0.23,-0.508944838065696
0.23,0.0,0.24,-0.33003375840470817
0.23,0.0,0.23,-0.7021241626837789
0.22,0.0,0.23,-0.5390925164230567
0.24,0.0,0.22,-0.4521845309215221
0.23,0.0,0.24,-0.41724154958906495
0.24,0.0,0.23,-0.3043676579486053
0.23,0.0,0.24,-0.1824555069512121
0.23,0.0,0.23,-0.10825888299268664
0.23,0.0,0.23,-0.07859882400211786
0.23,0.0,0.23,0.09842500201172913
0.22,0.0,0.23,0.19395741426020208
0.24,0.0,0.22,0.25039821996985967
0.23,0.0,0.24,0.3577598321273408
0.23,0.0,0.23,0.5123713855233024
0.23,0.0,0.23,0.6284571163525549
0.24,0.0,0.23,0.7549929151723638
0.22,0.0,0.24,0.8960452281969322
0.23,0.0,0.22,1.0684140163186138
0.23,0.0,0.23,1.2232698296289721
0.24,0.0,0.23,1.3952507339085491
0.24,0.0,0.24,1.5750727071388633
0.23,0.0,0.24,1.7821239450394204
0.23,0.0,0.23,1.9543085647188398
0.25,0.0,0.23,2.1470337319027584
0.24,0.0,0.25,2.3554620168463103
0.24,0.0,0.24,2.5575369130624335
0.25,0.0,0.24,2.7477260702314115
0.24,0.0,0.25,2.9499858773145964
0.23,0.0,0.24,3.144480183197222
0.23,0.0,0.23,3.337872731565993
0.23,0.0,0.23,3.5361189442460774
0.25,0.0,0.23,3.7383737784059976
0.21,0.0,0.25,3.954735768727722
1.1,0.0,0.21,4.096398125602359
2.87,0.0,1.1,5.171617374161103
4.97,0.11250089,2.87,7.032805481043879
8.3,2.0160723,4.97,9.229520474196404
13.11,7.9891567,8.3,12.598968509051357
19.059999999999995,13.263112,13.11,17.494902478348543
25.67,18.2943,19.059999999999995,23.697006834073296
32.61,23.809992,25.67,30.72008245946972
39.49,31.205666,32.61,37.95059274099964
46.2,37.792664,39.49,45.003239520880534
48.78,43.52216,46.2,51.802765508092044
48.29,47.52239,48.78,54.38165966830015
46.31,50.289005,48.29,53.640689950804386
47.72,50.17143,46.31,51.21130927237123
47.13,50.477596,47.72,52.07862161292301
49.19,50.219715,47.13,51.12675182356063
49.08,51.29992,49.19,52.810480717208335
49.22,51.327682,49.08,52.44792468923572
50.16,51.120285,49.22,52.37376327456154
50.15,50.633507,50.16,53.039649647747005
49.57,50.126637,50.15,52.65122879303371
50.5,49.14445,49.57,51.77439750962574
48.209999999999994,48.628876,50.5,52.245582546682726
47.2,46.81782,48.209999999999994,49.71205169953944
47.36,44.627266,47.2,48.44559373161067
45.87,43.173454,47.36,48.327180394772896
45.73,41.90207,45.87,46.619534495702695
44.16,40.836987,45.73,46.301366559052745
45.03,38.93022,44.16,44.41854242519757
46.03,38.32424,45.03,45.12660005155968
45.94,38.397457,46.03,45.95747483424964
46.81,39.04251,45.94,45.75095565253869
47.79,38.936775,46.81,46.53715824250243
48.19,39.49609,47.79,47.38618151426124
49.35,39.55846,48.19,47.73139550594641
49.36,40.00192,49.35,48.78709254821313
50.18,38.648464,49.36,48.67705684100891
50.67,38.581165,50.18,49.29814589291514
51.73,38.574398,50.67,49.61703323609418
52.5,38.013653,51.73,50.47148617330741
52.88,35.306194,52.5,51.14318049099309
52.36,34.16392,52.88,51.292828933876535
46.67,32.72928,52.36,50.55125989232256
39.47,29.24776,46.67,44.6463350116205
32.62,22.330889,39.47,37.14061733142876
26.15,17.286167,32.62,29.77336641726091
19.48,12.589023,26.15,22.88901672650757
13.31,7.627192,19.48,15.929550241247941
8.11,0.9218387,13.31,9.626098766538774
4.65,0.0,8.11,4.354005865118746
2.83,0.0,4.65,0.9207577885520019
1.61,0.0,2.83,-0.8214743861014893
0.44,0.0,1.61,-1.7891298039417534
0.31,0.0,0.44,-2.6411390094148337
0.33,0.0,0.31,-2.5009886515890662
0.33,0.0,0.33,-2.19930151131094
0.34,0.0,0.33,-1.794289245625365
0.32,0.0,0.34,-1.5367890069609853
0.32,0.0,0.32,-1.3473636027801281
0.33,0.0,0.32,-1.1019894541846311
0.23,0.0,0.33,-0.7836631608498343
0.22,0.0,0.23,-0.6877913560664289
0.23,0.0,0.22,-0.5312698745208727
0.23,0.0,0.23,-0.3809240515184026
0.24,0.0,0.23,-0.6897298515538044
0.23,0.0,0.24,-0.5208897953880669
0.23,0.0,0.23,-0.3896448840858057
0.23,0.0,0.23,-0.2785619927205207
0.23,0.0,0.23,-0.09379383156915039
0.23,0.0,0.23,-0.012941369505109976
0.24,0.0,0.23,0.04854607748908647
0.23,0.0,0.24,0.11732314094787068
0.23,0.0,0.23,0.2564216367109347
0.23,0.0,0.23,0.337441516101927
0.23,0.0,0.23,0.4006627340667437
0.24,0.0,0.23,0.4847239420530999
0.22,0.0,0.24,0.6499731225256954
0.24,0.0,0.22,0.7378011099141943
0.23,0.0,0.24,0.8758549952199517
0.23,0.0,0.23,0.9984970732190152
0.23,0.0,0.23,1.1920693377601963
0.24,0.0,0.23,1.343793094704228
0.24,0.0,0.24,1.5111222303911638
0.24,0.0,0.24,1.676816793773254
0.24,0.0,0.24,1.8996847434344193
0.23,0.0,0.24,2.0702517233329787
0.24,0.0,0.23,2.2444390312354274
0.23,0.0,0.24,2.4494669253555506
0.23,0.0,0.23,2.6498288042960945
0.24,0.0,0.23,2.8507532884587965
0.23,0.56586105,0.24,3.059879889454929
0.24,0.19725415,0.23,3.2568493294207124
0.24,2.43145,0.24,3.4675790528041315
0.24,2.775826,0.24,3.661012230720199
0.23,2.371246,0.24,3.845632649640497
0.2,1.5837777,0.23,4.038223706195236
1.14,3.4977226,0.2,4.190922780361472
2.6,3.8684866,1.14,5.311546462671127
4.6,4.450889,2.6,6.899508864149532
8.06,5.9653897,4.6,8.977222584895165
13.08,12.019212,8.06,12.450205108841864
19.24,17.11459,13.08,17.583896780967148
25.91,22.347408,19.24,24.083936488647037
32.86,27.867807,25.91,31.191950072154285
39.87,35.502262,32.86,38.37896768095319
46.92,41.950523,39.87,45.565151138191965
53.83,47.853943,46.92,52.6412705817313
59.66,53.76619,53.83,59.519130648845916
52.61,60.131126,59.66,65.20038011746155
53.8,60.772835,52.61,58.00977050367063
58.83,61.031326,53.8,58.53786495931334
63.97,62.327423,58.83,62.83576897724658
65.52,65.55386,63.97,67.73977384220407
60.13,67.47641,65.52,69.13667799438745
60.12,66.39966,60.13,63.32573236498682
56.98,64.60711,60.12,62.883666009341376
56.82,61.502335,56.98,59.10375934112905
54.36999999999999,59.554184,56.82,58.3917811961652
52.87,56.917446,54.36999999999999,55.392135011877606
53.42,54.598682,52.87,53.45332388880527
51.2,51.844753,53.42,53.66769081211557
50.73,49.480793,51.2,51.43757683554759
49.12,47.676132,50.73,50.78656290065136
49.3,45.857113,49.12,48.77046496542549
49.12,43.34208,49.3,48.62142076416368
49.49,42.538437,49.12,48.332550714331134
48.86,42.18525,49.49,47.87665197045769
48.47,42.207935,48.86,47.32777184402134
49.41,40.740807,48.47,47.29180667448935
50.84,39.75786,49.41,48.30824834789368
51.97,39.96237,50.84,49.711204854685455
54.49,40.47389,51.97,50.82431990317886
55.82,40.351295,54.49,53.25308507886148
56.43,40.976074,55.82,54.48768102297913
57.81,41.61329,56.43,54.986933806690224
60.88,42.31592,57.81,56.18166576957768
57.97,41.23349,60.88,59.10002367099882
51.71,39.36856,57.97,56.12281332705386
45.37,35.78375,51.71,49.55159542430137
38.87,31.017921,45.37,42.744804590960555
32.14,23.944473,38.87,35.842873526653754
24.29,18.98843,32.14,28.750809978571546
18.86,13.92212,24.29,20.502687430787525
12.66,9.323083,18.86,14.81904575497661
8.47,2.7852657,12.66,8.627903855308086
5.42,0.6426826,8.47,4.44495304345797
3.38,0.0,5.42,1.4665644266937738
1.71,0.0,3.38,-0.4404824305056035
0.36,0.0,1.71,-1.8215563672243675
0.34,0.0,0.36,-2.858593058289297
0.32,0.0,0.34,-2.5044553328697003
0.34,0.0,0.32,-2.2367836524273685
0.32,0.0,0.34,-1.8310472584817188
0.35,0.0,0.32,-1.5966596001476865
0.33,0.0,0.35,-1.2833490847797715
0.34,0.0,0.33,-1.0723533249819404
0.23,0.0,0.34,-0.7093177303728643
0.24,0.0,0.23,-0.6147251603191538
0.24,0.0,0.24,-0.42599217089322516
0.23,0.0,0.24,-0.2440979233873694
0.24,0.0,0.23,-0.7542897904026774
0.24,0.0,0.24,-0.5732566471007859
0.24,0.0,0.24,-0.4716712657142496
0.22,0.0,0.24,-0.36756750230015867
0.23,0.0,0.22,-0.21374213393899166
0.24,0.0,0.23,-0.12639835914616954
0.24,0.0,0.24,-0.05726852856377366
0.23,0.0,0.24,-7.316547572779053e-05
0.22,0.0,0.23,0.109742034818378
0.24,0.0,0.22,0.17009025894674984
0.24,0.0,0.24,0.26199753196660175
0.24,0.0,0.24,0.35227299188257444
0.23,0.0,0.24,0.5158921209244265
0.25,0.0,0.23,0.6108019701009002
0.23,0.0,0.25,0.7467719034975366
0.24,0.0,0.23,0.8549059795979306
0.24,0.0,0.24,1.0584145076960152
0.24,0.0,0.24,1.2105296875923324
0.23,0.0,0.24,1.3782752178590512
0.23,0.0,0.23,1.5343134677470605
0.24,0.0,0.23,1.7406577511331436
0.24,0.0,0.24,1.9269048245902534
0.24,0.0,0.24,2.112144779854648
0.24,0.0,0.24,2.299950690238335
0.23,0.0,0.24,2.498873084174724
0.24,0.0,0.23,2.6950678671408266
0.23,0.0,0.24,2.9026933714870387
0.23,0.0,0.23,3.083838045026671
0.23,1.2107192,0.23,3.2869823792829447
0.22,1.588301,0.23,3.4907819126773276
0.25,1.2380214,0.22,3.6786429936056884
0.17,0.59788215,0.25,3.8899153032355933
1.13,2.578989,0.17,3.9948254417369675
2.9700000000000006,2.6899977,1.13,5.1352324099188875
5.23,3.440535,2.9700000000000006,7.119803952479198
8.38,5.345481,5.23,9.515932781030171
12.75,11.09994,8.38,12.725950832037636
18.19,16.340944,12.75,17.20015168264046
24.45,21.07438,18.19,22.896700942487314
30.95,26.346498,24.45,29.450658796637995
37.74,33.609024,30.95,36.10927865007259
44.3,39.911102,37.74,43.01304869423762
45.88,45.41658,44.3,49.63478494068334
46.58,49.078728,45.88,51.21586726121953
51.25,51.818813,46.58,51.6419249658598
58.98,54.38208,51.25,55.82849011047597
60.49,58.354614,58.98,63.171874437554465
59.03,61.657703,60.49,64.67104299737119
54.72,63.34492,59.03,62.8820533050568
54.36,62.04539,54.72,58.05633284854724
57.06,60.291946,54.36,57.11821470457153
56.95,59.870193,57.06,59.23299828043619
58.43,59.338444,56.95,58.70835935035031
57.33,59.024982,58.43,59.89515143913433
56.11,57.589005,57.33,58.46233690289918
51.92,55.549805,56.11,57.066797068235076
51.9,51.954975,51.92,52.52056353177601
48.89,49.95614,51.9,51.87866847064428
46.34,47.25957,48.89,48.40015145800061
46.44,44.801826,46.34,45.56010742476446
47.15,42.300846,46.44,45.42535284391569
45.55,41.15299,47.15,46.051399298021266
45.15,39.683212,45.55,44.50633799411196
47.12,38.91253,45.15,43.87543992456517
47.15,37.578907,47.12,45.704985811708696
46.34,37.206223,47.15,45.725938343405744
46.89999999999999,37.113476,46.34,44.933390256397466
44.73,37.480423,46.89999999999999,45.328445880407834
42.63,35.466995,44.73,43.2219661938063
46.19,34.131557,42.63,41.00419620647764
48.11,34.669064,46.19,44.36728465036414
53.39,35.67597,48.11,46.317459632700626
55.05,36.132504,53.39,51.6613990792479
50.13,36.5565,55.05,53.231683314822064
44.88,34.34306,50.13,48.34790705030258
38.43,30.726458,44.88,42.78425195315669
31.45,23.832392,38.43,35.782003394335305
22.61,18.817423,31.45,28.408857149091013
18.48,13.1994915,22.61,19.162023099022697
12.45,8.696986,18.48,14.669892060240873
8.18,2.1709757,12.45,8.699223450094506
5.25,0.0,8.18,4.582574565686955
3.15,0.0,5.25,1.6391744362175946
1.48,0.0,3.15,-0.33786689220486416
0.27,0.0,1.48,-1.7424333148483782
0.35,0.0,0.27,-2.8065905046941997
0.33,0.0,0.35,-2.423745439161337
0.34,0.0,0.33,-2.1815762609732454
0.32,0.0,0.34,-1.7842808300510173
0.34,0.0,0.32,-1.5465550034908424
0.33,0.0,0.34,-1.2427791073733632
0.34,0.0,0.33,-1.0684911183823356
0.23,0.0,0.34,-0.7765674133295739
0.23,0.0,0.23,-0.7365820561217905
0.24,0.0,0.23,-0.5719438271911951
0.23,0.0,0.24,-0.41909088302942016
0.24,0.0,0.23,-1.0113691062815429
0.24,0.0,0.24,-0.8185838973076615
0.23,0.0,0.24,-0.6954801918327392
0.23,0.0,0.23,-0.6099539273960912
0.23,0.0,0.23,-0.4215242082716202
0.23,0.0,0.23,-0.3382020065134089
0.23,0.0,0.23,-0.28285600006575373
0.24,0.0,0.23,-0.20587555847296934
0.24,0.0,0.24,-0.05137483325173983
0.23,0.0,0.24,0.02295374089148164
0.23,0.0,0.23,0.09551273206102245
0.22,0.0,0.23,0.18216238002589474
0.24,0.0,0.22,0.33866057789883985
0.24,0.0,0.24,0.4674002006721446
0.24,0.0,0.24,0.5893157026799207
0.24,0.0,0.24,0.7231923871959077
0.23,0.0,0.24,0.924912950096945
0.24,0.0,0.23,1.0653629441483956
0.24,0.0,0.24,1.2389704109297277
0.24,0.0,0.24,1.411286363401227
0.24,0.0,0.24,1.6245776591299252
0.24,0.0,0.24,1.8048033781579145
0.24,0.0,0.24,1.99609408786815
0.24,0.0,0.24,2.188156487353383
0.23,0.0,0.24,2.3970030248017853
0.23,0.0,0.23,2.5815809846644293
0.23,0.0,0.23,2.7785067807216235
0.23,0.0,0.23,2.9783639450867816
0.23,0.0,0.23,3.1785515875286583
0.24,0.0,0.23,3.382795449011043
0.24,0.0,0.24,3.595254912571237
0.24,0.0,0.24,3.791113550670111
0.31,0.47420764,0.24,3.96768903135063
2.53,0.08885312,0.31,4.226136948886793
5.07,0.2473082,2.53,6.6058234382999075
6.2,2.3034341,5.07,9.286873454285185
7.36,6.846348,6.2,10.61099581807297
9.14,8.825118,7.36,11.931720523090807
13.1,9.820323,9.14,13.793640893279266
20.48,12.014747,13.1,17.82497997665428
24.19,19.347235,20.48,25.127307266257613
26.08,25.751972,24.19,28.928493711599202
21.909999999999997,28.812677,26.08,30.93400216185042
33.56,27.425207,21.909999999999997,26.648449963609718
53.67,29.083796,33.56,38.09355835488551
50.86,41.251156,53.67,57.92870763941292
37.97,50.763466,50.86,55.50575400910356
34.48,45.137413,37.97,42.61323828006193
40.81,38.445496,34.48,38.17183544242145
60.66,37.19019,40.81,43.87949771268163
52.32,46.175293,60.66,63.214255387885494
45.8,50.866116,52.32,54.865105238305375
48.82,48.654377,45.8,48.198732868472824
53.33,44.519432,48.82,50.69223043060255
74.05,46.37992,53.33,54.64626954286833
73.58,52.478973,74.05,75.46806490381142
71.92,59.9891,73.58,74.69100436182705
71.16,61.598465,71.92,72.91594102601458
56.11,59.2944,71.16,71.55958824443316
57.67,53.11753,56.11,56.14851276780097
66.56,44.408985,57.67,57.18422814032412
65.83,50.657375,66.56,64.14083639695794
65.1,50.34769,65.83,63.593206171694774
64.81,49.445057,65.1,63.223339304773006
67.85,47.725563,64.81,62.58760887014121
67.15,47.617966,67.85,65.64506331784291
61.89,47.689484,67.15,64.64621399906635
44.89,45.463886,61.89,58.42297955535625
31.67,35.792072,44.89,41.15415380418248
37.6,24.682682,31.67,27.611003077463888
25.77,20.019083,37.6,32.96292949392025
20.06,14.746586,25.77,21.315759889141074
19.1,9.129247,20.06,15.887476759800304
17.88,6.2043247,19.1,14.521936665479396
11.71,5.2037163,17.88,13.773682763192712
9.89,1.9010496,11.71,8.185042716574179
6.0,0.0,9.89,6.201663862066606
4.44,0.0,6.0,2.41621319942682
3.65,0.0,4.44,1.1240102054085177
1.65,0.0,3.65,0.613403448352354
1.2,0.0,1.65,-0.7671740396390908
1.18,0.0,1.2,-0.6429258694752477
0.42,0.0,1.18,-0.7374434231403405
0.33,0.0,0.42,-1.1234693326008771
0.34,0.0,0.33,-0.9027414946847969
0.32,0.0,0.34,-0.75840499199639
0.33,0.0,0.32,-0.6321099322673697
0.33,0.0,0.33,-0.3931265331918239
0.33,0.0,0.33,-0.19990548341276518
0.33,0.0,0.33,0.007813277055198735
0.33,0.0,0.33,0.13616976995424826
0.27,0.0,0.33,0.22631674481100283
0.23,0.0,0.27,0.27590492992032417
0.22,0.0,0.23,0.18924628086552203
0.24,0.0,0.22,0.2518004531049324
0.23,0.0,0.24,0.2421930867165098
0.23,0.0,0.23,-0.45654293392107137
0.23,0.0,0.23,-0.4286123113656508
0.23,0.0,0.23,-0.4009648186117584
0.24,0.0,0.23,-0.40925847469806864
0.24,0.0,0.24,-0.2813257634293992
0.23,0.0,0.24,-0.2719054280664193
0.23,0.0,0.23,-0.2538271083822786
0.23,0.0,0.23,-0.20513494258197684
0.23,0.0,0.23,-0.07030393799617986
0.23,0.0,0.23,0.0006893390852344763
0.23,0.0,0.23,0.08656524259758942
0.23,0.0,0.23,0.16605974458974768
0.23,0.0,0.23,0.3330041211075861
0.22,0.0,0.23,0.4468349935118543
0.24,0.0,0.22,0.55444223602087
0.24,0.0,0.24,0.7085852323891836
0.24,0.0,0.24,0.9026111520693175
0.24,0.0,0.24,1.054442893217797
0.23,0.0,0.24,1.2110305596574282
0.23,0.0,0.23,1.3687851243755922
0.24,0.0,0.23,1.582370789734326
0.23,0.0,0.24,1.7668466115037973
0.23,0.0,0.23,1.9379877605646314
0.24,0.0,0.23,2.123311686392976
0.24,0.0,0.24,2.329687311639887
0.23,0.0,0.24,2.5218906455857484
0.23,0.0,0.23,2.704753784053811
0.23,0.0,0.23,2.9072439933776484
0.24,0.0,0.23,3.1086130930630684
0.23,0.0,0.24,3.32312380351796
0.25,0.0,0.23,3.513872122656666
0.25,0.0,0.25,3.7305251028012836
0.23,0.0,0.25,3.9105702076972717
0.01,0.0,0.23,4.088111044982263
0.98,0.0,0.01,4.045195771574563
2.88,0.0,0.98,5.1801978846122205
3.88,0.0,2.88,7.175943949375772
7.81,1.6350133,3.88,8.38066833675251
7.94,4.4309363,7.81,12.399594036510507
18.27,6.82404,7.94,12.644315341346374
24.7,14.136914,18.27,22.982176675809967
30.09,22.122345,24.7,29.456141487333515
27.05,29.53131,30.09,34.99277827444812
20.74,31.701456,27.05,31.87369373195455
23.01,25.746122,20.74,25.488379067784884
22.82,22.23532,23.01,27.419268661784525
38.31,21.61283,22.82,26.759514791970734
63.44,26.416079,38.31,42.15635689081736
39.19,44.404953,63.44,66.91663679819511
52.33,47.73911,39.19,43.54837777295007
61.5,45.71533,52.33,56.4980440949564
65.05,48.117832,61.5,64.51772403149562
58.71,55.58305,65.05,68.10431759703415
64.12,54.141167,58.71,61.28562114278709
63.06,58.37636,64.12,64.9097663995103
55.91,54.922306,63.06,64.6006172569579
58.77,52.146584,55.91,57.17173872397236
58.67,48.37277,58.77,59.06759120179282
58.59,47.349377,58.67,58.42657862867278
54.8,48.69628,58.59,58.075513645201134
55.06,48.242706,54.8,53.15235189875211
54.24,44.024235,55.06,53.69330606166271
49.34,45.710518,54.24,52.427763412755986
53.64,39.987717,49.34,47.05472356615743
53.09,36.332996,53.64,51.108511780303736
49.81,36.014927,53.09,50.51550786170348
47.25,36.100544,49.81,47.336627603062674
46.36,33.691387,47.25,44.350684049080265
57.62,27.18304,46.36,43.529453154410625
38.95,35.10554,57.62,54.193662191784206
32.82,29.38594,38.95,35.91722120934628
26.54,24.955843,32.82,29.30831082214765
22.57,14.371501,26.54,22.951694943027427
16.14,10.621511,22.57,18.443688185694214
14.99,6.055329,16.14,12.390513620006178
10.68,4.262634,14.99,11.011354925918608
7.92,0.5267456,10.68,7.249562878901369
5.44,0.0,7.92,4.828524986406181
5.21,0.0,5.44,2.5755358115584115
4.26,0.0,5.21,2.5667407768237456
3.09,0.0,4.26,1.860792730721212
2.68,0.0,3.09,0.5255680161524192
1.23,0.0,2.68,0.6825597839064763
0.24,0.0,1.23,-0.5312844593469277
0.25,0.0,0.24,-1.172137642224233
0.33,0.0,0.25,-1.0728948064429042
0.32,0.0,0.33,-0.7889882204247717
0.32,0.0,0.32,-0.724879713086166
0.32,0.0,0.32,-0.4477366065009075
0.32,0.0,0.32,-0.30927647493505045
0.32,0.0,0.32,-0.20132935159037219
0.27,0.0,0.32,-0.17312516523191726
0.23,0.0,0.27,-0.05632430173177182
0.22,0.0,0.23,0.08795482858046322
0.24,0.0,0.22,0.036751794991242426
0.23,0.0,0.24,0.1033265385529597
0.23,0.0,0.23,-0.626066099409169
0.23,0.0,0.23,-0.6133749399087973
0.23,0.0,0.23,-0.619745033145954
0.23,0.0,0.23,-0.59281676317626
0.23,0.0,0.23,-0.49406870594482055
0.24,0.0,0.23,-0.4769080924171859
0.23,0.0,0.24,-0.4361836020770997
0.23,0.0,0.23,-0.39835229534439376
0.24,0.0,0.23,-0.23720582687302372
0.22,0.0,0.24,-0.1619459277944998
0.21,0.0,0.22,-0.08673826628754572
0.24,0.0,0.21,-0.01043423262810133
0.24,0.0,0.24,0.18968334373662618
0.24,0.0,0.24,0.30689153767508215
0.23,0.0,0.24,0.43945322260863073
0.23,0.0,0.23,0.5604131828012906
0.22,0.0,0.23,0.7641676883659514
0.23,0.0,0.22,0.9103072177109084
0.25,0.0,0.23,1.0774943049926462
0.23,0.0,0.25,1.2597692804899012
0.24,0.0,0.23,1.4461118541510571
0.24,0.0,0.24,1.6342178617585355
0.23,0.0,0.24,1.8263136675496054
0.24,0.0,0.23,2.011769198125651
0.23,0.0,0.24,2.241598435539114
0.23,0.0,0.23,2.4297654142618166
0.23,0.0,0.23,2.6183409985692787
0.23,0.0,0.23,2.8153847812973045
0.24,0.0,0.23,3.0144955832735754
0.24,0.0,0.24,3.2281778314948744
0.23,0.0,0.24,3.4292679135066
0.25,0.0,0.23,3.6227445673622367
0.24,0.0,0.25,3.8257852994178947
0.37,0.0,0.24,4.009065919365155
1.38,0.0,0.37,4.324738950595386
2.08,0.0,1.38,5.513027447358746
2.72,0.0,2.08,6.353217252697673
3.77,0.0,2.72,7.1799838852250835
6.29,0.0,3.77,8.371084943221595
8.57,0.19507389,6.29,10.99954777726384
9.69,4.3875837,8.57,13.385326438111738
9.35,7.233284,9.69,14.610921378481692
10.08,7.8799343,9.35,14.305804260700635
8.16,6.9479504,10.08,15.075216098029344
6.44,6.984392,8.16,13.040756384330637
7.32,4.4398375,6.44,11.41746338059771
11.25,2.989077,7.32,12.219141661545036
17.23,4.055341,11.25,16.081071612585607
31.76,9.0597315,17.23,22.065945512477892
30.0,18.526064,31.76,36.610865977394326
31.58,25.865786,30.0,34.83715782440629
18.16,26.5599,31.58,36.64145795152368
15.04,21.110544,18.16,22.719797832171707
17.44,13.271362,15.04,19.259276115687648
32.54,9.997579,17.44,21.074715152476887
40.38,16.05028,32.54,35.58820681059096
32.29,24.797752,40.38,43.62230696859844
39.5,27.682014,32.29,35.88029498273171
32.88,28.624458,39.5,42.99736806321256
40.9,27.752756,32.88,35.561700803082644
52.97,26.923553,40.9,43.492707963894645
53.24,34.43488,52.97,54.128838628617444
52.63,40.285683,53.24,54.48870535118938
52.92,42.1811,52.63,54.00650554032308
55.21,45.1953,52.92,54.081972986579565
53.75,40.53043,55.21,55.88594778118433
56.55,39.32354,53.75,53.88234758075712
58.01,40.905445,56.55,55.718398923006426
57.62,43.14564,58.01,56.803710863777496
53.3,42.342285,57.62,56.5883412888626
61.54,35.00386,53.3,51.9308817237669
59.4,36.799854,61.54,59.539349256820074
49.84,36.950165,59.4,57.101701256974856
57.81,32.90515,49.84,47.351628894940504
48.25,29.973402,57.81,54.603292557557765
42.31,29.021727,48.25,44.97965698660575
29.26,22.59596,42.31,39.144538485159906
25.59,14.977946,29.26,25.032424964966204
15.64,10.41736,25.59,20.838387142474375
11.6,3.4240184,15.64,11.031221262900862
6.39,0.042238005,11.6,6.669855442861163
6.16,0.0,6.39,1.6695693873760202
3.86,0.0,6.16,1.6785990880518697
1.49,0.0,3.86,-0.5424649452698747
0.26,0.0,1.49,-2.5078662976119164
0.33,0.0,0.26,-3.1146019812688412
0.32,0.0,0.33,-3.12613470405743
0.32,0.0,0.32,-2.703870838527273
0.32,0.0,0.32,-2.38805312739835
0.34,0.0,0.32,-1.9460209033623377
0.32,0.0,0.34,-1.7301877215021482
0.3,0.0,0.32,-1.3872920138553304
0.25,0.0,0.3,-1.1123963174424851
0.24,0.0,0.25,-0.9442409615829527
0.25,0.0,0.24,-0.8792328157668823
0.24,0.0,0.25,-0.6414260759396382
0.24,0.0,0.24,-0.6628297830832803
0.24,0.0,0.24,-0.5648544201181447
0.23,0.0,0.24,-0.3695415190825108
0.24,0.0,0.23,-0.2820856513209031
0.23,0.0,0.24,-0.07720834514435587
0.23,0.0,0.23,-0.054685148748787465
0.23,0.0,0.23,0.03386381412687614
0.23,0.0,0.23,0.07309474206226435
0.23,0.0,0.23,0.22519785979076667
0.23,0.0,0.23,0.2840802508730822
0.23,0.0,0.23,0.38129554560103746
0.25,0.0,0.23,0.46491120586824025
0.23,0.0,0.25,0.646324575070357
0.25,0.0,0.23,0.734091753075101
0.24,0.0,0.25,0.8771216593490215
0.24,0.0,0.24,0.9988763835599461
0.24,0.0,0.24,1.1898591583628308
0.23,0.0,0.24,1.3497572840796204
0.24,0.0,0.23,1.4938509292505884
0.24,0.0,0.24,1.6692166568457985
0.25,0.0,0.24,1.873776337176431
0.24,0.0,0.25,2.072323128918533
0.24,0.0,0.24,2.2471089539352858
0.23,0.0,0.24,2.4369809230031616
0.23,0.0,0.23,2.63677676598682
0.23,0.0,0.23,2.837216180379308
0.24,0.0,0.23,3.042946119187598
0.25,0.0,0.24,3.2537159963376854
0.24,1.2111609,0.25,3.45602989615209
0.24,0.8300148,0.24,3.6492531769994727
0.25,0.0,0.24,3.8575047064328998
0.21,0.0,0.25,4.064334883437718
1.04,0.011529801,0.21,4.193807573497961
2.52,0.13468224,1.04,5.206373664758681
4.58,0.7678594,2.52,6.839450967773754
6.69,2.2540185,4.58,9.084985065002128
7.65,6.901348,6.69,11.3143133825973
16.72,9.620315,7.65,12.409942449159294
25.25,13.385476,16.72,21.601300066833705
32.08,22.080906,25.25,30.30664706343468
37.88,31.933554,32.08,37.515650876540434
44.68,38.22388,37.88,43.487486399692244
51.31,43.046234,44.68,50.291706640174866
57.72,48.217205,51.31,56.921488123971514
62.79,54.252903,57.72,63.11842049462537
60.57,59.36734,62.79,67.93333141823283
59.7,61.06677,60.57,65.47646445589425
60.95,61.3965,59.7,64.08039899464227
59.57,62.136425,60.95,64.61573335277606
59.93,61.83595,59.57,62.87580413149637
59.91,61.95194,59.93,62.68640129204481
58.61,61.662067,59.91,62.06645973101438
57.93,60.295387,58.61,60.423703104032434
55.84,58.52443,57.93,59.364172107075824
52.53,56.48434,55.84,56.8223978063764
52.02,53.700256,52.53,53.10268689959544
54.06,50.97602,52.02,52.005847785728974
51.4,50.156372,54.06,53.648808461537264
47.72,48.160393,51.4,50.98123825338928
46.88,45.436226,47.72,47.13259058686329
46.8,42.368282,46.88,45.89090231529392
46.99,40.51308,46.8,45.568860960624505
48.22,39.61538,46.99,45.57778363512205
48.09,40.312923,48.22,46.63485997420085
50.02,38.50055,48.09,46.502752239608114
50.75,38.508568,50.02,48.39910600155241
50.29,38.71391,50.75,49.11415012052968
53.03,38.660496,50.29,48.69617915209411
53.76,37.968624,53.03,51.30618973045843
54.54,38.038418,53.76,51.901238835127764
54.56,37.518894,54.54,52.668023896687366
56.96,36.545166,54.56,52.5479334401487
51.63,34.75426,56.96,54.80967473442368
44.35,31.611898,51.63,49.425193726600014
39.97,27.403805,44.35,41.87440017408024
33.44,23.093386,39.97,36.97701104860362
28.0,16.840738,33.44,30.17586099067048
21.99,12.574725,28.0,24.521930308212447
16.51,7.9986315,21.99,18.20140692462565
12.15,3.4722826,16.51,12.693417336085776
7.65,0.0,12.15,8.415045337963255
5.49,0.0,7.65,3.9555055753730146
3.05,0.0,5.49,1.9172881131726704
1.16,0.0,3.05,-0.3684183022504653
0.25,0.0,1.16,-1.9967754928673282
0.33,0.0,0.25,-2.588619386070582
0.34,0.0,0.33,-2.198710459760592
0.34,0.0,0.34,-1.9120658834150397
0.33,0.0,0.34,-1.5495127065510432
0.32,0.0,0.33,-1.3113191818782524
0.33,0.0,0.32,-1.079025514796049
0.3,0.0,0.33,-0.8604242806534567
0.23,0.0,0.3,-0.6057121508256447
0.23,0.0,0.23,-0.47861373518677985
0.24,0.0,0.23,-0.33650356198423104
0.24,0.0,0.24,-0.1509680313483605
0.24,0.0,0.24,-0.4731730556515257
0.23,0.0,0.24,-0.35839891272108376
0.24,0.0,0.23,-0.2932727463338941
0.24,0.0,0.24,-0.18602811568975128
0.23,0.0,0.24,-0.023194933317541508
0.24,0.0,0.23,0.03214255141636143
0.24,0.0,0.24,0.11687016790928331
0.24,0.0,0.24,0.17391858153976011
0.24,0.0,0.24,0.3281388453549615
0.23,0.0,0.24,0.3929584037044001
0.23,0.0,0.23,0.4652090320709631
0.24,0.0,0.23,0.5483224351219523
0.24,0.0,0.24,0.71708208007295
0.24,0.0,0.24,0.8257285636494032
0.24,0.0,0.24,0.9462077982478618
0.23,0.0,0.24,1.0807089706681108
0.24,0.0,0.23,1.2634224190888823
0.25,0.0,0.24,1.4232894357107402
0.23,0.0,0.25,1.5907016874202242
0.24,0.0,0.23,1.7378413325095654
0.24,0.0,0.24,1.954335570511668
0.24,0.0,0.24,2.131827464401483
0.23,0.0,0.24,2.315666074778528
0.24,0.0,0.23,2.4937742273425267
0.24,0.0,0.24,2.7096783093639565
0.23,0.0,0.24,2.9078827299389527
0.24,0.0,0.23,3.09596958868151
0.25,0.0,0.24,3.302976191505086
0.24,0.7337239,0.25,3.5120899189280994
0.24,0.41536862,0.24,3.702699307605515
0.25,0.0,0.24,3.9083915326018706
0.25,0.0,0.25,4.114820724517769
0.62,0.0,0.25,4.290985081420313
2.54,0.0,0.62,4.861091743947767
5.14,0.528753,2.54,6.937538943119949
8.49,2.6502297,5.14,9.689212764455212
12.79,7.973975,8.49,13.153783809910223
18.11,12.639268,12.79,17.608147476208472
20.64,17.600468,18.11,23.118227319732224
30.93,21.565853,20.64,25.86088371150144
37.86,29.171518,30.93,36.13066336163659
44.32,35.97792,37.86,43.231971278166796
50.34,42.09125,44.32,49.945965780712164
56.66,47.041355,50.34,55.90215416994036
60.87,52.748493,56.66,62.01258034397945
66.94,57.16203,60.87,66.15559366787171
67.61,61.799507,66.94,71.77541838884486
63.39,64.555885,67.61,72.09923462795045
63.72,64.713844,63.39,67.41903303296463
63.54,64.358345,63.72,66.9771822776597
63.51,63.82937,63.54,66.10957550467971
63.55,63.449696,63.51,65.72700934492065
63.34,63.11065,63.55,65.11297966178289
63.46,62.19782,63.34,64.47687224182673
63.11,60.98705,63.46,64.34256361926502
62.04,59.935925,63.11,63.54681806133578
60.75,58.164745,62.04,62.02098678765653
60.08,56.272556,60.75,60.29492342027037
59.35,55.043736,60.08,59.131060450280685
59.28,53.692913,59.35,58.12438796035267
58.54,51.57401,59.28,57.90573799462268
58.5,50.417397,58.54,56.94185857445013
56.39,49.247856,58.5,56.717231406879996
56.11,47.495434,56.39,54.40657455207584
56.2,44.91304,56.11,53.91986403269986
53.62,43.667545,56.2,53.821344935892164
53.37,42.105923,53.62,51.13456069030905
51.58,41.040524,53.37,50.748179253478256
51.49,37.900528,51.58,48.85824804133613
53.28,36.11373,51.49,48.73850501609224
55.27,35.434425,53.28,50.460737280506336
58.95,35.613087,55.27,52.44871762405472
53.77,34.472717,58.95,56.20076496407164
48.08,32.22738,53.77,51.090341169493406
41.92,28.464962,48.08,45.20029953049854
35.55,23.843744,41.92,38.6381159609674
29.04,17.364676,35.55,31.960848127169918
22.99,12.583258,29.04,25.171323536330913
17.19,7.9646673,22.99,18.885135428494195
12.21,3.465782,17.19,13.078873786124309
8.32,0.0,12.21,8.261526319539122
5.38,0.0,8.32,4.468315605898724
2.94,0.0,5.38,1.6529250415082986
1.03,0.0,2.94,-0.6042667476783539
0.26,0.0,1.03,-2.2598022311899153
0.33,0.0,0.26,-2.665449857093512
0.34,0.0,0.33,-2.27587981829448
0.33,0.0,0.34,-1.9539543037590472
0.34,0.0,0.33,-1.5608086880890746
0.31,0.0,0.34,-1.2817355606062737
0.33,0.0,0.31,-1.077523247994945
0.29,0.0,0.33,-0.8385543765269285
0.23,0.0,0.29,-0.602380551909552
0.23,0.0,0.23,-0.4911796670664167
0.24,0.0,0.23,-0.3206119152478001
0.23,0.0,0.24,-0.12935296018494025
0.23,0.0,0.23,-0.6833604126130645
0.24,0.0,0.23,-0.560783672241525
0.23,0.0,0.24,-0.4621074347768489
0.23,0.0,0.23,-0.38366261648917377
0.24,0.0,0.23,-0.21112322666962974
0.23,0.0,0.24,-0.13453218970011194
0.24,0.0,0.23,-0.07550708265406439
0.24,0.0,0.24,-0.005130782460948079
0.24,0.0,0.24,0.14748197884089148
0.24,0.0,0.24,0.21826862433950495
0.22,0.0,0.24,0.2927572171561453
0.23,0.0,0.22,0.3599316259177499
0.23,0.0,0.23,0.5248822716263991
0.24,0.0,0.23,0.6246698441264555
0.23,0.0,0.24,0.7560217128001897
0.23,0.0,0.23,0.8841689958063961
0.23,0.0,0.23,1.0845004714119597
0.23,0.0,0.23,1.237077799496293
0.23,0.0,0.23,1.3896588461761616
0.24,0.0,0.23,1.555835414056474
0.24,0.0,0.24,1.781129237008977
0.23,0.0,0.24,1.9508814811816761
0.23,0.0,0.23,2.1213455850885796
0.23,0.0,0.23,2.3167260290192346
0.24,0.0,0.23,2.5244637613951935
0.23,0.0,0.24,2.7367040846969926
0.24,0.0,0.23,2.9279265411912125
0.23,0.0,0.24,3.137806935774998
0.23,1.433633,0.23,3.32832963015036
0.24,1.7591189,0.23,3.5318722753405045
0.24,1.3159181,0.24,3.748119022979213
0.24,0.54672587,0.24,3.9452231496016723
0.71,2.5724242,0.24,4.097491666612111
2.69,3.0124364,0.71,4.7633198930149145
5.24,3.5879774,2.69,6.898749817482601
8.49,5.370653,5.24,9.608707786139053
12.76,11.051373,8.49,13.0020586552413
18.0,16.303093,12.76,17.431841782616775
23.73,21.151337,18.0,22.84995255368589
30.12,26.234234,23.73,28.778812295877447
36.65,33.132366,30.12,35.27998052797612
42.99,38.980408,36.65,41.920573438978536
40.77,44.23832,42.99,48.31611549669068
44.39,45.97322,40.77,46.10603453372608
44.81,48.975147,44.39,49.30538933296641
47.48,50.031387,44.81,49.31683243085675
53.77,51.674408,47.48,51.72897465670733
55.63,54.756336,53.77,57.656284524497686
56.33,57.71642,55.63,59.30724390117543
57.67,59.003185,56.33,59.9635657195713
56.11,59.400665,57.67,60.79706401304974
57.21,58.28531,56.11,58.86072668829934
57.33,57.51355,57.21,59.413886635829805
56.23,56.677826,57.33,58.926724875740966
54.87,55.329296,56.23,57.44443645877979
53.21,53.356724,54.87,55.83715147528513
52.3,51.037598,53.21,53.69393437229661
50.98,48.98501,52.3,52.51715753585868
49.62,47.180893,50.98,50.8351128693495
49.75,45.464214,49.62,49.04682524522354
48.13,43.26561,49.75,48.887731247090606
46.71,41.550407,48.13,47.104368172070224
46.78,40.07424,46.71,45.5238086207477
47.09,39.108578,46.78,45.449033219847266
44.39,37.671097,47.09,45.63180116705324
44.19,36.27702,44.39,42.916525784624724
46.95,35.52319,44.19,42.576154349840955
48.68,35.88357,46.95,45.15439229188922
51.63,35.3643,48.68,46.97338310106943
51.64,36.670254,51.63,49.916428297274976
53.07,37.29048,51.64,49.88227188214083
55.11,37.93894,53.07,51.29895249173482
54.67,36.29929,55.11,53.183812020842005
49.27,35.356483,54.67,52.632441548313054
43.21,32.670486,49.27,47.1058831161823
36.49,28.583954,43.21,40.61552451911817
29.89,22.141151,36.49,33.550090264528485
23.07,17.089592,29.89,26.659194760064192
16.78,12.117855,23.07,19.531154244764373
11.98,7.3610106,16.78,12.976350455392303
8.15,1.3629972,11.98,8.190479885924631
5.14,0.0,8.15,4.351092026918568
2.75,0.0,5.14,1.5139336224549627
0.86,0.0,2.75,-0.7093591964787451
0.28,0.0,0.86,-2.3121520951315206
0.32,0.0,0.28,-2.675361015809438
0.33,0.0,0.32,-2.3735991753860617
0.32,0.0,0.33,-2.0618065960067766
0.32,0.0,0.32,-1.6972419929243827
0.33,0.0,0.32,-1.4869462914194056
0.34,0.0,0.33,-1.2385894843952512
0.29,0.0,0.34,-1.0182422807153202
0.22,0.0,0.29,-0.7858375790847958
0.23,0.0,0.22,-0.6721298715302615
0.23,0.0,0.23,-0.5068510931897728
0.23,0.0,0.23,-0.33750465745465497
0.24,0.0,0.23,-0.8794074125435075
0.23,0.0,0.24,-0.725748136006323
0.23,0.0,0.23,-0.6335851532337367
0.24,0.0,0.23,-0.5389007824339589
0.24,0.0,0.24,-0.3557001640008447
0.23,0.0,0.24,-0.2829768840769937
0.23,0.0,0.23,-0.2265608115946235
0.24,0.0,0.23,-0.1694821712483123
0.23,0.0,0.24,-0.011170153888477967
0.24,0.0,0.23,0.049428773750089146
0.24,0.0,0.24,0.1343763205768212
0.24,0.0,0.24,0.21864198199591617
0.24,0.0,0.24,0.38186268574853627
0.24,0.0,0.24,0.48849360668272557
0.24,0.0,0.24,0.6122836517812978
0.24,0.0,0.24,0.7400430061459757
0.24,0.0,0.24,0.9285075123248171
0.24,0.0,0.24,1.077280257098158
0.23,0.0,0.24,1.2351860215746324
0.23,0.0,0.23,1.4011126068862239
0.24,0.0,0.23,1.616097071073974
0.24,0.0,0.24,1.7928510060054437
0.23,0.0,0.24,1.9872729415361863
0.24,0.0,0.23,2.169042229590771
0.24,0.0,0.24,2.3878919448522318
0.25,0.0,0.24,2.586168405236766
0.24,0.0,0.25,2.795805684803038
0.24,0.0,0.24,2.985820084698118
0.24,0.0,0.24,3.191382263702506
0.23,0.29006886,0.24,3.395628338085075
0.24,0.0,0.23,3.582420505624438
0.25,0.0,0.24,3.7996352301567544
0.43,1.2628906,0.25,3.9890421577415047
2.22,1.6170938,0.43,4.357098843120367
4.96,1.6185689,2.22,6.313873954228452
7.8,3.402319,4.96,9.197900583864554
11.99,9.074297,7.8,12.17255260758391
15.82,14.224029,11.99,16.528572595755218
23.82,19.038288,15.82,20.527169475660425
28.36,24.982271,23.82,28.656564091772697
35.51,31.141937,28.36,33.38948155478193
43.06,37.52449,35.51,40.633519709320915
48.74,42.22885,43.06,48.22433850642835
47.55,48.696774,48.74,53.964918072401844
44.43,51.988754,47.55,52.720284314097036
44.49,52.505554,44.43,49.155969381321334
45.28,51.707138,44.49,48.622404177636696
45.49,51.21418,45.28,48.92827350127834
45.84,51.436607,45.49,48.77254496749172
47.85,51.266426,45.84,48.77531442795906
50.78,51.141243,47.85,50.57727487574514
52.83,51.71275,50.78,53.29401374013626
50.93,52.24235,52.83,55.14394513933162
48.62,51.72249,50.93,52.94464648219693
49.14,50.039196,48.62,50.15522821652614
47.8,48.250874,49.14,50.126085591786605
46.66,45.97171,47.8,48.489441675522635
44.66,44.31694,46.66,47.10356436534508
43.98,42.3897,44.66,44.75551511510457
43.65,41.009895,43.98,43.794494271589
45.1,38.89584,43.65,43.28606298140116
48.0,38.491543,45.1,44.57095377546849
47.51,39.092342,48.0,47.34627909009522
45.62,39.244453,47.51,46.86519871635594
45.74,37.869396,45.62,44.895505270284396
46.24,37.541843,45.74,44.610303385640165
46.92,37.923435,46.24,44.66091929260821
51.33,36.7915,46.92,45.189793952500196
55.97,37.829926,51.33,49.584018541246294
58.15,38.540592,55.97,54.352033875400444
55.22,37.981083,58.15,56.69127579516235
48.95,36.634796,55.22,53.646233348834734
42.63,32.975605,48.95,47.00538879540718
35.9,28.216835,42.63,40.14211773970776
17.27,21.600626,35.9,32.86080148938191
12.06,10.335683,17.27,13.56600722110105
8.05,2.2643661,12.06,7.888439982234964
5.1,0.0,8.05,3.522970337798509
2.77,0.0,5.1,0.8783702049536457
0.83,0.0,2.77,-1.1495223144328008
0.29,0.0,0.83,-2.8721679292390294
0.33,0.0,0.29,-2.9566274178287104
0.34,0.0,0.33,-2.842132018957562
0.33,0.0,0.34,-2.6308043545679443
0.32,0.0,0.33,-2.295370668272239
0.34,0.0,0.32,-2.0683486768563184
0.33,0.0,0.34,-1.7862770279865687
0.27,0.0,0.33,-1.2869049960659282
0.23,0.0,0.27,-1.0875430724019295
0.24,0.0,0.23,-0.974370009969545
0.23,0.0,0.24,-0.8145253287617789
0.23,0.0,0.23,-0.6814551862054711
0.23,0.0,0.23,-1.022902745927485
0.23,0.0,0.23,-0.8493760888450652
0.23,0.0,0.23,-0.6784033750816804
0.24,0.0,0.23,-0.524576200567861
0.23,0.0,0.24,-0.3093783177198162
0.24,0.0,0.23,-0.19823979824577842
0.23,0.0,0.24,-0.08694776809069285
0.22,0.0,0.23,-0.10869176303897457
0.23,0.0,0.22,0.026283649683720156
0.22,0.0,0.23,0.1004906753029017
0.21,0.0,0.22,0.16446972623725192
0.24,0.0,0.21,0.24225546306241225
0.22,0.0,0.24,0.4311518534883093
0.23,0.0,0.22,0.5191200167644197
0.22,0.0,0.23,0.6491440641342846
0.23,0.0,0.22,0.7656617164796367
0.23,0.0,0.23,0.971499873564347
0.23,0.0,0.23,1.128231080598426
0.23,0.0,0.23,1.2877516574688892
0.23,0.0,0.23,1.4610616426928322
0.23,0.0,0.23,1.662045399765688
0.23,0.0,0.23,1.8512078537881402
0.23,0.0,0.23,2.012755081295611
0.23,0.0,0.23,2.209837845887577
0.23,0.0,0.23,2.420378567973643
0.23,0.0,0.23,2.6213991426555023
0.23,0.0,0.23,2.8232140743639893
0.25,0.0,0.23,3.0296180834648787
0.25,0.05187194,0.25,3.2420791404910507
0.23,0.5634348,0.25,3.4428632682712768
0.24,0.23433606,0.23,3.629997388966067
0.25,0.0,0.24,3.8384562876301516
0.66,1.5241745,0.25,4.028628079937638
3.06,1.33192,0.66,4.637418649163827
6.15,1.9308134,3.06,7.190617838409206
9.86,4.4503818,6.15,10.439981023903343
14.45,10.83459,9.86,14.305279768533609
18.47,16.966703,14.45,19.012949994558365
19.22,22.050323,18.47,23.20445616587211
29.04,23.471148,19.22,24.148611099774808
37.84,29.964478,29.04,33.859625499685855
42.92,38.373775,37.84,42.67950498321831
47.85,44.30691,42.92,48.095252439983526
44.09,49.07048,47.85,53.016221386415644
50.87,51.94287,44.09,48.531563597559156
58.99,52.902054,50.87,55.40221536765225
67.35,55.894432,58.99,63.03676046841871
70.25,63.522575,67.35,71.25470140129089
73.45,67.834435,70.25,74.11680192919268
73.04,70.996185,73.45,76.93251215077913
68.53,72.727394,73.04,75.61180912294877
66.09,69.812256,68.53,71.21809807358241
65.88,67.69309,66.09,67.83284931585496
63.69,66.182045,65.88,66.71855826114653
64.94,63.867638,63.69,64.08381297201296
63.13,62.78657,64.94,63.91025251176083
60.15,59.97355,63.13,62.79842451254351
60.66,57.119392,60.15,59.48423426930057
58.34,54.843224,60.66,59.422497723442056
57.64,52.871544,58.34,56.63043409737819
57.28,50.207165,57.64,55.689921628966594
57.86,48.363235,57.28,54.936977180941895
57.89,47.641678,57.86,55.419109126219844
61.28,46.944305,57.89,55.491794777426115
63.31,45.51892,61.28,58.56678616284921
69.07,45.860195,63.31,60.567057505980465
74.33,46.52015,69.07,66.4139804329325
11.35,49.80466,74.33,71.095866675818
9.62,12.439458,11.35,8.027601235225116
8.06,3.0037618,9.62,4.736237000454686
5.63,0.0,8.06,1.3980767448362252
4.59,0.0,5.63,-0.11449050626590851
3.56,0.0,4.59,-0.5792042646225076
1.68,0.0,3.56,-1.7205130388047285
0.61,0.0,1.68,-1.7057543251801743
0.27,0.0,0.61,-2.6834962939675253
0.33,0.0,0.27,-2.968072009180995
0.34,0.0,0.33,-2.835644879609388
0.35,0.0,0.34,-2.8769329974852247
0.32,0.0,0.35,-2.887585726026372
0.33,0.0,0.32,-1.2010331850231308
0.33,0.0,0.33,-1.0750319431088324
0.3,0.0,0.33,-0.9653077133100341
0.24,0.0,0.3,-0.866973444422373
0.24,0.0,0.24,-0.7168625433022111
0.23,0.0,0.24,-0.6008913313182658
0.23,0.0,0.23,-0.4658696509023536
0.25,0.0,0.23,-0.33017845821438324
0.22,0.0,0.25,-0.9705303285683266
0.23,0.0,0.22,-0.8329171674917306
0.24,0.0,0.23,-0.5943832039886258
0.24,0.0,0.24,-0.34988687040453836
0.23,0.0,0.24,-0.56055597666022
0.23,0.0,0.23,-0.5345940766772654
0.24,0.0,0.23,-0.4914962648800415
0.23,0.0,0.24,-0.43680158023640636
0.22,0.0,0.23,-0.30389024969591977
0.23,0.0,0.22,-0.24734713627347005
0.24,0.0,0.23,-0.16463190884709045
0.23,0.0,0.24,-0.07022311895785421
0.23,0.0,0.23,0.09172715148064899
0.25,0.0,0.23,0.20317861040627977
0.23,0.0,0.25,0.34228731464944784
0.23,0.0,0.23,0.4519872697118034
0.23,0.0,0.23,0.6531988587456038
0.24,0.0,0.23,0.804742746279541
0.22,0.0,0.24,0.9764288567917082
0.24,0.0,0.22,1.1398001969253369
0.23,0.0,0.24,1.366162110009117
0.25,0.0,0.23,1.5413305340880228
0.24,0.0,0.25,1.748997660373474
0.23,0.0,0.24,1.9273761012042037
0.23,0.0,0.23,2.1184304082503536
0.23,0.0,0.23,2.3114884326377783
0.23,0.0,0.23,2.5054565409871965
0.22,0.0,0.23,2.710433495337584
0.23,0.0,0.22,2.9063777166624805
0.23,0.0,0.23,3.1210225515121985
0.23,0.0,0.23,3.326699284099546
0.24,0.0,0.23,3.523144522187059
0.25,0.0,0.24,3.7095631648962564
0.2,0.0,0.25,3.91106456955899
1.12,0.0,0.2,4.048809189573979
3.41,0.0,1.12,5.1462430611112735
5.99,1.0155948,3.41,7.54218375312214
10.38,4.356034,5.99,10.278143835978728
13.25,8.165264,10.38,14.848142992380529
14.97,13.122731,13.25,17.770739933832886
15.37,18.250917,14.97,19.58316627704275
27.15,19.531313,15.37,20.00686831922673
40.71,23.837751,27.15,31.599338728687957
39.42999999999999,34.69979,40.71,45.177397520981295
30.45,44.263103,39.42999999999999,44.21797608179298
53.78,39.27864,30.45,35.322955095359504
57.59,44.678314,53.78,57.75722685713142
61.57,52.364872,57.59,61.83131426958636
60.43,58.6844,61.57,66.13178522340999
72.5,59.612984,60.43,64.1246321346982
76.2,65.954704,72.5,75.44848556545098
77.6,68.10339,76.2,79.39204775138869
75.96,70.83007,77.6,80.10792828911774
74.94,70.58076,75.96,77.86949699608064
79.47,69.14766,74.94,75.8081153012654
54.64,68.75169,79.47,79.49831393055351
76.56,60.095993,54.64,54.219989288813565
51.5,59.15736,76.56,75.67620881874852
55.13,54.79518,51.5,49.33196836572155
48.79,48.217255,55.13,53.39620932166089
43.93,43.476685,48.79,45.647142864159804
46.12,37.2144,43.93,40.947209491092764
71.69,33.115543,46.12,43.423190758533885
71.19,42.8112,71.69,67.78482038774554
76.14,49.641514,71.19,68.41393249291077
50.79,54.172325,76.14,73.49819256789179
24.9,44.495934,50.79,47.995010641166715
18.71,28.549555,24.9,21.38099407999592
14.46,12.867907,18.71,14.8586006259407
7.99,6.07341,14.46,8.911703647101653
4.47,0.8683258,7.99,3.7241903691582436
2.26,0.0,4.47,0.22772293316576764
2.42,0.0,2.26,-1.0290223498631264
2.59,0.0,2.42,0.02456427196669747
1.71,0.0,2.59,0.46697324050226796
1.54,0.0,1.71,-0.7725615845305617
1.24,0.0,1.54,-0.572445793560319
1.23,0.0,1.24,-0.8951984480951373
1.65,0.0,1.23,-0.16823388952991486
1.25,0.0,1.65,0.9459302561264298
0.57,0.0,1.25,0.6107898413340911
0.17,0.0,0.57,0.2522926112780135
0.38,0.0,0.17,-0.1499979708725268
0.35,0.0,0.38,0.16009059885218008
0.33,0.0,0.35,0.23971710947380315
0.33,0.0,0.33,0.17161634295825093
0.34,0.0,0.33,0.1739426450742101
0.32,0.0,0.34,0.4353231216146586
0.33,0.0,0.32,0.6141253944134882
0.31,0.0,0.33,0.7649497234119926
0.24,0.0,0.31,0.6523138436418152
0.24,0.0,0.24,0.3973811176957279
0.24,0.0,0.24,0.43678769208540213
0.24,0.0,0.24,0.39063439160504204
0.24,0.0,0.24,0.3208579432591573
0.23,0.0,0.24,0.24722018065110157
0.23,0.0,0.23,-0.7057042659800896
0.23,0.0,0.23,-0.7269413527791775
0.24,0.0,0.23,-0.7473712327614022
0.23,0.0,0.24,-0.7469205431134356
0.24,0.0,0.23,-0.661797872680284
0.24,0.0,0.24,-0.6317454344706322
0.24,0.0,0.24,-0.6026685351886047
0.24,0.0,0.24,-0.5586353159467472
0.23,0.0,0.24,-0.40970898833906244
0.24,0.0,0.23,-0.3528372526260316
0.23,0.0,0.24,-0.2620522466308606
0.24,0.0,0.23,-0.17777039426051244
0.24,0.0,0.24,0.003895892427428528
0.23,0.0,0.24,0.1244789342762305
0.24,0.0,0.23,0.24490203159604693
0.23,0.0,0.24,0.3961816482767993
0.23,0.0,0.23,0.579024312132686
0.24,0.0,0.23,0.7306844913493032
0.23,0.0,0.24,0.8980697338567215
0.23,0.0,0.23,1.0605193244277253
0.23,0.0,0.23,1.2734119305234652
0.24,0.0,0.23,1.4512602733925433
0.24,0.0,0.24,1.6482160880458405
0.23,0.0,0.24,1.8404692900120425
0.23,0.0,0.23,2.0395493574866244
0.24,0.0,0.23,2.2342203077637963
0.22,0.0,0.24,2.4510870026158385
0.24,0.0,0.22,2.627783245217259
0.23,0.0,0.24,2.8481226227110246
0.24,0.0,0.23,3.048329601739898
0.23,0.0,0.24,3.2724854832170487
0.24,0.0,0.23,3.4697048747328285
0.25,0.0,0.24,3.6523167647371166
0.19,0.0,0.25,3.8570452357034757
0.08,0.0,0.19,3.9913746197620097
0.15,0.0,0.08,4.067362874334958
1.23,0.0,0.15,4.278898566769915
2.67,0.0,1.23,5.526184338933837
4.83,0.0,2.67,7.129192812441128
5.03,0.0,4.83,9.433383457310727
5.37,0.36069447,5.03,9.774800772764548
8.68,1.1793209,5.37,10.247635294934943
12.73,2.3113377,8.68,13.565961056462418
16.28,5.7056365,12.73,17.633012339825367
25.5,10.909823,16.28,21.22191245636878
40.26,17.012781,25.5,30.393190351500913
38.51,27.751328,40.26,45.0087180821624
26.08,34.099022,38.51,43.40031340489766
23.24,30.67839,26.08,30.98314902614331
22.33,22.28856,23.24,27.607143533126635
28.48,17.55359,22.33,26.09965976222081
35.05,18.42739,28.48,31.885782220329215
42.12,23.430918,35.05,38.03185319110861
52.39,30.430786,42.12,45.24074599341318
47.73,38.3562,52.39,55.564705705241245
36.56,40.827927,47.73,50.75520415647563
35.34,35.16566,36.56,39.435685250269636
37.04,29.538883,35.34,37.183506412031775
41.88,27.772259,37.04,37.83938403177718
45.78,27.838608,41.88,42.59248759155013
46.21000000000001,31.126516,45.78,46.31011236691203
44.25,34.64644,46.21000000000001,46.64581303563394
42.16,34.308758,44.25,44.815171808246696
37.35,33.356304,42.16,42.149051873912015
46.73,27.713707,37.35,37.08232101654689
31.59,28.322632,46.73,45.79781947818615
23.55,25.320732,31.59,30.207997487574737
28.71,18.54683,23.55,22.305212205374872
31.29,13.134192,28.71,27.174695656242157
29.52,14.557748,31.29,29.54107999901775
48.89,15.019974,29.52,28.387181838506418
33.24,22.57859,48.89,47.0483030807178
24.32,23.863472,33.24,31.59779294942424
24.87,16.039474,24.32,23.149185671656777
23.8,11.3536005,24.87,22.52332433054211
17.94,9.589259,23.8,21.057283155935057
13.72,5.106844,17.94,15.666782376648264
10.47,2.6210291,13.72,10.649327806292375
9.05,0.0,10.47,8.160267881345003
4.75,0.0,9.05,7.084464049573484
4.31,0.0,4.75,2.613416863655038
2.81,0.0,4.31,2.106492437073664
1.04,0.0,2.81,0.7185081869692661
0.19,0.0,1.04,-1.3375409957817377
0.26,0.0,0.19,-1.5969972464769313
0.27,0.0,0.26,-1.3085607962216268
0.26,0.0,0.27,-1.1917898727685432
0.26,0.0,0.26,-1.158461441834219
0.25,0.0,0.26,-0.915351520543233
0.26,0.0,0.25,-0.7026806463939321
0.25,0.0,0.26,-0.6913065709620848
0.24,0.0,0.25,-0.7364455318433406
0.23,0.0,0.24,-0.5213400171095927
0.23,0.0,0.23,-0.49412440422728054
0.23,0.0,0.23,-0.4479497503520496
0.23,0.0,0.23,-0.20791231034546553
0.23,0.0,0.23,-0.47646011752222095
0.24,0.0,0.23,-0.48315543599701716
0.23,0.0,0.24,-0.41584104212986284
0.24,0.0,0.23,-0.36746577314679996
0.24,0.0,0.24,-0.23810546505615468
0.23,0.0,0.24,-0.20240467692468728
0.24,0.0,0.23,-0.1659264730015439
0.24,0.0,0.24,-0.09663994843102465
0.25,0.0,0.24,0.033900684675846754
0.25,0.0,0.25,0.11301142594393299
0.24,0.0,0.25,0.1939504976418174
0.23,0.0,0.24,0.26440588510085083
0.23,0.0,0.23,0.4161358123819238
0.23,0.0,0.23,0.5295911958297015
0.24,0.0,0.23,0.6538491554334842
0.24,0.0,0.24,0.7947919481893237
0.24,0.0,0.24,0.993681157513683
0.25,0.0,0.24,1.1437646936773367
0.24,0.0,0.25,1.3071451190838113
0.25,0.0,0.24,1.4753220527222421
0.24,0.0,0.25,1.6932179670214298
0.25,0.0,0.24,1.8715885513108843
0.24,0.0,0.25,2.06315622863954
0.23,0.0,0.24,2.2357054790837267
0.23,0.0,0.23,2.4336384004445963
0.23,0.0,0.23,2.63879661925457
0.24,0.0,0.23,2.8456031182838535
0.26,0.0,0.24,3.0518007942368675
0.23,0.0,0.26,3.273623599943915
0.24,0.0,0.23,3.450655545101446
0.24,0.0,0.24,3.6609298324057655
0.24,0.0,0.24,3.8686316466181423
0.3,0.0,0.24,4.040045776782938
1.81,0.0,0.3,4.291704994211562
4.32,0.0,1.81,5.953258971183521
8.24,0.0,4.32,8.626897520710788
9.96,5.529147,8.24,12.694728929420007
17.32,10.259802,9.96,14.638192543202358
25.15,15.632444,17.32,22.116036693846905
32.68,20.974375,25.15,30.188488867325415
40.46,30.176918,32.68,37.963495768691324
47.31,38.005985,40.46,45.87887346670882
53.02,44.226902,47.31,52.750490196229144
56.92,49.75463,53.02,58.49025147923184
47.93,54.650826,56.92,62.090592228308466
45.34,53.546432,47.93,52.834951228976074
44.45,51.33072,45.34,49.50497821539475
44.1,49.189995,44.45,47.76007928642688
44.66,48.277363,44.1,46.88114517438813
44.47,46.83372,44.66,47.087060584650445
44.1,46.038506,44.47,46.41354978900249
44.47,44.44906,44.1,45.96784237383234
44.32,43.73676,44.47,46.03999100784419
43.01,42.132973,44.32,45.43327951803926
43.18,40.315403,43.01,43.694313358924205
40.9,39.05678,43.18,43.280280558115884
40.89,36.406345,40.9,40.57917269451417
40.91,34.218006,40.89,40.43962225069704
40.15,33.17035,40.91,40.11806213705422
39.9,31.875195,40.15,39.10321206159712
39.24,29.887674,39.9,38.69458126150798
39.54,27.266178,39.24,38.090548384897154
39.36,27.877607,39.54,38.27917487547728
40.22,27.046013,39.36,38.29741024195227
40.85,30.196236,40.22,38.956971767591355
41.93,31.130026,40.85,39.750411621336745
42.96,32.104156,41.93,40.93780884687739
45.95,33.13525,42.96,41.976329045350305
46.76,32.6437,45.95,45.07575954313948
48.76,33.20552,46.76,45.9276725545557
56.66,34.505898,48.76,47.82108618438551
55.97,36.22784,56.66,55.53660088612973
45.89,34.2532,55.97,54.87124361611948
41.02,30.570782,45.89,44.6168555607234
37.27,24.853928,41.02,38.98948600115946
26.35,20.189466,37.27,34.69938406133905
22.42,12.904457,26.35,23.57290310886229
15.91,8.66705,22.42,19.13273505461835
9.68,3.8029904,15.91,12.334112309249278
10.56,0.0,9.68,6.403852582094357
6.95,0.0,10.56,7.323757198333002
3.82,0.0,6.95,3.7047987328874243
1.42,0.0,3.82,0.9916946472642124
0.22,0.0,1.42,-1.5648991579019853
0.33,0.0,0.22,-2.5195177973288683
0.32,0.0,0.33,-2.018253829248426
0.32,0.0,0.32,-1.9300214160311384
0.32,0.0,0.32,-1.7200596130506665
0.3,0.0,0.32,-1.2686867062975002
0.3,0.0,0.3,-1.118208279761975
0.3,0.0,0.3,-0.8993820646342314
0.24,0.0,0.3,-0.7222514345227307
0.24,0.0,0.24,-0.6415358611429706
0.25,0.0,0.24,-0.4885465454115696
0.24,0.0,0.25,-0.31812112643889917
0.24,0.0,0.24,-0.11612862707247741
0.23,0.0,0.24,-0.6038029013970927
0.25,0.0,0.23,-0.5620551843308111
0.23,0.0,0.25,-0.46121944533544124
0.24,0.0,0.23,-0.39809247026388705
0.25,0.0,0.24,-0.2792145595602852
0.24,0.0,0.25,-0.19333020480125557
0.23,0.0,0.24,-0.15931015190730063
0.24,0.0,0.23,-0.1281199515301755
0.24,0.0,0.24,0.05288294176942279
0.24,0.0,0.24,0.12076364486624
0.24,0.0,0.24,0.1907724205922627
0.24,0.0,0.24,0.2709783888172662
0.24,0.0,0.24,0.4329983729611486
0.24,0.0,0.24,0.541197937790059
0.24,0.0,0.24,0.6611282349841288
0.24,0.0,0.24,0.7936706304859824
0.24,0.0,0.24,0.9800814952304132
0.24,0.0,0.24,1.1273167691650214
0.24,0.0,0.24,1.2906948889450875
0.23,0.0,0.24,1.4559660245775443
0.25,0.0,0.23,1.6497566259567409
0.24,0.0,0.25,1.864957252270594
0.23,0.0,0.24,2.0334195039101384
0.24,0.0,0.23,2.2055062017019185
0.24,0.0,0.24,2.428083405603929
0.24,0.0,0.24,2.6296997424552995
0.24,0.0,0.24,2.8257194351064077
0.24,0.0,0.24,3.026198010057226
0.23,0.0,0.24,3.227185936908659
0.25,0.0,0.23,3.417709902174242
0.25,0.0,0.25,3.6350901820705572
0.25,0.0,0.25,3.8378507833974185
0.47,0.0,0.25,4.0201638364972805
2.51,0.0,0.47,4.431365193686604
2.55,0.0,2.51,6.624895378379019
5.91,0.0,2.55,6.830586038730341
11.67,2.1520565,5.91,10.380559906144267
16.61,7.637936,11.67,16.169305100124017
22.65,14.135945,16.61,21.34379510434437
29.79,19.759842,22.65,27.592899503584867
23.28,27.46769,29.79,34.69973240184677
30.76,27.897766,23.28,28.4291822646623
49.04,27.64015,30.76,35.580820403658144
57.31,36.944187,49.04,53.21768465671354
61.91,49.11026,57.31,61.84041126181676
53.42,56.164803,61.91,66.80462808309704
62.62,55.61312,53.42,57.68576130904576
60.22,53.785454,62.62,66.26829955777627
59.99,54.610027,60.22,63.16160303415499
54.1,53.113316,59.99,62.60476917086885
52.54,54.15602,54.1,56.16065171471564
55.64,53.318253,52.54,54.0673457842104
48.65,52.133522,55.64,56.798181002322
45.58,48.7066,48.65,49.50544440322967
45.69,45.452087,45.58,46.00112589881601
42.7,41.693836,45.69,45.006327674495594
42.49,40.11305,42.7,41.49194794912912
41.45,37.490784,42.49,40.939723365957434
41.19,35.085987,41.45,39.53189922555797
40.94,32.021523,41.19,39.30216098318341
38.0,30.424482,40.94,38.880415935209
39.03,30.029457,38.0,35.572608476845446
39.75,28.719105,39.03,36.75320311481439
39.63,28.706182,39.75,37.46057001486193
39.93,25.291012,39.63,37.77725696881216
43.85,27.924322,39.93,37.792313857703746
45.129999999999995,29.673561,43.85,41.87793828258827
46.28,31.695782,45.129999999999995,43.58999450501047
49.83,32.280952,46.28,44.94905562475249
38.4,30.848156,49.83,48.25521364419494
43.05,29.913895,38.4,37.40899083027408
40.44,23.63952,43.05,41.30653633030784
28.69,20.96975,40.44,38.24061370949111
22.56,17.631472,28.69,26.643924664532882
18.95,11.426827,22.56,20.19554103866323
15.16,7.3640294,18.95,16.093503341971726
12.79,2.166859,15.16,12.725348745825126
11.26,0.0,12.79,10.228381994087272
9.030000000000001,0.0,11.26,8.604226679141803
6.78,0.0,9.030000000000001,6.666690415699564
4.55,0.0,6.78,4.598025106774389
1.66,0.0,4.55,2.3319486951412043
1.28,0.0,1.66,-0.22676673728546232
0.23,0.0,1.28,-0.7206469955593086
0.32,0.0,0.23,-1.5742676726180247
0.32,0.0,0.32,-1.1399511637770954
0.32,0.0,0.32,-0.9440924177834289
0.31,0.0,0.32,-0.7906051379403997
0.31,0.0,0.31,-0.5347157808459149
0.32,0.0,0.31,-0.4688832290790329
0.28,0.0,0.32,-0.3489623170905037
0.24,0.0,0.28,-0.29461966036467857
0.23,0.0,0.24,-0.12463610178013479
0.23,0.0,0.23,0.005859764675203161
0.24,0.0,0.23,0.05881529374360553
0.24,0.0,0.24,0.17623179472286338
0.24,0.0,0.24,-0.0769912326466379
0.24,0.0,0.24,-0.08779961093460853
0.24,0.0,0.24,-0.06918213764217661
0.22,0.0,0.24,-0.038284745000031345
0.24,0.0,0.22,0.06347346877175274
0.25,0.0,0.24,0.1320898156654502
0.24,0.0,0.25,0.19753011150038188
0.23,0.0,0.24,0.22650468853318811
0.25,0.0,0.23,0.36462468375248164
0.24,0.0,0.25,0.44570487032295525
0.24,0.0,0.24,0.49241663593619245
0.23,0.0,0.24,0.5716605129010943
0.24,0.0,0.23,0.7245348792260384
0.23,0.0,0.24,0.845997528344855
0.24,0.0,0.23,0.9553652914943586
0.23,0.0,0.24,1.0999161285995764
0.23,0.0,0.23,1.2832885845631388
0.23,0.0,0.23,1.4276533033197758
0.24,0.0,0.23,1.584074367431319
0.23,0.0,0.24,1.7614676733752364
0.24,0.0,0.23,1.9621125240707475
0.24,0.0,0.24,2.1412408704586214
0.24,0.0,0.24,2.3267360863950426
0.24,0.0,0.24,2.514492229828954
0.23,0.0,0.24,2.7194514018845437
0.24,0.0,0.23,2.910386605007563
0.25,0.0,0.24,3.1163612963121117
0.24,0.0,0.25,3.324468002068806
0.23,2.0380745,0.24,3.509806033082462
0.24,2.3190708,0.23,3.697035180945131
0.25,1.8268533,0.24,3.90421288214638
0.26,0.97989607,0.25,4.112568944059768
0.25,2.9229574,0.26,4.301703719137557
1.1,2.937429,0.25,4.488874136064352
3.85,2.1535141,1.1,5.513366231191092
7.37,2.831579,3.85,8.422014684447658
11.6,8.4376955,7.37,12.063901310205873
16.82,13.308776,11.6,16.513297986858824
23.0,18.247122,16.82,21.927957966445184
29.6,23.57317,23.0,28.299337568292867
36.14,30.970552,29.6,35.03349910206517
42.98,37.39992,36.14,41.665250687593854
49.6,42.98889,42.98,48.54056061007678
55.97,48.3295,49.6,55.13224375430848
62.17,54.782497,55.97,61.35346739119701
67.02,60.44351,62.17,67.37530073732951
68.24,65.24687,67.02,71.98083682928007
68.5,67.93498,68.24,72.86421612396835
66.51,69.439285,68.5,72.53487528128721
66.91,69.01444,66.51,69.89429358119561
65.73,68.42682,66.91,69.62749749164412
66.3,67.20743,65.73,67.81238007349974
64.62,65.88029,66.3,67.72745102201613
63.99,63.87145,64.62,65.42802685133937
63.75,61.966537,63.99,64.0565496870015
60.16,59.466225,63.75,63.07911383350308
59.98,55.978493,60.16,58.67776334084765
55.97,53.24613,59.98,57.77422736438306
54.43,47.38254,55.97,53.70502647253605
50.56,41.514324,54.43,52.588615690176205
51.37,42.71758,50.56,47.28832451195339
49.67,42.81133,51.37,47.55241321648981
51.49,40.6269,49.67,45.9073122661634
53.55,38.514614,51.49,48.148034218644085
58.14,38.97218,53.55,50.112964369591744
57.49,40.958527,58.14,54.82792445728101
57.25,38.028988,57.49,54.95087765279901
49.34,36.64828,57.25,54.735334957398116
44.71,38.339294,49.34,46.52796652984226
45.05,30.25784,44.71,41.886912723420686
39.11,27.955832,45.05,41.82582808136786
29.690000000000005,24.876478,39.11,35.76634262901234
32.8,17.367804,29.690000000000005,26.6805750597427
28.0,15.420388,32.8,29.39550820941674
23.5,14.484864,28.0,24.71654221637368
30.19,12.178113,23.5,20.56015688527735
31.05,11.321291,30.19,26.968762764390387
20.08,12.762529,31.05,27.929488566354237
17.31,10.861668,20.08,17.4687660425827
10.3,5.8511868,17.31,14.43877571290671
4.74,1.0653195,10.3,7.3041753247756125
2.14,0.0,4.74,2.1511112482447956
0.85,0.0,2.14,-0.7071597202964663
0.25,0.0,0.85,-1.8562281945140913
0.34,0.0,0.25,-1.7602505482564565
0.32,0.0,0.34,-1.597903907180678
0.33,0.0,0.32,-1.2735823071611914
0.33,0.0,0.33,-0.946447441489213
0.32,0.0,0.33,-0.9001217195698525
0.32,0.0,0.32,-0.8180556559878005
0.29,0.0,0.32,-0.4752222993763717
0.24,0.0,0.29,-0.36842786438308095
0.24,0.0,0.24,-0.12364085656052633
0.22,0.0,0.24,0.04154184006767453
0.24,0.0,0.22,0.15637990955063377
0.23,0.0,0.24,0.22289558268887302
0.24,0.0,0.23,-0.3802377962271313
0.23,0.0,0.24,-0.2915073057786721
0.24,0.0,0.23,-0.2700832454588781
0.23,0.0,0.24,-0.225919512790777
0.24,0.0,0.23,-0.007634415318153731
0.23,0.0,0.24,0.1254987152535036
0.23,0.0,0.23,0.15152382947381846
0.23,0.0,0.23,0.23800578288725172
0.24,0.0,0.23,0.37299050119911575
0.24,0.0,0.24,0.43229145703917704
0.24,0.0,0.24,0.5016595893284931
0.23,0.0,0.24,0.5878258686245158
0.24,0.0,0.23,0.7452031770775125
0.23,0.0,0.24,0.8687539470931293
0.23,0.0,0.23,0.9832265499139622
0.24,0.0,0.23,1.1147139256241363
0.22,0.0,0.24,1.316468122785476
0.23,0.0,0.22,1.4484353824458458
0.24,0.0,0.23,1.6201855382798769
0.24,0.0,0.24,1.7905626546397686
0.24,0.0,0.24,1.9989322252650896
0.23,0.0,0.24,2.1793810325101033
0.23,0.0,0.23,2.3524564951113462
0.24,0.0,0.23,2.5426434179353348
0.23,0.0,0.24,2.756901793965548
0.23,0.0,0.23,2.941159629276523
0.23,0.0,0.23,3.136522964856876
0.22,0.0,0.23,3.333520213082081
0.24,1.2533802,0.22,3.5170069568732787
0.24,1.5486145,0.24,3.7380639746735493
0.24,1.1131082,0.24,3.9372986888930135
0.24,0.35002756,0.24,4.1343678437471425
0.28,2.2491252,0.24,4.308214910850668
1.58,1.7956672,0.28,4.538331961238963
3.97,1.2924254,1.58,6.016282546878897
7.13,2.4002297,3.97,8.551180222246847
11.09,7.7583747,7.13,11.850657414107303
16.21,12.127667,11.09,15.976642596395518
22.2,16.762083,16.21,21.2614591862767
28.4,22.084072,22.2,27.42304617670813
34.97,29.401571,28.4,33.726219593491216
41.84,35.60855,34.97,40.38969124025558
48.94,41.31063,41.84,47.27349640812827
55.15,46.7781,48.94,54.34944452304099
61.65,53.014126,55.15,60.43639101368786
65.69,58.55725,61.65,66.7244962018139
67.25,63.28877,65.69,70.48393051834032
71.3,66.29738,67.25,71.65711369167084
75.01,69.27633,71.3,75.12310190032306
71.55,71.606445,75.01,78.30443342128021
69.34,71.28168,71.55,74.45272739069567
67.67,70.02689,69.34,71.47827759880586
65.55,67.64006,67.67,68.86163046835718
59.34,64.887566,65.55,65.98687358611825
57.41,60.6827,59.34,58.931171464895
56.5,56.935043,57.41,55.96809526775104
55.3,53.013477,56.5,54.297318137619676
53.53,50.00926,55.3,52.658503662154175
55.34,47.29278,53.53,50.487603926549575
53.56,46.19181,55.34,51.85895191536526
51.85,43.352276,53.56,50.01507404600623
51.52,41.58023,51.85,48.123764550853
51.84,39.774292,51.52,47.75738750124684
52.66,38.793674,51.84,48.15278121723794
57.49,36.23925,52.66,49.46243727964512
58.03,38.735836,57.49,54.17921937011334
63.36,40.059227,58.03,55.1933430699794
73.65,42.513016,63.36,60.87296279660769
74.24,45.7726,73.65,71.32360780248098
70.61,47.38733,74.24,72.31100237925989
49.97,47.06041,70.61,68.7702846693564
53.0,39.10069,49.97,47.535173549941526
27.72,32.478073,53.0,49.74164659474706
14.7,21.057436,27.72,24.08122634977929
12.95,10.020949,14.7,10.672232195054077
12.7,3.6414022,12.95,8.279903077433879
6.31,0.0,12.7,8.101191199755675
6.05,0.0,6.31,2.6282731290810424
5.49,0.0,6.05,2.417898604429547
3.41,0.0,5.49,2.244784977249252
1.07,0.0,3.41,0.44529580596731844
0.52,0.0,1.07,-1.7611463862783985
0.27,0.0,0.52,-2.2835121617356986
0.34,0.0,0.27,-1.8685072922845452
0.33,0.0,0.34,-1.7340989966237768
0.33,0.0,0.33,-1.0995561740585296
0.33,0.0,0.33,-0.7109674877545606
0.34,0.0,0.33,-0.5775273215177839
0.33,0.0,0.34,-0.4166163259566247
0.33,0.0,0.33,-0.18184845177794298
0.24,0.0,0.33,-0.10918591795781425
0.23,0.0,0.24,-0.06066481471912889
0.23,0.0,0.23,0.26850109344686035
0.23,0.0,0.23,0.4788216025601453
0.23,0.0,0.23,0.6290074806751731
0.23,0.0,0.23,0.6225465019135019
0.23,0.0,0.23,-0.12876418646167578
0.24,0.0,0.23,-0.2134573279698423
0.23,0.0,0.24,-0.2530366171066706
0.23,0.0,0.23,-0.2472866890747842
0.23,0.0,0.23,-0.11776918590222951
0.24,0.0,0.23,-0.11756761215494502
0.23,0.0,0.24,-0.06353131996872968
0.23,0.0,0.23,-0.01943473320810192
0.22,0.0,0.23,0.1198032378150625
0.22,0.0,0.22,0.1616530379409314
0.22,0.0,0.22,0.23700104532033248
0.22,0.0,0.22,0.3226227328426792
0.22,0.0,0.22,0.49157350237552444
0.22,0.0,0.22,0.6019502244238463
0.22,0.0,0.22,0.7210713199823142
0.22,0.0,0.22,0.8506289617155256
0.22,0.0,0.22,1.0390880672326654
0.22,0.0,0.22,1.186077441623789
0.22,0.0,0.22,1.3449250056136401
0.22,0.0,0.22,1.5103334111964517
0.22,0.0,0.22,1.7163055918817447
0.22,0.0,0.22,1.8943037760652717
0.22,0.0,0.22,2.0779900088345684
0.22,0.0,0.22,2.2688755458732484
0.22,0.0,0.22,2.475665404814044
0.22,0.0,0.22,2.670626146945535
0.22,0.0,0.22,2.8675102330029807
0.22,0.0,0.22,3.0693626386167843
0.22,0.0,0.22,3.267131709517971
0.22,0.0,0.22,3.4662899705797803
0.22,0.0,0.22,3.6527538244801923
0.22,0.0,0.22,3.8490723334076997
0.22,0.0,0.22,4.026929183615263
0.22,0.0,0.22,4.217838632516525
0.22,0.0,0.22,4.407770512395823
0.22,0.0,0.22,4.522885011565818
0.22,0.0,0.22,4.581422383750792
0.22,0.29725665,0.22,4.659070021632619
0.22,0.50316125,0.22,4.738295914671224
0.22,0.4947928,0.22,4.824193457521941
0.22,2.496819,0.22,4.871574739455829
0.22,3.2687273,0.22,4.95232659965817
0.22,3.350222,0.22,5.015048290185239
0.22,3.1562698,0.22,5.075544349069149
0.22,4.2290263,0.22,5.072722479063276
18.44,4.4100056,0.22,5.112433778812325
67.07,10.812067,18.44,23.24805923265185
67.12,32.161453,67.07,72.2169663845958
65.03,44.971546,67.12,74.22355966114215
66.01,53.471905,65.03,72.69294411906934
71.24,57.52336,66.01,71.97929040063319
66.73,59.558937,71.24,76.32943016120865
65.26,59.59972,66.73,71.03532250574422
64.44,61.768044,65.26,67.54968065311793
63.25,61.092007,64.44,65.81115279943485
62.96,59.501225,63.25,64.0364493539262
60.18,57.01834,62.96,63.18262604213685
53.99,54.445045,60.18,59.831146890327396
53.4,47.72435,53.99,52.6224255085238
56.61,43.226856,53.4,50.66189925623972
57.3,40.978558,56.61,53.72583237158693
59.51,40.085037,57.3,54.75767098314077
62.46000000000001,40.597908,59.51,57.15158778397398
64.57,39.875515,62.46000000000001,60.007973882305784
69.07,39.76597,64.57,62.301891025130836
64.58,41.210175,69.07,66.64976666256311
58.14,39.940678,64.58,61.89259713477853
51.01,34.712196,58.14,55.07721476891033
42.37,29.338541,51.01,47.199586003398444
30.83,22.957853,42.37,37.93190956205107
29.24,16.747541,30.83,26.156565338735707
24.03,12.645876,29.24,24.379583327181187
17.07,8.48247,24.03,19.10963247796464
13.71,4.0631957,17.07,12.424450047906888
9.93,1.0528879,13.71,9.094231145307843
6.98,0.0,9.93,5.523078943169061
3.31,0.0,6.98,2.879797045440343
0.68,0.0,3.31,-0.8205355528471309
0.36,0.0,0.68,-3.126599992018247
0.34,0.0,0.36,-2.9640829864882114
0.34,0.0,0.34,-2.6547088056325356
0.34,0.0,0.34,-2.250138564694221
0.33,0.0,0.34,-1.866698514112801
0.33,0.0,0.33,-1.6037077221376645
0.33,0.0,0.33,-1.3327774051028478
0.27,0.0,0.33,-1.0910259142080787
0.23,0.0,0.27,-0.9792801389291728
0.24,0.0,0.23,-0.711907512757314
0.23,0.0,0.24,-0.5039692820763508
0.23,0.0,0.23,-0.25839878729119337
0.23,0.0,0.23,-0.07664755459439038
0.24,0.0,0.23,-0.2725589751064751
0.24,0.0,0.24,-0.17619977127689992
0.24,0.0,0.24,-0.11332728112948803
0.24,0.0,0.24,-0.09133124330270345
0.23,0.0,0.24,0.08387659613847365
0.23,0.0,0.23,0.13381864668455856
0.23,0.0,0.23,0.17593229741033045
0.23,0.0,0.23,0.2393912991780592
0.22,0.0,0.23,0.3836773694699831
0.22,0.0,0.22,0.44409446473456815
0.24,0.0,0.22,0.5106566550921666
0.24,0.0,0.24,0.600240097528182
0.24,0.0,0.24,0.7640223188377961
0.23,0.0,0.24,0.8751213635976725
0.24,0.0,0.23,0.9846223119198393
0.24,0.0,0.24,1.121820230221172
0.24,0.0,0.24,1.3119062743699546
0.24,0.0,0.24,1.4602060621469364
0.24,0.0,0.24,1.6180534031063851
0.24,0.0,0.24,1.7758165181897794
0.24,0.0,0.24,1.9730155958952764
0.24,0.0,0.24,2.149931236250864
0.24,0.0,0.24,2.3286080486101484
0.24,0.0,0.24,2.5153589727900325
0.23,0.0,0.24,2.724199511560811
0.23,0.0,0.23,2.9105866908484472
0.22,0.0,0.23,3.107236347385851
0.24,0.0,0.22,3.2972463234493286
0.23,0.35247612,0.24,3.5131463367070794
0.25,0.8096573,0.23,3.703159969116806
0.23,0.46863446,0.25,3.9281661626116446
0.25,0.0,0.23,4.100060198610303
0.24,0.41821817,0.25,4.285287628500208
1.51,0.046396583,0.24,4.466395146947722
3.96,0.0,1.51,5.907976663948154
7.32,0.8346514,3.96,8.491474292575397
12.28,6.3565526,7.32,11.994606664678656
17.07,11.311691,12.28,17.125893384939246
21.86,16.642189,17.07,22.081073654188472
27.71,21.558336,21.86,27.067795717754535
34.4,27.999054,27.71,32.9857039356574
41.45,34.031418,34.4,39.724185053050626
48.0,39.86859,41.45,46.836067529037756
54.23,45.572754,48.0,53.35109086132671
60.31,52.115116,54.23,59.44671581925757
66.06,57.6224,60.31,65.36596057424079
70.76,62.577347,66.06,70.86016037798514
70.89,67.03825,70.76,75.22756870666755
70.86,69.81651,70.89,74.89924579842744
71.23,71.06237,70.86,74.22136432043466
72.01,71.38434,71.23,73.78718352103863
70.12,71.21983,72.01,73.79096767611446
71.31,69.46331,70.12,71.01142181316109
70.06,68.23464,71.31,71.1629316175714
72.16,65.88179,70.06,69.06024492685427
68.58,64.47026,72.16,70.46826501138261
67.89,60.975437,68.58,66.30962610375904
67.79,55.40503,67.89,64.47761401777291
68.09,50.90319,67.79,64.0047744158162
69.57,48.886414,68.09,64.08945429794089
73.25,47.35735,69.57,65.66466305207041
75.06,47.682762,73.25,69.46605711071393
70.71,46.472343,75.06,71.55640876303971
66.15,44.49508,70.71,67.26452061088489
60.45,41.3957,66.15,62.44657000204464
55.44,37.46938,60.45,56.266997798988115
39.15,31.856146,55.44,50.91516875527663
33.51,23.59484,39.15,34.307043116433654
37.79,18.485832,33.51,28.240488855369325
32.16,17.343092,37.79,32.13912893071101
26.29,13.081934,32.16,26.990118422357465
20.34,9.273923,26.29,21.56081741678769
7.75,5.4056478,20.34,15.406448002941644
4.28,0.23403968,7.75,3.0863405214303716
3.34,0.0,4.28,-0.46243892440360534
0.95,0.0,3.34,-1.4672004912638577
0.28,0.0,0.95,-3.2182892981918902
0.34,0.0,0.28,-3.3642741614531886
0.35,0.0,0.34,-2.892096477084829
0.34,0.0,0.35,-2.0119710551697714
0.33,0.0,0.34,-1.7033920242947955
0.34,0.0,0.33,-1.7338798148230812
0.35,0.0,0.34,-1.346151988381109
0.32,0.0,0.35,-1.0816753032911341
0.24,0.0,0.32,-0.8548356830537273
0.23,0.0,0.24,-0.48924040307803923
0.23,0.0,0.23,-0.16490911624021817
0.25,0.0,0.23,-0.025696061402269085
0.24,0.0,0.25,0.16577461015823475
0.24,0.0,0.24,0.2736323235058732
0.24,0.0,0.24,-0.5803509909781553
0.25,0.0,0.24,-0.5765038462366135
0.23,0.0,0.25,-0.5183990837217969
0.23,0.0,0.23,-0.40141937213723666
0.24,0.0,0.23,-0.23787873105493101
0.25,0.0,0.24,-0.15871098842409712
0.24,0.0,0.25,-0.08731382185297218
0.25,0.0,0.24,-0.09584015127765286
0.23,0.0,0.25,0.04250446904140715
0.24,0.0,0.23,0.09619618819687817
0.23,0.0,0.24,0.1723976747781209
0.24,0.0,0.23,0.24780985510350634
0.25,0.0,0.24,0.4283093004901614
0.24,0.0,0.25,0.5507285489513971
0.24,0.0,0.24,0.6679706056651852
0.24,0.0,0.24,0.8007059862671949
0.23,0.0,0.24,1.001001587789907
0.24,0.0,0.23,1.1464761607009377
0.25,0.0,0.24,1.3176938784102132
0.24,0.0,0.25,1.4986800726621397
0.23,0.0,0.24,1.6997139874946043
0.24,0.0,0.23,1.8702687185171802
0.23,0.0,0.24,2.0640314249551697
0.23,0.0,0.23,2.2476518506040435
0.24,0.0,0.23,2.4613395144683197
0.24,0.0,0.24,2.6685323424715146
0.24,0.0,0.24,2.8699544034104765
0.24,0.0,0.24,3.0688686680507558
0.24,0.0,0.24,3.268717290570418
0.23,0.0,0.24,3.4674976997249827
0.23,0.0,0.23,3.6608432335460503
0.24,0.0,0.23,3.859730859350844
0.25,0.0,0.24,4.045699251205337
0.67,0.0,0.25,4.247704794780135
1.91,0.0,0.67,4.848894334526192
3.22,0.0,1.91,6.249527882543063
7.27,0.0,3.22,7.693950209202987
16.94,2.2251577,7.27,11.883128862187442
10.9,10.027558,16.94,21.61606043120442
30.76,13.982255,10.9,16.006120985305635
25.81,24.616959,30.76,35.686230082632925
28.86,28.544996,25.81,31.011169289995294
52.94,32.352028,28.86,34.16703785730984
63.74,41.550945,52.94,57.3639090414558
58.32,52.41184,63.74,68.53958865986098
55.69,56.41246,58.32,64.1601998223526
54.22,54.674606,55.69,60.32391164335486
54.61,54.90233,54.22,58.26196240953905
55.3,54.678795,54.61,58.2926360910751
54.24,55.417747,55.3,58.02713274176996
53.54,55.81048,54.24,56.15010489825743
51.69,53.93791,53.54,55.14263272561568
50.12,50.78252,51.69,52.29970720519866
50.78,43.7248,50.12,51.11643963688497
49.77,43.830647,50.78,51.07161415775684
46.79,44.509846,49.77,49.03154826857245
46.79,41.0717,46.79,45.75261423426775
41.1,39.62696,46.79,45.36470089124185
43.01,32.31396,41.1,39.692091130242176
45.47,28.609776,43.01,41.62029170246801
45.58,28.583197,45.47,43.555895197057126
47.8,29.580288,45.58,43.55363892578795
39.46,29.99904,47.8,45.873621804637295
40.33,28.107859,39.46,37.22525211228378
44.37,22.852772,40.33,38.357926705666806
47.36,23.551517,44.37,41.79742663818393
37.31,28.657154,47.36,44.444611313939646
43.44,25.48076,37.31,34.967912590923106
31.15,22.412855,43.44,40.825717341936695
25.31,18.49479,31.15,28.550986462928787
16.66,12.569504,25.31,22.89861705369097
10.65,8.001433,16.66,13.668831142149273
10.61,1.2396762,10.65,7.547102417355099
7.15,0.0,10.61,7.742885575245052
4.27,0.0,7.15,4.000413435771918
2.83,0.0,4.27,1.858084233123133
2.0,0.0,2.83,0.5784900626944647
0.71,0.0,2.0,-0.1431631380112791
0.21,0.0,0.71,-1.3164424522863847
0.33,0.0,0.21,-1.5515678624259903
0.31,0.0,0.33,-1.4349017484779663
0.33,0.0,0.31,-1.0710455172562503
0.32,0.0,0.33,-0.9002186806943376
0.31,0.0,0.32,-0.6762828205999328
0.31,0.0,0.31,-0.38932268433441614
0.32,0.0,0.31,-0.3609649884321682
0.24,0.0,0.32,-0.2261746254910603
0.23,0.0,0.24,-0.26194109187936776
0.23,0.0,0.23,-0.10722026453461056
0.23,0.0,0.23,-0.012081399561191877
0.23,0.0,0.23,0.10597051548556308
0.23,0.0,0.23,0.11348416734389626
0.24,0.0,0.23,-0.5342710705178787
0.23,0.0,0.24,-0.5299666048096
0.23,0.0,0.23,-0.5200896424270276
0.24,0.0,0.23,-0.5242835241568876
0.25,0.0,0.24,-0.41459545432779493
0.24,0.0,0.25,-0.35924928250053195
0.24,0.0,0.24,-0.33643871198284947
0.23,0.0,0.24,-0.2976267561655911
0.23,0.0,0.23,-0.16992856113009838
0.23,0.0,0.23,-0.1058780257418554
0.24,0.0,0.23,-0.03467899615177024
0.24,0.0,0.24,0.06358001862437145
0.23,0.0,0.24,0.23674755263561992
0.24,0.0,0.23,0.338604213131321
0.24,0.0,0.24,0.4752692015293794
0.23,0.0,0.24,0.6062459388600406
0.24,0.0,0.23,0.7950759019975658
0.23,0.0,0.24,0.9519661431109223
0.24,0.0,0.23,1.100631587432471
0.24,0.0,0.24,1.2727921424252542
0.24,0.0,0.24,1.4817234029458533
0.24,0.0,0.24,1.6578572921968042
0.24,0.0,0.24,1.8456854053007012
0.23,0.0,0.24,2.036426026050751
0.23,0.0,0.23,2.2334002724708926
0.23,0.0,0.23,2.424071487623124
0.24,0.0,0.23,2.6220927517891233
0.23,0.0,0.24,2.8380858594338
0.24,0.0,0.23,3.022949831961374
0.24,0.0,0.24,3.2264600426738674
0.24,0.0,0.24,3.4161464026263877
0.25,0.0,0.24,3.6104823421997962
0.25,0.0,0.25,3.7992455790547077
0.75,0.0,0.25,3.993563757804948
2.68,0.0,0.75,4.6827635898036
6.29,0.0,2.68,6.772430418517568
8.759999999999998,1.5750731,6.29,10.498207576778622
9.32,6.040073,8.759999999999998,13.140885564632155
15.62,8.150899,9.32,13.916330969346554
24.12,11.664992,15.62,20.171581772460893
17.5,20.08589,24.12,28.679329300543444
21.37,23.239248,17.5,22.437276447275035
28.05,21.484964,21.37,26.20907253247013
44.54,23.808086,28.05,32.44321274583689
56.33,35.10695,44.54,49.0770229110954
50.06,44.10346,56.33,61.36796895415549
48.78,53.493958,50.06,55.153780419259846
54.11,49.86682,48.78,53.43936689999994
54.93,52.479107,54.11,57.709284696936635
54.5,51.960968,54.93,58.002069802045206
53.37,50.008823,54.5,57.10438641275799
53.02,50.197,53.37,55.04591487802716
53.41,50.766674,53.02,53.651082193614016
53.65,49.00939,53.41,53.359493795295926
48.46,45.491753,53.65,53.7680674608632
50.18,42.484493,48.46,47.990572750452586
44.44,41.897182,50.18,48.794943451894596
44.25,37.321453,44.44,42.39566629807488
39.42,33.718575,44.25,41.38970764763905
32.59,29.904491,39.42,36.512528123867305
33.08,19.947336,32.59,30.098079594219225
37.11,15.381675,33.08,30.444415022808748
34.02,13.702358,37.11,34.15882006145065
25.38,15.266731,34.02,31.271494800670343
25.69,10.334772,25.38,22.679593389789197
22.75,9.006611,25.69,22.59010770016506
20.66,6.3444767,22.75,19.514586607020256
21.26,2.9239914,20.66,17.638868518285285
11.57,3.3189218,21.26,18.0026619561005
8.06,0.27303308,11.57,8.667649114054079
6.1,0.0,8.06,5.368561553281274
2.82,0.0,6.1,3.279946274359725
1.14,0.0,2.82,0.3105184688461807
0.22,0.0,1.14,-1.1910866187716773
0.34,0.0,0.22,-2.237808360961287
0.34,0.0,0.34,-1.6481309563044204
0.31,0.0,0.34,-1.2998458880295731
0.31,0.0,0.31,-1.2341265241009898
0.31,0.0,0.31,-1.044120293941889
0.32,0.0,0.31,-0.8639928871229323
0.32,0.0,0.32,-0.8042943657910129
0.24,0.0,0.32,-0.5895870981981829
0.24,0.0,0.24,-0.544536384146995
0.23,0.0,0.24,-0.39708270294807557
0.25,0.0,0.23,-0.36021000980973555
0.23,0.0,0.25,-0.27148385296968053
0.22,0.0,0.23,-0.19151890191056287
0.23,0.0,0.22,-0.885359753370303
0.23,0.0,0.23,-0.8871178728972713
0.24,0.0,0.23,-0.8390101615873773
0.24,0.0,0.24,-0.7912953509508349
0.24,0.0,0.24,-0.6415831727904573
0.23,0.0,0.24,-0.5584151513395929
0.24,0.0,0.23,-0.5595205565950421
0.24,0.0,0.24,-0.5098038644918075
0.24,0.0,0.24,-0.3598772673649404
0.24,0.0,0.24,-0.31285438636430063
0.24,0.0,0.24,-0.24992889000960375
0.23,0.0,0.24,-0.17787755521335685
0.24,0.0,0.23,-0.014108382347581584
0.23,0.0,0.24,0.10361113750678906
0.24,0.0,0.23,0.21509815042476915
0.24,0.0,0.24,0.3541514002375199
0.24,0.0,0.24,0.545605071058881
0.23,0.0,0.24,0.6975030033625877
0.23,0.0,0.23,0.8500615867678952
0.24,0.0,0.23,1.0159157687108238
0.24,0.0,0.24,1.2383507992257314
0.23,0.0,0.24,1.4142696024584522
0.23,0.0,0.23,1.5899564551521876
0.24,0.0,0.23,1.7787865960439417
0.25,0.0,0.24,1.9997076598036554
0.25,0.0,0.25,2.2021139683727644
0.24,0.0,0.25,2.40581722438369
0.24,0.0,0.24,2.594235184909552
0.23,0.0,0.24,2.7900161560133596
0.23,0.0,0.23,2.9768168321295305
0.23,0.0,0.23,3.1764171843071645
0.26,0.0,0.23,3.3758516423492213
0.25,0.0,0.26,3.5864202025602707
0.49,0.0,0.25,3.7660928898836015
1.72,0.0,0.49,4.183873122315642
4.52,0.0,1.72,5.565437766233319
10.08,0.0,4.52,8.500318628104244
15.19,3.6472523,10.08,14.20845163238808
15.97,10.34609,15.19,19.465145480769618
18.21,14.247597,15.97,20.50761046644298
27.9,17.461115,18.21,22.78755925641502
30.53,22.774927,27.9,32.268942097951374
34.06,28.234068,30.53,35.001527555155974
37.62,30.945086,34.06,38.64527334533501
34.1,35.885845,37.62,41.83691340113182
36.89,37.221527,34.1,38.134246130623254
37.0,33.79152,36.89,40.76458421165531
37.73,35.002518,37.0,40.188471991289255
38.48,35.397472,37.73,40.760921654688026
42.37,36.02953,38.48,41.03833489803772
34.84,36.299805,42.37,44.65103597343459
29.73,33.39212,34.84,37.20346885390302
35.67,27.860537,29.73,31.951084780397906
45.89,27.635376,35.67,37.115039375562475
56.75,31.551632,45.89,47.11218704461644
52.12,40.78844,56.75,57.78498895336865
48.51,44.33999,52.12,52.65667490608065
47.36,40.257103,48.51,49.40664215906429
46.03,40.147785,47.36,46.69163693688196
44.55,34.1027,46.03,45.750405845320174
32.67,31.81283,44.55,43.79661260042008
27.82,26.457232,32.67,31.718026837583835
28.88,20.881203,27.82,26.90862474097129
24.78,18.543686,28.88,27.755386513221076
27.26,15.801583,24.78,23.766697079461668
24.71,15.469153,27.26,26.27231466960359
23.85,15.786663,24.71,23.29779633407286
24.96,14.846637,23.85,22.527148681877293
21.33,12.557477,24.96,23.75954153090233
19.08,11.135352,21.33,19.98210586230014
15.81,8.653802,19.08,17.902606820278827
10.49,6.412891,15.81,14.359932217767252
6.710000000000001,2.0137026,10.49,9.125789199221485
5.44,0.0,6.710000000000001,5.5975340807454765
5.3,0.0,5.44,4.302119183553234
4.73,0.0,5.3,4.104921244695888
4.21,0.0,4.73,3.6918231098476335
3.84,0.0,4.21,3.195989147684832
1.96,0.0,3.84,3.0208046084671056
1.11,0.0,1.96,1.3295256615749944
0.18,0.0,1.11,0.5263233431201286
0.25,0.0,0.18,-0.38915947165706133
0.34,0.0,0.25,-0.2795867681905556
0.29,0.0,0.34,-0.12175772820716621
0.27,0.0,0.29,0.04402542456618433
0.28,0.0,0.27,0.06355387383164574
0.28,0.0,0.28,0.02831143746691911
0.28,0.0,0.28,0.007228397710228179
0.27,0.0,0.28,0.023152307756619805
0.24,0.0,0.27,0.00011831634659439927
0.23,0.0,0.24,-0.06879280182793118
0.24,0.0,0.23,-0.06576264751465132
0.23,0.0,0.24,0.04184490928881339
0.23,0.0,0.23,0.014007551500941282
0.24,0.0,0.23,-0.01917019273156833
0.24,0.0,0.24,-0.042956625608286114
0.23,0.0,0.24,-0.4694463550894823
0.24,0.0,0.23,-0.5161933047706555
0.24,0.0,0.24,-0.5117511662819964
0.24,0.0,0.24,-0.506430360253606
0.24,0.0,0.24,-0.4078911345908293
0.23,0.0,0.24,-0.3857504536646986
0.24,0.0,0.23,-0.36476488286990627
0.23,0.0,0.24,-0.31440463488434156
0.23,0.0,0.23,-0.19332029660014677
0.24,0.0,0.23,-0.1363189744498837
0.25,0.0,0.24,-0.04294332019237089
0.25,0.0,0.25,0.07005819897154271
0.24,0.0,0.25,0.24785592006945328
0.25,0.0,0.24,0.34819033698761265
0.24,0.0,0.25,0.48000622574349455
0.24,0.0,0.24,0.6070842900156939
0.23,0.0,0.24,0.8004644859217243
0.23,0.0,0.23,0.9367121788483908
0.24,0.0,0.23,1.0977134370887878
0.24,0.0,0.24,1.281272663276625
0.23,0.0,0.24,1.4992206379768007
0.24,0.0,0.23,1.6169182053002
0.26,0.0,0.24,1.8092249738526331
0.25,0.0,0.26,2.021750889838004
0.24,0.0,0.25,2.220718865888615
0.24,0.0,0.24,2.4179473966927967
0.24,0.0,0.24,2.6209766743167227
0.23,0.0,0.24,2.820771623940547
0.23,0.0,0.23,3.0200574240987423
0.23,0.0,0.23,3.220471489182464
0.25,0.0,0.23,3.4253894482315026
0.25,0.0,0.25,3.64942834468016
0.26,0.0,0.25,3.829591496766075
0.33,0.0,0.26,4.03299236256777
1.14,0.0,0.33,4.288895266616021
2.96,0.0,1.14,5.265515098338355
4.58,1.8981695,2.96,7.214020462289136
6.57,4.442605,4.58,8.9966885924407
9.14,6.2522206,6.57,11.16206837692904
10.05,8.436863,9.14,13.836952145150953
12.01,12.067715,10.05,14.84529290504512
17.53,14.091,12.01,16.865509357348696
24.85,17.281086,17.53,22.319883452601484
30.42,22.994032,24.85,29.630636961019455
48.02,30.420177,30.42,35.21528934592506
49.6,40.42108,48.02,52.74366748512609
50.31,50.2863,49.6,54.491257892890424
55.85,51.226643,50.31,55.286180903283764
54.14,51.957874,55.85,59.95946186938588
48.32,53.07534,54.14,57.59466240073323
24.759999999999998,48.560055,48.32,51.75297147812287
22.67,38.916885,24.759999999999998,27.20777031501497
26.7,27.741352,22.67,24.800610334515856
39.59,24.302965,26.7,28.1777312565732
58.3,29.109175,39.59,40.94054942194945
58.82,41.4856,58.3,59.515862691637984
52.64,49.60681,58.82,59.85498896934854
58.89,47.30449,52.64,54.34713243520567
64.02,45.726013,58.89,59.78134551748732
65.76,46.511105,64.02,64.09757752768111
49.83,46.1031,65.76,64.20609673609808
37.9,41.573475,49.83,47.52100524550562
50.08,32.4828,37.9,35.63848976134848
57.25,28.250483,50.08,48.159543434170985
41.29,33.361073,57.25,54.46421600753874
42.2,30.859625,41.29,39.198734189250175
33.67,26.64584,42.2,39.61228072923605
47.45,22.703646,33.67,30.290667814850657
38.2,22.845533,47.45,44.20397245526072
30.5,21.185814,38.2,35.234324568198176
28.18,19.44768,30.5,27.30393350148706
32.43,14.552509,28.18,24.77573614520518
25.55,13.208589,32.43,28.723693433789144
10.15,10.309184,25.55,22.780819577706378
7.36,4.0518193,10.15,7.415039004242205
3.26,0.0,7.36,3.8795188751914256
2.71,0.0,3.26,-0.6379256921797005
1.56,0.0,2.71,-0.6327380824257167
0.8,0.0,1.56,-1.7777202408327752
0.34,0.0,0.8,-1.941576890958177
0.32,0.0,0.34,-2.129787713264464
0.32,0.0,0.32,-1.8779044856082625
0.32,0.0,0.32,-1.502788883937234
0.3,0.0,0.32,-1.3365760471324921
0.31,0.0,0.3,-1.2535809901898458
0.31,0.0,0.31,-1.1120524017866278
0.23,0.0,0.31,-0.7755851106267911
0.24,0.0,0.23,-0.6641340749757021
0.24,0.0,0.24,-0.34650776213811824
0.23,0.0,0.24,-0.3757464036492505
0.23,0.0,0.23,-0.2864577820382569
0.23,0.0,0.23,-0.28910094537563724
0.24,0.0,0.23,-0.5829935590428333
0.23,0.0,0.24,-0.5404980904795152
0.24,0.0,0.23,-0.5232220933045094
0.25,0.0,0.24,-0.44469609943056776
0.24,0.0,0.25,-0.21508075003878677
0.23,0.0,0.24,-0.16955199190177045
0.23,0.0,0.23,-0.20217511474205274
0.23,0.0,0.23,-0.15028008023039963
0.22,0.0,0.23,-0.01827159312872799
0.23,0.0,0.22,0.039359625636869525
0.24,0.0,0.23,0.12426846835444494
0.24,0.0,0.24,0.21874380222976747
0.23,0.0,0.24,0.3889148289688638
0.24,0.0,0.23,0.4920589436258572
0.24,0.0,0.24,0.6246535523444384
0.23,0.0,0.24,0.7576346128897256
0.22,0.0,0.23,0.9427688107062172
0.21,0.0,0.22,1.0865860664449192
0.24,0.0,0.21,1.2440066447591034
0.24,0.0,0.24,1.4300794012384137
0.24,0.0,0.24,1.6407619588043387
0.24,0.0,0.24,1.8232939906378884
0.23,0.0,0.24,2.008047495402336
0.22,0.0,0.23,2.187443498111674
0.24,0.0,0.22,2.386601326375281
0.24,0.0,0.24,2.605339536858472
0.24,0.0,0.24,2.803244580672487
0.24,0.0,0.24,3.0010777638188353
0.24,0.0,0.24,3.2004044255674393
0.23,0.0,0.24,3.4018529124650745
0.24,0.0,0.23,3.593231729738197
0.24,0.0,0.24,3.794482961587814
0.24,0.1165631,0.24,3.9684512347736494
0.89,0.34262183,0.24,4.159782746438934
3.5,0.0,0.89,4.994866537382659
6.84,0.5008289,3.5,7.748044141008597
12.09,5.8377457,6.84,11.225553514196651
18.31,11.656955,12.09,16.69017165715893
24.62,18.525362,18.31,23.134262142374034
29.84,25.243546,24.62,29.713527804348157
38.18,31.91995,29.84,35.112701755426336
46.19,38.27883,38.18,43.516862093285795
52.81,45.561302,46.19,51.556893986014494
56.19,52.79502,52.81,58.23607934984233
56.29,58.533455,56.19,61.430216275406025
56.61,61.097034,56.29,61.21257463730695
57.14,61.76649,56.61,61.053987683995466
62.17,61.884853,57.14,60.88385096981892
68.47,63.703873,62.17,65.07652331740975
72.23,66.053535,68.47,70.51432136046799
71.38,67.56405,72.23,73.47091944051635
73.33,66.82074,71.38,71.94603048775411
67.85,65.66616,73.33,73.09320216554129
68.15,54.187862,67.85,65.63657608648602
70.33,47.893322,68.15,65.39234410474107
70.96,45.15738,70.33,67.1484453364087
66.77,43.251747,70.96,68.03826719153084
60.78,40.749355,66.77,64.11591395469493
54.39,35.450424,60.78,57.84766522602061
46.67,30.81585,54.39,51.106462711523626
41.18,25.698895,46.67,42.765183479257786
33.96,21.71254,41.18,36.61096462402474
25.73,15.676861,33.96,29.011175144121644
14.35,10.000728,25.73,20.657322377224403
7.71,2.8729,14.35,9.10860009487731
9.11,0.0,7.71,2.4626695526118922
7.86,0.0,9.11,3.894104120191402
2.7,0.0,7.86,2.8155504752226146
0.47,0.0,2.7,-1.8887116531574137
0.39,0.0,0.47,-3.7490401142864505
0.34,0.0,0.39,-3.3703027959924623
0.33,0.0,0.34,-3.0170477493273022
0.32,0.0,0.33,-2.7387030915129547
0.33,0.0,0.32,-2.4567765242186645
0.32,0.0,0.33,-1.9217043476448514
0.33,0.0,0.32,-1.581550658927767
0.24,0.0,0.33,-1.1771175796589555
0.23,0.0,0.24,-1.027340197125327
0.24,0.0,0.23,-0.8528324147915546
0.25,0.0,0.24,-0.6651662793397434
0.23,0.0,0.25,-0.3769180287098112
0.23,0.0,0.23,-0.21627880450413006
0.24,0.0,0.23,-0.30578159025501195
0.24,0.0,0.24,-0.19298145002494438
0.24,0.0,0.24,-0.11105357010872702
0.24,0.0,0.24,-0.016932466592683264
0.24,0.0,0.24,0.14508449749154242
0.25,0.0,0.24,0.19741448027232672
0.26,0.0,0.25,0.21740091741795536
0.25,0.0,0.26,0.26228312885162536
0.22,0.0,0.25,0.42199594155495096
0.25,0.0,0.22,0.4740753797844335
0.24,0.0,0.25,0.5571171266675662
0.24,0.0,0.24,0.6266316339031155
0.24,0.0,0.24,0.8048028518754837
0.24,0.0,0.24,0.9192708710892525
0.25,0.0,0.24,1.0390519311179272
0.24,0.0,0.25,1.1845147361428408
0.24,0.0,0.24,1.3699443206124693
0.24,0.0,0.24,1.5230854903434505
0.24,0.0,0.24,1.6806121107753516
0.24,0.0,0.24,1.8479477739014372
0.23,0.0,0.24,2.0565760696059048
0.24,0.0,0.23,2.230787435609428
0.23,0.0,0.24,2.4233298208890273
0.24,0.0,0.23,2.6039574267120336
0.25,0.0,0.24,2.824117434821192
0.25,0.0,0.25,3.0308523342337916
0.24,0.0,0.25,3.222753926444105
0.24,0.0,0.24,3.4066570327535266
0.23,1.8472999,0.24,3.6132810881701882
0.24,2.3260581,0.23,3.8021323222139882
0.24,1.9812878,0.24,4.011556798792676
0.24,1.0859793,0.24,4.217388657966256
0.25,2.4459069,0.24,4.400844597981798
0.55,2.0457544,0.25,4.610868885269431
1.9,1.0864577,0.55,5.090493212130678
3.41,0.87329465,1.9,6.5994490254508165
6.69,3.7302155,3.41,8.254642705830868
8.31,6.2524533,6.69,11.702847320119
9.58,8.84441,8.31,13.45042664307636
13.06,9.813774,9.58,14.926107234308677
26.22,13.411327,13.06,18.374784719375544
34.53,21.00891,26.22,31.48616546929923
40.65,31.972157,34.53,39.984163116910565
46.34,39.539806,40.65,46.38871688089088
52.599999999999994,45.43256,46.34,51.919250526283285
58.61,49.78664,52.599999999999994,57.9744658964041
64.88,53.937588,58.61,63.78316385627144
70.27,58.893208,64.88,69.51061309449099
73.98,63.853546,70.27,74.32691685398233
74.74,67.44806,73.98,77.38824764840368
75.5,69.11997,74.74,77.51879912498762
76.05,69.92982,75.5,77.56973818264507
77.04,69.916664,76.05,77.32302436756721
78.43,69.53938,77.04,77.40532659786462
77.78,68.87616,78.43,78.0854043768054
74.18,67.64723,77.78,76.85889761810056
72.53,64.58766,74.18,72.69607172778309
71.16,61.882862,72.53,70.40511485784862
72.75,59.454338,71.16,68.37302880489997
76.05,58.28784,72.75,69.42267397735748
77.96,57.307343,76.05,72.29669787892932
78.72,57.377148,77.96,73.96307477959864
76.44,57.27561,78.72,74.5626853323152
75.64,55.447655,76.44,72.07682817691528
77.8,52.163548,75.64,70.91596903205061
78.69,50.722507,77.8,72.7790640471178
75.76,49.784447,78.69,73.56466101067997
68.84,48.611065,75.76,70.49531028448102
50.01,43.487797,68.84,63.55257079620809
58.88,33.51612,50.01,44.93762810580651
54.82,32.395966,58.88,53.34253045459509
49.06,30.763586,54.82,49.164332785465916
43.46,26.76645,49.06,43.95792045634909
36.94,22.654491,43.46,38.185702217853375
31.04,18.237783,36.94,31.59315505654275
24.51,13.744578,31.04,26.15824654829786
15.74,8.267808,24.51,19.34826614252362
11.0,2.766561,15.74,10.616112310892852
4.22,0.0,11.0,5.920775899793202
2.18,0.0,4.22,-0.6132561644137441
1.32,0.0,2.18,-2.142422175133927
0.44,0.0,1.32,-2.3479692623362354
0.31,0.0,0.44,-3.0967822212969507
0.34,0.0,0.31,-2.745848610205837
0.33,0.0,0.34,-2.2456282060006556
0.32,0.0,0.33,-1.8083992496032493
0.33,0.0,0.32,-1.490604811875324
0.32,0.0,0.33,-1.229143685625273
0.33,0.0,0.32,-0.8602061123230692
0.27,0.0,0.33,-0.508063044495405
0.23,0.0,0.27,-0.31569859395858124
0.22,0.0,0.23,-0.07337374742520213
0.23,0.0,0.22,0.14888405736694904
0.23,0.0,0.23,0.1503687327560343
0.23,0.0,0.23,0.3333110754018806
0.24,0.0,0.23,0.42332768334636606
0.23,0.0,0.24,-0.23258456993598164
0.23,0.0,0.23,-0.1703010051616044
0.22,0.0,0.23,-0.11323268554677017
0.24,0.0,0.22,-0.07328687195561343
0.24,0.0,0.24,0.0849098560203834
0.24,0.0,0.24,0.10289668305882099
0.24,0.0,0.24,0.133939183196301
0.23,0.0,0.24,0.14221689362192913
0.23,0.0,0.23,0.25663242273227904
0.23,0.0,0.23,0.3197007830386147
0.24,0.0,0.23,0.38589442075640523
0.24,0.0,0.24,0.483549557023708
0.23,0.0,0.24,0.6540171586769582
0.25,0.0,0.23,0.755775900540096
0.24,0.0,0.25,0.8997382883275037
0.22,0.0,0.24,1.0275272559239426
0.23,0.0,0.22,1.2010260364324712
0.24,0.0,0.23,1.3629681699094995
0.24,0.0,0.24,1.5335305280303106
0.24,0.0,0.24,1.6975518235295217
0.24,0.0,0.24,1.9029567645581276
0.23,0.0,0.24,2.0808971274645933
0.24,0.0,0.23,2.2525250125704765
0.24,0.0,0.24,2.449284238067164
0.24,0.0,0.24,2.6548729897332777
0.22,0.0,0.24,2.8490070694580067
0.24,0.0,0.22,3.02294998679509
0.23,0.0,0.24,3.236245838216739
0.22,0.0,0.23,3.4227104206415655
0.24,0.5060496,0.22,3.6192974117562806
0.24,0.2109285,0.24,3.840839166766845
0.24,0.0,0.24,4.038639704019261
0.25,0.6580355,0.24,4.2128845564269115
0.47,0.34617552,0.25,4.413729571555733
1.7,0.0,0.47,4.820317319097083
4.27,0.0,1.7,6.212418178433153
8.260000000000002,2.99676,4.27,8.903559132338414
14.05,7.284429,8.260000000000002,13.05127220254289
18.32,12.466929,14.05,19.001583640733212
27.51,18.276033,18.32,23.446920841416027
37.32,26.193655,27.51,32.75009993083616
42.50999999999999,35.47014,37.32,42.62769563686102
37.57,43.104343,42.50999999999999,47.917775262572185
50.39,43.812233,37.57,42.92552621193772
57.51,47.076813,50.39,55.19452993266122
61.4,52.415817,57.51,62.12914715157644
69.78,58.035885,61.4,66.08043055388096
75.5,64.01598,69.78,73.79079624148038
76.67,69.06429,75.5,78.74565425715633
76.82,70.78505,76.67,79.62015138934215
76.29,71.76266,76.82,78.72298102302042
76.7,71.354034,76.29,77.33027256669781
76.66,70.364716,76.7,76.87432106187337
72.26,69.15542,76.66,75.94305472561197
75.16,66.46321,72.26,70.87329986398406
71.22,64.58094,75.16,73.53542745922606
68.12,61.80145,71.22,68.79450900640745
68.65,58.900917,68.12,65.3266137410698
66.02,56.883385,68.65,65.1654506522234
66.13,52.920803,66.02,61.80176275844778
66.86,50.93774,66.13,61.615843557608734
68.81,49.44763,66.86,61.91337752826902
70.5,47.433098,68.81,63.82494992577263
62.6,46.710197,70.5,65.5437022322262
45.62,43.523483,62.6,57.63446396549375
43.89,33.505615,45.62,41.21420792043544
52.61,24.283512,43.89,39.47978266871934
61.76,26.087427,52.61,47.2024275250225
57.43,31.284418,61.76,56.75788333371922
43.0,35.129414,57.43,52.898267380545356
30.689999999999998,27.23004,43.0,38.98671739288466
21.96,17.759407,30.689999999999998,26.711654854804593
28.6,9.655887,21.96,17.597772559143323
19.74,8.715759,28.6,23.63950030036174
11.71,6.220287,19.74,14.875643271360481
9.44,0.92121977,11.71,7.302674585046917
6.73,0.0,9.44,5.284466015066122
4.65,0.0,6.73,3.2572519065472783
2.1,0.0,4.65,1.731953747527693
0.33,0.0,2.1,-1.0871349951465779
0.33,0.0,0.33,-2.764888552467238
0.33,0.0,0.33,-2.4028664759998466
0.33,0.0,0.33,-1.8336528399171224
0.32,0.0,0.33,-1.3749967847035678
0.34,0.0,0.32,-1.0432639496235392
0.33,0.0,0.34,-1.0426364947148128
0.32,0.0,0.33,-0.598337621674388
0.27,0.0,0.32,-0.3091177877389405
0.23,0.0,0.27,-0.2707226687766312
0.24,0.0,0.23,-0.29998688042082383
0.23,0.0,0.24,-0.1090966481672783
0.23,0.0,0.23,0.06758301264160403
0.23,0.0,0.23,0.27679226192708684
0.25,0.0,0.23,0.37576355966038677
0.24,0.0,0.25,-0.5501074586608498
0.24,0.0,0.24,-0.5628970789241174
0.23,0.0,0.24,-0.5612227145635871
0.24,0.0,0.23,-0.4571572835872245
0.24,0.0,0.24,-0.3326879590397855
0.24,0.0,0.24,-0.3267070455120673
0.25,0.0,0.24,-0.2741161505744172
0.24,0.0,0.25,-0.21203312270591268
0.24,0.0,0.24,-0.07910831310646384
0.23,0.0,0.24,-0.019871571570810216
0.24,0.0,0.23,0.039614087557211485
0.24,0.0,0.24,0.13684557825512825
0.25,0.0,0.24,0.3068976816967187
0.24,0.0,0.25,0.43181446608615487
0.24,0.0,0.24,0.5498073712863863
0.25,0.0,0.24,0.6838002378090948
0.24,0.0,0.25,0.8908710788435167
0.22,0.0,0.24,1.0394540833012909
0.24,0.0,0.22,1.179572494036612
0.24,0.0,0.24,1.3627681290783225
0.23,0.0,0.24,1.5771634602135844
0.24,0.0,0.23,1.745328585612522
0.23,0.0,0.24,1.9453818205256996
0.24,0.0,0.23,2.126620511557556
0.24,0.0,0.24,2.3512635271798343
0.23,0.0,0.24,2.5618115931439185
0.23,0.0,0.23,2.76327744903149
0.24,0.0,0.23,2.9625947369366536
0.24,0.0,0.24,3.1654214643938263
0.23,0.0,0.24,3.367849750213942
0.24,0.0,0.23,3.563794149678598
0.24,0.0,0.24,3.767093851418964
0.25,0.0,0.24,3.9495151426528934
0.25,0.0,0.25,4.154968057286722
1.04,0.0,0.25,4.340989393251449
2.07,0.0,1.04,5.300837554664744
1.96,0.0,2.07,6.455071615728578
3.02,0.0,1.96,6.536112369923685
5.44,0.0,3.02,7.754960791758497
8.59,0.037500218,5.44,10.259242521100958
13.96,4.865232,8.59,13.4918066354668
16.58,10.261693,13.96,18.95493434959104
21.32,14.622867,16.58,21.65360420675616
26.26,18.164398,21.32,26.475652115152847
29.44,23.284313,26.26,31.27556434605047
28.47,26.820482,29.44,34.45011142156436
46.49,27.413475,28.47,33.40737178327232
65.03,32.952923,46.49,51.12062466797427
72.5,49.736576,65.03,68.8272148283522
72.6,59.740047,72.5,76.13424180503375
83.58,62.295597,72.6,75.9606994439797
77.64,65.87929,83.58,85.92770651935255
74.00999999999999,63.97875,77.64,79.82995511564704
70.04,62.476776,74.00999999999999,75.55062684727906
69.93,60.04355,70.04,69.72318506651678
70.3,53.90901,69.93,68.09717476330037
70.48,50.443268,70.3,67.96608244697956
76.67,48.60872,70.48,67.60226099152469
52.1,48.307545,76.67,73.80110659004465
51.98,38.06644,52.1,49.26570023545508
51.28,35.029953,51.98,47.879321464955105
47.1,27.779232,51.28,46.754334195409236
43.88,22.617594,47.1,42.95591351582447
44.06,20.211672,43.88,39.35646160571571
41.73,15.041055,44.06,39.463772647273224
35.18,17.693253,41.73,37.444934552245606
28.65,14.492344,35.18,30.928846840722485
20.56,8.844465,28.65,24.16797266880513
6.9,3.6059024,20.56,15.812906828580482
5.35,0.0,6.9,2.0690287963687948
3.73,0.0,5.35,0.023921118806071173
1.76,0.0,3.73,-1.0140601365578505
0.42,0.0,1.76,-2.400954163847037
0.35,0.0,0.42,-3.3179632662291088
0.34,0.0,0.35,-2.999409673296049
0.34,0.0,0.34,-2.28201816000379
0.32,0.0,0.34,-2.153656048505838
0.33,0.0,0.32,-1.999237476719806
0.34,0.0,0.33,-1.7218015077672768
0.32,0.0,0.34,-1.3348221838286856
0.28,0.0,0.32,-1.0550879632984174
0.24,0.0,0.28,-0.6588437545931066
0.24,0.0,0.24,-0.49533011489133305
0.23,0.0,0.24,-0.4061903017019386
0.24,0.0,0.23,-0.28717858537881447
0.23,0.0,0.24,-0.16470463165490828
0.24,0.0,0.23,-0.11244606056540679
0.23,0.0,0.24,-0.5171021111712024
0.24,0.0,0.23,-0.4253305971291683
0.23,0.0,0.24,-0.3256984999734318
0.24,0.0,0.23,-0.2709703611897341
0.24,0.0,0.24,-0.11028026709743101
0.24,0.0,0.24,-0.07077871533872143
0.23,0.0,0.24,-0.09503728748223114
0.23,0.0,0.23,-0.05634893878372474
0.23,0.0,0.23,0.0837442462823795
0.23,0.0,0.23,0.14833420656094773
0.23,0.0,0.23,0.22056110320495564
0.23,0.0,0.23,0.3100805043245674
0.23,0.0,0.23,0.48086644617176544
0.23,0.0,0.23,0.5949773200237978
0.23,0.0,0.23,0.7254188349595814
0.24,0.0,0.23,0.8570470414519267
0.24,0.0,0.24,1.0634862756413235
0.24,0.0,0.24,1.2181509637178556
0.24,0.0,0.24,1.371866305948133
0.24,0.0,0.24,1.5459017173688876
0.23,0.0,0.24,1.756259671183939
0.24,0.0,0.23,1.9273779489334408
0.24,0.0,0.24,2.1159112243644302
0.24,0.0,0.24,2.3083997874404893
0.22,0.0,0.24,2.5179735737974007
0.23,0.0,0.22,2.6947770643821256
0.24,0.0,0.23,2.9079285513114805
0.23,0.0,0.24,3.1198917525976833
0.24,0.0,0.23,3.312501770608046
0.23,0.0,0.24,3.5279803003025685
0.24,0.0,0.23,3.7202758621340957
0.23,0.0,0.24,3.9383926929060493
0.24,0.0,0.23,4.1118726406635195
0.24,0.0,0.24,4.313521890482329
0.24,0.0,0.24,4.498774461198448
1.34,0.0,0.24,4.680039528939732
3.55,0.0,1.34,5.914781105532387
4.82,0.76735574,3.55,8.268157443256717
7.44,2.7174265,4.82,9.724401766007258
9.37,4.776897,7.44,12.497198953005594
10.85,9.139098,9.37,14.461058942002706
12.47,10.89131,10.85,16.085908643568345
18.3,11.94731,12.47,17.71459795029278
21.16,14.625868,18.3,23.488637096113482
22.99,19.392664,21.16,26.323592298477184
26.21,22.13303,22.99,28.20346070916433
27.63,23.843975,26.21,31.28109242862373
29.379999999999995,25.299051,27.63,32.56557910389077
31.14,26.481756,29.379999999999995,34.19666926062966
34.52,27.459934,31.14,35.60514610484027
39.74,28.984308,34.52,38.721664801258996
51.68,31.770582,39.74,43.72334754588749
63.89,37.845768,51.68,55.358740554130804
64.34,46.951553,63.89,67.23323646952471
67.55,52.21045,64.34,67.24797870276804
71.82,54.967354,67.55,69.58303826522723
67.39000000000001,55.102802,71.82,73.0767524966611
61.93,53.254936,67.39000000000001,68.23193443015585
60.83,50.905235,61.93,61.93325319379656
62.64,48.967533,60.83,59.7387965748413
62.47,47.32286,62.64,61.11899843105894
63.24,47.11091,62.47,60.716079506784496
62.24,47.146103,63.24,61.10564242360817
66.18,45.643585,62.24,59.85161060887777
65.46,44.141933,66.18,63.40346782198509
59.59,43.106445,65.46,62.24695843119458
47.53,40.74085,59.59,56.12282045856576
70.51,31.395441,47.53,44.499386582649485
54.93,33.55353,70.51,66.72608212491522
62.72,32.636818,54.93,51.1303672663484
57.11,32.718693,62.72,59.64797263686497
44.06,33.72622,57.11,52.68104904117714
47.22,25.593666,44.06,40.14681614203001
35.75,19.957882,47.22,43.35386875105511
31.94,17.281548,35.75,30.73318990427083
19.1,12.331475,31.94,27.554068775593215
19.39,5.714958,19.1,14.1652810419247
14.3,0.71652293,19.39,14.722589531289696
9.64,0.0,14.3,9.831968060562799
8.36,0.0,9.64,5.6518927204252964
4.85,0.0,8.36,4.204648880981894
1.89,0.0,4.85,1.1697844020040056
0.27,0.0,1.89,-1.5308030825457573
0.33,0.0,0.27,-3.003810298727539
0.34,0.0,0.33,-2.370947319703363
0.32,0.0,0.34,-2.226792052696184
0.33,0.0,0.32,-1.8322362313328
0.33,0.0,0.33,-1.5679310805765698
0.31,0.0,0.33,-0.9814210563395365
0.27,0.0,0.31,-0.8834630714456347
0.23,0.0,0.27,-0.76776304011066
0.24,0.0,0.23,-0.7258584667658736
0.24,0.0,0.24,-0.34345575466653744
0.23,0.0,0.24,-0.2530792608676109
0.24,0.0,0.23,-0.020647027327362205
0.23,0.0,0.24,0.11252275833295997
0.24,0.0,0.23,-0.4457165484286116
0.23,0.0,0.24,-0.30960741766072664
0.23,0.0,0.23,-0.28953712467429615
0.23,0.0,0.23,-0.21282996196496118
0.24,0.0,0.23,-0.11921478930581882
0.24,0.0,0.24,-0.030376362348700364
0.23,0.0,0.24,0.011247786346449268
0.24,0.0,0.23,0.05328634482566222
0.24,0.0,0.24,0.21731352681802177
0.23,0.0,0.24,0.2728941699895227
0.24,0.0,0.23,0.3178008033090942
0.24,0.0,0.24,0.39960004448119923
0.23,0.0,0.24,0.5714825843945477
0.24,0.0,0.23,0.6856143314320011
0.23,0.0,0.24,0.8178523189731014
0.23,0.0,0.23,0.9359472408088405
0.23,0.0,0.23,1.139293278027268
0.25,0.0,0.23,1.282181913004422
0.23,0.0,0.25,1.4545144271527919
0.24,0.0,0.23,1.6008942325650681
0.24,0.0,0.24,1.8125408675605803
0.24,0.0,0.24,1.9932678011855547
0.24,0.0,0.24,2.176177895332651
0.24,0.0,0.24,2.362857000085437
0.23,0.0,0.24,2.573530577546537
0.22,0.0,0.23,2.757750596621575
0.24,0.0,0.22,2.9443082790940593
0.23,0.0,0.24,3.1695027108746032
0.23,0.0,0.23,3.3596995239331457
0.23,0.0,0.23,3.56566291074405
0.24,0.0,0.23,3.7633108757273264
0.24,0.0,0.24,3.970894023150489
0.24,0.0,0.24,4.150538849859416
0.14,0.0,0.24,4.341203283999536
0.88,0.0,0.14,4.429672261683478
3.84,0.0,0.88,5.3443024874483465
7.53,0.0,3.84,8.412473324911781
9.45,4.0617657,7.53,12.253893637553386
15.06,8.003749,9.45,14.377283783257113
22.19,11.181167,15.06,20.14815949423142
28.32,18.783785,22.19,27.263676884450735
35.9,25.556368,28.32,33.604779091235734
41.7,32.21491,35.9,41.208418413393694
47.94,37.705624,41.7,46.948810478889726
48.33,43.104874,47.94,53.085649382427626
50.81,45.795765,48.33,53.19417265573576
51.55,46.936596,50.81,55.19095779055507
53.17,47.964718,51.55,55.174766046901226
60.95,49.259308,53.17,56.109520384054896
59.91,51.999596,60.95,63.310402518592596
59.45,52.675095,59.91,62.02824002406508
56.31,52.703156,59.45,61.25429180961303
53.8,50.76759,56.31,57.31264749787805
47.45,48.411285,53.8,54.13477657049764
46.97,44.300213,47.45,47.1686382867887
45.52,42.00676,46.97,45.84775594749444
42.81,39.354214,45.52,43.8477877557949
40.92,36.622704,42.81,40.955330277821986
41.1,34.092358,40.92,38.699769638090984
41.02,31.14811,41.1,38.54073483900908
43.04,29.410774,41.02,38.43278170802941
46.66,29.497635,43.04,40.223258282173404
50.82,30.738773,46.66,43.725434622202116
59.89,31.96926,50.82,48.0455222786525
61.75,36.136932,59.89,57.25887065830887
66.42,38.43505,61.75,59.415702933243956
67.3,40.437386,66.42,64.28441051783189
66.21,39.7144,67.3,64.92818182136665
61.54,38.909344,66.21,63.69781604272438
56.18,36.20072,61.54,58.78213557199285
49.28,32.95638,56.18,53.05183650105396
43.14,26.776999,49.28,46.07973998531936
36.36,21.744438,43.14,39.72630473290097
30.4,17.549173,36.36,32.79930907311301
24.45,13.459804,30.4,26.6347183183302
18.65,7.7135544,24.45,20.61947159881526
13.36,2.9899101,18.65,14.641028169280776
8.16,0.0,13.36,9.393675681645789
5.44,0.0,8.16,4.1276241851464945
2.72,0.0,5.44,1.5765949729437312
0.81,0.0,2.72,-0.9562617586719582
0.25,0.0,0.81,-2.56021812646795
0.33,0.0,0.25,-2.8389217755598173
0.33,0.0,0.33,-2.3706481391646035
0.32,0.0,0.33,-2.0643733357032934
0.32,0.0,0.32,-1.8143500599522346
0.31,0.0,0.32,-1.5709072223842373
0.32,0.0,0.31,-1.2444419966954043
0.26,0.0,0.32,-0.9688833673196175
0.23,0.0,0.26,-0.8210868229803181
0.24,0.0,0.23,-0.6016054860517697
0.24,0.0,0.24,-0.30958268348298634
0.23,0.0,0.24,-0.12853071863252685
0.22,0.0,0.23,0.005350491472284197
0.23,0.0,0.22,0.09912956018591698
0.22,0.0,0.23,-0.6238193556073462
0.23,0.0,0.22,-0.5639330183392762
0.23,0.0,0.23,-0.4970622624434089
0.23,0.0,0.23,-0.4489716116041149
0.23,0.0,0.23,-0.30620452076070864
0.23,0.0,0.23,-0.266928651365084
0.24,0.0,0.23,-0.22832374955366233
0.24,0.0,0.24,-0.17959004379746396
0.24,0.0,0.24,-0.044406896519874756
0.24,0.0,0.24,0.004220445092635028
0.23,0.0,0.24,0.07188592990852685
0.24,0.0,0.23,0.14968212092319516
0.23,0.0,0.24,0.3297934917531492
0.24,0.0,0.23,0.4306737729472554
0.23,0.0,0.24,0.5636026470198887
0.23,0.0,0.23,0.6860820111988826
0.24,0.0,0.23,0.8805060759424146
0.24,0.0,0.24,1.0473530953448114
0.24,0.0,0.24,1.2005042380984048
0.24,0.0,0.24,1.3632082551833173
0.24,0.0,0.24,1.5634026224613624
0.24,0.0,0.24,1.7468348234812454
0.23,0.0,0.24,1.9269228923727746
0.24,0.0,0.23,2.1068280360033045
0.24,0.0,0.24,2.314184526317258
0.23,0.0,0.24,2.508372080701858
0.24,0.0,0.23,2.6976386313888736
0.24,0.0,0.24,2.912139764453186
0.25,0.0,0.24,3.116492130139301
0.24,0.0,0.25,3.3305311408459843
0.23,0.0,0.24,3.515181358935164
0.25,0.0,0.23,3.700380861174974
0.25,0.0,0.25,3.900491912531334
0.26,0.0,0.25,4.09549475925494
1.44,0.0,0.26,4.292744399607893
3.43,0.0,1.44,5.638083103458768
6.93,1.9393214,3.43,7.743184121514363
12.62,5.6296134,6.93,11.40123739623789
18.49,10.762056,12.62,17.222611119380534
21.86,17.563723,18.49,23.24299100141487
29.56,25.29994,21.86,26.774102228026752
35.58,30.009401,29.56,34.546895573171874
44.2,35.926636,35.58,40.550610055494374
47.54,42.094624,44.2,49.160897016321584
51.66,47.788265,47.54,52.36110649141067
49.42,52.03654,51.66,56.11467869526458
48.24,52.464664,49.42,53.32269292827677
46.45,51.83754,48.24,51.33170186554087
39.78,50.277786,46.45,48.769892008605986
40.07,46.438213,39.78,41.430643584715405
38.18,43.490746,40.07,41.071462409025315
43.1,40.62518,38.18,38.588567151006686
43.83,40.35384,43.1,43.24037150841809
41.39,40.235115,43.83,43.6634905076463
39.78,34.89933,41.39,42.35424215190442
36.26,35.791656,39.78,39.60728520341793
33.72,32.91816,36.26,35.66823182078044
43.25,29.656887,33.72,32.95942069685059
46.04,31.757278,43.25,41.05866185484441
51.81,32.52263,46.04,43.894010710879996
57.63,34.879025,51.81,49.92813612659163
74.85,36.616436,57.63,55.811020140270706
79.13,42.427155,74.85,73.087181898633
72.96,46.671738,79.13,77.7943915007783
72.65,48.359833,72.96,71.41814408720239
46.69,45.457245,72.65,70.53830765416846
29.12,36.266468,46.69,43.761094011288336
23.8,23.92079,29.12,26.0798766611383
21.45,14.267907,23.8,19.85348414905093
19.97,9.252146,21.45,17.398883991322588
19.03,7.017207,19.97,16.18640634417051
12.52,6.360945,19.03,15.2664183506139
7.88,3.8758178,12.52,9.355581925429835
5.09,0.0,7.88,5.070405873817892
3.81,0.0,5.09,1.8363225484405088
2.52,0.0,3.81,0.4449480082096041
0.96,0.0,2.52,-0.6279494595227447
0.2,0.0,0.96,-2.055640485072968
0.33,0.0,0.2,-2.046945546279622
0.32,0.0,0.33,-1.4216652676744825
0.32,0.0,0.32,-1.282481535157986
0.33,0.0,0.32,-1.152200670989143
0.32,0.0,0.33,-1.0433428288487696
0.32,0.0,0.32,-0.9779956415586508
0.32,0.0,0.32,-0.7525634586245654
0.32,0.0,0.32,-0.4694236897184592
0.23,0.0,0.32,-0.19795607747384356
0.24,0.0,0.23,-0.09701940786876515
0.23,0.0,0.24,0.030060497892253624
0.24,0.0,0.23,0.2906841330085459
0.22,0.0,0.24,0.24895678145942018
0.23,0.0,0.22,0.15263270586772504
0.23,0.0,0.23,0.15508027416141282
0.23,0.0,0.23,-0.1592613299951628
0.24,0.0,0.23,-0.14768378976664448
0.24,0.0,0.24,-0.11071812068047929
0.22,0.0,0.24,-0.1199293286456092
0.23,0.0,0.22,-0.049700468428185256
0.24,0.0,0.23,-0.029482403315353872
0.23,0.0,0.24,0.016572933875319516
0.22,0.0,0.23,0.04765817864690998
0.23,0.0,0.22,0.17007682517025238
0.23,0.0,0.23,0.23994473018885756
0.22,0.0,0.23,0.32152278585197863
0.22,0.0,0.22,0.40302859470378904
0.23,0.0,0.22,0.5767230882966049
0.24,0.0,0.23,0.7026291133869391
0.23,0.0,0.24,0.8393664598079043
0.23,0.0,0.23,0.9614439556784581
0.24,0.0,0.23,1.1563866143903698
0.23,0.0,0.24,1.3192784953367804
0.23,0.0,0.23,1.462058308422005
0.24,0.0,0.23,1.629604738468479
0.23,0.0,0.24,1.8448052714517826
0.24,0.0,0.23,2.0163785939478354
0.23,0.0,0.24,2.2112064366980673
0.24,0.0,0.23,2.3902731600634564
0.24,0.0,0.24,2.6116907515242573
0.22,0.0,0.24,2.8083153237228506
0.24,0.0,0.22,2.9901042621839724
0.23,0.0,0.24,3.212611919775413
0.25,0.0,0.23,3.403060129980536
0.24,0.06534095,0.25,3.625559982124265
0.24,0.0,0.24,3.8181999296145794
0.24,0.0,0.24,4.0156484680061615
0.25,0.94524336,0.24,4.190552716692045
0.25,1.2075646,0.25,4.39223909828958
0.57,0.1764724,0.25,4.578365476108317
2.44,0.0,0.57,5.070893040840192
2.72,1.7326468,2.44,7.059205812931413
5.04,3.4381824,2.72,7.507237974842521
7.66,4.5335407,5.04,10.014964737563599
12.89,6.7827406,7.66,12.70466951473781
13.17,11.882858,12.89,18.036443687318908
12.87,15.557043,13.17,18.4244030258516
15.07,15.657398,12.87,18.222238127038196
18.25,14.8616705,15.07,20.341691928203563
18.4,17.630919,18.25,23.329724909243485
33.7,18.803751,18.4,23.56530859644807
48.209999999999994,25.597065,33.7,38.570547431152825
74.37,36.45687,48.209999999999994,53.20895038098296
77.79,54.775898,74.37,78.96999301681625
78.53,63.477425,77.79,82.58234918991312
71.29,67.72052,78.53,82.98139399443461
64.22,66.460236,71.29,74.6829882004192
78.33,62.461945,64.22,66.11958473137028
74.98,63.759857,78.33,79.01557657943847
72.05,63.91071,74.98,74.88667283901466
68.58,62.942856,72.05,72.03041315182278
66.73,59.524323,68.58,67.85702841394027
69.22,56.65571,66.73,65.59784501411868
64.98,54.109367,69.22,67.97943009387865
60.1,53.516018,64.98,62.34492559422964
60.32,46.969906,60.1,57.665440236709685
66.1,47.571873,60.32,56.339565619082045
46.16,46.567593,66.1,61.99817098539033
48.11,34.78997,46.16,43.37497237174921
42.48,29.447403,48.11,45.40113027727594
50.31,25.377956,42.48,38.726217106062144
50.42,28.282978,50.31,46.30534947371109
68.38,27.573805,50.42,46.490741818763055
63.5,35.86894,68.38,63.89998410757491
60.65,37.70042,63.5,59.41456365173687
55.91,37.081745,60.65,56.662351187033096
48.63,31.117176,55.91,51.820985588971176
40.34,26.187145,48.63,44.58055168962268
33.46,20.808647,40.34,36.454441958889056
27.49,16.73902,33.46,28.819352512622448
21.06,10.359984,27.49,23.322278468767962
9.32,5.9401,21.06,16.802307672032896
9.25,0.24159408,9.32,5.405383311935214
5.28,0.0,9.25,5.178684087977793
2.36,0.0,5.28,1.4441733794563227
0.34,0.0,2.36,-1.4833295023968347
0.37,0.0,0.34,-3.182868090309068
0.32,0.0,0.37,-2.8411844771795125
0.33,0.0,0.32,-2.29973224553775
0.32,0.0,0.33,-2.056638307824737
0.32,0.0,0.32,-1.6989018481023934
0.31,0.0,0.32,-1.3557912701958033
0.31,0.0,0.31,-1.164055046414724
0.25,0.0,0.31,-0.9747619613262947
0.24,0.0,0.25,-0.7660652118027729
0.23,0.0,0.24,-0.683260957448219
0.24,0.0,0.23,-0.4362225888167564
0.23,0.0,0.24,-0.1213047732215966
0.23,0.0,0.23,0.013380976279755638
0.24,0.0,0.23,0.130827109741514
0.23,0.0,0.24,-0.7303728043137715
0.24,0.0,0.23,-0.6737632897107708
0.23,0.0,0.24,-0.6081235747284661
0.23,0.0,0.23,-0.565428465521629
0.23,0.0,0.23,-0.4248092569002012
0.24,0.0,0.23,-0.3815830517359852
0.24,0.0,0.24,-0.3764521411467664
0.22,0.0,0.24,-0.3103297080820463
0.23,0.0,0.22,-0.20391130083392683
0.23,0.0,0.23,-0.14344123420513652
0.24,0.0,0.23,-0.08041479013365556
0.23,0.0,0.24,0.018979724549133582
0.24,0.0,0.23,0.17963933220659117
0.23,0.0,0.24,0.301462181143996
0.24,0.0,0.23,0.41357459950937414
0.23,0.0,0.24,0.555068421715238
0.23,0.0,0.23,0.7437098863300696
0.23,0.0,0.23,0.901706620243578
0.25,0.0,0.23,1.0562040648738957
0.23,0.0,0.25,1.233546345214352
0.25,0.0,0.23,1.4175066116005728
0.24,0.0,0.25,1.6190333364951641
0.24,0.0,0.24,1.7933633362431496
0.23,0.0,0.24,1.9816641584004577
0.24,0.0,0.23,2.1778808191915378
0.24,0.0,0.24,2.381098460252694
0.24,0.0,0.24,2.580643232090535
0.24,0.0,0.24,2.779141266333878
0.23,0.0,0.24,2.977380115720312
0.23,0.0,0.23,3.1738560811354297
0.24,0.0,0.23,3.373035988962074
0.24,0.0,0.24,3.5796020671117734
0.24,0.0,0.24,3.75431104175196
0.56,0.0,0.24,3.9464663292145885
1.98,0.0,0.56,4.450430074382918
4.99,0.0,1.98,6.030527764715649
10.02,1.1651584,4.99,9.153476301129208
16.36,6.0474977,10.02,14.369055388664979
23.33,12.658463,16.36,20.96015825001084
30.58,20.295,23.33,28.199344037833498
37.59,29.995022,30.58,35.63413781472828
38.75,37.234463,37.59,42.77873278605454
38.43,41.81116,38.75,44.001395630572766
40.21,43.566628,38.43,43.36914454800322
40.69,45.211075,40.21,44.3311257967577
40.9,45.054447,40.69,43.91941669440708
42.50999999999999,44.3823,40.9,43.37896533509659
43.22,43.84672,42.50999999999999,44.378050866324955
45.96,43.431713,43.22,44.67751296780055
49.83,43.25169,45.96,47.087730849574385
50.48,43.825794,49.83,50.54342080719152
55.7,43.900066,50.48,50.90068585932543
55.48,40.349125,55.7,54.42540299606668
57.56,38.662975,55.48,53.77635102257335
59.34,36.722496,57.56,55.71194734677964
59.3,35.859486,59.34,57.1273780913755
60.25,34.785126,59.3,56.78438235882926
57.89,34.276268,60.25,57.431919689174144
52.75,30.977028,57.89,54.835338918089136
44.55,27.444307,52.75,49.759401000078164
36.01,22.842413,44.55,41.54245690109566
28.01,17.84055,36.01,32.69171192485444
21.05,11.154235,28.01,24.28045326150195
7.23,6.0072136,21.05,16.8892889602389
9.65,0.0,7.23,2.886058758069352
7.7,0.0,9.65,5.034145145440824
1.36,0.0,7.7,3.3278466172805348
0.44,0.0,1.36,-2.5849546238462944
0.25,0.0,0.44,-3.3183630188049724
0.33,0.0,0.25,-3.4477797549196305
0.33,0.0,0.33,-2.7475191146612516
0.33,0.0,0.33,-2.6429482492223415
0.33,0.0,0.33,-2.3953950300606457
0.32,0.0,0.33,-1.9973469440042306
0.31,0.0,0.32,-1.659053244581745
0.23,0.0,0.31,-1.4734942632402772
0.24,0.0,0.23,-1.1377884047136015
0.23,0.0,0.24,-1.1228067656336937
0.23,0.0,0.23,-0.8884241660587034
0.23,0.0,0.23,-0.6238821541389392
0.24,0.0,0.23,-0.48933474049462033
0.23,0.0,0.24,-0.3400579408490046
0.23,0.0,0.23,-0.6984993381221574
0.23,0.0,0.23,-0.5964086741002176
0.23,0.0,0.23,-0.5235600134527031
0.23,0.0,0.23,-0.4695871868634742
0.23,0.0,0.23,-0.3246647926631205
0.24,0.0,0.23,-0.2833479632491445
0.24,0.0,0.24,-0.29647563281452505
0.23,0.0,0.24,-0.2202794701103425
0.23,0.0,0.23,-0.08222535111700557
0.24,0.0,0.23,-0.053016821545732035
0.23,0.0,0.24,0.022287048861816816
0.24,0.0,0.23,0.10445592925073577
0.24,0.0,0.24,0.28610251130138425
0.24,0.0,0.24,0.3911995957202964
0.24,0.0,0.24,0.5142074249738611
0.23,0.0,0.24,0.6490397940286768
0.24,0.0,0.23,0.8290697782550978
0.24,0.0,0.24,0.984581783053172
0.23,0.0,0.24,1.1435493434726227
0.23,0.0,0.23,1.2980608595600527
0.25,0.0,0.23,1.506608873947275
0.24,0.0,0.25,1.707548281630547
0.24,0.0,0.24,1.8832905017372965
0.24,0.0,0.24,2.081332922552033
0.23,0.0,0.24,2.274729305032026
0.22,0.0,0.23,2.467030392419453
0.24,0.0,0.22,2.6460742674735127
0.24,0.0,0.24,2.8635735743089628
0.23,0.0,0.24,3.065392540087562
0.24,0.0,0.23,3.2568070582648168
0.24,0.0,0.24,3.4699587947609447
0.23,0.0,0.24,3.673191651269798
0.24,0.0,0.23,3.842500498860301
0.36,0.0,0.24,4.043676649278827
2.22,0.0,0.36,4.346798601703693
5.26,0.0,2.22,6.366687048412372
9.43,1.2922714,5.26,9.529416698278624
14.76,6.0669622,9.43,13.882375252841227
20.87,11.856269,14.76,19.41537321952065
27.59,18.499796,20.87,25.727830572037046
34.75,26.690302,27.59,32.603120843019255
41.94,33.69021,34.75,39.87465296464296
49.09,40.36781,41.94,47.0846940248392
55.8,47.21051,49.09,54.07996123482175
59.94,53.949715,55.8,60.30018332637404
59.85,57.99593,59.94,63.78734671504585
60.87,59.189743,59.85,63.12156270157198
61.94,59.45571,60.87,63.419341931661066
63.7,59.50797,61.94,63.70756102071376
64.97,59.5857,63.7,64.86695283241474
69.27,59.688416,64.97,65.54135061564142
68.28,60.76369,69.27,69.30056509145942
59.3,60.339787,68.28,67.92810867186256
57.9,49.75235,59.3,57.206257089694496
55.06,44.163517,57.9,54.99813815675756
57.53,37.36148,55.06,51.472571473455176
61.13,34.826366,57.53,53.55089457929472
59.89,34.205402,61.13,56.84450909051396
53.42,33.129154,59.89,55.730405765444054
46.95,28.015951,53.42,49.441855271530564
40.12,23.085823,46.95,42.697131109601536
32.98,18.190742,40.12,35.78752564274614
25.85,13.565113,32.98,28.45152329439385
19.14,7.4265027,25.85,20.990746658197033
11.25,2.4009697,19.14,14.119390118138515
7.3,0.0,11.25,6.463831382952501
3.51,0.0,7.3,2.5743218337383666
1.4,0.0,3.51,-0.8982084595809703
0.29,0.0,1.4,-2.744637911660511
0.34,0.0,0.29,-3.6547874898491135
0.33,0.0,0.34,-3.325343278605209
0.33,0.0,0.33,-2.797661386627923
0.32,0.0,0.33,-2.4570508438899745
0.32,0.0,0.32,-2.1287523675705207
0.32,0.0,0.32,-1.83908728249023
0.33,0.0,0.32,-1.4349225984489573
0.22,0.0,0.33,-1.1886165822875605
0.24,0.0,0.22,-1.0891343707928394
0.22,0.0,0.24,-0.9127239967881042
0.23,0.0,0.22,-0.6826713210978503
0.23,0.0,0.23,-0.5179395413568396
0.23,0.0,0.23,-0.35676215457867927
0.23,0.0,0.23,-0.24309011642077202
0.23,0.0,0.23,-0.7668941842139133
0.23,0.0,0.23,-0.6939345493970718
0.24,0.0,0.23,-0.6282627659354426
0.23,0.0,0.24,-0.5673213659108876
0.23,0.0,0.23,-0.43682049942649526
0.23,0.0,0.23,-0.4018768571834287
0.24,0.0,0.23,-0.3815212569817456
0.24,0.0,0.24,-0.3352385177988976
0.22,0.0,0.24,-0.21030564275367453
0.24,0.0,0.22,-0.1745450178225083
0.23,0.0,0.24,-0.08789886950210965
0.23,0.0,0.23,-0.00446730319256336
0.23,0.0,0.23,0.16027038584226352
0.24,0.0,0.23,0.27250606688483825
0.24,0.0,0.24,0.4043663705392313
0.23,0.0,0.24,0.5365164715621612
0.23,0.0,0.23,0.7162601985561848
0.24,0.0,0.23,0.8714990425672096
0.24,0.0,0.24,1.0348503354288003
0.23,0.0,0.24,1.2009323153287854
0.25,0.0,0.23,1.3982867988943366
0.23,0.0,0.25,1.5950982471855726
0.24,0.0,0.23,1.7629922667058013
0.24,0.0,0.24,1.964656785221902
0.24,0.0,0.24,2.1710264720544012
0.24,0.0,0.24,2.3652290921110475
0.24,0.0,0.24,2.561414474047121
0.23,0.0,0.24,2.762120158103581
0.24,0.0,0.23,2.9542531280649973
0.23,0.0,0.24,3.166908892716169
0.23,0.0,0.23,3.356554294297853
0.23,0.0,0.23,3.552739983629709
0.24,0.0,0.23,3.732180170830753
0.43,0.0,0.24,3.9337793547060094
2.26,0.0,0.43,4.313783195163478
5.28,0.0,2.26,6.298438088123663
7.94,0.63700193,5.28,9.437897374004045
13.59,4.7066045,7.94,12.301647932338932
18.93,9.927646,13.59,18.101509796984477
27.61,16.041805,18.93,23.628114046602864
35.03,25.229172,27.61,32.46959782862054
42.21,32.933475,35.03,40.06493121781286
48.97,40.578083,42.21,47.30090137397664
55.23,47.219017,48.97,53.86784563784713
59.84,53.47448,55.23,59.54163157258538
63.14999999999999,57.396442,59.84,63.56265933153818
58.8,59.8726,63.14999999999999,66.31743664173065
60.3,59.127007,58.8,61.394558126187576
59.13,58.905212,60.3,62.015836647750035
56.48,57.30067,59.13,60.10843364806573
57.0,55.346436,56.48,56.9035245609139
59.03,53.719147,57.0,56.779151214128696
61.51,53.373924,59.03,58.10077878534824
63.93,47.578342,61.51,59.121341131786494
71.65,45.195694,63.93,61.212111668408255
72.36,43.672813,71.65,68.60682678169192
67.79,42.525288,72.36,69.25123421402233
61.99,40.24646,67.79,64.45559909060715
55.77,36.141468,61.99,58.01348130052635
48.89,29.441559,55.77,51.3737541168492
42.09,23.90604,48.89,44.141308447076085
32.86,19.129314,42.09,37.12867000187698
19.66,13.72083,32.86,27.9715058559797
14.5,2.7143078,19.66,14.930764616102067
12.45,0.0,14.5,9.390846144207496
6.65,0.0,12.45,7.213180339121873
3.62,0.0,6.65,1.6964057515620978
1.54,0.0,3.62,-1.1585389272142126
0.28,0.0,1.54,-3.026609726021909
0.35,0.0,0.28,-3.7061986263156714
0.34,0.0,0.35,-3.259465762755389
0.34,0.0,0.34,-2.947189618655484
0.33,0.0,0.34,-2.543289750936213
0.33,0.0,0.33,-2.272229313552293
0.33,0.0,0.33,-1.9789717585872857
0.29,0.0,0.33,-1.4780236567169902
0.23,0.0,0.29,-1.3279396598378321
0.24,0.0,0.23,-1.2514364181300126
0.23,0.0,0.24,-0.9938600183285407
0.25,0.0,0.23,-0.6620054179438918
0.25,0.0,0.25,-0.4433857711351922
0.23,0.0,0.25,-0.29493947056230707
0.24,0.0,0.23,-0.22079737316109405
0.24,0.0,0.24,-0.5731575864077153
0.24,0.0,0.24,-0.49448576887689943
0.23,0.0,0.24,-0.4265139821834336
0.23,0.0,0.23,-0.3925444621995899
0.23,0.0,0.23,-0.3010576199177778
0.24,0.0,0.23,-0.2723966280874266
0.23,0.0,0.24,-0.22067773137158375
0.23,0.0,0.23,-0.20858477521994878
0.24,0.0,0.23,-0.07898225075846907
0.23,0.0,0.24,-0.018635687346867588
0.23,0.0,0.23,0.038593535216917274
0.23,0.0,0.23,0.132378657931482
0.24,0.0,0.23,0.29348236925424653
0.24,0.0,0.24,0.4063103528926869
0.24,0.0,0.24,0.5387824697557578
0.24,0.0,0.24,0.6628228097995513
0.24,0.0,0.24,0.8633193387770192
0.25,0.0,0.24,1.0119477321897774
0.23,0.0,0.25,1.1768919410338619
0.24,0.0,0.23,1.3243277060259033
0.23,0.0,0.24,1.5302429296932394
0.24,0.0,0.23,1.7055630708519935
0.23,0.0,0.24,1.9076644330423298
0.23,0.0,0.23,2.0837365089476245
0.24,0.0,0.23,2.2973927147805493
0.24,0.0,0.24,2.503933148289049
0.23,0.0,0.24,2.6953376528583024
0.23,0.0,0.23,2.893224854297643
0.23,0.0,0.23,3.095545605634853
0.24,0.0,0.23,3.3095541073446584
0.22,0.0,0.24,3.5333099630361176
0.24,0.0,0.22,3.7339080403078584
0.24,0.0,0.24,3.9316062831172323
0.25,0.0,0.24,4.123071029618244
1.63,0.0,0.25,4.321956512867891
3.66,0.0,1.63,5.887475778418594
4.71,1.841967,3.66,8.03693152527065
8.12,4.341431,4.71,9.270684474632509
17.98,6.685877,8.12,12.821733264345207
20.35,13.037356,17.98,22.74024810985175
20.19,21.953732,20.35,25.251063946429056
20.22,23.559393,20.19,25.420352221260934
21.33,23.53931,20.22,25.12958937250565
24.56,23.101326,21.33,26.006594828121585
29.67,23.687366,24.56,29.17073978124744
34.6,26.558683,29.67,34.05843811785607
39.02,31.238333,34.6,38.883773887739984
45.84,35.90662,39.02,43.14383637852125
50.55,39.787827,45.84,49.882496776046644
59.59,44.036663,50.55,54.33463215689039
65.62,48.61274,59.59,63.17281643354729
62.93,53.59776,65.62,68.67013819541226
57.38,55.064575,62.93,65.58106310583247
61.46,53.905746,57.38,59.014203164810304
57.5,52.63475,61.46,62.204810264437576
50.17,50.168507,57.5,57.78355826095788
49.49,46.417896,50.17,49.870556827419236
48.81,44.084164,49.49,48.11816225352224
48.44,41.941616,48.81,46.8720752667218
48.85,38.79748,48.44,46.850069654847594
51.73,38.225437,48.85,46.598104284727725
50.15,39.20003,51.73,49.065638898271686
55.57,37.836784,50.15,47.677460067624104
69.58,38.784508,55.57,52.741258079838474
76.17000000000002,41.61003,69.58,66.61164841371603
73.95,44.982857,76.17000000000002,73.76143910917263
71.55,46.204506,73.95,71.64149646387058
66.1,44.6393,71.55,68.75261735079361
62.76,38.751987,66.1,63.05248283907129
55.74,35.101566,62.76,59.2252015237521
49.57,30.973684,55.74,51.60061211679672
45.16,26.755314,49.57,45.07930944675669
38.72,21.598778,45.16,40.4626475735917
32.58,17.509651,38.72,33.998276883818235
26.0,13.525341,32.58,28.134591245055034
20.09,9.569687,26.0,21.52059870916205
14.62,3.79472,20.09,15.461971039419833
7.96,0.0,14.62,9.902651915975529
2.43,0.0,7.96,3.424471589033171
3.06,0.0,2.43,-1.9410402346280327
1.09,0.0,3.06,-1.0768693592801784
0.24,0.0,1.09,-2.652642480908495
0.32,0.0,0.24,-3.011551596121914
0.32,0.0,0.32,-2.6492631895596728
0.31,0.0,0.32,-2.2643052454690937
0.31,0.0,0.31,-1.905079603116736
0.3,0.0,0.31,-1.7729493677711547
0.27,0.0,0.3,-1.5060641814993831
0.26,0.0,0.27,-1.1161900031978842
0.22,0.0,0.26,-0.8438568966701114
0.24,0.0,0.22,-0.6159821512776374
0.23,0.0,0.24,-0.34381385993480507
0.23,0.0,0.23,-0.17538442131530052
0.23,0.0,0.23,-0.0252758621255756
0.24,0.0,0.23,0.03879876479462238
0.23,0.0,0.24,0.11136384116801498
0.23,0.0,0.23,-0.6606973043680443
0.23,0.0,0.23,-0.6089706517206271
0.23,0.0,0.23,-0.5617516157668084
0.24,0.0,0.23,-0.5241408780039561
0.24,0.0,0.24,-0.3871142257638857
0.24,0.0,0.24,-0.3544318477280425
0.24,0.0,0.24,-0.3349743065480015
0.24,0.0,0.24,-0.3175127123075022
0.23,0.0,0.24,-0.164806475202368
0.23,0.0,0.23,-0.11584872681975916
0.24,0.0,0.23,-0.04025786712211231
0.24,0.0,0.24,0.0620056950796365
0.24,0.0,0.24,0.23576950961570453
0.25,0.0,0.24,0.3485186512019437
0.24,0.0,0.25,0.4886986599382343
0.24,0.0,0.24,0.6164236632587895
0.23,0.0,0.24,0.814064824677663
0.23,0.0,0.23,0.9580086747246401
0.23,0.0,0.23,1.1181633377808406
0.24,0.0,0.23,1.2905452677233025
0.25,0.0,0.24,1.5125068324372926
0.24,0.0,0.25,1.703380871068564
0.24,0.0,0.24,1.884428113856384
0.24,0.0,0.24,2.073450978094612
0.24,0.0,0.24,2.2855065523836395
0.24,0.0,0.24,2.4836278042984063
0.23,0.0,0.24,2.6856054835867007
0.23,0.0,0.23,2.8808829901453787
0.23,0.0,0.23,3.0810648629843436
0.24,0.0,0.23,3.28218625401247
0.23,0.0,0.24,3.4944813189754256
0.23,0.0,0.23,3.6804604315786786
0.25,0.0,0.23,3.8561420736001764
0.24,0.0,0.25,4.057724584961947
1.78,0.0,0.24,4.2338010985536805
4.85,0.0,1.78,5.935967892557501
9.78,0.0,4.85,9.114650200206066
16.06,4.0182834,9.78,14.233575194345638
23.15,10.627583,16.06,20.734152923227082
29.75,18.388535,23.15,28.085747018928693
40.82,26.647697,29.75,34.8857239408474
49.99,35.381435,40.82,46.017884196839596
58.95,44.34834,49.99,55.16422048603872
66.55,52.65724,58.95,63.658809247828245
73.26,59.189976,66.55,70.5548679927743
79.55,63.530094,73.26,76.70449107149662
81.99,66.81421,79.55,82.46225395247396
87.23,68.6933,81.99,84.30087620659484
82.97,71.204666,87.23,88.76256359821316
87.96,70.50842,82.97,83.81408565623086
45.18,71.73493,87.96,87.91365586425133
44.18,48.368916,45.18,42.97051612415753
42.81,36.77936,44.18,40.405404091165124
44.7,28.380987,42.81,37.40440941342798
43.88,24.651981,44.7,39.30547937991656
38.56,20.551075,43.88,38.77206444134026
37.37,16.874866,38.56,33.12359409211797
36.349999999999994,13.2236395,37.37,32.90509821459675
31.29,10.463968,36.349999999999994,31.905157168765605
23.25,5.201166,31.29,27.159794272943273
15.58,0.7157917,23.25,18.84685879106309
9.33,0.0,15.58,10.90828449449525
4.69,0.0,9.33,4.299739324046545
1.91,0.0,4.69,0.5801810780912436
0.37,0.0,1.91,-2.237432825947233
0.33,0.0,0.37,-3.552569662149982
0.31,0.0,0.33,-3.3066987816075804
0.31,0.0,0.31,-2.885878109891932
0.28,0.0,0.31,-2.441486009559036
0.28,0.0,0.28,-2.1869577171173624
0.27,0.0,0.28,-1.9425051583924742
0.25,0.0,0.27,-1.5632511807298615
0.24,0.0,0.25,-1.2142328128400695
0.22,0.0,0.24,-0.9176021203403822
0.23,0.0,0.22,-0.5881329823786354
0.23,0.0,0.23,-0.5462959409873875
0.24,0.0,0.23,-0.42842761847943267
0.24,0.0,0.24,-0.3295872617264274
0.24,0.0,0.24,-0.23771767861922644
0.23,0.0,0.24,-1.2550756150003566
0.23,0.0,0.23,-1.2039091879757133
0.23,0.0,0.23,-1.1249697569472854
0.24,0.0,0.23,-1.0250104925294403
0.23,0.0,0.24,-0.8387745723078727
0.23,0.0,0.23,-0.8053252486670981
0.24,0.0,0.23,-0.7764580731573988
0.23,0.0,0.24,-0.7289291185330061
0.24,0.0,0.23,-0.6059419225520005
0.23,0.0,0.24,-0.5428897470259145
0.24,0.0,0.23,-0.48286883425947624
0.23,0.0,0.24,-0.37737513258108546
0.24,0.0,0.23,-0.22896162083071014
0.23,0.0,0.24,-0.10808879244641287
0.23,0.0,0.23,0.005921730489483849
0.24,0.0,0.23,0.14202635883095094
0.24,0.0,0.24,0.343146933771682
0.24,0.0,0.24,0.4884364449878978
0.24,0.0,0.24,0.648530760394085
0.24,0.0,0.24,0.817401211386555
0.23,0.0,0.24,1.023644826021321
0.24,0.0,0.23,1.192818696134858
0.23,0.0,0.24,1.3840684212116983
0.24,0.0,0.23,1.5741942428997209
0.23,0.0,0.24,1.788325542257924
0.24,0.0,0.23,1.9782666117806071
0.24,0.0,0.24,2.1868046260211846
0.23,0.0,0.24,2.3831295585390233
0.23,0.0,0.23,2.575902912158372
0.23,0.0,0.23,2.7763096425999363
0.23,0.0,0.23,2.9738190762845083
0.24,0.0,0.23,3.1648265125407042
0.25,0.0,0.24,3.3440409892033176
0.4,0.0,0.25,3.5595194369566125
2.45,0.0,0.4,3.8890626874944405
6.07,0.0,2.45,6.1054648924918355
10.09,0.0,6.07,9.852013357326257
14.54,3.546844,10.09,14.115516824819707
16.05,9.16876,14.54,18.807639012489762
17.41,13.341472,16.05,20.528831987196813
18.75,18.201553,17.41,21.93077827181129
18.92,20.676847,18.75,23.104338095108428
20.25,21.945194,18.92,22.819386933496173
20.75,22.353521,20.25,23.38760868966626
22.19,22.996511,20.75,23.306022568111185
22.75,22.597025,22.19,24.457945911543437
23.38,21.581978,22.75,24.741853125159725
26.12,20.467295,23.38,25.09595884662051
28.5,20.807962,26.12,27.50154488115817
26.64,21.155579,28.5,29.63906616755688
27.51,16.204771,26.64,25.90637199068768
27.96,15.18345,27.51,26.50108855321755
28.62,15.818124,27.96,26.75221716484243
29.77,14.468522,28.62,27.437022638420892
28.47,14.472418,29.77,28.47466722877308
29.53,13.4056835,28.47,27.184557273470464
29.04,13.537109,29.53,28.42632958833478
21.59,11.716586,29.04,28.146679701361673
14.83,8.531684,21.59,20.727252712628754
8.8,4.6762013,14.83,13.620551822743272
3.68,0.50928265,8.8,7.019113190708524
1.63,0.0,3.68,1.6760712946313383
0.29,0.0,1.63,-0.5186951604218384
0.33,0.0,0.29,-1.9333354805685725
0.29,0.0,0.33,-1.7201415464840133
0.27,0.0,0.29,-1.5494353450643903
0.25,0.0,0.27,-1.5004157449289266
0.25,0.0,0.25,-1.4237010388368083
0.25,0.0,0.25,-1.4754577223010115
0.24,0.0,0.25,-1.3871050501351498
0.23,0.0,0.24,-1.2812445108046244
0.24,0.0,0.23,-1.1682634467123967
0.24,0.0,0.24,-1.0275535222113574
0.24,0.0,0.24,-0.7877348182950226
0.23,0.0,0.24,-0.7509194180556976
0.23,0.0,0.23,-0.7191326928748558
0.23,0.0,0.23,-0.6842458630224789
0.23,0.0,0.23,-1.0177820953675558
0.23,0.0,0.23,-0.9533839648673863
0.23,0.0,0.23,-0.8913746908244942
0.22,0.0,0.23,-0.8062267365559773
0.23,0.0,0.22,-0.6345423110648161
0.24,0.0,0.23,-0.5859274143389824
0.24,0.0,0.24,-0.5367418624085638
0.24,0.0,0.24,-0.5050947858223558
0.24,0.0,0.24,-0.3916830391878564
0.25,0.0,0.24,-0.33189248163316537
0.24,0.0,0.25,-0.2541203529751859
0.23,0.0,0.24,-0.1761100628997496
0.23,0.0,0.23,-0.02177258175570681
0.25,0.0,0.23,0.09020403118880811
0.24,0.0,0.25,0.23734153346660647
0.24,0.0,0.24,0.36328658262387536
0.23,0.0,0.24,0.561407488656294
0.24,0.0,0.23,0.6989978470128339
0.23,0.0,0.24,0.8677454238263748
0.23,0.0,0.23,1.0221006994723483
0.23,0.0,0.23,1.230600320248656
0.23,0.0,0.23,1.414087580555188
0.24,0.0,0.23,1.6097818452565817
0.23,0.0,0.24,1.8142540479863238
0.24,0.0,0.23,2.006618387464285
0.25,0.0,0.24,2.204517378999186
0.24,0.0,0.25,2.4212331592151695
0.25,0.0,0.24,2.6136603331610795
0.23,0.0,0.25,2.8196634020160833
0.23,0.0,0.23,2.9953134259415615
0.24,0.0,0.23,3.1943301410351763
0.24,0.0,0.24,3.4025160122612594
0.25,0.0,0.24,3.581748905156735
0.24,0.0,0.25,3.7924756087009563
1.72,0.0,0.24,3.9658478062755496
4.71,0.0,1.72,5.614669100570763
9.32,0.0046374183,4.71,8.71246158686574
15.24,4.7621284,9.32,13.50637899148716
17.17,10.836918,15.24,19.637775303360236
21.29,15.777948,17.17,21.836875954824162
26.52,22.101212,21.29,25.983346322556628
28.15,26.893345,26.52,31.065879806684485
30.93,29.949392,28.15,32.46939447065736
30.86,32.27725,30.93,34.76601602618804
31.98,34.02693,30.86,34.164354351534406
32.16,33.980427,31.98,34.923231973218925
32.85,32.827328,32.16,34.66467457395108
33.12,31.791029,32.85,34.92188478488276
33.12,31.338604,33.12,34.80160565028761
33.88,30.294487,33.12,34.3983870278937
33.26,29.21632,33.88,34.81439523976653
37.76,27.751207,33.26,33.937705363479296
37.78,25.44846,37.76,36.87102519776032
38.39,24.67163,37.78,36.669118354438005
39.27,24.86922,38.39,37.15938721086476
39.86,24.118172,39.27,37.68993714461145
40.35,23.562841,39.86,38.18559788767383
40.71,23.371716,40.35,38.423681882456236
41.71,22.980368,40.71,38.474807005640194
43.7,20.689224,41.71,39.47324826697131
40.91,20.062145,43.7,41.3934153031709
33.55,18.967516,40.91,38.67552808952154
26.19,15.965657,33.55,31.38393278739676
18.93,10.246344,26.19,23.952644977049637
12.59,5.312517,18.93,16.330217746249406
7.61,0.6421223,12.59,9.745781015624926
3.56,0.0,7.61,4.501829030422149
1.41,0.0,3.56,0.4840195817787335
0.26,0.0,1.41,-1.5337075187662108
0.32,0.0,0.26,-2.495431732306305
0.3,0.0,0.32,-2.257254655269173
0.28,0.0,0.3,-2.046374835011402
0.27,0.0,0.28,-1.9923117780335622
0.27,0.0,0.27,-1.864015274408203
0.25,0.0,0.27,-1.6848853961934869
0.24,0.0,0.25,-1.436746916682923
0.22,0.0,0.24,-1.2619018143030767
0.23,0.0,0.22,-1.1280838258018964
0.23,0.0,0.23,-0.9807243963821178
0.24,0.0,0.23,-0.7506459155186241
0.24,0.0,0.24,-0.6438680198544897
0.24,0.0,0.24,-0.5549442210836583
0.23,0.0,0.24,-0.4945486628562161
0.23,0.0,0.23,-1.0819809128999205
0.23,0.0,0.23,-0.972311541530884
0.24,0.0,0.23,-0.8884198260611533
0.24,0.0,0.24,-0.8260467836976872
0.23,0.0,0.24,-0.6879061602277805
0.22,0.0,0.23,-0.6630487394102061
0.24,0.0,0.22,-0.6482621234974059
0.24,0.0,0.24,-0.5918812111302764
0.24,0.0,0.24,-0.4669626984580948
0.23,0.0,0.24,-0.4171290794907165
0.24,0.0,0.23,-0.3519741908197948
0.24,0.0,0.24,-0.2539874887353517
0.25,0.0,0.24,-0.08446357943983872
0.23,0.0,0.25,0.036733921304848635
0.24,0.0,0.23,0.14191215056901751
0.24,0.0,0.24,0.2795700941882773
0.24,0.0,0.24,0.4717779247238294
0.23,0.0,0.24,0.6246589961828086
0.25,0.0,0.23,0.7654431472542714
0.24,0.0,0.25,0.9519699014874426
0.24,0.0,0.24,1.1497597959959918
0.23,0.0,0.24,1.3326558157103916
0.24,0.0,0.23,1.5062756171191984
0.22,0.0,0.24,1.714679703936846
0.24,0.0,0.22,1.9060108912243485
0.24,0.0,0.24,2.122349482940455
0.24,0.0,0.24,2.3224561008858426
0.23,0.0,0.24,2.5267847247450903
0.23,0.0,0.23,2.7140902725357567
0.23,0.0,0.23,2.9045528277888266
0.24,0.0,0.23,3.0986288961195156
0.22,0.0,0.24,3.3067205749115836
0.24,0.0,0.22,3.462186312067785
0.17,0.0,0.24,3.6646247865080963
0.66,0.0,0.17,3.781044871059114
4.48,0.0,0.66,4.447378591688061
5.48,0.0,4.48,8.35304081097538
6.06,1.3615981,5.48,9.555918531260302
13.89,3.559052,6.06,10.310443255310183
28.34,7.909965,13.89,18.089448781681956
35.72,20.077665,28.34,32.65070742297388
38.75,31.557882,35.72,40.51139728306685
34.36,39.8315,38.75,43.50839217891511
31.97,40.480892,34.36,38.658205742179334
34.31,38.76418,31.97,35.572446365254514
33.5,36.87219,34.31,37.131471925775
33.81,35.444378,33.5,35.669898884644766
34.81,34.23983,33.81,35.64031606313535
33.86,33.99167,34.81,36.15299733913641
34.76,32.3462,33.86,35.12808624309228
33.77,30.857746,34.76,35.87979439487485
32.63,29.39701,33.77,34.41754716353514
32.3,28.301474,32.63,32.76074367414986
26.35,27.062489,32.3,31.91785783085575
27.2,21.3486,26.35,24.59415475358927
28.77,18.51477,27.2,25.241476304614803
29.32,17.442478,28.77,26.59573726706941
29.17,17.082882,29.32,27.158217096698532
27.44,17.4189,29.17,27.01904454433651
27.33,16.446093,27.44,25.148684751021925
27.6,14.935067,27.33,25.074576582761022
27.26,12.534365,27.6,25.280092527736777
27.3,11.49021,27.26,24.854940879488343
28.01,10.969511,27.3,24.996241390440815
25.28,10.923036,28.01,25.91091990714119
18.37,8.61104,25.28,23.55709319805287
10.2,5.4056954,18.37,16.942186284525896
6.2,1.2573682,10.2,8.510864893828733
2.08,0.0,6.2,4.1068074568903565
0.41,0.0,2.08,-0.08672955391258064
0.29,0.0,0.41,-1.7569912302623796
0.31,0.0,0.29,-1.793324742170652
0.28,0.0,0.31,-1.5755982509177764
0.26,0.0,0.28,-1.292980351574623
0.25,0.0,0.26,-1.2204581613707406
0.26,0.0,0.25,-1.17161902684553
0.25,0.0,0.26,-1.1912599871825171
0.24,0.0,0.25,-1.0774913199116758
0.23,0.0,0.24,-0.9970359937998687
0.24,0.0,0.23,-0.8325625007069278
0.24,0.0,0.24,-0.7322464718834951
0.23,0.0,0.24,-0.5289096966504635
0.24,0.0,0.23,-0.4900179249929205
0.23,0.0,0.24,-0.4667070442500964
0.24,0.0,0.23,-0.4493825558644033
0.24,0.0,0.24,-0.9769473441141348
0.24,0.0,0.24,-0.9315611886661926
0.23,0.0,0.24,-0.8711181766356777
0.23,0.0,0.23,-0.8031512411946884
0.24,0.0,0.23,-0.6457142458028002
0.24,0.0,0.24,-0.5918113820134572
0.23,0.0,0.24,-0.5772365242870638
0.23,0.0,0.23,-0.5445100034190642
0.23,0.0,0.23,-0.4307747054701863
0.24,0.0,0.23,-0.3770778371118628
0.23,0.0,0.24,-0.2918129431073382
0.25,0.0,0.23,-0.21910632462316879
0.24,0.0,0.25,-0.028250704204202393
0.24,0.0,0.24,0.07447044846998409
0.23,0.0,0.24,0.19577943236221806
0.23,0.0,0.23,0.3227069346670384
0.24,0.0,0.23,0.5158844616724726
0.24,0.0,0.24,0.6757596100929385
0.24,0.0,0.24,0.8344103937074052
0.23,0.0,0.24,1.0006928937773816
0.22,0.0,0.23,1.2007980719396307
0.23,0.0,0.22,1.3704351952121407
0.24,0.0,0.23,1.5665813359346068
0.24,0.0,0.24,1.759373839087925
0.23,0.0,0.24,1.9721558476000036
0.24,0.0,0.23,2.15757146838625
0.24,0.0,0.24,2.368459663144279
0.24,0.0,0.24,2.567908021525367
0.23,0.0,0.24,2.7672536313317653
0.23,0.0,0.23,2.959623132109014
0.24,0.0,0.23,3.1586997001259105
0.23,0.0,0.24,3.362850507267018
0.25,0.0,0.23,3.5313352500532913
0.17,0.0,0.25,3.7417197232416175
0.77,0.0,0.17,3.852784072111107
3.5,0.0,0.77,4.633560012511048
8.6,0.0,3.5,7.474051652592699
15.44,1.1587852,8.6,12.730408137952518
22.3,8.156351,15.44,19.799796167102702
21.94,16.253326,22.3,26.940724439403013
20.7,23.045223,21.94,26.768018126720637
23.46,24.707973,20.7,25.263466265560062
28.83,25.234392,23.46,27.3538323809173
30.56,27.332941,28.83,32.30882853288037
37.06,30.946533,30.56,33.8387570799063
36.93,35.183598,37.06,39.90487214511776
37.27,36.24029,36.93,39.65460404525667
37.62,35.923717,37.27,39.81193488658751
38.53,35.340633,37.62,39.58478309615966
38.4,34.66216,38.53,39.936105673320235
38.15,33.688503,38.4,39.40190123529986
37.3,32.76953,38.15,38.59556077855052
30.86,31.635113,37.3,37.4502076267985
30.65,24.975683,30.86,29.64298636092206
30.75,21.87764,30.65,28.945643027751775
31.17,20.488766,30.75,28.551259513070526
31.77,19.418772,31.17,28.915518802182397
32.31,19.785889,31.77,29.269026870896838
32.69,18.88184,32.31,29.744095902780554
33.59,17.930243,32.69,30.216710788296634
34.44,15.992696,33.59,31.076542520734318
35.77,15.018212,34.44,31.93063272584429
33.58,14.945838,35.77,33.33556159511318
26.37,14.199693,33.58,31.290233174032235
18.54,9.637619,26.37,24.263058514267083
12.36,4.853153,18.54,16.468657039129408
7.04,0.41022936,12.36,9.978799079971449
3.35,0.0,7.04,4.42233252561441
0.99,0.0,3.35,0.6381952274237068
0.26,0.0,0.99,-1.6888353927774915
0.33,0.0,0.26,-2.235606091864832
0.3,0.0,0.33,-1.9709575999221933
0.29,0.0,0.3,-1.7528852933116719
0.28,0.0,0.29,-1.6405374880099413
0.27,0.0,0.28,-1.6110502362895938
0.28,0.0,0.27,-1.5481562077734692
0.25,0.0,0.28,-1.273620515318162
0.24,0.0,0.25,-1.1836345864131423
0.23,0.0,0.24,-1.0668275662715487
0.24,0.0,0.23,-0.9615634652604376
0.23,0.0,0.24,-0.7560449035161607
0.24,0.0,0.23,-0.695394501552422
0.23,0.0,0.24,-0.6358351710175032
0.24,0.0,0.23,-0.6007304181834154
0.24,0.0,0.24,-1.1015848977719536
0.23,0.0,0.24,-1.0317782068570218
0.23,0.0,0.23,-0.9482280660738724
0.24,0.0,0.23,-0.8697380962452986
0.24,0.0,0.24,-0.7215296990184495
0.23,0.0,0.24,-0.6911274048346415
0.24,0.0,0.23,-0.6758263918383336
0.23,0.0,0.24,-0.6316370017890591
0.24,0.0,0.23,-0.5176134917556594
0.23,0.0,0.24,-0.45739620924859603
0.23,0.0,0.23,-0.3918343112118533
0.24,0.0,0.23,-0.31536845193099927
0.24,0.0,0.24,-0.12266557601126743
0.24,0.0,0.24,-0.023045887524767578
0.23,0.0,0.24,0.0819848547971751
0.23,0.0,0.23,0.2154879398978128
0.24,0.0,0.23,0.4172097167096819
0.24,0.0,0.24,0.5797848646681587
0.24,0.0,0.24,0.7448325711605683
0.24,0.0,0.24,0.908911384248775
0.23,0.0,0.24,1.118234035605268
0.24,0.0,0.23,1.2846388315057773
0.24,0.0,0.24,1.4922152129902484
0.24,0.0,0.24,1.6784189754737635
0.24,0.0,0.24,1.8768309119400324
0.24,0.0,0.24,2.0714868727703792
0.24,0.0,0.24,2.2637786689522863
0.24,0.0,0.24,2.4571613901976868
0.24,0.0,0.24,2.6588694616752617
0.23,0.0,0.24,2.856859026391855
0.23,0.0,0.23,3.0492505917660346
0.24,0.0,0.23,3.238014691228639
0.24,0.0,0.24,3.4243197579611095
0.24,0.0,0.24,3.6157388484375117
1.77,0.0,0.24,3.7958466587985846
4.79,0.0,1.77,5.491760733253046
11.15,0.0,4.79,8.634128115555253
18.7,3.2843466,11.15,15.193558015346685
26.28,11.307276,18.7,23.037151291131224
35.05,20.552986,26.28,30.934924419993635
41.85,32.864616,35.05,39.738000318187176
38.93,42.47786,41.85,46.262751924530185
45.46,44.895954,38.93,43.05822606086987
44.25,47.26419,45.46,48.83891486224067
43.81,47.90581,44.25,46.97051472237873
44.53,47.168983,43.81,46.14268151956447
45.83,46.010197,44.53,46.1253981089096
46.19,45.389023,45.83,46.885557359535476
47.78,44.687336,46.19,47.03512362292972
42.96,44.56888,47.78,48.0698114534634
43.27,35.060703,42.96,41.090945395982146
41.98,31.157043,43.27,40.95839456189465
42.19,26.884283,41.98,39.15365828312194
48.65,22.714571,42.19,39.09902733469608
44.5,22.051756,48.65,45.54201492360298
38.1,20.363552,44.5,41.431026504625095
30.32,17.261868,38.1,35.22784318623103
22.75,10.933543,30.32,27.19358486491921
13.61,5.190965,22.75,19.497295106463472
5.7,0.0,13.61,10.219170608398915
2.9,0.0,5.7,1.8369706064125224
0.88,0.0,2.9,-1.1216734822618717
0.28,0.0,0.88,-2.9274966152891855
0.32,0.0,0.28,-3.238322988602755
0.32,0.0,0.32,-2.9177581517213005
0.31,0.0,0.32,-2.533940299168774
0.31,0.0,0.31,-2.510353927384202
0.3,0.0,0.31,-2.3238504460219174
0.29,0.0,0.3,-2.1466525090904263
0.25,0.0,0.29,-1.8550743591557808
0.24,0.0,0.25,-1.7009464618689707
0.24,0.0,0.24,-1.462592886726818
0.22,0.0,0.24,-1.2304077130416546
0.24,0.0,0.22,-1.0241029648437328
0.22,0.0,0.24,-0.9332528673927271
0.24,0.0,0.22,-0.8772572086885736
0.23,0.0,0.24,-0.7912939674268391
0.23,0.0,0.23,-0.8234366366618844
0.23,0.0,0.23,-0.6797528532427116
0.23,0.0,0.23,-0.5898441287398141
0.23,0.0,0.23,-0.5238864731596877
0.24,0.0,0.23,-0.3803606079745703
0.24,0.0,0.24,-0.3330469179081627
0.24,0.0,0.24,-0.31220388431443036
0.24,0.0,0.24,-0.30184949157320984
0.23,0.0,0.24,-0.1756700669906514
0.23,0.0,0.23,-0.12866482695861653
0.24,0.0,0.23,-0.05736000037488746
0.24,0.0,0.24,0.04227653028112507
0.23,0.0,0.24,0.21280881599710286
0.24,0.0,0.23,0.31409457529094487
0.24,0.0,0.24,0.44420927147177275
0.24,0.0,0.24,0.5776852946823625
0.23,0.0,0.24,0.7798759024978642
0.24,0.0,0.23,0.9158929647245222
0.23,0.0,0.24,1.0900274101850917
0.23,0.0,0.23,1.243659212669038
0.24,0.0,0.23,1.451496228095825
0.23,0.0,0.24,1.6435534071527027
0.23,0.0,0.23,1.8203003121765884
0.24,0.0,0.23,2.006969067122184
0.23,0.0,0.24,2.226110735655957
0.25,0.0,0.23,2.4127337834381235
0.23,0.0,0.25,2.635892902849639
0.24,0.0,0.23,2.8191350216956006
0.23,0.0,0.24,3.0205006008166806
0.24,0.0,0.23,3.2085961330122013
0.23,0.0,0.24,3.4209722560275364
0.24,0.0,0.23,3.6071892296673735
0.25,0.047107518,0.24,3.7939172708367184
0.17,0.0,0.25,3.997370184527588
0.91,0.0,0.17,4.101677129513059
2.02,0.0,0.91,5.014313338892967
3.79,1.1242477,2.02,6.246280496946443
7.66,2.9003518,3.79,8.199962146220495
17.62,5.719693,7.66,12.223945562606266
24.65,12.588535,17.62,22.318932491797064
34.94,22.860884,24.65,29.60384348090767
45.27,33.01765,34.94,39.98516385745531
55.13,42.84324,45.27,50.088341593061294
64.8,51.834858,55.13,59.74136957009563
70.72,59.44628,64.8,69.14824726002304
67.32,64.66032,70.72,74.48510374828471
64.24,64.653984,67.32,70.71572973085186
63.93,61.85605,64.24,67.12192018162648
64.79,62.367546,63.93,65.19820349159178
61.49,61.290527,64.79,65.35873906067464
62.17,59.119164,61.49,61.58652193527953
59.42,58.136482,62.17,61.597907906273974
59.63,55.47943,59.42,58.54353532615831
58.2,53.93479,59.63,58.44588047006606
57.32,51.94525,58.2,56.65818940792544
53.8,50.63876,57.32,55.38593103348659
50.62,48.99815,53.8,51.17788028662193
50.29,45.819317,50.62,47.429843786772665
51.21,42.395554,50.29,46.61825740883273
50.67,39.99598,51.21,47.53180980795999
51.92,37.98578,50.67,46.96532695731619
53.39,37.54131,51.92,47.86638469099923
55.67,36.23178,53.39,49.130331887541075
56.11,35.07147,55.67,51.63516385358639
59.85,35.571663,56.11,51.815959912318405
55.44,32.709496,59.85,55.50911416982279
58.75999999999999,31.530308,55.44,50.63776405610354
35.49,29.532322,58.75999999999999,54.813794711050626
39.65,20.312674,35.49,31.466192795227492
31.73,15.767236,39.65,35.81572622475625
33.62,13.011165,31.73,27.265140839453572
29.39,12.912356,33.62,29.036001515508445
15.84,9.901896,29.39,24.980540170581172
11.19,3.8927379,15.84,11.637012488469484
6.23,0.0,11.19,7.5065220628489495
2.51,0.0,6.23,2.155539861644906
0.5,0.0,2.51,-1.1739555605006002
0.39,0.0,0.5,-3.2508855197430195
0.32,0.0,0.39,-3.1014920696277395
0.33,0.0,0.32,-2.806764456751519
0.33,0.0,0.33,-1.970851873661324
0.32,0.0,0.33,-1.9366987049431927
0.31,0.0,0.32,-1.6485267247540623
0.3,0.0,0.31,-1.6287073724185337
0.23,0.0,0.3,-1.4153980125187635
0.24,0.0,0.23,-1.1153988324165005
0.23,0.0,0.24,-0.937423354637753
0.23,0.0,0.23,-0.7488447678883546
0.23,0.0,0.23,-0.4724813261693534
0.23,0.0,0.23,-0.2998723364396308
0.24,0.0,0.23,-0.21855452179172125
0.23,0.0,0.24,-0.06495455362132144
0.24,0.0,0.23,-1.0916726508555006
0.24,0.0,0.24,-0.972998475392459
0.24,0.0,0.24,-0.9388011683396619
0.26,0.0,0.24,-0.8319677068893726
0.23,0.0,0.26,-0.6413674680641112
0.23,0.0,0.23,-0.6835983199973806
0.24,0.0,0.23,-0.6438014426033329
0.23,0.0,0.24,-0.6029881344402249
0.24,0.0,0.23,-0.4743816464777101
0.24,0.0,0.24,-0.40924240680216695
0.24,0.0,0.24,-0.33418100693952063
0.24,0.0,0.24,-0.2386409984435213
0.23,0.0,0.24,-0.058115450443402966
0.23,0.0,0.23,0.04134138159189872
0.23,0.0,0.23,0.15551350647196338
0.23,0.0,0.23,0.2980708700830054
0.23,0.0,0.23,0.48862670475201697
0.24,0.0,0.23,0.6358667804485953
0.23,0.0,0.24,0.8105335740013284
0.24,0.0,0.23,0.9592408406428371
0.23,0.0,0.24,1.167541041776694
0.24,0.0,0.23,1.333251313803899
0.24,0.0,0.24,1.528497117744485
0.24,0.0,0.24,1.718829851644375
0.23,0.0,0.24,1.9311958543886256
0.24,0.0,0.23,2.119287396272348
0.23,0.0,0.24,2.323857121988594
0.24,0.0,0.23,2.5233632702061852
0.23,0.0,0.24,2.738270769847357
0.24,0.0,0.23,2.9343923449935283
0.23,0.0,0.24,3.1440312379059843
0.23,0.0,0.23,3.3375742919272526
0.23,0.0,0.23,3.510312559147601
0.25,0.0,0.23,3.7032200600291127
1.71,0.0,0.25,3.9066719705092656
5.38,0.0,1.71,5.535119267933181
6.01,0.096600756,5.38,9.292238944069277
4.76,3.4465296,6.01,10.141863565736152
10.42,3.630928,4.76,9.142719445394887
14.63,5.05767,10.42,14.7837475800262
14.22,11.68375,14.63,18.960674458723542
19.85,14.591064,14.22,18.893175028570738
35.07,18.567863,19.85,24.247807643666594
47.92,26.265938,35.07,39.37823381277221
40.63,40.046474,47.92,52.21881934808373
27.27,44.554897,40.63,45.050278280751726
25.57,35.344093,27.27,31.840330485847552
48.79,26.333197,25.57,29.600287779435924
29.21,34.18354,48.79,51.68250575454152
39.73,34.41713,29.21,32.32763953992836
50.87,35.732594,39.73,42.75493187300218
67.8,40.986572,50.87,52.87444065909149
61.05,50.618763,67.8,70.2711489769011
40.14,52.42782,61.05,63.83303052915473
47.59,45.24531,40.14,42.166912592919196
30.78,40.052547,47.59,48.81890606300865
33.51,31.200771,30.78,31.052283932761593
56.74,25.737333,33.51,34.03089648956611
48.62,37.13061,56.74,55.47465887469039
48.72,42.543205,48.62,47.40812067027035
49.73,42.134266,48.72,47.896375256307444
52.8,39.032875,49.73,48.129805848199574
51.84,38.041164,52.8,51.238605669788534
34.54,37.46248,51.84,49.87484065705197
30.74,30.307383,34.54,31.573631550821545
30.29,17.22621,30.74,28.911163484916123
32.59,14.255734,30.29,28.056199927254642
43.72,14.693,32.59,30.200410181393988
33.48,17.868574,43.72,41.8369872148753
36.13,20.193207,33.48,31.443629951628196
17.13,18.145184,36.13,34.20794515101927
16.24,11.117549,17.13,14.813298370017955
15.73,4.8525767,16.24,14.10750284615103
21.7,1.3017604,15.73,12.902964946862435
7.79,2.484872,21.7,18.553566719961736
6.5,0.18996319,7.79,5.309198599402986
3.61,0.0,6.5,4.681158905030546
1.6,0.0,3.61,1.9269537651837405
0.81,0.0,1.6,-0.0773602935253731
1.87,0.0,0.81,-0.8177591395678319
2.53,0.0,1.87,-0.3023878292118939
0.35,0.0,2.53,0.935802145216298
0.27,0.0,0.35,-1.0192071854139408
0.28,0.0,0.27,-0.6413761519842697
0.26,0.0,0.28,-0.5563887546407384
0.26,0.0,0.26,-0.5163634628770964
0.25,0.0,0.26,-0.6405218634383967
0.25,0.0,0.25,-0.3242883249478854
0.24,0.0,0.25,-0.25247958191765957
0.22,0.0,0.24,-0.23585059417006315
0.23,0.0,0.22,-0.23199652837652726
0.24,0.0,0.23,-0.19883840294470212
0.22,0.0,0.24,-0.014662635324658377
0.23,0.0,0.22,-0.08156915794344188
0.24,0.0,0.23,0.03318976921281455
0.24,0.0,0.24,-0.0645905715279868
0.23,0.0,0.24,-0.5730412072016096
0.24,0.0,0.23,-0.5713060250627597
0.24,0.0,0.24,-0.4856679648142776
0.22,0.0,0.24,-0.5484257552893296
0.23,0.0,0.22,-0.4596473672749736
0.23,0.0,0.23,-0.44498222773159546
0.24,0.0,0.23,-0.41512005215364234
0.23,0.0,0.24,-0.36210715306891655
0.23,0.0,0.23,-0.22474889425388597
0.23,0.0,0.23,-0.15041873947597081
0.23,0.0,0.23,-0.092922568333559
0.23,0.0,0.23,-0.010215503947886215
0.24,0.0,0.23,0.15986704370279448
0.24,0.0,0.24,0.2863077419824899
0.24,0.0,0.24,0.40789069007452367
0.24,0.0,0.24,0.5405945964390352
0.24,0.0,0.24,0.7346798203245556
0.23,0.0,0.24,0.8828801351375217
0.23,0.0,0.23,1.0289318217806356
0.23,0.0,0.23,1.1972487736328392
0.22,0.0,0.23,1.4074857881154301
0.23,0.0,0.22,1.574329939456835
0.23,0.0,0.23,1.7701789882747538
0.24,0.0,0.23,1.9595399722527336
0.23,0.0,0.24,2.1754298467973396
0.24,0.0,0.23,2.360952937975203
0.23,0.0,0.24,2.5704229904265574
0.24,0.0,0.23,2.7595710237985047
0.24,0.0,0.24,2.9648058714135983
0.23,0.0,0.24,3.1600127496571497
0.23,0.0,0.23,3.353760810630228
0.23,0.0,0.23,3.553373244289872
0.23,0.0,0.23,3.730863684483069
0.25,0.0,0.23,3.92239926301147
0.25,0.0,0.25,4.128456744941543
1.75,0.0,0.25,4.31115946109594
3.57,0.0,1.75,5.9292974492082
5.88,1.9351566,3.57,7.899412776339258
8.49,4.34191,5.88,10.38419179915848
11.45,6.990863,8.49,13.131144242183098
14.73,12.05429,11.45,16.162695351746223
17.83,16.046305,14.73,19.526592133881127
20.9,19.327938,17.83,22.647316978982296
24.78,21.739584,20.9,25.712927048929984
28.49,25.487986,24.78,29.478451462545387
32.51,28.697136,28.49,33.0945091094279
36.39,31.619766,32.51,37.002574281104195
40.65,34.417362,36.39,40.72450493813117
43.96,38.26092,40.65,44.73127206416246
47.05,41.405323,43.96,47.77284058276375
50.60000000000001,43.593243,47.05,50.55315456931301
52.38,45.49554,50.60000000000001,53.74511503351358
54.87,46.769665,52.38,55.13078244895421
56.79,48.071594,54.87,57.14983755032027
58.3,48.61883,56.79,58.63732369649861
55.83,49.012043,58.3,59.72988578660852
53.92,47.552097,55.83,56.80338437404612
53.11,45.814053,53.92,54.30887900964335
49.49,43.766983,53.11,52.94390289165292
50.37,41.018124,49.49,48.88018380362098
52.52,38.968307,50.37,49.26247558201835
54.67,38.42701,52.52,50.995207122325965
54.46,38.49635,54.67,53.08874251638836
51.53,38.1335,54.46,52.80512892655024
48.88,35.584797,51.53,49.6473314614587
46.32,32.53485,48.88,46.745260153587004
43.11,29.633175,46.32,43.812507075739575
39.68,26.884172,43.11,40.27111658061345
36.79,22.520084,39.68,36.69783007306362
33.39,19.388235,36.79,33.68378326963502
29.31,16.64817,33.39,30.22695322805124
25.78,14.270376,29.31,26.187709325744663
21.33,10.746913,25.78,22.630764139981817
16.64,7.825861,21.33,18.139413522421123
10.04,4.8220396,16.64,13.457251348313953
6.1899999999999995,1.2127925,10.04,6.890755306674644
8.68,0.0,6.1899999999999995,3.2881674132962018
4.11,0.0,8.68,5.8447213441882555
1.6,0.0,4.11,1.4693925651672362
0.92,0.0,1.6,-0.5874074419066933
0.21,0.0,0.92,-1.1183469648265572
0.3,0.0,0.21,-1.6028242577090694
0.28,0.0,0.3,-1.2660233887960217
0.26,0.0,0.28,-1.2793607724928822
0.26,0.0,0.26,-0.9785038432691391
0.26,0.0,0.26,-0.7790339321668899
0.26,0.0,0.26,-0.6168510159410092
0.24,0.0,0.26,-0.41451068056930573
0.23,0.0,0.24,-0.23753843032254507
0.23,0.0,0.23,-0.2961723757586686
0.22,0.0,0.23,-0.17643289127314005
0.23,0.0,0.22,-0.10990338191352741
0.23,0.0,0.23,0.02682767445922704
0.24,0.0,0.23,0.06095319940845813
0.22,0.0,0.24,0.08293677659797688
0.24,0.0,0.22,0.06891481750823772
0.24,0.0,0.24,-0.33511805777560183
0.23,0.0,0.24,-0.33077119570207036
0.24,0.0,0.23,-0.3372736757516898
0.23,0.0,0.24,-0.3450775558649942
0.23,0.0,0.23,-0.25954489459844476
0.23,0.0,0.23,-0.2010686874548051
0.23,0.0,0.23,-0.1859508014371294
0.23,0.0,0.23,-0.1567475035642521
0.25,0.0,0.23,-0.026469551654806356
0.24,0.0,0.25,0.051401814671064305
0.25,0.0,0.24,0.1183717756649541
0.24,0.0,0.25,0.22590823264598117
0.24,0.0,0.24,0.38317317973260157
0.25,0.0,0.24,0.4952185848965933
0.24,0.0,0.25,0.6254401751845061
0.25,0.0,0.24,0.7461373820691095
0.24,0.0,0.25,0.9481846864760718
0.25,0.0,0.24,1.087901699632405
0.24,0.0,0.25,1.256573946026183
0.24,0.0,0.24,1.411742117221578
0.23,0.0,0.24,1.618137651149251
0.24,0.0,0.23,1.7848400341486643
0.24,0.0,0.24,1.981567145955965
0.24,0.0,0.24,2.1780814440014398
0.24,0.0,0.24,2.385670401087089
0.23,0.0,0.24,2.578717588799207
0.23,0.0,0.23,2.769364006769141
0.24,0.0,0.23,2.968531692800534
0.23,0.0,0.24,3.1751877461392772
0.24,0.0,0.23,3.3683637132106514
0.23,0.0,0.24,3.577727013239657
0.23,0.0,0.23,3.7653695019034794
0.24,0.0,0.23,3.940526395758151
0.23,0.0,0.24,4.139653931373115
0.52,0.0,0.23,4.315172375507625
2.24,0.0,0.52,4.787947930395555
4.54,0.6326143,2.24,6.618745484295807
7.56,3.1070554,4.54,9.067711575068857
10.93,6.1104145,7.56,12.253004168738919
14.46,9.729232,10.93,15.761338110685118
18.38,15.445049,14.46,19.35531780821623
22.54,19.458038,18.38,23.336832218313077
27.12,22.996439,22.54,27.479668556677442
31.16,26.55656,27.12,32.00446660776833
35.39,30.93716,31.16,35.90562194722323
39.83,34.342842,35.39,39.99658437528356
43.24,37.291534,39.83,44.25400155407725
47.53,40.154823,43.24,47.471639255432535
51.59,43.98584,47.53,51.402827611837935
55.87,47.2324,51.59,55.099473395227946
59.32,50.350494,55.87,59.02764556837733
61.26,53.13119,59.32,62.080646763916796
60.94,54.485943,61.26,63.558144645293794
63.85,54.579678,60.94,62.73634248838956
64.28,54.788464,63.85,65.05342158027943
60.2,54.490635,64.28,64.9410081775836
59.37,51.995018,60.2,60.44742881834395
56.13,50.084007,59.37,58.96576059409526
54.61,47.192413,56.13,55.15482092495096
53.77,44.64541,54.61,53.28406657249002
56.23,42.004307,53.77,51.904957697338325
59.13,41.49799,56.23,53.968314123364685
63.65,41.688408,59.13,56.72573881136594
62.4,43.159676,63.65,61.10501663369701
59.65,41.758846,62.4,59.79895365856899
57.3,39.150284,59.65,57.04379809327546
54.71,36.97353,57.3,54.111396046506776
53.83,34.374393,54.71,51.10505474153271
47.39,30.471575,53.83,50.1674095654356
41.12,26.914337,47.39,43.45622411216783
35.48,22.548355,41.12,37.17700913074263
31.3,18.156141,35.48,31.431178509696544
24.78,13.448248,31.3,27.271314054264877
19.54,9.513219,24.78,20.761983456636745
15.32,5.9583406,19.54,15.47870715837025
12.11,2.5919898,15.32,11.284854956788145
8.25,0.0,12.11,8.34001050079285
5.1,0.0,8.25,4.740501971448035
2.3,0.0,5.1,1.8344785764360627
0.56,0.0,2.3,-0.7075156222075871
0.23,0.0,0.56,-2.1752452581210684
0.32,0.0,0.23,-2.206068806317215
0.31,0.0,0.32,-1.8668043320755532
0.3,0.0,0.31,-1.5947232236973445
0.28,0.0,0.3,-1.3103365460799123
0.27,0.0,0.28,-1.0647726133140465
0.26,0.0,0.27,-0.8600861203272726
0.25,0.0,0.26,-0.6833934672149942
0.24,0.0,0.25,-0.4716645826987139
0.24,0.0,0.24,-0.34471478475032113
0.25,0.0,0.24,-0.21966899712116683
0.23,0.0,0.25,-0.09374836023165356
0.24,0.0,0.23,0.10218138927024487
0.24,0.0,0.24,0.15360673267260977
0.23,0.0,0.24,0.16957289230713818
0.24,0.0,0.23,0.18293826720400386
0.23,0.0,0.24,-0.6214411126587654
0.24,0.0,0.23,-0.6293660071452454
0.24,0.0,0.24,-0.6137618429968063
0.23,0.0,0.24,-0.5996750093310481
0.24,0.0,0.23,-0.4951018873762189
0.25,0.0,0.24,-0.4659789752533323
0.23,0.0,0.25,-0.42965457107012395
0.23,0.0,0.23,-0.41884234298252826
0.23,0.0,0.23,-0.28997213117782084
0.23,0.0,0.23,-0.22591336144443225
0.23,0.0,0.23,-0.15115095310865065
0.24,0.0,0.23,-0.06582781306368697
0.24,0.0,0.24,0.11454563305627855
0.23,0.0,0.24,0.2269910544616356
0.25,0.0,0.23,0.34664838858614566
0.24,0.0,0.25,0.5006135476263974
0.24,0.0,0.24,0.6870602594265092
0.24,0.0,0.24,0.8392824118321602
0.24,0.0,0.24,1.000580747633106
0.24,0.0,0.24,1.169872444731201
0.23,0.0,0.24,1.3787711549215231
0.23,0.0,0.23,1.547891260557527
0.24,0.0,0.23,1.7314468266250231
0.23,0.0,0.24,1.9294590275508965
0.23,0.0,0.23,2.1317130305103698
0.24,0.0,0.23,2.333528895058553
0.23,0.0,0.24,2.5467127010765362
0.23,0.0,0.23,2.737958282579165
0.23,0.0,0.23,2.9407830528083956
0.24,0.0,0.23,3.1292842334229647
0.23,0.0,0.24,3.341304638297881
0.24,0.0,0.23,3.523393214335302
0.24,0.0,0.24,3.7107401540856864
0.24,0.0,0.24,3.8959914017724073
0.24,0.0,0.24,4.081709554242668
1.37,0.0,0.24,4.259748263027995
3.03,0.0,1.37,5.5181607460824456
5.11,0.0,3.03,7.320943982510882
7.52,1.0812516,5.11,9.568723562552185
10.31,3.4412024,7.52,12.121411408350124
13.49,8.349317,10.31,14.975050028866809
16.6,12.3248005,13.49,18.22151670028715
20.16,15.692294,16.6,21.363247705202223
23.48,18.76497,20.16,24.91997553684623
27.3,22.564375,23.48,28.160818066306582
30.44,25.73097,27.3,31.900286600343055
34.34,28.310373,30.44,34.92033452481261
38.1,30.94516,34.34,38.6567815979442
41.04,34.756775,38.1,42.13898610372439
43.43,37.63179,41.04,44.85061849542624
46.11,39.701176,43.43,46.95601936540052
48.48,41.456886,46.11,49.28783650117119
51.16,43.207138,48.48,51.252601295819396
53.51,44.858612,51.16,53.56133437707286
55.18,46.162872,53.51,55.510045604573676
53.13,46.958828,55.18,56.77138703640038
51.51,45.801594,53.13,54.300772227967755
48.95,44.136326,51.51,52.158971829607864
48.93,41.81705,48.95,49.02374587888522
48.91,40.097748,48.93,48.49263033053071
51.52,38.026367,48.91,48.06280433541825
53.42,37.873215,51.52,50.35150449952489
51.64,38.055893,53.42,52.102683332147485
48.2,36.96104,51.64,50.25733839424067
45.33,33.397,48.2,46.58140674896771
42.06,30.10704,45.33,43.32002138708175
39.03,26.810936,42.06,39.71881613198639
35.97,23.895103,39.03,36.36911545589436
32.36,19.749668,35.97,33.1417998120279
28.59,16.37313,32.36,29.476141663361975
24.83,13.330825,28.59,25.732125574554175
21.25,10.799805,24.83,21.93150478318759
18.0,7.196335,21.25,18.378223974009984
14.57,4.675594,18.0,15.071255818007526
11.44,2.4081614,14.57,11.622890131005802
8.74,0.1599669,11.44,8.600527329906951
6.13,0.0,8.74,6.119655027963073
4.08,0.0,6.13,3.6789960043565326
2.18,0.0,4.08,1.8192814827049029
0.68,0.0,2.18,0.09822679744860896
0.21,0.0,0.68,-1.149850924101071
0.29,0.0,0.21,-1.4495991433806115
0.26,0.0,0.29,-1.2331116905366633
0.26,0.0,0.26,-1.089535360420247
0.26,0.0,0.26,-0.8535056378836199
0.25,0.0,0.26,-0.7102888033339959
0.24,0.0,0.25,-0.5742102080694103
0.25,0.0,0.24,-0.49386527087057064
0.23,0.0,0.25,-0.3290491891671054
0.24,0.0,0.23,-0.2854398483250237
0.23,0.0,0.24,-0.2286104354714845
0.23,0.0,0.23,-0.19742609148049026
0.23,0.0,0.23,-0.07189098490446047
0.23,0.0,0.23,-0.06151782628922603
0.24,0.0,0.23,-0.06933329265159653
0.24,0.0,0.24,-0.056203790071252153
0.24,0.0,0.24,-0.5321799861067374
0.23,0.0,0.24,-0.5369532934389015
0.23,0.0,0.23,-0.551316429645413
0.23,0.0,0.23,-0.5521084518595955
0.24,0.0,0.23,-0.44795160972190484
0.23,0.0,0.24,-0.41945508635048045
0.24,0.0,0.23,-0.39886739861632814
0.24,0.0,0.24,-0.3392677326677447
0.24,0.0,0.24,-0.21055582592645325
0.24,0.0,0.24,-0.13698612306173863
0.24,0.0,0.24,-0.06421201215858668
0.24,0.0,0.24,0.022959443100262836
0.22,0.0,0.24,0.20250041115874892
0.23,0.0,0.22,0.2986244780931025
0.24,0.0,0.23,0.4385986033516109
0.23,0.0,0.24,0.5778831639951079
0.23,0.0,0.23,0.776837611294514
0.23,0.0,0.23,0.9302835869220857
0.23,0.0,0.23,1.1004597125994298
0.24,0.0,0.23,1.2648354359635146
0.23,0.0,0.24,1.4824314300256383
0.24,0.0,0.23,1.656536628584732
0.23,0.0,0.24,1.840569294410646
0.23,0.0,0.23,2.011181854465649
0.23,0.0,0.23,2.224803911761971
0.24,0.0,0.23,2.4271474334256444
0.24,0.0,0.24,2.6512326249348552
0.24,0.0,0.24,2.869705827340283
0.22,0.0,0.24,3.0660064678958063
0.23,0.0,0.22,3.246097408700586
0.23,0.0,0.23,3.4579997782968612
0.23,0.0,0.23,3.65509509501704
0.24,0.0,0.23,3.830720440185076
0.24,0.0,0.24,4.030654117448262
0.17,0.0,0.24,4.213911026024093
1.33,0.0,0.17,4.309557483055789
3.24,0.0,1.33,5.590949881413625
5.45,0.0,3.24,7.641706825015071
8.13,1.3440058,5.45,10.029749110875246
11.29,4.0349636,8.13,12.853776422093931
14.78,9.416325,11.29,16.07514442337538
18.53,13.708622,14.78,19.65519990580513
22.32,17.081203,18.53,23.434249460571692
26.26,20.380997,22.32,27.20416570080471
30.68,24.649687,26.26,31.046261166614087
35.03,28.218285,30.68,35.356408811821105
39.16,31.38474,35.03,39.573616736619286
43.22,34.702972,39.16,43.52883949654791
47.14,38.61425,43.22,47.30946933435136
50.46,41.87758,47.14,50.931764855799194
52.48,44.55141,50.46,53.932472193476954
54.15,46.529243,52.48,55.58057825516126
57.88,47.821842,54.15,56.80747252631047
60.1,49.669872,57.88,60.026106901569804
62.95,51.236374,60.1,61.83031521115222
64.6,52.814182,62.95,64.2518028634547
63.57,53.028965,64.6,65.40111854139991
62.52,52.455666,63.57,63.91623974622209
59.06,50.937195,62.52,62.37588825360945
61.28,48.518486,59.06,58.29056554226071
61.62,46.883144,61.28,59.882961819885764
62.26,45.368317,61.62,59.789148200334594
57.91,44.46487,62.26,60.16030787475704
55.2,41.702892,57.91,55.57704414573819
51.16,37.2701,55.2,52.59590817291127
50.08,32.98435,51.16,48.27321096698466
45.42,31.013454,50.08,46.69818884119498
41.2,27.455961,45.42,41.8519279384218
37.06,22.54953,41.2,37.47860280151574
32.22,18.492298,37.06,33.27720946674323
27.75,14.6877985,32.22,28.396677356861705
23.84,11.37751,27.75,24.04286964437772
19.94,7.424298,23.84,20.04778029154799
16.0,4.479309,19.94,16.205971791177806
12.59,1.7503741,16.0,12.360994979325607
9.37,0.0,12.59,9.148333279937225
5.51,0.0,9.37,6.166149542974542
4.3,0.0,5.51,2.5639951236548226
2.1899999999999995,0.0,4.3,1.48636282077113
0.67,0.0,2.1899999999999995,-0.33910716703174026
0.23,0.0,0.67,-1.4614392600299955
0.29,0.0,0.23,-1.6774973073454351
0.28,0.0,0.29,-1.3881397052059665
0.28,0.0,0.28,-1.1523855328978931
0.28,0.0,0.28,-0.8764983398004282
0.27,0.0,0.28,-0.6878314082857262
0.26,0.0,0.27,-0.5143797536192202
0.25,0.0,0.26,-0.4154361236693663
0.25,0.0,0.25,-0.23157523399506713
0.24,0.0,0.25,-0.12768498483390053
0.24,0.0,0.24,-0.07576129547965625
0.24,0.0,0.24,-0.004733656111971726
0.23,0.0,0.24,0.14662966116667392
0.24,0.0,0.23,0.15915303533793423
0.24,0.0,0.24,0.16427756466989862
0.23,0.0,0.24,0.1644361001406105
0.23,0.0,0.23,-0.19674509802431406
0.23,0.0,0.23,-0.19465229187692487
0.24,0.0,0.23,-0.19096657901230663
0.23,0.0,0.24,-0.1730248615246903
0.23,0.0,0.23,-0.07794146516119704
0.24,0.0,0.23,-0.06778134573571432
0.24,0.0,0.24,-0.019977156473389192
0.22,0.0,0.24,0.01506330125089092
0.23,0.0,0.22,0.12015544901289502
0.23,0.0,0.23,0.19350356700732602
0.24,0.0,0.23,0.2741620766113996
0.23,0.0,0.24,0.36844999175131754
0.24,0.0,0.23,0.5297241626991401
0.24,0.0,0.24,0.6512197829639164
0.24,0.0,0.24,0.779327303662063
0.23,0.0,0.24,0.9083619403424809
0.23,0.0,0.23,1.092775716327946
0.24,0.0,0.23,1.24600174957707
0.23,0.0,0.24,1.4121386068621717
0.24,0.0,0.23,1.5724419961915514
0.24,0.0,0.24,1.7956041082847918
0.25,0.0,0.24,1.9747149011609233
0.24,0.0,0.25,2.1669749057323213
0.23,0.0,0.24,2.343077051218505
0.24,0.0,0.23,2.54492811005233
0.24,0.0,0.24,2.7534364500129276
0.23,0.0,0.24,2.9534829293675497
0.24,0.0,0.23,3.144210382606363
0.23,0.0,0.24,3.354620555283089
0.25,0.0,0.23,3.5464596976936416
0.24,0.0,0.25,3.7666867371841906
0.24,0.0,0.24,3.9528205855634226
0.24,0.0,0.24,4.124939613929442
0.24,0.0,0.24,4.313981885020254
0.28,0.0,0.24,4.493550664165672
1.67,0.0,0.28,4.711961760169071
3.89,0.0,1.67,6.223979921199169
6.75,0.14456365,3.89,8.581887049938617
10.35,3.053196,6.75,11.61312900003257
14.42,6.3902273,10.35,15.349192283625689
18.81,11.952181,14.42,19.487170067499704
24.29,16.739653,18.81,23.968265907606554
29.690000000000005,21.29677,24.29,29.45579167171041
35.52,26.247265,29.690000000000005,34.78893850551131
41.15,32.06283,35.52,40.48378154805779
46.17,36.801636,41.15,45.93873475714966
51.83,40.744846,46.17,50.74209922684691
57.26,44.950626,51.83,56.13579906705432
62.2,49.63635,57.26,61.14049614920108
66.37,53.65511,62.2,65.69104851843045
70.13,57.02471,66.37,69.42230318871901
73.31,60.024265,70.13,72.68917789786603
75.12,62.38184,73.31,75.32395600382708
73.22,64.155,75.12,76.5596999866226
72.88,64.168045,73.22,74.06405741820109
70.55,63.137005,72.88,72.95995615608116
68.94,60.429913,70.55,69.90130488832524
66.49,58.16193,68.94,67.6831412600271
68.38,55.586067,66.49,64.61880173805487
69.84,54.419956,68.38,65.90105649440135
70.58,51.7433,69.84,67.06076454125976
70.61,50.799522,70.58,67.48544800242065
72.58,49.357784,70.61,67.26173887682278
72.72,48.457527,72.58,68.91000246602674
68.44,45.99741,72.72,68.85025049841062
66.38,43.562164,68.44,64.24195262086806
61.96,40.52995,66.38,61.95207339318559
57.26,37.174183,61.96,57.181968021945224
49.76,32.13226,57.26,52.379312728777535
43.76,27.239721,49.76,44.66511361453118
37.36,22.238888,43.76,38.57462301480043
31.06,17.639288,37.36,32.11322648886492
26.08,12.07689,31.06,25.87533734867739
15.79,7.9575896,26.08,20.98531301610888
15.74,2.769428,15.79,10.842650971375093
9.36,0.10641146,15.74,10.873537943663257
4.88,0.0,9.36,4.815880190022607
3.82,0.0,4.88,0.8420808579002553
1.69,0.0,3.82,-0.04306946560577313
0.92,0.0,1.69,-1.7995247684119824
0.25,0.0,0.92,-1.927945952873993
0.32,0.0,0.25,-2.3776526971076137
0.31,0.0,0.32,-1.9317850837767185
0.3,0.0,0.31,-1.5887619802842792
0.3,0.0,0.3,-1.247063042249093
0.29,0.0,0.3,-0.9963107937587533
0.27,0.0,0.29,-0.6694298805981459
0.25,0.0,0.27,-0.5750759978029018
0.22,0.0,0.25,-0.24677594603889685
0.23,0.0,0.22,-0.10095177554725623
0.24,0.0,0.23,0.022627167223419585
0.24,0.0,0.24,0.15395625933681745
0.23,0.0,0.24,0.3367275920905388
0.23,0.0,0.23,0.37779574944588423
0.23,0.0,0.23,0.41003647389424047
0.24,0.0,0.23,0.4379837069365841
0.23,0.0,0.24,-0.11160966103912762
0.24,0.0,0.23,-0.11374989317307543
0.22,0.0,0.24,-0.1353281437560573
0.23,0.0,0.22,-0.1118110171249264
0.24,0.0,0.23,-0.006876068193826523
0.23,0.0,0.24,0.0075563232119686685
0.24,0.0,0.23,0.03238769005935428
0.23,0.0,0.24,0.07547222412464444
0.23,0.0,0.23,0.19866555259721555
0.23,0.0,0.23,0.2595709922524887
0.23,0.0,0.23,0.33477137955390074
0.24,0.0,0.23,0.4234533045249818
0.23,0.0,0.24,0.6011477397715856
0.24,0.0,0.23,0.7052992649587566
0.25,0.0,0.24,0.83966888470277
0.24,0.0,0.25,0.9875148599227002
0.23,0.0,0.24,1.1746307647636325
0.23,0.0,0.23,1.3177137132211931
0.24,0.0,0.23,1.479403413891622
0.22,0.0,0.24,1.6562117267909438
0.23,0.0,0.22,1.845626480181893
0.24,0.0,0.23,2.033092046192757
0.23,0.0,0.24,2.226413994439029
0.23,0.0,0.23,2.4096172257126134
0.23,0.0,0.23,2.6176121227683704
0.24,0.0,0.23,2.8142590934838987
0.24,0.0,0.24,3.0201280067892657
0.23,0.0,0.24,3.2213397639802075
0.24,0.0,0.23,3.4146283576220706
0.23,0.0,0.24,3.6242982380704603
0.24,0.0,0.23,3.80853898866913
0.23,0.0,0.24,4.010010228181779
0.23,0.0,0.23,4.175733169927585
0.25,0.0,0.23,4.365075019607826
0.24,0.0,0.25,4.565432499788455
1.48,0.0,0.24,4.736906724385468
3.97,0.0,1.48,6.108750465014911
7.79,1.9411297,3.97,8.733848845190087
12.04,5.4481907,7.79,12.713772530310564
16.41,9.975366,12.04,17.106030807138303
22.01,16.068844,16.41,21.571371677897186
27.38,21.486475,22.01,27.22870725788582
33.72999999999999,26.275627,27.38,32.614244363098194
39.89,31.3044,33.72999999999999,38.899732627082734
46.15,37.101395,39.89,44.88461676331713
51.86,41.95401,46.15,50.95968709410462
57.7,46.178852,51.86,56.43979320396656
63.5,50.6938,57.7,61.95038547340712
68.86,55.23737,63.5,67.3468512481457
73.39,59.17674,68.86,72.26425279659337
77.62,62.575306,73.39,76.30192935212555
76.08,65.53657,77.62,79.98100614625636
76.03,66.02283,76.08,77.86949660756498
72.74,66.09461,76.03,77.04630029666222
72.68,64.42618,72.74,72.9293898713814
68.74,63.289364,72.68,72.12766588640346
67.86,59.685368,68.74,67.52833085443302
66.12,57.616528,67.86,65.95084082137801
66.08000000000001,54.93435,66.12,63.73276980845476
67.48,52.751163,66.08000000000001,63.248914594246216
67.54,50.116016,67.48,64.26713267360849
68.27,48.308857,67.54,64.03904605819534
68.86,47.00764,68.27,64.56510212943715
68.71,45.6999,68.86,64.8798180017048
69.39,43.01167,68.71,64.64080550508349
66.51,41.5492,69.39,65.14829094318219
62.25,39.244583,66.51,62.177775151748406
56.96,36.332703,62.25,57.757948852920705
50.74,31.145277,56.96,52.29985503998661
44.83,26.474201,50.74,45.88629803296442
38.74000000000001,21.934181,44.83,39.86641833998893
33.35,17.723616,38.74000000000001,33.65417539061804
25.99,12.714523,33.35,28.329553328946766
16.37,8.245756,25.99,21.105421336649293
15.06,2.5781353,16.37,11.732009167641923
10.93,0.0,15.06,10.600294485852249
9.13,0.0,10.93,6.581278810818997
4.81,0.0,9.13,5.151630629278438
3.1,0.0,4.81,1.1226507446277805
1.15,0.0,3.1,-0.24378685006714057
0.27,0.0,1.15,-1.6851548115347748
0.32,0.0,0.27,-2.2965222652295205
0.33,0.0,0.32,-1.9420847263536334
0.3,0.0,0.33,-1.6737916110363549
0.27,0.0,0.3,-1.2747816995730203
0.27,0.0,0.27,-1.0228234666284433
0.26,0.0,0.27,-0.6724528083735953
0.24,0.0,0.26,-0.5492474944786145
0.23,0.0,0.24,-0.2978255143441797
0.24,0.0,0.23,-0.16760954641012898
0.25,0.0,0.24,0.024372147401794872
0.23,0.0,0.25,0.14425420965517888
0.23,0.0,0.23,0.3320272295935464
0.22,0.0,0.23,0.39478129699005615
0.24,0.0,0.22,0.424652517335508
0.23,0.0,0.24,0.4743104313941353
0.24,0.0,0.23,-0.03438694721208432
0.23,0.0,0.24,-0.01648668074102147
0.24,0.0,0.23,-0.048934916837293056
0.24,0.0,0.24,-0.012893529141716556
0.25,0.0,0.24,0.09111906149765173
0.24,0.0,0.25,0.13431776986268779
0.24,0.0,0.24,0.14080046628037135
0.23,0.0,0.24,0.18076641167792373
0.23,0.0,0.23,0.3038019790411023
0.24,0.0,0.23,0.3636047660621902
0.23,0.0,0.24,0.44892235626528026
0.23,0.0,0.23,0.5262745120446395
0.23,0.0,0.23,0.6955734902667439
0.24,0.0,0.23,0.8087092254428461
0.24,0.0,0.24,0.9427159583066229
0.24,0.0,0.24,1.075259304216843
0.24,0.0,0.24,1.2703809378470223
0.24,0.0,0.24,1.4039137624264526
0.23,0.0,0.24,1.567691391080259
0.24,0.0,0.23,1.7242882631928167
0.23,0.0,0.24,1.9423322689451161
0.24,0.0,0.23,2.1113335896596723
0.22,0.0,0.24,2.3073346616929093
0.25,0.0,0.22,2.4780634242132447
0.25,0.0,0.25,2.715385609702047
0.25,0.0,0.25,2.912898857653852
0.23,0.0,0.25,3.1104301287850764
0.24,0.0,0.23,3.2911129294378068
0.24,0.0,0.24,3.498280444224273
0.24,0.0,0.24,3.6965574405866124
0.23,0.0,0.24,3.8961219680217725
0.24,0.0,0.23,4.082515937760362
0.24,0.0,0.24,4.269301771753932
0.26,0.0,0.24,4.460742846896926
0.24,0.0,0.26,4.666820476091831
2.0,0.0,0.24,4.826759591531257
4.64,0.0,2.0,6.706039711276552
8.1,2.068825,4.64,9.493008046649928
12.29,5.0114,8.1,13.136206203709953
17.28,8.867338,12.29,17.472821145930425
22.92,15.096758,17.28,22.536982792343842
28.92,20.741545,22.92,28.262751123976667
35.08,26.156404,28.92,34.28790196414155
41.56,31.486479,35.08,40.36341049415372
47.97,37.525238,41.56,46.67173224518993
54.23,42.57387,47.97,52.86877955506714
59.52,47.022766,54.23,58.85772256046383
64.74,51.399185,59.52,63.8308941522161
69.77,55.70706,64.74,68.5767013247163
74.17,59.21091,69.77,73.11692815072931
78.42,62.27071,74.17,77.00438095028565
81.74,65.06964,78.42,80.71287008255044
82.47,67.29844,81.74,83.3886761477412
80.82,68.37346,82.47,83.52347101108799
79.35,68.1536,80.82,81.17360759253042
73.72,67.25996,79.35,78.88036403525285
74.13,63.5584,73.72,72.51058874454145
72.67,61.433556,74.13,72.10470899586718
71.01,58.411827,72.67,69.99483039296243
71.71,55.929115,71.01,67.92327590394353
72.61,52.70636,71.71,68.18380767301488
72.35,51.062897,72.61,68.69921846071499
71.56,49.283264,72.35,68.32402643033986
72.91,47.5665,71.56,67.20307095944463
74.27,45.252293,72.91,68.2024723653444
71.17,44.141727,74.27,69.3921478844525
65.14,42.046177,71.17,66.29236991999002
58.91,38.50608,65.14,60.118693567509254
55.99,32.602192,58.91,53.713900553980054
49.61,28.835302,55.99,50.5141032021015
42.36,24.64505,49.61,44.02922601319526
37.54,19.84516,42.36,36.79932988075569
27.27,14.747821,37.54,31.96856724049806
16.56,9.131898,27.27,21.882523996919332
15.7,2.3066359,16.56,11.526228202104065
11.49,0.0,15.7,10.571171968592035
9.1,0.0,11.49,6.7065841685285115
4.69,0.0,9.1,4.742372937323412
2.3,0.0,4.69,0.6253946642510433
0.89,0.0,2.3,-1.2519262651506189
0.3,0.0,0.89,-2.1371871252510393
0.33,0.0,0.3,-2.5363727030220367
0.31,0.0,0.33,-2.1460369642007606
0.31,0.0,0.31,-1.8521812610244954
0.29,0.0,0.31,-1.4401619404850852
0.27,0.0,0.29,-1.068862191237889
0.27,0.0,0.27,-0.7209128740389737
0.23,0.0,0.27,-0.6040908776954689
0.23,0.0,0.23,-0.3434188035237483
0.23,0.0,0.23,-0.16963357652514457
0.23,0.0,0.23,0.02686423670712458
0.24,0.0,0.23,0.15301693173996522
0.24,0.0,0.24,0.3568392683300524
0.23,0.0,0.24,0.44600230250937184
0.23,0.0,0.23,0.4915756862904699
0.24,0.0,0.23,0.5255542417182355
0.23,0.0,0.24,0.04272633922164773
0.24,0.0,0.23,0.027594407502971527
0.23,0.0,0.24,0.011486985999893187
0.24,0.0,0.23,0.03429231456942454
0.24,0.0,0.24,0.15677962305828747
0.23,0.0,0.24,0.18478671922476203
0.23,0.0,0.23,0.19546137136778374
0.23,0.0,0.23,0.2330196255271401
0.23,0.0,0.23,0.36425615359463726
0.23,0.0,0.23,0.4331582718011654
0.24,0.0,0.23,0.5144036945474402
0.23,0.0,0.24,0.616254474560175
0.24,0.0,0.23,0.7801073589025873
0.23,0.0,0.24,0.9039293864332825
0.24,0.0,0.23,1.0148789783537107
0.23,0.0,0.24,1.1589405141044002
0.24,0.0,0.23,1.3429896989714245
0.24,0.0,0.24,1.5050425029319041
0.23,0.0,0.24,1.6712194413033665
0.24,0.0,0.23,1.8302853771060805
0.24,0.0,0.24,2.049808091887151
0.25,0.0,0.24,2.2278230839517583
0.24,0.0,0.25,2.424532909489359
0.22,0.0,0.24,2.60268643613257
0.23,0.0,0.22,2.7932674810559126
0.23,0.0,0.23,2.9932749999581523
0.22,0.0,0.23,3.1903679649263297
0.23,0.0,0.22,3.381530431007578
0.23,0.78463125,0.23,3.591494042139055
0.23,1.1969664,0.23,3.795092344746802
0.24,0.78115505,0.23,3.9870032000064635
0.23,0.0094328355,0.24,4.197052372932986
0.25,2.0870612,0.23,4.365311071957121
0.24,2.3418915,0.25,4.5755014232635025
0.47,1.7710179,0.24,4.753258726107878
0.88,0.4502296,0.47,5.160693499197611
4.07,2.2265468,0.88,5.713843313674147
10.07,3.7925076,4.07,9.051758135653017
17.03,8.033686,10.07,15.154101702100323
21.35,14.8608265,17.03,22.301808254449437
15.62,23.25707,21.35,26.764937385958888
20.01,23.956282,15.62,21.20688770764673
35.15,21.72256,20.01,25.568729334094094
42.27,28.266445,35.15,40.21757655430076
49.16,39.209255,42.27,47.277388263425905
59.91,46.380836,49.16,54.29693663561362
57.28,54.131035,59.91,64.48568626385931
65.09,56.642185,57.28,61.8237067382384
76.54,58.083847,65.09,69.72550694829697
54.74,64.915825,76.54,79.75184880699332
79.51,61.37621,54.74,57.71723331924831
83.23,64.57026,79.51,81.72329789966525
81.42,68.008965,83.23,84.17900767373648
75.93,69.78642,81.42,83.23028766188209
74.75,67.83889,75.93,76.71628151251221
73.59,65.899925,74.75,73.96688376140179
71.76,61.360767,73.59,72.7441338145542
72.05,59.635117,71.76,69.7237131674294
73.62,58.04797,72.05,69.27398123686334
74.00999999999999,56.786545,73.62,70.62582246068693
74.1,54.921665,74.00999999999999,70.79960751678784
74.85,53.96578,74.1,70.38174545388391
76.16,52.02555,74.85,71.45764077880003
78.48,51.63705,76.16,71.91253705436044
79.07,49.738834,78.48,74.0091146089257
75.9,48.91235,79.07,74.3440193815385
71.49,46.827766,75.9,71.13294490408848
67.41,43.859917,71.49,66.4877172735077
60.42,38.871704,67.41,62.105361806732645
55.56,34.11407,60.42,54.92709479048813
49.51,30.027416,55.56,49.87627998062211
42.77,25.62708,49.51,43.55787771192303
35.27,20.364628,42.77,36.941688711743346
28.51,15.770596,35.27,29.610908305540274
21.23,10.541838,28.51,22.76577925895117
15.01,6.5024757,21.23,15.795310869617795
9.56,0.42605492,15.01,9.811687077914344
5.55,0.0,9.56,4.591982559562277
2.01,0.0,5.55,0.8905947931590302
0.68,0.0,2.01,-2.251403663068555
0.29,0.0,0.68,-3.1402536243870935
0.31,0.0,0.29,-3.0724952432352026
0.31,0.0,0.31,-2.659214668824887
0.31,0.0,0.31,-2.2486586189870845
0.3,0.0,0.31,-1.8017037844775086
0.28,0.0,0.3,-1.4614352432742808
0.27,0.0,0.28,-1.1998748483584336
0.23,0.0,0.27,-0.926252505433194
0.22,0.0,0.23,-0.6029637754661873
0.23,0.0,0.22,-0.3566464305333179
0.22,0.0,0.23,-0.1540324477077011
0.24,0.0,0.22,0.0179480109167008
0.22,0.0,0.24,0.2639998090831297
0.23,0.0,0.22,0.3196777649697381
0.23,0.0,0.23,0.4047451045393479
0.23,0.0,0.23,0.46120800717224475
0.25,0.0,0.23,0.05105284359382796
0.24,0.0,0.25,0.10563597352496301
0.23,0.0,0.24,0.12341038145793723
0.23,0.0,0.23,0.1312420854185941
0.24,0.0,0.23,0.24280520305617975
0.23,0.0,0.24,0.2704413753019883
0.23,0.0,0.23,0.27199142406203936
0.23,0.0,0.23,0.2941042398681811
0.23,0.0,0.23,0.4194379714342954
0.24,0.0,0.23,0.4821745767021378
0.23,0.0,0.24,0.5663847385195823
0.23,0.0,0.23,0.6483280921968161
0.23,0.0,0.23,0.8177593130675954
0.23,0.0,0.23,0.9291086081343611
0.25,0.0,0.23,1.0521003332381462
0.24,0.0,0.25,1.204505627321984
0.23,0.0,0.24,1.3831919267446604
0.24,0.0,0.23,1.518798722110256
0.25,0.0,0.24,1.676957961445971
0.24,0.0,0.25,1.8494523889344963
0.23,0.0,0.24,2.0429314493771282
0.23,0.0,0.23,2.214872562238147
0.24,0.0,0.23,2.392623752139947
0.23,0.0,0.24,2.6117983423467854
0.24,0.0,0.23,2.7924257934885772
0.24,0.0,0.24,3.001790924047396
0.23,0.0,0.24,3.2153019361018185
0.24,0.0,0.23,3.417355482344302
0.23,1.4003189,0.24,3.5984267667418095
0.24,2.3194284,0.23,3.7930054363753305
0.23,1.9865453,0.24,3.9837551560546878
0.23,1.3344548,0.23,4.169829241375368
0.23,3.5076747,0.23,4.33767438499688
0.24,3.4006917,0.23,4.525990850253735
0.23,2.1453462,0.24,4.722538308455859
2.39,0.59450376,0.23,4.8932694233432645
5.83,2.293861,2.39,7.171760378884989
10.65,4.9815745,5.83,10.753329377014895
16.83,9.070535,10.65,15.75839508689315
23.7,14.820439,16.83,22.08706196693298
30.9,23.39544,23.7,29.03396003247289
38.51,30.87441,30.9,36.32615903613616
46.55,37.68693,38.51,43.977864168738954
54.13,44.324738,46.55,51.75149796125636
61.11,51.151966,54.13,59.059289813948276
67.51,57.078377,61.11,65.70099471528214
73.21,62.22855,67.51,71.69641100342321
78.94,66.78573,73.21,76.94629697184278
83.68,71.377716,78.94,82.10286391221508
87.11,74.51602,83.68,86.24455423119984
86.35,76.54866,87.11,89.09839638302725
86.51,76.81962,86.35,87.65371794846081
86.19,76.38446,86.51,86.93151552774246
82.95,75.205185,86.19,85.75520794961851
81.38,72.92833,82.95,81.76985568463925
78.45,70.52009,81.38,79.41795528914217
79.09,66.938194,78.45,75.70330047991563
77.94,64.827065,79.09,75.79193548399508
77.8,62.481525,77.94,74.17381826440206
79.6,60.91465,77.8,73.60972308643407
79.7,57.94217,79.6,74.87659959428693
84.63,55.9231,79.7,74.68685707497929
90.19,55.80924,84.63,79.3981253033824
86.89,55.33691,90.19,84.79637911955908
78.97,53.902813,86.89,81.59766228844074
76.09,50.158463,78.97,73.40922691304932
70.62,46.283604,76.09,69.96100789592127
64.95,40.300983,70.62,64.2563215623211
58.42,36.03196,64.95,58.45304273562776
51.49,31.53376,58.42,51.64114886871616
44.59,26.681973,51.49,44.7329128814861
37.32,20.952507,44.59,38.074701885783725
30.04,16.211117,37.32,30.88232246467649
22.82,11.457769,30.04,23.816399199980477
15.68,6.800541,22.82,16.699445454226716
9.27,0.54948825,15.68,9.733157263445003
6.06,0.0,9.27,3.6840872111726295
2.7,0.0,6.06,0.9294403892070918
0.75,0.0,2.7,-2.019338032869373
0.26,0.0,0.75,-3.3875569445369087
0.34,0.0,0.26,-3.4471074996791167
0.32,0.0,0.34,-2.9021109516113985
0.31,0.0,0.32,-2.449184852876763
0.3,0.0,0.31,-2.0105700116012883
0.29,0.0,0.3,-1.6474549382924248
0.27,0.0,0.29,-1.3276245234055006
0.24,0.0,0.27,-1.0135457701921045
0.23,0.0,0.24,-0.5984195111624394
0.23,0.0,0.23,-0.32341638867158956
0.23,0.0,0.23,-0.15590999967757735
0.22,0.0,0.23,0.04622878132247186
0.24,0.0,0.22,0.281270491938544
0.23,0.0,0.24,0.4061134777843294
0.23,0.0,0.23,0.4728766816634543
0.23,0.0,0.23,0.5389067460689585
0.24,0.0,0.23,0.06448381388691013
0.23,0.0,0.24,0.11927037845154048
0.24,0.0,0.23,0.1353368845431657
0.24,0.0,0.24,0.1642865744113305
0.22,0.0,0.24,0.2726099264462022
0.25,0.0,0.22,0.26236170125933217
0.23,0.0,0.25,0.3232158279460833
0.24,0.0,0.23,0.3358159277048569
0.24,0.0,0.24,0.47379867623571426
0.23,0.0,0.24,0.535320708277551
0.23,0.0,0.23,0.6031488939862742
0.24,0.0,0.23,0.6937094052674725
0.24,0.0,0.24,0.8786027990174079
0.23,0.0,0.24,0.9995836952942148
0.23,0.0,0.23,1.1046563029481495
0.23,0.0,0.23,1.2448247544198001
0.24,0.0,0.23,1.4433727074670661
0.23,0.0,0.24,1.6152090945757653
0.23,0.0,0.23,1.7678576275136788
0.24,0.0,0.23,1.9345278971850366
0.23,0.0,0.24,2.154631470805808
0.24,0.0,0.23,2.323378182979733
0.23,0.0,0.24,2.520126149663142
0.23,0.0,0.23,2.7020264723404983
0.23,0.0,0.23,2.907809140214184
0.23,0.0,0.23,3.106296231947781
0.23,0.0,0.23,3.308004543975289
0.23,0.0,0.23,3.5108212752635297
0.24,1.3510561,0.23,3.709231175021411
0.23,2.5132742,0.24,3.924012643996779
0.23,2.2451298,0.23,4.1182006449602815
0.23,1.619,0.23,4.319661909404745
0.23,3.1635873,0.23,4.499024966819913
0.24,2.493737,0.23,4.68837788145895
0.31,1.0866389,0.24,4.884061122988703
2.05,0.0,0.31,5.135932281714214
4.86,1.0750799,2.05,7.010834435221488
8.97,3.2544649,4.86,9.962327222650776
15.39,6.5094814,8.97,14.253801889407113
22.35,11.861813,15.39,20.800593291996655
29.78,20.621943,22.35,27.84508625169913
37.07,28.357683,29.78,35.38724335280348
44.12,35.632607,37.07,42.66656494464459
50.71,41.852013,44.12,49.56248532833696
57.35,47.970055,50.71,55.90091384634802
64.31,52.953274,57.35,62.192874096465474
70.15,57.91796,64.31,68.76805029754837
76.18,62.84441,70.15,74.1736128155724
81.27,67.79065,76.18,79.68418069691023
85.22,71.90766,81.27,84.22104657902175
88.19,75.2181,85.22,87.6219304335486
89.42,76.53598,88.19,89.94646296410576
88.29,77.31528,89.42,90.40705504838218
88.72,76.59712,88.29,88.5153536131161
93.19,75.66826,88.72,88.10919334375929
91.28,75.87941,93.19,91.76756955836808
88.84,73.842896,91.28,89.36619362784153
86.64,71.94687,88.84,86.33736681140692
85.9,69.27726,86.64,83.33985713135472
86.72,66.45627,85.9,81.99626562306842
87.93,63.163334,86.72,82.26820476882743
89.19,61.550964,87.93,82.99068429875074
89.03,60.329716,89.19,84.0046101160117
85.55,59.09691,89.03,83.5776085679885
84.15,55.058983,85.55,79.91243064937
79.57,52.36389,84.15,78.19899709997176
76.52,48.884956,79.57,73.30424377326534
71.59,46.035183,76.52,69.86903104459023
66.09,40.952454,71.59,64.74033738748001
59.9,36.752666,66.09,59.13292863868282
52.97,32.114216,59.9,52.993470277133916
46.04,27.151081,52.97,46.03975301381236
38.51,21.323719,46.04,39.237762234816515
30.96,16.440157,38.51,31.779859441177337
22.59,11.503042,30.96,24.39811346820893
16.17,6.21774,22.59,16.2586166458959
10.36,0.0,16.17,10.231122799431958
5.83,0.0,10.36,4.7339732150316705
2.46,0.0,5.83,0.6651844805341933
0.44,0.0,2.46,-2.2371461669843296
0.36,0.0,0.44,-3.7005892524457287
0.33,0.0,0.36,-3.274866562083088
0.32,0.0,0.33,-2.845370254573858
0.32,0.0,0.32,-2.366941022012783
0.31,0.0,0.32,-1.8589644268142589
0.28,0.0,0.31,-1.4787704646360809
0.29,0.0,0.28,-1.1379936939758863
0.24,0.0,0.29,-0.7901607303227158
0.22,0.0,0.24,-0.47659669905935426
0.23,0.0,0.22,-0.22544060383230619
0.23,0.0,0.23,-0.0018797984303988574
0.23,0.0,0.23,0.1979833358041969
0.23,0.0,0.23,0.4514042313710957
0.24,0.0,0.23,0.5459010855310712
0.23,0.0,0.24,0.6418918930998183
0.23,0.0,0.23,0.7017857110295134
0.23,0.0,0.23,0.05438630110503315
0.22,0.0,0.23,0.10047242523952063
0.23,0.0,0.22,0.12481310443702442
0.23,0.0,0.23,0.14937312087169913
0.23,0.0,0.23,0.2683207175254949
0.23,0.0,0.23,0.28289179071593495
0.23,0.0,0.23,0.3078198576648844
0.23,0.0,0.23,0.3438321784790447
0.23,0.0,0.23,0.4770733825024157
0.23,0.0,0.23,0.5493314738166671
0.23,0.0,0.23,0.6115229752158492
0.23,0.0,0.23,0.7004239936771778
0.24,0.0,0.23,0.8643218555881204
0.23,0.0,0.24,0.9878608632561652
0.24,0.0,0.23,1.1081570523458075
0.24,0.0,0.24,1.2494315213563192
0.23,0.0,0.24,1.4449873922543959
0.23,0.0,0.23,1.582635945643387
0.24,0.0,0.23,1.7386719935987194
0.23,0.0,0.24,1.9160472849817132
0.24,0.0,0.23,2.1174812748396987
0.24,0.0,0.24,2.3087075951538245
0.23,0.0,0.24,2.4908105301240315
0.24,0.0,0.23,2.665307586026266
0.23,0.0,0.24,2.8805454178025762
0.23,0.0,0.23,3.063872625177574
0.24,0.0,0.23,3.2649863022891332
0.24,0.0,0.24,3.4842775506791934
0.24,0.42547473,0.24,3.655215713793754
0.22,1.1887064,0.24,3.8548989068317483
0.24,0.9307864,0.22,4.038707473027222
0.23,0.0,0.24,4.26042091634128
0.23,1.1552353,0.23,4.432647695523421
0.24,0.7423665,0.23,4.620785537495844
0.17,0.0,0.24,4.808882535909326
1.94,0.0,0.17,4.920441885050436
5.19,0.0,1.94,6.8164384260768545
9.68,1.9352863,5.19,10.197811310997178
15.43,5.6898837,9.68,14.867529113565745
22.35,11.021437,15.43,20.77440341337598
29.690000000000005,19.38942,22.35,27.774731856973172
37.2,26.627523,29.690000000000005,35.20654498386031
44.82,34.187126,37.2,42.702044797498615
51.74,40.86904,44.82,50.174689865938504
58.91,47.50208,51.74,56.835250213430875
65.43,52.962933,58.91,63.67396704124273
70.81,58.294815,65.43,69.78391759883704
76.29,62.857384,70.81,74.74237430259689
80.99,67.282875,76.29,79.67717581499085
84.63,71.01744,80.99,83.79690545859141
87.92,74.14611,84.63,86.8337313053796
90.69,73.31109,87.92,89.46709012095546
92.48,77.43977,90.69,91.50679768889415
93.79,78.009224,92.48,92.62967230471553
90.37,77.92136,93.79,93.21171756034586
80.1,76.05555,90.37,89.07258852186355
73.6,70.32551,80.1,78.05436935637097
73.53,64.84365,73.6,70.55479681255781
69.58,60.70277,73.53,69.52953004103331
74.33,56.55365,69.58,65.1895527946892
77.88,54.880337,74.33,69.46941187594035
79.84,54.268017,77.88,72.83119126419422
82.3,54.27023,79.84,74.98232370016018
80.99,54.115894,82.3,77.37119122704907
80.23,51.472736,80.99,75.79181658718778
76.21,49.437946,80.23,74.83818483114325
71.38999999999999,46.64764,76.21,70.34356635227819
65.11,43.206913,71.38999999999999,65.28484642055784
59.23,37.194103,65.11,59.030185971655875
53.34,32.60955,59.23,53.04065139089299
46.69,28.037014,53.34,47.07830984775633
39.48,23.361828,46.69,40.5218054745713
33.35,17.802227,39.48,33.35507037545444
26.21,13.259343,33.35,27.317907595159497
19.82,8.36969,26.21,20.435205232334464
13.83,3.8016903,19.82,14.254958242808206
8.77,0.0,13.83,8.620611493134668
4.86,0.0,8.77,3.8863255146687736
2.03,0.0,4.86,0.41718955593751494
0.35,0.0,2.03,-1.997166902862117
0.34,0.0,0.35,-3.175447113595611
0.32,0.0,0.34,-2.8039921283936424
0.33,0.0,0.32,-2.4193950558131934
0.31,0.0,0.33,-2.0318385143736553
0.3,0.0,0.31,-1.5706129281475287
0.28,0.0,0.3,-1.2440229378165992
0.27,0.0,0.28,-0.93470894252299
0.23,0.0,0.27,-0.6739545530209917
0.23,0.0,0.23,-0.3604626494137898
0.23,0.0,0.23,-0.09684184355000708
0.23,0.0,0.23,0.09691049319790229
0.23,0.0,0.23,0.2587381621865154
0.23,0.0,0.23,0.4756654326404686
0.23,0.0,0.23,0.5446584070894476
0.24,0.0,0.23,0.6079653492882603
0.24,0.0,0.24,0.6683683157218204
0.23,0.0,0.24,0.20910519412103212
0.22,0.0,0.23,0.23170963860556565
0.23,0.0,0.22,0.25264795531103346
0.23,0.0,0.23,0.281430157816196
0.23,0.0,0.23,0.38868353912895026
0.23,0.0,0.23,0.39588482466836183
0.24,0.0,0.23,0.413212718670252
0.23,0.0,0.24,0.44223233760438985
0.24,0.0,0.23,0.5414321827566381
0.23,0.0,0.24,0.613348123721751
0.23,0.0,0.23,0.6782645005288427
0.23,0.0,0.23,0.7705869509290201
0.23,0.0,0.23,0.9348936203150565
0.23,0.0,0.23,1.0495373750232466
0.24,0.0,0.23,1.1682412466733647
0.24,0.0,0.24,1.3125925275536994
0.23,0.0,0.24,1.5044208093701497
0.24,0.0,0.23,1.6443253927668802
0.24,0.0,0.24,1.8046293179250503
0.22,0.0,0.24,1.9709347457349657
0.23,0.0,0.22,2.158351931501979
0.23,0.0,0.23,2.347564095982702
0.24,0.0,0.23,2.526220149615611
0.24,0.0,0.24,2.7254078350904103
0.23,0.0,0.24,2.9357786440021907
0.24,0.0,0.23,3.1182811194939006
0.23,0.0,0.24,3.335814972688152
0.24,0.0,0.23,3.550960367194388
0.24,0.29824072,0.24,3.740932885137403
0.23,1.5412495,0.24,3.9479041471668843
0.22,1.1603998,0.23,4.122243343243402
0.23,0.0,0.22,4.30968013700109
0.23,0.88865626,0.23,4.485701421434274
0.25,0.27049297,0.23,4.669227819248572
0.18,0.0,0.25,4.871804022746881
1.85,0.0,0.18,4.985812466465074
5.13,0.0,1.85,6.784518222069829
9.84,0.97235763,5.13,10.20426775583806
15.98,4.8181205,9.84,15.096507281225906
22.82,10.583469,15.98,21.361788832550676
30.22,19.231369,22.82,28.275335225998113
38.26,26.46703,30.22,35.77292952608422
46.1,34.16555,38.26,43.79191124967229
53.64,41.03365,46.1,51.50266638057476
60.62,48.03266,53.64,58.785484381963116
67.22,53.496796,60.62,65.4276227945986
73.48,58.694294,67.22,71.63869653942132
79.4,63.657253,73.48,77.44638393040212
84.25,68.60772,79.4,82.79615177031091
88.09,72.60603,84.25,87.10117633016738
90.88,75.972084,88.09,90.32876140638153
94.22,74.48229,90.88,92.43180988568386
96.83,80.335175,94.22,95.00964674091705
91.98,81.215935,96.83,96.8857165093368
89.23,79.270454,91.98,91.35757940802452
85.14,76.82305,89.23,87.70191627722104
83.05,72.48808,85.14,82.64800881057522
82.94,68.88164,83.05,79.8190689762397
83.59,65.96072,82.94,79.00673227019111
83.55,64.0247,83.59,79.10498778803506
84.92,60.778706,83.55,78.78831453716252
86.28,59.178783,84.92,79.81374140592882
88.35,57.817406,86.28,80.93475989197226
90.8,57.230026,88.35,82.75958076476977
85.79,55.563038,90.8,84.9413520229376
82.72,52.866066,85.79,79.74249274694554
77.89,49.949295,82.72,76.48232601964065
72.68,46.15193,77.89,71.28443289644063
67.16,40.796314,72.68,65.95134518945018
61.379999999999995,36.388443,67.16,60.25243625689765
54.8,32.078766,61.379999999999995,54.2922001844239
47.86,27.29577,54.8,47.79346108577192
40.06,21.48484,47.86,40.96505814929738
32.01,16.458347,40.06,33.303827448450015
23.95,11.252489,32.01,25.41907598259135
16.53,5.8447905,23.95,17.540815908677033
8.63,0.0,16.53,10.391827247916298
5.54,0.0,8.63,2.926485468352509
2.17,0.0,5.54,0.1500771294353226
0.34,0.0,2.17,-2.7373635195705095
0.35,0.0,0.34,-3.941485910283818
0.33,0.0,0.35,-3.461109037475421
0.32,0.0,0.33,-3.0118331202429305
0.3,0.0,0.32,-2.481707325325558
0.28,0.0,0.3,-2.0557152550292983
0.28,0.0,0.28,-1.6764372229734787
0.26,0.0,0.28,-1.3055049392174056
0.22,0.0,0.26,-0.9817012080565757
0.23,0.0,0.22,-0.5769132836287999
0.23,0.0,0.23,-0.2579375889664537
0.23,0.0,0.23,-0.05403319846562563
0.23,0.0,0.23,0.13976711211836707
0.23,0.0,0.23,0.3909814519600415
0.22,0.0,0.23,0.49055098593529217
0.24,0.0,0.22,0.5695618589285685
0.23,0.0,0.24,0.6856249651936417
0.23,0.0,0.23,0.20249133413610534
0.23,0.0,0.23,0.254452851015732
0.23,0.0,0.23,0.2873598607873701
0.24,0.0,0.23,0.30770532049268673
0.25,0.0,0.24,0.4348949174247414
0.23,0.0,0.25,0.44762888368453146
0.23,0.0,0.23,0.4527247050407283
0.24,0.0,0.23,0.4827191410327942
0.24,0.0,0.24,0.621108497324944
0.25,0.0,0.24,0.6855850202598167
0.24,0.0,0.25,0.7723180419446859
0.24,0.0,0.24,0.8467207739256417
0.24,0.0,0.24,1.0157108881307655
0.24,0.0,0.24,1.129246052094425
0.23,0.0,0.24,1.2519685744356772
0.24,0.0,0.23,1.373723808244537
0.23,0.0,0.24,1.5785844019362
0.24,0.0,0.23,1.7190442801372345
0.24,0.0,0.24,1.8924256482171598
0.23,0.0,0.24,2.063860108658173
0.25,0.0,0.23,2.2592097658711894
0.23,0.0,0.25,2.443253382033929
0.23,0.0,0.23,2.6036465942692946
0.23,0.0,0.23,2.793287964424496
0.23,0.0,0.23,2.9963234429941674
0.24,0.0,0.23,3.1932438856224366
0.23,0.0,0.24,3.406863105252422
0.24,0.0,0.23,3.591758893074938
0.24,1.6874636,0.24,3.7980584577710883
0.24,2.4773052,0.24,4.000098750735965
0.23,1.509609,0.24,4.199305244898169
0.22,0.33418167,0.23,4.386182978610262
0.23,2.0004559,0.22,4.54785438639978
0.25,1.8579417,0.23,4.746026975234602
0.19,0.84452313,0.25,4.95555045050563
1.82,0.0,0.19,5.07296497608198
5.28,1.1172739,1.82,6.828720652395849
10.25,3.5513954,5.28,10.4199359949896
16.65,7.643333,10.25,15.577965457606707
24.04,13.649178,16.65,22.130513482431713
31.64,22.55407,24.04,29.61623047016372
39.31,30.242085,31.64,37.327676168444576
46.87,37.779324,39.31,44.95268616745336
53.57,44.25185,46.87,52.35154914212854
60.22,50.540592,53.57,58.76419773189773
66.9,55.36786,60.22,65.0574358964593
72.74,59.61523,66.9,71.3162808830899
78.2,64.054184,72.74,76.70449647001595
83.27,68.207565,78.2,81.63445389498426
87.2,71.662605,83.27,86.12339139819626
90.83,74.45604,87.2,89.44253190230039
94.22,72.70536,90.83,92.40372915414149
96.64,79.265236,94.22,95.03654063844013
98.51,80.094055,96.64,96.75070750086343
100.24,80.06496,98.51,97.89924507900994
101.01,79.813934,100.24,98.89085303477734
101.57,78.302414,101.01,98.95694224193093
101.41,76.55848,101.57,98.82993364652397
100.78,74.406944,101.41,97.97057225510589
99.05,72.210884,100.78,96.70099693539593
97.16,68.279564,99.05,94.32715406478556
95.1,65.30558,97.16,91.84435744394983
92.35,62.455376,95.1,89.26512227345678
89.31,59.671814,92.35,86.04716925623076
85.65,55.229412,89.31,82.61338456060825
81.49,51.747303,85.65,78.62541481527785
76.74,48.31118,81.49,74.19682463892447
71.63,44.669502,76.74,69.2324068307522
65.59,39.323444,71.63,63.996108147909354
59.0,34.72216,65.59,57.885709253968386
51.75,29.98352,59.0,51.292935887945866
44.7,24.872923,51.75,44.10868858643354
29.33,18.672113,44.7,37.26247319055117
26.74,11.305778,29.33,22.142813835328393
22.37,7.1382895,26.74,19.581915784063096
14.6,3.2235475,22.37,15.486326952490066
9.33,0.0,14.6,8.483368611609492
3.4799999999999995,0.0,9.33,3.695369127093857
1.95,0.0,3.4799999999999995,-1.7893574247845
0.32,0.0,1.95,-2.6232179501772626
0.35,0.0,0.32,-3.7727133585513486
0.32,0.0,0.35,-3.235735681315761
0.31,0.0,0.32,-2.69958879256824
0.3,0.0,0.31,-2.2087212493463144
0.29,0.0,0.3,-1.6559677127733117
0.28,0.0,0.29,-1.1177678531710333
0.26,0.0,0.28,-0.8840915951848394
0.22,0.0,0.26,-0.6723679119071508
0.23,0.0,0.22,-0.29232695188938257
0.23,0.0,0.23,-0.03209526155133882
0.22,0.0,0.23,0.22299133073828453
0.22,0.0,0.22,0.3625341268085028
0.23,0.0,0.22,0.6068005739320829
0.23,0.0,0.23,0.708285412283862
0.24,0.0,0.23,0.792468655871427
0.23,0.0,0.24,0.8638879264031282
0.23,0.0,0.23,-0.1047122424984781
0.24,0.0,0.23,-0.11272565570905363
0.23,0.0,0.24,-0.07846175734313465
0.23,0.0,0.23,-0.04775970484125414
0.23,0.0,0.23,0.04429745421513285
0.23,0.0,0.23,0.05994181122218282
0.23,0.0,0.23,0.07932335561825841
0.23,0.0,0.23,0.13114603792535026
0.23,0.0,0.23,0.25542247076542735
0.23,0.0,0.23,0.3169684231358552
0.24,0.0,0.23,0.4005738261781787
0.23,0.0,0.24,0.5069306874920266
0.24,0.0,0.23,0.6632157532304677
0.24,0.0,0.24,0.7830390004132344
0.24,0.0,0.24,0.9008196522508413
0.23,0.0,0.24,1.0182357389345156
0.24,0.0,0.23,1.203741295202116
0.23,0.0,0.24,1.3681286887701447
0.24,0.0,0.23,1.5164400049995594
0.24,0.0,0.24,1.703019768339419
0.24,0.0,0.24,1.9163449491706575
0.24,0.0,0.24,2.095018569579001
0.24,0.0,0.24,2.277800803264496
0.23,0.0,0.24,2.46250871743027
0.23,0.0,0.23,2.670949342493937
0.23,0.0,0.23,2.8740527335398487
0.24,0.0,0.23,3.0826861223152777
0.23,0.0,0.24,3.28999649764574
0.23,0.0,0.23,3.4788442705761677
0.22,0.0,0.23,3.6804575112076665
0.24,0.0,0.22,3.8673924632032333
0.23,0.0,0.24,4.0814526246063005
0.24,0.0,0.23,4.251377855813401
0.24,0.0,0.24,4.4573999361806695
0.22,0.0,0.24,4.6447735103222225
0.46,0.0,0.22,4.80883091272187
3.33,0.0,0.46,5.195216711664868
6.01,0.0,3.33,8.18441660560513
8.17,2.8707745,6.01,10.996725833723154
11.76,5.395649,8.17,13.359651757188963
16.55,9.468378,11.76,17.025358361930234
23.95,13.609082,16.55,21.88417943314157
28.82,19.354351,23.95,29.33633045286937
34.55,25.321623,28.82,34.190523152770275
41.78,31.137177,34.55,39.859659594169884
48.3,36.29119,41.78,46.895305909289526
55.14,41.126553,48.3,53.2397174995197
60.93,45.99741,55.14,59.83759156810607
65.88,51.194374,60.93,65.20703689769753
69.75,55.34493,65.88,69.73128216648372
73.65,58.33861,69.75,73.1425267248362
77.78,60.310387,73.65,76.49941932470156
81.23,63.73132,77.78,80.01898946866544
82.97,66.24894,81.23,82.83378732725971
84.63,67.82774,82.97,83.99033322098009
86.59,69.0555,84.63,84.98854017964986
87.15,68.6824,86.59,86.26093203661958
86.3,67.70851,87.15,86.24824949091472
87.0,65.68411,86.3,84.73932163274688
83.81,64.07834,87.0,84.6853793112704
82.94,59.71081,83.81,80.93606908367573
81.08,57.21364,82.94,79.45570008880158
77.33,54.305634,81.08,77.05440485880003
73.99,50.94835,77.33,72.93139063013014
69.1,46.347065,73.99,69.13876003118264
65.49,42.039074,69.1,63.85265718326999
60.76,38.345398,65.49,60.0149167077367
55.35,34.486008,60.76,55.0070900980881
49.13,28.814877,55.35,49.462282525870954
39.41,23.904383,49.13,43.17319083913657
28.39,17.846376,39.41,33.44938065389422
19.21,11.172552,28.39,22.524890455207153
14.86,2.9266725,19.21,13.586220896053868
13.9,0.0,14.86,9.270446346840227
11.01,0.0,13.9,8.563434211000256
8.09,0.0,11.01,6.089552615250554
4.49,0.0,8.09,3.7994384900152642
2.32,0.0,4.49,0.7337799445273252
0.53,0.0,2.32,-1.0178307484840676
0.29,0.0,0.53,-2.48636281332302
0.3,0.0,0.29,-2.354106488195838
0.28,0.0,0.3,-1.9894601410344004
0.27,0.0,0.28,-1.5614639974230549
0.26,0.0,0.27,-1.0792384262440269
0.26,0.0,0.26,-0.6342254190889471
0.25,0.0,0.26,-0.3797939249333413
0.23,0.0,0.25,-0.26759987304667215
0.23,0.0,0.23,-0.13808570240704574
0.23,0.0,0.23,0.10671946586547768
0.23,0.0,0.23,0.2563191594569788
0.23,0.0,0.23,0.3808551396005079
0.23,0.0,0.23,0.48263770044409937
0.23,0.0,0.23,0.6356618823186738
0.23,0.0,0.23,0.6689113509814502
0.24,0.0,0.23,0.6706906166978329
0.23,0.0,0.24,0.6470381685168524
0.23,0.0,0.23,-0.09688801428446907
0.23,0.0,0.23,-0.11206312759681286
0.23,0.0,0.23,-0.10158653338498844
0.23,0.0,0.23,-0.09472945189397258
0.23,0.0,0.23,0.00786276611294049
0.23,0.0,0.23,0.01495540063582431
0.24,0.0,0.23,0.03592834096321648
0.23,0.0,0.24,0.07642412364666407
0.23,0.0,0.23,0.1980411547738542
0.24,0.0,0.23,0.2576843620055055
0.23,0.0,0.24,0.3459340252623202
0.24,0.0,0.23,0.42403564274668615
0.24,0.0,0.24,0.6031136045468781
0.23,0.0,0.24,0.716123197206749
0.23,0.0,0.23,0.8308637431129333
0.24,0.0,0.23,0.9643205525008949
0.24,0.0,0.24,1.1690646038795836
0.24,0.0,0.24,1.3183162606933654
0.24,0.0,0.24,1.475540682624296
0.23,0.0,0.24,1.6411214846718485
0.23,0.0,0.23,1.835591087846339
0.23,0.0,0.23,2.0144022708910474
0.25,0.0,0.23,2.197143360215846
0.24,0.0,0.25,2.409810308703088
0.24,0.0,0.24,2.61338371593383
0.24,0.0,0.24,2.8101766434940543
0.24,0.0,0.24,3.0061325689254192
0.24,0.0,0.24,3.2067025424225566
0.22,0.0,0.24,3.4049850144114453
0.24,0.0,0.22,3.582457628902644
0.24,0.0,0.24,3.7994044376252534
0.23,0.0,0.24,3.994768235949392
0.23,0.0,0.23,4.161901093654241
0.23,0.12534808,0.23,4.353678330585178
0.2,0.0,0.23,4.540079572928384
0.43,0.0,0.2,4.691996793867935
2.14,0.26291195,0.43,5.065037756849176
4.44,1.1801723,2.14,6.915902230988122
6.72,2.8359735,4.44,9.367440336698248
9.3,5.2558537,6.72,11.809844028601464
14.81,9.295138,9.3,14.48063293217885
21.16,13.340626,14.81,20.067804948182662
23.9,19.034718,21.16,26.45425551020201
25.55,23.235466,23.9,29.33269802577162
30.35,26.801886,25.55,30.869330193494964
35.8,29.199429,30.35,35.44630806017352
44.07,32.402897,35.8,40.732804524598045
54.3,37.429447,44.07,48.8619249989476
59.49,44.91785,54.3,58.781042237963646
59.12,51.923878,59.49,63.726143049772425
67.27,54.696014,59.12,63.15736977600084
71.08,57.36916,67.27,70.63973375845946
74.34,59.70156,71.08,73.86146642082736
77.21,61.987526,74.34,76.67623618837675
78.03,63.6678,77.21,78.74484633900025
78.3,64.10629,78.03,78.9961296432386
78.89,62.967075,78.3,78.86132094463892
79.36,62.46099,78.89,78.67794594496584
79.27,61.63998,79.36,78.5511350237171
77.84,60.737385,79.27,77.80392159783183
75.91,58.19092,77.84,75.6990451252533
73.48,55.023567,75.91,73.28130175549344
70.13,51.96586,73.48,70.42226867631383
67.09,48.509605,70.13,66.5467838801474
62.68,43.656513,67.09,63.09610942673448
58.36,39.60997,62.68,58.3116393926666
54.74,35.68054,58.36,53.71057098956071
50.34,32.176636,54.74,49.818545483825474
46.02,26.947529,50.34,45.28191792983544
40.82,22.882183,46.02,40.882243200915866
35.19,19.241398,40.82,35.61488285933856
29.379999999999995,15.6446905,35.19,30.033273057426136
23.68,10.735617,29.379999999999995,24.35224145105877
18.56,6.5906196,23.68,18.78069513814563
13.85,2.777999,18.56,13.796729418263487
9.63,0.0,13.85,9.335293551448265
6.2,0.0,9.63,5.455791240083661
3.23,0.0,6.2,2.370707781704153
1.06,0.0,3.23,-0.23365253624885257
0.25,0.0,1.06,-2.047697651521971
0.31,0.0,0.25,-2.4364995286473654
0.28,0.0,0.31,-2.0443991797067076
0.28,0.0,0.28,-1.710957217385689
0.26,0.0,0.28,-1.368407737608332
0.26,0.0,0.26,-1.0020890954286723
0.27,0.0,0.26,-0.7366147257742393
0.24,0.0,0.27,-0.5170914096111927
0.23,0.0,0.24,-0.37894344305258176
0.24,0.0,0.23,-0.13418741086447034
0.24,0.0,0.24,0.007828707324591747
0.23,0.0,0.24,0.12382131368959517
0.23,0.0,0.23,0.20212522924237508
0.22,0.0,0.23,0.36055140713374606
0.23,0.0,0.22,0.38226005682224784
0.23,0.0,0.23,0.4200713664516748
0.24,0.0,0.23,0.43704153263777745
0.23,0.0,0.24,-0.17046089145253185
0.24,0.0,0.23,-0.17544896038735006
0.23,0.0,0.24,-0.1602621067701064
0.24,0.0,0.23,-0.16062744317596092
0.24,0.0,0.24,-0.04410086493935615
0.24,0.0,0.24,-0.0292291094747614
0.24,0.0,0.24,-0.009606519691253007
0.24,0.0,0.24,0.02057740235398578
0.24,0.0,0.24,0.14917729269213625
0.23,0.0,0.24,0.21510980799009055
0.23,0.0,0.23,0.2840950633113014
0.23,0.0,0.23,0.3734075856808705
0.24,0.0,0.23,0.5452191587112261
0.23,0.0,0.24,0.670155828296189
0.24,0.0,0.23,0.7877797119603701
0.24,0.0,0.24,0.9318676335402581
0.24,0.0,0.24,1.1283799947887743
0.23,0.0,0.24,1.2826199064500468
0.24,0.0,0.23,1.4354061099614652
0.23,0.0,0.24,1.6107812834388158
0.24,0.0,0.23,1.8145985469117534
0.24,0.0,0.24,2.0044347533082516
0.24,0.0,0.24,2.192479873471553
0.24,0.0,0.24,2.3848584105567205
0.23,0.0,0.24,2.5918941524312102
0.23,0.0,0.23,2.777061119955123
0.24,0.0,0.23,2.977865828779592
0.24,0.0,0.24,3.185969171604526
0.23,0.0,0.24,3.3888286766775035
0.25,0.0,0.23,3.5799059906606727
0.24,0.0,0.25,3.8030238969677725
0.23,0.0,0.24,3.995772336084001
0.23,0.0,0.23,4.16377200864437
0.26,0.0,0.23,4.352740735741227
0.17,0.0,0.26,4.568803186637837
0.79,0.0,0.17,4.66798239689114
3.02,0.0,0.79,5.426643693941049
5.940000000000001,0.64460427,3.02,7.792145121612133
9.55,3.1297715,5.940000000000001,10.873143796765556
13.87,6.595081,9.55,14.652839451653115
18.97,12.1996765,13.87,19.06090812351419
24.24,17.349182,18.97,24.266288589475657
29.91,22.16374,24.24,29.583943878766274
35.19,26.930624,29.91,35.22922085598393
41.6,32.583363,35.19,40.36642254422655
47.53,37.267868,41.6,46.66502187976238
48.3,42.132397,47.53,52.31811815070155
50.84,44.303486,48.3,52.99914383931787
62.6,46.376087,50.84,55.24363900355427
66.21,53.468777,62.6,66.01939907793803
70.1,57.589085,66.21,69.50048819755399
73.89,60.861656,70.1,73.17169802206573
76.71,63.185463,73.89,76.19130821843011
73.28,64.46452,76.71,78.51255421520122
58.82,63.242786,73.28,74.59377516637531
52.53,57.301987,58.82,59.24353011674283
44.75,50.52257,52.53,51.87000319796349
55.65,43.767357,44.75,43.102077867495396
81.09,43.897026,55.65,53.288486056814094
80.57,51.378212,81.09,78.64965281316911
79.93,54.142117,80.57,79.2507256355492
77.94,56.245823,79.93,78.85471571494767
74.27,54.629307,77.94,75.90508231338708
70.26,50.332413,74.27,71.77799302440656
66.27,45.05802,70.26,67.03783129215482
62.46000000000001,41.912125,66.27,61.875605173700954
56.27,37.962093,62.46000000000001,57.94216843306702
51.12,33.58566,56.27,51.88732273061091
40.23,27.689877,51.12,46.80977045363571
33.46,20.94372,40.23,36.090429958765164
27.23,16.085304,33.46,29.049179580499096
23.52,11.637995,27.23,22.150507206705303
22.23,6.0726943,23.52,18.65934106644148
17.5,3.9791968,22.23,17.569681339205065
13.2,1.7076304,17.5,13.071369326117598
9.17,0.0,13.2,9.302451900956235
6.47,0.0,9.17,5.61990384960387
3.87,0.0,6.47,3.2018342565535294
1.31,0.0,3.87,0.8564663227116964
0.28,0.0,1.31,-1.5597884538893956
0.3,0.0,0.28,-2.2728108948877592
0.28,0.0,0.3,-1.9592070652328828
0.26,0.0,0.28,-1.6060636219596722
0.26,0.0,0.26,-1.1407838114997075
0.26,0.0,0.26,-0.7956172337050075
0.25,0.0,0.26,-0.6074636858738888
0.25,0.0,0.25,-0.3981047207657079
0.23,0.0,0.25,-0.2353513230647973
0.23,0.0,0.23,0.0006294610758212846
0.23,0.0,0.23,0.12028110772211269
0.23,0.0,0.23,0.24040806785938335
0.23,0.0,0.23,0.3357715389506471
0.23,0.0,0.23,0.49448374989902927
0.23,0.0,0.23,0.4738002769776891
0.24,0.0,0.23,0.4726714589074726
0.23,0.0,0.24,0.4730930941263068
0.23,0.0,0.23,0.1776767050945905
0.25,0.0,0.23,0.19805203140857514
0.24,0.0,0.25,0.21972646674213614
0.23,0.0,0.24,0.21861706770503692
0.23,0.0,0.23,0.310980244987178
0.23,0.0,0.23,0.3276393497108964
0.24,0.0,0.23,0.34919298249214265
0.23,0.0,0.24,0.392508179526265
0.24,0.0,0.23,0.5105385371669942
0.24,0.0,0.24,0.5868060949336834
0.23,0.0,0.24,0.6584483235135254
0.24,0.0,0.23,0.7375605584619739
0.23,0.0,0.24,0.9103362848765729
0.23,0.0,0.23,1.0136918938748407
0.25,0.0,0.23,1.1324004243224743
0.24,0.0,0.25,1.2820644923190183
0.23,0.0,0.24,1.4662895310519217
0.24,0.0,0.23,1.6040535891373047
0.24,0.0,0.24,1.7728070410085088
0.25,0.0,0.24,1.9389892922972694
0.24,0.0,0.25,2.166969226818313
0.24,0.0,0.24,2.3228775235606838
0.24,0.0,0.24,2.495628511413646
0.23,0.0,0.24,2.685101356442138
0.23,0.0,0.23,2.882911421881133
0.24,0.0,0.23,3.080449484931188
0.23,0.0,0.24,3.288536038358989
0.23,0.0,0.23,3.481930115734157
0.23,0.5785697,0.23,3.6832588950605927
0.23,1.304362,0.23,3.8859454826583866
0.24,0.9374957,0.23,4.090446517128754
0.24,0.19064459,0.24,4.309373238508074
0.24,1.9376448,0.24,4.486472496510907
0.24,1.408667,0.24,4.678262521786
0.22,0.0951847,0.24,4.8616939100406675
0.39,0.0,0.22,5.02477664654899
2.96,0.0,0.39,5.344974256745751
6.39,0.0,2.96,8.047271284033313
10.32,2.2886693,6.39,11.622581096261069
15.35,5.9663215,10.32,15.742686124166852
21.87,12.409146,15.35,20.866111411433195
28.81,18.742577,21.87,27.48076078136645
37.25,25.29681,28.81,34.479376635685455
45.89,32.35561,37.25,42.86868081666524
50.06,40.76414,45.89,51.30606621215978
57.37,45.891705,50.06,55.37740017035333
63.68,50.507732,57.37,62.30258705646641
69.4,55.054493,63.68,68.17954327247062
74.69,60.11934,69.4,73.51910709108829
79.27,64.705315,74.69,78.2793876252127
83.21,68.775894,79.27,82.26937154527077
86.43,72.194275,83.21,86.26322363735844
88.84,73.87288,86.43,88.2306816358366
90.61,75.02197,88.84,89.95444069341838
91.91,75.45357,90.61,91.02537337649561
92.65,75.3627,91.91,91.59513755642519
92.26,74.14138,92.65,91.55481142449734
92.45,72.67227,92.26,90.59161158577169
92.09,71.38709,92.45,90.06935062257648
90.55,68.981224,92.09,89.08645498269073
90.6,65.16848,90.55,86.95998777330666
88.27,62.918823,90.6,86.4037335903667
84.13,60.099926,88.27,83.5853947741824
79.63,56.69014,84.13,79.06100210745454
75.55,51.362984,79.63,74.08353673599822
71.45,47.15953,75.55,69.6001821347358
66.52,43.24149,71.45,65.20071506608438
60.08,39.224392,66.52,60.079933154040305
53.9,33.167187,60.08,53.572224900050166
47.36,27.895182,53.9,47.35545375862729
40.77,22.996368,47.36,40.802624069558306
34.72,18.64245,40.77,34.28461991720853
28.52,13.161534,34.72,28.396123891957565
22.17,8.817291,28.52,22.351097305035847
16.25,4.4248567,22.17,16.317803352047925
10.9,0.1894116,16.25,10.741850701670606
6.02,0.0,10.9,5.833444759367234
3.17,0.0,6.02,1.35442927386823
0.95,0.0,3.17,-1.1036502815130684
0.26,0.0,0.95,-2.881854677722025
0.32,0.0,0.26,-2.984316182764166
0.31,0.0,0.32,-2.471967956611594
0.28,0.0,0.31,-2.011708936544137
0.26,0.0,0.28,-1.5956503155495183
0.26,0.0,0.26,-1.1896342180083432
0.25,0.0,0.26,-0.8640261030576886
0.23,0.0,0.25,-0.5881653926281878
0.23,0.0,0.23,-0.37531953411061403
0.24,0.0,0.23,-0.05892322097948967
0.24,0.0,0.24,0.15802012662844814
0.23,0.0,0.24,0.3134166164340524
0.23,0.0,0.23,0.435684905129398
0.24,0.0,0.23,0.609900202513982
0.24,0.0,0.24,0.6711444197184567
0.23,0.0,0.24,0.7138436346301137
0.24,0.0,0.23,0.7353691744365595
0.23,0.0,0.24,0.24046407688260008
0.24,0.0,0.23,0.24606694929821746
0.24,0.0,0.24,0.2679223158695182
0.22,0.0,0.24,0.27560037274525806
0.23,0.0,0.22,0.3584732552660207
0.23,0.0,0.23,0.3728882705299038
0.22,0.0,0.23,0.39153717996451876
0.23,0.0,0.22,0.4093566577604084
0.23,0.0,0.23,0.5497939897006822
0.24,0.0,0.23,0.6144607679929022
0.24,0.0,0.24,0.7034983095786016
0.24,0.0,0.24,0.7895711613492571
0.23,0.0,0.24,0.9603994083619657
0.24,0.0,0.23,1.0637597543488142
0.24,0.0,0.24,1.1958574952219874
0.23,0.0,0.24,1.3285768761763272
0.24,0.0,0.23,1.5161271274249197
0.23,0.0,0.24,1.6822938195759154
0.23,0.0,0.23,1.8297795945714836
0.23,0.0,0.23,1.9978974925656763
0.24,0.0,0.23,2.200041406713311
0.24,0.0,0.24,2.389578361183321
0.23,0.0,0.24,2.5705505826784036
0.24,0.0,0.23,2.756909237881297
0.24,0.0,0.24,2.9797551826727915
0.23,0.0,0.24,3.1858432767475495
0.24,0.0,0.23,3.378585890326443
0.24,0.0,0.24,3.579773268870511
0.23,0.4895218,0.24,3.779580276162308
0.24,1.4955802,0.23,3.9766642029300283
0.23,1.1889738,0.24,4.193361179594328
0.22,0.0,0.23,4.386783213534021
0.23,1.1681339,0.22,4.558971370525837
0.25,0.6066497,0.23,4.763510753909531
0.22,0.0,0.25,4.97139621832394
0.33,0.0,0.22,5.129082513342345
2.13,0.0,0.33,5.384342769279408
4.83,0.0,2.13,7.32690502898419
9.21,0.06804134,4.83,10.173705096926653
17.0,3.2545474,9.21,14.718357327545545
24.61,11.042498,17.0,22.6015292139267
33.1,19.850729,24.61,30.358471928503757
40.2,28.33676,33.1,38.95149305665464
47.14,35.517834,40.2,46.02383238490653
54.01,42.328262,47.14,52.77539283096676
60.68,47.694138,54.01,59.34143238983928
67.18,52.32143,60.68,65.63107358815984
73.23,57.2992,67.18,71.71243446936236
78.13,62.673256,73.23,77.25417672078481
81.86,67.1185,78.13,81.66315703193598
85.74,70.59985,81.86,84.87733006827762
89.23,75.069466,85.74,89.0768598847992
91.84,76.49057,89.23,90.85567260117048
93.82,77.59626,91.84,92.77326125075834
94.98,78.061066,93.82,94.01955750244686
95.67,77.84464,94.98,94.48018866313578
96.98,76.43113,95.67,94.46732358158275
96.58,75.60293,96.98,95.07571654300665
95.25,73.855225,96.58,93.9925423980538
92.79,71.17322,95.25,92.0419669981771
91.31,66.76674,92.79,88.93140429824389
90.23,63.463997,91.31,86.90038932902102
87.63,60.75001,90.23,85.2967704660235
83.91,58.135464,87.63,82.19394513707866
80.37,53.513386,83.91,78.09078012006465
76.51,49.793194,80.37,74.20187985806884
71.4,46.16968,76.51,70.06536715274096
66.15,42.20082,71.4,64.75177471408324
60.49,36.59514,66.15,59.3422225959834
53.8,31.965807,60.49,53.52621375893274
46.59,26.79756,53.8,46.90279970794451
39.0,21.989914,46.59,39.74125132599333
31.47,15.9415245,39.0,32.30370438396608
24.36,10.647227,31.47,24.983223602128323
17.79,5.644106,24.36,18.087754404233138
11.86,0.8827731,17.79,11.81308159135301
6.89,0.0,11.86,6.3390308241784785
3.2,0.0,6.89,1.7888989164616242
0.85,0.0,3.2,-1.4419332622135879
0.27,0.0,0.85,-3.2899644494902907
0.32,0.0,0.27,-3.294442623337711
0.31,0.0,0.32,-2.7484227821839267
0.28,0.0,0.31,-2.2454045047933677
0.27,0.0,0.28,-1.8049561524478985
0.26,0.0,0.27,-1.3201991889353937
0.25,0.0,0.26,-0.9629137177534163
0.24,0.0,0.25,-0.6565631256259921
0.24,0.0,0.24,-0.3924014971787303
0.23,0.0,0.24,-0.039976292775390845
0.24,0.0,0.23,0.18121979524518944
0.25,0.0,0.24,0.37938387206410196
0.23,0.0,0.25,0.5268125237926465
0.23,0.0,0.23,0.7056900436828932
0.24,0.0,0.23,0.7722990930042375
0.23,0.0,0.24,0.8397302869937862
0.24,0.0,0.23,0.8713025676733002
0.23,0.0,0.24,-0.008997418793811607
0.23,0.0,0.23,0.008578959529835783
0.24,0.0,0.23,0.021419525437571564
0.23,0.0,0.24,0.05026384115293419
0.24,0.0,0.23,0.1221905874750747
0.24,0.0,0.24,0.14866188621785043
0.23,0.0,0.24,0.16347052511015428
0.25,0.0,0.23,0.17723943886489202
0.22,0.0,0.25,0.32165935545734836
0.24,0.0,0.22,0.3608982987813559
0.23,0.0,0.24,0.45789371717911553
0.24,0.0,0.23,0.5346000624014702
0.23,0.0,0.24,0.7134035445377797
0.23,0.0,0.23,0.8093999244750842
0.23,0.0,0.23,0.9300354467965039
0.24,0.0,0.23,1.0640559171636825
0.24,0.0,0.24,1.2741577105663948
0.24,0.0,0.24,1.4307588255691304
0.25,0.0,0.24,1.5947991881866022
0.23,0.0,0.25,1.7706556589847908
0.23,0.0,0.23,1.9588912722860592
0.23,0.0,0.23,2.1310754733505592
0.24,0.0,0.23,2.3208532025758237
0.23,0.0,0.24,2.5227740773287377
0.23,0.0,0.23,2.7235553683408225
0.24,0.0,0.23,2.925646013247944
0.23,0.0,0.24,3.136321727122063
0.22,0.0,0.23,3.3206255153698767
0.23,0.0,0.22,3.507810296688274
0.23,0.0,0.23,3.718859294150243
0.23,0.0,0.23,3.9173881067866354
0.24,0.0,0.23,4.115321329088641
0.22,0.0,0.24,4.304759358543512
0.24,0.0,0.22,4.47185762728021
0.19,0.0,0.24,4.670401317399205
0.86,0.0,0.19,4.794351007246286
4.05,0.0,0.86,5.604527682092615
8.83,0.0,4.05,8.927019915389902
14.68,2.4433556,8.83,13.869777593072046
21.5,7.9980555,14.68,19.902964304890205
29.08,16.24918,21.5,26.83341369823393
37.36,24.238533,29.08,34.51472412071081
44.96,31.768507,37.36,42.77992247228601
52.370000000000005,38.555107,44.96,50.27510780581257
59.17,45.525494,52.370000000000005,57.42354030966172
65.02,51.596706,59.17,63.8936578968067
70.88,56.55227,65.02,69.37436828297237
71.98,61.17942,70.88,74.78563197517168
70.19,64.34865,71.98,75.34390656165851
68.43,65.19749,70.19,72.89345980935728
67.34,64.430145,68.43,70.27038704549133
65.28,64.21095,67.34,69.51442477670122
64.07,62.469555,65.28,65.54436737666339
59.28,60.36866,64.07,63.657950197407395
59.27,56.64339,59.28,58.33063308852809
57.86,53.91202,59.27,57.78974294212961
54.74,50.712048,57.86,55.860670907892136
52.67,47.582928,54.74,52.42963188595637
53.65,44.563515,52.67,49.95296584743971
54.34,42.970604,53.65,50.392188154268105
54.85,40.758965,54.34,50.973776052460806
55.58,39.570065,54.85,51.3981565567718
57.62,38.54476,55.58,52.045247459272474
58.63,38.16076,57.62,54.00552526274597
59.96,36.68368,58.63,55.01019089030539
60.58,36.142452,59.96,56.32140710277733
62.02,35.778774,60.58,56.904462849759824
62.04,35.57397,62.02,58.28740496126008
59.55,33.582047,62.04,58.33481407449853
54.84,31.680485,59.55,55.877819265196536
48.84,28.649548,54.84,51.14322115707066
42.38,24.474972,48.84,45.06260561719768
35.07,18.817087,42.38,38.496084926252685
27.7,14.226863,35.07,31.034651163730782
20.09,9.389318,27.7,23.586946251861168
13.1,4.217036,20.09,15.954309812414106
7.14,0.0,13.1,9.121750518244458
2.92,0.0,7.14,3.3001927150104624
0.74,0.0,2.92,-0.7500789179360767
0.26,0.0,0.74,-2.7074164921574795
0.3,0.0,0.26,-2.8502686105220683
0.3,0.0,0.3,-2.500781649120949
0.27,0.0,0.3,-2.1518729441746283
0.26,0.0,0.27,-1.8418015690055904
0.24,0.0,0.26,-1.4736574591185048
0.25,0.0,0.24,-1.2409662175670362
0.22,0.0,0.25,-1.016264518375213
0.23,0.0,0.22,-0.8142677450567226
0.22,0.0,0.23,-0.48466223823886034
0.22,0.0,0.22,-0.28692206968195344
0.23,0.0,0.22,-0.10652551158564491
0.23,0.0,0.23,0.046302468685192714
0.22,0.0,0.23,0.24865688641885603
0.23,0.0,0.22,0.324646147465923
0.22,0.0,0.23,0.41017598143157535
0.24,0.0,0.22,0.4549402352264611
0.23,0.0,0.24,0.09958126882231802
0.23,0.0,0.23,0.1210581653029753
0.23,0.0,0.23,0.14741412882343885
0.23,0.0,0.23,0.157872544377188
0.23,0.0,0.23,0.2555086426147807
0.22,0.0,0.23,0.25845469173333974
0.23,0.0,0.22,0.26035152792154115
0.23,0.0,0.23,0.2981028826332313
0.23,0.0,0.23,0.4297735333747458
0.24,0.0,0.23,0.49235814812497536
0.23,0.0,0.24,0.5738795087989433
0.24,0.0,0.23,0.6523917589185696
0.25,0.0,0.24,0.8333190190577968
0.24,0.0,0.25,0.9543501513320956
0.24,0.0,0.24,1.0680055335261966
0.24,0.0,0.24,1.194293956105015
0.24,0.0,0.24,1.389654057112225
0.24,0.0,0.24,1.5386989012502905
0.23,0.0,0.24,1.6957942474234964
0.25,0.0,0.23,1.8508536147826293
0.24,0.0,0.25,2.077571100868662
0.24,0.0,0.24,2.244787839968695
0.23,0.0,0.24,2.426810531522705
0.24,0.0,0.23,2.6060105843095767
0.23,0.0,0.24,2.8224394211658304
0.24,0.0,0.23,3.0142504955744878
0.24,0.0,0.24,3.2190437061478026
0.23,0.0,0.24,3.422072750273644
0.23,0.0,0.23,3.611020368042441
0.23,0.37757385,0.23,3.8133840047235905
0.23,0.0,0.23,4.014882430803265
0.22,0.0,0.23,4.210709454831774
0.23,0.053291872,0.22,4.37403775218068
0.24,0.0,0.23,4.579395331805119
0.21,0.0,0.24,4.773285481315704
0.91,0.0,0.21,4.9247557414539
3.99,0.0,0.91,5.773421270573746
9.12,1.4115659,3.99,8.98883415210604
16.09,5.073135,9.12,14.267209895283589
24.06,11.151763,16.09,21.417978144418502
32.29,20.31645,24.06,29.526539489397123
40.47,29.473349,32.29,37.85706236195895
48.41,37.206367,40.47,46.0483833495216
55.92,43.87721,48.41,53.85016042488123
62.8,50.619392,55.92,61.03543990084446
68.92,55.991497,62.8,67.54740903909662
74.83,60.773113,68.92,73.2150926036776
80.33,65.05165,74.83,78.62506048352762
85.24,69.17717,80.33,83.55590523013726
89.11,72.60662,85.24,87.87401129195129
91.65,75.16815,89.11,91.11671230908925
86.86,78.66113,91.65,93.90898981678882
82.9,76.74628,86.86,87.43602707637395
76.34,73.79316,82.9,82.58955117928555
72.78,69.39978,76.34,75.01362255227626
65.36,65.66988,72.78,70.5731185165044
63.3,59.703262,65.36,62.418444457513964
62.43,55.535904,63.3,59.650820065534624
62.1,51.87096,62.43,58.37620579960206
61.78,49.27115,62.1,57.82039767493579
63.94,46.005615,61.78,57.35697830093645
64.06,44.828053,63.94,59.24264947257589
66.42,43.425716,64.06,59.334568537146616
68.88,43.03775,66.42,61.57324865635317
69.99,41.617954,68.88,64.02656193145351
73.76,41.126335,69.99,65.20520472935536
74.19,41.396084,73.76,69.04142875301882
69.04,41.064114,74.19,69.4725434252407
62.82,37.042927,69.04,64.5642462279254
56.13,32.816765,62.82,58.10993916941562
49.1,28.100529,56.13,51.12675843726111
42.02,23.231543,49.1,43.96953488067271
34.49,17.409843,42.02,36.825117041443455
26.94,12.776331,34.49,29.265677869302376
19.28,7.962349,26.94,21.92230066145783
12.33,2.907192,19.28,14.460403271095695
6.82,0.0,12.33,7.75611549451747
2.79,0.0,6.82,2.460700240691728
0.67,0.0,2.79,-1.4041080860716493
0.3,0.0,0.67,-3.2382797931810146
0.31,0.0,0.3,-3.1480521285629224
0.3,0.0,0.31,-2.7086963043801884
0.29,0.0,0.3,-2.281804141850453
0.26,0.0,0.29,-1.920079071199935
0.25,0.0,0.26,-1.5432792783721507
0.25,0.0,0.25,-1.2733323063411894
0.23,0.0,0.25,-1.0279360184998851
0.24,0.0,0.23,-0.7861944434873794
0.22,0.0,0.24,-0.4220603913485311
0.23,0.0,0.22,-0.20684650989691183
0.22,0.0,0.23,0.03989344525062281
0.23,0.0,0.22,0.21055004896786567
0.23,0.0,0.23,0.42645159477647965
0.24,0.0,0.23,0.5102016807085094
0.24,0.0,0.24,0.5892351905893646
0.23,0.0,0.24,0.6471056147301819
0.24,0.0,0.23,-0.11317604155646074
0.23,0.0,0.24,-0.06620414254796952
0.24,0.0,0.23,-0.052603132136755174
0.23,0.0,0.24,-0.030519116344915817
0.22,0.0,0.23,0.06021576801066714
0.24,0.0,0.22,0.06208442050912609
0.23,0.0,0.24,0.09468462101616885
0.23,0.0,0.23,0.11824470239376932
0.23,0.0,0.23,0.2552036330155733
0.23,0.0,0.23,0.32187668104729233
0.23,0.0,0.23,0.39946178695307816
0.24,0.0,0.23,0.4873743925689955
0.23,0.0,0.24,0.6681014661771436
0.24,0.0,0.23,0.7714471111771487
0.23,0.0,0.24,0.9063342537898869
0.23,0.0,0.23,1.0298867560530471
0.23,0.0,0.23,1.2228308990162555
0.24,0.0,0.23,1.3728542045522552
0.23,0.0,0.24,1.5416539872678738
0.23,0.0,0.23,1.6979930519045303
0.23,0.0,0.23,1.9091704381334536
0.24,0.0,0.23,2.085968982906233
0.23,0.0,0.24,2.2794054500169376
0.24,0.0,0.23,2.45837013530627
0.24,0.0,0.24,2.677678165542807
0.24,0.0,0.24,2.8740832580229427
0.24,0.0,0.24,3.0735614956540585
0.23,0.0,0.24,3.27316819820794
0.23,0.0,0.23,3.465057514021204
0.23,0.0,0.23,3.6656956918837595
0.23,0.0,0.23,3.864600577407085
0.23,0.0,0.23,4.067087224569446
0.24,0.0,0.23,4.245247657193945
0.23,0.0,0.24,4.446283305641757
0.23,0.0,0.23,4.620482646627413
0.32,0.0,0.23,4.7967646593146505
2.07,0.0,0.32,5.022881947636025
5.15,0.0,2.07,6.917682069919644
10.72,0.50108176,5.15,10.134577652879605
21.13,4.9360404,10.72,15.874586381230028
29.43,14.167849,21.13,26.390122564296142
37.78,24.674809,29.43,34.81818458689472
45.93,33.35088,37.78,43.32016574094549
53.57,40.39735,45.93,51.33960098372123
60.79,47.237625,53.57,58.73071695587464
66.93,52.981533,60.79,65.65302462719924
72.25,57.97539,66.93,71.27123534299331
74.37,62.17629,72.25,76.10414311589018
72.56,65.02459,74.37,77.65243876808077
69.78,65.30269,72.56,75.21484658282523
68.70000000000002,63.19325,69.78,71.61063296873043
70.09,63.314167,68.70000000000002,70.3201953461305
69.84,62.98135,70.09,70.15993462620435
65.1,62.26955,69.84,69.31222660623256
62.4,59.755226,65.1,64.11872492552851
55.74,56.944305,62.4,60.830271972213794
54.28,51.874832,55.74,53.57730574335677
53.49,48.1844,54.28,51.55097421407868
53.06,45.142776,53.49,50.187318631748
51.87,43.004005,53.06,49.442036677956324
53.7,39.819756,51.87,48.134080856742884
54.22,38.568443,53.7,49.80499041506467
54.58,37.202126,54.22,50.396985857109975
54.32,36.347584,54.58,50.72699865240157
54.68,34.123356,54.32,50.314504797328745
54.2,32.990902,54.68,50.513268416570064
57.31,31.49559,54.2,50.13044001575352
56.03,31.43912,57.31,53.202128691001285
58.16,29.239779,56.03,52.15047956672696
58.04,28.824217,58.16,54.399235711098015
52.45,27.937551,58.04,54.33797001282259
45.29,25.179914,52.45,48.92654073495143
37.12,19.245602,45.29,41.82061061564735
29.26,14.559148,37.12,33.33020604433096
21.5,9.55183,29.26,25.359508013652952
13.98,4.4241214,21.5,17.477385975456247
7.33,0.0,13.98,10.047115525405857
3.04,0.0,7.33,3.592193183053143
0.68,0.0,3.04,-0.4750303067783368
0.32,0.0,0.68,-2.630714640793357
0.3,0.0,0.32,-2.622448437706283
0.3,0.0,0.3,-2.4272355997584167
0.29,0.0,0.3,-2.155979444040671
0.26,0.0,0.29,-1.8167197719772312
0.25,0.0,0.26,-1.4839852020925988
0.25,0.0,0.25,-1.219286667360148
0.23,0.0,0.25,-1.0047266488696724
0.23,0.0,0.23,-0.8130327808609153
0.23,0.0,0.23,-0.5054106775456957
0.23,0.0,0.23,-0.29898667900492865
0.23,0.0,0.23,-0.1480869279905428
0.23,0.0,0.23,-0.005025147676663844
0.23,0.0,0.23,0.17395876365643714
0.22,0.0,0.23,0.2854320929739831
0.23,0.0,0.22,0.37891704772774976
0.23,0.0,0.23,0.4645210451371875
0.23,0.0,0.23,-0.1306576917209365
0.23,0.0,0.23,-0.09140086023610251
0.23,0.0,0.23,-0.06469834284730004
0.24,0.0,0.23,-0.053137187007282
0.23,0.0,0.24,0.05440523562323912
0.23,0.0,0.23,0.0487609932181602
0.23,0.0,0.23,0.0623324895796782
0.24,0.0,0.23,0.08747206570648647
0.24,0.0,0.24,0.2329337966021513
0.24,0.0,0.24,0.300257307052947
0.23,0.0,0.24,0.37710978428104713
0.24,0.0,0.23,0.45726291196807334
0.23,0.0,0.24,0.6430931194000924
0.24,0.0,0.23,0.7457515221094143
0.23,0.0,0.24,0.8794158045073459
0.24,0.0,0.23,1.0021733372363149
0.23,0.0,0.24,1.2120475887462998
0.24,0.0,0.23,1.3566264858588755
0.23,0.0,0.24,1.5210953875919733
0.24,0.0,0.23,1.678644777897556
0.24,0.0,0.24,1.8947567755426642
0.23,0.0,0.24,2.076474390074092
0.24,0.0,0.23,2.251553784164818
0.24,0.0,0.24,2.4510505255418114
0.22,0.0,0.24,2.662723878107674
0.23,0.0,0.22,2.8445203023326666
0.22,0.0,0.23,3.054441816926843
0.24,0.0,0.22,3.2509629754561953
0.23,0.0,0.24,3.4664235315178336
0.22,0.0,0.23,3.659131192505804
0.22,0.0,0.22,3.85017928434009
0.23,0.0,0.22,4.049636562783718
0.23,0.0,0.23,4.24403019527571
0.24,0.0,0.23,4.4399787536763915
0.2,0.0,0.24,4.642637937977419
0.77,0.0,0.2,4.790347719276053
3.74,0.0,0.77,5.492867805002571
10.08,1.635736,3.74,8.597127627452737
18.47,6.341004,10.08,15.059638237136504
27.33,13.629052,18.47,23.638446308578118
36.15,24.420282,27.33,32.77545000650104
44.48,34.161682,36.15,41.57624929402035
52.55,41.91082,44.48,49.88851289330544
59.93,48.280163,52.55,57.78222688326568
66.94,55.284412,59.93,64.78566795659745
72.95,60.99613,66.94,71.34878533058087
74.4,65.74616,72.95,76.8403133785722
73.58,68.3302,74.4,77.77771655329865
72.08,69.08714,73.58,76.27478761102246
70.85,68.15417,72.08,73.94143356707339
69.48,64.510025,70.85,71.91278252999211
68.02,64.809715,69.48,70.22461500282688
68.02,62.609604,68.02,67.56108627909494
64.21,60.80053,68.02,66.93500389352846
62.59,57.6505,64.21,62.66442366245377
57.4,54.73324,62.59,60.54951146166242
57.35,47.338924,57.4,54.23394600180165
58.78,43.722878,57.35,53.599670125173546
58.43,39.737946,58.78,54.66899171389577
57.69,37.52613,58.43,54.10438269607637
58.53,35.394142,57.69,53.36698659751943
59.45,33.944332,58.53,54.01368007446348
61.75,31.15188,59.45,55.00535022609659
62.19,30.57859,61.75,57.27733369054219
55.16,30.15003,62.19,57.74180305152928
48.02,27.065823,55.16,50.82192966559344
39.31,21.461905,48.02,43.67497916694203
30.67,16.6019,39.31,34.73331768728692
22.79,11.420576,30.67,26.105015082479714
14.93,6.48202,22.79,18.146677304407767
7.32,0.037096806,14.93,10.346372439885641
2.71,0.0,7.32,3.0111633613398947
0.47,0.0,2.71,-1.3334049073435965
0.36,0.0,0.47,-3.2753351185367547
0.32,0.0,0.36,-2.9611019849001474
0.31,0.0,0.32,-2.7211431521676377
0.29,0.0,0.31,-2.415936429602806
0.26,0.0,0.29,-1.9937833995533438
0.26,0.0,0.26,-1.6148380788550252
0.25,0.0,0.26,-1.31011995540641
0.23,0.0,0.25,-1.109434465850876
0.23,0.0,0.23,-0.9085380806032228
0.23,0.0,0.23,-0.5738687550451496
0.23,0.0,0.23,-0.3381008111234846
0.23,0.0,0.23,-0.17415782483887657
0.24,0.0,0.23,-0.0530789777176904
0.24,0.0,0.24,0.16138908300945548
0.24,0.0,0.24,0.28280695298875536
0.24,0.0,0.24,0.40568147358391793
0.25,0.0,0.24,0.47979119510529755
0.23,0.0,0.25,-0.20880914218418936
0.23,0.0,0.23,-0.18825089618481797
0.23,0.0,0.23,-0.16013430575889803
0.24,0.0,0.23,-0.1441337677300046
0.23,0.0,0.24,-0.03134850095812547
0.23,0.0,0.23,-0.04730691313972645
0.24,0.0,0.23,-0.037612447049706135
0.23,0.0,0.24,-0.009424091816471018
0.24,0.0,0.23,0.11590504970026734
0.24,0.0,0.24,0.18876732278852973
0.23,0.0,0.24,0.2647815846931447
0.23,0.0,0.23,0.34398605957006584
0.24,0.0,0.23,0.512283538901342
0.24,0.0,0.24,0.6323090173402652
0.23,0.0,0.24,0.7536885821023728
0.24,0.0,0.23,0.8764234160060654
0.24,0.0,0.24,1.0760005178234275
0.24,0.0,0.24,1.2253387483666016
0.24,0.0,0.24,1.385741110873302
0.24,0.0,0.24,1.5525266301506087
0.24,0.0,0.24,1.7577865528177619
0.24,0.0,0.24,1.935881411284115
0.24,0.0,0.24,2.118183391785457
0.24,0.0,0.24,2.3100800938820614
0.24,0.0,0.24,2.5187149673320977
0.23,0.0,0.24,2.7099699637632217
0.24,0.0,0.23,2.896719145161837
0.23,0.0,0.24,3.104466429395125
0.23,0.0,0.23,3.293071796486525
0.23,0.0,0.23,3.4909159408330828
0.24,0.0,0.23,3.6928503260779437
0.24,0.0,0.24,3.894457784588968
0.23,0.0,0.24,4.071440866331888
0.23,0.0,0.23,4.251353196216894
0.21,0.0,0.23,4.435226913365736
0.75,0.0,0.21,4.597855097955442
3.62,0.0,0.75,5.283510988388199
10.97,0.0,3.62,8.29990817927297
20.89,4.714154,10.97,15.757661760543195
30.28,13.568826,20.89,25.886561535170237
39.06,26.050505,30.28,35.687788416291845
47.35,36.41786,39.06,44.36267028142047
55.19,44.104088,47.35,52.59287625098533
62.67,51.05971,55.19,60.225945362156196
67.73,57.952854,62.67,67.271519346683
65.93,62.976337,67.73,71.80915815774253
64.62,64.365135,65.93,69.48035006596334
63.46,64.02394,64.62,67.37354035036431
64.43,62.796158,63.46,65.32673182513308
65.67,61.960167,64.43,65.58998135526629
63.23,58.00008,65.67,66.14263523180536
60.43,59.82652,63.23,63.45290113294734
60.61,57.23733,60.43,59.793992309376804
58.75999999999999,54.804592,60.61,59.36259661934071
50.11,51.991848,58.75999999999999,57.06848950863589
48.67,43.119324,50.11,47.24819020233894
51.27,37.468204,48.67,45.018236873702186
52.01,33.926716,51.27,47.12158327127041
51.08,31.89435,52.01,47.908529604342476
48.91,30.036886,51.08,47.06932744622884
50.8,26.611023,48.91,44.7466835411293
51.88,24.602886,50.8,46.640873564971194
51.85,23.2972,51.88,47.71745948702054
45.68,22.759233,51.85,47.751664166344355
37.09,18.802374,45.68,41.793320257409455
28.81,14.594509,37.09,33.132990914367525
20.63,9.769685,28.81,24.721755151280437
12.66,4.5219526,20.63,16.592789313250915
6.07,0.0,12.66,8.70936039731278
2.32,0.0,6.07,2.110631145539564
0.38,0.0,2.32,-1.4692607531001105
0.33,0.0,0.38,-3.0611169562557268
0.29,0.0,0.33,-2.6522046576887983
0.29,0.0,0.29,-2.4095213515812834
0.26,0.0,0.29,-2.1122978327559454
0.26,0.0,0.26,-1.9210529677258197
0.25,0.0,0.26,-1.5733969534462175
0.24,0.0,0.25,-1.3041685980794318
0.24,0.0,0.24,-1.0824896343862143
0.24,0.0,0.24,-0.9159065177038623
0.23,0.0,0.24,-0.6196960428287434
0.22,0.0,0.23,-0.4276601369379458
0.24,0.0,0.22,-0.3095790770737249
0.23,0.0,0.24,-0.2148214392549852
0.23,0.0,0.23,-0.08203521229172675
0.24,0.0,0.23,0.009824264417792224
0.24,0.0,0.24,0.12296720771894681
0.22,0.0,0.24,0.22341728860891358
0.24,0.0,0.22,-0.18278426458066419
0.23,0.0,0.24,-0.1383732010716962
0.22,0.0,0.23,-0.13790961197950863
0.23,0.0,0.22,-0.14091590560118855
0.23,0.0,0.23,-0.038857549545121724
0.23,0.0,0.23,-0.04183480032464347
0.23,0.0,0.23,-0.03067238913242336
0.23,0.0,0.23,0.002611556401626372
0.23,0.0,0.23,0.13687710006930306
0.24,0.0,0.23,0.1962420917423009
0.22,0.0,0.24,0.2865869806760501
0.24,0.0,0.22,0.35774378923560507
0.23,0.0,0.24,0.5453347725421318
0.24,0.0,0.23,0.6388243763563627
0.23,0.0,0.24,0.7695686748384369
0.23,0.0,0.23,0.8990093909288467
0.24,0.0,0.23,1.0931940319385363
0.22,0.0,0.24,1.2497405280539944
0.23,0.0,0.22,1.3886055576880356
0.24,0.0,0.23,1.5686123141366335
0.23,0.0,0.24,1.7890798930778473
0.24,0.0,0.23,1.9587354067719742
0.22,0.0,0.24,2.152075387869315
0.24,0.0,0.22,2.3110073792276657
0.24,0.0,0.24,2.5412156261067187
0.23,0.0,0.24,2.734041168346249
0.22,0.0,0.23,2.9252740602088734
0.24,0.0,0.22,3.11417352331579
0.24,0.0,0.24,3.3263684148415122
0.23,0.0,0.24,3.5317920172295585
0.23,0.0,0.23,3.7229673265999406
0.23,0.0,0.23,3.915632021596778
0.24,0.0,0.23,4.09191570127123
0.25,0.0,0.24,4.289442934782389
0.23,0.0,0.25,4.485386532729686
0.54,0.0,0.23,4.644380216784866
3.2,0.0,0.54,5.09403609278456
8.29,0.0,3.2,7.884565276015924
16.38,3.486957,8.29,13.111653266793997
24.96,10.123849,16.38,21.39399805800412
33.79,20.699408,24.96,30.239040190099903
42.23,30.762495,33.79,39.0871553470942
49.19,39.078465,42.23,47.5407224398135
50.05,45.712097,49.19,54.37084258065944
50.1,50.324905,50.05,54.92062240929789
58.85,51.79259,50.1,54.34557117587546
62.63,55.16556,58.85,62.231110457075786
63.57,58.20414,62.63,65.6306409851607
63.36,60.76276,63.57,66.26986718081332
63.6,61.492573,63.36,65.39718592264605
65.15,56.344074,63.6,65.01337073476594
64.54,60.377083,65.15,66.11104157680312
63.09,59.60531,64.54,64.66027281335236
62.36,57.91019,63.09,62.61794538718294
59.8,55.811157,62.36,61.283994171484295
51.7,53.00275,59.8,58.24591682140558
49.64,47.77205,51.7,49.78977217853707
48.66,44.064877,49.64,47.17266489897134
47.04,41.30653,48.66,45.52041251773198
48.63,38.878136,47.04,43.70307114450647
51.07,37.20072,48.63,45.03335012277082
52.62,36.829273,51.07,47.350051599646676
53.09,36.60348,52.62,49.09836066684285
54.07,36.19408,53.09,49.51607611019453
54.83,34.783436,54.07,50.38442900090469
54.71,33.91922,54.83,51.13864789478168
54.1,33.235943,54.71,50.93865412954557
54.94,32.203922,54.1,50.292011052716916
57.71,30.01864,54.94,51.21140441644988
58.36,29.638239,57.71,53.99617026895196
52.62,29.44197,58.36,54.83628051607786
44.95,27.023745,52.62,49.28418308925053
36.64,21.403805,44.95,41.540242548878524
28.43,16.28943,36.64,32.950036236167804
20.32,10.9329195,28.43,24.55605771024958
12.76,5.431724,20.32,16.321909140356368
5.86,0.0,12.76,8.777238835222809
2.26,0.0,5.86,2.0239564863955204
0.34,0.0,2.26,-1.3417282931669028
0.35,0.0,0.34,-2.9665136808719956
0.3,0.0,0.35,-2.644833454655076
0.28,0.0,0.3,-2.495070936766482
0.26,0.0,0.28,-2.2815383692385325
0.26,0.0,0.26,-1.9954953790336631
0.24,0.0,0.26,-1.6248379249186915
0.24,0.0,0.24,-1.3804632133352785
0.23,0.0,0.24,-1.1757749004383928
0.23,0.0,0.23,-0.9732870460783777
0.24,0.0,0.23,-0.6594339255519687
0.23,0.0,0.24,-0.43555510922671625
0.22,0.0,0.23,-0.3098791700564165
0.23,0.0,0.22,-0.21586479638876346
0.24,0.0,0.23,-0.02761578932051003
0.22,0.0,0.24,0.09368948691619285
0.23,0.0,0.22,0.1881994245025069
0.23,0.0,0.23,0.26871347544365903
0.24,0.0,0.23,-0.4160651093110082
0.24,0.0,0.24,-0.3748261605713354
0.23,0.0,0.24,-0.35860085567921085
0.24,0.0,0.23,-0.3610802454340087
0.24,0.0,0.24,-0.25853735280235046
0.24,0.0,0.24,-0.2655529505668107
0.24,0.0,0.24,-0.25498541078733017
0.23,0.0,0.24,-0.2252454303058407
0.23,0.0,0.23,-0.09945345000107922
0.24,0.0,0.23,-0.03391900353982423
0.24,0.0,0.24,0.05602426078033577
0.24,0.0,0.24,0.14723001092817206
0.24,0.0,0.24,0.3143539483109319
0.24,0.0,0.24,0.42307932833688067
0.23,0.0,0.24,0.5461826536782856
0.23,0.0,0.23,0.6651791565223023
0.24,0.0,0.23,0.8617444148831505
0.25,0.0,0.24,1.0210584306712445
0.23,0.0,0.25,1.1873328541268722
0.24,0.0,0.23,1.33275298035376
0.24,0.0,0.24,1.5478427128729777
0.24,0.0,0.24,1.7283198531006803
0.23,0.0,0.24,1.9085193455881968
0.24,0.0,0.23,2.0915422997531086
0.23,0.0,0.24,2.3154172769506745
0.23,0.0,0.23,2.498004611252669
0.24,0.0,0.23,2.688139417201924
0.23,0.0,0.24,2.8924581584209625
0.24,0.0,0.23,3.0874860790275913
0.25,0.0,0.24,3.302835153126833
0.23,0.0,0.25,3.5092803765756946
0.23,0.0,0.23,3.6815763067361322
0.23,0.0,0.23,3.8504212044249226
0.23,0.0,0.23,4.0420743267516155
0.24,0.0,0.23,4.233130520250475
0.23,0.0,0.24,4.419824158315531
1.56,0.0,0.23,4.54850736704019
4.43,0.0,1.56,6.045619718538158
6.65,0.0,4.43,9.039041475549098
22.17,1.1456648,6.65,11.445312638852593
22.39,12.107195,22.17,27.059285787639247
42.72,22.728806,22.39,27.261780745221294
52.48,34.55636,42.72,47.73616412029152
61.41,45.64671,52.48,57.401592204116874
68.02,56.245617,61.41,66.4742320417231
69.47,62.29088,68.02,72.68924104565808
69.05,65.72706,69.47,73.3158778438422
65.19,66.369514,69.05,72.43708716688707
66.09,65.702065,65.19,67.38745405927342
67.77,64.93826,66.09,67.42125025552431
66.16,56.85084,67.77,68.35919620791076
64.49,63.459717,66.16,66.36432073625205
62.54,62.56652,64.49,63.89228783108096
60.34,58.103077,62.54,61.82585575550431
53.33,52.647015,60.34,59.531556598769626
56.27,46.987934,53.33,50.33200117310839
56.11,41.768833,56.27,52.49441546915199
55.12,37.79759,56.11,51.95969593550944
58.1,35.041275,55.12,50.98246261718902
58.46,33.857864,58.1,53.71763856635402
60.79,31.078703,58.46,54.09833613100284
62.56,29.964651,60.79,56.56069817488898
56.39,29.55278,62.56,58.051854285428504
48.96,26.501862,56.39,51.94031026154266
41.31,20.838703,48.96,44.516251050993546
32.99,16.010674,41.31,36.41150188135819
24.33,11.329879,32.99,28.018447924585693
15.1,5.8980165,24.33,19.430910862619918
4.92,0.0,15.1,10.173930417912484
2.06,0.0,4.92,0.20675449777930566
0.31,0.0,2.06,-2.454785129218374
0.35,0.0,0.31,-3.971008277139551
0.31,0.0,0.35,-3.4483981832740094
0.29,0.0,0.31,-3.16774947030083
0.28,0.0,0.29,-2.8739839198225434
0.26,0.0,0.28,-2.407047168267711
0.25,0.0,0.26,-2.055491209874647
0.23,0.0,0.25,-1.804474038633545
0.23,0.0,0.23,-1.6238999442734783
0.23,0.0,0.23,-1.4410552827313396
0.23,0.0,0.23,-1.0704615668977462
0.22,0.0,0.23,-0.7751584380748395
0.23,0.0,0.22,-0.6654396733708634
0.23,0.0,0.23,-0.5265075534655101
0.24,0.0,0.23,-0.3342312499224189
0.23,0.0,0.24,-0.21206371190140066
0.23,0.0,0.23,-0.09609535347704576
0.24,0.0,0.23,-0.021453393326427983
0.24,0.0,0.24,-0.5653093389675613
0.24,0.0,0.24,-0.5089897795193953
0.23,0.0,0.24,-0.4702891744027254
0.23,0.0,0.23,-0.46308680171361666
0.24,0.0,0.23,-0.3692821602963267
0.23,0.0,0.24,-0.40461315157494765
0.24,0.0,0.23,-0.3974982410769606
0.23,0.0,0.24,-0.3608514156352526
0.24,0.0,0.23,-0.2397240067065863
0.23,0.0,0.24,-0.16755196572038694
0.24,0.0,0.23,-0.10353017405832395
0.23,0.0,0.24,0.0030474532416291736
0.24,0.0,0.23,0.16650494504967608
0.24,0.0,0.24,0.2749958695723626
0.24,0.0,0.24,0.38926792294972473
0.23,0.0,0.24,0.5309703137613613
0.25,0.0,0.23,0.7053184924604723
0.24,0.0,0.25,0.8772765500628281
0.23,0.0,0.24,1.0248207837413
0.23,0.0,0.23,1.180159901631891
0.24,0.0,0.23,1.3836326433538355
0.25,0.0,0.24,1.5746766931938194
0.24,0.0,0.25,1.7667102334369456
0.23,0.0,0.24,1.948346390837589
0.24,0.0,0.23,2.145445609031892
0.24,0.0,0.24,2.3493834000164395
0.24,0.0,0.24,2.548095533952216
0.25,0.0,0.24,2.752550832539657
0.23,0.0,0.25,2.9561666726888647
0.23,0.0,0.23,3.142172456027149
0.24,0.0,0.23,3.3584893055686718
0.24,0.0,0.24,3.5368846614196663
0.24,0.0,0.24,3.6969278454697547
0.23,0.0,0.24,3.878749182026923
0.24,0.0,0.23,4.064132518561383
0.3,0.0,0.24,4.248552356815507
2.76,0.0,0.3,4.452486440208492
7.54,0.0,2.76,7.063570197819161
17.7,0.17878245,7.54,11.95828572786767
26.63,7.9217954,17.7,22.319020558955494
35.57,21.229757,26.63,31.44650583470353
43.81,31.98294,35.57,40.531668367491235
51.3,41.21855,43.81,48.74390825320226
58.14,48.70526,51.3,56.07352644406193
61.17,55.614937,58.14,62.572543753682496
59.27,59.735165,61.17,65.10251257651034
60.23,60.574635,59.27,62.64403045278526
58.58,60.896633,60.23,62.76823319982547
57.89,60.13976,58.58,60.397758790281756
56.56,59.148617,57.89,59.0705561479471
52.32,50.93217,56.56,57.03822253086444
54.68,54.55012,52.32,52.38696221331867
52.44,50.384926,54.68,54.9531486649596
48.76,51.98072,52.44,51.271948025453725
46.22,49.202152,48.76,47.225079535492924
39.13,45.461906,46.22,44.15889407236156
37.34,36.905552,39.13,37.36118730975408
39.36,34.34859,37.34,34.041003169701554
44.92,31.869438,39.36,35.66753921900926
53.99,31.71161,44.92,41.15032407027485
57.89,32.928905,53.99,50.434181183040586
58.92,34.694,57.89,54.625559741465715
59.02,35.151897,58.92,55.95681875949596
62.15,34.258907,59.02,55.968925833067466
60.97,32.833984,62.15,58.72031397856945
59.0,31.504782,60.97,57.45276693260823
50.23,30.01835,59.0,55.337585400577716
40.67,25.437155,50.23,46.49149654570828
35.15,18.687363,40.67,37.01838457439617
29.44,13.512412,35.15,31.426258168539604
18.71,9.892928,29.44,25.33900031250148
10.38,4.359796,18.71,14.64151754394267
4.51,0.0,10.38,6.17929332570509
1.64,0.0,4.51,0.3152817679577813
0.23,0.0,1.64,-2.2920004805447247
0.35,0.0,0.23,-3.4673652412979274
0.29,0.0,0.35,-3.0969730381776466
0.28,0.0,0.29,-2.7774187221464564
0.26,0.0,0.28,-2.493670564791542
0.25,0.0,0.26,-2.179591405518124
0.24,0.0,0.25,-1.882033927750132
0.23,0.0,0.24,-1.7705345725904167
0.23,0.0,0.23,-1.6662740356786983
0.23,0.0,0.23,-1.3785684177998343
0.23,0.0,0.23,-0.9947100199453969
0.24,0.0,0.23,-0.771290983441115
0.23,0.0,0.24,-0.6173600699034698
0.23,0.0,0.23,-0.49814763927529365
0.24,0.0,0.23,-0.2617384814586172
0.23,0.0,0.24,-0.14369650839909576
0.24,0.0,0.23,-0.05101517142630633
0.23,0.0,0.24,0.00833099734912586
0.22,0.0,0.23,-0.4200897322386028
0.24,0.0,0.22,-0.38596457949512303
0.23,0.0,0.24,-0.32326847927554075
0.23,0.0,0.23,-0.3397518983227763
0.24,0.0,0.23,-0.2499090293431723
0.23,0.0,0.24,-0.24453355653916084
0.24,0.0,0.23,-0.2341365133822075
0.23,0.0,0.24,-0.19858910121210627
0.23,0.0,0.23,-0.06274087645139872
0.24,0.0,0.23,0.008989014468919303
0.24,0.0,0.24,0.09541356823459093
0.24,0.0,0.24,0.19543875982164272
0.24,0.0,0.24,0.37438793823225447
0.24,0.0,0.24,0.48921261783028885
0.24,0.0,0.24,0.6124130622074367
0.23,0.0,0.24,0.7503054583565357
0.25,0.0,0.23,0.9381704968435753
0.24,0.0,0.25,1.1207861490300874
0.25,0.0,0.24,1.258656195249329
0.23,0.0,0.25,1.441964496328554
0.24,0.0,0.23,1.6312252028490117
0.23,0.0,0.24,1.8226524230481138
0.24,0.0,0.23,1.9976817593548566
0.24,0.0,0.24,2.200485863601195
0.24,0.0,0.24,2.404002306248577
0.23,0.0,0.24,2.6043288220809853
0.24,0.0,0.23,2.796847447710581
0.23,0.0,0.24,3.0028683853406926
0.23,0.0,0.23,3.1956615508071606
0.23,0.0,0.23,3.3997656878696354
0.24,0.0,0.23,3.6046833434186647
0.24,0.0,0.24,3.7993765834905444
0.24,0.0,0.24,3.9812438536834307
0.24,0.0,0.24,4.17418653015707
0.26,0.0,0.24,4.357136931385583
0.12,0.0,0.26,4.564425762029423
1.14,0.0,0.12,4.571145398115481
3.76,0.0,1.14,5.737456630430608
8.12,0.25916645,3.76,8.467504144008723
18.07,3.8589442,8.12,12.98946927486934
28.5,13.390967,18.07,23.014595663064576
37.87,24.375187,28.5,33.55970301994741
46.06,34.418644,37.87,43.164142072787854
54.05,42.393425,46.06,51.359526484140964
60.9,50.191628,54.05,59.09584147043238
66.94,56.102913,60.9,65.59350214459924
72.05,60.737965,66.94,71.14442866623
70.69,64.755135,72.05,75.68720590848473
70.26,66.327774,70.69,73.74498996688936
68.45,66.34072,70.26,72.58050695047662
68.41,59.2354,68.45,69.92961528643177
69.89,64.69807,68.41,69.17365300559166
69.54,64.91954,69.89,69.81829245527408
67.94,63.709995,69.54,68.82500743167
66.05,61.570786,67.94,66.76805354345524
59.43,58.94043,66.05,64.31564845629998
55.58,54.027016,59.43,57.171986573651
54.31,49.6223,55.58,52.67403607095497
52.92,46.122757,54.31,50.714740369896006
52.27,43.319958,52.92,48.94884621192404
54.39,40.088856,52.27,48.17220674826304
54.11,38.97516,54.39,50.053392497908085
54.95,37.36702,54.11,49.88010161606616
53.72,36.359966,54.95,50.69273132450973
55.35,33.670357,53.72,49.31024390643764
55.36,32.724922,55.35,50.817150945435834
56.54,31.417604,55.36,50.883522461748385
58.05,31.053951,56.54,52.05153493445318
58.51,29.066744,58.05,53.81928294707947
56.04,28.097666,58.51,54.504692351073444
48.77,26.39587,56.04,52.19679264773773
40.92,22.508715,48.77,45.000691089314856
33.29,16.942707,40.92,37.07223822114452
25.51,12.255027,33.29,29.177317532552603
14.89,7.36798,25.51,21.278803107539744
4.18,1.4478531,14.89,10.656265577378427
1.45,0.0,4.18,0.18845298734521787
0.5,0.0,1.45,-2.3979675553457174
0.28,0.0,0.5,-3.155170762658412
0.31,0.0,0.28,-2.977260776371897
0.28,0.0,0.31,-2.5940155197199872
0.28,0.0,0.28,-2.3196634344636036
0.26,0.0,0.28,-1.949832043764718
0.26,0.0,0.26,-1.7318598144751536
0.26,0.0,0.26,-1.4458921159675828
0.24,0.0,0.26,-1.2360110321380924
0.24,0.0,0.24,-1.056593728076649
0.23,0.0,0.24,-0.7692872929514809
0.22,0.0,0.23,-0.39530395531636475
0.24,0.0,0.22,-0.28555310896693764
0.24,0.0,0.24,-0.18778800211929964
0.24,0.0,0.24,-0.10379995570274941
0.23,0.0,0.24,0.09215862491229246
0.24,0.0,0.23,0.1833841611307569
0.24,0.0,0.24,0.28678417073942525
0.23,0.0,0.24,0.3426529077641276
0.24,0.0,0.23,-0.52551520996971
0.23,0.0,0.24,-0.4882138696315075
0.24,0.0,0.23,-0.4880066070475907
0.23,0.0,0.24,-0.4973259090083305
0.23,0.0,0.23,-0.45264037582778405
0.24,0.0,0.23,-0.4501115036861115
0.23,0.0,0.24,-0.4170419550934967
0.24,0.0,0.23,-0.38885941941990854
0.24,0.0,0.24,-0.24600948083614502
0.24,0.0,0.24,-0.18065153394604058
0.24,0.0,0.24,-0.10055061571646456
0.23,0.0,0.24,-0.009789882089172655
0.23,0.0,0.23,0.1530038093311612
0.23,0.0,0.23,0.26770508938986
0.23,0.0,0.23,0.38986650815046986
0.23,0.0,0.23,0.5228434977032094
0.23,0.0,0.23,0.7216731709081182
0.23,0.0,0.23,0.8779548243314871
0.23,0.0,0.23,1.0387861379076764
0.23,0.0,0.23,1.2092872482925148
0.23,0.0,0.23,1.4197724288085054
0.23,0.0,0.23,1.6023324594302664
0.23,0.0,0.23,1.791079129667547
0.23,0.0,0.23,1.9903223510084684
0.23,0.0,0.23,2.1958903304082313
0.23,0.0,0.23,2.3924267604510856
0.23,0.0,0.23,2.5929527763431506
0.23,0.0,0.23,2.7978394995514373
0.23,0.0,0.23,3.0026135164740615
0.23,0.0,0.23,3.2036671328395117
0.23,0.0,0.23,3.403777277577746
0.23,0.0,0.23,3.6021702854080053
0.23,0.0,0.23,3.782387826717351
0.23,0.0,0.23,3.9735619075977406
0.23,0.0,0.23,4.162138697511129
0.23,0.0,0.23,4.337187859363053
0.23,0.0,0.23,4.482628099615795
0.23,0.0,0.23,4.638356443478639
0.23,0.0,0.23,4.698727938469648
0.23,0.0,0.23,4.764889658717036
0.23,0.0,0.23,4.774523516250478
0.23,0.0,0.23,4.794165286279819
0.23,0.68138885,0.23,4.438685646049757
0.23,0.81047577,0.23,4.386085760176625
0.23,2.093113,0.23,4.214950609874875
1.14,2.13857,0.23,4.065078254517364
72.25,2.0104458,1.14,4.804579589136099
77.2,28.090233,72.25,75.33149005823972
81.76,44.598507,77.2,82.55557376683895
85.99,55.983643,81.76,88.64715235582698
89.07,59.78595,85.99,91.12125457572039
83.11,66.485825,89.07,93.19358397817264
80.78,65.705894,83.11,86.86431550627843
74.46,67.90356,80.78,81.83645251443427
67.44,65.87847,74.46,74.76553457462931
58.81,62.060326,67.44,67.16902423607081
56.58,55.440735,58.81,57.86857464358507
54.65,51.010258,56.58,54.95618135158628
52.32,46.837242,54.65,52.80347353570837
51.38,44.897522,52.32,48.66239920477359
51.54,40.31409,51.38,47.52610621306666
53.03,37.59885,51.54,47.49375765085931
54.86,35.801746,53.03,48.972817709827154
59.07,31.782177,54.86,51.447766268269845
64.89,34.82093,59.07,54.795129637949614
56.06,36.577484,64.89,60.56808318807559
38.24,32.408867,56.06,52.31951374144045
25.65,20.30605,38.24,35.164782747057785
24.94,8.5813,25.65,22.044502206475563
23.75,3.447723,24.94,20.69877731391347
17.33,1.3681234,23.75,19.223870394129808
14.79,1.6577473,17.33,13.284096604214358
11.93,0.0,14.79,11.27728368556098
8.71,0.0,11.93,8.832023592717558
6.05,0.0,8.71,6.094804753481034
3.06,0.0,6.05,3.5378072953524935
1.9,0.0,3.06,0.5718266579038395
0.32,0.0,1.9,-0.5045769463303529
0.3,0.0,0.32,-1.746270432270022
0.27,0.0,0.3,-1.228659498529068
0.26,0.0,0.27,-0.8310026056779767
0.24,0.0,0.26,-0.7318144137693987
0.25,0.0,0.24,-0.639315399577809
0.24,0.0,0.25,-0.4614211831942626
0.25,0.0,0.24,-0.2897431041069665
0.23,0.0,0.25,-0.20832312087055388
0.23,0.0,0.23,-0.12588116532147128
0.23,0.0,0.23,-0.022954533564006133
0.23,0.0,0.23,0.21895164855762259
0.23,0.0,0.23,0.3551042435730952
0.24,0.0,0.23,0.40528417668651384
0.22,0.0,0.24,0.3348219897033234
0.23,0.0,0.22,0.3344347766016715
0.22,0.0,0.23,0.3263850715585106
0.24,0.0,0.22,0.3173117822870217
0.24,0.0,0.24,0.29579938742968986
0.23,0.0,0.24,-0.24223818958323035
0.23,0.0,0.23,-0.2664949207278332
0.24,0.0,0.23,-0.2754930821797783
0.23,0.0,0.24,-0.2801568777864382
0.23,0.0,0.23,-0.21196695381756397
0.23,0.0,0.23,-0.21060541316224263
0.23,0.0,0.23,-0.1871605147204182
0.23,0.0,0.23,-0.1432110040223631
0.24,0.0,0.23,0.005062619583453762
0.25,0.0,0.24,0.08302844056308475
0.24,0.0,0.25,0.17905097828725908
0.23,0.0,0.24,0.2625100097067467
0.24,0.0,0.23,0.41581328241526083
0.25,0.0,0.24,0.5417702887418142
0.25,0.0,0.25,0.6795119466176223
0.24,0.0,0.25,0.801269242720829
0.23,0.0,0.24,0.987057794264736
0.23,0.0,0.23,1.1388740229340455
0.25,0.0,0.23,1.3000721630757388
0.23,0.0,0.25,1.4928215465813994
0.24,0.0,0.23,1.677046973616121
0.23,0.0,0.24,1.8674200078535628
0.23,0.0,0.23,2.0567796702704326
0.24,0.0,0.23,2.249406128521027
0.23,0.0,0.24,2.4639911003223034
0.23,0.0,0.23,2.6484694654670493
0.22,0.0,0.23,2.848692950479492
0.23,0.0,0.22,3.0347941530359654
0.23,0.0,0.23,3.246996293768149
0.23,0.0,0.23,3.4596173620968416
0.22,0.0,0.23,3.6563453204416563
0.22,0.0,0.22,3.8535340754944296
0.23,0.0,0.22,4.01615685380563
0.23,0.0,0.23,4.2118481894929785
0.24,0.0,0.23,4.400233753569917
0.2,0.0,0.24,4.592129257688741
0.58,0.0,0.2,4.692673364209988
2.15,0.0,0.58,5.240022847979074
4.95,0.0,2.15,6.948967399863804
8.78,0.071512714,4.95,9.894785105168154
13.62,5.7684917,8.78,13.826785706751737
26.77,11.524011,13.62,18.80447745252788
36.33,20.20449,26.77,31.975805741500817
44.32,30.873392,36.33,41.612264219944
49.88,40.454025,44.32,49.673235265552954
48.17,45.99497,49.88,55.14888921426767
56.71,47.92531,48.17,53.05751411999837
62.97,50.235615,56.71,61.12940089698783
66.23,55.064114,62.97,66.51535031813694
65.86,58.90867,66.23,69.51825721222544
62.5,57.611626,65.86,68.91955366989161
59.14,59.69874,62.5,64.46918996721901
57.04,56.56815,59.14,60.5890410307956
54.82,53.819267,57.04,57.57352247908002
53.33,51.258465,54.82,54.42684740703893
47.67,48.066196,53.33,52.39652460138148
45.3,43.58572,47.67,46.22091130219121
40.9,39.85515,45.3,43.440416097080494
39.92,35.48859,40.9,38.78062488633234
39.36,32.843014,39.92,37.35065018363607
39.89,30.104214,39.36,36.44670693934109
40.96,28.617899,39.89,36.835666961303794
43.07,27.615126,40.96,37.94747819746077
44.45,27.599094,43.07,40.028696695733544
45.34,25.003746,44.45,42.06451138793846
45.37,26.884954,45.34,42.37107949421672
45.82,26.243612,45.37,42.510632591622525
46.45,25.645332,45.82,42.9456514856411
46.95,23.862494,46.45,43.6967939671256
48.65,23.140026,46.95,44.26043672054801
41.22,22.032623,48.65,46.29555028751042
33.45,20.608551,41.22,38.777461895585226
31.06,14.897122,33.45,31.302973258448667
22.76,12.37725,31.06,28.442293451733736
14.58,8.558062,22.76,20.009309535342858
8.29,3.5139036,14.58,11.849367427771965
4.21,0.0,8.29,5.40673466769052
1.29,0.0,4.21,1.4255306122591616
0.25,0.0,1.29,-1.2316401547696092
0.29,0.0,0.25,-2.1573933853343052
0.26,0.0,0.29,-1.8402397526459386
0.24,0.0,0.26,-1.6448529590594834
0.24,0.0,0.24,-1.5567464451401603
0.24,0.0,0.24,-1.3085399794958776
0.24,0.0,0.24,-1.0026552923577547
0.25,0.0,0.24,-0.9575376942152279
0.23,0.0,0.25,-0.773713185169046
0.23,0.0,0.23,-0.6039255936166638
0.22,0.0,0.23,-0.3435594911187788
0.23,0.0,0.22,-0.24650545921378114
0.24,0.0,0.23,-0.14403585826222814
0.23,0.0,0.24,-0.07983447904093302
0.24,0.0,0.23,0.06845573855629519
0.23,0.0,0.24,0.13243567175131649
0.23,0.0,0.23,0.20316598678960227
0.24,0.0,0.23,0.23588724562056532
0.22,0.0,0.24,-0.20369926689014134
0.23,0.0,0.22,-0.16793890883783552
0.23,0.0,0.23,-0.15362198005483302
0.23,0.0,0.23,-0.1662461074140026
0.23,0.0,0.23,-0.0882946788151373
0.23,0.0,0.23,-0.08489558850137105
0.23,0.0,0.23,-0.07641318952389696
0.23,0.0,0.23,-0.04538769108736993
0.23,0.0,0.23,0.0923608008993285
0.24,0.0,0.23,0.15700006291727275
0.22,0.0,0.24,0.24740683228154217
0.24,0.0,0.22,0.31057112538367226
0.24,0.0,0.24,0.5032864944744063
0.23,0.0,0.24,0.6185247845279886
0.24,0.0,0.23,0.7385864357417873
0.24,0.0,0.24,0.884640117890607
0.23,0.0,0.24,1.082691603154622
0.24,0.0,0.23,1.2348164777424722
0.23,0.0,0.24,1.4033707166882958
0.22,0.0,0.23,1.5601882308745294
0.23,0.0,0.22,1.7550992361932811
0.25,0.0,0.23,1.9430501770308142
0.23,0.0,0.25,2.139593291390669
0.23,0.0,0.23,2.2987786150353555
0.24,0.0,0.23,2.5022080913247624
0.25,0.0,0.24,2.7123971591441456
0.24,0.0,0.25,2.92844320975583
0.23,0.0,0.24,3.12143745155995
0.24,0.0,0.23,3.30594350649347
0.23,0.0,0.24,3.5129662783104116
0.24,0.0,0.23,3.7051863544213495
0.23,0.0,0.24,3.9171906443919835
0.23,0.0,0.23,4.078481223105309
0.24,0.0,0.23,4.261939456382225
0.25,0.0,0.24,4.463886890968934
0.19,0.0,0.25,4.643935358717888
1.81,0.0,0.19,4.724276058419544
5.12,0.0,1.81,6.495967533820021
12.13,0.92395306,5.12,9.937763241772442
21.38,6.2152405,12.13,17.112025343864396
30.52,16.527351,21.38,26.46030844357209
39.2,26.663864,30.52,35.822894227223244
46.42,35.67579,39.2,44.60343428630895
53.96,42.73304,46.42,51.766459442903205
61.11,50.22577,53.96,59.02400530849672
67.61,56.51631,61.11,65.7572982688301
67.08,61.799625,67.61,71.76657428140123
65.48,63.96182,67.08,70.77164451111365
69.55,64.42304,65.48,68.43625499085726
68.19,65.18169,69.55,71.60446256626662
66.87,60.79115,68.19,70.13519756014819
63.69,63.64023,66.87,67.74398796184607
63.21,61.384926,63.69,63.67970232861321
59.96,58.91094,63.21,62.54685777713602
56.51,55.30613,59.96,58.809174591046045
51.84,51.803593,56.51,54.77044099355353
49.48,47.06615,51.84,49.543568684483134
48.59,43.561558,49.48,46.626005612639204
46.74,40.62511,48.59,45.3260566030837
47.27,37.88133,46.74,43.35095566537123
47.94,35.83795,47.27,43.72993537818127
48.44,34.358788,47.94,44.29663104882358
49.28,33.43449,48.44,44.83404377632212
49.56,32.48523,49.28,45.69497482708047
50.03,30.56768,49.56,46.03053347766735
49.19,29.805592,50.03,46.46015394941
49.95,28.654638,49.19,45.668694819455055
52.74,28.319073,49.95,46.35917230818785
55.71,26.885523,52.74,49.34807028404456
52.15,27.57202,55.71,52.47167122826084
44.18,26.586508,52.15,49.18191493184352
36.66,22.6084,44.18,41.303705206956806
29.0,16.83429,36.66,33.60018117483004
21.27,11.964238,29.0,25.695500764998936
13.8,6.808091,21.27,17.82824163394918
7.22,1.6416428,13.8,10.247291832326955
3.33,0.0,7.22,3.7912752345752976
0.98,0.0,3.33,0.12102747776150613
0.24,0.0,0.98,-1.9592744179794201
0.3,0.0,0.24,-2.4370325689402144
0.27,0.0,0.3,-2.1402980684181974
0.24,0.0,0.27,-2.013282138148212
0.25,0.0,0.24,-1.7671100200621277
0.25,0.0,0.25,-1.4986170140241517
0.24,0.0,0.25,-1.1848576769056558
0.24,0.0,0.24,-0.9944370709401906
0.23,0.0,0.24,-0.8131854654913393
0.23,0.0,0.23,-0.637313171708227
0.23,0.0,0.23,-0.3724182311866946
0.23,0.0,0.23,-0.2516740526151299
0.23,0.0,0.23,-0.16761372698973542
0.24,0.0,0.23,-0.09849977322912568
0.23,0.0,0.24,0.09329646428362606
0.25,0.0,0.23,0.1815247535501942
0.25,0.0,0.25,0.27087991969894054
0.24,0.0,0.25,0.30019986247300934
0.24,0.0,0.24,-0.3502653385700739
0.22,0.0,0.24,-0.3372395284244212
0.23,0.0,0.22,-0.364907664632432
0.22,0.0,0.23,-0.3689494591318111
0.24,0.0,0.22,-0.2969127303619191
0.24,0.0,0.24,-0.27708115177001935
0.23,0.0,0.24,-0.27301965005866957
0.24,0.0,0.23,-0.24524894926808344
0.25,0.0,0.24,-0.09950978054466583
0.24,0.0,0.25,-0.035788292622522255
0.23,0.0,0.24,0.030219146008911776
0.23,0.0,0.23,0.10572816469009608
0.24,0.0,0.23,0.27829752817267855
0.24,0.0,0.24,0.4068584044825179
0.25,0.0,0.24,0.5236043235292043
0.24,0.0,0.25,0.6658206815247801
0.23,0.0,0.24,0.8442315146318786
0.24,0.0,0.23,0.9809608272106103
0.24,0.0,0.24,1.1533952590979308
0.24,0.0,0.24,1.3189945817079378
0.24,0.0,0.24,1.5261301360978274
0.24,0.0,0.24,1.6996988458196933
0.25,0.0,0.24,1.887467446228247
0.25,0.0,0.25,2.093618627850782
0.24,0.0,0.25,2.3206946787286937
0.25,0.0,0.24,2.488503747602122
0.24,0.0,0.25,2.697015208893074
0.23,0.0,0.24,2.889195643491555
0.24,0.0,0.23,3.0779554892355656
0.24,0.0,0.24,3.2924255728498344
0.23,0.0,0.24,3.4925322764096607
0.24,0.0,0.23,3.67952367681168
0.23,0.0,0.24,3.8701238918333702
0.25,0.0,0.23,4.053200597563503
0.24,0.0,0.25,4.255643730855574
0.15,0.0,0.24,4.428719492598457
2.16,0.0,0.15,4.480400406839437
6.18,0.0,2.16,6.6425577098574715
11.9,0.82683206,6.18,10.789971351928658
19.42,6.219191,11.9,16.694983446318087
27.86,15.949645,19.42,24.320877381651023
35.88,24.7701,27.86,32.89341918229143
40.89,32.95786,35.88,40.99456832944856
44.93,38.91758,40.89,45.98291487024512
57.0,44.415737,44.93,49.75807972194675
63.62,51.380047,57.0,61.33008028692345
68.14,57.891968,63.62,67.6505347420178
76.56,63.219994,68.14,71.9227266673239
72.96,68.10207,76.56,79.71394567708494
71.66,68.899,72.96,75.65834203959416
76.96,66.33301,71.66,74.35328762825816
70.13,69.42656,76.96,77.79383204096384
63.65,66.997154,70.13,70.32953231854002
60.34,62.83091,63.65,63.166544247096915
57.1,58.288292,60.34,58.71182550281904
51.56,53.63266,57.1,55.04618350396532
48.87,48.14004,51.56,49.174529522125745
48.27,44.817577,48.87,45.578933380602145
47.6,40.43056,48.27,44.92258803250132
47.88,38.189045,47.6,44.06525084230485
50.06,35.64541,47.88,44.127493431179325
47.33,35.308666,50.06,46.11701767694206
47.09,33.95401,47.33,43.3559264822297
46.76,32.531384,47.09,42.89543340961086
46.01,29.64236,46.76,42.556649561771884
46.49,28.042894,46.01,41.867439995004396
48.32,26.995508,46.49,42.37706554360182
44.49,26.89165,48.32,44.180599832302676
54.81,23.542727,44.49,40.7740692201867
49.87,22.54254,54.81,51.838165887622615
31.11,24.290802,49.87,46.592989168253
19.96,18.17963,31.11,28.37672571707103
16.61,8.921864,19.96,17.027132360307334
7.15,3.4679167,16.61,13.037896096613405
4.49,0.0,7.15,3.9181628537184765
3.03,0.0,4.49,1.243721438091675
1.56,0.0,3.03,-0.10821128836656757
0.31,0.0,1.56,-0.925735099603965
0.31,0.0,0.31,-1.7736430445546851
0.25,0.0,0.31,-1.73603065911502
0.25,0.0,0.25,-1.400853959482376
0.25,0.0,0.25,-1.5923798165575098
0.24,0.0,0.25,-1.4582871304936944
0.25,0.0,0.24,-1.012246412213311
0.25,0.0,0.25,-0.6294020144553056
0.23,0.0,0.25,-0.5421798684781716
0.23,0.0,0.23,-0.3530972676627965
0.25,0.0,0.23,-0.29247455303800807
0.23,0.0,0.25,-0.1292764229791618
0.24,0.0,0.23,-0.10772188001071277
0.22,0.0,0.24,-0.03900098614267246
0.23,0.0,0.22,-0.005716624099695103
0.23,0.0,0.23,0.12886706493250064
0.23,0.0,0.23,0.26929511437074904
0.24,0.0,0.23,0.3299756563882235
0.24,0.0,0.24,0.2761107481479603
0.24,0.0,0.24,-0.2506986648867403
0.23,0.0,0.24,-0.24908006069762859
0.24,0.0,0.23,-0.31382570702233525
0.23,0.0,0.24,-0.3174354726563142
0.24,0.0,0.23,-0.2302182143426288
0.23,0.0,0.24,-0.20984984785653826
0.24,0.0,0.23,-0.2006870483692194
0.24,0.0,0.24,-0.1458438031322023
0.25,0.0,0.24,-0.012750214665504453
0.23,0.0,0.25,0.06574542305732838
0.24,0.0,0.23,0.1177235187932623
0.23,0.0,0.24,0.2193825356871974
0.24,0.0,0.23,0.37747124738103854
0.24,0.0,0.24,0.5004417059932417
0.24,0.0,0.24,0.6236031983333723
0.24,0.0,0.24,0.7600895163179167
0.23,0.0,0.24,0.9608458185488864
0.25,0.0,0.23,1.1048836082644518
0.24,0.0,0.25,1.2875208946406058
0.24,0.0,0.24,1.4512602137951898
0.25,0.0,0.24,1.6621359569305485
0.25,0.0,0.25,1.8565705326317072
0.24,0.0,0.25,2.0437167282724844
0.24,0.0,0.24,2.2280538886398342
0.24,0.0,0.24,2.4405964455160527
0.24,0.0,0.24,2.6398084784429603
0.24,0.0,0.24,2.8436535728810934
0.24,0.0,0.24,3.041429156790709
0.23,0.0,0.24,3.244457983582771
0.23,0.0,0.23,3.437459090132589
0.23,0.0,0.23,3.63642094572659
0.24,0.0,0.23,3.838703886688376
0.24,0.0,0.24,4.027528491821145
0.23,0.0,0.24,4.223492990855
0.25,0.0,0.23,4.39898387421097
0.23,0.0,0.25,4.599851957728451
0.77,0.0,0.23,4.720660601705928
3.38,0.0,0.77,5.424220209563481
7.45,0.0,3.38,8.170247364343913
14.01,1.4801391,7.45,12.380773913256977
22.21,9.245623,14.01,19.055663639642876
29.24,17.619963,22.21,27.393400361388373
36.04,25.820599,29.24,34.56665285035024
44.99,32.631264,36.04,41.41314463317222
50.55,40.35241,44.99,50.149226697392386
56.32,46.71297,50.55,55.49249605856506
62.04,51.645447,56.32,60.98358064383767
67.91,56.22459,62.04,66.21059709113527
72.68,61.266815,67.91,71.61674750565811
76.9,65.45028,72.68,75.9639095799666
80.85,68.110016,76.9,80.20960524066173
83.73,71.576225,80.85,83.00368609926913
86.09,73.01356,83.73,85.217429928055
88.19,73.7796,86.09,86.89208755347764
89.53,74.03023,88.19,88.28366436149288
89.91,73.74859,89.53,88.95841286319987
90.01,72.361824,89.91,88.60621677595144
90.32,70.34,90.01,88.04288948195202
90.42,68.014206,90.32,87.72232029471728
81.07,66.01521,90.42,87.22016210568052
69.03,59.908028,81.07,77.2958769074149
62.47,51.515316,69.03,64.86639489601843
57.63,42.888645,62.47,57.85265499396415
58.14,40.796253,57.63,51.70711319636286
53.55,34.21657,58.14,52.624632197310824
40.510000000000005,31.127478,53.55,47.80089219026336
27.85,22.828968,40.510000000000005,35.33002113695678
29.54,13.68895,27.85,22.76146424755607
36.61,9.161679,29.54,24.20555110794894
22.05,11.032522,36.61,31.110251255219783
26.23,10.086179,22.05,16.696155803996096
15.04,6.7592607,26.23,21.51907501878919
5.25,1.2431103,15.04,10.619861184066
8.09,0.0,5.25,1.7423103574960903
4.15,0.0,8.09,4.348841821491888
2.83,0.0,4.15,0.5495781097889307
1.25,0.0,2.83,0.08529020845651936
0.25,0.0,1.25,-1.4436328176782227
0.29,0.0,0.25,-1.6770437477337676
0.27,0.0,0.29,-0.9183662271346505
0.26,0.0,0.27,-0.872027177287358
0.26,0.0,0.26,-0.8054528023929566
0.24,0.0,0.26,-0.2991665882222837
0.25,0.0,0.24,-0.25912514686026555
0.25,0.0,0.25,0.1782840870164697
0.23,0.0,0.25,0.400836773189182
0.23,0.0,0.23,0.31786546676979704
0.24,0.0,0.23,0.42154894468475085
0.23,0.0,0.24,0.6082014108265126
0.22,0.0,0.23,0.6563154505207102
0.23,0.0,0.22,0.6079901837058217
0.23,0.0,0.23,0.530417372577054
0.24,0.0,0.23,0.63875296100446
0.24,0.0,0.24,0.7235651150297615
0.23,0.0,0.24,0.6457348354912233
0.23,0.0,0.23,0.679000288575526
0.23,0.0,0.23,-0.08191379424282323
0.24,0.0,0.23,-0.14889510955942917
0.23,0.0,0.24,-0.11393346766040383
0.23,0.0,0.23,-0.13517383511601444
0.24,0.0,0.23,-0.031149322615318283
0.24,0.0,0.24,-0.008581593919807229
0.24,0.0,0.24,0.02067863345011821
0.24,0.0,0.24,0.06563766840053942
0.24,0.0,0.24,0.19966709206516944
0.24,0.0,0.24,0.2618743260580349
0.24,0.0,0.24,0.33335645846180306
0.24,0.0,0.24,0.41962212483922173
0.24,0.0,0.24,0.5894801855310281
0.24,0.0,0.24,0.6996478256982364
0.24,0.0,0.24,0.8209684198238096
0.23,0.0,0.24,0.9535185389649672
0.23,0.0,0.23,1.1440656323747882
0.23,0.0,0.23,1.2935669161370977
0.24,0.0,0.23,1.4520116881784744
0.24,0.0,0.24,1.6322990009477567
0.23,0.0,0.24,1.8473894835046507
0.24,0.0,0.23,2.0171103884430526
0.24,0.0,0.24,2.2075669077474354
0.24,0.0,0.24,2.402072144356958
0.23,0.0,0.24,2.618468084773082
0.23,0.0,0.23,2.8071598064177654
0.23,0.0,0.23,3.002219854176259
0.23,0.0,0.23,3.194825007668416
0.24,0.0,0.23,3.3948597349670244
0.24,0.0,0.24,3.6040378130667365
0.23,0.0,0.24,3.8091430880576667
0.22,0.0,0.23,3.99295923438331
0.24,0.0,0.22,4.157502331939131
0.23,0.0,0.24,4.372951161913439
0.23,0.0,0.23,4.554808308188976
0.24,0.0,0.23,4.7448109535287095
0.15,0.0,0.24,4.901600803918275
1.63,0.0,0.15,4.983236119794683
5.22,0.0,1.63,6.611001612897299
9.05,0.0,5.22,10.320515283503706
17.7,3.1365795,9.05,14.268599002157908
28.1,9.9642515,17.7,23.072175944988118
34.11,19.865646,28.1,33.4926048353188
38.38,28.397593,34.11,39.6826973654721
49.61,34.50048,38.38,43.89947405581804
55.27,40.332066,49.61,54.78245624800925
61.08,46.423996,55.27,60.16402594848813
67.12,51.585194,61.08,65.76857448385257
68.18,56.939445,67.12,71.15835420416316
77.08,60.11745,68.18,71.7541226571011
77.79,64.538864,77.08,80.82964156186327
82.98,68.324554,77.79,80.17735948476381
85.59,70.82149,82.98,84.89891172996724
81.79,72.07237,85.59,86.69696793967579
80.06,70.8421,81.79,82.24587155583278
71.4,68.42989,80.06,79.8312528142785
71.09,62.48976,71.4,70.31636103422268
61.8,58.96881,71.09,69.06657713214304
70.86,53.5725,61.8,58.82828590975689
74.43,53.821842,70.86,67.17853570804809
65.28,50.374,74.43,70.89951917154029
53.86,47.753906,65.28,61.848326471178815
69.4,42.164974,53.86,49.72618285777689
67.8,40.354637,69.4,64.91132936948281
56.28,38.88109,67.8,63.22680858159865
44.73,36.640667,56.28,51.783158825378734
34.98,26.722858,44.73,40.27558743847654
35.95,19.082983,34.98,30.04047180456341
20.2,12.005713,35.95,31.612098276669027
15.98,5.7197084,20.2,15.667694439459082
16.7,0.62946063,15.98,11.82259056358086
12.04,0.0,16.7,12.263020532165832
10.13,0.0,12.04,8.156832318598761
8.24,0.0,10.13,6.969960012705723
4.69,0.0,8.24,5.286941526655787
2.46,0.0,4.69,1.887762480618938
1.63,0.0,2.46,0.03112436944741087
0.37,0.0,1.63,-0.529670984956135
0.28,0.0,0.37,-1.2835715162398595
0.26,0.0,0.28,-0.9660977708190686
0.25,0.0,0.26,-0.8823643858382365
0.25,0.0,0.25,-0.34843171655508864
0.25,0.0,0.25,-0.20731035756651875
0.25,0.0,0.25,-0.1052401561052356
0.25,0.0,0.25,0.21790985864503032
0.23,0.0,0.25,0.25736201137385517
0.24,0.0,0.23,0.23692033736575277
0.23,0.0,0.24,0.48581527146426967
0.23,0.0,0.23,0.6967489259100906
0.24,0.0,0.23,0.7028361401314023
0.23,0.0,0.24,0.7026007480539918
0.23,0.0,0.23,0.6462876684632537
0.24,0.0,0.23,0.7724733377191162
0.23,0.0,0.24,0.6752392684580447
0.25,0.0,0.23,0.6213011774209144
0.25,0.0,0.25,0.6337485541990174
0.25,0.0,0.25,-0.31549572409130544
0.23,0.0,0.25,-0.3327003949019116
0.24,0.0,0.23,-0.36574755688501853
0.24,0.0,0.24,-0.3782248712416466
0.24,0.0,0.24,-0.2866936747908891
0.24,0.0,0.24,-0.27248572517018277
0.23,0.0,0.24,-0.25294653037460874
0.23,0.0,0.23,-0.22036269599630892
0.24,0.0,0.23,-0.08666315803579583
0.24,0.0,0.24,-0.015090233563826994
0.22,0.0,0.24,0.06199927346784987
0.24,0.0,0.22,0.12993645405592374
0.23,0.0,0.24,0.3230073514364674
0.25,0.0,0.23,0.42714562091322844
0.24,0.0,0.25,0.5710954465524892
0.25,0.0,0.24,0.6994908148110375
0.23,0.0,0.25,0.9075772600582734
0.24,0.0,0.23,1.038982143140636
0.23,0.0,0.24,1.2025795062478812
0.23,0.0,0.23,1.3620314458897524
0.24,0.0,0.23,1.5692039060044352
0.23,0.0,0.24,1.7594415108172647
0.23,0.0,0.23,1.9341930753064518
0.24,0.0,0.23,2.1252269676808866
0.23,0.0,0.24,2.3429439679140924
0.23,0.0,0.23,2.530590168169563
0.24,0.0,0.23,2.72943517664494
0.23,0.0,0.24,2.939747006291592
0.23,0.0,0.23,3.1294932646937434
0.23,0.0,0.23,3.3299830507768164
0.23,0.0,0.23,3.529378345434813
0.25,0.0,0.23,3.725629774326265
0.23,0.0,0.25,3.918619563132531
0.23,0.0,0.23,4.087893399604117
0.24,0.0,0.23,4.27112411316458
0.25,0.0,0.24,4.457837527777139
0.15,0.0,0.25,4.615788154526345
1.01,0.0,0.15,4.683283166549964
2.66,0.0,1.01,5.68915328015822
4.379999999999999,0.0,2.66,7.466119369677562
6.43,0.0,4.379999999999999,9.30622074148417
8.96,1.2339331,6.43,11.492042553825272
11.3,3.7275357,8.96,14.119486957660234
14.54,6.312069,11.3,16.539763948051082
18.24,10.654006,14.54,19.766929231668467
21.11,13.972304,18.24,23.43531003308264
24.97,16.776379,21.11,26.287479159224773
38.01,19.571266,24.97,30.063936665089496
53.83,26.397264,38.01,42.90535966832948
56.42,37.38611,53.83,58.701429125261576
53.96,45.24618,56.42,61.667878950728486
52.57,51.236744,53.96,57.647861255440304
51.68,49.310673,52.57,55.29266221701176
49.97,45.864285,51.68,53.68627100622619
46.95,43.22608,49.97,51.23314943413503
44.42,40.927097,46.95,47.44778092259309
44.81,38.14815,44.42,44.371404737043065
43.6,36.235905,44.81,44.3995773283308
44.38,34.321697,43.6,42.95817687305078
44.64,33.531254,44.38,43.49327985191117
45.05,32.906044,44.64,43.225680370445666
44.85,32.840405,45.05,43.1012595503786
45.0,31.37035,44.85,42.73597425274675
46.76,30.159752,45.0,42.66342045759516
45.4,28.245459,46.76,44.29999493537384
46.38,26.684835,45.4,42.83571404074512
47.39,25.806187,46.38,43.66011656551776
48.95,24.8,47.39,44.57807533355441
49.81,22.789902,48.95,46.24266756227689
50.88,22.28022,49.81,47.036616353766604
49.89,21.69115,50.88,48.074199673051886
34.17,20.589289,49.89,47.05878458181839
8.0,13.6484585,34.17,31.48395538034941
7.13,3.3994582,8.0,5.105221620724643
14.190000000000001,0.0,7.13,3.2736464784274464
5.65,0.0,14.190000000000001,10.048400218810624
2.67,0.0,5.65,2.4998276737573133
0.59,0.0,2.67,-0.07176954792052215
0.31,0.0,0.59,-2.03460683767105
0.27,0.0,0.31,-1.6290606582114007
0.25,0.0,0.27,-1.6030768730957758
0.25,0.0,0.25,-1.847459036014886
0.24,0.0,0.25,-1.6578344219444816
0.25,0.0,0.24,-1.5907849329792616
0.25,0.0,0.25,-1.0881569238504598
0.23,0.0,0.25,-0.4697633137876994
0.22,0.0,0.23,-0.4804638046520091
0.23,0.0,0.22,-0.6716151974014396
0.23,0.0,0.23,-0.3394522073427596
0.23,0.0,0.23,-0.26421854398127914
0.22,0.0,0.23,-0.18177310447345066
0.23,0.0,0.22,-0.14356609789479988
0.24,0.0,0.23,0.031738719888002725
0.22,0.0,0.24,0.11736493538897705
0.23,0.0,0.22,0.1897448476536442
0.23,0.0,0.23,0.2857139626529286
0.23,0.0,0.23,-0.3125878281441997
0.24,0.0,0.23,-0.4640114506123641
0.23,0.0,0.24,-0.46045221725515273
0.24,0.0,0.23,-0.39555312509578616
0.23,0.0,0.24,-0.31857597140986005
0.23,0.0,0.23,-0.32558706236844615
0.24,0.0,0.23,-0.30954216733138895
0.23,0.0,0.24,-0.26386276334319936
0.23,0.0,0.23,-0.1410683200932017
0.24,0.0,0.23,-0.08070078904524772
0.24,0.0,0.24,0.004765074347853719
0.23,0.0,0.24,0.0982265032607271
0.24,0.0,0.23,0.2481253378673141
0.24,0.0,0.24,0.37189044738994187
0.24,0.0,0.24,0.48935560891455165
0.23,0.0,0.24,0.6225714559749154
0.23,0.0,0.23,0.8147981516290893
0.24,0.0,0.23,0.9640596774177504
0.23,0.0,0.24,1.1293747915678674
0.23,0.0,0.23,1.2939050078391277
0.23,0.0,0.23,1.4991588058399703
0.23,0.0,0.23,1.672841566598185
0.23,0.0,0.23,1.8505853361543394
0.24,0.0,0.23,2.039789506946503
0.23,0.0,0.24,2.2573712079960884
0.23,0.0,0.23,2.4472503514810247
0.24,0.0,0.23,2.6454348641984584
0.24,0.0,0.24,2.8510209873314265
0.23,0.0,0.24,3.0616900626898595
0.23,0.0,0.23,3.253039746490659
0.23,0.0,0.23,3.4515052890716995
0.24,0.0,0.23,3.6525718206527955
0.23,0.0,0.24,3.832205390722396
0.23,0.0,0.23,4.021018102721819
0.25,0.0,0.23,4.212306644746581
0.2,0.0,0.25,4.404479880735318
1.31,0.0,0.2,4.497167720002707
4.28,0.0,1.31,5.7607750654087235
8.83,0.0,4.28,8.854037165656132
19.01,0.0,8.83,13.5521805336389
29.01,9.890057,19.01,23.787388318952754
38.09,21.03964,29.01,34.01791721490167
45.81,30.584639,38.09,43.316739680234335
53.88,38.820335,45.81,51.008404524121694
55.37,46.9618,53.88,58.792817542674854
52.76,50.743614,55.37,59.99584689354002
52.28,51.118996,52.76,56.75027359676735
49.83,50.266502,52.28,55.35079132402791
48.52,48.78543,49.83,52.129967377613745
47.21,46.75519,48.52,50.229990580100406
46.97,44.745323,47.21,49.372321850321114
47.89,44.459908,46.97,47.6120900615965
46.71,43.565155,47.89,48.06645642208781
44.6,41.867123,46.71,46.501683050448634
42.74,39.57149,44.6,44.00594459411701
39.52,37.10815,42.74,41.66324977996787
33.79,34.039413,39.52,37.96961329216345
36.16,29.889746,33.79,31.930934053969917
35.56,27.816027,36.16,33.9349497967299
35.37,26.086313,35.56,33.18821588763203
35.66,24.240858,35.37,33.10510360472213
35.91,23.11154,35.66,33.27350125146628
36.120000000000005,22.277664,35.91,33.44892230489779
35.03,21.310543,36.120000000000005,33.76513874389666
35.07,20.222431,35.03,32.53393748875635
34.54,20.31025,35.07,32.571977324925314
33.7,19.41953,34.54,32.06622858404343
33.75,18.29397,33.7,31.36022356343819
34.01,16.660875,33.75,31.48530528483313
35.4,15.483277,34.01,32.0031527838314
36.16,15.104754,35.4,33.46630138456796
34.24,14.795994,36.16,34.38775870972209
24.88,12.38529,34.24,32.67958375357256
5.0,8.081177,24.88,23.427794410122825
5.02,0.0,5.0,3.4983013120024617
3.64,0.0,5.02,3.146389957008171
1.67,0.0,3.64,1.4567660094534773
0.47,0.0,1.67,-0.19579665693791604
0.27,0.0,0.47,-1.2315485262019592
0.25,0.0,0.27,-1.2424801004330748
0.24,0.0,0.25,-0.6889473930318243
0.24,0.0,0.24,-0.78980204513203
0.25,0.0,0.24,-0.8274778299887526
0.24,0.0,0.25,-0.8545858106557223
0.24,0.0,0.24,-0.7590998906070241
0.23,0.0,0.24,-0.5780869476926621
0.23,0.0,0.23,-0.1464290084072093
0.23,0.0,0.23,-0.18744574645267992
0.23,0.0,0.23,-0.09824713968405938
0.23,0.0,0.23,-0.06971067103779406
0.22,0.0,0.23,-0.062458000483318066
0.23,0.0,0.22,-0.08135196421464638
0.23,0.0,0.23,0.03903773259381314
0.23,0.0,0.23,0.06399326912661898
0.23,0.0,0.23,0.09747593491367564
0.23,0.0,0.23,0.14972934290531154
0.22,0.0,0.23,-0.5851342437620864
0.23,0.0,0.22,-0.6025914647084245
0.23,0.0,0.23,-0.7074337491501566
0.23,0.0,0.23,-0.7034245913597149
0.24,0.0,0.23,-0.6082259837851149
0.24,0.0,0.24,-0.5963463109500908
0.24,0.0,0.24,-0.5830868754613157
0.23,0.0,0.24,-0.5428398228894132
0.23,0.0,0.23,-0.4185724752694254
0.23,0.0,0.23,-0.3538550797313359
0.23,0.0,0.23,-0.2735893907137437
0.23,0.0,0.23,-0.18470915274133748
0.24,0.0,0.23,-0.008974043352628011
0.24,0.0,0.24,0.12017462401462814
0.24,0.0,0.24,0.23813645331475092
0.24,0.0,0.24,0.36605594598589625
0.24,0.0,0.24,0.5612758125701902
0.23,0.0,0.24,0.7036062968933785
0.23,0.0,0.23,0.8539622029925826
0.25,0.0,0.23,1.0185645295282542
0.24,0.0,0.25,1.2440026532152497
0.24,0.0,0.24,1.4200423116196468
0.24,0.0,0.24,1.6000867139032706
0.24,0.0,0.24,1.7907102361864056
0.24,0.0,0.24,1.9978872056929262
0.24,0.0,0.24,2.188395173339365
0.24,0.0,0.24,2.384232078700467
0.25,0.0,0.24,2.583386716226941
0.24,0.0,0.25,2.7908038733259004
0.24,0.0,0.24,2.9836991413789478
0.24,0.0,0.24,3.182555494812853
0.24,0.0,0.24,3.3795337667160408
0.24,0.0,0.24,3.5570804162024463
0.23,0.0,0.24,3.750090015152106
0.25,0.0,0.23,3.9275569384323696
0.23,0.0,0.25,4.127041958856001
0.8699999999999999,0.0,0.23,4.25040246957223
3.67,0.0,0.8699999999999999,5.050607125627974
8.09,0.0,3.67,7.976418272139989
18.93,0.0,8.09,12.520169245444276
29.96,10.242252,18.93,23.40809343310948
39.14,21.971941,29.96,34.66791960442285
41.38,33.051403,39.14,44.12486853832913
38.7,39.81451,41.38,46.387826903345896
40.99,42.436523,38.7,43.28598314302128
38.28,42.968655,40.99,44.8236164693148
38.07,41.384922,38.28,41.44131115494521
38.99,40.374573,38.07,40.6364569613016
37.96,40.277615,38.99,40.88972531149026
36.53,38.413216,37.96,39.59856481230757
36.7,36.853798,36.53,39.09015198850431
35.51,35.86074,36.7,37.63466700199195
34.93,34.423893,35.51,35.978517404829596
32.34,32.598114,34.93,34.93518735105055
30.03,30.084625,32.34,31.828861149735918
26.8,27.157385,30.03,29.253909989426134
26.14,23.892025,26.8,25.829691754513576
24.77,21.667475,26.14,24.829008495540798
24.34,19.430452,24.77,23.35275617830318
25.38,18.034348,24.34,22.812132195594472
26.12,17.351734,25.38,23.702367678423823
26.95,17.28433,26.12,24.42693893732616
28.03,17.295414,26.95,25.312358347930353
27.59,17.737385,28.03,26.312114875441974
26.5,16.918438,27.59,25.948540945081948
27.79,16.79942,26.5,24.83486693533372
26.87,17.004553,27.79,26.188961217736292
25.96,17.161758,26.87,25.356073800605266
25.68,15.59421,25.96,24.544003152539815
27.31,14.502138,25.68,24.27447923754831
28.32,14.144743,27.31,25.940463915728547
19.71,14.050501,28.32,27.15501531258483
13.83,10.12816,19.71,18.836254748313397
15.61,6.2739067,13.83,12.848517099530874
8.87,4.380076,15.61,14.264463761889843
5.09,0.9661796,8.87,7.6506356093163275
1.16,0.0,5.09,4.0224713924765085
0.2,0.0,1.16,-0.05931170872047198
0.25,0.0,0.2,-0.85434639059981
0.23,0.0,0.25,-0.7059855574340951
0.23,0.0,0.23,-0.7358406895742151
0.23,0.0,0.23,-0.5933458108527921
0.24,0.0,0.23,-0.6241910055385668
0.24,0.0,0.24,-0.6287235031348772
0.23,0.0,0.24,-0.3835949404370318
0.23,0.0,0.23,-0.33458680150964415
0.23,0.0,0.23,-0.44647000224865496
0.23,0.0,0.23,-0.34701183247011885
0.22,0.0,0.23,-0.21550524346045694
0.21,0.0,0.22,-0.18131233651318135
0.23,0.0,0.21,-0.18674009625927046
0.23,0.0,0.23,-0.19900654107888943
0.23,0.0,0.23,-0.12753675894114969
0.23,0.0,0.23,-0.1332537041476503
0.24,0.0,0.23,-0.11861379483558247
0.23,0.0,0.24,-0.07580682685437941
0.23,0.0,0.23,-0.6834769149724346
0.23,0.0,0.23,-0.7136518079839699
0.24,0.0,0.23,-0.6852003908864668
0.24,0.0,0.24,-0.6983180074372328
0.24,0.0,0.24,-0.6071367782654951
0.23,0.0,0.24,-0.608494907016666
0.24,0.0,0.23,-0.5907833956688942
0.23,0.0,0.24,-0.5394302192840323
0.23,0.0,0.23,-0.4121445001108457
0.22,0.0,0.23,-0.3547345515707453
0.25,0.0,0.22,-0.28897034457128074
0.23,0.0,0.25,-0.17051314093981862
0.23,0.0,0.23,-0.021839430371621456
0.24,0.0,0.23,0.09162592396765881
0.24,0.0,0.24,0.2199652053621864
0.23,0.0,0.24,0.35294151845039673
0.24,0.0,0.23,0.5376223738901486
0.24,0.0,0.24,0.6978598220547009
0.24,0.0,0.24,0.8562363004757035
0.24,0.0,0.24,1.0243683866481086
0.24,0.0,0.24,1.2292738337639357
0.23,0.0,0.24,1.410683474003615
0.24,0.0,0.23,1.5857844944897128
0.24,0.0,0.24,1.7815258435010475
0.24,0.0,0.24,1.9909169736665495
0.24,0.0,0.24,2.188881448380454
0.24,0.0,0.24,2.385371310612094
0.24,0.0,0.24,2.5874100991031517
0.24,0.0,0.24,2.788960911193709
0.24,0.0,0.24,2.9886542777591933
0.24,0.0,0.24,3.200451889825908
0.23,0.0,0.24,3.3943626951750896
0.24,0.0,0.23,3.5589485503313423
0.24,0.0,0.24,3.7574765193075046
0.24,0.0,0.24,3.94010914554947
0.22,0.0,0.24,4.122340368251957
0.7,0.0,0.22,4.2468635380386255
3.7,0.0,0.7,4.886667395144702
8.759999999999998,0.0,3.7,8.013761445389372
19.44,0.30921468,8.759999999999998,13.204042495210695
24.69,10.902002,19.44,23.988608163705678
36.05,20.905901,24.69,29.434827468688226
37.45,31.725376,36.05,40.72414793120608
39.39,38.28951,37.45,42.03725061451613
46.86,42.427063,39.39,43.70108942988619
34.7,42.226482,46.86,51.27752451766163
31.03,41.00408,34.7,38.447244508182365
40.57,33.80144,31.03,34.98117365672364
42.25,35.460934,40.57,43.470717423787285
41.11,37.795567,42.25,45.15092172381525
40.62,43.92668,41.11,44.06371668051708
39.82,45.12463,40.62,41.61941362266338
38.34,38.741898,39.82,41.40773993606242
37.04,39.358307,38.34,38.63765743077233
35.15,34.64534,37.04,37.18822900651156
30.48,32.305172,35.15,34.694587091510826
28.16,27.733383,30.48,29.995723679251565
26.34,25.499264,28.16,26.93633189462003
27.6,22.960041,26.34,24.542645387392533
27.61,21.077885,27.6,25.746837285983993
27.28,20.381536,27.61,25.465384351297892
26.65,19.373802,27.28,25.104070690049
27.44,15.010577,26.65,25.142831974467608
26.62,15.716536,27.44,25.48041144369023
27.85,16.189484,26.62,24.476068145353334
27.7,16.224466,27.85,25.740499495583805
29.32,14.789346,27.7,25.725134923033117
30.56,14.609524,29.32,27.485642201463563
31.71,14.609955,30.56,28.943607754634076
33.22,14.876854,31.71,30.3602998018632
32.22,14.204395,33.22,31.996995454286502
23.2,13.620316,32.22,31.003785207808914
10.41,10.262764,23.2,22.14034314785193
4.87,4.193297,10.41,9.159940046608261
1.98,0.0,4.87,3.2326758075632753
0.32,0.0,1.98,0.09585731800590969
0.28,0.0,0.32,-1.4489201087968218
0.25,0.0,0.28,-1.4202057640410135
0.24,0.0,0.25,-1.1371447566968487
0.25,0.0,0.24,-0.8511819421312171
0.25,0.0,0.25,-0.8122745064565016
0.25,0.0,0.25,-0.8635642145470317
0.24,0.0,0.25,-0.8599629182900979
0.22,0.0,0.24,-0.9185904047497628
0.22,0.0,0.22,-0.8030203031255807
0.24,0.0,0.22,-0.5656828829638612
0.22,0.0,0.24,-0.3745973661071844
0.23,0.0,0.22,-0.36502340466582767
0.23,0.0,0.23,-0.35716129677496183
0.24,0.0,0.23,-0.3753577865552446
0.23,0.0,0.24,-0.27394407531728676
0.23,0.0,0.23,-0.27513966660944145
0.23,0.0,0.23,-0.2524361836863743
0.24,0.0,0.23,-0.21364642361999114
0.24,0.0,0.24,-0.9163205864090896
0.23,0.0,0.24,-0.862863787662437
0.23,0.0,0.23,-0.8628861539159732
0.23,0.0,0.23,-0.9163551363808426
0.24,0.0,0.23,-0.8449945240915514
0.23,0.0,0.24,-0.8211819296397261
0.23,0.0,0.23,-0.8092232344722134
0.23,0.0,0.23,-0.774507342107389
0.24,0.0,0.23,-0.6393254512439659
0.24,0.0,0.24,-0.5606618919831354
0.24,0.0,0.24,-0.48537114482541915
0.25,0.0,0.24,-0.400042011036327
0.24,0.0,0.25,-0.22643819371749516
0.24,0.0,0.24,-0.12244713414558628
0.23,0.0,0.24,-0.0022400631568240265
0.24,0.0,0.23,0.11763151205033795
0.24,0.0,0.24,0.3227696106358701
0.24,0.0,0.24,0.47400621573851415
0.24,0.0,0.24,0.6386140185068458
0.23,0.0,0.24,0.8137725485675736
0.23,0.0,0.23,1.0045552742570543
0.24,0.0,0.23,1.1761725805148098
0.24,0.0,0.24,1.373352542119408
0.23,0.0,0.24,1.5550219273192512
0.25,0.0,0.23,1.752482473620833
0.23,0.0,0.25,1.9686140326254364
0.24,0.0,0.23,2.1666643874831117
0.24,0.0,0.24,2.3636666370967436
0.23,0.0,0.24,2.559797259187565
0.23,0.0,0.23,2.7400553116816937
0.24,0.0,0.23,2.938182137305529
0.23,0.0,0.24,3.14358511652836
0.23,0.0,0.23,3.3156123161831923
0.24,0.0,0.23,3.51124139221718
0.24,0.0,0.24,3.712116674691075
0.22,0.0,0.24,3.8853997374388376
0.72,0.0,0.22,3.9883644123432678
2.78,0.0,0.72,4.651462238286145
5.97,0.0,2.78,6.861678601020584
19.15,0.0,5.97,10.099170966713402
34.97,7.9014273,19.15,23.27704430204142
36.69,22.663343,34.97,39.30315309430347
32.74,34.28334,36.69,41.593518123888494
32.3,37.620953,32.74,37.54335668873767
33.12,38.250885,32.3,36.12318010586798
32.65,36.783497,33.12,36.29670053535096
32.3,34.94475,32.65,35.25667830580459
31.17,33.673203,32.3,34.23455254607387
31.86,32.672565,31.17,32.741089608170604
29.3,28.88568,31.86,33.265003579213776
27.55,28.94607,29.3,32.17672428446367
25.67,27.636404,27.55,28.38836485531084
25.25,25.56259,25.67,25.878620400960365
23.9,23.493706,25.25,24.86899491069287
22.450000000000003,20.722849,23.9,23.328818000964045
19.29,17.95866,22.450000000000003,21.802575273550495
17.29,15.083352,19.29,18.529709783673347
18.09,12.5513115,17.29,16.330295014273997
17.78,11.020575,18.09,16.93045671235339
18.73,9.8582,17.78,16.42515856604603
18.66,9.559671,18.73,17.39069920710629
19.84,9.458334,18.66,17.244306036241397
20.66,9.816886,19.84,18.444059767468456
21.01,9.976028,20.66,19.27857524670048
21.11,11.208623,21.01,19.672696806830015
21.06,13.064405,21.11,19.855309592615797
21.46,13.781703,21.06,19.83480665465513
22.03,13.079193,21.46,20.315596506783244
22.04,12.566862,22.03,20.991278762841176
23.38,12.21406,22.04,21.115572207853184
25.07,12.212578,23.38,22.50729778745246
23.44,11.207097,25.07,24.36699301011632
15.94,10.272086,23.44,22.933152378428865
3.1,7.474768,15.94,15.435550720338144
2.41,1.4547141,3.1,2.4245448599450414
1.55,0.0,2.41,1.331473875843952
0.3,0.0,1.55,0.3434327353876909
0.29,0.0,0.3,-0.6492753859937138
0.25,0.0,0.29,-0.6115974941931785
0.24,0.0,0.25,-0.5134798190955228
0.24,0.0,0.24,-0.2913292352494401
0.25,0.0,0.24,-0.4047752299329108
0.24,0.0,0.25,-0.5231448734640011
0.24,0.0,0.24,-0.5668969632105743
0.24,0.0,0.24,-0.62859603579449
0.22,0.0,0.24,-0.5478762780326156
0.23,0.0,0.22,-0.33508789145125834
0.23,0.0,0.23,-0.2867575102412361
0.22,0.0,0.23,-0.32629274947002296
0.23,0.0,0.22,-0.3577978200040234
0.23,0.0,0.23,-0.38643819664284346
0.22,0.0,0.23,-0.3142546276418217
0.22,0.0,0.22,-0.3315085588196125
0.23,0.0,0.22,-0.3311980966392908
0.23,0.0,0.23,-0.31335473725119906
0.23,0.0,0.23,-0.16996478275414895
0.23,0.0,0.23,-0.12945942577501013
0.23,0.0,0.23,-0.14202420149260112
0.23,0.0,0.23,-0.20502990876172517
0.23,0.0,0.23,-0.10113146880327328
0.24,0.0,0.23,-0.09942864034998472
0.24,0.0,0.24,-0.06466924322566489
0.23,0.0,0.24,-0.026768982108033232
0.24,0.0,0.23,0.10509928790995351
0.23,0.0,0.24,0.18299273938977645
0.24,0.0,0.23,0.2486177709172941
0.23,0.0,0.24,0.3449596757581309
0.23,0.0,0.23,0.5080434294974345
0.23,0.0,0.23,0.6157800182948222
0.24,0.0,0.23,0.7372956859592259
0.23,0.0,0.24,0.8783608183506505
0.23,0.0,0.23,1.0662711980373567
0.23,0.0,0.23,1.2246380570176394
0.24,0.0,0.23,1.3880034164154724
0.23,0.0,0.24,1.5574540925892832
0.24,0.0,0.23,1.7622011777197395
0.24,0.0,0.24,1.9489498595272896
0.25,0.0,0.24,2.130074612373523
0.23,0.0,0.25,2.3307437518232472
0.24,0.0,0.23,2.521523990897558
0.24,0.0,0.24,2.7294089048375696
0.24,0.0,0.24,2.9367140219075987
0.24,0.0,0.24,3.140160186287325
0.24,0.0,0.24,3.3435965915697174
0.24,0.0,0.24,3.544703031302504
0.24,0.0,0.24,3.748074128354732
0.24,0.0,0.24,3.949080379598837
0.23,0.0,0.24,4.132735380669391
0.23,0.0,0.23,4.317100819685958
0.23,0.0,0.23,4.498260100103987
0.21,0.0,0.23,4.678388606087562
0.51,0.0,0.21,4.813488921446598
2.59,0.0,0.51,5.278658327183576
5.46,0.0,2.59,7.489263634378694
16.4,0.0,5.46,10.437318681889087
32.53,9.124609,16.4,21.431731713574862
43.09,22.799738,32.53,37.65781019577394
51.75,35.697376,43.09,48.72426857660879
59.1,45.65863,51.75,57.524415593569515
65.74,54.22019,59.1,64.49686982543885
71.47,59.899055,65.74,70.76302800700822
77.15,64.62461,71.47,75.88220666125301
76.47,69.47783,77.15,80.80725672396176
72.3,71.8438,76.47,79.51548032430709
70.85,68.32046,72.3,74.64947175288133
70.07,69.80116,70.85,73.77408233861019
67.21,68.38363,70.07,70.72382481896085
66.35,65.94826,67.21,67.10055221713655
64.17,63.559208,66.35,65.34940436071932
61.79,60.131847,64.17,62.57469909261667
58.42,56.52745,61.79,59.80311800246349
56.42,52.140495,58.42,55.935282105293496
55.67,48.80247,56.42,53.43763324468736
55.44,45.87442,55.67,52.292639498992386
56.28,43.76328,55.44,51.70453565810982
56.01,41.472084,56.28,52.37208213407898
55.55,39.788506,56.01,52.061081070205994
55.63,38.17959,55.55,51.48860415998418
56.58,36.80714,55.63,51.350769308977846
56.72,34.428802,56.58,52.260859304761546
56.41,33.233437,56.72,52.42805881485148
55.8,32.233242,56.41,52.15921986925108
56.94,31.260733,55.8,51.51085292461002
60.0,28.740772,56.94,52.942933516333824
56.45,28.705019,60.0,56.124706230113034
50.19,27.333601,56.45,52.83869441699584
22.3,24.02257,50.19,46.706495366168426
7.7,9.5368395,22.3,18.868775504870428
3.87,0.0,7.7,3.638884468928778
1.6,0.0,3.87,-0.8680323388554934
0.23,0.0,1.6,-2.9506922636426314
0.35,0.0,0.23,-3.749163680380536
0.28,0.0,0.35,-3.29376269616594
0.27,0.0,0.28,-2.425963101375649
0.25,0.0,0.27,-1.9570577389759956
0.24,0.0,0.25,-1.9054423471389466
0.23,0.0,0.24,-1.934619046011339
0.25,0.0,0.23,-1.727625344766197
0.23,0.0,0.25,-1.5512950545361757
0.23,0.0,0.23,-0.8694807017244189
0.23,0.0,0.23,-0.490695923703967
0.23,0.0,0.23,-0.2769023195698229
0.22,0.0,0.23,-0.1882057342989331
0.23,0.0,0.22,-0.10328502566012317
0.23,0.0,0.23,-0.029483501690582593
0.23,0.0,0.23,0.15580163637388722
0.23,0.0,0.23,0.23319430102657585
0.23,0.0,0.23,0.3457621601458338
0.23,0.0,0.23,0.49105594685821796
0.22,0.0,0.23,0.0004994941054995219
0.23,0.0,0.22,0.08437232780888732
0.24,0.0,0.23,-0.010991034621754617
0.24,0.0,0.24,-0.0662031600089108
0.23,0.0,0.24,0.02258866855716503
0.24,0.0,0.23,0.016111588883255326
0.23,0.0,0.24,0.04616536151326227
0.23,0.0,0.23,0.07648032101322005
0.23,0.0,0.23,0.20643600115373634
0.24,0.0,0.23,0.26769065468572023
0.23,0.0,0.24,0.3557093996387525
0.22,0.0,0.23,0.4364273510326167
0.23,0.0,0.22,0.5972203900759476
0.23,0.0,0.23,0.7174224028715545
0.23,0.0,0.23,0.8370839054209065
0.23,0.0,0.23,0.9724063606317713
0.24,0.0,0.23,1.1682890970862487
0.23,0.0,0.24,1.331412984116873
0.24,0.0,0.23,1.4773703484217433
0.23,0.0,0.24,1.6566048702788778
0.24,0.0,0.23,1.8669076386992745
0.24,0.0,0.24,2.0592200162207566
0.25,0.0,0.24,2.232993447643537
0.23,0.0,0.25,2.4302494056981248
0.24,0.0,0.23,2.619144649719102
0.24,0.0,0.24,2.8253625149273964
0.24,0.0,0.24,3.0256956735061937
0.24,0.0,0.24,3.229938073081555
0.24,0.0,0.24,3.4329452603556496
0.24,0.0,0.24,3.632116788619779
0.23,0.0,0.24,3.832757229238386
0.23,0.0,0.23,4.021021332473379
0.24,0.0,0.23,4.1970096207951855
0.23,0.0,0.24,4.395124143619595
0.25,0.0,0.23,4.57144970488808
0.25,0.0,0.25,4.7709267407491565
0.44,0.0,0.25,4.914139252384078
2.64,0.0,0.44,5.269933538050462
5.45,0.0,2.64,7.5978304996900174
14.35,0.0,5.45,10.496775691837446
30.4,5.9272065,14.35,19.499816725419624
40.98,18.710367,30.4,35.56859060236071
49.31,31.453207,40.98,46.59927393007677
56.74,41.307438,49.31,55.15173274202794
63.43,49.786934,56.74,62.242805761533944
69.78,55.886383,63.43,68.54144278697764
71.61,60.99009,69.78,74.37884256194104
68.0,64.72152,71.61,75.49577912729633
67.05,65.743546,68.0,71.16652592672575
65.53,62.48478,67.05,69.33473998905649
64.23,64.99257,65.53,68.23080475461276
64.75,63.86169,64.23,65.08337668689481
65.81,62.444107,64.75,64.83129166308336
64.55,61.3608,65.81,65.1453743443972
62.31,58.930885,64.55,63.52748756030099
59.43,56.02557,62.31,60.81807242953509
58.16,52.148903,59.43,57.376553544637176
57.07,49.279438,58.16,55.57793998616659
56.37,46.49405,57.07,53.97730945210511
56.0,44.177116,56.37,52.951725378602504
56.59,41.353058,56.0,52.38381865930046
57.56,39.673332,56.59,52.79698666037025
57.83,38.28564,57.56,53.68766102499007
58.62,37.191765,57.83,53.84450938453357
59.13,35.12956,58.62,54.51253521401723
60.96,33.988564,59.13,54.96115359378731
60.05,33.646587,60.96,56.79593335392035
61.01,32.74174,60.05,55.97627799670009
54.82,30.666243,61.01,57.04286374156808
57.94,27.325327,54.82,50.94523092488611
50.05,26.521235,57.94,54.012964263085095
41.45,22.922422,50.05,46.19532721167025
32.54,17.177803,41.45,37.70079473883987
20.17,11.489302,32.54,28.546959550926573
7.66,4.467588,20.17,15.98742895553578
4.27,0.0,7.66,3.5371520767393703
1.85,0.0,4.27,-0.09268555025291891
0.25,0.0,1.85,-2.1902273980701263
0.33,0.0,0.25,-3.28388706869225
0.28,0.0,0.33,-2.818848177613276
0.26,0.0,0.28,-2.447436833432128
0.23,0.0,0.26,-1.918442381728487
0.25,0.0,0.23,-1.9415122250411114
0.24,0.0,0.25,-1.6783612165154187
0.23,0.0,0.24,-1.3395799070839847
0.23,0.0,0.23,-1.122222739407634
0.23,0.0,0.23,-0.7929905443663035
0.23,0.0,0.23,-0.460437137943121
0.23,0.0,0.23,-0.23106845803156792
0.23,0.0,0.23,-0.1154876112489682
0.22,0.0,0.23,0.007395315368111041
0.22,0.0,0.22,0.07192569672016542
0.23,0.0,0.22,0.2738275395567301
0.23,0.0,0.23,0.3371620163871212
0.23,0.0,0.23,0.46237268086158917
0.24,0.0,0.23,0.5162981031894145
0.23,0.0,0.24,0.05272544125006506
0.23,0.0,0.23,0.06095917437571291
0.23,0.0,0.23,0.030167283080764773
0.24,0.0,0.23,-0.024519958630643268
0.24,0.0,0.24,0.07673692165234461
0.23,0.0,0.24,0.08186889996413607
0.24,0.0,0.23,0.0906842508215177
0.23,0.0,0.24,0.1442064302375362
0.25,0.0,0.23,0.2718426517138628
0.23,0.0,0.25,0.35965162881662166
0.24,0.0,0.23,0.42578195403424834
0.23,0.0,0.24,0.5244141588590862
0.23,0.0,0.23,0.6809073516884814
0.24,0.0,0.23,0.7866517843721555
0.23,0.0,0.24,0.91899086116852
0.24,0.0,0.23,1.0430167699271204
0.24,0.0,0.24,1.2486931474423828
0.24,0.0,0.24,1.4023795816317286
0.24,0.0,0.24,1.5628741464873073
0.23,0.0,0.24,1.7291325607549213
0.24,0.0,0.23,1.9282783084910973
0.25,0.0,0.24,2.1167756138815217
0.23,0.0,0.25,2.3134871797725984
0.25,0.0,0.23,2.486285978888487
0.24,0.0,0.25,2.7177625819835667
0.24,0.0,0.24,2.901115477095057
0.25,0.0,0.24,3.1015042355829863
0.24,0.0,0.25,3.3128583261782922
0.24,0.0,0.24,3.498325792722293
0.24,0.0,0.24,3.6989317449362256
0.24,0.0,0.24,3.899519942435869
0.24,0.0,0.24,4.093075044755175
0.25,0.0,0.24,4.272302986040132
0.24,0.0,0.25,4.474923916262259
0.25,0.0,0.24,4.650486312280321
0.24,0.0,0.25,4.843205727546333
0.52,0.0,0.24,4.975371520183465
2.51,0.0,0.52,5.418165540836799
5.09,0.0,2.51,7.542896670206361
12.8,0.81967336,5.09,10.21293915972331
29.47,7.7024074,12.8,18.04964325577596
41.4,20.055984,29.47,34.65405623378533
49.97999999999999,33.14872,41.4,47.021949533344866
57.38,43.383327,49.97999999999999,55.90153153561657
64.03,51.255512,57.38,63.00375847674856
67.99,56.988483,64.03,69.25641227016756
74.07,60.74511,67.99,72.74496857727871
78.01,65.31668,74.07,77.95118883133672
77.01,69.243866,78.01,81.16755222883741
69.11,66.86014,77.01,79.66501665799069
79.2,69.24959,69.11,72.15574191557191
75.95,71.1072,79.2,80.08567901866186
75.91,69.58674,75.95,76.28128324373628
73.35,68.92963,75.91,75.63405708501469
71.02,65.981674,73.35,72.1214632534145
68.63,63.035435,71.02,69.173273113418
66.99,58.597767,68.63,66.39360402698406
66.12,55.4067,66.99,63.9198476269699
64.19,52.14819,66.12,62.6955568024455
63.32,49.42461,64.19,60.345588862878394
65.91,46.043125,63.32,59.126908923699624
65.96,44.70789,65.91,61.45047905714822
66.2,43.19625,65.96,61.58266501536814
66.48,42.220413,66.2,61.48825865789503
66.64,39.418617,66.48,61.640862399230194
67.0,37.710876,66.64,61.78341039998847
65.8,36.462395,67.0,62.15535394549408
64.47,34.707325,65.8,60.997481267072615
59.36,31.384607,64.47,59.751791405122944
52.76,27.902796,59.36,54.68972768939969
45.87,23.70362,52.76,48.0592770918978
36.74,19.431305,45.87,41.1482183926831
27.91,13.159882,36.74,32.03705519125835
16.05,7.5145864,27.91,23.149053016735856
7.25,0.72150433,16.05,11.217795787472843
3.88,0.0,7.25,2.557463147721901
1.4,0.0,3.88,-0.6663445934701001
0.22,0.0,1.4,-2.765351832644031
0.31,0.0,0.22,-3.458079418520306
0.27,0.0,0.31,-2.9961888628289515
0.24,0.0,0.27,-2.5269515216659717
0.24,0.0,0.24,-2.1250347787395656
0.24,0.0,0.24,-1.8363546126961319
0.23,0.0,0.24,-1.5871186546201421
0.23,0.0,0.23,-1.234928536025241
0.23,0.0,0.23,-0.9658352004795916
0.22,0.0,0.23,-0.6334900594803508
0.22,0.0,0.22,-0.3723001170485945
0.23,0.0,0.22,-0.12714782081068965
0.23,0.0,0.23,0.020670503442864405
0.23,0.0,0.23,0.14977453845447997
0.23,0.0,0.23,0.23548953392803168
0.23,0.0,0.23,0.43295967845717936
0.23,0.0,0.23,0.5103875656005747
0.23,0.0,0.23,0.5699735083713665
0.24,0.0,0.23,0.617415510908001
0.23,0.0,0.24,-0.07638670902829797
0.23,0.0,0.23,-0.07314810302656352
0.22,0.0,0.23,-0.11217426330146912
0.23,0.0,0.22,-0.15787836467986996
0.22,0.0,0.23,-0.061333894665618616
0.24,0.0,0.22,-0.07572775244876144
0.24,0.0,0.24,-0.03591511480380977
0.23,0.0,0.24,0.010496863775912857
0.23,0.0,0.23,0.13501045000768705
0.24,0.0,0.23,0.19652129991292291
0.24,0.0,0.24,0.28676226625529566
0.24,0.0,0.24,0.38506150377472653
0.23,0.0,0.24,0.5485302798895637
0.24,0.0,0.23,0.6442646386746522
0.24,0.0,0.24,0.7723840989416809
0.23,0.0,0.24,0.9098710192161457
0.24,0.0,0.23,1.0960099388801492
0.24,0.0,0.24,1.260930903029426
0.24,0.0,0.24,1.41663665283525
0.24,0.0,0.24,1.5860675507823006
0.24,0.0,0.24,1.7937738861973755
0.24,0.0,0.24,1.9725018501065275
0.25,0.0,0.24,2.1608744454481226
0.24,0.0,0.25,2.36144800450795
0.23,0.0,0.24,2.564158139836315
0.25,0.0,0.23,2.750353695001256
0.25,0.0,0.25,2.971567441802822
0.25,0.0,0.25,3.178076509323757
0.25,0.0,0.25,3.391413134032808
0.24,0.0,0.25,3.5844496624380526
0.25,0.0,0.24,3.769659340610855
0.25,0.0,0.25,3.9759784801884615
0.24,0.0,0.25,4.1595254115550855
0.23,0.0,0.24,4.33587417939449
0.25,0.0,0.23,4.509631044341851
0.25,0.0,0.25,4.708026445426284
0.46,0.0,0.25,4.851714014655877
2.26,0.0,0.46,5.22976533984162
4.59,0.0,2.26,7.16731577462519
11.31,0.0,4.59,9.585545186359198
28.380000000000003,5.7632976,11.31,16.431201298815477
41.3,17.760845,28.380000000000003,33.410847270881895
49.97,31.318453,41.3,46.76341963624928
57.49,41.985138,49.97,55.81354356075882
64.44,50.538998,57.49,63.067393243593415
70.79,56.44013,64.44,69.59368916359519
76.48,61.115856,70.79,75.4678258367556
81.33,65.9191,76.48,80.3520871819187
82.57,70.339165,81.33,84.48176512792953
69.35,68.17246,82.57,85.16813657655844
59.78,69.7801,69.35,72.29312788127693
79.13,63.976128,59.78,60.690330800544565
76.32,66.897255,79.13,78.571313355528
73.73,67.25877,76.32,75.46036205125819
60.71,66.35648,73.73,72.8037998932411
72.4,59.432022,60.71,58.79414357473757
72.59,57.833435,72.4,69.71634522523793
71.94,55.033527,72.59,69.82547416323408
68.07,51.295643,71.94,68.33193870643547
68.03,46.812508,68.07,63.89141090015117
69.99,42.365467,68.03,63.27524128596302
71.07,39.731236,69.99,65.21787323705449
73.36,38.435852,71.07,66.19686638147897
67.66,37.851288,73.36,68.61386201821793
56.8,33.61076,67.66,62.460929583213556
50.54,27.375748,56.8,51.700687129156826
47.72,22.048403,50.54,45.08968155207572
39.18,18.436913,47.72,42.27183747940886
29.72,12.9503565,39.18,33.62628466800022
16.14,7.498445,29.72,24.236349057011136
7.08,0.43128282,16.14,10.77171167733082
3.88,0.0,7.08,1.9448908128861697
1.28,0.0,3.88,-1.0489573159230525
0.22,0.0,1.28,-3.345089141922532
0.31,0.0,0.22,-3.986920212605134
0.27,0.0,0.31,-3.669545705313849
0.25,0.0,0.27,-2.890253789074478
0.24,0.0,0.25,-2.3136051411686918
0.24,0.0,0.24,-2.0402380651706395
0.24,0.0,0.24,-1.9568422926462516
0.23,0.0,0.24,-1.5149948471631862
0.22,0.0,0.23,-1.2334811099814902
0.22,0.0,0.22,-0.8436624711117919
0.21,0.0,0.22,-0.5845547838546055
0.23,0.0,0.21,-0.3474171596038643
0.22,0.0,0.23,-0.16694121021654518
0.23,0.0,0.22,-0.042729504536195215
0.23,0.0,0.23,0.08967099280640489
0.23,0.0,0.23,0.27734495503861367
0.23,0.0,0.23,0.3134404184577103
0.23,0.0,0.23,0.3620431350467745
0.23,0.0,0.23,0.43408635651172933
0.23,0.0,0.23,-0.40436920320217784
0.23,0.0,0.23,-0.3917321670622692
0.23,0.0,0.23,-0.4378242126900144
0.24,0.0,0.23,-0.48018944786992257
0.23,0.0,0.24,-0.37872439558832294
0.23,0.0,0.23,-0.38878353649450736
0.24,0.0,0.23,-0.3709996877867611
0.23,0.0,0.24,-0.3201223925311175
0.24,0.0,0.23,-0.1878975198789952
0.24,0.0,0.24,-0.10347572921585682
0.24,0.0,0.24,-0.0356042436185694
0.23,0.0,0.24,0.04022424814515108
0.23,0.0,0.23,0.2025227558412937
0.23,0.0,0.23,0.310593654711143
0.24,0.0,0.23,0.43292577963617246
0.24,0.0,0.24,0.565038932025152
0.23,0.0,0.24,0.7623297197169876
0.24,0.0,0.23,0.9083614793347281
0.25,0.0,0.24,1.0749732493980069
0.24,0.0,0.25,1.2651005336420218
0.24,0.0,0.24,1.4561965972381075
0.24,0.0,0.24,1.629823112486321
0.24,0.0,0.24,1.8109552272085545
0.25,0.0,0.24,2.004915722214617
0.25,0.0,0.25,2.222625969499284
0.25,0.0,0.25,2.416124597316699
0.24,0.0,0.25,2.6192449022823987
0.24,0.0,0.24,2.812224402549494
0.24,0.0,0.24,3.0093151122469997
0.24,0.0,0.24,3.216448636508235
0.25,0.0,0.24,3.4116569871616265
0.23,0.0,0.25,3.62030783560697
0.24,0.0,0.23,3.778320256241182
0.24,0.0,0.24,3.9807533764788587
0.23,0.0,0.24,4.162378606031115
0.17,0.0,0.23,4.335652841612893
1.07,0.0,0.17,4.42240918060314
3.99,0.0,1.07,5.481013640572305
6.39,0.0,3.99,8.572433100777427
8.15,0.8124526,6.39,11.230578388136932
11.79,5.0322747,8.15,13.210231776736753
17.11,8.530409,11.79,16.984926242490282
17.88,12.616769,17.11,22.457120355831517
19.1,15.125581,17.88,23.475233131414132
23.9,17.931257,19.1,24.67057069373816
29.75,20.558767,23.9,29.297335277771083
36.02,24.09283,29.75,35.200625631670285
39.39,28.706133,36.02,41.5960419690369
36.73,33.563152,39.39,44.93648744110381
33.7,34.99966,36.73,42.25165400346251
40.06,33.525764,33.7,38.844685740421
52.49,34.41683,40.06,44.58200551743935
55.7,40.27282,52.49,56.70464990409162
56.78,45.60915,55.7,60.12840468802207
49.519999999999996,49.02791,56.78,61.06672640863339
49.92,46.34159,49.519999999999996,53.45522629647761
65.17,43.56488,49.92,53.28078678943944
68.78,47.372852,65.17,67.69175767000702
71.6,51.33395,68.78,71.17051217850113
64.04,54.91606,71.6,73.98104064246657
54.95,51.39344,64.04,65.833658941493
61.41,43.806553,54.95,56.35774208905539
64.04,41.243126,61.41,62.02686457968915
51.99,40.702717,64.04,63.82580565767776
39.7,34.485035,51.99,51.630765133783676
66.56,25.811033,39.7,38.65080029076137
64.55,30.775866,66.56,64.56418783023666
60.93,32.340534,64.55,63.48664499919385
52.32,32.131237,60.93,60.36791700242118
47.3,26.378527,52.32,50.43162071112427
40.5,21.60304,47.3,44.90135539532321
28.96,16.57546,40.5,37.95915019958718
29.86,9.158421,28.96,25.60300469319769
11.880000000000003,6.105687,29.86,26.258666114559997
6.16,0.0,11.880000000000003,8.044236756209523
3.64,0.0,6.16,2.224232330621386
1.13,0.0,3.64,-0.2928530955313352
0.23,0.0,1.13,-2.2498339302270387
0.26,0.0,0.23,-3.3412472982747787
0.24,0.0,0.26,-3.3630127850225144
0.24,0.0,0.24,-2.6883153193820486
0.24,0.0,0.24,-2.1769231469129866
0.24,0.0,0.24,-1.9179640338679493
0.24,0.0,0.24,-1.627526212523063
0.23,0.0,0.24,-1.254630142755007
0.22,0.0,0.23,-1.3260418066478294
0.23,0.0,0.22,-0.8366030473989812
0.22,0.0,0.23,-0.6199535781686993
0.22,0.0,0.22,-0.5086429561702465
0.22,0.0,0.22,-0.5122477240505898
0.22,0.0,0.22,-0.26269409776858593
0.22,0.0,0.22,-0.1774359009675402
0.22,0.0,0.22,0.0036486418955149202
0.23,0.0,0.22,0.03746268874666635
0.23,0.0,0.23,0.1018580121831188
0.23,0.0,0.23,0.1380139735742057
0.22,0.0,0.23,-0.26528466525763417
0.23,0.0,0.22,-0.21288106962289832
0.24,0.0,0.23,-0.28534462737830646
0.24,0.0,0.24,-0.29565917547499687
0.23,0.0,0.24,-0.19958470161849423
0.23,0.0,0.23,-0.20726502415685333
0.24,0.0,0.23,-0.19040818291632497
0.23,0.0,0.24,-0.13853989083032098
0.24,0.0,0.23,-0.010326102762685425
0.25,0.0,0.24,0.06524377832922298
0.23,0.0,0.25,0.15050094849435466
0.22,0.0,0.23,0.21993097579630339
0.23,0.0,0.22,0.3845523674021559
0.23,0.0,0.23,0.5052365090344245
0.24,0.0,0.23,0.626099007350849
0.22,0.0,0.24,0.7687118080224827
0.24,0.0,0.22,0.950998278403394
0.24,0.0,0.24,1.1150929146307351
0.25,0.0,0.24,1.2729426159738189
0.23,0.0,0.25,1.4515986457600212
0.23,0.0,0.23,1.6412011030028848
0.24,0.0,0.23,1.8196796545584109
0.24,0.0,0.24,2.005132076534536
0.24,0.0,0.24,2.2018015357021694
0.24,0.0,0.24,2.4080644116115764
0.23,0.0,0.24,2.601173828982388
0.22,0.0,0.23,2.792049170399356
0.23,0.0,0.22,2.9843343987545605
0.23,0.0,0.23,3.1959638666958066
0.23,0.0,0.23,3.3981014686314053
0.24,0.0,0.23,3.5983736063722827
0.24,0.0,0.24,3.806315355395188
0.24,0.0,0.24,3.9850161791727077
0.24,0.0,0.24,4.171154370808685
0.23,0.0,0.24,4.364827556830241
0.24,0.0,0.23,4.537833947533417
0.48,0.0,0.24,4.681174680230765
3.77,0.0,0.48,5.090304601334141
6.02,0.0,3.77,8.526203972166533
8.62,0.83969766,6.02,11.04515158266102
11.77,5.4755335,8.62,13.88911339630666
17.2,8.67921,11.77,17.194619558879133
31.9,12.417809,17.2,22.766683762091546
40.35,21.159235,31.9,37.625181862100085
61.95,31.97432,40.35,46.46941882316744
66.44,46.213142,61.95,68.34373133213369
58.87,56.590828,66.44,73.22572764313989
72.46,59.223392,58.87,65.80588506550619
70.18,64.94029,72.46,78.2584934477449
68.84,66.764595,70.18,75.3514385195049
70.58,67.725655,68.84,73.86237828374166
67.93,68.047554,70.58,74.3492455952183
64.57,66.90459,67.93,71.18885188209889
61.61,63.50472,64.57,67.78536472386627
59.35,60.086338,61.61,63.90869635288475
59.51,56.64718,59.35,60.99684163032962
60.57,53.108543,59.51,60.66429244014829
60.28,50.728127,60.57,60.91940933641754
66.19,47.586685,60.28,60.44567013351606
69.5,47.094658,66.19,66.34036942260751
69.97,46.734066,69.5,69.25864543962825
71.38,46.069427,69.97,69.771538048992
72.12,45.128178,71.38,70.83414958909006
71.91,43.920322,72.12,71.08914854446661
73.9,40.79172,71.91,70.64716341943696
71.11,39.707985,73.9,72.17371588504702
65.42,37.72163,71.11,69.09925911120716
52.34,34.345547,65.42,63.22629658004813
45.39,26.539331,52.34,49.148676106787825
39.09,19.958094,45.39,42.06487257860425
32.22,15.05366,39.09,35.312951835835484
23.4,8.882816,32.22,28.075003054347434
11.36,4.1014423,23.4,19.195200982066762
5.55,0.0,11.36,7.068786022966863
2.94,0.0,5.55,1.2287786962156855
0.47,0.0,2.94,-1.3641288263765778
0.25,0.0,0.47,-3.5811433845864524
0.29,0.0,0.25,-3.5941666610293517
0.26,0.0,0.29,-3.2197095706968977
0.21,0.0,0.26,-2.6496695059650888
0.21,0.0,0.21,-2.1886093884656135
0.2,0.0,0.21,-1.935744739143426
0.2,0.0,0.2,-1.710822988133383
0.19,0.0,0.2,-1.3835118371556847
0.2,0.0,0.19,-1.1075042124285035
0.19,0.0,0.2,-0.7536239964560865
0.19,0.0,0.19,-0.534863829626776
0.19,0.0,0.19,-0.2780217092255943
0.19,0.0,0.19,-0.1208918393543855
0.18,0.0,0.19,0.007350972634424802
0.19,0.0,0.18,0.10100166147123585
0.2,0.0,0.19,0.2910940599105805
0.19,0.0,0.2,0.30890468489631323
0.19,0.0,0.19,0.33236286855470065
0.2,0.0,0.19,0.3534002449774358
0.19,0.0,0.2,-0.0758659725127585
0.19,0.0,0.19,-0.09460520672639992
0.19,0.0,0.19,-0.1491783940255636
0.19,0.0,0.19,-0.17598307601299967
0.19,0.0,0.19,-0.08691865122652527
0.2,0.0,0.19,-0.08902625028578477
0.18,0.0,0.2,-0.05169027578336399
0.2,0.0,0.18,-0.028033314022177305
0.19,0.0,0.2,0.1285707200274805
0.19,0.0,0.19,0.18301525643027416
0.2,0.0,0.19,0.262828548933518
0.21,0.0,0.2,0.367895910943083
0.24,0.0,0.21,0.5518450773881037
0.24,0.0,0.24,0.6978958776980964
0.25,0.0,0.24,0.8193550295243696
0.25,0.0,0.25,0.9643031282825645
0.24,0.0,0.25,1.1498578498759247
0.25,0.0,0.24,1.2939665120892614
0.23,0.0,0.25,1.4651640638129997
0.24,0.0,0.23,1.6142485294573778
0.24,0.0,0.24,1.8272613030669995
0.25,0.0,0.24,2.008628580661166
0.24,0.0,0.25,2.199806723964082
0.25,0.0,0.24,2.379160037183756
0.24,0.0,0.25,2.601281503075459
0.24,0.0,0.24,2.7838331791703737
0.24,0.0,0.24,2.982975884471875
0.24,0.0,0.24,3.1826840446514386
0.25,0.0,0.24,3.3832298963192975
0.23,0.0,0.25,3.5932915921281072
0.24,0.0,0.23,3.770427778019215
0.24,0.0,0.24,3.9788542570708323
0.25,0.0,0.24,4.154918725779399
0.24,0.0,0.25,4.354104824345295
0.24,0.0,0.24,4.52604176705463
0.25,0.0,0.24,4.702674412967749
0.19,0.0,0.25,4.858978924316006
2.0,0.0,0.19,4.966981123038355
4.58,0.0,2.0,6.927412357266733
8.36,0.0,4.58,9.707233951959381
18.94,2.9305549,8.36,13.697945655068061
32.85,9.706531,18.94,24.48840751146444
43.16,20.701189,32.85,38.78715337187926
51.57,32.642403,43.16,49.70553984905446
57.84,43.842873,51.57,58.3812146881696
63.91,51.360287,57.84,64.59049722626472
69.96,57.332916,63.91,70.45769647624918
75.35,62.72564,69.96,76.10255444363936
79.94,68.55771,75.35,80.98029846408038
84.23,73.13092,79.94,85.19170239839963
83.33,77.00095,84.23,89.03304349488451
77.54999999999998,78.31101,83.33,87.72492943042965
74.6,76.093475,77.54999999999998,81.32495611837264
72.8,72.97806,74.6,77.37750370409547
70.91,69.80039,72.8,74.57766066659211
67.8,66.10462,70.91,72.02492775306308
66.59,60.932602,67.8,68.30366465483704
65.98,56.55735,66.59,66.6125694726687
65.98,52.355362,65.98,65.66811882346357
65.33,48.96063,65.98,65.33321570989379
67.12,44.660122,65.33,64.31147994777413
68.45,42.467827,67.12,65.71533086907887
73.42,41.052086,68.45,66.74910656475129
75.96,41.701393,73.42,71.52254306575381
80.28,40.79128,75.96,74.04717091784137
74.14,41.945873,80.28,78.30083827590101
65.37,49.306908,74.14,69.64872772416602
65.94,43.26252,65.37,60.695598947677965
60.55,36.64302,65.94,60.878378498290274
53.98,31.07044,60.55,55.29468173262456
43.39,25.89641,53.98,48.82076555474113
38.51,20.378456,43.39,38.025818177509464
27.16,14.564961,38.51,33.186376271383054
11.57,8.04763,27.16,22.068723511095723
6.14,0.04271067,11.57,6.575261556674681
3.43,0.0,6.14,0.889868522994478
1.07,0.0,3.43,-1.7152937307380616
0.24,0.0,1.07,-3.5251285684332565
0.3,0.0,0.24,-3.833611951177723
0.25,0.0,0.3,-3.187634866289458
0.21,0.0,0.25,-2.6750308251074895
0.2,0.0,0.21,-2.373216211844186
0.2,0.0,0.2,-2.126745100405096
0.2,0.0,0.2,-1.7811976373935234
0.2,0.0,0.2,-1.5207498585264052
0.19,0.0,0.2,-1.1929927715494408
0.19,0.0,0.19,-0.7544467207045081
0.19,0.0,0.19,-0.5138755386683018
0.19,0.0,0.19,-0.23407554603519592
0.19,0.0,0.19,-0.02922677901086832
0.19,0.0,0.19,0.0753644510183114
0.19,0.0,0.19,0.12725975183558128
0.2,0.0,0.19,0.34236356086043035
0.19,0.0,0.2,0.42988845371147566
0.19,0.0,0.19,0.48201097832380047
0.19,0.0,0.19,0.502179485267497
0.19,0.0,0.19,-0.2670935045975664
0.19,0.0,0.19,-0.2744632002401584
0.19,0.0,0.19,-0.34369374926220525
0.19,0.0,0.19,-0.36814962131735823
0.19,0.0,0.19,-0.2740782985487133
0.19,0.0,0.19,-0.2590806937947477
0.2,0.0,0.19,-0.23139629565099296
0.21,0.0,0.2,-0.18140134858650056
0.22,0.0,0.21,-0.0305556975244501
0.24,0.0,0.22,0.043711589643960665
0.24,0.0,0.24,0.14330836690974344
0.24,0.0,0.24,0.23013656102096497
0.24,0.0,0.24,0.4047025123445052
0.24,0.0,0.24,0.5196693675158339
0.24,0.0,0.24,0.6438710858600966
0.24,0.0,0.24,0.776787375237104
0.24,0.0,0.24,0.9747323007905839
0.25,0.0,0.24,1.1262753143535602
0.24,0.0,0.25,1.295546293774699
0.23,0.0,0.24,1.4509534291726534
0.24,0.0,0.23,1.6434351625365995
0.25,0.0,0.24,1.832183612569531
0.24,0.0,0.25,2.0233488642532924
0.24,0.0,0.24,2.2037748030258704
0.24,0.0,0.24,2.41240615940867
0.24,0.0,0.24,2.6072712702246026
0.23,0.0,0.24,2.808691918633143
0.23,0.0,0.23,3.0008993962164885
0.23,0.0,0.23,3.199592304154005
0.24,0.0,0.23,3.3993844870705723
0.25,0.0,0.24,3.612115312975584
0.24,0.0,0.25,3.8197340370598125
0.24,0.0,0.24,3.9863518496781842
0.25,0.0,0.24,4.179138673391867
0.24,0.0,0.25,4.3718482149471996
0.25,0.0,0.24,4.53924588867333
0.17,0.0,0.25,4.692521944049169
1.73,0.0,0.17,4.779814095164932
4.16,0.0,1.73,6.489349663224048
7.54,0.0,4.16,9.04557150284421
17.47,2.3659685,7.54,12.496499047163764
32.95,10.353973,17.47,22.414725382180418
43.39,22.31258,32.95,38.036188761867855
51.12,34.480194,43.39,48.911535473473286
57.58,45.157345,51.12,56.764221095095145
61.83,52.513992,57.58,62.89444695656164
68.15,57.13394,61.83,66.71123763464557
63.71,61.700333,68.15,72.38440389647971
51.74,63.045803,63.71,67.21913165601133
54.84,53.98974,51.74,54.488769442046625
60.84,57.313316,54.84,56.732521626280395
64.4,58.613625,60.84,61.53006971259284
75.19,59.6088,64.4,65.0327808593926
74.63,63.123783,75.19,75.3567163169121
72.07,63.527065,74.63,74.51454772363725
62.52,61.78128,72.07,71.8306268495742
60.97,55.984726,62.52,61.33764158733577
59.03,52.166965,60.97,58.75068449485476
58.06,48.204647,59.03,56.1316755924731
57.27,45.925415,58.06,54.50651521656444
56.78,42.532932,57.27,53.59205896496859
58.35,40.045578,56.78,53.21073914270836
59.27,38.56178,58.35,54.75973876157757
60.06,37.624104,59.27,55.407071176905255
60.17,35.620506,60.06,56.07856939344824
66.9,34.52037,60.17,55.8333411318756
56.61,35.451595,66.9,62.51311004973072
44.13,31.972843,56.61,52.54476048475068
63.52,21.140505,44.13,40.90688799726277
47.76,24.423077,63.52,59.45065650960533
27.38,23.5742,47.76,43.63185763235886
17.07,14.659961,27.38,24.22358032136914
8.68,4.680676,17.07,12.844531237412964
5.08,0.0,8.68,4.192664925833491
4.92,0.0,5.08,1.0732682395329973
4.69,0.0,4.92,0.4798452141094822
2.57,0.0,4.69,0.8444356433928437
0.53,0.0,2.57,-0.3999323339497135
0.36,0.0,0.53,-2.211128400729164
0.23,0.0,0.36,-1.9080406454721817
0.22,0.0,0.23,-1.625274186562054
0.21,0.0,0.22,-2.06103445042505
0.22,0.0,0.21,-1.6790831632775212
0.21,0.0,0.22,-1.1127698679152311
0.2,0.0,0.21,-0.7191808645176734
0.21,0.0,0.2,-0.5130396083536646
0.19,0.0,0.21,-0.38134251113546846
0.2,0.0,0.19,-0.35445179666969706
0.2,0.0,0.2,-0.19614365191493732
0.2,0.0,0.2,-0.09480552370811877
0.2,0.0,0.2,0.07703336261300854
0.2,0.0,0.2,0.09060118983421787
0.21,0.0,0.2,0.16770752950010184
0.2,0.0,0.21,0.3931095519761223
0.2,0.0,0.2,0.3730224392267786
0.21,0.0,0.2,0.2812489327173461
0.2,0.0,0.21,-0.49058145106019413
0.2,0.0,0.2,-0.5667358624757729
0.21,0.0,0.2,-0.5885240213140052
0.2,0.0,0.21,-0.5783825917008543
0.2,0.0,0.2,-0.4847443281150801
0.19,0.0,0.2,-0.4775180827508249
0.2,0.0,0.19,-0.4651845876189511
0.22,0.0,0.2,-0.4178675014309309
0.24,0.0,0.22,-0.2626096187726006
0.24,0.0,0.24,-0.16923432992671678
0.24,0.0,0.24,-0.09364207469777314
0.23,0.0,0.24,-0.002104599332392147
0.24,0.0,0.23,0.1531712802954333
0.25,0.0,0.24,0.2724218324817187
0.25,0.0,0.25,0.40258579491758023
0.25,0.0,0.25,0.5364024637768509
0.24,0.0,0.25,0.7286525923362106
0.24,0.0,0.24,0.8707860192420929
0.24,0.0,0.24,1.0290933596004768
0.24,0.0,0.24,1.1848164461983692
0.24,0.0,0.24,1.3928151811876528
0.25,0.0,0.24,1.5693223573736153
0.24,0.0,0.25,1.7643578893231984
0.24,0.0,0.24,1.9450142877181262
0.24,0.0,0.24,2.1502241477785073
0.24,0.0,0.24,2.343242370062353
0.25,0.0,0.24,2.5442769928806626
0.24,0.0,0.25,2.7527080241966084
0.25,0.0,0.24,2.949097388177547
0.25,0.0,0.25,3.1654202612768936
0.25,0.0,0.25,3.3668630592568234
0.24,0.0,0.25,3.573044151568465
0.24,0.0,0.24,3.7439455616763593
0.24,0.0,0.24,3.9381392494598377
0.24,0.0,0.24,4.125567413002678
0.25,0.0,0.24,4.305781691017476
0.19,0.0,0.25,4.45467505579888
1.51,0.0,0.19,4.554125133287824
2.8,0.0,1.51,6.020590850066796
4.91,0.0,2.8,7.427234172822562
7.63,0.0,4.91,9.662052616343528
10.42,1.5172927,7.63,12.49009968255175
13.47,4.873193,10.42,15.388384699747936
18.0,8.281618,13.47,18.523323523743784
27.4,12.964045,18.0,23.024052643723884
31.57,19.633432,27.4,32.37719613742096
46.29,26.532673,31.57,36.46915478625088
63.0,34.915874,46.29,51.25699055420133
47.16,49.466652,63.0,67.42195692956511
58.81,48.290142,47.16,52.046330070271935
62.85,51.396057,58.81,63.34822725112411
61.17,55.57249,62.85,65.84949906495144
59.19,59.15281,61.17,63.40114324439184
62.69,57.528812,59.19,60.58882799749224
58.94,57.42855,62.69,62.922827025055504
54.58,54.70297,58.94,59.158718374859895
53.11,51.081177,54.58,54.07583446916076
54.04,47.863304,53.11,51.76401035900602
60.06,45.3755,54.04,52.2689560166006
58.34,44.496544,60.06,58.01543410734468
51.86,42.992725,58.34,55.75225421574244
53.84,40.082558,51.86,49.45132211274091
58.77,38.501923,53.84,50.57558532236641
72.29,36.757454,58.77,55.293248361973106
74.62,38.86582,72.29,68.99640742841603
66.23,41.250755,74.62,71.60796488604602
63.39,38.697624,66.23,63.49786330073409
59.59,35.1696,63.39,60.11908162346364
56.79,28.578993,59.59,56.02557328235916
50.87,26.199774,56.79,52.75015267422348
38.49,22.763805,50.87,46.32384524188877
13.68,17.47514,38.49,33.724287729748625
13.14,4.007045,13.68,9.486752844837929
12.55,0.0,13.14,8.567971459915183
6.91,0.0,12.55,7.629788275458064
1.47,0.0,6.91,2.3384563125616493
0.2,0.0,1.47,-2.7523734511883307
0.3,0.0,0.2,-3.907660587407884
0.26,0.0,0.3,-2.886494946489212
0.22,0.0,0.26,-2.7601097333663227
0.22,0.0,0.22,-2.5865826071918474
0.22,0.0,0.22,-2.3689037206935786
0.23,0.0,0.22,-2.0723848466921626
0.22,0.0,0.23,-1.6836579234476439
0.21,0.0,0.22,-1.0155856353248969
0.21,0.0,0.21,-1.0446360073739955
0.21,0.0,0.21,-1.0064580068199322
0.21,0.0,0.21,-0.8107670332233768
0.21,0.0,0.21,-0.4285655725741446
0.21,0.0,0.21,-0.2783826796830407
0.21,0.0,0.21,-0.24185178368058335
0.2,0.0,0.21,-0.1694538168338452
0.21,0.0,0.2,-0.0024757632823205894
0.21,0.0,0.21,0.07212788471234459
0.2,0.0,0.21,0.12907562395102293
0.21,0.0,0.2,0.11245641933600857
0.21,0.0,0.21,-0.34236734995909207
0.2,0.0,0.21,-0.33144437516374253
0.21,0.0,0.2,-0.33228747098855066
0.21,0.0,0.21,-0.34041906964037644
0.21,0.0,0.21,-0.27303695785745624
0.21,0.0,0.21,-0.2659183358640467
0.2,0.0,0.21,-0.2378314583325417
0.2,0.0,0.2,-0.20943644451572638
0.2,0.0,0.2,-0.074258926764674
0.21,0.0,0.2,-0.010341578621417338
0.23,0.0,0.21,0.07334297755746674
0.24,0.0,0.23,0.17894682084828223
0.24,0.0,0.24,0.35955447548201885
0.24,0.0,0.24,0.4642945554930408
0.23,0.0,0.24,0.5967920804017623
0.26,0.0,0.23,0.7136997154012293
0.24,0.0,0.26,0.9396911942402054
0.24,0.0,0.24,1.0674127263510826
0.25,0.0,0.24,1.21838096187255
0.25,0.0,0.25,1.399257920666449
0.25,0.0,0.25,1.6013953359471935
0.25,0.0,0.25,1.7792164010117857
0.25,0.0,0.25,1.953093155731486
0.25,0.0,0.25,2.1393613483412066
0.25,0.0,0.25,2.339341786086784
0.25,0.0,0.25,2.5387903858474634
0.26,0.0,0.25,2.7261357601902323
0.25,0.0,0.26,2.9360767953859095
0.25,0.0,0.25,3.118071659122527
0.24,0.0,0.25,3.3240030803438403
0.25,0.0,0.24,3.499432559197304
0.26,0.0,0.25,3.704341424564342
0.25,0.0,0.26,3.89403995226516
0.24,0.0,0.25,4.08243909518994
0.25,0.0,0.24,4.247405986981771
0.24,0.0,0.25,4.432376499715708
0.25,0.0,0.24,4.575260658599178
0.2,0.0,0.25,4.756429094029193
1.58,0.0,0.2,4.881533807446689
3.82,0.0,1.58,6.392563342382049
5.82,0.6230438,3.82,8.709724781761999
12.23,3.7166827,5.82,10.865291102747001
20.39,8.065583,12.23,17.37151068983671
14.25,15.040128,20.39,25.59252645662179
15.42,17.895784,14.25,19.81408539245578
30.26,17.570963,15.42,20.840336735457928
52.08,22.7392,30.26,35.13404444584238
60.78,37.537304,52.08,56.842507987935846
58.23,51.39617,60.78,65.50644910312238
61.33,52.31647,58.23,63.036241690252965
73.4,56.6147,61.33,65.82281624071274
77.03,62.646717,73.4,76.30339625731087
93.92,63.925877,77.03,79.94874750753186
96.23,72.45006,93.92,95.53076235123163
98.68,75.35699,96.23,97.53391118126427
98.27,76.72759,98.68,99.78228746060786
96.54,75.085236,98.27,98.72392227235245
92.0,72.37466,96.54,96.07085971339373
84.62,68.385124,92.0,90.55550614882281
78.18,63.851307,84.62,81.69079831530408
83.09,55.874153,78.18,74.70590371407886
86.65,54.180115,83.09,78.84359919581514
79.69,53.784786,86.65,82.0818808617154
84.35,50.996628,79.69,75.07667449929994
80.82,49.116756,84.35,79.1637578937236
74.64,45.656673,80.82,74.98600103032463
66.4,41.963257,74.64,68.7181522507399
70.38,36.06582,66.4,59.99149071568981
59.39,32.58636,70.38,63.2777206356497
41.11,27.483345,59.39,52.3293170433091
41.16,19.153473,41.11,34.16495629486611
24.66,14.770238,41.16,34.13590052734941
15.08,7.449839,24.66,17.574750330713258
13.1,0.0,15.08,8.624010948358178
8.83,0.0,13.1,6.1315789572923505
4.11,0.0,8.83,2.36719097999289
1.01,0.0,4.11,-1.4519622032388528
0.28,0.0,1.01,-4.179968173414165
0.29,0.0,0.28,-4.165760963835482
0.25,0.0,0.29,-3.511931161138203
0.22,0.0,0.25,-3.320211460806673
0.21,0.0,0.22,-2.813645626519711
0.21,0.0,0.21,-2.161214201232932
0.21,0.0,0.21,-2.0264348106926167
0.2,0.0,0.21,-1.4864479721385941
0.2,0.0,0.2,-1.1513252591650691
0.2,0.0,0.2,-0.9714386945733783
0.2,0.0,0.2,-0.7995738934780462
0.21,0.0,0.2,-0.43386465399905927
0.2,0.0,0.21,-0.2432417564558912
0.2,0.0,0.2,-0.15901082454215315
0.2,0.0,0.2,-0.10337156170004524
0.21,0.0,0.2,0.14320323164330573
0.2,0.0,0.21,0.192410282803773
0.21,0.0,0.2,0.13835948421435434
0.2,0.0,0.21,0.2127653292644828
0.2,0.0,0.2,-0.3735071595420225
0.2,0.0,0.2,-0.4196732534192801
0.2,0.0,0.2,-0.411582516272097
0.2,0.0,0.2,-0.42038075316180834
0.2,0.0,0.2,-0.3280792980068547
0.2,0.0,0.2,-0.3301413894500893
0.2,0.0,0.2,-0.30171515254240505
0.22,0.0,0.2,-0.27129501502353326
0.24,0.0,0.22,-0.11659111305390053
0.25,0.0,0.24,-0.02290466682168979
0.23,0.0,0.25,0.06812945143826618
0.25,0.0,0.23,0.14230470123224884
0.24,0.0,0.25,0.34208168633661395
0.24,0.0,0.24,0.4452789197361649
0.25,0.0,0.24,0.5636948529292509
0.25,0.0,0.25,0.7036234968638517
0.25,0.0,0.25,0.9004069195269864
0.25,0.0,0.25,1.054307688947561
0.26,0.0,0.25,1.2205559664979222
0.25,0.0,0.26,1.404757140024116
0.26,0.0,0.25,1.6046362770365734
0.26,0.0,0.26,1.789889878164438
0.25,0.0,0.26,1.9757736407842752
0.25,0.0,0.25,2.156470697214844
0.25,0.0,0.25,2.366476585581452
0.25,0.0,0.25,2.5648733813285753
0.24,0.0,0.25,2.765638829737372
0.24,0.0,0.24,2.963140000556155
0.24,0.0,0.24,3.163223507806442
0.24,0.0,0.24,3.3658657636292126
0.24,0.0,0.24,3.557634371345268
0.25,0.0,0.24,3.761781697267712
0.24,0.0,0.25,3.9605516603689987
0.25,0.0,0.24,4.135433640848795
0.26,0.0,0.25,4.336370258073187
0.27,0.0,0.26,4.525127070164346
0.13,0.0,0.27,4.681541314806541
1.15,0.0,0.13,4.705806933581185
3.52,0.0,1.15,5.877666812147556
6.42,0.0,3.52,8.373543969567109
12.99,3.20055,6.42,11.354376289368682
27.48,8.746517,12.99,17.951695472630963
41.46,18.754553,27.48,32.48642845925391
50.76,31.740011,41.46,46.806620812125765
58.04,43.74225,50.76,56.41457829002863
64.38,51.973732,58.04,63.57804409378062
70.74,57.68853,64.38,69.50318642362289
76.54,62.50058,70.74,75.34403409019929
81.45,67.55547,76.54,80.3894145352258
85.82,65.937996,81.45,84.6745780982678
89.81,76.21595,85.82,88.53823848596629
91.93,78.60916,89.81,91.70951006197127
88.37,78.9135,91.93,93.17691088339569
97.29,76.98898,88.37,88.9064146093082
97.01,78.35393,97.29,96.65215003550126
88.43,76.723175,97.01,95.6226798425329
92.38,71.22583,88.43,86.64627034204614
91.05,68.86412,92.38,89.43131480533481
85.05,65.615654,91.05,87.37672198036836
95.55,61.693153,85.05,81.18263890573822
96.85,61.06202,95.55,90.63105577680118
85.05,60.00125,96.85,91.63166441709973
83.79,55.567513,85.05,80.12742057931224
90.25999999999999,52.187412,83.79,77.83102312587435
85.87,50.300827,90.25999999999999,83.39708224343904
78.92,47.070244,85.87,79.50586544945826
73.69,43.9377,78.92,72.02119863353515
44.03,39.000298,73.69,66.35480006777979
10.24,24.357498,44.03,37.15060514410577
8.49,4.5702386,10.24,3.8998853797675292
10.53,0.0,8.49,0.8127276647253501
17.22,0.0,10.53,2.843827159099898
5.51,0.0,17.22,10.312787717662834
4.83,0.0,5.51,-0.5363123581021395
4.29,0.0,4.83,-0.03639199165994811
3.17,0.0,4.29,0.12044366382328864
0.55,0.0,3.17,-0.9000457197363233
0.3,0.0,0.55,-3.239104352498012
0.22,0.0,0.3,-3.364543069022585
0.21,0.0,0.22,-2.9156694744520957
0.2,0.0,0.21,-2.030767616252611
0.2,0.0,0.2,-1.0597679476244213
0.21,0.0,0.2,-0.8860410896296309
0.2,0.0,0.21,-0.7965359430067303
0.2,0.0,0.2,-0.6788542156245638
0.2,0.0,0.2,-0.23821506937236497
0.2,0.0,0.2,-0.1779720638751446
0.19,0.0,0.2,-0.05572033949954987
0.2,0.0,0.19,0.233625674954159
0.2,0.0,0.2,0.42272452664775256
0.2,0.0,0.2,0.5227584807542833
0.2,0.0,0.2,0.6203797565888864
0.2,0.0,0.2,0.6018414128388703
0.2,0.0,0.2,0.3634002209955744
0.19,0.0,0.2,0.31030544838559515
0.2,0.0,0.19,0.2848351820732726
0.2,0.0,0.2,-0.8122954806233165
0.2,0.0,0.2,-0.8939647472731935
0.2,0.0,0.2,-0.910579157388184
0.2,0.0,0.2,-0.9103998925154928
0.19,0.0,0.2,-0.8098239484429665
0.2,0.0,0.19,-0.8219259350614286
0.21,0.0,0.2,-0.7929831985414726
0.25,0.0,0.21,-0.741757976497523
0.24,0.0,0.25,-0.564014110843173
0.25,0.0,0.24,-0.5122829887690388
0.24,0.0,0.25,-0.4300334067099817
0.25,0.0,0.24,-0.3553964735412397
0.24,0.0,0.25,-0.1777346981227837
0.24,0.0,0.24,-0.07098359105661231
0.24,0.0,0.24,0.051290130940928255
0.24,0.0,0.24,0.1762758998568691
0.24,0.0,0.24,0.36662690114018953
0.24,0.0,0.24,0.5200760439944067
0.24,0.0,0.24,0.6744948439282024
0.23,0.0,0.24,0.8450473786598336
0.25,0.0,0.23,1.044335684553233
0.24,0.0,0.25,1.24391856954591
0.25,0.0,0.24,1.416521493363409
0.24,0.0,0.25,1.6205716435635462
0.24,0.0,0.24,1.822774203012579
0.25,0.0,0.24,2.023582066116054
0.24,0.0,0.25,2.2332390418867187
0.25,0.0,0.24,2.423485731659691
0.24,0.0,0.25,2.6366704887730292
0.23,0.0,0.24,2.824218577755687
0.25,0.0,0.23,3.0136636235285397
0.25,0.0,0.25,3.232580516468454
0.25,0.0,0.25,3.416377983925599
0.24,0.0,0.25,3.6077781042414974
0.25,0.0,0.24,3.785123020109955
0.25,0.0,0.25,3.977572153746329
0.23,0.0,0.25,4.11954428825068
0.6,0.0,0.23,4.267943718865074
1.61,0.0,0.6,4.79796237771562
3.19,0.0,1.61,5.923245114269697
11.77,0.0,3.19,7.59016614157093
31.19,4.4517374,11.77,16.25470583548506
54.76,19.102226,31.19,35.485233862372795
65.26,39.56932,54.76,59.535917652438684
60.85,56.628944,65.26,70.60335585015797
17.78,62.14525,60.85,66.27815457443808
49.55,45.904457,17.78,22.66861961294821
35.35,42.24831,49.55,53.370654777903304
75.18,42.65519,35.35,37.526474188840155
72.78,55.027756,75.18,77.47086993929125
21.53,65.10556,72.78,74.52915752788527
51.54,51.06863,21.53,24.329553863484332
101.19,41.583046,51.54,54.80746872326898
102.04,65.33241,101.19,99.72672912941896
46.09,71.52634,102.04,103.5370199094163
52.53,56.40792,46.09,48.7150355337723
47.43,51.69033,52.53,50.68051058920096
29.06,43.38089,47.43,44.93907313648191
46.7,29.521069,29.06,28.470016191652608
69.52,28.611658,46.7,43.89322440884003
42.7,39.566612,69.52,66.16559149300237
34.62,38.113594,42.7,40.901697728460626
25.1,28.742947,34.62,33.01186272705446
30.87,16.267754,25.1,23.298418540774904
23.92,12.832577,30.87,28.537407837297582
23.94,11.967004,23.92,19.84660314984619
19.04,10.088888,23.94,19.611636072882554
14.64,5.3645453,19.04,16.76469359666929
17.26,2.7907584,14.64,12.481611706275503
13.51,2.0751643,17.26,15.378356387848545
11.83,0.8429516,13.51,11.50260377854243
8.61,0.045834325,11.83,9.92923173157655
8.59,0.0,8.61,5.834225191808255
4.8,0.0,8.59,6.854346558648314
3.15,0.0,4.8,3.381112366792834
0.35,0.0,3.15,1.6394523097591573
0.3,0.0,0.35,-1.1272705717570994
0.26,0.0,0.3,-0.5495802452443522
0.24,0.0,0.26,-0.375011402345547
0.23,0.0,0.24,-0.4938722000825679
0.22,0.0,0.23,-0.25401802762024867
0.23,0.0,0.22,-0.33845294466057174
0.23,0.0,0.23,-0.33792853934202094
0.22,0.0,0.23,-0.13882766992756196
0.22,0.0,0.22,0.10895351785777471
0.22,0.0,0.22,-0.05233501216202592
0.22,0.0,0.22,-0.04212501965218763
0.22,0.0,0.22,-0.015978264470427606
0.22,0.0,0.22,0.04196448439676693
0.22,0.0,0.22,-0.04089327322886641
0.22,0.0,0.22,-0.07768588442111551
0.22,0.0,0.22,-0.037224729493403816
0.22,0.0,0.22,-0.10352606216713599
0.22,0.0,0.22,-0.11200275398388533
0.22,0.0,0.22,-0.15294425076448986
0.22,0.0,0.22,-0.4536083571972688
0.22,0.0,0.22,-0.48706137127585125
0.22,0.0,0.22,-0.4774866479503427
0.24,0.0,0.22,-0.4858455671801004
0.24,0.0,0.24,-0.3731308296612132
0.24,0.0,0.24,-0.3708427881465912
0.25,0.0,0.24,-0.348011719983751
0.25,0.0,0.25,-0.3002867229062583
0.25,0.0,0.25,-0.1624245950232162
0.24,0.0,0.25,-0.09878317266836661
0.24,0.0,0.24,-0.043857417076551275
0.25,0.0,0.24,0.054873862334371
0.24,0.0,0.25,0.23838232128078896
0.25,0.0,0.24,0.3294614847178192
0.24,0.0,0.25,0.4504651656738596
0.24,0.0,0.24,0.5762062478606577
0.24,0.0,0.24,0.7650012462408112
0.25,0.0,0.24,0.926932604268371
0.25,0.0,0.25,1.0986500515181896
0.25,0.0,0.25,1.24926148675218
0.25,0.0,0.25,1.4623508592886985
0.24,0.0,0.25,1.6504990005666784
0.25,0.0,0.24,1.831663273403446
0.25,0.0,0.25,2.0244155568680022
0.25,0.0,0.25,2.2320863111842644
0.25,0.0,0.25,2.4288471721156384
0.25,0.0,0.25,2.6165829338812605
0.25,0.0,0.25,2.8116297350215333
0.25,0.0,0.25,3.007352179765828
0.25,0.0,0.25,3.2057123191974335
0.25,0.0,0.25,3.408907464144476
0.25,0.0,0.25,3.60418963011967
0.25,0.0,0.25,3.7874074278142245
0.25,0.0,0.25,3.9817977984307116
0.25,0.0,0.25,4.156410414483664
0.26,0.0,0.25,4.333875967876975
0.16,0.0,0.26,4.489605138721118
0.9,0.0,0.16,4.55764346895094
2.4,0.0,0.9,5.454999512130948
5.19,0.0,2.4,7.083446984683718
9.93,1.501041,5.19,9.972502745271777
23.02,6.9483647,9.93,14.725032048194107
42.17,16.052792,23.02,27.903566047719437
48.45,31.38656,42.17,47.1636104043873
70.11,43.323444,48.45,54.11002444181854
57.5,58.37746,70.11,75.51316976581744
70.66,60.96841,57.5,62.645641760161325
69.05,64.62175,70.66,75.46397126407203
72.86,65.42291,69.05,72.68217056617561
88.09,66.33722,72.86,76.01281675917386
93.76,74.87771,88.09,90.32503972417281
97.4,80.44608,93.76,95.13807399993661
94.56,82.38191,97.4,99.05760980247456
91.24,81.18968,94.56,95.39857949209878
88.76,78.70513,91.24,91.2184584914602
70.59,75.74924,88.76,87.55833444912362
60.0,66.094734,70.59,68.43526079657761
56.28,54.126694,60.0,57.14356429036209
55.97,47.08676,56.28,52.55311953436632
55.66,45.408955,55.97,51.31503580909597
55.61,43.15216,55.66,50.747156558274476
58.54,39.512657,55.61,50.84305042157379
66.05,37.852592,58.54,53.71937896402004
62.47,38.71363,66.05,61.29530854426263
48.11,35.776646,62.47,58.05249128594107
56.16,29.689291,48.11,43.58851642061591
44.69,27.278593,56.16,51.23524970345819
35.8,24.486286,44.69,39.22289520592419
22.61,16.705004,35.8,31.307423400432015
16.47,9.02693,22.61,18.093538403676547
13.3,3.2033648,16.47,11.752190066463324
10.84,0.0,13.3,9.048763082070538
7.71,0.0,10.84,6.534866098086624
5.58,0.0,7.71,3.9276631245730527
4.24,0.0,5.58,2.190539346243968
1.85,0.0,4.24,1.1648485174289234
0.28,0.0,1.85,-0.7459301658989694
0.28,0.0,0.28,-1.7534745540404568
0.25,0.0,0.28,-1.8136647998017814
0.25,0.0,0.25,-1.396027506735347
0.25,0.0,0.25,-1.0643714251509213
0.25,0.0,0.25,-0.751881174716092
0.25,0.0,0.25,-0.5622091206384838
0.25,0.0,0.25,-0.44209953799371215
0.23,0.0,0.25,-0.2928075528376649
0.23,0.0,0.23,-0.21909255408399386
0.23,0.0,0.23,-0.11692341047169763
0.24,0.0,0.23,0.01061907792953981
0.23,0.0,0.24,0.21092071852902475
0.23,0.0,0.23,0.18079382058211252
0.24,0.0,0.23,0.2813430555092038
0.24,0.0,0.24,0.2619199353967549
0.24,0.0,0.24,0.3295370673567571
0.24,0.0,0.24,0.24426075397046093
0.23,0.0,0.24,0.18423733888455202
0.23,0.0,0.23,0.13495001036040688
0.23,0.0,0.23,-0.32152487657629014
0.23,0.0,0.23,-0.3505898281295484
0.24,0.0,0.23,-0.37105779431649416
0.24,0.0,0.24,-0.36876478673397395
0.24,0.0,0.24,-0.28266634981695155
0.25,0.0,0.24,-0.2739199284092143
0.24,0.0,0.25,-0.23885699917891912
0.24,0.0,0.24,-0.20627234741749179
0.24,0.0,0.24,-0.06805001247253997
0.24,0.0,0.24,-0.00673151814283568
0.24,0.0,0.24,0.059039054387069606
0.24,0.0,0.24,0.14722288672308287
0.23,0.0,0.24,0.3144452961523582
0.24,0.0,0.23,0.41944461694298707
0.24,0.0,0.24,0.5465141675455294
0.24,0.0,0.24,0.6750003962477243
0.24,0.0,0.24,0.8714131183088376
0.24,0.0,0.24,1.0285874604000012
0.24,0.0,0.24,1.1888035938337562
0.24,0.0,0.24,1.3488095629119878
0.24,0.0,0.24,1.5568521919103915
0.24,0.0,0.24,1.733207367296444
0.25,0.0,0.24,1.9162459205542681
0.25,0.0,0.25,2.112757649949581
0.25,0.0,0.25,2.3224530138269732
0.25,0.0,0.25,2.516393644679403
0.24,0.0,0.25,2.7114735201678775
0.25,0.0,0.24,2.90020151559539
0.26,0.0,0.25,3.1069300796146315
0.24,0.0,0.26,3.314212928452978
0.25,0.0,0.24,3.493460851621865
0.25,0.0,0.25,3.6995476644312917
0.25,0.0,0.25,3.8745536426227236
0.24,0.0,0.25,4.065578080513433
0.25,0.0,0.24,4.237997304335306
0.25,0.0,0.25,4.424348946549618
0.24,0.0,0.25,4.566803347478687
0.81,0.0,0.24,4.728748149031096
3.3,0.0,0.81,5.448049751036576
6.29,0.0,3.3,8.065594689786602
10.6,2.7633865,6.29,11.145394478119172
21.95,7.620841,10.6,15.533857457503299
38.22,15.632277,21.95,26.872864807613173
49.290000000000006,28.37849,38.22,43.31867796639198
57.73,42.00401,49.290000000000006,54.778467144064145
65.09,52.844254,57.73,63.3200697027727
71.97,60.26751,65.09,70.3066804311581
78.32,65.73138,71.97,76.70556338067365
83.97,70.84728,78.32,82.37777891216464
88.94999999999999,72.433975,83.97,87.49939218818064
93.29,79.32883,88.94999999999999,91.6006031502115
96.54,82.3733,93.29,95.20628118670251
98.78,83.66022,96.54,97.74195970447454
101.18,84.07011,98.78,99.29677609916793
101.4,84.286446,101.18,100.80159152298478
103.26,83.56555,101.4,100.0500735486955
101.61,80.57414,103.26,101.10649614605926
99.56,76.37411,101.61,98.48901991345625
98.8,70.782166,99.56,95.72310692179744
94.84,66.77836,98.8,94.20965619908212
91.28,62.437218,94.84,89.6414230185904
87.55,58.349815,91.28,85.54211496338571
79.17,52.620705,87.55,81.20984027217085
70.66,46.969193,79.17,72.37740381204794
63.72,41.32135,70.66,63.36071180779279
48.63,35.01572,63.72,55.980209427096916
20.07,24.211296,48.63,40.941898699212665
15.23,10.706561,20.07,12.666974847842852
10.47,2.2483437,15.23,7.460917069708419
7.18,0.0,10.47,2.5709202574288237
5.53,0.0,7.18,0.10907916203483803
2.98,0.0,5.53,-1.0105457501527066
2.04,0.0,2.98,-2.902653386075848
0.52,0.0,2.04,-2.7702631315416704
0.18,0.0,0.52,-3.874959734061971
0.25,0.0,0.18,-3.7065094190141017
0.24,0.0,0.25,-3.2010027795182863
0.24,0.0,0.24,-2.840594534219679
0.23,0.0,0.24,-2.1626505374879903
0.23,0.0,0.23,-1.3173372098318366
0.23,0.0,0.23,-1.0061578272061196
0.23,0.0,0.23,-0.7466785588610737
0.23,0.0,0.23,-0.4490513111312127
0.23,0.0,0.23,-0.26856260555132927
0.23,0.0,0.23,-0.08736967194643591
0.23,0.0,0.23,0.05545574031877554
0.23,0.0,0.23,0.3048221791099828
0.1,0.0,0.23,0.3800859321651207
0.0,0.0,0.1,0.3075802291995694
0.0,0.0,0.0,0.26288164528516145
0.0,0.0,0.0,0.3397632762534093
0.0,0.0,0.0,0.15962533776215682
0.0,0.0,0.0,0.09693537108022884
0.0,0.0,0.0,0.04005612463391234
0.0,0.0,0.0,-1.4441876608460287
0.0,0.0,0.0,-1.4658662716268591
0.0,0.0,0.0,-1.4960998009092779
0.0,0.0,0.0,-1.5148962478596697
0.0,0.0,0.0,-1.4289619814650782
0.0,0.0,0.0,-1.4230494015622075
0.0,0.0,0.0,-1.3883403708074489
0.0,0.0,0.0,-1.3495229751874644
0.0,0.0,0.0,-1.2080342162563535
0.0,0.0,0.0,-1.1373176481815745
0.0,0.0,0.0,-1.0583124664689914
0.0,0.0,0.0,-0.9626846164674173
0.0,0.0,0.0,-0.7953803795825453
0.0,0.0,0.0,-0.679551734943277
0.0,0.0,0.0,-0.5528695411493255
0.0,0.0,0.0,-0.4200223830101991
0.0,0.0,0.0,-0.21834549912446877
0.0,0.0,0.0,-0.06263662293730314
0.0,0.0,0.0,0.09854395551197971
0.0,0.0,0.0,0.2651506150622047
0.0,0.0,0.0,0.4775461103377173
0.23,0.0,0.0,0.6620406031536759
0.26,0.0,0.23,1.073870062268663
0.26,0.0,0.26,1.3020837077668603
0.26,0.0,0.26,1.5206340708552661
0.27,0.0,0.26,1.7097270901867123
0.27,0.0,0.27,1.9118561312777718
0.26,0.0,0.27,2.1192532319342936
0.26,0.0,0.26,2.3025755640109247
0.25,0.0,0.26,2.500107470698419
0.25,0.0,0.25,2.688203449663318
0.25,0.0,0.25,2.885939251815811
0.25,0.0,0.25,3.0621136666233304
0.25,0.0,0.25,3.2533663883372435
0.25,0.0,0.25,3.436050625904096
0.25,0.0,0.25,3.613792957854104
0.26,0.0,0.25,3.753891783474618
0.2,0.0,0.26,3.932127629732709
0.52,0.0,0.2,4.039720497210986
1.32,0.0,0.52,4.506688044122925
1.98,0.0,1.32,5.393161579028223
3.04,0.0,1.98,6.182907394652621
4.39,0.0,3.04,7.361625556324951
6.44,0.0,4.39,8.809779195660205
9.54,0.0,6.44,10.897438159703178
15.4,1.5378944,9.54,14.047929460885465
17.87,6.3317533,15.4,19.900177987657024
23.32,11.176945,17.87,22.417982779119352
40.08,17.329796,23.32,27.792077284966894
36.03,28.318901,40.08,44.3335510932596
69.19,36.19509,36.03,39.98271327961741
53.7,48.85157,69.19,73.12638095069927
38.21,52.51387,53.7,56.83442462766663
53.57,43.773785,38.21,42.611482181250565
33.99,43.282364,53.57,55.99530793406685
50.0,38.600758,33.99,35.570805730248196
55.7,38.12567,50.0,52.21315807165416
45.27,45.96225,55.7,55.34412289001905
38.68,43.27366,45.27,46.23062617567883
28.51,36.107834,38.68,39.77785707780306
29.39,26.752457,28.51,28.45707622865679
26.49,20.2682,29.39,29.19743152556327
22.68,16.734886,26.49,25.618037295283038
20.51,13.886539,22.68,20.898268438053034
18.6,8.245818,20.51,19.218378165776755
18.59,4.409198,18.6,17.62320281979725
17.64,3.0789673,18.59,17.393613836886374
19.25,2.1063213,17.64,16.712211268620848
14.02,2.0108576,19.25,17.87596999015159
10.7,0.68983,14.02,12.523071456971534
7.76,0.0,10.7,9.425519133029761
5.87,0.0,7.76,6.407858448165347
4.21,0.0,5.87,4.696048454917187
2.6,0.0,4.21,3.0873001081776708
1.52,0.0,2.6,1.436026795376739
0.64,0.0,1.52,0.8178491335312994
0.19,0.0,0.64,0.04792182599967221
0.25,0.0,0.19,-0.40373311425090586
0.24,0.0,0.25,-0.22250210857855723
0.24,0.0,0.24,-0.33930999177243015
0.24,0.0,0.24,-0.18241978885294483
0.25,0.0,0.24,-0.00685103472999108
0.24,0.0,0.25,0.016868367770127846
0.23,0.0,0.24,-0.0020603052663797222
0.23,0.0,0.23,-0.01395048949787054
0.22,0.0,0.23,-0.043005769104311684
0.23,0.0,0.22,-0.09935967673559198
0.23,0.0,0.23,-0.16026920038591125
0.23,0.0,0.23,-0.12693366694193992
0.23,0.0,0.23,-0.19461341816198469
0.23,0.0,0.23,-0.2510666464596518
0.23,0.0,0.23,-0.3080435452548701
0.23,0.0,0.23,-0.23234077192637745
0.23,0.0,0.23,-0.3009829170757695
0.24,0.0,0.23,-0.3560017816901462
0.23,0.0,0.24,-0.39576871212464915
0.23,0.0,0.23,-0.5454022980305906
0.24,0.0,0.23,-0.5744841153140554
0.24,0.0,0.24,-0.5908255858433487
0.24,0.0,0.24,-0.6033083397133825
0.24,0.0,0.24,-0.5029330887163447
0.24,0.0,0.24,-0.48951989293842313
0.23,0.0,0.24,-0.4549632742217175
0.24,0.0,0.23,-0.41434052805236765
0.23,0.0,0.24,-0.26551434037424926
0.23,0.0,0.23,-0.20272388655449114
0.24,0.0,0.23,-0.12375518817081224
0.24,0.0,0.24,-0.023178074033628066
0.23,0.0,0.24,0.14436193428202326
0.24,0.0,0.23,0.24229086628616997
0.24,0.0,0.24,0.37424435720427796
0.25,0.0,0.24,0.5025013566325108
0.24,0.0,0.25,0.7113551678320846
0.24,0.0,0.24,0.8514433186998891
0.24,0.0,0.24,1.0157342275645918
0.24,0.0,0.24,1.1888512401763867
0.24,0.0,0.24,1.3974376021380237
0.23,0.0,0.24,1.5813358641577593
0.24,0.0,0.23,1.7577114271257008
0.23,0.0,0.24,1.961160863067507
0.23,0.0,0.23,2.158459307741646
0.23,0.0,0.23,2.3543875844228923
0.23,0.0,0.23,2.5540164514067896
0.24,0.0,0.23,2.7540436200282774
0.23,0.0,0.24,2.9655700207614526
0.23,0.0,0.23,3.161550917458223
0.23,0.0,0.23,3.3657402356629413
0.24,0.0,0.23,3.564232161968292
0.24,0.0,0.24,3.7518078972380313
0.24,0.0,0.24,3.945404374369077
0.24,0.0,0.24,4.129251394206131
0.24,0.0,0.24,4.309626607896548
0.26,0.0,0.24,4.45796280760549
0.17,0.0,0.26,4.647770846981051
1.55,0.0,0.17,4.724837598540792
3.79,0.0,1.55,6.245391321137047
8.6,0.0,3.79,8.568809491277543
16.96,0.21495971,8.6,13.528291111983327
25.88,7.9396486,16.96,21.98803575396588
38.38,17.781792,25.88,31.06209425277262
47.48,29.906647,38.38,43.62552088140497
54.07,40.791782,47.48,52.67943384224263
62.16,48.001926,54.07,59.25772233082988
62.82,53.919254,62.16,66.96222060181707
31.03,57.47391,62.82,67.11486241537759
38.07,44.419304,31.03,35.43130765640402
49.77,39.131927,38.07,41.25301131375751
57.45,42.35609,49.77,51.700532167366084
78.99,49.81641,57.45,59.77834450527772
78.44,61.81582,78.99,80.69279647118093
86.21,66.3022,78.44,79.97789882117814
87.4,69.07194,86.21,88.19479340120542
81.84,68.61539,87.4,88.15714936672325
76.45,66.17338,81.84,81.74884261558297
81.32,61.17105,76.45,75.23607546973444
72.34,58.530827,81.32,78.85342996531197
77.71,51.340714,72.34,69.76101066606428
71.92,48.816032,77.71,75.62923787470264
72.24000000000001,47.17296,71.92,68.89423182953689
58.13,45.71994,72.24000000000001,68.9381203636599
39.92,37.751637,58.13,54.27830652715753
33.36,25.87177,39.92,35.42328198656624
30.65,15.673512,33.36,28.633864213615393
26.8,11.480724,30.65,25.094207135180174
21.86,7.0035834,26.8,21.60160618927892
12.56,2.9268196,21.86,17.015046506815427
9.43,0.0,12.56,8.228935021047159
6.64,0.0,9.43,5.497402076477266
3.78,0.0,6.64,3.020554706639089
3.11,0.0,3.78,-0.04276646112883725
1.8,0.0,3.11,-0.4243408003908486
0.32,0.0,1.8,-1.5560006477698556
0.26,0.0,0.32,-2.2776701022266925
0.24,0.0,0.26,-1.6262226570659868
0.24,0.0,0.24,-1.3628145053234841
0.25,0.0,0.24,-1.06188907872677
0.26,0.0,0.25,-0.7516468183588327
0.26,0.0,0.26,-0.5357553831893425
0.25,0.0,0.26,-0.23399820269263066
0.25,0.0,0.25,-0.05741608306244154
0.24,0.0,0.25,0.11283326284052914
0.23,0.0,0.24,0.27845919886766424
0.24,0.0,0.23,0.32633625396225663
0.25,0.0,0.24,0.45416383160579854
0.24,0.0,0.25,0.5709699235549119
0.24,0.0,0.24,0.4601223717945875
0.24,0.0,0.24,0.4094079076884234
0.24,0.0,0.24,0.3821206342918548
0.24,0.0,0.24,0.4508610627150291
0.24,0.0,0.24,0.4086057691088172
0.25,0.0,0.24,0.32047756253883736
0.24,0.0,0.25,0.2844559367128454
0.24,0.0,0.24,-1.283670002831948
0.24,0.0,0.24,-1.3232514098377859
0.24,0.0,0.24,-1.3417974704695474
0.24,0.0,0.24,-1.3571393540709515
0.24,0.0,0.24,-1.2706693880660507
0.24,0.0,0.24,-1.257089193471174
0.24,0.0,0.24,-1.2303874813806457
0.25,0.0,0.24,-1.1883917837186873
0.23,0.0,0.25,-1.0399919327095408
0.24,0.0,0.23,-0.9922730616422508
0.24,0.0,0.24,-0.9036604523861299
0.24,0.0,0.24,-0.8134140026096482
0.24,0.0,0.24,-0.6430424368810737
0.24,0.0,0.24,-0.5291282888307209
0.24,0.0,0.24,-0.410775411987552
0.24,0.0,0.24,-0.2790302689425337
0.24,0.0,0.24,-0.08269979673082278
0.24,0.0,0.24,0.06745180970136005
0.24,0.0,0.24,0.22516452633813067
0.24,0.0,0.24,0.3913403403211284
0.25,0.0,0.24,0.5997235615887703
0.24,0.0,0.25,0.790448792759307
0.24,0.0,0.24,0.9661402598192134
0.25,0.0,0.24,1.1545859317838105
0.25,0.0,0.25,1.3736526859711347
0.25,0.0,0.25,1.5702680640574709
0.24,0.0,0.25,1.7672328900375796
0.24,0.0,0.24,1.959212396040555
0.24,0.0,0.24,2.1596277149263665
0.24,0.0,0.24,2.3660093071629906
0.25,0.0,0.24,2.5652339181219257
0.24,0.0,0.25,2.7737107367437894
0.24,0.0,0.24,2.9412275292632977
0.24,0.0,0.24,3.135180153627024
0.24,0.0,0.24,3.3227416227072495
0.23,0.0,0.24,3.5044232838686384
0.25,0.0,0.23,3.641268825240662
0.26,0.0,0.25,3.8259581105819254
0.25,0.0,0.26,4.000695696263139
0.24,0.0,0.25,4.144225024952335
0.09,0.0,0.24,4.238065540843002
0.1,0.0,0.09,4.206566294363876
0.46,0.0,0.1,4.304445723296969
0.86,0.0,0.46,4.7192133159963685
0.89,0.0,0.86,5.155390320148486
1.29,0.0,0.89,5.249485450749587
1.63,0.0,1.29,5.674546617305053
2.05,0.0,1.63,6.043191102366359
2.53,0.0,2.05,6.475538790736189
1.94,0.0,2.53,6.939863569488984
2.16,0.0,1.94,6.298500781868465
2.14,0.0,2.16,6.589537609130891
2.26,0.0,2.14,6.462653544130887
2.5,0.0,2.26,6.568620645653717
2.95,0.0,2.5,6.785198905345854
4.17,0.0,2.95,7.150407584372361
3.87,0.0,4.17,8.33748069735315
5.0,0.0,3.87,7.910186598228804
7.71,0.0,5.0,8.967878603433256
6.43,0.0,7.71,11.441121595083363
7.79,0.0,6.43,10.02746685938649
9.65,0.0,7.79,11.477731424483055
13.32,0.0,9.65,13.046677867644611
13.919999999999998,2.3692698,13.32,16.62546424047608
21.99,3.908584,13.919999999999998,17.17977882180552
20.75,6.8929996,21.99,25.022373534915623
15.63,9.336134,20.75,23.679378759394194
16.42,8.394975,15.63,18.451314068627664
14.29,5.3901296,16.42,18.678393808300658
8.1,3.8168576,14.29,16.05438529267042
13.44,0.6250996,8.1,9.767547692027032
8.98,0.47943652,13.44,14.464097002515894
7.68,0.0,8.98,9.812958613475995
4.79,0.0,7.68,8.624075289662553
2.15,0.0,4.79,5.311878417920681
0.76,0.0,2.15,2.3832139124230616
0.2,0.0,0.76,1.0470574691976606
0.28,0.0,0.2,-0.07216132782661103
0.26,0.0,0.28,-0.0014022324248996743
0.27,0.0,0.26,-0.008369087715171045
0.27,0.0,0.27,-0.007348920877592868
0.27,0.0,0.27,-0.05515189836779788
0.26,0.0,0.27,-0.025712598618882893
0.27,0.0,0.26,-0.28906124103480263
0.25,0.0,0.27,-0.23988754813928842
0.25,0.0,0.25,-0.36166271667483324
0.26,0.0,0.25,-0.40499249702916523
0.26,0.0,0.26,-0.4194135927990379
0.25,0.0,0.26,-0.3791399474625844
0.26,0.0,0.25,-0.3991156083219785
0.26,0.0,0.26,-0.4536798941282765
0.26,0.0,0.26,-0.5415336575360864
0.26,0.0,0.26,-0.48523761041565633
0.25,0.0,0.26,-0.5403795872893546
0.26,0.0,0.25,-0.6320241443579565
0.26,0.0,0.26,-0.6166120554799492
0.26,0.0,0.26,-0.7248958095871125
0.26,0.0,0.26,-0.7512526052855214
0.25,0.0,0.26,-0.7765906981646282
0.26,0.0,0.25,-0.8084696517548446
0.26,0.0,0.26,-0.7120955146720238
0.26,0.0,0.26,-0.7043986055285146
0.26,0.0,0.26,-0.683433345941526
0.26,0.0,0.26,-0.6483428984186926
0.26,0.0,0.26,-0.5162515606629537
0.26,0.0,0.26,-0.44992447167378147
0.26,0.0,0.26,-0.37407947902489347
0.27,0.0,0.26,-0.2895081254883925
0.26,0.0,0.27,-0.11156956989672381
0.27,0.0,0.26,-0.012738217649789427
0.26,0.0,0.27,0.11439163892029464
0.26,0.0,0.26,0.23677226493474593
0.26,0.0,0.26,0.43639952315153585
0.26,0.0,0.26,0.5839953857233161
0.27,0.0,0.26,0.7446026334351221
0.27,0.0,0.27,0.924122719622434
0.27,0.0,0.27,1.131513984753191
0.26,0.0,0.27,1.3172575077232986
0.26,0.0,0.26,1.4944426349575186
0.26,0.0,0.26,1.6839714334603115
0.26,0.0,0.26,1.8911588947147229
0.26,0.0,0.26,2.0922428337601753
0.26,0.0,0.26,2.284467358489059
0.26,0.0,0.26,2.484093480489309
0.26,0.0,0.26,2.6840281763318914
0.26,0.0,0.26,2.8860324686961056
0.26,0.0,0.26,3.0842576436862124
0.25,0.0,0.26,3.282775505660318
0.26,0.0,0.25,3.4492477941423787
0.26,0.0,0.26,3.6480295228903565
0.25,0.0,0.26,3.8305377061488195
0.25,0.0,0.25,4.000022289748893
0.27,0.0,0.25,4.143117264009942
0.2,0.0,0.27,4.329660348873436
0.48,0.0,0.2,4.425489642262482
1.2,0.0,0.48,4.854103238521716
2.04,0.0,1.2,5.665639881007099
6.49,0.0,2.04,6.6400532131783105
14.22,0.0,6.49,11.179045965033898
18.2,1.7419994,14.22,18.979562284040966
20.05,10.50757,18.2,23.126507245296217
31.99,15.604415,20.05,25.095736338039043
33.7,21.375357,31.99,36.85197780295584
34.12,26.808573,33.7,38.54967751994277
32.76,30.225498,34.12,38.91513722042636
36.53,29.370474,32.76,37.06689463013188
41.52,29.134737,36.53,40.53406111992036
41.95,32.95208,41.52,45.081907064768494
28.34,35.901623,41.95,45.17299916120152
26.57,30.921795,28.34,31.52151097465638
28.75,24.957909,26.57,29.340958775505584
38.18,22.516201,28.75,30.835616687084062
36.76,24.956827,38.18,40.038314398614766
53.35,28.800709,36.76,38.462332139191496
61.08,35.94029,53.35,54.70211367510707
48.35,43.03314,61.08,62.26777770328119
50.04,40.56787,48.35,49.94617464763801
60.82,37.066734,50.04,50.800304231212934
56.56,35.651657,60.82,60.66710576525791
48.96,36.341682,56.56,56.05698871295556
39.62,29.520828,48.96,48.41761419196281
29.25,23.249403,39.62,38.239796804991954
29.03,16.82432,29.25,27.552621860231778
25.54,11.334596,29.03,27.08031835121336
21.32,6.5154676,25.54,23.095525668664845
17.56,3.6830354,21.32,18.964942126898578
15.98,1.3183454,17.56,14.988912122549872
10.43,0.0,15.98,13.335796019082489
10.11,0.0,10.43,8.364658202360191
6.3,0.0,10.11,7.866378476651735
4.28,0.0,6.3,3.8228702988610532
1.99,0.0,4.28,2.0695775174392645
0.33,0.0,1.99,0.014856158406250652
0.31,0.0,0.33,-1.5226724171712145
0.26,0.0,0.31,-1.234806752355588
0.26,0.0,0.26,-1.3490822843356605
0.26,0.0,0.26,-1.051261723561652
0.27,0.0,0.26,-0.9554365444984368
0.27,0.0,0.27,-0.7149407388125538
0.26,0.0,0.27,-0.5688548047105646
0.25,0.0,0.26,-0.43903486880206344
0.25,0.0,0.25,-0.4382087505598345
0.25,0.0,0.25,-0.2545632532618217
0.25,0.0,0.25,-0.19420414675796568
0.25,0.0,0.25,-0.06348301118197203
0.25,0.0,0.25,-0.07573756064095702
0.25,0.0,0.25,-0.15649273688639845
0.25,0.0,0.25,-0.17512256366086998
0.25,0.0,0.25,-0.11349573195183024
0.25,0.0,0.25,-0.15617995597629636
0.25,0.0,0.25,-0.20075438143610624
0.25,0.0,0.25,-0.22340595580396255
0.26,0.0,0.25,-0.6238763455520333
0.25,0.0,0.26,-0.6243593283139455
0.25,0.0,0.25,-0.6584490484334362
0.26,0.0,0.25,-0.6672810583194304
0.25,0.0,0.26,-0.5695835345668835
0.26,0.0,0.25,-0.5727469167510899
0.26,0.0,0.26,-0.5342821104999361
0.26,0.0,0.26,-0.496374226328942
0.26,0.0,0.26,-0.35884248942066826
0.26,0.0,0.26,-0.291636231988912
0.26,0.0,0.26,-0.21118359438811699
0.26,0.0,0.26,-0.12076994058626986
0.26,0.0,0.26,0.05151851343483928
0.26,0.0,0.26,0.16839284464597626
0.25,0.0,0.26,0.29008770512804993
0.26,0.0,0.25,0.41313313457489953
0.25,0.0,0.26,0.6155641156290493
0.25,0.0,0.25,0.7593020435385228
0.26,0.0,0.25,0.9204362093486581
0.26,0.0,0.26,1.097323071496186
0.26,0.0,0.26,1.3096129229132683
0.26,0.0,0.26,1.4940942515271096
0.26,0.0,0.26,1.684675208959391
0.26,0.0,0.26,1.8766352479473105
0.25,0.0,0.26,2.089687969831938
0.25,0.0,0.25,2.276670958075112
0.25,0.0,0.25,2.4737210694060585
0.25,0.0,0.25,2.677126024224876
0.25,0.0,0.25,2.877320464495809
0.25,0.0,0.25,3.0767700071245256
0.25,0.0,0.25,3.2714801303431913
0.25,0.0,0.25,3.464745967872102
0.25,0.0,0.25,3.643818148767263
0.26,0.0,0.25,3.8352624888434885
0.25,0.0,0.26,4.03275379601415
0.25,0.0,0.25,4.199577023477042
0.28,0.0,0.25,4.3432078563130085
0.24,0.0,0.28,4.538318900423093
1.23,0.0,0.24,4.659669424532529
4.47,0.0,1.23,5.791478370940353
7.89,0.0,4.47,9.100872206317932
12.24,2.6592026,7.89,12.666384313627663
16.75,7.472192,12.24,17.175436555027215
19.14,12.675427,16.75,21.768449096171707
27.02,18.194689,19.14,24.13326336213181
31.36,23.018871,27.02,31.9629584380896
40.75,27.482372,31.36,36.22355625663687
46.64,33.94147,40.75,45.4333847179379
56.08,40.491863,46.64,51.118002665815105
58.5,45.935932,56.08,60.70760334949066
73.73,52.026497,58.5,62.36031678836026
83.38,59.421238,73.73,76.98762370913558
85.82,65.29205,83.38,86.22807783744977
87.79,68.964775,85.82,88.52259052291183
83.64000000000001,70.78288,87.79,89.79707861421547
71.54,69.638916,83.64000000000001,84.66512348005011
73.13,62.732464,71.54,72.1270040259368
70.58,60.52687,73.13,72.23859896218296
75.24,56.02054,70.58,69.03540102496152
74.56,55.8525,75.24,73.13111884017248
58.52,53.352104,74.56,71.96748849279999
68.48,48.17562,58.52,55.14663686042831
46.66,43.299274,68.48,65.3667928750081
28.15,29.035513,46.66,43.70226879292804
24.09,19.117887,28.15,24.538271532855923
21.24,11.122523,24.09,19.267843234277507
17.33,6.3044734,21.24,16.03263637840948
13.49,2.0339048,17.33,12.928560504529383
11.04,0.0,13.49,9.165440264956064
10.17,0.0,11.04,7.252957448718579
9.27,0.0,10.17,6.877838040767593
6.49,0.0,9.27,5.981701862481623
4.3,0.0,6.49,3.3875094542254205
1.94,0.0,4.3,1.7458051563162198
1.61,0.0,1.94,-0.7858329731406686
0.69,0.0,1.61,-0.4528636672730658
0.22,0.0,0.69,-0.6895974099746722
0.27,0.0,0.22,-0.8785534381030856
0.27,0.0,0.27,-0.5834092261053282
0.26,0.0,0.27,-0.36714910883541996
0.26,0.0,0.26,-0.15638986776772612
0.27,0.0,0.26,-0.02917508355627353
0.27,0.0,0.27,0.052465756996747694
0.26,0.0,0.27,0.17131397770252285
0.25,0.0,0.26,0.3800644751669421
0.25,0.0,0.25,0.3600739581788939
0.25,0.0,0.25,0.5281775149486989
0.25,0.0,0.25,0.4233598164003688
0.26,0.0,0.25,0.3928601117247169
0.25,0.0,0.26,0.34492804949276923
0.26,0.0,0.25,0.2630039198765827
0.25,0.0,0.26,0.19196602686279024
0.26,0.0,0.25,0.2037608356491416
0.26,0.0,0.26,0.14280594574071837
0.26,0.0,0.26,0.0956477813070826
0.26,0.0,0.26,0.053475805532817895
0.25,0.0,0.26,-0.6936033673360196
0.26,0.0,0.25,-0.7465693007742411
0.26,0.0,0.26,-0.7644412919601752
0.26,0.0,0.26,-0.7719491434040703
0.26,0.0,0.26,-0.6787521504349157
0.26,0.0,0.26,-0.6745278653043609
0.26,0.0,0.26,-0.6423925944518869
0.27,0.0,0.26,-0.6041336715201174
0.25,0.0,0.27,-0.45655278159556445
0.25,0.0,0.25,-0.41052099359332317
0.26,0.0,0.25,-0.33021745679453707
0.26,0.0,0.26,-0.22863538618049808
0.25,0.0,0.26,-0.05807387571628492
0.25,0.0,0.25,0.03812712906039031
0.25,0.0,0.25,0.16338396385923606
0.25,0.0,0.25,0.2957084942051063
0.25,0.0,0.25,0.4892634639146374
0.26,0.0,0.25,0.6371995799531515
0.25,0.0,0.26,0.8069032437848114
0.25,0.0,0.25,0.9593009774152343
0.25,0.0,0.25,1.172928461790194
0.26,0.0,0.25,1.351491215563496
0.26,0.0,0.26,1.5425515513430899
0.25,0.0,0.26,1.7309778239951292
0.25,0.0,0.25,1.9283465694506117
0.25,0.0,0.25,2.1218745180344256
0.25,0.0,0.25,2.3172112306294306
0.25,0.0,0.25,2.517900309447286
0.25,0.0,0.25,2.713030114619146
0.25,0.0,0.25,2.9198028700217504
0.25,0.0,0.25,3.120493940944148
0.24,0.0,0.25,3.3203177744211625
0.25,0.0,0.24,3.490438151703485
0.25,0.0,0.25,3.687256371445142
0.26,0.0,0.25,3.871510403375147
0.26,0.0,0.26,4.059447671351667
0.26,0.0,0.26,4.208307033386932
0.23,0.0,0.26,4.375069049914957
1.02,0.0,0.23,4.505642243498531
3.05,0.0,1.02,5.437765916506639
4.72,0.0,3.05,7.54581130337732
6.07,0.0,4.72,9.358178765271026
8.64,0.6345466,6.07,10.85703023707973
10.88,2.5622647,8.64,13.488212332447514
14.49,6.5268173,10.88,15.741687324601477
17.78,10.26147,14.49,19.369788313671457
22.38,13.591572,17.78,22.629187021132687
27.5,17.104548,22.38,27.18429308239244
38.92,21.93743,27.5,32.16613022158659
36.65,28.758505,38.92,43.488888841472175
45.95,33.24994,36.65,41.189896776126595
47.33,38.24901,45.95,50.24175364428258
44.97,41.474148,47.33,50.98634520427214
43.93,41.55086,44.97,48.48213903198521
68.63,39.429523,43.93,46.927958190814536
69.17,46.252617,68.63,70.92684426015126
73.35,52.540897,69.17,71.33192644512935
69.83,57.37776,73.35,75.38096314320336
72.6,56.494377,69.83,71.00881269903836
75.17,56.331738,72.6,73.11068700288878
73.32,53.905296,75.17,75.14838076848415
74.86000000000001,52.76765,73.32,72.05316973480993
64.57,51.132603,74.86000000000001,73.18688446547175
60.1,45.62895,64.57,62.22918088455801
42.59,38.1323,60.1,57.622361454298584
40.99,27.375,42.59,39.73742526023525
31.61,20.641363,40.99,37.81375234052217
26.35,15.785756,31.61,27.289034141144825
18.67,9.322299,26.35,22.105259143148412
14.03,3.8068712,18.67,14.399993230624474
11.44,0.0,14.03,9.85862253947575
8.9,0.0,11.44,7.556671744849952
5.97,0.0,8.9,4.991945226472629
3.8,0.0,5.97,2.4585835567607206
1.48,0.0,3.8,0.3275416391363764
0.43,0.0,1.48,-1.5249125085217718
0.23,0.0,0.43,-2.2911157088376073
0.26,0.0,0.23,-2.045863601223736
0.26,0.0,0.26,-1.9328592207763249
0.26,0.0,0.26,-1.4336006264552692
0.26,0.0,0.26,-1.1215953489711037
0.26,0.0,0.26,-0.8041090504650495
0.26,0.0,0.26,-0.6435303503611721
0.26,0.0,0.26,-0.5084198347718906
0.25,0.0,0.26,-0.2759091205483821
0.25,0.0,0.25,-0.15685293320624086
0.25,0.0,0.25,-0.01364495739934534
0.25,0.0,0.25,0.04306983643584901
0.25,0.0,0.25,0.19094980380256696
0.25,0.0,0.25,0.10999739760651939
0.25,0.0,0.25,0.11147368891880494
0.25,0.0,0.25,0.05198559857226465
0.25,0.0,0.25,0.10707181715977267
0.26,0.0,0.25,0.04113747690286183
0.25,0.0,0.26,-0.00455795069096019
0.26,0.0,0.25,-0.05777014445222741
0.26,0.0,0.26,-0.5298378506175352
0.27,0.0,0.26,-0.5633559175633345
0.25,0.0,0.27,-0.5803127659013075
0.25,0.0,0.25,-0.619433617549064
0.25,0.0,0.25,-0.5260122974103943
0.25,0.0,0.25,-0.5120356268503492
0.25,0.0,0.25,-0.48785126189895056
0.25,0.0,0.25,-0.4424473629287374
0.25,0.0,0.25,-0.30744279103332994
0.25,0.0,0.25,-0.2439218740278165
0.25,0.0,0.25,-0.16124202855499023
0.25,0.0,0.25,-0.07527109156703388
0.26,0.0,0.25,0.09685288328874837
0.25,0.0,0.26,0.21834627910203963
0.25,0.0,0.25,0.32887446149705807
0.25,0.0,0.25,0.46167808729363013
0.26,0.0,0.25,0.6601420358479516
0.26,0.0,0.26,0.8232904774601072
0.25,0.0,0.26,0.981528723663784
0.26,0.0,0.25,1.139825302857079
0.25,0.0,0.26,1.3569485929963292
0.26,0.0,0.25,1.5273636080248798
0.26,0.0,0.26,1.7249853910146562
0.26,0.0,0.26,1.916849894639366
0.25,0.0,0.26,2.1347364060766565
0.26,0.0,0.25,2.318840881850339
0.25,0.0,0.26,2.52809454999386
0.25,0.0,0.25,2.7320738899316535
0.26,0.0,0.25,2.9185895918840514
0.26,0.0,0.26,3.133372866882466
0.26,0.0,0.26,3.3317722757134747
0.26,0.0,0.26,3.5218475105059266
0.25,0.0,0.26,3.6946837235632506
0.26,0.0,0.25,3.8783719779694605
0.26,0.0,0.26,4.078747921620004
0.25,0.0,0.26,4.264377208474916
0.27,0.0,0.25,4.398299285594356
0.3,0.0,0.27,4.584100534781486
1.82,0.0,0.3,4.7756280026168225
4.84,0.0,1.82,6.4442672402268695
8.16,0.0,4.84,9.544192259646517
11.94,1.5761472,8.16,13.014548676306427
20.25,6.1377773,11.94,16.904423774281728
32.51,12.721054,20.25,25.20063589228332
42.1,23.294981,32.51,37.478516657020734
50.63,33.37079,42.1,47.287878693349285
46.69,42.508205,50.63,55.836379607958044
57.26,45.428074,46.69,51.69153786331815
71.26,50.25992,57.26,61.58198474709251
62.72,56.64932,71.26,75.22312394136544
66.53999999999999,59.9108,62.72,66.53709510814333
80.72,60.76531,66.53999999999999,69.67835154414307
88.21,65.6371,80.72,82.5678751547991
90.06,70.650734,88.21,90.15997202317176
91.35,73.798294,90.06,91.58631014708058
90.14,74.902,91.35,91.74126430288048
94.06,72.62042,90.14,89.82662941172914
88.71,70.880615,94.06,93.01746228366906
65.54,67.56457,88.71,86.66744516872991
38.21,56.314964,65.54,63.21290580738422
28.74,36.9318,38.21,35.263179598130044
38.31,21.592571,28.74,24.73494939762872
61.44,17.989077,38.31,33.79025222772617
24.2,27.224432,61.44,56.746043446238744
25.28,21.881971,24.2,20.23278675257396
17.65,12.378621,25.28,21.917807073078684
17.27,5.3905745,17.65,13.39276010016999
19.02,0.41633525,17.27,13.521008605269
29.53,0.0,19.02,15.119024732063801
26.64,3.5260909,29.53,24.845745653512157
13.82,6.32171,26.64,23.261333489770664
7.96,2.6417382,13.82,11.068300276748515
6.93,0.0,7.96,5.981568778456344
4.65,0.0,6.93,4.918771476281817
2.55,0.0,4.65,2.3751329234930676
1.25,0.0,2.55,-0.35573158239304264
0.22,0.0,1.25,-0.4774644249979103
0.28,0.0,0.22,-1.0362585786438845
0.26,0.0,0.28,-0.4954345360835041
0.26,0.0,0.26,-0.35966329858334156
0.27,0.0,0.26,-0.14256028177338503
0.26,0.0,0.27,-0.190740000965045
0.27,0.0,0.26,-0.023344455423378978
0.26,0.0,0.27,0.23311775417976274
0.25,0.0,0.26,0.253406309960848
0.25,0.0,0.25,0.13391402871385544
0.25,0.0,0.25,0.20055816518785133
0.25,0.0,0.25,0.4162397005162528
0.26,0.0,0.25,0.28544195613209866
0.26,0.0,0.26,0.27525888182722497
0.26,0.0,0.26,0.16436288349140046
0.26,0.0,0.26,0.1083752239452028
0.26,0.0,0.26,0.1829520820729662
0.26,0.0,0.26,0.2425602627082344
0.26,0.0,0.26,0.23465804337558438
0.26,0.0,0.26,0.14776370481524392
0.26,0.0,0.26,-0.33632270727949454
0.26,0.0,0.26,-0.3570856585218043
0.26,0.0,0.26,-0.3742599339058321
0.26,0.0,0.26,-0.38148236767492716
0.26,0.0,0.26,-0.2905006398865639
0.26,0.0,0.26,-0.2778246366927155
0.26,0.0,0.26,-0.24904258656632025
0.26,0.0,0.26,-0.2033660782716841
0.25,0.0,0.26,-0.06211110438852377
0.26,0.0,0.25,-0.011235069703424416
0.25,0.0,0.26,0.07586282107099794
0.25,0.0,0.25,0.15246422074142604
0.26,0.0,0.25,0.32292075094413186
0.26,0.0,0.26,0.44332344094273535
0.26,0.0,0.26,0.5684800775849437
0.26,0.0,0.26,0.7043419338930816
0.26,0.0,0.26,0.898131995434977
0.26,0.0,0.26,1.050258598995954
0.25,0.0,0.26,1.2127732005442666
0.26,0.0,0.25,1.3721404434295084
0.26,0.0,0.26,1.5905561278522231
0.26,0.0,0.26,1.7747034115363762
0.26,0.0,0.26,1.9635562503037363
0.26,0.0,0.26,2.155281825953666
0.26,0.0,0.26,2.3666310649799023
0.26,0.0,0.26,2.572106887303473
0.26,0.0,0.26,2.7707968237637326
0.25,0.0,0.26,2.983068864056741
0.25,0.0,0.25,3.17201976292017
0.25,0.0,0.25,3.3722264154027473
0.25,0.0,0.25,3.574264305684147
0.25,0.0,0.25,3.7773787152094274
0.26,0.0,0.25,3.9578465978631834
0.25,0.0,0.26,4.162990835157709
0.25,0.0,0.25,4.349504003574908
0.25,0.0,0.25,4.535477224267859
0.27,0.0,0.25,4.686539466933531
0.51,0.0,0.27,4.881054325919659
4.37,0.0,0.51,5.2841041412521905
9.47,0.0,4.37,9.256767368344867
11.29,1.8527308,9.47,14.445414843441405
9.52,7.2829103,11.29,16.4886483050098
6.88,7.7709002,9.52,14.880399639814184
6.66,4.9569755,6.88,12.162640443265751
6.47,2.8957317,6.66,11.888981268463507
5.78,1.2211004,6.47,11.604158351364386
6.2,0.0,5.78,10.876293836561842
11.84,0.0,6.2,11.330585677792328
28.93,0.41055384,11.84,16.962205312067532
76.78,10.291796,28.93,34.132443674690926
80.08,38.361027,76.78,82.0157002936737
83.11,57.20354,80.08,85.69353726503343
86.66,66.14613,83.11,89.02601263106116
89.81,70.25666,86.66,90.98413505727835
92.12,71.32474,89.81,93.2293650244496
93.04,71.928986,92.12,94.79404718461514
93.38,73.187195,93.04,93.94005065899981
93.95,72.78811,93.38,93.77898971795669
93.81,70.96488,93.95,93.85496385901774
92.24,69.399506,93.81,93.17471436469705
90.17,65.70514,92.24,90.9943065823748
87.49,62.832104,90.17,88.03498385429101
85.07,59.86459,87.49,83.73622746615328
75.93,55.530624,85.07,80.82318610740175
71.99,47.849052,75.93,71.28785711872047
73.09,42.760674,71.99,66.80819875018972
66.94,39.776505,73.09,67.31393411454518
60.57,35.23623,66.94,61.066284498236286
52.78,28.721277,60.57,54.62747883648523
29.9,22.79613,52.78,46.44431388705369
6.26,12.314682,29.9,23.538438679811954
6.7,0.0,6.26,-0.04616225066594204
5.9,0.0,6.7,-0.3611536351795741
4.49,0.0,5.9,-1.076483000267105
2.9,0.0,4.49,-1.3675477802476397
1.18,0.0,2.9,-2.4178572696332132
0.22,0.0,1.18,-3.1276076445064915
0.26,0.0,0.22,-3.211241488174227
0.25,0.0,0.26,-3.105486740682481
0.25,0.0,0.25,-2.8137736545065675
0.25,0.0,0.25,-2.399802839278549
0.26,0.0,0.25,-2.0426128152502265
0.26,0.0,0.26,-1.3095146047898691
0.25,0.0,0.26,-0.5957132659394908
0.24,0.0,0.25,-0.40784881984343185
0.24,0.0,0.24,-0.2864696792389142
0.24,0.0,0.24,-0.13933564606361568
0.25,0.0,0.24,0.005448612883488732
0.25,0.0,0.25,0.1957536941740494
0.25,0.0,0.25,0.29588179378734125
0.24,0.0,0.25,0.41251385405377045
0.25,0.0,0.24,0.4771912039217876
0.25,0.0,0.25,0.649700652562706
0.25,0.0,0.25,0.6810242180363172
0.25,0.0,0.25,0.5835241290624712
0.25,0.0,0.25,0.4119274239934339
0.25,0.0,0.25,-0.04279454571498854
0.26,0.0,0.25,-0.06076886977186578
0.26,0.0,0.26,-0.06764032338492175
0.26,0.0,0.26,-0.07161429770932479
0.26,0.0,0.26,0.02116245267436742
0.26,0.0,0.26,0.03207427475584605
0.26,0.0,0.26,0.05914742181971817
0.25,0.0,0.26,0.0978102748297071
0.26,0.0,0.25,0.2235847775245498
0.26,0.0,0.26,0.3004460516292904
0.25,0.0,0.26,0.3754583202214848
0.26,0.0,0.25,0.45528537906699906
0.26,0.0,0.26,0.6374725066097807
0.26,0.0,0.26,0.7433266373325592
0.26,0.0,0.26,0.8701815709270845
0.26,0.0,0.26,1.0011344498748038
0.26,0.0,0.26,1.1941763319869472
0.26,0.0,0.26,1.3447795629873933
0.26,0.0,0.26,1.5032709550148522
0.26,0.0,0.26,1.6666189762659163
0.26,0.0,0.26,1.8719031518191067
0.26,0.0,0.26,2.0526401885670054
0.26,0.0,0.26,2.2398405091577525
0.26,0.0,0.26,2.433417448935145
0.26,0.0,0.26,2.6368805146707883
0.26,0.0,0.26,2.8412231031039106
0.26,0.0,0.26,3.0391262503519014
0.26,0.0,0.26,3.2530433386710014
0.26,0.0,0.26,3.4558390414917066
0.26,0.0,0.26,3.6502036442629304
0.26,0.0,0.26,3.8527518735707234
0.26,0.0,0.26,4.0486373765544945
0.26,0.0,0.26,4.224951680585527
0.26,0.0,0.26,4.42255851216298
0.26,0.0,0.26,4.6084328494218
0.26,0.0,0.26,4.789081431992075
0.27,0.0,0.26,4.926884677749006
0.27,0.0,0.27,5.103321587567729
1.65,0.0,0.27,5.260428226857594
4.48,0.0,1.65,6.783261264797087
7.5,0.0,4.48,9.684739269758262
10.92,0.0,7.5,12.834848611562887
19.87,2.7994452,10.92,16.2947625604896
35.76,9.133504,19.87,25.186954878832665
44.56,21.69883,35.76,41.098106753416026
48.64,32.93793,44.56,50.25034102685297
46.3,39.833996,48.64,54.430881204058
62.75,41.36695,46.3,51.617906660400784
74.54,48.40971,62.75,67.18346535198917
81.27,54.032116,74.54,79.18415682854236
85.49,66.462166,81.27,86.07421189692334
88.94999999999999,72.92745,85.49,88.9786633227004
92.45,75.8838,88.94999999999999,91.63892945739728
94.62,77.01669,92.45,94.66217900891343
95.86,78.01014,94.62,95.876365691525
95.48,78.429085,95.86,96.19149517947515
93.63,76.495026,95.48,94.78134748104463
91.32,72.97415,93.63,92.18618937647616
86.81,68.940735,91.32,89.25802009305941
88.04,64.490715,86.81,84.25194966694339
87.33,60.728676,88.04,84.59818756487478
83.59,57.8661,87.33,83.19602571501386
80.54,54.278267,83.59,79.10267242043028
67.53,50.62451,80.54,75.6168859903295
53.21,41.9556,67.53,62.199207704904076
68.67,32.760204,53.21,47.43888793364434
63.02,33.627285,68.67,61.88125865216489
55.54,30.737413,63.02,56.53825710993115
47.04,26.230572,55.54,49.80561921973337
42.0,19.923096,47.04,40.94255641694662
32.04,15.034519,42.0,35.920253781587135
19.14,8.798013,32.04,26.339154571960563
10.75,1.2981273,19.14,13.072429629739927
7.04,0.0,10.75,4.691543041849583
2.92,0.0,7.04,1.1839527156660368
1.06,0.0,2.92,-2.3051191099406534
0.22,0.0,1.06,-3.3294255849752132
0.27,0.0,0.22,-3.350987597960973
0.25,0.0,0.27,-3.12744305485256
0.25,0.0,0.25,-2.603359967573382
0.25,0.0,0.25,-2.1020621022580293
0.25,0.0,0.25,-1.6736827959882792
0.25,0.0,0.25,-1.4222529482715567
0.25,0.0,0.25,-1.0930950328455191
0.24,0.0,0.25,-0.5759443328686638
0.24,0.0,0.24,-0.2793352670059396
0.25,0.0,0.24,-0.1018612098737702
0.25,0.0,0.25,0.0928991788075205
0.25,0.0,0.25,0.23901898425391935
0.25,0.0,0.25,0.2221925520341999
0.25,0.0,0.25,0.40330805286097593
0.25,0.0,0.25,0.4496441144772726
0.25,0.0,0.25,0.5889429307406471
0.25,0.0,0.25,0.6110115365284243
0.25,0.0,0.25,0.6410910296663987
0.25,0.0,0.25,0.6264968413569096
0.25,0.0,0.25,-0.17552995175829936
0.25,0.0,0.25,-0.21889302712529624
0.25,0.0,0.25,-0.23192269718105418
0.26,0.0,0.25,-0.2616590796160261
0.25,0.0,0.26,-0.16009450962970115
0.25,0.0,0.25,-0.15628952329276344
0.25,0.0,0.25,-0.13738408499060156
0.26,0.0,0.25,-0.0976050218882149
0.26,0.0,0.26,0.04709820815498932
0.26,0.0,0.26,0.10629537543082372
0.26,0.0,0.26,0.1854578456419459
0.26,0.0,0.26,0.27306539685949205
0.26,0.0,0.26,0.4463498668955862
0.26,0.0,0.26,0.5612660974981792
0.26,0.0,0.26,0.6784584635138304
0.26,0.0,0.26,0.8047725297197997
0.26,0.0,0.26,1.0047759555231608
0.26,0.0,0.26,1.156220230394058
0.26,0.0,0.26,1.3158981346948007
0.26,0.0,0.26,1.479598852751594
0.26,0.0,0.26,1.6832414147555796
0.26,0.0,0.26,1.8653485556350509
0.26,0.0,0.26,2.0487656887765744
0.26,0.0,0.26,2.2346278645943056
0.26,0.0,0.26,2.438955488205896
0.26,0.0,0.26,2.640870467977927
0.26,0.0,0.26,2.8312821628899623
0.26,0.0,0.26,3.0338243880379974
0.26,0.0,0.26,3.227437070792638
0.26,0.0,0.26,3.420106365528826
0.26,0.0,0.26,3.6230452798300803
0.26,0.0,0.26,3.810129064155786
0.26,0.0,0.26,3.98664361316897
0.25,0.0,0.26,4.177667231959193
0.25,0.0,0.25,4.3514400682199526
0.26,0.0,0.25,4.528477991347543
0.26,0.0,0.26,4.6885114253998035
0.11,0.0,0.26,4.849658679222127
1.47,0.0,0.11,4.861999996222575
3.87,0.0,1.47,6.359118584947837
7.26,0.0,3.87,8.832789104600186
7.52,2.396435,7.26,12.316362234778081
13.16,4.4375105,7.52,12.763124564556438
33.05,6.869286,13.16,18.44976532037317
49.84,19.173399,33.05,38.112113797661465
56.25,35.840485,49.84,55.158623429262214
57.27,46.760357,56.25,62.109883601220936
56.85,52.24357,57.27,62.84101804511494
40.73,53.07686,56.85,61.78725722791367
48.61,44.790455,40.73,45.26328642771225
54.84,44.144333,48.61,52.11386781792051
58.3,48.21275,54.84,57.1123510609381
93.18,52.601963,58.3,60.645416093198094
94.48,68.31901,93.18,94.55048637744551
94.29,73.08187,94.48,96.42758587074005
80.67,74.76796,94.29,96.8931088179599
85.46,68.88813,80.67,81.42987572436299
97.19,64.293976,85.46,85.21580632996218
95.83,65.68161,97.19,95.61270985812293
94.37,66.90535,95.83,93.35090638554813
91.69,63.99488,94.37,91.76105374026427
90.12,59.649517,91.69,88.76124887759765
86.47,56.429173,90.12,86.84613594441991
82.02,53.00536,86.47,82.52872119235505
69.59,47.86265,82.02,77.32374147519027
72.08,41.27297,69.59,63.764230484998365
62.96,38.19394,72.08,65.64980608449746
32.84,32.42228,62.96,56.382473133041955
20.12,17.696352,32.84,26.91512934809935
15.81,5.42099,20.12,14.297806752364695
11.72,1.1515044,15.81,8.677268913511009
9.5,0.0,11.72,5.365301034192671
6.42,0.0,9.5,3.5209638132223557
5.2,0.0,6.42,0.7102433343194431
2.16,0.0,5.2,0.43347665059366713
0.32,0.0,2.16,-2.126236277778659
0.25,0.0,0.32,-3.604881810433537
0.25,0.0,0.25,-2.9875642471116954
0.25,0.0,0.25,-2.8546842032911535
0.25,0.0,0.25,-2.390644318661882
0.25,0.0,0.25,-1.5478942423984434
0.25,0.0,0.25,-1.0408321833203975
0.25,0.0,0.25,-0.6999390814459554
0.25,0.0,0.25,-0.4894025804829963
0.24,0.0,0.25,-0.22701452601354477
0.24,0.0,0.24,-0.056449325464797764
0.25,0.0,0.24,0.08775521111366422
0.25,0.0,0.25,0.2771452724390749
0.25,0.0,0.25,0.521811845084813
0.25,0.0,0.25,0.5421540502899105
0.25,0.0,0.25,0.655359935332011
0.25,0.0,0.25,0.7014142925118316
0.25,0.0,0.25,0.6394935568307659
0.25,0.0,0.25,0.5482745717934225
0.25,0.0,0.25,0.5008529956770431
0.25,0.0,0.25,0.45218445129996854
0.25,0.0,0.25,-0.9034170268233704
0.25,0.0,0.25,-0.9398286115281076
0.25,0.0,0.25,-0.9571555268384137
0.25,0.0,0.25,-0.9837242296313379
0.25,0.0,0.25,-0.8980396943305466
0.25,0.0,0.25,-0.9152885704601175
0.25,0.0,0.25,-0.8841937216747464
0.25,0.0,0.25,-0.8373375472381838
0.25,0.0,0.25,-0.6907104774191739
0.25,0.0,0.25,-0.6212951917241173
0.25,0.0,0.25,-0.5412618987696769
0.25,0.0,0.25,-0.457543496334038
0.25,0.0,0.25,-0.2907699678784153
0.25,0.0,0.25,-0.18079189217871933
0.25,0.0,0.25,-0.07318093281263008
0.25,0.0,0.25,0.0519677566526313
0.25,0.0,0.25,0.2509202718228035
0.25,0.0,0.25,0.40109794425946904
0.25,0.0,0.25,0.5755215226479502
0.25,0.0,0.25,0.7326612853392614
0.25,0.0,0.25,0.9621955471008756
0.25,0.0,0.25,1.1509799494068575
0.25,0.0,0.25,1.3297630126776612
0.25,0.0,0.25,1.5074504857095623
0.25,0.0,0.25,1.7110524766058628
0.25,0.0,0.25,1.932371129439048
0.25,0.0,0.25,2.1372724336874964
0.25,0.0,0.25,2.3227256453729943
0.25,0.0,0.25,2.532430725480529
0.25,0.0,0.25,2.722380075544185
0.25,0.0,0.25,2.923471789046593
0.25,0.0,0.25,3.123732730732707
0.25,0.0,0.25,3.302858933517895
0.25,0.0,0.25,3.4869289516985478
0.25,0.0,0.25,3.665568959542725
0.25,0.0,0.25,3.8434024232166877
0.25,0.0,0.25,3.9866185468859188
0.25,0.0,0.25,4.161247225056608
0.25,0.0,0.25,4.311579622256406
0.25,0.0,0.25,4.444527352303018
0.25,0.0,0.25,4.510715524840364
0.25,0.0,0.25,4.533321550450277
0.25,0.0,0.25,4.383714613245323
11.62,0.0,0.25,4.239236056476452
22.4,0.0,11.62,15.973525498186596
20.99,5.3566966,22.4,27.121444555691333
24.06,13.08353,20.99,26.132753405100125
24.01,16.478577,24.06,29.206123698748705
26.62,18.544102,24.01,28.656223967288923
26.85,19.584732,26.62,31.20265993884198
35.75,20.478725,26.85,31.021060855068132
46.33,25.126833,35.75,39.46195016472969
55.63,33.2624,46.33,49.902914094146574
57.34,41.595566,55.63,59.334895481609905
51.22,48.83906,57.34,60.42349837326539
51.67,47.801746,51.22,53.93501509542592
40.42,44.71262,51.67,53.71590970871134
38.09,37.432175,40.42,41.993119211602384
35.06,32.320854,38.09,39.06990362046878
29.48,27.65498,35.06,35.31513718670207
29.22,21.405022,29.48,29.6287087775266
22.52,17.847612,29.22,29.25875435043927
18.65,14.070518,22.52,22.253439892491173
16.72,9.172566,18.65,18.41391765232793
16.7,4.5490403,16.72,16.007306489242072
16.27,1.7360426,16.7,15.646502910416334
13.74,0.011176271,16.27,15.210741804588535
12.54,0.0,13.74,12.709163229861407
10.2,0.0,12.54,11.618962595928219
8.91,0.0,10.2,9.54367512686415
7.91,0.0,8.91,8.234955389668855
6.37,0.0,7.91,7.177016053558411
4.61,0.0,6.37,5.7243471130393395
2.39,0.0,4.61,3.9689978472884317
1.41,0.0,2.39,1.8437776764609126
0.3,0.0,1.41,0.9766910356518872
0.26,0.0,0.3,0.012268319324782173
0.25,0.0,0.26,0.0645201342588228
0.25,0.0,0.25,0.11282156808562499
0.25,0.0,0.25,0.18610859034761956
0.26,0.0,0.25,0.34517494463177356
0.26,0.0,0.26,0.31417405231650397
0.25,0.0,0.26,0.30486306746175007
0.25,0.0,0.25,0.23642308093909495
0.24,0.0,0.25,0.24789669095666225
0.24,0.0,0.24,0.1974008735878832
0.24,0.0,0.24,0.12880072626807104
0.25,0.0,0.24,0.03557610636323469
0.25,0.0,0.25,0.07726355123403653
0.24,0.0,0.25,-0.008457230707934263
0.25,0.0,0.24,-0.0870376192966939
0.25,0.0,0.25,-0.1547101002966731
0.25,0.0,0.25,-0.11751855262377257
0.25,0.0,0.25,-0.18912305613711253
0.25,0.0,0.25,-0.25850712241825086
0.25,0.0,0.25,-0.29569920899035806
0.25,0.0,0.25,-0.042523097862438505
0.25,0.0,0.25,-0.08154654753152693
0.25,0.0,0.25,-0.11706053085923998
0.25,0.0,0.25,-0.14528189043317014
0.25,0.0,0.25,-0.05784178912835239
0.25,0.0,0.25,-0.04115279725153041
0.25,0.0,0.25,-0.009480523565877225
0.25,0.0,0.25,0.026150230112872604
0.25,0.0,0.25,0.1723793204512794
0.25,0.0,0.25,0.23668445461573545
0.25,0.0,0.25,0.309768784343351
0.25,0.0,0.25,0.39622615499681746
0.26,0.0,0.25,0.5599014814670213
0.25,0.0,0.26,0.6830175835327356
0.25,0.0,0.25,0.7985762252009588
0.25,0.0,0.25,0.9299744248696338
0.26,0.0,0.25,1.1283457341729777
0.26,0.0,0.26,1.279891934704055
0.26,0.0,0.26,1.4353621947939623
0.26,0.0,0.26,1.6087516235911516
0.26,0.0,0.26,1.8108676125773726
0.26,0.0,0.26,2.006407412597902
0.26,0.0,0.26,2.1910726143988866
0.26,0.0,0.26,2.3782786032118897
0.26,0.0,0.26,2.5910653865139106
0.25,0.0,0.26,2.7864762839263593
0.26,0.0,0.25,2.9794727710228823
0.25,0.0,0.26,3.1834280280949963
0.25,0.0,0.25,3.3773501432923485
0.25,0.0,0.25,3.581560054759488
0.25,0.0,0.25,3.7841656451799675
0.25,0.0,0.25,3.9720548953563943
0.25,0.0,0.25,4.156614913907025
0.25,0.0,0.25,4.338401480913655
0.25,0.0,0.25,4.53607105959154
0.25,0.0,0.25,4.707733555563484
0.26,0.0,0.25,4.860334804526564
0.23,0.0,0.26,5.045066597348004
1.07,0.0,0.23,5.178666479789335
3.21,0.0,1.07,6.159920172158079
5.49,0.0,3.21,8.363862456762575
8.53,1.9052372,5.49,10.736959727946346
16.41,5.0548143,8.53,13.78485595596584
32.79,10.47131,16.41,21.601451051626917
49.81,22.561012,32.79,37.980618107469205
59.15,36.884995,49.81,55.364042213702
66.26,47.990307,59.15,65.09676688766348
72.79,56.439476,66.26,72.07652680928864
77.91,62.420452,72.79,77.99946612584243
82.41,63.407593,77.91,83.18731349935204
85.25,71.26092,82.41,86.20443860939449
88.76,74.83713,85.25,88.15247940841371
91.43,76.93432,88.76,90.92094208513284
93.11,78.07636,91.43,92.97332857202541
95.2,78.542366,93.11,94.04911248637494
93.85,78.75433,95.2,95.405751703555
96.63,76.85239,93.85,93.11615408829243
94.23,75.86079,96.63,94.92550664806939
89.84,72.42724,94.23,91.80797116144124
89.01,68.23506,89.84,86.85515833482134
90.47,63.162224,89.01,85.24968407225737
88.7,60.380974,90.47,86.07188477945938
85.4,57.590874,88.7,83.97486092028164
66.17,54.536488,85.4,80.2339485657704
62.18,43.744133,66.17,60.66201969009115
60.06999999999999,37.5969,62.18,55.911847279214314
59.43,32.464058,60.06999999999999,53.13815709711437
52.12,29.8647,59.43,52.40980646049479
46.39,24.163004,52.12,45.4434738150045
44.73,20.44438,46.39,39.687635249298225
32.13,17.299952,44.73,38.45078309977485
15.32,11.498416,32.13,26.184314607579307
9.33,2.2576206,15.32,9.55249008726448
6.41,0.0,9.33,3.1586597635635263
3.69,0.0,6.41,0.3562202656801239
0.97,0.0,3.69,-1.6845953188903495
0.19,0.0,0.97,-3.427582073056818
0.27,0.0,0.19,-3.562333381931317
0.25,0.0,0.27,-2.8421782102144846
0.25,0.0,0.25,-2.4986474796347378
0.24,0.0,0.25,-2.0221263365001225
0.24,0.0,0.24,-1.6905527315163729
0.25,0.0,0.24,-1.47575744265655
0.24,0.0,0.25,-1.0594684801743595
0.24,0.0,0.24,-0.4763974737949943
0.24,0.0,0.24,-0.2036878439442768
0.24,0.0,0.24,-0.015340518475310053
0.24,0.0,0.24,0.15675899334143867
0.24,0.0,0.24,0.2875207780364689
0.24,0.0,0.24,0.35318749255012655
0.24,0.0,0.24,0.415241369809261
0.24,0.0,0.24,0.490968493186439
0.25,0.0,0.24,0.6226770445805839
0.25,0.0,0.25,0.6611915498092861
0.25,0.0,0.25,0.7140049205314549
0.25,0.0,0.25,0.685174851289308
0.25,0.0,0.25,-0.19589976439605736
0.25,0.0,0.25,-0.23317448549432018
0.25,0.0,0.25,-0.2577846485541052
0.25,0.0,0.25,-0.2735566968694618
0.25,0.0,0.25,-0.18920898530057975
0.25,0.0,0.25,-0.18149659349565722
0.25,0.0,0.25,-0.15756042022042227
0.25,0.0,0.25,-0.11758968523467694
0.25,0.0,0.25,0.007876248336566236
0.25,0.0,0.25,0.07050995404933383
0.25,0.0,0.25,0.14749362171061314
0.25,0.0,0.25,0.24107200492172365
0.26,0.0,0.25,0.4203102440132534
0.25,0.0,0.26,0.5428504358877766
0.25,0.0,0.25,0.6607509332532767
0.26,0.0,0.25,0.7991037781208051
0.26,0.0,0.26,0.9994881008805963
0.26,0.0,0.26,1.155341921945917
0.26,0.0,0.26,1.3191824970608352
0.25,0.0,0.26,1.465833073545627
0.25,0.0,0.25,1.6604015985886285
0.25,0.0,0.25,1.839600552045265
0.25,0.0,0.25,2.024441792901191
0.26,0.0,0.25,2.2227564615785727
0.25,0.0,0.26,2.4528720957140235
0.25,0.0,0.25,2.634995830852039
0.26,0.0,0.25,2.8338436285559667
0.25,0.0,0.26,3.045116765592885
0.25,0.0,0.25,3.235257134522891
0.25,0.0,0.25,3.4338074629421165
0.25,0.0,0.25,3.6302216809067325
0.25,0.0,0.25,3.82703309478547
0.25,0.0,0.25,4.009825205700208
0.25,0.0,0.25,4.207116606772428
0.26,0.0,0.25,4.396855920063443
0.25,0.0,0.26,4.586639302662479
0.26,0.0,0.25,4.722757839531511
0.27,0.0,0.26,4.900170840987265
0.59,0.0,0.27,5.070513166229631
2.31,0.0,0.59,5.542892646640613
5.43,0.0,2.31,7.357455960992346
8.88,0.0,5.43,10.604803364980626
14.83,2.7623994,8.88,14.159295943225649
17.51,7.578263,14.83,20.1614192430118
37.08,13.653605,17.51,22.82050761329033
42.81,22.92642,37.08,42.54349087612305
40.33,33.947643,42.81,48.25444319905172
49.49,37.424072,40.33,46.087846897780636
65.54,41.800392,49.49,54.33530297029071
66.98,47.394257,65.54,70.41891897087388
75.28,56.34409,66.98,71.57872823214174
78.1,62.920147,75.28,79.24699435901395
79.21,66.099525,78.1,81.30229461661867
75.28,67.82083,79.21,82.00178623438843
89.67,66.2475,75.28,77.30602295042236
91.34,70.20717,89.67,90.44557022257244
94.13,70.88463,91.34,91.87128907782468
87.37,72.96056,94.13,93.98347978895744
91.09,69.91968,87.37,86.38591846322389
79.24,67.809,91.09,89.40937803695859
52.23,59.117832,79.24,77.0639627707592
56.4,46.016937,52.23,49.03073048219447
69.14,34.76026,56.4,52.970699173040586
62.6,40.055714,69.14,63.672816686063456
69.98,35.177586,62.6,58.68434316496112
69.24,39.426098,69.98,65.23936456753759
63.7,37.331867,69.24,64.52762003223256
56.62,33.425194,63.7,59.496576531757164
49.54,26.518133,56.62,51.85836131254496
40.82,21.678083,49.54,43.99872869447745
28.93,15.880599,40.82,35.42856636804753
15.53,9.512616,28.93,23.034410568850852
9.99,0.60254294,15.53,9.826793591149602
5.76,0.0,9.99,4.93064225065103
1.65,0.0,5.76,0.7799854274886475
0.61,0.0,1.65,-3.0103028459911787
0.2,0.0,0.61,-3.367626658972884
0.27,0.0,0.2,-3.529054995812816
0.26,0.0,0.27,-2.95353198816817
0.26,0.0,0.26,-2.45243858647083
0.26,0.0,0.26,-1.9597316947879304
0.26,0.0,0.26,-1.5567714959688344
0.26,0.0,0.26,-1.2550121893141033
0.26,0.0,0.26,-0.8226788728447545
0.25,0.0,0.26,-0.39637753033402123
0.25,0.0,0.25,-0.4096946771232792
0.25,0.0,0.25,-0.25891433427342136
0.25,0.0,0.25,-0.01534840498309882
0.25,0.0,0.25,0.13508116701546713
0.25,0.0,0.25,0.2777509011568623
0.25,0.0,0.25,0.3717252574847535
0.25,0.0,0.25,0.43900626526472464
0.25,0.0,0.25,0.5872326605596203
0.25,0.0,0.25,0.623547244371658
0.25,0.0,0.25,0.6358160404971949
0.25,0.0,0.25,0.6061664584120884
0.25,0.0,0.25,0.026101819703295073
0.25,0.0,0.25,-0.007399865587363781
0.25,0.0,0.25,-0.0314982933240128
0.25,0.0,0.25,-0.0448636784854365
0.26,0.0,0.25,0.04336146147867811
0.26,0.0,0.26,0.06772647946276855
0.26,0.0,0.26,0.09486213330256901
0.26,0.0,0.26,0.13592060877310932
0.26,0.0,0.26,0.2743614387841141
0.26,0.0,0.26,0.3445175525667294
0.26,0.0,0.26,0.41862980458379556
0.26,0.0,0.26,0.5023680097340721
0.26,0.0,0.26,0.6560319549238318
0.26,0.0,0.26,0.7609956652274202
0.26,0.0,0.26,0.8828479264392757
0.26,0.0,0.26,1.013608974417462
0.26,0.0,0.26,1.2119460963515962
0.26,0.0,0.26,1.3608748040325744
0.26,0.0,0.26,1.5254657623839771
0.26,0.0,0.26,1.6908928606390565
0.26,0.0,0.26,1.898813743078345
0.26,0.0,0.26,2.0837490626757003
0.26,0.0,0.26,2.2688343129546347
0.26,0.0,0.26,2.4524146148967705
0.26,0.0,0.26,2.6596337655359403
0.26,0.0,0.26,2.8485258641483235
0.26,0.0,0.26,3.039689448637621
0.26,0.0,0.26,3.2346381471830163
0.26,0.0,0.26,3.432854265645283
0.26,0.0,0.26,3.628883358348064
0.26,0.0,0.26,3.833808440070716
0.26,0.0,0.26,4.026240748756957
0.26,0.0,0.26,4.200421779516987
0.25,0.0,0.26,4.390779339526629
0.26,0.0,0.25,4.5679580224075105
0.25,0.0,0.26,4.76149548207337
0.27,0.0,0.25,4.893773026385473
0.27,0.0,0.27,5.080963023741038
0.74,0.0,0.27,5.241141893753357
3.18,0.0,0.74,5.874454323494153
5.93,0.0,3.18,8.387791090834776
8.69,0.0,5.93,11.24762426343013
13.11,1.7422037,8.69,14.088461858318418
25.99,5.638124,13.11,18.467215126283122
42.41,14.9769945,25.99,31.245989519465898
52.75,27.776009,42.41,47.84565907552355
62.72,39.122635,52.75,58.563135999944684
59.53,48.393574,62.72,68.51484428109634
66.25,52.759045,59.53,64.9208842495131
77.25,53.968483,66.25,71.68975893949553
81.17,62.95074,77.25,81.19536607222285
85.22,69.152985,81.17,84.49495955893721
88.42,72.68652,85.22,88.02212725286611
90.04,74.78441,88.42,90.34933628376976
91.57,75.17359,90.04,91.5858400396707
92.34,75.22569,91.57,92.42777963253802
93.59,74.43733,92.34,92.10068020761167
86.7,72.96103,93.59,92.42873032263498
86.62,68.39296,86.7,84.7847402036129
88.12,64.79958,86.62,83.946567350468
91.7,60.771317,88.12,84.81952968184935
86.82,59.411575,91.7,88.08321809952712
79.66,57.39772,86.82,82.59294077901957
70.51,52.249714,79.66,74.98326719472145
66.94,43.591816,70.51,65.37639652785407
64.1,37.445896,66.94,61.321198053712955
56.2,33.677307,64.1,57.94449136146584
56.37,28.614717,56.2,49.82139298010073
44.85,24.423061,56.37,50.00037908928259
28.05,19.240364,44.85,38.54517517254
13.420000000000002,10.928593,28.05,22.245051480655434
11.12,0.63176584,13.420000000000002,7.673871173393194
7.18,0.0,11.12,4.909715589799715
5.41,0.0,7.18,1.152371970785877
2.83,0.0,5.41,-0.03996974936167602
0.93,0.0,2.83,-1.9632350631119926
0.19,0.0,0.93,-2.916670278152551
0.26,0.0,0.19,-3.0529669267341446
0.26,0.0,0.26,-2.7283260682037436
0.25,0.0,0.26,-2.2800935016452866
0.26,0.0,0.25,-2.035497677801793
0.26,0.0,0.26,-1.5629973774567685
0.26,0.0,0.26,-1.048955427359345
0.25,0.0,0.26,-0.5754137520434665
0.25,0.0,0.25,-0.3280444492801531
0.25,0.0,0.25,-0.08735208439351644
0.25,0.0,0.25,0.05417784860104805
0.25,0.0,0.25,0.17683624915706658
0.25,0.0,0.25,0.35894652548585537
0.25,0.0,0.25,0.43983037493893923
0.25,0.0,0.25,0.5176591300602738
0.25,0.0,0.25,0.5271198546641518
0.25,0.0,0.25,0.7154342991395961
0.25,0.0,0.25,0.7050706149807172
0.25,0.0,0.25,0.6173607015153558
0.25,0.0,0.25,0.5207232736109594
0.25,0.0,0.25,-0.13850506791060313
0.25,0.0,0.25,-0.16995004868332567
0.25,0.0,0.25,-0.18090750642815434
0.26,0.0,0.25,-0.20131398779780707
0.26,0.0,0.26,-0.10418453717730897
0.26,0.0,0.26,-0.09373110709495723
0.26,0.0,0.26,-0.06253715299911693
0.26,0.0,0.26,-0.02034731680068364
0.26,0.0,0.26,0.11629888859101996
0.25,0.0,0.26,0.1822402954698565
0.26,0.0,0.25,0.24930933227047605
0.26,0.0,0.26,0.34495329845071315
0.26,0.0,0.26,0.5136398565808917
0.26,0.0,0.26,0.6259731137552199
0.26,0.0,0.26,0.7509563527393527
0.26,0.0,0.26,0.8825719851601018
0.26,0.0,0.26,1.0801789735151222
0.26,0.0,0.26,1.2290450913612136
0.26,0.0,0.26,1.3889780413298025
0.26,0.0,0.26,1.5523992277907879
0.26,0.0,0.26,1.7626138978205617
0.26,0.0,0.26,1.936719917973648
0.26,0.0,0.26,2.1255285624766933
0.26,0.0,0.26,2.3134430456496404
0.26,0.0,0.26,2.5269927326534414
0.26,0.0,0.26,2.7213000111581422
0.26,0.0,0.26,2.923860075830165
0.26,0.0,0.26,3.1184232941979166
0.26,0.0,0.26,3.3214729450796994
0.26,0.0,0.26,3.523754267981054
0.26,0.0,0.26,3.7211642706751564
0.25,0.0,0.26,3.9103986425109722
0.25,0.0,0.25,4.070496537217216
0.25,0.0,0.25,4.258873680433366
0.26,0.0,0.25,4.440269198176335
0.26,0.0,0.26,4.630562678867962
0.26,0.0,0.26,4.776189068448556
0.27,0.0,0.26,4.947973875313654
0.13,0.0,0.27,5.121483577914782
2.15,0.0,0.13,5.133983227973571
5.86,0.0,2.15,7.250109097074003
8.73,0.0,5.86,11.032213497990725
12.7,1.2488095,8.73,14.002433534616058
24.49,5.3002586,12.7,17.992241677984325
41.03,14.074554,24.49,29.650234973915794
51.8,26.560112,41.03,46.3370797553872
59.73,37.96127,51.8,57.516919641259854
66.31,46.839718,59.73,65.48821749921419
72.32,54.349976,66.31,71.61234117616011
64.07,58.79146,72.32,77.73165885809073
67.93,61.226116,64.07,68.26173871247667
56.65,62.598667,67.93,71.134388062899
64.34,58.19086,56.65,58.87789643140775
91.47,56.90995,64.34,66.23312678677878
90.54,67.56895,91.47,92.29317536998697
94.21,73.028984,90.54,91.58998028651854
92.94,74.76648,94.21,95.34798538846145
92.12,73.52469,92.94,92.51464724763912
92.12,69.91075,92.12,91.25424877314548
90.58,66.4148,92.12,90.38310068432727
84.57,62.859695,90.58,87.48777277989166
84.33,57.845383,84.57,81.01376310574906
79.94,54.514194,84.33,80.37319050428731
73.67,50.58287,79.94,75.50959206675698
67.32,44.086666,73.67,69.27354369545155
61.13,38.54691,67.32,62.38961601448947
57.94,33.501244,61.13,55.175817419777125
56.05,28.559692,57.94,51.901596584362075
50.37,23.82783,56.05,49.79255554034807
41.53,20.62423,50.37,44.22137780246084
28.58,15.748634,41.53,35.591856493583094
14.43,8.96266,28.58,22.67600087444592
9.43,0.0,14.43,8.55147019343482
6.67,0.0,9.43,3.501583428872949
4.09,0.0,6.67,0.7274702155476159
1.63,0.0,4.09,-1.227513797384976
0.18,0.0,1.63,-3.0731939603990597
0.26,0.0,0.18,-3.8825289489134853
0.25,0.0,0.26,-3.0003885919804536
0.26,0.0,0.25,-2.6717287798666405
0.26,0.0,0.26,-2.2841924873218242
0.26,0.0,0.26,-1.9608613847652234
0.26,0.0,0.26,-1.580762221405944
0.26,0.0,0.26,-1.1226622938795274
0.25,0.0,0.26,-0.5806179708565355
0.25,0.0,0.25,-0.3968495724913851
0.25,0.0,0.25,-0.22235360765294332
0.25,0.0,0.25,-0.07974718792781468
0.25,0.0,0.25,0.1283295337543812
0.25,0.0,0.25,0.20814956399952345
0.25,0.0,0.25,0.24570020311410318
0.25,0.0,0.25,0.30289247491714766
0.25,0.0,0.25,0.4659808973661843
0.25,0.0,0.25,0.5155568414099801
0.25,0.0,0.25,0.5267762356351126
0.25,0.0,0.25,0.48078941024458755
0.25,0.0,0.25,-0.6825130978925271
0.25,0.0,0.25,-0.7177718706879167
0.25,0.0,0.25,-0.7337355059950857
0.25,0.0,0.25,-0.747494026802361
0.25,0.0,0.25,-0.6618080594294742
0.25,0.0,0.25,-0.6590175826735465
0.26,0.0,0.25,-0.6330703440805275
0.26,0.0,0.26,-0.5890185564954635
0.26,0.0,0.26,-0.45420694100634595
0.26,0.0,0.26,-0.3836873365318547
0.26,0.0,0.26,-0.304525141872867
0.26,0.0,0.26,-0.20756289600836017
0.26,0.0,0.26,-0.05115766455119741
0.26,0.0,0.26,0.06012442533888836
0.26,0.0,0.26,0.17390771967751711
0.26,0.0,0.26,0.2959810109339408
0.26,0.0,0.26,0.48206203566977546
0.26,0.0,0.26,0.6294284843260928
0.26,0.0,0.26,0.78620175904193
0.26,0.0,0.26,0.9520386808931488
0.26,0.0,0.26,1.1631339309912072
0.26,0.0,0.26,1.3424956073822303
0.26,0.0,0.26,1.5276335356595243
0.26,0.0,0.26,1.7159096642202551
0.26,0.0,0.26,1.9215697859131924
0.26,0.0,0.26,2.1120561955567982
0.26,0.0,0.26,2.3088331523210592
0.26,0.0,0.26,2.512368528573289
0.26,0.0,0.26,2.706893955436215
0.25,0.0,0.26,2.9031987665068573
0.25,0.0,0.25,3.0926910478544523
0.25,0.0,0.25,3.2825844797699446
0.25,0.0,0.25,3.4507957568386267
0.25,0.0,0.25,3.635906643616443
0.25,0.0,0.25,3.823638455184624
0.25,0.0,0.25,3.9968661339278073
0.26,0.0,0.25,4.1447850129590496
0.28,0.0,0.26,4.3252231406128425
0.26,0.0,0.28,4.50739933425231
1.52,0.0,0.26,4.631534628723381
4.2,0.0,1.52,5.9893114699408105
9.67,0.0,4.2,8.779798019652377
15.14,0.0,9.67,14.3660348225959
20.46,4.4239135,15.14,19.907768248411724
25.28,13.604486,20.46,25.204574067059475
29.33,19.560638,25.28,30.104302737437315
32.51,22.188034,29.33,34.25429176546848
48.68,25.656565,32.51,37.23363216764952
35.1,34.892498,48.68,53.04100790234092
46.26,36.039352,35.1,39.60128071301115
65.49,39.293007,46.26,50.34089379617131
85.91,49.0022,65.49,68.5290341427973
62.3,63.710407,85.91,89.03308532273574
72.8,62.08645,62.3,65.75758101441501
62.18,60.797684,72.8,75.52655299095849
77.64,57.86544,62.18,63.22937430550342
67.93,59.831463,77.64,78.39268079334867
58.46,57.02193,67.93,67.78304362640914
36.98,51.893127,58.46,57.81433732472691
36.73,38.094593,36.98,36.13750972797325
58.72,28.576033,36.73,34.72523071180678
36.47,29.817652,58.72,56.80143237730266
45.22,30.467102,36.47,33.85422181390211
38.84,27.0512,45.22,43.176178764797925
27.94,21.552738,38.84,35.42222042001906
20.73,13.820695,27.94,25.755150800928543
17.13,6.710138,20.73,17.98323464066446
17.45,1.4036323,17.13,13.757432941167732
25.78,0.0,17.45,14.214675684124618
12.28,0.4700457,25.78,22.409923079408223
9.77,0.0,12.28,9.674713400967486
10.67,0.0,9.77,8.028543689429334
9.19,0.0,10.67,8.667530162242707
2.73,0.0,9.19,6.588631367119287
2.05,0.0,2.73,0.9228046946854745
0.29,0.0,2.05,-0.13563034021950637
0.28,0.0,0.29,-1.2176822923122783
0.26,0.0,0.28,-0.9241894757310638
0.25,0.0,0.26,-0.6740525695913946
0.26,0.0,0.25,-0.5778158110458012
0.26,0.0,0.26,-0.15964987161691763
0.26,0.0,0.26,-0.3687228256382124
0.26,0.0,0.26,-0.03763751245550749
0.25,0.0,0.26,-0.15542167823965258
0.25,0.0,0.25,-0.15238738587891446
0.25,0.0,0.25,0.020211871202471532
0.25,0.0,0.25,0.018943243729274833
0.25,0.0,0.25,0.06988615315012554
0.25,0.0,0.25,0.1616291155755077
0.25,0.0,0.25,0.05994784193359172
0.25,0.0,0.25,-0.028967376532471438
0.25,0.0,0.25,-0.09850401930663555
0.25,0.0,0.25,-0.039160049348499794
0.25,0.0,0.25,-0.0018809001392227492
0.25,0.0,0.25,-0.11252105388486686
0.25,0.0,0.25,-0.15858060419911696
0.25,0.0,0.25,-0.3347732152770033
0.25,0.0,0.25,-0.34818494558266755
0.25,0.0,0.25,-0.4021057506144448
0.26,0.0,0.25,-0.41161224677047714
0.25,0.0,0.26,-0.31817795549458294
0.26,0.0,0.25,-0.31586765657379934
0.26,0.0,0.26,-0.28127758724861557
0.26,0.0,0.26,-0.24209469346735119
0.26,0.0,0.26,-0.108984824075413
0.26,0.0,0.26,-0.047228974211284275
0.26,0.0,0.26,0.015890842623809548
0.26,0.0,0.26,0.10943219086305661
0.26,0.0,0.26,0.2826109619513879
0.26,0.0,0.26,0.3924776735134996
0.26,0.0,0.26,0.5099848011358638
0.26,0.0,0.26,0.6449729589641091
0.26,0.0,0.26,0.8402354362878196
0.26,0.0,0.26,0.9882659216319187
0.26,0.0,0.26,1.1455267891388512
0.26,0.0,0.26,1.3111964978411663
0.26,0.0,0.26,1.5313929524924395
0.26,0.0,0.26,1.7087664194350622
0.26,0.0,0.26,1.8936354302431078
0.26,0.0,0.26,2.0772130689530917
0.26,0.0,0.26,2.282163355278383
0.25,0.0,0.26,2.4732547246634766
0.26,0.0,0.25,2.6559334389640705
0.25,0.0,0.26,2.8629868535288856
0.26,0.0,0.25,3.0527266497620675
0.25,0.0,0.26,3.2545603294116603
0.26,0.0,0.25,3.4402788770217745
0.25,0.0,0.26,3.6476835758549506
0.26,0.0,0.25,3.8128648386977586
0.25,0.0,0.26,4.0144537485526195
0.25,0.0,0.25,4.191138317504652
0.25,0.0,0.25,4.368994305788749
0.26,0.0,0.25,4.513244178030317
0.27,0.0,0.26,4.6885383711904804
0.42,0.0,0.27,4.865733976849496
2.25,0.0,0.42,5.16324992547428
5.2,0.0,2.25,7.080508919265512
8.27,0.0,5.2,10.128253304880038
11.45,3.5101786,8.27,13.29472287742559
20.38,7.5299215,11.45,16.495544689266147
36.5,14.652011,20.38,25.319779656290564
46.73,25.723064,36.5,41.48331944907584
53.61,36.51952,46.73,52.07781193708978
59.69,44.78615,53.61,59.096552964613025
65.74,51.27334,59.69,64.76398337999426
71.69,54.8642,65.74,70.84603444098559
76.44,61.603577,71.69,75.77113606513909
79.97,66.485695,76.44,79.7473689651365
82.62,69.60593,79.97,82.61127027299995
85.0,70.629,82.62,84.66347896697293
87.01,71.11011,85.0,86.39897012670502
88.06,71.17784,87.01,87.77973987868701
88.75,69.858,88.06,88.06092236200072
88.14,67.80045,88.75,87.85483197768228
87.41,65.25573,88.14,86.48360205941367
85.75,62.543926,87.41,85.10750399323786
83.16,58.05088,85.75,82.83868868863348
80.16,54.461086,83.16,79.65335728925514
75.62,50.80578,80.16,76.09216623832992
68.55,46.693176,75.62,71.00423175223801
68.22,39.94134,68.55,63.51836245084957
63.31,36.51886,68.22,62.66971977489956
57.36,32.20985,63.31,57.495606440294154
49.63,27.652895,57.36,51.43411597784091
43.62,20.552006,49.63,43.54922643184391
36.1,16.258255,43.62,37.43958730588788
24.31,11.397128,36.1,30.029952395174924
14.09,5.202442,24.31,18.253299508753777
9.77,0.0,14.09,8.103088386841575
6.69,0.0,9.77,3.825967958560388
2.88,0.0,6.69,1.1522191897458751
1.26,0.0,2.88,-2.0685435025992778
0.18,0.0,1.26,-3.0166086920811677
0.26,0.0,0.18,-3.656492630022042
0.25,0.0,0.26,-3.028069391690411
0.25,0.0,0.25,-2.638904308381086
0.25,0.0,0.25,-2.1617176647000167
0.25,0.0,0.25,-1.7962310087153859
0.25,0.0,0.25,-1.4844177649340318
0.25,0.0,0.25,-1.07443094395879
0.24,0.0,0.25,-0.6465181767964019
0.24,0.0,0.24,-0.4645893033262749
0.24,0.0,0.24,-0.3077787642066676
0.24,0.0,0.24,-0.14652170206939236
0.24,0.0,0.24,0.028791204182165957
0.24,0.0,0.24,0.13322399955863778
0.24,0.0,0.24,0.18930794841530288
0.25,0.0,0.24,0.23096967676307867
0.25,0.0,0.25,0.3654496001840689
0.25,0.0,0.25,0.3879793192112887
0.25,0.0,0.25,0.4006410553925382
0.25,0.0,0.25,0.3465700245452822
0.25,0.0,0.25,-0.43382637359645937
0.25,0.0,0.25,-0.45547166287544116
0.25,0.0,0.25,-0.47106018218464174
0.25,0.0,0.25,-0.4878353356913159
0.25,0.0,0.25,-0.3978999594913597
0.25,0.0,0.25,-0.38623875430772825
0.25,0.0,0.25,-0.3569215438497514
0.25,0.0,0.25,-0.3137527230154702
0.25,0.0,0.25,-0.17400057773973174
0.25,0.0,0.25,-0.1084221700702194
0.25,0.0,0.25,-0.028769520663014733
0.26,0.0,0.25,0.06260899142675136
0.25,0.0,0.26,0.24707227125876294
0.26,0.0,0.25,0.3474378932499843
0.26,0.0,0.26,0.48196925687422515
0.26,0.0,0.26,0.6149362638555883
0.26,0.0,0.26,0.814385595066591
0.25,0.0,0.26,0.9647606754230486
0.25,0.0,0.25,1.1142624809453097
0.26,0.0,0.25,1.2909074826296834
0.26,0.0,0.26,1.5184352657267055
0.26,0.0,0.26,1.706015203258128
0.26,0.0,0.26,1.8963361107817305
0.26,0.0,0.26,2.087606892932497
0.25,0.0,0.26,2.299177934530047
0.25,0.0,0.25,2.491259519531439
0.26,0.0,0.25,2.692343826764972
0.25,0.0,0.26,2.9048269741126727
0.25,0.0,0.25,3.0894627205754075
0.25,0.0,0.25,3.2938611283373334
0.25,0.0,0.25,3.49347843105412
0.25,0.0,0.25,3.697150446925437
0.25,0.0,0.25,3.8781484667502855
0.25,0.0,0.25,4.069366656710784
0.25,0.0,0.25,4.255080831074006
0.25,0.0,0.25,4.434423455409219
0.25,0.0,0.25,4.583833408940981
0.27,0.0,0.25,4.750297593153334
0.3,0.0,0.27,4.9294725758598625
1.91,0.0,0.3,5.112486937005286
4.93,0.0,1.91,6.814486697294866
8.91,0.0,4.93,9.93513295322373
12.42,1.2412671,8.91,14.057798573500182
19.07,5.778371,12.42,17.70257380357227
25.23,11.906131,19.07,24.36738914514013
25.17,18.50577,25.23,30.49892812307209
42.2,21.662117,25.17,30.52595471443318
43.73,27.985909,42.2,47.42370798103327
49.19,35.74184,43.73,48.61712498006059
66.38,39.299393,49.19,54.589006231775805
62.18,49.043354,66.38,70.91213384677938
74.6,55.29007,62.18,66.19803522804183
82.07,60.804394,74.6,78.31530961611404
83.31,64.96923,82.07,84.86982150370565
85.22,68.817055,83.31,85.8289009096342
86.36,69.48395,85.22,87.05935982973944
86.67,68.671555,86.36,86.96891028729945
85.84,66.16288,86.67,86.86857662382448
83.93,63.36519,85.84,85.316528931273
81.94,60.99433,83.93,82.37970002878507
71.82,56.09445,81.94,79.91064695557132
71.1,49.88894,71.82,69.2337146945454
73.06,46.446545,71.1,67.50164366576287
71.5,43.652622,73.06,69.05651688536234
66.6,39.828163,71.5,67.20068478920369
60.9,36.057102,66.6,62.036859691963265
56.29,31.337519,60.9,55.99463465686669
49.21,26.521414,56.29,51.22045523213127
43.87,19.688314,49.21,43.89566945855843
29.55,15.359749,43.87,38.306414336063646
24.44,8.376478,29.55,23.843526197166696
14.47,3.702677,24.44,18.719180079148895
9.86,0.0,14.47,8.677391566984285
1.85,0.0,9.86,4.532364411980242
2.42,0.0,1.85,-3.1196936580011987
1.1,0.0,2.42,-2.4410673979187822
0.21,0.0,1.1,-3.010329421276295
0.26,0.0,0.21,-3.312609898444195
0.25,0.0,0.26,-2.727231535550805
0.25,0.0,0.25,-2.4145160125882525
0.25,0.0,0.25,-1.8174208473854274
0.25,0.0,0.25,-1.6074999775887269
0.25,0.0,0.25,-1.1466881442361623
0.25,0.0,0.25,-0.9222919355730022
0.24,0.0,0.25,-0.5298931180444012
0.24,0.0,0.24,-0.4172189769992027
0.24,0.0,0.24,-0.15997810178856528
0.24,0.0,0.24,-0.07455226042886678
0.24,0.0,0.24,0.13714959191609788
0.24,0.0,0.24,0.22014424242549904
0.24,0.0,0.24,0.26264469457488104
0.25,0.0,0.24,0.2996833189191409
0.25,0.0,0.25,0.44012250831476607
0.25,0.0,0.25,0.4601482215867874
0.25,0.0,0.25,0.39966234206344375
0.25,0.0,0.25,0.39272508154358854
0.25,0.0,0.25,-0.7649798412543447
0.25,0.0,0.25,-0.7968449863018392
0.25,0.0,0.25,-0.8607814757344714
0.25,0.0,0.25,-0.8618824910266627
0.25,0.0,0.25,-0.7759334443637282
0.25,0.0,0.25,-0.7586091722597834
0.25,0.0,0.25,-0.7257456136699424
0.26,0.0,0.25,-0.6889759115236683
0.26,0.0,0.26,-0.5315523606071991
0.26,0.0,0.26,-0.46412171829491095
0.26,0.0,0.26,-0.38744824324571703
0.26,0.0,0.26,-0.30291876162527714
0.26,0.0,0.26,-0.13243589077142243
0.26,0.0,0.26,-0.01888078800870805
0.26,0.0,0.26,0.1035254948390042
0.25,0.0,0.26,0.23738553622377478
0.25,0.0,0.25,0.4214287464180922
0.25,0.0,0.25,0.5657752671421039
0.25,0.0,0.25,0.7278761020085374
0.25,0.0,0.25,0.8785587286365167
0.25,0.0,0.25,1.0760073918774449
0.25,0.0,0.25,1.2537166386950418
0.25,0.0,0.25,1.4320881877055998
0.25,0.0,0.25,1.6193278077633664
0.25,0.0,0.25,1.8157893436705785
0.25,0.0,0.25,2.0089744006954366
0.25,0.0,0.25,2.2042135422631097
0.25,0.0,0.25,2.405174438478591
0.25,0.0,0.25,2.6003388274589825
0.25,0.0,0.25,2.7960633391958307
0.25,0.0,0.25,2.993546656112089
0.25,0.0,0.25,3.186163090217674
0.25,0.0,0.25,3.355818890380003
0.25,0.0,0.25,3.5458670498481877
0.25,0.0,0.25,3.7303228202453065
0.25,0.0,0.25,3.916778536726986
0.25,0.0,0.25,4.063919055679389
0.28,0.0,0.25,4.224979369325562
0.29,0.0,0.28,4.406739899141592
1.69,0.0,0.29,4.565917432529268
4.19,0.0,1.69,6.054351194759052
6.47,0.0,4.19,8.66083908431431
10.34,0.0,6.47,11.076716795161014
11.29,2.4950767,10.34,15.052939135143234
20.89,7.202088,11.29,16.0237711621097
25.49,13.043982,20.89,25.64409950527601
29.17,20.984087,25.49,29.990063977067123
22.13,24.9068,29.17,34.020128929745795
33.59,25.538162,22.13,26.688949183733055
23.19,27.119602,33.59,37.84726673262661
25.61,25.436592,23.19,27.270483828133894
26.63,24.213997,25.61,29.551163771130646
28.99,24.204926,26.63,29.82143419649969
41.52,25.454058,28.99,31.952017344821044
33.11,30.28831,41.52,44.37803195868816
40.04,31.450796,33.11,35.66818225792828
55.98,33.231976,40.04,42.50749049546324
44.59,37.72737,55.98,57.76426718790039
38.7,37.64442,44.59,46.5025634598109
34.97,33.530167,38.7,40.62351771811529
32.37,28.772337,34.97,35.570696648328045
50.07,24.331348,32.37,32.603247317935505
43.35,26.0509,50.07,50.38310778525454
56.11,30.293411,43.35,42.87503342453647
59.06,33.770313,56.11,56.00421052473811
42.03,36.904045,59.06,58.089732919382136
44.45,29.768044,42.03,41.585082283774184
20.4,25.625067,44.45,43.51937797365875
35.17,14.371377,20.4,18.138928439263474
12.88,11.250651,35.17,32.98289383664522
11.38,6.357037,12.88,10.031364373361844
8.44,1.2264217,11.38,9.071996627140722
6.29,0.0,8.44,5.98185886069694
3.46,0.0,6.29,3.9745450457857667
1.93,0.0,3.46,1.4017853467398802
0.58,0.0,1.93,-0.5222536290025315
0.22,0.0,0.58,-1.5564354407827616
0.26,0.0,0.22,-1.9950916751083305
0.26,0.0,0.26,-1.4494322549807168
0.26,0.0,0.26,-1.5412818673684308
0.26,0.0,0.26,-0.8125885946175716
0.27,0.0,0.26,-1.0458648754693682
0.26,0.0,0.27,-0.563045831421748
0.25,0.0,0.26,-0.6162646169791507
0.25,0.0,0.25,-0.5480094783786216
0.25,0.0,0.25,-0.573242563949808
0.25,0.0,0.25,-0.4160766092928914
0.25,0.0,0.25,-0.42844987587925737
0.25,0.0,0.25,-0.1882404977787802
0.25,0.0,0.25,-0.11530899130887305
0.25,0.0,0.25,-0.19896159031518354
0.25,0.0,0.25,-0.1595592914283435
0.25,0.0,0.25,-0.22407483661183747
0.25,0.0,0.25,-0.11891931394294133
0.25,0.0,0.25,-0.26299361557211803
0.25,0.0,0.25,-0.30600922389138197
0.26,0.0,0.25,-0.9901149785527217
0.26,0.0,0.26,-1.0108585164577248
0.25,0.0,0.26,-1.043826767170189
0.25,0.0,0.25,-1.0599891090650755
0.25,0.0,0.25,-0.9666249235085693
0.25,0.0,0.25,-0.9613977203265374
0.26,0.0,0.25,-0.9341958072772245
0.25,0.0,0.26,-0.879499427183694
0.25,0.0,0.25,-0.7491025415290633
0.25,0.0,0.25,-0.6859356612297809
0.25,0.0,0.25,-0.6043025723628385
0.25,0.0,0.25,-0.5100207480564745
0.25,0.0,0.25,-0.34202543944863667
0.25,0.0,0.25,-0.2334273006132359
0.25,0.0,0.25,-0.10687631792415137
0.25,0.0,0.25,0.027090415846882654
0.25,0.0,0.25,0.2201040902421627
0.25,0.0,0.25,0.36747414347128954
0.25,0.0,0.25,0.5322773982122795
0.25,0.0,0.25,0.6980289835623559
0.25,0.0,0.25,0.9120839407647092
0.25,0.0,0.25,1.0978186334050644
0.25,0.0,0.25,1.2876125386626167
0.25,0.0,0.25,1.4772250789387449
0.25,0.0,0.25,1.6856458417748617
0.25,0.0,0.25,1.8831023364125872
0.25,0.0,0.25,2.0784312773176374
0.25,0.0,0.25,2.2746792255815516
0.25,0.0,0.25,2.473613108606635
0.25,0.0,0.25,2.6700069863025844
0.25,0.0,0.25,2.8722610250572673
0.25,0.0,0.25,3.060880377162242
0.25,0.0,0.25,3.237379676193403
0.25,0.0,0.25,3.427632781283997
0.25,0.0,0.25,3.6044396594140418
0.25,0.0,0.25,3.7839153705601087
0.25,0.0,0.25,3.9267198365164906
0.26,0.0,0.25,4.0850640447435
0.22,0.0,0.26,4.253389808750817
0.57,0.0,0.22,4.374267106571476
1.93,0.0,0.57,4.810997165953989
3.19,0.0,1.93,6.266825991503687
6.44,0.0,3.19,7.668902281848286
9.22,0.0,6.44,11.04664058614047
11.76,1.5741442,9.22,13.885796613084095
8.1,5.400989,11.76,16.564201473467907
7.99,5.9663944,8.1,12.936721157664008
10.97,3.925214,7.99,12.797124948363965
15.88,4.916026,10.97,15.522621224978002
15.49,8.197036,15.88,20.373482855354844
22.25,10.983806,15.49,20.03955076328069
30.79,14.769515,22.25,26.67066621867828
30.95,22.43632,30.79,34.960588224738586
35.3,26.762058,30.95,35.31099323396097
61.56,29.587994,35.3,39.44480739768647
65.6,40.33495,61.56,64.91058322220714
39.74,50.06018,65.6,68.49587317379202
24.51,45.700512,39.74,42.748594181152384
18.4,30.437008,24.51,27.331072033347393
20.38,20.182283,18.4,19.895234553849676
31.22,13.9563,20.38,21.43271605696009
32.77,16.25427,31.22,31.44991033571116
30.75,20.530727,32.77,33.16929008227239
48.209999999999994,21.084084,30.75,31.96138472638812
70.39,24.803385,48.209999999999994,49.049243957418796
72.28,36.5777,70.39,70.8989474360736
46.65,43.760456,72.28,72.68587935168522
60.71,38.890755,46.65,46.38629844448535
30.65,35.003536,60.71,58.67280344521882
14.0,19.88465,30.65,28.936670324198627
13.79,7.2957325,14.0,12.623482508644484
12.26,1.4415685,13.79,10.781554821257004
5.12,0.0,12.26,8.920841999757148
3.85,0.0,5.12,2.7152027662165326
1.96,0.0,3.85,0.9125121033753342
0.52,0.0,1.96,-0.2427574993513268
0.24,0.0,0.52,-1.5141297735380408
0.25,0.0,0.24,-2.383115498947459
0.25,0.0,0.25,-2.437626163342568
0.25,0.0,0.25,-1.4412259751891645
0.25,0.0,0.25,-1.603485983521201
0.25,0.0,0.25,-1.0158676101973432
0.25,0.0,0.25,-0.7543217412225954
0.25,0.0,0.25,-0.8931959969857602
0.24,0.0,0.25,-0.8653480651488383
0.24,0.0,0.24,-0.7151856825119753
0.24,0.0,0.24,-0.7255465511994416
0.24,0.0,0.24,-0.7358059982118872
0.24,0.0,0.24,-0.49474503945220316
0.24,0.0,0.24,-0.27081003851255364
0.24,0.0,0.24,-0.15693283002445574
0.24,0.0,0.24,-0.25226181605435893
0.24,0.0,0.24,0.018690988249602386
0.24,0.0,0.24,-0.12959424154701105
0.25,0.0,0.24,-0.24670000257139885
0.24,0.0,0.25,-0.26027842575294785
0.25,0.0,0.24,-0.6173784838932208
0.24,0.0,0.25,-0.6663152984078751
0.24,0.0,0.24,-0.6940839266180596
0.25,0.0,0.24,-0.7131821839148035
0.25,0.0,0.25,-0.6096509136233218
0.25,0.0,0.25,-0.6032679862106325
0.25,0.0,0.25,-0.5824004181218814
0.25,0.0,0.25,-0.5426380243572089
0.25,0.0,0.25,-0.403032157543623
0.25,0.0,0.25,-0.3400650794192451
0.25,0.0,0.25,-0.2615275248730308
0.25,0.0,0.25,-0.17436360241815427
0.25,0.0,0.25,-0.003702274243063304
0.25,0.0,0.25,0.11065087516023114
0.25,0.0,0.25,0.23551882491793386
0.25,0.0,0.25,0.3612173987860234
0.25,0.0,0.25,0.5490345803102094
0.25,0.0,0.25,0.7033502923527599
0.25,0.0,0.25,0.8660796053581172
0.25,0.0,0.25,1.032691195632759
0.25,0.0,0.25,1.2533742901302714
0.25,0.0,0.25,1.437157258064933
0.25,0.0,0.25,1.6153639966881168
0.25,0.0,0.25,1.7984045087851794
0.26,0.0,0.25,2.001388041220196
0.25,0.0,0.26,2.2118706003380026
0.25,0.0,0.25,2.401748011377859
0.25,0.0,0.25,2.601964871047084
0.25,0.0,0.25,2.8037949797570345
0.25,0.0,0.25,3.009831779717604
0.25,0.0,0.25,3.209488349233137
0.25,0.0,0.25,3.4060763235531972
0.25,0.0,0.25,3.5869077808901175
0.24,0.0,0.25,3.773337577026892
0.25,0.0,0.24,3.9457611723278028
0.25,0.0,0.25,4.142108350042984
0.25,0.0,0.25,4.288540294003076
0.27,0.0,0.25,4.462101829152737
0.28,0.0,0.27,4.64296831979283
1.31,0.0,0.28,4.808259219330735
2.66,0.0,1.31,5.93048413202973
6.53,0.0,2.66,7.389753422673024
9.09,0.0,6.53,11.38705607293378
9.17,0.816448,9.09,14.068370658590817
14.01,5.065703,9.17,14.195883320554227
19.02,7.5842104,14.01,19.10087012774813
28.39,11.886851,19.02,24.05250296040615
32.26,18.72633,28.39,33.45017145653858
34.86,25.298586,32.26,37.30847558152165
38.19,28.821793,34.86,39.93613312472207
40.53,34.97085,38.19,42.30595003074172
38.11999999999999,34.998856,40.53,44.80813330114988
49.0,34.60025,38.11999999999999,42.168814891766466
85.51,39.774128,49.0,52.131298494283506
78.42,54.152138,85.51,88.46214548078316
91.64,62.838913,78.42,81.29977004462015
87.57,69.76815,91.64,94.31878334976584
82.94,68.99432,87.57,88.9474999658275
95.04000000000002,66.596886,82.94,83.97594461791911
88.18,65.68452,95.04000000000002,95.42087013833854
81.02000000000001,64.04334,88.18,86.58751152838775
62.96,59.486458,81.02000000000001,79.43971273204694
50.44,51.3184,62.96,59.84452130421064
33.75,38.41098,50.44,47.34480113039967
30.59,25.90136,33.75,29.972614115409648
22.76,15.260595,30.59,26.403195939816634
19.55,8.958182,22.76,17.733528977676222
18.5,3.680848,19.55,15.00098754043419
16.91,0.0,18.5,13.973921506890665
20.67,0.0,16.91,12.74056185042817
19.69,0.0,20.67,17.03756801488024
12.19,0.0,19.69,15.844976855040708
6.17,0.0,12.19,8.805672481328028
5.15,0.0,6.17,2.8484082774825725
3.73,0.0,5.15,1.9924142034803505
1.26,0.0,3.73,0.7798638142948788
0.19,0.0,1.26,-1.2632306461580667
0.26,0.0,0.19,-2.134110495459295
0.25,0.0,0.26,-1.4340897392734921
0.25,0.0,0.25,-1.149453598240426
0.25,0.0,0.25,-0.8081254951318086
0.26,0.0,0.25,-0.6556626697593011
0.26,0.0,0.26,-0.6134645119774753
0.25,0.0,0.26,-0.37356983646194986
0.24,0.0,0.25,-0.050647143895235745
0.24,0.0,0.24,0.1405944745062397
0.24,0.0,0.24,0.10974908489490016
0.24,0.0,0.24,0.10289904706451816
0.24,0.0,0.24,0.12904275701439027
0.24,0.0,0.24,0.10290433950994896
0.24,0.0,0.24,0.007015115262025071
0.24,0.0,0.24,-0.06068958346030332
0.24,0.0,0.24,-0.01047204816258765
0.24,0.0,0.24,-0.053799342244671734
0.24,0.0,0.24,-0.03804919730317276
0.25,0.0,0.24,-0.04387036711217474
0.25,0.0,0.25,-0.5954786698993799
0.25,0.0,0.25,-0.6415896951134358
0.25,0.0,0.25,-0.6452465389053917
0.25,0.0,0.25,-0.6643592678225902
0.25,0.0,0.25,-0.5917115728734407
0.25,0.0,0.25,-0.5793493772037183
0.25,0.0,0.25,-0.5544582772023111
0.25,0.0,0.25,-0.5106011998203329
0.25,0.0,0.25,-0.3744950849493137
0.25,0.0,0.25,-0.31430791738097824
0.25,0.0,0.25,-0.24347615679271767
0.25,0.0,0.25,-0.15091090039532412
0.25,0.0,0.25,0.026950425479296825
0.25,0.0,0.25,0.13749432647351129
0.25,0.0,0.25,0.25879726962213223
0.25,0.0,0.25,0.38100612399716677
0.25,0.0,0.25,0.5827670313409541
0.25,0.0,0.25,0.7328469641055583
0.26,0.0,0.25,0.8962575363390137
0.25,0.0,0.26,1.0703754162053698
0.25,0.0,0.25,1.26787943707496
0.25,0.0,0.25,1.4505108309032553
0.26,0.0,0.25,1.6408733778263742
0.26,0.0,0.26,1.8440227208689228
0.26,0.0,0.26,2.0471005555912356
0.26,0.0,0.26,2.2442781307444313
0.26,0.0,0.26,2.4385521367362992
0.25,0.0,0.26,2.632813796807274
0.26,0.0,0.25,2.824949850211057
0.25,0.0,0.26,3.028538058484345
0.25,0.0,0.25,3.2180198112938494
0.25,0.0,0.25,3.414876070802074
0.25,0.0,0.25,3.5935385426155206
0.25,0.0,0.25,3.785478878252873
0.25,0.0,0.25,3.975255013199444
0.25,0.0,0.25,4.152775846691222
0.25,0.0,0.25,4.297330344166431
0.26,0.0,0.25,4.4581710023002845
0.28,0.0,0.26,4.634063952389196
1.83,0.0,0.28,4.807694641740622
4.15,0.0,1.83,6.456992040095385
7.52,0.0,4.15,8.869324437234134
13.76,0.0,7.52,12.403688553784152
25.63,3.5412767,13.76,18.777103149375005
38.99,15.2374,25.63,30.654061773131268
25.37,28.84066,38.99,44.02121792514653
20.36,30.291183,25.37,30.76252749714494
22.0,23.583382,20.36,25.667520599073413
20.32,20.245565,22.0,26.344090186570718
24.38,18.022467,20.32,24.42625506099987
65.74,17.256397,24.38,28.35184474576707
31.25,36.675922,65.74,68.99299726021815
29.1,40.75165,31.25,35.27298932633277
55.18,34.652924,29.1,33.75755296676089
71.27,38.5667,55.18,57.87467259058409
46.31,52.332954,71.27,73.45608309093556
58.55,46.961468,46.31,49.89138063065302
69.81,48.483604,58.55,59.53423193558119
58.32,49.557205,69.81,70.77129665360357
95.59,48.56163,58.32,59.66972671174287
76.6,60.221157,95.59,95.17352812737512
80.61,56.525715,76.6,76.19535735041332
89.2,53.16706,80.61,82.0021276436971
81.41,56.135674,89.2,87.02509721037654
72.1,51.75787,81.41,79.53155531697644
65.44,44.960346,72.1,70.5205837892066
59.64,40.130463,65.44,61.3690269179869
52.51,33.648804,59.64,55.24496352348527
45.84,25.232325,52.51,48.5043723733854
38.38,20.79755,45.84,41.21013137482601
24.98,15.258943,38.38,33.40218234292398
13.02,7.6854525,24.98,20.324489482291995
9.19,0.0,13.02,7.327018331459976
5.01,0.0,9.19,3.659571373317896
3.53,0.0,5.01,-0.47252681955466946
1.24,0.0,3.53,-1.4843646260447587
0.17,0.0,1.24,-3.367022762571838
0.26,0.0,0.17,-3.8843356261524358
0.25,0.0,0.26,-3.1701214475888935
0.26,0.0,0.25,-2.790795669591005
0.25,0.0,0.26,-2.5471791904612378
0.25,0.0,0.25,-2.285801510631377
0.26,0.0,0.25,-1.9452052987587936
0.26,0.0,0.26,-1.63156985622998
0.24,0.0,0.26,-0.9231570188755428
0.24,0.0,0.24,-0.8736037607183353
0.24,0.0,0.24,-0.6577158977631448
0.25,0.0,0.24,-0.44150187845516914
0.24,0.0,0.25,-0.19683988515439904
0.24,0.0,0.24,-0.12886194729060224
0.24,0.0,0.24,-0.08632970629920689
0.24,0.0,0.24,-0.03411924111248424
0.24,0.0,0.24,0.09952191939659946
0.24,0.0,0.24,0.12162840418609269
0.25,0.0,0.24,0.12522130542201504
0.25,0.0,0.25,0.07553665040061171
0.25,0.0,0.25,-0.7707632844770932
0.25,0.0,0.25,-0.8107877347402699
0.25,0.0,0.25,-0.840990212941244
0.25,0.0,0.25,-0.8433908434279013
0.25,0.0,0.25,-0.7527324248483601
0.25,0.0,0.25,-0.7513191988847654
0.25,0.0,0.25,-0.7228288303544699
0.25,0.0,0.25,-0.6843747497299382
0.25,0.0,0.25,-0.5432028419083469
0.25,0.0,0.25,-0.4796477516214295
0.25,0.0,0.25,-0.40390466862537544
0.26,0.0,0.25,-0.32285016504257347
0.25,0.0,0.26,-0.14279723008981934
0.25,0.0,0.25,-0.045869346498978274
0.25,0.0,0.25,0.08305908697487221
0.26,0.0,0.25,0.2164941553641031
0.26,0.0,0.26,0.42303338771280685
0.26,0.0,0.26,0.577841515322206
0.26,0.0,0.26,0.7411267145465977
0.26,0.0,0.26,0.910249941135318
0.26,0.0,0.26,1.120613658212265
0.26,0.0,0.26,1.3046222580947946
0.26,0.0,0.26,1.492705002988341
0.26,0.0,0.26,1.6788563721070744
0.26,0.0,0.26,1.8879223910435856
0.26,0.0,0.26,2.086413016064229
0.26,0.0,0.26,2.2776866553175372
0.26,0.0,0.26,2.4802247902175694
0.26,0.0,0.26,2.6790596976476846
0.25,0.0,0.26,2.881227353941516
0.25,0.0,0.25,3.069282485580423
0.25,0.0,0.25,3.2713926294869866
0.25,0.0,0.25,3.4510009741611025
0.25,0.0,0.25,3.638693223375189
0.25,0.0,0.25,3.825785267984205
0.25,0.0,0.25,4.00585706130236
0.26,0.0,0.25,4.1567592484923495
0.27,0.0,0.26,4.3335965808359616
0.39,0.0,0.27,4.501817076829001
2.08,0.0,0.39,4.768368106026724
4.73,0.0,2.08,6.556885228860084
6.48,0.0,4.73,9.305968035409558
7.85,0.0,6.48,11.165244342548267
13.1,0.0,7.85,12.52210062546933
15.91,2.992509,13.1,17.950734935538975
35.98,7.3992786,15.91,20.843601055724193
27.95,18.869253,35.98,40.894572182667346
22.17,25.172382,27.95,32.99733884535422
19.31,24.64498,22.17,27.175779997312222
19.81,18.334223,19.31,23.851469490440792
23.34,16.16647,19.81,23.74850731458401
25.89,14.997761,23.34,27.30552234984884
28.49,18.203262,25.89,29.243372749435864
45.82,21.04121,28.49,32.043512663861684
68.0,29.230507,45.82,49.331976638881954
45.8,45.217735,68.0,71.51667888950165
33.29,46.582546,45.8,49.50120298248733
31.52,37.346104,33.29,36.7773730887094
54.24,29.415049,31.52,33.050815063693044
64.23,33.313744,54.24,55.1491961531189
77.52,40.528084,64.23,65.345158298767
75.98,53.47125,77.52,77.74206334981649
77.13,53.374153,75.98,76.95863992162478
74.75,52.418186,77.13,77.83187260595112
83.82,48.682716,74.75,74.26709300027173
79.02,48.59545,83.82,82.22134400190394
72.4,46.6521,79.02,76.66114698965234
44.08,43.205578,72.4,69.00256776721506
17.14,26.53275,44.08,40.88944481819717
14.59,8.9239235,17.14,14.082293814314733
13.09,2.370033,14.59,10.553724348551077
9.99,0.0,13.09,7.970099655936256
7.75,0.0,9.99,4.970289702070704
2.93,0.0,7.75,2.9018743995697083
2.22,0.0,2.93,-1.1328944139617136
0.93,0.0,2.22,-1.2538758217491461
0.2,0.0,0.93,-2.4786446160005555
0.26,0.0,0.2,-3.3904704041092035
0.26,0.0,0.26,-3.0572821313069865
0.27,0.0,0.26,-2.6835779533631916
0.27,0.0,0.27,-1.9141533447791972
0.27,0.0,0.27,-1.388085686750933
0.27,0.0,0.27,-1.386014979913442
0.26,0.0,0.27,-1.215931985020882
0.25,0.0,0.26,-0.9855746323121873
0.25,0.0,0.25,-0.8071184656958906
0.25,0.0,0.25,-0.6153779415187313
0.25,0.0,0.25,-0.4915067207307983
0.25,0.0,0.25,-0.2776481745329723
0.25,0.0,0.25,-0.07783566710868664
0.25,0.0,0.25,0.026566454159629715
0.25,0.0,0.25,0.10806782172564922
0.25,0.0,0.25,0.09656220552235781
0.25,0.0,0.25,-0.080411831314878
0.25,0.0,0.25,-0.12098862347188183
0.25,0.0,0.25,-0.15691228144926406
0.25,0.0,0.25,-1.3069190674425248
0.26,0.0,0.25,-1.3360766731843745
0.26,0.0,0.26,-1.3679773202537573
0.26,0.0,0.26,-1.3805500056008042
0.26,0.0,0.26,-1.2889761291919244
0.26,0.0,0.26,-1.2749485767390776
0.26,0.0,0.26,-1.2550429558834497
0.26,0.0,0.26,-1.204283147406785
0.26,0.0,0.26,-1.0704185852021815
0.26,0.0,0.26,-1.0115913827442797
0.26,0.0,0.26,-0.9397587479318236
0.26,0.0,0.26,-0.8511066363027396
0.26,0.0,0.26,-0.6766062535495971
0.26,0.0,0.26,-0.5602467040513512
0.26,0.0,0.26,-0.4416745879737177
0.26,0.0,0.26,-0.31039740604475013
0.26,0.0,0.26,-0.11187259002939633
0.26,0.0,0.26,0.04891494690592392
0.26,0.0,0.26,0.21318618832724592
0.26,0.0,0.26,0.38642811473450767
0.27,0.0,0.26,0.5929195551301212
0.26,0.0,0.27,0.7820154177587351
0.27,0.0,0.26,0.9559901555421705
0.26,0.0,0.27,1.1553599485009587
0.27,0.0,0.26,1.3555942376845522
0.26,0.0,0.27,1.5492568062098684
0.27,0.0,0.26,1.7326582290025907
0.26,0.0,0.27,1.951294305965935
0.26,0.0,0.26,2.145903834929307
0.26,0.0,0.26,2.345365857989685
0.26,0.0,0.26,2.542841130311173
0.26,0.0,0.26,2.7235997185203566
0.26,0.0,0.26,2.8911205212173434
0.25,0.0,0.26,3.0885149269473047
0.25,0.0,0.25,3.2702953958247565
0.25,0.0,0.25,3.449886829176082
0.25,0.0,0.25,3.5852603303013066
0.27,0.0,0.25,3.7507690622979024
0.27,0.0,0.27,3.9301208181939806
0.36,0.0,0.27,4.085557644474405
0.92,0.0,0.36,4.279532039420457
2.12,0.0,0.92,4.957690139606806
2.9700000000000006,0.0,2.12,6.281969373432601
5.91,0.0,2.9700000000000006,7.2610668878962406
7.79,0.0,5.91,10.250730844895092
8.95,0.0,7.79,12.18676606186629
9.39,0.00084350817,8.95,13.449969929247224
9.77,0.85222423,9.39,13.894565517004766
10.6,1.9264916,9.77,14.197328990576763
13.16,2.2917957,10.6,14.97646905715408
15.98,3.3429186,13.16,17.419101434135413
21.96,5.720474,15.98,20.16659039311956
32.33,10.997212,21.96,26.048536773608884
32.81,19.74299,32.33,36.273368672441414
34.84,26.66916,32.81,36.71637505673749
35.21,29.42642,34.84,38.71333459417819
31.68,30.235165,35.21,38.42614515546976
41.2,28.358608,31.68,34.58050151813575
26.77,29.697079,41.2,43.57908663689046
23.54,26.79012,26.77,28.680863865310286
35.94,20.65848,23.54,25.47449014303366
20.1,20.885101,35.94,37.015138544713935
15.21,18.660355,20.1,21.04021726000169
12.88,11.582145,15.21,16.478359721013344
11.06,5.3357964,12.88,12.988598582601744
8.52,1.4137932,11.06,11.058070426334526
5.54,0.0,8.52,8.449496271221639
2.77,0.0,5.54,5.042390913232822
1.79,0.0,2.77,2.5478746235081147
1.31,0.0,1.79,1.699942780617919
0.89,0.0,1.31,0.9106062605093562
0.83,0.0,0.89,0.8495670444555328
0.8,0.0,0.83,0.8935593811970312
0.36,0.0,0.8,0.5157936232929972
0.8,0.0,0.36,0.4249136653511521
0.78,0.0,0.8,0.8752013185612412
0.23,0.0,0.78,0.8845372568341653
0.27,0.0,0.23,0.3820738797187535
0.27,0.0,0.27,0.4283948192610972
0.27,0.0,0.27,0.4089422683354912
0.27,0.0,0.27,0.49641337000398256
0.27,0.0,0.27,0.40715548339812735
0.27,0.0,0.27,0.41894376455287496
0.26,0.0,0.27,0.2779310722738109
0.25,0.0,0.26,0.24440607964409372
0.25,0.0,0.25,0.25005261801932577
0.25,0.0,0.25,0.08409548511099404
0.25,0.0,0.25,-0.05235551994148026
0.25,0.0,0.25,-0.06542902037069039
0.25,0.0,0.25,-0.15805373424705227
0.25,0.0,0.25,-0.2680232564251749
0.25,0.0,0.25,-0.37593254653719943
0.25,0.0,0.25,-0.37740926608763076
0.25,0.0,0.25,-0.46484112251082005
0.26,0.0,0.25,-0.5409237666872091
0.26,0.0,0.26,-0.5926617669386527
0.25,0.0,0.26,-1.057130747966373
0.26,0.0,0.25,-1.1001730875712616
0.26,0.0,0.26,-1.1143448989748488
0.26,0.0,0.26,-1.1250820696419657
0.26,0.0,0.26,-1.0255905866985848
0.25,0.0,0.26,-1.0025463652688966
0.24,0.0,0.25,-0.987713445708765
0.25,0.0,0.24,-0.9587131936462364
0.25,0.0,0.25,-0.8127717611788712
0.25,0.0,0.25,-0.740806333193937
0.25,0.0,0.25,-0.6608549637332962
0.25,0.0,0.25,-0.5698970275320902
0.25,0.0,0.25,-0.40058815810303505
0.25,0.0,0.25,-0.28411554338215267
0.25,0.0,0.25,-0.15953194746797011
0.25,0.0,0.25,-0.02123234918758099
0.25,0.0,0.25,0.17769056563560537
0.25,0.0,0.25,0.334263757204813
0.25,0.0,0.25,0.492075274748794
0.25,0.0,0.25,0.6638786207268866
0.25,0.0,0.25,0.8682442512659956
0.25,0.0,0.25,1.0512526040296468
0.25,0.0,0.25,1.2397447705366167
0.25,0.0,0.25,1.4310200087832756
0.25,0.0,0.25,1.6421092690836925
0.25,0.0,0.25,1.838454281806949
0.25,0.0,0.25,2.0402493631846745
0.25,0.0,0.25,2.2417755409984164
0.25,0.0,0.25,2.4428201158344662
0.25,0.0,0.25,2.6435288985574794
0.25,0.0,0.25,2.841670786209114
0.25,0.0,0.25,3.0368585786347277
0.25,0.0,0.25,3.2110258377319716
0.25,0.0,0.25,3.399533151980567
0.25,0.0,0.25,3.585210548375727
0.25,0.0,0.25,3.76680425531486
0.25,0.0,0.25,3.912813404761957
0.25,0.0,0.25,4.081346056128054
0.27,0.0,0.25,4.237762131447803
0.16,0.0,0.27,4.408706887675563
0.24,0.0,0.16,4.400510344579881
1.05,0.0,0.24,4.605911465645932
2.79,0.0,1.05,5.520477056300038
4.47,0.0,2.79,7.361315967508704
6.37,0.0,4.47,9.121865907437217
8.98,0.0,6.37,11.12047329801258
12.49,0.0,8.98,13.78383714344394
18.31,1.6966109,12.49,17.314697360044025
21.34,7.4183,18.31,23.070193990379053
21.99,12.58286,21.34,26.08078296224586
23.18,15.407009,21.99,26.698490819134197
28.4,16.384388,23.18,27.67184693865227
34.28,19.049667,28.4,32.57754921839127
35.93,24.087587,34.28,38.25218490465448
39.2,27.922674,35.93,39.77942898564132
42.53,31.050285,39.2,42.775286703329044
43.72,33.782146,42.53,45.66398733154015
42.37,35.95875,43.72,46.54980287908244
37.07,35.733105,42.37,44.81985828826122
34.93,32.40081,37.07,38.99611819665663
37.9,27.758114,34.93,36.294122579690686
33.19,25.520716,37.9,38.74025966167262
26.11,22.807419,33.19,33.733022607516915
25.57,17.373148,26.11,26.614095040111813
32.35,12.598468,25.57,25.524205302858963
27.03,12.106685,32.35,31.888974240680252
21.86,11.243649,27.03,26.62025942514199
23.54,8.163743,21.86,21.286490143124944
21.42,4.9884143,23.54,22.54469884616625
24.49,3.0682695,21.42,20.307358803347487
14.8,2.9939196,24.49,23.343015215869166
11.6,0.8548094,14.8,13.448811751316844
11.02,0.0,11.6,10.413303249476334
5.84,0.0,11.02,9.456016363029288
3.13,0.0,5.84,4.261085340229219
1.13,0.0,3.13,1.7976334899522817
0.22,0.0,1.13,-0.3947805532680457
0.26,0.0,0.22,-1.2133422480691418
0.26,0.0,0.26,-0.9895426510348988
0.26,0.0,0.26,-0.8647887079113271
0.26,0.0,0.26,-0.6838384575997503
0.26,0.0,0.26,-0.5902957309563049
0.26,0.0,0.26,-0.6610625333324547
0.26,0.0,0.26,-0.48993868629724335
0.24,0.0,0.26,-0.3992452673911962
0.25,0.0,0.24,-0.43309869848239857
0.25,0.0,0.25,-0.37693721902878574
0.25,0.0,0.25,-0.41422481017517643
0.25,0.0,0.25,-0.33209159154953694
0.24,0.0,0.25,-0.2985298366488065
0.25,0.0,0.24,-0.3723642585678638
0.25,0.0,0.25,-0.4322936811904704
0.25,0.0,0.25,-0.3446835933525016
0.25,0.0,0.25,-0.3749070158910166
0.25,0.0,0.25,-0.3586818113620527
0.26,0.0,0.25,-0.4283365918223575
0.25,0.0,0.26,-1.0344178532836559
0.25,0.0,0.25,-1.0471218106488103
0.25,0.0,0.25,-1.080604463544768
0.25,0.0,0.25,-1.095573964362114
0.25,0.0,0.25,-1.007642363934468
0.25,0.0,0.25,-0.9987758330441335
0.25,0.0,0.25,-0.9687079100560805
0.25,0.0,0.25,-0.9251423142666207
0.25,0.0,0.25,-0.7880415802722853
0.25,0.0,0.25,-0.7210774160735983
0.24,0.0,0.25,-0.644539166962327
0.24,0.0,0.24,-0.5625362439368121
0.25,0.0,0.24,-0.39449329501127006
0.25,0.0,0.25,-0.2720230659647682
0.25,0.0,0.25,-0.14716891170067464
0.25,0.0,0.25,-0.01224004919334054
0.25,0.0,0.25,0.1792946798259701
0.25,0.0,0.25,0.3310467544091789
0.25,0.0,0.25,0.49250392189993825
0.25,0.0,0.25,0.6614856950781047
0.25,0.0,0.25,0.8711141234863948
0.25,0.0,0.25,1.0526586835825793
0.25,0.0,0.25,1.2374717930612422
0.25,0.0,0.25,1.4265674919182403
0.25,0.0,0.25,1.6366748433663232
0.25,0.0,0.25,1.825835906819892
0.25,0.0,0.25,2.0242738159301448
0.25,0.0,0.25,2.2259150869343336
0.25,0.0,0.25,2.4260359963348757
0.25,0.0,0.25,2.626037255893363
0.25,0.0,0.25,2.8226582103372824
0.25,0.0,0.25,3.0171776751730874
0.25,0.0,0.25,3.1925124466805035
0.25,0.0,0.25,3.3835987103009195
0.25,0.0,0.25,3.5676743011957304
0.26,0.0,0.25,3.7482340040897273
0.25,0.0,0.26,3.9043122035108198
0.27,0.0,0.25,4.062477708933995
0.26,0.0,0.27,4.240535072092702
0.58,0.0,0.26,4.381281202103212
2.26,0.0,0.58,4.804044768737762
4.8,0.0,2.26,6.598646735455228
7.45,0.0,4.8,9.254335155873544
11.19,0.0,7.45,12.045040085890022
14.35,3.4730163,11.19,15.847153617697963
18.6,7.945509,14.35,19.078721550481603
28.79,11.970169,18.6,23.374575848982396
38.82,18.181116,28.79,33.50811905924557
45.1,28.297596,38.82,43.57856345341071
50.23,37.692364,45.1,49.85938305783497
52.18,44.456814,50.23,54.70853237490626
52.28,47.19637,52.18,56.21768627591726
51.87,47.373596,52.28,55.96835579191753
45.39,47.485374,51.87,54.70566549858093
38.08,42.965115,45.39,47.889971506855204
30.86,38.326817,38.08,39.9544908962188
28.52,33.076546,30.86,31.7975808197092
26.13,27.5552,28.52,29.02262765994034
22.58,21.263643,26.13,26.658130855545593
18.4,16.503859,22.58,22.921696581953935
15.06,13.015895,18.4,18.440362165198575
17.79,9.984495,15.06,14.829850120295113
20.26,7.413068,17.79,17.510853423297966
20.71,6.34057,20.26,20.02377600866935
16.02,6.0686383,20.71,20.621746406898676
12.86,4.620279,16.02,15.897810315788144
13.63,2.484246,12.86,12.683159159333517
14.15,1.057323,13.63,13.38962728040501
14.31,0.068445235,14.15,13.857487438585853
11.79,0.77084064,14.31,13.93727769871621
9.27,1.0108895,11.79,11.347822750115787
9.6,0.4557258,9.27,8.957356033696048
6.15,0.0,9.6,9.444481335549625
2.58,0.0,6.15,6.0246922950033905
1.48,0.0,2.58,2.427929318866195
0.7,0.0,1.48,1.1744257832164406
0.19,0.0,0.7,0.4393637012871128
0.26,0.0,0.19,0.14471711360281408
0.26,0.0,0.26,0.22554344243957902
0.26,0.0,0.26,0.2044367971397483
0.26,0.0,0.26,0.2586915207981243
0.26,0.0,0.26,0.18302474871660188
0.26,0.0,0.26,0.15438631297256705
0.26,0.0,0.26,0.10437440822360519
0.25,0.0,0.26,0.049898942494259954
0.25,0.0,0.25,-0.008345353147430554
0.25,0.0,0.25,-0.009023426127361088
0.25,0.0,0.25,-0.052970990474386116
0.25,0.0,0.25,-0.006510092293166049
0.25,0.0,0.25,-0.09606728933659603
0.25,0.0,0.25,-0.1947136322846043
0.25,0.0,0.25,-0.25685063979409445
0.25,0.0,0.25,-0.20777646334636232
0.25,0.0,0.25,-0.2448528992104844
0.26,0.0,0.25,-0.29718742363583356
0.26,0.0,0.26,-0.33034641136362985
0.26,0.0,0.26,-0.908745131100815
0.26,0.0,0.26,-0.9448206857048058
0.25,0.0,0.26,-0.9808974890676401
0.25,0.0,0.25,-1.0017951196923502
0.25,0.0,0.25,-0.9089841323587337
0.25,0.0,0.25,-0.8984441380683141
0.25,0.0,0.25,-0.8716784383718028
0.25,0.0,0.25,-0.8313164197666454
0.25,0.0,0.25,-0.6918364126677545
0.25,0.0,0.25,-0.6277800418550218
0.25,0.0,0.25,-0.5506514080262915
0.25,0.0,0.25,-0.4618325311997702
0.25,0.0,0.25,-0.28874538264219785
0.25,0.0,0.25,-0.1759660532898636
0.25,0.0,0.25,-0.05116192650706508
0.25,0.0,0.25,0.08326525430654927
0.25,0.0,0.25,0.28109733858036084
0.26,0.0,0.25,0.43229731590290366
0.26,0.0,0.26,0.6076652876419333
0.26,0.0,0.26,0.7800138120719826
0.26,0.0,0.26,0.9833014851427155
0.26,0.0,0.26,1.1569756518880367
0.26,0.0,0.26,1.3354015298135955
0.26,0.0,0.26,1.5284010275572482
0.26,0.0,0.26,1.7383866319661823
0.26,0.0,0.26,1.9289838535040253
0.26,0.0,0.26,2.1290410504634285
0.26,0.0,0.26,2.336186686366229
0.25,0.0,0.26,2.542250505432538
0.25,0.0,0.25,2.729448831008253
0.25,0.0,0.25,2.9378956991049607
0.25,0.0,0.25,3.13353920647966
0.25,0.0,0.25,3.300806052158036
0.25,0.0,0.25,3.487128661387252
0.26,0.0,0.25,3.6783492259680717
0.26,0.0,0.26,3.863751621636643
0.26,0.0,0.26,4.007692554035465
0.27,0.0,0.26,4.186300514085664
0.25,0.0,0.27,4.356283111303326
1.07,0.0,0.25,4.4881348488690325
4.17,0.0,1.07,5.409536791391555
4.73,0.0,4.17,8.616750896241719
6.43,0.0,4.73,9.324926320374448
8.62,0.0,6.43,11.192613709779286
9.77,0.81985444,8.62,13.342580091450609
9.54,3.084846,9.77,14.58684896476047
13.93,3.5909557,9.54,14.399788050720094
22.37,5.085707,13.93,18.658618806562032
38.8,11.820789,22.37,26.97602745171219
42.46,24.291729,38.8,43.429009231054856
36.85,35.073017,42.46,47.25220642320778
44.06,38.6205,36.85,41.376347738260364
55.14,37.69291,44.06,48.2675977725612
60.42,42.460506,55.14,58.495320223722786
55.89,48.238228,60.42,63.49975284792648
53.82,49.031883,55.89,58.61796299470068
45.07,46.634956,53.82,55.96557095521786
42.9,40.689312,45.07,46.87171261352768
37.85,36.586285,42.9,44.11747250889743
38.8,32.20615,37.85,38.35112044499827
36.15,29.143353,38.8,38.75198358385716
28.92,26.192703,36.15,35.62124434925413
22.75,20.62046,28.92,28.358739794247196
19.86,14.331378,22.75,22.25781792211289
16.87,8.432492,19.86,18.909260065670075
14.95,3.8156586,16.87,15.71034169923652
14.2,1.2627985,14.95,13.530797097059855
13.36,0.0,14.2,12.808914602732994
12.0,0.0,13.36,12.11399100785897
10.66,0.0,12.0,10.97978014451326
8.49,0.0,10.66,9.608878897759537
6.97,0.0,8.49,7.4989789145414525
4.88,0.0,6.97,5.952871907945312
3.02,0.0,4.88,3.938771604393415
1.44,0.0,3.02,2.243843736071462
0.2,0.0,1.44,0.7340144368932655
0.26,0.0,0.2,-0.3529291687114114
0.27,0.0,0.26,-0.11498650419056414
0.27,0.0,0.27,0.020159161415098728
0.27,0.0,0.27,0.09488762272212511
0.27,0.0,0.27,0.22285499969834566
0.27,0.0,0.27,0.21264524290683873
0.27,0.0,0.27,0.220068094207704
0.26,0.0,0.27,0.18826100477321744
0.25,0.0,0.26,0.2591580936706454
0.25,0.0,0.25,0.2321554594450168
0.25,0.0,0.25,0.17592586831586715
0.25,0.0,0.25,0.10263885789810197
0.25,0.0,0.25,0.14011205679626573
0.25,0.0,0.25,0.04423254031533652
0.25,0.0,0.25,-0.04353625527694874
0.25,0.0,0.25,-0.11289106488763405
0.25,0.0,0.25,-0.07033250820840203
0.25,0.0,0.25,-0.12447796850588881
0.25,0.0,0.25,-0.17257346824658057
0.25,0.0,0.25,-0.2188202204459845
0.25,0.0,0.25,-0.864173720286037
0.25,0.0,0.25,-0.8972191170941647
0.25,0.0,0.25,-0.9193006111591211
0.26,0.0,0.25,-0.934179205810849
0.26,0.0,0.26,-0.8380610545432419
0.25,0.0,0.26,-0.8232319873477469
0.25,0.0,0.25,-0.8044232993823709
0.25,0.0,0.25,-0.7669203030060018
0.26,0.0,0.25,-0.6318236663004682
0.26,0.0,0.26,-0.5615739621739848
0.26,0.0,0.26,-0.48698871849707526
0.26,0.0,0.26,-0.40137543505101503
0.25,0.0,0.26,-0.23311101539898466
0.26,0.0,0.25,-0.13209587826623695
0.26,0.0,0.26,-0.0008673820895635856
0.26,0.0,0.26,0.13387429685830032
0.26,0.0,0.26,0.33070556120218364
0.26,0.0,0.26,0.4830929497150043
0.26,0.0,0.26,0.6461141490054623
0.26,0.0,0.26,0.8173496378976107
0.26,0.0,0.26,1.0276478234009676
0.26,0.0,0.26,1.2046046406857223
0.26,0.0,0.26,1.3950286599966084
0.26,0.0,0.26,1.585505308326032
0.26,0.0,0.26,1.7949159294323365
0.26,0.0,0.26,1.9922890018875707
0.26,0.0,0.26,2.1932938078559494
0.25,0.0,0.26,2.3896794006731557
0.25,0.0,0.25,2.5816485246841996
0.25,0.0,0.25,2.7802274845043775
0.25,0.0,0.25,2.9772086419267376
0.25,0.0,0.25,3.1747174503082154
0.25,0.0,0.25,3.3566151525080734
0.25,0.0,0.25,3.5442776685714197
0.25,0.0,0.25,3.7289153146989857
0.26,0.0,0.25,3.909191829004544
0.25,0.0,0.26,4.062724297696523
0.27,0.0,0.25,4.225326814526648
0.27,0.0,0.27,4.406629171213517
0.28,0.0,0.27,4.558709559412116
1.03,0.0,0.28,4.6700269241623085
1.11,0.0,1.03,5.54049659987034
4.05,0.0,1.11,5.731858755825958
6.17,0.0,4.05,8.757750597912898
8.9,0.0,6.17,10.919995742286838
10.55,0.0,8.9,13.812893154683964
14.73,1.8530097,10.55,15.511560932940448
14.92,4.840369,14.73,19.68013835445339
17.1,8.383169,14.92,19.81573775637342
19.03,10.3910265,17.1,21.902965914162653
22.49,11.844288,19.03,23.656548298877727
33.18,14.156225,22.49,26.982500932022134
43.53,20.242462,33.18,37.48628454970226
40.55,30.40241,43.53,47.54759404911392
47.2,35.225742,40.55,44.75820520304362
46.51,38.34976,47.2,50.96684009819128
38.98,38.9348,46.51,49.49336826305212
57.11,35.124157,38.98,41.908257675083775
64.2,39.146275,57.11,58.980829584178544
52.19,45.374214,64.2,65.42503051540034
53.04,43.595615,52.19,54.074977273408834
51.6,40.889732,53.04,54.10626284542632
34.13,36.542023,51.6,51.94532395129772
25.06,30.118675,34.13,33.91637219477097
26.12,18.001411,25.06,24.33665100792293
27.2,11.912626,26.12,24.259618394290364
22.12,8.955893,27.2,25.575252563096114
17.23,6.74619,22.12,20.52017598412071
12.91,2.6849658,17.23,15.586975964665315
9.84,0.0,12.91,11.610809021195221
8.87,0.0,9.84,8.14062318240853
6.73,0.0,8.87,6.834667092767507
4.2,0.0,6.73,4.877536128938792
2.44,0.0,4.2,2.414919514445288
1.0,0.0,2.44,0.6916585731170686
0.2,0.0,1.0,-0.32663367856896375
0.26,0.0,0.2,-0.7760672411754943
0.26,0.0,0.26,-0.7024146316618033
0.26,0.0,0.26,-0.7361021282441618
0.26,0.0,0.26,-0.5251919137799115
0.26,0.0,0.26,-0.32117756287629573
0.26,0.0,0.26,-0.2823615594668434
0.27,0.0,0.26,-0.09298777156089971
0.26,0.0,0.27,0.002582581974264614
0.25,0.0,0.26,0.06156084525999712
0.25,0.0,0.25,0.12051577686222913
0.25,0.0,0.25,0.15982855469113294
0.25,0.0,0.25,0.05832738964990612
0.25,0.0,0.25,0.06512692255053212
0.25,0.0,0.25,0.01953895720217945
0.25,0.0,0.25,-0.00816829258398398
0.25,0.0,0.25,-0.07627670078238259
0.25,0.0,0.25,-0.044865184057288204
0.25,0.0,0.25,-0.11673511423301045
0.25,0.0,0.25,-0.1789447458670805
0.25,0.0,0.25,-0.21744922056636246
0.25,0.0,0.25,-0.7292328842371767
0.26,0.0,0.25,-0.7647908291231815
0.26,0.0,0.26,-0.7843890463047668
0.26,0.0,0.26,-0.8017927707935716
0.26,0.0,0.26,-0.7086507358286239
0.26,0.0,0.26,-0.6926801265934643
0.26,0.0,0.26,-0.666643590748791
0.26,0.0,0.26,-0.6236407167002501
0.26,0.0,0.26,-0.4877375458728728
0.26,0.0,0.26,-0.4211234495404495
0.26,0.0,0.26,-0.3473024236480254
0.26,0.0,0.26,-0.25543758786576803
0.26,0.0,0.26,-0.08455356215876432
0.26,0.0,0.26,0.02841212173937041
0.26,0.0,0.26,0.15114725594323897
0.26,0.0,0.26,0.28380577780335237
0.25,0.0,0.26,0.4803372293104426
0.26,0.0,0.25,0.6219003014799386
0.26,0.0,0.26,0.7936149549754654
0.26,0.0,0.26,0.9629151084909373
0.26,0.0,0.26,1.1715437262070911
0.26,0.0,0.26,1.3523733152147157
0.26,0.0,0.26,1.5360118581508801
0.26,0.0,0.26,1.7251677000729557
0.26,0.0,0.26,1.9277264195076278
0.26,0.0,0.26,2.1193585612683896
0.26,0.0,0.26,2.319585151952562
0.26,0.0,0.26,2.522237876408467
0.26,0.0,0.26,2.7191248878574643
0.26,0.0,0.26,2.9238463620079864
0.26,0.0,0.26,3.1230721781073654
0.26,0.0,0.26,3.3193329674351952
0.26,0.0,0.26,3.49731618466184
0.25,0.0,0.26,3.6884941195785634
0.26,0.0,0.25,3.864655244042464
0.26,0.0,0.26,4.053286175432334
0.26,0.0,0.26,4.195628126495413
0.26,0.0,0.26,4.359715768814032
0.28,0.0,0.26,4.520489532982169
0.11,0.0,0.28,4.689734587401704
1.49,0.0,0.11,4.624352876008993
3.17,0.0,1.49,6.120366395503876
6.13,0.0,3.17,7.913266462824146
9.68,0.0,6.13,11.008973709296146
15.84,0.0,9.68,14.616480377885486
18.3,4.4991403,15.84,20.884773612427324
42.03,10.540493,18.3,23.312248583369374
53.96,22.257124,42.03,47.02496451846299
67.28,38.279102,53.96,59.00127755465793
66.39,50.76733,67.28,72.63442056446821
39.42999999999999,59.27296,66.39,71.62124451759861
46.98,50.720688,39.42999999999999,43.97452479871145
52.34,44.777317,46.98,50.481203123666035
79.48,46.982582,52.34,53.81346872030253
58.18,58.76596,79.48,80.61520790576259
57.87,56.495758,58.18,59.730812972302815
52.29,51.741318,57.87,59.52564611173098
44.27,45.186665,52.29,53.2697693208953
52.74,39.237667,44.27,44.76662592690464
56.52,36.974445,52.74,52.38000524452938
61.09,39.527523,56.52,54.549334151728765
47.31,42.155815,61.09,59.37724154760184
29.62,32.38535,47.31,46.272118122094575
16.94,22.510153,29.62,28.60336326242966
14.06,8.150166,16.94,15.391869027156877
11.68,1.2025774,14.06,11.51021155210593
9.54,0.0,11.68,8.263610325777105
8.42,0.0,9.54,6.669921237944851
7.58,0.0,8.42,5.962684958562248
7.8,0.0,7.58,5.664147739329336
6.21,0.0,7.8,6.348152443539547
4.93,0.0,6.21,4.71059733564914
2.99,0.0,4.93,3.493160603648249
1.21,0.0,2.99,1.5328422083283202
0.86,0.0,1.21,0.12217370846406339
0.2,0.0,0.86,0.017302954130033743
0.28,0.0,0.2,-0.2818472911393994
0.27,0.0,0.28,-0.05130340023613511
0.26,0.0,0.27,0.23773879440574988
0.26,0.0,0.26,0.2301978906048395
0.26,0.0,0.26,0.3770564601593381
0.26,0.0,0.26,0.35365219793275215
0.26,0.0,0.26,0.28054171019800145
0.26,0.0,0.26,0.3463429757814454
0.25,0.0,0.26,0.4916540391943503
0.25,0.0,0.25,0.5742234722581139
0.25,0.0,0.25,0.5361700404451805
0.25,0.0,0.25,0.3964102262512554
0.25,0.0,0.25,0.3572978988111863
0.25,0.0,0.25,0.2533189813875093
0.25,0.0,0.25,0.15910525740723108
0.25,0.0,0.25,0.07117737651182285
0.25,0.0,0.25,0.09180134374626325
0.25,0.0,0.25,0.02584849438808344
0.26,0.0,0.25,-0.022007679159392092
0.26,0.0,0.26,-0.05930112530817523
0.25,0.0,0.26,-0.17212720847699126
0.26,0.0,0.25,-0.2171746830490185
0.26,0.0,0.26,-0.23853606706338848
0.25,0.0,0.26,-0.24952421030589894
0.26,0.0,0.25,-0.1649758259418556
0.25,0.0,0.26,-0.14084974459525867
0.26,0.0,0.25,-0.12121904451593737
0.26,0.0,0.26,-0.07205543752455627
0.26,0.0,0.26,0.06421104045268043
0.25,0.0,0.26,0.1324783607211161
0.26,0.0,0.25,0.20201250673977753
0.26,0.0,0.26,0.3031310373528763
0.26,0.0,0.26,0.4751551221446511
0.26,0.0,0.26,0.5900323150928709
0.26,0.0,0.26,0.710687430895488
0.26,0.0,0.26,0.8474261140485985
0.26,0.0,0.26,1.0432797570602466
0.26,0.0,0.26,1.195363627108067
0.26,0.0,0.26,1.3558510287581789
0.26,0.0,0.26,1.52226424637095
0.26,0.0,0.26,1.7334544096969322
0.26,0.0,0.26,1.9146084705497275
0.26,0.0,0.26,2.098734398109537
0.26,0.0,0.26,2.286911903445649
0.26,0.0,0.26,2.4929821355082127
0.26,0.0,0.26,2.687930558575642
0.26,0.0,0.26,2.887257956422513
0.25,0.0,0.26,3.0892831199949033
0.26,0.0,0.25,3.277710438210162
0.26,0.0,0.26,3.487563482200047
0.25,0.0,0.26,3.6879649737174547
0.25,0.0,0.25,3.8766617108688504
0.25,0.0,0.25,4.051838792069857
0.25,0.0,0.25,4.243443683209034
0.25,0.0,0.25,4.429377589425242
0.25,0.0,0.25,4.612731941078712
0.25,0.0,0.25,4.759083817617457
0.26,0.0,0.25,4.931155171251935
0.27,0.0,0.26,5.102101237200642
0.09,0.0,0.27,5.262291512838011
0.31,0.0,0.09,5.187657685675823
2.5,0.0,0.31,5.531907918739244
5.89,0.0,2.5,7.820132166407484
8.32,0.0,5.89,11.300662526956758
13.83,0.0,8.32,13.850614684714904
32.41,3.6835055,13.83,19.42641416690676
49.39,14.261929,32.41,38.01336049447791
57.29,30.016178,49.39,55.33537552912044
64.42,43.93348,57.29,63.249048615440955
74.86000000000001,49.577396,64.42,70.3528465497391
80.19,59.871223,74.86000000000001,80.33450379434181
84.55,66.0056,80.19,84.86447385036048
89.0,71.08565,84.55,88.41225414073114
88.67,74.39591,89.0,91.86169810642996
80.61,75.25975,88.67,90.83864167237279
90.19,72.25846,80.61,82.06218415178598
81.61,73.16065,90.19,90.42537406155787
95.4,68.434135,81.61,81.29533044330674
86.56,71.1361,95.4,94.13870330851822
100.12,65.034996,86.56,85.06594680794997
94.33,68.32519,100.12,97.54320612240987
95.22,63.788994,94.33,91.50417533960595
81.08,62.7005,95.22,91.73946632393314
67.93,54.15271,81.08,77.11087577167443
51.22,44.937733,67.93,62.78336253012873
47.06,33.40006,51.22,45.38666027310349
54.94,25.901403,47.06,40.27910423988503
53.93,24.087326,54.94,48.10691270754803
44.0,18.246454,53.93,48.064863540735
33.72999999999999,17.062347,44.0,38.38163642146482
26.76,11.862667,33.72999999999999,27.759142069683403
14.89,5.967859,26.76,21.064008454328167
10.14,0.0,14.89,8.945770264419549
7.42,0.0,10.14,4.044003995277849
4.5,0.0,7.42,1.3679692772106034
1.83,0.0,4.5,-0.5951588871798097
0.26,0.0,1.83,-2.286779637174117
0.26,0.0,0.26,-3.06461927684414
0.25,0.0,0.26,-2.541139027662429
0.25,0.0,0.25,-2.554124385284115
0.25,0.0,0.25,-2.1743743695145734
0.25,0.0,0.25,-1.8082796884669823
0.26,0.0,0.25,-1.2976893165820131
0.26,0.0,0.26,-1.0387289865323686
0.24,0.0,0.26,-0.45116758215088093
0.24,0.0,0.24,-0.2545951844067952
0.25,0.0,0.24,-0.035158973917101474
0.25,0.0,0.25,0.08591595414326111
0.25,0.0,0.25,0.2560223854509488
0.25,0.0,0.25,0.23559980464521516
0.25,0.0,0.25,0.24265231983993688
0.25,0.0,0.25,0.35048099742459865
0.25,0.0,0.25,0.5189705308502978
0.25,0.0,0.25,0.5169324284983666
0.25,0.0,0.25,0.5030839454040379
0.25,0.0,0.25,0.4899821945210026
0.25,0.0,0.25,-0.697127985204046
0.25,0.0,0.25,-0.7381934920796833
0.25,0.0,0.25,-0.7498229638781543
0.25,0.0,0.25,-0.7638500731435788
0.25,0.0,0.25,-0.6726160709508205
0.25,0.0,0.25,-0.6662980889437718
0.25,0.0,0.25,-0.636244036917609
0.25,0.0,0.25,-0.5919390546197653
0.25,0.0,0.25,-0.4528020824064574
0.25,0.0,0.25,-0.401699531930939
0.25,0.0,0.25,-0.3193206111279435
0.26,0.0,0.25,-0.23287016536430583
0.25,0.0,0.26,-0.05035926773273226
0.26,0.0,0.25,0.050457417544195055
0.26,0.0,0.26,0.17478511289426413
0.26,0.0,0.26,0.2976013581727742
0.26,0.0,0.26,0.49561894369100434
0.26,0.0,0.26,0.6462581344885131
0.26,0.0,0.26,0.803893131683717
0.25,0.0,0.26,0.9700276771254467
0.26,0.0,0.25,1.1732681796249282
0.26,0.0,0.26,1.3543584812756648
0.26,0.0,0.26,1.541895828482055
0.26,0.0,0.26,1.7330905831855885
0.26,0.0,0.26,1.943702020161973
0.26,0.0,0.26,2.138688179200633
0.26,0.0,0.26,2.33940284815023
0.26,0.0,0.26,2.536882625838142
0.25,0.0,0.26,2.7389862871706985
0.25,0.0,0.25,2.9269353139122076
0.25,0.0,0.25,3.121322159801115
0.25,0.0,0.25,3.319673325957622
0.25,0.0,0.25,3.496844454800501
0.25,0.0,0.25,3.6863046527557626
0.25,0.0,0.25,3.8704040267988473
0.25,0.0,0.25,4.048502238355643
0.25,0.0,0.25,4.198313115341633
0.26,0.0,0.25,4.3682987804578195
0.2,0.0,0.26,4.531283942259264
1.14,0.0,0.2,4.623233874927555
3.62,0.0,1.14,5.65913033035981
6.63,0.0,3.62,8.24807931738361
10.27,0.0,6.63,11.362712876097943
15.09,0.37812302,10.27,15.057890866437594
22.85,6.9684606,15.09,19.846347026214524
34.83,13.57609,22.85,27.709017353148905
51.48,23.676598,34.83,39.59282597385741
57.2,35.024635,51.48,56.448596191882814
59.51,45.66542,57.2,62.30663655831781
69.35,48.525803,59.51,64.57073513465463
79.25,56.682323,69.35,73.93057856650665
81.85,64.595436,79.25,82.78813191512259
84.79,68.78964,81.85,84.98143398142628
67.0,70.87751,84.79,87.04279139827055
38.62,64.37402,67.0,68.61904198685652
41.83,46.575146,38.62,40.30875978672379
51.86,38.91411,41.83,41.86217797378015
52.23,38.841156,51.86,50.67371116154357
32.32,40.183228,52.23,51.15185675252377
26.64,29.790144,32.32,31.62289837956462
26.2,20.993055,26.64,25.406838607681546
31.43,14.230749,26.2,24.854967598473355
21.22,11.298215,31.43,29.846023423922635
19.24,8.146988,21.22,19.283565861801975
22.65,4.119669,19.24,17.020390386989888
21.86,2.0802155,22.65,20.37556619864562
10.87,0.9118275,21.86,20.121527525569334
7.95,0.0,10.87,9.899537764872946
8.06,0.0,7.95,6.386413560619732
8.25,0.0,8.06,6.164926461385372
7.82,0.0,8.25,6.498057939768309
7.37,0.0,7.82,6.658828579886541
5.92,0.0,7.37,6.4716866256557
4.76,0.0,5.92,5.318767541135275
2.44,0.0,4.76,4.181728633815917
0.69,0.0,2.44,2.17998880330385
0.2,0.0,0.69,0.6083353925582136
0.26,0.0,0.2,0.11537090597029342
0.26,0.0,0.26,0.13999281371935846
0.26,0.0,0.26,0.26004671135979446
0.26,0.0,0.26,0.4226633828083997
0.26,0.0,0.26,0.5214009685869757
0.26,0.0,0.26,0.5483045451751068
0.25,0.0,0.26,0.38900356223391075
0.24,0.0,0.25,0.3593661121212918
0.24,0.0,0.24,0.2988379345940986
0.25,0.0,0.24,0.2970094492234864
0.24,0.0,0.25,0.22778545277409593
0.25,0.0,0.24,0.2653427158909099
0.25,0.0,0.25,0.2454629303463578
0.25,0.0,0.25,0.18912577703405734
0.25,0.0,0.25,0.05373560452793427
0.25,0.0,0.25,0.06544048728369864
0.25,0.0,0.25,0.004718482862693177
0.25,0.0,0.25,-0.041269901660982086
0.25,0.0,0.25,-0.08323191569672217
0.25,0.0,0.25,-0.7909252924937926
0.25,0.0,0.25,-0.8215515584299303
0.25,0.0,0.25,-0.842747060877552
0.25,0.0,0.25,-0.8586925304198185
0.25,0.0,0.25,-0.7694360902587021
0.25,0.0,0.25,-0.7598618718047707
0.25,0.0,0.25,-0.7229924042731801
0.25,0.0,0.25,-0.6824449083037931
0.25,0.0,0.25,-0.5435906153498881
0.25,0.0,0.25,-0.47592021011091695
0.26,0.0,0.25,-0.39970500522257424
0.25,0.0,0.26,-0.3009287717056041
0.26,0.0,0.25,-0.13956650418758654
0.25,0.0,0.26,-0.0170710044456248
0.26,0.0,0.25,0.09717379117334304
0.26,0.0,0.26,0.2393172466195448
0.26,0.0,0.26,0.43625040256118447
0.25,0.0,0.26,0.5908178271129316
0.25,0.0,0.25,0.7449976199981924
0.25,0.0,0.25,0.9099730086144021
0.25,0.0,0.25,1.1185803660865061
0.25,0.0,0.25,1.3006332351486836
0.25,0.0,0.25,1.4837262499504777
0.25,0.0,0.25,1.6751277291252873
0.25,0.0,0.25,1.8833788943742333
0.25,0.0,0.25,2.0776610245560807
0.25,0.0,0.25,2.2717580036590372
0.25,0.0,0.25,2.4672509760940304
0.25,0.0,0.25,2.6633219267850072
0.25,0.0,0.25,2.861384982316226
0.25,0.0,0.25,3.0577122170400393
0.25,0.0,0.25,3.255606103320865
0.25,0.0,0.25,3.4280708544223213
0.25,0.0,0.25,3.6146324075796197
0.25,0.0,0.25,3.7918645245029277
0.25,0.0,0.25,3.9729846487890406
0.25,0.0,0.25,4.1217876962099975
0.26,0.0,0.25,4.283292835067471
0.17,0.0,0.26,4.459456389506961
1.75,0.0,0.17,4.514927714462108
4.1,0.0,1.75,6.18048596018114
2.61,0.0,4.1,8.625821330855928
8.0,0.0,2.61,7.321618185127374
13.95,0.0,8.0,12.667623020305419
16.45,2.5120504,13.95,18.594432854441585
20.46,7.8613434,16.45,21.37542567331304
33.32,11.343183,20.46,25.47297131657897
35.61,20.190582,33.32,37.889319218687376
40.29,27.295542,35.61,40.477267798309825
51.25,32.71332,40.29,44.89607722509702
64.21,41.44842,51.25,55.25406659131036
61.32,48.27032,64.21,68.11438309750086
71.73,53.013954,61.32,64.9213837676091
47.94,56.315914,71.73,74.89699593438371
61.81,50.627384,47.94,50.299279389350666
56.74,49.09132,61.81,63.89887007738034
69.61,49.266327,56.74,57.09808905036181
47.57,52.200237,69.61,69.92460004039808
25.67,46.316444,47.57,47.28654808797813
22.12,39.402077,25.67,23.70467085442773
21.83,19.106588,22.12,21.211895365379117
25.82,9.304041,21.83,20.18845529871315
24.92,5.762085,25.82,24.390690410195287
20.56,6.3715134,24.92,22.972749012636932
20.11,3.9310343,20.56,19.232278192103706
20.74,2.2649217,20.11,18.774948271102133
25.63,1.4877434,20.74,19.651305281020765
20.43,2.9474561,25.63,24.132426480996966
10.54,2.0900962,20.43,19.006003793280176
7.84,0.0,10.54,8.790430754417395
12.379999999999999,0.0,7.84,6.249281284195774
6.95,0.0,12.379999999999999,11.081668642507095
5.74,0.0,6.95,5.758349331735707
2.93,0.0,5.74,4.673063022069276
1.37,0.0,2.93,1.7732132708294899
0.16,0.0,1.37,0.6133558428354551
0.23,0.0,0.16,-0.34628608727103133
0.26,0.0,0.23,-0.30351977745906583
0.26,0.0,0.26,-0.27683476241910876
0.26,0.0,0.26,-0.2508652017990083
0.26,0.0,0.26,0.005329541646697765
0.26,0.0,0.26,0.3858963274663998
0.26,0.0,0.26,0.32865983771787016
0.25,0.0,0.26,0.003487716863446247
0.24,0.0,0.25,0.0850770071934092
0.24,0.0,0.24,0.008589818636549201
0.25,0.0,0.24,0.022076442131771096
0.24,0.0,0.25,-0.005911429600458824
0.24,0.0,0.24,0.014754231093202924
0.25,0.0,0.24,-0.05869798218228868
0.25,0.0,0.25,-0.10168507035496044
0.25,0.0,0.25,-0.10344060100828181
0.25,0.0,0.25,-0.06607309026887505
0.25,0.0,0.25,-0.1739119680856308
0.25,0.0,0.25,-0.2387772523644302
0.25,0.0,0.25,-0.23626222278349035
0.25,0.0,0.25,-0.14592881279807443
0.25,0.0,0.25,-0.17483319095605368
0.25,0.0,0.25,-0.2073387461920169
0.25,0.0,0.25,-0.2274984181027652
0.25,0.0,0.25,-0.13946032752366633
0.25,0.0,0.25,-0.13006617041503293
0.25,0.0,0.25,-0.10604886269030563
0.25,0.0,0.25,-0.07099053350474234
0.25,0.0,0.25,0.0664515825731659
0.25,0.0,0.25,0.1319511271019716
0.25,0.0,0.25,0.20682156772051824
0.25,0.0,0.25,0.2925348394387063
0.25,0.0,0.25,0.46092092922592887
0.25,0.0,0.25,0.571182002957051
0.25,0.0,0.25,0.6938255200751852
0.25,0.0,0.25,0.8224659529139466
0.25,0.0,0.25,1.0201977497795855
0.25,0.0,0.25,1.1716277036252754
0.25,0.0,0.25,1.3302376087086452
0.25,0.0,0.25,1.4975035074705425
0.25,0.0,0.25,1.7074992782582956
0.25,0.0,0.25,1.8848645023086177
0.25,0.0,0.25,2.0702044747015194
0.25,0.0,0.25,2.2589883792431236
0.25,0.0,0.25,2.4648134972661646
0.25,0.0,0.25,2.6585185960068753
0.25,0.0,0.25,2.85526843317089
0.26,0.0,0.25,3.0538742518104542
0.26,0.0,0.26,3.2616210515536954
0.25,0.0,0.26,3.4613040623990985
0.26,0.0,0.25,3.649001289888111
0.26,0.0,0.26,3.8562700800561314
0.26,0.0,0.26,4.032150078899478
0.26,0.0,0.26,4.228988886629659
0.26,0.0,0.26,4.409252266515119
0.26,0.0,0.26,4.585864492134215
0.26,0.0,0.26,4.729678608690475
0.27,0.0,0.26,4.896543100118903
0.27,0.0,0.27,5.063586696772307
0.96,0.0,0.27,5.209705971560745
4.08,0.0,0.96,6.00053416336832
6.79,0.0,4.08,9.22363646551735
9.79,1.2946202,6.79,12.067482416245294
12.68,4.7223067,9.79,15.124866711181163
22.5,9.680102,12.68,17.90975046885638
42.82,16.532928,22.5,27.586871772569673
57.46,29.143309,42.82,47.888910548385255
65.63,42.707363,57.46,62.96051666663229
74.99,53.896404,65.63,71.3986436438538
81.22,58.38973,74.99,80.4052271128734
85.87,68.22872,81.22,86.759454746677
89.82,73.02776,85.87,90.06890778850892
93.39,76.602905,89.82,92.94988293582111
95.63,79.3397,93.39,95.59015358548092
97.81,80.775826,95.63,97.12326840267305
99.64,81.61531,97.81,98.56102070605048
98.34,80.88741,99.64,99.7071527987845
97.36,79.58733,98.34,97.62543796922932
98.77,76.916275,97.36,95.55958771875578
97.69,74.247696,98.77,96.04635211021626
94.94,69.585175,97.69,94.31519022295825
92.67,65.73887,94.94,90.93101677489878
89.33,61.95579,92.67,87.95794215346281
85.16,57.81202,89.33,84.07406559190652
79.77,51.809242,85.16,79.45451069367488
74.74,46.8184,79.77,73.53577231875181
70.11,41.9308,74.74,68.09266810571394
47.62,37.360714,70.11,63.11137415420828
46.03,25.230532,47.62,40.468266861211106
29.63,18.501284,46.03,38.949967562257115
24.24,12.417411,29.63,21.930895033565072
9.36,7.7366347,24.24,16.652265255000845
9.57,0.0,9.36,2.031463536833882
7.76,0.0,9.57,2.5399818761856734
3.69,0.0,7.76,1.6310655365547067
1.05,0.0,3.69,-1.9049587922140685
0.2,0.0,1.05,-3.7149540099635034
0.27,0.0,0.2,-4.230435476845874
0.25,0.0,0.27,-3.4697395128247255
0.25,0.0,0.25,-3.1991531879962465
0.25,0.0,0.25,-2.3598574385173765
0.26,0.0,0.25,-2.0793787724767503
0.26,0.0,0.26,-1.4723003855362355
0.26,0.0,0.26,-1.1712761295279197
0.25,0.0,0.26,-0.5915508268283453
0.25,0.0,0.25,-0.48753101955939504
0.25,0.0,0.25,-0.3248453836879215
0.25,0.0,0.25,-0.11041297750392275
0.25,0.0,0.25,0.15935447631006994
0.25,0.0,0.25,0.2779717474253079
0.25,0.0,0.25,0.36451923802772374
0.25,0.0,0.25,0.45464258870208524
0.25,0.0,0.25,0.4825849021115536
0.25,0.0,0.25,0.5299807707441854
0.25,0.0,0.25,0.4637838942395758
0.25,0.0,0.25,0.4546695211646887
0.25,0.0,0.25,-0.35522866888104854
0.25,0.0,0.25,-0.360531369527774
0.25,0.0,0.25,-0.36541338724039424
0.25,0.0,0.25,-0.39123820513844715
0.25,0.0,0.25,-0.3023962599215798
0.25,0.0,0.25,-0.29736569520597445
0.25,0.0,0.25,-0.2548344007862438
0.25,0.0,0.25,-0.21323456189052722
0.25,0.0,0.25,-0.08020187628835246
0.25,0.0,0.25,-0.014018488111238875
0.25,0.0,0.25,0.05840367025264255
0.25,0.0,0.25,0.14781009477249396
0.25,0.0,0.25,0.3147837461783017
0.25,0.0,0.25,0.4192988947186187
0.25,0.0,0.25,0.53926094350585
0.25,0.0,0.25,0.6625675944766158
0.26,0.0,0.25,0.8680406457954398
0.25,0.0,0.26,1.0363886461408693
0.25,0.0,0.25,1.1970474051410154
0.25,0.0,0.25,1.359757626794998
0.25,0.0,0.25,1.572201276237068
0.25,0.0,0.25,1.7566945154247566
0.25,0.0,0.25,1.9408467327889434
0.26,0.0,0.25,2.126980075438125
0.25,0.0,0.26,2.3415573062374815
0.25,0.0,0.25,2.52966810818122
0.25,0.0,0.25,2.7233904320258775
0.25,0.0,0.25,2.929611234049702
0.25,0.0,0.25,3.124245530206536
0.25,0.0,0.25,3.331180338967008
0.25,0.0,0.25,3.533725653635214
0.25,0.0,0.25,3.732448491824526
0.25,0.0,0.25,3.913344560733953
0.26,0.0,0.25,4.104821334770708
0.26,0.0,0.26,4.307863477938924
0.25,0.0,0.26,4.48849147732464
0.26,0.0,0.25,4.624005370283084
0.27,0.0,0.26,4.799654481106584
0.22,0.0,0.27,4.9714178582781505
2.72,0.0,0.22,5.069666841358234
7.16,0.0,2.72,7.653832828695796
13.08,0.33395404,7.16,12.200904667984327
17.69,6.6565185,13.08,18.26025421990082
18.38,13.436283,17.69,22.906539612683478
25.64,18.762299,18.38,23.550144387210093
43.63,22.848627,25.64,30.592964569020968
44.63,32.043915,43.63,48.353170758796765
66.77,38.226017,44.63,49.770100221571695
61.04,50.651,66.77,71.74922508147742
75.77,52.097313,61.04,65.77725932242221
72.58,63.20836,75.77,80.95915486995818
56.91,64.80772,72.58,76.42758581484193
58.08,60.93841,56.91,60.042605661188325
74.3,57.431015,58.08,59.93910608466778
68.92,61.901756,74.3,74.48968684517412
64.12,61.021835,68.92,69.74239672632861
56.67,58.258648,64.12,64.51017329837342
63.73,52.353294,56.67,56.0642698152546
90.54,51.067547,63.73,62.401498810140545
97.3,58.43712,90.54,88.881473336305
95.82,64.011604,97.3,95.53421551079207
93.76,65.61683,95.82,94.7704682174943
90.99,63.294518,93.76,91.52979484044106
85.77,58.62369,90.99,88.17593408372883
83.64000000000001,51.734497,85.77,82.67029424106188
78.67,48.59068,83.64000000000001,79.29826064315505
74.88,44.684982,78.67,73.40314053003317
69.07,40.68225,74.88,69.5004417482003
62.02,34.37713,69.07,63.53083729454377
51.56,29.082594,62.02,56.49945187350973
31.89,23.866327,51.56,45.86420133390832
13.69,14.958363,31.89,25.35806669045085
8.79,3.9767032,13.69,6.8646663489813875
6.6,0.0,8.79,1.5227993320905697
4.41,0.0,6.6,-0.32995179565300736
1.91,0.0,4.41,-1.7482067862176818
0.23,0.0,1.91,-3.5170507660039165
0.27,0.0,0.23,-4.448124494905546
0.26,0.0,0.27,-3.6384119168791185
0.25,0.0,0.26,-3.402233424553394
0.26,0.0,0.25,-3.0927645862086997
0.26,0.0,0.26,-2.883332916389076
0.26,0.0,0.26,-2.5217317641627295
0.26,0.0,0.26,-1.750318093713941
0.25,0.0,0.26,-1.0594253997652876
0.25,0.0,0.25,-0.8240656707654659
0.25,0.0,0.25,-0.6447910318930337
0.25,0.0,0.25,-0.472801933928771
0.25,0.0,0.25,-0.2146697611243753
0.25,0.0,0.25,-0.05451502523267322
0.25,0.0,0.25,0.04652278347657631
0.25,0.0,0.25,0.15389669288711436
0.25,0.0,0.25,0.3434408684600794
0.26,0.0,0.25,0.4137387073185816
0.26,0.0,0.26,0.4616407695273522
0.25,0.0,0.26,0.3994711557899199
0.26,0.0,0.25,-0.4459234800453348
0.26,0.0,0.26,-0.4713037363817404
0.26,0.0,0.26,-0.48671637075515006
0.26,0.0,0.26,-0.49733971609696115
0.26,0.0,0.26,-0.41282640835876294
0.26,0.0,0.26,-0.40577476660155215
0.26,0.0,0.26,-0.3770432906976978
0.26,0.0,0.26,-0.3396507603268746
0.26,0.0,0.26,-0.20102116836287764
0.26,0.0,0.26,-0.14206657052765354
0.26,0.0,0.26,-0.06445764034098946
0.27,0.0,0.26,0.033327514007728855
0.27,0.0,0.27,0.21264703735118762
0.26,0.0,0.27,0.32364235878098424
0.26,0.0,0.26,0.439065219183968
0.26,0.0,0.26,0.5728294862263474
0.26,0.0,0.26,0.7666286169856186
0.27,0.0,0.26,0.9189355760090736
0.27,0.0,0.27,1.0855751177693675
0.27,0.0,0.27,1.2584431287857107
0.27,0.0,0.27,1.468675915325156
0.27,0.0,0.27,1.6512785086321002
0.27,0.0,0.27,1.8429246690569674
0.27,0.0,0.27,2.0317180227831018
0.27,0.0,0.27,2.2434205381423995
0.27,0.0,0.27,2.4397011549222185
0.27,0.0,0.27,2.6367812309900835
0.27,0.0,0.27,2.831595545477866
0.26,0.0,0.27,3.030204939811407
0.26,0.0,0.26,3.2193436580813892
0.26,0.0,0.26,3.414737673956757
0.26,0.0,0.26,3.6115195670864084
0.26,0.0,0.26,3.788007769169127
0.26,0.0,0.26,3.9754722919204277
0.26,0.0,0.26,4.163194745741033
0.26,0.0,0.26,4.345408152321926
0.26,0.0,0.26,4.4906999134515555
0.27,0.0,0.26,4.656764115736964
0.16,0.0,0.27,4.831159483708159
0.91,0.0,0.16,4.872349357741121
2.51,0.0,0.91,5.717380808167702
4.57,0.0,2.51,7.433544616051899
6.82,0.0,4.57,9.62908803901083
9.41,0.0,6.82,12.015034520011886
12.01,2.578648,9.41,14.649870899435223
17.68,5.346365,12.01,17.32698398040739
25.25,8.935661,17.68,23.00771005212208
32.35,14.779311,25.25,30.546195428662845
39.16,21.902088,32.35,37.74053500163451
46.24,28.695148,39.16,44.45066787893729
59.08,35.873726,46.24,51.54033478082837
53.41,44.711784,59.08,64.00353059551526
78.2,48.36752,53.41,58.120034924772185
81.44,58.72326,78.2,82.12480081900273
83.51,65.813,81.44,84.48412166327569
91.98,69.54147,83.51,86.57607893247848
92.55,71.49487,91.98,93.96588236237847
90.24,72.122,92.55,93.83702093431566
94.56,71.04046,90.24,91.27984012095489
92.76,70.986046,94.56,94.03550692930735
89.71,67.290535,92.76,91.42213592439714
78.68,63.70685,89.71,87.84522342351087
73.36,57.03856,78.68,75.9165025140544
69.94,49.368176,73.36,70.08682909428148
82.52,43.474735,69.94,65.89496373713669
75.71,45.647655,82.52,77.31042126520184
72.45,43.153873,75.71,70.60832865307395
65.57,40.397472,72.45,67.38170746364813
36.97,32.657055,65.57,59.957313087777855
26.61,19.549755,36.97,31.214317774625346
15.51,9.397277,26.61,20.5917181655768
11.39,0.7261022,15.51,8.478779386062191
9.08,0.0,11.39,4.684313793185012
6.46,0.0,9.08,2.6048906242423464
4.43,0.0,6.46,0.5867738514582943
1.73,0.0,4.43,-0.308888504434392
0.26,0.0,1.73,-2.6165285173104507
0.29,0.0,0.26,-3.870629636919599
0.27,0.0,0.29,-3.4844392986716315
0.27,0.0,0.27,-3.2544298797808504
0.27,0.0,0.27,-2.7467534586184845
0.28,0.0,0.27,-1.8800228308195428
0.28,0.0,0.28,-1.4507021192060352
0.28,0.0,0.28,-0.996161062814187
0.26,0.0,0.28,-0.6960914804463143
0.26,0.0,0.26,-0.5595629134169073
0.26,0.0,0.26,-0.4627601332328085
0.26,0.0,0.26,-0.36278781003047755
0.26,0.0,0.26,-0.1394740382716629
0.26,0.0,0.26,0.09384672411288937
0.26,0.0,0.26,0.17850011927613452
0.26,0.0,0.26,0.2815322815517466
0.26,0.0,0.26,0.45669368318240416
0.26,0.0,0.26,0.3321870249498244
0.26,0.0,0.26,0.28192649389909397
0.26,0.0,0.26,0.20928722699317925
0.26,0.0,0.26,-0.29754678018659664
0.26,0.0,0.26,-0.3204899797630768
0.26,0.0,0.26,-0.33935505587091364
0.26,0.0,0.26,-0.3499423503527087
0.26,0.0,0.26,-0.2626718744719442
0.26,0.0,0.26,-0.2577471253881589
0.26,0.0,0.26,-0.2279333373492455
0.26,0.0,0.26,-0.18746275317429145
0.26,0.0,0.26,-0.05116139474771811
0.26,0.0,0.26,0.015366060875958501
0.27,0.0,0.26,0.09040898631953835
0.26,0.0,0.27,0.18803589658019199
0.26,0.0,0.26,0.3505815499773466
0.26,0.0,0.26,0.45869207968115205
0.26,0.0,0.26,0.5863428496888236
0.26,0.0,0.26,0.7174620159026961
0.27,0.0,0.26,0.9152959806541525
0.27,0.0,0.27,1.0728076902056891
0.26,0.0,0.27,1.2308001099166044
0.27,0.0,0.26,1.384603908916458
0.26,0.0,0.27,1.6051245821801077
0.27,0.0,0.26,1.7756356582826036
0.27,0.0,0.27,1.9775361027415765
0.26,0.0,0.27,2.170072285291236
0.27,0.0,0.26,2.3683314660061368
0.26,0.0,0.27,2.573104125304967
0.27,0.0,0.26,2.7593875742792986
0.27,0.0,0.27,2.969110736910251
0.26,0.0,0.27,3.1680518718318584
0.26,0.0,0.26,3.361363323193836
0.26,0.0,0.26,3.562391073012715
0.26,0.0,0.26,3.759690805717271
0.26,0.0,0.26,3.9395565489845543
0.26,0.0,0.26,4.126603669567635
0.26,0.0,0.26,4.311408362899759
0.26,0.0,0.26,4.4891046593717645
0.26,0.0,0.26,4.635462528174692
0.27,0.0,0.26,4.80241350204631
0.29,0.0,0.27,4.972685793694552
0.23,0.0,0.29,5.149978081951973
1.58,0.0,0.23,5.190475983294111
3.78,0.0,1.58,6.658604551881333
9.18,0.0,3.78,8.961399582389705
14.25,0.0,9.18,14.486498939495677
20.94,5.3947816,14.25,19.568963234750385
34.89,12.737686,20.94,26.295223611310824
48.2,22.50119,34.89,40.2160479729843
58.91,34.221416,48.2,53.61279510144915
65.25,45.331795,58.91,64.4506790417575
73.35,50.94148,65.25,70.56950867654642
72.14,61.454636,73.35,78.74260554542266
76.68,65.09756,72.14,76.3690372117799
77.84,66.9953,76.68,80.18670024293633
84.19,68.06542,77.84,80.38534040475
88.8,70.55564,84.19,86.14336031829734
90.84,73.15371,88.8,90.13066696722902
90.14,74.324356,90.84,91.53636315106954
94.01,73.27064,90.14,90.36282208018285
90.96,72.02435,94.01,93.28814369516382
92.82,69.66654,90.96,89.29881034105327
91.86,66.13255,92.82,90.3352103731756
89.2,62.740692,91.86,88.6008569767693
85.07,59.537144,89.2,85.31489265383148
83.79,54.90009,85.07,80.84384205574247
77.84,49.410088,83.79,78.9652291314275
76.23,44.818733,77.84,72.56292273810692
64.54,41.4873,76.23,70.40024167976898
55.52,35.014683,64.54,58.286785783751036
46.62,26.287815,55.52,49.03307092152004
28.77,19.280468,46.62,39.93367402238282
23.94,10.694284,28.77,21.878196610482462
12.77,4.451226,23.94,17.156501414927178
8.91,0.0,12.77,5.856867872841821
5.37,0.0,8.91,2.5685795349367524
2.91,0.0,5.37,-0.6139238438621353
1.03,0.0,2.91,-2.575541095359203
0.21,0.0,1.03,-3.691607042827538
0.28,0.0,0.21,-4.143830961489715
0.27,0.0,0.28,-3.5842488046143255
0.27,0.0,0.27,-3.056231365854092
0.27,0.0,0.27,-2.5215812490166902
0.27,0.0,0.27,-2.1380592938155334
0.27,0.0,0.27,-1.521740562468084
0.26,0.0,0.27,-1.2869126526739356
0.25,0.0,0.26,-0.8054684986746268
0.25,0.0,0.25,-0.598912144452467
0.25,0.0,0.25,-0.4066637010030768
0.25,0.0,0.25,-0.2503328733007499
0.25,0.0,0.25,0.005498996969548753
0.25,0.0,0.25,0.10705294561249946
0.25,0.0,0.25,0.21669452736509137
0.26,0.0,0.25,0.2467147405631966
0.26,0.0,0.26,0.3855334197353867
0.26,0.0,0.26,0.39146092859797654
0.26,0.0,0.26,0.3147716705746394
0.26,0.0,0.26,0.29878491120211875
0.26,0.0,0.26,-0.22512930512567905
0.26,0.0,0.26,-0.2552311608034555
0.26,0.0,0.26,-0.287509275901484
0.26,0.0,0.26,-0.30296121560034783
0.26,0.0,0.26,-0.21692660735013392
0.26,0.0,0.26,-0.20782131429687503
0.26,0.0,0.26,-0.18834673975906865
0.26,0.0,0.26,-0.15153190865551086
0.26,0.0,0.26,-0.015972565427078457
0.26,0.0,0.26,0.0476858140369809
0.26,0.0,0.26,0.12319463279148926
0.26,0.0,0.26,0.21162573373678442
0.26,0.0,0.26,0.3799633880620572
0.26,0.0,0.26,0.4886874927349295
0.26,0.0,0.26,0.6147524367309402
0.26,0.0,0.26,0.7447354470614083
0.27,0.0,0.26,0.940569283391604
0.26,0.0,0.27,1.1020152495638953
0.27,0.0,0.26,1.2534054724683772
0.27,0.0,0.27,1.431570964850569
0.26,0.0,0.27,1.637273824613254
0.27,0.0,0.26,1.8112803481115263
0.27,0.0,0.27,2.0029819891846388
0.27,0.0,0.27,2.1916283140257145
0.27,0.0,0.27,2.4048509017799486
0.27,0.0,0.27,2.592054520362428
0.27,0.0,0.27,2.796485445444127
0.26,0.0,0.27,2.990826609465851
0.26,0.0,0.26,3.178081425675412
0.27,0.0,0.26,3.3792474952535154
0.26,0.0,0.27,3.587229664796428
0.26,0.0,0.26,3.7779250092873005
0.26,0.0,0.26,3.9471263990369807
0.26,0.0,0.26,4.134703535593887
0.26,0.0,0.26,4.315356300285553
0.26,0.0,0.26,4.497575039127381
0.26,0.0,0.26,4.6457596044737794
0.27,0.0,0.26,4.816955776243382
0.25,0.0,0.27,4.984460736661086
0.95,0.0,0.25,5.115065696688386
2.98,0.0,0.95,5.905567486612399
5.34,0.0,2.98,8.043796584628087
7.89,0.0,5.34,10.466974997281621
12.24,0.0,7.89,12.999661496476454
26.54,4.8582,12.24,17.21985799390149
46.48,14.245642,26.54,31.414196665120247
62.12,29.136648,46.48,51.52682382755101
74.7,43.766956,62.12,67.72296376415484
76.44,57.31855,74.7,80.45383405885696
85.62,59.986214,76.44,81.88559737805497
89.68,71.79123,85.62,91.26453957346601
91.16,76.8199,89.68,93.43056498132877
87.11,79.45193,91.16,94.02408938507693
88.01,78.435234,87.11,89.00994676617216
92.39,77.17763,88.01,89.03022469071944
92.17,77.149826,92.39,92.81029540816168
101.08,75.67722,92.17,92.02612674297274
102.67,76.36725,101.08,100.19017925640797
101.63,76.159134,102.67,100.66132554871764
100.71,74.29592,101.63,99.20448043702694
98.79,69.9279,100.71,97.31397066899287
96.32,65.91,98.79,94.68433340137817
92.56,62.1617,96.32,91.56698627427569
87.55,58.23088,92.56,87.0162582199468
80.07,52.069733,87.55,81.47146839156045
72.35,46.057487,80.07,73.70770902457174
67.45,40.01868,72.35,65.5714215715579
62.74,34.616333,67.45,60.22363627447256
55.67999999999999,28.038221,62.74,55.300706183386595
45.8,23.620224,55.67999999999999,48.054535445306676
30.34,18.079853,45.8,38.24758193920004
14.61,10.063333,30.34,22.922916496806995
9.29,0.0753289,14.61,7.244559652339644
6.93,0.0,9.29,1.7398103210890437
4.7,0.0,6.93,-0.3575094199407536
2.49,0.0,4.7,-1.8181010179608763
0.62,0.0,2.49,-3.17534803873461
0.25,0.0,0.62,-4.2492043740253305
0.25,0.0,0.25,-3.858469418806952
0.25,0.0,0.25,-3.461134269088656
0.25,0.0,0.25,-3.0597541948732743
0.26,0.0,0.25,-2.623901142555047
0.25,0.0,0.26,-2.171789374205587
0.26,0.0,0.25,-1.618773068133138
0.24,0.0,0.26,-0.9876435632099435
0.24,0.0,0.24,-0.7401582387058094
0.24,0.0,0.24,-0.5554673872121586
0.24,0.0,0.24,-0.3764431528462084
0.24,0.0,0.24,-0.12143427427920253
0.25,0.0,0.24,0.008473827217846397
0.24,0.0,0.25,0.08995925917839764
0.25,0.0,0.24,0.15963081625476355
0.25,0.0,0.25,0.34416830559901807
0.25,0.0,0.25,0.39186415920541784
0.25,0.0,0.25,0.4049865468256351
0.25,0.0,0.25,0.35659829636032353
0.25,0.0,0.25,-0.6070672455641913
0.25,0.0,0.25,-0.6387021086885272
0.25,0.0,0.25,-0.649555627736677
0.25,0.0,0.25,-0.6564774148221741
0.25,0.0,0.25,-0.5669927520804507
0.25,0.0,0.25,-0.5670394080582096
0.25,0.0,0.25,-0.5413458881819054
0.25,0.0,0.25,-0.49796612169833
0.26,0.0,0.25,-0.3666854753201213
0.25,0.0,0.26,-0.29451717586481047
0.25,0.0,0.25,-0.22566787039714742
0.25,0.0,0.25,-0.13355656962766888
0.26,0.0,0.25,0.034145161125625316
0.26,0.0,0.26,0.15248740060247035
0.26,0.0,0.26,0.2720611871904833
0.26,0.0,0.26,0.40893712157234174
0.26,0.0,0.26,0.6039990455318397
0.26,0.0,0.26,0.7595443786130084
0.26,0.0,0.26,0.9248214022048108
0.26,0.0,0.26,1.0942781165356599
0.26,0.0,0.26,1.3037491073905412
0.26,0.0,0.26,1.4802388790631955
0.26,0.0,0.26,1.6645274309647113
0.26,0.0,0.26,1.8524347894585285
0.26,0.0,0.26,2.0594051867353382
0.26,0.0,0.26,2.253887589392342
0.26,0.0,0.26,2.4557599636096414
0.26,0.0,0.26,2.6565751846023966
0.26,0.0,0.26,2.855492070470609
0.26,0.0,0.26,3.0559038824996865
0.26,0.0,0.26,3.253199689482339
0.25,0.0,0.26,3.449715077077296
0.26,0.0,0.25,3.6105999309758365
0.25,0.0,0.26,3.8113673182022665
0.25,0.0,0.25,3.9885762747800397
0.25,0.0,0.25,4.164847010841881
0.25,0.0,0.25,4.305656501899977
0.27,0.0,0.25,4.4767241926234735
0.25,0.0,0.27,4.6503877014901285
1.01,0.0,0.25,4.7822790646188285
3.26,0.0,1.01,5.6387491331604265
5.86,0.0,3.26,7.998390037920634
8.36,0.0,5.86,10.695417801787798
11.49,2.0883276,8.36,13.23400023699013
21.05,7.464358,11.49,16.26159298602757
40.35,14.400738,21.05,25.70411392502672
57.04,26.40382,40.35,45.02042685403447
66.23,40.540726,57.04,62.1342760049355
73.2,53.117455,66.23,71.66168073911552
79.06,57.191544,73.2,78.34174624208694
81.54,67.64729,79.06,84.46283557634321
76.69,71.54509,81.54,85.35342744669684
87.15,70.55528,76.69,79.48940097334004
77.14,72.75317,87.15,88.73123623871989
85.18,69.057625,77.14,78.3123109027813
88.31,68.75716,85.18,86.11761567921204
72.65,70.36061,88.31,87.75353780694988
59.53,63.423145,72.65,72.14430442119674
86.36,53.01129,59.53,58.34964496473446
83.51,56.516743,86.36,83.3898402933697
88.32,57.21169,83.51,80.3096970421056
84.27,59.598503,88.32,85.22054930676485
53.8,56.841988,84.27,79.8254772328766
72.42,41.30338,53.8,49.90420664399253
60.61,37.063934,72.42,68.19014426719468
35.39,32.550617,60.61,54.81100362565414
42.47,19.705162,35.39,30.94484181142385
54.29,16.781826,42.47,36.41858548771273
37.67,18.738852,54.29,47.405041132815086
20.27,15.169301,37.67,33.02530255438029
17.35,6.6207995,20.27,15.612931976362297
16.89,1.3506435,17.35,11.567080998048437
13.82,0.0,16.89,11.523026775602666
7.04,0.0,13.82,8.509131887392765
4.07,0.0,7.04,1.7010133629546815
1.22,0.0,4.07,0.1722160577092341
0.26,0.0,1.22,-2.6557750817985863
0.26,0.0,0.26,-3.0385364893638447
0.26,0.0,0.26,-2.3721374538265203
0.26,0.0,0.26,-2.288117137135438
0.26,0.0,0.26,-2.151296521049356
0.26,0.0,0.26,-1.6964412708217687
0.26,0.0,0.26,-1.2607771620895298
0.26,0.0,0.26,-0.9222058027369808
0.24,0.0,0.26,-0.7445890916248349
0.24,0.0,0.24,-0.5488081975540186
0.24,0.0,0.24,-0.29596745777315614
0.24,0.0,0.24,-0.3692284415903105
0.24,0.0,0.24,-0.012061408435369882
0.24,0.0,0.24,0.005894357749171783
0.25,0.0,0.24,-0.13840598046993766
0.25,0.0,0.25,-0.08129167558382618
0.25,0.0,0.25,0.1576743882558997
0.25,0.0,0.25,0.10075968847755618
0.25,0.0,0.25,-0.002956113314783529
0.25,0.0,0.25,-0.02947918283988528
0.25,0.0,0.25,-1.3079907670559225
0.25,0.0,0.25,-1.3177245893398608
0.25,0.0,0.25,-1.3521974144550788
0.25,0.0,0.25,-1.3707765392137221
0.25,0.0,0.25,-1.2856871059221389
0.25,0.0,0.25,-1.2743921594185834
0.25,0.0,0.25,-1.24471348224712
0.25,0.0,0.25,-1.2078111824814195
0.25,0.0,0.25,-1.0698080700658918
0.25,0.0,0.25,-1.0074817234022106
0.25,0.0,0.25,-0.929907200480383
0.26,0.0,0.25,-0.8392169933368714
0.26,0.0,0.26,-0.6515793162051898
0.26,0.0,0.26,-0.5390755087676682
0.25,0.0,0.26,-0.4211182714273505
0.26,0.0,0.25,-0.29698096596919127
0.26,0.0,0.26,-0.09113190587030341
0.26,0.0,0.26,0.06280971996062062
0.26,0.0,0.26,0.22763114101794948
0.26,0.0,0.26,0.39328012204575313
0.26,0.0,0.26,0.6010624648457887
0.26,0.0,0.26,0.7861417843725487
0.26,0.0,0.26,0.9701091146190302
0.26,0.0,0.26,1.160828415913592
0.26,0.0,0.26,1.3713381875647868
0.26,0.0,0.26,1.5695509239662346
0.26,0.0,0.26,1.771219558206945
0.26,0.0,0.26,1.9730712978501432
0.26,0.0,0.26,2.173533637009595
0.26,0.0,0.26,2.3817246553107023
0.26,0.0,0.26,2.5873497866613246
0.26,0.0,0.26,2.7888806395345984
0.26,0.0,0.26,2.9705820228090394
0.26,0.0,0.26,3.157540779832405
0.26,0.0,0.26,3.3412825332681715
0.26,0.0,0.26,3.521270710722322
0.25,0.0,0.26,3.666337749461421
0.26,0.0,0.25,3.818573662785829
0.25,0.0,0.26,3.9916150789683544
0.22,0.0,0.25,4.13534070294309
0.88,0.0,0.22,4.212270034550722
2.55,0.0,0.88,5.013310282991362
4.78,0.0,2.55,6.77361097437961
7.9,0.0,4.78,9.126962240728814
11.96,0.0,7.9,12.326819095236404
17.08,1.0855134,11.96,16.465070443773886
21.4,6.1733046,17.08,21.647136509395587
21.93,11.400671,21.4,25.995719389626107
21.55,15.841516,21.93,26.50124296810205
20.78,16.602114,21.55,25.982819838071293
20.64,15.231807,20.78,24.935973758555374
20.34,13.965657,20.64,24.569508678236136
19.58,13.8434725,20.34,23.98432403595854
20.44,13.280099,19.58,23.0061587487395
22.9,12.992578,20.44,23.711468567478992
25.66,14.079206,22.9,25.991304997452342
34.1,16.569954,25.66,28.60085328705346
44.88,22.052368,34.1,36.8327523424015
51.96,31.51758,44.88,47.24960168344472
46.6,38.813137,51.96,54.19179562125533
31.06,38.26107,46.6,48.87420737541186
29.79,30.137764,31.06,32.94166510008538
25.84,23.000965,29.79,30.838351592780004
25.2,17.212158,25.84,26.081472252034754
29.23,11.806239,25.2,25.181914443229118
36.05,11.046192,29.23,28.855696202014244
26.37,14.309128,36.05,35.56608460774312
39.28,13.733176,26.37,26.280875252757326
24.3,14.082731,39.28,39.00674767937436
14.65,13.53659,24.3,22.981225487876454
8.62,5.9638696,14.65,13.857250788295277
7.06,0.0,8.62,6.818099656153281
6.39,0.0,7.06,4.945956972151011
3.77,0.0,6.39,4.936833529938493
1.67,0.0,3.77,2.0138610739874587
1.07,0.0,1.67,0.3679708598080342
0.2,0.0,1.07,-0.05769480481250894
0.28,0.0,0.2,-0.9564226735635124
0.27,0.0,0.28,-1.0781128674766371
0.27,0.0,0.27,-0.9293780591018097
0.27,0.0,0.27,-1.1604808164247524
0.26,0.0,0.27,-0.7644757843255516
0.27,0.0,0.26,-0.5141029198900348
0.27,0.0,0.27,-0.30987933628422865
0.25,0.0,0.27,-0.23929970644265114
0.25,0.0,0.25,-0.385470105825673
0.25,0.0,0.25,-0.38477842490705966
0.25,0.0,0.25,-0.41856874780020403
0.25,0.0,0.25,-0.3662608081076284
0.25,0.0,0.25,-0.36020708443374744
0.25,0.0,0.25,-0.33267218996840453
0.26,0.0,0.25,-0.40756438476480783
0.25,0.0,0.26,-0.2008809683276956
0.25,0.0,0.25,-0.2969887406313989
0.26,0.0,0.25,-0.37471088318594636
0.26,0.0,0.26,-0.42832649754888014
0.26,0.0,0.26,-1.2249345169450707
0.26,0.0,0.26,-1.2436460362921116
0.26,0.0,0.26,-1.2671775664385239
0.26,0.0,0.26,-1.2780957106056527
0.26,0.0,0.26,-1.1796241065958726
0.26,0.0,0.26,-1.1718576067123736
0.26,0.0,0.26,-1.1362885617905292
0.26,0.0,0.26,-1.0898956338853318
0.26,0.0,0.26,-0.957863248272618
0.26,0.0,0.26,-0.8838181762519616
0.26,0.0,0.26,-0.7965568739104947
0.26,0.0,0.26,-0.7080505765741957
0.26,0.0,0.26,-0.5343256924569294
0.26,0.0,0.26,-0.41552359914811954
0.26,0.0,0.26,-0.29373699127451225
0.26,0.0,0.26,-0.16032849455545561
0.26,0.0,0.26,0.03761475788125558
0.26,0.0,0.26,0.19123770142448066
0.26,0.0,0.26,0.3575456049533127
0.26,0.0,0.26,0.5308419137038549
0.26,0.0,0.26,0.7391418493090114
0.26,0.0,0.26,0.9208972217738551
0.26,0.0,0.26,1.1063748944509966
0.26,0.0,0.26,1.299656102343885
0.26,0.0,0.26,1.509028200076741
0.26,0.0,0.26,1.7067440108794514
0.26,0.0,0.26,1.905797594528758
0.26,0.0,0.26,2.1052110071498547
0.26,0.0,0.26,2.3064150535367802
0.26,0.0,0.26,2.5042065139141414
0.26,0.0,0.26,2.7045462101417805
0.26,0.0,0.26,2.907978953401979
0.26,0.0,0.26,3.0842057125850997
0.26,0.0,0.26,3.280646403338783
0.26,0.0,0.26,3.4677814708958055
0.26,0.0,0.26,3.6482368426849527
0.26,0.0,0.26,3.7944613759214416
0.26,0.0,0.26,3.959596132464329
0.27,0.0,0.26,4.123522140996604
0.24,0.0,0.27,4.290353646947405
0.23,0.0,0.24,4.369872234367948
0.71,0.0,0.23,4.4939214173874795
1.54,0.0,0.71,5.0925557767109435
3.27,0.0,1.54,6.028073393685047
5.09,0.0,3.27,7.818632730909191
6.62,0.0,5.09,9.739325707074995
8.19,0.0,6.62,11.355057333931722
10.66,0.0,8.19,12.959096079073717
14.04,2.573539,10.66,15.371295646405033
18.59,5.8628674,14.04,18.714218135476116
21.93,9.759022,18.59,23.221952337583872
25.95,13.596762,21.93,26.499790514525717
30.97,18.129599,25.95,30.380760695284632
28.79,22.787643,30.97,35.18879709135078
25.37,24.528008,28.79,32.82584726268207
23.449999999999996,22.443262,25.37,29.196110365578882
23.75,19.672993,23.449999999999996,26.69564008806663
26.31,17.972267,23.75,26.544647048404464
29.2,17.653599,26.31,28.851351738774156
29.79,19.234104,29.2,31.50386660155731
23.09,20.26172,29.79,32.05258709461006
17.42,18.852757,23.09,25.133840318748017
19.61,14.146929,17.42,19.151010580341744
16.28,10.818254,19.61,20.910932869849965
8.84,8.942143,16.28,17.086758372801704
7.58,4.141187,8.84,9.540698353370992
7.64,0.8658492,7.58,8.022806163601647
8.8,0.0,7.64,7.988125392995026
8.79,0.0,8.8,9.429504557504327
7.8,0.0,8.79,9.285652851552127
7.25,0.0,7.8,8.199939906649478
6.63,0.0,7.25,7.592499468130952
5.99,0.0,6.63,6.833889439506767
4.53,0.0,5.99,6.202273225811013
2.89,0.0,4.53,4.7362647543168555
1.47,0.0,2.89,2.930145908737944
0.32,0.0,1.47,1.5732665157216836
0.3,0.0,0.32,0.542800710164272
0.27,0.0,0.3,0.4715434888837638
0.27,0.0,0.27,0.33987755951664694
0.27,0.0,0.27,0.33148898192847115
0.27,0.0,0.27,0.2756645609106946
0.26,0.0,0.27,0.25479941784330673
0.27,0.0,0.26,0.22104923226988332
0.25,0.0,0.27,0.2618839357220438
0.25,0.0,0.25,0.13368874205059422
0.25,0.0,0.25,0.03924528913976672
0.25,0.0,0.25,0.0054224230189924005
0.25,0.0,0.25,0.030624377311909562
0.25,0.0,0.25,-0.08119070998854151
0.25,0.0,0.25,-0.18892959501770432
0.25,0.0,0.25,-0.2744213073008782
0.25,0.0,0.25,-0.23729806828123928
0.25,0.0,0.25,-0.29708242742340385
0.25,0.0,0.25,-0.35117890061927903
0.25,0.0,0.25,-0.3952386913966807
0.25,0.0,0.25,-0.9721908017441989
0.26,0.0,0.25,-0.99325423248277
0.25,0.0,0.26,-1.0015767742311703
0.26,0.0,0.25,-1.0238712190797739
0.25,0.0,0.26,-0.9181258624885466
0.26,0.0,0.25,-0.9155509943015367
0.25,0.0,0.26,-0.8753314171194835
0.26,0.0,0.25,-0.8431922471720434
0.26,0.0,0.26,-0.6964566550982181
0.26,0.0,0.26,-0.6296100137939186
0.26,0.0,0.26,-0.5510803148498151
0.26,0.0,0.26,-0.4633383932122833
0.26,0.0,0.26,-0.2935932667322504
0.26,0.0,0.26,-0.17824586359914596
0.26,0.0,0.26,-0.05570787006054366
0.26,0.0,0.26,0.0771811979495788
0.26,0.0,0.26,0.2717079100354165
0.26,0.0,0.26,0.4248645984030002
0.26,0.0,0.26,0.5870036215321405
0.26,0.0,0.26,0.7531401964869288
0.26,0.0,0.26,0.9594504201389785
0.26,0.0,0.26,1.13958045403805
0.26,0.0,0.26,1.3268369841570673
0.26,0.0,0.26,1.5208490528731557
0.26,0.0,0.26,1.7276370276979987
0.26,0.0,0.26,1.9228753495307953
0.26,0.0,0.26,2.1180069601499305
0.26,0.0,0.26,2.3200569038256487
0.26,0.0,0.26,2.518692074428896
0.26,0.0,0.26,2.7225538575627977
0.26,0.0,0.26,2.9189649446814694
0.26,0.0,0.26,3.116155521642473
0.26,0.0,0.26,3.2888166732676045
0.25,0.0,0.26,3.480504133611998
0.25,0.0,0.25,3.657854939788793
0.25,0.0,0.25,3.836841688721987
0.25,0.0,0.25,3.9778975675535126
0.25,0.0,0.25,4.144013203542487
0.27,0.0,0.25,4.303444462554262
0.26,0.0,0.27,4.473844927833098
0.25,0.0,0.26,4.5663874653673
0.98,0.0,0.25,4.686786941122943
1.41,0.0,0.98,5.5226928033717915
3.89,0.0,1.41,6.058018849507781
7.22,0.0,3.89,8.580999463689855
11.6,0.0,7.22,11.981416984264973
12.58,0.3626539,11.6,16.45177381521612
15.75,4.1025786,12.58,17.48667793000833
19.24,7.7898617,15.75,20.58778275859055
22.61,11.014086,19.24,23.942306664181434
26.54,14.072683,22.61,27.243475855244807
30.52,17.722532,26.54,30.97980376038206
39.22,22.514803,30.52,34.69807080626194
37.58,29.305828,39.22,43.075016776097556
26.57,31.872812,37.58,41.467645457289045
21.64,26.938633,26.57,30.491063170856474
21.39,20.84985,21.64,24.783510222709985
23.12,17.142632,21.39,23.78559575263142
22.15,14.9916315,23.12,25.27242252389475
22.73,14.029714,22.15,24.10105111119166
24.7,13.749345,22.73,24.521453018974288
23.66,14.520254,24.7,26.443954642886773
20.84,14.422346,23.66,25.329391252088634
20.78,13.052135,20.84,22.254220672734842
18.45,10.800095,20.78,21.750450133508803
16.06,9.0349455,18.45,18.92915591111672
14.37,6.0043283,16.06,16.40406660938566
13.39,3.3041704,14.37,14.744008773847916
14.93,1.0025607,13.39,13.707890261415082
16.04,0.8460016,14.93,15.171346885356261
12.86,2.0345447,16.04,16.1153077317174
9.030000000000001,2.5263476,12.86,12.896624722403832
7.01,0.0,9.030000000000001,9.020368832677711
4.11,0.0,7.01,6.758290188777998
2.59,0.0,4.11,3.769749910099564
1.19,0.0,2.59,2.22530334673197
0.22,0.0,1.19,0.7705278299787498
0.27,0.0,0.22,-0.0356181421422061
0.27,0.0,0.27,0.12139330047321567
0.26,0.0,0.27,0.06443430192672892
0.26,0.0,0.26,0.1183050053550793
0.27,0.0,0.26,0.01067183533623249
0.27,0.0,0.27,-0.06798158210571871
0.27,0.0,0.27,-0.07673909993939743
0.25,0.0,0.27,0.002677882576234414
0.25,0.0,0.25,-0.0484786118233866
0.25,0.0,0.25,-0.06821545427622248
0.25,0.0,0.25,-0.13092863345849387
0.25,0.0,0.25,-0.0786174790860818
0.25,0.0,0.25,-0.13651030382014692
0.25,0.0,0.25,-0.2262940088893943
0.26,0.0,0.25,-0.3083910293108728
0.25,0.0,0.26,-0.2700559941484858
0.25,0.0,0.25,-0.31435330432174585
0.26,0.0,0.25,-0.3321666857141542
0.25,0.0,0.26,-0.35717456647294854
0.26,0.0,0.25,-0.11200302088710305
0.26,0.0,0.26,-0.1261577091029762
0.26,0.0,0.26,-0.15222107545607363
0.26,0.0,0.26,-0.16381565176192867
0.26,0.0,0.26,-0.06754215473575828
0.26,0.0,0.26,-0.06253747608203984
0.26,0.0,0.26,-0.03613890173703539
0.26,0.0,0.26,-0.0004739121783162853
0.26,0.0,0.26,0.14566627587219544
0.26,0.0,0.26,0.212329964543378
0.26,0.0,0.26,0.28929716591178073
0.26,0.0,0.26,0.3809309158709515
0.26,0.0,0.26,0.5520858283846113
0.26,0.0,0.26,0.6678899519734723
0.26,0.0,0.26,0.7905806579162936
0.27,0.0,0.26,0.9187397230638615
0.26,0.0,0.27,1.1264974952536808
0.26,0.0,0.26,1.2671344404347975
0.26,0.0,0.26,1.4215725681877873
0.27,0.0,0.26,1.5980732905284816
0.27,0.0,0.27,1.8174386539173502
0.27,0.0,0.27,1.9896964289719543
0.27,0.0,0.27,2.1849070767778986
0.27,0.0,0.27,2.3649447856864905
0.27,0.0,0.27,2.5763345137813225
0.26,0.0,0.27,2.7716987465575045
0.26,0.0,0.26,2.9636950905477164
0.26,0.0,0.26,3.1591672094086607
0.26,0.0,0.26,3.352973120870115
0.26,0.0,0.26,3.5492305620550035
0.26,0.0,0.26,3.7454203686684973
0.26,0.0,0.26,3.9443793926166397
0.26,0.0,0.26,4.118827822558072
0.26,0.0,0.26,4.311672464690556
0.26,0.0,0.26,4.492967108734571
0.26,0.0,0.26,4.671845462262683
0.26,0.0,0.26,4.813711841204906
0.26,0.0,0.26,4.981641212628813
0.27,0.0,0.26,5.151116927971172
0.6,0.0,0.27,5.31633842678493
2.94,0.0,0.6,5.739584141117389
5.78,0.0,2.94,8.187275580918737
6.67,0.0,5.78,11.137552159716938
11.98,0.0,6.67,12.129633495113909
20.31,3.8318677,11.98,17.292370164868156
40.33,10.484823,20.31,25.57253091975484
54.27,23.239748,40.33,45.680880378215804
61.39,37.01702,54.27,60.01352384509494
68.67,47.521248,61.39,67.40448889687411
74.84,52.54267,68.67,74.31658853246672
79.39,61.88142,74.84,80.79259759628435
84.33,67.732155,79.39,83.77420811690023
87.06,71.750534,84.33,87.71364738026341
89.57,74.35378,87.06,89.58918574195579
89.63,75.79966,89.57,91.46140056969838
86.68,75.710556,89.63,90.9042403544481
83.29,73.329636,86.68,87.18616431607003
94.76,70.31765,83.29,82.94672974096503
92.82,71.49429,94.76,93.20250988201305
87.28,69.74907,92.82,90.82915351566149
85.72,65.173515,87.28,85.01001512880755
83.69,60.683525,85.72,82.51102958996313
73.88,56.450245,83.69,79.83438199785726
73.01,49.762657,73.88,69.77268804280108
72.14,44.867073,73.01,67.90187245963
69.72,41.036148,72.14,66.56684690022277
62.56,37.791763,69.72,64.10535141163484
53.58,32.917606,62.56,56.8209421847511
46.64,24.70829,53.58,47.72701526291369
39.23,19.42195,46.64,40.70010080816454
29.55,14.758868,39.23,32.896415616866236
17.88,8.950854,29.55,23.27035974364119
11.77,0.7891157,17.88,11.753327148597636
8.64,0.0,11.77,5.701402653205113
5.62,0.0,8.64,2.863581083499549
2.86,0.0,5.62,0.5318206044209106
0.69,0.0,2.86,-1.6653670665386073
0.23,0.0,0.69,-3.3661769551702205
0.26,0.0,0.23,-3.3043880975341025
0.26,0.0,0.26,-2.8239518101643113
0.26,0.0,0.26,-2.329406917824238
0.27,0.0,0.26,-1.9853233526229204
0.27,0.0,0.27,-1.5351879822424457
0.27,0.0,0.27,-1.1460252238694
0.26,0.0,0.27,-0.685546590931007
0.25,0.0,0.26,-0.4493624511580985
0.26,0.0,0.25,-0.2861753938038424
0.26,0.0,0.26,-0.1707157183788116
0.26,0.0,0.26,0.07859733908374733
0.26,0.0,0.26,0.2055975643533794
0.26,0.0,0.26,0.30512735286649556
0.26,0.0,0.26,0.3571792105336493
0.26,0.0,0.26,0.4824155544693581
0.26,0.0,0.26,0.5059132291646118
0.26,0.0,0.26,0.5126407866035517
0.26,0.0,0.26,0.4915359606387842
0.26,0.0,0.26,-0.07194611938722666
0.26,0.0,0.26,-0.09974557553135387
0.26,0.0,0.26,-0.10703920671988464
0.26,0.0,0.26,-0.12560403163533912
0.26,0.0,0.26,-0.03979635285151842
0.26,0.0,0.26,-0.036223093121771806
0.26,0.0,0.26,-0.012577218746613189
0.26,0.0,0.26,0.027567785437611868
0.26,0.0,0.26,0.1669116719484492
0.26,0.0,0.26,0.23755528920694957
0.27,0.0,0.26,0.3106212460983664
0.26,0.0,0.27,0.40861147466105213
0.27,0.0,0.26,0.5686727957225461
0.27,0.0,0.27,0.6916646568655721
0.27,0.0,0.27,0.8164125681831925
0.27,0.0,0.27,0.948373086102924
0.27,0.0,0.27,1.141417979497248
0.27,0.0,0.27,1.2894640976683358
0.27,0.0,0.27,1.4582284767756235
0.27,0.0,0.27,1.6255728783950476
0.27,0.0,0.27,1.8333241886604015
0.27,0.0,0.27,2.009773077777779
0.27,0.0,0.27,2.198138120534487
0.27,0.0,0.27,2.3901450500281514
0.27,0.0,0.27,2.5969286774528664
0.27,0.0,0.27,2.7928531408837167
0.27,0.0,0.27,2.9886393885066846
0.26,0.0,0.27,3.182750675786009
0.27,0.0,0.26,3.3736488060776315
0.27,0.0,0.27,3.58173249063474
0.27,0.0,0.27,3.7835143976463184
0.27,0.0,0.27,3.9773908294217315
0.27,0.0,0.27,4.153022241536638
0.26,0.0,0.27,4.346446292819117
0.26,0.0,0.26,4.520150367911433
0.26,0.0,0.26,4.6928820666658435
0.26,0.0,0.26,4.8387360390850365
0.27,0.0,0.26,5.002979492991993
0.28,0.0,0.27,5.169136165245147
0.52,0.0,0.28,5.332489924843391
2.74,0.0,0.52,5.6696349126774255
5.43,0.0,2.74,8.006954196871963
8.06,0.0,5.43,10.801745980150812
11.13,0.0,8.06,13.496369663218816
20.84,3.1818867,11.13,16.474363794957803
41.6,10.148613,20.84,26.075054638211956
58.07000000000001,23.380095,41.6,46.878917067569404
66.4,38.444424,58.07000000000001,63.82645137432911
72.76,49.982895,66.4,72.4946866041674
77.75,54.92386,72.76,78.49302987514837
83.37,63.71759,77.75,83.8340405573753
88.04,70.705376,83.37,87.67265228575675
91.87,74.78835,88.04,91.32023280013803
94.97,77.7712,91.87,94.27447809337775
95.62,79.58977,94.97,96.68183599283348
98.69,79.99911,95.62,96.67061202903983
97.8,79.594795,98.69,99.04796474916714
100.56,78.19288,97.8,97.36310537358167
73.71,76.71107,100.56,99.06166469629652
46.34,65.06336,73.71,71.49728234890972
90.92,48.304565,46.34,42.98161949707413
96.7,55.267513,90.92,85.39297946854194
93.95,57.95333,96.7,91.82928025008721
87.0,61.769657,93.95,90.75976563308674
80.44,55.035553,87.0,82.55549543822258
83.11,47.707695,80.44,75.568960746875
73.08,43.768875,83.11,78.27842077467234
64.47,39.309685,73.08,66.77628006878018
61.56,32.11606,64.47,57.717247578678496
54.18,27.400795,61.56,54.32227844836144
40.42,23.01646,54.18,47.00085305068857
20.86,15.497593,40.42,34.200860033057424
11.15,4.191605,20.86,15.055802759130652
8.18,0.0,11.15,4.081715354802855
5.64,0.0,8.18,1.0069323506654848
3.01,0.0,5.64,-1.0050073522414964
0.89,0.0,3.01,-2.7275207021384933
0.19,0.0,0.89,-4.023781806324179
0.27,0.0,0.19,-4.066643015577711
0.27,0.0,0.27,-3.3470394992385915
0.27,0.0,0.27,-2.79739652020618
0.27,0.0,0.27,-2.4987713443243584
0.27,0.0,0.27,-2.092071531690161
0.27,0.0,0.27,-1.7944021373096244
0.26,0.0,0.27,-1.386166108299593
0.26,0.0,0.26,-0.8189542759285954
0.26,0.0,0.26,-0.5738061745151095
0.26,0.0,0.26,-0.3885501856691477
