Predictions,Actuals
0.5193093419075012,0.0
0.49351102113723755,0.0
0.4431838393211365,0.0
0.3830564618110657,0.0
0.36539527773857117,0.0
0.30804184079170227,0.0
0.28391942381858826,0.0
0.26302140951156616,0.0
0.2738119661808014,0.0
0.2818146049976349,0.0
0.3047647476196289,0.0
0.3223470449447632,0.0
0.3386538028717041,0.0
0.3689117729663849,0.0
0.39264801144599915,0.0
0.43261808156967163,0.0
0.4730905592441559,0.0
0.5207534432411194,0.0
0.5891664624214172,0.0
0.6545188426971436,0.0
0.7172930836677551,0.0
0.7920694947242737,0.0
0.8787865042686462,0.0
0.9669103622436523,0.0
1.0589662790298462,0.0
1.1569068431854248,0.0
1.256439447402954,0.0
1.3595936298370361,0.0
1.4266002178192139,0.0
1.4848930835723877,0.0
1.581074595451355,0.0
1.7174837589263916,0.0
1.876471757888794,0.0
2.0903923511505127,0.06
2.4447879791259766,0.72
2.898998260498047,1.32
3.420056104660034,1.59
3.9328761100769043,1.89
4.650640487670898,2.83
5.320261001586914,4.25
5.720241546630859,4.95
5.71113395690918,6.139999999999999
5.6850810050964355,6.28
7.175782680511475,7.83
8.972238540649414,8.25
11.80112361907959,11.37
15.137595176696777,14.42
17.07240104675293,17.18
17.563203811645508,20.84
15.3323335647583,15.13
12.954025268554688,17.85
13.801508903503418,14.3
14.481639862060547,12.34
15.257704734802246,14.86
16.238632202148438,15.5
17.35677146911621,25.87
15.846193313598633,20.85
12.898995399475098,12.72
13.045506477355957,10.94
14.933627128601074,18.08
17.590839385986328,22.78
18.25716209411621,15.46
16.690441131591797,25.760000000000005
16.696208953857422,20.03
13.901147842407227,10.619999999999997
13.361586570739746,20.37
15.561135292053223,19.33
15.253886222839355,12.51
15.089906692504883,18.61
15.843453407287598,17.26
14.121818542480469,15.41
11.843236923217773,14.27
9.25472640991211,11.21
6.479608535766602,6.31
3.9641921520233154,2.07
2.4920167922973633,1.65
2.0233659744262695,0.44
1.6459559202194214,0.7700000000000001
1.5098655223846436,0.66
1.316467523574829,0.03
1.1089928150177002,0.0
1.0360145568847656,0.0
0.9796093702316284,0.0
0.9100651741027832,0.0
0.8466415405273438,0.0
0.7780106067657471,0.0
0.7173667550086975,0.0
0.6646180152893066,0.0
0.6138248443603516,0.0
0.5584554076194763,0.0
0.5013896226882935,0.0
0.45104163885116577,0.0
0.4016561806201935,0.0
0.3554486036300659,0.0
0.3127840757369995,0.0
0.27579331398010254,0.0
0.24003712832927704,0.0
0.20822158455848694,0.0
0.1846497654914856,0.0
0.16609948873519897,0.0
0.15279537439346313,0.0
0.14376163482666016,0.0
0.14200717210769653,0.0
0.15022391080856323,0.0
0.1631680279970169,0.0
0.1861632764339447,0.0
0.21737174689769745,0.0
0.25084930658340454,0.0
0.29391762614250183,0.0
0.3412882387638092,0.0
0.399355411529541,0.0
0.4639480710029602,0.0
0.5402354598045349,0.0
0.6232276558876038,0.0
0.710110068321228,0.0
0.8030871748924255,0.0
0.896336019039154,0.0
0.9975617527961731,0.0
1.1013164520263672,0.0
1.2096251249313354,0.0
1.3256787061691284,0.0
1.4365037679672241,0.0
1.5567107200622559,0.0
1.6636362075805664,0.0
1.7633944749832153,0.0
1.867795705795288,0.0
1.9711734056472778,0.0
2.0474817752838135,0.05
2.1693921089172363,0.01
2.488734483718872,0.18
2.883798599243164,0.54
3.39870285987854,0.74
3.9258196353912354,1.31
4.491739749908447,2.77
5.018304824829102,3.67
5.310038089752197,2.9
5.550268173217773,4.06
6.044830322265625,3.74
6.311427116394043,5.049999999999999
7.1683735847473145,6.3
7.525994300842285,6.68
8.088438987731934,7.37
9.110225677490234,8.29
8.398777961730957,9.76
8.966450691223145,11.31
9.850579261779785,10.59
10.408924102783203,14.45
13.965141296386719,13.09
16.107797622680664,13.05
18.871692657470703,27.16
22.45684814453125,21.79
21.688310623168945,23.08
21.01902198791504,28.6
21.015438079833984,15.32
17.922487258911133,21.91
19.165958404541016,26.07
17.809322357177734,17.83
16.123868942260742,16.59
17.123750686645508,24.25
18.005855560302734,12.52
17.367162704467773,24.01
18.9188175201416,20.87
16.42015838623047,17.61
14.395533561706543,15.5
12.63379955291748,14.21
10.762476921081543,13.46
8.600435256958008,6.8
6.164656162261963,5.83
5.176912307739258,7.21
4.144689559936523,2.03
2.520401954650879,2.05
2.1296637058258057,0.63
1.6733639240264893,0.69
1.5369536876678467,0.76
1.3500053882598877,0.21
1.110406756401062,0.02
1.0007983446121216,0.0
0.9476790428161621,0.0
0.9077067971229553,0.0
0.8782577514648438,0.0
0.8241308331489563,0.0
0.7525378465652466,0.0
0.7081603407859802,0.0
0.6400421857833862,0.0
0.5557908415794373,0.0
0.49363914132118225,0.0
0.44361451268196106,0.0
0.3955896198749542,0.0
0.3515186607837677,0.0
0.30744534730911255,0.0
0.26902708411216736,0.0
0.23562215268611908,0.0
0.2039402574300766,0.0
0.17702928185462952,0.0
0.15581470727920532,0.0
0.1484648883342743,0.0
0.1431938111782074,0.0
0.1475769579410553,0.0
0.1585244983434677,0.0
0.1713802069425583,0.0
0.19051553308963776,0.0
0.21725283563137054,0.0
0.25314944982528687,0.0
0.29584211111068726,0.0
0.3486074209213257,0.0
0.4079022705554962,0.0
0.47634458541870117,0.0
0.5515404939651489,0.0
0.6327894926071167,0.0
0.7186561822891235,0.0
0.8084220290184021,0.0
0.9026505351066589,0.0
1.0053082704544067,0.0
1.1163681745529175,0.0
1.2285102605819702,0.0
1.3306941986083984,0.0
1.434294581413269,0.0
1.5412358045578003,0.0
1.6593918800354004,0.0
1.7865550518035889,0.0
1.8903992176055908,0.0
2.03320574760437,0.15
2.2562434673309326,0.34
2.6037039756774902,0.56
3.0674917697906494,0.7700000000000001
3.6013972759246826,1.12
4.265690803527832,2.45
5.212552547454834,3.3
5.9153733253479,4.03
6.1758880615234375,4.66
6.266043663024902,5.23
6.779598712921143,6.24
6.595745086669922,6.959999999999999
7.151432991027832,5.81
8.819741249084473,6.28
9.842121124267578,11.16
11.192471504211426,14.1
12.521217346191406,11.13
13.710189819335938,17.7
16.273048400878906,15.34
16.59707260131836,11.85
17.57330322265625,23.31
19.23816680908203,23.34
16.478710174560547,18.8
15.459107398986816,16.24
16.209245681762695,14.81
16.237138748168945,17.78
17.580150604248047,21.55
18.205408096313477,21.19
16.786380767822266,24.68
17.320640563964844,15.89
16.741535186767578,14.63
19.491418838500977,26.52
22.151615142822266,24.09
20.652389526367188,23.39
20.042516708374023,22.33
19.135671615600586,20.62
17.687612533569336,19.4
15.93693733215332,18.58
13.44351577758789,14.66
10.40604305267334,13.919999999999998
8.099159240722656,7.789999999999999
5.948212146759033,5.08
5.12183141708374,4.6
4.8963141441345215,3.2200000000000006
4.580491065979004,4.99
4.380274295806885,5.0
3.5358054637908936,2.78
2.33319091796875,1.43
1.626429557800293,0.81
1.2420289516448975,0.05
0.99568110704422,0.0
0.936488926410675,0.0
0.887389063835144,0.0
0.8473754525184631,0.0
0.7938141226768494,0.0
0.7536500692367554,0.0
0.7024600505828857,0.0
0.6676679253578186,0.0
0.6323776245117188,0.0
0.5983197689056396,0.0
0.5604965090751648,0.0
0.5215960741043091,0.0
0.47860193252563477,0.0
0.447089284658432,0.0
0.40885865688323975,0.0
0.3600099980831146,0.0
0.3088836073875427,0.0
0.3015652298927307,0.0
0.2817620635032654,0.0
0.2885873317718506,0.0
0.28013837337493896,0.0
0.2594662010669708,0.0
0.2554439604282379,0.0
0.27647078037261963,0.0
0.30327287316322327,0.0
0.3228778541088104,0.0
0.3414924144744873,0.0
0.37863054871559143,0.0
0.43274444341659546,0.0
0.4881660044193268,0.0
0.5471843481063843,0.0
0.6242001056671143,0.0
0.6968675851821899,0.0
0.7899051904678345,0.0
0.8834214210510254,0.0
0.9749656915664673,0.0
1.0635119676589966,0.0
1.1808148622512817,0.0
1.2966209650039673,0.0
1.3908950090408325,0.0
1.4771958589553833,0.0
1.548660397529602,0.0
1.598291277885437,0.0
1.7329658269882202,0.0
1.8570995330810547,0.0
2.0871775150299072,0.21
2.6782712936401367,0.67
3.592531204223633,1.38
4.645651817321777,2.57
5.652582168579102,3.17
6.556349754333496,5.14
7.385438919067383,6.8
7.630559921264648,6.36
7.011953353881836,5.6000000000000005
6.208765029907227,5.52
6.103827953338623,6.17
6.078129768371582,5.329999999999999
6.71640682220459,5.02
8.48638916015625,6.19
10.787121772766113,10.95
13.296696662902832,14.45
14.2639799118042,12.23
13.974241256713867,15.25
13.973047256469727,14.18
12.69843864440918,12.73
11.660340309143066,13.51
10.303210258483887,10.58
9.427998542785645,11.51
9.742827415466309,11.760000000000002
11.013128280639648,13.0
13.293875694274902,14.55
15.988740921020508,15.28
18.672367095947266,21.349999999999998
20.06067657470703,19.22
18.864898681640625,23.87
17.687454223632812,19.85
13.903139114379883,17.74
12.597806930541992,14.44
11.850556373596191,10.93
12.272871017456055,13.78
13.750840187072754,15.52
13.899456977844238,13.7
13.100768089294434,19.94
12.467731475830078,10.42
9.527257919311523,10.72
8.788005828857422,9.539999999999997
7.44940185546875,7.09
6.104737281799316,6.67
5.102809906005859,5.52
3.9043612480163574,2.73
2.802769899368286,1.76
2.3252508640289307,1.33
1.9887148141860962,1.48
1.684923529624939,0.78
1.2704204320907593,0.08
1.032202959060669,0.0
0.9655031561851501,0.0
0.9204366207122803,0.0
0.8754888772964478,0.0
0.8307597637176514,0.0
0.7856103777885437,0.0
0.740864634513855,0.0
0.6981779932975769,0.0
0.6530681252479553,0.0
0.6189987063407898,0.0
0.564639151096344,0.0
0.5165992379188538,0.0
0.48019635677337646,0.0
0.4572151303291321,0.0
0.43222707509994507,0.0
0.4075486660003662,0.0
0.38856199383735657,0.0
0.38183215260505676,0.0
0.37870344519615173,0.0
0.3692263960838318,0.0
0.3669429421424866,0.0
0.377135306596756,0.0
0.36898282170295715,0.0
0.37426435947418213,0.0
0.3997667729854584,0.0
0.4356503188610077,0.0
0.4699035584926605,0.0
0.4984202980995178,0.0
0.5174953937530518,0.0
0.5289259552955627,0.0
0.570296585559845,0.0
0.6827136278152466,0.0
0.7351909279823303,0.0
0.8365755081176758,0.0
0.9362810850143433,0.0
1.0280368328094482,0.0
1.1214457750320435,0.0
1.2217925786972046,0.0
1.3360100984573364,0.0
1.4236236810684204,0.0
1.4791361093521118,0.0
1.5514169931411743,0.0
1.6361703872680664,0.0
1.7905431985855103,0.0
2.029059886932373,0.0
2.399726390838623,0.25
2.9313576221466064,0.98
3.5707180500030518,1.56
4.237170696258545,2.56
4.959756374359131,3.26
5.785720348358154,4.11
6.495797157287598,4.84
7.130282402038574,5.72
7.578606128692627,6.69
7.965207576751709,7.2
8.29845905303955,7.83
8.663471221923828,6.87
9.116100311279297,8.4
9.992574691772461,9.0
10.592510223388672,10.85
10.740588188171387,11.01
10.192255973815918,10.46
9.929289817810059,11.219999999999999
10.273967742919922,11.54
10.413460731506348,11.81
11.098328590393066,12.0
12.803180694580078,15.3
15.253520011901855,17.65
17.265628814697266,17.61
18.862382888793945,18.57
20.667829513549805,21.84
21.415346145629883,22.92
20.13117218017578,20.97
17.99859046936035,20.1
15.58188247680664,16.61
12.540545463562012,14.91
10.100830078125,10.04
8.040738105773926,8.0
7.398298263549805,9.23
7.391064167022705,6.56
7.338207244873047,6.88
8.033042907714844,9.37
8.471734046936035,9.19
8.064094543457031,8.19
7.489133834838867,7.88
6.9674072265625,7.250000000000001
6.279076099395752,6.17
5.539862155914307,5.22
4.833966255187988,4.42
4.166321277618408,3.62
3.4880685806274414,2.89
2.835174798965454,2.09
2.246156930923462,1.59
1.7656378746032715,0.71
1.342689871788025,0.32
1.118295669555664,0.04
0.9902797937393188,0.0
0.9274715185165405,0.0
0.8834181427955627,0.0
0.8413659930229187,0.0
0.8045461177825928,0.0
0.7645028829574585,0.0
0.7331994771957397,0.0
0.6930398344993591,0.0
0.6551553606987,0.0
0.6118066310882568,0.0
0.5843779444694519,0.0
0.5535851716995239,0.0
0.5256690979003906,0.0
0.4942643940448761,0.0
0.4736528992652893,0.0
0.45007261633872986,0.0
0.40736091136932373,0.0
0.3885779082775116,0.0
0.3679361045360565,0.0
0.32944223284721375,0.0
0.3240291476249695,0.0
0.32526665925979614,0.0
0.3014189302921295,0.0
0.2651928663253784,0.0
0.25093093514442444,0.0
0.2610768675804138,0.0
0.2872233986854553,0.0
0.3246704041957855,0.0
0.37532803416252136,0.0
0.435271680355072,0.0
0.5020435452461243,0.0
0.5722370147705078,0.0
0.6460950970649719,0.0
0.732306182384491,0.0
0.8186233639717102,0.0
0.9138786792755127,0.0
1.0155225992202759,0.0
1.118381142616272,0.0
1.2255491018295288,0.0
1.3336703777313232,0.0
1.4500174522399902,0.0
1.566580057144165,0.0
1.6812928915023804,0.0
1.7827305793762207,0.0
1.8700692653656006,0.0
1.9746530055999756,0.0
2.1090729236602783,0.0
2.253436803817749,0.01
2.5069384574890137,0.04
2.863856315612793,0.42
3.284958600997925,0.86
3.6866180896759033,1.16
4.025618553161621,1.49
4.287293434143066,2.27
4.4699578285217285,2.2
4.489142417907715,1.98
4.517965793609619,2.12
4.655542850494385,2.04
4.796570777893066,2.1
4.920302391052246,2.67
5.022884368896484,2.8100000000000005
5.083451271057129,2.8000000000000003
5.143596649169922,3.11
5.307088375091553,3.0699999999999994
5.739885330200195,3.31
6.2783989906311035,4.18
6.791894435882568,5.02
7.071091651916504,4.779999999999999
6.890666961669922,5.53
6.741729736328125,5.95
6.4001359939575195,4.39
5.9096360206604,4.58
5.687569618225098,3.69
5.467479705810547,3.28
5.527854919433594,5.09
5.522891998291016,4.55
4.593303203582764,3.55
4.064358711242676,3.47
4.172508716583252,4.36
4.889654636383057,4.07
5.893104553222656,3.63
7.200357913970947,5.609999999999999
8.509692192077637,8.95
8.591029167175293,9.09
7.4246745109558105,7.81
5.884389400482178,5.84
4.4774580001831055,3.81
3.4072041511535645,1.8
2.852997064590454,1.36
2.753793478012085,1.9
2.6643879413604736,1.71
2.346895933151245,1.15
2.0044655799865723,1.04
1.7433027029037476,0.84
1.4584757089614868,0.34
1.1917636394500732,0.06
1.0460209846496582,0.0
0.9750745296478271,0.0
0.9180635213851929,0.0
0.8594003915786743,0.0
0.7983459830284119,0.0
0.7376137971878052,0.0
0.6746665239334106,0.0
0.6159095764160156,0.0
0.5629432797431946,0.0
0.5117002725601196,0.0
0.4625275433063507,0.0
0.41386374831199646,0.0
0.36888816952705383,0.0
0.3267049193382263,0.0
0.28762054443359375,0.0
0.2524398863315582,0.0
0.224055677652359,0.0
0.20213976502418518,0.0
0.18438053131103516,0.0
0.1697932928800583,0.0
0.16256070137023926,0.0
0.16070100665092468,0.0
0.16413536667823792,0.0
0.17704100906848907,0.0
0.19801346957683563,0.0
0.22609569132328033,0.0
0.26035282015800476,0.0
0.30199211835861206,0.0
0.35551053285598755,0.0
0.41470199823379517,0.0
0.4827090799808502,0.0
0.5551711916923523,0.0
0.6358126997947693,0.0
0.7238070368766785,0.0
0.8129348754882812,0.0
0.9108810424804688,0.0
1.015512228012085,0.0
1.1213104724884033,0.0
1.2279834747314453,0.0
1.3326072692871094,0.0
1.4382458925247192,0.0
1.5264391899108887,0.0
1.6405749320983887,0.0
1.8077632188796997,0.0
1.9642733335494995,0.0
2.131688117980957,0.14
2.3356025218963623,0.32
2.6352269649505615,1.01
2.770073413848877,1.17
3.3722660541534424,1.11
4.046565055847168,2.09
5.2413177490234375,3.4
6.393527030944824,5.03
7.241772174835205,5.95
8.234701156616211,10.4
9.810380935668945,7.63
11.015151977539062,10.659999999999998
13.384745597839355,10.25
14.503334045410156,12.9
14.87662410736084,16.63
12.55832290649414,15.15
8.258719444274902,12.07
5.547775745391846,8.99
5.5449113845825195,5.12
9.602725982666016,6.52
15.301255226135254,11.16
20.982616424560547,24.09
23.852033615112305,26.83
21.346275329589844,25.08
17.80075454711914,20.78
15.15113353729248,12.63
13.591476440429688,15.66
15.427922248840332,14.06
16.022380828857422,15.17
16.462966918945312,20.16
15.377960205078125,15.87
10.956961631774902,10.98
7.644111633300781,15.71
7.170936584472656,6.08
5.837157249450684,5.42
7.5214409828186035,4.97
9.029386520385742,7.63
11.293478965759277,18.82
12.786025047302246,15.75
10.500550270080566,8.56
8.829812049865723,7.33
8.583094596862793,8.52
8.183723449707031,12.38
7.197959899902344,7.64
4.763218879699707,2.3899999999999997
3.1066787242889404,2.17
2.800642967224121,1.99
2.4485697746276855,2.01
2.055314064025879,1.21
1.511318564414978,0.28
1.1668899059295654,0.03
1.0517104864120483,0.0
0.9871841669082642,0.0
0.9269174933433533,0.0
0.8703339695930481,0.0
0.8085007667541504,0.0
0.760421872138977,0.0
0.7262687087059021,0.0
0.6926301717758179,0.0
0.6599791049957275,0.0
0.6144083142280579,0.0
0.5689752101898193,0.0
0.5201423168182373,0.0
0.4997955858707428,0.0
0.4590180814266205,0.0
0.43277063965797424,0.0
0.40346866846084595,0.0
0.37820014357566833,0.0
0.371109277009964,0.0
0.3522919714450836,0.0
0.3428584635257721,0.0
0.3362671136856079,0.0
0.3095332086086273,0.0
0.3177074193954468,0.0
0.34336841106414795,0.0
0.3561153709888458,0.0
0.39137399196624756,0.0
0.43088632822036743,0.0
0.4721052348613739,0.0
0.5168658494949341,0.0
0.5851970911026001,0.0
0.6491283178329468,0.0
0.7190902829170227,0.0
0.7889809608459473,0.0
0.8654781579971313,0.0
0.9586328864097595,0.0
1.0442184209823608,0.0
1.1534197330474854,0.0
1.2560776472091675,0.0
1.371241569519043,0.0
1.4695578813552856,0.0
1.5235826969146729,0.0
1.576062560081482,0.0
1.684360384941101,0.0
1.8482170104980469,0.0
2.0485057830810547,0.0
2.3612263202667236,0.28
2.882689952850342,1.12
3.6404054164886475,1.73
4.29633092880249,2.02
4.915972709655762,2.8000000000000003
5.661438465118408,4.03
6.437910079956055,5.0600000000000005
7.02971887588501,5.36
7.145515441894531,4.67
7.066441535949707,5.41
7.0149102210998535,6.38
6.940678596496582,5.92
6.356955528259277,4.85
5.965385913848877,3.5
6.120362758636475,4.89
6.834062099456787,6.47
8.150197982788086,7.87
9.24021053314209,6.54
10.18529987335205,9.529999999999998
11.321486473083496,10.670000000000002
11.799323081970215,12.01
11.8071870803833,13.2
10.4951810836792,8.95
7.276523590087891,9.19
6.351605415344238,9.44
6.911670207977295,11.28
8.427996635437012,8.09
9.891828536987305,7.96
13.674135208129883,14.26
17.068363189697266,24.07
18.611892700195312,21.36
17.07396125793457,17.52
15.754399299621582,18.66
15.975358009338379,18.57
16.14653205871582,16.48
16.440052032470703,21.53
16.55834197998047,15.72
14.652070045471191,14.05
13.76416301727295,18.59
12.502820014953613,14.54
9.435606956481934,10.05
6.9210968017578125,5.99
5.186524391174316,4.68
4.218411445617676,4.39
3.3997397422790527,2.12
2.4035513401031494,1.59
1.9402878284454346,1.12
1.530479907989502,0.38
1.2264364957809448,0.07
1.0646684169769287,0.0
0.9831928014755249,0.0
0.9327072501182556,0.0
0.8778189420700073,0.0
0.8402508497238159,0.0
0.7945745587348938,0.0
0.7495623826980591,0.0
0.708255410194397,0.0
0.6675555109977722,0.0
0.6151983141899109,0.0
0.5700191855430603,0.0
0.5330003499984741,0.0
0.4968634247779846,0.0
0.47253158688545227,0.0
0.4525758922100067,0.0
0.43810248374938965,0.0
0.4057951271533966,0.0
0.3899708092212677,0.0
0.37374699115753174,0.0
0.3650191128253937,0.0
0.3536672592163086,0.0
0.3564378321170807,0.0
0.3628939688205719,0.0
0.37447869777679443,0.0
0.3914380371570587,0.0
0.42297664284706116,0.0
0.44622495770454407,0.0
0.47442179918289185,0.0
0.48558080196380615,0.0
0.5082390904426575,0.0
0.5597097277641296,0.0
0.6275203824043274,0.0
0.7084299921989441,0.0
0.7873136401176453,0.0
0.8806504011154175,0.0
0.964326798915863,0.0
1.050567388534546,0.0
1.1578232049942017,0.0
1.2624784708023071,0.0
1.3707306385040283,0.0
1.4687609672546387,0.0
1.5669578313827515,0.0
1.6821202039718628,0.0
1.8072799444198608,0.0
1.9137449264526367,0.0
2.0787267684936523,0.03
2.329483985900879,0.28
2.662503480911255,0.52
3.05314564704895,0.67
3.496202230453491,1.03
3.9689371585845947,2.14
4.385047435760498,2.63
4.612691402435303,2.9
5.059558391571045,3.52
5.839382648468018,3.96
6.869497776031494,4.68
7.909969329833984,6.1
8.752384185791016,8.25
9.613604545593262,10.120000000000001
10.568291664123535,9.94
11.058366775512695,9.73
11.615506172180176,9.39
12.414040565490723,11.32
12.55276870727539,14.05
11.818802833557129,12.839999999999998
10.008676528930664,8.57
8.513558387756348,9.07
8.52357292175293,8.65
8.976261138916016,6.23
9.420357704162598,10.71
10.380966186523438,11.28
9.921262741088867,11.35
9.161423683166504,10.670000000000002
8.435827255249023,10.53
9.330364227294922,7.77
10.292165756225586,10.89
11.877359390258789,10.91
11.91535758972168,12.63
11.350610733032227,14.04
9.67243766784668,11.91
6.9103875160217285,5.39
4.382753849029541,3.65
3.388970136642456,2.04
2.747575044631958,1.52
2.433680772781372,1.26
2.179586887359619,1.18
1.929490327835083,0.89
1.6430437564849854,0.44
1.3759384155273438,0.15
1.2116659879684448,0.01
1.1093229055404663,0.0
1.0562952756881714,0.0
1.0041853189468384,0.0
0.9463030099868774,0.0
0.8936501741409302,0.0
0.8121283054351807,0.0
0.7359617352485657,0.0
0.6581927537918091,0.0
0.6075290441513062,0.0
0.5808535814285278,0.0
0.5449938774108887,0.0
0.49755093455314636,0.0
0.4481511414051056,0.0
0.39903804659843445,0.0
0.3556767702102661,0.0
0.3192896544933319,0.0
0.286803662776947,0.0
0.2716933488845825,0.0
0.2583387792110443,0.0
0.2640901803970337,0.0
0.26690050959587097,0.0
0.25923869013786316,0.0
0.2630074620246887,0.0
0.2779034376144409,0.0
0.30021247267723083,0.0
0.3211284875869751,0.0
0.3436436653137207,0.0
0.377713680267334,0.0
0.42248547077178955,0.0
0.4850768744945526,0.0
0.5484071969985962,0.0
0.6142770051956177,0.0
0.6884154677391052,0.0
0.7623236179351807,0.0
0.8555071353912354,0.0
0.9439679980278015,0.0
1.0402625799179077,0.0
1.1443148851394653,0.0
1.2553235292434692,0.0
1.3684499263763428,0.0
1.4729989767074585,0.0
1.5704385042190552,0.0
1.6748255491256714,0.0
1.800095558166504,0.0
1.9676424264907837,0.0
2.166644334793091,0.0
2.4016764163970947,0.14
2.6716206073760986,0.47
2.9352829456329346,0.72
3.0772953033447266,0.92
3.1187431812286377,0.82
3.217017412185669,0.91
3.499880075454712,1.02
3.8655898571014404,1.15
4.304322242736816,1.21
4.820828914642334,2.5
5.507101058959961,4.15
6.15471887588501,4.05
6.532991409301758,3.81
6.833901405334473,4.6
7.091732501983643,5.67
7.4696855545043945,7.08
8.168362617492676,7.68
8.733327865600586,5.95
9.14173412322998,5.59
9.447090148925781,8.32
9.548981666564941,12.05
9.670700073242188,10.36
7.7260966300964355,6.9
7.492103576660156,5.44
8.561058044433594,5.49
10.616134643554688,11.99
12.730607032775879,14.03
12.502546310424805,8.54
11.047440528869629,13.52
10.616708755493164,9.22
8.496050834655762,9.32
6.984563827514648,6.6
5.35120964050293,3.4899999999999998
4.310832977294922,3.3
4.334682464599609,2.99
4.237371921539307,4.13
3.9883806705474854,2.38
4.039523601531982,4.07
4.755310535430908,3.68
4.981317520141602,4.54
5.199183464050293,2.82
5.037775993347168,4.41
5.041409969329834,6.61
4.3356099128723145,3.31
2.8368401527404785,1.46
2.0498979091644287,1.15
1.6696536540985107,0.42
1.3395233154296875,0.16
1.182454228401184,0.02
1.08588707447052,0.0
1.0179417133331299,0.0
0.9783309698104858,0.0
0.9111981391906738,0.0
0.8569909334182739,0.0
0.7999818325042725,0.0
0.7390130758285522,0.0
0.6777381300926208,0.0
0.6135841608047485,0.0
0.5446746945381165,0.0
0.4864683449268341,0.0
0.43210920691490173,0.0
0.3834880590438843,0.0
0.3407120704650879,0.0
0.3022262752056122,0.0
0.2677130699157715,0.0
0.23663315176963806,0.0
0.21063539385795593,0.0
0.1902606338262558,0.0
0.1744842827320099,0.0
0.16506695747375488,0.0
0.16253435611724854,0.0
0.16752785444259644,0.0
0.17853248119354248,0.0
0.1986524760723114,0.0
0.22302094101905823,0.0
0.2569217383861542,0.0
0.29795199632644653,0.0
0.346504807472229,0.0
0.40658798813819885,0.0
0.4755464792251587,0.0
0.552960991859436,0.0
0.6313453912734985,0.0
0.7217546105384827,0.0
0.8146373629570007,0.0
0.9142496585845947,0.0
1.0178887844085693,0.0
1.1283600330352783,0.0
1.2339524030685425,0.0
1.3162912130355835,0.0
1.4058780670166016,0.0
1.517258644104004,0.0
1.6640293598175049,0.0
1.779546856880188,0.0
2.152696371078491,0.04
2.6474294662475586,0.64
3.1451773643493652,0.99
3.455209732055664,1.31
3.8748526573181152,1.75
4.212571144104004,3.46
4.461033344268799,1.99
4.428622245788574,1.59
4.857687950134277,2.77
5.077208995819092,3.9000000000000004
4.869261741638184,3.0699999999999994
5.108129501342773,3.73
6.505519390106201,4.91
8.021502494812012,4.46
8.901127815246582,4.55
9.949613571166992,9.75
10.923492431640625,12.54
10.33357048034668,9.8
8.3847074508667,4.58
6.3841142654418945,3.67
6.929821014404297,7.250000000000001
8.021624565124512,7.13
7.8899827003479,4.74
7.621427536010742,2.63
7.8784379959106445,5.12
8.399347305297852,13.77
7.732146739959717,4.27
4.214940547943115,1.13
3.2621750831604004,0.85
3.371255874633789,1.3
3.4719462394714355,0.76
3.424994945526123,0.85
3.4874396324157715,1.18
3.5449159145355225,2.14
3.5403687953948975,2.62
3.250945806503296,0.4
2.8703505992889404,0.7000000000000001
3.148500680923462,1.33
3.3603923320770264,1.98
3.2889013290405273,1.93
3.0020546913146973,1.28
2.6742846965789795,1.11
2.502580165863037,1.29
2.3379571437835693,0.7000000000000001
2.1042327880859375,0.37
2.0029749870300293,0.81
1.941106915473938,0.57
1.7306618690490723,0.55
1.5484023094177246,0.28
1.348961353302002,0.1
1.2110812664031982,0.03
1.1177775859832764,0.0
1.040798544883728,0.0
0.9700371026992798,0.0
0.9019172191619873,0.0
0.8348478078842163,0.0
0.7669106721878052,0.0
0.7036840915679932,0.0
0.6428627967834473,0.0
0.5824467539787292,0.0
0.5231067538261414,0.0
0.4653387665748596,0.0
0.408968448638916,0.0
0.35394251346588135,0.0
0.30389702320098877,0.0
0.25873905420303345,0.0
0.21561402082443237,0.0
0.17856821417808533,0.0
0.14389880001544952,0.0
0.11409692466259003,0.0
0.0908937156200409,0.0
0.07592093199491501,0.0
0.06858754903078079,0.0
0.06741225719451904,0.0
0.07522819936275482,0.0
0.08941344916820526,0.0
0.11010387539863586,0.0
0.13827842473983765,0.0
0.17343246936798096,0.0
0.21585068106651306,0.0
0.2657524645328522,0.0
0.32340943813323975,0.0
0.3915371298789978,0.0
0.46727967262268066,0.0
0.550155520439148,0.0
0.6370313167572021,0.0
0.7324317097663879,0.0
0.8315454721450806,0.0
0.9364785552024841,0.0
1.0475794076919556,0.0
1.1633962392807007,0.0
1.2802116870880127,0.0
1.3948781490325928,0.0
1.5020508766174316,0.0
1.6045167446136475,0.0
1.7310781478881836,0.0
1.8774842023849487,0.0
2.044055700302124,0.0
2.2186522483825684,0.04
2.3588614463806152,0.24
2.5969507694244385,0.57
2.894869804382324,0.52
3.2033228874206543,0.62
3.5686562061309814,0.79
3.9318480491638184,1.19
4.217799186706543,2.38
4.326513290405273,2.1
4.138896465301514,1.76
4.096046447753906,1.21
4.124514579772949,1.35
4.330677509307861,1.53
4.48861026763916,2.02
4.782451152801514,2.74
5.004060745239258,3.02
5.325168609619141,2.52
5.811293601989746,3.46
6.631455898284912,4.22
7.031029224395752,5.27
7.4200286865234375,5.12
7.662285327911377,6.73
7.837052345275879,6.01
7.444676399230957,5.37
7.0936079025268555,4.84
6.765083312988281,6.17
6.180007457733154,4.81
5.461048126220703,3.89
4.986948490142822,3.66
4.766702175140381,3.34
4.766668796539307,3.2
5.37466287612915,4.13
6.0813212394714355,5.53
6.5424604415893555,4.99
6.633231163024902,5.25
6.811250686645508,6.73
6.815236568450928,7.22
6.164597988128662,4.68
5.266345977783203,4.27
4.915241718292236,4.35
4.5154924392700195,3.3499999999999996
3.96112322807312,3.18
3.5511467456817627,2.36
3.044933795928955,2.2
2.6339669227600098,1.45
2.1603283882141113,1.04
1.8124730587005615,0.81
1.5061005353927612,0.25
1.2421045303344727,0.09
1.1097148656845093,0.01
1.0203819274902344,0.0
0.9518418312072754,0.0
0.888097882270813,0.0
0.8266727328300476,0.0
0.7628640532493591,0.0
0.7013481855392456,0.0
0.6406865119934082,0.0
0.5792050361633301,0.0
0.5209572315216064,0.0
0.4649678170681,0.0
0.41132593154907227,0.0
0.3595314621925354,0.0
0.31052151322364807,0.0
0.2663453221321106,0.0
0.22496941685676575,0.0
0.19240298867225647,0.0
0.16294115781784058,0.0
0.13666582107543945,0.0
0.11508902907371521,0.0
0.09743852913379669,0.0
0.08613517880439758,0.0
0.08124129474163055,0.0
0.08708607405424118,0.0
0.10016266256570816,0.0
0.12011602520942688,0.0
0.14968463778495789,0.0
0.18444454669952393,0.0
0.22848278284072876,0.0
0.28171253204345703,0.0
0.3433120846748352,0.0
0.4113726019859314,0.0
0.4857182204723358,0.0
0.5682713985443115,0.0
0.6545858383178711,0.0
0.7473765015602112,0.0
0.8471100330352783,0.0
0.9528383612632751,0.0
1.061876654624939,0.0
1.1742833852767944,0.0
1.2777012586593628,0.0
1.3778775930404663,0.0
1.4706717729568481,0.0
1.5986777544021606,0.0
1.7385956048965454,0.0
1.9537250995635986,0.0
2.2113401889801025,0.18
2.5334901809692383,0.45
2.8221890926361084,0.89
3.043577194213867,1.0
3.257171630859375,1.4700000000000002
3.3426971435546875,1.55
3.493565797805786,1.89
3.948152542114258,2.01
4.932112693786621,3.2200000000000006
6.510222911834717,4.97
8.064862251281738,5.84
8.896798133850098,8.85
9.911401748657227,10.82
10.914932250976562,11.93
11.201056480407715,11.46
11.978386878967285,10.72
13.272873878479004,12.3
14.710480690002441,17.26
15.767802238464355,17.14
15.959317207336426,15.16
15.903735160827637,17.69
16.243860244750977,16.34
16.258161544799805,16.12
16.684377670288086,19.67
16.990137100219727,18.3
16.18181037902832,16.12
15.860328674316406,17.35
16.35284996032715,18.67
16.4056396484375,17.46
16.145721435546875,17.15
16.164756774902344,16.75
15.851808547973633,17.12
14.93273639678955,16.86
12.276782989501953,15.14
10.546859741210938,13.62
9.608434677124023,11.63
9.434195518493652,9.4
9.924427032470703,9.08
11.17501449584961,10.33
11.996736526489258,17.84
11.585232734680176,10.9
8.770329475402832,9.009999999999998
7.267638683319092,7.38
5.821645259857178,5.34
4.411579608917236,3.84
3.30146861076355,2.77
2.346449613571167,1.6100000000000003
1.6631544828414917,0.54
1.215396523475647,0.04
1.028642177581787,0.0
0.9780222773551941,0.0
0.9368137717247009,0.0
0.8862901329994202,0.0
0.8225644826889038,0.0
0.7582434415817261,0.0
0.7057257294654846,0.0
0.6598867774009705,0.0
0.6083698272705078,0.0
0.566218376159668,0.0
0.5223034620285034,0.0
0.46565261483192444,0.0
0.42418399453163147,0.0
0.3899049460887909,0.0
0.35436901450157166,0.0
0.32077866792678833,0.0
0.29289305210113525,0.0
0.2743622064590454,0.0
0.2686108946800232,0.0
0.2556484043598175,0.0
0.2502080798149109,0.0
0.24628543853759766,0.0
0.2433907687664032,0.0
0.2524336278438568,0.0
0.26368534564971924,0.0
0.2913658618927002,0.0
0.32406240701675415,0.0
0.3679597079753876,0.0
0.404831200838089,0.0
0.45760130882263184,0.0
0.5191056132316589,0.0
0.5862743854522705,0.0
0.6611841320991516,0.0
0.7506431341171265,0.0
0.8433303236961365,0.0
0.9369533658027649,0.0
1.0340876579284668,0.0
1.1419956684112549,0.0
1.2487109899520874,0.0
1.3402116298675537,0.0
1.433391809463501,0.0
1.5215301513671875,0.0
1.5338083505630493,0.0
1.5548622608184814,0.0
1.7205818891525269,0.04
1.9474973678588867,0.29
2.4218759536743164,0.58
2.9901020526885986,1.09
3.8030571937561035,2.73
5.262149810791016,4.530000000000001
6.299026966094971,5.41
7.383107662200928,7.81
8.527106285095215,8.46
9.492549896240234,11.04
10.924579620361328,12.76
12.085164070129395,11.04
13.486498832702637,15.73
16.168827056884766,17.2
17.902517318725586,18.74
18.47683334350586,19.64
19.45792007446289,20.62
20.55147933959961,21.97
21.493408203125,23.58
22.205625534057617,23.44
22.68538475036621,22.16
23.807579040527344,26.52
24.93699073791504,26.21
24.950841903686523,26.59
24.8233642578125,26.01
24.657249450683594,26.15
24.657812118530273,26.96
24.444520950317383,26.38
24.054927825927734,26.08
23.74895477294922,25.9
23.409496307373047,25.659999999999997
22.747722625732422,25.34
22.37694549560547,24.76
21.52474021911621,24.25
20.69652557373047,23.12
19.76706886291504,22.23
18.89700698852539,21.23
17.937570571899414,21.06
16.87156867980957,18.23
15.449772834777832,17.56
14.305898666381836,16.23
12.913472175598145,14.43
11.558209419250488,12.62
10.131028175354004,10.74
8.667351722717285,8.64
7.2284135818481445,7.22
5.9099555015563965,5.81
4.6121039390563965,4.26
3.403543472290039,2.66
2.3149654865264893,1.52
1.6777421236038208,0.62
1.276636004447937,0.05
1.0678062438964844,0.0
1.0109038352966309,0.0
0.9520940780639648,0.0
0.8868518471717834,0.0
0.841313362121582,0.0
0.8024729490280151,0.0
0.7612942457199097,0.0
0.7184335589408875,0.0
0.6933467388153076,0.0
0.6614032983779907,0.0
0.6114632487297058,0.0
0.5687943696975708,0.0
0.5369574427604675,0.0
0.48972287774086,0.0
0.47552499175071716,0.0
0.46560320258140564,0.0
0.4518892765045166,0.0
0.43728289008140564,0.0
0.41559070348739624,0.0
0.41762563586235046,0.0
0.41737398505210876,0.0
0.4190899729728699,0.0
0.41559579968452454,0.0
0.4160085916519165,0.0
0.42816412448883057,0.0
0.4601726531982422,0.0
0.4973269999027252,0.0
0.5361515283584595,0.0
0.574554979801178,0.0
0.6299375295639038,0.0
0.6877910494804382,0.0
0.7646646499633789,0.0
0.8372155427932739,0.0
0.9086074233055115,0.0
0.9699793457984924,0.0
1.067926049232483,0.0
1.1689256429672241,0.0
1.2962509393692017,0.0
1.4073349237442017,0.0
1.497132658958435,0.0
1.5713542699813843,0.0
1.6335526704788208,0.0
1.7229468822479248,0.0
1.8137016296386719,0.0
1.9672857522964478,0.01
1.9519550800323486,0.29
2.0476951599121094,0.59
2.3489198684692383,0.98
2.8709070682525635,1.63
4.245695114135742,2.63
6.160193920135498,3.68
8.093234062194824,7.47
9.855722427368164,9.580000000000002
11.06895637512207,10.7
10.705077171325684,12.69
9.501740455627441,11.04
8.626063346862793,10.140000000000002
8.964492797851562,12.02
11.161094665527344,13.24
13.617104530334473,11.29
16.062217712402344,18.14
19.243165969848633,22.8
20.620784759521484,22.57
20.811933517456055,24.02
21.41187858581543,21.43
22.233232498168945,22.96
24.007307052612305,26.04
25.304471969604492,27.11
25.655580520629883,27.14
25.698230743408203,27.45
25.532276153564453,27.39
25.2099666595459,27.26
24.91021156311035,26.93
24.455902099609375,26.66
23.988422393798828,26.3
23.428972244262695,25.72
22.817134857177734,25.36
22.117816925048828,24.43
21.300504684448242,23.96
20.49390411376953,23.43
19.397520065307617,21.9
18.209264755249023,20.79
17.210704803466797,19.37
16.199363708496094,18.35
15.120084762573242,16.75
14.115548133850098,14.91
12.69422721862793,13.98
11.003006935119629,11.89
8.874253273010254,9.52
6.720792770385742,7.03
4.713184833526611,5.04
3.0767109394073486,0.76
1.5708194971084595,0.5
1.348324179649353,0.21
1.1891990900039673,0.05
1.1112185716629028,0.0
1.0729920864105225,0.0
1.0427658557891846,0.0
0.9940524101257324,0.0
0.9275718927383423,0.0
0.8824858069419861,0.0
0.8201524615287781,0.0
0.7789517045021057,0.0
0.7285496592521667,0.0
0.7098023295402527,0.0
0.6854416131973267,0.0
0.6493881940841675,0.0
0.6160217523574829,0.0
0.572672963142395,0.0
0.5170363187789917,0.0
0.48414430022239685,0.0
0.467239648103714,0.0
0.44752150774002075,0.0
0.4248502552509308,0.0
0.415151447057724,0.0
0.4050830900669098,0.0
0.3956853151321411,0.0
0.3940548598766327,0.0
0.39801934361457825,0.0
0.4093886613845825,0.0
0.44290784001350403,0.0
0.4621923267841339,0.0
0.500949501991272,0.0
0.5430286526679993,0.0
0.587464451789856,0.0
0.6376299858093262,0.0
0.6971759796142578,0.0
0.7562063932418823,0.0
0.8246545195579529,0.0
0.9138784408569336,0.0
0.9980926513671875,0.0
1.09676992893219,0.0
1.1945937871932983,0.0
1.2969075441360474,0.0
1.3950878381729126,0.0
1.455086350440979,0.0
1.5191724300384521,0.0
1.5856655836105347,0.0
1.7229605913162231,0.0
1.8720594644546509,0.0
2.202526330947876,0.0
2.5903608798980713,0.61
3.174752950668335,1.19
3.584057569503784,1.55
3.9874353408813477,1.84
4.012211799621582,3.0800000000000005
4.015732765197754,2.61
4.033321380615234,3.4
4.499505519866943,2.89
5.360209941864014,4.72
6.982829570770264,4.71
8.812772750854492,9.81
10.941346168518066,11.82
11.428630828857422,12.51
12.546671867370605,14.04
14.101097106933594,14.96
15.644745826721191,15.590000000000002
17.058786392211914,16.66
17.723054885864258,17.41
18.109603881835938,21.91
17.02408790588379,17.65
15.442458152770996,17.1
13.777816772460938,16.13
12.936361312866211,14.92
13.34541130065918,18.5
14.848621368408203,15.53
16.31159782409668,19.65
19.19980239868164,17.05
21.42635154724121,26.2
23.724525451660156,26.47
23.316434860229492,25.22
22.53786277770996,25.25
21.9157657623291,24.21
21.071626663208008,23.66
20.18269157409668,22.69
19.182662963867188,21.81
18.138792037963867,20.48
16.99115562438965,19.26
15.801762580871582,17.82
14.473316192626953,16.01
13.091503143310547,14.83
11.773831367492676,12.839999999999998
10.23326301574707,10.95
8.678297996520996,8.74
7.099478244781494,7.14
5.654842853546143,5.41
4.279229164123535,3.56
3.1352317333221436,2.6
2.1512866020202637,0.91
1.4938709735870361,0.25
1.2186894416809082,0.0
1.105579137802124,0.0
1.0529868602752686,0.0
0.9725538492202759,0.0
0.9249564409255981,0.0
0.8778181672096252,0.0
0.8407744765281677,0.0
0.8012130856513977,0.0
0.7691541910171509,0.0
0.7309033274650574,0.0
0.7061460018157959,0.0
0.6772125959396362,0.0
0.6484109163284302,0.0
0.6165400147438049,0.0
0.5930596590042114,0.0
0.5766780972480774,0.0
0.5508694648742676,0.0
0.5256252288818359,0.0
0.4995601177215576,0.0
0.482281357049942,0.0
0.4526882767677307,0.0
0.43114030361175537,0.0
0.4397245943546295,0.0
0.43756869435310364,0.0
0.4516638517379761,0.0
0.4704383909702301,0.0
0.49208325147628784,0.0
0.5339452028274536,0.0
0.5783592462539673,0.0
0.6224765777587891,0.0
0.6873695850372314,0.0
0.7413478493690491,0.0
0.7984002232551575,0.0
0.8739465475082397,0.0
0.9687058329582214,0.0
1.0551612377166748,0.0
1.1131328344345093,0.0
1.1595945358276367,0.0
1.230716347694397,0.0
1.3192031383514404,0.0
1.448211431503296,0.0
1.576853632926941,0.0
1.713876485824585,0.0
1.8531591892242432,0.0
1.9514061212539673,0.0
2.0379366874694824,0.0
2.1467742919921875,0.0
2.2696523666381836,0.0
2.3861355781555176,0.04
2.5069046020507812,0.09
2.6093006134033203,0.09
2.697082281112671,0.36
2.775634527206421,0.0
2.7540931701660156,0.0
2.8265130519866943,0.0
2.919832706451416,0.0
2.9995474815368652,0.0
3.062732696533203,0.0
3.150528907775879,0.01
3.24096941947937,0.27
3.3320047855377197,0.36
3.348684787750244,0.33
3.4241011142730713,0.43
3.563088893890381,0.57
3.697929620742798,0.64
3.875906229019165,0.91
4.1001763343811035,1.36
4.301966667175293,1.99
4.456667423248291,1.79
4.3861308097839355,1.9
4.527366638183594,2.5
4.757046222686768,2.64
4.836269855499268,2.8000000000000003
5.058443546295166,3.09
5.322244167327881,2.92
5.572582244873047,4.57
5.833268642425537,4.01
5.373504161834717,4.17
5.126938343048096,4.65
4.687699317932129,3.4899999999999998
4.575521945953369,3.4
4.745330333709717,3.71
5.122859477996826,3.37
5.674224376678467,5.5
6.300254821777344,6.11
6.406879425048828,6.39
6.170518398284912,4.15
5.7712483406066895,5.39
5.672553062438965,5.84
5.032308101654053,3.97
3.974315643310547,3.26
3.2121641635894775,2.24
2.492528200149536,1.14
1.938130259513855,0.8
1.626591682434082,0.49
1.3710031509399414,0.02
1.1844359636306763,0.0
1.1168843507766724,0.0
1.0548573732376099,0.0
0.990654468536377,0.0
0.9253909587860107,0.0
0.8609843254089355,0.0
0.7981215119361877,0.0
0.736227810382843,0.0
0.6756691932678223,0.0
0.6190888285636902,0.0
0.562626838684082,0.0
0.5086173415184021,0.0
0.46088793873786926,0.0
0.41661500930786133,0.0
0.3759867250919342,0.0
0.3380531370639801,0.0
0.30277493596076965,0.0
0.2708248496055603,0.0
0.2419707328081131,0.0
0.21974293887615204,0.0
0.2008652538061142,0.0
0.18890410661697388,0.0
0.1847565472126007,0.0
0.18979424238204956,0.0
0.20170024037361145,0.0
0.22239717841148376,0.0
0.24899783730506897,0.0
0.2848498523235321,0.0
0.32811373472213745,0.0
0.3778840899467468,0.0
0.4348223805427551,0.0
0.49627500772476196,0.0
0.5677886009216309,0.0
0.645067036151886,0.0
0.731580376625061,0.0
0.8248582482337952,0.0
0.9255386590957642,0.0
1.0272947549819946,0.0
1.134529709815979,0.0
1.2478007078170776,0.0
1.3549901247024536,0.0
1.4372637271881104,0.0
1.477219820022583,0.0
1.477492094039917,0.0
1.5386475324630737,0.0
1.7903963327407837,0.0
2.267594814300537,0.1
2.9631426334381104,0.65
3.7663826942443848,1.72
4.72368860244751,3.37
5.645995616912842,4.58
6.2887420654296875,4.9
6.454314708709717,5.02
6.771920680999756,5.78
7.541201114654541,7.530000000000001
7.653322219848633,7.29
7.843596935272217,7.3
8.997695922851562,8.2
10.736959457397461,11.96
12.1845064163208,11.04
11.865335464477539,11.1
12.291518211364746,15.060000000000002
12.159119606018066,17.05
12.456350326538086,15.019999999999998
12.926192283630371,13.929999999999998
15.229001998901367,16.22
19.044124603271484,21.16
22.297393798828125,22.09
24.06002426147461,26.23
25.43260955810547,26.94
25.627979278564453,27.15
25.51639175415039,27.3
25.310230255126953,27.2
24.9339542388916,27.11
24.27943992614746,25.36
23.76174545288086,26.38
23.64488983154297,25.91
22.8761043548584,25.25
22.026762008666992,24.38
21.046205520629883,23.67
20.057918548583984,22.67
18.97383689880371,21.39
17.828310012817383,20.42
16.73939323425293,19.15
15.612800598144531,17.56
14.36785888671875,16.6
13.148280143737793,14.73
11.844725608825684,12.829999999999998
10.428525924682617,11.66
8.984700202941895,9.44
7.315881252288818,7.16
5.684629440307617,5.869999999999999
4.334888458251953,3.88
3.102320671081543,2.29
2.017568826675415,1.53
1.5022271871566772,0.55
1.1221613883972168,0.0
0.9559488296508789,0.0
0.9392176866531372,0.0
0.8948007822036743,0.0
0.8403170108795166,0.0
0.8029403686523438,0.0
0.7797068357467651,0.0
0.762092113494873,0.0
0.7489140629768372,0.0
0.7297268509864807,0.0
0.6769658923149109,0.0
0.627280056476593,0.0
0.5756701231002808,0.0
0.48937591910362244,0.0
0.44205915927886963,0.0
0.501019299030304,0.0
0.48120513558387756,0.0
0.5252457857131958,0.0
0.5298206806182861,0.0
0.5033537149429321,0.0
0.46739012002944946,0.0
0.3911689221858978,0.0
0.30109506845474243,0.0
0.29465755820274353,0.0
0.30553480982780457,0.0
0.3188112676143646,0.0
0.3673228919506073,0.0
0.4531729221343994,0.0
0.47543254494667053,0.0
0.5706472992897034,0.0
0.614648699760437,0.0
0.6304317712783813,0.0
0.6971918940544128,0.0
0.7857939004898071,0.0
0.8800266981124878,0.0
0.9430585503578186,0.0
1.0227292776107788,0.0
1.1066466569900513,0.0
1.2080448865890503,0.0
1.3114970922470093,0.0
1.4052664041519165,0.0
1.4715312719345093,0.0
1.5399640798568726,0.0
1.6077420711517334,0.0
1.666339635848999,0.0
1.759561538696289,0.0
2.015759229660034,0.15
2.3705780506134033,0.83
2.8711719512939453,1.51
3.629173517227173,2.35
4.679664134979248,3.97
5.970372200012207,5.93
7.418310642242432,7.13
8.883554458618164,9.31
10.45601749420166,11.5
12.013884544372559,12.75
13.551252365112305,14.82
15.344742774963379,16.77
17.229339599609375,17.82
18.328365325927734,19.42
19.471811294555664,20.85
20.52864646911621,21.62
21.55576515197754,22.76
22.48274803161621,23.7
23.296573638916016,24.660000000000004
23.97544288635254,25.16
24.496530532836914,25.689999999999998
24.908578872680664,26.29
25.176679611206055,26.52
25.309606552124023,26.810000000000002
25.347671508789062,26.92
25.222923278808594,26.94
25.008220672607422,26.820000000000004
24.727140426635742,26.64
24.323884963989258,26.46
23.60232925415039,25.89
22.979440689086914,25.24
22.256763458251953,24.84
21.490001678466797,24.03
20.58330726623535,22.97
19.61159896850586,22.34
18.694080352783203,21.17
17.649173736572266,19.79
16.54946517944336,18.93
15.484708786010742,17.33
14.196857452392578,15.75
12.843873023986816,14.4
11.595799446105957,12.38
10.158594131469727,10.64
8.734521865844727,9.17
7.227556228637695,7.0
5.639778137207031,5.23
4.251152515411377,3.93
3.164072275161743,2.3
2.0452845096588135,0.97
1.4527287483215332,0.0
1.1756430864334106,0.0
1.1184649467468262,0.0
1.0695428848266602,0.0
1.0336343050003052,0.0
0.985241174697876,0.0
0.9449799656867981,0.0
0.8522587418556213,0.0
0.7932662963867188,0.0
0.7537195682525635,0.0
0.7266943454742432,0.0
0.7359845042228699,0.0
0.7260717749595642,0.0
0.7220124006271362,0.0
0.6815388202667236,0.0
0.6215584874153137,0.0
0.5641947984695435,0.0
0.5466473698616028,0.0
0.4943598210811615,0.0
0.4428362548351288,0.0
0.43691205978393555,0.0
0.46586188673973083,0.0
0.4816347062587738,0.0
0.48171645402908325,0.0
0.49086400866508484,0.0
0.5005331039428711,0.0
0.5151004791259766,0.0
0.5475297570228577,0.0
0.5663963556289673,0.0
0.5843659043312073,0.0
0.6226697564125061,0.0
0.66635662317276,0.0
0.7161556482315063,0.0
0.7821158170700073,0.0
0.8482590317726135,0.0
0.9300016760826111,0.0
1.0272055864334106,0.0
1.1428295373916626,0.0
1.2314969301223755,0.0
1.3177399635314941,0.0
1.4198591709136963,0.0
1.5145801305770874,0.0
1.5929454565048218,0.0
1.6630988121032715,0.0
1.6596676111221313,0.0
1.7287440299987793,0.0
1.8621950149536133,0.0
2.1173880100250244,0.2
2.522839069366455,0.7700000000000001
3.049476385116577,1.44
3.7537970542907715,2.49
4.713569164276123,3.88
6.001876354217529,5.55
7.34148645401001,7.42
8.881446838378906,9.26
10.423050880432129,11.11
11.9317045211792,12.91
13.490528106689453,14.61
15.07573413848877,16.15
16.785245895385742,17.86
17.918142318725586,18.99
19.013065338134766,20.270000000000003
20.086742401123047,21.45
21.11789321899414,22.47
21.959579467773438,23.43
22.7341251373291,24.16
23.38677978515625,24.65
23.905771255493164,25.32
24.274534225463867,25.709999999999997
24.442214965820312,25.94
24.53276252746582,26.18
24.549945831298828,26.25
24.44355010986328,26.24
24.26132583618164,26.18
23.995555877685547,26.03
23.620603561401367,25.82
23.125825881958008,25.34
22.42902183532715,24.84
21.729351043701172,24.19
20.932897567749023,23.44
20.086015701293945,22.62
19.168590545654297,21.75
18.202669143676758,20.67
17.201520919799805,19.37
16.118698120117188,18.36
15.00979995727539,16.99
13.789538383483887,15.29
12.435528755187988,13.89
11.232010841369629,12.21
9.853057861328125,10.18
8.348960876464844,8.65
6.871527671813965,6.81
5.34399938583374,4.8
3.956782341003418,3.57
2.9160375595092773,1.88
1.8565579652786255,0.38
1.3646795749664307,0.0
1.2327656745910645,0.0
1.1982601881027222,0.0
1.1519060134887695,0.0
1.0597981214523315,0.0
1.0066207647323608,0.0
0.9644495844841003,0.0
0.9290344715118408,0.0
0.8991624712944031,0.0
0.8637382388114929,0.0
0.8334240913391113,0.0
0.807616114616394,0.0
0.7820457220077515,0.0
0.7527902126312256,0.0
0.7143150568008423,0.0
0.7077111601829529,0.0
0.6851551532745361,0.0
0.6611548662185669,0.0
0.6296837329864502,0.0
0.6003907322883606,0.0
0.5752500891685486,0.0
0.5550848841667175,0.0
0.4406020939350128,0.0
0.30639585852622986,0.0
0.21783292293548584,0.0
0.21728986501693726,0.0
0.23118123412132263,0.0
0.2494916170835495,0.0
0.2771030068397522,0.0
0.32311058044433594,0.0
0.3720698356628418,0.0
0.4317527413368225,0.0
0.496621698141098,0.0
0.5718194842338562,0.0
0.6444899439811707,0.0
0.7320185899734497,0.0
0.8290742635726929,0.0
0.9336757659912109,0.0
1.0423623323440552,0.0
1.1516706943511963,0.0
1.2606769800186157,0.0
1.3639554977416992,0.0
1.4362564086914062,0.0
1.5178006887435913,0.0
1.611024260520935,0.0
1.7155431509017944,0.0
1.7995179891586304,0.0
2.098257303237915,0.08
2.624678134918213,0.8699999999999999
3.1497721672058105,1.41
3.763749361038208,1.97
5.264261245727539,3.54
6.546565055847168,5.32
7.722214698791504,7.27
8.564197540283203,8.13
10.170768737792969,10.619999999999997
11.823171615600586,12.34
12.781198501586914,9.27
13.69715404510498,14.28
15.120462417602539,16.04
14.020792961120605,21.299999999999997
13.653403282165527,12.41
13.155017852783203,11.95
15.33556842803955,15.95
18.229236602783203,17.75
19.541391372680664,20.65
20.555152893066406,27.05
20.31549835205078,22.25
19.109783172607422,16.72
20.174386978149414,23.16
22.97723388671875,23.43
24.56673812866211,27.16
25.654834747314453,27.32
25.306110382080078,25.0
25.309589385986328,27.02
25.903438568115234,28.15
24.831809997558594,26.55
22.241832733154297,23.65
19.908681869506836,21.03
17.922935485839844,22.47
15.974329948425293,16.97
12.837055206298828,9.73
10.734647750854492,11.85
9.954362869262695,13.16
8.059333801269531,7.41
5.307398319244385,4.46
3.7280821800231934,2.07
2.6881654262542725,1.6
2.2200284004211426,1.16
1.8140153884887695,0.36
1.4781674146652222,0.05
1.3284448385238647,0.0
1.2432230710983276,0.0
1.1933053731918335,0.0
1.1515729427337646,0.0
1.10618257522583,0.0
1.0606379508972168,0.0
1.0128817558288574,0.0
0.971500813961029,0.0
0.91838538646698,0.0
0.8606505393981934,0.0
0.8026229739189148,0.0
0.7544744610786438,0.0
0.6935156583786011,0.0
0.6396128535270691,0.0
0.5771350860595703,0.0
0.5086911916732788,0.0
0.4624803364276886,0.0
0.4064522683620453,0.0
0.36784443259239197,0.0
0.3249397575855255,0.0
0.29487934708595276,0.0
0.27989718317985535,0.0
0.27338287234306335,0.0
0.26963913440704346,0.0
0.2720751166343689,0.0
0.2804463505744934,0.0
0.2969667911529541,0.0
0.32146552205085754,0.0
0.35376402735710144,0.0
0.3934159576892853,0.0
0.4453102946281433,0.0
0.5034030675888062,0.0
0.5693627595901489,0.0
0.6423238515853882,0.0
0.7180469632148743,0.0
0.8013533353805542,0.0
0.8914448022842407,0.0
0.9921704530715942,0.0
1.0966370105743408,0.0
1.204350233078003,0.0
1.3108001947402954,0.0
1.4149055480957031,0.0
1.5236163139343262,0.0
1.6382310390472412,0.0
1.7505593299865723,0.0
1.8442199230194092,0.0
1.933902382850647,0.0
2.088545560836792,0.0
2.3120059967041016,0.05
2.4594788551330566,0.07
2.58952260017395,0.36
3.287809371948242,0.95
3.896282196044922,1.55
4.300609588623047,1.56
4.61571741104126,1.64
5.000838279724121,3.79
5.232919692993164,5.38
4.753767490386963,1.67
4.762134552001953,2.89
6.114088535308838,4.69
7.955277442932129,5.96
9.096095085144043,7.03
9.797554969787598,9.11
10.44965934753418,11.88
10.181183815002441,11.13
8.294260025024414,10.87
7.681491374969482,7.4
8.828696250915527,12.25
12.058709144592285,15.16
15.215190887451172,14.28
18.579660415649414,17.77
23.329256057739258,25.97
26.441104888916016,27.33
26.252830505371094,24.0
24.1988525390625,27.34
22.183610916137695,26.88
17.237186431884766,20.39
11.77296257019043,14.3
9.7303466796875,10.56
10.54802131652832,11.15
12.960084915161133,13.410000000000002
15.167513847351074,13.81
15.903468132019043,19.65
15.225421905517578,16.99
12.372869491577148,15.0
9.793353080749512,9.73
7.2686285972595215,6.72
5.695698261260986,4.54
4.531863689422607,3.43
3.7555553913116455,3.6
3.1258325576782227,2.3
2.1818037033081055,0.75
1.5207945108413696,0.04
1.2613595724105835,0.0
1.1872721910476685,0.0
1.122727632522583,0.0
1.0596871376037598,0.0
1.0027811527252197,0.0
0.9530715942382812,0.0
0.9006941318511963,0.0
0.8491078615188599,0.0
0.7878926396369934,0.0
0.7373543381690979,0.0
0.6841201186180115,0.0
0.6392687559127808,0.0
0.5988448858261108,0.0
0.5677836537361145,0.0
0.532916784286499,0.0
0.5024730563163757,0.0
0.47087791562080383,0.0
0.44971054792404175,0.0
0.41734424233436584,0.0
0.3882731795310974,0.0
0.36834707856178284,0.0
0.3274395167827606,0.0
0.3084525763988495,0.0
0.312491774559021,0.0
0.339285671710968,0.0
0.3928244113922119,0.0
0.4563198983669281,0.0
0.46852877736091614,0.0
0.48259440064430237,0.0
0.4994722306728363,0.0
0.5417349934577942,0.0
0.6201918125152588,0.0
0.6966205835342407,0.0
0.7799972891807556,0.0
0.8695684671401978,0.0
0.9621082544326782,0.0
1.05108642578125,0.0
1.1470067501068115,0.0
1.2427723407745361,0.0
1.3388258218765259,0.0
1.4479776620864868,0.0
1.5500645637512207,0.0
1.6363766193389893,0.0
1.7685141563415527,0.0
1.9058140516281128,0.0
1.9955538511276245,0.0
2.0350430011749268,0.0
2.258028030395508,0.07
2.661120891571045,0.55
3.0780656337738037,0.25
3.2454471588134766,0.45
3.5744216442108154,1.6
4.3403825759887695,3.16
5.039460182189941,2.47
5.133246421813965,1.42
5.358245372772217,1.9500000000000002
6.1018171310424805,5.46
6.509390354156494,6.57
6.026182174682617,3.39
5.338586807250977,1.35
5.619642734527588,4.27
6.994976997375488,6.17
7.603394031524658,4.93
8.205283164978027,7.26
9.196471214294434,6.8
9.415283203125,8.05
10.058695793151855,10.26
10.329092979431152,7.5
9.529765129089355,9.07
9.359221458435059,7.4
8.689314842224121,6.91
8.205141067504883,8.44
7.4882659912109375,4.8
6.300729274749756,3.19
5.852242946624756,5.58
5.634181499481201,3.82
4.761623382568359,2.72
4.21616268157959,2.32
3.9465317726135254,2.1
3.894592523574829,1.73
3.9738733768463135,2.57
4.142244815826416,2.5300000000000002
4.263636112213135,2.23
4.359086036682129,3.05
4.402740001678467,3.15
4.054177761077881,2.17
3.5092294216156006,2.29
3.112840414047241,2.11
2.569291830062866,0.79
2.02336049079895,0.37
1.7794784307479858,0.05
1.632663369178772,0.0
1.5648927688598633,0.07
1.5000885725021362,0.04
1.4174779653549194,0.01
1.3388134241104126,0.0
1.266168475151062,0.0
1.1990586519241333,0.0
1.1364368200302124,0.0
1.0688414573669434,0.0
1.001793622970581,0.0
0.9388852715492249,0.0
0.8786261081695557,0.0
0.8204815983772278,0.0
0.763079822063446,0.0
0.708688497543335,0.0
0.6500731706619263,0.0
0.590468168258667,0.0
0.537885308265686,0.0
0.48534825444221497,0.0
0.44104528427124023,0.0
0.39890360832214355,0.0
0.3588152527809143,0.0
0.3235722780227661,0.0
0.2975870370864868,0.0
0.27581271529197693,0.0
0.25875651836395264,0.0
0.25096315145492554,0.0
0.24486097693443298,0.0
0.24696148931980133,0.0
0.2571718096733093,0.0
0.27834779024124146,0.0
0.3052394986152649,0.0
0.34252023696899414,0.0
0.3868178129196167,0.0
0.4350484609603882,0.0
0.49194464087486267,0.0
0.554320752620697,0.0
0.6227061748504639,0.0
0.6998908519744873,0.0
0.7850133180618286,0.0
0.8755605220794678,0.0
0.9730494022369385,0.0
1.076513648033142,0.0
1.1859116554260254,0.0
1.3001933097839355,0.0
1.4127171039581299,0.0
1.5074055194854736,0.0
1.5969966650009155,0.0
1.6601226329803467,0.0
1.7563085556030273,0.0
1.9437288045883179,0.0
2.231274366378784,0.01
2.644570827484131,0.35000000000000003
3.0885162353515625,0.73
3.4810187816619873,1.56
3.725569486618042,2.14
4.011006832122803,2.2
4.360915184020996,2.27
4.87721586227417,2.12
5.442203521728516,3.12
6.0593061447143555,4.18
6.375046730041504,6.33
6.494859218597412,5.84
7.169850826263428,5.89
8.371479034423828,5.6000000000000005
9.632943153381348,7.250000000000001
11.297986030578613,9.52
12.28213882446289,12.04
11.768414497375488,13.420000000000002
10.057644844055176,8.31
7.825867652893066,7.66
8.928155899047852,8.47
9.371217727661133,6.68
8.768463134765625,6.1
7.827371597290039,10.36
8.598471641540527,12.9
9.890665054321289,13.51
10.514713287353516,2.87
11.806801795959473,7.84
15.011407852172852,16.16
15.559280395507812,21.65
11.828873634338379,15.98
7.263218879699707,7.47
4.737040996551514,6.65
6.565764904022217,3.47
9.421097755432129,7.530000000000001
13.178690910339355,13.88
15.20641040802002,17.89
14.427376747131348,15.37
11.800407409667969,13.7
9.26976490020752,8.49
6.550118446350098,6.68
5.017104148864746,3.54
3.7879161834716797,2.47
3.248674154281616,2.37
2.855595827102661,1.48
2.390904664993286,1.2
2.0719475746154785,0.98
1.7693222761154175,0.67
1.4814246892929077,0.17
1.2529044151306152,0.0
1.1499415636062622,0.0
1.0870654582977295,0.0
1.024415135383606,0.0
0.9639623761177063,0.0
0.9028162360191345,0.0
0.8421600461006165,0.0
0.782012939453125,0.0
0.7203545570373535,0.0
0.6553162932395935,0.0
0.5865232944488525,0.0
0.5214544534683228,0.0
0.46391820907592773,0.0
0.41642045974731445,0.0
0.3770175576210022,0.0
0.34701254963874817,0.0
0.32364243268966675,0.0
0.3084850311279297,0.0
0.2799467146396637,0.0
0.2594166696071625,0.0
0.2500333786010742,0.0
0.23632793128490448,0.0
0.2275141477584839,0.0
0.2248258739709854,0.0
0.23295161128044128,0.0
0.24825021624565125,0.0
0.277739942073822,0.0
0.3092479109764099,0.0
0.3457273244857788,0.0
0.392208993434906,0.0
0.4497319161891937,0.0
0.5107159614562988,0.0
0.5797300934791565,0.0
0.6570096015930176,0.0
0.7401648163795471,0.0
0.8342917561531067,0.0
0.9378819465637207,0.0
1.0413191318511963,0.0
1.1492611169815063,0.0
1.260042428970337,0.0
1.3529372215270996,0.0
1.4156988859176636,0.0
1.457403302192688,0.0
1.5557910203933716,0.0
1.7634880542755127,0.0
1.9943124055862427,0.0
2.189663887023926,0.24
2.6193442344665527,0.82
3.351895809173584,1.8
4.232798099517822,2.41
4.6989264488220215,2.28
5.305570602416992,3.68
5.8593597412109375,6.160000000000001
5.836546897888184,6.91
6.398504734039307,6.02
7.029821395874023,5.97
8.848865509033203,9.88
10.982783317565918,11.31
12.757079124450684,13.9
13.89503002166748,17.84
14.894204139709473,16.17
16.4027042388916,19.07
18.92266273498535,19.2
20.727481842041016,21.370000000000005
22.871484756469727,23.03
24.465917587280273,27.01
25.23046875,27.13
25.022781372070312,25.8
25.0335636138916,25.760000000000005
25.156696319580078,26.790000000000003
25.590747833251953,27.34
25.60659408569336,27.22
25.371936798095703,27.06
25.07574462890625,26.98
24.96111488342285,26.68
24.505218505859375,26.3
23.812999725341797,25.85
22.799898147583008,25.18
21.535470962524414,24.37
20.085376739501953,23.499999999999996
18.50299072265625,19.18
16.945037841796875,19.49
16.553346633911133,18.54
15.625100135803223,17.35
14.420611381530762,15.77
13.023009300231934,14.33
11.716337203979492,12.25
10.1779146194458,10.69
8.650467872619629,8.81
7.002391338348389,6.59
5.389184474945068,4.8
4.058633804321289,3.4799999999999995
2.9964754581451416,1.91
1.9774678945541382,0.86
1.4790102243423462,0.19
1.2176573276519775,0.0
1.1149312257766724,0.0
1.0661412477493286,0.0
1.0205938816070557,0.0
0.9689558744430542,0.0
0.9189349412918091,0.0
0.8801300525665283,0.0
0.8290101885795593,0.0
0.7703900933265686,0.0
0.7331236600875854,0.0
0.7048261761665344,0.0
0.6595453023910522,0.0
0.5921977758407593,0.0
0.5339041352272034,0.0
0.5397372841835022,0.0
0.5149621963500977,0.0
0.4933958351612091,0.0
0.4765821397304535,0.0
0.4789869785308838,0.0
0.4505845308303833,0.0
0.41477447748184204,0.0
0.38740718364715576,0.0
0.392103910446167,0.0
0.39326211810112,0.0
0.36936721205711365,0.0
0.37424296140670776,0.0
0.4167732894420624,0.0
0.4650800824165344,0.0
0.5155143141746521,0.0
0.5473881363868713,0.0
0.597244143486023,0.0
0.6658320426940918,0.0
0.7444829940795898,0.0
0.8317663073539734,0.0
0.9056646227836609,0.0
0.9788355231285095,0.0
1.0654652118682861,0.0
1.151178002357483,0.0
1.2699055671691895,0.0
1.3732084035873413,0.0
1.451106309890747,0.0
1.5019439458847046,0.0
1.546816110610962,0.0
1.6024458408355713,0.0
1.6725791692733765,0.0
1.7794148921966553,0.0
1.925857663154602,0.1
2.2654120922088623,0.78
2.8032021522521973,1.51
3.524482011795044,2.5300000000000002
4.534160614013672,3.98
5.832769870758057,5.5
7.308059215545654,8.04
9.08934497833252,9.6
10.619460105895996,11.49
12.172423362731934,13.29
13.75094985961914,15.04
15.368124008178711,16.69
17.09219741821289,18.27
18.487560272216797,19.66
19.631696701049805,20.9
20.826950073242188,22.01
21.87548828125,23.08
22.82123565673828,24.12
23.5930118560791,24.76
24.189231872558594,25.47
24.715402603149414,26.06
25.07935333251953,26.36
25.321517944335938,26.739999999999995
25.503582000732422,27.0
25.516332626342773,27.14
25.392976760864258,27.11
25.135169982910156,27.02
24.81322479248047,26.799999999999997
24.356372833251953,26.44
23.818634033203125,26.08
23.185176849365234,25.46
22.439939498901367,24.87
21.62505340576172,24.15
20.70564079284668,23.2
19.975120544433594,22.35
18.920907974243164,21.22
17.80668067932129,20.15
16.790325164794922,18.79
15.608967781066895,17.38
14.322752952575684,16.0
12.86083984375,12.9
11.359821319580078,13.25
10.165205001831055,10.31
8.29541015625,8.21
6.658573150634766,6.46
5.1930670738220215,4.5
3.8780672550201416,3.25
2.8956212997436523,1.9500000000000002
1.9116220474243164,0.7700000000000001
1.3989475965499878,0.03
1.1769530773162842,0.0
1.1294957399368286,0.0
1.0880874395370483,0.0
1.0376391410827637,0.0
0.9749417901039124,0.0
0.904306948184967,0.0
0.8592528700828552,0.0
0.8292741775512695,0.0
0.8092626929283142,0.0
0.7799999713897705,0.0
0.764346718788147,0.0
0.7252581715583801,0.0
0.6584715843200684,0.0
0.6109095215797424,0.0
0.5686162114143372,0.0
0.532586395740509,0.0
0.5465138554573059,0.0
0.5760156512260437,0.0
0.5569917559623718,0.0
0.5434792637825012,0.0
0.5394442677497864,0.0
0.5278907418251038,0.0
0.5324959754943848,0.0
0.4928246736526489,0.0
0.5259743332862854,0.0
0.5272414088249207,0.0
0.5747053623199463,0.0
0.6075969934463501,0.0
0.6340605616569519,0.0
0.647095799446106,0.0
0.6881312131881714,0.0
0.7799659967422485,0.0
0.8640990257263184,0.0
0.9541418552398682,0.0
1.0483531951904297,0.0
1.1393673419952393,0.0
1.2318023443222046,0.0
1.3083767890930176,0.0
1.3925126791000366,0.0
1.4691213369369507,0.0
1.5387964248657227,0.0
1.6247904300689697,0.0
1.6787067651748657,0.0
1.7725468873977661,0.0
1.8918975591659546,0.0
2.0287952423095703,0.0
2.162588119506836,0.04
2.4785070419311523,0.49
2.394359588623047,1.19
2.2173404693603516,1.55
3.046459436416626,2.03
3.6466012001037598,3.0699999999999994
4.860057830810547,4.57
6.728592872619629,5.620000000000001
9.184198379516602,12.01
11.85677719116211,15.019999999999998
13.256308555603027,11.37
15.107207298278809,18.040000000000003
19.095233917236328,19.34
20.652875900268555,20.220000000000002
21.721532821655273,21.42
22.112321853637695,22.87
21.62128448486328,23.98
20.110368728637695,22.5
18.30819320678711,19.49
18.071611404418945,18.81
18.84236717224121,18.63
20.031909942626953,19.67
20.72157859802246,20.84
20.703432083129883,22.06
19.637006759643555,21.88
17.87302017211914,17.47
15.951186180114746,16.81
14.507431983947754,13.8
11.4024076461792,14.55
9.33542251586914,13.28
8.392813682556152,11.78
8.181985855102539,9.99
9.311139106750488,8.47
12.00422477722168,10.69
15.34450626373291,22.14
17.581268310546875,20.43
15.892675399780273,15.85
14.340728759765625,16.95
13.58311653137207,14.65
12.121293067932129,13.24
11.044694900512695,11.6
9.75960922241211,9.77
8.314352989196777,8.04
6.79056453704834,7.04
5.346032619476318,4.83
3.854058027267456,3.2
2.722134590148926,1.48
1.7663073539733887,0.13
1.334620475769043,0.0
1.2486183643341064,0.0
1.1903777122497559,0.0
1.144687533378601,0.0
1.1028480529785156,0.0
1.049475073814392,0.0
0.9974055290222168,0.0
0.9507907629013062,0.0
0.8979390859603882,0.0
0.849054217338562,0.0
0.8100374937057495,0.0
0.7618593573570251,0.0
0.7171271443367004,0.0
0.6704939603805542,0.0
0.6101940274238586,0.0
0.5640114545822144,0.0
0.5325354337692261,0.0
0.5211111307144165,0.0
0.5082442760467529,0.0
0.4891204237937927,0.0
0.47365957498550415,0.0
0.4708148241043091,0.0
0.4701929986476898,0.0
0.45543497800827026,0.0
0.4451807141304016,0.0
0.45823055505752563,0.0
0.46253979206085205,0.0
0.4827083647251129,0.0
0.5283218622207642,0.0
0.5828257203102112,0.0
0.6162798404693604,0.0
0.6665604114532471,0.0
0.7220169305801392,0.0
0.798883318901062,0.0
0.8805328011512756,0.0
0.9530203342437744,0.0
1.0463283061981201,0.0
1.1500135660171509,0.0
1.2500927448272705,0.0
1.3855538368225098,0.0
1.5022066831588745,0.0
1.5687470436096191,0.0
1.6453582048416138,0.0
1.6902868747711182,0.0
1.7774145603179932,0.0
1.8719712495803833,0.0
1.9131758213043213,0.0
1.9762673377990723,0.0
2.4251503944396973,0.53
3.451502561569214,1.13
4.510142803192139,1.42
5.3983869552612305,2.55
6.118104457855225,4.48
6.542407035827637,6.54
6.2515363693237305,5.86
5.172623634338379,3.09
4.819617748260498,2.88
5.576362133026123,3.69
6.821558475494385,5.69
8.263411521911621,6.39
9.270450592041016,8.57
10.119230270385742,11.51
10.830233573913574,10.25
10.870211601257324,11.18
11.504548072814941,11.27
12.001042366027832,11.63
13.351390838623047,13.75
14.69629955291748,15.009999999999998
15.03238296508789,13.39
14.352913856506348,13.99
13.706652641296387,15.73
12.941326141357422,14.55
11.401859283447266,11.82
10.846040725708008,9.27
11.018322944641113,9.51
11.724839210510254,12.839999999999998
11.61066722869873,13.99
10.738545417785645,11.200000000000001
9.824387550354004,12.21
9.36500358581543,8.2
8.017061233520508,7.85
8.172475814819336,8.85
8.746073722839355,13.58
9.31177043914795,9.98
8.739981651306152,6.5
9.289603233337402,8.72
10.140400886535645,11.12
9.808547019958496,10.77
8.266520500183105,8.48
6.25627326965332,6.72
4.432613372802734,3.1
2.7594752311706543,1.1
1.9429621696472168,0.7700000000000001
1.6330236196517944,0.22
1.3871699571609497,0.0
1.2694995403289795,0.0
1.2145432233810425,0.0
1.1758806705474854,0.0
1.1224766969680786,0.0
1.0631153583526611,0.0
0.9979637265205383,0.0
0.9578071236610413,0.0
0.917280375957489,0.0
0.86452317237854,0.0
0.8186811804771423,0.0
0.7790241241455078,0.0
0.7466943860054016,0.0
0.703107476234436,0.0
0.6462465524673462,0.0
0.5987064242362976,0.0
0.5529845356941223,0.0
0.5285541415214539,0.0
0.5050390958786011,0.0
0.4609445333480835,0.0
0.45185694098472595,0.0
0.4440423250198364,0.0
0.4209977686405182,0.0
0.4150514304637909,0.0
0.4215835928916931,0.0
0.42631280422210693,0.0
0.4601391553878784,0.0
0.5022188425064087,0.0
0.5368590950965881,0.0
0.575985848903656,0.0
0.617980420589447,0.0
0.6705480813980103,0.0
0.7214078307151794,0.0
0.7845472693443298,0.0
0.8634006381034851,0.0
0.95408034324646,0.0
1.0473048686981201,0.0
1.1440672874450684,0.0
1.2297848463058472,0.0
1.3338655233383179,0.0
1.4258369207382202,0.0
1.5341488122940063,0.0
1.6466844081878662,0.0
1.75,0.0
1.8233752250671387,0.0
1.8733559846878052,0.0
1.9595816135406494,0.0
2.1817409992218018,0.0
2.4318759441375732,0.01
2.796642303466797,0.23
3.2258849143981934,0.7000000000000001
3.6677262783050537,1.68
4.083086013793945,2.21
4.26639986038208,1.65
4.3250813484191895,2.3899999999999997
4.605924606323242,2.57
4.854883193969727,3.12
4.720451354980469,3.88
4.574094772338867,4.26
4.763504505157471,5.5
5.663817882537842,7.46
7.676135063171387,8.91
10.771930694580078,10.39
14.534964561462402,16.17
18.589649200439453,18.85
21.1152400970459,20.96
22.025779724121094,23.19
21.290742874145508,22.63
19.154876708984375,21.21
17.80460548400879,20.79
16.387981414794922,19.190000000000005
15.136923789978027,14.61
14.993905067443848,17.12
17.03015899658203,20.240000000000002
18.94289779663086,21.95
18.762683868408203,18.14
18.930028915405273,21.289999999999996
20.3657169342041,23.83
20.351318359375,22.379999999999995
19.02373504638672,20.86
17.845104217529297,15.71
16.487863540649414,20.6
15.766922950744629,17.43
13.134683609008789,13.83
10.701379776000977,11.05
8.800445556640625,9.17
7.357203960418701,6.69
6.052753448486328,5.27
5.104278564453125,4.47
4.260656833648682,3.32
3.402757406234741,2.49
2.6897478103637695,1.58
2.0735485553741455,0.66
1.6412968635559082,0.21
1.433527946472168,0.0
1.3317655324935913,0.0
1.2681348323822021,0.0
1.2140785455703735,0.0
1.1709953546524048,0.0
1.1258593797683716,0.0
1.0796152353286743,0.0
1.0308886766433716,0.0
0.9790071249008179,0.0
0.9269506335258484,0.0
0.8816553354263306,0.0
0.8457720875740051,0.0
0.8109686970710754,0.0
0.7672221660614014,0.0
0.7389975786209106,0.0
0.7130488753318787,0.0
0.6781114935874939,0.0
0.6513683199882507,0.0
0.6255509257316589,0.0
0.5952928066253662,0.0
0.5904757380485535,0.0
0.5880303978919983,0.0
0.5802274942398071,0.0
0.5873416066169739,0.0
0.5906960964202881,0.0
0.5961518287658691,0.0
0.6111929416656494,0.0
0.6383196115493774,0.0
0.6760690212249756,0.0
0.7197635769844055,0.0
0.7646368145942688,0.0
0.8174970746040344,0.0
0.8767770528793335,0.0
0.9449084401130676,0.0
1.0247782468795776,0.0
1.1048372983932495,0.0
1.1946632862091064,0.0
1.2810320854187012,0.0
1.3664792776107788,0.0
1.4490596055984497,0.0
1.5579339265823364,0.0
1.6538300514221191,0.0
1.7347216606140137,0.0
1.7758736610412598,0.0
1.873308539390564,0.0
1.9442280530929565,0.0
1.9962687492370605,0.0
2.0384268760681152,0.0
2.1224732398986816,0.0
2.2763402462005615,0.0
2.7097973823547363,0.03
3.3876118659973145,0.64
4.279973030090332,1.55
5.193795680999756,2.95
6.085674285888672,3.83
6.61501407623291,5.81
7.125113010406494,5.0600000000000005
7.432182788848877,5.26
7.959916114807129,5.83
8.350723266601562,6.5
8.414010047912598,6.57
8.478382110595703,7.85
8.33570671081543,7.01
7.7946858406066895,5.48
7.55147123336792,5.73
8.014276504516602,6.46
8.226405143737793,7.39
8.09994888305664,6.68
8.192180633544922,6.83
8.341899871826172,7.78
8.797057151794434,8.86
9.159934043884277,7.9
9.634663581848145,8.91
10.49821949005127,10.120000000000001
10.463683128356934,9.97
9.696854591369629,11.28
9.263412475585938,10.49
9.116584777832031,9.94
9.394679069519043,9.13
10.302690505981445,7.77
11.290106773376465,11.219999999999999
11.782118797302246,13.91
11.057037353515625,13.08
9.260443687438965,8.12
7.391385555267334,7.47
6.551163673400879,4.57
5.63564920425415,3.47
5.280037879943848,5.89
4.904518127441406,4.67
3.657043933868408,2.14
2.53872013092041,0.86
1.9996232986450195,0.46
1.7604873180389404,0.56
1.5946320295333862,0.08
1.389363169670105,0.0
1.3116686344146729,0.0
1.2471109628677368,0.0
1.192350149154663,0.0
1.1220253705978394,0.0
1.0536781549453735,0.0
0.9784113168716431,0.0
0.9128189086914062,0.0
0.8574735522270203,0.0
0.803088903427124,0.0
0.7591648101806641,0.0
0.7318646311759949,0.0
0.6878530383110046,0.0
0.6528112888336182,0.0
0.599161684513092,0.0
0.5463889241218567,0.0
0.5001758337020874,0.0
0.4602271616458893,0.0
0.4286276698112488,0.0
0.40576043725013733,0.0
0.3892994523048401,0.0
0.37380877137184143,0.0
0.35563987493515015,0.0
0.34919115900993347,0.0
0.34615135192871094,0.0
0.34121444821357727,0.0
0.33996468782424927,0.0
0.36025941371917725,0.0
0.4025890827178955,0.0
0.45208966732025146,0.0
0.5094088315963745,0.0
0.5878456234931946,0.0
0.6650597453117371,0.0
0.7385003566741943,0.0
0.8171708583831787,0.0
0.8899834752082825,0.0
0.9685859084129333,0.0
1.0502128601074219,0.0
1.1390451192855835,0.0
1.2415517568588257,0.0
1.3488692045211792,0.0
1.4595333337783813,0.0
1.5477365255355835,0.0
1.6484861373901367,0.0
1.7318178415298462,0.0
1.8307476043701172,0.0
1.9800084829330444,0.0
2.193601131439209,0.03
2.4441699981689453,0.49
2.7602334022521973,0.74
3.021113634109497,1.33
3.412196159362793,1.97
4.1980061531066895,2.51
4.938999652862549,3.28
5.484926223754883,4.89
5.9244866371154785,6.37
6.741239070892334,9.32
8.183797836303711,11.3
9.942543983459473,10.5
12.616501808166504,13.1
16.10939598083496,18.72
20.33780860900879,21.68
22.272552490234375,22.22
22.511554718017578,23.63
22.62882423400879,24.86
22.556087493896484,23.75
22.987598419189453,27.02
24.313810348510742,22.2
23.693401336669922,23.03
24.94118309020996,27.57
25.53825569152832,28.62
24.414770126342773,28.27
22.33001136779785,22.27
20.344955444335938,18.060000000000002
20.674556732177734,29.050000000000004
21.591205596923828,24.51
19.723291397094727,20.87
20.386144638061523,21.21
22.14701271057129,24.95
23.646728515625,26.18
23.99675750732422,26.4
24.022642135620117,25.47
23.182079315185547,23.74
21.57474136352539,22.39
19.29024887084961,21.18
16.253705978393555,20.44
12.759026527404785,14.71
8.700404167175293,6.82
5.586585998535156,4.7
4.474001884460449,3.34
3.7139320373535156,2.6
3.1683781147003174,2.15
2.6993041038513184,1.41
2.23825740814209,1.17
1.9001014232635498,0.67
1.5720399618148804,0.06
1.3525382280349731,0.0
1.2910517454147339,0.0
1.2417654991149902,0.0
1.187819004058838,0.0
1.1451339721679688,0.0
1.080078363418579,0.0
1.0234767198562622,0.0
0.9757470488548279,0.0
0.9242225885391235,0.0
0.8693880438804626,0.0
0.8206281661987305,0.0
0.7774467468261719,0.0
0.7464199662208557,0.0
0.7231351733207703,0.0
0.6718192100524902,0.0
0.6303883790969849,0.0
0.590264081954956,0.0
0.5711908936500549,0.0
0.5353581309318542,0.0
0.5033789277076721,0.0
0.4943915903568268,0.0
0.4784647822380066,0.0
0.47431981563568115,0.0
0.48215416073799133,0.0
0.47854378819465637,0.0
0.47738349437713623,0.0
0.4819021224975586,0.0
0.5192745327949524,0.0
0.5586662292480469,0.0
0.6018626093864441,0.0
0.6534333229064941,0.0
0.7028769254684448,0.0
0.7677152752876282,0.0
0.838264524936676,0.0
0.9210994839668274,0.0
0.9987853169441223,0.0
1.083723783493042,0.0
1.1819597482681274,0.0
1.2821948528289795,0.0
1.3811784982681274,0.0
1.4608166217803955,0.0
1.5615800619125366,0.0
1.6387522220611572,0.0
1.7268458604812622,0.0
1.839451551437378,0.0
1.958275318145752,0.0
2.109712839126587,0.0
2.279003858566284,0.0
2.5513243675231934,0.39
2.9586682319641113,0.7700000000000001
3.3764092922210693,0.96
3.5949079990386963,1.44
3.7180778980255127,1.89
4.118713855743408,2.7
5.114128589630127,3.16
6.25853157043457,3.26
7.473587512969971,3.59
8.503944396972656,6.17
9.123451232910156,9.19
8.802641868591309,8.62
7.435143947601318,5.27
6.038909912109375,3.85
5.444243431091309,2.66
5.314840316772461,3.02
5.540733337402344,4.34
5.873270511627197,4.18
6.163458824157715,4.75
6.855081081390381,5.46
7.69735050201416,6.59
8.345498085021973,7.69
8.725790977478027,9.1
9.040295600891113,9.4
9.249276161193848,9.8
9.350092887878418,9.529999999999998
9.077043533325195,9.62
9.336453437805176,11.04
10.235071182250977,12.320000000000002
11.262672424316406,11.73
12.079401969909668,11.11
12.871310234069824,12.23
13.377508163452148,15.34
12.953207015991211,14.22
11.133928298950195,11.27
9.001264572143555,8.95
7.161735534667969,5.92
5.652560234069824,4.88
4.804975986480713,4.03
4.080888748168945,3.04
3.4302749633789062,2.0
2.919813394546509,1.43
2.5751445293426514,1.32
2.2846176624298096,1.3
1.9584965705871582,0.72
1.6074419021606445,0.13
1.3679404258728027,0.0
1.2707898616790771,0.0
1.2098302841186523,0.0
1.161941647529602,0.0
1.1214289665222168,0.0
1.0735756158828735,0.0
1.0117603540420532,0.0
0.9544670581817627,0.0
0.898700475692749,0.0
0.8471989035606384,0.0
0.7941985726356506,0.0
0.7608602643013,0.0
0.7168118953704834,0.0
0.6764535903930664,0.0
0.64662766456604,0.0
0.6033910512924194,0.0
0.5600007176399231,0.0
0.5225178003311157,0.0
0.48557525873184204,0.0
0.4678559899330139,0.0
0.43861788511276245,0.0
0.41642072796821594,0.0
0.4074351191520691,0.0
0.40753719210624695,0.0
0.4152955114841461,0.0
0.41930094361305237,0.0
0.4275630712509155,0.0
0.43922263383865356,0.0
0.45946216583251953,0.0
0.5009189248085022,0.0
0.5482711791992188,0.0
0.6086384057998657,0.0
0.6726758480072021,0.0
0.7437536716461182,0.0
0.8212330341339111,0.0
0.8941934108734131,0.0
0.9773635864257812,0.0
1.0662405490875244,0.0
1.1689848899841309,0.0
1.27909255027771,0.0
1.4020254611968994,0.0
1.5197569131851196,0.0
1.6357191801071167,0.0
1.748199224472046,0.0
1.834949016571045,0.0
1.8987149000167847,0.0
1.9885286092758179,0.0
2.0924763679504395,0.0
2.1395506858825684,0.2
2.553152561187744,0.51
2.5936360359191895,1.05
3.325709581375122,1.57
3.581282377243042,2.3899999999999997
4.148738384246826,4.12
4.991314888000488,6.62
6.6135711669921875,6.2
9.529105186462402,12.45
13.570393562316895,9.96
15.455765724182129,16.61
17.485654830932617,18.4
17.815513610839844,21.71
18.00371551513672,20.73
17.3236026763916,16.84
18.459062576293945,14.31
20.95089340209961,19.55
22.831071853637695,24.44
21.8011474609375,22.19
18.159143447875977,17.42
14.252758979797363,19.25
11.153919219970703,10.24
6.978821754455566,6.35
6.273797035217285,6.64
7.547435760498047,8.02
8.492117881774902,10.37
10.10636043548584,13.3
12.207863807678223,13.05
12.8124418258667,16.82
14.814114570617676,15.98
15.913318634033203,15.68
17.24747657775879,21.39
18.546184539794922,19.95
16.708189010620117,16.53
16.171829223632812,21.78
16.121530532836914,15.45
14.17599105834961,14.97
12.869251251220703,13.77
11.567527770996094,10.24
10.179452896118164,15.82
9.261396408081055,6.9799999999999995
6.244747161865234,4.42
5.366264343261719,3.63
4.90004301071167,6.45
4.349421501159668,3.12
2.8293111324310303,0.91
2.039445638656616,1.11
1.819002628326416,0.2
1.4845685958862305,0.0
1.371518850326538,0.0
1.3125755786895752,0.0
1.2527574300765991,0.0
1.1973590850830078,0.0
1.1398929357528687,0.0
1.0798155069351196,0.0
1.0352294445037842,0.0
0.9975218176841736,0.0
0.9532139897346497,0.0
0.9039682149887085,0.0
0.867361843585968,0.0
0.8226704001426697,0.0
0.780714750289917,0.0
0.7271431088447571,0.0
0.6720462441444397,0.0
0.6419041752815247,0.0
0.6185685992240906,0.0
0.6023337841033936,0.0
0.5796043872833252,0.0
0.5577510595321655,0.0
0.5410651564598083,0.0
0.5305548906326294,0.0
0.5331038236618042,0.0
0.5303879380226135,0.0
0.5301900506019592,0.0
0.5343925952911377,0.0
0.5718319416046143,0.0
0.6049017310142517,0.0
0.6433753371238708,0.0
0.6890212297439575,0.0
0.7396215200424194,0.0
0.7924568057060242,0.0
0.8552515506744385,0.0
0.9289840459823608,0.0
1.0059298276901245,0.0
1.0954951047897339,0.0
1.1879069805145264,0.0
1.2858978509902954,0.0
1.3697922229766846,0.0
1.46519136428833,0.0
1.581808090209961,0.0
1.6936042308807373,0.0
1.7979636192321777,0.0
1.8972208499908447,0.0
2.014071226119995,0.0
2.109276533126831,0.0
2.218132972717285,0.0
2.356149673461914,0.0
2.5121002197265625,0.0
2.6781506538391113,0.0
2.826582431793213,0.14
2.951181173324585,0.38
3.0456366539001465,0.28
3.0668392181396484,0.09
3.1033082008361816,0.06
3.1528573036193848,0.09
3.2126011848449707,0.3
3.25905704498291,0.16
3.247694253921509,0.0
3.348839521408081,0.0
3.549468994140625,0.38
3.8168134689331055,0.71
4.043218612670898,0.91
4.230556011199951,1.24
4.542344093322754,1.79
4.869551658630371,1.84
5.05769681930542,2.14
5.3118438720703125,2.46
5.506378173828125,2.87
5.558955669403076,3.51
5.333349704742432,3.03
4.83664608001709,2.68
4.385501384735107,2.79
4.147043228149414,2.31
4.208324909210205,2.28
4.949664115905762,2.65
6.000551223754883,3.85
7.111915111541748,5.39
7.733345031738281,6.89
7.797064781188965,6.99
7.2957682609558105,6.81
6.5594353675842285,5.329999999999999
5.689279079437256,4.0
4.8944411277771,3.19
4.535208702087402,3.57
4.354001522064209,3.05
3.9953463077545166,2.31
3.6915600299835205,1.77
3.5576159954071045,1.78
3.4590094089508057,2.49
3.2150826454162598,1.87
2.700915575027466,1.17
2.269352436065674,0.79
1.959261178970337,0.59
1.7058184146881104,0.05
1.4886329174041748,0.0
1.4060190916061401,0.0
1.3315378427505493,0.0
1.2608046531677246,0.0
1.1922515630722046,0.0
1.1218273639678955,0.0
1.0544865131378174,0.0
0.9883921146392822,0.0
0.9225296974182129,0.0
0.8565175533294678,0.0
0.7981140613555908,0.0
0.7425565123558044,0.0
0.6839025616645813,0.0
0.6298480033874512,0.0
0.579572319984436,0.0
0.5289487838745117,0.0
0.48377537727355957,0.0
0.44303300976753235,0.0
0.4062184989452362,0.0
0.377285361289978,0.0
0.353628933429718,0.0
0.33572274446487427,0.0
0.3249445855617523,0.0
0.3229408264160156,0.0
0.3231237530708313,0.0
0.3308327794075012,0.0
0.34773069620132446,0.0
0.3710525631904602,0.0
0.40064072608947754,0.0
0.44024404883384705,0.0
0.4862542450428009,0.0
0.5427021384239197,0.0
0.6076909899711609,0.0
0.6828158497810364,0.0
0.7653893232345581,0.0
0.8562189340591431,0.0
0.9516298770904541,0.0
1.047014832496643,0.0
1.1524721384048462,0.0
1.2622920274734497,0.0
1.378288984298706,0.0
1.4914923906326294,0.0
1.5965856313705444,0.0
1.6971477270126343,0.0
1.8170002698898315,0.0
1.9519108533859253,0.0
2.1100900173187256,0.0
2.291499376296997,0.0
2.46872878074646,0.18
2.6289455890655518,0.43
2.737156391143799,0.51
3.0385982990264893,0.55
3.470520257949829,0.73
4.004653453826904,1.01
4.55560827255249,1.55
4.970571041107178,2.76
5.264891147613525,4.07
5.267086029052734,2.59
5.127558708190918,2.41
5.510760307312012,2.41
5.892422676086426,2.85
6.28442907333374,4.44
6.438259601593018,4.63
6.308479309082031,4.61
6.08836555480957,3.76
5.537003517150879,3.5
5.6621623039245605,4.5
5.6087775230407715,5.55
6.261037826538086,7.37
7.3989081382751465,6.46
8.395126342773438,7.73
10.869616508483887,13.31
13.49905014038086,13.09
13.826190948486328,17.76
15.573573112487793,16.32
15.931414604187012,17.16
16.91230583190918,20.65
18.124120712280273,17.22
17.01426887512207,17.83
16.83279037475586,23.44
17.143014907836914,18.3
16.285663604736328,17.02
15.626111030578613,17.16
15.3555269241333,13.55
15.730035781860352,19.97
15.65819263458252,18.87
13.146454811096191,12.92
10.801634788513184,8.43
9.235974311828613,11.63
8.62282943725586,10.46
6.6931657791137695,3.13
4.498115062713623,4.12
4.087841987609863,3.95
3.1948812007904053,1.27
2.204829216003418,1.19
1.8969581127166748,0.17
1.4783920049667358,0.0
1.3736473321914673,0.0
1.3144367933273315,0.0
1.2583355903625488,0.0
1.1971063613891602,0.0
1.1328163146972656,0.0
1.076544165611267,0.0
1.029025673866272,0.0
0.9755712151527405,0.0
0.9136386513710022,0.0
0.8502860069274902,0.0
0.8064026832580566,0.0
0.7647699117660522,0.0
0.7160314321517944,0.0
0.662259578704834,0.0
0.5989004969596863,0.0
0.5517978072166443,0.0
0.511207640171051,0.0
0.4766155183315277,0.0
0.4462312161922455,0.0
0.4202736020088196,0.0
0.402972936630249,0.0
0.39823591709136963,0.0
0.40603333711624146,0.0
0.43002748489379883,0.0
0.4600071907043457,0.0
0.4687599539756775,0.0
0.4877931773662567,0.0
0.5104755759239197,0.0
0.5274109244346619,0.0
0.5686901211738586,0.0
0.5937196612358093,0.0
0.6502864956855774,0.0
0.720838189125061,0.0
0.8002363443374634,0.0
0.8880705833435059,0.0
0.9778333902359009,0.0
1.0671439170837402,0.0
1.166464924812317,0.0
1.2778156995773315,0.0
1.3902812004089355,0.0
1.5025482177734375,0.0
1.618836522102356,0.0
1.7021427154541016,0.0
1.7429370880126953,0.0
1.8635603189468384,0.0
2.049344301223755,0.0
2.318335771560669,0.0
2.6693146228790283,0.0
3.0601699352264404,0.52
3.43656587600708,1.45
3.604012966156006,1.3
3.5011508464813232,1.29
3.445551872253418,1.0
3.453934907913208,0.62
3.526068687438965,0.47
3.7827138900756836,0.6
4.115330696105957,1.31
4.4154372215271,1.82
4.47048282623291,1.75
4.38143253326416,1.35
4.315393924713135,1.83
4.367148399353027,1.5
4.496081352233887,1.65
4.74857759475708,1.78
4.905145645141602,2.43
5.323297500610352,2.93
5.5500311851501465,3.68
5.347348690032959,4.05
5.147458553314209,3.65
5.615819931030273,4.45
5.469399929046631,6.5
5.75031042098999,5.64
5.721761703491211,7.3
7.27462911605835,11.36
9.199538230895996,11.95
11.425180435180664,10.49
14.78049087524414,18.64
19.371057510375977,19.059999999999995
21.385759353637695,25.84
22.815067291259766,22.84
21.667438507080078,25.31
21.60895347595215,24.37
20.251296997070312,20.4
18.064708709716797,19.02
16.332181930541992,17.85
14.305288314819336,16.54
12.034384727478027,14.47
9.529877662658691,7.29
7.042418479919434,5.04
6.148308277130127,7.2
5.406435489654541,4.530000000000001
3.8330345153808594,2.72
2.7757675647735596,1.31
2.0878427028656006,0.64
1.7072802782058716,0.16
1.482391119003296,0.0
1.371507167816162,0.0
1.3030614852905273,0.0
1.2391505241394043,0.0
1.1773490905761719,0.0
1.114033579826355,0.0
1.0543574094772339,0.0
0.9947015643119812,0.0
0.9372867345809937,0.0
0.8760653138160706,0.0
0.8167644739151001,0.0
0.7571515440940857,0.0
0.6927807927131653,0.0
0.6389326453208923,0.0
0.5927307605743408,0.0
0.5506608486175537,0.0
0.5058913230895996,0.0
0.466135174036026,0.0
0.43665313720703125,0.0
0.41160690784454346,0.0
0.39323341846466064,0.0
0.3918079137802124,0.0
0.38529154658317566,0.0
0.37540024518966675,0.0
0.3712146282196045,0.0
0.37208351492881775,0.0
0.3891153335571289,0.0
0.4173819422721863,0.0
0.4454859495162964,0.0
0.48035091161727905,0.0
0.5311955213546753,0.0
0.5835015177726746,0.0
0.6407094597816467,0.0
0.6976215243339539,0.0
0.7682539820671082,0.0
0.8459959626197815,0.0
0.9366168975830078,0.0
1.0375771522521973,0.0
1.147315502166748,0.0
1.2541062831878662,0.0
1.3682608604431152,0.0
1.48281991481781,0.0
1.5992282629013062,0.0
1.7148762941360474,0.0
1.830857753753662,0.0
1.946872591972351,0.0
2.0552210807800293,0.0
2.164153575897217,0.0
2.2722628116607666,0.0
2.345268726348877,0.0
2.4141077995300293,0.0
2.5427210330963135,0.0
2.7617897987365723,0.24
3.252131462097168,0.4
3.7229647636413574,0.64
4.027257919311523,1.53
4.508884906768799,2.15
4.75430965423584,2.7
4.819210052490234,3.2099999999999995
4.907705783843994,2.11
4.7760162353515625,2.76
6.599007606506348,5.52
8.346098899841309,4.73
9.458683967590332,6.18
10.253744125366211,8.41
10.313789367675781,9.37
9.934062957763672,13.43
8.893498420715332,3.56
6.3098835945129395,3.86
6.387613773345947,2.82
5.985611438751221,6.24
5.396692276000977,7.45
5.054784297943115,3.17
4.539890289306641,2.8100000000000005
6.024755954742432,5.04
8.724531173706055,7.2
10.71702766418457,11.01
11.738648414611816,14.21
11.859395980834961,9.3
10.679937362670898,13.46
10.841245651245117,12.38
10.116311073303223,7.68
9.551504135131836,8.8
10.08307933807373,11.09
9.891107559204102,7.88
8.556705474853516,8.85
7.680599689483643,8.59
6.132803916931152,4.35
4.352541923522949,2.65
3.5161325931549072,1.9500000000000002
2.987905740737915,1.5
2.539947032928467,1.26
2.1275558471679688,0.39
1.7524170875549316,0.01
1.5860639810562134,0.0
1.5171688795089722,0.0
1.449450969696045,0.0
1.3816865682601929,0.0
1.3140913248062134,0.0
1.246458649635315,0.0
1.1848413944244385,0.0
1.1255971193313599,0.0
1.064501404762268,0.0
1.003848910331726,0.0
0.9398090839385986,0.0
0.8727642297744751,0.0
0.8114690780639648,0.0
0.7532800436019897,0.0
0.6999250650405884,0.0
0.649359941482544,0.0
0.6026648283004761,0.0
0.5562670230865479,0.0
0.5123985409736633,0.0
0.474987655878067,0.0
0.44066259264945984,0.0
0.4095790386199951,0.0
0.38156044483184814,0.0
0.36097341775894165,0.0
0.3491284251213074,0.0
0.3446314334869385,0.0
0.34950771927833557,0.0
0.3599785566329956,0.0
0.37748289108276367,0.0
0.3967147171497345,0.0
0.42622464895248413,0.0
0.4684562683105469,0.0
0.5171239376068115,0.0
0.5738567113876343,0.0
0.6383833289146423,0.0
0.7108604907989502,0.0
0.7894554734230042,0.0
0.8766628503799438,0.0
0.9699944257736206,0.0
1.0655595064163208,0.0
1.167451024055481,0.0
1.2752786874771118,0.0
1.3899421691894531,0.0
1.5063507556915283,0.0
1.6289989948272705,0.0
1.7476803064346313,0.0
1.8486738204956055,0.0
1.9327846765518188,0.0
1.985062837600708,0.0
2.1038966178894043,0.0
2.3522632122039795,0.0
2.7075464725494385,0.0
3.113985300064087,0.26
3.516078472137451,0.76
3.8308324813842773,1.76
3.9899706840515137,1.97
3.893193483352661,1.31
3.6497299671173096,0.76
3.566486358642578,0.54
3.6714327335357666,0.88
3.7053887844085693,1.32
4.057838439941406,1.51
4.584906101226807,1.44
5.063721656799316,2.35
6.048054218292236,3.1
6.6948981285095215,3.88
6.315218925476074,7.3
5.756491184234619,5.21
4.833267688751221,4.779999999999999
5.101798057556152,7.0
5.315732002258301,4.48
8.320365905761719,7.02
12.295242309570312,15.630000000000003
15.820457458496094,16.47
17.834026336669922,16.82
19.046104431152344,19.54
19.978342056274414,26.03
18.13056182861328,15.29
15.106193542480469,18.85
14.534255981445312,19.78
13.200854301452637,12.36
13.459185600280762,16.0
15.399133682250977,13.17
16.20425796508789,18.43
17.342710494995117,17.18
16.299840927124023,19.68
14.717280387878418,16.94
11.644651412963867,8.64
8.520215034484863,9.569999999999999
7.039846420288086,7.0
4.907353401184082,3.7
3.1562514305114746,1.26
2.175224781036377,0.11
1.8107212781906128,0.0
1.732128381729126,0.0
1.6514332294464111,0.0
1.581058144569397,0.0
1.5162672996520996,0.0
1.4493337869644165,0.0
1.3852672576904297,0.0
1.3191711902618408,0.0
1.2521367073059082,0.0
1.18463134765625,0.0
1.1236389875411987,0.0
1.0620023012161255,0.0
0.9993119835853577,0.0
0.9372766613960266,0.0
0.8761685490608215,0.0
0.8177648186683655,0.0
0.7599505186080933,0.0
0.7093021869659424,0.0
0.6596981883049011,0.0
0.611398458480835,0.0
0.5684393644332886,0.0
0.5262326002120972,0.0
0.4883299171924591,0.0
0.4555455446243286,0.0
0.43229004740715027,0.0
0.41990554332733154,0.0
0.4137175977230072,0.0
0.4114895761013031,0.0
0.40981921553611755,0.0
0.4167676866054535,0.0
0.4318818151950836,0.0
0.452731192111969,0.0
0.4914056956768036,0.0
0.5439863204956055,0.0
0.594234824180603,0.0
0.6486648321151733,0.0
0.7093856930732727,0.0
0.7777717113494873,0.0
0.8583027720451355,0.0
0.9474805593490601,0.0
1.0560811758041382,0.0
1.153124451637268,0.0
1.259158968925476,0.0
1.367701530456543,0.0
1.465460181236267,0.0
1.5771846771240234,0.0
1.6926417350769043,0.0
1.8233811855316162,0.0
1.9317103624343872,0.0
1.9829944372177124,0.0
2.059283494949341,0.0
2.123211145401001,0.0
2.2782187461853027,0.0
2.4729104042053223,0.0
2.464510917663574,0.09
2.599191427230835,1.15
3.1077656745910645,1.53
3.9698266983032227,2.54
5.6610212326049805,2.92
7.204367160797119,4.09
9.020298957824707,8.65
10.476330757141113,10.71
9.884242057800293,11.42
8.575127601623535,11.230000000000002
7.318240642547607,8.28
8.13486099243164,11.219999999999999
10.469319343566895,11.91
14.146897315979004,13.13
17.576637268066406,19.55
21.102962493896484,22.31
22.50722885131836,26.9
24.068017959594727,22.54
23.967966079711914,27.75
25.086746215820312,23.26
24.954700469970703,28.19
26.465450286865234,28.14
26.566314697265625,28.73
25.830121994018555,21.77
25.069902420043945,27.880000000000003
25.104877471923828,26.850000000000005
22.56851577758789,27.07
19.489810943603516,17.74
15.826931953430176,15.75
14.436155319213867,15.84
13.029825210571289,13.07
11.126909255981445,11.17
9.041624069213867,9.17
7.3588666915893555,7.11
6.440145492553711,6.36
6.2043914794921875,5.13
6.019852638244629,3.79
5.915914535522461,3.84
6.017570495605469,6.64
5.755276203155518,5.53
4.434298992156982,3.33
3.189244031906128,1.21
2.4257731437683105,0.8
2.1444783210754395,0.9
1.925720453262329,0.23
1.6578387022018433,0.0
1.5465631484985352,0.0
1.4804775714874268,0.0
1.4042199850082397,0.0
1.3099703788757324,0.0
1.2588560581207275,0.0
1.2198739051818848,0.0
1.1721506118774414,0.0
1.1279020309448242,0.0
1.0843632221221924,0.0
1.0429271459579468,0.0
0.9946641325950623,0.0
0.9420987963676453,0.0
0.8968595266342163,0.0
0.8432047367095947,0.0
0.795594334602356,0.0
0.7547850608825684,0.0
0.7161640524864197,0.0
0.6812083125114441,0.0
0.6408178806304932,0.0
0.6274625062942505,0.0
0.6123923063278198,0.0
0.594684362411499,0.0
0.5829383134841919,0.0
0.5686452388763428,0.0
0.5831890106201172,0.0
0.5843096971511841,0.0
0.5801523923873901,0.0
0.584612250328064,0.0
0.6424576044082642,0.0
0.6759567260742188,0.0
0.7058765888214111,0.0
0.747576892375946,0.0
0.8055741786956787,0.0
0.8782570362091064,0.0
0.9553117752075195,0.0
1.0382359027862549,0.0
1.124361276626587,0.0
1.2171205282211304,0.0
1.3236335515975952,0.0
1.417449712753296,0.0
1.531402349472046,0.0
1.6439396142959595,0.0
1.7192637920379639,0.0
1.785510778427124,0.0
1.8522924184799194,0.0
1.9666918516159058,0.0
2.165065050125122,0.0
2.189507007598877,0.0
2.619781494140625,0.59
3.089419364929199,1.03
3.640601873397827,1.66
4.452064037322998,2.18
5.366560459136963,2.58
6.458432674407959,6.57
7.024474620819092,4.85
7.192919731140137,6.87
7.542860984802246,7.47
7.065318584442139,7.54
6.527585029602051,8.2
7.469964981079102,8.16
8.89003849029541,13.46
11.579377174377441,11.29
14.471546173095703,14.87
19.168039321899414,19.8
22.51249122619629,23.95
22.699094772338867,22.32
22.17049789428711,26.02
22.001964569091797,26.25
20.307004928588867,22.13
19.39226531982422,19.49
20.887054443359375,20.04
23.404829025268555,28.07
26.387475967407227,26.88
26.415042877197266,25.1
26.285869598388672,27.74
25.318157196044922,27.839999999999996
22.247215270996094,22.97
18.991695404052734,25.35
16.88838768005371,11.6
13.611529350280762,16.23
13.700967788696289,11.749999999999998
11.727728843688965,11.13
10.351385116577148,13.78
7.936520576477051,8.69
5.736254692077637,4.47
5.229918956756592,3.8
5.851071834564209,3.25
6.429190158843994,4.81
6.85605525970459,4.72
6.50568962097168,10.79
5.919220447540283,3.3
3.1441144943237305,1.4700000000000002
2.2875144481658936,0.46
1.8635890483856201,0.24
1.6887879371643066,0.02
1.5695605278015137,0.0
1.4918203353881836,0.0
1.4257352352142334,0.0
1.38052237033844,0.0
1.3316885232925415,0.0
1.282099962234497,0.0
1.234808325767517,0.0
1.1947908401489258,0.0
1.1513521671295166,0.0
1.1108201742172241,0.0
1.0774990320205688,0.0
1.0345888137817383,0.0
0.989015519618988,0.0
0.9286987781524658,0.0
0.8721112012863159,0.0
0.8177129626274109,0.0
0.7633511424064636,0.0
0.7148804664611816,0.0
0.6695064902305603,0.0
0.6200611591339111,0.0
0.5919740796089172,0.0
0.569908857345581,0.0
0.5535991787910461,0.0
0.5443431735038757,0.0
0.5145364999771118,0.0
0.5070827603340149,0.0
0.5034357905387878,0.0
0.5197085738182068,0.0
0.5489755868911743,0.0
0.5807487368583679,0.0
0.6263716220855713,0.0
0.7006596922874451,0.0
0.7947602272033691,0.0
0.8478032946586609,0.0
0.891973078250885,0.0
0.9512506127357483,0.0
1.0072157382965088,0.0
1.0898048877716064,0.0
1.1909598112106323,0.0
1.3029122352600098,0.0
1.4103506803512573,0.0
1.5154623985290527,0.0
1.627148151397705,0.0
1.7388194799423218,0.0
1.8506187200546265,0.0
1.9677016735076904,0.0
2.061605453491211,0.0
2.171128988265991,0.0
2.2988338470458984,0.0
2.4025776386260986,0.0
2.4788641929626465,0.01
2.516831636428833,0.0
2.5678317546844482,0.34
2.8243448734283447,0.01
3.0753390789031982,0.0
3.3410677909851074,0.42
3.776167869567871,0.94
4.546307563781738,2.05
5.3620429039001465,3.13
5.868651866912842,2.29
5.999103546142578,2.61
6.065917015075684,5.21
6.043552398681641,5.78
5.303059101104736,3.37
4.8593244552612305,2.61
5.970094680786133,3.38
7.6247687339782715,5.03
9.239766120910645,8.59
10.705147743225098,9.44
11.18277645111084,11.03
10.781486511230469,11.5
10.058771133422852,8.48
9.152318954467773,8.99
9.371790885925293,10.28
9.57381820678711,8.31
9.925045013427734,8.21
10.217598915100098,11.06
10.35878849029541,10.9
9.899825096130371,10.45
9.532907485961914,9.61
9.230341911315918,9.42
9.861867904663086,6.45
10.157349586486816,10.31
10.630929946899414,10.150000000000002
9.371768951416016,8.63
7.57131290435791,7.04
5.714672565460205,6.48
3.9053022861480713,0.75
2.1012065410614014,0.4
1.8598365783691406,0.13
1.6942001581192017,0.0
1.587868571281433,0.0
1.522216796875,0.0
1.438044786453247,0.0
1.3833273649215698,0.0
1.3170831203460693,0.0
1.2522900104522705,0.0
1.1938284635543823,0.0
1.1204984188079834,0.0
1.051896095275879,0.0
1.007662296295166,0.0
0.9739333987236023,0.0
0.9501088261604309,0.0
0.8645377159118652,0.0
0.7757472991943359,0.0
0.7404178380966187,0.0
0.6963137984275818,0.0
0.6288018822669983,0.0
0.5615641474723816,0.0
0.5091267228126526,0.0
0.4782252609729767,0.0
0.48702704906463623,0.0
0.48024943470954895,0.0
0.4641115963459015,0.0
0.45417922735214233,0.0
0.45126771926879883,0.0
0.42067116498947144,0.0
0.4063836932182312,0.0
0.4006880819797516,0.0
0.3919265866279602,0.0
0.39250314235687256,0.0
0.40611588954925537,0.0
0.4438914656639099,0.0
0.4906737208366394,0.0
0.5461204051971436,0.0
0.614741861820221,0.0
0.6938261389732361,0.0
0.7749731540679932,0.0
0.8631460666656494,0.0
0.9487684965133667,0.0
1.0411523580551147,0.0
1.1475276947021484,0.0
1.2594274282455444,0.0
1.3740664720535278,0.0
1.483766794204712,0.0
1.599286437034607,0.0
1.7065995931625366,0.0
1.7944726943969727,0.0
1.8772152662277222,0.0
1.9725332260131836,0.0
2.0955543518066406,0.0
2.2931511402130127,0.0
2.565007209777832,0.1
2.987287759780884,0.5
3.5273241996765137,0.99
3.886303424835205,1.4700000000000002
4.219227313995361,1.97
4.558766841888428,2.3
4.719565391540527,2.84
5.005077362060547,2.65
5.458578109741211,2.32
5.966806888580322,4.22
6.521209716796875,4.43
6.186676979064941,4.4
6.288200855255127,6.28
6.168458461761475,5.8
6.455731391906738,4.83
8.027458190917969,6.34
10.275273323059082,7.72
12.748992919921875,12.35
14.452768325805664,11.230000000000002
14.227960586547852,14.86
13.264707565307617,12.75
10.925379753112793,9.67
8.730247497558594,9.32
7.278116226196289,4.91
6.1469268798828125,3.55
6.359991073608398,3.41
6.99705171585083,6.52
7.3515400886535645,5.77
6.649262428283691,5.66
6.2647480964660645,5.51
6.046657562255859,4.779999999999999
5.959946155548096,4.25
6.08711051940918,3.73
6.157278537750244,4.54
6.15775203704834,5.95
5.733753204345703,4.95
4.819553852081299,3.4899999999999998
4.0569353103637695,2.58
3.6627674102783203,1.8
3.564612865447998,1.97
3.6034457683563232,2.3
3.4564507007598877,1.92
3.106429100036621,1.56
2.7498250007629395,1.46
2.3958234786987305,1.19
1.9764710664749146,0.35000000000000003
1.6093111038208008,0.0
1.4533684253692627,0.0
1.3836308717727661,0.0
1.311726450920105,0.0
1.2401355504989624,0.0
1.1708532571792603,0.0
1.1023228168487549,0.0
1.041656494140625,0.0
0.9836289286613464,0.0
0.9311790466308594,0.0
0.874172568321228,0.0
0.8184734582901001,0.0
0.7648078799247742,0.0
0.7159050107002258,0.0
0.6695446968078613,0.0
0.6316137313842773,0.0
0.5875449180603027,0.0
0.5416501760482788,0.0
0.49775004386901855,0.0
0.45220690965652466,0.0
0.41520750522613525,0.0
0.38648274540901184,0.0
0.3734596073627472,0.0
0.35772526264190674,0.0
0.3416968584060669,0.0
0.33191055059432983,0.0
0.3322412073612213,0.0
0.34927186369895935,0.0
0.3745180666446686,0.0
0.40521883964538574,0.0
0.4424216151237488,0.0
0.48253390192985535,0.0
0.5339562892913818,0.0
0.5947901606559753,0.0
0.6749811768531799,0.0
0.7568848729133606,0.0
0.8445099592208862,0.0
0.9408573508262634,0.0
1.0434529781341553,0.0
1.1538171768188477,0.0
1.262084722518921,0.0
1.3744171857833862,0.0
1.4910887479782104,0.0
1.6094659566879272,0.0
1.7101937532424927,0.0
1.7504750490188599,0.0
1.781004548072815,0.0
1.8805464506149292,0.0
2.0144691467285156,0.0
2.1597278118133545,0.0
2.1616201400756836,0.31
2.7840988636016846,1.38
3.6206817626953125,2.24
4.8223066329956055,2.72
6.039364337921143,4.03
7.410727500915527,6.12
8.565306663513184,10.32
8.551840782165527,9.35
9.039037704467773,11.739999999999998
10.021888732910156,10.54
10.887819290161133,13.1
13.288345336914062,15.62
16.199478149414062,17.83
19.077455520629883,22.75
21.16329574584961,19.75
22.91256332397461,23.37
25.8228702545166,26.34
27.215726852416992,27.17
26.857954025268555,27.48
25.366535186767578,26.58
23.555849075317383,28.37
21.074359893798828,23.490000000000002
18.179821014404297,19.27
18.11659812927246,18.84
19.685771942138672,22.71
21.249835968017578,23.509999999999998
22.132936477661133,21.81
23.977893829345703,25.85
25.444124221801758,27.27
24.701507568359375,23.15
22.81153678894043,23.57
20.667510986328125,24.68
17.097951889038086,19.43
12.376402854919434,11.38
8.312627792358398,7.81
6.272476673126221,6.12
5.06971549987793,3.06
4.399589538574219,2.48
4.545766830444336,3.4
4.722927093505859,3.62
4.444596290588379,3.37
3.889852523803711,2.47
3.250886917114258,2.19
2.7008919715881348,1.43
2.14945125579834,0.61
1.756355881690979,0.06
1.5334057807922363,0.0
1.4623690843582153,0.0
1.4253076314926147,0.0
1.3747466802597046,0.0
1.315670132637024,0.0
1.25485098361969,0.0
1.1869111061096191,0.0
1.1229053735733032,0.0
1.0727373361587524,0.0
1.0272948741912842,0.0
0.9900060296058655,0.0
0.9506059288978577,0.0
0.900212287902832,0.0
0.8521232008934021,0.0
0.8069886565208435,0.0
0.7740990519523621,0.0
0.7398467063903809,0.0
0.6970717906951904,0.0
0.6584923267364502,0.0
0.6282352805137634,0.0
0.6018039584159851,0.0
0.5761091113090515,0.0
0.5599148869514465,0.0
0.549070417881012,0.0
0.5472243428230286,0.0
0.5558212399482727,0.0
0.5639618635177612,0.0
0.575372576713562,0.0
0.5999851822853088,0.0
0.6358727216720581,0.0
0.6777926087379456,0.0
0.7218309640884399,0.0
0.7751708626747131,0.0
0.83416348695755,0.0
0.902269721031189,0.0
0.9759302735328674,0.0
1.061002254486084,0.0
1.1473031044006348,0.0
1.2547430992126465,0.0
1.3600304126739502,0.0
1.4566645622253418,0.0
1.548096776008606,0.0
1.658917784690857,0.0
1.7818329334259033,0.0
1.8584134578704834,0.0
1.914292812347412,0.0
1.9964501857757568,0.0
2.098050594329834,0.0
2.2298412322998047,0.0
2.440199851989746,0.1
2.8067684173583984,0.52
3.2731144428253174,1.13
3.6440553665161133,1.51
3.7406704425811768,2.21
3.8515615463256836,3.31
4.118451118469238,4.19
5.153090476989746,4.99
6.419543743133545,6.05
8.428194046020508,8.41
10.103937149047852,12.81
13.361312866210938,15.54
15.337396621704102,17.54
16.408050537109375,16.38
18.949077606201172,19.52
22.825618743896484,20.72
24.931236267089844,27.09
24.92961883544922,20.88
21.969575881958008,23.99
20.223960876464844,27.08
17.576231002807617,18.14
13.981873512268066,10.53
11.867732048034668,10.98
13.699898719787598,13.54
15.29924201965332,21.09
15.414448738098145,15.8
13.345527648925781,9.4
11.876640319824219,12.41
11.951417922973633,19.72
11.142613410949707,12.290000000000001
10.370163917541504,11.29
11.896417617797852,11.31
13.345661163330078,11.21
15.001934051513672,16.19
14.873697280883789,19.49
13.30500316619873,17.96
10.548968315124512,8.5
8.213665962219238,7.97
8.664811134338379,9.67
9.131321907043457,5.609999999999999
8.799217224121094,12.35
9.17138385772705,7.73
7.193154335021973,6.710000000000001
5.854833126068115,5.36
4.51837682723999,3.61
3.3119449615478516,2.12
2.429628372192383,0.97
1.8464921712875366,0.01
1.5352015495300293,0.0
1.4692606925964355,0.0
1.3964730501174927,0.0
1.3475364446640015,0.0
1.292263150215149,0.0
1.2417066097259521,0.0
1.1919821500778198,0.0
1.1413347721099854,0.0
1.0880426168441772,0.0
1.0339510440826416,0.0
0.9909486770629883,0.0
0.950140655040741,0.0
0.9055730700492859,0.0
0.8616770505905151,0.0
0.8148878812789917,0.0
0.7808647155761719,0.0
0.7435444593429565,0.0
0.7137370109558105,0.0
0.6788238883018494,0.0
0.6542141437530518,0.0
0.6309760808944702,0.0
0.6089692115783691,0.0
0.6012271642684937,0.0
0.5952559113502502,0.0
0.6045174598693848,0.0
0.6104515790939331,0.0
0.6191092729568481,0.0
0.6495612859725952,0.0
0.6877349019050598,0.0
0.724821925163269,0.0
0.7660641074180603,0.0
0.8139257431030273,0.0
0.8755321502685547,0.0
0.9459814429283142,0.0
1.0185977220535278,0.0
1.0996360778808594,0.0
1.1780259609222412,0.0
1.2740516662597656,0.0
1.3648539781570435,0.0
1.4549373388290405,0.0
1.5469423532485962,0.0
1.65348219871521,0.0
1.7460204362869263,0.0
1.8452259302139282,0.0
1.8306965827941895,0.0
1.6705201864242554,0.0
1.9337787628173828,0.0
2.3568289279937744,0.0
2.971743106842041,0.3
3.299459934234619,0.6
3.492718458175659,2.59
4.569073677062988,6.2
4.779964923858643,3.76
4.715847969055176,4.24
6.01741886138916,4.76
8.341360092163086,10.41
11.094748497009277,14.37
12.463422775268555,11.7
15.131132125854492,17.59
17.677734375,19.23
19.091032028198242,20.79
20.241384506225586,21.13
21.349014282226562,23.21
22.495906829833984,25.98
22.930936813354492,20.52
23.632625579833984,27.08
25.551372528076172,26.57
26.053905487060547,26.850000000000005
27.00817108154297,27.38
26.77179527282715,27.46
26.526174545288086,27.71
25.431406021118164,27.95
23.56610679626465,27.95
21.650117874145508,23.44
20.030057907104492,20.21
20.621326446533203,26.51
22.01481819152832,21.17
21.329496383666992,23.65
22.243831634521484,25.34
21.95205307006836,23.97
20.803083419799805,23.38
20.418277740478516,22.3
18.99709701538086,20.240000000000002
17.419620513916016,18.99
16.088560104370117,18.31
14.818279266357422,16.46
13.028939247131348,15.44
11.388731002807617,8.28
9.559276580810547,11.09
9.360239028930664,9.539999999999997
7.64428186416626,7.5
5.830227851867676,4.23
4.274264812469482,4.0
3.3759608268737793,2.19
2.377318859100342,0.57
1.7889585494995117,0.0
1.600597620010376,0.0
1.544972538948059,0.0
1.4832195043563843,0.0
1.4253321886062622,0.0
1.3601065874099731,0.0
1.3105450868606567,0.0
1.2562907934188843,0.0
1.2234704494476318,0.0
1.1742297410964966,0.0
1.1273314952850342,0.0
1.0781970024108887,0.0
1.0311475992202759,0.0
0.9889469742774963,0.0
0.9367567896842957,0.0
0.8885605335235596,0.0
0.843996524810791,0.0
0.8058896660804749,0.0
0.7675223350524902,0.0
0.7467751502990723,0.0
0.7277621030807495,0.0
0.7114598155021667,0.0
0.7002463340759277,0.0
0.6914570331573486,0.0
0.6802070736885071,0.0
0.6785069108009338,0.0
0.6825277209281921,0.0
0.6845239996910095,0.0
0.6973556876182556,0.0
0.6909579634666443,0.0
0.6743787527084351,0.0
0.709002673625946,0.0
0.7574563026428223,0.0
0.827441930770874,0.0
0.8926949501037598,0.0
0.9669132828712463,0.0
1.0414212942123413,0.0
1.1300079822540283,0.0
1.2433568239212036,0.0
1.3421671390533447,0.0
1.4425328969955444,0.0
1.5625790357589722,0.0
1.6739873886108398,0.0
1.7733635902404785,0.0
1.860869288444519,0.0
1.8692513704299927,0.0
1.9094327688217163,0.0
2.2022817134857178,0.0
2.4932732582092285,0.0
2.9259371757507324,0.08
3.409926176071167,0.59
3.769899606704712,2.1
4.012574195861816,2.83
3.87054181098938,1.32
3.865811586380005,2.32
2.766757011413574,1.96
3.2823171615600586,2.5300000000000002
5.369584083557129,4.769999999999999
6.404119491577148,6.24
7.563033103942871,8.28
11.139156341552734,8.12
14.484269142150879,21.96
17.24909782409668,15.030000000000001
16.798606872558594,11.71
16.009872436523438,22.24
17.47235679626465,23.85
14.808616638183594,14.81
14.151603698730469,16.47
16.538747787475586,17.63
19.417831420898438,14.82
22.662811279296875,30.67
25.184112548828125,24.19
24.0137939453125,27.75
23.842845916748047,25.64
23.572219848632812,25.9
24.27608299255371,23.39
25.136852264404297,26.46
24.069456100463867,25.8
20.887537002563477,22.21
18.039215087890625,26.09
16.39371681213379,21.18
14.96297836303711,12.42
15.462965965270996,8.56
17.767459869384766,22.84
19.574195861816406,20.01
16.325740814208984,19.51
12.963874816894531,16.53
8.967020988464355,6.28
5.111571311950684,4.07
3.844717264175415,1.18
3.070256233215332,1.0
2.9648802280426025,1.49
2.832864999771118,1.56
2.4889426231384277,0.93
2.0586187839508057,0.17
1.7789233922958374,0.0
1.7018790245056152,0.0
1.655408501625061,0.0
1.5483494997024536,0.0
1.4613875150680542,0.0
1.3894610404968262,0.0
1.317423939704895,0.0
1.247695803642273,0.0
1.185590386390686,0.0
1.128728985786438,0.0
1.0596411228179932,0.0
0.9815207123756409,0.0
0.9170144200325012,0.0
0.8700708150863647,0.0
0.8002601861953735,0.0
0.7526888847351074,0.0
0.7163550853729248,0.0
0.6683058142662048,0.0
0.6072252988815308,0.0
0.5615552663803101,0.0
0.5259805917739868,0.0
0.4927141070365906,0.0
0.44941794872283936,0.0
0.41752758622169495,0.0
0.3978433310985565,0.0
0.3824874758720398,0.0
0.3746938407421112,0.0
0.3779594600200653,0.0
0.3918502926826477,0.0
0.40881577134132385,0.0
0.4332718551158905,0.0
0.46850764751434326,0.0
0.5164399743080139,0.0
0.5753175020217896,0.0
0.6420149803161621,0.0
0.7158434391021729,0.0
0.7940542697906494,0.0
0.876767635345459,0.0
0.9676624536514282,0.0
1.0708143711090088,0.0
1.17617928981781,0.0
1.2882225513458252,0.0
1.4014778137207031,0.0
1.5172051191329956,0.0
1.634669303894043,0.0
1.7572057247161865,0.0
1.8816598653793335,0.0
2.004401445388794,0.0
2.1284902095794678,0.0
2.2512688636779785,0.0
2.372401714324951,0.0
2.4909088611602783,0.0
2.605769395828247,0.0
2.7162535190582275,0.0
2.8216679096221924,0.0
2.9213733673095703,0.0
3.0147740840911865,0.0
3.101332664489746,0.0
3.1805660724639893,0.0
3.252054214477539,0.0
3.3154397010803223,0.0
3.3704288005828857,0.0
3.4168004989624023,0.0
3.4257302284240723,0.0
3.3373827934265137,0.0
3.2895143032073975,0.0
3.294581413269043,0.0
3.2913804054260254,0.0
3.339284896850586,0.0
3.2209885120391846,0.0
3.0873918533325195,0.0
2.8617138862609863,0.0
2.8071811199188232,0.0
2.7935869693756104,0.0
2.6936776638031006,0.0
2.73569655418396,0.0
2.405802011489868,0.0
2.4835007190704346,0.0
2.5311496257781982,0.0
2.5030198097229004,0.0
2.422551155090332,0.0
2.3023531436920166,0.0
2.239081621170044,0.0
2.0637457370758057,0.0
2.208709955215454,0.0
2.2254209518432617,0.0
2.284637212753296,0.0
2.231835126876831,0.0
2.2178568840026855,0.0
2.144084930419922,0.0
2.072009563446045,0.0
2.0103261470794678,0.0
1.9369134902954102,0.0
1.8727455139160156,0.0
1.8019375801086426,0.0
1.7341774702072144,0.0
1.666717767715454,0.0
1.597866177558899,0.0
1.5280383825302124,0.0
1.4565640687942505,0.0
1.3864514827728271,0.0
1.318175196647644,0.0
1.2507245540618896,0.0
1.183764934539795,0.0
1.1136538982391357,0.0
1.0469707250595093,0.0
0.9820809960365295,0.0
0.9196369647979736,0.0
0.8561623692512512,0.0
0.7949888110160828,0.0
0.7381126284599304,0.0
0.680951714515686,0.0
0.6280913352966309,0.0
0.5809829235076904,0.0
0.5396798253059387,0.0
0.49982813000679016,0.0
0.46542859077453613,0.0
0.43614017963409424,0.0
0.40976080298423767,0.0
0.3897722363471985,0.0
0.3735998868942261,0.0
0.36436575651168823,0.0
0.3613561987876892,0.0
0.36907708644866943,0.0
0.3817630410194397,0.0
0.4006149172782898,0.0
0.42897146940231323,0.0
0.4682973325252533,0.0
0.5182124972343445,0.0
0.5749903321266174,0.0
0.6461310386657715,0.0
0.7187976241111755,0.0
0.7971667051315308,0.0
0.8843473196029663,0.0
0.9792695641517639,0.0
1.07770574092865,0.0
1.1805251836776733,0.0
1.2927415370941162,0.0
1.4081844091415405,0.0
1.5252971649169922,0.0
1.6445122957229614,0.0
1.760623574256897,0.0
1.8694326877593994,0.0
1.9718550443649292,0.0
2.053194999694824,0.0
2.151582956314087,0.0
2.2832295894622803,0.0
2.439655303955078,0.0
2.663433790206909,0.06
2.9436373710632324,0.31
3.3520402908325195,0.78
3.7630045413970947,1.0
4.0162739753723145,1.26
4.27839469909668,1.67
4.528785705566406,1.96
4.534789562225342,2.31
4.5728983879089355,1.98
4.775303363800049,1.96
5.185655117034912,2.85
5.636148452758789,3.15
6.291694164276123,3.0699999999999994
7.0874223709106445,5.47
7.783164024353027,5.73
7.67171049118042,5.329999999999999
7.590207099914551,5.91
7.976897239685059,7.2
8.005660057067871,5.98
7.617475509643555,5.16
7.849918842315674,6.31
8.30996322631836,7.93
8.560829162597656,7.7
7.998297214508057,5.76
7.235678672790527,6.92
7.6580891609191895,8.92
8.454011917114258,7.32
9.002472877502441,8.01
9.86842155456543,6.66
10.256006240844727,9.45
10.442983627319336,14.26
10.423826217651367,9.95
8.41926383972168,6.59
7.461932182312012,5.15
7.116393089294434,5.39
7.083395957946777,6.79
6.607297420501709,7.56
5.390527248382568,2.71
3.8294968605041504,1.51
3.4011662006378174,1.92
3.1739983558654785,2.15
2.712420701980591,0.59
2.141920566558838,0.43
1.947169303894043,0.13
1.7702652215957642,0.0
1.6684856414794922,0.0
1.5998609066009521,0.0
1.5369349718093872,0.0
1.4724472761154175,0.0
1.4086673259735107,0.0
1.3428847789764404,0.0
1.276896595954895,0.0
1.210534691810608,0.0
1.141242504119873,0.0
1.0737059116363525,0.0
1.0095856189727783,0.0
0.9485244154930115,0.0
0.8861324787139893,0.0
0.8332737684249878,0.0
0.7869109511375427,0.0
0.7381900548934937,0.0
0.6879410743713379,0.0
0.6435248255729675,0.0
0.6015588045120239,0.0
0.561744213104248,0.0
0.5272258520126343,0.0
0.5019561648368835,0.0
0.47495362162590027,0.0
0.4593827724456787,0.0
0.45477744936943054,0.0
0.4569514989852905,0.0
0.45853227376937866,0.0
0.4715363681316376,0.0
0.49579426646232605,0.0
0.5252485275268555,0.0
0.56242835521698,0.0
0.612363338470459,0.0
0.677156925201416,0.0
0.7470436096191406,0.0
0.8171359300613403,0.0
0.8956633806228638,0.0
0.9823009967803955,0.0
1.0760663747787476,0.0
1.178812861442566,0.0
1.2877894639968872,0.0
1.3980880975723267,0.0
1.5117076635360718,0.0
1.6250720024108887,0.0
1.7262656688690186,0.0
1.8285715579986572,0.0
1.792357087135315,0.0
1.9396345615386963,0.0
2.1691105365753174,0.0
2.4150843620300293,0.0
2.8279967308044434,0.19
3.283019781112671,0.56
2.7737371921539307,2.8100000000000005
2.657337188720703,1.92
2.260622024536133,2.06
2.9012210369110107,3.3499999999999996
4.597459316253662,3.37
7.4007439613342285,4.64
11.323266983032227,16.16
15.209004402160645,15.17
16.5105037689209,18.39
18.290115356445312,19.95
19.92249870300293,21.19
21.03897476196289,21.81
21.90497589111328,22.68
23.54887580871582,23.499999999999996
25.18476104736328,24.670000000000005
26.08036231994629,26.06
25.606569290161133,22.6
23.67288589477539,24.44
21.464141845703125,25.23
17.90951156616211,17.92
13.48826789855957,13.02
9.112689971923828,9.16
6.100597381591797,7.84
6.122069358825684,8.78
7.627726078033447,10.4
8.689294815063477,8.55
10.59534740447998,8.42
14.080641746520996,21.75
18.151636123657227,21.33
19.04250144958496,17.67
18.47686195373535,16.79
18.85719108581543,22.94
18.87682342529297,21.25
16.5847110748291,19.47
13.960055351257324,14.58
11.141223907470703,4.59
9.159804344177246,14.21
9.727911949157715,10.75
7.286879062652588,5.91
5.371713161468506,3.03
4.535140037536621,2.55
4.282296180725098,3.24
3.988201141357422,4.05
3.294440507888794,1.38
2.256498336791992,0.55
1.8437483310699463,0.0
1.6546393632888794,0.0
1.599532961845398,0.0
1.5454641580581665,0.0
1.4843438863754272,0.0
1.435982346534729,0.0
1.3577548265457153,0.0
1.3184781074523926,0.0
1.24796724319458,0.0
1.188610315322876,0.0
1.1361496448516846,0.0
1.0889649391174316,0.0
1.0530251264572144,0.0
1.0224723815917969,0.0
0.961483359336853,0.0
0.9049738645553589,0.0
0.8774825930595398,0.0
0.8487924933433533,0.0
0.8308760523796082,0.0
0.7995152473449707,0.0
0.7742443084716797,0.0
0.7491719722747803,0.0
0.7270842790603638,0.0
0.7092331051826477,0.0
0.7024262547492981,0.0
0.7062260508537292,0.0
0.7128180861473083,0.0
0.7300360202789307,0.0
0.7564982175827026,0.0
0.7752427458763123,0.0
0.8224344253540039,0.0
0.8601890802383423,0.0
0.9093054533004761,0.0
0.9661363363265991,0.0
1.0428723096847534,0.0
1.0989291667938232,0.0
1.177862524986267,0.0
1.2549279928207397,0.0
1.3537895679473877,0.0
1.4440072774887085,0.0
1.5182925462722778,0.0
1.6024178266525269,0.0
1.7132153511047363,0.0
1.8223007917404175,0.0
1.9326945543289185,0.0
2.0464205741882324,0.0
2.1539876461029053,0.0
2.251028060913086,0.0
2.331514596939087,0.0
2.4212944507598877,0.0
2.419931650161743,0.0
2.5024375915527344,0.04
2.8194382190704346,0.02
3.1593363285064697,0.0
3.5179572105407715,0.35000000000000003
4.013619422912598,0.69
4.4696197509765625,2.41
4.970422267913818,2.89
5.055200099945068,1.43
4.768868446350098,1.9500000000000002
5.184345245361328,2.9400000000000004
5.489076614379883,2.85
5.415398120880127,3.37
5.609063148498535,2.48
6.089845657348633,2.99
7.266798973083496,6.4
8.16452693939209,4.33
8.003043174743652,5.21
8.102615356445312,7.83
7.692796230316162,7.35
6.966980934143066,6.419999999999999
6.56827974319458,3.98
6.529972553253174,4.48
7.225926876068115,6.56
7.060635089874268,8.99
7.079278945922852,10.86
7.105645179748535,8.64
9.23159408569336,9.37
12.564454078674316,11.749999999999998
16.352659225463867,14.2
18.98345947265625,21.36
19.736661911010742,20.280000000000005
17.4405517578125,22.93
14.353313446044922,11.14
9.9185209274292,11.760000000000002
8.556684494018555,7.47
6.853565692901611,5.39
6.237016677856445,4.55
6.082167148590088,4.08
5.85692834854126,4.87
5.441737174987793,4.57
4.562108039855957,3.4799999999999995
3.5562405586242676,1.92
2.6838021278381348,0.98
2.1268439292907715,0.06
1.8084666728973389,0.0
1.7204397916793823,0.0
1.6459975242614746,0.0
1.5767992734909058,0.0
1.5116968154907227,0.0
1.4414215087890625,0.0
1.3678350448608398,0.0
1.2954463958740234,0.0
1.224896788597107,0.0
1.1519049406051636,0.0
1.0857080221176147,0.0
1.0253912210464478,0.0
0.9640116691589355,0.0
0.900556206703186,0.0
0.8383037447929382,0.0
0.7773187160491943,0.0
0.7216670513153076,0.0
0.6718732714653015,0.0
0.6254578232765198,0.0
0.5779700875282288,0.0
0.536584734916687,0.0
0.5051692724227905,0.0
0.4778725504875183,0.0
0.45627570152282715,0.0
0.43942147493362427,0.0
0.42738157510757446,0.0
0.4276977479457855,0.0
0.4320808947086334,0.0
0.4434596300125122,0.0
0.46438369154930115,0.0
0.4939503073692322,0.0
0.5373868346214294,0.0
0.5815812945365906,0.0
0.6324833035469055,0.0
0.6966925859451294,0.0
0.765336275100708,0.0
0.8436974883079529,0.0
0.9307941794395447,0.0
1.0251024961471558,0.0
1.1280107498168945,0.0
1.233133316040039,0.0
1.3445322513580322,0.0
1.4655168056488037,0.0
1.587323546409607,0.0
1.7018654346466064,0.0
1.7851297855377197,0.0
1.9048912525177002,0.0
1.9188917875289917,0.0
1.9659504890441895,0.0
1.9991681575775146,0.0
2.0125949382781982,0.07
2.6298460960388184,0.67
3.5828733444213867,0.6
4.625012397766113,2.5300000000000002
5.190754413604736,3.6
5.1387505531311035,5.81
5.669290542602539,8.88
6.60888147354126,6.9
7.672776699066162,7.34
10.332971572875977,8.68
13.775350570678711,16.31
17.264589309692383,20.7
18.38168716430664,19.67
18.731298446655273,19.2
19.99582290649414,21.52
21.626476287841797,23.04
22.900983810424805,23.82
23.91806411743164,25.05
24.63873291015625,25.87
25.15158462524414,26.44
25.465595245361328,26.72
25.541776657104492,26.89
25.516841888427734,27.0
25.274246215820312,26.95
24.889129638671875,27.18
24.11168670654297,25.95
23.119312286376953,24.97
22.480300903320312,24.630000000000003
22.643049240112305,23.97
22.562326431274414,23.41
21.658729553222656,23.35
19.952285766601562,21.59
17.788503646850586,21.5
15.795309066772461,20.18
13.712159156799316,13.36
12.268366813659668,11.77
12.981710433959961,14.0
13.701610565185547,15.11
13.437031745910645,13.91
12.193907737731934,12.45
10.617962837219238,10.73
8.754952430725098,8.42
6.688515663146973,6.35
4.849789619445801,4.15
3.302609443664551,1.14
2.2039504051208496,0.3
1.869990348815918,0.0
1.742911458015442,0.0
1.6929762363433838,0.0
1.6275702714920044,0.0
1.5628968477249146,0.0
1.51085364818573,0.0
1.4503637552261353,0.0
1.394324779510498,0.0
1.335037350654602,0.0
1.2732027769088745,0.0
1.218759536743164,0.0
1.1717511415481567,0.0
1.1079459190368652,0.0
1.0441009998321533,0.0
0.9871740341186523,0.0
0.9358136057853699,0.0
0.8847878575325012,0.0
0.8321941494941711,0.0
0.7921637296676636,0.0
0.7673617601394653,0.0
0.7346038818359375,0.0
0.7070222496986389,0.0
0.7101268768310547,0.0
0.7028088569641113,0.0
0.705755889415741,0.0
0.7043529748916626,0.0
0.707632839679718,0.0
0.7125658988952637,0.0
0.7212695479393005,0.0
0.7394241094589233,0.0
0.7615204453468323,0.0
0.8035190105438232,0.0
0.8559337854385376,0.0
0.904345691204071,0.0
0.9680450558662415,0.0
1.0310033559799194,0.0
1.1102701425552368,0.0
1.187940239906311,0.0
1.2721349000930786,0.0
1.3548482656478882,0.0
1.4481457471847534,0.0
1.5536000728607178,0.0
1.6550908088684082,0.0
1.7687724828720093,0.0
1.8716663122177124,0.0
1.9553065299987793,0.0
1.9756587743759155,0.0
1.8619853258132935,0.0
1.8986598253250122,0.0
2.2669992446899414,0.0
2.2639031410217285,0.07
2.3797214031219482,0.4
2.873140335083008,1.92
3.7851502895355225,4.2
4.875940799713135,4.89
6.258977890014648,4.12
8.431831359863281,9.81
11.294743537902832,12.57
13.09985065460205,14.46
14.616291046142578,16.14
16.378490447998047,17.7
17.89760971069336,19.22
19.1340389251709,20.6
20.201496124267578,21.8
21.07341766357422,23.3
21.939393997192383,24.19
22.85671615600586,23.82
23.993568420410156,25.07
25.336347579956055,26.05
26.238901138305664,26.790000000000003
25.90642738342285,27.74
24.980348587036133,27.68
24.467601776123047,25.6
23.518775939941406,26.13
22.112363815307617,22.67
21.041330337524414,22.28
21.46932029724121,26.44
21.37511444091797,25.629999999999995
20.04652214050293,20.1
19.692054748535156,20.12
20.607223510742188,24.96
21.469425201416016,23.36
20.81828498840332,22.87
20.625789642333984,20.96
19.383867263793945,20.97
18.170940399169922,19.54
15.90579605102539,17.989999999999995
13.526623725891113,15.75
11.244261741638184,12.57
9.272266387939453,5.92
7.813679218292236,8.41
7.717013835906982,5.78
6.472621917724609,6.710000000000001
5.589951992034912,4.91
4.1371026039123535,3.12
2.966066837310791,1.2
2.1417806148529053,0.2
1.7986814975738525,0.0
1.6946040391921997,0.0
1.6311463117599487,0.0
1.571638584136963,0.0
1.5157334804534912,0.0
1.4755305051803589,0.0
1.4253523349761963,0.0
1.374169111251831,0.0
1.3278694152832031,0.0
1.2737467288970947,0.0
1.221805214881897,0.0
1.1689796447753906,0.0
1.1232551336288452,0.0
1.0857971906661987,0.0
1.0357179641723633,0.0
0.9907367825508118,0.0
0.948151707649231,0.0
0.9115280508995056,0.0
0.8697099089622498,0.0
0.8353309035301208,0.0
0.8120085000991821,0.0
0.7880210280418396,0.0
0.7793182134628296,0.0
0.7632598280906677,0.0
0.7459414005279541,0.0
0.7470897436141968,0.0
0.7485430836677551,0.0
0.7533959746360779,0.0
0.7762829065322876,0.0
0.8029162287712097,0.0
0.8392466306686401,0.0
0.8795638680458069,0.0
0.9234567880630493,0.0
0.9842015504837036,0.0
1.0499606132507324,0.0
1.120627760887146,0.0
1.1930400133132935,0.0
1.2836284637451172,0.0
1.3748759031295776,0.0
1.4798815250396729,0.0
1.5886485576629639,0.0
1.69827401638031,0.0
1.8053081035614014,0.0
1.9115303754806519,0.0
1.9800548553466797,0.0
2.041144609451294,0.0
2.1583807468414307,0.0
2.2932868003845215,0.0
2.445636510848999,0.0
2.657788038253784,0.02
2.7605950832366943,0.7000000000000001
2.1097452640533447,1.2
1.691623568534851,1.33
2.256007432937622,1.9
3.9706356525421143,2.79
6.410106658935547,3.74
9.967728614807129,6.61
13.654143333435059,16.21
14.708301544189453,17.24
13.385313034057617,15.590000000000002
12.23743724822998,14.69
12.436403274536133,16.3
14.088207244873047,13.7
16.139753341674805,14.12
19.85311508178711,25.04
23.278667449951172,24.28
23.266576766967773,24.670000000000005
23.72956085205078,25.93
24.21277618408203,25.679999999999996
24.761253356933594,26.33
25.810256958007812,27.03
26.759838104248047,26.44
26.658376693725586,28.17
25.867576599121094,27.910000000000004
24.64813232421875,28.16
23.815078735351562,27.2
22.16790199279785,21.2
20.17084312438965,20.0
19.536476135253906,22.33
18.748661041259766,25.44
17.254091262817383,20.44
16.383710861206055,14.2
16.50004768371582,14.83
17.083433151245117,18.32
16.861431121826172,20.04
15.0308837890625,17.96
12.292722702026367,15.77
9.981932640075684,5.81
8.150412559509277,5.11
8.651150703430176,10.16
8.76836109161377,8.35
6.96376895904541,6.37
5.229384422302246,4.65
3.7428791522979736,2.12
2.552434206008911,0.49
1.972980260848999,0.07
1.7849880456924438,0.0
1.692591905593872,0.0
1.6210054159164429,0.0
1.548035740852356,0.0
1.4888168573379517,0.0
1.4566580057144165,0.0
1.390897274017334,0.0
1.31840181350708,0.0
1.2649130821228027,0.0
1.2065109014511108,0.0
1.1408874988555908,0.0
1.0804345607757568,0.0
1.024953007698059,0.0
0.981550395488739,0.0
0.9263632297515869,0.0
0.8730300068855286,0.0
0.8353108763694763,0.0
0.8225259184837341,0.0
0.7980031967163086,0.0
0.7726486921310425,0.0
0.7396348118782043,0.0
0.7293948531150818,0.0
0.7207061052322388,0.0
0.7068045139312744,0.0
0.6498507261276245,0.0
0.621720016002655,0.0
0.5732100009918213,0.0
0.6104927659034729,0.0
0.628135621547699,0.0
0.6513434648513794,0.0
0.710060179233551,0.0
0.7647817730903625,0.0
0.8190714120864868,0.0
0.8827515840530396,0.0
0.9551786184310913,0.0
1.0216234922409058,0.0
1.1030123233795166,0.0
1.1729785203933716,0.0
1.2538381814956665,0.0
1.357413649559021,0.0
1.4668514728546143,0.0
1.5875707864761353,0.0
1.720198392868042,0.0
1.839415431022644,0.0
1.9347470998764038,0.0
2.045023202896118,0.0
2.141746997833252,0.0
2.2602810859680176,0.0
2.3404037952423096,0.0
2.4339466094970703,0.0
2.488593816757202,0.0
1.940147042274475,0.18
1.2887885570526123,0.48
2.435728073120117,0.33
3.914917469024658,1.23
5.511300563812256,1.81
6.990181922912598,3.45
9.289406776428223,12.23
11.328798294067383,15.83
10.512064933776855,7.21
8.836518287658691,8.55
11.99479866027832,13.26
15.502739906311035,17.8
17.017520904541016,15.4
15.857669830322266,15.46
15.998796463012695,19.27
16.43870735168457,24.36
16.05946159362793,16.43
15.348677635192871,14.85
18.187889099121094,17.5
22.096309661865234,26.03
24.647180557250977,26.31
24.84815788269043,26.83
24.96079444885254,26.820000000000004
24.78785514831543,26.71
24.47960662841797,26.62
24.103069305419922,26.26
23.545656204223633,25.79
22.871212005615234,25.03
22.139245986938477,24.2
21.347671508789062,23.6
20.5179386138916,22.64
19.520980834960938,21.39
18.41792106628418,20.32
17.32916259765625,18.95
16.048385620117188,17.27
14.708870887756348,15.97
13.370988845825195,13.95
11.915968894958496,12.15
10.549538612365723,10.64
8.94162368774414,8.29
7.1040449142456055,6.63
5.510306358337402,4.68
4.0704522132873535,2.8100000000000005
2.954113006591797,1.34
2.227787971496582,0.06
1.829707384109497,0.0
1.731514811515808,0.0
1.6587868928909302,0.0
1.5996181964874268,0.0
1.5517498254776,0.0
1.501357913017273,0.0
1.4548735618591309,0.0
1.4058129787445068,0.0
1.3585011959075928,0.0
1.315558671951294,0.0
1.270418643951416,0.0
1.2171072959899902,0.0
1.1692436933517456,0.0
1.1115822792053223,0.0
1.0667259693145752,0.0
1.020642876625061,0.0
0.9818296432495117,0.0
0.9475892186164856,0.0
0.9037295579910278,0.0
0.8701114058494568,0.0
0.8407226204872131,0.0
0.8182672262191772,0.0
0.8000509142875671,0.0
0.7902381420135498,0.0
0.7798824906349182,0.0
0.7804223895072937,0.0
0.7875303030014038,0.0
0.8078200221061707,0.0
0.8327189087867737,0.0
0.8556498885154724,0.0
0.9052491188049316,0.0
0.9474000334739685,0.0
0.9888328313827515,0.0
1.0504611730575562,0.0
1.1203442811965942,0.0
1.1998969316482544,0.0
1.2773512601852417,0.0
1.3639230728149414,0.0
1.4511138200759888,0.0
1.5409561395645142,0.0
1.6413425207138062,0.0
1.7418138980865479,0.0
1.8336865901947021,0.0
1.9211289882659912,0.0
1.9784281253814697,0.0
2.105841875076294,0.0
2.076241970062256,0.0
1.9976954460144043,0.0
2.032034158706665,0.0
2.4813005924224854,0.19
2.708704948425293,1.15
3.1349411010742188,1.07
4.058627128601074,3.25
6.333537578582764,5.86
7.766525745391846,7.06
8.146602630615234,5.880000000000001
8.65944766998291,11.46
9.99474048614502,14.07
10.336700439453125,13.19
11.017271995544434,9.32
13.503643035888672,15.28
18.008907318115234,20.63
20.5423641204834,22.19
21.72652816772461,23.09
22.660463333129883,24.4
23.529083251953125,25.2
24.165477752685547,25.55
24.739046096801758,25.97
25.20183563232422,26.98
25.794404983520508,27.44
26.523286819458008,27.82
26.34832000732422,28.15
26.059751510620117,27.869999999999997
25.57216453552246,27.74
24.98193359375,28.61
24.27789878845215,26.91
23.139896392822266,21.51
22.69864273071289,27.22
23.819419860839844,25.98
22.798667907714844,25.0
21.729961395263672,24.51
20.7119083404541,22.56
19.51803970336914,21.46
18.548824310302734,20.41
17.583093643188477,19.15
16.423927307128906,17.86
15.031839370727539,16.29
13.68233585357666,14.21
12.159921646118164,12.48
10.659191131591797,10.74
8.890541076660156,8.31
7.003419876098633,6.36
5.362546443939209,4.98
3.966421365737915,2.07
2.760348081588745,1.02
2.2205283641815186,0.37
1.887895941734314,0.0
1.7210452556610107,0.0
1.6645877361297607,0.0
1.6189987659454346,0.0
1.5727330446243286,0.0
1.527567744255066,0.0
1.4796230792999268,0.0
1.435680627822876,0.0
1.3896441459655762,0.0
1.331160068511963,0.0
1.2959420680999756,0.0
1.2500048875808716,0.0
1.1996855735778809,0.0
1.1439756155014038,0.0
1.0971078872680664,0.0
1.051891803741455,0.0
1.0103400945663452,0.0
0.9634998440742493,0.0
0.9187613725662231,0.0
0.8770599961280823,0.0
0.8489316701889038,0.0
0.8232308626174927,0.0
0.8117960095405579,0.0
0.8105394840240479,0.0
0.7995685935020447,0.0
0.8091076016426086,0.0
0.8203386068344116,0.0
0.8351859450340271,0.0
0.8583499789237976,0.0
0.8841195702552795,0.0
0.9187411665916443,0.0
0.9615087509155273,0.0
1.0097579956054688,0.0
1.0627257823944092,0.0
1.1259409189224243,0.0
1.1993169784545898,0.0
1.2780449390411377,0.0
1.35944402217865,0.0
1.4515849351882935,0.0
1.5531846284866333,0.0
1.652408242225647,0.0
1.763754963874817,0.0
1.8693568706512451,0.0
1.9715672731399536,0.0
2.027615785598755,0.0
2.039285659790039,0.0
1.9194931983947754,0.0
2.172595739364624,0.0
2.5155229568481445,0.0
2.6335577964782715,0.19
3.587496280670166,1.02
4.707409858703613,2.05
5.535058498382568,5.13
6.207419395446777,3.3499999999999996
6.4076972007751465,4.52
7.368776798248291,9.48
7.337954998016357,5.15
5.760322570800781,5.89
6.3645524978637695,9.37
7.839098930358887,11.189999999999998
10.03277587890625,11.53
12.679341316223145,11.51
15.936238288879395,18.44
19.814571380615234,22.65
21.548816680908203,23.479999999999997
23.156064987182617,24.47
23.328601837158203,23.67
23.523927688598633,25.29
24.051422119140625,26.69
24.095054626464844,26.86
23.5926570892334,26.7
23.228349685668945,21.06
23.750110626220703,27.869999999999997
25.393741607666016,27.75
25.012414932250977,27.33
24.446996688842773,25.88
24.101438522338867,26.51
23.675737380981445,25.9
22.942298889160156,25.51
22.335296630859375,24.89
21.486879348754883,23.21
20.647197723388672,22.8
19.86747169494629,22.0
18.910980224609375,21.02
17.831085205078125,19.43
16.807296752929688,17.98
15.606144905090332,16.03
13.947301864624023,14.42
12.263069152832031,13.08
10.530804634094238,10.91
8.425741195678711,8.56
6.2818121910095215,4.54
4.4677839279174805,2.78
3.54162335395813,2.77
2.9411532878875732,1.41
2.2314815521240234,0.1
1.8071225881576538,0.0
1.721482753753662,0.0
1.6674365997314453,0.0
1.6162692308425903,0.0
1.5584460496902466,0.0
1.505494236946106,0.0
1.4448795318603516,0.0
1.3925971984863281,0.0
1.3403635025024414,0.0
1.3013615608215332,0.0
1.2600659132003784,0.0
1.2173486948013306,0.0
1.1761066913604736,0.0
1.1216905117034912,0.0
1.0838459730148315,0.0
1.0382931232452393,0.0
1.0039161443710327,0.0
0.9768838882446289,0.0
0.9319911599159241,0.0
0.9016126394271851,0.0
0.8751459717750549,0.0
0.8470971584320068,0.0
0.8295699954032898,0.0
0.8166560530662537,0.0
0.8191486597061157,0.0
0.8155272603034973,0.0
0.8253517746925354,0.0
0.8355701565742493,0.0
0.8482474088668823,0.0
0.8727312684059143,0.0
0.9133520722389221,0.0
0.9557238221168518,0.0
1.0040737390518188,0.0
1.063430666923523,0.0
1.1290205717086792,0.0
1.20402991771698,0.0
1.2960550785064697,0.0
1.3941493034362793,0.0
1.478152871131897,0.0
1.5748839378356934,0.0
1.6691126823425293,0.0
1.77013099193573,0.0
1.8772029876708984,0.0
1.9755537509918213,0.0
2.059009552001953,0.0
2.1582024097442627,0.0
2.106659412384033,0.0
1.876341700553894,0.0
1.6550835371017456,0.0
1.562577486038208,0.17
1.8976114988327026,0.6
2.7935850620269775,0.65
4.14344596862793,2.98
7.079518795013428,6.49
9.02313232421875,9.36
10.605720520019531,11.56
12.120305061340332,13.06
12.691274642944336,14.25
13.280143737792969,16.84
14.523575782775879,12.39
15.03384017944336,18.82
17.8267765045166,20.29
18.847545623779297,18.71
19.607126235961914,22.98
21.234521865844727,23.03
21.420228958129883,21.77
21.966434478759766,25.85
23.07059097290039,23.56
23.273311614990234,25.36
24.34304428100586,27.38
25.098134994506836,25.06
25.377546310424805,27.77
26.15020751953125,27.889999999999997
26.144649505615234,27.79
27.730907440185547,27.63
27.721059799194336,27.02
26.162811279296875,25.9
23.339632034301758,24.48
19.65923309326172,24.03
14.857280731201172,20.61
9.569259643554688,2.8100000000000005
5.229621410369873,3.75
4.750504016876221,5.620000000000001
5.192090034484863,5.51
5.6930975914001465,4.21
6.762633800506592,7.23
8.111532211303711,5.45
8.542988777160645,5.620000000000001
8.892638206481934,12.52
8.918045997619629,7.67
6.189530849456787,5.79
4.503366947174072,3.3499999999999996
3.139744997024536,1.64
2.259751081466675,0.11
1.7841122150421143,0.0
1.6978743076324463,0.0
1.6288162469863892,0.0
1.5678120851516724,0.0
1.5084223747253418,0.0
1.4710794687271118,0.0
1.427948236465454,0.0
1.3845134973526,0.0
1.3367547988891602,0.0
1.2897650003433228,0.0
1.237684726715088,0.0
1.1871070861816406,0.0
1.145071029663086,0.0
1.100572109222412,0.0
1.0496233701705933,0.0
1.0005877017974854,0.0
0.9530575275421143,0.0
0.916305661201477,0.0
0.8861512541770935,0.0
0.8616610169410706,0.0
0.8325061202049255,0.0
0.8090701103210449,0.0
0.7864262461662292,0.0
0.7712330222129822,0.0
0.76316899061203,0.0
0.7620518207550049,0.0
0.7647421956062317,0.0
0.7805469632148743,0.0
0.8030099272727966,0.0
0.8320103883743286,0.0
0.8616204261779785,0.0
0.9112652540206909,0.0
0.963433563709259,0.0
1.0246223211288452,0.0
1.0890264511108398,0.0
1.1637961864471436,0.0
1.2393758296966553,0.0
1.333499550819397,0.0
1.4284321069717407,0.0
1.5216622352600098,0.0
1.6219637393951416,0.0
1.7264961004257202,0.0
1.8303155899047852,0.0
1.9419941902160645,0.0
2.0078248977661133,0.0
1.9809160232543945,0.0
2.0541837215423584,0.0
2.1168160438537598,0.0
2.0081145763397217,0.0
1.9515964984893799,0.02
2.0979127883911133,0.76
2.647885799407959,2.19
3.588198661804199,2.43
4.875614166259766,4.04
6.9058074951171875,7.29
9.168956756591797,10.24
11.304065704345703,12.51
13.413339614868164,14.25
14.781835556030273,16.36
16.19148063659668,17.64
17.25562858581543,19.33
18.361228942871094,20.52
19.361597061157227,21.56
20.439682006835938,20.74
21.730201721191406,23.81
23.259267807006836,24.55
23.949296951293945,25.79
24.533632278442383,26.24
24.792625427246094,26.69
25.003969192504883,26.3
25.141630172729492,27.13
25.373992919921875,27.04
25.32453727722168,27.43
25.178783416748047,27.38
24.851205825805664,27.14
24.408721923828125,26.52
23.96696662902832,26.12
23.595783233642578,25.96
22.965625762939453,25.26
22.2774658203125,24.630000000000003
21.49170684814453,23.65
20.54677963256836,22.84
20.742816925048828,21.5
20.2227840423584,20.56
18.818391799926758,19.41
16.207660675048828,17.53
13.374649047851562,16.09
11.058188438415527,14.79
8.672821044921875,4.27
6.009802341461182,2.85
6.067730903625488,4.0
6.240492343902588,7.85
5.752710342407227,5.77
3.8350791931152344,1.35
2.328773260116577,0.44
1.9479784965515137,0.0
1.7628847360610962,0.0
1.710355520248413,0.0
1.6542731523513794,0.0
1.5908807516098022,0.0
1.5620768070220947,0.0
1.5220755338668823,0.0
1.4727329015731812,0.0
1.4416078329086304,0.0
1.3913123607635498,0.0
1.3343806266784668,0.0
1.2250770330429077,0.0
1.1746079921722412,0.0
1.112069010734558,0.0
1.07216215133667,0.0
1.0533286333084106,0.0
1.0142290592193604,0.0
0.9602063894271851,0.0
0.9359713196754456,0.0
0.9093447923660278,0.0
0.889570415019989,0.0
0.8668152093887329,0.0
0.8288328647613525,0.0
0.7959099411964417,0.0
0.777786374092102,0.0
0.7804197072982788,0.0
0.779128909111023,0.0
0.7852739691734314,0.0
0.7989124655723572,0.0
0.821986198425293,0.0
0.8469259142875671,0.0
0.8806525468826294,0.0
0.9326328635215759,0.0
0.9925133585929871,0.0
1.0542426109313965,0.0
1.119999647140503,0.0
1.1905872821807861,0.0
1.2662465572357178,0.0
1.3434230089187622,0.0
1.4312303066253662,0.0
1.5376272201538086,0.0
1.6047101020812988,0.0
1.7178308963775635,0.0
1.8466212749481201,0.0
1.9384510517120361,0.0
2.016765832901001,0.0
2.106580972671509,0.0
2.15710711479187,0.0
2.2205231189727783,0.0
2.1914751529693604,0.0
2.1469080448150635,0.12
2.6952877044677734,0.43
3.3499207496643066,0.7000000000000001
4.137416362762451,1.49
5.112757682800293,2.5
5.374873638153076,4.8
7.045289039611816,8.16
7.68606424331665,5.22
7.745115280151367,6.66
7.40985631942749,7.98
9.64069938659668,8.99
10.723723411560059,15.65
11.985998153686523,7.81
10.847684860229492,12.75
11.928876876831055,13.51
13.151050567626953,23.09
14.077936172485352,11.219999999999999
14.047576904296875,17.84
18.35460090637207,17.71
21.452911376953125,23.499999999999996
24.48820686340332,28.8
25.299480438232422,25.99
24.791318893432617,27.18
24.877836227416992,27.08
24.53104591369629,26.790000000000003
24.19594955444336,25.760000000000005
23.677562713623047,26.47
23.44802474975586,25.77
22.64312171936035,25.01
22.164859771728516,24.65
21.553791046142578,23.97
20.81224250793457,22.27
19.981666564941406,22.31
19.277660369873047,21.1
18.171289443969727,20.51
16.925508499145508,17.37
15.241636276245117,16.91
13.977093696594238,14.71
12.44372844696045,13.1
11.078537940979004,10.89
9.353774070739746,8.69
7.587203025817871,6.53
5.96636962890625,5.68
4.588798522949219,3.68
3.2158737182617188,1.6
2.2494845390319824,0.1
1.7540546655654907,0.0
1.680822491645813,0.0
1.617376685142517,0.0
1.580573320388794,0.0
1.52666175365448,0.0
1.4742927551269531,0.0
1.4252510070800781,0.0
1.3817437887191772,0.0
1.3518197536468506,0.0
1.3179636001586914,0.0
1.2826491594314575,0.0
1.254493236541748,0.0
1.207857608795166,0.0
1.155679702758789,0.0
1.1010149717330933,0.0
1.042252540588379,0.0
0.9897658824920654,0.0
0.9525946974754333,0.0
0.902397871017456,0.0
0.8685285449028015,0.0
0.8510309457778931,0.0
0.8434330224990845,0.0
0.8374512791633606,0.0
0.8360464572906494,0.0
0.8345227837562561,0.0
0.8405773043632507,0.0
0.8582739233970642,0.0
0.8759711384773254,0.0
0.9128735065460205,0.0
0.9514194130897522,0.0
1.000136137008667,0.0
1.0465641021728516,0.0
1.0999808311462402,0.0
1.1666160821914673,0.0
1.2418582439422607,0.0
1.3263025283813477,0.0
1.421929955482483,0.0
1.5165525674819946,0.0
1.612002968788147,0.0
1.712782382965088,0.0
1.8066012859344482,0.0
1.9032535552978516,0.0
1.9786094427108765,0.0
2.0404486656188965,0.0
2.103602886199951,0.0
2.187565803527832,0.0
2.2499773502349854,0.0
2.335022449493408,0.0
2.573129653930664,0.05
3.106830596923828,0.59
3.9064152240753174,1.09
4.693671703338623,1.59
5.428162574768066,2.95
5.9821672439575195,4.5
6.018889904022217,4.71
4.206053256988525,4.13
3.5960612297058105,3.45
2.981792688369751,3.68
5.292250156402588,4.13
7.625224590301514,5.74
9.965255737304688,8.21
14.277120590209961,19.65
18.066242218017578,15.47
18.085195541381836,20.72
18.524038314819336,12.6
16.686622619628906,17.73
15.985797882080078,23.19
11.967527389526367,14.7
7.980347633361816,11.33
10.84196662902832,11.15
15.577559471130371,11.739999999999998
17.915407180786133,17.37
21.550430297851562,21.13
22.799072265625,29.22
19.61034393310547,28.39
13.624788284301758,8.94
9.402010917663574,8.2
13.074329376220703,24.65
17.481199264526367,13.12
16.75140953063965,10.19
18.81951904296875,23.77
19.968616485595703,21.370000000000005
16.21382713317871,20.38
12.073898315429688,14.05
7.719568252563477,5.53
5.769726753234863,4.84
5.948822021484375,4.07
6.579109191894531,5.36
7.32589864730835,6.1
7.372580051422119,7.37
6.763205528259277,7.08
5.378798007965088,2.6
3.842686414718628,3.7
3.286947250366211,1.69
2.3262720108032227,0.29
1.8428993225097656,0.0
1.7109131813049316,0.0
1.6622401475906372,0.0
1.589374303817749,0.0
1.513752818107605,0.0
1.4722673892974854,0.0
1.4168099164962769,0.0
1.3672826290130615,0.0
1.3177218437194824,0.0
1.2722277641296387,0.0
1.2179542779922485,0.0
1.1622666120529175,0.0
1.1139981746673584,0.0
1.081994891166687,0.0
1.0354441404342651,0.0
0.9946969151496887,0.0
0.9435548186302185,0.0
0.9043132662773132,0.0
0.8734598159790039,0.0
0.8387455344200134,0.0
0.8134223818778992,0.0
0.7868993878364563,0.0
0.7723633646965027,0.0
0.7591913938522339,0.0
0.7514744997024536,0.0
0.7519646883010864,0.0
0.7774791717529297,0.0
0.7803398370742798,0.0
0.7998548150062561,0.0
0.8253547549247742,0.0
0.8613695502281189,0.0
0.9087623953819275,0.0
0.9607644081115723,0.0
1.0185388326644897,0.0
1.0870383977890015,0.0
1.1683522462844849,0.0
1.2551655769348145,0.0
1.3435715436935425,0.0
1.4346859455108643,0.0
1.541396141052246,0.0
1.6481399536132812,0.0
1.7443767786026,0.0
1.8367756605148315,0.0
1.933458685874939,0.0
2.034651517868042,0.0
2.1279749870300293,0.0
2.2185826301574707,0.0
2.368159055709839,0.0
2.5081684589385986,0.0
2.6316535472869873,0.0
2.527557611465454,0.36
2.742154359817505,0.65
3.2784790992736816,1.1
4.0301618576049805,1.03
4.884782314300537,1.56
5.974595546722412,2.65
6.991932392120361,6.51
7.534709930419922,6.15
6.895763397216797,5.2
6.361633777618408,4.93
6.338467121124268,5.26
6.320730209350586,5.03
5.082239151000977,5.57
5.728806972503662,7.21
7.595857620239258,9.33
10.112540245056152,10.110000000000001
11.611087799072266,10.73
14.568340301513672,13.74
18.36129379272461,23.84
20.195831298828125,19.24
18.93341827392578,17.19
18.292245864868164,15.93
18.485248565673828,22.54
18.112852096557617,18.44
14.97305965423584,12.49
9.90025806427002,12.48
6.804949760437012,9.539999999999997
6.878938674926758,11.7
8.57259750366211,6.6
8.200837135314941,5.329999999999999
10.743001937866211,6.17
13.565802574157715,23.449999999999996
16.185998916625977,22.430000000000003
13.623220443725586,8.2
11.676506996154785,7.34
12.839348793029785,16.56
13.227251052856445,12.36
10.334305763244629,12.87
8.104348182678223,6.87
4.838546276092529,4.03
3.0400898456573486,0.08
1.934915542602539,0.0
1.8567640781402588,0.0
1.7883294820785522,0.0
1.735407829284668,0.0
1.673972725868225,0.0
1.6123236417770386,0.0
1.5513315200805664,0.0
1.494376540184021,0.0
1.4346191883087158,0.0
1.3711960315704346,0.0
1.31369149684906,0.0
1.252899169921875,0.0
1.2073085308074951,0.0
1.1498011350631714,0.0
1.0867152214050293,0.0
1.0302361249923706,0.0
0.9708307385444641,0.0
0.9247811436653137,0.0
0.8858094215393066,0.0
0.8390584588050842,0.0
0.8008291125297546,0.0
0.7514132261276245,0.0
0.7113927006721497,0.0
0.6899527907371521,0.0
0.6620268821716309,0.0
0.6388961672782898,0.0
0.6316693425178528,0.0
0.6258378624916077,0.0
0.6297269463539124,0.0
0.6385734677314758,0.0
0.663501501083374,0.0
0.661483645439148,0.0
0.6945015788078308,0.0
0.734746515750885,0.0
0.797512412071228,0.0
0.8724737167358398,0.0
0.9521435499191284,0.0
1.0734505653381348,0.0
1.1556347608566284,0.0
1.2521108388900757,0.0
1.362436056137085,0.0
1.4790395498275757,0.0
1.5762219429016113,0.0
1.6941726207733154,0.0
1.7984793186187744,0.0
1.9016600847244263,0.0
2.0097694396972656,0.0
2.097317695617676,0.0
2.1828668117523193,0.0
2.2725484371185303,0.0
1.868025302886963,0.0
1.635349988937378,0.0
1.9824761152267456,0.17
2.460068702697754,0.5
2.8629374504089355,0.98
3.085222005844116,1.51
4.193402290344238,7.87
6.266391277313232,9.12
8.036145210266113,7.91
10.329988479614258,11.12
14.681611061096191,15.93
18.269630432128906,22.13
20.434865951538086,22.01
20.682300567626953,21.8
21.855243682861328,23.57
23.11639976501465,26.31
23.35531997680664,22.510000000000005
23.577552795410156,26.96
25.309885025024414,26.75
26.152950286865234,27.3
27.56197738647461,26.41
26.923118591308594,27.54
25.96969223022461,28.07
22.801544189453125,25.59
20.173999786376953,24.39
16.04929542541504,18.45
13.24547290802002,9.98
13.257396697998047,20.300000000000004
16.100126266479492,14.8
15.764083862304688,21.88
16.951204299926758,11.58
15.743638038635254,20.15
16.45116424560547,18.33
14.881767272949219,15.55
13.166534423828125,13.63
11.725066184997559,11.81
10.262782096862793,9.2
8.409942626953125,8.26
6.7881622314453125,6.53
5.045312404632568,3.74
3.488123893737793,2.17
2.5243020057678223,0.53
1.9391887187957764,0.0
1.7352672815322876,0.0
1.680577039718628,0.0
1.6243582963943481,0.0
1.575044870376587,0.0
1.5384942293167114,0.0
1.4894605875015259,0.0
1.4383049011230469,0.0
1.4010292291641235,0.0
1.353035807609558,0.0
1.2377536296844482,0.0
1.1460224390029907,0.0
1.024848461151123,0.0
0.9663827419281006,0.0
0.9239007234573364,0.0
0.8258758783340454,0.0
0.8063486218452454,0.0
0.7942203879356384,0.0
0.795602560043335,0.0
0.8010725378990173,0.0
0.82257080078125,0.0
0.8619177341461182,0.0
0.9123989343643188,0.0
0.993003785610199,0.0
1.0303524732589722,0.0
1.0823217630386353,0.0
1.1444240808486938,0.0
1.2209978103637695,0.0
1.2950875759124756,0.0
1.3804343938827515,0.0
1.5018045902252197,0.0
1.6374844312667847,0.0
1.7887661457061768,0.0
2.0349602699279785,0.0
2.218691349029541,0.0
2.535731554031372,0.0
2.730544328689575,0.06
2.9736907482147217,0.29
3.2035253047943115,0.66
3.503117084503174,0.8
3.773399591445923,1.04
4.206674098968506,1.36
4.649260520935059,1.56
4.981767654418945,1.96
5.215336322784424,2.97
5.183878421783447,2.71
4.315593242645264,3.27
4.4385986328125,2.29
4.842939853668213,2.35
5.805520057678223,2.91
6.948702812194824,3.75
8.166136741638184,5.8
9.136248588562012,11.68
9.268396377563477,7.06
7.982160568237305,6.45
8.071940422058105,6.56
8.561073303222656,7.16
8.817883491516113,7.14
8.639556884765625,6.959999999999999
8.087007522583008,7.509999999999999
7.295724391937256,5.57
6.226059436798096,5.47
5.400996685028076,2.9
4.360267162322998,2.43
3.9092535972595215,1.99
3.523486375808716,1.78
3.0715315341949463,1.5400000000000003
2.5164260864257812,0.0
1.8691266775131226,0.0
1.6589388847351074,0.0
1.4482680559158325,0.0
1.2704143524169922,0.0
0.7274503707885742,0.0
0.7347378134727478,0.0
0.7721335887908936,0.0
0.808239758014679,0.0
0.8597511053085327,0.0
0.9521992802619934,0.0
1.0315462350845337,0.0
1.115224003791809,0.0
1.1821670532226562,0.0
1.2459403276443481,0.0
1.3199375867843628,0.0
1.4084203243255615,0.0
1.5182379484176636,0.0
1.626695990562439,0.0
1.7314776182174683,0.0
1.8476403951644897,0.0
1.9665391445159912,0.0
2.0613036155700684,0.0
2.1603782176971436,0.0
2.255204200744629,0.0
2.372044324874878,0.0
2.4196059703826904,0.0
2.4553887844085693,0.0
2.5369129180908203,0.22
2.890164375305176,0.52
3.409829616546631,0.79
4.058381080627441,1.32
4.333343029022217,2.35
4.58018684387207,3.85
5.047113418579102,5.52
5.929986953735352,5.48
7.668187141418457,6.12
10.14222526550293,6.85
12.730839729309082,12.75
14.883766174316406,14.65
15.281904220581055,15.4
14.96422004699707,14.71
13.711288452148438,12.11
11.463788986206055,11.43
10.232561111450195,11.48
10.471304893493652,12.02
10.922186851501465,9.42
11.197274208068848,8.73
10.779754638671875,11.09
12.822126388549805,18.019999999999996
12.700122833251953,16.23
11.767438888549805,11.34
12.256979942321777,11.1
14.958576202392578,13.51
18.156570434570312,23.29
19.561891555786133,15.009999999999998
17.869247436523438,22.33
17.55394172668457,17.32
14.322955131530762,15.64
12.340444564819336,12.850000000000001
10.869999885559082,9.25
9.647960662841797,8.28
9.05408000946045,8.65
8.534162521362305,8.44
7.611209869384766,7.74
6.809207439422607,5.16
5.960559844970703,3.46
5.552462100982666,3.98
5.350683689117432,4.67
4.750130653381348,3.43
3.7242424488067627,2.95
2.845473289489746,0.45
2.0370962619781494,0.0
1.8616225719451904,0.0
1.8067604303359985,0.0
1.7464137077331543,0.0
1.686820149421692,0.0
1.6319787502288818,0.0
1.5787674188613892,0.0
1.5273855924606323,0.0
1.4644643068313599,0.0
1.4133179187774658,0.0
1.3592240810394287,0.0
1.3105286359786987,0.0
1.265309453010559,0.0
1.2170575857162476,0.0
1.1728016138076782,0.0
1.138930320739746,0.0
1.0950908660888672,0.0
1.0495635271072388,0.0
1.007699728012085,0.0
0.9784243702888489,0.0
0.9414727687835693,0.0
0.9108635783195496,0.0
0.8856140971183777,0.0
0.8619526028633118,0.0
0.8421868085861206,0.0
0.8346045613288879,0.0
0.8286612629890442,0.0
0.8235482573509216,0.0
0.8218926191329956,0.0
0.8331483602523804,0.0
0.8563631772994995,0.0
0.8847190141677856,0.0
0.9177749752998352,0.0
0.9618238806724548,0.0
1.006473422050476,0.0
1.06533682346344,0.0
1.1439017057418823,0.0
1.2164690494537354,0.0
1.2941453456878662,0.0
1.3851189613342285,0.0
1.4789260625839233,0.0
1.579132080078125,0.0
1.6865596771240234,0.0
1.805877923965454,0.0
1.907992959022522,0.0
2.023625135421753,0.0
2.1250741481781006,0.0
2.1935412883758545,0.0
2.274977445602417,0.0
2.3422513008117676,0.0
2.3897571563720703,0.0
2.4881949424743652,0.0
2.812525749206543,0.3
3.300171136856079,0.83
3.756798267364502,1.23
3.670055627822876,2.09
3.9400928020477295,3.59
5.039061069488525,4.84
6.47466516494751,5.09
8.50528621673584,5.97
10.778007507324219,8.69
13.09206485748291,14.83
13.584778785705566,15.15
13.443947792053223,13.940000000000001
14.007694244384766,13.72
14.39218521118164,12.77
15.108838081359863,14.44
14.63446044921875,14.98
13.49527359008789,20.35
13.214499473571777,15.34
11.994245529174805,11.77
12.616106033325195,15.48
14.887394905090332,14.11
17.021804809570312,21.36
19.050539016723633,23.66
20.47388458251953,20.32
21.92839241027832,20.4
23.100112915039062,23.11
22.764863967895508,25.3
20.614269256591797,24.21
16.655105590820312,23.17
13.582453727722168,14.01
12.903836250305176,10.05
14.898092269897461,14.86
17.431068420410156,17.59
17.11228370666504,18.090000000000003
15.05219841003418,18.41
12.19241714477539,13.46
8.791966438293457,5.54
6.03523588180542,5.72
5.149609565734863,2.25
4.02808141708374,2.85
3.6586663722991943,2.03
3.0005760192871094,1.18
2.480944871902466,0.58
2.1530611515045166,0.05
1.941512107849121,0.0
1.8665424585342407,0.0
1.8091071844100952,0.0
1.7557214498519897,0.0
1.6985043287277222,0.0
1.6418489217758179,0.0
1.588199257850647,0.0
1.5347745418548584,0.0
1.4762119054794312,0.0
1.4217904806137085,0.0
1.364916205406189,0.0
1.3096524477005005,0.0
1.260719656944275,0.0
1.2112380266189575,0.0
1.1662449836730957,0.0
1.1114885807037354,0.0
1.0619593858718872,0.0
1.02377450466156,0.0
0.9837513566017151,0.0
0.9555172920227051,0.0
0.9164009690284729,0.0
0.8986042141914368,0.0
0.8900182247161865,0.0
0.8817978501319885,0.0
0.8882450461387634,0.0
0.8954795598983765,0.0
0.9102017879486084,0.0
0.9205196499824524,0.0
0.9448659420013428,0.0
0.9794256687164307,0.0
1.0133775472640991,0.0
1.0554275512695312,0.0
1.115191102027893,0.0
1.1729369163513184,0.0
1.235326886177063,0.0
1.31436026096344,0.0
1.39998197555542,0.0
1.4799546003341675,0.0
1.5773428678512573,0.0
1.6741300821304321,0.0
1.7783182859420776,0.0
1.89157235622406,0.0
1.9994440078735352,0.0
2.1042144298553467,0.0
2.202847480773926,0.0
2.2742624282836914,0.0
2.3031022548675537,0.0
2.39359450340271,0.0
2.643505096435547,0.0
2.910754919052124,0.0
3.242058038711548,0.15
3.66230845451355,0.7700000000000001
3.9445266723632812,1.84
4.124766826629639,1.7399999999999998
3.2217514514923096,1.19
2.4168431758880615,1.56
1.8433806896209717,1.52
1.8221887350082397,1.73
4.091677188873291,3.53
7.2367987632751465,4.28
11.742517471313477,13.57
16.202314376831055,15.32
19.040864944458008,19.33
20.82592010498047,21.15
19.668109893798828,17.85
17.46413230895996,18.63
13.985136985778809,16.7
9.881841659545898,16.26
8.462240219116211,9.99
9.439242362976074,8.05
12.26690673828125,13.29
15.790067672729492,15.38
18.604551315307617,23.4
20.530696868896484,27.93
19.572166442871094,19.85
18.900712966918945,17.74
21.661151885986328,24.01
25.50650405883789,27.33
25.23110580444336,25.3
23.191381454467773,24.91
21.415035247802734,25.09
19.09609031677246,21.340000000000003
16.150333404541016,16.66
13.622649192810059,8.78
12.177213668823242,14.15
12.307044982910156,14.77
10.420961380004883,8.47
7.768202781677246,6.36
6.437530517578125,5.18
5.370269775390625,4.25
4.33899450302124,2.38
3.3846466541290283,1.6100000000000003
2.807666540145874,0.97
2.372849464416504,0.44
2.0792534351348877,0.03
1.9086962938308716,0.0
1.827839732170105,0.0
1.7638611793518066,0.0
1.7088578939437866,0.0
1.6662031412124634,0.0
1.6118942499160767,0.0
1.543908715248108,0.0
1.4917722940444946,0.0
1.4381215572357178,0.0
1.3863601684570312,0.0
1.3397713899612427,0.0
1.2975636720657349,0.0
1.2525752782821655,0.0
1.2119410037994385,0.0
1.163381814956665,0.0
1.1073713302612305,0.0
1.0652369260787964,0.0
1.0208632946014404,0.0
0.9895293116569519,0.0
0.9623828530311584,0.0
0.9278352856636047,0.0
0.9021303057670593,0.0
0.8814857602119446,0.0
0.86851966381073,0.0
0.8602834939956665,0.0
0.858945369720459,0.0
0.870439350605011,0.0
0.887031078338623,0.0
0.9061604738235474,0.0
0.9351255893707275,0.0
0.9736989736557007,0.0
1.00738525390625,0.0
1.0470341444015503,0.0
1.094652771949768,0.0
1.150306224822998,0.0
1.2053349018096924,0.0
1.2648142576217651,0.0
1.3464492559432983,0.0
1.4288380146026611,0.0
1.5216280221939087,0.0
1.6255643367767334,0.0
1.746338129043579,0.0
1.862836480140686,0.0
1.9618120193481445,0.0
2.053544282913208,0.0
2.1522629261016846,0.0
2.2263827323913574,0.0
2.303443193435669,0.0
2.3758773803710938,0.0
2.4020614624023438,0.0
2.6648638248443604,0.0
3.054910898208618,0.24
3.3748137950897217,0.82
3.92374587059021,1.19
4.587696075439453,1.83
5.286308765411377,3.56
5.565946578979492,2.8100000000000005
5.0220537185668945,3.03
5.111972808837891,5.73
5.700965881347656,5.0600000000000005
5.797307014465332,4.44
5.558272361755371,5.45
7.767877578735352,8.17
10.132587432861328,13.82
12.160239219665527,13.67
12.699265480041504,13.929999999999998
14.571203231811523,16.53
17.420408248901367,23.509999999999998
20.43638801574707,19.76
21.422319412231445,20.96
22.67258644104004,23.37
23.613311767578125,27.66
23.130449295043945,27.52
21.691364288330078,25.31
19.926651000976562,17.47
21.318208694458008,22.82
23.849428176879883,25.99
24.43900489807129,24.559999999999995
23.097883224487305,25.78
21.575572967529297,22.33
18.90298843383789,22.49
15.802651405334473,14.15
12.419632911682129,16.41
12.13634967803955,11.41
11.228829383850098,12.47
11.285502433776855,8.7
10.388225555419922,8.88
10.122084617614746,11.15
9.325461387634277,10.97
7.588512420654297,5.6000000000000005
5.1471428871154785,2.89
4.006181716918945,1.98
3.435943603515625,2.51
2.969609022140503,1.04
2.275552988052368,0.06
1.9428569078445435,0.0
1.8672763109207153,0.0
1.803978681564331,0.0
1.7527936697006226,0.0
1.7057833671569824,0.0
1.6472675800323486,0.0
1.5769826173782349,0.0
1.5121467113494873,0.0
1.463440179824829,0.0
1.4052956104278564,0.0
1.348867654800415,0.0
1.2959202527999878,0.0
1.2563111782073975,0.0
1.2345223426818848,0.0
1.1947765350341797,0.0
1.1501142978668213,0.0
1.1080433130264282,0.0
1.0767189264297485,0.0
1.045670986175537,0.0
1.0129101276397705,0.0
0.991011381149292,0.0
0.9942353367805481,0.0
0.9888741374015808,0.0
0.9839383363723755,0.0
0.9684597849845886,0.0
0.9635621905326843,0.0
0.962777853012085,0.0
0.9669445157051086,0.0
0.9762457609176636,0.0
0.9967487454414368,0.0
1.0252424478530884,0.0
1.0495457649230957,0.0
1.086754322052002,0.0
1.1315726041793823,0.0
1.1894997358322144,0.0
1.258933186531067,0.0
1.3291082382202148,0.0
1.4160445928573608,0.0
1.4898667335510254,0.0
1.575001835823059,0.0
1.662081003189087,0.0
1.7616302967071533,0.0
1.8784723281860352,0.0
2.0127310752868652,0.0
2.107556104660034,0.0
2.19539213180542,0.0
2.210681676864624,0.0
2.263082981109619,0.0
2.4440956115722656,0.0
2.543457508087158,0.0
2.7660908699035645,0.0
3.1532328128814697,0.57
3.5705454349517822,1.45
3.784426689147949,1.97
3.8705949783325195,1.67
4.061350345611572,3.42
3.9161081314086914,4.03
4.1187968254089355,4.75
6.115306854248047,6.47
9.145258903503418,9.45
12.173165321350098,11.57
15.22641658782959,13.85
17.88492774963379,20.280000000000005
19.095741271972656,20.79
17.8514404296875,16.91
14.751312255859375,16.28
14.967145919799805,17.82
14.682733535766602,17.37
14.823257446289062,15.64
14.82969856262207,16.14
15.98314094543457,16.57
17.81239891052246,25.44
18.774118423461914,17.05
18.393707275390625,22.53
20.920988082885742,21.269999999999996
21.512203216552734,24.55
22.390260696411133,24.92
22.14327049255371,24.18
21.553417205810547,23.57
20.9165096282959,22.88
20.204517364501953,22.18
19.33984375,21.310000000000002
18.616893768310547,19.98
17.613998413085938,18.29
16.703990936279297,17.03
15.44820785522461,15.75
13.707864761352539,13.9
11.496356964111328,12.13
9.124642372131348,8.22
6.385878086090088,6.22
4.4523420333862305,2.43
2.8158864974975586,0.94
2.1797919273376465,0.03
1.9017455577850342,0.0
1.8414255380630493,0.0
1.7975364923477173,0.0
1.7330845594406128,0.0
1.6679941415786743,0.0
1.5979588031768799,0.0
1.5429799556732178,0.0
1.4861204624176025,0.0
1.428903579711914,0.0
1.3760956525802612,0.0
1.3276301622390747,0.0
1.2708146572113037,0.0
1.218124508857727,0.0
1.1683300733566284,0.0
1.1223440170288086,0.0
1.0828313827514648,0.0
1.039646863937378,0.0
0.9988746047019958,0.0
0.9574235677719116,0.0
0.9227661490440369,0.0
0.8919075131416321,0.0
0.8606206178665161,0.0
0.8465883731842041,0.0
0.8432185053825378,0.0
0.8330417275428772,0.0
0.8350244164466858,0.0
0.8307974934577942,0.0
0.8381527662277222,0.0
0.8632596135139465,0.0
0.8970180153846741,0.0
0.9463983774185181,0.0
0.9795622825622559,0.0
1.0318228006362915,0.0
1.09064781665802,0.0
1.1537275314331055,0.0
1.2350943088531494,0.0
1.3166391849517822,0.0
1.4078032970428467,0.0
1.501684308052063,0.0
1.6040493249893188,0.0
1.7021986246109009,0.0
1.8001775741577148,0.0
1.907638430595398,0.0
1.9936790466308594,0.0
2.049220323562622,0.0
2.0557947158813477,0.0
1.9828296899795532,0.0
1.9331181049346924,0.0
2.0268046855926514,0.0
2.305678606033325,0.26
2.797309398651123,1.0
3.590393304824829,2.25
4.599555492401123,4.11
5.76605749130249,5.91
7.094595432281494,7.3
8.531625747680664,9.15
10.239076614379883,11.38
11.918244361877441,13.16
13.704039573669434,15.12
15.240500450134277,16.93
16.732547760009766,18.36
18.209896087646484,19.57
19.177440643310547,20.71
20.17049789428711,21.82
21.111154556274414,22.78
21.968177795410156,23.91
22.637554168701172,24.09
23.37527084350586,23.96
23.745338439941406,25.98
24.192283630371094,26.12
23.984363555908203,26.13
23.88264274597168,26.46
23.911108016967773,25.88
23.588037490844727,24.580000000000002
23.949859619140625,25.91
24.00537109375,26.27
23.486204147338867,25.85
22.730594635009766,25.15
22.106372833251953,24.6
21.441694259643555,23.72
20.6027774810791,21.9
19.972890853881836,22.39
19.286949157714844,21.54
18.215564727783203,19.89
16.927547454833984,18.2
15.889806747436523,16.53
15.038090705871582,15.64
13.941831588745117,13.929999999999998
12.326681137084961,12.38
10.407744407653809,10.05
8.164118766784668,8.4
5.994050025939941,4.8
3.932715654373169,1.87
2.7013118267059326,0.71
2.178574323654175,0.07
1.933502197265625,0.0
1.8512158393859863,0.0
1.7931934595108032,0.0
1.7264316082000732,0.0
1.6698881387710571,0.0
1.6165971755981445,0.0
1.5594485998153687,0.0
1.5038820505142212,0.0
1.4516255855560303,0.0
1.3966220617294312,0.0
1.350569486618042,0.0
1.298812985420227,0.0
1.245280146598816,0.0
1.1950092315673828,0.0
1.1404340267181396,0.0
1.0951837301254272,0.0
1.0438779592514038,0.0
0.9955756068229675,0.0
0.9568053483963013,0.0
0.9247130751609802,0.0
0.8888979554176331,0.0
0.8629460334777832,0.0
0.8219162225723267,0.0
0.8007515668869019,0.0
0.796500563621521,0.0
0.8065569400787354,0.0
0.818113386631012,0.0
0.8209371566772461,0.0
0.8486857414245605,0.0
0.8714240193367004,0.0
0.9172249436378479,0.0
0.9657909274101257,0.0
1.0003658533096313,0.0
1.0369255542755127,0.0
1.0700410604476929,0.0
1.1030055284500122,0.0
1.1675288677215576,0.0
1.2555686235427856,0.0
1.3503354787826538,0.0
1.4447609186172485,0.0
1.539860486984253,0.0
1.6485071182250977,0.0
1.769823431968689,0.0
1.8953863382339478,0.0
2.018059253692627,0.0
2.131135940551758,0.0
2.232849597930908,0.0
2.331662893295288,0.0
2.470491647720337,0.0
2.667139768600464,0.0
2.8742129802703857,0.01
3.0889511108398438,0.35000000000000003
3.4077835083007812,0.63
3.6690263748168945,1.04
3.8964555263519287,1.03
4.033426284790039,0.92
4.364223003387451,1.58
4.815124988555908,2.12
5.109298229217529,1.9500000000000002
5.340131759643555,2.47
5.618508338928223,2.8000000000000003
5.762202739715576,3.66
5.812631130218506,2.98
5.79234504699707,2.91
5.954268932342529,3.37
6.314862251281738,3.76
6.639463901519775,3.69
6.678807735443115,4.26
6.808271884918213,4.66
6.671860694885254,4.04
6.401449203491211,4.76
6.314162254333496,4.09
6.386325836181641,4.16
6.975498676300049,4.84
7.52078104019165,5.08
7.905945777893066,5.86
8.444087028503418,6.77
8.55162239074707,7.2
8.181336402893066,6.29
7.487515926361084,5.0
7.004593372344971,5.49
6.67761754989624,5.32
5.91801643371582,3.27
5.169854640960693,3.18
4.909521579742432,2.6
4.599761009216309,2.89
4.350439071655273,1.82
3.9520909786224365,1.73
3.7217490673065186,1.7399999999999998
3.4062392711639404,1.42
2.989097833633423,0.9
2.595372200012207,0.51
2.2956316471099854,0.21
2.0876710414886475,0.0
1.9595017433166504,0.0
1.8842921257019043,0.0
1.8078230619430542,0.0
1.7356802225112915,0.0
1.663517951965332,0.0
1.5860871076583862,0.0
1.5091413259506226,0.0
1.4324026107788086,0.0
1.3660739660263062,0.0
1.2961056232452393,0.0
1.2280170917510986,0.0
1.1579853296279907,0.0
1.09065842628479,0.0
1.0254613161087036,0.0
0.9737706184387207,0.0
0.9133743047714233,0.0
0.8505918383598328,0.0
0.791178822517395,0.0
0.7356763482093811,0.0
0.6832000613212585,0.0
0.6369406580924988,0.0
0.5961753129959106,0.0
0.5633878707885742,0.0
0.5336101055145264,0.0
0.50732421875,0.0
0.4868263006210327,0.0
0.47611182928085327,0.0
0.4757201671600342,0.0
0.4812867045402527,0.0
0.49862584471702576,0.0
0.523136556148529,0.0
0.5475656390190125,0.0
0.5789378881454468,0.0
0.623054563999176,0.0
0.6796852350234985,0.0
0.7412964105606079,0.0
0.8121628761291504,0.0
0.8911946415901184,0.0
0.9767805337905884,0.0
1.0703843832015991,0.0
1.1726233959197998,0.0
1.2797681093215942,0.0
1.39317786693573,0.0
1.511930227279663,0.0
1.6342543363571167,0.0
1.7588107585906982,0.0
1.8832664489746094,0.0
2.000276565551758,0.0
2.101444721221924,0.0
2.199676513671875,0.0
2.323397159576416,0.0
2.494215726852417,0.0
2.7049808502197266,0.0
2.9599153995513916,0.24
3.2448370456695557,0.55
3.4293205738067627,0.88
3.725001096725464,1.06
4.029354095458984,1.2
4.423603534698486,1.4000000000000001
4.803910255432129,1.62
5.247417449951172,2.32
5.6642279624938965,3.83
5.943162441253662,3.15
5.7102370262146,3.2099999999999995
6.056122779846191,3.23
6.697486400604248,3.96
7.363584518432617,4.23
7.878416061401367,4.68
8.102069854736328,4.9
8.101455688476562,7.68
7.811946392059326,4.49
6.368621349334717,3.65
5.619507789611816,3.11
5.431210517883301,2.63
5.443150520324707,2.95
5.689134120941162,2.87
6.051570415496826,2.87
6.60297155380249,4.17
7.264106750488281,6.5
7.3746337890625,4.73
6.958603858947754,4.64
6.861480712890625,5.19
6.873345375061035,4.790000000000001
6.606290817260742,4.82
6.330498695373535,4.16
5.872899055480957,3.76
5.4965691566467285,3.57
5.056369304656982,3.15
4.538460731506348,2.24
4.039858341217041,1.9500000000000002
3.6575722694396973,1.4700000000000002
3.260678291320801,1.06
2.9180617332458496,0.82
2.6280133724212646,0.49
2.3707115650177,0.3
2.166842460632324,0.0
2.0153379440307617,0.0
1.9392162561416626,0.0
1.861749529838562,0.0
1.7875546216964722,0.0
1.716744065284729,0.0
1.6449644565582275,0.0
1.569530963897705,0.0
1.4915117025375366,0.0
1.413622498512268,0.0
1.3410451412200928,0.0
1.2714017629623413,0.0
1.203717589378357,0.0
1.1331772804260254,0.0
1.0650975704193115,0.0
1.00083589553833,0.0
0.937463641166687,0.0
0.8802008628845215,0.0
0.8260146975517273,0.0
0.7749018669128418,0.0
0.7247391939163208,0.0
0.6808383464813232,0.0
0.6491790413856506,0.0
0.6238071322441101,0.0
0.5953191518783569,0.0
0.5728734731674194,0.0
0.5521774888038635,0.0
0.5392976403236389,0.0
0.5327086448669434,0.0
0.5341435670852661,0.0
0.545077919960022,0.0
0.564769983291626,0.0
0.5930943489074707,0.0
0.6301462054252625,0.0
0.6754487156867981,0.0
0.7317172884941101,0.0
0.7956346273422241,0.0
0.8658722639083862,0.0
0.9455571174621582,0.0
1.029773235321045,0.0
1.1210702657699585,0.0
1.2196736335754395,0.0
1.3279354572296143,0.0
1.4412704706192017,0.0
1.5584509372711182,0.0
1.6807557344436646,0.0
1.8033145666122437,0.0
1.9265457391738892,0.0
2.0519630908966064,0.0
2.1770949363708496,0.0
2.292508125305176,0.0
2.3851211071014404,0.0
2.516812801361084,0.0
2.642064094543457,0.0
2.793710708618164,0.0
2.9488632678985596,0.0
3.106689929962158,0.2
3.3798177242279053,0.58
3.5789742469787598,0.42
3.7414767742156982,0.71
3.996086835861206,0.82
4.229861736297607,1.22
4.549402236938477,1.76
4.790351867675781,1.52
5.069775581359863,2.11
5.481746673583984,2.49
5.796833515167236,2.95
6.132184982299805,3.47
6.546462535858154,3.58
7.01071310043335,4.38
7.423199653625488,4.5
7.57157564163208,4.45
7.48371696472168,4.96
7.196301460266113,5.29
6.70183801651001,4.49
6.037809371948242,3.14
5.433501243591309,2.68
5.433668613433838,2.56
5.722431659698486,2.91
5.971836566925049,3.37
6.1229071617126465,3.36
6.0584716796875,3.55
5.930261135101318,4.11
5.574785232543945,3.32
5.034743785858154,2.22
4.634895324707031,2.36
4.449939250946045,1.99
4.178533554077148,1.77
3.930647373199463,1.45
3.6769371032714844,1.37
3.432964324951172,1.2
3.139169454574585,0.8
2.8391201496124268,0.62
2.6016998291015625,0.43
2.380824327468872,0.06
2.1888623237609863,0.03
2.089216947555542,0.0
2.006620168685913,0.0
1.9323333501815796,0.0
1.8566099405288696,0.0
1.7804158926010132,0.0
1.7057958841323853,0.0
1.6281049251556396,0.0
1.5529065132141113,0.0
1.480787754058838,0.0
1.4098262786865234,0.0
1.3408724069595337,0.0
1.27239191532135,0.0
1.2034748792648315,0.0
1.1304385662078857,0.0
1.0612399578094482,0.0
0.997194766998291,0.0
0.9377462863922119,0.0
0.8832616806030273,0.0
0.8303181529045105,0.0
0.777012288570404,0.0
0.7254452705383301,0.0
0.6794406771659851,0.0
0.6398393511772156,0.0
0.6016115546226501,0.0
0.5713923573493958,0.0
0.5478458404541016,0.0
0.5295026898384094,0.0
0.5180456042289734,0.0
0.5133381485939026,0.0
0.5144451260566711,0.0
0.5255313515663147,0.0
0.5487832427024841,0.0
0.5794631838798523,0.0
0.6179980635643005,0.0
0.6630899906158447,0.0
0.716743528842926,0.0
0.7799559831619263,0.0
0.8503770232200623,0.0
0.9292136430740356,0.0
1.0134150981903076,0.0
1.1045212745666504,0.0
1.2035527229309082,0.0
1.3098132610321045,0.0
1.4279882907867432,0.0
1.5506789684295654,0.0
1.6758533716201782,0.0
1.802836537361145,0.0
1.9302282333374023,0.0
2.055917978286743,0.0
2.176612138748169,0.0
2.2984132766723633,0.0
2.4048688411712646,0.0
2.5102667808532715,0.0
2.6151721477508545,0.0
2.7437262535095215,0.0
2.9131669998168945,0.04
3.119549512863159,0.1
3.312397003173828,0.4
3.60143780708313,0.62
3.87748122215271,0.93
4.146307468414307,1.16
4.494481086730957,1.35
4.879457950592041,1.71
5.306765556335449,2.65
5.8481011390686035,2.67
6.257143020629883,3.14
6.625756740570068,3.82
6.912323474884033,4.02
7.029015064239502,4.15
6.841677665710449,4.48
6.472439289093018,3.24
5.862267971038818,2.96
5.532401084899902,3.37
5.518450736999512,2.72
5.519245147705078,2.0
5.803622245788574,2.67
6.240833759307861,3.4
6.565399646759033,3.92
6.563838481903076,4.94
6.4293341636657715,3.42
5.890910625457764,3.15
5.660345077514648,2.67
5.387760162353516,3.3
5.192416191101074,2.67
4.68959903717041,2.4
4.241209983825684,1.33
3.9511704444885254,1.53
3.922978639602661,1.41
3.7670698165893555,1.36
3.598271131515503,0.8699999999999999
3.436523675918579,1.15
3.332704782485962,1.52
3.0621607303619385,0.56
2.637143611907959,0.23
2.4650726318359375,0.39
2.3392527103424072,0.19
2.1617753505706787,0.0
2.0360755920410156,0.0
1.9561880826950073,0.0
1.878662347793579,0.0
1.8044743537902832,0.0
1.7291593551635742,0.0
1.6532394886016846,0.0
1.5775747299194336,0.0
1.501512885093689,0.0
1.4261385202407837,0.0
1.350173830986023,0.0
1.2791279554367065,0.0
1.2122657299041748,0.0
1.1434656381607056,0.0
1.0769442319869995,0.0
1.0122298002243042,0.0
0.9514491558074951,0.0
0.8873263597488403,0.0
0.831366777420044,0.0
0.7824282050132751,0.0
0.7351189851760864,0.0
0.6919580698013306,0.0
0.6510264873504639,0.0
0.6148588061332703,0.0
0.5799029469490051,0.0
0.5563530325889587,0.0
0.538886308670044,0.0
0.5286078453063965,0.0
0.5265357494354248,0.0
0.5315989851951599,0.0
0.5423398613929749,0.0
0.5613464117050171,0.0
0.5902777910232544,0.0
0.627853274345398,0.0
0.6755514740943909,0.0
0.7315024733543396,0.0
0.7983172535896301,0.0
0.8725974559783936,0.0
0.9524166584014893,0.0
1.038586139678955,0.0
1.131149172782898,0.0
1.2322202920913696,0.0
1.3390522003173828,0.0
1.453604817390442,0.0
1.5710557699203491,0.0
1.694493055343628,0.0
1.8172723054885864,0.0
1.9422932863235474,0.0
2.067481756210327,0.0
2.1866040229797363,0.0
2.300971269607544,0.0
2.4121203422546387,0.0
2.526320219039917,0.0
2.650200843811035,0.0
2.7849361896514893,0.0
2.922386646270752,0.07
3.1051089763641357,0.24
3.3707284927368164,0.4
3.7380199432373047,0.6
4.1411614418029785,0.82
4.4425458908081055,1.14
4.647421360015869,1.72
4.808164596557617,2.24
4.9144158363342285,2.04
4.8746538162231445,1.4700000000000002
4.926357746124268,1.24
5.024449825286865,1.98
5.288220405578613,2.72
5.488163948059082,2.72
5.71088171005249,2.35
5.835362911224365,2.33
5.970302104949951,2.67
6.329702854156494,4.11
6.5024309158325195,4.13
6.2214250564575195,3.4
5.807489395141602,2.04
5.756868839263916,3.47
5.893887996673584,3.83
5.602482318878174,2.6
5.392273426055908,2.38
5.430997848510742,2.72
5.3624982833862305,3.03
5.153980255126953,2.36
4.988532066345215,3.12
4.8981242179870605,2.34
4.555965423583984,1.6
4.397157192230225,1.55
4.368284225463867,2.47
4.268893718719482,2.2
3.794459819793701,1.3
3.3211770057678223,0.8699999999999999
3.0103931427001953,0.65
2.7701969146728516,0.47
2.5529158115386963,0.37
2.361025094985962,0.04
2.185145616531372,0.0
2.102140426635742,0.0
2.0227365493774414,0.0
1.9415005445480347,0.0
1.8627933263778687,0.0
1.7884267568588257,0.0
1.7162278890609741,0.0
1.6346359252929688,0.0
1.5577901601791382,0.0
1.483673334121704,0.0
1.412778377532959,0.0
1.3382748365402222,0.0
1.2662452459335327,0.0
1.192525863647461,0.0
1.1205400228500366,0.0
1.053102970123291,0.0
0.9885295629501343,0.0
0.9257602095603943,0.0
0.8645132780075073,0.0
0.8068826794624329,0.0
0.7493920922279358,0.0
0.694877564907074,0.0
0.6472800970077515,0.0
0.6062848567962646,0.0
0.571829080581665,0.0
0.5405599474906921,0.0
0.5137691497802734,0.0
0.4924754500389099,0.0
0.47701501846313477,0.0
0.46981918811798096,0.0
0.4724557101726532,0.0
0.4816190004348755,0.0
0.4975948929786682,0.0
0.5258734822273254,0.0
0.5648828148841858,0.0
0.6114428043365479,0.0
0.6667236685752869,0.0
0.7295207977294922,0.0
0.7956019639968872,0.0
0.8678083419799805,0.0
0.9512026906013489,0.0
1.0505625009536743,0.0
1.1756571531295776,0.0
1.328650951385498,0.0
1.5050331354141235,0.0
1.7364749908447266,0.0
1.9401437044143677,0.0
2.102372169494629,0.0
2.193160057067871,0.0
2.2820944786071777,0.0
2.382169723510742,0.0
2.537036895751953,0.02
2.7793946266174316,0.27
3.197450637817383,0.58
3.7317092418670654,0.99
4.295015811920166,1.55
4.774869441986084,2.36
5.32990026473999,3.0699999999999994
5.782819747924805,3.81
6.198991298675537,3.98
6.538005352020264,4.16
7.285824775695801,4.85
7.9056830406188965,6.27
8.400374412536621,6.26
8.639198303222656,6.89
8.874058723449707,7.31
8.897875785827637,7.98
8.692084312438965,6.35
8.750816345214844,7.83
9.297842979431152,7.99
9.473638534545898,8.0
9.471433639526367,8.53
9.770569801330566,9.23
10.170341491699219,10.110000000000001
10.592841148376465,9.39
10.957437515258789,9.52
11.765828132629395,10.16
12.131547927856445,12.03
12.153077125549316,11.21
11.280035972595215,9.91
10.252527236938477,8.83
9.158857345581055,8.48
8.191433906555176,6.139999999999999
7.27973747253418,6.82
6.928678035736084,4.92
6.090747833251953,4.09
6.020698547363281,4.23
6.003214359283447,4.57
5.69168758392334,3.92
5.086631774902344,3.17
4.43830680847168,2.22
3.8465216159820557,2.9
3.2662172317504883,0.86
2.502830743789673,0.38
2.2387685775756836,0.32
2.0748841762542725,0.0
1.9152069091796875,0.0
1.841386079788208,0.0
1.7694942951202393,0.0
1.6971989870071411,0.0
1.622459053993225,0.0
1.547946572303772,0.0
1.4728225469589233,0.0
1.3967347145080566,0.0
1.3235503435134888,0.0
1.2525626420974731,0.0
1.1833209991455078,0.0
1.116746425628662,0.0
1.0510079860687256,0.0
0.9867683053016663,0.0
0.9258599877357483,0.0
0.8682309985160828,0.0
0.8100192546844482,0.0
0.7544654607772827,0.0
0.7037673592567444,0.0
0.6607404947280884,0.0
0.621586263179779,0.0
0.588057816028595,0.0
0.5615294575691223,0.0
0.5410305261611938,0.0
0.5165024399757385,0.0
0.4988160729408264,0.0
0.49224257469177246,0.0
0.49856260418891907,0.0
0.5172739028930664,0.0
0.549139678478241,0.0
0.5992740988731384,0.0
0.6392727494239807,0.0
0.6915186047554016,0.0
0.7572702765464783,0.0
0.835217297077179,0.0
0.9268369674682617,0.0
1.0393093824386597,0.0
1.1915425062179565,0.0
1.3002101182937622,0.0
1.4149870872497559,0.0
1.5328782796859741,0.0
1.6541078090667725,0.0
1.7763394117355347,0.0
1.8876972198486328,0.0
1.9845283031463623,0.0
2.044268846511841,0.0
2.026073455810547,0.0
2.1281187534332275,0.0
1.8387768268585205,0.04
2.4218621253967285,0.3
3.3117876052856445,0.7000000000000001
4.451985836029053,1.71
5.977017402648926,3.58
7.254833698272705,3.81
8.061123847961426,9.580000000000002
8.564962387084961,5.96
7.149659633636475,6.5
6.800447463989258,6.76
6.896270275115967,5.54
7.023141384124756,6.45
8.483268737792969,7.05
10.52485179901123,8.11
12.825767517089844,13.83
13.952009201049805,13.24
13.538846969604492,12.26
12.98027515411377,15.74
11.295367240905762,12.99
10.639116287231445,11.51
11.868474006652832,10.95
14.366508483886719,15.1
17.21870231628418,13.95
17.556459426879883,16.2
17.337610244750977,24.619999999999997
16.098751068115234,17.05
13.20528507232666,14.12
12.347733497619629,10.23
12.67789077758789,9.18
14.040233612060547,15.31
15.041601181030273,18.060000000000002
13.683578491210938,12.75
11.098564147949219,9.59
9.54412841796875,9.4
8.297651290893555,7.27
7.183673858642578,6.18
6.674877166748047,5.22
6.134324550628662,3.95
5.5731353759765625,3.66
5.0930280685424805,3.34
4.482889175415039,4.25
3.7143006324768066,1.77
2.5645394325256348,0.11
2.0161232948303223,0.0
1.8987327814102173,0.0
1.8208577632904053,0.0
1.7437642812728882,0.0
1.6830049753189087,0.0
1.6195048093795776,0.0
1.561368703842163,0.0
1.4990919828414917,0.0
1.446616530418396,0.0
1.3850572109222412,0.0
1.322820782661438,0.0
1.2624815702438354,0.0
1.2008984088897705,0.0
1.127842664718628,0.0
1.0671961307525635,0.0
1.0114660263061523,0.0
0.9531669616699219,0.0
0.8971354365348816,0.0
0.8374128937721252,0.0
0.7869580388069153,0.0
0.7377554774284363,0.0
0.6988399028778076,0.0
0.6666103005409241,0.0
0.6438767313957214,0.0
0.6225512623786926,0.0
0.6167864203453064,0.0
0.6012473106384277,0.0
0.5898708701133728,0.0
0.5925387740135193,0.0
0.6163192391395569,0.0
0.6703499555587769,0.0
0.7568625807762146,0.0
0.849299967288971,0.0
0.9929038286209106,0.0
1.1310927867889404,0.0
1.219713807106018,0.0
1.310809850692749,0.0
1.3948911428451538,0.0
1.4957683086395264,0.0
1.6074804067611694,0.0
1.734038233757019,0.0
1.8587309122085571,0.0
1.9674447774887085,0.0
2.0672695636749268,0.0
2.1963400840759277,0.0
2.3301830291748047,0.0
2.5556399822235107,0.0
2.957981824874878,0.1
3.5026257038116455,0.54
4.018871784210205,1.16
4.535151481628418,2.32
5.073387145996094,2.54
4.785205364227295,2.84
4.936503887176514,2.73
5.190706253051758,3.1
5.719496726989746,4.07
6.39324951171875,4.49
7.2726569175720215,4.05
8.362412452697754,10.17
9.01126766204834,8.71
7.527799606323242,9.569999999999999
8.333805084228516,10.75
10.547430992126465,11.99
13.213846206665039,12.41
15.696311950683594,14.13
18.49958610534668,19.66
20.514951705932617,26.48
21.31995391845703,21.62
19.835546493530273,18.060000000000002
19.69107437133789,18.87
20.27734375,20.98
19.060762405395508,21.17
16.885530471801758,21.33
14.159603118896484,12.7
12.149057388305664,12.98
12.722576141357422,12.27
13.378864288330078,11.96
14.000662803649902,14.96
14.288290023803711,14.73
13.078043937683105,12.35
11.314054489135742,10.59
9.54151725769043,8.58
7.716900825500488,6.35
6.042325973510742,4.44
4.69043493270874,2.86
3.6509883403778076,1.75
2.914621591567993,0.69
2.4124691486358643,0.39
2.1777539253234863,0.15
2.027442455291748,0.0
1.9251205921173096,0.0
1.8637356758117676,0.0
1.8035236597061157,0.0
1.744588017463684,0.0
1.6831693649291992,0.0
1.6275111436843872,0.0
1.5665417909622192,0.0
1.499733567237854,0.0
1.4354190826416016,0.0
1.3695249557495117,0.0
1.311515212059021,0.0
1.258242130279541,0.0
1.2081334590911865,0.0
1.1584911346435547,0.0
1.102549433708191,0.0
1.066643476486206,0.0
1.0225192308425903,0.0
0.9794032573699951,0.0
0.9344649314880371,0.0
0.8604108691215515,0.0
0.8251421451568604,0.0
0.7970671057701111,0.0
0.7813473343849182,0.0
0.7667030692100525,0.0
0.7603620290756226,0.0
0.7653146982192993,0.0
0.7870959639549255,0.0
0.8151679635047913,0.0
0.8287968635559082,0.0
0.8699671626091003,0.0
0.9299563765525818,0.0
1.0168853998184204,0.0
1.0515410900115967,0.0
1.114517331123352,0.0
1.200690746307373,0.0
1.2842203378677368,0.0
1.3677711486816406,0.0
1.4694266319274902,0.0
1.559566855430603,0.0
1.6561789512634277,0.0
1.7784496545791626,0.0
1.8995566368103027,0.0
2.0160491466522217,0.0
2.1098480224609375,0.0
2.2399842739105225,0.0
2.3352251052856445,0.0
2.4523510932922363,0.0
2.5345170497894287,0.0
2.7637569904327393,0.27
3.3196029663085938,0.94
4.070590972900391,1.41
4.888597011566162,1.97
5.49873685836792,2.91
6.035797119140625,5.17
6.75540018081665,5.82
6.681809902191162,5.51
5.512757778167725,5.72
4.884908199310303,6.28
5.703895092010498,8.96
7.537812232971191,10.79
10.189967155456543,10.21
13.806781768798828,13.36
18.745742797851562,22.37
22.98468780517578,24.74
23.998483657836914,25.31
25.00656509399414,25.84
25.446964263916016,26.53
25.258441925048828,26.86
24.861116409301758,26.83
24.266233444213867,26.15
23.965024948120117,27.3
23.71544647216797,24.08
23.864221572875977,24.33
24.432058334350586,27.08
24.751747131347656,25.88
24.894287109375,25.38
24.212173461914062,25.05
22.53166961669922,23.29
19.84349250793457,19.63
16.723209381103516,19.22
13.749743461608887,15.95
10.321494102478027,6.36
7.343329906463623,5.98
6.773876190185547,5.7
6.107018947601318,4.6
5.228575229644775,2.7
4.452601909637451,2.79
3.999687671661377,2.07
3.405717611312866,1.83
2.864910364151001,0.85
2.324723720550537,0.0
1.9957927465438843,0.0
1.9343894720077515,0.0
1.8668454885482788,0.0
1.7620117664337158,0.0
1.6940292119979858,0.0
1.632486343383789,0.0
1.5311087369918823,0.0
1.4583966732025146,0.0
1.3427757024765015,0.0
1.2762128114700317,0.0
1.2221916913986206,0.0
1.1740727424621582,0.0
1.123638391494751,0.0
1.0765553712844849,0.0
1.0416383743286133,0.0
0.9599443674087524,0.0
0.9143015742301941,0.0
0.8778929710388184,0.0
0.8413774967193604,0.0
0.8150843381881714,0.0
0.7893515229225159,0.0
0.7688118815422058,0.0
0.7775515913963318,0.0
0.7808991074562073,0.0
0.7844533324241638,0.0
0.8056157827377319,0.0
0.8308948278427124,0.0
0.866260826587677,0.0
0.9045453071594238,0.0
0.952164351940155,0.0
1.0089062452316284,0.0
1.073449969291687,0.0
1.147376298904419,0.0
1.2305543422698975,0.0
1.3385865688323975,0.0
1.430504322052002,0.0
1.518539547920227,0.0
1.620120882987976,0.0
1.7423815727233887,0.0
1.8621149063110352,0.0
1.9838287830352783,0.0
2.086815357208252,0.0
2.088559627532959,0.0
2.020831823348999,0.0
1.8906707763671875,0.0
1.8046003580093384,0.0
1.8603664636611938,0.0
2.186000347137451,0.16
2.9207422733306885,1.56
4.128602981567383,3.0800000000000005
5.630090713500977,5.609999999999999
7.366450786590576,7.789999999999999
9.029898643493652,9.9
10.814767837524414,12.04
12.454495429992676,13.84
14.059356689453125,15.56
15.595528602600098,17.17
17.046890258789062,18.79
18.36992645263672,20.04
19.593900680541992,21.289999999999996
20.724578857421875,22.439999999999998
21.75852394104004,23.37
22.670907974243164,24.17
23.431711196899414,24.98
24.09065818786621,25.679999999999996
24.558286666870117,26.18
24.834123611450195,26.6
24.94236946105957,26.73
25.145965576171875,26.75
24.983531951904297,26.75
24.693552017211914,26.59
24.287567138671875,26.42
23.777040481567383,26.09
23.144582748413086,25.57
22.438030242919922,23.4
21.768449783325195,24.46
21.397720336914062,23.490000000000002
20.593448638916016,22.59
19.67254638671875,21.57
18.762840270996094,20.270000000000003
17.73076629638672,18.7
16.649795532226562,18.16
15.723955154418945,16.78
14.424530982971191,14.23
12.990084648132324,13.02
11.476476669311523,10.84
9.429779052734375,8.95
7.3745927810668945,6.9
5.445819854736328,4.14
3.767477035522461,1.96
2.6967172622680664,0.18
2.142181873321533,0.0
2.035673141479492,0.0
1.9652162790298462,0.0
1.8948856592178345,0.0
1.830913782119751,0.0
1.7805149555206299,0.0
1.7300634384155273,0.0
1.6773890256881714,0.0
1.6261210441589355,0.0
1.5739954710006714,0.0
1.5259573459625244,0.0
1.4800596237182617,0.0
1.4350829124450684,0.0
1.377554178237915,0.0
1.329935073852539,0.0
1.2858144044876099,0.0
1.2463674545288086,0.0
1.2046191692352295,0.0
1.1614261865615845,0.0
1.1217799186706543,0.0
1.0889471769332886,0.0
1.057055950164795,0.0
1.031209945678711,0.0
1.005872368812561,0.0
0.9964612126350403,0.0
0.9869685769081116,0.0
0.9799051284790039,0.0
0.9757727384567261,0.0
0.9870105385780334,0.0
1.0075209140777588,0.0
1.0289677381515503,0.0
1.0514483451843262,0.0
1.087045669555664,0.0
1.129163146018982,0.0
1.1705121994018555,0.0
1.2275376319885254,0.0
1.2911317348480225,0.0
1.3618266582489014,0.0
1.4366223812103271,0.0
1.524013876914978,0.0
1.612707495689392,0.0
1.7093327045440674,0.0
1.8112016916275024,0.0
1.909084439277649,0.0
2.0220258235931396,0.0
2.130976438522339,0.0
2.2505249977111816,0.0
2.343421459197998,0.0
2.4292068481445312,0.0
1.70784330368042,0.0
1.130374789237976,0.0
0.9474735260009766,0.0
1.9504978656768799,0.09
4.446807861328125,0.64
7.313687324523926,1.33
9.87643051147461,10.5
11.939348220825195,11.28
11.067965507507324,12.880000000000003
8.793577194213867,10.97
5.45988655090332,5.53
3.4178404808044434,5.55
5.291959285736084,8.08
8.671307563781738,8.95
12.046433448791504,10.76
16.411754608154297,18.46
20.567007064819336,24.08
23.257328033447266,27.19
23.147968292236328,22.42
21.850605010986328,23.27
22.776947021484375,25.47
22.6308536529541,26.36
22.062780380249023,26.0
21.344289779663086,19.18
21.21385955810547,24.54
23.71208953857422,26.37
23.850128173828125,25.689999999999998
23.47345733642578,25.679999999999996
23.203954696655273,25.42
22.6688232421875,24.76
21.917072296142578,23.89
21.083993911743164,22.98
20.183069229125977,21.96
19.165279388427734,20.64
18.00370216369629,19.41
16.772748947143555,17.74
15.454880714416504,16.3
14.10965347290039,14.23
12.680452346801758,12.37
10.974485397338867,10.4
9.002197265625,8.29
7.01033353805542,6.160000000000001
5.231863975524902,3.98
3.779486894607544,2.07
2.7696726322174072,0.47
2.1976866722106934,0.0
2.0222091674804688,0.0
1.953067660331726,0.0
1.8854002952575684,0.0
1.808249831199646,0.0
1.7510346174240112,0.0
1.707924246788025,0.0
1.6692075729370117,0.0
1.6200857162475586,0.0
1.5779030323028564,0.0
1.522987723350525,0.0
1.475366473197937,0.0
1.4254498481750488,0.0
1.388162612915039,0.0
1.35292649269104,0.0
1.3082964420318604,0.0
1.2698454856872559,0.0
1.235033631324768,0.0
1.2028672695159912,0.0
1.1737219095230103,0.0
1.1479840278625488,0.0
1.12604820728302,0.0
1.108316421508789,0.0
1.0951820611953735,0.0
1.0870394706726074,0.0
1.08425772190094,0.0
1.0871949195861816,0.0
1.0961683988571167,0.0
1.1114680767059326,0.0
1.1333445310592651,0.0
1.161991000175476,0.0
1.1975593566894531,0.0
1.2401318550109863,0.0
1.2897323369979858,0.0
1.3463170528411865,0.0
1.409771203994751,0.0
1.4799085855484009,0.0
1.5564664602279663,0.0
1.6391150951385498,0.0
1.7274525165557861,0.0
1.8210079669952393,0.0
1.9192482233047485,0.0
2.021580934524536,0.0
2.127364158630371,0.0
2.23590087890625,0.0
2.3464672565460205,0.0
2.450378656387329,0.0
2.51460599899292,0.0
2.581817626953125,0.0
2.0957584381103516,0.0
2.268063545227051,0.0
2.997767686843872,0.0
2.8827903270721436,0.2
2.927507162094116,1.34
3.410801887512207,2.27
4.2464823722839355,7.6
5.156224250793457,4.94
6.387117385864258,3.0699999999999994
9.4725341796875,12.27
13.567035675048828,15.5
15.675643920898438,17.44
17.334918975830078,18.91
19.017988204956055,20.29
20.23723793029785,21.54
20.974721908569336,22.73
21.74681854248047,23.59
21.87451934814453,24.21
22.157894134521484,24.1
22.63404655456543,23.11
23.11074447631836,25.27
24.36111831665039,26.32
24.170833587646484,25.09
23.579120635986328,27.25
23.551557540893555,25.14
22.460166931152344,23.22
22.1635684967041,25.760000000000005
22.703369140625,22.63
21.67554473876953,23.87
21.31515884399414,25.19
20.40432357788086,21.58
19.203004837036133,21.91
18.860004425048828,21.25
18.219961166381836,17.43
17.601909637451172,20.300000000000004
17.66506004333496,19.02
16.431991577148438,17.56
15.101509094238281,15.89
13.72774887084961,13.39
12.339258193969727,12.07
10.762941360473633,10.150000000000002
8.795310020446777,8.09
6.8377532958984375,5.93
5.087184906005859,3.8
3.6819534301757812,1.83
2.712785243988037,0.3
2.1903765201568604,0.0
2.0503509044647217,0.0
1.9826710224151611,0.0
1.9230377674102783,0.0
1.8638668060302734,0.0
1.807924747467041,0.0
1.758037805557251,0.0
1.703870415687561,0.0
1.657381534576416,0.0
1.6083334684371948,0.0
1.5582115650177002,0.0
1.5120177268981934,0.0
1.4617141485214233,0.0
1.4066908359527588,0.0
1.3551580905914307,0.0
1.3082964420318604,0.0
1.2649224996566772,0.0
1.2217094898223877,0.0
1.1759178638458252,0.0
1.1409571170806885,0.0
1.110520362854004,0.0
1.078981637954712,0.0
1.051323413848877,0.0
1.0342611074447632,0.0
1.0100713968276978,0.0
0.9914067387580872,0.0
0.9811620116233826,0.0
0.9783471822738647,0.0
0.9878907203674316,0.0
1.0059800148010254,0.0
1.0189919471740723,0.0
1.04426908493042,0.0
1.0821973085403442,0.0
1.134781002998352,0.0
1.1784532070159912,0.0
1.2360641956329346,0.0
1.3076016902923584,0.0
1.3746393918991089,0.0
1.4529834985733032,0.0
1.5375841856002808,0.0
1.6238532066345215,0.0
1.7257444858551025,0.0
1.8236126899719238,0.0
1.9268159866333008,0.0
2.0288448333740234,0.0
2.130584239959717,0.0
2.2205562591552734,0.0
2.293797254562378,0.0
2.351024627685547,0.0
2.429481029510498,0.0
2.449741840362549,0.0
2.6016554832458496,0.0
2.8065853118896484,0.11
3.110663652420044,0.59
3.384174108505249,1.22
2.5684804916381836,1.65
2.331796169281006,3.17
3.837221384048462,3.42
5.73390531539917,4.73
7.206594467163086,6.21
9.475984573364258,8.82
12.185751914978027,18.28
14.395791053771973,18.97
14.660351753234863,13.95
15.692977905273438,16.29
19.425785064697266,22.91
21.885889053344727,23.449999999999996
22.45865821838379,23.69
22.945409774780273,24.8
23.624778747558594,25.649999999999995
23.99178695678711,26.06
24.49289894104004,25.03
25.111299514770508,25.47
24.663957595825195,26.05
24.84189224243164,26.99
23.47803497314453,25.07
21.806594848632812,24.589999999999996
21.10614013671875,21.95
20.37884521484375,17.4
19.481868743896484,22.35
19.17296600341797,16.38
16.845596313476562,20.09
15.484179496765137,16.6
12.52569580078125,11.31
9.814608573913574,8.21
7.80579137802124,8.14
7.0294623374938965,6.94
6.655999660491943,6.440000000000001
6.799815654754639,4.76
7.026310443878174,4.2
7.428238868713379,5.2
7.620988845825195,8.69
7.092843055725098,6.36
5.186828136444092,3.75
3.6589956283569336,1.84
2.6874446868896484,0.34
2.1569247245788574,0.0
1.9972219467163086,0.0
1.9366542100906372,0.0
1.872035264968872,0.0
1.808761715888977,0.0
1.7463350296020508,0.0
1.6939761638641357,0.0
1.6380646228790283,0.0
1.585762619972229,0.0
1.531052827835083,0.0
1.4812891483306885,0.0
1.4239827394485474,0.0
1.3741811513900757,0.0
1.3215093612670898,0.0
1.2810777425765991,0.0
1.2223261594772339,0.0
1.1747350692749023,0.0
1.1408809423446655,0.0
1.1033505201339722,0.0
1.0610846281051636,0.0
1.0344740152359009,0.0
1.0128815174102783,0.0
0.9935303330421448,0.0
0.9675227403640747,0.0
0.9488042593002319,0.0
0.9401723742485046,0.0
0.9397754073143005,0.0
0.9461455941200256,0.0
0.9667207598686218,0.0
0.9799984097480774,0.0
0.9941858649253845,0.0
1.0305787324905396,0.0
1.061142086982727,0.0
1.1090514659881592,0.0
1.1532292366027832,0.0
1.2079232931137085,0.0
1.2789576053619385,0.0
1.3693349361419678,0.0
1.4562371969223022,0.0
1.537258505821228,0.0
1.6214722394943237,0.0
1.7224721908569336,0.0
1.8262709379196167,0.0
1.9352093935012817,0.0
2.0445802211761475,0.0
2.153393507003784,0.0
2.245094060897827,0.0
2.2837588787078857,0.0
2.3691792488098145,0.0
2.465761661529541,0.0
2.274406671524048,0.0
2.2336008548736572,0.0
2.787001132965088,0.12
3.4836905002593994,0.93
4.337276935577393,0.97
5.0448899269104,1.46
5.762411594390869,5.02
5.9467291831970215,6.0
4.321579456329346,3.77
2.930833578109741,4.28
3.236212968826294,4.530000000000001
5.196264743804932,5.85
8.2117338180542,7.64
11.812472343444824,11.57
15.26842212677002,19.169999999999998
17.64508628845215,20.93
18.121416091918945,21.84
18.607471466064453,19.41
19.208114624023438,20.43
21.13925552368164,22.31
22.932456970214844,25.27
24.13751220703125,26.42
24.350427627563477,26.05
24.119548797607422,26.36
23.95136260986328,25.4
23.566823959350586,25.98
23.565990447998047,26.29
23.153112411499023,25.04
22.793643951416016,24.93
22.62742042541504,24.25
22.19732093811035,24.53
21.632827758789062,23.73
21.13392448425293,22.67
20.730024337768555,22.13
20.181333541870117,19.81
18.712491989135742,18.47
16.577800750732422,17.88
14.194375991821289,16.5
11.650697708129883,11.72
8.831780433654785,7.64
6.817152500152588,3.7
5.665287494659424,3.45
5.3305439949035645,5.25
4.750422477722168,3.89
3.470594644546509,1.31
2.4308676719665527,0.25
2.0462048053741455,0.0
1.9253230094909668,0.0
1.8561651706695557,0.0
1.8009257316589355,0.0
1.756434440612793,0.0
1.7019450664520264,0.0
1.6521393060684204,0.0
1.6060688495635986,0.0
1.5583940744400024,0.0
1.5085376501083374,0.0
1.458148717880249,0.0
1.4095102548599243,0.0
1.3671633005142212,0.0
1.3233193159103394,0.0
1.281826376914978,0.0
1.237269639968872,0.0
1.1894111633300781,0.0
1.149624228477478,0.0
1.1084460020065308,0.0
1.0707067251205444,0.0
1.037629246711731,0.0
1.0099669694900513,0.0
0.9853445887565613,0.0
0.9666059017181396,0.0
0.9508609175682068,0.0
0.9408314228057861,0.0
0.9416519403457642,0.0
0.9443861246109009,0.0
0.9535935521125793,0.0
0.9677683115005493,0.0
0.9882420301437378,0.0
1.02012038230896,0.0
1.0500247478485107,0.0
1.089280605316162,0.0
1.1351823806762695,0.0
1.1890558004379272,0.0
1.248172402381897,0.0
1.30840265750885,0.0
1.3795832395553589,0.0
1.4347621202468872,0.0
1.5118309259414673,0.0
1.5874704122543335,0.0
1.6609413623809814,0.0
1.7407277822494507,0.0
1.8398289680480957,0.0
1.95577871799469,0.0
2.06990122795105,0.0
2.1695902347564697,0.0
2.2467422485351562,0.0
2.343444585800171,0.0
2.4348971843719482,0.0
2.53444242477417,0.0
2.66109037399292,0.03
2.7820310592651367,0.37
3.118406295776367,0.88
3.875333309173584,1.15
4.468512058258057,1.73
5.063584804534912,2.58
5.690000057220459,3.7
6.4931840896606445,5.65
6.851326942443848,6.3
6.942124366760254,4.4
6.799474716186523,6.64
8.340377807617188,8.37
9.258720397949219,9.17
10.232150077819824,8.66
11.64872932434082,11.56
12.701959609985352,12.24
13.245327949523926,15.73
13.686195373535156,11.62
13.769930839538574,14.16
14.678509712219238,13.55
14.779768943786621,12.2
14.513921737670898,15.75
14.268860816955566,14.36
12.262706756591797,12.57
10.236420631408691,8.78
9.552762985229492,9.86
9.788056373596191,8.07
10.032303810119629,9.44
10.631680488586426,8.83
10.550737380981445,10.35
10.531200408935547,11.86
10.231242179870605,7.0
9.134521484375,8.58
8.847274780273438,6.56
7.773449420928955,6.3
6.835745811462402,6.65
5.718395709991455,4.88
4.406284332275391,1.3
3.4635729789733887,1.12
3.387991189956665,1.28
3.284747362136841,1.14
3.0840721130371094,1.53
2.8519556522369385,1.23
2.4078714847564697,0.07
2.0408496856689453,0.0
1.964957594871521,0.0
1.9012675285339355,0.0
1.8307002782821655,0.0
1.7703273296356201,0.0
1.713252067565918,0.0
1.6448701620101929,0.0
1.5925122499465942,0.0
1.529748558998108,0.0
1.470813274383545,0.0
1.4281251430511475,0.0
1.3880043029785156,0.0
1.336413025856018,0.0
1.2844414710998535,0.0
1.2277450561523438,0.0
1.1887437105178833,0.0
1.1483304500579834,0.0
1.1067695617675781,0.0
1.0694365501403809,0.0
1.0315266847610474,0.0
0.9992761015892029,0.0
0.9660914540290833,0.0
0.9388781785964966,0.0
0.9236342906951904,0.0
0.9055550694465637,0.0
0.8955660462379456,0.0
0.8921754956245422,0.0
0.885808527469635,0.0
0.8973195552825928,0.0
0.9158797860145569,0.0
0.9460219144821167,0.0
0.9771462082862854,0.0
1.010543704032898,0.0
1.0563446283340454,0.0
1.1146794557571411,0.0
1.1841351985931396,0.0
1.236095905303955,0.0
1.3104296922683716,0.0
1.3982815742492676,0.0
1.4816789627075195,0.0
1.570051908493042,0.0
1.6679258346557617,0.0
1.7908082008361816,0.0
1.8909798860549927,0.0
1.9973865747451782,0.0
2.1051368713378906,0.0
2.2136106491088867,0.0
2.2887096405029297,0.0
2.3231406211853027,0.0
2.302121877670288,0.0
2.3399059772491455,0.0
2.564621925354004,0.0
2.9915387630462646,0.04
3.5837388038635254,0.68
4.315995693206787,1.41
5.040014743804932,2.88
5.690415859222412,3.72
5.835318088531494,3.7
5.91367769241333,3.76
5.92418909072876,4.23
6.148994445800781,4.69
6.851705551147461,4.88
7.758385181427002,5.22
7.982664585113525,7.32
8.599593162536621,7.77
8.102273941040039,9.72
7.57305383682251,10.06
7.881901741027832,8.49
9.228082656860352,8.19
12.143401145935059,14.42
16.540952682495117,13.24
18.48722267150879,17.54
20.099506378173828,20.47
19.28032684326172,18.049999999999997
16.247161865234375,17.76
13.68666934967041,15.28
10.737353324890137,7.21
8.192584991455078,6.81
7.855098724365234,3.68
7.39875602722168,5.070000000000001
7.608779430389404,8.5
6.9981794357299805,4.779999999999999
5.422851085662842,3.13
4.7469282150268555,3.01
4.596911430358887,1.86
4.459433555603027,2.62
4.4955925941467285,2.05
4.34594202041626,2.63
4.203048229217529,2.11
3.763143301010132,2.12
3.354572296142578,1.12
2.8379008769989014,0.73
2.5497655868530273,0.76
2.3162875175476074,0.0
2.0675241947174072,0.0
2.013253927230835,0.0
1.9582873582839966,0.0
1.8963855504989624,0.0
1.836038589477539,0.0
1.7702564001083374,0.0
1.7163031101226807,0.0
1.6750701665878296,0.0
1.6219815015792847,0.0
1.571287751197815,0.0
1.5260214805603027,0.0
1.478508710861206,0.0
1.432708740234375,0.0
1.3849354982376099,0.0
1.3314838409423828,0.0
1.2827050685882568,0.0
1.2396059036254883,0.0
1.1960119009017944,0.0
1.1546648740768433,0.0
1.127143383026123,0.0
1.100725531578064,0.0
1.0711925029754639,0.0
1.0459532737731934,0.0
1.0285470485687256,0.0
1.0141098499298096,0.0
1.0058677196502686,0.0
1.0068421363830566,0.0
1.0029765367507935,0.0
1.0059703588485718,0.0
1.0236766338348389,0.0
1.045419454574585,0.0
1.0769091844558716,0.0
1.1263482570648193,0.0
1.1848540306091309,0.0
1.275981068611145,0.0
1.3438395261764526,0.0
1.4190319776535034,0.0
1.4937338829040527,0.0
1.5710831880569458,0.0
1.6603988409042358,0.0
1.7629622220993042,0.0
1.8643982410430908,0.0
1.9770256280899048,0.0
2.081055164337158,0.0
2.1904733180999756,0.0
2.2536532878875732,0.0
2.320852279663086,0.0
2.482785701751709,0.0
2.5417978763580322,0.0
2.542290210723877,0.0
2.5967085361480713,0.0
2.9507243633270264,0.59
3.1895182132720947,0.98
3.574544668197632,0.38
4.4759440422058105,1.8
5.757114887237549,3.4
6.545905590057373,4.779999999999999
5.608630180358887,4.14
4.5435943603515625,7.04
5.1208391189575195,7.33
6.189831256866455,5.64
8.648407936096191,5.57
11.843029975891113,8.19
16.145177841186523,19.28
19.425094604492188,20.96
18.49327278137207,16.59
15.8133544921875,16.06
14.582535743713379,13.99
11.704388618469238,16.56
9.264260292053223,12.49
9.080484390258789,9.52
9.205581665039062,10.45
13.3233003616333,15.95
18.121196746826172,14.56
20.60226058959961,23.04
21.13958168029785,24.690000000000005
17.968454360961914,16.26
16.04433250427246,27.2
15.907902717590332,15.76
13.394397735595703,11.21
14.093277931213379,12.7
16.609956741333008,20.7
19.362472534179688,22.57
18.983287811279297,16.6
17.113046646118164,17.46
15.913124084472656,13.27
13.684066772460938,17.24
11.838356018066406,14.37
8.210432052612305,3.24
4.719663143157959,2.72
4.156957626342773,2.57
3.590269088745117,1.53
2.941695213317871,0.91
2.504502058029175,0.21
2.219433069229126,0.0
2.1109800338745117,0.0
2.05283260345459,0.0
1.9850846529006958,0.0
1.9350264072418213,0.0
1.8873406648635864,0.0
1.8405482769012451,0.0
1.7863901853561401,0.0
1.736556887626648,0.0
1.6829701662063599,0.0
1.6260201930999756,0.0
1.5829482078552246,0.0
1.5381786823272705,0.0
1.4827210903167725,0.0
1.4376558065414429,0.0
1.3896431922912598,0.0
1.3373733758926392,0.0
1.2932487726211548,0.0
1.2477316856384277,0.0
1.1998845338821411,0.0
1.1624106168746948,0.0
1.1352907419204712,0.0
1.1007847785949707,0.0
1.0809451341629028,0.0
1.0634374618530273,0.0
1.0515607595443726,0.0
1.047166347503662,0.0
1.0459320545196533,0.0
1.0501995086669922,0.0
1.055049180984497,0.0
1.0563935041427612,0.0
1.0667259693145752,0.0
1.1001125574111938,0.0
1.1383447647094727,0.0
1.186467170715332,0.0
1.2443630695343018,0.0
1.329940915107727,0.0
1.3895412683486938,0.0
1.4607830047607422,0.0
1.5617265701293945,0.0
1.6503663063049316,0.0
1.7254939079284668,0.0
1.8129476308822632,0.0
1.9140541553497314,0.0
2.0223357677459717,0.0
2.123408079147339,0.0
2.241842269897461,0.0
2.38039493560791,0.0
2.499999761581421,0.0
2.629917621612549,0.0
2.7295193672180176,0.0
2.827275514602661,0.0
2.920016050338745,0.0
3.0306246280670166,0.0
3.2006802558898926,0.1
3.458021402359009,0.1
3.6629185676574707,0.44
3.968033790588379,0.64
4.290164947509766,1.09
4.593461990356445,1.39
4.740882873535156,1.45
4.661377906799316,1.32
4.873117446899414,2.15
5.179651737213135,2.02
5.273754596710205,1.8
5.560027599334717,1.94
6.165243625640869,2.83
6.6901679039001465,4.97
6.969089984893799,3.53
6.738137245178223,3.52
6.954761981964111,4.58
7.012911796569824,4.57
6.83494758605957,3.47
6.725033760070801,4.24
6.966165065765381,3.97
6.714456081390381,4.17
6.546212196350098,3.62
6.290733337402344,4.28
6.274820327758789,3.64
5.954529762268066,3.23
5.881563186645508,2.15
5.904172420501709,3.73
5.962123394012451,3.23
5.453242301940918,3.33
5.034720420837402,1.98
4.449502944946289,2.32
4.089204788208008,1.12
3.591322183609009,0.69
3.389082670211792,0.93
3.2301344871520996,0.88
2.958341598510742,0.07
2.6908822059631348,0.18
2.60880708694458,0.21
2.4816718101501465,0.09
2.339571237564087,0.0
2.2321724891662598,0.0
2.150327682495117,0.0
2.069373607635498,0.0
1.995610237121582,0.0
1.924081563949585,0.0
1.8484336137771606,0.0
1.7688223123550415,0.0
1.6876096725463867,0.0
1.6124582290649414,0.0
1.539694905281067,0.0
1.4685792922973633,0.0
1.397627353668213,0.0
1.3279343843460083,0.0
1.2583949565887451,0.0
1.1878937482833862,0.0
1.119202971458435,0.0
1.0567147731781006,0.0
0.9982039928436279,0.0
0.9396591782569885,0.0
0.8899620175361633,0.0
0.8410247564315796,0.0
0.7936950325965881,0.0
0.7486985921859741,0.0
0.7135002017021179,0.0
0.6891705393791199,0.0
0.6670480966567993,0.0
0.6530396938323975,0.0
0.641028642654419,0.0
0.6314711570739746,0.0
0.6277276277542114,0.0
0.6336061954498291,0.0
0.6532906889915466,0.0
0.6825463771820068,0.0
0.7231580018997192,0.0
0.7718045711517334,0.0
0.8273344039916992,0.0
0.8924857974052429,0.0
0.9641174077987671,0.0
1.0421266555786133,0.0
1.1264935731887817,0.0
1.2212659120559692,0.0
1.3254481554031372,0.0
1.4328911304473877,0.0
1.545001745223999,0.0
1.664808988571167,0.0
1.784467101097107,0.0
1.907740592956543,0.0
2.0382041931152344,0.0
2.1735973358154297,0.0
2.3022594451904297,0.0
2.4003403186798096,0.0
2.494999408721924,0.0
2.605020523071289,0.0
2.7544796466827393,0.0
2.931879758834839,0.0
3.17645001411438,0.03
3.4494788646698,0.44
3.748929977416992,0.68
3.897810459136963,0.93
4.119722366333008,0.95
4.324195384979248,1.26
4.450904846191406,1.16
4.6622138023376465,1.4700000000000002
4.964744567871094,1.64
5.083727836608887,2.7
5.696916580200195,2.31
6.008775234222412,2.41
6.673270225524902,3.9000000000000004
7.261272430419922,3.66
7.443833827972412,4.34
7.494415760040283,6.23
7.191198348999023,3.1
6.4195427894592285,4.27
6.263161659240723,2.87
6.011302471160889,2.92
6.071846961975098,2.56
6.019923686981201,3.4
6.02316951751709,2.74
5.724974155426025,2.9
5.685458183288574,3.76
5.519434452056885,2.37
5.127353668212891,2.21
5.161438465118408,2.55
5.24547004699707,2.6
5.288151264190674,2.85
5.253515243530273,2.48
5.090286731719971,2.4
4.919496536254883,2.62
4.613028049468994,2.16
4.117397308349609,1.73
3.6384193897247314,1.13
3.202120780944824,0.62
2.8740508556365967,0.44
2.6585888862609863,0.09
2.471883773803711,0.03
2.3748738765716553,0.0
2.2923898696899414,0.0
2.2134623527526855,0.0
2.130103826522827,0.0
2.0466785430908203,0.0
1.9647711515426636,0.0
1.8845305442810059,0.0
1.806589961051941,0.0
1.7308429479599,0.0
1.6563550233840942,0.0
1.583765983581543,0.0
1.5123569965362549,0.0
1.4418039321899414,0.0
1.3720207214355469,0.0
1.304898738861084,0.0
1.2383017539978027,0.0
1.1733982563018799,0.0
1.1113977432250977,0.0
1.050653338432312,0.0
0.990556538105011,0.0
0.933628261089325,0.0
0.882778525352478,0.0
0.8355546593666077,0.0
0.7951023578643799,0.0
0.7613417506217957,0.0
0.7320798635482788,0.0
0.7065951228141785,0.0
0.6875507235527039,0.0
0.675135612487793,0.0
0.6703209280967712,0.0
0.6742720603942871,0.0
0.6874027848243713,0.0
0.7078638672828674,0.0
0.7355032563209534,0.0
0.773219883441925,0.0
0.8192220330238342,0.0
0.8738870620727539,0.0
0.935947060585022,0.0
1.0069348812103271,0.0
1.0866116285324097,0.0
1.1740810871124268,0.0
1.2690764665603638,0.0
1.3724322319030762,0.0
1.4811887741088867,0.0
1.5948708057403564,0.0
1.7137792110443115,0.0
1.8355772495269775,0.0
1.9621819257736206,0.0
2.0902230739593506,0.0
2.215379238128662,0.0
2.337200403213501,0.0
2.4378914833068848,0.0
2.5547916889190674,0.0
2.687349319458008,0.0
2.8358142375946045,0.0
2.993391275405884,0.01
3.2094061374664307,0.15
3.497718095779419,0.59
3.735980272293091,0.67
3.932774066925049,0.8
4.2627787590026855,1.18
4.680586338043213,1.53
5.148273468017578,1.89
5.709668159484863,2.25
6.166422367095947,3.09
6.446317672729492,3.65
6.532076358795166,3.71
6.365987777709961,3.81
5.958589553833008,3.55
5.552987098693848,2.8000000000000003
5.443624496459961,3.25
5.748418807983398,3.7
6.435016632080078,4.15
7.518101215362549,5.36
8.692829132080078,7.24
9.733410835266113,8.73
9.92312240600586,9.52
8.955744743347168,10.64
8.22317886352539,9.9
7.428526401519775,9.529999999999998
8.20008659362793,10.22
10.265660285949707,9.64
13.052226066589355,13.03
16.533010482788086,19.52
19.121185302734375,20.0
19.411739349365234,21.61
19.083555221557617,20.39
17.9063720703125,18.95
16.63410186767578,17.41
15.304244041442871,15.76
13.905529022216797,13.71
12.25450325012207,11.68
10.309466361999512,9.37
8.225057601928711,7.23
6.322662353515625,4.96
4.673099994659424,2.85
3.434419870376587,1.12
2.658313512802124,0.06
2.3049769401550293,0.0
2.2111282348632812,0.0
2.1336305141448975,0.0
2.056892156600952,0.0
1.9818034172058105,0.0
1.909529209136963,0.0
1.8369053602218628,0.0
1.7616422176361084,0.0
1.687864899635315,0.0
1.6152647733688354,0.0
1.5450793504714966,0.0
1.4753135442733765,0.0
1.408646583557129,0.0
1.3395001888275146,0.0
1.2711859941482544,0.0
1.2057931423187256,0.0
1.1394729614257812,0.0
1.079307198524475,0.0
1.0248275995254517,0.0
0.9801662564277649,0.0
0.9381402134895325,0.0
0.8979434967041016,0.0
0.8634167313575745,0.0
0.8318588733673096,0.0
0.8063480257987976,0.0
0.7846388816833496,0.0
0.7730796337127686,0.0
0.7772061824798584,0.0
0.7806947231292725,0.0
0.7888630032539368,0.0
0.8130918145179749,0.0
0.851591169834137,0.0
0.8876296281814575,0.0
0.9230048060417175,0.0
0.9691888689994812,0.0
1.0229994058609009,0.0
1.085031270980835,0.0
1.1624484062194824,0.0
1.2551360130310059,0.0
1.3517732620239258,0.0
1.4458298683166504,0.0
1.5531642436981201,0.0
1.6687480211257935,0.0
1.7883398532867432,0.0
1.9126309156417847,0.0
2.0308120250701904,0.0
2.138152837753296,0.0
2.1706974506378174,0.0
2.128636121749878,0.0
2.0802760124206543,0.0
2.1411213874816895,0.0
2.489344835281372,0.0
2.9769906997680664,0.17
3.647970676422119,1.39
4.434203624725342,3.02
5.101687908172607,4.790000000000001
5.923401355743408,5.08
6.635895252227783,5.25
7.997386455535889,6.88
9.112388610839844,8.6
9.776676177978516,10.76
10.236985206604004,12.51
10.53765869140625,12.15
10.855587005615234,12.92
12.200119972229004,12.62
14.351792335510254,16.05
17.25107765197754,19.21
19.704809188842773,21.2
21.42775535583496,21.71
23.032310485839844,24.640000000000004
24.555622100830078,25.89
25.292064666748047,26.92
25.5998477935791,27.08
25.57164192199707,27.2
25.38370704650879,27.19
25.0692138671875,26.89
24.723909378051758,26.810000000000002
24.328643798828125,26.33
23.79771614074707,25.85
23.240293502807617,25.21
22.593524932861328,24.6
21.874948501586914,23.84
21.03792953491211,22.91
20.09417152404785,21.8
19.008583068847656,20.51
17.84946632385254,19.139999999999997
16.67706298828125,17.56
15.355600357055664,15.89
14.01759147644043,13.98
12.57658863067627,12.07
10.737018585205078,10.08
8.676466941833496,7.87
6.6900835037231445,5.39
4.954426288604736,3.68
3.6677193641662598,1.71
2.705700159072876,0.13
2.205183506011963,0.0
2.104081392288208,0.0
2.048384189605713,0.0
1.992799997329712,0.0
1.9387588500976562,0.0
1.8729848861694336,0.0
1.8174197673797607,0.0
1.7557270526885986,0.0
1.6988112926483154,0.0
1.6573361158370972,0.0
1.6081054210662842,0.0
1.5691359043121338,0.0
1.5313301086425781,0.0
1.4877276420593262,0.0
1.4511382579803467,0.0
1.4063959121704102,0.0
1.3626285791397095,0.0
1.3135820627212524,0.0
1.2649637460708618,0.0
1.2308791875839233,0.0
1.1928972005844116,0.0
1.1519430875778198,0.0
1.1175323724746704,0.0
1.0870052576065063,0.0
1.0642168521881104,0.0
1.0598351955413818,0.0
1.0527490377426147,0.0
1.049086093902588,0.0
1.010911226272583,0.0
0.9816175103187561,0.0
0.9973121285438538,0.0
1.034684181213379,0.0
1.065483570098877,0.0
1.1094821691513062,0.0
1.2002248764038086,0.0
1.301955223083496,0.0
1.3620197772979736,0.0
1.4425625801086426,0.0
1.5254595279693604,0.0
1.5930026769638062,0.0
1.687851071357727,0.0
1.7766916751861572,0.0
1.8620705604553223,0.0
1.9564958810806274,0.0
2.0627360343933105,0.0
2.1719167232513428,0.0
2.281320571899414,0.0
2.2885069847106934,0.0
2.1698520183563232,0.0
2.0048112869262695,0.0
1.8274039030075073,0.0
1.794439673423767,0.0
2.0421643257141113,0.15
2.769432783126831,1.36
4.65882682800293,3.36
6.728540897369385,5.51
8.230870246887207,7.92
9.162712097167969,10.16
9.756956100463867,12.3
10.281752586364746,13.959999999999999
10.924125671386719,11.97
12.15341567993164,12.56
14.718932151794434,16.57
17.73900032043457,19.58
19.96584701538086,22.11
21.62217140197754,23.24
22.70659065246582,24.07
23.577640533447266,24.95
24.347225189208984,25.82
24.841995239257812,26.36
25.133838653564453,26.92
25.253183364868164,27.36
25.376420974731445,26.51
25.216838836669922,26.870000000000005
25.314241409301758,26.850000000000005
25.372543334960938,27.93
25.384767532348633,27.52
24.841873168945312,27.5
24.19710922241211,25.37
23.39898681640625,25.85
23.10138702392578,25.39
22.39993667602539,24.42
21.630090713500977,23.27
20.820966720581055,22.14
19.706947326660156,21.0
18.336750030517578,19.82
16.803335189819336,18.23
15.116386413574219,15.65
13.483316421508789,13.08
11.960293769836426,10.48
10.263473510742188,10.0
8.612153053283691,7.96
6.583706855773926,5.620000000000001
4.759161472320557,3.46
3.3600354194641113,1.16
2.427218437194824,0.02
2.0621819496154785,0.0
1.9983099699020386,0.0
1.9411790370941162,0.0
1.8809765577316284,0.0
1.840541958808899,0.0
1.7891854047775269,0.0
1.738044023513794,0.0
1.6837742328643799,0.0
1.6392394304275513,0.0
1.5854334831237793,0.0
1.5425418615341187,0.0
1.5033129453659058,0.0
1.4603248834609985,0.0
1.428270936012268,0.0
1.3847514390945435,0.0
1.3287158012390137,0.0
1.280659556388855,0.0
1.2511940002441406,0.0
1.2200291156768799,0.0
1.1829534769058228,0.0
1.1484897136688232,0.0
1.1159863471984863,0.0
1.086653232574463,0.0
1.0652836561203003,0.0
1.051042079925537,0.0
1.0418514013290405,0.0
1.0395036935806274,0.0
1.036568522453308,0.0
1.0458110570907593,0.0
1.068917989730835,0.0
1.0954039096832275,0.0
1.119354486465454,0.0
1.150620460510254,0.0
1.1951005458831787,0.0
1.2508853673934937,0.0
1.3045034408569336,0.0
1.3503215312957764,0.0
1.4212661981582642,0.0
1.4961131811141968,0.0
1.5644283294677734,0.0
1.64694082736969,0.0
1.7457053661346436,0.0
1.8513774871826172,0.0
1.955405592918396,0.0
2.055476188659668,0.0
2.1599905490875244,0.0
2.2563462257385254,0.0
2.305326461791992,0.0
2.213592052459717,0.0
2.04628586769104,0.0
1.8500065803527832,0.0
1.9314830303192139,0.0
2.2772037982940674,0.08
3.2382285594940186,0.82
3.9437084197998047,2.8000000000000003
4.791399955749512,4.97
5.728805065155029,7.21
6.781625270843506,8.28
8.236559867858887,9.539999999999997
10.32771110534668,10.39
13.200610160827637,15.44
15.985669136047363,17.9
17.674118041992188,19.31
18.9913387298584,20.54
20.201496124267578,21.92
21.296642303466797,22.97
22.27127456665039,23.61
23.16327476501465,24.640000000000004
24.011016845703125,25.5
24.666208267211914,26.09
25.096073150634766,26.63
25.460908889770508,27.08
25.62152671813965,27.3
25.61745834350586,27.27
25.485567092895508,27.55
25.216564178466797,27.34
24.988370895385742,27.07
24.598941802978516,26.39
24.19459342956543,26.37
23.77794075012207,25.74
23.121335983276367,25.29
22.330364227294922,24.32
21.327423095703125,23.22
20.705015182495117,22.18
19.90414047241211,20.84
18.839540481567383,19.42
17.514144897460938,17.94
15.812540054321289,16.35
13.857333183288574,14.7
11.55836009979248,10.26
8.75271224975586,8.08
6.680027961730957,5.74
4.866207122802734,3.5
3.53145694732666,2.13
2.6568844318389893,0.12
2.051154136657715,0.0
1.950129747390747,0.0
1.8818589448928833,0.0
1.8182936906814575,0.0
1.7679463624954224,0.0
1.7184194326400757,0.0
1.6756606101989746,0.0
1.6220265626907349,0.0
1.5804097652435303,0.0
1.5392422676086426,0.0
1.5063061714172363,0.0
1.4689563512802124,0.0
1.4189589023590088,0.0
1.3733316659927368,0.0
1.3284680843353271,0.0
1.2858941555023193,0.0
1.246168613433838,0.0
1.199323296546936,0.0
1.159860610961914,0.0
1.1260493993759155,0.0
1.1056853532791138,0.0
1.080888032913208,0.0
1.054021954536438,0.0
1.0264041423797607,0.0
0.9980815649032593,0.0
0.994468629360199,0.0
1.00778329372406,0.0
1.0041266679763794,0.0
1.004033088684082,0.0
1.0276978015899658,0.0
1.0499005317687988,0.0
1.0774495601654053,0.0
1.1072041988372803,0.0
1.1527692079544067,0.0
1.2013278007507324,0.0
1.2564376592636108,0.0
1.3177233934402466,0.0
1.3816455602645874,0.0
1.4527384042739868,0.0
1.5367248058319092,0.0
1.6100245714187622,0.0
1.7020879983901978,0.0
1.813901424407959,0.0
1.9231055974960327,0.0
2.033291816711426,0.0
2.142387866973877,0.0
2.233577013015747,0.0
2.2545111179351807,0.0
2.1616904735565186,0.0
2.164443254470825,0.0
2.0893847942352295,0.0
2.0766661167144775,0.0
2.518272638320923,0.18
2.945234775543213,1.13
3.609622001647949,3.02
4.663737773895264,3.58
5.887121677398682,6.09
7.042133808135986,8.12
8.015837669372559,7.87
9.546090126037598,11.85
11.630370140075684,14.34
13.404670715332031,14.47
14.913110733032227,15.39
17.016353607177734,19.29
19.19519805908203,21.41
20.424203872680664,21.74
21.2911434173584,23.27
22.284894943237305,23.520000000000003
23.083011627197266,24.559999999999995
23.92978286743164,25.5
24.54180145263672,26.11
24.978010177612305,26.52
25.18095588684082,26.89
25.180816650390625,26.88
25.065044403076172,26.810000000000002
25.028114318847656,26.820000000000004
24.742101669311523,26.58
24.140005111694336,25.91
23.317718505859375,25.41
22.38269805908203,25.34
21.36467933654785,23.520000000000003
20.1118221282959,20.45
19.359529495239258,21.68
19.339500427246094,20.71
18.44234848022461,19.9
17.42102813720703,18.24
16.193119049072266,16.76
15.040045738220215,15.14
13.710550308227539,13.25
11.956197738647461,11.200000000000001
9.846712112426758,9.2
7.670681953430176,6.88
5.641395568847656,4.62
3.9553492069244385,1.97
2.7418084144592285,0.44
2.1888413429260254,0.01
2.014954090118408,0.0
1.9623887538909912,0.0
1.908324122428894,0.0
1.8544683456420898,0.0
1.8007606267929077,0.0
1.7475279569625854,0.0
1.697083592414856,0.0
1.6404260396957397,0.0
1.5844974517822266,0.0
1.5294036865234375,0.0
1.4880858659744263,0.0
1.4554582834243774,0.0
1.4081016778945923,0.0
1.3600157499313354,0.0
1.3195064067840576,0.0
1.2683720588684082,0.0
1.2251569032669067,0.0
1.1843334436416626,0.0
1.1487762928009033,0.0
1.1093779802322388,0.0
1.084342360496521,0.0
1.056530237197876,0.0
1.0328069925308228,0.0
1.0121902227401733,0.0
0.9930850863456726,0.0
0.9851942658424377,0.0
0.9893544316291809,0.0
0.9894064664840698,0.0
0.9949005842208862,0.0
1.0096328258514404,0.0
1.0320327281951904,0.0
1.054426670074463,0.0
1.0928654670715332,0.0
1.1455565690994263,0.0
1.2010228633880615,0.0
1.2680782079696655,0.0
1.340381383895874,0.0
1.4168405532836914,0.0
1.4944744110107422,0.0
1.5796970129013062,0.0
1.6653691530227661,0.0
1.7645246982574463,0.0
1.8576910495758057,0.0
1.9565675258636475,0.0
2.0425333976745605,0.0
2.153254985809326,0.0
2.260793685913086,0.0
2.3616397380828857,0.0
2.4481515884399414,0.0
2.349745988845825,0.0
2.418797731399536,0.0
2.7199251651763916,0.0
3.091909408569336,0.0
3.4875376224517822,0.0
3.9035778045654297,0.31
4.261295795440674,2.49
4.46428918838501,2.13
4.03416633605957,0.72
3.6396398544311523,0.46
3.6031036376953125,0.26
3.7091927528381348,0.12
4.0252461433410645,0.67
4.470664978027344,1.02
4.83170223236084,1.45
4.9837965965271,1.87
4.983960151672363,2.25
4.878787994384766,2.43
4.911892890930176,1.98
5.215729236602783,2.4
5.953604221343994,2.46
6.6220703125,3.94
7.309953212738037,5.26
7.447032928466797,5.98
7.300376892089844,5.34
7.027889251708984,5.56
7.531631946563721,5.73
7.996702194213867,5.620000000000001
8.00007438659668,6.18
8.441768646240234,7.82
9.142060279846191,7.33
9.188141822814941,8.48
9.16003704071045,6.47
8.637307167053223,6.79
8.859889030456543,9.27
8.841511726379395,8.76
7.531647682189941,4.7
6.447542190551758,4.87
6.682614803314209,5.67
6.977219581604004,6.36
6.881030082702637,4.07
6.291133880615234,3.6
6.124836444854736,5.98
5.716592788696289,4.6
4.336459636688232,2.78
3.174018621444702,1.1
2.418210744857788,0.02
2.087705135345459,0.0
2.0205867290496826,0.0
1.9535332918167114,0.0
1.8836395740509033,0.0
1.8114103078842163,0.0
1.7371057271957397,0.0
1.6629704236984253,0.0
1.5911097526550293,0.0
1.5218608379364014,0.0
1.4543969631195068,0.0
1.3927056789398193,0.0
1.329681158065796,0.0
1.274059772491455,0.0
1.2193354368209839,0.0
1.1641806364059448,0.0
1.108230471611023,0.0
1.0506318807601929,0.0
0.9853553175926208,0.0
0.9227705001831055,0.0
0.8717895746231079,0.0
0.8283159136772156,0.0
0.7905048131942749,0.0
0.7611205577850342,0.0
0.7363324165344238,0.0
0.7151035666465759,0.0
0.689276397228241,0.0
0.6799296736717224,0.0
0.6822494864463806,0.0
0.679713249206543,0.0
0.6897904872894287,0.0
0.7088419795036316,0.0
0.7358885407447815,0.0
0.7731730937957764,0.0
0.8185824751853943,0.0
0.8843068480491638,0.0
0.9699385762214661,0.0
1.0915660858154297,0.0
1.1883236169815063,0.0
1.2931863069534302,0.0
1.4044113159179688,0.0
1.5111373662948608,0.0
1.6115458011627197,0.0
1.7203586101531982,0.0
1.839080572128296,0.0
1.9628273248672485,0.0
2.086266040802002,0.0
2.206707239151001,0.0
2.320251941680908,0.0
2.412097454071045,0.0
2.493309497833252,0.0
2.5976898670196533,0.0
2.718627691268921,0.0
2.8685660362243652,0.0
3.09940505027771,0.09
3.428151845932007,0.5
3.847290515899658,0.9
4.180364608764648,1.1
4.517539978027344,1.43
4.812631607055664,2.01
4.996815204620361,2.12
5.026825904846191,2.17
5.030755043029785,2.2
5.018794536590576,2.71
5.192668914794922,2.42
5.4262495040893555,2.93
5.993014335632324,3.72
6.572139263153076,4.39
6.970550060272217,5.69
7.462927341461182,7.02
7.61036491394043,7.26
7.737708568572998,8.07
8.045929908752441,8.8
9.403684616088867,9.91
10.44629955291748,12.18
11.904706954956055,13.5
13.260162353515625,15.13
14.894242286682129,17.55
16.624502182006836,20.29
17.828895568847656,18.68
18.70120620727539,20.7
19.378171920776367,20.14
19.391984939575195,21.53
19.547094345092773,21.39
18.879432678222656,20.250000000000004
17.715145111083984,19.03
16.535932540893555,17.48
15.245701789855957,15.34
13.947394371032715,13.56
12.503788948059082,11.56
10.63721752166748,10.099999999999998
8.608894348144531,7.89
6.490279197692871,5.28
4.6372785568237305,3.01
3.3023359775543213,1.11
2.465117931365967,0.0
2.1138663291931152,0.0
2.0527396202087402,0.0
1.9901173114776611,0.0
1.9220762252807617,0.0
1.855292797088623,0.0
1.7923274040222168,0.0
1.7236405611038208,0.0
1.6493159532546997,0.0
1.574453592300415,0.0
1.5211542844772339,0.0
1.4636303186416626,0.0
1.3967002630233765,0.0
1.3393781185150146,0.0
1.2857394218444824,0.0
1.2234281301498413,0.0
1.1572457551956177,0.0
1.0893913507461548,0.0
1.0350337028503418,0.0
0.9867039918899536,0.0
0.9440242648124695,0.0
0.9214718341827393,0.0
0.8846991658210754,0.0
0.8435475826263428,0.0
0.8051671981811523,0.0
0.7753300666809082,0.0
0.7621614933013916,0.0
0.7547221779823303,0.0
0.7580791711807251,0.0
0.7680447101593018,0.0
0.781276524066925,0.0
0.8041495680809021,0.0
0.825854480266571,0.0
0.8607229590415955,0.0
0.9193255305290222,0.0
0.9776105284690857,0.0
1.0379186868667603,0.0
1.1091049909591675,0.0
1.1833910942077637,0.0
1.2618279457092285,0.0
1.3516111373901367,0.0
1.4460691213607788,0.0
1.5450128316879272,0.0
1.651213526725769,0.0
1.7596925497055054,0.0
1.8690797090530396,0.0
1.985596776008606,0.0
2.112934112548828,0.0
2.195563793182373,0.0
2.2274227142333984,0.0
2.2575178146362305,0.0
2.2800729274749756,0.0
2.4065303802490234,0.0
2.5093495845794678,0.01
2.902355432510376,0.55
2.967679738998413,1.51
3.1828243732452393,2.24
3.717137575149536,3.56
4.655556678771973,4.4
6.175600051879883,6.77
8.419260025024414,7.34
10.690006256103516,13.23
13.472290992736816,15.0
14.880824089050293,16.25
16.327713012695312,18.24
17.810487747192383,19.54
19.140066146850586,20.18
20.48558235168457,22.28
21.72957420349121,23.04
22.50226402282715,24.09
23.118955612182617,24.559999999999995
23.52071762084961,25.11
23.829269409179688,25.42
23.989871978759766,25.629999999999995
24.037160873413086,25.81
23.902130126953125,25.82
23.742074966430664,25.58
23.361780166625977,25.27
22.914325714111328,24.72
22.426258087158203,24.31
21.826343536376953,23.56
20.974102020263672,22.68
20.38546371459961,21.58
19.559494018554688,20.5
18.514488220214844,19.01
17.247522354125977,17.5
15.674217224121094,15.65
13.745150566101074,14.57
11.685754776000977,10.2
9.005155563354492,8.27
6.981844902038574,5.98
5.155876159667969,3.39
3.722201108932495,1.72
2.8401451110839844,0.86
2.3463687896728516,0.0
2.0406036376953125,0.0
1.9525631666183472,0.0
1.883021354675293,0.0
1.8315551280975342,0.0
1.7937331199645996,0.0
1.7697442770004272,0.0
1.740854263305664,0.0
1.7096487283706665,0.0
1.652795672416687,0.0
1.5837949514389038,0.0
1.4867515563964844,0.0
1.422027349472046,0.0
1.3735321760177612,0.0
1.3478766679763794,0.0
1.3220890760421753,0.0
1.2788054943084717,0.0
1.2378981113433838,0.0
1.1804571151733398,0.0
1.117864727973938,0.0
1.0847229957580566,0.0
1.0614253282546997,0.0
1.0503613948822021,0.0
1.0219863653182983,0.0
0.9914277195930481,0.0
0.9816229939460754,0.0
0.9709987640380859,0.0
0.9525849223136902,0.0
0.9495441913604736,0.0
0.9859701991081238,0.0
1.0097019672393799,0.0
1.0082857608795166,0.0
1.0117862224578857,0.0
1.0224601030349731,0.0
1.0560986995697021,0.0
1.1282895803451538,0.0
1.1820822954177856,0.0
1.2537007331848145,0.0
1.33065927028656,0.0
1.4049381017684937,0.0
1.4827288389205933,0.0
1.5825412273406982,0.0
1.6804605722427368,0.0
1.791674017906189,0.0
1.9124585390090942,0.0
2.0264484882354736,0.0
2.1414873600006104,0.0
2.2482409477233887,0.0
2.318272113800049,0.0
2.354462146759033,0.0
2.334669351577759,0.0
2.2777018547058105,0.0
2.094782829284668,0.0
1.9444658756256104,0.0
2.046067714691162,0.49
2.5600292682647705,1.24
3.475956678390503,2.54
4.969255447387695,4.27
6.777412414550781,7.39
8.7896089553833,9.86
10.667816162109375,12.03
12.350123405456543,13.919999999999998
14.129169464111328,15.9
15.646008491516113,16.9
17.026044845581055,18.62
18.483064651489258,20.220000000000002
19.712913513183594,21.5
20.812152862548828,22.52
21.776151657104492,23.469999999999995
22.639284133911133,24.18
23.386844635009766,24.95
24.024791717529297,25.61
24.43734359741211,26.12
24.668731689453125,26.41
24.752220153808594,26.43
24.64072608947754,26.44
24.355558395385742,26.35
24.085899353027344,26.12
23.66353416442871,25.649999999999995
23.142967224121094,25.16
22.59803009033203,24.5
22.00834083557129,23.88
21.28990936279297,23.17
20.54583740234375,22.3
19.663738250732422,21.12
18.659870147705078,19.88
17.565227508544922,18.44
16.32975196838379,16.72
15.03628921508789,15.48
13.738214492797852,13.35
11.908806800842285,11.28
9.827383041381836,8.89
7.700688362121582,6.66
5.829460144042969,4.7
4.237283229827881,2.54
3.0399482250213623,0.8
2.331976890563965,0.01
2.0743443965911865,0.0
2.0130367279052734,0.0
1.95236074924469,0.0
1.8929599523544312,0.0
1.827724814414978,0.0
1.7824194431304932,0.0
1.7311218976974487,0.0
1.6707096099853516,0.0
1.6168222427368164,0.0
1.5618752241134644,0.0
1.5338478088378906,0.0
1.4847486019134521,0.0
1.4284776449203491,0.0
1.3822731971740723,0.0
1.3350870609283447,0.0
1.2812789678573608,0.0
1.2341033220291138,0.0
1.2117637395858765,0.0
1.1637229919433594,0.0
1.1187703609466553,0.0
1.079086184501648,0.0
1.0444868803024292,0.0
1.0210390090942383,0.0
1.0001790523529053,0.0
0.9815143942832947,0.0
0.9495168924331665,0.0
0.9360026717185974,0.0
0.9320967197418213,0.0
0.9291538596153259,0.0
0.9454393982887268,0.0
0.9757488965988159,0.0
1.01896333694458,0.0
1.0572773218154907,0.0
1.1270241737365723,0.0
1.1580922603607178,0.0
1.2031258344650269,0.0
1.2727365493774414,0.0
1.3521519899368286,0.0
1.4286893606185913,0.0
1.5242847204208374,0.0
1.6282014846801758,0.0
1.7175774574279785,0.0
1.8186132907867432,0.0
1.9406027793884277,0.0
2.065732002258301,0.0
2.1819562911987305,0.0
2.3039188385009766,0.0
2.42313289642334,0.0
2.5115461349487305,0.0
2.591507911682129,0.0
2.6451237201690674,0.0
2.707167148590088,0.0
2.8048324584960938,0.0
2.959115743637085,0.04
3.1713738441467285,0.44
3.534939765930176,0.86
3.997011184692383,1.53
4.595972537994385,2.17
5.160125255584717,2.98
5.865267753601074,4.01
5.940245628356934,5.48
6.580174922943115,6.440000000000001
6.763990879058838,7.530000000000001
7.266395092010498,8.27
8.199760437011719,9.95
9.794379234313965,10.89
12.16242504119873,15.82
14.8425874710083,15.1
17.204153060913086,18.94
19.806476593017578,20.78
21.074413299560547,22.96
21.862791061401367,24.04
21.828323364257812,23.94
21.6912841796875,25.1
21.65901756286621,22.6
21.536483764648438,23.01
22.451719284057617,24.78
23.03790855407715,24.97
23.00718879699707,25.1
22.65386199951172,24.640000000000004
22.00170135498047,24.01
21.208375930786133,22.99
20.347105026245117,21.98
19.35849380493164,20.73
18.157161712646484,19.43
16.951204299926758,18.01
15.70439338684082,16.41
14.490826606750488,14.500000000000002
13.30384349822998,12.58
11.779921531677246,10.77
9.894121170043945,9.31
7.916472911834717,6.970000000000001
5.916773319244385,4.81
4.269781112670898,2.47
3.026700019836426,0.73
2.3640310764312744,0.0
2.1075191497802734,0.0
2.040414333343506,0.0
1.9753553867340088,0.0
1.9117374420166016,0.0
1.8527344465255737,0.0
1.803841233253479,0.0
1.7543039321899414,0.0
1.7063905000686646,0.0
1.6607601642608643,0.0
1.6196670532226562,0.0
1.57065749168396,0.0
1.524620771408081,0.0
1.4796812534332275,0.0
1.4383586645126343,0.0
1.3959615230560303,0.0
1.348199486732483,0.0
1.3104196786880493,0.0
1.275508165359497,0.0
1.2281861305236816,0.0
1.1875799894332886,0.0
1.1483876705169678,0.0
1.134007453918457,0.0
1.115760087966919,0.0
1.089681625366211,0.0
1.0710266828536987,0.0
1.0727171897888184,0.0
1.0735714435577393,0.0
1.0736989974975586,0.0
1.0824693441390991,0.0
1.0861040353775024,0.0
1.0944068431854248,0.0
1.1014567613601685,0.0
1.129598617553711,0.0
1.1770278215408325,0.0
1.224918007850647,0.0
1.2934497594833374,0.0
1.3761168718338013,0.0
1.4494352340698242,0.0
1.5355713367462158,0.0
1.6173168420791626,0.0
1.6966667175292969,0.0
1.7874763011932373,0.0
1.8979145288467407,0.0
2.0038304328918457,0.0
2.1032683849334717,0.0
2.2114150524139404,0.0
2.3243777751922607,0.0
2.4304728507995605,0.0
2.500664710998535,0.0
2.5509543418884277,0.0
2.59320068359375,0.0
2.527912139892578,0.0
2.428574323654175,0.0
2.5284550189971924,0.19
3.0492300987243652,0.92
3.2848167419433594,1.65
3.7631032466888428,2.47
5.1777825355529785,4.93
6.477598190307617,7.49
8.149704933166504,8.94
9.787613868713379,10.05
11.851320266723633,14.22
13.967323303222656,16.16
15.371159553527832,16.03
17.07059669494629,19.91
18.94135856628418,20.18
20.03481101989746,21.97
21.217775344848633,22.85
22.052734375,23.76
22.839330673217773,24.53
23.45229148864746,25.12
23.94089698791504,25.659999999999997
24.302879333496094,26.07
24.500871658325195,26.26
24.51858901977539,26.47
24.403154373168945,26.44
24.09687042236328,26.27
23.681116104125977,25.6
23.18330192565918,25.21
22.73214340209961,24.7
22.20224380493164,23.95
21.509618759155273,23.18
20.872804641723633,22.27
19.985971450805664,20.93
18.836116790771484,19.66
17.484760284423828,17.97
15.816561698913574,15.91
13.958052635192871,14.28
11.950517654418945,10.97
9.469710350036621,8.47
7.307881832122803,6.139999999999999
5.450887203216553,3.93
3.974900960922241,2.1
2.964982271194458,0.68
2.371476888656616,0.0
2.1256613731384277,0.0
2.0556373596191406,0.0
2.0049264430999756,0.0
1.9439865350723267,0.0
1.900276780128479,0.0
1.839766263961792,0.0
1.7916858196258545,0.0
1.7473781108856201,0.0
1.7021987438201904,0.0
1.6661677360534668,0.0
1.6184390783309937,0.0
1.5580270290374756,0.0
1.504190444946289,0.0
1.4558777809143066,0.0
1.4029827117919922,0.0
1.3461625576019287,0.0
1.3002002239227295,0.0
1.2704112529754639,0.0
1.2457746267318726,0.0
1.2368038892745972,0.0
1.2158693075180054,0.0
1.184930682182312,0.0
1.1658580303192139,0.0
1.1440541744232178,0.0
1.1169590950012207,0.0
1.0948189496994019,0.0
1.097495436668396,0.0
1.0989861488342285,0.0
1.1018034219741821,0.0
1.1075621843338013,0.0
1.1273510456085205,0.0
1.141845703125,0.0
1.1559123992919922,0.0
1.1933138370513916,0.0
1.2335007190704346,0.0
1.283724308013916,0.0
1.3413629531860352,0.0
1.4019936323165894,0.0
1.470749855041504,0.0
1.5493358373641968,0.0
1.6408050060272217,0.0
1.7371773719787598,0.0
1.8380247354507446,0.0
1.946914553642273,0.0
2.0571160316467285,0.0
2.186707019805908,0.0
2.299036979675293,0.0
2.3847737312316895,0.0
2.3966612815856934,0.0
2.288233518600464,0.0
2.2163074016571045,0.0
2.1199676990509033,0.0
2.16372013092041,0.0
2.4464612007141113,0.53
3.13749361038208,1.79
4.187170505523682,3.71
5.431520462036133,5.0600000000000005
6.873915195465088,7.61
8.607193946838379,9.66
10.470325469970703,11.81
12.12431812286377,13.84
14.064886093139648,15.69
15.728421211242676,17.5
17.293540954589844,19.01
18.84349822998047,20.4
20.203941345214844,21.78
21.35350227355957,22.95
22.259130477905273,23.83
22.967365264892578,24.6
23.53533172607422,25.22
23.946910858154297,25.49
24.228792190551758,25.98
24.493694305419922,26.34
24.623146057128906,26.48
24.6291446685791,26.54
24.533422470092773,26.43
24.333297729492188,26.24
24.035491943359375,26.08
23.618379592895508,25.59
22.993715286254883,25.07
22.291833877563477,24.34
21.456790924072266,23.32
20.632144927978516,22.34
19.743064880371094,21.239999999999995
18.735107421875,19.79
17.635286331176758,18.76
16.459123611450195,17.07
15.109525680541992,15.42
13.780381202697754,13.369999999999997
11.999698638916016,11.230000000000002
9.881999969482422,8.99
7.77146053314209,6.75
5.8914618492126465,4.779999999999999
4.327266693115234,2.67
3.129983901977539,0.64
2.3864736557006836,0.0
2.141388416290283,0.0
2.0787103176116943,0.0
2.0148673057556152,0.0
1.9555084705352783,0.0
1.8940577507019043,0.0
1.8404545783996582,0.0
1.7968441247940063,0.0
1.748972773551941,0.0
1.7026872634887695,0.0
1.6559628248214722,0.0
1.6053845882415771,0.0
1.5625507831573486,0.0
1.5077521800994873,0.0
1.4416615962982178,0.0
1.3889741897583008,0.0
1.3453272581100464,0.0
1.3073700666427612,0.0
1.2686620950698853,0.0
1.2467780113220215,0.0
1.2092034816741943,0.0
1.1877002716064453,0.0
1.162176489830017,0.0
1.133353590965271,0.0
1.113800048828125,0.0
1.0965901613235474,0.0
1.1164698600769043,0.0
1.1326981782913208,0.0
1.1327708959579468,0.0
1.1085951328277588,0.0
1.117248296737671,0.0
1.1405776739120483,0.0
1.1599775552749634,0.0
1.2116941213607788,0.0
1.258794903755188,0.0
1.2965726852416992,0.0
1.3456711769104004,0.0
1.4247630834579468,0.0
1.5131828784942627,0.0
1.589817762374878,0.0
1.67782461643219,0.0
1.78595769405365,0.0
1.8759177923202515,0.0
1.9880157709121704,0.0
2.0894970893859863,0.0
2.19922137260437,0.0
2.3149068355560303,0.0
2.410924196243286,0.0
2.3815858364105225,0.0
2.2489988803863525,0.0
2.0538713932037354,0.0
2.0151472091674805,0.0
2.087693452835083,0.0
2.4484143257141113,0.46
3.267887592315674,2.16
4.533793926239014,3.91
5.928465843200684,6.43
7.502498626708984,7.98
9.131731986999512,10.58
11.168947219848633,12.7
12.929378509521484,14.58
14.809720039367676,16.43
16.44019317626953,18.090000000000003
18.001405715942383,19.82
19.45797348022461,21.15
20.67078399658203,22.37
21.716379165649414,23.12
22.59314727783203,24.04
23.412012100219727,25.05
24.027706146240234,25.649999999999995
24.40079689025879,26.08
24.639564514160156,26.42
24.83172607421875,26.6
24.961971282958984,26.790000000000003
25.013837814331055,26.97
24.913536071777344,26.840000000000003
24.63627815246582,26.66
24.161745071411133,26.26
23.602771759033203,25.709999999999997
22.923906326293945,25.0
22.21385383605957,24.16
21.45813751220703,23.31
20.696773529052734,22.54
19.81707000732422,21.53
18.762107849121094,20.13
17.618581771850586,18.76
16.513763427734375,17.16
15.328243255615234,15.5
14.015113830566406,13.7
12.40196704864502,11.71
10.34765911102295,9.59
8.208741188049316,7.27
6.1809773445129395,4.67
4.5039520263671875,2.54
3.349559783935547,1.29
2.6741950511932373,0.0
2.290058135986328,0.0
2.2314460277557373,0.0
2.15969181060791,0.0
2.0963492393493652,0.0
2.0354208946228027,0.0
1.9781265258789062,0.0
1.9219424724578857,0.0
1.8725651502609253,0.0
1.8210346698760986,0.0
1.769158959388733,0.0
1.7360856533050537,0.0
1.680531620979309,0.0
1.6303175687789917,0.0
1.5885177850723267,0.0
1.5391286611557007,0.0
1.4962152242660522,0.0
1.4444299936294556,0.0
1.406688928604126,0.0
1.3663777112960815,0.0
1.3331431150436401,0.0
1.296619176864624,0.0
1.2663252353668213,0.0
1.2395530939102173,0.0
1.2297595739364624,0.0
1.211561918258667,0.0
1.1942377090454102,0.0
1.189551830291748,0.0
1.1927566528320312,0.0
1.2048895359039307,0.0
1.2154250144958496,0.0
1.227109432220459,0.0
1.2521946430206299,0.0
1.2839539051055908,0.0
1.3258466720581055,0.0
1.3723151683807373,0.0
1.431067705154419,0.0
1.493116855621338,0.0
1.5444053411483765,0.0
1.6220800876617432,0.0
1.7047443389892578,0.0
1.783300757408142,0.0
1.8763021230697632,0.0
1.9722832441329956,0.0
2.099421262741089,0.0
2.2092232704162598,0.0
2.3354849815368652,0.0
2.4496164321899414,0.0
2.55627703666687,0.0
2.531308889389038,0.0
2.3935012817382812,0.0
2.270218849182129,0.0
2.2309863567352295,0.0
2.310654640197754,0.0
2.6733193397521973,0.34
3.473848342895508,2.01
4.765936851501465,4.25
6.182294845581055,6.4
7.74008846282959,8.05
9.43321704864502,10.71
11.478418350219727,12.92
13.217994689941406,14.94
15.040889739990234,16.75
16.602685928344727,18.41
18.087499618530273,19.87
19.45718002319336,21.269999999999996
20.718677520751953,22.5
21.855344772338867,23.73
22.809906005859375,24.42
23.541810989379883,25.43
25.840238571166992,26.13
28.2724666595459,26.69
29.262611389160156,27.15
28.54749870300293,27.27
25.406864166259766,27.869999999999997
20.811038970947266,28.16
15.89393424987793,16.75
9.873554229736328,8.09
7.041466236114502,7.02
8.091057777404785,7.47
10.823206901550293,17.83
13.962275505065918,17.19
14.778397560119629,11.739999999999998
16.393020629882812,17.94
19.09840965270996,22.379999999999995
19.476518630981445,21.53
18.342235565185547,19.27
16.742067337036133,17.64
15.387067794799805,15.52
13.9586763381958,13.369999999999997
12.375223159790039,12.17
10.361516952514648,9.5
8.052616119384766,6.2
6.028250694274902,4.94
4.716177463531494,2.71
3.4949378967285156,1.29
2.7536990642547607,0.0
2.354519844055176,0.0
2.2940993309020996,0.0
2.238647937774658,0.0
2.183206558227539,0.0
2.13667631149292,0.0
2.085798501968384,0.0
2.0384328365325928,0.0
1.9883089065551758,0.0
1.9411953687667847,0.0
1.8958998918533325,0.0
1.8421660661697388,0.0
1.7971112728118896,0.0
1.7467796802520752,0.0
1.7013890743255615,0.0
1.6498039960861206,0.0
1.6091989278793335,0.0
1.5672625303268433,0.0
1.5273663997650146,0.0
1.4867932796478271,0.0
1.4556902647018433,0.0
1.4242799282073975,0.0
1.4013558626174927,0.0
1.3764939308166504,0.0
1.3501170873641968,0.0
1.333804726600647,0.0
1.3250863552093506,0.0
1.326555609703064,0.0
1.333315372467041,0.0
1.326802372932434,0.0
1.3489326238632202,0.0
1.379902958869934,0.0
1.385698676109314,0.0
1.4204049110412598,0.0
1.4840058088302612,0.0
1.531335711479187,0.0
1.5910534858703613,0.0
1.6591691970825195,0.0
1.7469290494918823,0.0
1.8349236249923706,0.0
1.9236810207366943,0.0
2.018507957458496,0.0
2.1221539974212646,0.0
2.217944383621216,0.0
2.327354669570923,0.0
2.434911012649536,0.0
2.5565693378448486,0.0
2.6707496643066406,0.0
2.7706081867218018,0.0
2.7318363189697266,0.0
2.5948781967163086,0.0
2.356940269470215,0.0
2.3954596519470215,0.0
2.8029356002807617,0.0
2.9320857524871826,0.3
3.860353708267212,2.19
4.932305812835693,4.28
6.1055521965026855,7.16
7.43184757232666,7.74
8.93649959564209,9.17
11.283909797668457,13.959999999999999
13.515351295471191,13.81
15.187496185302734,17.33
17.257898330688477,18.95
18.72243309020996,20.56
20.05441665649414,21.7
21.269792556762695,22.83
22.391626358032227,23.9
23.371000289916992,24.97
24.168447494506836,25.730000000000004
24.750947952270508,26.29
25.151613235473633,26.769999999999996
25.433135986328125,27.12
25.59808921813965,27.41
25.604650497436523,27.47
25.469284057617188,27.48
26.039161682128906,27.41
26.072574615478516,27.26
26.71681022644043,26.95
25.927743911743164,26.56
23.487611770629883,26.29
21.368432998657227,25.75
17.507986068725586,18.42
13.869077682495117,18.81
12.858392715454102,10.0
12.662552833557129,13.91
15.057299613952637,19.169999999999998
16.663606643676758,12.51
15.93258285522461,17.72
15.99398136138916,16.35
13.862462043762207,13.77
11.119569778442383,11.13
8.152262687683105,8.12
5.394369602203369,1.62
3.1951324939727783,0.91
2.730701208114624,0.32
2.44404673576355,0.0
2.3059356212615967,0.0
2.2427873611450195,0.0
2.1824467182159424,0.0
2.125919818878174,0.0
2.0715177059173584,0.0
2.0219717025756836,0.0
1.9744229316711426,0.0
1.926428198814392,0.0
1.8734219074249268,0.0
1.8245561122894287,0.0
1.7765637636184692,0.0
1.7272610664367676,0.0
1.6907539367675781,0.0
1.6425284147262573,0.0
1.5992900133132935,0.0
1.5504777431488037,0.0
1.4827377796173096,0.0
1.4330531358718872,0.0
1.4370533227920532,0.0
1.4040470123291016,0.0
1.373484492301941,0.0
1.346058964729309,0.0
1.3221189975738525,0.0
1.3191066980361938,0.0
1.3149012327194214,0.0
1.3181060552597046,0.0
1.3150115013122559,0.0
1.3167896270751953,0.0
1.3261665105819702,0.0
1.3532694578170776,0.0
1.3790438175201416,0.0
1.4187976121902466,0.0
1.4515866041183472,0.0
1.4941741228103638,0.0
1.5514284372329712,0.0
1.6169071197509766,0.0
1.6862518787384033,0.0
1.7579857110977173,0.0
1.8263440132141113,0.0
1.914587378501892,0.0
1.9874179363250732,0.0
2.0870914459228516,0.0
2.1734347343444824,0.0
2.28312087059021,0.0
2.385503053665161,0.0
2.497441291809082,0.0
2.608415365219116,0.0
2.747556686401367,0.0
2.675391912460327,0.0
2.5670413970947266,0.0
2.4192605018615723,0.0
2.277970552444458,0.0
2.2641167640686035,0.01
2.5563690662384033,0.19
3.3453211784362793,1.97
4.784235954284668,4.01
6.413687705993652,6.29
8.152467727661133,8.74
9.940776824951172,10.98
11.789650917053223,13.43
13.554482460021973,15.35
15.181829452514648,16.54
16.73432731628418,18.17
18.411479949951172,20.05
19.9283447265625,21.48
21.170608520507812,22.67
22.23978042602539,23.75
23.13774299621582,24.6
23.871217727661133,25.34
24.46385955810547,25.99
24.87179183959961,26.4
25.110435485839844,26.78
25.260250091552734,27.02
25.269243240356445,27.05
25.180191040039062,26.96
24.969173431396484,26.94
24.854589462280273,26.820000000000004
24.5584659576416,26.66
24.12645721435547,26.1
23.53649139404297,25.53
22.910551071166992,24.77
22.167011260986328,24.19
21.318130493164062,23.07
20.157068252563477,21.99
18.913345336914062,20.62
17.646255493164062,19.139999999999997
16.47661781311035,17.32
15.352659225463867,15.600000000000001
14.338318824768066,13.71
13.019742012023926,12.41
11.152002334594727,10.32
8.92495059967041,8.06
6.782032012939453,5.43
4.918981075286865,3.2
3.5575971603393555,1.16
2.6821489334106445,0.0
2.3032634258270264,0.0
2.2337722778320312,0.0
2.14880633354187,0.0
2.0772974491119385,0.0
2.026419162750244,0.0
1.9748021364212036,0.0
1.9223469495773315,0.0
1.8793437480926514,0.0
1.846665620803833,0.0
1.8094127178192139,0.0
1.7685052156448364,0.0
1.7376736402511597,0.0
1.706865906715393,0.0
1.6651599407196045,0.0
1.6118084192276,0.0
1.5813467502593994,0.0
1.5478848218917847,0.0
1.510253667831421,0.0
1.481871247291565,0.0
1.4526740312576294,0.0
1.4245758056640625,0.0
1.4062505960464478,0.0
1.3921163082122803,0.0
1.377946138381958,0.0
1.3629637956619263,0.0
1.3655365705490112,0.0
1.3694757223129272,0.0
1.3725346326828003,0.0
1.3813986778259277,0.0
1.3848841190338135,0.0
1.4107797145843506,0.0
1.449092984199524,0.0
1.4841073751449585,0.0
1.5396735668182373,0.0
1.5855770111083984,0.0
1.6263840198516846,0.0
1.702031135559082,0.0
1.759566307067871,0.0
1.8519752025604248,0.0
1.9438315629959106,0.0
2.016355037689209,0.0
2.108508586883545,0.0
2.216121196746826,0.0
2.333224296569824,0.0
2.436255931854248,0.0
2.5517308712005615,0.0
2.670555591583252,0.0
2.7766411304473877,0.0
2.844510793685913,0.0
2.666886568069458,0.0
2.4486937522888184,0.0
2.2133195400238037,0.0
2.163126230239868,0.0
2.402726888656616,0.24
3.1999118328094482,0.86
4.579540252685547,4.02
6.516417503356934,6.35
8.299925804138184,8.94
10.042317390441895,11.14
11.813862800598145,13.45
13.525801658630371,15.12
15.172240257263184,16.99
16.814363479614258,18.090000000000003
18.427101135253906,20.09
20.140396118164062,21.77
21.555097579956055,22.98
22.69141387939453,24.07
23.650060653686523,25.15
24.442195892333984,25.92
24.9932804107666,26.51
25.389368057250977,26.810000000000002
25.700292587280273,27.22
25.935365676879883,27.64
26.041534423828125,27.75
25.958209991455078,27.73
25.694320678710938,27.71
25.498537063598633,27.53
25.08748435974121,27.09
24.57152557373047,26.69
23.972034454345703,25.98
23.293155670166016,25.25
22.518278121948242,24.47
21.631561279296875,23.46
20.47361946105957,22.36
19.20327377319336,20.96
17.953672409057617,19.52
16.709453582763672,17.57
15.493343353271484,15.79
14.406071662902832,13.91
13.063072204589844,12.56
11.157086372375488,10.39
8.863286972045898,7.72
6.690436840057373,5.48
4.925364017486572,3.23
3.563507080078125,1.18
2.6799867153167725,0.0
2.3081886768341064,0.0
2.259364128112793,0.0
2.213984251022339,0.0
2.162078380584717,0.0
2.1139659881591797,0.0
2.0661165714263916,0.0
2.0208418369293213,0.0
1.9765464067459106,0.0
1.9292997121810913,0.0
1.891944169998169,0.0
1.8514220714569092,0.0
1.8111106157302856,0.0
1.7659482955932617,0.0
1.7234584093093872,0.0
1.6845136880874634,0.0
1.6357736587524414,0.0
1.5876333713531494,0.0
1.5448676347732544,0.0
1.5161879062652588,0.0
1.4894356727600098,0.0
1.4697219133377075,0.0
1.4357210397720337,0.0
1.4179242849349976,0.0
1.3978490829467773,0.0
1.3856430053710938,0.0
1.3883610963821411,0.0
1.3854341506958008,0.0
1.3922255039215088,0.0
1.4126967191696167,0.0
1.430521845817566,0.0
1.4427872896194458,0.0
1.4925237894058228,0.0
1.516435980796814,0.0
1.5719916820526123,0.0
1.6402846574783325,0.0
1.7150412797927856,0.0
1.770032525062561,0.0
1.8491178750991821,0.0
1.9313135147094727,0.0
2.0265514850616455,0.0
2.110167980194092,0.0
2.2053184509277344,0.0
2.298290967941284,0.0
2.40946102142334,0.0
2.5326902866363525,0.0
2.6557278633117676,0.0
2.759164810180664,0.0
2.852712392807007,0.0
2.805175304412842,0.0
2.6827685832977295,0.0
2.5110363960266113,0.0
2.336514472961426,0.0
2.281263589859009,0.0
2.5315780639648438,0.33
3.26515531539917,1.75
4.579012393951416,3.92
6.355072975158691,6.28
8.296860694885254,8.81
10.242744445800781,11.53
12.221229553222656,13.7
14.00475788116455,15.71
15.742465019226074,17.53
17.351444244384766,18.64
18.864215850830078,20.34
20.329177856445312,21.99
21.589275360107422,23.24
22.60697364807129,24.26
23.463939666748047,25.04
24.217599868774414,25.649999999999995
24.91499900817871,26.32
25.532827377319336,27.21
25.98940658569336,27.58
26.213777542114258,27.85
26.251935958862305,28.0
26.174081802368164,28.02
25.916616439819336,27.910000000000004
25.72005844116211,27.72
25.32291603088379,27.32
24.817232131958008,26.66
24.08583641052246,26.33
23.280107498168945,25.32
22.300790786743164,24.36
21.35807228088379,23.26
20.329814910888672,22.04
19.25005340576172,20.33
18.103622436523438,19.6
16.973896026611328,17.84
15.599627494812012,15.94
14.24941349029541,13.919999999999998
12.57089614868164,11.87
10.4544095993042,9.4
8.208252906799316,7.18
6.217925548553467,4.92
4.5301666259765625,2.67
3.267580270767212,0.69
2.5175890922546387,0.0
2.2739830017089844,0.0
2.218406915664673,0.0
2.1675162315368652,0.0
2.1218066215515137,0.0
2.0696628093719482,0.0
2.034036159515381,0.0
1.9880855083465576,0.0
1.9570039510726929,0.0
1.9129871129989624,0.0
1.8805032968521118,0.0
1.8416422605514526,0.0
1.7956191301345825,0.0
1.7386517524719238,0.0
1.6834146976470947,0.0
1.63797128200531,0.0
1.5948185920715332,0.0
1.5582183599472046,0.0
1.5217567682266235,0.0
1.4894046783447266,0.0
1.4549797773361206,0.0
1.4194777011871338,0.0
1.3975419998168945,0.0
1.381424903869629,0.0
1.3726824522018433,0.0
1.3644145727157593,0.0
1.3563309907913208,0.0
1.3592805862426758,0.0
1.3700706958770752,0.0
1.3977028131484985,0.0
1.419034481048584,0.0
1.4434213638305664,0.0
1.4693477153778076,0.0
1.5091544389724731,0.0
1.5501915216445923,0.0
1.6072547435760498,0.0
1.6730718612670898,0.0
1.7365771532058716,0.0
1.8140017986297607,0.0
1.8964918851852417,0.0
1.984669804573059,0.0
2.0758981704711914,0.0
2.1637682914733887,0.0
2.2825589179992676,0.0
2.3880574703216553,0.0
2.502622127532959,0.0
2.613288640975952,0.0
2.717771291732788,0.0
2.795799732208252,0.0
2.8200066089630127,0.0
2.6239535808563232,0.0
2.4943532943725586,0.0
2.841737985610962,0.0
3.1799042224884033,0.01
3.626523017883301,0.53
4.645500659942627,1.31
5.6413373947143555,4.27
5.78592586517334,5.81
5.576208114624023,4.530000000000001
7.23593807220459,6.75
8.91135025024414,8.93
9.031222343444824,7.63
9.944071769714355,10.2
13.444234848022461,17.42
16.347537994384766,17.89
17.41107749938965,11.09
17.442108154296875,15.030000000000001
18.594921112060547,23.58
16.164405822753906,21.66
12.008726119995117,14.48
9.867490768432617,13.9
11.303192138671875,9.580000000000002
14.483497619628906,16.62
20.294910430908203,19.169999999999998
24.183271408081055,27.69
27.105052947998047,26.26
26.359214782714844,25.74
24.374286651611328,26.16
20.699235916137695,23.76
16.9106388092041,19.59
14.791508674621582,18.39
14.246724128723145,9.25
13.818050384521484,10.099999999999998
15.592045783996582,14.8
16.355300903320312,19.88
15.008862495422363,15.75
11.438822746276855,9.84
8.523262023925781,5.73
6.92011833190918,5.46
6.320948600769043,4.1
5.528942108154297,3.11
4.910221576690674,2.57
4.384727954864502,2.22
3.8612165451049805,1.64
3.2929720878601074,1.4000000000000001
2.8396778106689453,0.14
2.40769100189209,0.0
2.2940895557403564,0.0
2.2204718589782715,0.0
2.1505486965179443,0.0
2.0869405269622803,0.0
2.0509464740753174,0.0
2.0058810710906982,0.0
1.9479092359542847,0.0
1.899471402168274,0.0
1.8490616083145142,0.0
1.8037278652191162,0.0
1.744834542274475,0.0
1.7000513076782227,0.0
1.6585241556167603,0.0
1.6148666143417358,0.0
1.5673863887786865,0.0
1.531546711921692,0.0
1.4887646436691284,0.0
1.4528536796569824,0.0
1.4223178625106812,0.0
1.387271523475647,0.0
1.3511954545974731,0.0
1.3236173391342163,0.0
1.303067684173584,0.0
1.290959119796753,0.0
1.2765871286392212,0.0
1.2690777778625488,0.0
1.2711358070373535,0.0
1.2837003469467163,0.0
1.2985279560089111,0.0
1.3181263208389282,0.0
1.3407268524169922,0.0
1.3665845394134521,0.0
1.3934638500213623,0.0
1.4301267862319946,0.0
1.4901853799819946,0.0
1.5574296712875366,0.0
1.6260229349136353,0.0
1.7007888555526733,0.0
1.7845783233642578,0.0
1.860314130783081,0.0
1.9490214586257935,0.0
2.0544121265411377,0.0
2.152249336242676,0.0
2.264704465866089,0.0
2.3799281120300293,0.0
2.49346661567688,0.0
2.6100785732269287,0.0
2.7037277221679688,0.0
2.7071621417999268,0.0
2.608109712600708,0.0
2.429759979248047,0.0
2.329847812652588,0.0
2.2719342708587646,0.0
2.4441802501678467,0.24
3.0178542137145996,1.31
4.037596702575684,3.16
5.3509016036987305,5.609999999999999
6.815637111663818,7.14
8.421263694763184,9.8
10.45969009399414,11.98
12.25818157196045,14.03
14.19101333618164,15.9
15.901094436645508,17.7
17.489917755126953,19.56
18.894729614257812,20.91
20.08470916748047,21.74
21.15690040588379,23.12
22.86968421936035,24.13
23.377565383911133,24.84
23.833045959472656,25.61
24.931468963623047,26.25
24.611732482910156,26.739999999999995
23.974319458007812,26.95
23.111345291137695,22.0
22.54084587097168,27.93
23.414976119995117,26.799999999999997
22.52989387512207,20.5
22.603328704833984,26.38
23.967594146728516,25.91
23.170604705810547,25.08
22.167383193969727,24.09
21.121549606323242,23.37
20.355976104736328,22.13
19.330629348754883,19.44
18.233919143676758,19.15
17.435407638549805,18.060000000000002
16.005708694458008,16.45
14.315950393676758,14.81
12.375182151794434,11.01
9.933181762695312,9.04
7.88230037689209,6.88
5.951053142547607,4.25
4.329631328582764,2.79
3.259845495223999,0.76
2.4963538646698,0.0
2.2453765869140625,0.0
2.184488534927368,0.0
2.1211600303649902,0.0
2.0587964057922363,0.0
2.0067689418792725,0.0
1.9583171606063843,0.0
1.914395809173584,0.0
1.8787018060684204,0.0
1.846229910850525,0.0
1.8150825500488281,0.0
1.7528023719787598,0.0
1.7109220027923584,0.0
1.6607636213302612,0.0
1.6036767959594727,0.0
1.575905203819275,0.0
1.5395073890686035,0.0
1.4975048303604126,0.0
1.447238802909851,0.0
1.4095920324325562,0.0
1.3732441663742065,0.0
1.3568806648254395,0.0
1.3339240550994873,0.0
1.3147120475769043,0.0
1.300865888595581,0.0
1.287187099456787,0.0
1.2836923599243164,0.0
1.2866355180740356,0.0
1.3015793561935425,0.0
1.3112680912017822,0.0
1.3283016681671143,0.0
1.358264446258545,0.0
1.3912866115570068,0.0
1.4304461479187012,0.0
1.47524094581604,0.0
1.5162745714187622,0.0
1.5563257932662964,0.0
1.606420874595642,0.0
1.688899278640747,0.0
1.7605215311050415,0.0
1.8310388326644897,0.0
1.9269729852676392,0.0
2.032344341278076,0.0
2.117795944213867,0.0
2.211470603942871,0.0
2.3164892196655273,0.0
2.421017646789551,0.0
2.550971508026123,0.0
2.66245174407959,0.0
2.6502139568328857,0.0
2.533596992492676,0.0
2.3859968185424805,0.0
2.2285618782043457,0.0
2.193577289581299,0.0
2.4297094345092773,0.29
3.084049701690674,1.56
4.172381401062012,3.46
5.581259250640869,5.53
7.19043493270874,7.88
8.909425735473633,10.17
10.774136543273926,12.26
12.547890663146973,14.3
14.413613319396973,16.18
16.04625129699707,17.83
17.60329818725586,19.45
19.068801879882812,20.87
20.41107940673828,22.06
21.52971076965332,23.09
22.50655746459961,24.17
23.586837768554688,25.1
24.272470474243164,25.62
24.416126251220703,26.01
24.43549346923828,26.09
24.14786720275879,26.78
23.796422958374023,26.7
23.428977966308594,24.44
23.13579559326172,24.68
23.666133880615234,25.79
23.779006958007812,25.02
23.186491012573242,25.700000000000003
22.45022201538086,25.15
21.223209381103516,22.66
19.94576072692871,22.5
19.576419830322266,20.47
19.22294044494629,19.21
18.5336856842041,19.36
17.60152816772461,18.100000000000005
15.872221946716309,16.43
13.882943153381348,14.75
11.588314056396484,10.670000000000002
8.838419914245605,5.99
6.729536056518555,6.32
5.585834980010986,3.81
4.085306167602539,2.36
3.1150567531585693,0.56
2.437873363494873,0.0
2.2354602813720703,0.0
2.192772626876831,0.0
2.1468706130981445,0.0
2.0998518466949463,0.0
2.052492141723633,0.0
2.0022594928741455,0.0
1.9529317617416382,0.0
1.903171181678772,0.0
1.8523153066635132,0.0
1.806301474571228,0.0
1.7617979049682617,0.0
1.7194101810455322,0.0
1.6782702207565308,0.0
1.6414082050323486,0.0
1.606359601020813,0.0
1.571575403213501,0.0
1.5351288318634033,0.0
1.4995437860488892,0.0
1.4701610803604126,0.0
1.4414706230163574,0.0
1.4142369031906128,0.0
1.3876532316207886,0.0
1.3678698539733887,0.0
1.356432557106018,0.0
1.3505834341049194,0.0
1.350325345993042,0.0
1.351944088935852,0.0
1.3626197576522827,0.0
1.3788294792175293,0.0
1.3948734998703003,0.0
1.4183838367462158,0.0
1.45024573802948,0.0
1.4926767349243164,0.0
1.53274405002594,0.0
1.575989007949829,0.0
1.630387306213379,0.0
1.708418369293213,0.0
1.7856981754302979,0.0
1.8736594915390015,0.0
1.967020034790039,0.0
2.054945945739746,0.0
2.151629686355591,0.0
2.2451441287994385,0.0
2.3431284427642822,0.0
2.4507718086242676,0.0
2.5636959075927734,0.0
2.6799674034118652,0.0
2.769256830215454,0.0
2.7306466102600098,0.0
2.5540664196014404,0.0
2.3276562690734863,0.0
2.2039802074432373,0.0
2.1615312099456787,0.0
2.4582056999206543,0.36
3.170868158340454,1.73
4.477872371673584,3.98
6.056050777435303,6.419999999999999
7.810186862945557,8.44
9.630331993103027,11.13
11.615869522094727,13.1
13.40687084197998,15.35
15.170663833618164,16.58
16.72293472290039,18.57
18.301912307739258,19.97
19.669809341430664,21.45
20.926010131835938,22.56
21.9730167388916,23.68
22.90316390991211,24.5
23.636878967285156,25.3
24.250057220458984,25.9
24.666156768798828,26.36
24.94245147705078,26.739999999999995
25.09199333190918,26.95
25.121774673461914,27.0
25.053037643432617,26.99
24.848913192749023,26.92
24.71402931213379,26.790000000000003
24.404348373413086,26.5
23.920745849609375,26.01
23.322124481201172,25.36
22.64649772644043,24.630000000000003
21.88420867919922,23.85
21.057451248168945,22.81
20.05360984802246,21.67
18.949748992919922,20.42
17.762250900268555,18.89
16.50121307373047,17.24
15.245782852172852,15.45
14.027544975280762,13.55
12.39023494720459,11.54
10.27506160736084,9.37
8.139211654663086,7.11
6.156217575073242,4.88
4.493847846984863,2.72
3.2557356357574463,0.71
2.5136311054229736,0.0
2.243900775909424,0.0
2.1729421615600586,0.0
2.1087687015533447,0.0
2.0585968494415283,0.0
2.0107569694519043,0.0
1.9673024415969849,0.0
1.9043633937835693,0.0
1.8536274433135986,0.0
1.799060583114624,0.0
1.7532697916030884,0.0
1.7133147716522217,0.0
1.6702070236206055,0.0
1.6367409229278564,0.0
1.6201634407043457,0.0
1.5940282344818115,0.0
1.5637229681015015,0.0
1.5393048524856567,0.0
1.5116100311279297,0.0
1.4854791164398193,0.0
1.45247483253479,0.0
1.4263370037078857,0.0
1.3965699672698975,0.0
1.3663240671157837,0.0
1.3434383869171143,0.0
1.332613468170166,0.0
1.334127426147461,0.0
1.3424664735794067,0.0
1.3593599796295166,0.0
1.3831465244293213,0.0
1.4121654033660889,0.0
1.4367470741271973,0.0
1.4733999967575073,0.0
1.5174776315689087,0.0
1.554187536239624,0.0
1.589383840560913,0.0
1.6618506908416748,0.0
1.7626752853393555,0.0
1.827850580215454,0.0
1.91580069065094,0.0
2.0010223388671875,0.0
2.0811660289764404,0.0
2.1773529052734375,0.0
2.297790050506592,0.0
2.397022008895874,0.0
2.4919509887695312,0.0
2.595808267593384,0.0
2.705150842666626,0.0
2.8136446475982666,0.0
2.8311526775360107,0.0
2.629948377609253,0.0
2.422948122024536,0.0
2.201443910598755,0.0
2.138737201690674,0.0
2.370410919189453,0.16
3.0626332759857178,1.12
4.29730224609375,3.87
5.938003063201904,6.17
7.696634769439697,8.67
9.568530082702637,10.97
11.495930671691895,13.08
13.398272514343262,15.08
15.245865821838379,16.92
16.906654357910156,18.58
18.418174743652344,20.07
19.791772842407227,21.45
21.012680053710938,22.7
22.03136444091797,23.72
22.883296966552734,24.44
23.57135009765625,25.15
24.177518844604492,25.74
24.67671775817871,26.26
25.042089462280273,26.71
25.24683952331543,27.07
25.275211334228516,27.06
25.106779098510742,27.01
24.839197158813477,26.769999999999996
24.52142333984375,26.57
24.133081436157227,26.24
23.54840850830078,25.79
22.8780574798584,24.93
22.12295150756836,24.15
21.41921615600586,23.02
20.723718643188477,22.87
19.961591720581055,21.39
18.843914031982422,20.36
17.73404884338379,18.91
16.511144638061523,17.27
15.283891677856445,15.46
14.049479484558105,13.53
12.405256271362305,11.54
10.289567947387695,9.38
8.12014389038086,7.12
6.10634708404541,4.82
4.403467655181885,2.55
3.163454532623291,0.64
2.4486236572265625,0.0
2.209493637084961,0.0
2.145946979522705,0.0
2.106543779373169,0.0
2.075939655303955,0.0
2.0334930419921875,0.0
1.9738575220108032,0.0
1.9235206842422485,0.0
1.8796032667160034,0.0
1.8415369987487793,0.0
1.7838153839111328,0.0
1.718726634979248,0.0
1.6652504205703735,0.0
1.616940975189209,0.0
1.5669879913330078,0.0
1.5325405597686768,0.0
1.486922264099121,0.0
1.436804175376892,0.0
1.4001414775848389,0.0
1.3598692417144775,0.0
1.3206255435943604,0.0
1.2805405855178833,0.0
1.252380609512329,0.0
1.2354676723480225,0.0
1.2241305112838745,0.0
1.2081565856933594,0.0
1.1844555139541626,0.0
1.1878551244735718,0.0
1.193669319152832,0.0
1.1996287107467651,0.0
1.2161946296691895,0.0
1.2576305866241455,0.0
1.2792563438415527,0.0
1.3249319791793823,0.0
1.3669368028640747,0.0
1.4229199886322021,0.0
1.5134299993515015,0.0
1.5620970726013184,0.0
1.623374104499817,0.0
1.7020059823989868,0.0
1.7626292705535889,0.0
1.8442164659500122,0.0
1.9358415603637695,0.0
2.02966570854187,0.0
2.124872922897339,0.0
2.2315986156463623,0.0
2.340723991394043,0.0
2.4583675861358643,0.0
2.5647079944610596,0.0
2.5486714839935303,0.0
2.4114646911621094,0.0
2.2398719787597656,0.0
2.047469139099121,0.0
1.9873085021972656,0.0
2.211498737335205,0.16
2.8981285095214844,1.38
4.099147319793701,3.56
5.659356594085693,5.79
7.429150581359863,8.27
9.268266677856445,10.59
11.177325248718262,12.74
13.039814949035645,14.74
14.892555236816406,16.58
16.56348419189453,18.27
18.078060150146484,19.79
19.502531051635742,21.06
20.847122192382812,22.23
21.91497230529785,23.3
22.702720642089844,24.11
23.346982955932617,24.87
23.886751174926758,25.649999999999995
24.244144439697266,25.6
24.409765243530273,25.49
24.4786376953125,25.83
24.266010284423828,26.38
23.634164810180664,25.67
22.629072189331055,24.95
21.97013282775879,23.93
21.475229263305664,22.87
21.2186336517334,22.68
20.852989196777344,22.72
20.554473876953125,22.17
20.05014991760254,21.41
19.16510772705078,19.8
17.67664909362793,18.35
16.400266647338867,16.96
15.264189720153809,16.83
14.015213966369629,13.369999999999997
12.294024467468262,10.63
10.830710411071777,9.04
9.522518157958984,9.51
8.114470481872559,6.86
6.120270252227783,4.25
4.537981986999512,2.75
3.535273551940918,1.2
2.82328200340271,0.68
2.470947504043579,0.0
2.2312910556793213,0.0
2.16787052154541,0.0
2.1088685989379883,0.0
2.0467236042022705,0.0
2.002106189727783,0.0
1.960196852684021,0.0
1.9244327545166016,0.0
1.8791897296905518,0.0
1.8297452926635742,0.0
1.7751082181930542,0.0
1.7197908163070679,0.0
1.6730977296829224,0.0
1.6169332265853882,0.0
1.5689265727996826,0.0
1.5135836601257324,0.0
1.4628626108169556,0.0
1.4231598377227783,0.0
1.3794312477111816,0.0
1.3393670320510864,0.0
1.3142703771591187,0.0
1.2772034406661987,0.0
1.2565358877182007,0.0
1.2595546245574951,0.0
1.236985445022583,0.0
1.2275569438934326,0.0
1.2221877574920654,0.0
1.229806661605835,0.0
1.2083731889724731,0.0
1.2184829711914062,0.0
1.2257585525512695,0.0
1.2581264972686768,0.0
1.3026862144470215,0.0
1.3722392320632935,0.0
1.414427638053894,0.0
1.4688185453414917,0.0
1.5363775491714478,0.0
1.6170884370803833,0.0
1.730445146560669,0.0
1.8384498357772827,0.0
1.9522757530212402,0.0
2.0744524002075195,0.0
2.177762269973755,0.0
2.28501558303833,0.0
2.432908058166504,0.0
2.5711309909820557,0.0
2.5498125553131104,0.0
2.3852176666259766,0.0
2.195629358291626,0.0
2.015101194381714,0.0
1.9771322011947632,0.0
2.041175365447998,0.0
2.52760648727417,1.25
3.6813549995422363,3.39
6.289714336395264,5.55
8.763193130493164,7.91
10.502361297607422,10.22
11.720965385437012,13.47
12.65587043762207,15.590000000000002
13.014442443847656,17.4
13.0901517868042,12.98
14.45081615447998,15.39
18.457656860351562,19.3
22.365446090698242,21.78
24.74112319946289,22.77
25.490154266357422,23.68
24.570058822631836,26.99
21.93803596496582,22.47
17.333965301513672,18.43
12.997965812683105,13.35
10.178558349609375,9.86
9.306612968444824,7.03
9.84650993347168,8.23
11.623557090759277,9.77
13.077845573425293,11.87
13.850651741027832,14.65
13.563435554504395,12.13
12.072239875793457,9.91
10.85103702545166,9.22
9.919417381286621,8.4
8.786364555358887,7.0
7.630926132202148,5.070000000000001
6.659262657165527,4.41
6.00129508972168,3.61
5.364221572875977,3.0
4.807840347290039,2.05
4.281675338745117,1.91
3.8946521282196045,1.36
3.452863931655884,0.92
3.09855580329895,0.66
2.811605215072632,0.33
2.564244031906128,0.01
2.3949151039123535,0.0
2.3108129501342773,0.0
2.2360124588012695,0.0
2.1838464736938477,0.0
2.1251935958862305,0.0
2.0765161514282227,0.0
2.022141456604004,0.0
1.953873634338379,0.0
1.8833268880844116,0.0
1.811752438545227,0.0
1.7369951009750366,0.0
1.7003566026687622,0.0
1.6643754243850708,0.0
1.6030323505401611,0.0
1.549106240272522,0.0
1.5037412643432617,0.0
1.4544761180877686,0.0
1.399969458580017,0.0
1.3595386743545532,0.0
1.3308429718017578,0.0
1.2916961908340454,0.0
1.247802972793579,0.0
1.2028411626815796,0.0
1.1755459308624268,0.0
1.151375412940979,0.0
1.1290522813796997,0.0
1.1195282936096191,0.0
1.1244083642959595,0.0
1.1280479431152344,0.0
1.1352742910385132,0.0
1.1488890647888184,0.0
1.159266471862793,0.0
1.1825660467147827,0.0
1.217092752456665,0.0
1.2711257934570312,0.0
1.333708643913269,0.0
1.380605697631836,0.0
1.438692569732666,0.0
1.5066335201263428,0.0
1.5744813680648804,0.0
1.6518752574920654,0.0
1.742034673690796,0.0
1.8319636583328247,0.0
1.91286039352417,0.0
2.009550094604492,0.0
2.122781991958618,0.0
2.2418229579925537,0.0
2.3600759506225586,0.0
2.468285322189331,0.0
2.5818636417388916,0.0
2.6948068141937256,0.0
2.7905757427215576,0.0
2.8033299446105957,0.0
2.870523691177368,0.0
2.9696238040924072,0.0
2.9815592765808105,0.01
2.7342069149017334,0.28
3.1574647426605225,0.7000000000000001
4.048935890197754,1.65
5.0473952293396,2.17
5.291642189025879,3.0800000000000005
5.553558349609375,5.24
5.857846260070801,9.539999999999997
6.435094833374023,7.85
7.140888690948486,7.62
9.730204582214355,9.55
13.50312614440918,15.53
17.155282974243164,19.4
19.66387176513672,21.39
20.90361976623535,22.430000000000003
21.77769660949707,23.29
22.5255184173584,24.11
23.11115837097168,24.640000000000004
23.528940200805664,25.13
23.825979232788086,25.49
23.987506866455078,25.74
23.98975372314453,25.84
23.829832077026367,25.8
23.686832427978516,25.709999999999997
23.3870792388916,25.41
22.94139862060547,24.98
22.40251350402832,24.41
21.776256561279297,23.73
21.073644638061523,22.99
20.57622528076172,21.99
19.857458114624023,20.85
18.928361892700195,19.62
17.719030380249023,18.23
16.20465660095215,16.63
14.378300666809082,14.78
12.208252906799316,10.94
9.622419357299805,8.61
7.467602729797363,6.24
5.558996677398682,3.91
4.029773712158203,1.91
2.9931159019470215,0.41
2.4374678134918213,0.0
2.265667200088501,0.0
2.207724094390869,0.0
2.14550518989563,0.0
2.0929129123687744,0.0
2.037768602371216,0.0
1.9889428615570068,0.0
1.9363692998886108,0.0
1.8743999004364014,0.0
1.815158486366272,0.0
1.7606546878814697,0.0
1.7226775884628296,0.0
1.6745972633361816,0.0
1.6159628629684448,0.0
1.5582466125488281,0.0
1.499096393585205,0.0
1.445482611656189,0.0
1.4000582695007324,0.0
1.3575457334518433,0.0
1.3055310249328613,0.0
1.2726095914840698,0.0
1.2597384452819824,0.0
1.244290828704834,0.0
1.194374442100525,0.0
1.1716922521591187,0.0
1.1648224592208862,0.0
1.1346627473831177,0.0
1.1178058385849,0.0
1.1074196100234985,0.0
1.0963170528411865,0.0
1.1196950674057007,0.0
1.143812894821167,0.0
1.1589559316635132,0.0
1.1886411905288696,0.0
1.238189697265625,0.0
1.2875211238861084,0.0
1.3446836471557617,0.0
1.4194930791854858,0.0
1.4947923421859741,0.0
1.5713832378387451,0.0
1.6576144695281982,0.0
1.7432688474655151,0.0
1.8409889936447144,0.0
1.940861463546753,0.0
2.045851230621338,0.0
2.1509883403778076,0.0
2.2650134563446045,0.0
2.397862434387207,0.0
2.515498399734497,0.0
2.564940929412842,0.0
2.6131534576416016,0.0
2.8002429008483887,0.0
2.947854518890381,0.0
3.1094882488250732,0.0
3.37974214553833,0.23
3.649933338165283,0.89
3.9339849948883057,1.33
4.247642517089844,0.94
4.604758262634277,1.94
5.060581207275391,2.74
4.784446716308594,3.1
3.9552388191223145,4.6
3.731872797012329,5.34
4.408053398132324,5.99
6.531612396240234,7.18
9.891069412231445,9.34
14.10444164276123,15.14
18.322772979736328,21.05
20.97652816772461,23.18
22.148038864135742,23.82
22.895000457763672,24.41
23.504314422607422,24.92
23.87445068359375,25.45
24.032806396484375,25.86
23.9628963470459,26.14
23.744489669799805,26.08
23.339298248291016,25.08
23.073631286621094,24.37
22.979503631591797,25.42
22.965179443359375,25.05
22.337980270385742,24.71
21.58127784729004,23.479999999999997
20.730594635009766,22.69
20.325407028198242,21.71
19.743032455444336,20.78
18.927459716796875,19.7
17.771297454833984,18.36
16.26126480102539,16.82
14.465653419494629,14.99
12.285673141479492,10.85
9.672107696533203,8.56
7.5786542892456055,6.39
5.717350006103516,4.15
4.188807010650635,2.1
3.099785089492798,0.47
2.4678947925567627,0.0
2.2761569023132324,0.0
2.2024004459381104,0.0
2.1401660442352295,0.0
2.086792469024658,0.0
2.036719799041748,0.0
1.9865247011184692,0.0
1.9348878860473633,0.0
1.8842288255691528,0.0
1.8358980417251587,0.0
1.7969030141830444,0.0
1.7456971406936646,0.0
1.6938759088516235,0.0
1.6535087823867798,0.0
1.6017793416976929,0.0
1.5549827814102173,0.0
1.5150601863861084,0.0
1.4718931913375854,0.0
1.416275978088379,0.0
1.3877065181732178,0.0
1.3784503936767578,0.0
1.3320949077606201,0.0
1.2957392930984497,0.0
1.269848108291626,0.0
1.2584298849105835,0.0
1.248781681060791,0.0
1.2334983348846436,0.0
1.218662977218628,0.0
1.2152729034423828,0.0
1.2330657243728638,0.0
1.2436151504516602,0.0
1.270430326461792,0.0
1.2933539152145386,0.0
1.315368890762329,0.0
1.3476537466049194,0.0
1.4120348691940308,0.0
1.480944037437439,0.0
1.537331223487854,0.0
1.6131930351257324,0.0
1.7021288871765137,0.0
1.7664843797683716,0.0
1.860884666442871,0.0
1.9514195919036865,0.0
2.0488436222076416,0.0
2.146460771560669,0.0
2.266932964324951,0.0
2.3900909423828125,0.0
2.5105960369110107,0.0
2.6104793548583984,0.0
2.655042886734009,0.0
2.5543277263641357,0.0
2.409348487854004,0.0
2.2507007122039795,0.0
2.1734724044799805,0.0
2.321199893951416,0.12
2.8624768257141113,0.9
3.852065324783325,2.8000000000000003
5.20992374420166,4.81
6.76189661026001,7.1
8.403426170349121,9.3
10.150543212890625,11.43
11.941387176513672,13.44
13.712343215942383,15.33
15.448461532592773,17.1
16.985008239746094,18.64
18.38765525817871,20.06
19.670211791992188,21.269999999999996
20.742048263549805,22.379999999999995
21.68202781677246,23.3
22.471582412719727,24.08
23.09610366821289,24.73
23.61119270324707,25.3
24.022035598754883,25.75
24.315536499023438,26.12
24.467226028442383,26.33
24.45355987548828,26.37
24.258625030517578,26.37
24.064537048339844,26.11
23.646053314208984,25.659999999999997
23.091773986816406,25.09
22.463302612304688,24.559999999999995
21.77075958251953,23.75
21.00017547607422,22.81
20.178035736083984,21.81
19.27694320678711,20.81
18.269372940063477,19.52
17.138647079467773,18.060000000000002
15.94374942779541,16.48
14.739886283874512,14.63
13.383797645568848,12.69
11.607906341552734,10.58
9.522786140441895,8.45
7.496484279632568,6.24
5.64738130569458,4.06
4.142603874206543,2.0
3.0922045707702637,0.44
2.5118486881256104,0.0
2.325366497039795,0.0
2.261388063430786,0.0
2.201815128326416,0.0
2.1420295238494873,0.0
2.0957553386688232,0.0
2.0456717014312744,0.0
1.9879242181777954,0.0
1.9352259635925293,0.0
1.8903628587722778,0.0
1.8551650047302246,0.0
1.8171327114105225,0.0
1.7437881231307983,0.0
1.6775599718093872,0.0
1.627515196800232,0.0
1.5948046445846558,0.0
1.5551100969314575,0.0
1.5063799619674683,0.0
1.4687857627868652,0.0
1.4343061447143555,0.0
1.4037483930587769,0.0
1.369562029838562,0.0
1.3483030796051025,0.0
1.3250075578689575,0.0
1.2980228662490845,0.0
1.277204155921936,0.0
1.2689316272735596,0.0
1.2513705492019653,0.0
1.2402491569519043,0.0
1.2457032203674316,0.0
1.248249888420105,0.0
1.256717324256897,0.0
1.2827308177947998,0.0
1.3201348781585693,0.0
1.3594688177108765,0.0
1.3906983137130737,0.0
1.4363301992416382,0.0
1.5023046731948853,0.0
1.5740177631378174,0.0
1.661064863204956,0.0
1.7441985607147217,0.0
1.833536148071289,0.0
1.9330086708068848,0.0
2.044574737548828,0.0
2.154963254928589,0.0
2.271155834197998,0.0
2.39031720161438,0.0
2.5183982849121094,0.0
2.6290998458862305,0.0
2.6832165718078613,0.0
2.5995378494262695,0.0
2.4827256202697754,0.0
2.3338687419891357,0.0
2.2715516090393066,0.0
2.440635919570923,0.08
2.9417359828948975,0.83
3.881054162979126,2.66
5.205136299133301,4.63
6.724071025848389,6.9
8.34411334991455,9.17
10.033347129821777,11.17
11.811970710754395,13.35
13.587553977966309,15.24
15.323515892028809,16.93
16.91023826599121,18.6
18.34697723388672,20.01
19.671632766723633,21.38
20.882780075073242,22.52
21.899372100830078,23.46
22.77776527404785,24.26
23.503429412841797,25.06
24.040542602539062,25.8
24.357017517089844,26.08
24.456697463989258,26.14
24.446247100830078,26.33
24.355735778808594,26.2
24.084253311157227,26.1
24.200857162475586,25.88
23.725473403930664,25.42
23.232006072998047,25.0
22.322105407714844,24.41
21.164134979248047,23.479999999999997
20.514738082885742,22.63
19.285184860229492,19.45
18.22397232055664,20.06
17.557575225830078,17.55
16.321374893188477,17.8
15.256126403808594,16.3
13.537650108337402,10.9
11.505596160888672,11.59
10.252730369567871,9.2
8.070393562316895,6.85
6.073800563812256,4.59
4.427702903747559,2.09
3.219665288925171,0.51
2.604590654373169,0.0
2.3902933597564697,0.0
2.3027727603912354,0.0
2.2393250465393066,0.0
2.173793077468872,0.0
2.1161134243011475,0.0
2.0663869380950928,0.0
2.0161292552948,0.0
1.976988673210144,0.0
1.9268351793289185,0.0
1.8763976097106934,0.0
1.8284828662872314,0.0
1.78231680393219,0.0
1.7418994903564453,0.0
1.7056950330734253,0.0
1.6635135412216187,0.0
1.6228611469268799,0.0
1.5765516757965088,0.0
1.515487551689148,0.0
1.4595632553100586,0.0
1.4187711477279663,0.0
1.381240963935852,0.0
1.3434218168258667,0.0
1.318157434463501,0.0
1.2913532257080078,0.0
1.2776154279708862,0.0
1.2654508352279663,0.0
1.2642349004745483,0.0
1.2670220136642456,0.0
1.2770402431488037,0.0
1.2947108745574951,0.0
1.3131883144378662,0.0
1.340664029121399,0.0
1.375150442123413,0.0
1.4169886112213135,0.0
1.4620991945266724,0.0
1.5143094062805176,0.0
1.577811598777771,0.0
1.6432671546936035,0.0
1.724289894104004,0.0
1.8172463178634644,0.0
1.9102627038955688,0.0
2.0034427642822266,0.0
2.113867998123169,0.0
2.221261978149414,0.0
2.337580680847168,0.0
2.4531590938568115,0.0
2.5754928588867188,0.0
2.6998491287231445,0.0
2.803809881210327,0.0
2.815718650817871,0.0
2.7138071060180664,0.0
2.9106950759887695,0.0
3.1166303157806396,0.0
3.3091185092926025,0.01
3.4751946926116943,0.38
3.3786590099334717,1.58
3.4623842239379883,3.75
3.8682961463928223,2.47
4.974025249481201,3.94
6.846406936645508,5.99
8.937824249267578,9.3
11.29885482788086,13.64
13.218855857849121,15.65
14.63254165649414,16.9
16.213367462158203,16.38
18.08774757385254,19.66
20.42120933532715,22.3
21.941314697265625,23.44
22.81102180480957,24.33
23.5465145111084,25.04
24.449542999267578,25.56
24.588342666625977,25.81
24.57143211364746,25.97
23.979629516601562,26.08
23.39797019958496,26.21
22.699628829956055,25.22
22.067378997802734,22.1
22.00897789001465,24.73
22.656957626342773,23.72
22.28751564025879,25.5
21.802385330200195,23.520000000000003
20.558931350708008,22.47
19.7573184967041,21.49
18.850751876831055,20.21
17.92746925354004,19.26
16.98788070678711,18.040000000000003
15.874239921569824,16.36
14.923272132873535,14.71
13.683748245239258,12.87
11.911506652832031,10.8
9.747393608093262,8.63
7.5952558517456055,6.46
5.634016990661621,4.34
4.001279354095459,0.79
2.801004648208618,0.06
2.5140762329101562,0.0
2.430133819580078,0.0
2.3606932163238525,0.0
2.2957026958465576,0.0
2.2337517738342285,0.0
2.1713013648986816,0.0
2.1037137508392334,0.0
2.044360637664795,0.0
1.9803440570831299,0.0
1.9207942485809326,0.0
1.8618663549423218,0.0
1.7989236116409302,0.0
1.7364912033081055,0.0
1.6891077756881714,0.0
1.6268396377563477,0.0
1.5640959739685059,0.0
1.529526948928833,0.0
1.4778703451156616,0.0
1.4307857751846313,0.0
1.3948864936828613,0.0
1.3613632917404175,0.0
1.3272610902786255,0.0
1.29256010055542,0.0
1.2593717575073242,0.0
1.2522764205932617,0.0
1.2499536275863647,0.0
1.244428038597107,0.0
1.2281795740127563,0.0
1.2327792644500732,0.0
1.2282309532165527,0.0
1.2414647340774536,0.0
1.2628909349441528,0.0
1.2865225076675415,0.0
1.324866533279419,0.0
1.367659330368042,0.0
1.4176526069641113,0.0
1.4722256660461426,0.0
1.5383528470993042,0.0
1.6099172830581665,0.0
1.6859074831008911,0.0
1.755323886871338,0.0
1.8374924659729004,0.0
1.9417498111724854,0.0
2.0464847087860107,0.0
2.157935619354248,0.0
2.259070873260498,0.0
2.364912509918213,0.0
2.4805028438568115,0.0
2.599280595779419,0.0
2.6737136840820312,0.0
2.675386667251587,0.0
2.7908051013946533,0.0
2.9151666164398193,0.0
3.06602144241333,0.0
2.8920252323150635,0.0
2.726590633392334,0.54
3.6058850288391113,1.68
4.852733135223389,1.72
5.6895318031311035,2.55
5.904008865356445,3.73
6.309203147888184,8.73
6.869792938232422,10.82
7.0690388679504395,7.24
8.160771369934082,7.07
11.551786422729492,11.57
15.845032691955566,19.26
19.17031478881836,20.64
20.426366806030273,21.78
21.454444885253906,22.85
22.3060245513916,23.76
22.999189376831055,24.47
23.510099411010742,25.01
23.899505615234375,25.41
24.167518615722656,25.760000000000005
24.31902503967285,26.07
24.31772232055664,26.12
24.124122619628906,26.07
23.935400009155273,25.91
23.597705841064453,25.56
23.11259651184082,25.21
22.49898910522461,24.630000000000003
21.826751708984375,23.81
21.97711181640625,22.84
21.631385803222656,21.87
20.561439514160156,20.9
19.248104095458984,19.52
17.11749839782715,18.18
14.408251762390137,15.96
11.307764053344727,7.97
8.018275260925293,6.72
6.515580177307129,5.57
5.0246686935424805,1.31
3.6192421913146973,0.99
3.322718620300293,0.91
3.069531202316284,0.64
2.789975881576538,0.21
2.5573151111602783,0.0
2.434673309326172,0.0
2.3683922290802,0.0
2.3013339042663574,0.0
2.2411892414093018,0.0
2.1877834796905518,0.0
2.1356773376464844,0.0
2.0816659927368164,0.0
2.023716926574707,0.0
1.9647465944290161,0.0
1.9035940170288086,0.0
1.8416134119033813,0.0
1.782893419265747,0.0
1.7401816844940186,0.0
1.6918781995773315,0.0
1.6361546516418457,0.0
1.5907049179077148,0.0
1.5477408170700073,0.0
1.5058212280273438,0.0
1.4572941064834595,0.0
1.4284656047821045,0.0
1.3921946287155151,0.0
1.3674662113189697,0.0
1.3396588563919067,0.0
1.306650161743164,0.0
1.289833426475525,0.0
1.2874208688735962,0.0
1.3149681091308594,0.0
1.3364871740341187,0.0
1.3358349800109863,0.0
1.3450828790664673,0.0
1.3618799448013306,0.0
1.385498285293579,0.0
1.4163103103637695,0.0
1.4426190853118896,0.0
1.497907280921936,0.0
1.5656635761260986,0.0
1.626949667930603,0.0
1.6910525560379028,0.0
1.7688841819763184,0.0
1.835217833518982,0.0
1.915360927581787,0.0
2.0026464462280273,0.0
2.132211446762085,0.0
2.2318174839019775,0.0
2.3365886211395264,0.0
2.4486241340637207,0.0
2.566671371459961,0.0
2.681732416152954,0.0
2.7347915172576904,0.0
2.6460556983947754,0.0
2.5070242881774902,0.0
2.332597494125366,0.0
2.2426655292510986,0.0
2.3906972408294678,0.02
2.8756182193756104,0.63
3.8384172916412354,2.61
5.194690704345703,4.67
6.774670124053955,6.95
8.42716121673584,9.25
10.098560333251953,11.31
11.941132545471191,13.34
13.657024383544922,15.2
15.363018035888672,16.93
16.77228546142578,18.52
18.200830459594727,19.98
19.397653579711914,21.239999999999995
20.419198989868164,21.79
21.293493270874023,22.92
22.51435661315918,24.1
23.177515029907227,24.79
23.670589447021484,25.4
24.686382293701172,25.87
24.48590850830078,26.27
24.11107063293457,26.58
23.764934539794922,24.91
23.23889923095703,27.23
24.703954696655273,25.82
23.43062400817871,20.06
23.711322784423828,26.51
23.796022415161133,25.8
21.037288665771484,23.19
18.087947845458984,23.37
15.383207321166992,9.26
13.264453887939453,19.42
14.363086700439453,10.140000000000002
12.64625072479248,13.6
13.10937213897705,13.88
12.554317474365234,11.72
11.355868339538574,10.84
10.026753425598145,7.18
8.315154075622559,7.68
7.214908599853516,5.48
5.583878517150879,4.29
4.300434112548828,1.89
3.163012981414795,0.5
2.5766313076019287,0.0
2.3652610778808594,0.0
2.2947568893432617,0.0
2.2297582626342773,0.0
2.1819701194763184,0.0
2.1458215713500977,0.0
2.1005568504333496,0.0
2.0496315956115723,0.0
1.9978021383285522,0.0
1.9403083324432373,0.0
1.8869489431381226,0.0
1.8379762172698975,0.0
1.7851827144622803,0.0
1.7366896867752075,0.0
1.6934120655059814,0.0
1.650750994682312,0.0
1.6109766960144043,0.0
1.5771769285202026,0.0
1.543235182762146,0.0
1.511252522468567,0.0
1.4855748414993286,0.0
1.460263967514038,0.0
1.438111424446106,0.0
1.4147884845733643,0.0
1.4075392484664917,0.0
1.3917900323867798,0.0
1.3829046487808228,0.0
1.376072883605957,0.0
1.3868989944458008,0.0
1.4034019708633423,0.0
1.438250184059143,0.0
1.466746211051941,0.0
1.5079973936080933,0.0
1.5492905378341675,0.0
1.5922845602035522,0.0
1.646823525428772,0.0
1.6995867490768433,0.0
1.7537158727645874,0.0
1.8203577995300293,0.0
1.8924040794372559,0.0
1.966288447380066,0.0
2.049689531326294,0.0
2.144207715988159,0.0
2.254643201828003,0.0
2.3592560291290283,0.0
2.47031569480896,0.0
2.602804660797119,0.0
2.7236125469207764,0.0
2.828535556793213,0.0
2.8989131450653076,0.0
2.827657461166382,0.0
2.6878280639648438,0.0
2.4937283992767334,0.0
2.3692548274993896,0.0
2.459196090698242,0.02
2.904168128967285,0.57
3.845047950744629,2.58
5.225221633911133,4.66
6.8436102867126465,7.0
8.5603609085083,9.34
10.276902198791504,11.47
12.051587104797363,13.46
13.72913932800293,15.35
15.402913093566895,17.08
16.808732986450195,18.59
18.251863479614258,19.96
19.569814682006836,21.239999999999995
20.739126205444336,22.34
21.79846954345703,23.41
22.724422454833984,24.36
23.44791030883789,25.1
23.953670501708984,25.58
24.26863670349121,26.01
24.428592681884766,26.14
24.44354820251465,26.26
24.484575271606445,26.26
24.270078659057617,26.19
24.02521324157715,26.0
23.64348030090332,25.700000000000003
23.102060317993164,25.34
22.43734359741211,24.660000000000004
21.641679763793945,23.36
20.866466522216797,22.85
20.122089385986328,21.91
19.183504104614258,20.75
18.11075210571289,19.54
17.011377334594727,18.01
15.819425582885742,16.44
14.645102500915527,14.77
13.425519943237305,12.7
11.806310653686523,10.71
9.816946029663086,8.74
7.833413124084473,6.46
5.976016998291016,4.49
4.474340915679932,2.49
3.3300671577453613,0.7000000000000001
2.623276472091675,0.0
2.377967357635498,0.0
2.3170626163482666,0.0
2.2470812797546387,0.0
2.1737849712371826,0.0
2.103904962539673,0.0
2.051264524459839,0.0
2.0044567584991455,0.0
1.9520200490951538,0.0
1.8989697694778442,0.0
1.8491511344909668,0.0
1.8019826412200928,0.0
1.7575575113296509,0.0
1.7264840602874756,0.0
1.6876453161239624,0.0
1.6470383405685425,0.0
1.6006855964660645,0.0
1.5690878629684448,0.0
1.531026840209961,0.0
1.493268609046936,0.0
1.4648067951202393,0.0
1.4303330183029175,0.0
1.4115829467773438,0.0
1.3956341743469238,0.0
1.3843586444854736,0.0
1.384690761566162,0.0
1.3764474391937256,0.0
1.3920402526855469,0.0
1.4080389738082886,0.0
1.4239519834518433,0.0
1.4468340873718262,0.0
1.4734272956848145,0.0
1.5062217712402344,0.0
1.5445175170898438,0.0
1.593920350074768,0.0
1.6488286256790161,0.0
1.7102930545806885,0.0
1.7618186473846436,0.0
1.8218114376068115,0.0
1.897350549697876,0.0
1.9885116815567017,0.0
2.0777392387390137,0.0
2.175593614578247,0.0
2.2801918983459473,0.0
2.3839547634124756,0.0
2.4964969158172607,0.0
2.611513137817383,0.0
2.7347662448883057,0.0
2.8496642112731934,0.0
2.9314932823181152,0.0
2.835362434387207,0.0
2.6829686164855957,0.0
2.495856285095215,0.0
2.352663040161133,0.0
2.4294118881225586,0.01
2.835918426513672,0.51
3.739820718765259,2.32
5.08712100982666,4.46
6.696041584014893,6.74
8.362288475036621,9.050000000000002
10.036271095275879,11.230000000000002
11.769474983215332,13.21
13.371910095214844,15.04
15.019535064697266,16.71
16.47861671447754,18.26
17.894222259521484,19.7
19.312673568725586,20.92
20.514429092407227,22.1
21.572933197021484,23.05
22.44781494140625,24.02
23.175289154052734,24.79
23.670963287353516,25.31
23.943803787231445,25.659999999999997
24.077787399291992,25.88
24.086414337158203,26.08
24.108230590820312,25.96
25.265392303466797,25.61
24.920612335205078,25.62
24.611387252807617,25.46
23.874351501464844,25.18
23.053136825561523,24.670000000000005
21.096662521362305,22.61
17.677165985107422,12.35
14.12120532989502,19.48
13.504729270935059,14.93
11.052960395812988,11.25
9.399933815002441,4.9
8.843472480773926,5.16
9.864956855773926,10.61
10.661160469055176,11.739999999999998
9.370821952819824,7.509999999999999
7.121140003204346,3.79
5.695664882659912,4.48
5.066641330718994,3.32
4.040177345275879,2.24
3.183274507522583,0.45
2.5289547443389893,0.0
2.3477349281311035,0.0
2.2676641941070557,0.0
2.1942198276519775,0.0
2.1361031532287598,0.0
2.0752615928649902,0.0
2.0188257694244385,0.0
1.9807029962539673,0.0
1.9369244575500488,0.0
1.8895180225372314,0.0
1.8339934349060059,0.0
1.7904667854309082,0.0
1.7454077005386353,0.0
1.6918795108795166,0.0
1.6372877359390259,0.0
1.6014045476913452,0.0
1.5683468580245972,0.0
1.5364763736724854,0.0
1.5088077783584595,0.0
1.4829585552215576,0.0
1.4427882432937622,0.0
1.4105333089828491,0.0
1.385952353477478,0.0
1.3477610349655151,0.0
1.3330610990524292,0.0
1.3177032470703125,0.0
1.3288739919662476,0.0
1.3313721418380737,0.0
1.328497290611267,0.0
1.3312000036239624,0.0
1.3514865636825562,0.0
1.3659919500350952,0.0
1.390649437904358,0.0
1.4216783046722412,0.0
1.4781564474105835,0.0
1.5075185298919678,0.0
1.5708303451538086,0.0
1.6222774982452393,0.0
1.69320547580719,0.0
1.7815574407577515,0.0
1.8588305711746216,0.0
1.951013445854187,0.0
2.038726329803467,0.0
2.1466734409332275,0.0
2.2468674182891846,0.0
2.3770647048950195,0.0
2.49336838722229,0.0
2.5964767932891846,0.0
2.719656229019165,0.0
2.7832765579223633,0.0
2.6860198974609375,0.0
2.5494439601898193,0.0
2.3737881183624268,0.0
2.2625889778137207,0.0
2.347548723220825,0.01
2.7854912281036377,0.49
3.6833014488220215,2.32
4.977746486663818,4.26
6.529592037200928,6.5
8.161205291748047,8.83
9.815935134887695,10.93
11.601101875305176,12.94
13.226951599121094,14.85
14.999199867248535,16.6
16.49140739440918,18.14
17.893169403076172,19.55
19.32782745361328,20.83
20.46533203125,21.97
21.461402893066406,23.0
22.25090980529785,23.77
22.88878059387207,24.49
23.415082931518555,24.99
23.7363224029541,25.36
23.950977325439453,25.679999999999996
24.054733276367188,25.86
24.048118591308594,25.94
23.899187088012695,25.92
23.742080688476562,25.760000000000005
23.46112632751465,25.57
23.043001174926758,25.16
22.464733123779297,24.580000000000002
21.77986717224121,23.78
21.013181686401367,22.92
20.209365844726562,22.01
19.282211303710938,20.86
18.20696449279785,19.63
17.083824157714844,18.19
15.896655082702637,16.51
14.717955589294434,14.74
13.524232864379883,12.87
11.934091567993164,10.84
9.904829978942871,8.83
7.886849403381348,6.710000000000001
6.0120930671691895,4.5
4.421926975250244,2.35
3.257404327392578,0.55
2.584252119064331,0.0
2.365407943725586,0.0
2.2994894981384277,0.0
2.245885133743286,0.0
2.192596912384033,0.0
2.1509530544281006,0.0
2.0989279747009277,0.0
2.044553518295288,0.0
1.9910849332809448,0.0
1.9371769428253174,0.0
1.8857907056808472,0.0
1.832882046699524,0.0
1.7663328647613525,0.0
1.7117314338684082,0.0
1.6619364023208618,0.0
1.6270779371261597,0.0
1.5973999500274658,0.0
1.5639855861663818,0.0
1.5163393020629883,0.0
1.4852023124694824,0.0
1.4606475830078125,0.0
1.4201773405075073,0.0
1.3794790506362915,0.0
1.3446964025497437,0.0
1.332534670829773,0.0
1.3199162483215332,0.0
1.3017516136169434,0.0
1.2953132390975952,0.0
1.2919749021530151,0.0
1.2958776950836182,0.0
1.306978702545166,0.0
1.3183062076568604,0.0
1.3557031154632568,0.0
1.3876147270202637,0.0
1.4227269887924194,0.0
1.4749479293823242,0.0
1.528676152229309,0.0
1.6257877349853516,0.0
1.7173240184783936,0.0
1.7872177362442017,0.0
1.8656518459320068,0.0
1.969132900238037,0.0
2.059217691421509,0.0
2.1416118144989014,0.0
2.2335875034332275,0.0
2.340043067932129,0.0
2.448969602584839,0.0
2.5637876987457275,0.0
2.68748140335083,0.0
2.777149200439453,0.0
2.719146966934204,0.0
2.6245763301849365,0.0
2.503265857696533,0.0
2.412494659423828,0.0
2.494647741317749,0.01
2.8793294429779053,0.46
3.6941542625427246,2.1
4.883306980133057,4.04
6.366573810577393,6.22
7.979462146759033,8.49
9.636298179626465,10.59
11.401433944702148,12.61
13.045032501220703,14.48
14.761319160461426,16.23
16.200538635253906,17.76
17.519737243652344,19.23
18.80543327331543,20.48
19.875619888305664,21.52
20.865406036376953,22.460000000000004
21.695919036865234,23.34
22.450103759765625,24.08
23.065155029296875,24.690000000000005
23.518630981445312,25.15
23.8079776763916,25.53
23.926973342895508,25.77
23.879541397094727,25.75
23.643552780151367,25.64
23.40015411376953,25.42
23.0790958404541,25.12
22.684385299682617,24.73
22.14126205444336,24.19
21.466829299926758,23.39
20.697669982910156,22.59
19.886476516723633,21.6
18.90151596069336,20.48
17.8834285736084,19.07
16.81097984313965,17.67
15.722492218017578,16.08
14.567424774169922,14.41
13.2504243850708,12.42
11.496635437011719,10.5
9.379877090454102,8.08
7.301990509033203,5.8
5.520514011383057,3.65
4.139384746551514,1.79
3.2042245864868164,0.36
2.6896700859069824,0.0
2.5246469974517822,0.0
2.4547505378723145,0.0
2.3863368034362793,0.0
2.313804864883423,0.0
2.244628429412842,0.0
2.180198907852173,0.0
2.131683826446533,0.0
2.075716733932495,0.0
2.010831594467163,0.0
1.9555163383483887,0.0
1.896960973739624,0.0
1.8391716480255127,0.0
1.7897812128067017,0.0
1.7440615892410278,0.0
1.7062764167785645,0.0
1.6585699319839478,0.0
1.6215459108352661,0.0
1.5912306308746338,0.0
1.5483225584030151,0.0
1.508311152458191,0.0
1.4850552082061768,0.0
1.461012840270996,0.0
1.4323391914367676,0.0
1.4076483249664307,0.0
1.3864070177078247,0.0
1.3948619365692139,0.0
1.3809797763824463,0.0
1.3827359676361084,0.0
1.389678716659546,0.0
1.3955564498901367,0.0
1.3996676206588745,0.0
1.4177396297454834,0.0
1.4762275218963623,0.0
1.5032552480697632,0.0
1.556431770324707,0.0
1.6232067346572876,0.0
1.6866779327392578,0.0
1.7561808824539185,0.0
1.8535581827163696,0.0
1.94425630569458,0.0
2.0340473651885986,0.0
2.130358934402466,0.0
2.229297399520874,0.0
2.332810401916504,0.0
2.4350826740264893,0.0
2.5440187454223633,0.0
2.665508985519409,0.0
2.7757649421691895,0.0
2.8617806434631348,0.0
2.898214817047119,0.0
2.9021170139312744,0.0
2.8683199882507324,0.0
3.1872096061706543,0.0
3.619689702987671,0.01
4.185634613037109,0.47
4.849445343017578,1.16
5.206655502319336,2.5300000000000002
5.49159574508667,3.92
4.478125095367432,2.83
3.2850184440612793,3.0800000000000005
3.0538578033447266,3.17
4.470664978027344,3.72
7.853079319000244,7.19
10.567493438720703,8.31
14.486593246459961,16.71
18.118152618408203,19.71
19.8194580078125,21.239999999999995
20.535722732543945,18.95
20.040388107299805,15.12
19.770469665527344,23.94
19.497211456298828,17.5
15.849225044250488,17.81
13.318926811218262,12.62
10.892936706542969,9.16
9.994340896606445,10.110000000000001
9.340896606445312,8.84
9.5189208984375,8.56
11.009268760681152,11.04
12.239078521728516,13.33
12.80655574798584,11.3
11.893582344055176,10.76
11.679627418518066,16.02
11.793313026428223,12.4
10.736830711364746,9.34
11.048089981079102,10.8
12.049574851989746,9.529999999999998
12.345917701721191,13.16
12.637740135192871,12.09
11.26921558380127,10.05
9.336760520935059,8.03
7.4562506675720215,5.92
5.725780487060547,3.87
4.3269362449646,2.03
3.322666645050049,0.5
2.7218809127807617,0.0
2.513543128967285,0.0
2.4439644813537598,0.0
2.386955499649048,0.0
2.325572967529297,0.0
2.2674479484558105,0.0
2.200878381729126,0.0
2.1378471851348877,0.0
2.078761577606201,0.0
2.0174334049224854,0.0
1.9585219621658325,0.0
1.8976246118545532,0.0
1.826573133468628,0.0
1.7482960224151611,0.0
1.697761058807373,0.0
1.6574974060058594,0.0
1.6058865785598755,0.0
1.560127854347229,0.0
1.4978916645050049,0.0
1.43718421459198,0.0
1.3967934846878052,0.0
1.368613362312317,0.0
1.3535654544830322,0.0
1.3260395526885986,0.0
1.2953720092773438,0.0
1.2800381183624268,0.0
1.2800084352493286,0.0
1.270953893661499,0.0
1.2617954015731812,0.0
1.2726191282272339,0.0
1.2863681316375732,0.0
1.3211537599563599,0.0
1.3717434406280518,0.0
1.406795620918274,0.0
1.4702016115188599,0.0
1.5230919122695923,0.0
1.5829925537109375,0.0
1.6409268379211426,0.0
1.6970888376235962,0.0
1.761153221130371,0.0
1.8411176204681396,0.0
1.9387874603271484,0.0
2.05859112739563,0.0
2.154801607131958,0.0
2.272557497024536,0.0
2.3985257148742676,0.0
2.520310878753662,0.0
2.6419694423675537,0.0
2.7594146728515625,0.0
2.8556556701660156,0.0
2.8205344676971436,0.0
2.7085394859313965,0.0
2.5897674560546875,0.0
2.524146556854248,0.0
2.609602212905884,0.0
2.9688961505889893,0.4
3.7560460567474365,1.92
4.903831958770752,3.87
6.344512939453125,5.95
7.890661716461182,8.19
9.473873138427734,10.31
11.176435470581055,12.34
12.793230056762695,14.28
14.550590515136719,16.06
16.095632553100586,17.69
17.579998016357422,19.139999999999997
18.941940307617188,20.48
20.119178771972656,21.69
21.10148048400879,22.64
21.903907775878906,23.449999999999996
22.565326690673828,24.15
23.096248626708984,24.72
23.510242462158203,25.19
23.789857864379883,25.49
23.896150588989258,25.730000000000004
23.839935302734375,25.689999999999998
23.582021713256836,25.64
23.33493423461914,25.44
22.978958129882812,25.03
22.475454330444336,24.49
21.901517868041992,23.94
21.2412109375,23.29
20.47353744506836,22.400000000000002
19.632652282714844,21.370000000000005
18.705833435058594,20.34
17.725921630859375,19.079999999999995
16.689369201660156,17.72
15.627331733703613,16.21
14.534977912902832,14.52
13.370855331420898,12.7
11.81247329711914,10.68
9.799721717834473,8.57
7.811733722686768,6.39
5.99312686920166,4.25
4.499176979064941,2.25
3.401183605194092,0.56
2.744161605834961,0.0
2.5192759037017822,0.0
2.455209255218506,0.0
2.4023172855377197,0.0
2.3766653537750244,0.0
2.342095136642456,0.0
2.276324987411499,0.0
2.2043850421905518,0.0
2.1440420150756836,0.0
2.07061767578125,0.0
1.9968453645706177,0.0
1.937695860862732,0.0
1.8745249509811401,0.0
1.8250693082809448,0.0
1.7786811590194702,0.0
1.7230380773544312,0.0
1.6567766666412354,0.0
1.5986745357513428,0.0
1.5541163682937622,0.0
1.503260612487793,0.0
1.4596840143203735,0.0
1.4179027080535889,0.0
1.3879786729812622,0.0
1.3678934574127197,0.0
1.3594468832015991,0.0
1.3351414203643799,0.0
1.3529061079025269,0.0
1.3596476316452026,0.0
1.38002610206604,0.0
1.4213554859161377,0.0
1.4211430549621582,0.0
1.4220826625823975,0.0
1.460438847541809,0.0
1.5249419212341309,0.0
1.5677989721298218,0.0
1.6226394176483154,0.0
1.7024732828140259,0.0
1.7453227043151855,0.0
1.833977222442627,0.0
1.9441628456115723,0.0
2.0403647422790527,0.0
2.1420295238494873,0.0
2.2357406616210938,0.0
2.3280177116394043,0.0
2.4573988914489746,0.0
2.5514023303985596,0.0
2.65932559967041,0.0
2.7878806591033936,0.0
2.9021430015563965,0.0
2.975085735321045,0.0
2.9238669872283936,0.0
2.8429861068725586,0.0
2.720543146133423,0.0
2.615953207015991,0.0
2.678668737411499,0.0
3.013101100921631,0.32
3.8138954639434814,1.89
5.01711368560791,3.91
6.501211643218994,6.03
8.063236236572266,8.31
9.67110824584961,10.44
11.376873970031738,12.49
12.97222900390625,14.38
14.60860824584961,16.09
16.027795791625977,17.67
17.43998908996582,19.089999999999996
18.72876739501953,20.32
19.875865936279297,21.44
20.864816665649414,22.409999999999997
21.691701889038086,23.33
22.37508773803711,24.02
22.882183074951172,24.55
23.247146606445312,24.97
23.515695571899414,25.25
23.67426872253418,25.5
23.681753158569336,25.53
23.485700607299805,25.52
23.235788345336914,25.34
22.900144577026367,24.97
22.381425857543945,24.45
21.763328552246094,23.81
21.070247650146484,23.09
20.32832145690918,22.26
19.53450584411621,21.370000000000005
18.62372589111328,20.19
17.62369728088379,19.0
16.599374771118164,17.65
15.53000259399414,16.15
14.439692497253418,14.41
13.284071922302246,12.58
11.775879859924316,10.61
9.819238662719727,8.55
7.884950637817383,6.46
6.113134384155273,4.33
4.62915563583374,2.33
3.5250303745269775,0.63
2.8579928874969482,0.0
2.60919189453125,0.0
2.541766881942749,0.0
2.469557762145996,0.0
2.406665086746216,0.0
2.3445475101470947,0.0
2.2790918350219727,0.0
2.219670295715332,0.0
2.1767044067382812,0.0
2.1387827396392822,0.0
2.04799747467041,0.0
1.9889142513275146,0.0
1.956854224205017,0.0
1.9174600839614868,0.0
1.8805992603302002,0.0
1.8384993076324463,0.0
1.8036845922470093,0.0
1.76911199092865,0.0
1.734056830406189,0.0
1.699029803276062,0.0
1.6668204069137573,0.0
1.6485062837600708,0.0
1.6337355375289917,0.0
1.6212372779846191,0.0
1.609266996383667,0.0
1.6053446531295776,0.0
1.600355863571167,0.0
1.6054277420043945,0.0
1.610470175743103,0.0
1.6163307428359985,0.0
1.6482173204421997,0.0
1.683241367340088,0.0
1.7178912162780762,0.0
1.7659631967544556,0.0
1.8177975416183472,0.0
1.859652042388916,0.0
1.9414379596710205,0.0
2.009828567504883,0.0
2.083376407623291,0.0
2.169297695159912,0.0
2.27266001701355,0.0
2.366975784301758,0.0
2.476015329360962,0.0
2.5874149799346924,0.0
2.6861064434051514,0.0
2.804806709289551,0.0
2.9138431549072266,0.0
3.0264437198638916,0.0
3.14479660987854,0.0
3.25744891166687,0.0
3.2052416801452637,0.0
3.0860373973846436,0.0
2.939748525619507,0.0
2.8086185455322266,0.0
2.830333709716797,0.0
3.1317033767700195,0.2
3.890188217163086,1.84
5.139462947845459,4.02
6.674472808837891,6.23
8.2921781539917,8.58
9.93055248260498,10.75
11.623141288757324,12.81
13.246798515319824,14.7
14.865133285522461,16.4
16.329708099365234,17.93
17.70207405090332,19.33
18.960227966308594,20.63
20.10117530822754,21.83
21.112960815429688,22.82
21.981273651123047,23.67
22.719144821166992,24.31
23.286928176879883,24.95
23.709074020385742,25.51
23.957050323486328,25.86
24.020822525024414,25.89
23.931669235229492,25.91
23.749584197998047,25.81
23.547210693359375,25.700000000000003
23.298044204711914,25.45
22.875715255737305,25.03
22.342453002929688,24.46
21.69143295288086,23.81
20.934926986694336,22.93
20.320016860961914,21.98
19.512544631958008,20.91
18.503889083862305,19.6
17.27791976928711,18.14
15.89337158203125,16.63
14.323637962341309,14.87
12.522546768188477,11.219999999999999
10.255399703979492,9.17
8.237750053405762,7.01
6.347873687744141,4.81
4.749164581298828,2.54
3.541750192642212,0.84
2.8249571323394775,0.0
2.5368096828460693,0.0
2.4827842712402344,0.0
2.426384210586548,0.0
2.3728058338165283,0.0
2.3126401901245117,0.0
2.2680811882019043,0.0
2.222867727279663,0.0
2.177802324295044,0.0
2.131121873855591,0.0
2.0810866355895996,0.0
2.0409843921661377,0.0
1.9989652633666992,0.0
1.956740379333496,0.0
1.915229082107544,0.0
1.8758652210235596,0.0
1.835641622543335,0.0
1.802768588066101,0.0
1.7698267698287964,0.0
1.7378276586532593,0.0
1.71346914768219,0.0
1.6918163299560547,0.0
1.6698503494262695,0.0
1.6556814908981323,0.0
1.6393481492996216,0.0
1.6316133737564087,0.0
1.6285101175308228,0.0
1.6352730989456177,0.0
1.6443605422973633,0.0
1.6653462648391724,0.0
1.6813771724700928,0.0
1.7176563739776611,0.0
1.7555187940597534,0.0
1.7992640733718872,0.0
1.8468645811080933,0.0
1.8993124961853027,0.0
1.967237114906311,0.0
2.027069568634033,0.0
2.1047394275665283,0.0
2.1855356693267822,0.0
2.2717063426971436,0.0
2.371020555496216,0.0
2.468411922454834,0.0
2.5649795532226562,0.0
2.663747787475586,0.0
2.7761685848236084,0.0
2.8897573947906494,0.0
3.0068624019622803,0.0
3.1145098209381104,0.0
3.2139391899108887,0.0
3.143247127532959,0.0
3.0078771114349365,0.0
2.82975435256958,0.0
2.6620237827301025,0.0
2.6403799057006836,0.0
2.919581413269043,0.17
3.6566953659057617,1.77
4.8876261711120605,4.01
6.418183326721191,6.24
8.022928237915039,8.61
9.673072814941406,10.82
11.431285858154297,12.86
13.15667724609375,14.79
14.941802024841309,16.61
16.575029373168945,18.28
18.11659049987793,19.87
19.501876831054688,21.22
20.67748260498047,22.430000000000003
21.663150787353516,23.35
22.46650505065918,24.17
23.16097640991211,24.85
23.674575805664062,25.39
24.048017501831055,25.84
24.27741813659668,26.08
24.279232025146484,26.18
24.14206886291504,26.16
23.842586517333984,25.87
23.50529670715332,25.81
23.18365478515625,25.31
22.660400390625,24.660000000000004
22.105525970458984,24.32
21.450674057006836,23.46
20.61393165588379,22.63
19.974464416503906,21.63
19.137691497802734,20.42
18.110397338867188,19.139999999999997
16.91714096069336,17.66
15.5675687789917,16.25
14.12416934967041,14.59
12.394523620605469,11.07
10.180023193359375,9.030000000000001
8.225964546203613,7.07
6.379920959472656,5.0
4.763882637023926,2.91
3.5183944702148438,0.94
2.705869674682617,0.0
2.394054412841797,0.0
2.3510422706604004,0.0
2.3043341636657715,0.0
2.2553043365478516,0.0
2.2143115997314453,0.0
2.1693308353424072,0.0
2.1296584606170654,0.0
2.093839168548584,0.0
2.05973744392395,0.0
2.0326695442199707,0.0
2.0000293254852295,0.0
1.9644415378570557,0.0
1.9165797233581543,0.0
1.8744535446166992,0.0
1.8266229629516602,0.0
1.7838472127914429,0.0
1.7392628192901611,0.0
1.701612114906311,0.0
1.6675927639007568,0.0
1.6364901065826416,0.0
1.6047557592391968,0.0
1.578721046447754,0.0
1.5662517547607422,0.0
1.5540969371795654,0.0
1.5433253049850464,0.0
1.5497642755508423,0.0
1.5586358308792114,0.0
1.5659242868423462,0.0
1.5847058296203613,0.0
1.6080896854400635,0.0
1.636674165725708,0.0
1.6678121089935303,0.0
1.7106056213378906,0.0
1.761512279510498,0.0
1.820635199546814,0.0
1.8898729085922241,0.0
1.9606634378433228,0.0
2.0450239181518555,0.0
2.126817464828491,0.0
2.2155511379241943,0.0
2.3072731494903564,0.0
2.393425941467285,0.0
2.4900760650634766,0.0
2.5894522666931152,0.0
2.688912868499756,0.0
2.796567678451538,0.0
2.9117040634155273,0.0
3.0249321460723877,0.0
3.1199989318847656,0.0
3.066315174102783,0.0
2.929995059967041,0.0
2.748392343521118,0.0
2.5783488750457764,0.0
2.5484917163848877,0.0
2.81003475189209,0.19
3.5044143199920654,1.59
4.660789489746094,3.72
6.127071857452393,5.89
7.701083660125732,8.18
9.313161849975586,10.36
11.035347938537598,12.37
12.642574310302734,14.27
14.342918395996094,16.03
15.832469940185547,17.61
17.300264358520508,19.0
18.617313385009766,20.34
19.763259887695312,21.53
20.781692504882812,22.56
21.606645584106445,23.39
22.236528396606445,24.0
22.65618324279785,24.3
22.95648956298828,24.78
23.066997528076172,25.26
22.970666885375977,25.01
22.74858856201172,24.91
22.55003547668457,24.71
22.41997718811035,24.75
22.37830924987793,24.42
22.137115478515625,24.35
21.73024559020996,24.03
21.139686584472656,23.22
20.39774513244629,22.52
19.92304229736328,21.6
19.22622299194336,20.43
18.345962524414062,19.46
17.244760513305664,18.070000000000004
15.851850509643555,16.64
14.320319175720215,15.009999999999998
12.533207893371582,11.28
10.245588302612305,9.27
8.248693466186523,7.06
6.3406147956848145,4.98
4.734677314758301,2.88
3.4994115829467773,0.91
2.687033176422119,0.0
2.3865466117858887,0.0
2.335674285888672,0.0
2.28635573387146,0.0
2.2351267337799072,0.0
2.189229965209961,0.0
2.1451256275177,0.0
2.1019785404205322,0.0
2.059842348098755,0.0
2.0203146934509277,0.0
1.981231689453125,0.0
1.941321849822998,0.0
1.8995532989501953,0.0
1.8603229522705078,0.0
1.823567271232605,0.0
1.7834734916687012,0.0
1.74479079246521,0.0
1.7081910371780396,0.0
1.6754230260849,0.0
1.6443389654159546,0.0
1.6199710369110107,0.0
1.594658613204956,0.0
1.5746716260910034,0.0
1.5587247610092163,0.0
1.5472251176834106,0.0
1.5393974781036377,0.0
1.542669653892517,0.0
1.5486314296722412,0.0
1.5615969896316528,0.0
1.5760564804077148,0.0
1.6002018451690674,0.0
1.6312406063079834,0.0
1.6570082902908325,0.0
1.7024695873260498,0.0
1.7490969896316528,0.0
1.803746223449707,0.0
1.8699884414672852,0.0
1.9385695457458496,0.0
2.0180776119232178,0.0
2.1011881828308105,0.0
2.1915621757507324,0.0
2.2840588092803955,0.0
2.3832342624664307,0.0
2.4855031967163086,0.0
2.584897041320801,0.0
2.6988930702209473,0.0
2.8133773803710938,0.0
2.9184749126434326,0.0
3.027492046356201,0.0
3.127476453781128,0.0
3.0867388248443604,0.0
2.947427988052368,0.0
2.7583892345428467,0.0
2.580703020095825,0.0
2.5285229682922363,0.0
2.769014596939087,0.17
3.431715250015259,1.4700000000000002
4.592489719390869,3.63
6.161911964416504,5.78
7.7360100746154785,8.09
9.334681510925293,10.27
11.041386604309082,12.290000000000001
12.534892082214355,14.24
14.055977821350098,15.7
15.304234504699707,16.68
16.45289421081543,18.5
17.6279239654541,19.72
18.59966278076172,20.41
19.531021118164062,21.76
20.582979202270508,22.3
21.499269485473633,23.01
22.49356460571289,24.55
23.37786293029785,25.31
23.775131225585938,25.730000000000004
23.88394546508789,25.97
23.742778778076172,25.8
23.402429580688477,25.56
23.07172393798828,25.38
22.77663230895996,25.03
22.312896728515625,24.52
21.79318618774414,24.03
21.208364486694336,23.42
20.51293182373047,22.61
19.773536682128906,21.74
18.94123077392578,20.68
17.986164093017578,19.61
16.935771942138672,18.18
15.806251525878906,16.7
14.681816101074219,15.07
13.600943565368652,13.23
12.19773006439209,11.26
10.296850204467773,9.27
8.331920623779297,7.24
6.4560441970825195,5.11
4.807658672332764,2.99
3.543793201446533,1.01
2.713933229446411,0.0
2.382143020629883,0.0
2.340736150741577,0.0
2.3036253452301025,0.0
2.26396107673645,0.0
2.215116500854492,0.0
2.164212703704834,0.0
2.120582342147827,0.0
2.0810701847076416,0.0
2.033543109893799,0.0
1.9948996305465698,0.0
1.9608395099639893,0.0
1.9251583814620972,0.0
1.9030165672302246,0.0
1.8743728399276733,0.0
1.8457592725753784,0.0
1.8212264776229858,0.0
1.788090705871582,0.0
1.7560343742370605,0.0
1.7226431369781494,0.0
1.688881516456604,0.0
1.6669137477874756,0.0
1.6463053226470947,0.0
1.6322141885757446,0.0
1.6229453086853027,0.0
1.6138957738876343,0.0
1.6105831861495972,0.0
1.619642734527588,0.0
1.6285251379013062,0.0
1.6474151611328125,0.0
1.6753284931182861,0.0
1.7092766761779785,0.0
1.7500277757644653,0.0
1.796962022781372,0.0
1.8593847751617432,0.0
1.9262949228286743,0.0
2.005387306213379,0.0
2.0877878665924072,0.0
2.166761636734009,0.0
2.256067991256714,0.0
2.3454766273498535,0.0
2.4379403591156006,0.0
2.5339903831481934,0.0
2.6329424381256104,0.0
2.737675189971924,0.0
2.8382678031921387,0.0
2.941689968109131,0.0
3.053201675415039,0.0
3.165492057800293,0.0
3.27285099029541,0.0
3.2405927181243896,0.0
3.1148180961608887,0.0
2.955019235610962,0.0
2.794365406036377,0.0
2.7586402893066406,0.0
2.980977773666382,0.17
3.6072444915771484,1.46
4.713974475860596,3.6
6.143702030181885,5.72
7.691929817199707,8.06
9.326200485229492,10.28
11.050341606140137,12.330000000000002
12.692034721374512,14.34
14.396262168884277,16.1
15.900043487548828,17.71
17.36397361755371,19.21
18.71326446533203,20.5
19.96537971496582,21.74
21.06272315979004,22.82
22.027910232543945,23.71
22.64589500427246,24.42
23.082996368408203,24.96
23.328838348388672,25.26
23.35162925720215,25.43
23.294239044189453,25.5
23.148643493652344,24.77
22.935604095458984,25.53
22.960601806640625,25.24
22.70212173461914,24.86
22.419540405273438,24.76
22.065462112426758,24.2
21.512388229370117,23.65
20.850248336791992,22.92
20.057052612304688,22.01
19.094470977783203,21.05
18.053823471069336,19.54
16.937082290649414,18.18
15.875456809997559,16.65
14.74573802947998,15.04
13.652775764465332,13.31
12.249848365783691,11.43
10.295184135437012,9.16
8.233283996582031,7.0
6.354955196380615,4.769999999999999
4.7560133934021,2.87
3.5872673988342285,1.01
2.7768192291259766,0.0
2.4472410678863525,0.0
2.3964462280273438,0.0
2.3493361473083496,0.0
2.304800510406494,0.0
2.2597551345825195,0.0
2.211577892303467,0.0
2.1650047302246094,0.0
2.1125142574310303,0.0
2.055293321609497,0.0
2.0065181255340576,0.0
1.9617036581039429,0.0
1.9178296327590942,0.0
1.8771346807479858,0.0
1.8328235149383545,0.0
1.7981483936309814,0.0
1.7587881088256836,0.0
1.7196156978607178,0.0
1.6934609413146973,0.0
1.6634379625320435,0.0
1.6391781568527222,0.0
1.6172250509262085,0.0
1.596906304359436,0.0
1.5848808288574219,0.0
1.5753083229064941,0.0
1.5706392526626587,0.0
1.5778306722640991,0.0
1.5881026983261108,0.0
1.6061909198760986,0.0
1.6227248907089233,0.0
1.6490223407745361,0.0
1.675936222076416,0.0
1.7093768119812012,0.0
1.7472307682037354,0.0
1.7918038368225098,0.0
1.8401167392730713,0.0
1.9049371480941772,0.0
1.9786248207092285,0.0
2.0558626651763916,0.0
2.145831346511841,0.0
2.2293190956115723,0.0
2.334381580352783,0.0
2.4342055320739746,0.0
2.538262128829956,0.0
2.6507580280303955,0.0
2.755361795425415,0.0
2.8650527000427246,0.0
2.9782443046569824,0.0
3.0895822048187256,0.0
3.1907434463500977,0.0
3.1919689178466797,0.0
3.0978517532348633,0.0
2.954237699508667,0.0
2.8207409381866455,0.0
2.7823944091796875,0.0
2.9603850841522217,0.23
3.496837615966797,1.24
4.431008815765381,3.12
5.701344013214111,5.15
7.1383748054504395,7.33
8.708499908447266,9.49
10.453492164611816,11.63
12.157944679260254,13.69
13.999269485473633,15.579999999999998
15.621212005615234,17.29
17.571998596191406,18.83
19.32524871826172,20.14
20.843305587768555,21.33
21.422571182250977,22.34
21.003564834594727,23.01
20.60080909729004,23.550000000000004
19.462980270385742,21.1
18.204601287841797,20.250000000000004
18.04564666748047,19.41
18.854488372802734,21.43
19.918682098388672,23.509999999999998
20.466949462890625,21.06
20.812671661376953,23.24
21.797679901123047,24.15
21.855438232421875,24.18
21.481725692749023,23.509999999999998
20.856475830078125,23.03
20.203842163085938,22.16
19.67802619934082,21.13
19.00445556640625,20.01
18.436782836914062,19.0
17.263267517089844,17.6
15.585794448852539,16.06
13.681635856628418,14.21
11.468193054199219,10.41
8.870299339294434,8.04
6.737025260925293,3.89
4.9021077156066895,3.18
4.053388595581055,2.28
3.2649476528167725,0.74
2.6057703495025635,0.0
2.348684310913086,0.0
2.293419599533081,0.0
2.2419347763061523,0.0
2.1912059783935547,0.0
2.148066520690918,0.0
2.105043888092041,0.0
2.061555862426758,0.0
2.017636299133301,0.0
1.9702770709991455,0.0
1.9256561994552612,0.0
1.8789007663726807,0.0
1.8349883556365967,0.0
1.7939194440841675,0.0
1.7524327039718628,0.0
1.7155420780181885,0.0
1.6832109689712524,0.0
1.6506860256195068,0.0
1.619140386581421,0.0
1.5920956134796143,0.0
1.5681363344192505,0.0
1.5471101999282837,0.0
1.5325161218643188,0.0
1.5249794721603394,0.0
1.525718092918396,0.0
1.5307352542877197,0.0
1.5356301069259644,0.0
1.5407915115356445,0.0
1.5432621240615845,0.0
1.5501564741134644,0.0
1.5649358034133911,0.0
1.5900729894638062,0.0
1.6151138544082642,0.0
1.6508982181549072,0.0
1.7057768106460571,0.0
1.771706461906433,0.0
1.8445680141448975,0.0
1.924384593963623,0.0
2.010485887527466,0.0
2.0791964530944824,0.0
2.1430211067199707,0.0
2.213000774383545,0.0
2.2854154109954834,0.0
2.3778305053710938,0.0
2.4761064052581787,0.0
2.562039613723755,0.0
2.647341251373291,0.0
2.75787615776062,0.0
2.8736352920532227,0.0
2.9749069213867188,0.0
3.0088863372802734,0.0
2.9571738243103027,0.0
2.83974289894104,0.0
2.683042287826538,0.0
2.604994297027588,0.0
2.755171537399292,0.18
3.2441418170928955,0.98
4.111912727355957,2.44
5.321671009063721,4.45
6.728558540344238,6.74
8.2015962600708,8.9
9.807317733764648,10.78
11.425652503967285,12.829999999999998
13.133193969726562,14.7
14.769125938415527,16.38
16.299362182617188,17.989999999999995
17.728015899658203,19.36
19.04124641418457,20.57
20.197729110717773,21.72
21.232011795043945,22.81
22.116859436035156,23.74
22.816282272338867,24.47
23.28957748413086,24.96
23.54195213317871,25.22
23.583850860595703,25.36
23.495729446411133,25.35
23.212278366088867,25.17
22.862869262695312,24.94
22.555095672607422,24.580000000000002
22.1302547454834,24.15
21.624923706054688,23.65
21.030338287353516,22.99
20.38154411315918,22.28
19.64421844482422,21.33
18.7420654296875,20.17
17.728946685791016,18.95
16.6416015625,17.56
15.486860275268555,16.04
14.29271411895752,14.1
12.967391014099121,12.16
11.33481502532959,10.18
9.375656127929688,8.13
7.464329242706299,6.05
5.713708400726318,3.98
4.272700786590576,2.07
3.2392613887786865,0.64
2.6419200897216797,0.0
2.403520107269287,0.0
2.322932720184326,0.0
2.25335431098938,0.0
2.1948609352111816,0.0
2.141658067703247,0.0
2.080073833465576,0.0
2.0244810581207275,0.0
1.9728389978408813,0.0
1.9158806800842285,0.0
1.8583018779754639,0.0
1.79857337474823,0.0
1.7420207262039185,0.0
1.6867365837097168,0.0
1.632673978805542,0.0
1.576007604598999,0.0
1.522499918937683,0.0
1.4685999155044556,0.0
1.417441964149475,0.0
1.3718607425689697,0.0
1.3327527046203613,0.0
1.2985079288482666,0.0
1.2668919563293457,0.0
1.2451021671295166,0.0
1.2253587245941162,0.0
1.2178698778152466,0.0
1.2154345512390137,0.0
1.2161893844604492,0.0
1.2222286462783813,0.0
1.234091877937317,0.0
1.2477535009384155,0.0
1.270233154296875,0.0
1.3039095401763916,0.0
1.3469476699829102,0.0
1.39961838722229,0.0
1.4528508186340332,0.0
1.5173115730285645,0.0
1.5922001600265503,0.0
1.653591275215149,0.0
1.7434940338134766,0.0
1.8406893014907837,0.0
1.9484171867370605,0.0
2.064246892929077,0.0
2.1714231967926025,0.0
2.2891788482666016,0.0
2.4103455543518066,0.0
2.5272324085235596,0.0
2.644812822341919,0.0
2.759945869445801,0.0
2.8767263889312744,0.0
2.9758710861206055,0.0
3.0450353622436523,0.0
3.115248203277588,0.0
3.2371692657470703,0.0
3.403965473175049,0.0
3.5372934341430664,0.0
3.7737510204315186,0.17
4.11810302734375,0.7700000000000001
4.534073352813721,1.21
4.7878098487854,1.4000000000000001
5.018576145172119,1.68
5.229328632354736,2.89
5.4926557540893555,3.25
5.9194440841674805,3.67
6.440731525421143,4.23
6.784983158111572,5.94
7.093496322631836,7.29
8.03271198272705,9.36
8.670938491821289,11.07
9.728707313537598,11.01
11.502264976501465,13.1
14.386948585510254,17.12
17.464365005493164,19.83
19.472957611083984,19.59
21.344913482666016,24.07
23.149343490600586,25.24
23.286935806274414,25.13
23.125919342041016,25.07
22.956928253173828,24.89
22.559921264648438,24.589999999999996
21.99613380432129,23.97
21.303823471069336,23.25
20.56013298034668,22.439999999999998
19.725208282470703,21.340000000000003
18.773696899414062,20.18
17.739093780517578,19.0
16.63532257080078,17.59
15.452981948852539,15.94
14.250901222229004,14.14
12.993945121765137,12.22
11.419780731201172,10.27
9.485791206359863,8.28
7.573673248291016,6.17
5.808146953582764,4.14
4.3332366943359375,2.21
3.253688097000122,0.7000000000000001
2.6136763095855713,0.0
2.3565196990966797,0.0
2.281174898147583,0.0
2.210111618041992,0.0
2.1402535438537598,0.0
2.0816733837127686,0.0
2.019350528717041,0.0
1.968126654624939,0.0
1.9158028364181519,0.0
1.8515323400497437,0.0
1.7883864641189575,0.0
1.725536584854126,0.0
1.6853026151657104,0.0
1.6419569253921509,0.0
1.5894891023635864,0.0
1.5448660850524902,0.0
1.500403642654419,0.0
1.4417662620544434,0.0
1.386741280555725,0.0
1.3334040641784668,0.0
1.2891850471496582,0.0
1.248439908027649,0.0
1.21340811252594,0.0
1.1794064044952393,0.0
1.1518772840499878,0.0
1.1257447004318237,0.0
1.1065765619277954,0.0
1.1015303134918213,0.0
1.087399959564209,0.0
1.0870598554611206,0.0
1.12127685546875,0.0
1.1652119159698486,0.0
1.2209420204162598,0.0
1.290946125984192,0.0
1.3582892417907715,0.0
1.431281566619873,0.0
1.509453296661377,0.0
1.5891804695129395,0.0
1.673633337020874,0.0
1.7617628574371338,0.0
1.861838936805725,0.0
1.961320400238037,0.0
2.0690481662750244,0.0
2.179593801498413,0.0
2.288254976272583,0.0
2.404837131500244,0.0
2.5251517295837402,0.0
2.6462509632110596,0.0
2.7660484313964844,0.0
2.8872323036193848,0.0
2.9860846996307373,0.0
3.044867515563965,0.0
3.090463161468506,0.0
3.190483570098877,0.0
3.3343236446380615,0.0
3.5689141750335693,0.0
3.9044556617736816,0.26
4.271696090698242,0.9
4.596388339996338,1.49
4.9445672035217285,1.78
5.231194496154785,2.22
5.477767467498779,2.49
5.6115312576293945,2.92
6.085822105407715,4.11
5.3326945304870605,5.53
4.674658298492432,5.41
5.1613450050354,6.440000000000001
7.254286289215088,8.27
10.340229988098145,10.95
13.1837158203125,10.98
15.745067596435547,19.84
18.311506271362305,21.59
18.152978897094727,21.64
18.30091094970703,20.17
18.820287704467773,19.39
20.146242141723633,21.92
21.54515266418457,24.83
22.428438186645508,24.3
22.07718276977539,23.95
21.723712921142578,23.94
21.16879653930664,23.21
20.39547348022461,22.33
19.512901306152344,20.98
18.543935775756836,19.89
17.534757614135742,18.8
16.444005966186523,17.39
15.256314277648926,15.87
14.050701141357422,13.7
12.705544471740723,11.9
11.168098449707031,9.89
9.280523300170898,8.15
7.444028854370117,5.97
5.683196067810059,3.93
4.261952877044678,1.98
3.241572380065918,0.68
2.6681904792785645,0.0
2.4171125888824463,0.0
2.3392951488494873,0.0
2.271897792816162,0.0
2.1978604793548584,0.0
2.133225440979004,0.0
2.073230743408203,0.0
2.021974802017212,0.0
1.9748225212097168,0.0
1.9206770658493042,0.0
1.868133544921875,0.0
1.8217482566833496,0.0
1.7575701475143433,0.0
1.690334677696228,0.0
1.650240421295166,0.0
1.6169655323028564,0.0
1.5680575370788574,0.0
1.5218056440353394,0.0
1.4864200353622437,0.0
1.4497826099395752,0.0
1.411145567893982,0.0
1.3667833805084229,0.0
1.3208792209625244,0.0
1.2893940210342407,0.0
1.2604063749313354,0.0
1.2483761310577393,0.0
1.2352755069732666,0.0
1.2238125801086426,0.0
1.2220420837402344,0.0
1.2231721878051758,0.0
1.23502779006958,0.0
1.2655049562454224,0.0
1.285058617591858,0.0
1.3069336414337158,0.0
1.347001314163208,0.0
1.3956573009490967,0.0
1.450986623764038,0.0
1.5178390741348267,0.0
1.5902220010757446,0.0
1.6736798286437988,0.0
1.769852638244629,0.0
1.8707501888275146,0.0
1.9779906272888184,0.0
2.091343879699707,0.0
2.210782051086426,0.0
2.335196018218994,0.0
2.463958501815796,0.0
2.5995447635650635,0.0
2.731127977371216,0.0
2.8519704341888428,0.0
2.975600481033325,0.0
3.0990703105926514,0.0
3.1874685287475586,0.0
3.2036144733428955,0.0
3.2264065742492676,0.0
3.3728294372558594,0.0
2.887407064437866,0.0
2.4998779296875,0.09
3.1357533931732178,0.6
3.741541862487793,1.56
4.392434120178223,2.49
5.444225311279297,2.41
7.012843132019043,10.29
9.013647079467773,12.2
9.710000038146973,8.26
11.062371253967285,12.6
14.302225112915039,16.46
16.8988037109375,18.51
19.06787872314453,20.5
21.435741424560547,22.29
22.252859115600586,23.1
22.576135635375977,23.78
22.97761344909668,24.81
22.90201759338379,24.54
22.27226448059082,22.98
21.09394073486328,17.93
20.017349243164062,24.0
20.5518798828125,22.53
18.667173385620117,17.63
16.007396697998047,16.44
14.593721389770508,13.5
13.34516716003418,14.55
13.26205062866211,15.31
12.76948356628418,9.6
11.598254203796387,8.1
11.528192520141602,12.04
11.49631118774414,10.93
9.942925453186035,9.529999999999998
8.192170143127441,5.5
6.405374526977539,3.31
5.492671012878418,3.28
5.000570297241211,2.9400000000000004
4.342231273651123,1.69
3.6380746364593506,0.85
3.1961793899536133,0.67
2.948835611343384,0.31
2.7081332206726074,0.0
2.536912679672241,0.0
2.4682788848876953,0.0
2.4023995399475098,0.0
2.339353084564209,0.0
2.275723457336426,0.0
2.2112560272216797,0.0
2.143970489501953,0.0
2.084591865539551,0.0
2.026916265487671,0.0
1.9688870906829834,0.0
1.9085956811904907,0.0
1.8529045581817627,0.0
1.8044730424880981,0.0
1.7467397451400757,0.0
1.699236273765564,0.0
1.644742727279663,0.0
1.592189073562622,0.0
1.5397871732711792,0.0
1.487417221069336,0.0
1.464173436164856,0.0
1.4400705099105835,0.0
1.3913702964782715,0.0
1.3377101421356201,0.0
1.309718370437622,0.0
1.2915666103363037,0.0
1.2823463678359985,0.0
1.3017359972000122,0.0
1.2877811193466187,0.0
1.2957335710525513,0.0
1.2906767129898071,0.0
1.3122179508209229,0.0
1.3519240617752075,0.0
1.384817361831665,0.0
1.4275496006011963,0.0
1.467423677444458,0.0
1.5183770656585693,0.0
1.5783897638320923,0.0
1.6465210914611816,0.0
1.7580289840698242,0.0
1.8481976985931396,0.0
1.9208976030349731,0.0
2.0269219875335693,0.0
2.134897232055664,0.0
2.23459792137146,0.0
2.3448524475097656,0.0
2.4669041633605957,0.0
2.5952341556549072,0.0
2.7263317108154297,0.0
2.832313060760498,0.0
2.8989408016204834,0.0
2.850322961807251,0.0
2.7959084510803223,0.0
2.7568106651306152,0.0
2.821523904800415,0.0
3.0278589725494385,0.18
3.5033867359161377,0.97
4.346039295196533,2.66
5.487537860870361,4.3
7.044060230255127,6.17
8.506518363952637,8.09
10.959565162658691,10.24
12.547028541564941,12.21
13.669334411621094,13.88
13.986932754516602,15.25
14.777233123779297,14.67
15.719700813293457,17.15
16.608657836914062,12.43
15.41283130645752,16.06
14.874363899230957,17.11
13.446369171142578,19.059999999999995
12.083565711975098,14.85
11.297266960144043,10.58
12.672247886657715,11.91
16.30474853515625,20.38
19.709644317626953,22.47
20.287715911865234,22.04
20.303585052490234,22.26
20.800579071044922,22.81
21.33902359008789,23.83
21.271949768066406,23.4
20.641950607299805,22.480000000000004
19.903188705444336,21.69
19.160327911376953,20.75
18.23619270324707,19.62
17.189863204956055,18.27
16.064533233642578,16.8
14.87055492401123,15.21
13.676934242248535,13.44
12.361505508422852,11.43
10.774256706237793,9.48
8.93588638305664,7.46
7.178864002227783,5.43
5.614324569702148,3.72
4.337019443511963,1.97
3.3543155193328857,0.62
2.764009952545166,0.01
2.5261752605438232,0.0
2.4547438621520996,0.0
2.3874995708465576,0.0
2.320091724395752,0.0
2.2590675354003906,0.0
2.193572998046875,0.0
2.1287639141082764,0.0
2.0661776065826416,0.0
2.0046889781951904,0.0
1.9492173194885254,0.0
1.897640585899353,0.0
1.833170771598816,0.0
1.7788830995559692,0.0
1.7341232299804688,0.0
1.6825934648513794,0.0
1.6216926574707031,0.0
1.558898687362671,0.0
1.5089913606643677,0.0
1.4666051864624023,0.0
1.4292677640914917,0.0
1.3909999132156372,0.0
1.3553485870361328,0.0
1.318199872970581,0.0
1.2762916088104248,0.0
1.237507939338684,0.0
1.2202452421188354,0.0
1.2287673950195312,0.0
1.244667649269104,0.0
1.2602275609970093,0.0
1.2699557542800903,0.0
1.293727993965149,0.0
1.2976768016815186,0.0
1.323325276374817,0.0
1.3640727996826172,0.0
1.4087142944335938,0.0
1.4609661102294922,0.0
1.5261355638504028,0.0
1.6066385507583618,0.0
1.6911824941635132,0.0
1.7853378057479858,0.0
1.8748979568481445,0.0
1.983006477355957,0.0
2.0920116901397705,0.0
2.204800605773926,0.0
2.336587905883789,0.0
2.4596729278564453,0.0
2.5778884887695312,0.0
2.703528881072998,0.0
2.8112802505493164,0.0
2.8749051094055176,0.0
2.847440242767334,0.0
2.793482780456543,0.0
2.7442805767059326,0.0
2.7837564945220947,0.0
3.1841025352478027,0.14
4.1310014724731445,0.82
5.2297797203063965,2.46
6.028294086456299,4.21
6.655891418457031,6.11
6.9920125007629395,7.76
7.366556167602539,8.39
8.15562629699707,8.0
9.722887992858887,9.97
12.19587230682373,13.73
14.494781494140625,15.87
16.23197364807129,17.94
17.742090225219727,19.31
18.875741958618164,20.52
19.74827003479004,21.52
20.341936111450195,21.88
20.734031677246094,22.480000000000004
21.129661560058594,23.17
21.39579200744629,23.18
21.532867431640625,23.499999999999996
21.64589500427246,23.490000000000002
21.64714241027832,23.9
21.654346466064453,23.91
21.526037216186523,23.66
21.25570297241211,23.15
20.9207820892334,23.04
20.55467987060547,22.59
19.894977569580078,21.72
19.3260498046875,20.75
18.583959579467773,19.85
17.59397315979004,18.49
16.363065719604492,16.95
14.967768669128418,15.3
13.475419044494629,13.86
11.743322372436523,10.16
9.53277587890625,8.16
7.69798469543457,6.37
6.009201526641846,4.3
4.527359962463379,2.3
3.4320132732391357,0.72
2.786820650100708,0.0
2.5317177772521973,0.0
2.4684524536132812,0.0
2.4031310081481934,0.0
2.3412816524505615,0.0
2.2755215167999268,0.0
2.1997389793395996,0.0
2.1298890113830566,0.0
2.0714797973632812,0.0
2.0245258808135986,0.0
1.9768911600112915,0.0
1.9195082187652588,0.0
1.8720067739486694,0.0
1.8220986127853394,0.0
1.7594523429870605,0.0
1.7142943143844604,0.0
1.6711903810501099,0.0
1.6213858127593994,0.0
1.5743659734725952,0.0
1.5278395414352417,0.0
1.485136866569519,0.0
1.4488743543624878,0.0
1.419498324394226,0.0
1.3801906108856201,0.0
1.3559788465499878,0.0
1.346602439880371,0.0
1.328210473060608,0.0
1.3366317749023438,0.0
1.3375141620635986,0.0
1.3462796211242676,0.0
1.3651982545852661,0.0
1.4028968811035156,0.0
1.4238499402999878,0.0
1.4488468170166016,0.0
1.4968150854110718,0.0
1.574423909187317,0.0
1.636364221572876,0.0
1.73857843875885,0.0
1.845884084701538,0.0
1.9713677167892456,0.0
2.1177380084991455,0.0
2.254567861557007,0.0
2.3318915367126465,0.0
2.408729076385498,0.0
2.4793343544006348,0.0
2.59106183052063,0.0
2.7328145503997803,0.0
2.8192250728607178,0.0
2.9118552207946777,0.0
3.0155489444732666,0.0
3.042741537094116,0.0
2.946211338043213,0.0
2.829223394393921,0.0
2.707267999649048,0.0
2.6652321815490723,0.0
2.8215067386627197,0.06
3.340195655822754,0.9
4.338291168212891,3.06
5.725306510925293,5.0600000000000005
7.236161708831787,7.29
8.829087257385254,9.48
10.486390113830566,11.51
12.12861442565918,13.51
13.811699867248535,15.33
15.280594825744629,16.95
16.683813095092773,18.39
17.930294036865234,19.69
19.113828659057617,20.88
20.159252166748047,21.92
21.047353744506836,22.79
21.814537048339844,23.65
22.4081974029541,24.28
22.827808380126953,24.7
23.07794761657715,25.02
23.1876220703125,25.19
23.144458770751953,25.25
22.921262741088867,25.14
22.582645416259766,24.94
22.279491424560547,24.52
21.84632110595703,24.19
21.440101623535156,23.529999999999998
20.963457107543945,23.08
20.38665199279785,22.29
19.965471267700195,21.39
19.270233154296875,20.49
18.241621017456055,19.32
16.854291915893555,17.44
15.102537155151367,15.67
13.277974128723145,14.08
11.355546951293945,9.78
9.002327919006348,7.67
7.215275764465332,5.76
5.644093036651611,3.75
4.343076705932617,2.38
3.4293742179870605,1.04
2.7626659870147705,0.05
2.41837477684021,0.0
2.3547492027282715,0.0
2.311074733734131,0.0
2.266282796859741,0.0
2.221137762069702,0.0
2.1717159748077393,0.0
2.1213490962982178,0.0
2.074286937713623,0.0
2.027592182159424,0.0
1.9848170280456543,0.0
1.9490399360656738,0.0
1.9112722873687744,0.0
1.8724181652069092,0.0
1.8393959999084473,0.0
1.8055379390716553,0.0
1.7710959911346436,0.0
1.7401527166366577,0.0
1.7118836641311646,0.0
1.6872773170471191,0.0
1.6662063598632812,0.0
1.6476346254348755,0.0
1.6320106983184814,0.0
1.6172116994857788,0.0
1.60833740234375,0.0
1.6148428916931152,0.0
1.6187435388565063,0.0
1.6346702575683594,0.0
1.6441961526870728,0.0
1.6738512516021729,0.0
1.7065047025680542,0.0
1.7487437725067139,0.0
1.791440725326538,0.0
1.8309112787246704,0.0
1.8882334232330322,0.0
1.9277132749557495,0.0
1.9900449514389038,0.0
2.0676448345184326,0.0
2.1500821113586426,0.0
2.241145372390747,0.0
2.320509910583496,0.0
2.406313419342041,0.0
2.4941012859344482,0.0
2.6179873943328857,0.0
2.7383840084075928,0.0
2.845541477203369,0.0
2.9422974586486816,0.0
3.0470848083496094,0.0
3.161618232727051,0.0
3.2761356830596924,0.0
3.296440839767456,0.0
3.1700425148010254,0.0
2.9992551803588867,0.0
2.830209970474243,0.0
2.7630198001861572,0.0
2.9192657470703125,0.05
3.4789178371429443,0.89
4.553849697113037,3.12
6.007000923156738,5.2
7.545343399047852,7.5
9.077757835388184,9.68
10.633709907531738,11.66
12.235335350036621,13.54
13.842083930969238,15.18
15.282402992248535,16.76
16.703514099121094,18.24
17.92072868347168,19.76
18.977270126342773,20.79
19.83574867248535,21.52
20.628374099731445,22.460000000000004
21.330549240112305,23.1
21.87097930908203,23.6
22.306316375732422,24.11
22.58342742919922,24.630000000000003
22.652769088745117,24.559999999999995
22.505876541137695,24.37
22.270538330078125,24.41
21.93484115600586,24.08
21.481882095336914,23.63
20.94632339477539,23.21
20.349567413330078,22.510000000000005
19.71560287475586,21.7
19.04796600341797,20.88
18.66958236694336,20.05
18.150846481323242,19.51
17.376493453979492,18.21
16.278268814086914,16.96
14.972859382629395,15.33
13.40404987335205,13.95
11.678997039794922,10.4
9.464995384216309,8.23
7.524857044219971,6.21
5.786516189575195,3.96
4.334377765655518,2.18
3.3387539386749268,0.88
2.7221524715423584,0.04
2.417551040649414,0.0
2.3252480030059814,0.0
2.2550125122070312,0.0
2.19875431060791,0.0
2.1371517181396484,0.0
2.090534210205078,0.0
2.0529589653015137,0.0
2.0222866535186768,0.0
1.9943848848342896,0.0
1.9519398212432861,0.0
1.910849928855896,0.0
1.8773716688156128,0.0
1.835618257522583,0.0
1.7963364124298096,0.0
1.752791404724121,0.0
1.7156035900115967,0.0
1.6784385442733765,0.0
1.6439882516860962,0.0
1.618158221244812,0.0
1.6032627820968628,0.0
1.589793086051941,0.0
1.573632001876831,0.0
1.5688133239746094,0.0
1.5739567279815674,0.0
1.57256019115448,0.0
1.584285020828247,0.0
1.5877808332443237,0.0
1.5992039442062378,0.0
1.6071749925613403,0.0
1.6387088298797607,0.0
1.6665774583816528,0.0
1.7032244205474854,0.0
1.738688349723816,0.0
1.792719841003418,0.0
1.8561153411865234,0.0
1.9267055988311768,0.0
1.9997884035110474,0.0
2.075989246368408,0.0
2.156491756439209,0.0
2.2380728721618652,0.0
2.3284034729003906,0.0
2.443585157394409,0.0
2.549262046813965,0.0
2.6521499156951904,0.0
2.7512640953063965,0.0
2.8556041717529297,0.0
2.9663119316101074,0.0
3.0825297832489014,0.0
3.1896164417266846,0.0
3.224048376083374,0.0
3.1392364501953125,0.0
3.013263702392578,0.0
2.87790584564209,0.0
2.7950165271759033,0.0
2.8774783611297607,0.07
3.317734479904175,0.81
4.217195510864258,2.71
5.542315483093262,4.54
7.093820571899414,6.75
8.7185640335083,9.16
10.352402687072754,11.28
11.893843650817871,13.07
13.418667793273926,14.84
14.773735046386719,16.2
16.032541275024414,17.48
17.212173461914062,18.91
18.428680419921875,20.06
19.531740188598633,21.08
20.533763885498047,21.82
21.471635818481445,22.73
22.231996536254883,23.499999999999996
22.404014587402344,24.08
22.121936798095703,23.87
21.475244522094727,23.499999999999996
20.838918685913086,23.2
20.16768455505371,22.03
19.611583709716797,21.07
19.569931030273438,21.72
19.727216720581055,21.53
19.509044647216797,21.4
19.064027786254883,20.35
18.46211814880371,20.16
17.761775970458984,19.4
16.751079559326172,17.94
15.569979667663574,16.22
14.5010986328125,15.04
13.635872840881348,13.84
12.733242988586426,12.0
11.622151374816895,10.55
10.23897933959961,8.9
8.613696098327637,7.24
6.977722644805908,5.43
5.447319030761719,3.4899999999999998
4.166125774383545,2.07
3.2741641998291016,0.76
2.664895534515381,0.02
2.4087328910827637,0.0
2.3570525646209717,0.0
2.3082385063171387,0.0
2.2531251907348633,0.0
2.205676555633545,0.0
2.1532394886016846,0.0
2.09470534324646,0.0
2.031785249710083,0.0
1.9852052927017212,0.0
1.9473437070846558,0.0
1.9063053131103516,0.0
1.8642569780349731,0.0
1.8209728002548218,0.0
1.7731980085372925,0.0
1.7301713228225708,0.0
1.6864218711853027,0.0
1.6471329927444458,0.0
1.6046003103256226,0.0
1.58699369430542,0.0
1.5789555311203003,0.0
1.5640419721603394,0.0
1.554360270500183,0.0
1.557833194732666,0.0
1.564953327178955,0.0
1.5684175491333008,0.0
1.5723447799682617,0.0
1.5776077508926392,0.0
1.599698781967163,0.0
1.6233965158462524,0.0
1.6570208072662354,0.0
1.6958149671554565,0.0
1.734143853187561,0.0
1.783266544342041,0.0
1.8303695917129517,0.0
1.888921856880188,0.0
1.9506131410598755,0.0
2.014693260192871,0.0
2.092479705810547,0.0
2.1805734634399414,0.0
2.274169683456421,0.0
2.361752986907959,0.0
2.455662727355957,0.0
2.5618999004364014,0.0
2.6749203205108643,0.0
2.791276216506958,0.0
2.909108877182007,0.0
3.0169620513916016,0.0
3.132303476333618,0.0
3.2370030879974365,0.0
3.2765660285949707,0.0
3.1849350929260254,0.0
3.0716850757598877,0.0
2.9458792209625244,0.0
2.8843159675598145,0.0
3.047567129135132,0.04
3.5771403312683105,0.81
4.579408645629883,3.01
5.941752910614014,4.97
7.3747100830078125,7.17
8.879799842834473,9.33
10.420347213745117,11.33
11.989925384521484,13.24
13.62248420715332,14.98
15.161684036254883,16.73
16.629714965820312,18.23
17.90127182006836,19.55
19.06159782409668,20.79
20.060501098632812,21.82
20.912830352783203,22.58
21.639352798461914,23.28
22.23502540588379,23.99
22.64600372314453,24.5
22.83565330505371,24.77
22.88904571533203,24.93
22.813655853271484,24.8
22.591236114501953,24.57
22.306800842285156,24.43
22.101991653442383,24.24
21.6268367767334,23.92
20.975271224975586,23.05
20.18861961364746,22.37
19.448087692260742,21.5
18.63433265686035,20.51
17.7764892578125,19.29
16.868627548217773,18.5
16.03339385986328,17.28
15.088248252868652,15.92
14.12171459197998,14.23
13.135488510131836,12.74
11.922920227050781,10.99
10.134410858154297,9.23
8.188361167907715,6.9
6.273599624633789,4.790000000000001
4.695973873138428,2.69
3.495563507080078,1.01
2.745460271835327,0.06
2.4128966331481934,0.0
2.3496603965759277,0.0
2.3069658279418945,0.0
2.260849714279175,0.0
2.2171437740325928,0.0
2.170646905899048,0.0
2.125946283340454,0.0
2.0846593379974365,0.0
2.0442142486572266,0.0
2.006577968597412,0.0
1.9655978679656982,0.0
1.9251210689544678,0.0
1.888723611831665,0.0
1.8424266576766968,0.0
1.8168506622314453,0.0
1.7806826829910278,0.0
1.7496486902236938,0.0
1.719541311264038,0.0
1.7046338319778442,0.0
1.6919065713882446,0.0
1.6714260578155518,0.0
1.6532500982284546,0.0
1.6452345848083496,0.0
1.6410125494003296,0.0
1.6381173133850098,0.0
1.6433106660842896,0.0
1.6557527780532837,0.0
1.6804869174957275,0.0
1.706102728843689,0.0
1.7356266975402832,0.0
1.7684173583984375,0.0
1.801897644996643,0.0
1.850357174873352,0.0
1.900174617767334,0.0
1.9685447216033936,0.0
2.039001226425171,0.0
2.107042074203491,0.0
2.193092107772827,0.0
2.271662473678589,0.0
2.356182336807251,0.0
2.454169511795044,0.0
2.554832696914673,0.0
2.6609113216400146,0.0
2.7657270431518555,0.0
2.8790862560272217,0.0
2.9858059883117676,0.0
3.094939708709717,0.0
3.2111892700195312,0.0
3.305020570755005,0.0
3.3444831371307373,0.0
3.2580833435058594,0.0
3.107323408126831,0.0
2.9646835327148438,0.0
2.9063916206359863,0.0
3.07881760597229,0.09
3.578336715698242,0.79
4.559890270233154,2.89
5.897227764129639,5.08
7.326453685760498,7.26
8.820653915405273,9.42
10.355462074279785,11.25
11.9675931930542,13.23
13.688499450683594,15.07
15.233221054077148,16.76
16.67085075378418,18.21
17.86431312561035,19.46
18.929426193237305,20.67
19.742019653320312,21.49
20.419017791748047,22.23
20.995677947998047,22.87
21.435009002685547,23.38
21.795087814331055,23.78
22.141958236694336,24.02
22.467159271240234,24.7
22.726146697998047,24.68
22.749807357788086,24.690000000000005
22.684009552001953,24.89
22.533449172973633,24.690000000000005
22.028966903686523,24.21
21.32598114013672,23.46
20.53459930419922,22.55
19.551538467407227,21.47
18.734750747680664,20.36
17.73766326904297,19.23
16.625659942626953,18.019999999999996
15.35818099975586,16.66
14.172195434570312,14.82
13.049087524414062,13.8
12.194231033325195,11.01
11.05169677734375,10.18
9.826701164245605,8.5
8.214970588684082,7.47
6.619629383087158,5.23
4.953784942626953,3.4
3.693592071533203,1.4700000000000002
2.7745563983917236,0.12
2.32460355758667,0.0
2.2516791820526123,0.0
2.2116599082946777,0.0
2.1689229011535645,0.0
2.1404786109924316,0.0
2.116894245147705,0.0
2.070371150970459,0.0
2.014869451522827,0.0
1.9563132524490356,0.0
1.8906223773956299,0.0
1.8412402868270874,0.0
1.7896662950515747,0.0
1.7421343326568604,0.0
1.692022681236267,0.0
1.6396445035934448,0.0
1.588456153869629,0.0
1.541274070739746,0.0
1.5040366649627686,0.0
1.4619848728179932,0.0
1.4244753122329712,0.0
1.387900471687317,0.0
1.3575899600982666,0.0
1.3317230939865112,0.0
1.3203504085540771,0.0
1.3125568628311157,0.0
1.3122278451919556,0.0
1.3135693073272705,0.0
1.3234834671020508,0.0
1.3340864181518555,0.0
1.3509780168533325,0.0
1.3740592002868652,0.0
1.4100306034088135,0.0
1.4476383924484253,0.0
1.4924284219741821,0.0
1.5481555461883545,0.0
1.6101568937301636,0.0
1.6726889610290527,0.0
1.7455209493637085,0.0
1.8340466022491455,0.0
1.9206937551498413,0.0
2.0226049423217773,0.0
2.1249449253082275,0.0
2.219287395477295,0.0
2.3334920406341553,0.0
2.440181255340576,0.0
2.5584053993225098,0.0
2.6809353828430176,0.0
2.7884440422058105,0.0
2.9064855575561523,0.0
2.9720349311828613,0.0
2.9621593952178955,0.0
2.921168327331543,0.0
2.985504388809204,0.0
2.9769582748413086,0.0
3.153627395629883,0.05
3.0515716075897217,0.67
4.193813800811768,1.87
5.829782485961914,3.11
7.436277866363525,3.81
8.835317611694336,6.12
10.015239715576172,7.43
10.731449127197266,12.5
11.090788841247559,8.1
10.062673568725586,6.77
10.150757789611816,7.42
10.472121238708496,8.3
10.394871711730957,9.25
10.233698844909668,8.29
9.812695503234863,7.06
9.635269165039062,7.11
9.619107246398926,6.959999999999999
9.46297550201416,7.56
9.09875202178955,8.49
8.652979850769043,7.27
7.63538932800293,6.67
6.806520462036133,6.69
6.8875322341918945,7.62
7.803814888000488,8.5
9.427019119262695,10.63
11.546476364135742,10.44
13.596821784973145,14.03
15.546762466430664,17.2
16.056034088134766,16.56
15.231855392456055,15.8
14.132978439331055,14.17
12.794727325439453,12.51
11.436651229858398,10.35
9.989540100097656,8.57
8.508687973022461,6.73
7.083906173706055,5.14
5.828378200531006,3.87
4.7620625495910645,2.66
3.857882022857666,1.67
3.149549961090088,0.65
2.6390585899353027,0.1
2.39007306098938,0.0
2.2886641025543213,0.0
2.2245335578918457,0.0
2.1613306999206543,0.0
2.098147392272949,0.0
2.039238214492798,0.0
1.9858434200286865,0.0
1.9334067106246948,0.0
1.878037452697754,0.0
1.8219422101974487,0.0
1.767221450805664,0.0
1.713860273361206,0.0
1.6681489944458008,0.0
1.6266913414001465,0.0
1.5844529867172241,0.0
1.5441734790802002,0.0
1.4988313913345337,0.0
1.4544180631637573,0.0
1.408549427986145,0.0
1.3795030117034912,0.0
1.345217227935791,0.0
1.3201123476028442,0.0
1.2971343994140625,0.0
1.2889517545700073,0.0
1.2813682556152344,0.0
1.276901364326477,0.0
1.2757481336593628,0.0
1.2784050703048706,0.0
1.2927353382110596,0.0
1.316038727760315,0.0
1.3514883518218994,0.0
1.3992230892181396,0.0
1.4391475915908813,0.0
1.4851536750793457,0.0
1.5361043214797974,0.0
1.5915766954421997,0.0
1.6572916507720947,0.0
1.7385731935501099,0.0
1.8380542993545532,0.0
1.9158101081848145,0.0
2.0218780040740967,0.0
2.1352367401123047,0.0
2.2469122409820557,0.0
2.3597097396850586,0.0
2.476155996322632,0.0
2.5959489345550537,0.0
2.7172036170959473,0.0
2.8424599170684814,0.0
2.9611167907714844,0.0
3.0523030757904053,0.0
3.1367299556732178,0.0
3.198753595352173,0.0
3.2529854774475098,0.0
3.34653377532959,0.0
3.46893310546875,0.0
3.635819911956787,0.11
3.6646058559417725,0.63
3.449934482574463,1.22
3.2072205543518066,1.9
3.3865437507629395,2.47
4.210147380828857,3.56
5.932255744934082,5.16
8.484143257141113,8.69
11.492326736450195,13.38
14.20157527923584,16.05
15.952153205871582,17.54
17.297195434570312,18.96
18.39317512512207,19.97
19.132356643676758,20.91
19.799848556518555,21.72
20.261411666870117,22.07
20.6760196685791,22.56
21.00008773803711,22.8
21.175716400146484,22.95
21.26854133605957,23.550000000000004
21.20989990234375,23.42
20.980228424072266,23.31
20.784496307373047,22.77
20.561477661132812,22.75
20.266626358032227,22.37
19.780010223388672,21.96
19.175277709960938,21.23
18.50111198425293,20.34
17.756481170654297,19.39
16.8975887298584,18.32
15.96835708618164,17.07
14.956197738647461,15.75
13.943455696105957,14.28
12.92285442352295,12.47
11.631369590759277,10.649999999999999
9.973188400268555,8.86
8.172632217407227,6.91
6.432250499725342,4.95
4.894752502441406,3.1
3.6970112323760986,1.34
2.852006435394287,0.15
2.4489357471466064,0.0
2.3638370037078857,0.0
2.306514263153076,0.0
2.2387406826019287,0.0
2.1756253242492676,0.0
2.1197638511657715,0.0
2.086270332336426,0.0
2.0468149185180664,0.0
2.008485794067383,0.0
1.967881679534912,0.0
1.9089592695236206,0.0
1.8610140085220337,0.0
1.813459038734436,0.0
1.7592843770980835,0.0
