Predictions,Actuals
0.3980867564678192,0.0
0.4032909870147705,0.0
0.42158347368240356,0.0
0.4294496178627014,0.0
0.45458656549453735,0.0
0.45666974782943726,0.0
0.4748461842536926,0.0
0.5031356811523438,0.0
0.5479663610458374,0.0
0.5941731929779053,0.0
0.6309009790420532,0.0
0.6772356033325195,0.0
0.7311532497406006,0.0
0.7819902300834656,0.0
0.8374485373497009,0.0
0.8992667198181152,0.0
0.9737695455551147,0.0
1.037040114402771,0.0
1.0995062589645386,0.0
1.1166009902954102,0.0
1.0824042558670044,0.0
1.0266669988632202,0.0
1.0026997327804565,0.0
1.0317426919937134,0.0
1.1476521492004395,0.0
1.293489694595337,0.01
1.4912773370742798,0.34
1.8272104263305664,0.86
2.2743279933929443,1.35
2.8990275859832764,1.97
3.881309986114502,3.11
5.313318729400635,4.85
7.204770088195801,7.180000000000001
9.471101760864258,9.78
11.939041137695312,12.520000000000001
14.666183471679688,15.299999999999999
17.58201789855957,18.0
20.667036056518555,20.64
23.65934944152832,23.12
25.995412826538086,25.35
26.9093074798584,27.52
25.294776916503906,27.97
22.902935028076172,27.500000000000004
21.068017959594727,24.99
20.499195098876953,22.08
22.009506225585938,20.87
25.52883529663086,23.63
30.17938232421875,35.42
34.12202453613281,38.01
34.79894256591797,38.46
34.79181671142578,38.77
34.75295639038086,38.69
34.66352081298828,39.06
39.195919036865234,38.81
41.884788513183594,39.06
41.19428634643555,39.07
37.339393615722656,38.24
30.880796432495117,36.85
22.4405517578125,36.37
12.604415893554688,0.0
0.35937485098838806,0.0
0.3531903028488159,0.0
0.35406890511512756,0.0
0.3676639795303345,0.0
0.3900017738342285,0.0
0.41219574213027954,0.0
0.4306703805923462,0.0
0.44016093015670776,0.0
0.454779714345932,0.0
0.48719552159309387,0.0
0.5330893993377686,0.0
0.5568552613258362,0.0
0.587346613407135,0.0
0.617972195148468,0.0
0.6572311520576477,0.0
0.6681930422782898,0.0
0.6950407028198242,0.0
0.7347288727760315,0.0
0.789466142654419,0.0
0.8325448036193848,0.0
0.8666993975639343,0.0
0.9277896881103516,0.0
0.9861834049224854,0.0
1.0200974941253662,0.0
1.0500390529632568,0.0
1.0907506942749023,0.0
1.0920701026916504,0.0
1.077397108078003,0.0
1.0585635900497437,0.0
0.9284210205078125,0.0
0.9491301774978638,0.0
1.0656627416610718,0.0
1.6291171312332153,0.1
1.6653190851211548,0.66
2.05326247215271,1.3
2.8571102619171143,2.33
3.0995168685913086,3.45
3.6392993927001953,5.8
4.644379138946533,3.71
8.049324035644531,8.11
11.978314399719238,12.83
13.86729621887207,12.560000000000002
14.327473640441895,17.25
14.74882698059082,20.32
15.206088066101074,23.12
15.301251411437988,15.839999999999998
17.539033889770508,12.1
21.749832153320312,27.63
27.9483699798584,30.049999999999997
29.331737518310547,31.3
30.85982894897461,31.17
33.76563262939453,34.94
35.40721130371094,33.85
36.047794342041016,36.61
35.700767517089844,37.34
31.78655433654785,37.83
25.236774444580078,31.75
20.038616180419922,20.57
16.403474807739258,26.91
17.25825309753418,18.81
15.903594017028809,20.25
17.4769287109375,20.99
17.86697769165039,28.58
19.332855224609375,21.48
18.151582717895508,21.19
18.38530731201172,19.57
18.49135398864746,21.68
18.63496971130371,21.31
17.08062744140625,18.57
14.205278396606445,15.039999999999997
10.973437309265137,12.33
8.126259803771973,9.37
5.445159912109375,6.92
3.151467800140381,2.59
1.2285380363464355,0.0
0.26745590567588806,0.0
0.2682909369468689,0.0
0.2787979245185852,0.0
0.2781389355659485,0.0
0.2794021666049957,0.0
0.28856879472732544,0.0
0.29256361722946167,0.0
0.29905325174331665,0.0
0.27830785512924194,0.0
0.2658059895038605,0.0
0.2641422748565674,0.0
0.25533753633499146,0.0
0.2638043761253357,0.0
0.26910287141799927,0.0
0.27151668071746826,0.0
0.30030086636543274,0.0
0.31672531366348267,0.0
0.3306610584259033,0.0
0.36360862851142883,0.0
0.39242786169052124,0.0
0.42712128162384033,0.0
0.4626290798187256,0.0
0.4976730942726135,0.0
0.5379974842071533,0.0
0.5947392582893372,0.0
0.6548559069633484,0.0
0.7133778929710388,0.0
0.7645735740661621,0.0
0.815620481967926,0.0
0.8755913972854614,0.0
0.9244756698608398,0.0
0.9303791522979736,0.0
0.9308030009269714,0.0
0.8783872127532959,0.0
0.9957488775253296,0.0
1.2447010278701782,0.0
1.5287584066390991,0.0
1.7887029647827148,0.03
1.9732154607772827,0.49
2.2157468795776367,1.53
2.6400399208068848,2.4
2.609715461730957,1.86
2.385124683380127,2.23
2.5892813205718994,2.75
3.058232307434082,4.45
3.0187625885009766,5.84
3.556091785430908,5.31
4.54846715927124,8.56
6.523034572601318,7.690000000000001
9.138300895690918,14.719999999999999
14.044490814208984,12.48
17.549274444580078,20.93
24.590036392211914,25.77
28.8522891998291,26.68
29.945512771606445,31.290000000000003
31.297090530395508,32.63
29.728967666625977,33.93
28.190284729003906,34.25
25.707021713256836,26.5
22.80507469177246,23.91
22.517690658569336,32.44
23.326379776000977,24.75
22.902225494384766,34.04
25.389453887939453,23.79
25.97846031188965,26.94
30.31246566772461,38.71
34.035552978515625,37.87
34.369747161865234,39.33
33.30631637573242,38.3
36.05107116699219,38.47
36.84368133544922,37.53
34.50629425048828,36.78
29.728734970092773,25.89
23.042879104614258,25.290000000000003
17.901334762573242,34.05
11.41395092010498,0.0
0.2974478602409363,0.0
0.29441434144973755,0.0
0.2895236015319824,0.0
0.30060502886772156,0.0
0.31044334173202515,0.0
0.32153260707855225,0.0
0.33391472697257996,0.0
0.3342229723930359,0.0
0.31250715255737305,0.0
0.3134545087814331,0.0
0.3423493504524231,0.0
0.3463050425052643,0.0
0.35090669989585876,0.0
0.36558079719543457,0.0
0.43114331364631653,0.0
0.5004236698150635,0.0
0.5574976801872253,0.0
0.5878711342811584,0.0
0.5812702775001526,0.0
0.6303384900093079,0.0
0.6389331221580505,0.0
0.6342094540596008,0.0
0.6610484719276428,0.0
0.7111552357673645,0.0
0.7460923790931702,0.0
0.7839082479476929,0.0
0.8215780258178711,0.0
0.8671867847442627,0.0
0.909149169921875,0.0
0.9861702919006348,0.0
1.009777307510376,0.0
1.0299968719482422,0.0
1.0222409963607788,0.0
1.0397289991378784,0.0
1.1146314144134521,0.0
1.222242832183838,0.0
0.8256905674934387,0.0
0.9823259711265564,0.24
1.6712688207626343,0.66
2.6843857765197754,1.02
3.7305150032043457,1.5700000000000003
4.743244647979736,2.82
5.509316921234131,9.14
5.57744026184082,6.559999999999999
3.7432565689086914,4.37
2.33805251121521,2.59
1.3645097017288208,1.42
0.7858197093009949,0.68
0.4884917140007019,0.18
0.34105536341667175,0.08
0.3368942141532898,0.0
0.3320958614349365,0.0
0.33941251039505005,0.0
0.3702554702758789,0.0
0.3433663249015808,0.0
0.35179200768470764,0.0
0.35997629165649414,0.0
0.375251829624176,0.0
0.35990533232688904,0.0
0.3547670245170593,0.0
0.3231653869152069,0.0
0.3339465856552124,0.0
0.33711957931518555,0.0
0.35088565945625305,0.0
0.35357457399368286,0.0
0.3715468645095825,0.0
0.39269328117370605,0.0
0.45390838384628296,0.0
0.47682708501815796,0.0
0.5041981339454651,0.0
0.5626617074012756,0.0
0.6149548888206482,0.0
0.6504055261611938,0.0
0.7259150743484497,0.0
0.8575462698936462,0.0
0.8968653082847595,0.0
0.9826935529708862,0.0
1.0164713859558105,0.0
1.0953506231307983,0.0
1.138174295425415,0.0
1.2125298976898193,0.0
1.2521816492080688,0.0
1.2381707429885864,0.0
1.135000228881836,0.0
1.1379317045211792,0.0
1.1407663822174072,0.0
1.183437705039978,0.0
1.254134178161621,0.0
1.5129910707473755,0.22999999999999998
2.2291221618652344,1.07
3.2555594444274902,1.53
3.475658893585205,2.41
4.474298000335693,3.8900000000000006
5.953655242919922,5.85
6.930617809295654,7.960000000000001
7.114561080932617,8.93
6.491536617279053,5.75
7.158961772918701,13.51
9.058125495910645,14.13
10.407538414001465,12.4
14.06098747253418,14.01
19.99044418334961,21.83
26.277292251586914,26.85
28.846349716186523,22.33
29.739151000976562,30.91
30.405092239379883,32.54
25.341371536254883,31.41
20.346134185791016,22.38
15.01950454711914,16.49
13.229804039001465,17.52
12.252462387084961,13.16
8.735140800476074,13.930000000000001
8.902570724487305,22.72
9.06640911102295,16.26
8.553481101989746,13.62
11.592565536499023,12.31
18.154939651489258,18.16
25.275463104248047,31.679999999999996
29.674747467041016,25.95
27.974685668945312,30.630000000000003
26.922792434692383,31.09
23.292095184326172,30.98
18.81266212463379,25.069999999999997
13.882139205932617,10.07
10.695436477661133,12.12
12.077997207641602,15.310000000000002
11.899046897888184,16.52
10.08318042755127,9.96
7.093245506286621,8.5
5.791385650634766,7.780000000000001
4.534496307373047,4.9
3.069775342941284,3.85
2.1829030513763428,2.25
1.374705195426941,1.8799999999999997
0.9038119316101074,1.12
0.46724528074264526,0.13
0.15767589211463928,0.0
0.13124513626098633,0.0
0.13471432030200958,0.0
0.1415582299232483,0.0
0.18712878227233887,0.0
0.18943771719932556,0.0
0.17158463597297668,0.0
0.17578956484794617,0.0
0.17915815114974976,0.0
0.19843578338623047,0.0
0.22751110792160034,0.0
0.2850569784641266,0.0
0.35622602701187134,0.0
0.43380334973335266,0.0
0.4719981849193573,0.0
0.4737492799758911,0.0
0.40210819244384766,0.0
0.33567434549331665,0.0
0.13669374585151672,0.0
0.0,0.0
0.0,0.0
0.0,0.0
0.0,0.0
0.0,0.0
0.0,0.0
0.0,0.0
0.0,0.0
0.02928841859102249,0.0
0.09336955845355988,0.0
0.10932572185993195,0.0
0.15919245779514313,0.0
0.2332465648651123,0.0
0.28924885392189026,0.0
0.33952707052230835,0.0
0.4072872996330261,0.0
0.5000811219215393,0.0
0.5945596694946289,0.0
0.6689543128013611,0.0
0.7115839719772339,0.0
0.68290776014328,0.0
0.6257895231246948,0.0
0.6465883851051331,0.0
0.8013314604759216,0.0
1.1022226810455322,0.0
1.5643209218978882,0.17
2.11439847946167,1.0
2.650796890258789,2.23
3.1904191970825195,2.65
3.235661268234253,3.2300000000000004
3.54854679107666,3.07
3.928086280822754,3.5900000000000003
4.277087688446045,3.55
4.364254474639893,5.15
5.488007068634033,5.68
6.583943843841553,7.780000000000001
7.64394474029541,8.79
8.83300495147705,7.719999999999999
9.560479164123535,11.0
11.441752433776855,15.45
13.36219310760498,13.48
13.636037826538086,13.54
14.6893892288208,15.629999999999999
15.566285133361816,15.85
14.898377418518066,18.54
13.505125045776367,15.79
11.439125061035156,12.19
10.23362922668457,13.699999999999998
10.331694602966309,10.9
6.1308064460754395,10.65
4.699606895446777,11.63
5.664214134216309,13.91
8.260655403137207,13.62
11.99038028717041,12.55
17.489913940429688,10.46
24.108694076538086,36.39
30.71995735168457,34.2
28.860898971557617,27.750000000000004
27.510087966918945,29.719999999999995
28.00861358642578,30.959999999999997
26.618703842163086,29.39
23.516921997070312,27.71
20.574996948242188,20.87
17.11489486694336,18.9
14.925500869750977,18.02
12.884405136108398,13.63
10.439181327819824,12.39
8.917267799377441,11.99
7.274815559387207,7.109999999999999
5.246151924133301,6.329999999999999
4.237672805786133,5.1
3.2161996364593506,3.62
2.1963846683502197,3.34
1.4925817251205444,1.4
0.6675137281417847,0.5
0.31948351860046387,0.07
0.20453035831451416,0.0
0.1967528760433197,0.0
0.16700252890586853,0.0
0.14493316411972046,0.0
0.1312103122472763,0.0
0.10208729654550552,0.0
0.08965935558080673,0.0
0.07097218185663223,0.0
0.05040466785430908,0.0
0.044717639684677124,0.0
0.03507472574710846,0.0
0.030520744621753693,0.0
0.029304996132850647,0.0
0.024967268109321594,0.0
0.019516795873641968,0.0
0.01954827457666397,0.0
0.02703499048948288,0.0
0.016667693853378296,0.0
0.014426000416278839,0.0
0.020408257842063904,0.0
0.039575062692165375,0.0
0.03655198961496353,0.0
0.059057772159576416,0.0
0.08904598653316498,0.0
0.12083817273378372,0.0
0.16192254424095154,0.0
0.2006022334098816,0.0
0.26260054111480713,0.0
0.3181077539920807,0.0
0.3668036460876465,0.0
0.4391465187072754,0.0
0.4988228976726532,0.0
0.5738370418548584,0.0
0.6460063457489014,0.0
0.7013494968414307,0.0
0.6692022085189819,0.0
0.6447056531906128,0.0
0.6521238088607788,0.0
0.7422338128089905,0.0
0.8696648478507996,0.0
1.007439136505127,0.0
1.147552251815796,0.14
1.3840465545654297,0.54
1.7443759441375732,0.88
2.3541862964630127,1.32
3.458423614501953,2.54
5.204526901245117,4.58
5.337956428527832,7.31
7.165376663208008,10.26
10.485000610351562,13.200000000000001
15.017029762268066,16.14
20.46529197692871,18.96
26.309602737426758,21.54
31.962907791137695,39.23
35.31662368774414,37.78
34.08391571044922,36.8
32.58493423461914,35.9
30.977323532104492,34.27
29.86060333251953,33.2
27.833438873291016,29.100000000000005
25.711688995361328,29.37
24.70039939880371,25.569999999999997
22.780475616455078,25.75
20.54202651977539,23.01
16.989587783813477,14.01
13.27846622467041,17.98
11.55734920501709,14.89
7.913172245025635,9.36
4.657792091369629,3.49
2.7040059566497803,3.55
2.394101858139038,2.7
1.8414371013641357,2.4
1.3736531734466553,1.81
0.8786438703536987,0.77
0.46217775344848633,0.19
0.27666613459587097,0.0
0.23089870810508728,0.0
0.21566227078437805,0.0
0.19800923764705658,0.0
0.18742159008979797,0.0
0.19339285790920258,0.0
0.19748640060424805,0.0
0.19705426692962646,0.0
0.20224414765834808,0.0
0.2141820192337036,0.0
0.2064993679523468,0.0
0.22050422430038452,0.0
0.21538026630878448,0.0
0.2360789179801941,0.0
0.25396233797073364,0.0
0.2634836435317993,0.0
0.2547411322593689,0.0
0.23224204778671265,0.0
0.2716312110424042,0.0
0.2756100296974182,0.0
0.2906450927257538,0.0
0.31097811460494995,0.0
0.32666680216789246,0.0
0.33942070603370667,0.0
0.3585644066333771,0.0
0.3951858878135681,0.0
0.44100600481033325,0.0
0.48708412051200867,0.0
0.5247334241867065,0.0
0.5795903205871582,0.0
0.6435854434967041,0.0
0.7108080983161926,0.0
0.764620304107666,0.0
0.8124252557754517,0.0
0.8629772663116455,0.0
0.9186021089553833,0.0
0.9592786431312561,0.0
0.9596933722496033,0.0
0.8953940272331238,0.0
0.9133269190788269,0.0
1.0157334804534912,0.0
1.1590787172317505,0.0
1.1382807493209839,0.1
1.5658639669418335,0.58
2.315589666366577,1.46
2.1459343433380127,2.28
1.8165130615234375,2.49
1.8483694791793823,2.64
2.15653395652771,4.45
3.7420928478240967,5.27
6.666426181793213,4.77
10.277769088745117,9.67
15.821771621704102,20.85
19.964311599731445,17.2
19.862192153930664,22.49
21.802125930786133,24.93
23.343948364257812,23.97
25.758201599121094,29.299999999999997
28.436452865600586,24.78
30.55835723876953,30.579999999999995
32.83362579345703,36.12
33.52505111694336,37.56
32.83713912963867,36.87
32.34302520751953,31.05
32.982627868652344,35.44
35.27286148071289,35.91
36.5205078125,38.24
37.58259201049805,40.01
37.76282501220703,40.28
37.26639938354492,39.87
36.56574630737305,39.61
35.73640441894531,39.28
34.73390197753906,38.39
33.600189208984375,35.82
32.70651626586914,36.66
31.856786727905273,35.59
30.897367477416992,33.44
29.191896438598633,32.76
27.72391128540039,31.08
26.1036434173584,29.600000000000005
24.38545036315918,24.75
22.39702796936035,25.629999999999995
21.161441802978516,23.27
18.766637802124023,20.59
15.88701057434082,17.85
12.988248825073242,13.79
10.173930168151855,12.16
7.924394130706787,9.34
5.613958835601807,6.64
3.6975769996643066,4.19
2.2328040599823,2.38
1.2710731029510498,1.32
0.7270064353942871,0.75
0.43793803453445435,0.16
0.2643391489982605,0.0
0.22762715816497803,0.0
0.22095125913619995,0.0
0.22259503602981567,0.0
0.2296004444360733,0.0
0.24983100593090057,0.0
0.2475503832101822,0.0
0.25520139932632446,0.0
0.2547113299369812,0.0
0.24685561656951904,0.0
0.2522604465484619,0.0
0.26155319809913635,0.0
0.27171558141708374,0.0
0.2738719880580902,0.0
0.2546558082103729,0.0
0.2673579454421997,0.0
0.2708215117454529,0.0
0.2666206955909729,0.0
0.27374589443206787,0.0
0.32079070806503296,0.0
0.3759041428565979,0.0
0.352893590927124,0.0
0.43733155727386475,0.0
0.4292767643928528,0.0
0.4596346914768219,0.0
0.49380213022232056,0.0
0.51967853307724,0.0
0.563957154750824,0.0
0.587036669254303,0.0
0.6719880104064941,0.0
0.7244469523429871,0.0
0.7765352725982666,0.0
0.8787156939506531,0.0
0.9673722982406616,0.0
1.0461350679397583,0.0
1.0959206819534302,0.0
1.1258502006530762,0.0
1.029723048210144,0.0
1.009004831314087,0.0
1.0555347204208374,0.0
1.2672241926193237,0.0
1.633514642715454,0.0
1.9898123741149902,0.17
2.524930000305176,0.77
3.079226016998291,1.54
3.3334310054779053,2.66
3.259113073348999,2.92
3.0564732551574707,1.86
2.92250394821167,3.25
3.0236289501190186,1.54
2.951446056365967,1.6099999999999999
3.9724814891815186,2.78
4.923015594482422,5.26
4.781386375427246,6.08
4.409245491027832,5.51
4.896726608276367,7.13
6.302624225616455,9.53
8.139049530029297,6.75
9.152618408203125,7.82
11.731657028198242,17.86
15.88578987121582,20.82
17.154438018798828,16.94
14.301475524902344,16.13
13.587136268615723,19.23
14.072747230529785,19.56
14.866888046264648,24.7
15.99111270904541,17.2
17.257034301757812,12.04
20.638660430908203,27.3
25.269243240356445,27.99
24.427947998046875,31.980000000000004
21.37750244140625,21.78
19.57063102722168,30.17
21.36602210998535,24.7
21.01480484008789,18.23
21.36190414428711,21.92
23.000835418701172,20.01
20.11174201965332,33.56
17.372220993041992,20.71
9.949819564819336,12.37
7.049854278564453,9.89
7.2047576904296875,6.63
7.129421234130859,8.14
7.955633163452148,10.23
9.083771705627441,13.309999999999999
8.87397575378418,11.35
6.987804412841797,5.89
5.0747761726379395,4.27
4.286162376403809,5.49
3.570737600326538,6.78
2.3443121910095215,0.0
0.19056163728237152,0.0
0.10817572474479675,0.0
0.09814724326133728,0.0
0.0821797177195549,0.0
0.0660112127661705,0.0
0.04124864935874939,0.0
0.01825466752052307,0.0
0.005256198346614838,0.0
0.0,0.0
0.0,0.0
0.0,0.0
0.0,0.0
0.0,0.0
0.0,0.0
0.0,0.0
0.019256770610809326,0.0
0.053552910685539246,0.0
0.038690678775310516,0.0
0.0,0.0
0.0,0.0
0.0,0.0
0.0,0.0
0.0,0.0
0.0,0.0
0.0,0.0
0.04667341709136963,0.0
0.11804681271314621,0.0
0.179416686296463,0.0
0.23761354386806488,0.0
0.3068195581436157,0.0
0.36752092838287354,0.0
0.43412280082702637,0.0
0.5058146715164185,0.0
0.5772400498390198,0.0
0.6479955911636353,0.0
0.640907883644104,0.0
0.5341023206710815,0.0
0.5315585136413574,0.0
0.6896247863769531,0.0
0.9619075059890747,0.0
1.2176517248153687,0.0
1.623928189277649,0.14
1.917588710784912,1.6099999999999999
2.087750196456909,1.6200000000000003
2.0879557132720947,1.8900000000000001
2.640742540359497,1.25
3.110344171524048,2.58
3.8764429092407227,2.07
4.137399196624756,2.28
4.595755100250244,5.67
4.9109063148498535,7.090000000000001
2.84542179107666,3.8
1.357085943222046,4.25
1.5441575050354004,5.0
3.763005256652832,7.719999999999999
7.759098052978516,8.28
13.103551864624023,7.04
19.107784271240234,31.59
25.875473022460938,20.71
23.771629333496094,28.79
25.246334075927734,27.83
24.349485397338867,26.76
23.881324768066406,26.06
23.873823165893555,26.289999999999996
24.228374481201172,27.97
23.618789672851562,26.789999999999996
21.973939895629883,26.150000000000002
20.279949188232422,25.36
18.710704803466797,23.28
17.44029426574707,21.89
16.664287567138672,18.59
16.4018611907959,21.44
17.187068939208984,22.45
17.99812126159668,22.6
18.295612335205078,22.07
19.275192260742188,21.03
20.372783660888672,22.81
21.738510131835938,24.45
21.999588012695312,25.759999999999998
20.915552139282227,23.93
18.625999450683594,21.15
15.607473373413086,15.64
12.64596176147461,15.439999999999998
10.632750511169434,12.29
7.910205364227295,9.49
5.556879997253418,6.7299999999999995
3.53934383392334,4.12
2.013184070587158,2.19
1.0318810939788818,1.06
0.5085667371749878,0.62
0.26743337512016296,0.15
0.10731462389230728,0.0
0.07941871881484985,0.0
0.07735136896371841,0.0
0.06258506327867508,0.0
0.05205031484365463,0.0
0.031484849750995636,0.0
0.0,0.0
0.0,0.0
0.0,0.0
0.0,0.0
0.0,0.0
0.0,0.0
0.0,0.0
0.0,0.0
0.0,0.0
0.0,0.0
0.0,0.0
0.0,0.0
0.0,0.0
0.0,0.0
0.0,0.0
0.0,0.0
0.0,0.0
0.0,0.0
0.0037357211112976074,0.0
0.06403401494026184,0.0
0.08470360189676285,0.0
0.12633949518203735,0.0
0.1846199929714203,0.0
0.24659055471420288,0.0
0.3214660882949829,0.0
0.3933563828468323,0.0
0.4554879069328308,0.0
0.5178082585334778,0.0
0.5887852907180786,0.0
0.6519775986671448,0.0
0.6192963719367981,0.0
0.5817022323608398,0.0
0.6015514731407166,0.0
0.710419774055481,0.0
0.8578699827194214,0.0
1.0220874547958374,0.0
1.1624882221221924,0.07
1.381632924079895,0.4099999999999999
1.7505887746810913,0.71
2.404060125350952,1.16
3.5880637168884277,2.43
4.148923397064209,4.58
6.673303127288818,7.470000000000001
10.026947975158691,10.56
12.602737426757812,13.600000000000001
15.7779541015625,16.61
20.25385856628418,19.52
24.968618392944336,36.18
28.768741607666016,22.43
26.993284225463867,23.7
31.74502182006836,37.62
34.21249771118164,37.16
32.1638298034668,39.04
30.337142944335938,27.83
24.68467140197754,25.44
23.234289169311523,34.82
21.677654266357422,25.69
17.699983596801758,24.43
15.546196937561035,17.02
14.610380172729492,16.52
16.63292121887207,23.31
18.53997230529785,23.9
18.18622589111328,23.57
17.79525375366211,22.64
18.600290298461914,23.23
20.92876625061035,22.74
22.670677185058594,23.33
23.299989700317383,24.84
22.02161979675293,25.71
19.01150131225586,25.319999999999997
15.297484397888184,22.0
11.12927532196045,9.0
7.022122859954834,6.9
6.696128845214844,6.800000000000001
6.7137017250061035,9.45
6.455580711364746,10.55
5.022369861602783,4.6
2.7032968997955322,2.41
1.9058009386062622,2.55
1.5874783992767334,1.87
1.0897160768508911,1.63
0.7054676413536072,0.8199999999999998
0.32528603076934814,0.01
0.10066069662570953,0.0
0.09172763675451279,0.0
0.08822102099657059,0.0
0.09747780859470367,0.0
0.09491834789514542,0.0
0.09004604071378708,0.0
0.08036177605390549,0.0
0.06239265203475952,0.0
0.0570809468626976,0.0
0.059320591390132904,0.0
0.0723404809832573,0.0
0.049704499542713165,0.0
0.0657450407743454,0.0
0.006511993706226349,0.0
0.0,0.0
0.0,0.0
0.0,0.0
0.009968690574169159,0.0
0.023216381669044495,0.0
0.044140592217445374,0.0
0.07924139499664307,0.0
0.09359568357467651,0.0
0.12617725133895874,0.0
0.15806220471858978,0.0
0.18727779388427734,0.0
0.24595054984092712,0.0
0.2909209728240967,0.0
0.3357771635055542,0.0
0.4012910723686218,0.0
0.44843870401382446,0.0
0.5188930630683899,0.0
0.6159011125564575,0.0
0.6955854892730713,0.0
0.7476643919944763,0.0
0.7900809049606323,0.0
0.7803044319152832,0.0
0.7531048655509949,0.0
0.714604914188385,0.0
0.7534040212631226,0.0
0.8144071102142334,0.0
0.8900002837181091,0.0
1.0084404945373535,0.07
1.2420334815979004,0.45000000000000007
1.65365469455719,0.8699999999999999
2.3179807662963867,1.37
3.418566942214966,2.66
5.1308417320251465,4.65
7.342863082885742,7.31
9.941143989562988,10.23
12.72761058807373,13.22
15.573101997375488,16.15
18.352359771728516,18.94
21.03645133972168,21.6
23.61180305480957,24.14
26.049163818359375,26.51
28.27246856689453,28.660000000000004
30.330299377441406,30.61
32.07061004638672,32.43
33.5010871887207,34.08
34.52729415893555,35.37
35.23407745361328,36.48
35.83806610107422,37.75
36.42837905883789,38.66
41.565128326416016,39.61
44.84006881713867,39.94
44.44474411010742,40.7
40.721378326416016,41.13
34.18410873413086,41.57
25.322834014892578,41.56
14.167170524597168,0.0
0.08460395038127899,0.0
0.08456408977508545,0.0
0.08280407637357712,0.0
0.06856322288513184,0.0
0.07701348513364792,0.0
0.0712541863322258,0.0
0.06365664303302765,0.0
0.070963054895401,0.0
0.07870420813560486,0.0
0.0783069059252739,0.0
0.07503274828195572,0.0
0.11334940791130066,0.0
0.1885266900062561,0.0
0.22184625267982483,0.0
0.22729448974132538,0.0
0.2531844973564148,0.0
0.2920644283294678,0.0
0.32912158966064453,0.0
0.3963518738746643,0.0
0.43839031457901,0.0
0.5028108358383179,0.0
0.5557183027267456,0.0
0.6052132844924927,0.0
0.6520407199859619,0.0
0.7076758146286011,0.0
0.7684870362281799,0.0
0.8074874877929688,0.0
0.8237060904502869,0.0
0.8094087243080139,0.0
0.8438660502433777,0.0
0.9272588491439819,0.0
1.0525707006454468,0.0
1.1707024574279785,0.0
1.2753803730010986,0.05
1.4439805746078491,0.38
1.7593923807144165,0.7
2.3914082050323486,1.16
3.54915452003479,2.45
5.3731279373168945,4.61
7.744499206542969,7.48
10.456146240234375,10.52
13.290910720825195,13.54
16.08028793334961,16.49
23.19708824157715,19.29
28.049087524414062,21.93
29.669946670532227,24.36
28.391023635864258,26.590000000000003
24.7175235748291,28.6
18.9454288482666,30.56
11.243106842041016,0.0
0.27423444390296936,0.0
0.27476584911346436,0.0
0.3157522678375244,0.0
0.34566205739974976,0.0
0.350585013628006,0.0
0.3830626606941223,0.0
0.41860342025756836,0.0
0.45584720373153687,0.0
0.5021494030952454,0.0
0.5418865084648132,0.0
0.5944942831993103,0.0
0.6300009489059448,0.0
0.6964116096496582,0.0
0.7672984004020691,0.0
0.8291870355606079,0.0
0.8541426658630371,0.0
0.8541498184204102,0.0
0.9012259244918823,0.0
0.9204818606376648,0.0
0.8971731066703796,0.0
0.9213863015174866,0.0
0.9985341429710388,0.0
1.0522282123565674,0.0
1.2266887426376343,0.0
1.3835235834121704,0.06
1.387183427810669,0.4099999999999999
1.4444838762283325,0.8100000000000002
3.39927339553833,1.33
5.59027099609375,2.85
7.721327304840088,4.38
9.225811004638672,6.260000000000001
9.800447463989258,10.51
9.129278182983398,14.75
6.540346145629883,3.34
2.0381977558135986,2.25
1.3297076225280762,1.66
0.8472452163696289,0.66
0.4474133253097534,0.06
0.28590038418769836,0.0
0.2748969793319702,0.0
0.2775980234146118,0.0
0.2732807695865631,0.0
0.2645885646343231,0.0
0.25460365414619446,0.0
0.24527721107006073,0.0
0.2394130527973175,0.0
0.22649690508842468,0.0
0.21678712964057922,0.0
0.208292156457901,0.0
0.20542871952056885,0.0
0.1977715641260147,0.0
0.1948811113834381,0.0
0.19504055380821228,0.0
0.16703662276268005,0.0
0.19186846911907196,0.0
0.2003151923418045,0.0
0.2017393708229065,0.0
0.21357852220535278,0.0
0.22205021977424622,0.0
0.24360157549381256,0.0
0.2599729299545288,0.0
0.28152763843536377,0.0
0.30444785952568054,0.0
0.3361262381076813,0.0
0.37678611278533936,0.0
0.41336920857429504,0.0
0.46691858768463135,0.0
0.5208611488342285,0.0
0.5735553503036499,0.0
0.6315544247627258,0.0
0.6930293440818787,0.0
0.755171000957489,0.0
0.8220282196998596,0.0
0.8865646123886108,0.0
0.9448686838150024,0.0
1.0016452074050903,0.0
1.0269237756729126,0.0
1.053564190864563,0.0
1.0875071287155151,0.0
1.1602346897125244,0.0
1.1792938709259033,0.0
1.147321105003357,0.0
1.3028559684753418,0.38
1.6120644807815552,0.71
1.8766727447509766,0.95
2.3934428691864014,1.17
2.7691776752471924,1.6500000000000001
3.0356242656707764,3.8
3.2886288166046143,4.34
4.099462985992432,4.11
5.172683238983154,5.91
5.244913578033447,6.08
5.6645050048828125,7.690000000000001
7.241970062255859,10.27
9.478792190551758,15.71
11.22596263885498,12.91
12.268535614013672,10.66
14.351879119873047,18.82
16.784351348876953,20.95
18.31299591064453,21.07
19.320266723632812,21.13
19.48787498474121,21.81
19.23849105834961,22.09
19.47051239013672,22.12
19.373252868652344,22.38
18.015247344970703,17.11
15.609891891479492,18.9
14.369400978088379,19.52
12.71033000946045,15.909999999999998
10.542510032653809,12.75
9.611454963684082,9.37
9.212392807006836,10.44
9.476770401000977,11.98
9.082192420959473,11.85
7.85072135925293,10.15
6.383608341217041,7.57
5.061900615692139,6.08
4.387528419494629,5.55
3.9655776023864746,5.22
3.6479332447052,4.93
3.354281187057495,4.0
2.938638925552368,3.52
2.5935840606689453,3.25
2.2701804637908936,2.9
1.8851802349090576,2.39
1.4868699312210083,2.21
1.154126763343811,0.9399999999999998
0.7179811596870422,0.84
0.5978032946586609,0.71
0.46096071600914,0.58
0.3294238746166229,0.25
0.1918913722038269,0.07
0.1458512544631958,0.0
0.13943873345851898,0.0
0.1501418650150299,0.0
0.15210062265396118,0.0
0.1451406627893448,0.0
0.14107860624790192,0.0
0.14091971516609192,0.0
0.12977458536624908,0.0
0.12504495680332184,0.0
0.11207479983568192,0.0
0.10649114847183228,0.0
0.1000378280878067,0.0
0.10032579302787781,0.0
0.08823536336421967,0.0
0.07486548274755478,0.0
0.05991794168949127,0.0
0.05392506718635559,0.0
0.0537041574716568,0.0
0.054130516946315765,0.0
0.06183404475450516,0.0
0.06829574704170227,0.0
0.07123276591300964,0.0
0.058295950293540955,0.0
0.05198102444410324,0.0
0.06926394999027252,0.0
0.09726304560899734,0.0
0.12580659985542297,0.0
0.16536638140678406,0.0
0.19688400626182556,0.0
0.2447187900543213,0.0
0.2964180111885071,0.0
0.3534022569656372,0.0
0.41679647564888,0.0
0.5024397969245911,0.0
0.5733447074890137,0.0
0.6482793092727661,0.0
0.7156084179878235,0.0
0.7611465454101562,0.0
0.7447378039360046,0.0
0.6838988661766052,0.0
0.6400843858718872,0.0
0.6297353506088257,0.0
0.6641443967819214,0.0
0.776343822479248,0.02
1.034544825553894,0.45999999999999996
1.5387170314788818,1.1
2.266812562942505,1.8500000000000003
3.310856580734253,3.06
4.787109375,4.62
6.6718339920043945,6.9
9.005183219909668,9.63
11.666895866394043,12.27
14.456830978393555,15.21
18.42902374267578,17.98
21.021862030029297,20.48
22.259414672851562,23.09
23.056501388549805,25.370000000000005
23.515785217285156,27.200000000000003
24.29302978515625,28.470000000000002
25.09821319580078,19.89
24.494140625,26.11
27.103635787963867,32.34
27.148469924926758,31.81
27.53603172302246,33.7
28.761213302612305,27.560000000000002
27.70441246032715,24.71
27.9415283203125,34.93
26.322290420532227,30.829999999999995
23.393497467041016,37.42
21.13890266418457,23.21
18.32175636291504,19.88
21.51565933227539,22.6
25.652441024780273,29.9
29.047122955322266,37.07
29.16887092590332,29.350000000000005
27.22223472595215,34.48
27.42634391784668,31.790000000000003
25.985139846801758,30.049999999999997
26.381290435791016,25.64
25.51467514038086,29.03
25.11208724975586,29.78
22.797948837280273,27.449999999999996
19.3791446685791,25.980000000000004
16.062904357910156,18.92
13.234347343444824,8.73
12.148664474487305,16.29
13.632070541381836,16.56
11.977887153625488,14.29
9.516222953796387,10.49
7.216459274291992,10.24
5.548283100128174,4.61
3.4166641235351562,4.18
2.7253475189208984,3.2799999999999994
1.8764557838439941,2.52
1.1814250946044922,1.33
0.569624662399292,0.19
0.21113231778144836,0.0
0.1678490936756134,0.0
0.16863438487052917,0.0
0.1630650758743286,0.0
0.1622004508972168,0.0
0.15810765326023102,0.0
0.15926045179367065,0.0
0.15419386327266693,0.0
0.1458972692489624,0.0
0.12298803776502609,0.0
0.11899396777153015,0.0
0.10397844016551971,0.0
0.08919592946767807,0.0
0.08426923304796219,0.0
0.07717851549386978,0.0
0.0722743570804596,0.0
0.07586479187011719,0.0
0.07144417613744736,0.0
0.07851067930459976,0.0
0.09828787297010422,0.0
0.12409742921590805,0.0
0.17360392212867737,0.0
0.2166515290737152,0.0
0.23842230439186096,0.0
0.29371771216392517,0.0
0.324490487575531,0.0
0.36926940083503723,0.0
0.4290349781513214,0.0
0.4853101372718811,0.0
0.5534088015556335,0.0
0.6081745028495789,0.0
0.6654502749443054,0.0
0.7323964238166809,0.0
0.8029032349586487,0.0
0.8643494248390198,0.0
0.8626588582992554,0.0
0.8299064040184021,0.0
0.8486801981925964,0.0
0.8565142750740051,0.0
0.8716698884963989,0.0
0.8254029750823975,0.0
0.8412730097770691,0.0
1.0174068212509155,0.04
0.9753003716468811,0.54
1.3306772708892822,1.07
1.8458226919174194,1.6099999999999999
2.926992177963257,3.16
4.516047954559326,4.62
5.9640936851501465,5.04
5.074769020080566,6.65
6.6611809730529785,11.14
8.381773948669434,13.849999999999998
10.924882888793945,10.68
12.990045547485352,13.819999999999999
19.648405075073242,16.42
24.842653274536133,31.77
28.282129287719727,23.78
28.076061248779297,30.8
29.264366149902344,32.4
27.298715591430664,36.7
23.144731521606445,24.39
22.752952575683594,25.509999999999998
25.235132217407227,22.94
26.838346481323242,22.32
27.639711380004883,23.05
26.776636123657227,35.08
23.436222076416016,32.84
14.640305519104004,10.92
5.288733005523682,4.4
2.843817710876465,2.38
2.007899522781372,3.6000000000000005
1.706186294555664,1.46
0.8496085405349731,1.08
0.5218719840049744,0.4
0.27425307035446167,0.0
0.17319190502166748,0.0
0.16809719800949097,0.0
0.16241483390331268,0.0
0.14479848742485046,0.0
0.12637674808502197,0.0
0.12482758611440659,0.0
0.1187371090054512,0.0
0.11906679719686508,0.0
0.1250036060810089,0.0
0.11136624962091446,0.0
0.09795892983675003,0.0
0.09024273604154587,0.0
0.09447671473026276,0.0
0.10290276259183884,0.0
0.1048428937792778,0.0
0.11071152985095978,0.0
0.11812802404165268,0.0
0.1181144267320633,0.0
0.11212099343538284,0.0
0.12111235409975052,0.0
0.13016295433044434,0.0
0.14235618710517883,0.0
0.1502932906150818,0.0
0.17181989550590515,0.0
0.1983802765607834,0.0
0.2430744469165802,0.0
0.28961116075515747,0.0
0.33530741930007935,0.0
0.38289445638656616,0.0
0.4267692565917969,0.0
0.48974213004112244,0.0
0.554656982421875,0.0
0.6201889514923096,0.0
0.6932979226112366,0.0
0.7457559108734131,0.0
0.8157123923301697,0.0
0.8691459894180298,0.0
0.9216485619544983,0.0
0.8208383917808533,0.0
0.7314721345901489,0.0
0.6717503070831299,0.0
0.680640697479248,0.0
0.7956430315971375,0.0
1.1164177656173706,0.1
1.6099646091461182,0.48
0.4917355179786682,1.32
0.7388984560966492,2.63
2.685250759124756,4.55
6.882494926452637,7.28
12.662443161010742,9.87
18.901208877563477,13.4
25.78813362121582,31.85
31.486478805541992,33.5
32.81351852416992,35.35
34.0349006652832,36.89
35.38484573364258,37.65
36.56638717651367,39.12
37.29893112182617,39.72
37.642669677734375,40.62
37.313194274902344,40.62
36.87257766723633,40.85
36.201480865478516,40.82
35.39714813232422,40.48
34.465946197509766,40.32
34.26014709472656,34.98
35.989768981933594,39.45
38.9387321472168,38.68
38.520198822021484,37.97
35.592838287353516,37.16
30.406597137451172,36.25
23.287660598754883,33.08
14.720609664916992,10.42
5.882412433624268,6.74
3.7898778915405273,3.4099999999999997
2.4052574634552,2.67
1.830793857574463,2.44
1.34078848361969,1.67
0.796735405921936,0.74
0.38834547996520996,0.02
0.1868128776550293,0.0
0.16945543885231018,0.0
0.1708056777715683,0.0
0.1690346747636795,0.0
0.17669759690761566,0.0
0.17974507808685303,0.0
0.176292285323143,0.0
0.172366201877594,0.0
0.16219653189182281,0.0
0.15400126576423645,0.0
0.1526879072189331,0.0
0.1481272280216217,0.0
0.1722888946533203,0.0
0.17238688468933105,0.0
0.17171484231948853,0.0
0.12902021408081055,0.0
0.13383758068084717,0.0
0.10791495442390442,0.0
0.12199170887470245,0.0
0.12585632503032684,0.0
0.1523492932319641,0.0
0.1920212060213089,0.0
0.2268122434616089,0.0
0.24559366703033447,0.0
0.2863258123397827,0.0
0.3293462097644806,0.0
0.34913384914398193,0.0
0.34954753518104553,0.0
0.3974940776824951,0.0
0.4895362854003906,0.0
0.5555968880653381,0.0
0.6377484798431396,0.0
0.7267927527427673,0.0
0.8376312255859375,0.0
0.9025412797927856,0.0
0.9853391647338867,0.0
1.052935242652893,0.0
1.0581668615341187,0.0
1.014657974243164,0.0
1.086235761642456,0.0
1.070345401763916,0.0
1.1288467645645142,0.0
1.2743275165557861,0.0
1.2678064107894897,0.0
1.4425619840621948,0.0
1.534796953201294,0.0
1.492675542831421,0.68
1.2757340669631958,0.8500000000000001
0.0,0.38
0.0,1.08
0.0,0.44
0.011474452912807465,1.6399999999999997
4.263546943664551,3.9599999999999995
10.365878105163574,6.72
17.47675132751465,18.62
23.487415313720703,26.86
26.61130714416504,28.43
27.50529670715332,30.29
29.517967224121094,31.77
31.191253662109375,33.02
31.841012954711914,33.13
33.062259674072266,35.33
32.50168991088867,36.5
30.281320571899414,38.25
27.728397369384766,29.659999999999997
27.708831787109375,29.69
29.369375228881836,31.1
31.65159797668457,28.57
32.66238784790039,39.81
35.141056060791016,41.19
31.1801815032959,40.39
25.46234703063965,27.529999999999998
21.36825180053711,27.96
19.668930053710938,19.38
19.912715911865234,35.17
22.6201229095459,17.29
21.655729293823242,23.61
25.51024627685547,34.89
30.219131469726562,25.019999999999996
28.536861419677734,31.629999999999995
28.015623092651367,29.04
23.432209014892578,27.42
17.945606231689453,16.22
11.575298309326172,21.63
7.5483503341674805,1.9
1.0009944438934326,0.95
0.5547993183135986,0.28
0.3330675959587097,0.0
0.26919692754745483,0.0
0.2713814377784729,0.0
0.2707144320011139,0.0
0.25882646441459656,0.0
0.22800229489803314,0.0
0.21977293491363525,0.0
0.21428334712982178,0.0
0.22626352310180664,0.0
0.23404043912887573,0.0
0.229510098695755,0.0
0.2434147596359253,0.0
0.24797675013542175,0.0
0.23386719822883606,0.0
0.22530090808868408,0.0
0.18335282802581787,0.0
0.18930882215499878,0.0
0.19202902913093567,0.0
0.1802843064069748,0.0
0.20136646926403046,0.0
0.19796974956989288,0.0
0.20063015818595886,0.0
0.23651587963104248,0.0
0.2631820738315582,0.0
0.26929619908332825,0.0
0.28395578265190125,0.0
0.3118971288204193,0.0
0.37940797209739685,0.0
0.4136916399002075,0.0
0.4484858512878418,0.0
0.47863852977752686,0.0
0.5001362562179565,0.0
0.5808541774749756,0.0
0.6613081097602844,0.0
0.7425339818000793,0.0
0.8544096946716309,0.0
0.9528833627700806,0.0
0.9773393869400024,0.0
0.9357573390007019,0.0
0.877984881401062,0.0
0.8234292268753052,0.0
0.8136572241783142,0.0
0.8209347724914551,0.0
0.9300398826599121,0.0
1.1260614395141602,0.17
1.5722222328186035,0.74
2.3356504440307617,1.34
3.558424472808838,2.64
5.470333576202393,4.5
7.320864677429199,6.93
9.407526016235352,9.85
11.56286334991455,12.72
13.72258472442627,15.509999999999998
15.96104621887207,16.63
18.364044189453125,17.49
21.365659713745117,23.37
29.1293888092041,25.590000000000003
33.31621170043945,27.54
34.06045913696289,29.270000000000003
31.918048858642578,30.84
27.376922607421875,32.21
20.570621490478516,33.54
11.544354438781738,0.0
0.33659711480140686,0.0
0.33888015151023865,0.0
0.3403501510620117,0.0
0.3428068161010742,0.0
0.3501841723918915,0.0
0.3495633602142334,0.0
0.3685241639614105,0.0
0.3689330220222473,0.0
0.36273467540740967,0.0
0.3695845603942871,0.0
0.3712214529514313,0.0
0.3551008105278015,0.0
0.40509068965911865,0.0
0.4060477018356323,0.0
0.41852128505706787,0.0
0.4022732377052307,0.0
0.3917129635810852,0.0
0.41189250349998474,0.0
0.3865625858306885,0.0
0.4096502363681793,0.0
0.45275425910949707,0.0
0.47001540660858154,0.0
0.441692590713501,0.0
0.44557487964630127,0.0
0.46499353647232056,0.0
0.5067600011825562,0.0
0.5472486615180969,0.0
0.5659578442573547,0.0
0.6244387626647949,0.0
0.6979475021362305,0.0
0.7570233345031738,0.0
0.8048849105834961,0.0
0.866000235080719,0.0
0.9255805015563965,0.0
0.9960305094718933,0.0
1.071362018585205,0.0
1.1134592294692993,0.0
1.0912656784057617,0.0
1.0144656896591187,0.0
0.9339461326599121,0.0
0.9583677053451538,0.0
0.9905846118927002,0.0
1.1971077919006348,0.25
1.6181697845458984,0.9000000000000001
2.2812435626983643,1.66
3.3027637004852295,2.93
4.854413986206055,4.65
7.166666030883789,6.819999999999999
9.935821533203125,9.58
12.862049102783203,12.5
15.518733978271484,15.590000000000002
17.530120849609375,18.3
18.726530075073242,20.41
18.965003967285156,19.3
18.45094108581543,19.32
18.23946762084961,19.38
17.96766471862793,19.38
17.617618560791016,19.32
17.21688461303711,18.7
16.824003219604492,18.55
16.589372634887695,18.52
16.804073333740234,18.51
16.103557586669922,18.51
15.309420585632324,18.49
14.555997848510742,18.52
13.924914360046387,18.45
13.399402618408203,18.11
12.984209060668945,18.57
13.600635528564453,18.59
13.365143775939941,18.58
13.50426959991455,18.54
13.711172103881836,18.57
13.97673225402832,19.21
14.237266540527344,20.64
14.15371322631836,19.11
13.690347671508789,18.99
13.677824974060059,19.04
13.779417991638184,19.1
14.22695541381836,19.15
15.195587158203125,19.31
16.126298904418945,19.96
17.06617546081543,19.86
17.591014862060547,20.58
17.545751571655273,20.84
16.47403335571289,18.85
14.051325798034668,15.0
11.267796516418457,14.06
8.88836669921875,10.73
6.138308525085449,7.66
3.8928258419036865,4.5
2.1729230880737305,1.69
1.2032347917556763,1.7000000000000002
0.8829572200775146,1.22
0.456545889377594,0.36
0.13877153396606445,0.0
0.06077773869037628,0.0
0.05636736750602722,0.0
0.041197799146175385,0.0
0.02741944044828415,0.0
0.0034458935260772705,0.0
0.0,0.0
0.0,0.0
0.0,0.0
0.0,0.0
0.0,0.0
0.0,0.0
0.0,0.0
0.0,0.0
0.0,0.0
0.0,0.0
0.0,0.0
0.0,0.0
0.0,0.0
0.0,0.0
0.0,0.0
0.0,0.0
0.0,0.0
0.0,0.0
0.019873864948749542,0.0
0.06368681788444519,0.0
0.10706521570682526,0.0
0.16380605101585388,0.0
0.2207718789577484,0.0
0.27513280510902405,0.0
0.3363726735115051,0.0
0.40349307656288147,0.0
0.4780620336532593,0.0
0.5468934774398804,0.0
0.6110925078392029,0.0
0.680503249168396,0.0
0.7551711201667786,0.0
0.8292363286018372,0.0
0.8634034395217896,0.0
0.8349620699882507,0.0
0.8070982098579407,0.0
0.7907004952430725,0.0
0.7856725454330444,0.0
0.8045485019683838,0.0
0.9473035335540771,0.2
1.504910945892334,0.63
2.3168118000030518,1.14
3.3770787715911865,2.48
5.098863124847412,4.67
7.26161527633667,7.71
9.795479774475098,11.31
12.509234428405762,12.12
15.271334648132324,15.68
18.968191146850586,20.72
22.50896453857422,23.29
25.588088989257812,26.289999999999996
28.629940032958984,28.88
31.162837982177734,31.33
32.99323272705078,33.53
33.91243362426758,35.57
33.76942443847656,37.29
32.560218811035156,34.21
30.780372619628906,32.86
29.64075469970703,32.02
28.555021286010742,31.66
27.710346221923828,31.53
31.63486671447754,31.929999999999996
34.59903335571289,32.79
35.01022720336914,30.879999999999995
32.38203048706055,31.08
27.853313446044922,33.46
21.009775161743164,34.35
11.65955924987793,0.0
0.0,0.0
0.0,0.0
0.0,0.0
0.0,0.0
0.0,0.0
0.0,0.0
0.0,0.0
0.0,0.0
0.0,0.0
0.0,0.0
0.0,0.0
0.0,0.0
0.0,0.0
0.0,0.0
0.002966262400150299,0.0
0.0387752428650856,0.0
0.07614623755216599,0.0
0.11688694357872009,0.0
0.16041231155395508,0.0
0.21574385464191437,0.0
0.2614574432373047,0.0
0.3216378390789032,0.0
0.3829438090324402,0.0
0.44316723942756653,0.0
0.506165623664856,0.0
0.5661530494689941,0.0
0.6402255892753601,0.0
0.722309947013855,0.0
0.7932124733924866,0.0
0.8756915926933289,0.0
0.9475256204605103,0.0
1.0141531229019165,0.0
1.0735735893249512,0.0
1.1016038656234741,0.0
1.1106982231140137,0.0
1.112337350845337,0.0
1.1266306638717651,0.0
1.1471378803253174,0.0
1.2153760194778442,0.0
1.4213478565216064,0.21
1.73591947555542,0.61
2.0455052852630615,1.15
2.4052209854125977,1.7399999999999998
2.697950601577759,2.65
3.372058391571045,3.51
4.438950538635254,3.92
5.893228054046631,5.22
7.54095983505249,7.380000000000001
9.082047462463379,9.1
9.807038307189941,11.93
10.620552062988281,11.91
10.628971099853516,11.64
10.68698501586914,11.53
11.350276947021484,12.83
11.816291809082031,12.8
11.642467498779297,16.25
10.83675765991211,12.78
10.180205345153809,14.52
11.728090286254883,16.48
12.350005149841309,13.96
13.068554878234863,17.26
15.544408798217773,19.65
17.46682357788086,25.509999999999998
18.30474853515625,21.21
17.381698608398438,20.62
18.34916114807129,26.75
19.349279403686523,24.11
17.74555015563965,22.42
17.547468185424805,23.36
17.640796661376953,23.43
16.978946685791016,23.15
17.26444435119629,23.18
18.406044006347656,22.02
19.420854568481445,24.96
20.417308807373047,22.5
21.060611724853516,26.97
22.277271270751953,28.309999999999995
20.92751693725586,21.05
18.064699172973633,16.88
16.86945343017578,21.59
15.649670600891113,20.93
11.618330955505371,13.669999999999998
7.0105299949646,7.42
4.615238666534424,5.09
3.40791392326355,4.44
2.6911814212799072,2.63
1.9683715105056763,3.0
1.5201787948608398,2.26
0.7621063590049744,0.58
0.2006080001592636,0.0
0.049313344061374664,0.0
0.06212238222360611,0.0
0.06588995456695557,0.0
0.07576607167720795,0.0
0.08293818682432175,0.0
0.08311104029417038,0.0
0.0786077231168747,0.0
0.055096857249736786,0.0
0.0,0.0
0.0,0.0
0.0,0.0
0.0,0.0
0.0,0.0
0.0,0.0
0.0,0.0
0.0,0.0
0.0,0.0
0.0,0.0
0.0,0.0
0.0,0.0
0.0,0.0
0.0,0.0
0.0,0.0
0.0,0.0
0.0,0.0
0.0,0.0
0.0,0.0
0.0,0.0
0.0,0.0
0.0350000336766243,0.0
0.09513441473245621,0.0
0.15999692678451538,0.0
0.22591911256313324,0.0
0.29318350553512573,0.0
0.36789441108703613,0.0
0.45276880264282227,0.0
0.5361508727073669,0.0
0.6220810413360596,0.0
0.7013612389564514,0.0
0.767103374004364,0.0
0.8196030855178833,0.0
0.8632502555847168,0.0
0.897568941116333,0.0
0.9483497738838196,0.0
0.93105149269104,0.0
1.0019694566726685,0.11
1.2709159851074219,0.19
1.6227936744689941,0.48
2.1578118801116943,1.0
2.826948404312134,1.7000000000000002
3.434913158416748,3.2199999999999998
3.688197612762451,3.55
2.8084754943847656,3.6699999999999995
1.7914071083068848,4.39
1.3989131450653076,5.04
3.354585886001587,5.25
7.012449264526367,6.480000000000001
12.22508716583252,10.61
19.191253662109375,20.35
25.47733497619629,29.94
28.659317016601562,31.679999999999996
27.221458435058594,31.19
27.17994499206543,30.510000000000005
26.034364700317383,28.29
23.653810501098633,22.86
20.463777542114258,28.99
21.07870864868164,30.099999999999998
21.885753631591797,24.26
20.275718688964844,19.93
19.746625900268555,19.03
21.419387817382812,23.03
23.258134841918945,38.96
20.021621704101562,25.900000000000002
13.861271858215332,13.77
12.142295837402344,17.06
14.631072044372559,26.74
16.636545181274414,15.620000000000001
16.24406623840332,17.95
20.167665481567383,34.54
21.902206420898438,18.35
20.646347045898438,28.73
23.170352935791016,30.210000000000004
21.428762435913086,19.03
18.829294204711914,22.3
18.331439971923828,24.08
15.89232349395752,22.05
12.19655990600586,8.97
8.840075492858887,13.43
8.852092742919922,8.77
6.682116508483887,7.57
5.895973205566406,8.57
4.543623447418213,5.2
2.5782368183135986,3.08
1.3637498617172241,1.53
0.5959734320640564,0.69
0.21808743476867676,0.16
0.043420493602752686,0.0
0.010983459651470184,0.0
0.008830055594444275,0.0
0.0,0.0
0.0,0.0
0.0,0.0
0.0,0.0
0.0,0.0
0.0,0.0
0.0,0.0
0.0,0.0
0.0,0.0
0.0,0.0
0.0,0.0
0.0,0.0
0.0,0.0
0.0,0.0
0.0,0.0
0.0,0.0
0.0,0.0
0.0,0.0
0.0,0.0
0.0,0.0
0.0,0.0
0.0,0.0
0.0,0.0
0.0,0.0
0.0,0.0
0.05532447248697281,0.0
0.13573914766311646,0.0
0.22180992364883423,0.0
0.27770939469337463,0.0
0.32569748163223267,0.0
0.36189407110214233,0.0
0.3764970302581787,0.0
0.3733783960342407,0.0
0.47170594334602356,0.0
0.5484983325004578,0.0
0.666434109210968,0.0
0.6325572729110718,0.0
0.5946844816207886,0.0
0.4648948013782501,0.0
0.4914073348045349,0.0
0.566738486289978,0.0
0.7784038782119751,0.12
1.252809762954712,0.69
2.0641705989837646,1.59
3.37870192527771,3.94
5.4156813621521,4.48
7.482913017272949,7.41
9.494616508483887,10.46
11.564752578735352,13.600000000000001
13.522848129272461,16.55
15.51393985748291,18.43
17.573436737060547,17.36
20.091562271118164,19.79
23.88115692138672,28.07
27.247957229614258,28.89
28.647724151611328,31.22
30.245813369750977,32.03
31.60750961303711,34.34
33.04759979248047,36.51
34.125404357910156,35.29
34.845333099365234,38.04
36.06098937988281,39.35
36.76585006713867,40.19
37.50013732910156,40.71
37.93824005126953,41.04
37.86866760253906,41.7
37.52108383178711,42.09
36.984981536865234,42.47
35.14906311035156,42.35
33.27671432495117,37.09
31.356643676757812,35.27
30.757213592529297,37.95
31.00956153869629,36.29
30.187332153320312,31.46
29.822296142578125,36.56
30.728960037231445,35.6
29.793289184570312,35.02
28.070758819580078,35.0
25.89072608947754,27.51
23.2884578704834,28.95
22.392038345336914,28.139999999999997
20.22142791748047,21.85
17.639616012573242,19.61
16.28215980529785,19.69
14.581920623779297,16.73
11.832324028015137,14.029999999999998
9.148558616638184,11.06
6.560530662536621,8.03
4.253093719482422,5.29
2.456009864807129,3.02
1.1958060264587402,1.42
0.45192334055900574,0.54
0.1145441085100174,0.09
0.0,0.0
0.0,0.0
0.0,0.0
0.0,0.0
0.0,0.0
0.0,0.0
0.0,0.0
0.0,0.0
0.0,0.0
0.0,0.0
0.0,0.0
0.0,0.0
0.0,0.0
0.0,0.0
0.0,0.0
0.0,0.0
0.0,0.0
0.0,0.0
0.0,0.0
0.0,0.0
0.0,0.0
0.0,0.0
0.0,0.0
0.0,0.0
0.0,0.0
0.0,0.0
0.0,0.0
0.013752095401287079,0.0
0.06436221301555634,0.0
0.10822359472513199,0.0
0.16258564591407776,0.0
0.2088954746723175,0.0
0.26260167360305786,0.0
0.32048746943473816,0.0
0.37616676092147827,0.0
0.4272330403327942,0.0
0.5311649441719055,0.0
0.61719810962677,0.0
0.6677614450454712,0.0
0.6384422779083252,0.0
0.6294012069702148,0.0
0.6324905753135681,0.0
0.5380449891090393,0.0
0.45534297823905945,0.0
0.4797389805316925,0.1
0.791102945804596,0.76
1.5522767305374146,1.25
2.82753324508667,2.66
4.866243362426758,4.8
7.347341537475586,7.85
10.16391658782959,11.08
12.991913795471191,14.27
15.765756607055664,17.36
18.43075180053711,20.24
20.99581527709961,22.91
23.444486618041992,25.44
25.702842712402344,27.87
27.748998641967773,30.099999999999998
29.537578582763672,32.0
31.03081512451172,33.68
32.305259704589844,34.96
33.40498352050781,36.29
34.430294036865234,37.45
35.33866500854492,38.51
36.07267379760742,39.44
36.72355270385742,40.18
37.24925231933594,40.93
37.72270202636719,41.46
37.87196731567383,41.81
37.644989013671875,41.89
37.009300231933594,41.63
35.55311584472656,40.68
33.86309051513672,40.51
31.92357063293457,35.78
29.512083053588867,34.73
28.250335693359375,33.14
26.708126068115234,31.42
24.987930297851562,29.160000000000004
23.10564613342285,26.97
21.0451602935791,24.3
18.776042938232422,21.88
16.33243751525879,18.9
13.714051246643066,16.13
11.086830139160156,13.18
8.500197410583496,10.43
6.123151779174805,7.519999999999999
4.003557205200195,4.95
2.380211353302002,3.03
1.2469927072525024,1.53
0.5532751083374023,0.64
0.19610467553138733,0.06
0.06239842623472214,0.0
0.06264373660087585,0.0
0.0575801357626915,0.0
0.039022043347358704,0.0
0.035835057497024536,0.0
0.0375429168343544,0.0
0.0332951545715332,0.0
0.014889799058437347,0.0
0.013025850057601929,0.0
0.02046041190624237,0.0
0.008308887481689453,0.0
0.0,0.0
0.0,0.0
0.0,0.0
0.0,0.0
0.0004969537258148193,0.0
0.0,0.0
0.0,0.0
0.0,0.0
0.0,0.0
0.0,0.0
0.0,0.0
0.010599195957183838,0.0
0.042395107448101044,0.0
0.06751194596290588,0.0
0.11860411614179611,0.0
0.14711561799049377,0.0
0.17427019774913788,0.0
0.2280060201883316,0.0
0.2708578407764435,0.0
0.33613312244415283,0.0
0.4091870188713074,0.0
0.4710134267807007,0.0
0.5422519445419312,0.0
0.6017394065856934,0.0
0.6093319654464722,0.0
0.7263373732566833,0.0
0.7749766111373901,0.0
0.8045367002487183,0.0
0.7937796115875244,0.0
0.8072819709777832,0.0
0.7498806118965149,0.0
0.6493909358978271,0.0
0.4805428981781006,0.0
0.4694528877735138,0.08
0.6944421529769897,0.45000000000000007
1.332423448562622,1.03
2.520575523376465,2.43
4.40437650680542,4.67
6.79835844039917,7.690000000000001
9.510965347290039,10.86
12.334360122680664,14.06
15.19815444946289,17.23
18.064775466918945,20.25
20.849679946899414,23.12
23.518407821655273,25.85
30.949586868286133,28.38
36.382633209228516,30.69
37.86992645263672,32.82
35.73772430419922,34.61
30.752962112426758,36.17
23.209692001342773,37.47
13.383060455322266,0.0
0.0583745539188385,0.0
0.07855687290430069,0.0
0.09797755628824234,0.0
0.13068708777427673,0.0
0.17756111919879913,0.0
0.21476653218269348,0.0
0.2991451025009155,0.0
0.36790090799331665,0.0
0.38327592611312866,0.0
0.4419684410095215,0.0
0.48042014241218567,0.0
0.5572961568832397,0.0
0.6312251091003418,0.0
0.7194592356681824,0.0
0.7862263321876526,0.0
0.8550410866737366,0.0
0.8531124591827393,0.0
0.7814810872077942,0.0
0.6484670639038086,0.0
0.542693018913269,0.0
1.6224924325942993,0.0
2.5935065746307373,0.16
3.4858052730560303,0.91
4.2480034828186035,1.8900000000000001
4.563403129577637,3.73
4.327027320861816,6.05
3.331429958343506,0.0
0.6063496470451355,0.0
0.7386299967765808,0.0
0.7955105900764465,0.0
0.9071351885795593,0.0
1.0341016054153442,0.0
0.9781001210212708,0.0
0.887686014175415,0.0
0.7768235206604004,0.0
0.6284450888633728,0.0
0.5681153535842896,0.05
0.7486609816551208,0.44
3.467761993408203,1.08
6.085289478302002,2.38
8.312318801879883,4.54
9.757797241210938,7.470000000000001
10.023459434509277,10.56
8.762800216674805,13.720000000000002
5.8801374435424805,0.0
0.2417832612991333,0.0
0.2717159688472748,0.0
0.2912672162055969,0.0
0.2544324994087219,0.0
0.253701776266098,0.0
0.2559984028339386,0.0
0.33237653970718384,0.0
0.4506038427352905,0.0
0.654940664768219,0.0
0.9391980171203613,0.0
1.242356538772583,0.03
0.8236373066902161,0.08
0.0,0.15
0.0,0.35
0.0,0.93
1.8475290536880493,1.38
4.7742533683776855,3.2199999999999998
7.740972995758057,8.87
9.902742385864258,12.55
10.325007438659668,15.7
10.029949188232422,13.07
8.761860847473145,8.15
7.774962425231934,8.06
8.019479751586914,9.33
7.409428119659424,10.42
5.867497444152832,8.27
3.636758804321289,2.6
1.785773754119873,2.03
1.433236837387085,1.77
1.0860016345977783,1.29
0.7184576988220215,1.09
0.44565778970718384,0.24
0.1780359148979187,0.0
0.1432342529296875,0.0
0.15407633781433105,0.0
0.1544007956981659,0.0
0.14872533082962036,0.0
0.14681890606880188,0.0
0.13108327984809875,0.0
0.128106951713562,0.0
0.11372249573469162,0.0
0.09373240172863007,0.0
0.07063392549753189,0.0
0.04185047000646591,0.0
0.0017222017049789429,0.0
0.0,0.0
0.0,0.0
0.0,0.0
0.0,0.0
0.0,0.0
0.0,0.0
0.0,0.0
0.0,0.0
0.0,0.0
0.0,0.0
0.0,0.0
0.0,0.0
0.002321787178516388,0.0
0.03881081938743591,0.0
0.07511842995882034,0.0
0.1005491241812706,0.0
0.12372266501188278,0.0
0.1502854824066162,0.0
0.1850508153438568,0.0
0.2271164208650589,0.0
0.2757670283317566,0.0
0.3267785608768463,0.0
0.3834938704967499,0.0
0.4589540958404541,0.0
0.5464013814926147,0.0
0.6238877773284912,0.0
0.7244065403938293,0.0
0.8046762347221375,0.0
0.8476933240890503,0.0
0.8723948001861572,0.0
0.926034688949585,0.0
0.7132314443588257,0.0
0.3913160562515259,0.0
0.21724402904510498,0.01
0.01502595841884613,0.29
0.7307912111282349,0.57
2.5255534648895264,0.8199999999999998
5.015652656555176,4.2
6.670945167541504,7.580000000000001
7.747171878814697,9.99
8.73598575592041,15.130000000000003
9.86159610748291,13.61
10.945474624633789,9.63
13.814525604248047,14.49
19.662076950073242,25.09
24.188323974609375,27.16
26.024669647216797,29.21
27.868438720703125,31.1
29.504104614257812,32.81
33.1123161315918,34.28
36.48273468017578,35.56
38.638572692871094,36.73
38.498085021972656,37.67
35.40086364746094,38.62
29.434734344482422,39.41
20.691713333129883,16.14
10.8401460647583,13.19
8.154153823852539,10.16
5.663681983947754,7.200000000000001
3.5119056701660156,4.48
1.8613951206207275,2.31
0.8243418335914612,0.91
0.3013627529144287,0.19
0.10723546147346497,0.0
0.09274203330278397,0.0
0.13762563467025757,0.0
0.13723579049110413,0.0
0.14106574654579163,0.0
0.14733374118804932,0.0
0.13565942645072937,0.0
0.0980772078037262,0.0
0.05532354116439819,0.0
0.026812031865119934,0.0
0.004609301686286926,0.0
0.0,0.0
0.0,0.0
0.0,0.0
0.0,0.0
0.0,0.0
0.0,0.0
0.0,0.0
0.0,0.0
0.0,0.0
0.0,0.0
0.0,0.0
0.0,0.0
0.007664225995540619,0.0
0.031187385320663452,0.0
0.06866510957479477,0.0
0.10632891207933426,0.0
0.14507323503494263,0.0
0.18168818950653076,0.0
0.22213849425315857,0.0
0.27821195125579834,0.0
0.35073161125183105,0.0
0.39747321605682373,0.0
0.45921429991722107,0.0
0.5419982671737671,0.0
0.603911817073822,0.0
0.6312800645828247,0.0
0.7079038023948669,0.0
0.7513567805290222,0.0
0.8363760113716125,0.0
0.8680741190910339,0.0
0.8295602202415466,0.0
0.7546598315238953,0.0
0.5627678632736206,0.0
0.36005881428718567,0.0
0.2423074096441269,0.02
0.3643277883529663,0.3
0.9086451530456543,0.95
1.9634538888931274,2.3
3.6039698123931885,4.5
5.71537446975708,7.380000000000001
8.153361320495605,10.53
10.739729881286621,13.62
13.355286598205566,16.65
15.99424934387207,19.59
18.570804595947266,22.3
26.321613311767578,25.03
32.72362518310547,27.48
35.33568572998047,29.69
34.05753707885742,31.75
29.475269317626953,33.51
22.017574310302734,35.0
12.154623985290527,0.0
0.10603591799736023,0.0
0.11229589581489563,0.0
0.08507333695888519,0.0
0.057367607951164246,0.0
0.04855506122112274,0.0
0.029935874044895172,0.0
0.019426830112934113,0.0
0.0,0.0
0.0,0.0
0.0,0.0
0.0,0.0
0.0,0.0
0.012529827654361725,0.0
0.04585981369018555,0.0
0.07528197020292282,0.0
0.11903941631317139,0.0
0.17707571387290955,0.0
0.23099052906036377,0.0
0.2781720757484436,0.0
0.36262309551239014,0.0
0.39041638374328613,0.0
0.4033133387565613,0.0
0.3827804625034332,0.0
0.46180281043052673,0.0
0.5425398945808411,0.0
0.5959458351135254,0.0
0.6715141534805298,0.0
0.7408416867256165,0.0
0.7914235591888428,0.0
0.8850160837173462,0.0
0.9589001536369324,0.0
0.9845958948135376,0.0
0.9243642687797546,0.0
0.8025732040405273,0.0
0.7817205190658569,0.0
0.8690885305404663,0.0
1.3139169216156006,0.03
1.983337163925171,0.57
2.8072023391723633,1.68
3.494302272796631,3.17
3.729109525680542,4.02
3.5389087200164795,5.29
2.8212215900421143,2.32
1.6308374404907227,1.9
1.3045588731765747,1.32
1.026857614517212,1.25
0.8005090951919556,1.14
0.4988575279712677,0.01
0.15435385704040527,0.0
0.15704873204231262,0.0
0.1394340693950653,0.0
0.1436753273010254,0.0
0.13342760503292084,0.0
0.1746196299791336,0.0
0.20306259393692017,0.0
0.2147424966096878,0.0
0.20641162991523743,0.0
0.13986659049987793,0.0
0.12171119451522827,0.0
0.10375194251537323,0.0
0.08201096206903458,0.0
0.04486255347728729,0.0
0.05824882537126541,0.0
0.05969461053609848,0.0
0.08682403713464737,0.0
0.09315628558397293,0.0
0.06469674408435822,0.0
0.07115378975868225,0.0
0.024581141769886017,0.0
0.0,0.0
0.0,0.0
0.0,0.0
0.0,0.0
0.0,0.0
0.04212912172079086,0.0
0.07887091487646103,0.0
0.12182053178548813,0.0
0.15331804752349854,0.0
0.17365217208862305,0.0
0.19033998250961304,0.0
0.21264329552650452,0.0
0.2401646226644516,0.0
0.30902791023254395,0.0
0.3917032778263092,0.0
0.4549585282802582,0.0
0.5148427486419678,0.0
0.5762560367584229,0.0
0.6427884101867676,0.0
0.7050653100013733,0.0
0.7657953500747681,0.0
0.7964798212051392,0.0
0.7586477398872375,0.0
0.5537112951278687,0.0
0.22244173288345337,0.0
0.0,0.0
0.0,0.04
0.3160264492034912,0.42
1.3202259540557861,1.56
2.9938242435455322,4.11
4.63470983505249,6.849999999999999
7.203666687011719,10.15
10.806982040405273,13.34
15.230889320373535,16.42
19.153316497802734,19.48
21.532140731811523,22.28
21.3405818939209,22.45
19.27226448059082,19.95
16.149232864379883,17.31
13.068303108215332,14.59
10.080093383789062,11.66
7.4715576171875,8.69
5.125703811645508,6.01
3.2154154777526855,3.73
1.817535638809204,2.07
0.9078701734542847,0.9199999999999999
0.3909999430179596,0.15
0.16894303262233734,0.0
0.14900900423526764,0.0
0.13272669911384583,0.0
0.0917874276638031,0.0
0.08051339536905289,0.0
0.06648506969213486,0.0
0.05886014550924301,0.0
0.02586226910352707,0.0
0.0,0.0
0.0,0.0
0.0,0.0
0.0,0.0
0.0,0.0
0.0,0.0
0.0,0.0
0.0,0.0
0.0,0.0
0.0,0.0
0.0,0.0
0.0,0.0
0.0,0.0
0.0,0.0
0.0,0.0
0.0,0.0
0.0,0.0
0.0,0.0
0.0,0.0
0.0,0.0
0.0,0.0
0.030053406953811646,0.0
0.09711887687444687,0.0
0.14861561357975006,0.0
0.21527725458145142,0.0
0.2830464243888855,0.0
0.3529556095600128,0.0
0.4193343222141266,0.0
0.4916017949581146,0.0
0.570880651473999,0.0
0.6590299606323242,0.0
0.7377525568008423,0.0
0.7837673425674438,0.0
0.7747104167938232,0.0
0.6702268719673157,0.0
0.5029149055480957,0.0
0.37138646841049194,0.0
0.3546159863471985,0.0
0.6302749514579773,0.27
1.3122156858444214,0.98
2.5016536712646484,2.25
4.237162113189697,4.28
6.475433826446533,6.92
9.08179759979248,10.02
11.915038108825684,13.019999999999998
14.81502914428711,16.13
17.778644561767578,19.11
20.780134201049805,22.04
23.77801513671875,24.73
28.371322631835938,27.36
32.9306640625,29.710000000000004
35.842140197753906,31.900000000000002
36.2220344543457,33.84
33.8505973815918,35.49
28.94420623779297,36.98
21.86436653137207,17.74
13.55614948272705,14.92
10.47189998626709,12.03
7.824371814727783,9.12
5.384789943695068,6.35
3.3371872901916504,3.8599999999999994
1.810154914855957,1.95
0.8341752886772156,0.75
0.331994891166687,0.04
0.1307884156703949,0.0
0.13423505425453186,0.0
0.118967704474926,0.0
0.11010877788066864,0.0
0.09726285934448242,0.0
0.09258612990379333,0.0
0.08928943425416946,0.0
0.07570143789052963,0.0
0.05428530275821686,0.0
0.043288059532642365,0.0
0.02743452787399292,0.0
0.01697652041912079,0.0
0.012771040201187134,0.0
0.0,0.0
0.0,0.0
0.0,0.0
0.0,0.0
0.0,0.0
0.0,0.0
0.0,0.0
0.0,0.0
0.0033972784876823425,0.0
0.028241612017154694,0.0
0.04957541823387146,0.0
0.0827893614768982,0.0
0.11483971029520035,0.0
0.15804916620254517,0.0
0.19870325922966003,0.0
0.21434855461120605,0.0
0.23553147912025452,0.0
0.25632530450820923,0.0
0.3022761940956116,0.0
0.36227142810821533,0.0
0.4869539141654968,0.0
0.5860591530799866,0.0
0.650683581829071,0.0
0.7325494885444641,0.0
0.8027037382125854,0.0
0.8886024355888367,0.0
0.9639448523521423,0.0
1.0245673656463623,0.0
1.016067385673523,0.0
0.8672953844070435,0.0
0.6538420915603638,0.0
0.507857084274292,0.0
0.5000594854354858,0.0
0.777860164642334,0.12
1.4852287769317627,0.95
2.720104932785034,2.27
4.438484191894531,4.25
6.605318069458008,6.860000000000001
9.113139152526855,9.82
11.876423835754395,12.83
14.738411903381348,15.909999999999998
18.024215698242188,18.86
20.113710403442383,21.7
24.318471908569336,24.5
27.12337875366211,27.060000000000002
28.518024444580078,29.42
29.218456268310547,31.3
29.06292152404785,28.37
29.373668670654297,38.61
30.199777603149414,24.5
26.735746383666992,27.99
26.565706253051758,30.81
24.75168228149414,28.95
22.497961044311523,27.279999999999998
19.514081954956055,14.95
16.6844482421875,15.76
17.594738006591797,21.56
16.653013229370117,19.65
12.927029609680176,16.14
8.891850471496582,6.87
5.526487350463867,8.63
4.441798686981201,5.4
2.2955896854400635,2.11
0.9955053329467773,1.3
0.49602949619293213,0.32
0.1557331532239914,0.0
0.09462442249059677,0.0
0.11020619422197342,0.0
0.11078100651502609,0.0
0.13044960796833038,0.0
0.11805109679698944,0.0
0.11021289974451065,0.0
0.09716376662254333,0.0
0.0639103353023529,0.0
0.04155505448579788,0.0
0.01893807202577591,0.0
0.0,0.0
0.0,0.0
0.0,0.0
0.0,0.0
0.0,0.0
0.0,0.0
0.0,0.0
0.0,0.0
0.0,0.0
0.0,0.0
0.0,0.0
0.0,0.0
0.0,0.0
0.0,0.0
0.018644332885742188,0.0
0.06463900208473206,0.0
0.10780710726976395,0.0
0.150260329246521,0.0
0.19737370312213898,0.0
0.23319366574287415,0.0
0.2861194312572479,0.0
0.3363659679889679,0.0
0.39218682050704956,0.0
0.45651233196258545,0.0
0.524160623550415,0.0
0.6007088422775269,0.0
0.6789203882217407,0.0
0.7544249296188354,0.0
0.8269457817077637,0.0
0.9030585885047913,0.0
0.9458760023117065,0.0
0.9641238451004028,0.0
0.9490962028503418,0.0
0.8221205472946167,0.0
0.9131821990013123,0.0
0.9799549579620361,0.0
0.7761775255203247,0.17
1.3789665699005127,0.53
2.450003147125244,1.23
3.567509412765503,3.01
4.7801384925842285,2.04
5.9467692375183105,5.37
8.55298900604248,11.39
9.466741561889648,7.46
7.892334461212158,6.67
7.70487642288208,9.08
6.36285400390625,10.1
5.6947221755981445,10.43
5.491343021392822,4.62
6.281642436981201,9.08
10.384115219116211,11.01
13.725940704345703,12.97
18.455615997314453,27.22
22.554555892944336,21.05
21.319869995117188,24.42
22.37782859802246,27.200000000000003
23.618783950805664,23.86
23.69929313659668,24.88
23.4735107421875,23.25
21.701099395751953,23.48
19.674821853637695,25.540000000000003
15.154970169067383,19.83
10.697749137878418,14.71
11.011637687683105,14.52
13.747878074645996,15.58
17.868228912353516,20.26
22.1196346282959,20.07
24.10841941833496,30.19
24.682971954345703,23.69
20.360979080200195,21.08
17.219730377197266,18.63
14.0180025100708,15.54
10.75859260559082,12.47
7.908786773681641,9.39
5.311777591705322,6.3
3.1302788257598877,3.6900000000000004
1.5670267343521118,1.67
0.591545581817627,0.52
0.12761634588241577,0.03
0.0,0.0
0.0,0.0
0.0,0.0
0.0,0.0
0.0,0.0
0.0,0.0
0.0,0.0
0.0,0.0
0.0,0.0
0.0,0.0
0.0,0.0
0.0,0.0
0.0,0.0
0.0,0.0
0.0,0.0
0.0,0.0
0.0,0.0
0.0,0.0
0.0,0.0
0.0,0.0
0.0,0.0
0.0,0.0
0.0,0.0
0.0,0.0
0.0,0.0
0.0,0.0
0.0,0.0
0.0,0.0
0.0,0.0
0.0,0.0
0.0,0.0
0.0,0.0
0.0,0.0
0.05808882415294647,0.0
0.13711079955101013,0.0
0.2229815423488617,0.0
0.32229405641555786,0.0
0.403653085231781,0.0
0.49287843704223633,0.0
0.5740305185317993,0.0
0.5860267281532288,0.0
0.5102176070213318,0.0
0.3882426619529724,0.0
0.27322882413864136,0.0
0.26210248470306396,0.0
0.4729174077510834,0.0
1.0392192602157593,0.22
2.0142993927001953,0.93
3.5150561332702637,2.51
5.57330322265625,4.78
8.075493812561035,7.71
11.545570373535156,10.99
15.819891929626465,14.32
21.104352951049805,17.63
23.82859230041504,20.82
23.69773292541504,23.77
20.84602165222168,21.67
15.730574607849121,18.7
10.360503196716309,15.68
4.922705173492432,0.45999999999999996
0.10433215647935867,0.02
0.0,0.0
0.0,0.0
0.0,0.0
0.0,0.0
0.0,0.0
0.0,0.0
0.0,0.0
0.0,0.0
0.0,0.0
0.0,0.0
0.0,0.0
0.0,0.0
0.0,0.0
0.0,0.0
0.0,0.0
0.0,0.0
0.0,0.0
0.0,0.0
0.0,0.0
0.0,0.0
0.0,0.0
0.0,0.0
0.0,0.0
0.0,0.0
0.0,0.0
0.0,0.0
0.0,0.0
0.0,0.0
0.0,0.0
0.0,0.0
0.0,0.0
0.049661844968795776,0.0
0.10769050568342209,0.0
0.16607028245925903,0.0
0.2203846275806427,0.0
0.26928746700286865,0.0
0.3427177667617798,0.0
0.4311896860599518,0.0
0.5226356983184814,0.0
0.5055017471313477,0.0
0.45249220728874207,0.0
0.3458872437477112,0.0
0.23394915461540222,0.0
0.244584858417511,0.0
2.1264595985412598,0.0
3.8614518642425537,0.18
5.252245903015137,0.93
6.173818111419678,2.67
6.410638809204102,5.18
5.719791412353516,8.35
4.049498081207275,0.0
0.20065642893314362,0.0
0.2884194254875183,0.0
0.4267944097518921,0.0
0.5497267246246338,0.0
0.6153961420059204,0.0
0.6738893985748291,0.0
0.687489926815033,0.0
0.6686566472053528,0.0
0.7302898168563843,0.0
0.7544432878494263,0.0
0.7775861620903015,0.0
0.8190450072288513,0.0
0.7402907013893127,0.0
0.20917914807796478,0.0
0.0,0.04
0.0,0.22999999999999998
1.1658915281295776,0.72
3.5682029724121094,1.1
6.058806419372559,3.61
8.526179313659668,7.290000000000001
10.579900741577148,13.449999999999998
11.4515962600708,16.08
10.216802597045898,11.08
10.562905311584473,12.78
14.25130844116211,19.46
18.756576538085938,18.94
22.095359802246094,20.64
26.821378707885742,27.88
30.150083541870117,31.08
28.791996002197266,29.07
25.85969352722168,26.669999999999998
21.99720573425293,23.95
17.497894287109375,18.5
12.734651565551758,15.479999999999999
8.721044540405273,9.2
5.070685386657715,6.14
2.899041175842285,3.46
1.3320153951644897,1.47
0.4054378867149353,0.31
0.0,0.0
0.0,0.0
0.0,0.0
0.0,0.0
0.0,0.0
0.0,0.0
0.0,0.0
0.0,0.0
0.0,0.0
0.0,0.0
0.0,0.0
0.0,0.0
0.0,0.0
0.0,0.0
0.0,0.0
0.0,0.0
0.0,0.0
0.0,0.0
0.0,0.0
0.0,0.0
0.0,0.0
0.0,0.0
0.0,0.0
0.0,0.0
0.0,0.0
0.0,0.0
0.0,0.0
0.0,0.0
0.0,0.0
0.0,0.0
0.0,0.0
0.0,0.0
0.032132863998413086,0.0
0.08181501179933548,0.0
0.14255699515342712,0.0
0.2186410129070282,0.0
0.2970650792121887,0.0
0.38991570472717285,0.0
0.48631709814071655,0.0
0.5887838006019592,0.0
0.6797196269035339,0.0
0.7279141545295715,0.0
0.6750179529190063,0.0
0.5203995704650879,0.0
0.33503657579421997,0.0
0.2981142997741699,0.0
0.46432241797447205,0.0
2.9594221115112305,0.15
5.272736549377441,0.88
7.142592906951904,2.51
8.276765823364258,4.78
8.361034393310547,7.8
7.262789249420166,11.19
4.906941890716553,0.0
0.0,0.0
0.0,0.0
0.0,0.0
0.04103761166334152,0.0
0.10502263903617859,0.0
0.1549484133720398,0.0
0.2092583179473877,0.0
0.27354323863983154,0.0
0.35088247060775757,0.0
0.4243070185184479,0.0
0.4952790141105652,0.0
0.5858227610588074,0.0
0.6633592844009399,0.0
0.7452245950698853,0.0
0.8131811618804932,0.0
0.8272305130958557,0.0
0.7721884846687317,0.0
0.6323451399803162,0.0
0.5236452221870422,0.0
0.5237784385681152,0.0
1.051857590675354,0.11
0.0,0.79
0.0,1.9299999999999997
0.0,3.46
2.0465991497039795,5.25
7.549224853515625,7.670000000000001
14.936799049377441,6.88
23.097557067871094,30.870000000000005
29.60454750061035,29.189999999999998
30.50771713256836,32.96
31.6773681640625,35.25
31.06635284423828,33.19
29.26913833618164,30.19
28.984403610229492,29.62
27.325990676879883,27.87
23.724227905273438,22.77
18.923725128173828,20.23
14.327371597290039,17.3
9.383691787719727,14.330000000000002
4.47196102142334,0.0
0.0,0.0
0.0,0.0
0.0,0.0
0.0,0.0
0.0,0.0
0.0,0.0
0.0,0.0
0.0,0.0
0.0,0.0
0.0,0.0
0.0,0.0
0.0,0.0
0.0,0.0
0.0,0.0
0.0,0.0
0.0,0.0
0.0,0.0
0.0,0.0
0.0,0.0
0.0,0.0
0.0,0.0
0.0,0.0
0.0,0.0
0.0,0.0
0.0,0.0
0.0,0.0
0.0,0.0
0.0,0.0
0.0,0.0
0.0,0.0
0.0,0.0
0.0550244003534317,0.0
0.11508893221616745,0.0
0.1837272197008133,0.0
0.2565534710884094,0.0
0.3409620523452759,0.0
0.42495784163475037,0.0
0.5072605013847351,0.0
0.5853861570358276,0.0
0.6997205018997192,0.0
0.7633697986602783,0.0
0.7185171246528625,0.0
0.5798394083976746,0.0
0.390375018119812,0.0
0.24431514739990234,0.0
0.28739291429519653,0.0
0.6817286610603333,0.11
1.5583418607711792,0.78
3.0640504360198975,2.26
5.161740779876709,4.43
11.05495548248291,7.22
15.870790481567383,10.36
18.68665313720703,13.600000000000001
19.262901306152344,16.82
17.624300003051758,19.68
13.903966903686523,22.33
8.319766998291016,0.0
0.0,0.0
0.0,0.0
0.0,0.0
0.0,0.0
0.0,0.0
0.0,0.0
0.0,0.0
0.0,0.0
0.0,0.0
0.0,0.0
0.0,0.0
0.0,0.0
0.031205080449581146,0.0
0.07763318717479706,0.0
0.11947751045227051,0.0
0.17453598976135254,0.0
0.23195278644561768,0.0
0.2936640679836273,0.0
0.35289469361305237,0.0
0.40693506598472595,0.0
0.43742990493774414,0.0
0.5178658366203308,0.0
0.614194929599762,0.0
0.7160044312477112,0.0
0.8379045724868774,0.0
0.8966981172561646,0.0
0.8785282373428345,0.0
0.7394647002220154,0.0
0.5737550258636475,0.0
0.47042930126190186,0.0
1.9652769565582275,0.0
3.411691665649414,0.09
4.64394998550415,0.76
5.5496320724487305,2.19
5.867861747741699,4.37
5.38018798828125,7.23
3.9012393951416016,0.0
0.04665590822696686,0.0
0.026494264602661133,0.0
0.02941582351922989,0.0
0.052443332970142365,0.0
0.08891727775335312,0.0
0.13180747628211975,0.0
0.1703057438135147,0.0
0.19562038779258728,0.0
0.22855810821056366,0.0
0.26314499974250793,0.0
0.31366440653800964,0.0
0.3596840500831604,0.0
0.4196208119392395,0.0
0.4848480224609375,0.0
0.553486704826355,0.0
0.636957585811615,0.0
0.7304443120956421,0.0
0.8118194341659546,0.0
0.8755015134811401,0.0
0.8435347080230713,0.0
0.9224711060523987,0.0
0.9858036637306213,0.0
0.7980965375900269,0.0
0.6548987627029419,0.0
0.344878613948822,0.15
0.04967842251062393,0.76
0.755587100982666,0.6
1.7567481994628906,1.53
3.7449426651000977,3.71
6.671258926391602,6.7299999999999995
10.474597930908203,11.82
14.771977424621582,16.17
18.88658332824707,18.26
23.181684494018555,21.43
26.00497055053711,25.509999999999998
27.46649169921875,27.92
27.39352035522461,28.850000000000005
25.362590789794922,27.13
22.43294334411621,22.95
19.789751052856445,20.39
18.929275512695312,20.31
18.17544174194336,20.14
18.427576065063477,20.16
19.927717208862305,19.81
20.307645797729492,19.71
19.0740966796875,19.57
16.492795944213867,19.54
13.687539100646973,19.59
11.145065307617188,17.39
10.6326322555542,13.81
12.003347396850586,10.95
15.1904296875,17.74
18.929794311523438,20.86
19.350082397460938,21.32
17.835193634033203,19.6
15.255382537841797,16.9
12.245864868164062,13.889999999999999
9.285768508911133,10.72
6.472701072692871,7.66
4.032622814178467,4.84
2.1282424926757812,2.43
0.8389414548873901,0.48
0.1531919538974762,0.01
0.030485913157463074,0.0
0.022011809051036835,0.0
0.0,0.0
0.0,0.0
0.0,0.0
0.0,0.0
0.0,0.0
0.0,0.0
0.0,0.0
0.0,0.0
0.0,0.0
0.0,0.0
0.0,0.0
0.0,0.0
0.0,0.0
0.0,0.0
0.0,0.0
0.0,0.0
0.0,0.0
0.0,0.0
0.0,0.0
0.0,0.0
0.0,0.0
0.0,0.0
0.0,0.0
0.0,0.0
0.0,0.0
0.0,0.0
0.0,0.0
0.0,0.0
0.0,0.0
0.05798526108264923,0.0
0.12166313827037811,0.0
0.18702316284179688,0.0
0.2635626196861267,0.0
0.3367103636264801,0.0
0.4123624563217163,0.0
0.487606406211853,0.0
0.5608826875686646,0.0
0.6472600698471069,0.0
0.7326831817626953,0.0
0.8084057569503784,0.0
0.7880043983459473,0.0
0.639843761920929,0.0
0.4280624985694885,0.0
0.255450963973999,0.0
0.23121647536754608,0.0
0.5833433866500854,0.06
1.5184319019317627,0.71
3.1966288089752197,2.13
5.55803918838501,4.31
6.491666793823242,7.13
8.262493133544922,10.65
10.767218589782715,13.47
14.191031455993652,15.52
18.610361099243164,17.93
24.09404754638672,19.64
29.674577713012695,34.36
33.028167724609375,32.41
31.881797790527344,34.85
30.877819061279297,33.08
28.32944107055664,30.44
25.02141571044922,25.25
20.82330322265625,21.89
17.288455963134766,20.05
13.74840259552002,15.380000000000003
10.050567626953125,12.36
7.051286220550537,6.87
4.566874980926514,4.54
3.400550365447998,5.79
2.530879259109497,2.56
1.0119596719741821,1.25
0.41504186391830444,0.4099999999999999
0.09491834789514542,0.01
0.008468329906463623,0.0
0.00943746417760849,0.0
0.0,0.0
0.0,0.0
0.0,0.0
0.0,0.0
0.0,0.0
0.0,0.0
0.0,0.0
0.0,0.0
0.0,0.0
0.0,0.0
0.0,0.0
0.0,0.0
0.0,0.0
0.0,0.0
0.0,0.0
0.0,0.0
0.0,0.0
0.0,0.0
0.0,0.0
0.0,0.0
0.0,0.0
0.0,0.0
0.0,0.0
0.0,0.0
0.0,0.0
0.0,0.0
0.03234073519706726,0.0
0.08309148252010345,0.0
0.14126095175743103,0.0
0.20224657654762268,0.0
0.2657417058944702,0.0
0.3353748321533203,0.0
0.4004642367362976,0.0
0.4798548221588135,0.0
0.5525383949279785,0.0
0.6318625211715698,0.0
0.7136637568473816,0.0
0.7939376831054688,0.0
0.8710794448852539,0.0
0.9505743980407715,0.0
1.0125555992126465,0.0
1.0232200622558594,0.0
0.9930509328842163,0.0
1.022605538368225,0.0
1.1073520183563232,0.0
1.2251662015914917,0.0
1.3377670049667358,0.06
1.7008460760116577,0.66
2.074458122253418,1.24
2.63394832611084,1.25
3.295248031616211,1.67
3.8240954875946045,2.16
4.198000431060791,3.6799999999999997
4.406847953796387,2.89
3.951873540878296,3.9
3.573979377746582,2.24
2.859975814819336,1.08
2.6664586067199707,1.97
2.5991663932800293,1.17
2.267855167388916,0.64
2.135165214538574,0.75
1.9806103706359863,0.96
2.014374017715454,1.25
2.2808210849761963,1.11
2.592308759689331,1.6
2.2412874698638916,2.27
1.7939326763153076,3.9599999999999995
2.132941246032715,5.7
2.9254953861236572,6.0
5.282222270965576,5.75
9.347965240478516,8.84
15.419265747070312,16.98
20.70213508605957,23.9
24.670808792114258,27.08
26.793649673461914,31.230000000000004
27.911170959472656,30.67
27.673742294311523,28.970000000000002
27.2712345123291,29.45
26.7446346282959,29.14
25.233196258544922,27.149999999999995
22.822803497314453,24.82
19.823200225830078,21.15
16.46816635131836,18.03
13.084465026855469,14.84
9.768899917602539,11.54
6.86890172958374,7.73
4.626790523529053,5.12
3.3013315200805664,3.37
2.5105550289154053,2.36
2.0710718631744385,2.24
1.6698187589645386,1.91
1.1543984413146973,1.19
0.6528459787368774,0.45999999999999996
0.31214430928230286,0.0
0.17012879252433777,0.0
0.1523548662662506,0.0
0.11751633137464523,0.0
0.08740946650505066,0.0
0.027201510965824127,0.0
0.0,0.0
0.0,0.0
0.0,0.0
0.0,0.0
0.0,0.0
0.0,0.0
0.0,0.0
0.0,0.0
0.0,0.0
0.0,0.0
0.0,0.0
0.0,0.0
0.0,0.0
0.0,0.0
0.0,0.0
0.0,0.0
0.0,0.0
0.0,0.0
0.0,0.0
0.0,0.0
0.0,0.0
0.0,0.0
0.0,0.0
0.0,0.0
0.0,0.0
0.0,0.0
0.0,0.0
0.0,0.0
0.0,0.0
0.0,0.0
0.01720879226922989,0.0
0.10265018790960312,0.0
0.19484087824821472,0.0
0.28851890563964844,0.0
0.3816891312599182,0.0
0.46572181582450867,0.0
0.5556341409683228,0.0
0.6321117281913757,0.0
0.6587929725646973,0.0
0.5069766044616699,0.0
0.21276846528053284,0.0
0.0,0.0
0.0,0.0
0.4505932331085205,0.2
1.5278490781784058,0.89
3.3775827884674072,3.37
5.856453895568848,5.76
8.485808372497559,8.73
11.403107643127441,11.64
14.405570983886719,14.84
17.469697952270508,18.06
20.406965255737305,20.97
23.115196228027344,23.64
25.618038177490234,26.02
27.897825241088867,28.18
29.97688865661621,30.260000000000005
31.841691970825195,32.11
33.51392364501953,33.78
34.95466613769531,35.15
36.122657775878906,36.33
37.102935791015625,37.27
37.91109085083008,38.38
38.51162338256836,39.32
38.8567008972168,39.71
39.108558654785156,40.24
39.30902862548828,40.49
39.49814987182617,41.04
39.13882827758789,40.56
38.82592010498047,40.68
38.461944580078125,41.26
37.848838806152344,40.1
36.93018341064453,39.49
36.06439208984375,38.56
35.08354568481445,38.0
33.93876647949219,36.66
32.45916748046875,35.43
30.909320831298828,33.94
29.265161514282227,31.869999999999997
27.39192771911621,29.82
25.317081451416016,27.390000000000004
22.95281219482422,24.7
20.324466705322266,22.06
17.52867317199707,19.13
14.536499977111816,15.920000000000002
11.465456008911133,12.97
8.578575134277344,9.81
5.877200603485107,6.890000000000001
3.621875524520874,4.22
1.8935184478759766,1.95
0.758619487285614,0.5
0.22358578443527222,0.0
0.08049942553043365,0.0
0.07390957325696945,0.0
0.048076920211315155,0.0
0.013927370309829712,0.0
0.0,0.0
0.0,0.0
0.0,0.0
0.0,0.0
0.0,0.0
0.0,0.0
0.0,0.0
0.0,0.0
0.0,0.0
0.0,0.0
0.0,0.0
0.0,0.0
0.0,0.0
0.0,0.0
0.0,0.0
0.0,0.0
0.0,0.0
0.0,0.0
0.0,0.0
0.0,0.0
0.0,0.0
0.0,0.0
0.0,0.0
0.0,0.0
0.0,0.0
0.0,0.0
0.0,0.0
0.0,0.0
0.0,0.0
0.0,0.0
0.0,0.0
0.062392279505729675,0.0
0.15393048524856567,0.0
0.24848207831382751,0.0
0.34292730689048767,0.0
0.4305019974708557,0.0
0.5170576572418213,0.0
0.6078081130981445,0.0
0.6478963494300842,0.0
0.5713479518890381,0.0
0.37824901938438416,0.0
0.18552300333976746,0.0
0.08044056594371796,0.0
0.27215462923049927,0.02
0.9786675572395325,0.52
2.3177731037139893,1.81
4.3287224769592285,3.8699999999999997
6.812272071838379,6.5
9.649809837341309,9.82
12.681781768798828,13.03
15.627930641174316,16.17
18.5233211517334,19.17
21.30112648010254,21.82
23.944244384765625,24.54
26.518657684326172,26.919999999999998
28.90149688720703,29.220000000000002
31.097448348999023,31.370000000000005
33.08599090576172,33.24
34.75572204589844,34.93
36.10843276977539,36.38
37.191593170166016,37.64
37.99495315551758,38.62
38.59566879272461,39.4
39.037078857421875,40.03
39.37519073486328,40.58
39.555782318115234,40.98
39.58143615722656,41.23
39.541751861572266,41.49
38.87701416015625,41.24
38.37246322631836,41.11
37.69432067871094,40.21
36.843257904052734,39.82
35.996498107910156,39.11
34.93682098388672,38.09
33.703712463378906,37.19
32.298614501953125,35.7
30.730745315551758,34.09
29.15032196044922,32.42
27.66508674621582,30.620000000000005
26.051054000854492,28.52
24.24710464477539,26.52
22.168928146362305,24.16
19.665748596191406,21.51
16.871755599975586,18.46
13.853071212768555,15.4
10.850302696228027,12.3
7.958135604858398,9.17
5.3622727394104,6.25
3.234011650085449,3.73
1.6728761196136475,1.78
0.689069926738739,0.45999999999999996
0.20312033593654633,0.0
0.08405055850744247,0.0
0.08235108107328415,0.0
0.062338076531887054,0.0
0.041549839079380035,0.0
0.02368483692407608,0.0
0.00690855085849762,0.0
0.0,0.0
0.0,0.0
0.0,0.0
0.0,0.0
0.0,0.0
0.0,0.0
0.0,0.0
0.0,0.0
0.0,0.0
0.0,0.0
0.0,0.0
0.0,0.0
0.0,0.0
0.0,0.0
0.0,0.0
0.0,0.0
0.0,0.0
0.0,0.0
0.0,0.0
0.0,0.0
0.0,0.0
0.0,0.0
0.0,0.0
0.0,0.0
0.0,0.0
0.0,0.0
0.0052772462368011475,0.0
0.07576178759336472,0.0
0.15331879258155823,0.0
0.24103373289108276,0.0
0.3369491696357727,0.0
0.4067167639732361,0.0
0.48918312788009644,0.0
0.5752425789833069,0.0
0.6561430096626282,0.0
0.7303038835525513,0.0
0.7613158822059631,0.0
0.7527533173561096,0.0
0.7431917786598206,0.0
0.38693490624427795,0.0
0.10944623500108719,0.0
0.2917727530002594,0.0
0.553432822227478,0.52
1.6622638702392578,0.9199999999999999
3.4038047790527344,2.12
5.4050397872924805,6.49
7.643942356109619,8.4
9.438676834106445,8.57
13.108335494995117,15.06
16.863998413085938,13.58
17.09548568725586,15.43
17.991914749145508,21.94
19.016759872436523,22.77
16.4171085357666,25.5
15.432284355163574,14.32
15.756173133850098,16.2
21.008119583129883,26.27
27.001541137695312,24.83
29.998430252075195,28.720000000000002
34.697200775146484,37.54
35.79429626464844,37.06
34.882633209228516,34.83
32.59857177734375,36.4
28.748003005981445,26.619999999999997
21.8061466217041,29.74
17.99491310119629,24.84
14.374305725097656,22.36
14.408913612365723,14.13
16.695829391479492,17.71
23.0751953125,23.09
28.799867630004883,35.23
32.510345458984375,36.77
31.879907608032227,35.37
30.559032440185547,34.15
29.249074935913086,32.9
27.873891830444336,31.240000000000002
26.444730758666992,29.630000000000003
24.950634002685547,27.51
23.17862892150879,25.47
21.133045196533203,23.25
18.7270450592041,20.4
15.976784706115723,17.72
13.152523040771484,14.66
10.191109657287598,11.51
7.376718521118164,8.58
4.91327428817749,5.77
2.8857738971710205,3.3000000000000003
1.4257900714874268,1.46
0.5612050890922546,0.3
0.17987993359565735,0.0
0.11516697704792023,0.0
0.1100124791264534,0.0
0.09438935667276382,0.0
0.09306129068136215,0.0
0.07938221096992493,0.0
0.07863715291023254,0.0
0.0763019546866417,0.0
0.06804652512073517,0.0
0.06402917206287384,0.0
0.048840418457984924,0.0
0.0007929280400276184,0.0
0.0,0.0
0.0,0.0
0.0,0.0
0.0,0.0
0.0,0.0
0.0,0.0
0.0,0.0
0.0,0.0
0.0,0.0
0.0,0.0
0.0,0.0
0.0,0.0
0.0,0.0
0.0,0.0
0.0,0.0
0.0,0.0
0.0,0.0
0.03154575824737549,0.0
0.05609691143035889,0.0
0.130684494972229,0.0
0.19649657607078552,0.0
0.2661522626876831,0.0
0.3325292766094208,0.0
0.4148658514022827,0.0
0.48853325843811035,0.0
0.5688953995704651,0.0
0.6602767705917358,0.0
0.75300133228302,0.0
0.8503186702728271,0.0
0.9498990774154663,0.0
1.0426685810089111,0.0
1.087481141090393,0.0
1.0568987131118774,0.0
0.9235541224479675,0.0
0.7555329203605652,0.0
0.5616080164909363,0.0
0.5233125686645508,0.0
0.7908890843391418,0.25
1.4739153385162354,1.16
2.6989943981170654,2.67
4.339569568634033,4.5
6.396097183227539,7.339999999999999
8.80307388305664,10.13
11.299993515014648,12.85
13.827747344970703,15.85
16.395172119140625,18.47
18.825836181640625,21.26
21.195817947387695,23.54
23.982534408569336,25.72
26.684431076049805,27.76
28.846458435058594,29.68
30.086082458496094,31.35
30.081087112426758,32.76
28.78956413269043,33.85
26.445886611938477,28.449999999999996
23.623966217041016,26.05
22.319149017333984,25.27
21.635719299316406,24.62
20.97222900390625,24.98
20.075929641723633,24.87
18.547693252563477,24.05
17.94243049621582,22.92
18.5429630279541,22.93
20.054513931274414,22.94
22.164417266845703,23.43
24.143312454223633,26.71
26.019222259521484,33.67
26.547035217285156,30.049999999999997
24.925453186035156,28.309999999999995
24.433923721313477,26.479999999999997
23.763851165771484,25.03
22.610551834106445,23.71
20.392986297607422,21.47
17.603796005249023,18.79
14.546743392944336,15.310000000000002
11.509998321533203,12.67
8.795547485351562,10.08
6.359332084655762,7.39
4.150476455688477,4.87
2.365830659866333,2.47
1.099168062210083,0.9399999999999998
0.43270158767700195,0.14
0.1636294722557068,0.0
0.11515337973833084,0.0
0.08232910186052322,0.0
0.04184935241937637,0.0
0.0,0.0
0.0,0.0
0.0,0.0
0.0,0.0
0.0,0.0
0.0,0.0
0.0,0.0
0.0,0.0
0.0,0.0
0.0,0.0
0.0,0.0
0.0,0.0
0.0,0.0
0.0,0.0
0.0,0.0
0.0,0.0
0.0,0.0
0.0,0.0
0.0,0.0
0.0,0.0
0.0,0.0
0.0,0.0
0.0,0.0
0.0,0.0
0.0,0.0
0.0,0.0
0.0,0.0
0.0,0.0
0.0,0.0
0.0035090371966362,0.0
0.0683782622218132,0.0
0.13829228281974792,0.0
0.21954365074634552,0.0
0.31340792775154114,0.0
0.4118839204311371,0.0
0.5021436214447021,0.0
0.5928076505661011,0.0
0.6836749315261841,0.0
0.7709413766860962,0.0
0.8235376477241516,0.0
0.7890573740005493,0.0
0.6590904593467712,0.0
0.4839550852775574,0.0
0.32437145709991455,0.0
0.32091718912124634,0.0
0.6595980525016785,0.34
1.5396987199783325,1.45
2.989243984222412,3.16
4.949591159820557,5.35
7.389026165008545,8.29
10.226737022399902,11.45
13.308874130249023,14.719999999999999
16.54937171936035,18.01
20.26553726196289,21.28
24.027341842651367,24.36
27.143085479736328,27.250000000000004
29.235929489135742,29.84
29.857025146484375,32.17
29.413515090942383,34.33
28.054588317871094,30.159999999999997
26.424697875976562,26.91
26.546669006347656,26.91
27.95654296875,28.470000000000002
30.10150718688965,31.980000000000004
32.07314682006836,32.51
33.269535064697266,33.73
34.26398468017578,34.57
34.79624938964844,34.78
34.313865661621094,37.69
33.81473922729492,36.0
31.930116653442383,33.86
30.162065505981445,31.65
28.08578109741211,29.28
25.5888671875,26.66
22.676172256469727,23.77
19.494468688964844,20.67
16.18631935119629,17.62
12.94689655303955,14.469999999999999
9.775057792663574,11.21
6.996145725250244,8.3
4.5777058601379395,5.63
2.5976364612579346,3.17
1.1479443311691284,1.21
0.2826942205429077,0.18
0.0,0.0
0.0,0.0
0.0,0.0
0.0,0.0
0.0,0.0
0.02100560814142227,0.0
0.02562291920185089,0.0
0.0022279098629951477,0.0
0.0,0.0
0.0,0.0
0.0,0.0
0.0,0.0
0.0,0.0
0.0,0.0
0.0,0.0
0.0,0.0
0.0,0.0
0.0,0.0
0.0,0.0
0.0,0.0
0.0,0.0
0.0,0.0
0.0,0.0
0.0,0.0
0.0,0.0
0.0,0.0
0.0,0.0
0.0,0.0
0.06586611270904541,0.0
0.1475246548652649,0.0
0.2361564040184021,0.0
0.3217255771160126,0.0
0.4056837558746338,0.0
0.5000349283218384,0.0
0.5919024348258972,0.0
0.6819533109664917,0.0
0.7787914872169495,0.0
0.8432237505912781,0.0
0.8314828276634216,0.0
0.6951169371604919,0.0
0.44184941053390503,0.0
0.20560100674629211,0.0
0.16442276537418365,0.0
0.5247138738632202,0.22999999999999998
1.4504249095916748,1.22
3.0999581813812256,3.06
5.332188129425049,5.66
8.026997566223145,8.8
11.080405235290527,11.97
14.566839218139648,15.2
17.944744110107422,18.6
21.359912872314453,21.73
24.567096710205078,24.92
27.190811157226562,27.77
29.175493240356445,30.25
30.24250602722168,31.16
31.221702575683594,32.4
32.37128448486328,33.86
33.791770935058594,33.29
35.29816436767578,35.5
36.89173889160156,37.86
38.48554229736328,41.02
39.16289138793945,39.62
38.38153839111328,38.92
38.58997344970703,39.3
39.110618591308594,39.26
39.27742385864258,43.29
37.98593521118164,38.01
33.806983947753906,35.19
32.23929977416992,37.36
28.474637985229492,34.45
25.99671173095703,27.089999999999996
24.485248565673828,22.93
25.508625030517578,27.26
25.819185256958008,29.059999999999995
22.606534957885742,20.81
18.7976016998291,26.63
15.453243255615234,17.38
10.535265922546387,11.61
8.400337219238281,8.84
8.071155548095703,9.35
8.143388748168945,9.02
7.413467884063721,8.52
6.318398475646973,8.06
4.687096118927002,6.68
2.771209239959717,2.93
0.977656364440918,0.89
0.1942276954650879,0.06
0.0,0.0
0.0,0.0
0.0,0.0
0.0,0.0
0.0,0.0
0.0,0.0
0.0,0.0
0.0,0.0
0.0,0.0
0.0,0.0
0.0,0.0
0.0,0.0
0.0,0.0
0.0,0.0
0.0,0.0
0.0,0.0
0.0,0.0
0.0,0.0
0.0,0.0
0.0,0.0
0.0,0.0
0.0,0.0
0.0,0.0
0.0,0.0
0.0,0.0
0.0,0.0
0.0,0.0
0.0,0.0
0.0,0.0
0.0,0.0
0.0,0.0
0.0,0.0
0.0,0.0
0.014212168753147125,0.0
0.08530206978321075,0.0
0.15889853239059448,0.0
0.24845731258392334,0.0
0.33123883605003357,0.0
0.41997021436691284,0.0
0.5041256546974182,0.0
0.5970073938369751,0.0
0.6792250871658325,0.0
0.7633023858070374,0.0
0.7917479872703552,0.0
0.7172263264656067,0.0
0.6318351030349731,0.0
0.6368597745895386,0.0
0.7373546957969666,0.0
0.8715253472328186,0.0
1.2219992876052856,0.5
1.6803255081176758,1.87
1.6612015962600708,2.94
2.8998875617980957,3.85
5.098801612854004,5.05
8.410326957702637,8.03
10.962883949279785,10.13
13.132840156555176,13.8
14.737192153930664,20.94
15.701249122619629,17.65
15.353348731994629,17.54
16.481504440307617,16.21
18.50193214416504,25.09
21.839513778686523,24.35
24.092397689819336,27.800000000000004
27.804187774658203,25.36
34.704986572265625,29.710000000000004
42.34099578857422,37.27
45.3382682800293,41.67
42.177120208740234,42.62
35.35262680053711,39.64
25.66782569885254,39.46
14.640630722045898,4.99
2.2815098762512207,2.68
0.9870946407318115,0.96
0.26465728878974915,0.08
0.005773082375526428,0.0
0.0,0.0
0.0,0.0
0.0,0.0
0.0,0.0
0.0,0.0
0.0,0.0
0.0,0.0
0.0,0.0
0.0,0.0
0.0,0.0
0.0,0.0
0.0,0.0
0.0,0.0
0.0,0.0
0.0,0.0
0.0,0.0
0.0,0.0
0.0,0.0
0.0,0.0
0.0,0.0
0.0,0.0
0.0,0.0
0.0,0.0
0.0,0.0
0.0,0.0
0.0,0.0
0.0,0.0
0.0,0.0
0.0,0.0
0.0,0.0
0.0,0.0
0.0,0.0
0.01187846064567566,0.0
0.09716413915157318,0.0
0.1614835113286972,0.0
0.2416122704744339,0.0
0.33984631299972534,0.0
0.43481943011283875,0.0
0.537437915802002,0.0
0.6301119923591614,0.0
0.7232187986373901,0.0
0.816128134727478,0.0
0.8960670828819275,0.0
0.9408290386199951,0.0
0.9141730070114136,0.0
0.5123075246810913,0.0
0.0,0.0
0.0,0.0
0.0,0.05
0.9568911194801331,0.29
2.8683226108551025,1.33
5.670305252075195,5.89
9.007523536682129,10.97
11.849459648132324,12.8
14.11552619934082,14.85
17.078989028930664,18.09
20.277685165405273,21.13
23.440601348876953,24.14
26.888837814331055,26.780000000000005
30.517921447753906,29.24
33.33893585205078,31.7
34.39950180053711,34.72
32.843482971191406,35.6
30.373632431030273,36.86
28.434160232543945,31.65
26.89789581298828,25.86
27.650917053222656,28.34
31.09077262878418,31.569999999999997
34.3221549987793,38.16
36.056514739990234,38.44
35.70315933227539,36.71
35.280029296875,37.12
35.181640625,41.05
34.4320182800293,37.16
32.579227447509766,34.32
32.331138610839844,33.39
32.60894012451172,33.24
32.52665710449219,34.4
31.309816360473633,32.8
28.792970657348633,30.84
25.7998046875,26.72
22.316314697265625,24.4
18.99228286743164,18.69
15.555636405944824,17.2
12.820841789245605,15.259999999999998
9.748000144958496,10.41
6.488194942474365,7.53
4.339355945587158,5.37
2.756072759628296,3.2400000000000007
1.5506807565689087,1.34
0.8326557278633118,1.2
0.5533074736595154,0.6
0.21442249417304993,0.02
0.037516094744205475,0.0
0.0365186482667923,0.0
0.02641342580318451,0.0
0.007732957601547241,0.0
0.0,0.0
0.0,0.0
0.0,0.0
0.0,0.0
0.0,0.0
0.0,0.0
0.0,0.0
0.0,0.0
0.0,0.0
0.0,0.0
0.0,0.0
0.0,0.0
0.0,0.0
0.0,0.0
0.0,0.0
0.0,0.0
0.0,0.0
0.0,0.0
0.0,0.0
0.0,0.0
0.0,0.0
0.0,0.0
0.0,0.0
0.0,0.0
0.0,0.0
0.0,0.0
0.0,0.0
0.0,0.0
0.0,0.0
0.0,0.0
0.0,0.0
0.0,0.0
0.0,0.0
0.028329528868198395,0.0
0.1265576183795929,0.0
0.24222098290920258,0.0
0.35278332233428955,0.0
0.430934876203537,0.0
0.5109952688217163,0.0
0.5761300921440125,0.0
0.46493616700172424,0.0
0.14472343027591705,0.0
0.0,0.0
0.0,0.0
0.0,0.0
0.7345007061958313,0.22
4.543823719024658,1.63
8.428722381591797,4.16
11.42437744140625,7.200000000000001
12.928679466247559,10.73
12.61136245727539,14.29
10.26179027557373,17.69
5.988871097564697,0.0
0.0,0.0
0.0,0.0
0.0,0.0
0.0,0.0
0.0,0.0
0.0,0.0
0.0,0.0
0.0,0.0
0.0,0.0
0.0,0.0
0.0,0.0
0.0,0.0
0.0,0.0
0.0,0.0
0.0,0.0
0.0,0.0
0.0,0.0
0.0,0.0
0.0,0.0
0.0,0.0
0.0,0.0
0.0,0.0
0.0,0.0
0.0,0.0
0.0,0.0
0.0,0.0
0.0,0.0
0.0,0.0
0.0,0.0
0.0,0.0
0.0,0.0
0.0,0.0
0.0,0.0
0.0,0.0
0.0,0.0
0.0,0.0
0.0726228579878807,0.0
0.15904250741004944,0.0
0.23621506989002228,0.0
0.3481389880180359,0.0
0.4418522119522095,0.0
0.5490559935569763,0.0
0.6206780672073364,0.0
0.5205606818199158,0.0
0.284981369972229,0.0
0.038974545896053314,0.0
0.0,0.0
0.0919995829463005,0.0
0.8195509314537048,0.28
2.298771381378174,1.66
2.967721939086914,4.04
5.412469387054443,7.01
9.293548583984375,10.5
14.29573917388916,13.919999999999998
19.930601119995117,17.41
28.25467872619629,20.71
33.93539047241211,36.53
35.38903045654297,33.61
30.150800704956055,31.379999999999995
23.65646743774414,27.46
16.020465850830078,25.25
8.139692306518555,0.0
0.0,0.0
0.0,0.0
0.0,0.0
0.0,0.0
0.0,0.0
0.0,0.0
0.0,0.0
0.0,0.0
0.0,0.0
0.0,0.0
0.0,0.0
0.0,0.0
0.0,0.0
0.0,0.0
0.0,0.0
0.0,0.0
0.0,0.0
0.0,0.0
0.0,0.0
0.0,0.0
0.0,0.0
0.0,0.0
0.0,0.0
0.0,0.0
0.0,0.0
0.0,0.0
0.0,0.0
0.0,0.0
0.0,0.0
0.0,0.0
0.0,0.0
0.0,0.0
0.0,0.0
0.0,0.0
0.0,0.0
0.04119686782360077,0.0
0.12503638863563538,0.0
0.2155320644378662,0.0
0.297681987285614,0.0
0.37625041604042053,0.0
0.4685247242450714,0.0
0.5705442428588867,0.0
0.6566696166992188,0.0
0.6710242629051208,0.0
0.635015606880188,0.0
0.5784951448440552,0.0
0.46443605422973633,0.0
0.2604275941848755,0.0
0.15008635818958282,0.05
0.8535052537918091,0.72
2.406825065612793,1.7399999999999998
4.264120578765869,2.99
6.094926834106445,5.42
8.193705558776855,8.98
9.695899963378906,13.08
9.602801322937012,12.08
9.933938026428223,11.69
11.889055252075195,14.91
19.300424575805664,17.52
26.199609756469727,18.5
30.673551559448242,23.81
32.1143798828125,32.18
28.930992126464844,33.99
21.499786376953125,36.47
11.74499797821045,0.0
0.0,0.0
0.0,0.0
0.0,0.0
0.0,0.0
0.0,0.0
0.0,0.0
0.0,0.0
0.0,0.0
0.0,0.0
0.0,0.0
0.0,0.0
0.0,0.0
0.0,0.0
0.0,0.0
0.0,0.0
0.0,0.0
0.0,0.0
0.0,0.0
0.0,0.0
0.0,0.0
0.0,0.0
0.0,0.0
0.0,0.0
0.0,0.0
0.0,0.0
0.0,0.0
0.0,0.0
0.0,0.0
0.0,0.0
0.0,0.0
0.0,0.0
0.0,0.0
0.0,0.0
0.0,0.0
0.0,0.0
0.0,0.0
0.0357162207365036,0.0
0.12564751505851746,0.0
0.24445801973342896,0.0
0.34083837270736694,0.0
0.43867939710617065,0.0
0.5299137830734253,0.0
0.6012605428695679,0.0
0.4429644048213959,0.0
0.1700475811958313,0.0
0.0,0.0
0.0,0.0
0.09611565619707108,0.0
0.9641301035881042,0.26
5.10277795791626,1.79
9.140727996826172,4.31
12.145858764648438,7.39
13.589574813842773,10.9
13.180215835571289,14.39
10.767066955566406,17.85
6.449367046356201,0.0
0.0,0.0
0.0,0.0
0.0,0.0
0.0,0.0
0.0,0.0
0.0,0.0
0.0,0.0
0.0,0.0
0.0,0.0
0.0,0.0
0.0,0.0
0.0,0.0
0.0,0.0
0.0,0.0
0.0,0.0
0.0,0.0
0.0,0.0
0.0,0.0
0.0,0.0
0.0,0.0
0.0,0.0
0.0,0.0
0.0,0.0
0.0,0.0
0.0,0.0
0.0,0.0
0.05840379744768143,0.0
0.14588069915771484,0.0
0.23840907216072083,0.0
0.32874083518981934,0.0
0.4103299379348755,0.0
0.4978356957435608,0.0
0.5848960876464844,0.0
0.6617749333381653,0.0
0.650189995765686,0.0
0.49703922867774963,0.0
0.22372660040855408,0.0
0.09741708636283875,0.0
0.0,0.0
0.01822449266910553,0.05
0.8441784381866455,0.8500000000000001
2.5815703868865967,3.35
5.1616973876953125,5.26
8.322442054748535,7.57
12.20358943939209,12.78
20.26494789123535,16.54
26.13149070739746,19.89
28.734926223754883,23.25
28.1767520904541,26.200000000000003
24.773235321044922,28.28
18.822795867919922,30.8
10.760435104370117,0.0
0.0,0.0
0.0,0.0
0.0,0.0
0.0,0.0
0.0,0.0
0.0,0.0
0.0,0.0
0.0,0.0
0.0,0.0
0.0,0.0
0.0,0.0
0.0,0.0
0.0,0.0
0.0,0.0
0.0,0.0
0.0,0.0
0.0,0.0
0.0,0.0
0.0,0.0
0.0,0.0
0.0,0.0
0.0,0.0
0.06332471966743469,0.0
0.15282389521598816,0.0
0.25328660011291504,0.0
0.3535585403442383,0.0
0.4280621111392975,0.0
0.5019508600234985,0.0
0.6126375794410706,0.0
0.6954901814460754,0.0
0.7042149901390076,0.0
0.5697362422943115,0.0
0.3515826463699341,0.0
0.1061074435710907,0.0
0.0,0.0
0.2471892237663269,0.07
1.142487645149231,0.98
2.8160526752471924,3.04
5.198356628417969,5.7
8.082733154296875,9.2
11.255899429321289,12.629999999999999
14.488469123840332,16.16
17.61280059814453,19.3
20.575729370117188,22.34
26.399486541748047,25.290000000000003
31.413305282592773,27.699999999999996
33.751014709472656,29.93
32.86271286010742,31.989999999999995
28.933547973632812,33.8
22.165830612182617,35.39
12.761423110961914,3.71
1.390339732170105,1.53
0.35747531056404114,0.15
0.0,0.0
0.0,0.0
0.0,0.0
0.0,0.0
0.0,0.0
0.0,0.0
0.0,0.0
0.0,0.0
0.0,0.0
0.0,0.0
0.0,0.0
0.0,0.0
0.0,0.0
0.0,0.0
0.0,0.0
0.0,0.0
0.0,0.0
0.0,0.0
0.0,0.0
0.0,0.0
0.0,0.0
0.0,0.0
0.0,0.0
0.0,0.0
0.0,0.0
0.0,0.0
0.0,0.0
0.0,0.0
0.0,0.0
0.0,0.0
0.0,0.0
0.0,0.0
0.0,0.0
0.0,0.0
0.00385921448469162,0.0
0.05438998341560364,0.0
0.14440473914146423,0.0
0.21307748556137085,0.0
0.26850515604019165,0.0
0.31852516531944275,0.0
0.37565305829048157,0.0
0.46748238801956177,0.0
0.5616517663002014,0.0
0.6550159454345703,0.0
0.7469581365585327,0.0
0.776561975479126,0.0
0.6767917275428772,0.0
0.4819108247756958,0.0
0.2855295240879059,0.0
0.19443780183792114,0.0
0.3451237380504608,0.01
0.9437827467918396,0.55
2.150771379470825,2.43
4.011343955993652,4.68
6.244142532348633,7.249999999999999
8.85749626159668,10.15
11.722341537475586,13.47
14.725300788879395,16.61
17.616086959838867,19.79
20.353776931762695,22.52
22.887020111083984,25.2
25.255186080932617,27.529999999999998
27.528072357177734,29.81
29.627355575561523,31.78
31.057483673095703,33.48
32.065704345703125,35.01
32.78394317626953,36.39
33.22980499267578,37.49
33.44583511352539,35.86
37.33695983886719,34.95
41.40983581542969,38.42
42.795379638671875,39.72
39.855079650878906,39.81
33.62236404418945,39.72
24.45931053161621,39.9
12.964339256286621,0.16
0.030692294239997864,0.0
0.0035725533962249756,0.0
0.0,0.0
0.0,0.0
0.0,0.0
0.0,0.0
0.0,0.0
0.0,0.0
0.0,0.0
0.0,0.0
0.0,0.0
0.0,0.0
0.0,0.0
0.0,0.0
0.0,0.0
0.0,0.0
0.0,0.0
0.0,0.0
0.0,0.0
0.0,0.0
0.0,0.0
0.0,0.0
0.0,0.0
0.0,0.0
0.0,0.0
0.0,0.0
0.0,0.0
0.0,0.0
0.0,0.0
0.0,0.0
0.0,0.0
0.0,0.0
0.0,0.0
0.01906678080558777,0.0
0.0917043536901474,0.0
0.17923489212989807,0.0
0.25628840923309326,0.0
0.3298066556453705,0.0
0.403392493724823,0.0
0.4688158631324768,0.0
0.5429152250289917,0.0
0.6293356418609619,0.0
0.7070586085319519,0.0
0.7880252003669739,0.0
0.8962823152542114,0.0
0.970893144607544,0.0
0.9959908127784729,0.0
0.9775977730751038,0.0
0.9383102655410767,0.0
0.9619768857955933,0.0
0.8778913021087646,0.0
1.107228398323059,0.22
1.5228533744812012,1.05
2.8978114128112793,2.14
4.641169548034668,3.38
6.290371894836426,4.8
7.789362907409668,8.3
9.35991096496582,9.32
10.389165878295898,12.04
10.833512306213379,9.07
10.323270797729492,8.79
10.316035270690918,10.98
9.797133445739746,12.15
8.366331100463867,9.47
6.6743669509887695,6.76
6.310969352722168,7.41
6.394346237182617,7.719999999999999
6.912338733673096,9.39
7.924768447875977,11.85
9.142191886901855,11.13
10.841259002685547,13.86
13.544708251953125,14.69
15.603094100952148,22.53
19.00429916381836,19.09
19.661880493164062,24.36
21.660322189331055,22.3
20.277118682861328,22.8
19.824432373046875,22.93
17.877779006958008,22.17
14.654372215270996,16.43
12.547720909118652,14.46
11.520635604858398,14.87
11.14198112487793,16.1
10.862848281860352,12.14
10.51994514465332,13.18
10.948552131652832,11.85
10.762990951538086,11.28
11.0091552734375,14.62
10.72386360168457,13.43
8.598454475402832,7.17
6.11121129989624,7.61
5.27664041519165,7.85
3.673518419265747,3.18
1.5424917936325073,2.54
0.7497646808624268,0.54
0.023449957370758057,0.01
0.0,0.0
0.0,0.0
0.0,0.0
0.0,0.0
0.0,0.0
0.0,0.0
0.0,0.0
0.0,0.0
0.0,0.0
0.0,0.0
0.0,0.0
0.0,0.0
0.0,0.0
0.0,0.0
0.0,0.0
0.0,0.0
0.0,0.0
0.0,0.0
0.0,0.0
0.0,0.0
0.0,0.0
0.0,0.0
0.0,0.0
0.0,0.0
0.0,0.0
0.0,0.0
0.0,0.0
0.0,0.0
0.0,0.0
0.0,0.0
0.0,0.0
0.0,0.0
0.0,0.0
0.0,0.0
0.0,0.0
0.0,0.0
0.0,0.0
0.0,0.0
0.0,0.0
0.0022292137145996094,0.0
0.10767541825771332,0.0
0.21834465861320496,0.0
0.3232099115848541,0.0
0.4215070903301239,0.0
0.5178797841072083,0.0
0.533022940158844,0.0
0.3864901065826416,0.0
0.11936873197555542,0.0
0.0,0.0
0.0,0.0
0.20799152553081512,0.03
1.3376259803771973,0.86
3.3605775833129883,3.36
6.15904426574707,6.6000000000000005
8.138367652893066,10.26
11.36889934539795,13.73
15.246732711791992,17.0
19.522438049316406,20.32
24.045177459716797,23.3
27.899642944335938,25.97
30.109909057617188,33.95
29.481836318969727,29.960000000000004
26.360187530517578,27.560000000000002
23.212743759155273,25.15
19.556859970092773,19.32
15.476536750793457,16.18
12.068660736083984,12.75
8.676496505737305,9.35
5.626757621765137,6.280000000000001
3.1360666751861572,3.4099999999999997
1.2881211042404175,1.04
0.2057090401649475,0.04
0.0,0.0
0.0,0.0
0.0,0.0
0.0,0.0
0.0,0.0
0.0,0.0
0.0,0.0
0.0,0.0
0.0,0.0
0.0,0.0
0.0,0.0
0.0,0.0
0.0,0.0
0.0,0.0
0.0,0.0
0.0,0.0
0.0,0.0
0.0,0.0
0.0,0.0
0.0,0.0
0.0,0.0
0.0,0.0
0.0,0.0
0.0,0.0
0.0,0.0
0.0,0.0
0.0,0.0
0.0,0.0
0.0,0.0
0.0,0.0
0.0,0.0
0.0,0.0
0.0,0.0
0.0,0.0
0.0,0.0
0.0,0.0
0.0,0.0
0.00372324138879776,0.0
0.09820125997066498,0.0
0.19401460886001587,0.0
0.1944415271282196,0.0
0.3134695887565613,0.0
0.44719651341438293,0.0
0.5128486156463623,0.0
0.5953468084335327,0.0
0.5900737047195435,0.0
0.36464446783065796,0.0
0.0330878421664238,0.0
0.0,0.0
0.0,0.0
0.21315383911132812,0.02
3.7682347297668457,0.75
7.462136268615723,3.1
10.563628196716309,6.17
12.268270492553711,9.85
12.19502067565918,13.44
10.007996559143066,16.88
5.95150089263916,0.0
0.0,0.0
0.0,0.0
0.0,0.0
0.0,0.0
0.0,0.0
0.0,0.0
0.0,0.0
0.0,0.0
0.0,0.0
0.0,0.0
0.0,0.0
0.0,0.0
0.0,0.0
0.0,0.0
0.0,0.0
0.0,0.0
0.0,0.0
0.0,0.0
0.0,0.0
0.0,0.0
0.0,0.0
0.0,0.0
0.0,0.0
0.0,0.0
0.0,0.0
0.0,0.0
0.0,0.0
0.0,0.0
0.0,0.0
0.0,0.0
0.0,0.0
0.0,0.0
0.0,0.0
0.021407753229141235,0.0
0.09595006704330444,0.0
0.18150806427001953,0.0
0.2690103054046631,0.0
0.359943151473999,0.0
0.45157763361930847,0.0
0.5380039811134338,0.0
0.6234056949615479,0.0
0.6491391062736511,0.0
0.5808414816856384,0.0
0.5488584041595459,0.0
0.4043821096420288,0.0
0.15636198222637177,0.0
0.31186193227767944,0.0
1.1817845106124878,0.78
2.525331497192383,1.91
4.350281715393066,2.88
5.761203765869141,5.93
7.149883270263672,9.88
8.803059577941895,10.72
10.015975952148438,11.03
12.152591705322266,13.059999999999999
15.52940559387207,14.17
19.59881591796875,20.85
22.900619506835938,25.8
24.62452507019043,23.99
24.841020584106445,27.91
25.518857955932617,27.68
24.25825309753418,24.6
23.086748123168945,23.25
22.844314575195312,24.57
22.65271759033203,25.0
22.658405303955078,25.619999999999997
22.810134887695312,22.84
23.075084686279297,25.5
24.300941467285156,24.8
24.607698440551758,25.85
24.720972061157227,27.71
23.84067726135254,25.4
21.48180389404297,22.42
18.587360382080078,19.53
15.3884859085083,15.960000000000003
11.89692497253418,13.200000000000001
8.539545059204102,9.94
5.304257392883301,5.79
2.5629730224609375,2.33
0.8404569029808044,0.53
0.09276103228330612,0.0
0.0,0.0
0.0,0.0
0.0,0.0
0.0,0.0
0.0,0.0
0.0,0.0
0.0,0.0
0.0,0.0
0.0,0.0
0.0,0.0
0.0,0.0
0.0,0.0
0.0,0.0
0.0,0.0
0.0,0.0
0.0,0.0
0.0,0.0
0.0,0.0
0.0,0.0
0.0,0.0
0.0,0.0
0.0,0.0
0.0,0.0
0.0,0.0
0.0,0.0
0.0,0.0
0.0,0.0
0.0,0.0
0.0,0.0
0.0,0.0
0.0,0.0
0.0,0.0
0.0,0.0
0.0,0.0
0.0,0.0
0.0,0.0
0.0,0.0
0.0,0.0
0.0,0.0
0.0,0.0
0.03198068588972092,0.0
0.1441948115825653,0.0
0.2538807690143585,0.0
0.3482106924057007,0.0
0.4523664712905884,0.0
0.47824662923812866,0.0
0.26976001262664795,0.0
0.0,0.0
0.0,0.0
0.0,0.0
0.12280028313398361,0.0
1.4541494846343994,0.59
2.0358834266662598,2.89
4.8822021484375,5.94
9.418460845947266,9.97
15.298742294311523,13.639999999999999
21.90772819519043,17.13
28.829448699951172,20.49
35.165794372558594,41.74
38.95885467529297,41.05
37.912010192871094,40.36
36.74630355834961,39.28
35.35517883300781,37.98
33.891502380371094,36.53
32.3521728515625,35.23
30.74730682373047,33.56
29.01778793334961,31.679999999999996
27.183326721191406,29.469999999999995
25.111595153808594,26.979999999999997
22.729473114013672,24.23
20.041362762451172,21.29
16.889867782592773,18.15
13.376031875610352,14.679999999999998
9.740616798400879,11.07
6.354709148406982,7.470000000000001
3.483290910720825,3.94
1.3523128032684326,0.9000000000000001
0.14143717288970947,0.0
0.0,0.0
0.0,0.0
0.0,0.0
0.0,0.0
0.0,0.0
0.0,0.0
0.0,0.0
0.0,0.0
0.0,0.0
0.0,0.0
0.0,0.0
0.0,0.0
0.0,0.0
0.0,0.0
0.0,0.0
0.0,0.0
0.0,0.0
0.0,0.0
0.0,0.0
0.0,0.0
0.0,0.0
0.0,0.0
0.0,0.0
0.0,0.0
0.0,0.0
0.0,0.0
0.0,0.0
0.0,0.0
0.0,0.0
0.0,0.0
0.0,0.0
0.0,0.0
0.0,0.0
0.0,0.0
0.0,0.0
0.0,0.0
0.0,0.0
0.0,0.0
0.0,0.0
0.0,0.0
0.05867909640073776,0.0
0.15834830701351166,0.0
0.2631820738315582,0.0
0.3712061643600464,0.0
0.4680117666721344,0.0
0.5002386569976807,0.0
0.2903895378112793,0.0
0.0,0.0
0.0,0.0
0.0,0.0
0.10141134262084961,0.0
1.4041668176651,0.53
3.6107137203216553,2.84
6.65661096572876,6.25
10.122723579406738,10.09
13.710909843444824,13.600000000000001
16.472373962402344,17.16
19.899776458740234,20.49
23.756301879882812,23.74
27.9208984375,26.669999999999998
32.15755081176758,29.34
36.24482345581055,31.670000000000005
39.92611312866211,43.3
42.24671173095703,43.42
42.17438507080078,43.5
41.48126983642578,43.43
40.99977493286133,43.12
40.29906463623047,42.75
39.43880844116211,42.16
38.37030029296875,41.22
37.11183166503906,40.18
35.675010681152344,38.83
34.0711669921875,37.34
32.337684631347656,35.57
30.50664710998535,33.7
28.64185333251953,31.540000000000003
26.6630802154541,29.109999999999996
24.51721954345703,26.46
22.0560245513916,23.64
19.207950592041016,20.59
15.87960433959961,17.42
12.258633613586426,13.849999999999998
8.592316627502441,10.06
5.286879062652588,6.22
2.617845058441162,2.75
0.8410524725914001,0.48
0.008770637214183807,0.0
0.0,0.0
0.0,0.0
0.0,0.0
0.0,0.0
0.0,0.0
0.0,0.0
0.0,0.0
0.0,0.0
0.0,0.0
0.0,0.0
0.0,0.0
0.0,0.0
0.0,0.0
0.0,0.0
0.0,0.0
0.0,0.0
0.0,0.0
0.0,0.0
0.0,0.0
0.0,0.0
0.0,0.0
0.0,0.0
0.0,0.0
0.0,0.0
0.0,0.0
0.0,0.0
0.0,0.0
0.0,0.0
0.0,0.0
0.0,0.0
0.0,0.0
0.0,0.0
0.0,0.0
0.0,0.0
0.0,0.0
0.0,0.0
0.0,0.0
0.0,0.0
0.0,0.0
0.05437973886728287,0.0
0.15158039331436157,0.0
0.24738740921020508,0.0
0.3448948264122009,0.0
0.4477664828300476,0.0
0.5476338863372803,0.0
0.62836092710495,0.0
0.6532851457595825,0.0
0.5733788013458252,0.0
0.19211731851100922,0.0
0.0,0.0
0.0,0.0
0.27055907249450684,0.11
1.2503068447113037,0.68
2.83933424949646,2.46
5.928664207458496,5.58
10.078022003173828,11.13
13.437746047973633,10.87
14.535735130310059,15.410000000000002
16.37232780456543,18.81
17.598970413208008,24.17
18.311824798583984,19.07
18.777019500732422,16.88
23.071462631225586,21.99
28.775007247924805,30.89
32.819679260253906,33.17
34.62734603881836,30.31
35.580169677734375,36.53
35.580955505371094,38.44
31.68212127685547,31.22
25.814605712890625,30.69
20.34199333190918,26.780000000000005
15.380538940429688,16.97
12.856973648071289,14.78
14.731603622436523,17.7
17.571760177612305,18.07
19.606067657470703,21.45
21.548187255859375,30.210000000000004
21.690773010253906,24.93
19.17202377319336,21.04
17.89520835876465,20.81
18.07830047607422,20.75
18.337295532226562,21.28
18.716365814208984,21.34
19.406278610229492,21.08
19.668275833129883,21.9
19.858182907104492,21.78
19.33088493347168,20.66
18.10660743713379,19.98
16.268413543701172,17.62
13.533427238464355,14.78
10.591808319091797,12.07
7.471921920776367,8.84
4.600757598876953,5.42
2.2694056034088135,2.24
0.7234288454055786,0.34
0.0512661412358284,0.0
0.0,0.0
0.0,0.0
0.0,0.0
0.0,0.0
0.0,0.0
0.0,0.0
0.0,0.0
0.0,0.0
0.0,0.0
0.0,0.0
0.0,0.0
0.0,0.0
0.0,0.0
0.0,0.0
0.0,0.0
0.0,0.0
0.0,0.0
0.0,0.0
0.0,0.0
0.0,0.0
0.0,0.0
0.0,0.0
0.0,0.0
0.0,0.0
0.0,0.0
0.0,0.0
0.0,0.0
0.0,0.0
0.0,0.0
0.0,0.0
0.0,0.0
0.0,0.0
0.0,0.0
0.0,0.0
0.0,0.0
0.0,0.0
0.0,0.0
0.0,0.0
0.0,0.0
0.0,0.0
0.01896210014820099,0.0
0.11204872280359268,0.0
0.21261759102344513,0.0
0.3223452568054199,0.0
0.42959415912628174,0.0
0.5053803324699402,0.0
0.4047481417655945,0.0
0.15420615673065186,0.0
0.0,0.0
0.0,0.0
0.0,0.0
0.8604274392127991,0.29
2.553684949874878,1.94
5.081912040710449,4.75
8.151509284973145,8.27
11.465559959411621,11.73
14.797733306884766,15.160000000000002
18.14090919494629,18.45
21.33116912841797,21.62
24.312549591064453,24.55
26.987335205078125,27.200000000000003
29.348161697387695,29.549999999999997
31.434873580932617,31.629999999999995
33.253936767578125,33.52
34.842857360839844,35.19
36.21986389160156,36.52
37.38947677612305,37.77
38.319889068603516,38.97
38.98031234741211,39.85
39.440025329589844,40.64
39.76593017578125,41.37
39.92867660522461,41.7
39.99934768676758,41.8
39.9182243347168,41.84
39.27179718017578,41.92
38.79411697387695,41.52
38.03523254394531,41.16
37.1807975769043,40.3
36.10664749145508,39.57
34.9123420715332,38.27
33.49835968017578,37.01
32.045204162597656,35.62
30.45583152770996,33.95
28.760135650634766,31.97
26.96935272216797,29.81
25.02163314819336,27.449999999999996
22.83776092529297,24.93
20.353572845458984,21.95
17.436622619628906,18.92
14.173322677612305,15.689999999999998
10.715887069702148,12.18
7.366257667541504,8.68
4.424678325653076,5.26
2.123161792755127,2.07
0.6181305050849915,0.24
0.005098618566989899,0.0
0.0,0.0
0.0,0.0
0.0,0.0
0.0,0.0
0.0,0.0
0.0,0.0
0.0,0.0
0.0,0.0
0.0,0.0
0.0,0.0
0.0,0.0
0.0,0.0
0.0,0.0
0.0,0.0
0.0,0.0
0.0,0.0
0.0,0.0
0.0,0.0
0.0,0.0
0.0,0.0
0.0,0.0
0.0,0.0
0.0,0.0
0.0,0.0
0.0,0.0
0.0,0.0
0.0,0.0
0.0,0.0
0.0,0.0
0.0,0.0
0.0,0.0
0.0,0.0
0.0,0.0
0.0,0.0
0.0,0.0
0.0,0.0
0.0,0.0
0.0,0.0
0.0,0.0
0.0,0.0
0.049144960939884186,0.0
0.14505890011787415,0.0
0.24174880981445312,0.0
0.33743494749069214,0.0
0.430124431848526,0.0
0.5078951120376587,0.0
0.39957892894744873,0.0
0.07978174835443497,0.0
0.0,0.0
0.0,0.0
0.0,0.0
0.8903104662895203,0.22999999999999998
2.841770887374878,2.0
5.746824741363525,5.45
9.18137264251709,9.34
12.700007438659668,13.04
16.14639663696289,16.54
19.49523162841797,19.86
22.717763900756836,23.0
25.79067611694336,25.980000000000004
28.65973472595215,28.859999999999996
31.27754020690918,31.430000000000003
33.59254455566406,33.85
35.63442611694336,35.89
37.323726654052734,37.69
38.70404052734375,39.28
39.7536735534668,40.58
40.43695068359375,41.61
40.85565948486328,42.37
41.06901168823242,42.64
41.187923431396484,43.15
41.27192687988281,43.36
41.30949020385742,43.56
41.232276916503906,43.53
40.43323516845703,43.48
39.87871551513672,43.17
39.10112380981445,42.55
38.190982818603516,41.77
37.13895034790039,40.9
35.942134857177734,39.87
34.58918762207031,38.62
33.05513381958008,37.04
31.402090072631836,35.3
29.70387077331543,33.36
27.952831268310547,31.240000000000002
26.10943031311035,29.020000000000003
24.024898529052734,26.43
21.651063919067383,23.57
18.82088851928711,20.48
15.514410018920898,17.23
11.942362785339355,13.74
8.370224952697754,10.13
5.1177978515625,6.43
2.4499619007110596,2.53
0.6133863925933838,0.32
0.0,0.0
0.0,0.0
0.0,0.0
0.0,0.0
0.0,0.0
0.0,0.0
0.0,0.0
0.0,0.0
0.0,0.0
0.0,0.0
0.0,0.0
0.0,0.0
0.0,0.0
0.0,0.0
0.0,0.0
0.0,0.0
0.0,0.0
0.0,0.0
0.0,0.0
0.0,0.0
0.0,0.0
0.0,0.0
0.0,0.0
0.0,0.0
0.0,0.0
0.0,0.0
0.0,0.0
0.0,0.0
0.0,0.0
0.0,0.0
0.0,0.0
0.0,0.0
0.0,0.0
0.0,0.0
0.0,0.0
0.0,0.0
0.0,0.0
0.0,0.0
0.0,0.0
0.0,0.0
0.0,0.0
0.08239373564720154,0.0
0.19217970967292786,0.0
0.30004921555519104,0.0
0.4043537974357605,0.0
0.5083643198013306,0.0
0.5847265720367432,0.0
0.4708070158958435,0.0
0.15724562108516693,0.0
0.0,0.0
0.0,0.0
0.0,0.0
0.8020682334899902,0.2
2.6812148094177246,1.91
5.484302997589111,5.43
8.884018898010254,9.49
12.369791984558105,13.13
15.732696533203125,16.51
19.047687530517578,19.67
22.24736976623535,22.93
25.25566291809082,26.07
27.96207618713379,28.79
30.273719787597656,31.209999999999997
32.284088134765625,33.3
34.04297637939453,34.95
35.58089065551758,36.4
36.95492935180664,37.76
38.23548126220703,39.39
39.295658111572266,40.91
40.05374526977539,41.83
40.502567291259766,42.55
40.7608528137207,43.14
40.87306213378906,43.45
40.85873794555664,43.42
40.71963119506836,43.4
39.9462776184082,43.29
39.42191696166992,43.17
38.66560363769531,42.55
37.73365783691406,41.71
36.670570373535156,40.76
35.491600036621094,39.62
34.1894416809082,38.52
32.7827262878418,36.96
31.233293533325195,35.35
29.67152214050293,33.57
28.005680084228516,31.36
26.12214469909668,28.98
24.04009437561035,26.41
21.638246536254883,23.56
18.654020309448242,20.42
15.120320320129395,16.8
11.33290958404541,13.13
7.705067157745361,9.51
4.4850616455078125,5.53
1.9048727750778198,1.54
0.302674800157547,0.07
0.0,0.0
0.0,0.0
0.0,0.0
0.0,0.0
0.0,0.0
0.0,0.0
0.0,0.0
0.0,0.0
0.0,0.0
0.0,0.0
0.0,0.0
0.0,0.0
0.0,0.0
0.0,0.0
0.0,0.0
0.0,0.0
0.0,0.0
0.0,0.0
0.0,0.0
0.0,0.0
0.0,0.0
0.0,0.0
0.0,0.0
0.0,0.0
0.0,0.0
0.0,0.0
0.0,0.0
0.0,0.0
0.0,0.0
0.0,0.0
0.0,0.0
0.0,0.0
0.0,0.0
0.0,0.0
0.0,0.0
0.0,0.0
0.0,0.0
0.0,0.0
0.0,0.0
0.0,0.0
0.060712359845638275,0.0
0.15461909770965576,0.0
0.25342273712158203,0.0
0.35823768377304077,0.0
0.46002623438835144,0.0
0.5673511028289795,0.0
0.6551083326339722,0.0
0.6297761797904968,0.0
0.4219822585582733,0.0
0.09210705757141113,0.0
0.0,0.0
0.0,0.0
0.24393200874328613,0.11
1.5932457447052002,1.18
3.9223544597625732,3.8900000000000006
7.056220054626465,7.32
10.599250793457031,11.35
14.149801254272461,15.1
17.448383331298828,18.65
20.454809188842773,21.8
23.12726593017578,24.67
25.497669219970703,27.229999999999997
27.559194564819336,28.64
29.356613159179688,30.78
31.145233154296875,32.82
32.65735626220703,34.42
33.83994674682617,35.4
34.822059631347656,36.47
35.652767181396484,37.56
36.833580017089844,38.43
37.823944091796875,39.14
38.477603912353516,39.74
38.547447204589844,40.22
37.685813903808594,40.57
35.543968200683594,40.88
31.225234985351562,28.67
26.1205997467041,26.619999999999997
23.957340240478516,23.99
21.41531753540039,21.22
18.408790588378906,18.35
14.95639705657959,14.96
11.208820343017578,11.52
7.593448638916016,7.88
4.407447814941406,4.39
1.968177080154419,1.33
0.47545525431632996,0.09
0.0,0.0
0.0,0.0
0.0,0.0
0.0,0.0
0.0,0.0
0.0,0.0
0.0,0.0
0.0,0.0
0.0,0.0
0.0,0.0
0.0,0.0
0.0,0.0
0.0,0.0
0.0,0.0
0.0,0.0
0.0,0.0
0.0,0.0
0.0,0.0
0.0,0.0
0.0,0.0
0.0,0.0
0.0,0.0
0.0,0.0
0.0,0.0
0.0,0.0
0.0,0.0
0.0,0.0
0.0,0.0
0.0,0.0
0.0,0.0
0.0,0.0
0.0,0.0
0.0,0.0
0.0,0.0
0.0,0.0
0.0,0.0
0.0,0.0
0.0,0.0
0.0,0.0
0.0,0.0
0.08915625512599945,0.0
0.18388015031814575,0.0
0.28954017162323,0.0
0.3865046501159668,0.0
0.48432183265686035,0.0
0.583795428276062,0.0
0.6672945022583008,0.0
0.6220675706863403,0.0
0.30227693915367126,0.0
0.0,0.0
0.0,0.0
0.0,0.0
0.3983711898326874,0.1
2.1346030235290527,1.21
4.3395161628723145,4.36
7.717658519744873,8.29
11.636394500732422,12.05
15.807926177978516,15.64
19.54800796508789,18.95
22.67731475830078,22.04
25.105384826660156,26.86
26.639604568481445,26.93
25.5317325592041,25.17
23.191476821899414,22.41
20.081802368164062,21.53
16.264720916748047,18.22
11.464519500732422,11.75
6.760255813598633,5.67
3.572218418121338,4.45
1.9936116933822632,1.76
0.5615823268890381,0.4099999999999999
0.00888146460056305,0.0
0.0,0.0
0.0,0.0
0.0,0.0
0.0,0.0
0.0,0.0
0.0,0.0
0.0,0.0
0.0,0.0
0.0,0.0
0.0,0.0
0.0,0.0
0.0,0.0
0.0,0.0
0.0,0.0
0.0,0.0
0.0,0.0
0.0,0.0
0.0,0.0
0.0,0.0
0.0,0.0
0.0,0.0
0.0,0.0
0.0,0.0
0.0,0.0
0.0,0.0
0.0,0.0
0.0,0.0
0.0,0.0
0.0,0.0
0.0,0.0
0.0,0.0
0.0,0.0
0.0,0.0
0.0,0.0
0.0,0.0
0.0,0.0
0.0,0.0
0.0,0.0
0.019114278256893158,0.0
0.10662544518709183,0.0
0.19742605090141296,0.0
0.29833316802978516,0.0
0.4033586084842682,0.0
0.4959108233451843,0.0
0.5853649377822876,0.0
0.679714024066925,0.0
0.7699721455574036,0.0
0.8238316774368286,0.0
0.6791234016418457,0.0
0.27540531754493713,0.0
0.0,0.0
0.0,0.0
0.0,0.0
0.9072977304458618,0.36
2.9895384311676025,2.55
6.015985488891602,6.05
9.438158988952637,9.74
12.87513542175293,13.3
16.196090698242188,16.73
19.98495101928711,19.71
23.8377742767334,22.74
27.307653427124023,25.370000000000005
28.784954071044922,27.92
28.440513610839844,30.3
26.351112365722656,32.36
22.732961654663086,23.88
19.011123657226562,19.93
17.332210540771484,18.07
16.82074737548828,18.02
16.218807220458984,17.93
15.901036262512207,18.29
16.025999069213867,17.95
15.839035987854004,12.31
15.360238075256348,17.76
15.378129959106445,15.18
12.433113098144531,13.79
9.272615432739258,10.62
5.7078094482421875,6.02
2.7149689197540283,2.56
0.9088972806930542,0.54
0.09951312094926834,0.0
0.0,0.0
0.0,0.0
0.0,0.0
0.0,0.0
0.0,0.0
0.0,0.0
0.0,0.0
0.0,0.0
0.0,0.0
0.0,0.0
0.0,0.0
0.0,0.0
0.0,0.0
0.0,0.0
0.0,0.0
0.0,0.0
0.0,0.0
0.0,0.0
0.0,0.0
0.0,0.0
0.0,0.0
0.0,0.0
0.0,0.0
0.0,0.0
0.0,0.0
0.0,0.0
0.0,0.0
0.0,0.0
0.0,0.0
0.0,0.0
0.0,0.0
0.0,0.0
0.0,0.0
0.0,0.0
0.0,0.0
0.0,0.0
0.0,0.0
0.0,0.0
0.0,0.0
0.0,0.0
0.01653730869293213,0.0
0.10857805609703064,0.0
0.20929351449012756,0.0
0.3071354627609253,0.0
0.40386542677879333,0.0
0.5037285089492798,0.0
0.5956286787986755,0.0
0.6126044392585754,0.0
0.4329901337623596,0.0
0.08035991340875626,0.0
0.0,0.0
0.0,0.0
0.12518185377120972,0.04
1.3291994333267212,0.74
3.424018621444702,2.91
6.280217170715332,6.22
9.525921821594238,9.8
12.801295280456543,13.01
16.001144409179688,16.22
18.839298248291016,19.43
22.001028060913086,22.3
25.155147552490234,25.040000000000003
28.11200714111328,27.47
30.477460861206055,29.830000000000002
31.931621551513672,31.869999999999997
32.06895446777344,34.3
30.787965774536133,32.22
28.909912109375,30.260000000000005
26.98802375793457,27.96
24.911836624145508,25.56
22.564395904541016,22.93
19.854312896728516,20.11
16.606096267700195,17.12
12.979141235351562,13.51
9.246188163757324,10.05
5.868500232696533,6.45
3.0564420223236084,2.89
1.0850811004638672,0.58
0.1436809003353119,0.0
0.0,0.0
0.0,0.0
0.0,0.0
0.0,0.0
0.0,0.0
0.0,0.0
0.0,0.0
0.0,0.0
0.0,0.0
0.0,0.0
0.0,0.0
0.0,0.0
0.0,0.0
0.0,0.0
0.0,0.0
0.0,0.0
0.0,0.0
0.0,0.0
0.0,0.0
0.0,0.0
0.0,0.0
0.0,0.0
0.0,0.0
0.0,0.0
0.0,0.0
0.0,0.0
0.0,0.0
0.0,0.0
0.0,0.0
0.0,0.0
0.0,0.0
0.0,0.0
0.0,0.0
0.0,0.0
0.0,0.0
0.0,0.0
0.0,0.0
0.033470988273620605,0.0
0.12138411402702332,0.0
0.2131810486316681,0.0
0.2973076105117798,0.0
0.384773313999176,0.0
0.4893764853477478,0.0
0.5886877179145813,0.0
0.6876001954078674,0.0
0.7852658629417419,0.0
0.8891984820365906,0.0
0.911337673664093,0.0
0.772505521774292,0.0
0.4597153663635254,0.0
0.0615585595369339,0.0
0.0,0.0
0.0341830775141716,0.02
0.918448269367218,0.65
2.6891870498657227,2.4
5.3107781410217285,5.3
8.4910888671875,9.04
11.855366706848145,12.44
15.143921852111816,15.78
18.353649139404297,19.08
21.386934280395508,21.99
23.783483505249023,24.7
26.351938247680664,27.07
28.937583923339844,29.439999999999998
31.400924682617188,31.319999999999997
33.46718978881836,33.11
35.07783126831055,34.71
35.938377380371094,38.37
35.691978454589844,37.63
34.593448638916016,36.43
33.246116638183594,35.2
31.854942321777344,33.85
30.326953887939453,32.17
28.733327865600586,30.510000000000005
27.01706314086914,28.34
25.106212615966797,26.229999999999997
22.994930267333984,23.98
20.541574478149414,21.2
17.63211441040039,18.27
14.355121612548828,14.980000000000002
10.8883056640625,11.72
7.55595588684082,8.37
4.59835147857666,5.13
2.287154197692871,2.16
0.7728596329689026,0.45000000000000007
0.11385101824998856,0.0
0.0,0.0
0.0,0.0
0.0,0.0
0.0,0.0
0.0,0.0
0.0,0.0
0.0,0.0
0.0,0.0
0.0,0.0
0.0,0.0
0.0,0.0
0.0,0.0
0.0,0.0
0.0,0.0
0.0,0.0
0.0,0.0
0.0,0.0
0.0,0.0
0.0,0.0
0.0,0.0
0.0,0.0
0.0,0.0
0.0,0.0
0.0,0.0
0.0,0.0
0.0,0.0
0.0,0.0
0.0,0.0
0.0,0.0
0.0,0.0
0.0,0.0
0.0,0.0
0.0,0.0
0.0,0.0
0.0,0.0
0.0,0.0
0.0,0.0
0.07813405245542526,0.0
0.15888512134552002,0.0
0.24668611586093903,0.0
0.3337539732456207,0.0
0.428792268037796,0.0
0.5251675844192505,0.0
0.6199144124984741,0.0
0.7189996242523193,0.0
0.8057925701141357,0.0
0.9045103788375854,0.0
0.9127374887466431,0.0
0.7191982865333557,0.0
0.33591705560684204,0.0
0.0,0.0
0.0,0.0
0.0,0.03
1.1048609018325806,0.67
3.2014706134796143,2.68
6.432844638824463,6.25
9.900360107421875,10.18
17.22591781616211,13.88
22.789278030395508,17.28
25.375375747680664,20.46
25.041400909423828,23.22
22.00883674621582,23.46
16.568405151367188,28.27
9.662981033325195,0.0
0.012664496898651123,0.0
0.0,0.0
0.0,0.0
0.0,0.0
0.0,0.0
0.0,0.0
0.0,0.0
0.0,0.0
0.0,0.0
0.0,0.0
0.0,0.0
0.0,0.0
0.0,0.0
0.0,0.0
0.0,0.0
0.0,0.0
0.0,0.0
0.0,0.0
0.0,0.0
0.0,0.0
0.0,0.0
0.0,0.0
0.0,0.0
0.0,0.0
0.0,0.0
0.0,0.0
0.0,0.0
0.0,0.0
0.0,0.0
0.0,0.0
0.0,0.0
0.0,0.0
0.0,0.0
0.0,0.0
0.0,0.0
0.057810358703136444,0.0
0.11850222945213318,0.0
0.18936693668365479,0.0
0.2934286296367645,0.0
0.3858366906642914,0.0
0.4788476824760437,0.0
0.5847599506378174,0.0
0.6950104832649231,0.0
0.7949541211128235,0.0
0.8979103565216064,0.0
0.9919712543487549,0.0
1.051672101020813,0.0
1.0491538047790527,0.0
1.0484758615493774,0.0
1.017410397529602,0.0
1.113059401512146,0.0
1.4345225095748901,0.01
1.704601764678955,0.45000000000000007
1.681958556175232,1.24
0.7161428928375244,1.9900000000000002
1.3936747312545776,3.2
3.4287161827087402,3.63
3.636827230453491,4.02
6.271446704864502,5.96
10.617335319519043,12.590000000000002
15.61762809753418,23.3
18.614595413208008,13.5
20.900333404541016,16.38
29.495555877685547,32.05
32.839332580566406,27.949999999999996
29.806549072265625,25.81
25.880035400390625,26.090000000000003
20.693674087524414,26.57
13.528383255004883,14.17
5.088435173034668,0.0
0.0719187781214714,0.0
0.04113614559173584,0.0
0.017124414443969727,0.0
0.0,0.0
0.0,0.0
0.0,0.0
0.0,0.0
0.0,0.0
0.0,0.0
0.0,0.0
0.0,0.0
0.0,0.0
0.0,0.0
0.0,0.0
0.0,0.0
0.0,0.0
0.0,0.0
0.0,0.0
0.0,0.0
0.0,0.0
0.0,0.0
0.0,0.0
0.0,0.0
0.0,0.0
0.0,0.0
0.0,0.0
0.0,0.0
0.0,0.0
0.0,0.0
0.0,0.0
0.0,0.0
0.0,0.0
0.0,0.0
0.0,0.0
0.004636310040950775,0.0
0.09644050151109695,0.0
0.20142719149589539,0.0
0.27470457553863525,0.0
0.38526803255081177,0.0
0.4785926938056946,0.0
0.5712663531303406,0.0
0.6570862531661987,0.0
0.7718778252601624,0.0
0.8622604608535767,0.0
0.933948814868927,0.0
1.0240451097488403,0.0
1.0593591928482056,0.0
0.9566787481307983,0.0
0.657005250453949,0.0
0.336495965719223,0.0
0.4325874149799347,0.0
1.0004005432128906,0.0
2.048308849334717,0.44
3.583804130554199,1.9299999999999997
5.376614093780518,5.02
6.855526447296143,7.42
7.365070343017578,6.83
7.0767822265625,6.570000000000001
6.953707218170166,6.660000000000001
6.945611476898193,6.64
6.985644340515137,6.570000000000001
7.043471813201904,6.84
7.156312465667725,7.17
7.222362518310547,7.429999999999999
7.193481922149658,7.59
7.041662216186523,7.580000000000001
6.768491744995117,7.109999999999999
6.389930725097656,7.109999999999999
6.156622409820557,7.15
5.915472507476807,6.890000000000001
6.013424873352051,6.529999999999999
6.370940685272217,6.570000000000001
6.654764652252197,6.6000000000000005
6.69835901260376,6.559999999999999
6.438917636871338,6.559999999999999
6.644556045532227,6.509999999999999
6.385843276977539,5.8
5.910133361816406,6.06
5.319332122802734,5.85
4.315543174743652,5.32
3.01526141166687,3.92
1.599203109741211,1.26
0.4614492952823639,0.16
0.0925535336136818,0.0
0.03898683935403824,0.0
0.012216903269290924,0.0
0.0,0.0
0.0,0.0
0.0,0.0
0.0,0.0
0.0,0.0
0.0,0.0
0.0,0.0
0.0,0.0
0.0,0.0
0.0,0.0
0.0,0.0
0.0,0.0
0.0,0.0
0.0,0.0
0.0,0.0
0.0,0.0
0.0,0.0
0.0,0.0
0.0,0.0
0.0,0.0
0.0,0.0
0.0,0.0
0.0,0.0
0.0,0.0
0.0,0.0
0.0,0.0
0.0,0.0
0.0,0.0
0.0,0.0
0.0,0.0
0.0,0.0
0.0,0.0
0.0,0.0
0.0,0.0
0.0,0.0
0.0,0.0
0.0,0.0
0.05006268620491028,0.0
0.14342013001441956,0.0
0.23779812455177307,0.0
0.3324737846851349,0.0
0.42202863097190857,0.0
0.5181891918182373,0.0
0.6181627511978149,0.0
0.7188510894775391,0.0
0.7998175621032715,0.0
0.8147276043891907,0.0
0.6941883563995361,0.0
0.24434812366962433,0.0
0.0,0.0
0.0,0.0
0.8924212455749512,0.08
2.4839870929718018,0.84
4.777599334716797,2.77
7.291028022766113,7.090000000000001
9.181565284729004,9.76
9.43428897857666,9.83
8.578570365905762,8.11
7.487158298492432,7.39
6.790192604064941,6.419999999999999
6.271714687347412,5.7
5.9377570152282715,5.7
5.712570667266846,5.97
5.460699081420898,5.72
5.092444896697998,5.33
4.768123626708984,4.75
4.5525617599487305,4.78
4.637384414672852,4.83
4.834605693817139,5.78
5.046619415283203,5.58
4.963720321655273,5.61
4.91176700592041,5.71
4.784745693206787,5.75
4.374732494354248,5.73
4.379848957061768,5.21
4.184479236602783,5.14
4.109281539916992,5.09
4.081672668457031,5.12
4.073210716247559,5.16
4.051304817199707,5.19
4.0472002029418945,5.2
4.070493221282959,5.25
4.021427631378174,5.35
4.035048961639404,5.39
4.322524547576904,5.41
5.006548881530762,5.42
5.660199165344238,5.46
6.045543193817139,5.38
6.002049922943115,6.77
5.530979633331299,7.200000000000001
4.158504962921143,5.44
2.245306968688965,1.83
0.6269395351409912,0.24
0.04794951528310776,0.0
0.0,0.0
0.0,0.0
0.0,0.0
0.0,0.0
0.0,0.0
0.0,0.0
0.0,0.0
0.0,0.0
0.0,0.0
0.0,0.0
0.0,0.0
0.0,0.0
0.0,0.0
0.0,0.0
0.0,0.0
0.0,0.0
0.0,0.0
0.0,0.0
0.0,0.0
0.0,0.0
0.0,0.0
0.0,0.0
0.0,0.0
0.0,0.0
0.0,0.0
0.0,0.0
0.0,0.0
0.0,0.0
0.0,0.0
0.0,0.0
0.0,0.0
0.0,0.0
0.0,0.0
0.0,0.0
0.0,0.0
0.0,0.0
0.0,0.0
0.0,0.0
0.0,0.0
0.0,0.0
0.0,0.0
0.0871734693646431,0.0
0.1860944628715515,0.0
0.2894936203956604,0.0
0.39194339513778687,0.0
0.49307289719581604,0.0
0.5947306752204895,0.0
0.65965336561203,0.0
0.6820639371871948,0.0
0.6758403182029724,0.0
0.6133666038513184,0.0
0.6421648263931274,0.0
0.7379940748214722,0.0
0.8316786289215088,0.16
1.3077526092529297,0.77
2.2957065105438232,1.6500000000000001
3.238417148590088,3.08
4.27993106842041,3.95
4.418558120727539,5.55
4.840041160583496,8.78
6.540338039398193,9.58
9.168206214904785,9.71
13.818557739257812,13.8
19.72723960876465,15.740000000000002
25.172365188598633,26.41
30.397022247314453,33.64
32.52872085571289,33.24
33.19573211669922,37.3
34.3928337097168,26.61
35.180362701416016,33.24
39.10023498535156,42.18
41.34345245361328,42.04
41.417755126953125,42.84
41.3109130859375,42.98
40.85701370239258,42.62
39.65846252441406,42.07
38.664730072021484,40.98
37.577396392822266,40.43
36.828983306884766,39.46
35.73262405395508,38.08
34.4792366027832,36.53
32.96698760986328,35.95
30.857845306396484,34.2
28.077953338623047,31.77
25.173452377319336,27.0
22.535184860229492,24.49
20.6693115234375,21.44
18.221580505371094,18.66
15.56735897064209,16.77
12.525238037109375,14.52
9.067585945129395,11.06
5.51044225692749,5.81
2.4998300075531006,2.31
0.8968709707260132,0.86
0.21536219120025635,0.06
0.0,0.0
0.0,0.0
0.0,0.0
0.0,0.0
0.0,0.0
0.0,0.0
0.0,0.0
0.0,0.0
0.0,0.0
0.0,0.0
0.0,0.0
0.0,0.0
0.0,0.0
0.0,0.0
0.0,0.0
0.0,0.0
0.0,0.0
0.0,0.0
0.0,0.0
0.0,0.0
0.0,0.0
0.0,0.0
0.0,0.0
0.0,0.0
0.0,0.0
0.0,0.0
0.0,0.0
0.0,0.0
0.0,0.0
0.0,0.0
0.0,0.0
0.0,0.0
0.0,0.0
0.0,0.0
0.0,0.0
0.0,0.0
0.0,0.0
0.0,0.0
0.0,0.0
0.0,0.0
0.0,0.0
0.0007489696145057678,0.0
0.10076332837343216,0.0
0.21729040145874023,0.0
0.3124995231628418,0.0
0.3946807384490967,0.0
0.495989054441452,0.0
0.6057897806167603,0.0
0.6934446096420288,0.0
0.6831679344177246,0.0
0.5050694346427917,0.0
0.3717223107814789,0.0
0.32904502749443054,0.0
0.05502142012119293,0.0
0.1257132738828659,0.18
0.9127246141433716,1.19
2.4426369667053223,3.44
4.965818881988525,4.88
8.726056098937988,7.200000000000001
13.283616065979004,13.530000000000001
18.214841842651367,16.93
21.584257125854492,20.97
24.53601837158203,26.839999999999996
26.331111907958984,28.65
25.6069278717041,24.79
24.608179092407227,28.190000000000005
25.7119140625,25.429999999999996
25.752410888671875,28.689999999999998
27.016464233398438,25.94
27.048471450805664,23.91
26.814321517944336,29.68
25.842178344726562,31.56
21.493083953857422,21.09
15.166979789733887,20.68
11.680176734924316,12.08
7.613378524780273,7.53
6.108485698699951,7.51
6.034816741943359,7.690000000000001
6.134316921234131,8.39
6.287842750549316,8.96
6.024746894836426,7.24
5.479502201080322,7.109999999999999
5.512089252471924,7.2700000000000005
5.357110023498535,8.66
5.221388339996338,7.6499999999999995
4.848850727081299,6.77
5.107303142547607,6.800000000000001
6.094742774963379,6.87
7.004217624664307,6.9
7.588895320892334,8.66
7.560403823852539,8.64
6.3590922355651855,8.18
4.615621089935303,5.84
2.5108468532562256,2.59
0.8875002861022949,0.86
0.15620383620262146,0.02
0.0,0.0
0.0,0.0
0.0,0.0
0.0,0.0
0.0,0.0
0.0,0.0
0.0,0.0
0.0,0.0
0.0,0.0
0.0,0.0
0.0,0.0
0.0,0.0
0.0,0.0
0.0,0.0
0.0,0.0
0.0,0.0
0.0,0.0
0.0,0.0
0.0,0.0
0.0,0.0
0.0,0.0
0.0,0.0
0.0,0.0
0.0,0.0
0.0,0.0
0.0,0.0
0.0,0.0
0.0,0.0
0.0,0.0
0.0,0.0
0.0,0.0
0.0,0.0
0.0,0.0
0.0,0.0
0.0,0.0
0.0,0.0
0.0,0.0
0.0,0.0
0.0,0.0
0.024868175387382507,0.0
0.1146078109741211,0.0
0.20952485501766205,0.0
0.3089541494846344,0.0
0.41144657135009766,0.0
0.5182012915611267,0.0
0.620356023311615,0.0
0.7276184558868408,0.0
0.8294650316238403,0.0
0.9001759886741638,0.0
0.8318569660186768,0.0
0.5898272395133972,0.0
0.2456439733505249,0.0
0.0,0.0
0.0,0.0
0.4516793489456177,0.26
1.8475261926651,1.41
4.155385494232178,3.95
7.213504791259766,7.41
10.668412208557129,11.4
14.19332218170166,15.120000000000001
17.497461318969727,18.46
20.543312072753906,21.46
23.336774826049805,24.27
25.933746337890625,26.87
28.113847732543945,29.109999999999996
29.940914154052734,30.959999999999997
31.463665008544922,32.66
32.75835037231445,34.22
33.80783462524414,35.42
34.573883056640625,35.78
35.287574768066406,37.08
35.98884963989258,37.75
36.45885467529297,38.31
36.77347183227539,38.88
36.93161392211914,39.23
36.90365982055664,39.36
36.339134216308594,39.28
35.933815002441406,38.8
35.24043655395508,38.09
34.473751068115234,37.88
33.485565185546875,36.99
31.934616088867188,35.03
30.179208755493164,33.53
28.48411750793457,31.47
26.526317596435547,29.32
24.290010452270508,26.170000000000005
21.924335479736328,23.9
19.782424926757812,22.0
17.291473388671875,18.45
14.217265129089355,14.940000000000001
11.16691780090332,12.07
8.292442321777344,9.99
5.583056449890137,6.860000000000001
3.0014309883117676,3.03
1.080929160118103,0.69
0.2173120081424713,0.02
0.016186758875846863,0.0
0.0,0.0
0.0,0.0
0.0,0.0
0.0,0.0
0.0,0.0
0.0,0.0
0.0,0.0
0.0,0.0
0.0,0.0
0.0,0.0
0.0,0.0
0.0,0.0
0.0,0.0
0.0,0.0
0.0,0.0
0.0,0.0
0.0,0.0
0.0,0.0
0.0,0.0
0.0,0.0
0.0,0.0
0.0,0.0
0.0,0.0
0.0,0.0
0.0,0.0
0.0,0.0
0.0,0.0
0.0,0.0
0.0,0.0
0.0,0.0
0.0,0.0
0.0,0.0
0.0,0.0
0.0,0.0
0.0,0.0
0.0,0.0
0.0,0.0
0.0,0.0
0.058018043637275696,0.0
0.14642253518104553,0.0
0.2403123378753662,0.0
0.34507083892822266,0.0
0.445817232131958,0.0
0.5500081777572632,0.0
0.6409650444984436,0.0
0.7356176376342773,0.0
0.8364803791046143,0.0
0.9009007215499878,0.0
0.8851117491722107,0.0
0.7329283952713013,0.0
0.3879886269569397,0.0
0.020931102335453033,0.0
0.0,0.0
0.2691948711872101,0.3
1.4132349491119385,1.12
3.643476963043213,3.01
7.102553367614746,6.7299999999999995
11.114676475524902,10.66
14.363024711608887,14.17
16.98517417907715,17.95
18.507848739624023,20.98
18.508316040039062,20.92
17.761262893676758,17.62
16.670169830322266,16.14
16.251840591430664,18.8
15.853290557861328,16.34
14.171737670898438,16.74
12.768766403198242,15.340000000000002
10.371950149536133,12.89
8.946257591247559,11.15
8.317943572998047,10.62
8.381058692932129,9.61
8.885222434997559,10.75
10.11051082611084,11.08
10.579835891723633,13.86
10.613844871520996,13.200000000000001
10.443535804748535,12.839999999999998
10.42771053314209,11.55
10.243413925170898,11.19
10.585504531860352,11.33
10.795036315917969,12.37
10.373523712158203,12.809999999999999
9.121349334716797,9.88
7.357252597808838,8.52
6.222609519958496,7.16
5.213479518890381,5.95
4.356060981750488,4.99
3.64877986907959,3.95
2.9477570056915283,3.36
2.3506720066070557,2.74
1.6882495880126953,1.77
1.070544719696045,1.22
0.6442634463310242,0.66
0.3081163465976715,0.16
0.10240282863378525,0.0
0.04011336714029312,0.0
0.01860726624727249,0.0
0.0,0.0
0.0,0.0
0.0,0.0
0.0,0.0
0.0,0.0
0.0,0.0
0.0,0.0
0.0,0.0
0.0,0.0
0.0,0.0
0.0,0.0
0.0,0.0
0.0,0.0
0.0,0.0
0.0,0.0
0.0,0.0
0.0,0.0
0.0,0.0
0.0,0.0
0.0,0.0
0.0,0.0
0.0,0.0
0.0,0.0
0.0,0.0
0.0,0.0
0.0,0.0
0.0,0.0
0.0,0.0
0.0,0.0
0.0,0.0
0.0,0.0
0.0,0.0
0.0,0.0
0.0,0.0
0.0,0.0
0.0,0.0
0.0,0.0
0.0,0.0
0.0,0.0
0.0,0.0
0.0,0.0
0.08180364966392517,0.0
0.18564778566360474,0.0
0.2904990613460541,0.0
0.40664058923721313,0.0
0.5210112929344177,0.0
0.6255244612693787,0.0
0.6426893472671509,0.0
0.5484981536865234,0.0
0.5716167688369751,0.0
0.5735259652137756,0.0
0.38431379199028015,0.0
0.5713943243026733,0.08
1.05131995677948,0.84
2.2796599864959717,2.32
3.9601829051971436,2.72
5.260229110717773,4.63
7.1070356369018555,9.68
9.343281745910645,10.37
11.116353034973145,12.16
13.658693313598633,14.46
17.14208221435547,15.61
20.553340911865234,21.81
23.957265853881836,25.370000000000005
25.09000587463379,24.77
23.898801803588867,24.87
22.080183029174805,24.21
18.859704971313477,21.08
15.515046119689941,18.01
12.595635414123535,16.2
10.873438835144043,13.23
8.953974723815918,9.51
7.698220252990723,9.18
7.700987815856934,11.75
7.407273292541504,8.89
6.711231231689453,9.13
6.829954147338867,9.25
6.9731245040893555,9.19
6.858242511749268,9.13
6.731398582458496,9.1
6.685398578643799,9.03
6.578481197357178,8.79
6.209479808807373,8.71
6.159041404724121,8.62
6.7039995193481445,8.47
7.5719194412231445,8.36
8.385130882263184,8.16
8.809847831726074,8.1
8.675810813903809,11.48
7.87077522277832,10.38
5.2858757972717285,6.1
2.5043890476226807,2.5
0.7747659683227539,0.44
0.047774240374565125,0.0
0.0,0.0
0.0,0.0
0.0,0.0
0.0,0.0
0.0,0.0
0.0,0.0
0.0,0.0
0.0,0.0
0.0,0.0
0.0,0.0
0.0,0.0
0.0,0.0
0.0,0.0
0.0,0.0
0.0,0.0
0.0,0.0
0.0,0.0
0.0,0.0
0.0,0.0
0.0,0.0
0.0,0.0
0.0,0.0
0.0,0.0
0.0,0.0
0.0,0.0
0.0,0.0
0.0,0.0
0.0,0.0
0.0,0.0
0.0,0.0
0.0,0.0
0.0,0.0
0.0,0.0
0.0,0.0
0.0,0.0
0.0,0.0
0.0,0.0
0.0,0.0
0.0,0.0
0.0,0.0
0.0,0.0
0.0,0.0
0.0,0.0
0.08266977965831757,0.0
0.19611510634422302,0.0
0.3044838011264801,0.0
0.4078159034252167,0.0
0.5256705284118652,0.0
0.6359797120094299,0.0
0.6730086803436279,0.0
0.5221585035324097,0.0
0.10156873613595963,0.0
0.0,0.0
0.0,0.0
0.0,0.02
1.4905569553375244,0.61
4.066280841827393,2.82
7.633349895477295,7.51
11.963525772094727,12.28
16.512367248535156,15.76
20.56950569152832,19.67
23.509639739990234,22.7
24.67860984802246,25.4
24.001096725463867,28.37
21.359516143798828,25.44
16.88165283203125,17.05
12.870330810546875,12.82
10.926855087280273,12.61
10.32210922241211,12.43
9.943455696105957,11.19
9.334698677062988,10.97
8.631102561950684,10.52
8.113297462463379,9.05
8.226333618164062,9.15
9.369729042053223,9.97
11.277252197265625,8.01
13.227960586547852,10.4
15.445084571838379,16.43
15.928596496582031,17.55
13.302244186401367,13.79
9.282389640808105,10.11
5.630161762237549,5.56
2.6309731006622314,1.94
0.8342112302780151,0.45000000000000007
0.13902616500854492,0.0
0.0,0.0
0.0,0.0
0.0,0.0
0.0,0.0
0.0,0.0
0.0,0.0
0.0,0.0
0.0,0.0
0.0,0.0
0.0,0.0
0.0,0.0
0.0,0.0
0.0,0.0
0.0,0.0
0.0,0.0
0.0,0.0
0.0,0.0
0.0,0.0
0.0,0.0
0.0,0.0
0.0,0.0
0.0,0.0
0.0,0.0
0.0,0.0
0.0,0.0
0.0,0.0
0.0,0.0
0.0,0.0
0.0,0.0
0.0,0.0
0.0,0.0
0.0,0.0
0.0,0.0
0.0,0.0
0.0,0.0
0.0,0.0
0.0,0.0
0.0,0.0
0.0,0.0
0.0,0.0
0.0,0.0
0.0,0.0
0.025254301726818085,0.0
0.13144555687904358,0.0
0.23940670490264893,0.0
0.3473283648490906,0.0
0.46187824010849,0.0
0.567626416683197,0.0
0.6590964198112488,0.0
0.6769607067108154,0.0
0.5583246946334839,0.0
0.2780642509460449,0.0
0.0,0.0
0.0,0.0
0.14835166931152344,0.09
1.2700797319412231,0.88
3.2133657932281494,2.37
5.868997097015381,5.39
9.035383224487305,9.3
12.271539688110352,12.689999999999998
15.295707702636719,15.939999999999998
18.22590446472168,18.62
21.077531814575195,21.16
23.811351776123047,23.96
26.452701568603516,26.669999999999998
28.819543838500977,28.999999999999996
30.844423294067383,30.870000000000005
32.620323181152344,32.51
34.170040130615234,33.93
35.40823745727539,35.65
36.297393798828125,36.52
36.777854919433594,37.25
37.228023529052734,37.64
37.697998046875,37.6
37.80290603637695,37.19
37.11444854736328,37.24
35.109893798828125,37.36
31.10845375061035,36.42
26.16336441040039,30.930000000000003
21.58304214477539,22.89
19.10824966430664,19.34
19.638357162475586,19.01
21.795738220214844,19.11
24.276018142700195,28.139999999999997
26.275909423828125,27.82
24.719303131103516,25.41
22.353864669799805,23.06
19.61756706237793,20.0
16.439096450805664,16.91
13.101153373718262,13.77
9.702341079711914,10.41
6.489919662475586,6.909999999999999
3.77681040763855,3.92
1.833573341369629,1.72
0.6648820042610168,0.53
0.13506951928138733,0.0
0.0,0.0
0.0,0.0
0.0,0.0
0.0,0.0
0.0,0.0
0.0,0.0
0.0,0.0
0.0,0.0
0.0,0.0
0.0,0.0
0.0,0.0
0.0,0.0
0.0,0.0
0.0,0.0
0.0,0.0
0.0,0.0
0.0,0.0
0.0,0.0
0.0,0.0
0.0,0.0
0.0,0.0
0.0,0.0
0.0,0.0
0.0,0.0
0.0,0.0
0.0,0.0
0.0,0.0
0.0,0.0
0.0,0.0
0.0,0.0
0.0,0.0
0.0,0.0
0.0,0.0
0.0,0.0
0.0,0.0
0.0,0.0
0.0,0.0
0.0,0.0
0.0,0.0
0.0,0.0
0.0,0.0
0.005308724939823151,0.0
0.10736510157585144,0.0
0.21049007773399353,0.0
0.31630659103393555,0.0
0.43197664618492126,0.0
0.549771249294281,0.0
0.6613464951515198,0.0
0.7694597244262695,0.0
0.8096878528594971,0.0
0.7203921675682068,0.0
0.4278112053871155,0.0
0.03857892006635666,0.0
0.0,0.0
0.0,0.03
0.7410765886306763,0.6
2.4930431842803955,1.9799999999999998
5.136125564575195,4.92
8.438932418823242,8.7
12.022934913635254,12.33
15.63832950592041,16.22
19.123897552490234,19.52
22.322256088256836,22.43
25.487333297729492,25.17
28.009366989135742,28.09
30.118453979492188,30.36
32.58025360107422,31.989999999999995
34.46968460083008,33.57
35.036834716796875,34.69
33.866485595703125,31.629999999999995
29.586383819580078,35.74
25.644800186157227,33.42
19.547496795654297,19.73
15.306021690368652,15.920000000000002
16.083749771118164,15.6
19.014509201049805,15.53
22.87714385986328,29.73
26.890138626098633,25.95
26.766685485839844,27.38
27.516260147094727,29.600000000000005
27.239784240722656,28.99
25.69747543334961,26.66
23.494871139526367,24.15
20.893569946289062,21.11
17.834129333496094,18.14
14.450089454650879,15.15
10.83941650390625,11.79
7.287841796875,7.95
4.164318084716797,4.11
1.8761998414993286,1.56
0.632594883441925,0.3
0.139337956905365,0.0
0.03802962601184845,0.0
0.008100084960460663,0.0
0.0,0.0
0.0,0.0
0.0,0.0
0.0,0.0
0.0,0.0
0.0,0.0
0.0,0.0
0.0,0.0
0.0,0.0
0.0,0.0
0.0,0.0
0.0,0.0
0.0,0.0
0.0,0.0
0.0,0.0
0.0,0.0
0.0,0.0
0.0,0.0
0.0,0.0
0.0,0.0
0.0,0.0
0.0,0.0
0.0,0.0
0.0,0.0
0.0,0.0
0.0,0.0
0.0,0.0
0.0,0.0
0.0,0.0
0.0,0.0
0.0,0.0
0.0,0.0
0.0,0.0
0.0,0.0
0.0,0.0
0.0,0.0
0.0,0.0
0.0,0.0
0.017598271369934082,0.0
0.11160653084516525,0.0
0.2077752649784088,0.0
0.3081176280975342,0.0
0.41427966952323914,0.0
0.5184955596923828,0.0
0.6252720952033997,0.0
0.7353559136390686,0.0
0.8354933857917786,0.0
0.8847667574882507,0.0
0.7981934547424316,0.0
0.5375539660453796,0.0
0.14129114151000977,0.0
0.0,0.0
0.0,0.02
0.7735381126403809,0.59
2.5039634704589844,1.94
5.119176864624023,4.58
8.452467918395996,8.6
12.139134407043457,12.5
15.701696395874023,16.2
19.09132194519043,19.51
22.22640609741211,22.36
25.37514305114746,25.14
28.98166275024414,27.82
31.651630401611328,30.19
32.7811164855957,32.01
31.519052505493164,33.67
28.314176559448242,35.03
23.426477432250977,27.57
18.163341522216797,17.21
16.33759880065918,17.26
18.41710662841797,17.3
21.18434715270996,22.6
24.30088233947754,24.79
25.756656646728516,27.93
26.11266326904297,27.62
24.805952072143555,25.35
22.45306396484375,22.74
19.455368041992188,19.89
15.900739669799805,16.57
12.003477096557617,13.089999999999998
8.122712135314941,8.93
4.639410972595215,4.3
2.0260202884674072,1.6
0.6952846646308899,0.27
0.1708459109067917,0.0
0.06512831896543503,0.0
0.03276653587818146,0.0
0.0,0.0
0.0,0.0
0.0,0.0
0.0,0.0
0.0,0.0
0.0,0.0
0.0,0.0
0.0,0.0
0.0,0.0
0.0,0.0
0.0,0.0
0.0,0.0
0.0,0.0
0.0,0.0
0.0,0.0
0.0,0.0
0.0,0.0
0.0,0.0
0.0,0.0
0.0,0.0
0.0,0.0
0.0,0.0
0.0,0.0
0.0,0.0
0.0,0.0
0.0,0.0
0.0,0.0
0.0,0.0
0.0,0.0
0.0,0.0
0.0,0.0
0.0,0.0
0.0,0.0
0.0,0.0
0.0,0.0
0.0,0.0
0.0,0.0
0.0,0.0
0.043321214616298676,0.0
0.13892203569412231,0.0
0.24431198835372925,0.0
0.35117101669311523,0.0
0.4647897481918335,0.0
0.5760306715965271,0.0
0.70073401927948,0.0
0.8083571791648865,0.0
0.9230048656463623,0.0
0.9840612411499023,0.0
0.8803501725196838,0.0
0.5646830201148987,0.0
0.0657159835100174,0.0
0.0,0.0
0.0,0.0
0.7877902984619141,0.5
2.7419769763946533,1.87
5.660443305969238,4.9
9.397151947021484,9.6
13.404321670532227,13.86
17.101106643676758,17.46
20.533241271972656,20.74
25.151660919189453,23.76
29.021469116210938,26.49
31.47503089904785,29.01
31.612590789794922,31.15
29.053964614868164,33.01
23.848403930664062,33.27
16.32284164428711,10.24
7.71726655960083,9.42
6.466114521026611,6.4
5.263622760772705,5.82
4.8968658447265625,5.81
4.532563209533691,6.01
4.045007228851318,6.08
3.878232002258301,5.91
4.665467739105225,5.58
6.6283745765686035,6.2
9.37500286102295,7.82
12.10644817352295,10.6
13.684256553649902,14.67
13.388607025146484,15.64
10.748739242553711,12.3
6.919704914093018,6.76
3.5395216941833496,3.83
1.6006115674972534,0.78
0.4289953112602234,0.14
0.19982773065567017,0.0
0.14346259832382202,0.0
0.11101048439741135,0.0
0.07692351937294006,0.0
0.0382348895072937,0.0
0.0031735748052597046,0.0
0.0,0.0
0.0,0.0
0.0,0.0
0.0,0.0
0.0,0.0
0.0,0.0
0.0,0.0
0.0,0.0
0.0,0.0
0.0,0.0
0.0,0.0
0.0,0.0
0.0,0.0
0.0,0.0
0.0,0.0
0.0,0.0
0.0,0.0
0.0,0.0
0.0,0.0
0.0,0.0
0.0,0.0
0.0,0.0
0.0,0.0
0.0,0.0
0.0,0.0
0.0,0.0
0.0,0.0
0.0,0.0
0.0,0.0
0.0,0.0
0.0,0.0
0.0,0.0
0.0,0.0
0.0,0.0
0.0,0.0
0.08817184716463089,0.0
0.15714094042778015,0.0
0.21251291036605835,0.0
0.2571549415588379,0.0
0.35650673508644104,0.0
0.4867289066314697,0.0
0.5931917428970337,0.0
0.7084578275680542,0.0
0.8123873472213745,0.0
0.8855780363082886,0.0
0.9409667253494263,0.0
0.9782475233078003,0.0
0.8149347305297852,0.0
0.2273203730583191,0.0
0.0,0.0
0.0,0.09
0.0,0.26
1.6151752471923828,0.75
4.7073655128479,3.39
8.875831604003906,8.57
13.410102844238281,10.95
16.212799072265625,17.81
17.690420150756836,17.65
16.36341667175293,16.87
14.355151176452637,14.150000000000002
11.957054138183594,13.170000000000002
10.145248413085938,11.92
8.659238815307617,9.24
6.453883647918701,6.22
4.974105358123779,5.22
4.654172897338867,5.21
4.529318809509277,5.21
4.256705284118652,5.14
4.407595634460449,5.12
4.407318115234375,5.12
4.447849273681641,5.11
4.459725856781006,5.09
4.462073802947998,5.06
4.455977439880371,4.99
4.369659900665283,4.95
4.2126617431640625,4.97
4.0270795822143555,5.08
4.449436664581299,5.01
5.177460670471191,4.93
5.9054741859436035,4.91
6.459744453430176,4.9
6.57127046585083,6.52
6.204835414886475,8.75
4.819467544555664,4.88
2.2983193397521973,1.94
0.7815892100334167,0.43
0.11617988348007202,0.0
0.0,0.0
0.0,0.0
0.0,0.0
0.0,0.0
0.0,0.0
0.0,0.0
0.0,0.0
0.0,0.0
0.0,0.0
0.0,0.0
0.0,0.0
0.0,0.0
0.0,0.0
0.0,0.0
0.0,0.0
0.0,0.0
0.0,0.0
0.0,0.0
0.0,0.0
0.0,0.0
0.0,0.0
0.0,0.0
0.0,0.0
0.0,0.0
0.0,0.0
0.0,0.0
0.0,0.0
0.0,0.0
0.0,0.0
0.0,0.0
0.0,0.0
0.0,0.0
0.0,0.0
0.0,0.0
0.0,0.0
0.0,0.0
0.0,0.0
0.0,0.0
0.0,0.0
0.0,0.0
0.0,0.0
0.0,0.0
0.060104578733444214,0.0
0.16898028552532196,0.0
0.2814600169658661,0.0
0.3848286271095276,0.0
0.49390140175819397,0.0
0.6078844666481018,0.0
0.7204267382621765,0.0
0.7577816247940063,0.0
0.7015337944030762,0.0
0.39384737610816956,0.0
0.0,0.0
0.0,0.0
0.0,0.0
0.7270978093147278,0.35
2.906798839569092,1.54
6.285788059234619,4.94
11.159523010253906,10.04
16.209516525268555,14.64
20.369590759277344,18.48
22.74943733215332,21.5
23.139503479003906,24.36
21.479053497314453,25.379999999999995
17.844789505004883,16.69
13.225576400756836,13.13
11.02292537689209,10.38
9.844160079956055,9.7
9.555845260620117,9.69
9.443831443786621,9.82
9.433494567871094,9.91
9.370587348937988,9.98
9.284369468688965,10.01
9.167462348937988,10.03
9.065450668334961,10.05
8.951918601989746,10.05
8.625089645385742,9.61
8.789782524108887,9.94
8.895232200622559,10.07
8.904661178588867,10.12
8.833195686340332,10.09
8.2251558303833,10.13
7.864759922027588,10.12
8.133049011230469,10.11
9.127659797668457,10.16
10.817827224731445,10.2
12.92853832244873,10.64
14.807537078857422,16.63
15.730076789855957,17.48
13.617374420166016,14.859999999999998
10.153637886047363,11.51
6.634724140167236,7.46
3.551016092300415,3.2099999999999995
1.379926323890686,1.18
0.39615780115127563,0.13
0.008814968168735504,0.0
0.0,0.0
0.0,0.0
0.0,0.0
0.0,0.0
0.0,0.0
0.0,0.0
0.0,0.0
0.0,0.0
0.0,0.0
0.0,0.0
0.0,0.0
0.0,0.0
0.0,0.0
0.0,0.0
0.0,0.0
0.0,0.0
0.0,0.0
0.0,0.0
0.0,0.0
0.0,0.0
0.0,0.0
0.0,0.0
0.0,0.0
0.0,0.0
0.0,0.0
0.0,0.0
0.0,0.0
0.0,0.0
0.0,0.0
0.0,0.0
0.0,0.0
0.0,0.0
0.0,0.0
0.0,0.0
0.0,0.0
0.0,0.0
0.0,0.0
0.0,0.0
0.0,0.0
0.0,0.0
0.0,0.0
0.04104152321815491,0.0
0.13771075010299683,0.0
0.23826342821121216,0.0
0.3421114683151245,0.0
0.4501182436943054,0.0
0.5601277351379395,0.0
0.6683126091957092,0.0
0.76715087890625,0.0
0.820334792137146,0.0
0.7100183367729187,0.0
0.4170486629009247,0.0
0.0,0.0
0.0,0.0
0.0,0.0
0.44281965494155884,0.31
2.3157832622528076,1.63
5.255175590515137,4.09
9.050504684448242,8.92
13.304572105407715,13.59
17.241323471069336,17.41
20.771831512451172,20.83
23.90835189819336,23.8
26.707395553588867,26.52
29.19165802001953,29.07
31.513107299804688,31.36
33.67026901245117,33.15
35.48938751220703,34.57
36.74896240234375,36.33
37.13031768798828,37.76
36.785526275634766,38.75
34.940826416015625,36.99
32.16010284423828,32.96
29.552518844604492,29.74
27.71414566040039,28.07
26.416353225708008,27.07
24.984378814697266,22.56
23.94630241394043,24.69
23.07493782043457,23.05
20.183317184448242,19.21
16.387712478637695,16.94
12.456371307373047,13.13
8.20333194732666,8.19
4.408990383148193,3.4799999999999995
1.7856405973434448,1.22
0.53513103723526,0.11
0.02809707075357437,0.0
0.0,0.0
0.0,0.0
0.0,0.0
0.0,0.0
0.0,0.0
0.0,0.0
0.0,0.0
0.0,0.0
0.0,0.0
0.0,0.0
0.0,0.0
0.0,0.0
0.0,0.0
0.0,0.0
0.0,0.0
0.0,0.0
0.0,0.0
0.0,0.0
0.0,0.0
0.0,0.0
0.0,0.0
0.0,0.0
0.0,0.0
0.0,0.0
0.0,0.0
0.0,0.0
0.0,0.0
0.0,0.0
0.0,0.0
0.0,0.0
0.0,0.0
0.0,0.0
0.0,0.0
0.0,0.0
0.0,0.0
0.0,0.0
0.0,0.0
0.0,0.0
0.0,0.0
0.0,0.0
0.0,0.0
0.0902518630027771,0.0
0.1896340399980545,0.0
0.295335054397583,0.0
0.3856649696826935,0.0
0.4900457262992859,0.0
0.5972238183021545,0.0
0.6978688836097717,0.0
0.8027169704437256,0.0
0.8500778079032898,0.0
0.7070700526237488,0.0
0.5574988126754761,0.0
0.032825767993927,0.0
0.0,0.0
0.0,0.0
0.23822766542434692,0.38
1.8138710260391235,1.66
5.319344997406006,3.55
9.620684623718262,9.27
14.687080383300781,15.370000000000001
19.492502212524414,18.0
23.668794631958008,22.54
27.64553451538086,28.809999999999995
30.255159378051758,29.14
31.347883224487305,33.06
30.99742317199707,31.61
29.03231430053711,29.270000000000003
27.12925148010254,26.72
24.63692283630371,24.1
21.493967056274414,21.25
17.619606018066406,17.82
13.200675964355469,14.2
8.749378204345703,8.58
4.6486334800720215,3.61
1.8937252759933472,1.24
0.5824407339096069,0.09
0.056342221796512604,0.0
0.0,0.0
0.0,0.0
0.0,0.0
0.0,0.0
0.0,0.0
0.0,0.0
0.0,0.0
0.0,0.0
0.0,0.0
0.0,0.0
0.0,0.0
0.0,0.0
0.0,0.0
0.0,0.0
0.0,0.0
0.0,0.0
0.0,0.0
0.0,0.0
0.0,0.0
0.0,0.0
0.0,0.0
0.0,0.0
0.0,0.0
0.0,0.0
0.0,0.0
0.0,0.0
0.0,0.0
0.0,0.0
0.0,0.0
0.0,0.0
0.0,0.0
0.0,0.0
0.0,0.0
0.0,0.0
0.0,0.0
0.0,0.0
0.0,0.0
0.0,0.0
0.0,0.0
0.0,0.0
0.011366605758666992,0.0
0.10482501238584518,0.0
0.2075566053390503,0.0
0.31396356225013733,0.0
0.4224579930305481,0.0
0.5220893621444702,0.0
0.6342197060585022,0.0
0.7567623853683472,0.0
0.8627058863639832,0.0
0.9334990978240967,0.0
0.8701147437095642,0.0
0.6030049324035645,0.0
0.11425670236349106,0.0
0.0,0.0
0.0,0.0
0.3250744342803955,0.24
2.070831775665283,1.38
4.953151702880859,3.63
9.27419662475586,8.22
13.801239013671875,13.81
18.575529098510742,17.76
22.18897247314453,21.09
24.137950897216797,24.09
23.778392791748047,26.729999999999997
22.515724182128906,19.02
20.26384735107422,24.03
19.5571231842041,18.87
16.546749114990234,15.42
13.806705474853516,13.320000000000002
11.048771858215332,14.78
7.925637722015381,6.559999999999999
3.6309103965759277,3.05
1.633724331855774,1.42
0.6214993000030518,0.09
0.09025931358337402,0.0
0.04349853843450546,0.0
0.005260668694972992,0.0
0.0,0.0
0.0,0.0
0.0,0.0
0.0,0.0
0.0,0.0
0.0,0.0
0.0,0.0
0.0,0.0
0.0,0.0
0.0,0.0
0.0,0.0
0.0,0.0
0.0,0.0
0.0,0.0
0.0,0.0
0.0,0.0
0.0,0.0
0.0,0.0
0.0,0.0
0.0,0.0
0.0,0.0
0.0,0.0
0.0,0.0
0.0,0.0
0.0,0.0
0.0,0.0
0.0,0.0
0.0,0.0
0.0,0.0
0.0,0.0
0.0,0.0
0.0,0.0
0.0,0.0
0.0,0.0
0.0,0.0
0.0,0.0
0.0,0.0
0.0,0.0
0.012863799929618835,0.0
0.10921712964773178,0.0
0.231113463640213,0.0
0.3462035059928894,0.0
0.45868736505508423,0.0
0.5663689374923706,0.0
0.6819072961807251,0.0
0.7825049757957458,0.0
0.8907899260520935,0.0
0.9784103631973267,0.0
1.064984917640686,0.0
1.1040382385253906,0.0
1.0916848182678223,0.0
1.0912399291992188,0.0
0.9628840684890747,0.0
0.3234442472457886,0.12
0.0,0.34
0.0,0.7
0.8157986402511597,1.78
3.892578601837158,2.81
9.344975471496582,5.61
16.088603973388672,14.730000000000002
22.507530212402344,19.9
24.944091796875,25.759999999999998
22.374588012695312,27.3
18.147912979125977,27.33
14.620317459106445,13.25
12.691779136657715,13.44
16.248123168945312,12.7
20.96443748474121,13.309999999999999
26.382577896118164,34.03
31.258136749267578,32.62
29.904821395874023,30.81
28.424253463745117,29.160000000000004
26.813142776489258,27.13
24.526844024658203,24.6
21.52996826171875,21.87
17.891077041625977,18.43
13.74630355834961,14.429999999999998
9.563689231872559,10.27
5.8245344161987305,5.48
2.8861236572265625,2.51
1.1940873861312866,0.88
0.3858547806739807,0.07
0.08436329662799835,0.0
0.04127826541662216,0.0
0.0011740252375602722,0.0
0.0,0.0
0.0,0.0
0.0,0.0
0.0,0.0
0.0,0.0
0.0,0.0
0.0,0.0
0.0,0.0
0.0,0.0
0.0,0.0
0.0,0.0
0.0,0.0
0.0,0.0
0.0,0.0
0.0,0.0
0.0,0.0
0.0,0.0
0.0,0.0
0.0,0.0
0.0,0.0
0.0,0.0
0.0,0.0
0.0,0.0
0.0,0.0
0.0,0.0
0.0,0.0
0.0,0.0
0.0,0.0
0.0,0.0
0.0,0.0
0.0,0.0
0.0,0.0
0.0,0.0
0.0,0.0
0.0,0.0
0.0,0.0
0.0,0.0
0.0,0.0
0.0,0.0
0.05716085433959961,0.0
0.16148445010185242,0.0
0.26883333921432495,0.0
0.37713703513145447,0.0
0.49350616335868835,0.0
0.6056822538375854,0.0
0.7183760404586792,0.0
0.8403512835502625,0.0
0.9235443472862244,0.0
0.9114823341369629,0.0
0.7244499325752258,0.0
0.35778993368148804,0.0
0.0,0.0
0.0,0.0
0.23905634880065918,0.14
1.5405365228652954,1.03
3.9336652755737305,2.81
7.338020324707031,6.27
11.55066204071045,11.92
15.633111000061035,16.22
19.790157318115234,19.76
23.3164005279541,22.92
26.637041091918945,25.83
29.39562225341797,28.300000000000004
31.261852264404297,30.47
31.96932601928711,34.27
31.26007080078125,32.6
29.5530948638916,30.48
27.891429901123047,28.07
25.813385009765625,25.66
23.128786087036133,23.02
19.732563018798828,20.05
15.660552978515625,16.66
11.238898277282715,12.3
6.934370040893555,6.419999999999999
3.3702359199523926,2.87
1.393388271331787,0.8500000000000001
0.4247821867465973,0.03
0.10447967797517776,0.0
0.07085148245096207,0.0
0.036909617483615875,0.0
0.002724677324295044,0.0
0.0,0.0
0.0,0.0
0.0,0.0
0.0,0.0
0.0,0.0
0.0,0.0
0.0,0.0
0.0,0.0
0.0,0.0
0.0,0.0
0.0,0.0
0.0,0.0
0.0,0.0
0.0,0.0
0.0,0.0
0.0,0.0
0.0,0.0
0.0,0.0
0.0,0.0
0.0,0.0
0.0,0.0
0.0,0.0
0.0,0.0
0.0,0.0
0.0,0.0
0.0,0.0
0.0,0.0
0.0,0.0
0.0,0.0
0.0,0.0
0.0,0.0
0.0,0.0
0.0,0.0
0.0,0.0
0.0,0.0
0.0,0.0
0.0,0.0
0.0,0.0
0.10781735181808472,0.0
0.21321997046470642,0.0
0.3179624676704407,0.0
0.43031537532806396,0.0
0.5404094457626343,0.0
0.6476983428001404,0.0
0.7659087777137756,0.0
0.8876718282699585,0.0
0.9764311909675598,0.0
0.9358664751052856,0.0
0.7103848457336426,0.0
0.34386011958122253,0.0
0.0,0.0
0.146474689245224,0.0
0.46237948536872864,0.18
1.7943041324615479,1.16
5.040709018707275,3.04
7.663525104522705,6.09
11.42391586303711,11.99
15.443068504333496,16.13
18.640579223632812,19.28
19.90491485595703,21.02
20.28842544555664,19.41
20.441207885742188,28.34
19.208995819091797,16.6
15.065786361694336,16.73
15.13956069946289,16.81
15.795501708984375,16.62
16.970748901367188,18.05
18.57759666442871,18.5
19.906150817871094,18.88
20.49549674987793,20.17
19.806591033935547,21.32
17.287809371948242,17.9
13.115702629089355,14.219999999999999
8.930980682373047,9.91
5.106173515319824,4.23
2.172153949737549,1.7399999999999998
0.8723739385604858,0.62
0.3111559748649597,0.04
0.09181313216686249,0.0
0.05298443138599396,0.0
0.016855262219905853,0.0
0.0,0.0
0.0,0.0
0.0,0.0
0.0,0.0
0.0,0.0
0.0,0.0
0.0,0.0
0.0,0.0
0.0,0.0
0.0,0.0
0.0,0.0
0.0,0.0
0.0,0.0
0.0,0.0
0.0,0.0
0.0,0.0
0.0,0.0
0.0,0.0
0.0,0.0
0.0,0.0
0.0,0.0
0.0,0.0
0.0,0.0
0.0,0.0
0.0,0.0
0.0,0.0
0.0,0.0
0.0,0.0
0.0,0.0
0.0,0.0
0.0,0.0
0.0,0.0
0.0,0.0
0.0,0.0
0.0,0.0
0.0,0.0
0.0,0.0
0.07706340402364731,0.0
0.19205155968666077,0.0
0.29404348134994507,0.0
0.38886144757270813,0.0
0.4839586019515991,0.0
0.5894092917442322,0.0
0.6844224333763123,0.0
0.7942603826522827,0.0
0.8966975808143616,0.0
1.013812780380249,0.0
1.1049585342407227,0.0
1.1042462587356567,0.0
0.8842296004295349,0.0
0.4763329327106476,0.0
0.0,0.0
0.03128163516521454,0.0
0.2002473920583725,0.06
1.3225854635238647,0.68
3.5477168560028076,2.74
7.511739253997803,5.9
12.22986125946045,11.95
16.91335678100586,16.46
19.96548080444336,19.95
20.095596313476562,23.02
18.14815330505371,25.94
14.569084167480469,11.98
9.334881782531738,11.88
9.881377220153809,11.82
11.513940811157227,12.89
14.189772605895996,13.98
17.481189727783203,17.62
20.956205368041992,18.85
22.799816131591797,25.96
23.016834259033203,23.31
19.3976993560791,20.17
15.091874122619629,16.43
10.516039848327637,11.53
6.1952805519104,5.59
2.823768138885498,2.34
1.0577818155288696,0.33
0.27466750144958496,0.0
0.14367642998695374,0.0
0.1058582216501236,0.0
0.0660950317978859,0.0
0.0199880450963974,0.0
0.0,0.0
0.0,0.0
0.0,0.0
0.0,0.0
0.0,0.0
0.0,0.0
0.0,0.0
0.0,0.0
0.0,0.0
0.0,0.0
0.0,0.0
0.0,0.0
0.0,0.0
0.0,0.0
0.0,0.0
0.0,0.0
0.0,0.0
0.0,0.0
0.0,0.0
0.0,0.0
0.0,0.0
0.0,0.0
0.0,0.0
0.0,0.0
0.0,0.0
0.0,0.0
0.0,0.0
0.0,0.0
0.0,0.0
0.0,0.0
0.0,0.0
0.0,0.0
0.0,0.0
0.0,0.0
0.0,0.0
0.05931500345468521,0.0
0.15938040614128113,0.0
0.24193041026592255,0.0
0.3313625156879425,0.0
0.4273010492324829,0.0
0.5318517088890076,0.0
0.6447890996932983,0.0
0.753768801689148,0.0
0.860442042350769,0.0
0.9682456851005554,0.0
1.0700392723083496,0.0
1.1689414978027344,0.0
1.1682851314544678,0.0
1.0060954093933105,0.0
0.7034218907356262,0.0
0.18564797937870026,0.0
0.0,0.0
0.0,0.08
1.4547264575958252,0.76
2.982264518737793,2.26
5.801442623138428,4.75
10.081367492675781,10.16
14.47742748260498,15.869999999999997
17.051122665405273,18.95
18.77212142944336,17.89
21.319780349731445,26.85
24.89681625366211,26.030000000000005
27.125947952270508,23.6
31.033157348632812,29.020000000000003
36.069488525390625,38.62
38.61704635620117,39.72
38.540504455566406,39.9
37.7874755859375,39.88
37.01540756225586,39.4
36.099647521972656,38.91
35.255767822265625,38.01
34.15777587890625,36.72
32.940521240234375,35.19
31.658517837524414,33.54
30.044418334960938,31.65
28.47900390625,29.659999999999997
26.797109603881836,26.96
24.417722702026367,25.03
21.527036666870117,21.87
17.680757522583008,18.15
13.4631929397583,15.2
9.269620895385742,9.32
5.198508262634277,4.6
2.5214927196502686,1.9799999999999998
1.1041688919067383,0.36
0.4678554832935333,0.0
0.3322238028049469,0.0
0.3035396337509155,0.0
0.26047900319099426,0.0
0.2191910445690155,0.0
0.17456747591495514,0.0
0.1309167593717575,0.0
0.08873008191585541,0.0
0.04827920347452164,0.0
0.00998079776763916,0.0
0.0,0.0
0.0,0.0
0.0,0.0
0.0,0.0
0.0,0.0
0.0,0.0
0.0,0.0
0.0,0.0
0.0,0.0
0.0,0.0
0.0,0.0
0.0,0.0
0.0,0.0
0.0,0.0
0.0,0.0
0.0,0.0
0.0,0.0
0.0,0.0
0.0,0.0
0.0,0.0
0.0,0.0
0.0,0.0
0.0,0.0
0.0,0.0
0.0,0.0
0.0,0.0
0.0,0.0
0.0,0.0
0.0,0.0
0.09088460355997086,0.0
0.19891709089279175,0.0
0.2997497022151947,0.0
0.3983013331890106,0.0
0.49742403626441956,0.0
0.6072912216186523,0.0
0.722966730594635,0.0
0.8203417062759399,0.0
0.9416748881340027,0.0
1.043296456336975,0.0
1.15907621383667,0.0
1.2729268074035645,0.0
1.3785194158554077,0.0
1.4811253547668457,0.0
1.4595541954040527,0.0
1.3333631753921509,0.0
1.2205231189727783,0.0
1.3005969524383545,0.0
1.282652735710144,0.0
1.3300169706344604,0.0
1.4551602602005005,0.0
1.553664207458496,0.0
1.4989227056503296,0.0
1.5056326389312744,0.0
1.6765894889831543,0.0
1.8160085678100586,0.0
1.5924019813537598,0.0
1.9385565519332886,0.0
1.8385119438171387,0.0
1.2342581748962402,0.0
0.0,0.0
0.0,0.0
0.0,0.0
0.0,0.0
1.239140272140503,0.07
4.146271228790283,1.72
7.524219036102295,9.51
11.599355697631836,15.15
13.27151107788086,15.58
13.831273078918457,14.99
14.645745277404785,15.190000000000001
14.69998836517334,14.610000000000001
12.585003852844238,14.74
11.930304527282715,14.2
12.921097755432129,18.56
12.745806694030762,13.750000000000002
11.546913146972656,7.26
13.278823852539062,16.21
16.701553344726562,21.79
15.94682788848877,14.12
13.001825332641602,10.04
11.605437278747559,15.15
10.299962997436523,11.74
6.574733734130859,6.16
3.4376864433288574,3.2199999999999998
1.7290616035461426,1.13
0.7786688208580017,0.11
0.43209120631217957,0.0
0.3695223331451416,0.0
0.31951236724853516,0.0
0.2697629928588867,0.0
0.224806547164917,0.0
0.17752069234848022,0.0
0.1273101270198822,0.0
0.08049327880144119,0.0
0.03472380340099335,0.0
0.0,0.0
0.0,0.0
0.0,0.0
0.0,0.0
0.0,0.0
0.0,0.0
0.0,0.0
0.0,0.0
0.0,0.0
0.0,0.0
0.0,0.0
0.0,0.0
0.0,0.0
0.0,0.0
0.0,0.0
0.0,0.0
0.0,0.0
0.0,0.0
0.0,0.0
0.0,0.0
0.0,0.0
0.0,0.0
0.0,0.0
0.0,0.0
0.0,0.0
0.0,0.0
0.0,0.0
0.0,0.0
0.0,0.0
0.0,0.0
0.0,0.0
0.012473389506340027,0.0
0.10414775460958481,0.0
0.2096848487854004,0.0
0.31993240118026733,0.0
0.42677783966064453,0.0
0.5398228764533997,0.0
0.6613733172416687,0.0
0.7710801362991333,0.0
0.8888319134712219,0.0
1.0108600854873657,0.0
1.1332743167877197,0.0
1.2562131881713867,0.0
1.3590449094772339,0.0
1.4050592184066772,0.0
1.1976444721221924,0.0
0.8246075510978699,0.0
0.49967801570892334,0.0
0.373338907957077,0.0
0.7887547612190247,0.03
1.933187484741211,0.8199999999999998
3.937535047531128,3.18
6.617558002471924,6.480000000000001
9.6317720413208,10.46
12.720355033874512,13.3
15.557250022888184,16.02
18.418380737304688,18.97
21.11360740661621,21.74
23.35418128967285,24.14
25.233226776123047,26.26
27.043039321899414,27.99
27.887483596801758,27.49
27.501123428344727,28.059999999999995
26.74349594116211,28.550000000000004
25.220417022705078,29.12
22.509017944335938,26.77
19.684579849243164,19.33
18.054847717285156,19.61
19.54006004333496,21.71
21.146751403808594,21.62
22.445375442504883,22.13
23.821256637573242,27.140000000000004
25.037500381469727,27.85
24.512195587158203,27.889999999999997
23.28301239013672,22.5
22.31285285949707,23.71
22.525564193725586,22.69
20.99594497680664,22.03
18.839550018310547,20.05
15.999738693237305,16.74
12.580437660217285,14.09
9.276888847351074,8.1
6.155827522277832,6.0
4.461309909820557,5.11
2.98343825340271,2.67
1.5254112482070923,1.0
0.7636752724647522,0.12
0.4411192536354065,0.0
0.38256311416625977,0.0
0.3330208361148834,0.0
0.28260257840156555,0.0
0.23060068488121033,0.0
0.17865580320358276,0.0
0.13165083527565002,0.0
0.08330922573804855,0.0
0.03282465040683746,0.0
0.0,0.0
0.0,0.0
0.0,0.0
0.0,0.0
0.0,0.0
0.0,0.0
0.0,0.0
0.0,0.0
0.0,0.0
0.0,0.0
0.0,0.0
0.0,0.0
0.0,0.0
0.0,0.0
0.0,0.0
0.0,0.0
0.0,0.0
0.0,0.0
0.0,0.0
0.0,0.0
0.0,0.0
0.0,0.0
0.0,0.0
0.0,0.0
0.0,0.0
0.0,0.0
0.0,0.0
0.0,0.0
0.0,0.0
0.0,0.0
0.0,0.0
0.0,0.0
0.04379935562610626,0.0
0.13622194528579712,0.0
0.2373354434967041,0.0
0.34614819288253784,0.0
0.4521368145942688,0.0
0.5664523839950562,0.0
0.6803231239318848,0.0
0.7939154505729675,0.0
0.9131512641906738,0.0
1.02633535861969,0.0
1.145876169204712,0.0
1.2413674592971802,0.0
1.2570724487304688,0.0
1.1311770677566528,0.0
0.9308242201805115,0.0
0.6573910117149353,0.0
0.59767085313797,0.0
1.0259064435958862,0.12
1.8700838088989258,1.01
3.116361379623413,2.79
5.080135345458984,4.96
8.265728950500488,8.71
11.973993301391602,10.61
14.512701034545898,13.81
16.51231575012207,16.81
18.051307678222656,22.26
19.552377700805664,23.64
20.32514762878418,20.08
23.117464065551758,19.8
27.4407901763916,24.03
31.139404296875,32.63
33.48528289794922,33.3
31.2127742767334,33.07
27.584707260131836,33.12
22.84214973449707,23.76
19.13010597229004,20.9
17.351890563964844,21.94
17.204256057739258,16.1
18.181413650512695,22.5
21.44046401977539,23.34
23.386903762817383,24.7
25.388124465942383,25.6
27.42770004272461,30.48
28.674930572509766,30.769999999999996
27.689537048339844,29.520000000000003
26.018827438354492,27.449999999999996
23.905410766601562,24.9
21.22679328918457,21.67
18.089170455932617,18.85
14.734613418579102,15.86
11.082376480102539,12.13
7.42355489730835,7.66
4.280111312866211,3.84
2.1277339458465576,1.77
0.982901930809021,0.43
0.41774752736091614,0.0
0.25893038511276245,0.0
0.2082655131816864,0.0
0.15155580639839172,0.0
0.09056311100721359,0.0
0.037020258605480194,0.0
0.0,0.0
0.0,0.0
0.0,0.0
0.0,0.0
0.0,0.0
0.0,0.0
0.0,0.0
0.0,0.0
0.0,0.0
0.0,0.0
0.0,0.0
0.0,0.0
0.0,0.0
0.0,0.0
0.0,0.0
0.0,0.0
0.0,0.0
0.0,0.0
0.0,0.0
0.0,0.0
0.0,0.0
0.0,0.0
0.0,0.0
0.0,0.0
0.0,0.0
0.0,0.0
0.0,0.0
0.0,0.0
0.0,0.0
0.0,0.0
0.0,0.0
0.0,0.0
0.0,0.0
0.0,0.0
0.0,0.0
0.04409700632095337,0.0
0.14367103576660156,0.0
0.24341213703155518,0.0
0.3504859209060669,0.0
0.4604797959327698,0.0
0.5783913731575012,0.0
0.6995272636413574,0.0
0.8213695287704468,0.0
0.9383653402328491,0.0
1.0629206895828247,0.0
1.1835023164749146,0.0
1.233329176902771,0.0
1.0696256160736084,0.0
0.7571752071380615,0.0
0.2748878598213196,0.0
0.0,0.0
0.3823349177837372,0.01
1.4558907747268677,0.45999999999999996
3.2259068489074707,2.07
5.89504337310791,4.63
8.90981388092041,9.21
12.844244956970215,14.77
16.558189392089844,15.4
19.436315536499023,18.67
23.034984588623047,24.55
26.194599151611328,25.56
28.426605224609375,31.35
29.971847534179688,27.35
31.181299209594727,29.220000000000002
31.926498413085938,35.31
30.766725540161133,35.27
28.79827308654785,32.56
26.422061920166016,26.369999999999997
25.82646369934082,28.35
27.324893951416016,21.85
30.210092544555664,33.66
34.7306022644043,38.58
35.2277717590332,32.88
35.28319549560547,36.95
37.40213394165039,41.86
37.665653228759766,39.13
35.827884674072266,34.93
33.631656646728516,37.75
30.364816665649414,34.32
25.432384490966797,30.53
21.755386352539062,22.31
19.188711166381836,19.9
18.48960304260254,15.71
17.965850830078125,18.08
17.51532745361328,21.23
14.754698753356934,16.97
9.839731216430664,9.76
5.435141563415527,4.76
2.7043955326080322,2.26
1.291279911994934,0.45000000000000007
0.5691129565238953,0.0
0.3989357352256775,0.0
0.3655768930912018,0.0
0.3190577030181885,0.0
0.27121901512145996,0.0
0.22687427699565887,0.0
0.17869584262371063,0.0
0.1340659260749817,0.0
0.08577294647693634,0.0
0.030689872801303864,0.0
0.0,0.0
0.0,0.0
0.0,0.0
0.0,0.0
0.0,0.0
0.0,0.0
0.0,0.0
0.0,0.0
0.0,0.0
0.0,0.0
0.0,0.0
0.0,0.0
0.0,0.0
0.0,0.0
0.0,0.0
0.0,0.0
0.0,0.0
0.0,0.0
0.0,0.0
0.0,0.0
0.0,0.0
0.0,0.0
0.0,0.0
0.0,0.0
0.0,0.0
0.0,0.0
0.0,0.0
0.0,0.0
0.0,0.0
0.0,0.0
0.0,0.0
0.032218173146247864,0.0
0.13254433870315552,0.0
0.244410902261734,0.0
0.3632042407989502,0.0
0.4930269122123718,0.0
0.6223611831665039,0.0
0.7513458132743835,0.0
0.8857781291007996,0.0
1.0152645111083984,0.0
1.1530245542526245,0.0
1.2822129726409912,0.0
1.382051944732666,0.0
1.391944408416748,0.0
1.3204898834228516,0.0
0.9755719304084778,0.0
0.5687896013259888,0.0
0.1538652926683426,0.0
0.7929997444152832,0.14
1.4131072759628296,1.18
3.307805299758911,2.45
6.4812541007995605,5.97
10.85308837890625,11.41
15.85805892944336,14.78
20.474437713623047,19.23
25.81743812561035,26.21
29.364171981811523,29.160000000000004
31.267127990722656,31.52
32.2532844543457,33.22
32.46247863769531,33.66
31.859195709228516,32.7
30.858165740966797,31.61
29.75847625732422,30.34
28.558319091796875,30.099999999999998
27.23748016357422,29.04
24.812612533569336,26.22
22.26215171813965,24.95
20.382230758666992,22.49
18.73379135131836,21.14
17.994646072387695,19.7
17.901315689086914,19.22
18.50255012512207,22.21
19.382688522338867,22.16
19.917259216308594,21.75
20.913400650024414,21.73
22.645484924316406,23.87
25.348133087158203,25.58
26.33427619934082,27.889999999999997
24.710805892944336,25.0
20.592370986938477,22.39
15.906360626220703,19.28
10.70397663116455,12.6
5.437255859375,2.63
1.862463116645813,1.14
1.1609565019607544,0.9000000000000001
0.8187042474746704,0.21
0.48052555322647095,0.0
0.3803664743900299,0.0
0.33354198932647705,0.0
0.27488842606544495,0.0
0.21780766546726227,0.0
0.15416759252548218,0.0
0.09607095271348953,0.0
0.03199782222509384,0.0
0.0,0.0
0.0,0.0
0.0,0.0
0.0,0.0
0.0,0.0
0.0,0.0
0.0,0.0
0.0,0.0
0.0,0.0
0.0,0.0
0.0,0.0
0.0,0.0
0.0,0.0
0.0,0.0
0.0,0.0
0.0,0.0
0.0,0.0
0.0,0.0
0.0,0.0
0.0,0.0
0.0,0.0
0.0,0.0
0.0,0.0
0.0,0.0
0.0,0.0
0.0,0.0
0.0,0.0
0.0,0.0
0.0,0.0
0.0,0.0
0.0,0.0
0.0,0.0
0.0,0.0
0.0,0.0
0.025283731520175934,0.0
0.11505261063575745,0.0
0.2053048461675644,0.0
0.28696563839912415,0.0
0.3589421510696411,0.0
0.4535036087036133,0.0
0.5532789826393127,0.0
0.6826812624931335,0.0
0.8243728280067444,0.0
0.9465692639350891,0.0
1.070235252380371,0.0
1.1890130043029785,0.0
1.2775905132293701,0.0
1.2667431831359863,0.0
1.1816561222076416,0.0
0.967388391494751,0.0
0.7760713696479797,0.0
1.3494994640350342,0.0
2.2688651084899902,0.33
3.5926260948181152,1.67
4.785671234130859,3.05
4.801772117614746,6.950000000000001
6.28718376159668,7.19
7.297063827514648,6.2
9.167373657226562,7.5
12.37759017944336,8.15
15.24079418182373,14.37
17.22121238708496,26.02
16.23931884765625,15.010000000000002
12.918463706970215,13.750000000000002
14.0415620803833,17.67
15.811237335205078,12.35
18.05965805053711,18.75
22.671293258666992,26.08
26.016681671142578,27.63
27.617204666137695,25.009999999999998
28.979694366455078,31.04
32.170387268066406,33.11
32.32276916503906,33.21
30.799345016479492,33.05
27.691650390625,33.71
24.53778076171875,29.630000000000003
21.001686096191406,21.33
18.293926239013672,16.81
18.75825309753418,17.09
19.890892028808594,23.18
19.93654441833496,23.0
16.970491409301758,17.52
12.89519214630127,14.11
9.623624801635742,11.3
6.438467025756836,6.05
3.51246976852417,3.81
1.9044101238250732,1.95
0.774337649345398,0.35
0.17085057497024536,0.0
0.02886895090341568,0.0
0.0,0.0
0.0,0.0
0.0,0.0
0.0,0.0
0.0,0.0
0.0,0.0
0.0,0.0
0.0,0.0
0.0,0.0
0.0,0.0
0.0,0.0
0.0,0.0
0.0,0.0
0.0,0.0
0.0,0.0
0.0,0.0
0.0,0.0
0.0,0.0
0.0,0.0
0.0,0.0
0.0,0.0
0.0,0.0
0.0,0.0
0.0,0.0
0.0,0.0
0.0,0.0
0.0,0.0
0.0,0.0
0.0,0.0
0.0,0.0
0.0,0.0
0.0,0.0
0.0,0.0
0.0,0.0
0.0,0.0
0.0,0.0
0.0,0.0
0.0,0.0
0.0,0.0
0.0,0.0
0.0,0.0
0.0,0.0
0.0,0.0
0.0,0.0
0.08281264454126358,0.0
0.19767507910728455,0.0
0.32268035411834717,0.0
0.43329837918281555,0.0
0.5471095442771912,0.0
0.6633972525596619,0.0
0.7183551788330078,0.0
0.5084164142608643,0.0
0.13438370823860168,0.0
0.0,0.0
0.0,0.0
0.0,0.0
0.4531545639038086,0.27
2.9193480014801025,1.96
6.780815124511719,5.14
11.782402038574219,8.66
17.435291290283203,16.91
23.28969383239746,22.78
27.58272361755371,26.640000000000004
30.94696044921875,29.93
33.69335174560547,32.73
35.93538284301758,35.06
37.79094696044922,37.09
39.34805679321289,38.73
40.62485885620117,40.19
41.700225830078125,41.39
42.61044692993164,42.66
43.306602478027344,43.65
43.749454498291016,44.15
43.9144401550293,44.68
43.88734817504883,45.09
43.60255813598633,45.07
42.87831497192383,44.69
42.050025939941406,44.16
41.060482025146484,43.26
39.86021423339844,42.52
38.511688232421875,41.58
36.96686553955078,40.21
35.31598663330078,38.55
33.768768310546875,36.69
32.40458679199219,34.64
30.579349517822266,32.41
27.99635887145996,29.770000000000003
24.478471755981445,26.74
20.07616424560547,23.19
14.952781677246094,17.6
9.574106216430664,9.66
4.981483459472656,5.25
2.3242361545562744,2.38
0.7641820311546326,0.35
0.0,0.0
0.0,0.0
0.0,0.0
0.0,0.0
0.0,0.0
0.0,0.0
0.0,0.0
0.0,0.0
0.0,0.0
0.0,0.0
0.0,0.0
0.0,0.0
0.0,0.0
0.0,0.0
0.0,0.0
0.0,0.0
0.0,0.0
0.0,0.0
0.0,0.0
0.0,0.0
0.0,0.0
0.0,0.0
0.0,0.0
0.0,0.0
0.0,0.0
0.0,0.0
0.0,0.0
0.0,0.0
0.0,0.0
0.0,0.0
0.0,0.0
0.0,0.0
0.0,0.0
0.0,0.0
0.0,0.0
0.0,0.0
0.0,0.0
0.0,0.0
0.0,0.0
0.0,0.0
0.0,0.0
0.0,0.0
0.0,0.0
0.0,0.0
0.0,0.0
0.0,0.0
0.10114945471286774,0.0
0.2296091914176941,0.0
0.3602057695388794,0.0
0.49006715416908264,0.0
0.6165550947189331,0.0
0.7396820783615112,0.0
0.8392764925956726,0.0
0.6467774510383606,0.0
0.264537513256073,0.0
0.0,0.0
0.0,0.0
0.0,0.0
0.7163859605789185,0.19
3.1309821605682373,1.79
6.827767372131348,5.12
11.601480484008789,8.34
16.992156982421875,16.35
22.89055824279785,22.59
26.895404815673828,26.31
30.051681518554688,29.37
32.76814651489258,31.759999999999998
35.025081634521484,34.06
36.94540786743164,36.07
38.629886627197266,37.96
40.046844482421875,39.55
41.183990478515625,40.54
42.27085876464844,41.93
43.54951858520508,43.24
43.78521728515625,44.01
42.36037826538086,44.26
38.20819854736328,44.41
32.998714447021484,42.51
27.693214416503906,32.53
23.764619827270508,18.71
23.523143768310547,20.39
27.760141372680664,23.25
32.054439544677734,37.98
35.40314483642578,39.51
34.351844787597656,37.54
32.58474349975586,35.18
31.073083877563477,33.13
29.20779037475586,30.9
26.55514144897461,28.22
23.002582550048828,25.31
18.62103843688965,21.53
13.573500633239746,15.8
8.458711624145508,8.45
4.282052516937256,4.43
1.9412604570388794,1.9
0.6157398223876953,0.19
0.0034883618354797363,0.0
0.0,0.0
0.0,0.0
0.0,0.0
0.0,0.0
0.0,0.0
0.0,0.0
0.0,0.0
0.0,0.0
0.0,0.0
0.0,0.0
0.0,0.0
0.0,0.0
0.0,0.0
0.0,0.0
0.0,0.0
0.0,0.0
0.0,0.0
0.0,0.0
0.0,0.0
0.0,0.0
0.0,0.0
0.0,0.0
0.0,0.0
0.0,0.0
0.0,0.0
0.0,0.0
0.0,0.0
0.0,0.0
0.0,0.0
0.0,0.0
0.0,0.0
0.0,0.0
0.0,0.0
0.0,0.0
0.0,0.0
0.0,0.0
0.0,0.0
0.0,0.0
0.0,0.0
0.0,0.0
0.0,0.0
0.0,0.0
0.0,0.0
0.06332602351903915,0.0
0.1856725662946701,0.0
0.30888450145721436,0.0
0.4403741955757141,0.0
0.572128415107727,0.0
0.7057077884674072,0.0
0.8458383083343506,0.0
0.9871221780776978,0.0
1.1056808233261108,0.0
1.1730504035949707,0.0
0.9132494926452637,0.0
0.36959871649742126,0.0
0.0,0.0
0.0,0.0
0.0,0.02
1.60847806930542,0.48
4.981876373291016,3.71
9.690896987915039,6.9
14.878527641296387,14.000000000000002
20.47373390197754,20.7
24.701038360595703,24.38
27.810129165649414,27.36
30.44955062866211,29.92
32.73881530761719,32.25
34.692840576171875,34.35
36.54961013793945,36.07
38.35430145263672,37.59
39.63084411621094,38.78
40.265892028808594,39.5
40.083560943603516,40.15
37.76337814331055,40.63
32.86809539794922,33.2
25.6382999420166,25.180000000000003
19.005329132080078,21.31
13.197447776794434,13.79
7.365033149719238,6.370000000000001
3.1864256858825684,2.12
1.0595448017120361,0.4
0.23932886123657227,0.05
0.05258582532405853,0.0
0.0,0.0
0.0,0.0
0.0,0.0
0.0,0.0
0.0,0.0
0.0,0.0
0.0,0.0
0.0,0.0
0.0,0.0
0.0,0.0
0.0,0.0
0.0,0.0
0.0,0.0
0.0,0.0
0.0,0.0
0.0,0.0
0.0,0.0
0.0,0.0
0.0,0.0
0.0,0.0
0.0,0.0
0.0,0.0
0.0,0.0
0.0,0.0
0.0,0.0
0.0,0.0
0.0,0.0
0.0,0.0
0.0,0.0
0.0,0.0
0.0,0.0
0.0,0.0
0.0,0.0
0.0,0.0
0.0,0.0
0.0,0.0
0.0,0.0
0.0,0.0
0.0,0.0
0.0,0.0
0.0,0.0
0.0,0.0
0.0,0.0
0.09393841028213501,0.0
0.21632033586502075,0.0
0.33798423409461975,0.0
0.4694666862487793,0.0
0.5967451333999634,0.0
0.7266601324081421,0.0
0.8502731919288635,0.0
0.9695677161216736,0.0
1.0742706060409546,0.0
1.0942754745483398,0.0
0.9777923822402954,0.0
1.0475891828536987,0.0
1.203194499015808,0.0
1.4192898273468018,0.0
1.6418308019638062,0.14
1.8143914937973022,0.9899999999999999
2.112567663192749,1.8500000000000003
2.934997797012329,2.11
4.175802230834961,2.86
5.734472751617432,4.1
7.605409622192383,6.4399999999999995
9.532995223999023,10.31
10.97088623046875,12.78
11.001282691955566,10.18
10.226093292236328,11.16
11.00561809539795,12.8
11.3619384765625,14.42
12.770297050476074,14.34
14.786537170410156,14.790000000000001
17.342134475708008,17.93
20.7074031829834,21.73
23.184734344482422,22.43
24.77739906311035,27.750000000000004
26.123058319091797,27.52
25.952211380004883,25.239999999999995
24.679943084716797,25.869999999999997
22.32517433166504,23.75
19.730636596679688,21.68
16.599946975708008,20.59
13.197426795959473,14.88
11.941349029541016,12.64
11.374560356140137,12.509999999999998
12.7611083984375,15.45
14.176567077636719,13.600000000000001
14.673991203308105,14.77
14.82347297668457,17.26
13.228741645812988,10.07
10.0492582321167,13.79
7.944114685058594,6.63
4.034881591796875,3.37
1.928816556930542,1.19
0.7139111161231995,0.14
0.21660886704921722,0.0
0.10404717177152634,0.0
0.04224814474582672,0.0
0.0,0.0
0.0,0.0
0.0,0.0
0.0,0.0
0.0,0.0
0.0,0.0
0.0,0.0
0.0,0.0
0.0,0.0
0.0,0.0
0.0,0.0
0.0,0.0
0.0,0.0
0.0,0.0
0.0,0.0
0.0,0.0
0.0,0.0
0.0,0.0
0.0,0.0
0.0,0.0
0.0,0.0
0.0,0.0
0.0,0.0
0.0,0.0
0.0,0.0
0.0,0.0
0.0,0.0
0.0,0.0
0.0,0.0
0.0,0.0
0.0,0.0
0.0,0.0
0.0,0.0
0.0,0.0
0.0,0.0
0.0,0.0
0.0,0.0
0.0,0.0
0.0,0.0
0.0,0.0
0.0,0.0
0.057966820895671844,0.0
0.16776248812675476,0.0
0.2939620912075043,0.0
0.422213613986969,0.0
0.5463724732398987,0.0
0.6675040125846863,0.0
0.7927491068840027,0.0
0.9145351052284241,0.0
1.0233711004257202,0.0
1.0494781732559204,0.0
0.9157145619392395,0.0
0.6656553745269775,0.0
0.30948054790496826,0.0
0.0,0.0
0.04389770328998566,0.12
1.1332261562347412,0.88
3.3420369625091553,2.43
6.593451023101807,4.6
10.715601921081543,8.88
15.481413841247559,15.53
20.032974243164062,19.83
23.410480499267578,22.98
26.196807861328125,25.629999999999995
28.616592407226562,27.97
30.74247169494629,30.159999999999997
32.62358474731445,32.11
34.15216064453125,33.63
35.317745208740234,34.96
36.10493087768555,36.03
36.167327880859375,36.92
35.539276123046875,36.67
34.168418884277344,35.69
32.80752182006836,34.58
31.347259521484375,32.9
29.878021240234375,30.73
28.16524887084961,28.720000000000002
25.77073860168457,26.08
22.65642547607422,23.05
18.90007781982422,19.62
14.690534591674805,15.8
10.314173698425293,10.5
6.220324516296387,5.47
3.204421281814575,2.61
1.4868890047073364,1.12
0.5795849561691284,0.14
0.15173405408859253,0.0
0.05887746810913086,0.0
0.0,0.0
0.0,0.0
0.0,0.0
0.0,0.0
0.0,0.0
0.0,0.0
0.0,0.0
0.0,0.0
0.0,0.0
0.0,0.0
0.0,0.0
0.0,0.0
0.0,0.0
0.0,0.0
0.0,0.0
0.0,0.0
0.0,0.0
0.0,0.0
0.0,0.0
0.0,0.0
0.0,0.0
0.0,0.0
0.0,0.0
0.0,0.0
0.0,0.0
0.0,0.0
0.0,0.0
0.0,0.0
0.0,0.0
0.0,0.0
0.0,0.0
0.0,0.0
0.0,0.0
0.0,0.0
0.0,0.0
0.0,0.0
0.0,0.0
0.0,0.0
0.0,0.0
0.0,0.0
0.0,0.0
0.0,0.0
0.01935325562953949,0.0
0.14786478877067566,0.0
0.2631602883338928,0.0
0.38492438197135925,0.0
0.5008803606033325,0.0
0.629726231098175,0.0
0.7629947066307068,0.0
0.8923450708389282,0.0
1.0033328533172607,0.0
1.0318835973739624,0.0
0.8726478815078735,0.0
0.5928173661231995,0.0
0.25281664729118347,0.0
0.0,0.0
0.2432638704776764,0.1
1.4604932069778442,0.8199999999999998
3.803257703781128,2.63
7.195883750915527,4.97
11.202483177185059,9.2
16.19815444946289,16.13
21.133106231689453,20.52
25.128826141357422,23.94
28.249927520751953,26.839999999999996
30.659151077270508,29.39
32.25748062133789,35.4
32.73452377319336,33.36
31.468347549438477,31.319999999999997
29.41196632385254,28.95
26.043298721313477,26.08
21.542015075683594,22.87
16.25356101989746,17.87
10.598784446716309,11.07
5.5454421043396,4.19
2.1341958045959473,1.24
0.7961016893386841,0.54
0.3754289746284485,0.03
0.15835314989089966,0.0
0.09906981140375137,0.0
0.0390954315662384,0.0
0.0,0.0
0.0,0.0
0.0,0.0
0.0,0.0
0.0,0.0
0.0,0.0
0.0,0.0
0.0,0.0
0.0,0.0
0.0,0.0
0.0,0.0
0.0,0.0
0.0,0.0
0.0,0.0
0.0,0.0
0.0,0.0
0.0,0.0
0.0,0.0
0.0,0.0
0.0,0.0
0.0,0.0
0.0,0.0
0.0,0.0
0.0,0.0
0.0,0.0
0.0,0.0
0.0,0.0
0.0,0.0
0.0,0.0
0.0,0.0
0.0,0.0
0.0,0.0
0.0,0.0
0.0,0.0
0.0,0.0
0.0,0.0
0.0,0.0
0.0,0.0
0.0,0.0
0.0,0.0
0.0,0.0
0.0,0.0
0.04713926464319229,0.0
0.16380903124809265,0.0
0.29885339736938477,0.0
0.42186546325683594,0.0
0.5416134595870972,0.0
0.6664307713508606,0.0
0.7852041125297546,0.0
0.8982940316200256,0.0
0.9775364995002747,0.0
0.9995114803314209,0.0
0.9598692655563354,0.0
0.8984105587005615,0.0
0.9833138585090637,0.0
1.0508968830108643,0.0
0.4874548017978668,0.21
0.8960652351379395,0.95
0.8573763966560364,1.9799999999999998
2.0887601375579834,3.09
4.685342788696289,3.45
8.887258529663086,6.35
14.93412971496582,17.34
21.369192123413086,14.859999999999998
24.82398223876953,27.13
27.292022705078125,29.330000000000002
26.776960372924805,31.64
26.099288940429688,29.23
25.38636016845703,21.47
25.940275192260742,20.46
29.316913604736328,27.029999999999998
32.924991607666016,38.62
34.288509368896484,37.51
32.611595153808594,34.17
30.937585830688477,30.630000000000003
30.132537841796875,32.83
29.932296752929688,30.709999999999997
28.22791290283203,28.7
25.820404052734375,26.239999999999995
22.672718048095703,23.3
18.852296829223633,19.7
14.511902809143066,15.64
10.086048126220703,10.16
6.03615140914917,5.35
3.1283795833587646,2.77
1.4578032493591309,1.05
0.507314145565033,0.12
0.1049041748046875,0.0
0.015787407755851746,0.0
0.0,0.0
0.0,0.0
0.0,0.0
0.0,0.0
0.0,0.0
0.0,0.0
0.0,0.0
0.0,0.0
0.0,0.0
0.0,0.0
0.0,0.0
0.0,0.0
0.0,0.0
0.0,0.0
0.0,0.0
0.0,0.0
0.0,0.0
0.0,0.0
0.0,0.0
0.0,0.0
0.0,0.0
0.0,0.0
0.0,0.0
0.0,0.0
0.0,0.0
0.0,0.0
0.0,0.0
0.0,0.0
0.0,0.0
0.0,0.0
0.0,0.0
0.0,0.0
0.0,0.0
0.0,0.0
0.0,0.0
0.0,0.0
0.0,0.0
0.0,0.0
0.0,0.0
0.0,0.0
0.0,0.0
0.0,0.0
0.014795921742916107,0.0
0.13436543941497803,0.0
0.2565847635269165,0.0
0.3793880343437195,0.0
0.5026208162307739,0.0
0.6284175515174866,0.0
0.7534031867980957,0.0
0.8758970499038696,0.0
0.9906483888626099,0.0
1.0653762817382812,0.0
0.9782158732414246,0.0
0.7845968008041382,0.0
0.5201511383056641,0.0
0.05796551704406738,0.0
0.0,0.0
0.8967881798744202,0.43
2.894130229949951,1.87
5.855480194091797,3.45
8.729974746704102,6.68
12.254433631896973,12.97
15.738810539245605,18.19
18.389923095703125,18.43
20.833219528198242,20.13
23.970321655273438,19.42
27.316993713378906,29.18
30.375761032104492,30.15
30.769882202148438,31.679999999999996
30.986127853393555,32.51
30.539512634277344,29.94
30.65391731262207,31.78
31.44121742248535,29.5
31.170141220092773,32.36
30.79513931274414,32.05
29.67251205444336,30.55
27.066606521606445,31.66
24.542545318603516,24.84
22.65572166442871,22.03
22.317270278930664,24.99
23.29047393798828,24.07
21.92801856994629,20.24
21.156923294067383,26.82
20.836524963378906,20.5
17.431804656982422,16.97
15.572434425354004,16.39
13.876697540283203,12.04
11.739188194274902,15.64
10.038653373718262,9.43
6.302926063537598,5.96
4.049355506896973,3.83
2.4605553150177,2.01
1.318500280380249,1.11
0.6582420468330383,0.25
0.24987421929836273,0.0
0.15191324055194855,0.0
0.09695719927549362,0.0
0.03438480198383331,0.0
0.0,0.0
0.0,0.0
0.0,0.0
0.0,0.0
0.0,0.0
0.0,0.0
0.0,0.0
0.0,0.0
0.0,0.0
0.0,0.0
0.0,0.0
0.0,0.0
0.0,0.0
0.0,0.0
0.0,0.0
0.0,0.0
0.0,0.0
0.0,0.0
0.0,0.0
0.0,0.0
0.0,0.0
0.0,0.0
0.0,0.0
0.0,0.0
0.0,0.0
0.0,0.0
0.0,0.0
0.0,0.0
0.0,0.0
0.0,0.0
0.0,0.0
0.0,0.0
0.0,0.0
0.0,0.0
0.0,0.0
0.0,0.0
0.0,0.0
0.0,0.0
0.0,0.0
0.0,0.0
0.0,0.0
0.08036233484745026,0.0
0.18459689617156982,0.0
0.3041815161705017,0.0
0.4341296851634979,0.0
0.5539480447769165,0.0
0.670460045337677,0.0
0.7857236862182617,0.0
0.8974881768226624,0.0
0.9800035357475281,0.0
1.0126286745071411,0.0
1.0219968557357788,0.0
1.0498355627059937,0.0
1.1609933376312256,0.0
1.390799641609192,0.0
1.7810606956481934,0.21
2.3343188762664795,0.86
2.6523497104644775,1.6
1.3020557165145874,2.34
0.057616084814071655,2.8
0.6315292716026306,3.0
3.120152235031128,3.2
8.24691390991211,3.45
14.62287712097168,7.180000000000001
22.2882137298584,23.31
30.716144561767578,32.46
32.98295593261719,34.13
32.698280334472656,33.53
30.87919044494629,18.1
27.976978302001953,34.54
25.914085388183594,38.1
18.891916275024414,14.64
13.263845443725586,20.46
15.056321144104004,12.1
15.608360290527344,10.84
18.965015411376953,17.37
21.165531158447266,29.49
20.79766845703125,24.49
15.040722846984863,16.73
10.115988731384277,9.76
9.080791473388672,10.19
10.294358253479004,11.68
11.488258361816406,13.94
11.634566307067871,8.75
10.875090599060059,13.29
10.7483491897583,11.96
7.876224994659424,7.739999999999999
4.988223552703857,4.96
2.8720152378082275,2.48
1.377147912979126,0.88
0.5808694362640381,0.07
0.2809882164001465,0.0
0.23879669606685638,0.0
0.1975707709789276,0.0
0.1409783959388733,0.0
0.07885321974754333,0.0
0.0,0.0
0.0,0.0
0.0,0.0
0.0,0.0
0.0,0.0
0.0,0.0
0.0,0.0
0.0,0.0
0.0,0.0
0.0,0.0
0.0,0.0
0.0,0.0
0.0,0.0
0.0,0.0
0.0,0.0
0.0,0.0
0.0,0.0
0.0,0.0
0.0,0.0
0.0,0.0
0.0,0.0
0.0,0.0
0.0,0.0
0.0,0.0
0.0,0.0
0.0,0.0
0.0,0.0
0.0,0.0
0.0,0.0
0.0,0.0
0.0,0.0
0.0,0.0
0.0,0.0
0.0,0.0
0.0,0.0
0.0,0.0
0.0,0.0
0.0,0.0
0.0,0.0
0.04613380879163742,0.0
0.16147568821907043,0.0
0.2795230746269226,0.0
0.39811787009239197,0.0
0.514733612537384,0.0
0.6334919333457947,0.0
0.7584818601608276,0.0
0.8789042830467224,0.0
0.9893298149108887,0.0
1.0403016805648804,0.0
1.0600483417510986,0.0
1.0603244304656982,0.0
1.0264530181884766,0.0
1.0538491010665894,0.0
1.2634238004684448,0.05
1.4810798168182373,0.55
1.9796268939971924,0.95
2.6201329231262207,2.09
4.002437114715576,3.42
5.449743747711182,3.8599999999999994
7.105879306793213,5.92
9.308758735656738,9.8
11.382972717285156,10.63
12.762598991394043,13.98
13.551137924194336,13.28
13.986873626708984,14.09
15.07164192199707,16.12
15.809196472167969,15.740000000000002
15.260948181152344,15.289999999999997
14.182005882263184,14.48
13.471071243286133,17.59
12.784012794494629,15.879999999999999
11.92041301727295,11.18
12.353272438049316,13.05
14.64567756652832,14.63
16.4939022064209,19.37
18.094999313354492,19.41
17.77043914794922,19.01
17.129629135131836,18.22
16.514379501342773,17.09
15.586772918701172,16.75
14.718480110168457,15.98
13.268319129943848,12.98
11.411237716674805,11.65
9.871705055236816,10.42
8.035013198852539,8.33
6.043205261230469,6.54
4.265964984893799,3.7800000000000002
2.668144941329956,2.46
1.7346441745758057,1.54
1.0462878942489624,0.55
0.565211832523346,0.01
0.3649618625640869,0.0
0.3236290216445923,0.0
0.2625085413455963,0.0
0.2012537717819214,0.0
0.14263950288295746,0.0
0.0800885260105133,0.0
0.016397610306739807,0.0
0.0,0.0
0.0,0.0
0.0,0.0
0.0,0.0
0.0,0.0
0.0,0.0
0.0,0.0
0.0,0.0
0.0,0.0
0.0,0.0
0.0,0.0
0.0,0.0
0.0,0.0
0.0,0.0
0.0,0.0
0.0,0.0
0.0,0.0
0.0,0.0
0.0,0.0
0.0,0.0
0.0,0.0
0.0,0.0
0.0,0.0
0.0,0.0
0.0,0.0
0.0,0.0
0.0,0.0
0.0,0.0
0.0,0.0
0.0,0.0
0.0,0.0
0.0,0.0
0.0,0.0
0.0,0.0
0.0,0.0
0.0,0.0
0.0,0.0
0.0,0.0
0.12108031660318375,0.0
0.24180319905281067,0.0
0.3574579954147339,0.0
0.47385525703430176,0.0
0.5810285210609436,0.0
0.696844220161438,0.0
0.8156196475028992,0.0
0.928009033203125,0.0
1.0254077911376953,0.0
1.066306471824646,0.0
1.0629246234893799,0.0
1.0830531120300293,0.0
1.1337305307388306,0.0
1.3975409269332886,0.0
1.8691761493682861,0.07
2.4103920459747314,0.8
2.822106122970581,1.58
2.93819522857666,2.08
3.1310172080993652,3.03
3.2315149307250977,2.52
3.502718448638916,2.44
3.989541530609131,2.78
4.580972194671631,5.4
5.28194522857666,8.08
7.026841640472412,7.48
9.450181007385254,10.03
13.144525527954102,11.45
17.15493392944336,16.87
21.438257217407227,22.52
23.647069931030273,27.32
23.161161422729492,21.37
22.17949676513672,28.139999999999997
24.746463775634766,25.45
24.284704208374023,25.569999999999997
24.27475357055664,22.39
24.676467895507812,28.449999999999996
26.55898094177246,28.51
26.048124313354492,32.53
26.284481048583984,24.58
26.10843849182129,26.450000000000003
28.224313735961914,29.68
28.644868850708008,30.48
26.9097900390625,27.61
23.505996704101562,24.53
19.420570373535156,20.85
14.806832313537598,16.07
10.058428764343262,9.63
5.887235164642334,5.28
3.1761598587036133,2.76
1.5502138137817383,0.9899999999999999
0.600937008857727,0.08
0.21674595773220062,0.0
0.14523714780807495,0.0
0.09238440543413162,0.0
0.03277584910392761,0.0
0.0,0.0
0.0,0.0
0.0,0.0
0.0,0.0
0.0,0.0
0.0,0.0
0.0,0.0
0.0,0.0
0.0,0.0
0.0,0.0
0.0,0.0
0.0,0.0
0.0,0.0
0.0,0.0
0.0,0.0
0.0,0.0
0.0,0.0
0.0,0.0
0.0,0.0
0.0,0.0
0.0,0.0
0.0,0.0
0.0,0.0
0.0,0.0
0.0,0.0
0.0,0.0
0.0,0.0
0.0,0.0
0.0,0.0
0.0,0.0
0.0,0.0
0.0,0.0
0.0,0.0
0.0,0.0
0.0,0.0
0.0,0.0
0.0,0.0
0.0,0.0
0.0,0.0
0.0,0.0
0.0,0.0
0.0,0.0
0.10396093130111694,0.0
0.23030546307563782,0.0
0.35957658290863037,0.0
0.481222003698349,0.0
0.5805343389511108,0.0
0.6833264827728271,0.0
0.8170442581176758,0.0
0.8908547163009644,0.0
0.6504220962524414,0.0
0.2463012933731079,0.0
0.0,0.0
0.0,0.0
0.0,0.0
0.9606594443321228,0.36
2.6703107357025146,2.13
6.285682201385498,5.07
11.446924209594727,7.76
17.72386932373047,14.46
24.728601455688477,21.6
30.660512924194336,25.509999999999998
34.859256744384766,39.35
36.446224212646484,38.21
34.97151565551758,36.81
33.59687042236328,35.42
32.521236419677734,33.92
31.257415771484375,31.759999999999998
28.957456588745117,29.62
25.892234802246094,27.060000000000002
21.89961814880371,23.72
16.942962646484375,18.57
11.545595169067383,11.03
6.6887431144714355,6.23
3.547790288925171,3.38
1.5839289426803589,0.72
0.40235891938209534,0.0
0.10854862630367279,0.0
0.08882805705070496,0.0
0.05432832986116409,0.0
0.01871008425951004,0.0
0.0,0.0
0.0,0.0
0.0,0.0
0.0,0.0
0.0,0.0
0.0,0.0
0.0,0.0
0.0,0.0
0.0,0.0
0.0,0.0
0.0,0.0
0.0,0.0
0.0,0.0
0.0,0.0
0.0,0.0
0.0,0.0
0.0,0.0
0.0,0.0
0.0,0.0
0.0,0.0
0.0,0.0
0.0,0.0
0.0,0.0
0.0,0.0
0.0,0.0
0.0,0.0
0.0,0.0
0.0,0.0
0.0,0.0
0.0,0.0
0.0,0.0
0.0,0.0
0.0,0.0
0.0,0.0
0.0,0.0
0.0,0.0
0.0,0.0
0.0,0.0
0.0,0.0
0.0,0.0
0.0,0.0
0.048340484499931335,0.0
0.16796104609966278,0.0
0.30034297704696655,0.0
0.4390813410282135,0.0
0.5631304979324341,0.0
0.6934435963630676,0.0
0.8315681219100952,0.0
0.9704055190086365,0.0
1.0373212099075317,0.0
0.9049253463745117,0.0
0.5485180616378784,0.0
0.1739010214805603,0.0
0.0,0.0
0.0,0.0
0.5309460759162903,0.38
2.654052972793579,1.66
5.516384601593018,4.39
9.919198036193848,7.08
15.52567195892334,13.269999999999998
22.047683715820312,20.58
28.091270446777344,24.84
32.67668151855469,27.83
36.287025451660156,39.88
37.55128860473633,39.08
36.28264236450195,38.29
34.909664154052734,37.05
33.58904266357422,35.57
32.553558349609375,33.91
31.196365356445312,31.900000000000002
28.811792373657227,29.580000000000002
25.51112174987793,26.71
21.2985897064209,23.27
16.381914138793945,17.95
11.10853099822998,10.53
6.4631571769714355,5.98
3.5254061222076416,3.2099999999999995
1.6817138195037842,1.02
0.5739761590957642,0.08
0.143751323223114,0.0
0.05525518208742142,0.0
0.0,0.0
0.0,0.0
0.0,0.0
0.0,0.0
0.0,0.0
0.0,0.0
0.0,0.0
0.0,0.0
0.0,0.0
0.0,0.0
0.0,0.0
0.0,0.0
0.0,0.0
0.0,0.0
0.0,0.0
0.0,0.0
0.0,0.0
0.0,0.0
0.0,0.0
0.0,0.0
0.0,0.0
0.0,0.0
0.0,0.0
0.0,0.0
0.0,0.0
0.0,0.0
0.0,0.0
0.0,0.0
0.0,0.0
0.0,0.0
0.0,0.0
0.0,0.0
0.0,0.0
0.0,0.0
0.0,0.0
0.0,0.0
0.0,0.0
0.0,0.0
0.0,0.0
0.0,0.0
0.0,0.0
0.0,0.0
0.046552158892154694,0.0
0.1737317144870758,0.0
0.2970600426197052,0.0
0.4177860915660858,0.0
0.5499402284622192,0.0
0.6894001960754395,0.0
0.8299930095672607,0.0
0.9608083367347717,0.0
1.0948610305786133,0.0
1.1801998615264893,0.0
1.117297887802124,0.0
1.012772560119629,0.0
0.9322758913040161,0.0
0.715066134929657,0.0
0.33092164993286133,0.0
0.5032161474227905,0.37
1.740864634513855,1.11
3.8395776748657227,3.02
6.9749579429626465,4.02
11.009102821350098,9.88
16.243993759155273,17.41
20.639726638793945,20.96
23.694461822509766,20.36
26.554349899291992,27.029999999999998
30.364959716796875,29.68
32.24907302856445,31.980000000000004
33.99056625366211,33.83
35.36192321777344,35.3
36.488670349121094,36.59
37.29226303100586,37.62
37.81517028808594,38.16
38.222930908203125,38.56
38.465484619140625,38.81
37.97297668457031,38.78
37.004547119140625,38.79
35.757102966308594,38.59
34.39258575439453,37.99
32.692535400390625,33.24
31.192419052124023,29.74
31.002944946289062,35.06
31.78899383544922,33.54
30.732091903686523,31.77
29.03169059753418,29.79
26.68214225769043,27.49
23.465333938598633,24.72
19.47238540649414,21.18
14.876023292541504,16.15
10.094806671142578,9.36
5.9624762535095215,5.56
3.4244492053985596,3.15
1.7856389284133911,1.26
0.7538439631462097,0.16
0.2908322811126709,0.0
0.193106010556221,0.0
0.13887342810630798,0.0
0.09179115295410156,0.0
0.036343932151794434,0.0
0.0,0.0
0.0,0.0
0.0,0.0
0.0,0.0
0.0,0.0
0.0,0.0
0.0,0.0
0.0,0.0
0.0,0.0
0.0,0.0
0.0,0.0
0.0,0.0
0.0,0.0
0.0,0.0
0.0,0.0
0.0,0.0
0.0,0.0
0.0,0.0
0.0,0.0
0.0,0.0
0.0,0.0
0.0,0.0
0.0,0.0
0.0,0.0
0.0,0.0
0.0,0.0
0.0,0.0
0.0,0.0
0.0,0.0
0.0,0.0
0.0,0.0
0.0,0.0
0.0,0.0
0.0,0.0
0.0,0.0
0.0,0.0
0.0,0.0
0.0,0.0
0.04510171711444855,0.0
0.16559213399887085,0.0
0.28768759965896606,0.0
0.4219612181186676,0.0
0.5501095056533813,0.0
0.6739150881767273,0.0
0.8011897802352905,0.0
0.9390095472335815,0.0
1.0697742700576782,0.0
1.2056177854537964,0.0
1.2996704578399658,0.0
1.2043195962905884,0.0
0.9315319061279297,0.0
0.6306052207946777,0.0
0.2863967716693878,0.0
0.010382197797298431,0.0
0.4309214651584625,0.24
1.903228521347046,1.24
4.486020565032959,3.58
8.182287216186523,5.87
12.656049728393555,10.52
17.793495178222656,17.88
22.59742546081543,22.41
26.018539428710938,25.58
28.675355911254883,28.23
30.924325942993164,30.59
32.79664993286133,32.53
34.294986724853516,34.22
35.521446228027344,35.61
36.52945327758789,36.7
37.35739517211914,37.65
37.89936447143555,38.39
38.20280456542969,38.92
38.14153289794922,39.41
37.77758026123047,39.07
37.069435119628906,38.62
36.112770080566406,37.95
34.93645095825195,37.01
33.58331298828125,35.59
32.245628356933594,34.14
30.997556686401367,32.23
29.428598403930664,30.099999999999998
26.841772079467773,27.58
23.459491729736328,24.64
19.341798782348633,21.0
14.576746940612793,15.689999999999998
9.696304321289062,9.02
5.5925726890563965,5.18
3.0798990726470947,2.71
1.5012791156768799,0.78
0.594071090221405,0.01
0.2975026071071625,0.0
0.2504523992538452,0.0
0.19069594144821167,0.0
0.13637599349021912,0.0
0.07501356303691864,0.0
0.009498931467533112,0.0
0.0,0.0
0.0,0.0
0.0,0.0
0.0,0.0
0.0,0.0
0.0,0.0
0.0,0.0
0.0,0.0
0.0,0.0
0.0,0.0
0.0,0.0
0.0,0.0
0.0,0.0
0.0,0.0
0.0,0.0
0.0,0.0
0.0,0.0
0.0,0.0
0.0,0.0
0.0,0.0
0.0,0.0
0.0,0.0
0.0,0.0
0.0,0.0
0.0,0.0
0.0,0.0
0.0,0.0
0.0,0.0
0.0,0.0
0.0,0.0
0.0,0.0
0.0,0.0
0.0,0.0
0.0,0.0
0.0,0.0
0.0,0.0
0.0,0.0
0.0,0.0
0.07778964936733246,0.0
0.19795578718185425,0.0
0.32454338669776917,0.0
0.4470076560974121,0.0
0.5687845945358276,0.0
0.6914739608764648,0.0
0.8158777952194214,0.0
0.93439781665802,0.0
1.0645649433135986,0.0
1.1525076627731323,0.0
1.0941100120544434,0.0
0.8552455306053162,0.0
0.5375481843948364,0.0
0.19255447387695312,0.0
0.0,0.0
0.3493696451187134,0.19
1.8415546417236328,1.12
4.446498394012451,3.38
8.097878456115723,5.72
12.475740432739258,10.14
17.50497055053711,17.33
22.213668823242188,21.96
25.571895599365234,25.019999999999996
28.232351303100586,27.79
30.532297134399414,30.12
32.50654220581055,32.19
34.50321578979492,33.82
36.206565856933594,35.44
37.50887680053711,36.8
38.24055099487305,37.75
38.06414794921875,38.41
36.86285400390625,38.56
34.2432746887207,33.75
31.741893768310547,32.53
28.95064353942871,30.079999999999995
24.997516632080078,24.66
20.156997680664062,21.07
15.398216247558594,15.659999999999998
10.413214683532715,9.06
6.1620378494262695,5.11
3.4434146881103516,2.71
1.689252257347107,0.8
0.610668420791626,0.01
0.23243409395217896,0.0
0.18934962153434753,0.0
0.1222517341375351,0.0
0.0617271289229393,0.0
0.00012181699275970459,0.0
0.0,0.0
0.0,0.0
0.0,0.0
0.0,0.0
0.0,0.0
0.0,0.0
0.0,0.0
0.0,0.0
0.0,0.0
0.0,0.0
0.0,0.0
0.0,0.0
0.0,0.0
0.0,0.0
0.0,0.0
0.0,0.0
0.0,0.0
0.0,0.0
0.0,0.0
0.0,0.0
0.0,0.0
0.0,0.0
0.0,0.0
0.0,0.0
0.0,0.0
0.0,0.0
0.0,0.0
0.0,0.0
0.0,0.0
0.0,0.0
0.0,0.0
0.0,0.0
0.0,0.0
0.0,0.0
0.0,0.0
0.0,0.0
0.0,0.0
0.0,0.0
0.0,0.0
0.01898687332868576,0.0
0.1421891152858734,0.0
0.27474480867385864,0.0
0.3977416157722473,0.0
0.5254952311515808,0.0
0.6496187448501587,0.0
0.7760494947433472,0.0
0.906541109085083,0.0
1.0321983098983765,0.0
1.1497581005096436,0.0
1.0896196365356445,0.0
0.9479348659515381,0.0
1.1345568895339966,0.0
1.2944854497909546,0.0
1.5878558158874512,0.0
1.6542024612426758,0.06
0.5894968509674072,0.8199999999999998
0.15861225128173828,1.52
1.1305516958236694,2.04
3.8714632987976074,3.53
8.270132064819336,4.0
14.787964820861816,8.88
22.61409568786621,22.88
27.756244659423828,29.17
28.98731231689453,31.34
27.526622772216797,26.899999999999995
24.5137996673584,28.07
22.187719345092773,17.29
18.380769729614258,20.19
16.43349266052246,19.09
11.829408645629883,9.86
6.5506696701049805,5.65
3.5071678161621094,2.73
1.5180721282958984,0.28
0.42634961009025574,0.0
0.2602245807647705,0.0
0.22234246134757996,0.0
0.1726815402507782,0.0
0.11882185935974121,0.0
0.07311739027500153,0.0
0.025857985019683838,0.0
0.0,0.0
0.0,0.0
0.0,0.0
0.0,0.0
0.0,0.0
0.0,0.0
0.0,0.0
0.0,0.0
0.0,0.0
0.0,0.0
0.0,0.0
0.0,0.0
0.0,0.0
0.0,0.0
0.0,0.0
0.0,0.0
0.0,0.0
0.0,0.0
0.0,0.0
0.0,0.0
0.0,0.0
0.0,0.0
0.0,0.0
0.0,0.0
0.0,0.0
0.0,0.0
0.0,0.0
0.0,0.0
0.0,0.0
0.0,0.0
0.0,0.0
0.0,0.0
0.0,0.0
0.0,0.0
0.0,0.0
0.0,0.0
0.029146671295166016,0.0
0.13398155570030212,0.0
0.2382000982761383,0.0
0.353753924369812,0.0
0.4903264343738556,0.0
0.6374433636665344,0.0
0.7832702398300171,0.0
0.9308413863182068,0.0
1.0727156400680542,0.0
1.2056893110275269,0.0
1.3156598806381226,0.0
1.3898574113845825,0.0
1.4785624742507935,0.0
1.5541746616363525,0.0
1.5948349237442017,0.0
1.6512396335601807,0.0
1.6692448854446411,0.0
1.7055619955062866,0.0
1.7537908554077148,0.04
1.921958088874817,0.19
2.202300786972046,0.58
2.5470235347747803,0.68
2.9087460041046143,1.34
3.4466564655303955,1.8500000000000003
3.861340045928955,2.51
4.174973964691162,2.56
4.252114772796631,2.95
4.208916664123535,3.49
4.073579788208008,3.4799999999999995
3.4771997928619385,2.83
3.5485432147979736,2.86
3.9212658405303955,2.62
3.9368271827697754,3.62
3.8925223350524902,3.93
3.4673209190368652,5.01
3.6382675170898438,5.04
4.2885212898254395,3.85
5.836179256439209,4.61
8.277697563171387,8.06
10.670563697814941,11.16
12.177605628967285,14.730000000000002
13.523372650146484,15.289999999999997
13.501063346862793,10.59
13.949084281921387,14.66
15.132169723510742,15.299999999999999
14.048172950744629,13.889999999999999
12.189245223999023,13.639999999999999
9.705124855041504,9.62
6.696149826049805,6.329999999999999
4.411245346069336,3.4099999999999997
2.9053473472595215,2.44
2.0936007499694824,1.77
1.4145680665969849,0.64
0.8543555736541748,0.03
0.6159376502037048,0.0
0.5461532473564148,0.0
0.4705497920513153,0.0
0.3955897092819214,0.0
0.3245018422603607,0.0
0.254386305809021,0.0
0.19163936376571655,0.0
0.12956243753433228,0.0
0.06549768149852753,0.0
0.0,0.0
0.0,0.0
0.0,0.0
0.0,0.0
0.0,0.0
0.0,0.0
0.0,0.0
0.0,0.0
0.0,0.0
0.0,0.0
0.0,0.0
0.0,0.0
0.0,0.0
0.0,0.0
0.0,0.0
0.0,0.0
0.0,0.0
0.0,0.0
0.0,0.0
0.0,0.0
0.0,0.0
0.0,0.0
0.0,0.0
0.0,0.0
0.0,0.0
0.0,0.0
0.0,0.0
0.0,0.0
0.0,0.0
0.0,0.0
0.0,0.0
0.0,0.0
0.0,0.0
0.0,0.0
0.00305958092212677,0.0
0.11934638023376465,0.0
0.24555474519729614,0.0
0.3667842745780945,0.0
0.5010027289390564,0.0
0.6343148946762085,0.0
0.7665096521377563,0.0
0.9069700837135315,0.0
1.0410034656524658,0.0
1.173772931098938,0.0
1.2869315147399902,0.0
1.3076698780059814,0.0
1.1880908012390137,0.0
0.9672777056694031,0.0
0.7177174091339111,0.0
0.41483527421951294,0.0
0.3755323588848114,0.1
1.0684499740600586,0.8100000000000002
2.7310750484466553,2.14
5.4359130859375,4.0
9.19844913482666,6.849999999999999
13.905622482299805,12.770000000000001
19.104244232177734,18.54
23.611652374267578,22.71
27.602684020996094,26.52
30.714115142822266,28.859999999999996
32.89211654663086,31.17
34.34435272216797,33.46
34.84162902832031,35.08
34.20573043823242,36.48
32.35663604736328,31.66
29.711252212524414,29.73
27.014347076416016,27.16
23.533157348632812,24.27
19.34353256225586,20.2
14.476821899414062,14.38
9.62374496459961,8.08
5.7194085121154785,4.64
3.299987316131592,2.38
1.7408314943313599,0.75
0.847017228603363,0.01
0.5327653288841248,0.0
0.482941597700119,0.0
0.42762550711631775,0.0
0.3663804531097412,0.0
0.29760318994522095,0.0
0.2271793782711029,0.0
0.1625126302242279,0.0
0.0889807939529419,0.0
0.018079392611980438,0.0
0.0,0.0
0.0,0.0
0.0,0.0
0.0,0.0
0.0,0.0
0.0,0.0
0.0,0.0
0.0,0.0
0.0,0.0
0.0,0.0
0.0,0.0
0.0,0.0
0.0,0.0
0.0,0.0
0.0,0.0
0.0,0.0
0.0,0.0
0.0,0.0
0.0,0.0
0.0,0.0
0.0,0.0
0.0,0.0
0.0,0.0
0.0,0.0
0.0,0.0
0.0,0.0
0.0,0.0
0.0,0.0
0.0,0.0
0.0,0.0
0.0,0.0
0.0,0.0
0.0,0.0
0.0,0.0
0.10265223681926727,0.0
0.22256243228912354,0.0
0.3412203788757324,0.0
0.465643972158432,0.0
0.5932390689849854,0.0
0.7201133370399475,0.0
0.8528650999069214,0.0
0.9819060564041138,0.0
1.113567590713501,0.0
1.2444190979003906,0.0
1.3622558116912842,0.0
1.4256561994552612,0.0
1.3984096050262451,0.0
1.1978509426116943,0.0
0.9288936853408813,0.0
0.6001886129379272,0.0
0.42268651723861694,0.04
0.9549859166145325,0.45999999999999996
2.403149127960205,1.96
4.9112091064453125,3.34
8.205134391784668,6.260000000000001
12.4434175491333,11.97
17.111778259277344,16.92
21.077022552490234,20.74
24.520235061645508,24.15
27.49394989013672,26.52
30.01961326599121,29.18
32.3267936706543,32.0
34.13295364379883,33.86
35.44004440307617,34.98
36.470924377441406,36.13
37.32107162475586,37.18
37.84762191772461,38.09
38.00407791137695,38.24
37.832096099853516,38.38
37.33513641357422,38.22
36.918426513671875,37.53
36.26397705078125,36.73
35.500152587890625,36.45
34.56418228149414,35.64
33.125831604003906,34.23
31.51906967163086,32.67
29.92563819885254,30.69
28.092044830322266,28.59
25.106489181518555,24.38
21.536869049072266,21.83
17.96494483947754,19.22
13.699872970581055,13.639999999999999
9.071657180786133,7.470000000000001
5.411952495574951,4.37
3.2267954349517822,2.34
1.7736338376998901,0.8500000000000001
0.900022029876709,0.03
0.5415366888046265,0.0
0.4759814739227295,0.0
0.4081211984157562,0.0
0.3368005156517029,0.0
0.27680063247680664,0.0
0.21477080881595612,0.0
0.1564444899559021,0.0
0.09637828916311264,0.0
0.031368061900138855,0.0
0.0,0.0
0.0,0.0
0.0,0.0
0.0,0.0
0.0,0.0
0.0,0.0
0.0,0.0
0.0,0.0
0.0,0.0
0.0,0.0
0.0,0.0
0.0,0.0
0.0,0.0
0.0,0.0
0.0,0.0
0.0,0.0
0.0,0.0
0.0,0.0
0.0,0.0
0.0,0.0
0.0,0.0
0.0,0.0
0.0,0.0
0.0,0.0
0.0,0.0
0.0,0.0
0.0,0.0
0.0,0.0
0.0,0.0
0.0,0.0
0.0,0.0
0.0,0.0
0.0,0.0
0.0,0.0
0.07481500506401062,0.0
0.19108858704566956,0.0
0.3126751780509949,0.0
0.44280365109443665,0.0
0.5725787878036499,0.0
0.7061575651168823,0.0
0.8308031558990479,0.0
0.9578073620796204,0.0
1.0911555290222168,0.0
1.2198063135147095,0.0
1.3340198993682861,0.0
1.3898438215255737,0.0
1.3080015182495117,0.0
1.1197788715362549,0.0
0.9114987850189209,0.0
0.6444876790046692,0.0
0.5575373768806458,0.05
1.0434277057647705,0.64
2.4311461448669434,1.8500000000000003
4.678948402404785,3.64
7.774653911590576,5.87
11.630332946777344,10.86
16.124412536621094,16.11
20.31992530822754,20.0
23.769643783569336,22.82
26.609495162963867,25.88
28.833093643188477,28.73
30.003314971923828,30.72
29.864749908447266,32.17
28.643712997436523,28.99
26.8646297454834,27.93
25.992280960083008,27.27
25.408824920654297,25.31
25.108257293701172,25.120000000000005
25.650495529174805,26.25
26.42102813720703,28.190000000000005
27.473445892333984,27.49
28.098186492919922,27.41
28.793991088867188,29.100000000000005
29.469602584838867,30.680000000000003
29.325756072998047,30.740000000000002
28.329435348510742,29.849999999999998
26.765228271484375,27.71
24.804285049438477,24.16
21.885099411010742,22.39
18.941387176513672,19.16
15.329276084899902,15.939999999999998
11.512322425842285,11.19
7.7264180183410645,6.619999999999999
4.775247573852539,3.9599999999999995
2.8716044425964355,2.14
1.6111466884613037,0.75
0.8512368202209473,0.03
0.5460144877433777,0.0
0.49100592732429504,0.0
0.42690056562423706,0.0
0.366606742143631,0.0
0.3003820776939392,0.0
0.23014098405838013,0.0
0.16908608376979828,0.0
0.1033460721373558,0.0
0.03992840647697449,0.0
0.0,0.0
0.0,0.0
0.0,0.0
0.0,0.0
0.0,0.0
0.0,0.0
0.0,0.0
0.0,0.0
0.0,0.0
0.0,0.0
0.0,0.0
0.0,0.0
0.0,0.0
0.0,0.0
0.0,0.0
0.0,0.0
0.0,0.0
0.0,0.0
0.0,0.0
0.0,0.0
0.0,0.0
0.0,0.0
0.0,0.0
0.0,0.0
0.0,0.0
0.0,0.0
0.0,0.0
0.0,0.0
0.0,0.0
0.0,0.0
0.0,0.0
0.0,0.0
0.0,0.0
0.0,0.0
0.023419037461280823,0.0
0.13967397809028625,0.0
0.26073920726776123,0.0
0.39273613691329956,0.0
0.5177890658378601,0.0
0.6426205635070801,0.0
0.760387659072876,0.0
0.8837764263153076,0.0
1.0163956880569458,0.0
1.1267833709716797,0.0
1.2209473848342896,0.0
1.2596898078918457,0.0
1.106776237487793,0.0
0.8021864295005798,0.0
0.49845072627067566,0.0
0.13572517037391663,0.0
0.07477626204490662,0.05
1.024947166442871,0.72
3.13598370552063,2.29
6.355429649353027,4.86
10.663722038269043,7.62
15.51036262512207,14.42
20.6107120513916,21.68
24.080318450927734,24.98
24.246593475341797,28.52
22.415380477905273,21.2
18.69811248779297,21.21
17.619529724121094,21.31
17.06912612915039,18.03
17.1881160736084,17.31
19.03826141357422,17.57
20.273738861083984,20.01
20.953767776489258,22.42
19.683507919311523,22.55
16.170522689819336,17.2
11.19722843170166,10.03
6.803893089294434,6.19
3.9590611457824707,3.4099999999999997
1.9436297416687012,1.03
0.6391043066978455,0.05
0.11924952268600464,0.0
0.0,0.0
0.0,0.0
0.0,0.0
0.0,0.0
0.0,0.0
0.0,0.0
0.0,0.0
0.0,0.0
0.0,0.0
0.0,0.0
0.0,0.0
0.0,0.0
0.0,0.0
0.0,0.0
0.0,0.0
0.0,0.0
0.0,0.0
0.0,0.0
0.0,0.0
0.0,0.0
0.0,0.0
0.0,0.0
0.0,0.0
0.0,0.0
0.0,0.0
0.0,0.0
0.0,0.0
0.0,0.0
0.0,0.0
0.0,0.0
0.0,0.0
0.0,0.0
0.0,0.0
0.0,0.0
0.0,0.0
0.0,0.0
0.0,0.0
0.0,0.0
0.0,0.0
0.0,0.0
0.0,0.0
0.0,0.0
0.0,0.0
0.0,0.0
0.109904445707798,0.0
0.23178085684776306,0.0
0.3555711507797241,0.0
0.48845523595809937,0.0
0.6254779100418091,0.0
0.7514535188674927,0.0
0.8808258175849915,0.0
1.0014528036117554,0.0
1.1072824001312256,0.0
1.0519003868103027,0.0
0.7082818150520325,0.0
0.26367270946502686,0.0
0.0,0.0
0.0,0.0
0.0,0.03
0.6693670749664307,0.64
3.7103943824768066,3.1300000000000003
8.060044288635254,6.1
13.525130271911621,9.33
19.603300094604492,16.35
25.741296768188477,23.85
30.327165603637695,35.78
32.24311065673828,33.65
30.823474884033203,31.46
28.09811019897461,28.92
24.68194580078125,26.090000000000003
20.411890029907227,22.07
15.403634071350098,15.629999999999999
10.239500045776367,8.92
6.111724376678467,5.51
3.500084638595581,2.84
1.6416963338851929,0.93
0.5219878554344177,0.07
0.05560200661420822,0.0
0.0,0.0
0.0,0.0
0.0,0.0
0.0,0.0
0.0,0.0
0.0,0.0
0.0,0.0
0.0,0.0
0.0,0.0
0.0,0.0
0.0,0.0
0.0,0.0
0.0,0.0
0.0,0.0
0.0,0.0
0.0,0.0
0.0,0.0
0.0,0.0
0.0,0.0
0.0,0.0
0.0,0.0
0.0,0.0
0.0,0.0
0.0,0.0
0.0,0.0
0.0,0.0
0.0,0.0
0.0,0.0
0.0,0.0
0.0,0.0
0.0,0.0
0.0,0.0
0.0,0.0
0.0,0.0
0.0,0.0
0.0,0.0
0.0,0.0
0.0,0.0
0.0,0.0
0.0,0.0
0.0,0.0
0.0,0.0
0.0,0.0
0.033606402575969696,0.0
0.16150660812854767,0.0
0.28537678718566895,0.0
0.41431188583374023,0.0
0.5428429841995239,0.0
0.6807597279548645,0.0
0.8211210370063782,0.0
0.9521567225456238,0.0
1.067284107208252,0.0
1.1784861087799072,0.0
1.2001677751541138,0.0
1.0054823160171509,0.0
0.6789296865463257,0.0
0.3856835961341858,0.0
0.10935086756944656,0.0
0.18058401346206665,0.04
1.2027920484542847,0.63
3.419393301010132,2.42
6.840839385986328,5.07
11.06686019897461,7.8100000000000005
16.417339324951172,13.98
21.974334716796875,21.21
26.50051498413086,25.55
29.278230667114258,28.57
30.968908309936523,31.0
31.871070861816406,35.08
31.844749450683594,33.23
30.65445327758789,31.25
28.1833438873291,28.96
24.86719512939453,26.14
20.650754928588867,22.26
15.68321418762207,15.810000000000002
10.53470516204834,9.15
6.388481140136719,5.66
3.7104790210723877,2.99
1.8022252321243286,0.96
0.6295356750488281,0.08
0.15205907821655273,0.0
0.03583300858736038,0.0
0.0,0.0
0.0,0.0
0.0,0.0
0.0,0.0
0.0,0.0
0.0,0.0
0.0,0.0
0.0,0.0
0.0,0.0
0.0,0.0
0.0,0.0
0.0,0.0
0.0,0.0
0.0,0.0
0.0,0.0
0.0,0.0
0.0,0.0
0.0,0.0
0.0,0.0
0.0,0.0
0.0,0.0
0.0,0.0
0.0,0.0
0.0,0.0
0.0,0.0
0.0,0.0
0.0,0.0
0.0,0.0
0.0,0.0
0.0,0.0
0.0,0.0
0.0,0.0
0.0,0.0
0.0,0.0
0.0,0.0
0.0,0.0
0.0,0.0
0.0,0.0
0.0,0.0
0.0,0.0
0.0,0.0
0.0,0.0
0.0,0.0
0.096161849796772,0.0
0.22217519581317902,0.0
0.3521779477596283,0.0
0.48138871788978577,0.0
0.6174778342247009,0.0
0.7476083040237427,0.0
0.8786216378211975,0.0
1.01572847366333,0.0
1.1384750604629517,0.0
1.157814860343933,0.0
0.9451220035552979,0.0
0.6052755117416382,0.0
0.2984050512313843,0.0
0.03333352506160736,0.0
0.1462755799293518,0.02
1.2358418703079224,0.56
3.5975654125213623,2.4
6.829658031463623,5.23
11.58717155456543,8.03
17.00756072998047,14.24
22.86699867248535,21.73
27.614948272705078,26.19
30.544658660888672,29.25
32.34794998168945,37.09
32.801876068115234,33.91
31.064268112182617,31.86
28.594816207885742,29.48
25.26432228088379,26.619999999999997
21.033100128173828,22.52
15.931720733642578,16.09
10.683947563171387,9.34
6.419399261474609,5.77
3.6529414653778076,3.05
1.6726329326629639,0.8
0.4604822099208832,0.01
0.061238743364810944,0.0
0.0,0.0
0.0,0.0
0.0,0.0
0.0,0.0
0.0,0.0
0.0,0.0
0.0,0.0
0.0,0.0
0.0,0.0
0.0,0.0
0.0,0.0
0.0,0.0
0.0,0.0
0.0,0.0
0.0,0.0
0.0,0.0
0.0,0.0
0.0,0.0
0.0,0.0
0.0,0.0
0.0,0.0
0.0,0.0
0.0,0.0
0.0,0.0
0.0,0.0
0.0,0.0
0.0,0.0
0.0,0.0
0.0,0.0
0.0,0.0
0.0,0.0
0.0,0.0
0.0,0.0
0.0,0.0
0.0,0.0
0.0,0.0
0.0,0.0
0.0,0.0
0.0,0.0
0.0,0.0
0.0,0.0
0.0,0.0
0.0,0.0
0.0,0.0
0.05973000079393387,0.0
0.1919800341129303,0.0
0.33001917600631714,0.0
0.4820743501186371,0.0
0.6039600968360901,0.0
0.7297297120094299,0.0
0.8529077172279358,0.0
0.9799461960792542,0.0
1.0937811136245728,0.0
1.1398053169250488,0.0
0.9438191652297974,0.0
0.5876345634460449,0.0
0.26812589168548584,0.0
0.0,0.0
0.04150141030550003,0.01
1.135880947113037,0.54
3.107529401779175,2.23
6.491353988647461,5.09
10.969463348388672,7.79
16.100093841552734,13.669999999999998
21.67119598388672,21.37
26.335182189941406,24.58
29.020557403564453,31.59
30.142105102539062,30.14
28.540611267089844,30.04
25.879045486450195,27.21
21.549705505371094,23.23
16.445207595825195,16.61
11.103403091430664,9.69
6.760263442993164,6.02
3.9355359077453613,3.2400000000000007
1.9009822607040405,0.98
0.6252672672271729,0.08
0.12734737992286682,0.0
0.016545318067073822,0.0
0.0,0.0
0.0,0.0
0.0,0.0
0.0,0.0
0.0,0.0
0.0,0.0
0.0,0.0
0.0,0.0
0.0,0.0
0.0,0.0
0.0,0.0
0.0,0.0
0.0,0.0
0.0,0.0
0.0,0.0
0.0,0.0
0.0,0.0
0.0,0.0
0.0,0.0
0.0,0.0
0.0,0.0
0.0,0.0
0.0,0.0
0.0,0.0
0.0,0.0
0.0,0.0
0.0,0.0
0.0,0.0
0.0,0.0
0.0,0.0
0.0,0.0
0.0,0.0
0.0,0.0
0.0,0.0
0.0,0.0
0.0,0.0
0.0,0.0
0.0,0.0
0.0,0.0
0.0,0.0
0.0,0.0
0.0,0.0
0.0,0.0
0.11755414307117462,0.0
0.23693647980690002,0.0
0.35829877853393555,0.0
0.48737263679504395,0.0
0.6167499423027039,0.0
0.7357745170593262,0.0
0.8694323897361755,0.0
0.9956503510475159,0.0
1.1089500188827515,0.0
1.1593116521835327,0.0
1.005462884902954,0.0
0.7119211554527283,0.0
0.4280567169189453,0.0
0.1571671962738037,0.0
0.1014459878206253,0.02
0.9068270921707153,0.53
2.8084094524383545,1.9299999999999997
5.817508220672607,4.48
9.910581588745117,6.84
14.696860313415527,12.05
20.103832244873047,19.42
24.700666427612305,23.6
28.164859771728516,27.11
30.81005859375,29.799999999999997
32.66190719604492,31.78
33.83773422241211,32.8
34.476600646972656,34.12
34.505470275878906,38.94
33.18748092651367,31.69
29.71102523803711,31.22
27.164548873901367,27.589999999999996
23.093677520751953,23.55
18.404691696166992,20.24
13.541285514831543,13.570000000000002
8.503437042236328,7.41
4.731534957885742,4.42
2.4636876583099365,1.78
0.9621685147285461,0.54
0.29678940773010254,0.05
0.06952080875635147,0.0
0.0,0.0
0.0,0.0
0.0,0.0
0.0,0.0
0.0,0.0
0.0,0.0
0.0,0.0
0.0,0.0
0.0,0.0
0.0,0.0
0.0,0.0
0.0,0.0
0.0,0.0
0.0,0.0
0.0,0.0
0.0,0.0
0.0,0.0
0.0,0.0
0.0,0.0
0.0,0.0
0.0,0.0
0.0,0.0
0.0,0.0
0.0,0.0
0.0,0.0
0.0,0.0
0.0,0.0
0.0,0.0
0.0,0.0
0.0,0.0
0.0,0.0
0.0,0.0
0.0,0.0
0.0,0.0
0.0,0.0
0.0,0.0
0.0,0.0
0.0,0.0
0.0,0.0
0.0,0.0
0.0,0.0
0.0,0.0
0.0,0.0
0.01352708786725998,0.0
0.13195686042308807,0.0
0.25183242559432983,0.0
0.37555956840515137,0.0
0.49364492297172546,0.0
0.618935763835907,0.0
0.7366162538528442,0.0
0.8504528403282166,0.0
0.962173581123352,0.0
1.0749448537826538,0.0
1.1771451234817505,0.0
1.2219228744506836,0.0
1.160905361175537,0.0
1.0780011415481567,0.0
0.9005146026611328,0.0
0.8057436943054199,0.0
0.9767146706581116,0.07
1.3819775581359863,0.8100000000000002
2.4155662059783936,2.33
4.542656898498535,3.84
7.422480583190918,7.35
10.95276165008545,8.9
14.335295677185059,13.200000000000001
18.037921905517578,18.48
20.488428115844727,22.21
22.145915985107422,22.78
23.666446685791016,23.28
24.393287658691406,23.01
24.849016189575195,25.81
24.352964401245117,27.529999999999998
23.46295166015625,29.86
22.79059410095215,22.06
22.71528434753418,20.7
25.948575973510742,24.55
29.979225158691406,28.07
33.459312438964844,37.41
33.889244079589844,36.71
30.929439544677734,33.41
27.799510955810547,26.340000000000003
25.966873168945312,31.540000000000003
26.02120018005371,26.810000000000002
24.58171844482422,21.14
24.088973999023438,26.890000000000004
24.48366928100586,25.75
21.37343978881836,22.62
17.325159072875977,18.73
12.852682113647461,12.4
8.471020698547363,7.82
5.254141330718994,4.79
2.999473810195923,2.65
1.4347903728485107,0.98
0.47718361020088196,0.09
0.09068511426448822,0.0
0.01294650137424469,0.0
0.0,0.0
0.0,0.0
0.0,0.0
0.0,0.0
0.0,0.0
0.0,0.0
0.0,0.0
0.0,0.0
0.0,0.0
0.0,0.0
0.0,0.0
0.0,0.0
0.0,0.0
0.0,0.0
0.0,0.0
0.0,0.0
0.0,0.0
0.0,0.0
0.0,0.0
0.0,0.0
0.0,0.0
0.0,0.0
0.0,0.0
0.0,0.0
0.0,0.0
0.0,0.0
0.0,0.0
0.0,0.0
0.0,0.0
0.0,0.0
0.0,0.0
0.0,0.0
0.0,0.0
0.0,0.0
0.0,0.0
0.0,0.0
0.0,0.0
0.0,0.0
0.0,0.0
0.0,0.0
0.0,0.0
0.0,0.0
0.0,0.0
0.11405535042285919,0.0
0.24129244685173035,0.0
0.36025214195251465,0.0
0.48188453912734985,0.0
0.6055178046226501,0.0
0.7259332537651062,0.0
0.8485847115516663,0.0
0.9671399593353271,0.0
1.0870271921157837,0.0
1.1707696914672852,0.0
1.1383776664733887,0.0
0.988107442855835,0.0
0.7833629846572876,0.0
0.5657821893692017,0.0
0.37982985377311707,0.0
0.6621319651603699,0.31
1.750917673110962,1.32
3.7488131523132324,2.93
6.635463237762451,4.86
10.35893726348877,8.38
14.752968788146973,14.180000000000001
19.102144241333008,18.62
22.5740966796875,22.03
25.42799949645996,25.05
27.8387508392334,27.29
29.849498748779297,29.24
31.66004753112793,31.180000000000003
33.21413040161133,32.97
34.536014556884766,34.33
35.1757698059082,35.25
35.38465881347656,35.72
35.26423263549805,36.11
34.93659591674805,35.87
34.37978744506836,35.53
33.82711410522461,33.26
33.548606872558594,34.94
33.209590911865234,34.6
32.053192138671875,33.31
30.608516693115234,31.97
29.19853401184082,30.4
27.742782592773438,28.660000000000004
25.923358917236328,26.39
23.395193099975586,23.99
20.136638641357422,20.84
16.24688720703125,17.18
12.043301582336426,12.25
7.941930770874023,7.03
4.682770252227783,4.23
2.6614885330200195,2.31
1.329464316368103,0.91
0.5313696265220642,0.07
0.17675477266311646,0.0
0.09864494204521179,0.0
0.019314512610435486,0.0
0.0,0.0
0.0,0.0
0.0,0.0
0.0,0.0
0.0,0.0
0.0,0.0
0.0,0.0
0.0,0.0
0.0,0.0
0.0,0.0
0.0,0.0
0.0,0.0
0.0,0.0
0.0,0.0
0.0,0.0
0.0,0.0
0.0,0.0
0.0,0.0
0.0,0.0
0.0,0.0
0.0,0.0
0.0,0.0
0.0,0.0
0.0,0.0
0.0,0.0
0.0,0.0
0.0,0.0
0.0,0.0
0.0,0.0
0.0,0.0
0.0,0.0
0.0,0.0
0.0,0.0
0.0,0.0
0.0,0.0
0.0,0.0
0.0,0.0
0.0,0.0
0.0,0.0
0.0,0.0
0.0,0.0
0.0,0.0
0.12321118265390396,0.0
0.24311783909797668,0.0
0.3709554672241211,0.0
0.49491599202156067,0.0
0.6252987384796143,0.0
0.7631425857543945,0.0
0.8957276940345764,0.0
1.028249979019165,0.0
1.1543203592300415,0.0
1.2294944524765015,0.0
1.1685349941253662,0.0
0.9112041592597961,0.0
0.6310555934906006,0.0
0.3895074129104614,0.0
0.239621102809906,0.0
0.7276627421379089,0.38
2.18681263923645,1.52
4.694693565368652,3.74
8.164440155029297,5.86
12.457801818847656,9.79
17.65549087524414,16.63
22.344762802124023,21.45
25.505859375,25.0
27.75602912902832,27.92
29.769086837768555,30.53
30.497163772583008,31.34
29.72050666809082,25.31
28.49593162536621,30.3
28.756290435791016,33.53
27.511924743652344,31.81
24.50502586364746,19.44
21.302419662475586,20.64
20.907371520996094,23.2
18.78117561340332,20.17
14.385385513305664,14.63
9.68156909942627,8.41
5.818349838256836,5.01
3.3961374759674072,2.77
1.7759939432144165,1.0
0.7687714695930481,0.09
0.3555299639701843,0.0
0.267202228307724,0.0
0.2033960074186325,0.0
0.13882890343666077,0.0
0.07187165319919586,0.0
0.012094154953956604,0.0
0.0,0.0
0.0,0.0
0.0,0.0
0.0,0.0
0.0,0.0
0.0,0.0
0.0,0.0
0.0,0.0
0.0,0.0
0.0,0.0
0.0,0.0
0.0,0.0
0.0,0.0
0.0,0.0
0.0,0.0
0.0,0.0
0.0,0.0
0.0,0.0
0.0,0.0
0.0,0.0
0.0,0.0
0.0,0.0
0.0,0.0
0.0,0.0
0.0,0.0
0.0,0.0
0.0,0.0
0.0,0.0
0.0,0.0
0.0,0.0
0.0,0.0
0.0,0.0
0.0,0.0
0.0,0.0
0.0,0.0
0.0,0.0
0.0,0.0
0.05892328917980194,0.0
0.17923396825790405,0.0
0.30608493089675903,0.0
0.4348287284374237,0.0
0.5781648755073547,0.0
0.7155238389968872,0.0
0.8459717035293579,0.0
0.9844011664390564,0.0
1.1241906881332397,0.0
1.2527400255203247,0.0
1.3798699378967285,0.0
1.4616707563400269,0.0
1.3978261947631836,0.0
1.1917424201965332,0.0
0.9422050714492798,0.0
0.6898467540740967,0.0
0.5067443251609802,0.0
0.8626278638839722,0.38
2.1665239334106445,1.44
4.425808906555176,3.4000000000000004
7.636256694793701,5.49
11.628929138183594,9.24
16.271745681762695,15.8
20.85639190673828,20.56
24.27550506591797,23.51
27.02376937866211,26.14
29.34616470336914,28.660000000000004
31.205564498901367,30.769999999999996
32.16960144042969,32.48
32.51447296142578,32.98
32.57947540283203,34.49
32.78472900390625,32.16
33.01144027709961,30.39
34.143184661865234,35.87
36.60560989379883,35.54
36.70939636230469,37.27
37.25606918334961,37.64
37.11668395996094,37.73
36.34917449951172,36.68
34.533565521240234,35.64
31.466882705688477,34.15
27.270042419433594,30.510000000000005
22.419647216796875,20.93
17.61368751525879,18.9
14.568283081054688,12.590000000000002
11.376333236694336,9.43
9.373855590820312,10.46
7.749704837799072,8.31
5.166284084320068,3.55
2.871957302093506,2.34
1.9317004680633545,1.86
1.1965253353118896,0.39
0.5978418588638306,0.02
0.4218427538871765,0.0
0.3633985221385956,0.0
0.29371941089630127,0.0
0.22212043404579163,0.0
0.1486932933330536,0.0
0.06896443665027618,0.0
0.0,0.0
0.0,0.0
0.0,0.0
0.0,0.0
0.0,0.0
0.0,0.0
0.0,0.0
0.0,0.0
0.0,0.0
0.0,0.0
0.0,0.0
0.0,0.0
0.0,0.0
0.0,0.0
0.0,0.0
0.0,0.0
0.0,0.0
0.0,0.0
0.0,0.0
0.0,0.0
0.0,0.0
0.0,0.0
0.0,0.0
0.0,0.0
0.0,0.0
0.0,0.0
0.0,0.0
0.0,0.0
0.0,0.0
0.0,0.0
0.0,0.0
0.0,0.0
0.0,0.0
0.0,0.0
0.0,0.0
0.0,0.0
0.0,0.0
0.012998096644878387,0.0
0.13229846954345703,0.0
0.2513900399208069,0.0
0.3711508512496948,0.0
0.4995839595794678,0.0
0.6224009990692139,0.0
0.7511622905731201,0.0
0.8777593970298767,0.0
1.0065202713012695,0.0
1.1314868927001953,0.0
1.252280592918396,0.0
1.3230061531066895,0.0
1.228270411491394,0.0
0.9478468298912048,0.0
0.6520131826400757,0.0
0.3895604908466339,0.0
0.24898983538150787,0.0
0.7714884281158447,0.31
2.2741916179656982,1.37
4.821630477905273,3.73
8.337947845458984,5.94
12.588916778564453,10.1
17.476396560668945,17.11
22.354379653930664,21.84
27.102073669433594,24.92
30.67850685119629,27.79
32.57626724243164,30.349999999999998
31.427019119262695,32.23
28.655820846557617,33.59
24.714563369750977,32.47
20.642559051513672,18.34
17.39391326904297,17.01
18.66303062438965,18.51
20.771562576293945,25.790000000000003
22.2846736907959,24.12
22.616533279418945,22.38
23.74416732788086,23.14
26.966175079345703,25.46
29.34233283996582,28.559999999999995
31.54680633544922,34.28
33.084903717041016,33.68
32.60813522338867,32.65
31.023818969726562,30.9
27.807077407836914,28.84
23.87306022644043,25.88
18.821285247802734,19.95
13.139684677124023,13.16
8.36481761932373,6.79
5.083730697631836,4.67
3.435648202896118,3.84
2.032747983932495,1.17
0.8095698356628418,0.11
0.40878596901893616,0.0
0.31599047780036926,0.0
0.26590749621391296,0.0
0.20182058215141296,0.0
0.14095884561538696,0.0
0.07725972682237625,0.0
0.023541972041130066,0.0
0.0,0.0
0.0,0.0
0.0,0.0
0.0,0.0
0.0,0.0
0.0,0.0
0.0,0.0
0.0,0.0
0.0,0.0
0.0,0.0
0.0,0.0
0.0,0.0
0.0,0.0
0.0,0.0
0.0,0.0
0.0,0.0
0.0,0.0
0.0,0.0
0.0,0.0
0.0,0.0
0.0,0.0
0.0,0.0
0.0,0.0
0.0,0.0
0.0,0.0
0.0,0.0
0.0,0.0
0.0,0.0
0.0,0.0
0.0,0.0
0.0,0.0
0.0,0.0
0.0,0.0
0.0,0.0
0.0,0.0
0.0,0.0
0.0,0.0
0.0,0.0
0.09913276880979538,0.0
0.22608749568462372,0.0
0.3523048162460327,0.0
0.48041754961013794,0.0
0.6145437955856323,0.0
0.7430357933044434,0.0
0.870663583278656,0.0
0.9987402558326721,0.0
1.1355692148208618,0.0
1.26201331615448,0.0
1.3541933298110962,0.0
1.2635648250579834,0.0
0.9849590063095093,0.0
0.6632890701293945,0.0
0.3726314902305603,0.0
0.19377154111862183,0.0
0.6985496878623962,0.28
2.297149896621704,1.37
5.0943827629089355,3.84
8.826417922973633,6.280000000000001
13.666449546813965,10.65
19.30347442626953,17.99
24.668779373168945,23.57
28.434349060058594,27.32
30.714523315429688,29.98
31.846479415893555,34.77
31.888025283813477,33.43
30.64328384399414,31.52
28.454309463500977,29.25
25.3387451171875,26.49
21.351408004760742,22.93
16.549962997436523,17.11
11.404935836791992,10.07
7.0191650390625,6.12
4.195655345916748,3.45
2.2110722064971924,1.19
0.9296190738677979,0.12
0.39996057748794556,0.0
0.2793284058570862,0.0
0.21517649292945862,0.0
0.14763884246349335,0.0
0.08519850671291351,0.0
0.020607002079486847,0.0
0.0,0.0
0.0,0.0
0.0,0.0
0.0,0.0
0.0,0.0
0.0,0.0
0.0,0.0
0.0,0.0
0.0,0.0
0.0,0.0
0.0,0.0
0.0,0.0
0.0,0.0
0.0,0.0
0.0,0.0
0.0,0.0
0.0,0.0
0.0,0.0
0.0,0.0
0.0,0.0
0.0,0.0
0.0,0.0
0.0,0.0
0.0,0.0
0.0,0.0
0.0,0.0
0.0,0.0
0.0,0.0
0.0,0.0
0.0,0.0
0.0,0.0
0.0,0.0
0.0,0.0
0.0,0.0
0.0,0.0
0.0,0.0
0.0,0.0
0.0423625111579895,0.0
0.16378015279769897,0.0
0.2888329327106476,0.0
0.41180384159088135,0.0
0.5458600521087646,0.0
0.679363489151001,0.0
0.8081592321395874,0.0
0.9236905574798584,0.0
1.0451196432113647,0.0
1.175338864326477,0.0
1.3133114576339722,0.0
1.4109658002853394,0.0
1.2869834899902344,0.0
0.9576926231384277,0.0
0.6205719113349915,0.0
0.33793264627456665,0.0
0.19537043571472168,0.0
0.7753118872642517,0.22999999999999998
2.4564592838287354,1.41
5.329748153686523,4.21
9.04979419708252,6.6000000000000005
13.829385757446289,10.94
19.35797691345215,18.41
24.571340560913086,23.7
28.148019790649414,27.190000000000005
30.412626266479492,29.95
31.59549331665039,34.2
31.22924041748047,32.19
29.090845108032227,29.799999999999997
25.974918365478516,27.169999999999998
21.940147399902344,23.67
17.146072387695312,17.91
11.947566032409668,10.69
7.4472174644470215,6.5
4.525232315063477,3.83
2.5137932300567627,1.34
1.0907139778137207,0.17
0.4686357378959656,0.0
0.3097681403160095,0.0
0.2506764531135559,0.0
0.1912839710712433,0.0
0.12232847511768341,0.0
0.056378357112407684,0.0
0.0,0.0
0.0,0.0
0.0,0.0
0.0,0.0
0.0,0.0
0.0,0.0
0.0,0.0
0.0,0.0
0.0,0.0
0.0,0.0
0.0,0.0
0.0,0.0
0.0,0.0
0.0,0.0
0.0,0.0
0.0,0.0
0.0,0.0
0.0,0.0
0.0,0.0
0.0,0.0
0.0,0.0
0.0,0.0
0.0,0.0
0.0,0.0
0.0,0.0
0.0,0.0
0.0,0.0
0.0,0.0
0.0,0.0
0.0,0.0
0.0,0.0
0.0,0.0
0.0,0.0
0.0,0.0
0.0,0.0
0.0,0.0
0.09317975491285324,0.0
0.20752698183059692,0.0
0.324577659368515,0.0
0.4439888596534729,0.0
0.5679703950881958,0.0
0.6987101435661316,0.0
0.8239167928695679,0.0
0.9504346251487732,0.0
1.0671709775924683,0.0
1.1862473487854004,0.0
1.3013708591461182,0.0
1.416591763496399,0.0
1.510472059249878,0.0
1.5412709712982178,0.0
1.366655945777893,0.0
1.129457950592041,0.0
0.9079974889755249,0.0
0.5720461010932922,0.0
0.5566470623016357,0.1
1.4434188604354858,1.02
3.3089168071746826,2.65
5.982702255249023,4.39
9.508337020874023,7.53
13.712403297424316,13.74
17.85272979736328,18.51
20.644323348999023,20.63
22.47222900390625,23.17
24.06258201599121,25.08
25.4818172454834,25.96
27.10448455810547,28.07
29.220226287841797,28.73
30.893325805664062,30.31
32.293182373046875,32.54
33.31013488769531,35.27
33.56364822387695,36.16
33.159034729003906,35.34
32.595760345458984,29.410000000000004
32.30601119995117,35.0
33.74658966064453,35.32
32.954368591308594,34.07
31.803958892822266,33.82
30.75258445739746,32.9
29.71731185913086,31.620000000000005
28.556665420532227,29.62
26.864469528198242,27.399999999999995
24.542713165283203,24.9
21.491830825805664,22.16
17.836017608642578,18.88
13.664178848266602,14.01
9.355677604675293,8.31
5.739975929260254,4.87
3.4063503742218018,2.83
1.9026622772216797,1.19
0.9319103956222534,0.2
0.483674556016922,0.0
0.3765825033187866,0.0
0.323504775762558,0.0
0.26770922541618347,0.0
0.20144712924957275,0.0
0.1314094364643097,0.0
0.06717685610055923,0.0
0.014290213584899902,0.0
0.0,0.0
0.0,0.0
0.0,0.0
0.0,0.0
0.0,0.0
0.0,0.0
0.0,0.0
0.0,0.0
0.0,0.0
0.0,0.0
0.0,0.0
0.0,0.0
0.0,0.0
0.0,0.0
0.0,0.0
0.0,0.0
0.0,0.0
0.0,0.0
0.0,0.0
0.0,0.0
0.0,0.0
0.0,0.0
0.0,0.0
0.0,0.0
0.0,0.0
0.0,0.0
0.0,0.0
0.0,0.0
0.0,0.0
0.0,0.0
0.0,0.0
0.0,0.0
0.0,0.0
0.003118067979812622,0.0
0.12240428477525711,0.0
0.244232639670372,0.0
0.36778318881988525,0.0
0.4975751042366028,0.0
0.631116509437561,0.0
0.767000675201416,0.0
0.9017585515975952,0.0
1.0388716459274292,0.0
1.1678136587142944,0.0
1.2957528829574585,0.0
1.4191211462020874,0.0
1.547318458557129,0.0
1.6409512758255005,0.0
1.6214526891708374,0.0
1.4503942728042603,0.0
1.2398278713226318,0.0
1.0562934875488281,0.0
0.7250375151634216,0.0
0.8098082542419434,0.24
1.7989811897277832,1.17
3.817317008972168,2.95
6.81846284866333,5.02
10.69517707824707,8.22
15.341337203979492,14.859999999999998
19.91347312927246,19.99
23.38275146484375,23.05
26.103994369506836,25.629999999999995
28.591814041137695,28.08
30.82115936279297,30.15
32.584659576416016,32.46
33.954383850097656,33.96
34.89397048950195,35.55
35.393672943115234,35.96
35.63408279418945,35.02
36.155216217041016,35.78
36.66898727416992,37.66
36.653926849365234,37.21
35.91694259643555,37.05
35.49689865112305,37.27
34.3905143737793,36.29
32.91617202758789,33.43
31.699302673339844,33.61
30.52759552001953,32.4
29.144344329833984,30.210000000000004
27.364694595336914,28.21
25.203205108642578,25.790000000000003
22.199668884277344,22.98
18.498638153076172,19.62
14.278583526611328,14.7
9.88647174835205,8.83
6.133175373077393,5.1
3.6804823875427246,2.99
2.1028716564178467,1.27
1.0682823657989502,0.2
0.5739647746086121,0.0
0.45849326252937317,0.0
0.3964202404022217,0.0
0.3278106451034546,0.0
0.26410016417503357,0.0
0.1974416971206665,0.0
0.12193862348794937,0.0
0.05954857915639877,0.0
0.0,0.0
0.0,0.0
0.0,0.0
0.0,0.0
0.0,0.0
0.0,0.0
0.0,0.0
0.0,0.0
0.0,0.0
0.0,0.0
0.0,0.0
0.0,0.0
0.0,0.0
0.0,0.0
0.0,0.0
0.0,0.0
0.0,0.0
0.0,0.0
0.0,0.0
0.0,0.0
0.0,0.0
0.0,0.0
0.0,0.0
0.0,0.0
0.0,0.0
0.0,0.0
0.0,0.0
0.0,0.0
0.0,0.0
0.0,0.0
0.0,0.0
0.0,0.0
0.0,0.0
0.05169510841369629,0.0
0.15298649668693542,0.0
0.2647668123245239,0.0
0.3921743631362915,0.0
0.5207437872886658,0.0
0.6470246315002441,0.0
0.7847570776939392,0.0
0.9192624092102051,0.0
1.0550084114074707,0.0
1.1822508573532104,0.0
1.3043252229690552,0.0
1.4273382425308228,0.0
1.5488015413284302,0.0
1.6296641826629639,0.0
1.626218318939209,0.0
1.691333532333374,0.0
1.8230981826782227,0.0
2.0343315601348877,0.0
2.216078996658325,0.0
2.4593584537506104,0.34
2.695035219192505,1.17
2.9029791355133057,1.13
2.999812126159668,1.19
3.0378613471984863,1.28
2.9191243648529053,2.42
2.9919514656066895,2.98
3.932217836380005,4.43
5.6995158195495605,5.19
7.948838233947754,6.3
11.97335433959961,10.47
16.98866081237793,17.7
20.693357467651367,23.17
21.910327911376953,21.85
21.917675018310547,22.75
21.317323684692383,28.67
20.791297912597656,19.19
19.355375289916992,18.98
22.17538070678711,26.68
25.658905029296875,25.28
25.96377944946289,22.17
27.265756607055664,31.840000000000003
28.531291961669922,31.41
26.170774459838867,29.56
23.265892028808594,24.07
21.085180282592773,22.2
20.579389572143555,21.73
19.53193473815918,18.46
17.835514068603516,18.49
16.137807846069336,16.31
13.249095916748047,14.829999999999998
9.951218605041504,9.11
6.220128536224365,5.32
3.7295281887054443,3.16
2.0658440589904785,1.26
0.9581555724143982,0.17
0.4549561142921448,0.0
0.33820661902427673,0.0
0.2741193473339081,0.0
0.21169781684875488,0.0
0.15426278114318848,0.0
0.09253453463315964,0.0
0.030370429158210754,0.0
0.0,0.0
0.0,0.0
0.0,0.0
0.0,0.0
0.0,0.0
0.0,0.0
0.0,0.0
0.0,0.0
0.0,0.0
0.0,0.0
0.0,0.0
0.0,0.0
0.0,0.0
0.0,0.0
0.0,0.0
0.0,0.0
0.0,0.0
0.0,0.0
0.0,0.0
0.0,0.0
0.0,0.0
0.0,0.0
0.0,0.0
0.0,0.0
0.0,0.0
0.0,0.0
0.0,0.0
0.0,0.0
0.0,0.0
0.0,0.0
0.0,0.0
0.0,0.0
0.0,0.0
0.0,0.0
0.0,0.0
0.0,0.0
0.015830062329769135,0.0
0.12919101119041443,0.0
0.241784006357193,0.0
0.360542356967926,0.0
0.4823518991470337,0.0
0.6019156575202942,0.0
0.7191765308380127,0.0
0.8443560600280762,0.0
0.9766093492507935,0.0
1.1061358451843262,0.0
1.2145352363586426,0.0
1.2972233295440674,0.0
1.3326947689056396,0.0
1.2030476331710815,0.0
0.9412785768508911,0.0
0.7485923171043396,0.0
0.41999518871307373,0.0
0.39009302854537964,0.04
1.2601045370101929,0.71
3.3162639141082764,2.43
6.200015544891357,4.0
9.699122428894043,7.1
13.981612205505371,13.489999999999998
17.46569061279297,18.37
19.631975173950195,20.23
19.9516658782959,18.92
19.30225372314453,18.65
18.324419021606445,18.01
16.308385848999023,18.15
13.02769660949707,18.06
9.64696216583252,9.95
7.532349109649658,8.5
9.530134201049805,8.24
13.826526641845703,8.11
19.532623291015625,14.06
26.534313201904297,28.1
32.226531982421875,31.83
34.06040573120117,36.8
34.666343688964844,36.35
33.649383544921875,35.99
32.8114013671875,34.6
30.99147605895996,32.51
28.811019897460938,30.049999999999997
25.784358978271484,27.310000000000002
22.007524490356445,23.96
17.466567993164062,18.95
12.383906364440918,11.62
7.670544147491455,6.99
4.505398273468018,4.24
2.2904109954833984,1.68
0.8146236538887024,0.29
0.10858215391635895,0.0
0.0,0.0
0.0,0.0
0.0,0.0
0.0,0.0
0.0,0.0
0.0,0.0
0.0,0.0
0.0,0.0
0.0,0.0
0.0,0.0
0.0,0.0
0.0,0.0
0.0,0.0
0.0,0.0
0.0,0.0
0.0,0.0
0.0,0.0
0.0,0.0
0.0,0.0
0.0,0.0
0.0,0.0
0.0,0.0
0.0,0.0
0.0,0.0
0.0,0.0
0.0,0.0
0.0,0.0
0.0,0.0
0.0,0.0
0.0,0.0
0.0,0.0
0.0,0.0
0.0,0.0
0.0,0.0
0.0,0.0
0.0,0.0
0.0,0.0
0.0,0.0
0.0,0.0
0.0,0.0
0.0,0.0
0.0,0.0
0.0,0.0
0.0,0.0
0.0016592442989349365,0.0
0.11546239256858826,0.0
0.22917819023132324,0.0
0.34431183338165283,0.0
0.4466399550437927,0.0
0.5374487638473511,0.0
0.6362773180007935,0.0
0.7580737471580505,0.0
0.8685373067855835,0.0
0.9451979994773865,0.0
0.9597493410110474,0.0
0.772429347038269,0.0
0.31476467847824097,0.0
0.0,0.0
0.0,0.0
0.0,0.16
0.9794806838035583,0.9199999999999999
3.8054938316345215,3.03
8.111849784851074,5.79
13.188898086547852,9.93
18.580257415771484,17.46
23.006853103637695,23.56
24.650588989257812,27.3
23.47988510131836,30.53
20.218982696533203,17.43
15.390380859375,16.95
14.527485847473145,16.36
13.6228609085083,15.67
12.920984268188477,14.62
12.36155891418457,14.17
12.241437911987305,13.28
12.29259967803955,11.9
12.450366020202637,13.36
12.5628662109375,13.309999999999999
11.425745010375977,11.32
9.334768295288086,10.47
7.033869743347168,7.24
4.308091163635254,4.33
2.144685745239258,1.77
0.6830452084541321,0.31
0.0,0.0
0.0,0.0
0.0,0.0
0.0,0.0
0.0,0.0
0.0,0.0
0.0,0.0
0.0,0.0
0.0,0.0
0.0,0.0
0.0,0.0
0.0,0.0
0.0,0.0
0.0,0.0
0.0,0.0
0.0,0.0
0.0,0.0
0.0,0.0
0.0,0.0
0.0,0.0
0.0,0.0
0.0,0.0
0.0,0.0
0.0,0.0
0.0,0.0
0.0,0.0
0.0,0.0
0.0,0.0
0.0,0.0
0.0,0.0
0.0,0.0
0.0,0.0
0.0,0.0
0.0,0.0
0.0,0.0
0.0,0.0
0.0,0.0
0.0,0.0
0.0,0.0
0.0,0.0
0.0,0.0
0.0,0.0
0.0,0.0
0.0,0.0
0.0,0.0
0.0,0.0
0.11310577392578125,0.0
0.2354038953781128,0.0
0.35427677631378174,0.0
0.481858491897583,0.0
0.6212146878242493,0.0
0.7511165142059326,0.0
0.8833299279212952,0.0
1.0038154125213623,0.0
1.0827713012695312,0.0
0.9799768924713135,0.0
0.8059962391853333,0.0
0.43343213200569153,0.0
0.11580586433410645,0.0
0.0,0.0
0.5909333229064941,0.22999999999999998
2.3276174068450928,1.24
5.226871967315674,4.01
9.183533668518066,6.4399999999999995
13.498008728027344,10.72
18.639347076416016,18.43
23.464820861816406,22.22
26.37999725341797,25.480000000000004
28.881702423095703,27.79
30.368432998657227,31.379999999999995
30.932701110839844,33.53
30.522096633911133,27.62
29.549541473388672,27.05
30.311643600463867,35.45
30.018529891967773,27.529999999999998
26.238256454467773,27.800000000000004
23.579957962036133,27.97
20.586793899536133,22.51
16.646596908569336,17.54
13.625944137573242,12.44
11.600724220275879,11.21
10.545161247253418,10.76
9.120814323425293,10.72
7.03639030456543,6.32
4.445037841796875,4.54
2.8711369037628174,2.79
1.5596774816513062,1.6099999999999999
0.6471022963523865,0.28
0.07493197917938232,0.0
0.0,0.0
0.0,0.0
0.0,0.0
0.0,0.0
0.0,0.0
0.0,0.0
0.0,0.0
0.0,0.0
0.0,0.0
0.0,0.0
0.0,0.0
0.0,0.0
0.0,0.0
0.0,0.0
0.0,0.0
0.0,0.0
0.0,0.0
0.0,0.0
0.0,0.0
0.0,0.0
0.0,0.0
0.0,0.0
0.0,0.0
0.0,0.0
0.0,0.0
0.0,0.0
0.0,0.0
0.0,0.0
0.0,0.0
0.0,0.0
0.0,0.0
0.0,0.0
0.0,0.0
0.0,0.0
0.0,0.0
0.0,0.0
0.0,0.0
0.0,0.0
0.0,0.0
0.0,0.0
0.0,0.0
0.0,0.0
0.01732800155878067,0.0
0.1315392553806305,0.0
0.24777427315711975,0.0
0.3706403076648712,0.0
0.4898754954338074,0.0
0.6070547103881836,0.0
0.7264871001243591,0.0
0.8457123041152954,0.0
0.9726386666297913,0.0
1.0873366594314575,0.0
1.1993513107299805,0.0
1.3011500835418701,0.0
1.3280763626098633,0.0
1.3891681432724,0.0
1.416865587234497,0.0
1.4323900938034058,0.0
1.354433536529541,0.0
1.2068506479263306,0.0
1.1264172792434692,0.14
0.9096872806549072,0.64
0.5049446821212769,1.26
1.7748191356658936,2.19
4.293154716491699,4.33
8.322111129760742,7.400000000000001
12.7821683883667,10.12
17.51909065246582,17.35
21.829526901245117,28.9
24.135398864746094,23.39
23.117923736572266,24.63
24.357622146606445,18.33
26.18514633178711,28.68
30.442317962646484,31.629999999999995
32.28408432006836,34.31
33.633426666259766,27.76
34.82548141479492,35.63
37.57758712768555,39.14
37.784786224365234,39.61
36.48298645019531,38.39
34.733577728271484,37.4
33.10680389404297,33.6
31.751266479492188,34.73
31.517202377319336,33.12
30.209217071533203,31.319999999999997
28.397214889526367,29.14
25.58806800842285,26.400000000000002
21.863719940185547,23.18
17.50105857849121,18.89
12.657496452331543,12.35
7.986763000488281,6.950000000000001
4.587049961090088,4.15
2.4558730125427246,1.87
1.0223418474197388,0.49
0.27442556619644165,0.01
0.013751164078712463,0.0
0.0,0.0
0.0,0.0
0.0,0.0
0.0,0.0
0.0,0.0
0.0,0.0
0.0,0.0
0.0,0.0
0.0,0.0
0.0,0.0
0.0,0.0
0.0,0.0
0.0,0.0
0.0,0.0
