Predictions,Actuals
9.496726036071777,9.64
15.660743713378906,13.77
23.132240295410156,22.89
31.201555252075195,31.0
38.528846740722656,40.91
45.089359283447266,46.72
49.402706146240234,50.79
53.22264099121094,52.36
58.1846809387207,57.07
64.27124786376953,63.0
69.35770416259766,69.49
74.56061553955078,74.29
77.36214447021484,75.54
79.44889831542969,82.2
81.82942962646484,84.0
82.63325500488281,88.0
83.57938385009766,77.0
82.9842300415039,76.37
86.83302307128906,89.4
89.44398498535156,84.27
86.43321990966797,85.84
83.7188720703125,91.82
77.21271514892578,77.32
69.06338500976562,84.78
60.250267028808594,50.61
51.066078186035156,54.57
49.459136962890625,49.27
44.7267951965332,36.42
41.27839279174805,51.72
39.781490325927734,31.89
30.200439453125,42.63
24.74746322631836,18.9
15.837111473083496,13.4
12.845175743103027,9.39
9.803114891052246,12.79
10.202091217041016,8.62
5.588460922241211,5.81
4.763001918792725,4.44
2.905449628829956,2.49
1.5948737859725952,1.09
0.0,0.17
0.0,-0.25
0.0,-0.26
0.6192233562469482,-0.24
0.616649866104126,-0.23
0.0,-0.23
0.44776374101638794,-0.23
0.15299811959266663,-0.23
0.0,-0.23
0.0,-0.23
0.0,-0.23
0.0,-0.23
0.0,-0.23
0.0,-0.23
0.0,-0.24
0.0,-0.23
0.0,-0.23
0.0,-0.23
0.0,-0.24
0.0,-0.24
0.0,-0.24
0.0,-0.24
0.0,-0.24
0.0,-0.27
0.0,-0.27
0.0,-0.27
0.0,-0.27
0.0,-0.27
0.0,-0.27
0.0,-0.27
0.0,-0.27
0.0,-0.27
0.0,-0.27
0.0,-0.27
0.0,-0.27
0.0,-0.27
0.0,-0.27
0.0,-0.27
0.0,-0.27
0.0,-0.27
0.0,-0.27
0.0,-0.27
0.0,-0.27
0.0,-0.27
0.0,-0.27
0.0,-0.16
0.0,0.33
0.6499209403991699,1.13
1.7644999027252197,3.2
5.608826160430908,5.67
7.7635016441345215,6.38
9.408309936523438,8.4
10.340645790100098,12.82
11.858255386352539,12.64
12.299684524536133,9.39
14.359671592712402,9.98
17.384674072265625,11.47
19.133974075317383,15.5
20.443950653076172,18.42
22.011613845825195,32.55
29.45368194580078,19.53
33.98453140258789,18.56
45.24892807006836,24.82
58.203617095947266,49.95
67.69534301757812,75.32
64.59355163574219,75.35
50.688323974609375,24.31
37.710086822509766,39.98
41.090599060058594,35.19
35.97197723388672,29.19
33.6524658203125,23.95
30.622940063476562,27.46
31.060041427612305,28.97
27.410999298095703,23.9
24.716569900512695,19.3
20.21497917175293,15.24
20.744199752807617,14.24
20.805097579956055,19.31
18.480703353881836,17.58
17.207298278808594,15.83
17.38616180419922,11.1
14.902012825012207,13.91
15.356432914733887,13.38
13.421341896057129,10.95
10.027497291564941,10.02
7.578835964202881,8.33
5.631828784942627,5.35
3.5582211017608643,7.19
3.695103168487549,3.62
0.3563224673271179,0.6
0.0,0.35
0.0,-0.21
0.0,-0.3
0.0,-0.27
0.0,-0.27
0.0,-0.27
0.0,-0.27
0.0,-0.27
0.0,-0.27
0.0,-0.27
0.0,-0.27
0.0,-0.27
0.0,-0.27
0.0,-0.27
0.0,-0.3
0.0,-0.3
0.0,-0.27
0.0,-0.27
0.0,-0.27
0.0,-0.3
0.0,-0.3
0.0,-0.3
0.0,-0.27
0.0,-0.31
0.0,-0.27
0.0,-0.27
0.0,-0.3
0.0,-0.3
0.0,-0.3
0.0,-0.31
0.0,-0.31
0.0,-0.3
0.0,-0.31
0.0,-0.31
0.0,-0.31
0.0,-0.31
0.0,-0.31
0.0,-0.31
0.0,-0.31
0.0,-0.31
0.0,-0.31
0.0,-0.31
0.0,-0.31
0.0,-0.31
0.0,-0.31
0.0,-0.31
0.0,-0.23
0.0,0.02
1.8073827028274536,1.07
5.631529331207275,7.64
9.979878425598145,5.33
12.529541015625,12.52
17.001924514770508,16.43
19.421127319335938,24.25
21.103635787963867,17.53
21.115991592407227,17.13
22.4052734375,16.28
25.42709732055664,23.33
29.81922721862793,28.68
31.072994232177734,25.83
33.021785736083984,25.48
31.397388458251953,30.35
32.95069122314453,39.71
37.296180725097656,33.08
42.34853744506836,32.26
52.88307189941406,41.46
66.9100112915039,38.06
80.19364166259766,94.07
91.96215057373047,92.12
85.43171691894531,83.79
81.29454803466797,75.95
76.4447021484375,75.44
72.88202667236328,70.07
65.9391860961914,63.85
58.15664291381836,61.74
51.13752746582031,56.37
43.04952621459961,31.36
34.557132720947266,37.02
31.26780891418457,26.59
25.594118118286133,30.11
20.080169677734375,22.61
13.930124282836914,8.22
8.1566743850708,7.71
4.407111167907715,5.41
2.841623306274414,3.49
1.4979034662246704,2.13
1.2802515029907227,0.8699999999999999
0.0,-0.26
0.0,-0.26
0.0,-0.23
0.0,-0.26
0.46155720949172974,-0.23
0.0,-0.22
0.0,-0.23
0.0,-0.23
0.0,-0.27
0.0,-0.27
0.0,-0.27
0.0,-0.27
0.0,-0.27
0.0,-0.27
0.0,-0.27
0.0,-0.27
0.0,-0.27
0.0,-0.27
0.0,-0.27
0.0,-0.27
0.0,-0.27
0.0,-0.27
0.0,-0.27
0.0,-0.27
0.0,-0.27
0.0,-0.27
0.0,-0.27
0.0,-0.27
0.0,-0.27
0.0,-0.27
0.0,-0.27
0.0,-0.27
0.0,-0.3
0.0,-0.27
0.0,-0.27
0.0,-0.27
0.0,-0.27
0.0,-0.3
0.0,-0.3
0.0,-0.31
0.0,-0.3
0.0,-0.3
0.0,-0.27
0.0,-0.29
0.0,-0.27
0.0,0.26
0.0,0.91
0.36284339427948,1.53
1.9169878959655762,3.04
3.8215136528015137,4.85
9.883533477783203,8.18
14.351234436035156,10.64
19.52863121032715,14.33
24.77931785583496,19.39
28.071773529052734,29.13
30.11565399169922,32.86
25.164865493774414,18.67
19.445913314819336,18.46
19.678184509277344,15.06
19.861522674560547,25.73
27.555816650390625,18.64
32.9973258972168,12.81
43.74934768676758,46.05
58.36775588989258,47.49
64.1716537475586,51.54
70.38714599609375,92.41
71.78357696533203,44.28
62.00349807739258,57.18
65.89575958251953,88.26
61.817508697509766,58.07000000000001
50.2945556640625,46.36
48.23061752319336,40.44
50.02302169799805,52.32
53.06169128417969,57.09
50.11552810668945,51.48
46.01963806152344,47.77
42.86705780029297,44.72
36.847564697265625,37.41
30.388622283935547,31.57
24.17671775817871,22.13
16.47723960876465,19.29
14.538979530334473,13.53
8.737635612487793,9.29
5.703983306884766,5.7
1.0942752361297607,3.41
0.0,1.77
0.0,0.24
0.0,-0.31
0.0,-0.27
0.0,-0.24
0.0,-0.23
0.0,-0.23
0.0,-0.23
0.0,-0.23
0.0,-0.24
0.0,-0.27
0.0,-0.24
0.0,-0.27
0.0,-0.27
0.0,-0.24
0.0,-0.27
0.0,-0.27
0.0,-0.24
0.0,-0.27
0.0,-0.27
0.0,-0.27
0.0,-0.27
0.0,-0.27
0.0,-0.27
0.0,-0.27
0.0,-0.27
0.0,-0.27
0.0,-0.27
0.0,-0.27
0.0,-0.27
0.0,-0.27
0.0,-0.27
0.0,-0.27
0.0,-0.27
0.0,-0.27
0.0,-0.27
0.0,-0.27
0.0,-0.27
0.0,-0.27
0.0,-0.27
0.0,-0.3
0.0,-0.3
0.0,-0.27
0.0,-0.27
0.0,-0.3
0.0,0.47
0.0,2.39
2.764211416244507,4.42
4.778383731842041,6.4
8.529401779174805,9.61
12.584901809692383,11.06
18.41852378845215,15.51
26.189788818359375,27.07
33.773563385009766,32.76
40.05944061279297,39.42999999999999
46.06747817993164,45.86
51.7891731262207,48.87
57.59160614013672,56.2
63.35227966308594,62.86
69.20098876953125,67.14
74.29759216308594,69.44
79.81475830078125,74.32
85.423828125,78.08
88.22893524169922,81.41
89.72369384765625,90.8
87.95326232910156,98.19
82.39628601074219,86.38
72.70320129394531,53.62
66.3892593383789,71.29
65.82829284667969,80.23
60.12626266479492,55.6
50.61437225341797,47.26
46.64510726928711,43.48
45.46476364135742,41.26
40.990264892578125,47.93
38.591102600097656,40.35
31.679155349731445,31.09
23.251623153686523,20.95
17.536434173583984,20.21
12.499666213989258,11.37
10.126426696777344,9.4
6.852120876312256,7.22
2.6245625019073486,5.48
1.9299050569534302,3.0
1.6634557247161865,1.86
0.0,1.0
0.8618500828742981,0.33
0.0,-0.27
0.21853047609329224,-0.24
0.0,-0.23
0.0,-0.23
0.0,-0.23
0.0,-0.23
0.0,-0.23
0.0,-0.24
0.0,-0.23
0.0,-0.27
0.0,-0.27
0.0,-0.27
0.0,-0.27
0.0,-0.27
0.0,-0.27
0.0,-0.27
0.0,-0.27
0.0,-0.27
0.0,-0.27
0.0,-0.27
0.0,-0.27
0.0,-0.27
0.0,-0.27
0.0,-0.27
0.0,-0.27
0.0,-0.27
0.0,-0.27
0.0,-0.27
0.0,-0.27
0.0,-0.27
0.0,-0.27
0.0,-0.27
0.0,-0.27
0.0,-0.27
0.0,-0.27
0.0,-0.27
0.0,-0.27
0.0,-0.27
0.0,-0.27
0.0,-0.27
0.0,-0.27
0.0,-0.27
0.0,-0.27
0.0,-0.3
0.0,-0.18
0.0,0.8
0.0,0.71
0.0,0.74
0.741547703742981,0.57
3.1386842727661133,3.75
6.350986003875732,4.34
8.750604629516602,8.13
11.299808502197266,9.99
12.56547737121582,13.5
15.15674114227295,17.23
17.972177505493164,8.17
22.493696212768555,19.31
28.56249237060547,16.22
31.060945510864258,37.71
34.119834899902344,26.81
29.35279655456543,37.09
26.584266662597656,25.73
19.296485900878906,8.78
16.892873764038086,7.4
24.637611389160156,34.48
33.42766571044922,28.44
27.96658706665039,8.96
31.109067916870117,34.19
42.69704818725586,40.56
46.34199142456055,53.64
47.95842361450195,35.14
48.2181396484375,15.57
55.03372573852539,92.71
66.7997817993164,59.1
56.959205627441406,41.91
59.70606994628906,59.4
64.80304718017578,60.42
66.61595153808594,75.79
66.48653411865234,71.31
62.3295783996582,51.74
57.979698181152344,61.150000000000006
57.645851135253906,57.12
53.15319061279297,56.07
48.7614860534668,52.9
41.471187591552734,37.26
32.71637725830078,32.76
29.31496810913086,37.04
26.14497947692871,23.28
19.984249114990234,21.92
16.80693817138672,17.29
11.535103797912598,14.02
7.355530738830566,8.61
4.36881160736084,5.62
1.9367128610610962,3.67
0.0,2.62
0.0,0.24
0.17675000429153442,-0.37
0.0,-0.27
0.0,-0.24
0.0,-0.23
0.0,-0.24
0.07217679172754288,-0.24
0.0,-0.24
0.0,-0.24
0.0,-0.24
0.0,-0.27
0.0,-0.27
0.0,-0.27
0.0,-0.27
0.0,-0.27
0.0,-0.27
0.0,-0.27
0.0,-0.27
0.0,-0.27
0.0,-0.27
0.0,-0.27
0.0,-0.27
0.0,-0.27
0.0,-0.27
0.0,-0.27
0.0,-0.27
0.0,-0.27
0.0,-0.27
0.0,-0.27
0.0,-0.27
0.0,-0.27
0.0,-0.27
0.0,-0.27
0.0,-0.27
0.0,-0.27
0.0,-0.27
0.0,-0.27
0.0,-0.27
0.0,-0.27
0.0,-0.27
0.0,-0.27
0.0,-0.27
0.0,-0.27
0.0,-0.27
0.0,0.33
0.0,1.7399999999999998
2.5113131999969482,3.54
3.9051101207733154,5.89
7.453770637512207,9.63
12.470290184020996,14.54
18.213037490844727,16.12
24.16431999206543,23.96
30.650407791137695,27.71
37.035213470458984,38.55
43.77020263671875,43.68
48.23419189453125,43.35
53.450138092041016,52.27
61.1175422668457,56.47
66.9034423828125,64.33
71.97230529785156,69.03
76.24249267578125,72.5
80.8104476928711,80.05
84.89403533935547,82.35
86.2392807006836,84.24
87.50353240966797,88.86
86.15747833251953,84.29
81.4360122680664,81.54
78.23136138916016,80.27
74.9753189086914,75.31
69.4999771118164,71.55
65.46472930908203,66.18
60.450557708740234,61.41
55.300193786621094,56.47
49.700382232666016,50.08
43.170616149902344,44.46
37.11990737915039,38.22
30.161680221557617,31.17
23.890840530395508,23.48
16.116121292114258,17.74
12.630483627319336,13.31
8.20897102355957,8.52
3.3770053386688232,2.78
0.0,0.77
0.0,0.33
0.0,-0.24
0.23727241158485413,-0.27
0.0,-0.23
0.0,-0.23
0.0,-0.23
0.0,-0.23
0.0,-0.23
0.0,-0.23
0.0,-0.25
0.0,-0.25
0.0,-0.27
0.0,-0.27
0.0,-0.27
0.0,-0.24
0.0,-0.27
0.0,-0.27
0.0,-0.27
0.0,-0.27
0.0,-0.27
0.0,-0.27
0.0,-0.27
0.0,-0.27
0.0,-0.27
0.0,-0.27
0.0,-0.27
0.0,-0.27
0.0,-0.27
0.0,-0.27
0.0,-0.27
0.0,-0.27
0.0,-0.27
0.0,-0.27
0.0,-0.27
0.0,-0.27
0.0,-0.27
0.0,-0.27
0.0,-0.27
0.0,-0.27
0.0,-0.27
0.0,-0.27
0.0,-0.27
0.0,-0.27
0.0,-0.27
0.0,-0.27
0.0,-0.15
0.0,0.53
0.02448946237564087,2.2
2.548893928527832,4.77
7.934552192687988,8.97
14.50139045715332,14.48
21.783540725708008,20.84
28.358600616455078,27.99
35.3029670715332,34.85
42.82980728149414,41.43
49.273338317871094,48.24
55.97750473022461,54.12
61.36285400390625,60.02
66.01326751708984,65.3
70.5708236694336,69.78
74.9310073852539,74.06
79.86194610595703,78.46
83.40733337402344,82.05
85.78791046142578,85.04
86.78337860107422,87.78
86.19905853271484,87.46
82.07115936279297,83.84
79.8183364868164,80.2
76.23228454589844,76.39
72.52952575683594,72.37
68.11780548095703,67.62
63.08089065551758,62.96
56.861900329589844,57.44
51.0359001159668,51.96
43.8521842956543,45.71
38.1071891784668,39.53
29.40785789489746,32.93
23.76849365234375,25.85
18.49126434326172,18.92
13.340326309204102,12.88
8.326468467712402,7.66
3.7135837078094482,3.8
2.4120590686798096,1.58
0.565141499042511,0.44
0.0,0.01
0.0,-0.27
0.0,-0.23
0.0,-0.23
0.0,-0.23
0.0,-0.23
0.0,-0.23
0.0,-0.23
0.0,-0.23
0.0,-0.23
0.0,-0.22
0.0,-0.23
0.0,-0.24
0.0,-0.23
0.0,-0.23
0.0,-0.26
0.0,-0.26
0.0,-0.27
0.0,-0.27
0.0,-0.27
0.0,-0.26
0.0,-0.27
0.0,-0.27
0.0,-0.27
0.0,-0.27
0.0,-0.27
0.0,-0.27
0.0,-0.27
0.0,-0.27
0.0,-0.27
0.0,-0.27
0.0,-0.27
0.0,-0.27
0.0,-0.27
0.0,-0.27
0.0,-0.27
0.0,-0.27
0.0,-0.27
0.0,-0.27
0.0,-0.27
0.0,-0.27
0.0,-0.27
0.0,-0.27
0.0,-0.27
0.0,0.08
0.0,1.06
1.236730933189392,2.15
3.6654763221740723,4.81
9.00771427154541,9.01
14.477302551269531,14.44
20.32509994506836,20.48
26.833538055419922,27.11
33.61067581176758,33.26
40.28893280029297,38.42
47.06568145751953,44.5
53.04653549194336,50.32
59.46315383911133,55.95
65.81242370605469,61.69
72.04583740234375,67.9
77.951416015625,72.59
82.73100280761719,78.36
85.1017074584961,81.56
85.8531723022461,85.23
84.98371887207031,89.11
81.07560729980469,79.78
74.84759521484375,71.24
72.56050109863281,64.38
73.17262268066406,79.52
74.80553436279297,68.9
69.82353973388672,69.71
67.85343170166016,67.74
64.74263763427734,67.52
59.187740325927734,59.85
54.57171630859375,52.24
50.39036178588867,46.87
46.1978645324707,50.11
42.92802047729492,42.47
35.90590286254883,38.87
27.298044204711914,27.54
22.32745933532715,24.74
16.46064567565918,14.55
9.326153755187988,11.14
5.081741809844971,6.68
3.633901834487915,5.39
3.551982879638672,2.92
2.29329514503479,1.7399999999999998
0.0,0.18
0.7191057801246643,-0.34
0.0,-0.24
0.0,-0.23
0.0,-0.24
0.0,-0.24
0.0,-0.23
0.0,-0.23
0.0,-0.23
0.0,-0.22
0.0,-0.23
0.0,-0.23
0.0,-0.23
0.0,-0.23
0.0,-0.24
0.0,-0.24
0.0,-0.27
0.0,-0.24
0.0,-0.27
0.0,-0.27
0.0,-0.27
0.0,-0.27
0.0,-0.27
0.0,-0.27
0.0,-0.27
0.0,-0.27
0.0,-0.27
0.0,-0.27
0.0,-0.27
0.0,-0.27
0.0,-0.27
0.0,-0.27
0.0,-0.27
0.0,-0.27
0.0,-0.27
0.0,-0.27
0.0,-0.27
0.0,-0.27
0.0,-0.27
0.0,-0.27
0.0,-0.27
0.0,-0.27
0.0,-0.27
0.0,-0.27
0.0,0.15
0.0,1.07
0.7098432779312134,1.93
2.3064253330230713,5.07
8.355504035949707,9.83
15.63961124420166,15.11
22.553667068481445,21.02
28.328035354614258,27.54
36.01248550415039,34.4
42.83629608154297,40.9
49.129737854003906,47.29
55.50562286376953,52.99
61.71123504638672,58.87
67.75890350341797,64.35
73.16604614257812,69.08
77.24921417236328,73.36
81.12757110595703,77.57
83.9640121459961,81.29
86.3479232788086,84.45
86.46690368652344,87.22
83.58293914794922,83.5
79.59309387207031,79.49
76.4926528930664,76.22
71.86961364746094,71.76
66.22215270996094,66.9
61.56954574584961,61.73
55.184879302978516,56.38
49.29984664916992,50.35
43.1772346496582,44.27
33.90807342529297,37.87
27.435583114624023,31.45
22.493572235107422,24.65
17.8153076171875,18.14
12.898066520690918,12.53
5.9823384284973145,8.51
3.919904947280884,6.38
3.1452603340148926,4.43
1.0571246147155762,6.07
1.223426103591919,0.73
0.0,-0.42
0.0,-0.23
0.0,-0.24
0.0,-0.24
0.0,-0.26
0.0,-0.27
0.0,-0.27
0.0,-0.27
0.0,-0.27
0.0,-0.27
0.0,-0.27
0.0,-0.27
0.0,-0.27
0.0,-0.27
0.0,-0.27
0.0,-0.27
0.0,-0.27
0.0,-0.27
0.0,-0.27
0.0,-0.27
0.0,-0.27
0.0,-0.27
0.0,-0.27
0.0,-0.27
0.0,-0.27
0.0,-0.27
0.0,-0.27
0.0,-0.27
0.0,-0.27
0.0,-0.27
0.0,-0.3
0.0,-0.27
0.0,-0.27
0.0,-0.27
0.0,-0.27
0.0,-0.3
0.0,-0.3
0.0,-0.27
0.0,-0.3
0.0,-0.27
0.0,-0.3
0.0,-0.27
0.0,-0.3
0.0,0.07
0.0,1.31
0.0,2.83
2.526522159576416,5.62
7.960475921630859,9.23
14.143135070800781,14.14
20.91042137145996,19.97
27.763628005981445,26.9
35.50684356689453,33.21
42.65593719482422,39.52
49.17131805419922,45.99
55.824520111083984,52.04
62.0465202331543,57.44
66.70563507080078,62.2
71.7795639038086,67.48
76.16218566894531,72.31
80.44832611083984,76.16
84.16474914550781,79.26
88.55262756347656,81.98
89.008056640625,84.19
89.05653381347656,87.1
85.9720458984375,86.8
81.50434875488281,81.01
75.02937316894531,83.4
70.28182983398438,52.22
65.0634536743164,72.63
67.226318359375,70.0
60.00566864013672,65.96
53.120174407958984,51.5
45.302284240722656,47.11
40.805999755859375,46.13
37.161865234375,29.88
28.779115676879883,38.25
21.73380470275879,23.64
11.85119915008545,12.88
8.269463539123535,11.61
8.949288368225098,5.22
5.2943925857543945,7.73
3.1239278316497803,6.65
3.252711296081543,4.35
0.0,2.27
0.0,0.52
0.0,-0.37
0.0,-0.24
0.0,-0.23
0.0,-0.23
0.0,-0.23
0.0,-0.23
0.0,-0.23
0.0,-0.23
0.0,-0.25
0.0,-0.23
0.0,-0.26
0.0,-0.24
0.0,-0.24
0.0,-0.24
0.0,-0.27
0.0,-0.27
0.0,-0.27
0.0,-0.27
0.0,-0.27
0.0,-0.27
0.0,-0.27
0.0,-0.27
0.0,-0.27
0.0,-0.27
0.0,-0.27
0.0,-0.27
0.0,-0.27
0.0,-0.27
0.0,-0.27
0.0,-0.27
0.0,-0.27
0.0,-0.27
0.0,-0.27
0.0,-0.27
0.0,-0.27
0.0,-0.27
0.0,-0.27
0.0,-0.27
0.0,-0.27
0.0,-0.3
0.0,-0.27
0.0,-0.27
0.0,-0.27
0.0,0.03
0.0,1.11
0.666647732257843,2.57
3.761209487915039,5.38
8.778191566467285,9.11
14.253242492675781,14.18
20.63690757751465,20.15
27.30866050720215,26.78
34.30338668823242,33.07
40.7479248046875,39.28
46.861995697021484,45.58
53.291927337646484,51.7
59.31830596923828,57.48
64.36344909667969,62.64
69.66170501708984,67.11
77.49378967285156,71.54
81.77491760253906,75.01
83.86695098876953,78.09
84.83197021484375,81.14
82.82933807373047,83.86
78.63243865966797,85.77
71.33552551269531,55.67
64.05743408203125,68.22
64.15166473388672,57.22
60.41189956665039,63.1
58.61544418334961,56.86
52.21947479248047,51.82
46.99323654174805,43.68
41.09562683105469,40.71
36.003753662109375,35.52
29.264589309692383,29.08
21.657512664794922,22.76
14.805588722229004,15.18
9.212675094604492,11.72
5.589690685272217,7.7
1.0382930040359497,1.89
0.0,0.35
0.1140260323882103,0.15
0.0,-0.23
0.0,-0.23
0.0,-0.22
0.0,-0.22
0.0,-0.22
0.0,-0.22
0.0,-0.22
0.0,-0.23
0.0,-0.23
0.0,-0.22
0.0,-0.23
0.0,-0.22
0.0,-0.23
0.0,-0.23
0.0,-0.23
0.0,-0.23
0.0,-0.23
0.0,-0.23
0.0,-0.27
0.0,-0.27
0.0,-0.27
0.0,-0.27
0.0,-0.27
0.0,-0.27
0.0,-0.27
0.0,-0.27
0.0,-0.27
0.0,-0.27
0.0,-0.27
0.0,-0.27
0.0,-0.27
0.0,-0.27
0.0,-0.27
0.0,-0.27
0.0,-0.27
0.0,-0.27
0.0,-0.27
0.0,-0.27
0.0,-0.27
0.0,-0.27
0.0,-0.27
0.0,-0.27
0.0,-0.27
0.0,-0.27
0.0,0.99
1.9138990640640259,3.87
6.369518280029297,7.62
11.805526733398438,11.5
15.501458168029785,16.4
22.542238235473633,21.86
28.33657455444336,29.54
33.980430603027344,36.47
37.807098388671875,38.32
40.15581130981445,38.59
43.91901779174805,46.78
47.16849136352539,45.9
50.58250045776367,47.74
54.444419860839844,47.92
59.32662582397461,61.150000000000006
65.53996276855469,61.83
66.77753448486328,59.6
69.85358428955078,70.26
76.99747467041016,70.06
80.1144027709961,77.44
80.98665618896484,67.52
75.34247589111328,71.88
69.81949615478516,80.16999999999999
57.168663024902344,74.37
36.0767936706543,12.55
16.849225997924805,11.06
17.27803611755371,9.59
15.790311813354492,11.58
17.23969841003418,13.34
18.795753479003906,14.82
18.213464736938477,14.99
19.86722183227539,11.18
20.352567672729492,13.2
21.644271850585938,21.37
20.543928146362305,17.86
16.74506950378418,12.6
12.636744499206543,9.77
10.055679321289062,6.26
7.232446193695068,2.32
2.6773524284362793,1.04
1.6048656702041626,0.67
2.3817710876464844,1.23
3.6021194458007812,2.51
4.968776702880859,2.66
5.228707790374756,3.03
4.6724934577941895,3.67
4.596802711486816,4.42
1.916644811630249,4.15
1.1563067436218262,2.87
1.7442755699157715,1.09
0.3152969777584076,0.0
0.0,-0.27
0.0,-0.27
0.0,-0.24
0.0,-0.27
0.0,-0.27
0.0,-0.24
0.0,-0.27
0.0,-0.24
0.0,-0.24
0.0,-0.27
0.0,-0.27
0.0,-0.27
0.0,-0.27
0.0,-0.27
0.0,-0.27
0.0,-0.27
0.0,-0.27
0.0,-0.27
0.0,-0.27
0.0,-0.27
0.0,-0.27
0.0,-0.27
0.0,-0.27
0.0,-0.27
0.0,-0.27
0.0,-0.27
0.0,-0.27
0.0,-0.27
0.0,-0.27
0.0,-0.27
0.0,-0.27
0.0,-0.27
0.0,-0.27
0.0,-0.27
0.0,-0.27
0.0,-0.27
0.0,-0.27
0.0,-0.27
0.0,-0.27
0.0,-0.27
0.0,-0.27
0.0,-0.27
0.0,-0.27
0.0,-0.27
0.0,-0.17
0.0,0.98
1.6473498344421387,3.47
4.377254009246826,5.59
8.158150672912598,9.05
12.215428352355957,14.78
16.407405853271484,17.48
20.29456901550293,24.94
26.215068817138672,18.23
32.55561828613281,25.22
42.08674240112305,38.81
50.26879119873047,49.9
54.42288589477539,52.52
56.359642028808594,58.02
55.348609924316406,55.92
52.56199264526367,45.41
52.75592803955078,49.8
53.950531005859375,50.53
53.257232666015625,51.44
52.11893081665039,39.66
50.32958984375,52.53
52.70557403564453,52.8
51.866519927978516,40.11
48.92778015136719,41.87
51.82197189331055,46.44
52.84977340698242,49.01
53.01369857788086,50.45
51.11475372314453,46.76
50.85216522216797,37.5
52.19554901123047,49.86
53.89131164550781,43.91
47.85449981689453,44.65
44.93446731567383,45.71
39.24491500854492,41.61
31.49419593811035,25.28
25.041305541992188,22.21
26.155439376831055,20.26
24.892719268798828,22.5
22.919584274291992,22.0
21.85260772705078,22.15
17.148853302001953,17.04
13.232564926147461,11.01
10.4972562789917,8.74
6.598217010498047,6.31
6.344824314117432,4.43
5.617153167724609,5.61
2.838587760925293,4.49
0.8491321802139282,0.88
0.4431228041648865,0.24
0.0,-0.27
0.0,-0.27
0.0,-0.27
0.0,-0.27
0.07790833711624146,-0.27
0.0,-0.27
0.0,-0.27
0.0,-0.3
0.0,-0.3
0.0,-0.3
0.0,-0.27
0.0,-0.3
0.0,-0.27
0.0,-0.27
0.0,-0.27
0.0,-0.27
0.0,-0.27
0.0,-0.27
0.0,-0.27
0.0,-0.27
0.0,-0.27
0.0,-0.27
0.0,-0.27
0.0,-0.27
0.0,-0.27
0.0,-0.27
0.0,-0.27
0.0,-0.27
0.0,-0.27
0.0,-0.27
0.0,-0.27
0.0,-0.27
0.0,-0.27
0.0,-0.27
0.0,-0.27
0.0,-0.27
0.0,-0.27
0.0,-0.27
0.0,-0.27
0.0,-0.27
0.0,-0.27
0.0,-0.27
0.0,-0.27
0.0,-0.27
0.0,-0.27
0.0,-0.27
0.0,-0.19
0.0,1.11
0.0,0.48
0.0,1.67
0.9635529518127441,1.44
5.619384765625,5.28
9.805192947387695,16.43
16.64971351623535,14.65
20.472856521606445,16.41
26.967838287353516,25.61
31.54706573486328,35.0
33.37081527709961,37.61
35.299964904785156,35.57
35.85041427612305,32.48
40.096473693847656,34.91
48.95149230957031,34.37
57.17250442504883,60.44
64.34185791015625,53.32
62.25534439086914,45.47
59.88174819946289,89.7
55.24644088745117,42.85
33.63193893432617,28.42
30.25646209716797,24.72
27.49541664123535,24.46
26.180971145629883,22.18
26.517635345458984,21.98
26.059961318969727,20.47
24.498493194580078,19.84
23.696691513061523,21.4
25.281457901000977,21.94
23.5554141998291,24.18
24.34698486328125,23.66
25.039024353027344,20.63
26.230247497558594,23.24
28.680011749267578,26.24
33.00727081298828,32.31
32.5155029296875,41.08
29.131561279296875,23.71
25.121864318847656,23.53
24.322494506835938,25.55
26.718860626220703,28.31
27.41291046142578,26.55
26.427581787109375,34.07
21.744949340820312,20.51
16.020483016967773,21.11
15.151226043701172,20.89
9.043424606323242,11.66
2.4819741249084473,7.09
1.4635916948318481,1.59
0.0,-0.01
0.0,-0.3
0.0,-0.24
0.0,-0.24
0.0,-0.24
0.0,-0.24
0.0,-0.24
0.0,-0.27
0.0,-0.27
0.0,-0.27
0.0,-0.27
0.0,-0.27
0.0,-0.27
0.0,-0.27
0.0,-0.27
0.0,-0.27
0.0,-0.27
0.0,-0.27
0.0,-0.27
0.0,-0.27
0.0,-0.27
0.0,-0.27
0.0,-0.27
0.0,-0.27
0.0,-0.27
0.0,-0.27
0.0,-0.27
0.0,-0.27
0.0,-0.27
0.0,-0.27
0.0,-0.27
0.0,-0.27
0.0,-0.27
0.0,-0.27
0.0,-0.27
0.0,-0.27
0.0,-0.27
0.0,-0.27
0.0,-0.27
0.0,-0.27
0.0,-0.27
0.0,-0.27
0.0,-0.27
0.0,-0.27
0.0,-0.27
0.0,-0.21
0.0,0.35
0.0,0.51
1.7518188953399658,4.25
4.455893516540527,6.84
7.926877975463867,9.21
12.496136665344238,12.8
19.420166015625,18.56
27.52578353881836,25.69
37.1964111328125,18.1
47.30049133300781,49.81
60.98011016845703,56.62
68.12960815429688,64.45
71.27078247070312,70.27
73.42501831054688,77.6
74.46314239501953,70.38
72.2636947631836,81.98
71.21038818359375,61.1
69.09342193603516,57.85
72.71026611328125,78.69
77.5491714477539,76.59
77.11373901367188,61.12
77.75546264648438,75.83
83.40560150146484,81.63
84.13619995117188,85.08
79.79156494140625,73.31
74.63410949707031,69.7
68.33760070800781,70.95
61.47052764892578,78.1
52.13964080810547,41.19
41.527809143066406,43.61
40.488525390625,44.6
39.70600891113281,37.18
36.03636932373047,37.15
36.229854583740234,35.98
36.962162017822266,40.01
33.62933349609375,33.08
30.80500030517578,34.09
26.74527931213379,25.61
20.605478286743164,25.98
16.93245506286621,18.84
8.101778030395508,11.47
5.8269853591918945,7.12
3.5753326416015625,4.1
0.0,2.08
0.0,0.49
0.0,-0.26
0.0,-0.27
0.0,-0.24
0.0,-0.24
0.0,-0.24
0.0,-0.24
0.0,-0.27
0.0,-0.24
0.0,-0.27
0.0,-0.24
0.0,-0.27
0.0,-0.27
0.0,-0.27
0.0,-0.27
0.0,-0.27
0.0,-0.27
0.0,-0.27
0.0,-0.27
0.0,-0.27
0.0,-0.27
0.0,-0.27
0.0,-0.27
0.0,-0.27
0.0,-0.27
0.0,-0.27
0.0,-0.27
0.0,-0.27
0.0,-0.27
0.0,-0.27
0.0,-0.27
0.0,-0.27
0.0,-0.27
0.0,-0.27
0.0,-0.27
0.0,-0.27
0.0,-0.27
0.0,-0.27
0.0,-0.27
0.0,-0.27
0.0,-0.27
0.0,-0.27
0.0,-0.27
0.0,-0.27
0.0,-0.27
0.0,-0.11
0.0,0.88
0.0,2.96
4.177574634552002,5.75
8.154646873474121,9.09
13.039778709411621,13.1
18.494905471801758,18.74
24.825275421142578,23.97
31.430065155029297,30.55
38.67734909057617,36.69
44.7401237487793,42.12
51.34201431274414,48.07
57.69131088256836,53.18
63.99555969238281,60.03
68.8800048828125,66.07
74.23590087890625,70.41
77.80734252929688,74.92
81.78284454345703,78.15
84.65943908691406,80.78
87.34181213378906,82.51
89.13616943359375,87.59
91.4437255859375,84.28
93.25930786132812,91.26
95.41783142089844,90.03
91.94276428222656,87.69
89.1988754272461,84.81
87.03829193115234,94.8
81.17928314208984,80.8
72.7940673828125,59.45
64.82624816894531,50.92
58.279388427734375,81.58
56.3035774230957,61.71
44.730072021484375,37.2
38.5330924987793,31.28
43.95532989501953,39.58
49.7380485534668,45.19
49.8594856262207,58.45
48.10141372680664,51.19
41.68817138671875,42.92
33.665618896484375,35.2
23.87615203857422,28.24
18.475679397583008,22.28
13.293169975280762,16.11
8.198563575744629,10.85
5.075523853302002,6.75
1.6569924354553223,3.67
0.0,1.67
0.0,0.34
0.0,-0.3
0.0,-0.24
0.0,-0.23
0.0,-0.23
0.0,-0.23
0.0,-0.22
0.0,-0.23
0.0,-0.23
0.0,-0.24
0.0,-0.24
0.0,-0.27
0.0,-0.27
0.0,-0.27
0.0,-0.27
0.0,-0.27
0.0,-0.27
0.0,-0.27
0.0,-0.27
0.0,-0.27
0.0,-0.27
0.0,-0.27
0.0,-0.27
0.0,-0.27
0.0,-0.27
0.0,-0.27
0.0,-0.27
0.0,-0.27
0.0,-0.27
0.0,-0.27
0.0,-0.27
0.0,-0.27
0.0,-0.27
0.0,-0.27
0.0,-0.27
0.0,-0.27
0.0,-0.27
0.0,-0.27
0.0,-0.27
0.0,-0.27
0.0,-0.27
0.0,-0.27
0.0,-0.27
0.0,-0.27
0.0,-0.27
0.0,-0.1
0.0,0.79
0.0,2.73
4.127101898193359,5.44
7.932943820953369,8.77
13.267695426940918,13.53
19.636383056640625,19.01
25.956207275390625,24.6
32.92485809326172,30.61
39.560245513916016,37.1
46.402950286865234,43.49
53.00822067260742,49.94
59.22077178955078,55.17
64.4223403930664,60.71
70.05917358398438,64.73
74.61231231689453,70.17
79.65364837646484,75.12
83.67066955566406,77.78
86.08586120605469,82.68
85.17263793945312,80.5
78.66275787353516,78.39
70.00186157226562,75.82
60.556880950927734,54.82
48.93265914916992,42.31
41.977779388427734,32.53
36.17655944824219,32.78
32.1242790222168,45.82
29.359676361083984,27.14
22.049713134765625,14.67
20.377321243286133,10.94
25.171049118041992,12.88
30.30402183532715,45.32
30.055377960205078,31.64
17.223979949951172,17.57
9.28106689453125,15.37
6.139421463012695,5.47
3.0737996101379395,3.36
2.8973844051361084,1.91
0.07944982498884201,2.01
3.064342737197876,3.51
0.9085732102394104,3.78
0.0,1.8
0.4931845963001251,-0.13
0.0,-0.24
0.0,-0.24
0.0,-0.23
0.0,-0.23
0.0,-0.24
0.0,-0.23
0.0,-0.24
0.0,-0.24
0.0,-0.24
0.0,-0.27
0.0,-0.27
0.0,-0.27
0.0,-0.27
0.0,-0.27
0.0,-0.27
0.0,-0.27
0.0,-0.24
0.0,-0.24
0.0,-0.24
0.0,-0.24
0.0,-0.24
0.0,-0.24
0.0,-0.24
0.0,-0.24
0.0,-0.24
0.0,-0.24
0.0,-0.24
0.0,-0.27
0.0,-0.27
0.0,-0.27
0.0,-0.27
0.0,-0.27
0.0,-0.27
0.0,-0.27
0.0,-0.27
0.0,-0.27
0.0,-0.27
0.0,-0.27
0.0,-0.27
0.0,-0.27
0.0,-0.27
0.0,-0.27
0.0,-0.27
0.0,-0.2
0.29906269907951355,0.58
5.398590564727783,1.82
9.769164085388184,12.08
15.701107025146484,16.66
17.03740882873535,14.73
17.363422393798828,30.0
19.291027069091797,18.26
14.92758560180664,16.63
16.966384887695312,11.95
19.178434371948242,16.08
25.98749542236328,22.11
33.857845306396484,34.39
40.5009651184082,30.01
43.704437255859375,43.88
48.75016784667969,37.92
50.91096496582031,60.54
52.92141342163086,43.27
45.46963119506836,38.74000000000001
41.94297790527344,38.22
36.868011474609375,45.09
31.223955154418945,29.19
22.370563507080078,15.26
17.20199203491211,8.57
17.556934356689453,12.29
17.670217514038086,19.26
20.27629852294922,18.3
19.66270637512207,15.39
20.270320892333984,13.98
24.81094741821289,17.04
28.184776306152344,24.8
31.80868148803711,33.8
32.91804122924805,31.31
31.436786651611328,26.15
29.2879638671875,25.79
30.520235061645508,31.07
33.826995849609375,26.52
34.59383010864258,29.62
34.58018493652344,38.29
32.53189468383789,31.44
27.109649658203125,27.32
23.586366653442383,24.78
19.144975662231445,16.69
12.43553352355957,10.75
12.076708793640137,8.88
10.743002891540527,10.89
11.221539497375488,15.43
9.093573570251465,11.55
7.7661213874816895,6.81
4.610843181610107,3.68
2.802736520767212,1.77
1.0181926488876343,-0.15
0.0,-0.31
0.0,-0.27
0.0,-0.27
0.0,-0.27
0.0,-0.27
0.0,-0.27
0.0,-0.27
0.0,-0.24
0.0,-0.27
0.0,-0.27
0.0,-0.27
0.0,-0.27
0.0,-0.27
0.0,-0.27
0.0,-0.27
0.0,-0.27
0.0,-0.27
0.0,-0.27
0.0,-0.27
0.0,-0.27
0.0,-0.27
0.0,-0.27
0.0,-0.27
0.0,-0.27
0.0,-0.24
0.0,-0.27
0.0,-0.27
0.0,-0.27
0.0,-0.27
0.0,-0.27
0.0,-0.27
0.0,-0.27
0.0,-0.27
0.0,-0.27
0.0,-0.27
0.0,-0.27
0.0,-0.27
0.0,-0.27
0.0,-0.27
0.0,-0.27
0.0,-0.27
0.0,-0.27
0.0,-0.27
0.0,-0.27
0.0,-0.26
0.0,0.12
0.0,1.41
0.13822540640830994,3.01
4.314713001251221,5.06
8.505322456359863,9.47
16.29149055480957,15.0
24.40931510925293,19.28
33.408653259277344,31.74
43.20766830444336,41.83
51.350059509277344,49.21
58.644527435302734,55.94
65.53898620605469,62.25
71.54957580566406,67.51
78.79369354248047,72.21
86.29654693603516,77.18
87.60435485839844,81.41
83.32170867919922,85.14
78.17056274414062,88.14
70.56749725341797,90.68
59.3630485534668,37.97
47.8798942565918,18.88
55.19725799560547,68.34
67.37080383300781,76.51
61.58308410644531,52.93
55.38543701171875,52.77
54.92997360229492,51.88
54.1056022644043,56.78
50.372047424316406,49.14
43.014503479003906,43.73
33.83042907714844,36.07
26.751039505004883,29.05
20.68431854248047,22.75
14.702348709106445,16.12
9.747917175292969,10.43
5.607072830200195,6.1899999999999995
2.0390665531158447,3.36
0.0,1.35
0.0,0.13
0.0,-0.26
0.0,-0.24
0.01278664916753769,-0.24
0.0,-0.24
0.0,-0.24
0.0,-0.24
0.0,-0.24
0.0,-0.24
0.0,-0.24
0.0,-0.24
0.0,-0.24
0.0,-0.27
0.0,-0.24
0.0,-0.24
0.0,-0.27
0.0,-0.27
0.0,-0.24
0.0,-0.27
0.0,-0.27
0.0,-0.27
0.0,-0.24
0.0,-0.27
0.0,-0.27
0.0,-0.27
0.0,-0.27
0.0,-0.27
0.0,-0.27
0.0,-0.27
0.0,-0.27
0.0,-0.27
0.0,-0.27
0.0,-0.27
0.0,-0.27
0.0,-0.27
0.0,-0.27
0.0,-0.27
0.0,-0.27
0.0,-0.27
0.0,-0.27
0.0,-0.27
0.0,-0.27
0.0,-0.27
0.0,-0.27
0.0,-0.27
0.0,-0.17
0.0,0.76
0.0,2.58
3.7528769969940186,5.34
9.196192741394043,9.48
14.527379035949707,14.56
21.273086547851562,21.2
29.075666427612305,27.96
35.493431091308594,35.24
42.483001708984375,42.09
50.08804702758789,49.2
56.352787017822266,55.64
62.156742095947266,61.54
68.26374816894531,66.97
73.29972076416016,71.98
77.77030944824219,76.29
81.2563705444336,81.02000000000001
84.20315551757812,84.37
85.0005874633789,87.8
85.01966857910156,90.22
81.64421844482422,84.54
77.08485412597656,81.24
72.257568359375,77.06
69.52210998535156,73.69
65.13651275634766,69.64
61.51811981201172,64.19
55.557315826416016,59.37
51.42637634277344,53.06
45.404720306396484,47.61
38.7904052734375,39.11
32.22706604003906,35.16
24.750539779663086,28.51
18.619979858398438,21.74
13.432273864746094,15.72
8.474382400512695,10.66
3.335007667541504,6.47
1.372951865196228,3.34
0.0,1.51
0.0,0.13
0.0,-0.29
0.0,-0.24
0.0,-0.24
0.0,-0.23
0.0,-0.24
0.0,-0.24
0.0,-0.23
0.0,-0.24
0.0,-0.24
0.0,-0.24
0.0,-0.23
0.0,-0.23
0.0,-0.26
0.0,-0.26
0.0,-0.26
0.0,-0.26
0.0,-0.24
0.0,-0.23
0.0,-0.26
0.0,-0.27
0.0,-0.27
0.0,-0.23
0.0,-0.26
0.0,-0.27
0.0,-0.27
0.0,-0.27
0.0,-0.27
0.0,-0.27
0.0,-0.27
0.0,-0.27
0.0,-0.27
0.0,-0.27
0.0,-0.27
0.0,-0.27
0.0,-0.27
0.0,-0.27
0.0,-0.27
0.0,-0.27
0.0,-0.27
0.0,-0.27
0.0,-0.27
0.0,-0.27
0.0,-0.27
0.0,-0.27
0.0,-0.21
0.0,0.72
0.0,2.58
2.1312975883483887,5.28
8.335492134094238,9.34
15.184581756591797,14.57
21.88042640686035,21.05
27.65159797668457,27.91
35.20160675048828,35.08
42.07317352294922,41.65
47.48598861694336,48.07
53.482208251953125,53.83
59.672203063964844,59.14
64.27197265625,64.01
69.3564682006836,69.32
73.46769714355469,73.98
77.65219116210938,78.15
81.33739471435547,81.31
83.7851333618164,84.25
85.38628387451172,87.59
85.21292877197266,90.27
83.24756622314453,85.38
77.69168853759766,82.23
74.17076110839844,78.53
69.98575592041016,75.15
63.89234924316406,71.32
59.555789947509766,66.66
55.99271011352539,60.91
50.58302688598633,55.11
44.85270309448242,49.02
38.663230895996094,43.23
34.984981536865234,36.49
27.4189453125,30.37
20.189348220825195,23.17
13.951154708862305,16.55
7.622171878814697,10.71
1.7173264026641846,6.17
1.7589877843856812,3.17
0.0,1.31
0.0,0.03
0.0,-0.26
0.0,-0.24
0.0,-0.23
0.0,-0.23
0.0,-0.23
0.0,-0.24
0.0,-0.24
0.0,-0.24
0.0,-0.24
0.0,-0.24
0.0,-0.23
0.0,-0.23
0.0,-0.24
0.0,-0.24
0.0,-0.23
0.0,-0.24
0.0,-0.27
0.0,-0.27
0.0,-0.27
0.0,-0.27
0.0,-0.27
0.0,-0.27
0.0,-0.27
0.0,-0.27
0.0,-0.27
0.0,-0.27
0.0,-0.26
0.0,-0.27
0.0,-0.27
0.0,-0.27
0.0,-0.27
0.0,-0.27
0.0,-0.27
0.0,-0.27
0.0,-0.27
0.0,-0.27
0.0,-0.27
0.0,-0.27
0.0,-0.27
0.0,-0.27
0.0,-0.27
0.0,-0.27
0.0,-0.27
0.0,-0.27
0.0,-0.12
0.0,0.65
0.0,2.29
3.0397260189056396,5.26
8.498286247253418,9.81
15.463114738464355,15.32
21.520170211791992,21.47
28.63352394104004,28.4
36.0579833984375,35.4
43.70718002319336,42.46
50.899681091308594,48.95
57.72903823852539,55.63
64.46869659423828,61.44
69.62882232666016,67.33
74.390625,71.92
78.89482116699219,76.37
82.6281967163086,80.2
86.1731185913086,83.61
89.22923278808594,87.12
90.06752014160156,89.59
87.95001220703125,87.62
84.19470977783203,85.71
79.36821746826172,81.46
74.64956665039062,76.95
70.51952362060547,72.47
64.57470703125,67.99
59.78877639770508,59.81
54.73350143432617,59.27
49.191593170166016,49.18
39.7005729675293,42.49
30.884492874145508,33.78
24.12398338317871,29.1
17.720834732055664,22.02
12.87430191040039,15.18
8.975747108459473,9.85
2.588925361633301,5.68
0.8748033046722412,2.86
0.0,1.1
0.0,0.01
0.0,-0.24
0.0,-0.24
0.0,-0.23
0.0,-0.23
0.0,-0.23
0.0,-0.24
0.0,-0.24
0.0,-0.24
0.0,-0.24
0.0,-0.23
0.0,-0.24
0.0,-0.23
0.0,-0.24
0.0,-0.24
0.0,-0.27
0.0,-0.27
0.0,-0.27
0.0,-0.27
0.0,-0.27
0.0,-0.23
0.0,-0.23
0.0,-0.23
0.0,-0.23
0.0,-0.23
0.0,-0.23
0.0,-0.23
0.0,-0.23
0.0,-0.23
0.0,-0.26
0.0,-0.27
0.0,-0.24
0.0,-0.24
0.0,-0.27
0.0,-0.27
0.0,-0.27
0.0,-0.27
0.0,-0.27
0.0,-0.27
0.0,-0.27
0.0,-0.27
0.0,-0.27
0.0,-0.27
0.0,-0.27
0.0,-0.27
0.0,-0.26
0.0,0.44
0.0,1.67
2.549790143966675,4.89
8.212501525878906,8.27
14.118535041809082,15.25
18.475000381469727,21.45
24.999042510986328,28.23
27.677194595336914,30.17
30.899843215942383,26.840000000000003
34.8084716796875,27.55
40.41416549682617,36.68
47.667633056640625,47.07
53.918785095214844,49.51
59.839385986328125,55.41
66.5548095703125,50.78
69.91695404052734,73.38
75.99344635009766,74.58
77.37361907958984,77.64
76.81659698486328,75.87
74.51734924316406,64.42
73.82288360595703,71.94
75.40422058105469,88.29
73.8304443359375,68.99
69.10175323486328,60.09
71.34880065917969,65.78
74.65034484863281,71.03
76.01856231689453,77.94
77.9609603881836,71.81
76.60983276367188,81.27
77.50418090820312,82.11
71.25458526611328,61.61
69.8812026977539,79.29
70.3326187133789,73.44
60.6358642578125,64.17
56.439002990722656,61.66
55.5640869140625,54.14
50.1978759765625,55.22
48.9508056640625,49.19
42.510440826416016,44.1
36.573402404785156,37.12
29.450475692749023,31.44
23.732757568359375,24.46
16.717792510986328,19.08
12.645190238952637,13.89
5.6841559410095215,9.41
3.5695643424987793,5.81
2.498922109603882,2.98
0.0,0.95
0.0,-0.12
0.0,-0.27
0.0,-0.24
0.0,-0.24
0.0,-0.23
0.0,-0.24
0.0,-0.24
0.0,-0.24
0.0,-0.23
0.0,-0.24
0.0,-0.23
0.0,-0.26
0.0,-0.27
0.0,-0.27
0.0,-0.27
0.0,-0.27
0.0,-0.27
0.0,-0.27
0.0,-0.27
0.0,-0.27
0.0,-0.23
0.0,-0.23
0.0,-0.23
0.0,-0.23
0.0,-0.23
0.0,-0.23
0.0,-0.23
0.0,-0.23
0.0,-0.24
0.0,-0.24
0.0,-0.27
0.0,-0.27
0.0,-0.27
0.0,-0.24
0.0,-0.27
0.0,-0.27
0.0,-0.27
0.0,-0.27
0.0,-0.27
0.0,-0.27
0.0,-0.27
0.0,-0.27
0.0,-0.27
0.0,-0.27
0.0,-0.27
0.0,-0.26
0.0,0.57
0.6056066751480103,2.57
4.2360920906066895,5.21
7.7505364418029785,8.88
12.250341415405273,13.3
18.431777954101562,18.95
25.455398559570312,24.69
31.723825454711914,31.11
39.25465393066406,37.8
45.757659912109375,44.2
51.95930862426758,50.39
57.560062408447266,56.54
62.88589859008789,62.31
67.8646011352539,67.06
71.90534210205078,71.37
76.65576934814453,75.36
80.21282196044922,79.16
82.58692932128906,82.46
83.6616439819336,86.13
83.77254486083984,89.88
83.66126251220703,88.94999999999999
82.32940673828125,74.47
81.07999420166016,84.58
83.63426971435547,83.37
82.55323028564453,93.16
80.72721099853516,83.03
76.29307556152344,75.25
72.74871063232422,76.85
70.80839538574219,75.81
67.08910369873047,71.02
61.70928192138672,67.33
56.491207122802734,58.35
49.654090881347656,54.68
46.20504379272461,49.07
40.776485443115234,43.23
36.270652770996094,38.17
27.940547943115234,32.77
24.6484375,26.4
17.151926040649414,20.12
10.222921371459961,13.48
8.61328411102295,8.81
4.5792012214660645,5.4
1.697112798690796,2.52
0.6142919063568115,0.56
0.0,-0.18
0.0,-0.26
0.0,-0.24
0.0,-0.23
0.0,-0.24
0.0,-0.24
0.0,-0.24
0.0,-0.24
0.0,-0.24
0.0,-0.24
0.0,-0.24
0.0,-0.24
0.0,-0.24
0.0,-0.27
0.0,-0.27
0.0,-0.27
0.0,-0.27
0.0,-0.27
0.0,-0.27
0.0,-0.27
0.0,-0.27
0.0,-0.27
0.0,-0.27
0.0,-0.27
0.0,-0.27
0.0,-0.27
0.0,-0.27
0.0,-0.27
0.0,-0.27
0.0,-0.27
0.0,-0.27
0.0,-0.27
0.0,-0.27
0.0,-0.27
0.0,-0.27
0.0,-0.27
0.0,-0.27
0.0,-0.27
0.0,-0.27
0.0,-0.27
0.0,-0.27
0.0,-0.27
0.0,-0.27
0.0,-0.27
0.0,-0.27
0.0,-0.27
0.0,0.5
0.0,2.41
2.4589877128601074,4.43
6.325916290283203,6.98
11.892563819885254,12.69
17.639026641845703,17.2
24.006181716918945,23.15
31.604280471801758,29.81
37.81093215942383,36.11
46.043304443359375,42.75
51.924312591552734,50.42
58.45532989501953,56.15
63.764957427978516,61.81
69.3197021484375,67.27
73.44220733642578,71.97
78.03291320800781,76.82
82.47952270507812,80.98
85.28144073486328,84.73
87.7070541381836,87.17
90.04053497314453,88.63
90.36846923828125,91.09
91.31837463378906,91.99
89.57938385009766,90.83
87.53329467773438,88.11
84.04749298095703,85.33
80.86275482177734,83.34
76.869140625,79.98
72.13528442382812,76.85
68.24313354492188,72.49
64.58539581298828,67.98
60.343528747558594,63.05
54.52654266357422,57.39
48.921600341796875,51.79
42.613346099853516,45.84
37.116798400878906,39.32
30.731563568115234,33.25
25.12625503540039,26.42
16.1053524017334,19.99
9.55623722076416,14.27
6.125324249267578,9.37
1.5220234394073486,5.36
1.349197506904602,2.77
0.6583930253982544,0.77
0.0,-0.2
0.0,-0.27
0.0,-0.24
0.0,-0.24
0.0,-0.24
0.0,-0.24
0.0,-0.24
0.0,-0.24
0.0,-0.24
0.0,-0.24
0.0,-0.24
0.0,-0.23
0.0,-0.24
0.0,-0.24
0.0,-0.24
0.0,-0.24
0.0,-0.27
0.0,-0.27
0.0,-0.27
0.0,-0.27
0.0,-0.27
0.0,-0.27
0.0,-0.27
0.0,-0.27
0.0,-0.27
0.0,-0.27
0.0,-0.27
0.0,-0.27
0.0,-0.27
0.0,-0.27
0.0,-0.27
0.0,-0.27
0.0,-0.27
0.0,-0.27
0.0,-0.27
0.0,-0.27
0.0,-0.27
0.0,-0.27
0.0,-0.27
0.0,-0.27
0.0,-0.27
0.0,-0.27
0.0,-0.27
0.0,-0.27
0.0,-0.27
0.0,0.04
0.0,0.28
0.0,0.7
0.0,2.8
0.756243884563446,4.28
4.237556457519531,5.62
7.657128810882568,9.3
12.912738800048828,11.35
16.84920310974121,17.87
21.56084632873535,21.16
23.799758911132812,22.48
27.34954261779785,29.59
25.30793571472168,22.31
24.80120849609375,30.32
28.4101505279541,21.17
32.82038879394531,35.83
44.200111389160156,35.99
55.91377258300781,13.83
70.9674301147461,93.74
89.48735809326172,68.82
89.22962951660156,95.37
94.16252899169922,97.37
90.42142486572266,89.98
85.17842864990234,87.41
81.02123260498047,84.02
77.5191650390625,80.41
73.8869400024414,77.14
71.05497741699219,72.29
66.03040313720703,68.95
61.2817268371582,64.6
57.51980209350586,59.34
51.136783599853516,53.04
46.00876235961914,47.41
39.09463119506836,40.58
32.610572814941406,33.89
26.49983024597168,27.21
19.38233184814453,20.369999999999997
12.851751327514648,14.24
8.345843315124512,8.63
5.904195785522461,5.28
2.2013583183288574,2.39
0.0,0.7
0.0,-0.2
0.0,-0.26
0.0,-0.24
0.0,-0.24
0.0,-0.24
0.0,-0.24
0.0,-0.24
0.0,-0.24
0.0,-0.24
0.0,-0.24
0.0,-0.24
0.0,-0.24
0.0,-0.24
0.0,-0.24
0.0,-0.24
0.0,-0.24
0.0,-0.24
0.0,-0.24
0.0,-0.24
0.0,-0.24
0.0,-0.27
0.0,-0.24
0.0,-0.27
0.0,-0.24
0.0,-0.24
0.0,-0.24
0.0,-0.27
0.0,-0.27
0.0,-0.27
0.0,-0.27
0.0,-0.27
0.0,-0.27
0.0,-0.27
0.0,-0.27
0.0,-0.27
0.0,-0.27
0.0,-0.27
0.0,-0.27
0.0,-0.27
0.0,-0.27
0.0,-0.27
0.0,-0.27
0.0,-0.27
0.0,-0.27
0.0,-0.27
0.0,-0.26
0.0,0.52
0.5791253447532654,2.49
3.9201266765594482,5.35
8.523075103759766,9.89
14.967860221862793,15.42
21.905122756958008,21.58
28.804841995239258,27.97
36.537960052490234,35.34
43.69325637817383,42.32
50.764198303222656,48.95
56.7457275390625,54.87
62.545352935791016,60.55
68.78997802734375,65.59
73.0636978149414,70.39
77.38948059082031,74.4
81.5906753540039,78.72
85.165771484375,82.37
89.1958999633789,85.51
89.91149139404297,88.19
88.47441864013672,90.62
84.46869659423828,80.25
78.67838287353516,84.8
73.75360107421875,76.23999999999998
69.39717102050781,61.6
65.71437072753906,74.88
65.96086883544922,65.87
60.428009033203125,61.43
55.313716888427734,57.03
50.317623138427734,50.4
42.54444885253906,43.04
37.61667251586914,38.14
30.92781639099121,31.4
23.00634002685547,25.04
16.382829666137695,17.63
9.82958698272705,10.03
6.1472039222717285,6.88
2.784170389175415,3.7
1.4924954175949097,2.05
0.0,0.56
0.0,-0.27
0.2042386680841446,-0.26
0.0,-0.24
0.0,-0.24
0.0,-0.24
0.0,-0.24
0.0,-0.24
0.0,-0.24
0.0,-0.24
0.0,-0.24
0.0,-0.22
0.0,-0.22
0.0,-0.24
0.0,-0.24
0.0,-0.24
0.0,-0.24
0.0,-0.24
0.0,-0.24
0.0,-0.24
0.0,-0.24
0.0,-0.24
0.0,-0.27
0.0,-0.24
0.0,-0.27
0.0,-0.27
0.0,-0.27
0.0,-0.27
0.0,-0.27
0.0,-0.27
0.0,-0.27
0.0,-0.27
0.0,-0.27
0.0,-0.27
0.0,-0.27
0.0,-0.27
0.0,-0.27
0.0,-0.27
0.0,-0.27
0.0,-0.27
0.0,-0.27
0.0,-0.27
0.0,-0.27
0.0,-0.27
0.0,-0.27
0.0,-0.27
0.0,-0.27
0.0,0.34
0.7946174144744873,2.24
4.977908611297607,5.45
10.427532196044922,10.22
15.329984664916992,15.81
22.71531867980957,22.0
29.580821990966797,29.01
36.844844818115234,35.43
43.66725540161133,42.68
51.367401123046875,49.42
56.999141693115234,55.67999999999999
60.620296478271484,61.56
62.33890151977539,66.75
64.52738952636719,71.81
66.39154052734375,73.74
68.64293670654297,49.97999999999999
72.70548248291016,63.86
83.87896728515625,87.85
88.1890869140625,88.7
83.4537353515625,84.97
78.77143859863281,82.04
74.69313049316406,78.08
68.6521224975586,61.74
60.622005462646484,59.84
57.27314376831055,63.58
50.05992889404297,54.7
39.48341751098633,47.87
28.516225814819336,20.29
18.19112777709961,12.51
19.892778396606445,17.54
19.08834457397461,22.61
13.647662162780762,17.71
10.248156547546387,12.39
7.571715354919434,7.48
1.768383502960205,4.1
1.1184790134429932,1.39
0.0,0.28
0.0,-0.25
0.0,-0.26
0.0,-0.24
0.0,-0.24
0.0,-0.24
0.0,-0.24
0.0,-0.24
0.0,-0.24
0.0,-0.24
0.0,-0.24
0.0,-0.24
0.0,-0.24
0.0,-0.24
0.0,-0.24
0.0,-0.24
0.0,-0.24
0.0,-0.23
0.0,-0.23
0.0,-0.23
0.0,-0.24
0.0,-0.24
0.0,-0.24
0.0,-0.23
0.0,-0.24
0.0,-0.24
0.0,-0.23
0.0,-0.24
0.0,-0.24
0.0,-0.24
0.0,-0.24
0.0,-0.24
0.0,-0.24
0.0,-0.24
0.0,-0.27
0.0,-0.27
0.0,-0.27
0.0,-0.27
0.0,-0.27
0.0,-0.27
0.0,-0.27
0.0,-0.27
0.0,-0.27
0.0,-0.27
0.0,-0.27
0.0,-0.27
0.0,-0.27
0.0,0.41
0.0,2.34
3.7394988536834717,5.1
8.439253807067871,9.09
14.214365005493164,14.03
21.118431091308594,19.63
27.929882049560547,26.02
34.840423583984375,32.96
42.20018768310547,39.36
48.66464614868164,45.61
55.96915054321289,51.7
61.52857971191406,57.63
67.21869659423828,63.45
72.5,68.38
76.75984191894531,73.01
80.89784240722656,77.52
84.92475128173828,79.88
88.08181762695312,85.04
88.98236846923828,86.02
88.63632202148438,85.49
87.34988403320312,90.67
83.3675765991211,86.69
77.2762222290039,62.31
71.22834777832031,68.31
73.17404174804688,84.01
67.99483489990234,65.36
59.3697395324707,64.27
53.61416244506836,50.92
45.41606521606445,44.87
38.601844787597656,35.53
31.361919403076172,35.61
26.006200790405273,28.6
19.774255752563477,22.04
14.124263763427734,16.98
12.645129203796387,11.96
7.139431476593018,9.07
5.291386127471924,7.29
3.7545411586761475,2.21
0.7150595784187317,0.36
0.0,-0.36
0.0,-0.23
0.0,-0.24
0.0,-0.24
0.0,-0.24
0.0,-0.24
0.0,-0.24
0.0,-0.24
0.0,-0.24
0.0,-0.24
0.0,-0.24
0.0,-0.23
0.0,-0.24
0.0,-0.24
0.0,-0.24
0.0,-0.27
0.0,-0.27
0.0,-0.27
0.0,-0.27
0.0,-0.27
0.0,-0.27
0.0,-0.27
0.0,-0.27
0.0,-0.27
0.0,-0.27
0.0,-0.27
0.0,-0.27
0.0,-0.27
0.0,-0.27
0.0,-0.27
0.0,-0.27
0.0,-0.27
0.0,-0.27
0.0,-0.27
0.0,-0.27
0.0,-0.27
0.0,-0.27
0.0,-0.27
0.0,-0.27
0.0,-0.27
0.0,-0.27
0.0,-0.27
0.0,-0.27
0.0,-0.27
0.0,-0.27
0.0,-0.27
0.0,-0.22
0.0,0.74
0.0,1.05
0.0,2.39
0.2718127965927124,3.22
3.7062673568725586,5.11
7.120363712310791,7.74
10.552045822143555,9.61
13.523534774780273,13.14
17.96875,15.85
22.007980346679688,18.05
26.07550811767578,25.57
32.07477569580078,30.79
38.29401397705078,32.88
44.52419662475586,31.98
51.61945724487305,50.77
61.49531936645508,50.15
69.12792205810547,78.1
75.6068115234375,56.73
77.9393081665039,72.4
85.60938262939453,83.99
89.90818786621094,87.1
88.63578033447266,89.22
86.00434875488281,78.77
82.28900909423828,90.2
80.55197143554688,68.5
76.66565704345703,74.65
75.220947265625,64.89
72.67369079589844,78.82
70.13337707519531,75.21
63.2835693359375,69.59
55.657936096191406,49.37
47.379173278808594,41.54
47.98252487182617,47.38
49.07004928588867,47.75
44.465267181396484,43.69
35.46824645996094,43.39
29.742650985717773,32.91
20.321548461914062,17.07
10.61418342590332,10.29
7.725337505340576,7.25
4.9794602394104,5.23
2.213338613510132,4.28
2.1339046955108643,2.65
1.0428569316864014,1.23
0.0,0.21
0.0,-0.24
0.0,-0.26
0.0,-0.24
0.0,-0.23
0.0,-0.24
0.0,-0.24
0.0,-0.24
0.0,-0.24
0.0,-0.23
0.0,-0.24
0.0,-0.24
0.0,-0.24
0.0,-0.24
0.0,-0.24
0.0,-0.24
0.0,-0.24
0.0,-0.24
0.0,-0.24
0.0,-0.27
0.0,-0.27
0.0,-0.27
0.0,-0.27
0.0,-0.27
0.0,-0.27
0.0,-0.27
0.0,-0.27
0.0,-0.27
0.0,-0.27
0.0,-0.27
0.0,-0.27
0.0,-0.27
0.0,-0.27
0.0,-0.27
0.0,-0.27
0.0,-0.27
0.0,-0.27
0.0,-0.27
0.0,-0.27
0.0,-0.27
0.0,-0.27
0.0,-0.27
0.0,-0.27
0.0,-0.27
0.0,-0.27
0.0,-0.27
0.0,-0.27
0.0,0.27
0.36839041113853455,2.14
3.4190845489501953,4.64
6.6052117347717285,8.27
12.431711196899414,12.72
18.314220428466797,17.6
24.352575302124023,23.43
31.579668045043945,29.6
38.10253143310547,35.65
44.67171096801758,42.33
51.59406661987305,48.67
57.52411651611328,54.47
63.0305290222168,59.52
68.52730560302734,64.19
73.00470733642578,69.08
77.92207336425781,73.08
83.18582916259766,76.5
87.73013305664062,79.67
89.2005386352539,84.31
89.55412292480469,86.38
86.46562194824219,89.49
81.53844451904297,81.89
73.29875183105469,64.23
68.56781768798828,67.53
68.56959533691406,70.07999999999998
66.52395629882812,63.43
57.408477783203125,59.74
53.27585983276367,52.96
45.895320892333984,48.52
40.40106201171875,44.4
32.467041015625,36.58
26.30522346496582,18.15
20.94463539123535,25.5
18.024682998657227,18.27
11.420296669006348,13.17
7.584911346435547,10.21
6.444441318511963,7.38
2.5009377002716064,3.92
1.0965814590454102,1.53
0.0,0.15
0.0,-0.26
0.0,-0.24
0.0,-0.24
0.0,-0.24
0.0,-0.24
0.0,-0.24
0.0,-0.24
0.0,-0.24
0.0,-0.24
0.0,-0.24
0.0,-0.24
0.0,-0.24
0.0,-0.24
0.0,-0.24
0.0,-0.24
0.0,-0.24
0.0,-0.24
0.0,-0.23
0.0,-0.23
0.0,-0.23
0.0,-0.26
0.0,-0.23
0.0,-0.24
0.0,-0.24
0.0,-0.24
0.0,-0.27
0.0,-0.24
0.0,-0.27
0.0,-0.27
0.0,-0.27
0.0,-0.27
0.0,-0.27
0.0,-0.27
0.0,-0.27
0.0,-0.27
0.0,-0.27
0.0,-0.27
0.0,-0.27
0.0,-0.27
0.0,-0.27
0.0,-0.27
0.0,-0.27
0.0,-0.27
0.0,-0.27
0.0,-0.27
0.0,-0.27
0.0,0.21
0.0,1.95
2.2718822956085205,4.56
7.350201606750488,8.21
12.542570114135742,12.91
18.378339767456055,18.42
25.099374771118164,24.28
31.864076614379883,30.66
38.13901138305664,36.88
44.29828643798828,42.64
51.11208724975586,48.45
56.71442794799805,54.6
61.5766487121582,59.41
66.63328552246094,64.54
70.81343841552734,69.5
73.96156311035156,73.63
77.1713638305664,72.35
80.2865982055664,77.24
85.31668853759766,82.53
87.39085388183594,81.67
89.09217834472656,86.9
90.42506408691406,88.55
90.14222717285156,89.22
89.60818481445312,87.1
88.11673736572266,78.22
85.98797607421875,84.97
85.8743896484375,84.08
83.07052612304688,81.66
79.06978607177734,78.39
76.71559143066406,74.75
71.82524871826172,72.17
67.79469299316406,67.61
62.76577377319336,61.379999999999995
57.344058990478516,57.29
51.55936050415039,52.1
44.51599884033203,41.42
38.93299865722656,40.63
34.84640884399414,34.72
28.392322540283203,28.29
20.55225372314453,21.98
13.447815895080566,15.11
8.299356460571289,12.28
6.185105323791504,5.22
1.5125638246536255,1.66
0.0,0.49
0.0,-0.14
0.0,-0.27
0.0,-0.23
0.0,-0.24
0.0,-0.23
0.0,-0.24
0.0,-0.24
0.0,-0.24
0.0,-0.24
0.0,-0.24
0.0,-0.24
0.0,-0.24
0.0,-0.23
0.0,-0.24
0.0,-0.24
0.0,-0.24
0.0,-0.24
0.0,-0.23
0.0,-0.24
0.0,-0.23
0.0,-0.23
0.0,-0.23
0.0,-0.23
0.0,-0.23
0.0,-0.23
0.0,-0.23
0.0,-0.23
0.0,-0.24
0.0,-0.23
0.0,-0.23
0.0,-0.24
0.0,-0.24
0.0,-0.27
0.0,-0.27
0.0,-0.27
0.0,-0.27
0.0,-0.27
0.0,-0.27
0.0,-0.27
0.0,-0.27
0.0,-0.27
0.0,-0.27
0.0,-0.27
0.0,-0.27
0.0,-0.27
0.0,-0.27
0.0,-0.27
0.0,-0.26
0.0,0.1
0.0,1.61
2.1552369594573975,6.14
5.169898509979248,7.72
6.10733699798584,7.34
9.050902366638184,9.529999999999998
11.241225242614746,12.69
13.280417442321777,14.61
15.261686325073242,14.65
17.88393783569336,18.09
23.020893096923828,21.46
28.197099685668945,23.37
33.987979888916016,33.0
38.60142517089844,32.64
41.80112838745117,40.25
42.658870697021484,46.54
39.63560104370117,43.75
37.68353271484375,35.77
39.331298828125,30.83
48.285667419433594,46.26
58.72921371459961,29.25
69.43789672851562,69.98
83.65008544921875,90.23
82.4268569946289,67.14
73.68865966796875,85.53
70.47315216064453,55.05
57.45077896118164,78.5
51.19143295288086,33.91
35.55145263671875,33.36
32.443077087402344,33.84
29.534547805786133,28.8
23.713884353637695,16.22
19.79446029663086,12.39
17.941524505615234,15.34
16.46061897277832,16.32
12.50015640258789,15.65
12.010679244995117,8.78
7.1892290115356445,6.5
8.23814868927002,3.67
10.55731201171875,10.41
12.142319679260254,12.72
8.722448348999023,12.69
7.051924705505371,7.5
5.325851917266846,5.11
2.1936728954315186,4.16
2.5690665245056152,2.17
0.0,0.8699999999999999
0.0,0.06
0.0,-0.27
0.0,-0.29
0.0,-0.27
0.0,-0.27
0.0,-0.27
0.0,-0.27
0.0,-0.27
0.0,-0.27
0.0,-0.27
0.0,-0.27
0.0,-0.27
0.0,-0.27
0.0,-0.27
0.0,-0.27
0.0,-0.27
0.0,-0.27
0.0,-0.27
0.0,-0.27
0.0,-0.27
0.0,-0.27
0.0,-0.27
0.0,-0.27
0.0,-0.27
0.0,-0.27
0.0,-0.27
0.0,-0.27
0.0,-0.27
0.0,-0.27
0.0,-0.27
0.0,-0.27
0.0,-0.27
0.0,-0.27
0.0,-0.27
0.0,-0.27
0.0,-0.27
0.0,-0.27
0.0,-0.27
0.0,-0.27
0.0,-0.27
0.0,-0.27
0.0,-0.27
0.0,-0.27
0.0,-0.27
0.0,-0.27
0.0,-0.27
0.0,-0.27
0.0,-0.27
0.0,-0.27
0.0,-0.27
0.0,-0.27
0.0,-0.29
0.0,-0.02
0.0,0.45
0.6595272421836853,1.16
1.8912714719772339,2.55
3.8538458347320557,3.29
4.084191799163818,2.99
7.4407854080200195,3.47
9.888779640197754,8.36
11.027939796447754,5.95
12.385513305664062,13.51
13.918923377990723,9.37
12.588428497314453,10.87
13.562267303466797,8.44
15.420459747314453,9.82
18.392488479614258,9.12
19.941740036010742,24.15
24.657440185546875,16.79
22.518972396850586,31.13
24.639118194580078,16.53
20.405099868774414,15.23
27.603769302368164,18.97
31.697019577026367,48.68
35.768402099609375,16.72
29.113906860351562,35.13
30.948822021484375,31.45
23.982765197753906,30.41
18.220335006713867,10.73
10.597439765930176,6.9
7.75822114944458,13.53
7.786200523376465,9.6
3.3184001445770264,4.36
0.8620147705078125,1.35
0.0,-0.02
0.0,-0.31
0.0,-0.27
0.0,-0.27
0.0,-0.27
0.0,-0.27
0.0,-0.27
0.0,-0.27
0.0,-0.27
0.0,-0.27
0.0,-0.27
0.0,-0.27
0.0,-0.31
0.0,-0.31
0.0,-0.31
0.0,-0.31
0.0,-0.31
0.0,-0.31
0.0,-0.31
0.0,-0.31
0.0,-0.31
0.0,-0.31
0.0,-0.31
0.0,-0.31
0.0,-0.31
0.0,-0.31
0.0,-0.31
0.0,-0.27
0.0,-0.27
0.0,-0.27
0.0,-0.27
0.0,-0.27
0.0,-0.27
0.0,-0.27
0.0,-0.27
0.0,-0.27
0.0,-0.27
0.0,-0.27
0.0,-0.27
0.0,-0.27
0.0,-0.27
0.0,-0.27
0.0,-0.27
0.0,-0.27
0.0,-0.27
0.0,-0.27
0.0,-0.27
0.0,0.2
0.0,1.76
1.5245953798294067,4.19
6.746015548706055,7.63
12.514863967895508,12.379999999999999
18.41832733154297,18.14
25.24677276611328,24.53
32.61201477050781,30.53
39.994834899902344,37.35
47.16550064086914,44.19
55.35995101928711,51.16
62.602325439453125,59.07
68.26335906982422,65.97
74.08618927001953,69.5
80.10225677490234,76.7
85.36717224121094,82.0
88.84723663330078,82.13
92.97380065917969,89.45
93.52509307861328,91.29
92.4068603515625,87.08
87.62805938720703,85.41
80.97237396240234,83.83
76.22000885009766,80.68
69.01229095458984,49.95
63.69069290161133,71.6
63.93791580200195,54.57
56.630348205566406,57.83
50.44813919067383,55.46
42.598480224609375,40.24
34.3555908203125,35.6
28.258773803710938,24.73
22.00093650817871,21.22
15.883007049560547,18.060000000000002
12.979955673217773,14.35
9.193254470825195,9.78
7.286341667175293,6.9
2.820204496383667,5.17
0.0,2.16
0.0,0.53
0.0,-0.33
0.0,-0.27
0.0,-0.23
0.0,-0.24
0.0,-0.24
0.0,-0.24
0.0,-0.24
0.0,-0.24
0.0,-0.27
0.0,-0.27
0.0,-0.27
0.0,-0.27
0.0,-0.27
0.0,-0.27
0.0,-0.27
0.0,-0.27
0.0,-0.27
0.0,-0.27
0.0,-0.27
0.0,-0.27
0.0,-0.27
0.0,-0.27
0.0,-0.27
0.0,-0.27
0.0,-0.27
0.0,-0.27
0.0,-0.27
0.0,-0.27
0.0,-0.27
0.0,-0.27
0.0,-0.27
0.0,-0.27
0.0,-0.27
0.0,-0.27
0.0,-0.27
0.0,-0.27
0.0,-0.27
0.0,-0.27
0.0,-0.27
0.0,-0.27
0.0,-0.27
0.0,-0.27
0.0,-0.27
0.0,-0.27
0.0,-0.27
0.0,-0.27
0.0,-0.27
0.0,-0.27
0.0,-0.12
0.0,0.83
0.0,3.05
3.3153862953186035,5.81
9.04941463470459,9.83
15.938486099243164,10.24
22.677640914916992,15.7
28.938447952270508,38.69
36.590518951416016,43.52
39.4697151184082,38.0
44.6038932800293,37.77
53.76542282104492,45.75
63.343727111816406,52.91
72.524169921875,80.91
80.02587890625,65.01
82.22608184814453,87.97
87.2145767211914,77.95
88.39842987060547,87.93
92.75252532958984,92.36
93.01515197753906,84.79
91.99394989013672,92.48
93.41342163085938,85.62
92.49156951904297,95.63
92.077880859375,85.81
90.26922607421875,89.52
88.77942657470703,88.27
86.52886199951172,85.06
84.30183410644531,83.05
80.35498046875,77.68
73.29552459716797,78.38
68.0572509765625,61.94
59.588191986083984,67.87
53.3907356262207,52.52
42.896270751953125,33.56
36.96904754638672,38.99
33.31504821777344,43.87
28.475170135498047,18.78
18.647754669189453,20.5
16.20163345336914,16.56
11.890325546264648,14.91
7.857916831970215,5.8
2.7089900970458984,4.36
1.0539839267730713,1.47
0.347192645072937,-0.27
0.0,-0.24
0.0,-0.24
0.0,-0.24
0.0,-0.24
0.0,-0.24
0.0,-0.24
0.0,-0.24
0.0,-0.27
0.0,-0.24
0.0,-0.27
0.0,-0.24
0.0,-0.27
0.0,-0.24
0.0,-0.27
0.0,-0.27
0.0,-0.27
0.0,-0.27
0.0,-0.27
0.0,-0.27
0.0,-0.27
0.0,-0.27
0.0,-0.27
0.0,-0.27
0.0,-0.27
0.0,-0.27
0.0,-0.27
0.0,-0.27
0.0,-0.27
0.0,-0.27
0.0,-0.27
0.0,-0.27
0.0,-0.27
0.0,-0.27
0.0,-0.27
0.0,-0.27
0.0,-0.27
0.0,-0.27
0.0,-0.27
0.0,-0.27
0.0,-0.27
0.0,-0.27
0.0,-0.27
0.0,-0.27
0.0,-0.27
0.0,-0.27
0.0,-0.27
0.0,-0.26
0.0,2.31
1.2773679494857788,3.43
2.7883641719818115,4.58
4.717284202575684,9.8
6.696487903594971,7.39
7.728419303894043,7.93
10.642905235290527,7.84
14.836410522460938,15.99
18.926910400390625,20.1
25.669822692871094,22.63
33.257102966308594,26.21
42.42879867553711,30.54
51.54351806640625,35.84
58.965641021728516,61.67
63.858741760253906,84.64
62.13679885864258,53.25
54.41740798950195,44.86
57.88077926635742,41.55
66.01364135742188,63.37
74.94747161865234,66.48
78.73006439208984,79.58
83.4577407836914,60.62
83.74974822998047,96.76
87.68144989013672,77.02
84.1239242553711,69.41
84.24456787109375,93.85
80.36256408691406,86.94
69.28025817871094,50.24
56.485782623291016,70.78
53.680564880371094,55.56
43.11381912231445,29.07
34.574771881103516,33.19
34.91615295410156,37.26
32.55224609375,33.58
25.30752182006836,29.71
19.625829696655273,17.45
14.190962791442871,12.02
10.992395401000977,10.11
6.955212116241455,8.85
6.831778526306152,7.77
2.7930407524108887,4.9
1.884972333908081,2.45
0.0,0.85
0.0,-0.3
0.0,-0.23
0.0,-0.24
0.0,-0.24
0.0,-0.24
0.0,-0.24
0.0,-0.24
0.0,-0.24
0.0,-0.27
0.0,-0.24
0.0,-0.24
0.0,-0.24
0.0,-0.27
0.0,-0.27
0.0,-0.27
0.0,-0.24
0.0,-0.23
0.0,-0.23
0.0,-0.23
0.0,-0.23
0.0,-0.23
0.0,-0.23
0.0,-0.23
0.0,-0.24
0.0,-0.24
0.0,-0.24
0.0,-0.24
0.0,-0.24
0.0,-0.24
0.0,-0.24
0.0,-0.24
0.0,-0.27
0.0,-0.27
0.0,-0.27
0.0,-0.27
0.0,-0.27
0.0,-0.27
0.0,-0.27
0.0,-0.27
0.0,-0.27
0.0,-0.27
0.0,-0.27
0.0,-0.27
0.0,-0.27
0.0,-0.27
0.0,-0.27
0.0,-0.27
0.0,-0.27
0.0,0.14
0.0,0.99
0.8732918500900269,2.57
2.345459222793579,4.45
4.780005931854248,6.9
7.702964782714844,7.15
7.875818252563477,7.07
10.80836296081543,10.19
13.823249816894531,13.04
16.366689682006836,15.5
18.949684143066406,16.8
21.9593448638916,16.6
26.009971618652344,27.21
31.24302101135254,27.93
33.6889533996582,27.49
36.647003173828125,30.96
40.9232177734375,42.17
44.48347473144531,37.95
43.30683135986328,33.95
43.24673843383789,37.4
43.00231170654297,42.55
41.68375778198242,40.33
39.14124298095703,34.37
37.51042938232422,28.1
37.6862907409668,27.38
38.62369918823242,37.79
39.13360595703125,38.17
35.76494598388672,30.56
32.749290466308594,28.04
31.688554763793945,28.64
30.97490882873535,24.55
31.813121795654297,30.91
30.393882751464844,28.5
25.602123260498047,24.27
22.482969284057617,20.910000000000004
16.84538459777832,16.78
11.678102493286133,11.63
9.455132484436035,8.4
9.216079711914062,9.14
5.559196472167969,4.86
4.768924713134766,5.68
4.463008403778076,3.89
0.9282096028327942,1.12
0.0,0.42
0.12779481709003448,-0.25
0.0,-0.27
0.0,-0.27
0.0,-0.27
0.0,-0.27
0.0,-0.27
0.0,-0.27
0.0,-0.27
0.0,-0.24
0.0,-0.27
0.0,-0.27
0.0,-0.27
0.0,-0.27
0.0,-0.27
0.0,-0.27
0.0,-0.27
0.0,-0.27
0.0,-0.27
0.0,-0.27
0.0,-0.27
0.0,-0.27
0.0,-0.27
0.0,-0.27
0.0,-0.27
0.0,-0.27
0.0,-0.27
0.0,-0.27
0.0,-0.27
0.0,-0.27
0.0,-0.27
0.0,-0.27
0.0,-0.27
0.0,-0.27
0.0,-0.27
0.0,-0.27
0.0,-0.27
0.0,-0.27
0.0,-0.27
0.0,-0.27
0.0,-0.27
0.0,-0.27
0.0,-0.27
0.0,-0.27
0.0,-0.27
0.0,-0.27
0.0,-0.27
0.0,-0.27
0.0,-0.27
0.0,-0.27
0.0,-0.27
0.0,-0.11
0.0,-0.03
0.0,0.41
0.0,1.47
2.28942608833313,3.3
3.72786808013916,4.15
5.597659587860107,6.63
8.172174453735352,4.5
7.081799507141113,6.42
11.9964599609375,11.84
11.82705020904541,11.03
13.660765647888184,15.32
15.651724815368652,11.5
16.42404556274414,10.65
16.752023696899414,25.41
17.545825958251953,9.96
15.484736442565918,14.86
17.30962562561035,14.93
19.29486846923828,14.96
18.108470916748047,16.04
23.115026473999023,22.6
25.336013793945312,23.39
26.73354721069336,19.31
28.393232345581055,14.2
32.649391174316406,35.08
35.096988677978516,42.37
33.4875602722168,21.04
24.47459602355957,21.28
22.755441665649414,30.99
21.114604949951172,15.25
12.825831413269043,9.51
8.788114547729492,7.76
9.389077186584473,5.88
7.758548736572266,3.4799999999999995
4.199350833892822,3.49
2.7730417251586914,3.07
3.36102294921875,3.64
1.4960722923278809,3.23
1.9604984521865845,3.82
1.855914831161499,3.77
2.7153749465942383,2.63
3.8668904304504395,4.1
1.124582052230835,2.1
1.0546852350234985,3.86
0.6158416271209717,1.28
0.0,1.45
0.0,0.26
0.0,-0.31
0.0,-0.27
0.0,-0.27
0.0,-0.27
0.0,-0.27
0.0,-0.27
0.0,-0.27
0.0,-0.27
0.0,-0.27
0.0,-0.27
0.0,-0.27
0.0,-0.27
0.0,-0.27
0.0,-0.27
0.0,-0.27
0.0,-0.27
0.0,-0.27
0.0,-0.27
0.0,-0.27
0.0,-0.27
0.0,-0.27
0.0,-0.27
0.0,-0.27
0.0,-0.27
0.0,-0.27
0.0,-0.27
0.0,-0.27
0.0,-0.27
0.0,-0.27
0.0,-0.27
0.0,-0.27
0.0,-0.27
0.0,-0.27
0.0,-0.27
0.0,-0.27
0.0,-0.27
0.0,-0.27
0.0,-0.27
0.0,-0.27
0.0,-0.27
0.0,-0.27
0.0,-0.27
0.0,-0.27
0.0,-0.27
0.0,-0.27
0.0,-0.27
0.0,-0.27
0.0,-0.19
0.0,1.63
0.0,3.38
0.15928176045417786,4.53
1.7430503368377686,7.23
6.946014881134033,8.1
10.663951873779297,13.28
17.702571868896484,22.03
21.905628204345703,16.39
25.561935424804688,23.0
30.905132293701172,42.53
35.965423583984375,22.15
34.83440399169922,38.81
38.88203048706055,36.52
37.90581512451172,42.04
39.250186920166016,39.01
39.69122314453125,34.03
39.094547271728516,24.37
43.90444564819336,44.05
49.538848876953125,45.07
46.4282112121582,44.96
43.256553649902344,42.59
42.784427642822266,36.53
39.977813720703125,34.67
36.6851806640625,31.17
37.905296325683594,32.02
37.26817321777344,38.37
33.68115997314453,26.87
28.02826499938965,24.84
27.727115631103516,24.21
29.10399627685547,26.76
27.089033126831055,22.67
23.741579055786133,24.09
20.13081932067871,14.38
15.172575950622559,15.19
14.921002388000488,11.24
12.307585716247559,8.38
8.497628211975098,7.39
6.821493625640869,7.56
5.937839031219482,6.38
2.8611204624176025,4.84
1.0724159479141235,2.72
0.08691512048244476,1.62
0.0,2.0
0.0,0.41
0.0,0.0
0.0,-0.27
0.0,-0.27
0.0,-0.27
0.0,-0.27
0.0,-0.27
0.0,-0.27
0.0,-0.27
0.0,-0.27
0.0,-0.27
0.0,-0.27
0.0,-0.27
0.0,-0.27
0.0,-0.27
0.0,-0.27
0.0,-0.27
0.0,-0.27
0.0,-0.27
0.0,-0.27
0.0,-0.27
0.0,-0.27
0.0,-0.27
0.0,-0.27
0.0,-0.27
0.0,-0.27
0.0,-0.27
0.0,-0.27
0.0,-0.27
0.0,-0.27
0.0,-0.27
0.0,-0.27
0.0,-0.27
0.0,-0.27
0.0,-0.27
0.0,-0.27
0.0,-0.27
0.0,-0.27
0.0,-0.27
0.0,-0.27
0.0,-0.27
0.0,-0.27
0.0,-0.27
0.0,-0.27
0.0,-0.27
0.0,-0.27
0.0,-0.27
0.0,-0.27
0.0,-0.27
0.0,-0.27
0.0,-0.27
0.0,-0.17
0.0,0.5
0.0,0.68
0.0,2.11
0.5398418307304382,4.14
2.2782981395721436,7.09
4.0424981117248535,9.6
6.9039788246154785,7.59
8.547489166259766,10.26
10.57203483581543,12.29
12.139142990112305,13.919999999999998
10.8401517868042,14.34
13.4803466796875,15.13
15.258563995361328,15.6
19.425386428833008,18.67
21.07985496520996,19.1
26.613920211791992,22.58
28.93794059753418,34.86
32.14407730102539,27.36
28.339658737182617,35.78
27.42840003967285,26.59
21.910287857055664,21.58
21.333297729492188,25.23
21.783428192138672,18.47
19.06153678894043,17.92
22.409893035888672,22.51
22.56991195678711,20.78
21.099796295166016,19.31
19.924442291259766,23.95
22.17660903930664,22.91
19.878559112548828,17.44
19.605039596557617,18.8
16.656625747680664,21.27
14.87765121459961,15.42
11.365781784057617,8.18
6.771823883056641,7.4
5.95959997177124,4.7
4.3857855796813965,3.71
4.923578262329102,2.65
6.553906440734863,4.72
6.256026268005371,6.7
2.968360424041748,6.76
3.740103006362915,3.3
0.0,2.85
0.0,1.06
0.4652218222618103,0.88
0.0,0.13
0.0,-0.15
0.0,-0.37
0.0,-0.27
0.0,-0.27
0.0,-0.27
0.0,-0.27
0.0,-0.27
0.0,-0.27
0.0,-0.27
0.0,-0.27
0.0,-0.27
0.0,-0.27
0.0,-0.27
0.0,-0.27
0.0,-0.27
0.0,-0.27
0.0,-0.27
0.0,-0.27
0.0,-0.27
0.0,-0.27
0.0,-0.27
0.0,-0.27
0.0,-0.27
0.0,-0.27
0.0,-0.27
0.0,-0.27
0.0,-0.27
0.0,-0.27
0.0,-0.27
0.0,-0.27
0.0,-0.27
0.0,-0.27
0.0,-0.27
0.0,-0.27
0.0,-0.27
0.0,-0.27
0.0,-0.27
0.0,-0.27
0.0,-0.27
0.0,-0.27
0.0,-0.27
0.0,-0.27
0.0,-0.27
0.0,-0.27
0.0,-0.27
0.0,-0.27
0.0,-0.27
0.0,-0.27
0.0,-0.27
0.0,-0.13
0.0,0.65
0.0,0.4
0.0,2.52
2.254164218902588,4.78
4.3132476806640625,6.44
9.597848892211914,9.72
15.281439781188965,12.22
21.660934448242188,20.84
29.86663246154785,24.51
37.05888366699219,33.77
45.08073806762695,32.83
53.03986358642578,61.9
60.35127639770508,53.46
61.96323776245117,55.85
67.51618957519531,55.05
71.4533462524414,72.51
78.30963897705078,70.61
79.54652404785156,74.09
82.59581756591797,78.52
85.21468353271484,89.71
82.95850372314453,81.86
76.76392364501953,77.46
70.77826690673828,71.67
64.64666748046875,68.18
58.44781494140625,61.77
54.89149475097656,54.74
47.052066802978516,49.75
41.46809768676758,42.45
34.02458953857422,36.96
23.109920501708984,28.88
18.922748565673828,22.71
9.537281036376953,13.48
6.910886764526367,4.94
2.8973824977874756,2.29
0.0,2.27
0.0,0.48
0.0,-0.34
0.0,-0.24
0.0,-0.24
0.0,-0.24
0.0,-0.23
0.0,-0.23
0.0,-0.24
0.0,-0.24
0.0,-0.24
0.0,-0.24
0.0,-0.24
0.0,-0.24
0.0,-0.24
0.0,-0.27
0.0,-0.27
0.0,-0.24
0.0,-0.24
0.0,-0.24
0.0,-0.23
0.0,-0.24
0.0,-0.23
0.0,-0.24
0.0,-0.24
0.0,-0.24
0.0,-0.24
0.0,-0.27
0.0,-0.24
0.0,-0.24
0.0,-0.24
0.0,-0.24
0.0,-0.27
0.0,-0.24
0.0,-0.24
0.0,-0.24
0.0,-0.24
0.0,-0.27
0.0,-0.24
0.0,-0.24
0.0,-0.24
0.0,-0.27
0.0,-0.24
0.0,-0.24
0.0,-0.24
0.0,-0.24
0.0,-0.27
0.0,-0.27
0.0,-0.27
0.0,-0.27
0.0,1.36
0.0,1.68
0.0,1.19
0.0,5.32
0.7386322617530823,8.99
1.291871428489685,3.46
3.783618927001953,4.0
6.775160789489746,4.55
10.497130393981934,15.07
11.951817512512207,15.85
11.950249671936035,14.2
11.41659164428711,13.85
11.062164306640625,10.04
13.744114875793457,11.37
19.406509399414062,16.56
25.91844367980957,19.33
31.294883728027344,35.87
39.2890739440918,23.52
43.47776412963867,45.17
52.158409118652344,51.93
54.90303421020508,57.06
57.956077575683594,26.83
62.797119140625,93.89
71.0428237915039,48.88
61.6524658203125,47.82
61.11775207519531,75.84
59.251708984375,68.72
50.333885192871094,50.21
36.01316833496094,31.5
32.63853073120117,29.81
34.00499725341797,29.93
37.11280059814453,39.62
39.29555130004883,40.02
38.33601379394531,14.11
40.68026351928711,76.52
42.531761169433594,34.28
26.478199005126953,23.08
25.186185836791992,42.55
21.518686294555664,18.16
11.188881874084473,8.05
7.037386894226074,7.9
3.605642080307007,8.53
1.5422008037567139,9.74
1.483018398284912,3.26
0.0,0.77
0.0,0.61
0.0,-0.21
0.0,-0.31
0.0,-0.26
0.0,-0.24
0.0,-0.23
0.0,-0.24
0.0,-0.24
0.0,-0.24
0.0,-0.24
0.0,-0.24
0.0,-0.27
0.0,-0.27
0.0,-0.27
0.0,-0.27
0.0,-0.27
0.0,-0.27
0.0,-0.27
0.0,-0.27
0.0,-0.27
0.0,-0.27
0.0,-0.27
0.0,-0.27
0.0,-0.27
0.0,-0.27
0.0,-0.27
0.0,-0.27
0.0,-0.27
0.0,-0.27
0.0,-0.27
0.0,-0.27
0.0,-0.27
0.0,-0.24
0.0,-0.27
0.0,-0.27
0.0,-0.27
0.0,-0.27
0.0,-0.27
0.0,-0.27
0.0,-0.27
0.0,-0.27
0.0,-0.27
0.0,-0.27
0.0,-0.27
0.0,-0.27
0.0,-0.27
0.0,-0.27
0.0,-0.27
0.0,-0.27
0.0,-0.27
0.0,-0.27
0.0,-0.21
0.0,0.85
0.0,1.15
1.6225547790527344,2.77
2.9890880584716797,3.7
4.5068254470825195,12.72
6.688307285308838,7.63
2.269613742828369,2.04
4.221156597137451,1.54
5.147360801696777,1.6
8.628406524658203,5.69
13.357738494873047,11.71
15.958189964294434,10.71
15.424751281738281,19.15
13.637877464294434,9.33
10.236351013183594,4.65
7.935169696807861,3.77
9.705456733703613,5.31
13.058155059814453,7.39
14.61041259765625,8.86
14.937800407409668,9.28
17.14956283569336,10.48
17.50223159790039,14.64
18.180652618408203,12.54
20.300338745117188,15.84
21.335920333862305,14.67
21.16455078125,14.28
20.290477752685547,15.11
18.029266357421875,12.46
16.30821990966797,11.35
12.81979751586914,9.99
12.146162033081055,6.62
11.570474624633789,7.77
11.513555526733398,6.53
8.81991195678711,4.29
7.884283542633057,4.14
8.548484802246094,7.53
6.832463264465332,5.01
5.58781099319458,4.76
5.447505474090576,4.4
4.566951751708984,3.49
3.4101405143737793,3.64
4.026536464691162,1.78
0.620744526386261,1.88
1.7361890077590942,0.75
0.3463010787963867,0.04
0.0,-0.24
0.0,-0.38
0.0,-0.27
0.0,-0.27
0.0,-0.27
0.0,-0.3
0.0,-0.27
0.0,-0.27
0.0,-0.27
0.0,-0.27
0.0,-0.3
0.0,-0.27
0.0,-0.27
0.0,-0.27
0.0,-0.3
0.0,-0.31
0.0,-0.3
0.0,-0.3
0.0,-0.27
0.0,-0.27
0.0,-0.3
0.0,-0.3
0.0,-0.27
0.0,-0.27
0.0,-0.27
0.0,-0.27
0.0,-0.27
0.0,-0.27
0.0,-0.27
0.0,-0.27
0.0,-0.27
0.0,-0.27
0.0,-0.27
0.0,-0.27
0.0,-0.27
0.0,-0.27
0.0,-0.27
0.0,-0.27
0.0,-0.27
0.0,-0.27
0.0,-0.27
0.0,-0.27
0.0,-0.27
0.0,-0.27
0.0,-0.27
0.0,-0.27
0.0,-0.27
0.0,-0.27
0.0,-0.27
0.0,-0.27
0.0,-0.27
0.0,0.01
0.0,0.27
0.0,0.14
0.0,1.12
0.8382425308227539,3.05
3.1662566661834717,4.56
4.823019027709961,4.33
6.51617431640625,3.94
7.996797561645508,7.02
10.197763442993164,6.32
9.847134590148926,7.78
12.40379810333252,8.92
13.32938289642334,14.02
13.901450157165527,9.73
15.306376457214355,10.52
17.074481964111328,10.57
19.907791137695312,14.98
21.296733856201172,21.01
24.304990768432617,19.68
23.158245086669922,16.81
22.816802978515625,15.89
23.086977005004883,21.11
22.930238723754883,20.86
21.67258071899414,19.21
22.087244033813477,8.42
20.09942054748535,14.34
22.012832641601562,25.24
20.534765243530273,15.59
17.61692237854004,17.23
15.886470794677734,8.37
15.149984359741211,12.06
15.621931076049805,16.77
16.66242027282715,12.18
15.954316139221191,13.31
15.433411598205566,12.84
13.68907642364502,12.45
10.71843147277832,7.07
8.871339797973633,8.86
8.949530601501465,6.85
4.206916332244873,6.31
2.637995958328247,3.38
1.5690340995788574,4.85
2.921943426132202,0.92
0.8404769897460938,0.21
0.731695830821991,0.31
0.3046513795852661,-0.26
0.0,-0.31
0.0,-0.27
0.0,-0.27
0.0,-0.27
0.0,-0.27
0.0,-0.27
0.0,-0.27
0.0,-0.27
0.0,-0.27
0.0,-0.27
0.0,-0.27
0.0,-0.27
0.0,-0.27
0.0,-0.27
0.0,-0.27
0.0,-0.27
0.0,-0.27
0.0,-0.27
0.0,-0.27
0.0,-0.27
0.0,-0.27
0.0,-0.27
0.0,-0.27
0.0,-0.27
0.0,-0.27
0.0,-0.27
0.0,-0.27
0.0,-0.27
0.0,-0.27
0.0,-0.27
0.0,-0.27
0.0,-0.27
0.0,-0.27
0.0,-0.27
0.0,-0.27
0.0,-0.27
0.0,-0.27
0.0,-0.27
0.0,-0.27
0.0,-0.27
0.0,-0.27
0.0,-0.27
0.0,-0.27
0.0,-0.27
0.0,-0.27
0.0,-0.27
0.0,-0.27
0.0,-0.27
0.0,-0.27
0.0,-0.27
0.0,0.03
0.0,0.19
0.0,1.59
0.0,3.57
0.0,2.95
0.6122103929519653,3.23
1.5371569395065308,3.53
2.3649253845214844,3.91
3.634232759475708,4.61
4.253389835357666,3.93
4.706824779510498,4.11
6.519179821014404,4.45
8.69658374786377,6.81
9.569968223571777,7.77
10.874822616577148,8.06
10.687199592590332,7.77
10.207782745361328,7.53
10.23312759399414,9.68
13.155632019042969,8.88
15.918764114379883,9.91
17.943147659301758,11.19
25.1226749420166,26.05
28.902606964111328,21.09
27.571992874145508,19.16
26.728111267089844,26.4
26.629444122314453,26.22
22.29075813293457,17.31
19.9945125579834,16.49
18.19028663635254,13.81
15.345324516296387,8.02
12.463879585266113,11.39
13.161218643188477,13.94
12.319157600402832,10.45
10.180023193359375,6.38
8.247628211975098,6.24
5.180894374847412,5.27
2.3342812061309814,3.46
2.7426648139953613,4.24
2.1126420497894287,1.86
0.0,2.53
0.8660096526145935,3.11
0.0,1.09
0.0,0.47
0.0,0.17
0.0,-0.16
0.0,-0.24
0.0,-0.3
0.0,-0.27
0.0,-0.27
0.0,-0.27
0.0,-0.27
0.0,-0.27
0.0,-0.27
0.0,-0.27
0.0,-0.27
0.0,-0.3
0.0,-0.27
0.0,-0.27
0.0,-0.27
0.0,-0.3
0.0,-0.27
0.0,-0.3
0.0,-0.27
0.0,-0.27
0.0,-0.27
0.0,-0.27
0.0,-0.27
0.0,-0.27
0.0,-0.27
0.0,-0.27
0.0,-0.27
0.0,-0.27
0.0,-0.27
0.0,-0.27
0.0,-0.27
0.0,-0.27
0.0,-0.27
0.0,-0.27
0.0,-0.27
0.0,-0.27
0.0,-0.27
0.0,-0.27
0.0,-0.27
0.0,-0.27
0.0,-0.27
0.0,-0.27
0.0,-0.27
0.0,-0.27
0.0,-0.27
0.0,-0.27
0.0,-0.27
0.0,-0.27
0.0,-0.27
0.0,-0.27
0.0,-0.27
0.0,-0.25
0.0,0.14
0.0,1.81
0.0,0.88
0.0,1.53
0.126993328332901,2.06
0.0,2.33
0.4810241162776947,4.11
2.173219919204712,5.01
4.692378997802734,2.85
9.475276947021484,6.16
14.256789207458496,11.41
18.27373695373535,17.1
23.09930419921875,21.26
28.468490600585938,24.14
32.434288024902344,36.45
34.546714782714844,20.12
36.27582550048828,32.56
46.04403305053711,45.05
51.94045639038086,47.51
54.60477828979492,36.0
55.5477294921875,47.3
56.28323745727539,71.14
47.90300750732422,48.41
34.857093811035156,32.1
24.96480369567871,22.83
20.18045997619629,9.79
19.56548500061035,10.86
21.667694091796875,26.08
24.285018920898438,30.5
17.721033096313477,16.01
10.970599174499512,7.43
10.739155769348145,8.86
12.7267427444458,10.31
13.965087890625,13.0
11.537617683410645,11.39
10.680177688598633,9.48
7.941018104553223,10.07
4.827733993530273,9.32
5.011458396911621,6.92
4.079427719116211,3.2
0.0,3.78
1.6343317031860352,3.63
0.0,0.6
0.0,-0.21
0.0,-0.27
0.0,-0.27
0.0,-0.27
0.0,-0.27
0.0,-0.27
0.0,-0.27
0.0,-0.27
0.0,-0.27
0.0,-0.27
0.0,-0.27
0.0,-0.27
0.0,-0.24
0.0,-0.24
0.0,-0.24
0.0,-0.24
0.0,-0.24
0.0,-0.24
0.0,-0.24
0.0,-0.24
0.0,-0.27
0.0,-0.27
0.0,-0.27
0.0,-0.24
0.0,-0.24
0.0,-0.24
0.0,-0.24
0.0,-0.24
0.0,-0.24
0.0,-0.24
0.0,-0.24
0.0,-0.24
0.0,-0.24
0.0,-0.24
0.0,-0.24
0.0,-0.24
0.0,-0.24
0.0,-0.24
0.0,-0.24
0.0,-0.27
0.0,-0.27
0.0,-0.27
0.0,-0.27
0.0,-0.27
0.0,-0.27
0.0,-0.27
0.0,-0.27
0.0,-0.27
0.0,-0.26
0.0,0.21
0.0,1.62
0.0,3.1
1.296809196472168,5.35
4.734470367431641,8.79
8.420550346374512,12.63
15.605053901672363,15.02
22.060773849487305,17.63
31.53751564025879,22.85
42.67730712890625,37.57
54.10136795043945,49.97999999999999
63.08357620239258,60.08
70.06928253173828,69.25
76.08102416992188,74.68
80.65724182128906,79.08
84.13021087646484,82.18
87.38582611083984,85.91
89.80756378173828,88.1
91.10206604003906,91.85
92.61032104492188,92.71
92.82552337646484,89.35
94.03963470458984,96.59
93.56283569335938,94.91
93.68062591552734,95.02
91.99368286132812,96.8
87.86088562011719,89.67
83.51969909667969,80.46
83.24661254882812,80.35
81.25957489013672,83.57
78.2337417602539,73.44
72.7126693725586,75.79
69.80133056640625,80.06
61.63044738769531,68.0
53.36506271362305,32.37
45.15666198730469,55.3
45.026756286621094,63.61
37.563140869140625,47.04
26.259918212890625,17.62
14.493033409118652,16.71
11.847862243652344,17.93
9.669137954711914,17.35
10.267146110534668,11.3
5.220993995666504,9.39
3.734010696411133,5.78
0.0,4.63
0.0,1.85
0.0,0.34
0.0,-0.33
0.0,-0.26
0.0,-0.27
0.0,-0.26
0.0,-0.27
0.0,-0.27
0.0,-0.27
0.0,-0.27
0.0,-0.27
0.0,-0.27
0.0,-0.27
0.0,-0.27
0.0,-0.27
0.0,-0.27
0.0,-0.27
0.0,-0.24
0.0,-0.24
0.0,-0.27
0.0,-0.27
0.0,-0.24
0.0,-0.27
0.0,-0.27
0.0,-0.27
0.0,-0.27
0.0,-0.27
0.0,-0.27
0.0,-0.27
0.0,-0.27
0.0,-0.27
0.0,-0.27
0.0,-0.27
0.0,-0.27
0.0,-0.27
0.0,-0.27
0.0,-0.27
0.0,-0.27
0.0,-0.27
0.0,-0.27
0.0,-0.27
0.0,-0.27
0.0,-0.27
0.0,-0.27
0.0,-0.27
0.0,-0.27
0.0,-0.27
0.0,-0.27
0.0,-0.27
0.0,-0.27
0.0,-0.27
0.0,-0.02
0.0,0.67
0.0,3.19
0.4295399785041809,3.31
3.619110345840454,8.44
6.7323222160339355,7.51
10.124011993408203,7.97
13.313230514526367,16.53
15.46718978881836,16.72
16.506412506103516,19.45
19.9609375,26.56
22.31293296813965,19.52
22.898996353149414,22.87
23.750478744506836,21.88
26.275062561035156,27.9
29.191505432128906,29.8
30.233266830444336,32.67
31.04020118713379,30.32
30.174318313598633,27.82
30.501611709594727,26.72
28.70311737060547,29.04
27.946462631225586,30.85
28.505950927734375,27.52
27.518768310546875,25.69
26.129701614379883,26.29
27.963274002075195,18.53
28.57402992248535,29.87
31.042924880981445,31.21
29.722551345825195,30.56
22.856428146362305,28.76
20.351951599121094,19.28
15.422772407531738,19.98
16.605928421020508,14.71
19.94061279296875,13.06
21.421194076538086,18.13
23.30967140197754,32.11
19.577091217041016,25.05
16.061382293701172,12.24
11.781272888183594,11.880000000000003
8.43051815032959,11.62
6.407166481018066,7.8
4.005982875823975,5.47
0.7156087160110474,4.97
0.0,3.92
0.0,2.27
0.0,1.03
0.0,-0.02
0.0,-0.27
0.0,-0.27
0.0,-0.27
0.0,-0.27
0.0,-0.24
0.0,-0.27
0.0,-0.27
0.0,-0.27
0.0,-0.27
0.0,-0.27
0.0,-0.27
0.0,-0.27
0.0,-0.27
0.0,-0.27
0.0,-0.27
0.0,-0.27
0.0,-0.27
0.0,-0.27
0.0,-0.27
0.0,-0.27
0.0,-0.27
0.0,-0.27
0.0,-0.27
0.0,-0.27
0.0,-0.27
0.0,-0.27
0.0,-0.27
0.0,-0.27
0.0,-0.27
0.0,-0.27
0.0,-0.27
0.0,-0.27
0.0,-0.27
0.0,-0.27
0.0,-0.27
0.0,-0.27
0.0,-0.27
0.0,-0.27
0.0,-0.27
0.0,-0.27
0.0,-0.27
0.0,-0.27
0.0,-0.27
0.0,-0.27
0.0,-0.27
0.0,-0.27
0.0,-0.27
0.0,-0.27
0.0,-0.27
0.0,-0.26
0.0,0.29
0.0,1.9
1.205084204673767,5.69
5.987631320953369,12.25
10.356000900268555,11.71
12.22454833984375,12.61
17.964292526245117,16.13
22.752779006958008,23.23
30.84473991394043,25.1
38.54378128051758,22.83
47.63382339477539,54.74
56.933345794677734,43.63
57.145729064941406,66.31
61.867210388183594,64.75
59.6125602722168,53.58
61.15949249267578,54.8
63.37691879272461,50.3
67.26201629638672,68.08
69.20512390136719,68.35
64.84541320800781,65.59
54.63609313964844,50.71
42.513816833496094,45.57
34.82973861694336,36.18
24.04659080505371,27.11
15.948744773864746,9.95
11.720077514648438,12.54
10.973506927490234,8.34
9.07580852508545,5.24
6.958515644073486,7.27
4.724436283111572,10.29
1.4330756664276123,4.12
0.12038908898830414,2.43
0.0,1.26
0.0,0.54
0.0,-0.26
0.0,-0.26
0.0,-0.24
0.0,-0.26
0.0,-0.23
0.0,-0.24
0.0,-0.24
0.0,-0.23
0.0,-0.23
0.0,-0.27
0.0,-0.23
0.0,-0.24
0.0,-0.27
0.0,-0.27
0.0,-0.27
0.0,-0.27
0.0,-0.27
0.0,-0.27
0.0,-0.27
0.0,-0.27
0.0,-0.27
0.0,-0.27
0.0,-0.27
0.0,-0.27
0.0,-0.27
0.0,-0.27
0.0,-0.27
0.0,-0.27
0.0,-0.27
0.0,-0.27
0.0,-0.27
0.0,-0.27
0.0,-0.27
0.0,-0.27
0.0,-0.27
0.0,-0.27
0.0,-0.27
0.0,-0.27
0.0,-0.27
0.0,-0.27
0.0,-0.27
0.0,-0.27
0.0,-0.27
0.0,-0.27
0.0,-0.27
0.0,-0.27
0.0,-0.27
0.0,-0.27
0.0,-0.27
0.0,0.09
0.0,2.59
2.7181990146636963,7.96
9.226607322692871,11.24
15.498071670532227,13.81
21.235130310058594,19.39
29.74553871154785,26.64
36.122318267822266,36.88
40.30515670776367,47.07
44.76363754272461,43.15
46.54670715332031,44.3
51.32052230834961,47.56
58.97883224487305,36.94
65.51612091064453,71.3
74.44445037841797,74.22
75.31571960449219,68.89
78.06855773925781,80.99
82.14652252197266,80.7
81.15070343017578,66.56
81.00054931640625,70.67
82.99063110351562,93.98
81.18840789794922,91.54
70.87609100341797,59.45
59.81972122192383,47.73
57.33610153198242,54.93
58.061988830566406,60.85
56.76090621948242,53.7
50.650001525878906,42.58
48.65700912475586,40.17
46.71260452270508,44.57
47.11289596557617,47.39
41.75735855102539,42.1
34.53424072265625,31.36
31.42758560180664,28.86
28.897062301635742,28.28
27.797666549682617,24.5
23.502294540405273,21.27
23.66292953491211,26.05
19.50759506225586,23.84
16.82027816772461,13.53
8.574569702148438,12.94
6.764110088348389,11.51
5.1716508865356445,6.31
2.4981822967529297,6.57
0.0,2.45
0.0,-0.01
0.0,-0.31
0.0,-0.27
0.0,-0.27
0.0,-0.26
0.0,-0.27
0.0,-0.27
0.0,-0.27
0.0,-0.27
0.0,-0.27
0.0,-0.27
0.0,-0.27
0.0,-0.27
0.0,-0.27
0.0,-0.27
0.0,-0.27
0.0,-0.27
0.0,-0.27
0.0,-0.27
0.0,-0.27
0.0,-0.27
0.0,-0.27
0.0,-0.27
0.0,-0.27
0.0,-0.27
0.0,-0.27
0.0,-0.27
0.0,-0.27
0.0,-0.27
0.0,-0.27
0.0,-0.27
0.0,-0.27
0.0,-0.27
0.0,-0.27
0.0,-0.27
0.0,-0.27
0.0,-0.27
0.0,-0.27
0.0,-0.27
0.0,-0.27
0.0,-0.27
0.0,-0.27
0.0,-0.27
0.0,-0.27
0.0,-0.27
0.0,-0.27
0.0,-0.27
0.0,-0.27
0.0,-0.27
0.0,-0.27
0.0,0.04
0.0,1.05
0.0,1.99
3.757385730743408,4.41
10.687732696533203,6.44
16.426664352416992,23.02
22.514467239379883,25.27
24.973358154296875,24.38
30.785648345947266,30.86
34.8086051940918,32.05
38.81972885131836,28.9
41.28504943847656,42.68
44.263587951660156,57.36
41.35268020629883,39.88
37.285743713378906,36.62
38.345237731933594,33.85
40.878170013427734,33.58
46.97593307495117,38.85
52.874610900878906,52.35
58.53152084350586,63.82
60.04911804199219,52.42
59.54747009277344,63.12
63.508544921875,59.48
64.51753997802734,45.59
68.80752563476562,63.81
79.65269470214844,76.41
83.5196762084961,74.7
83.41343688964844,82.34
82.09376525878906,70.01000000000002
77.43275451660156,81.08
71.87451171875,75.97
59.25929641723633,56.34
48.989967346191406,44.41
38.33607482910156,49.14
32.62671661376953,29.47
25.16536521911621,22.64
22.038644790649414,18.74
17.96495246887207,24.45
15.70981502532959,16.94
12.05178165435791,14.65
8.556981086730957,10.75
4.3253397941589355,5.55
0.5901055932044983,3.92
0.9947047233581543,1.21
0.0,0.3
0.0,-0.04
0.0,-0.27
0.0,-0.23
0.0,-0.26
0.0,-0.23
0.0,-0.24
0.0,-0.23
0.0,-0.23
0.0,-0.24
0.0,-0.27
0.0,-0.27
0.0,-0.27
0.0,-0.27
0.0,-0.27
0.0,-0.27
0.0,-0.26
0.0,-0.26
0.0,-0.27
0.0,-0.27
0.0,-0.27
0.0,-0.27
0.0,-0.27
0.0,-0.27
0.0,-0.27
0.0,-0.27
0.0,-0.27
0.0,-0.27
0.0,-0.27
0.0,-0.27
0.0,-0.27
0.0,-0.27
0.0,-0.27
0.0,-0.27
0.0,-0.27
0.0,-0.27
0.0,-0.27
0.0,-0.27
0.0,-0.27
0.0,-0.27
0.0,-0.27
0.0,-0.27
0.0,-0.27
0.0,-0.27
0.0,-0.27
0.0,-0.27
0.0,-0.27
0.0,-0.27
0.0,-0.27
0.0,-0.27
0.0,-0.27
0.0,-0.27
0.0,-0.27
0.0,0.01
0.0,0.17
0.0,1.29
0.0,0.94
0.0,3.11
0.0,2.3
1.0066288709640503,4.78
3.237931728363037,5.78
4.565763473510742,4.83
6.411165714263916,8.1
7.908397674560547,6.17
8.222975730895996,9.1
10.81661319732666,7.22
12.17872142791748,8.4
12.429094314575195,13.9
10.338984489440918,9.12
9.554117202758789,6.55
10.435697555541992,6.710000000000001
11.96108341217041,3.85
13.304076194763184,7.42
15.046196937561035,14.2
15.085713386535645,15.66
11.199481964111328,7.94
10.860191345214844,6.23
11.25941276550293,5.65
14.75151252746582,12.46
20.175539016723633,12.21
18.846046447753906,15.68
20.852949142456055,20.07
17.409088134765625,19.54
13.790403366088867,8.21
7.610809326171875,6.710000000000001
5.572688579559326,4.55
4.2154340744018555,3.34
4.132396221160889,3.99
4.523312568664551,3.89
4.993654727935791,3.73
5.473034858703613,3.95
7.770133972167969,9.13
5.948051452636719,9.32
3.608403444290161,6.33
2.9284136295318604,3.8
0.20907476544380188,4.74
0.828827977180481,3.3
0.0,0.4
0.0,-0.13
0.0,-0.3
0.0,-0.27
0.0,-0.27
0.0,-0.27
0.0,-0.27
0.0,-0.3
0.0,-0.27
0.0,-0.27
0.0,-0.27
0.0,-0.27
0.0,-0.27
0.0,-0.27
0.0,-0.27
0.0,-0.27
0.0,-0.27
0.0,-0.27
0.0,-0.27
0.0,-0.27
0.0,-0.27
0.0,-0.27
0.0,-0.27
0.0,-0.27
0.0,-0.27
0.0,-0.27
0.0,-0.27
0.0,-0.27
0.0,-0.27
0.0,-0.27
0.0,-0.27
0.0,-0.27
0.0,-0.27
0.0,-0.27
0.0,-0.27
0.0,-0.27
0.0,-0.27
0.0,-0.27
0.0,-0.27
0.0,-0.27
0.0,-0.27
0.0,-0.27
0.0,-0.27
0.0,-0.27
0.0,-0.27
0.0,-0.27
0.0,-0.27
0.0,-0.27
0.0,-0.27
0.0,-0.27
0.0,-0.27
0.0,0.61
0.7597815990447998,3.15
4.484381675720215,6.97
11.023256301879883,12.18
18.413232803344727,18.2
26.017478942871094,25.02
34.58195495605469,32.56
41.86469268798828,39.6
49.17820358276367,47.22
55.84566879272461,54.13
62.608734130859375,60.01
67.88658905029297,65.67
72.67337036132812,70.65
77.00885009765625,75.62
80.80577087402344,79.21
85.37089538574219,82.89
87.37438201904297,84.69
88.8729476928711,88.85
89.36663818359375,90.82
89.26715087890625,93.37
88.05134582519531,92.82
86.58533477783203,69.84
85.0490493774414,84.04
89.32223510742188,90.16
89.14271545410156,90.33
86.06456756591797,91.36
81.72944641113281,74.85
78.11431884765625,79.22
77.71721649169922,85.34
72.54074096679688,63.74
65.12479400634766,67.66
62.33430480957031,65.88
55.91447830200195,62.06
48.92875671386719,46.06
44.49784469604492,34.07
41.93653869628906,46.99
44.177181243896484,47.09
41.585628509521484,48.46
37.772830963134766,37.88
29.554553985595703,31.11
21.51427459716797,21.2
16.16731834411621,20.53
14.410910606384277,19.7
10.189562797546387,11.38
2.209378480911255,6.27
0.0,3.74
0.0,0.13
0.0,-0.35
0.0,-0.26
0.0,-0.24
0.0,-0.27
0.0,-0.27
0.0,-0.27
0.0,-0.27
0.0,-0.27
0.0,-0.23
0.0,-0.27
0.0,-0.24
0.0,-0.24
0.0,-0.26
0.0,-0.27
0.0,-0.26
0.0,-0.24
0.0,-0.27
0.0,-0.27
0.0,-0.27
0.0,-0.27
0.0,-0.27
0.0,-0.27
0.0,-0.27
0.0,-0.27
0.0,-0.27
0.0,-0.27
0.0,-0.27
0.0,-0.27
0.0,-0.27
0.0,-0.27
0.0,-0.27
0.0,-0.27
0.0,-0.27
0.0,-0.27
0.0,-0.27
0.0,-0.27
0.0,-0.27
0.0,-0.27
0.0,-0.27
0.0,-0.27
0.0,-0.27
0.0,-0.27
0.0,-0.27
0.0,-0.27
0.0,-0.27
0.0,-0.27
0.0,-0.27
0.0,-0.27
0.0,-0.27
0.0,0.2
0.0,1.51
0.9966084957122803,3.68
4.584727764129639,7.68
7.280887603759766,10.66
12.980374336242676,14.82
19.915494918823242,16.63
27.718778610229492,20.87
37.35478210449219,29.31
49.04267883300781,50.96
58.395103454589844,56.21
64.1364517211914,61.65
69.09864807128906,67.16
73.53722381591797,71.63
78.54322814941406,79.28
81.77509307861328,69.83
84.83177947998047,86.45
89.4187240600586,87.45
91.06071472167969,90.02
92.86092376708984,93.02
94.16735076904297,88.08
93.91789245605469,92.87
96.05422973632812,95.59
95.62887573242188,97.27000000000001
93.17613983154297,88.35
90.66232299804688,91.19
91.75205993652344,91.29
88.01961517333984,90.31
82.15413665771484,62.97
79.13557434082031,90.18
78.1073989868164,83.39
67.08386993408203,71.46
55.3875732421875,39.8
50.920772552490234,64.67
52.014686584472656,64.07
45.49884033203125,22.85
39.82305908203125,47.61
42.582218170166016,47.69
37.236602783203125,43.88
31.24553680419922,27.67
22.362951278686523,19.79
16.492673873901367,25.89
11.470878601074219,17.82
6.978409290313721,4.14
0.8222997784614563,1.62
0.3018110394477844,0.15
0.02748914062976837,-0.25
0.0,-0.26
0.0,-0.23
0.0,-0.23
0.0,-0.23
0.0,-0.24
0.0,-0.27
0.0,-0.24
0.0,-0.27
0.0,-0.27
0.0,-0.27
0.0,-0.27
0.0,-0.24
0.0,-0.27
0.0,-0.26
0.0,-0.27
0.0,-0.27
0.0,-0.27
0.0,-0.27
0.0,-0.27
0.0,-0.27
0.0,-0.27
0.0,-0.27
0.0,-0.27
0.0,-0.27
0.0,-0.27
0.0,-0.27
0.0,-0.27
0.0,-0.27
0.0,-0.27
0.0,-0.27
0.0,-0.27
0.0,-0.27
0.0,-0.27
0.0,-0.27
0.0,-0.27
0.0,-0.27
0.0,-0.27
0.0,-0.27
0.0,-0.27
0.0,-0.27
0.0,-0.27
0.0,-0.27
0.0,-0.27
0.0,-0.27
0.0,-0.27
0.0,-0.27
0.0,-0.27
0.0,-0.27
0.0,-0.27
0.0,-0.27
0.0,-0.24
0.0,0.07
0.0,0.92
0.0,1.32
1.4905122518539429,4.95
3.899538993835449,7.23
3.9402196407318115,6.15
6.812221050262451,4.93
7.974427700042725,6.62
10.041163444519043,10.08
10.892802238464355,14.17
10.984525680541992,12.68
9.669352531433105,7.36
9.913775444030762,8.54
12.719867706298828,11.31
16.397705078125,13.04
19.905073165893555,16.72
23.13125991821289,18.69
24.148406982421875,28.72
21.38570785522461,19.62
18.4636173248291,17.1
16.67120361328125,10.97
16.095012664794922,13.6
14.810842514038086,11.52
14.160002708435059,10.48
14.926702499389648,13.420000000000002
17.31053924560547,15.55
18.746604919433594,14.86
16.83740997314453,7.83
14.991610527038574,15.5
17.066125869750977,15.97
15.336322784423828,16.12
10.613517761230469,9.51
4.856603145599365,3.69
3.320472002029419,3.9
3.4831113815307617,1.7399999999999998
2.6675446033477783,3.3
1.6890465021133423,2.21
1.74138343334198,1.45
0.0,1.42
1.0450013875961304,0.84
0.0,0.04
0.0,0.04
0.0,0.0
0.0,-0.31
0.0,-0.27
0.0,-0.27
0.0,-0.27
0.0,-0.27
0.0,-0.27
0.0,-0.27
0.0,-0.27
0.0,-0.27
0.0,-0.27
0.0,-0.27
0.0,-0.27
0.0,-0.27
0.0,-0.24
0.0,-0.27
0.0,-0.27
0.0,-0.27
0.0,-0.27
0.0,-0.27
0.0,-0.29
0.0,-0.27
0.0,-0.27
0.0,-0.27
0.0,-0.27
0.0,-0.3
0.0,-0.27
0.0,-0.27
0.0,-0.27
0.0,-0.27
0.0,-0.27
0.0,-0.27
0.0,-0.27
0.0,-0.27
0.0,-0.27
0.0,-0.27
0.0,-0.27
0.0,-0.27
0.0,-0.27
0.0,-0.27
0.0,-0.27
0.0,-0.3
0.0,-0.3
0.0,-0.27
0.0,-0.27
0.0,-0.27
0.0,-0.27
0.0,-0.27
0.0,-0.27
0.0,-0.27
0.0,-0.27
0.0,-0.27
0.0,-0.31
0.0,-0.29
0.0,0.49
0.0,1.57
0.0,1.83
0.0,2.13
1.0131628513336182,3.17
2.0485286712646484,4.0
4.3978400230407715,4.72
6.026066780090332,5.38
7.783513069152832,7.26
8.416097640991211,8.44
10.108026504516602,8.07
9.333807945251465,19.22
11.383793830871582,6.88
10.73849105834961,7.5
14.384214401245117,6.959999999999999
18.280841827392578,16.2
20.74068832397461,24.14
20.559505462646484,18.22
15.603963851928711,11.4
11.516617774963379,11.48
11.092878341674805,6.93
10.510480880737305,7.22
10.391165733337402,9.19
10.656373977661133,6.97
9.107783317565918,8.92
8.247041702270508,4.68
7.58963680267334,5.37
9.726323127746582,7.94
9.00728702545166,9.78
8.017953872680664,3.64
5.9752888679504395,5.62
5.63102388381958,3.18
3.8191111087799072,4.45
3.353764295578003,1.19
1.1507538557052612,3.43
1.3619067668914795,1.23
0.0,1.0
1.1104228496551514,1.27
0.0,1.02
0.15163582563400269,0.47
0.0,0.05
0.0,0.18
0.0,0.27
0.0,-0.31
0.0,-0.27
0.0,-0.27
0.0,-0.27
0.0,-0.27
0.0,-0.27
0.0,-0.27
0.0,-0.27
0.0,-0.27
0.0,-0.3
0.0,-0.27
0.0,-0.27
0.0,-0.27
0.0,-0.27
0.0,-0.27
0.0,-0.27
0.0,-0.27
0.0,-0.27
0.0,-0.27
0.0,-0.27
0.0,-0.27
0.0,-0.27
0.0,-0.27
0.0,-0.27
0.0,-0.27
0.0,-0.27
0.0,-0.27
0.0,-0.27
0.0,-0.27
0.0,-0.27
0.0,-0.27
0.0,-0.27
0.0,-0.27
0.0,-0.27
0.0,-0.27
0.0,-0.27
0.0,-0.27
0.0,-0.27
0.0,-0.27
0.0,-0.27
0.0,-0.27
0.0,-0.27
0.0,-0.27
0.0,-0.27
0.0,-0.27
0.0,-0.27
0.0,-0.27
0.0,-0.27
0.0,-0.27
0.0,-0.27
0.0,-0.27
0.0,-0.27
0.0,-0.27
0.0,0.03
0.0,0.23
0.0,0.44
0.0,1.3
0.0,1.02
0.0,0.8
0.5893524885177612,1.53
3.176110029220581,2.95
5.701652526855469,5.41
7.554387092590332,6.31
9.438176155090332,7.66
11.56205940246582,11.82
13.778114318847656,17.47
12.767158508300781,7.57
9.384113311767578,11.78
11.77704906463623,10.62
9.418002128601074,9.26
9.531237602233887,7.67
10.601439476013184,7.63
10.28747272491455,8.11
11.3237943649292,10.43
12.819106101989746,8.8
14.217511177062988,9.34
13.746051788330078,8.2
17.671934127807617,16.15
17.195707321166992,15.18
14.536046028137207,10.55
12.972238540649414,12.23
12.781355857849121,14.95
12.608717918395996,10.38
10.440085411071777,5.03
11.609048843383789,9.73
11.900702476501465,13.68
14.900516510009766,16.11
13.862366676330566,9.33
9.827341079711914,12.6
8.849343299865723,11.69
8.40859317779541,8.09
7.510030746459961,12.21
2.3222711086273193,4.18
0.0,0.73
0.0,1.56
0.0,2.18
0.0,0.19
0.0,-0.33
0.0,-0.29
0.0,-0.27
0.0,-0.27
0.0,-0.27
0.0,-0.27
0.0,-0.27
0.0,-0.27
0.0,-0.3
0.0,-0.27
0.0,-0.3
0.0,-0.27
0.0,-0.29
0.0,-0.3
0.0,-0.29
0.0,-0.31
0.0,-0.31
0.0,-0.3
0.0,-0.27
0.0,-0.27
0.0,-0.27
0.0,-0.27
0.0,-0.27
0.0,-0.27
0.0,-0.27
0.0,-0.27
0.0,-0.27
0.0,-0.27
0.0,-0.27
0.0,-0.27
0.0,-0.27
0.0,-0.27
0.0,-0.27
0.0,-0.27
0.0,-0.27
0.0,-0.27
0.0,-0.27
0.0,-0.27
0.0,-0.27
0.0,-0.27
0.0,-0.27
0.0,-0.27
0.0,-0.27
0.0,-0.27
0.0,-0.27
0.0,-0.27
0.0,-0.27
0.0,-0.27
0.0,-0.27
0.0,-0.27
0.0,-0.27
0.0,-0.27
0.0,0.04
0.016818828880786896,1.46
1.722963571548462,3.51
2.4708845615386963,4.29
2.4968552589416504,5.73
4.005558967590332,6.7
7.02880334854126,7.41
9.450639724731445,8.83
10.67026424407959,9.05
13.525778770446777,11.21
14.903657913208008,14.28
17.8281307220459,19.76
18.8290958404541,16.04
19.32497215270996,13.72
21.19178009033203,16.2
24.035560607910156,19.17
26.306447982788086,25.45
26.990379333496094,23.66
23.73971176147461,29.02
22.66866111755371,15.6
17.777912139892578,13.19
19.001873016357422,13.47
20.369298934936523,16.95
24.64833641052246,22.44
23.653043746948242,19.32
22.372512817382812,16.44
20.184066772460938,22.83
20.102109909057617,19.28
19.145633697509766,14.28
16.434133529663086,10.99
14.299771308898926,12.83
11.98867416381836,7.32
7.981832504272461,7.72
9.16270637512207,5.71
5.633956432342529,6.1
7.802390098571777,4.46
5.282986164093018,3.65
6.945377349853516,5.2
5.950323104858398,4.8
3.207845687866211,3.91
0.4949687123298645,2.53
0.9273388385772705,1.3
0.0,0.39
0.0,-0.2
0.0,-0.31
0.0,-0.27
0.0,-0.27
0.0,-0.27
0.0,-0.27
0.0,-0.27
0.0,-0.27
0.0,-0.27
0.0,-0.27
0.0,-0.27
0.0,-0.27
0.0,-0.27
0.0,-0.27
0.0,-0.27
0.0,-0.27
0.0,-0.27
0.0,-0.27
0.0,-0.27
0.0,-0.27
0.0,-0.27
0.0,-0.27
0.0,-0.27
0.0,-0.27
0.0,-0.27
0.0,-0.27
0.0,-0.3
0.0,-0.3
0.0,-0.27
0.0,-0.27
0.0,-0.3
0.0,-0.27
0.0,-0.27
0.0,-0.3
0.0,-0.3
0.0,-0.3
0.0,-0.3
0.0,-0.27
0.0,-0.3
0.0,-0.27
0.0,-0.27
0.0,-0.3
0.0,-0.27
0.0,-0.27
0.0,-0.27
0.0,-0.27
0.0,-0.27
0.0,-0.27
0.0,-0.27
0.0,-0.27
0.0,-0.27
0.0,-0.27
0.0,-0.25
0.0,0.0
0.0,0.06
0.0,0.49
0.0,1.99
0.4897597134113312,2.79
2.894735097885132,2.71
6.297923564910889,9.58
8.121054649353027,14.53
8.203736305236816,3.4799999999999995
7.992893695831299,14.84
11.231807708740234,7.74
10.63609790802002,12.32
13.503509521484375,12.57
17.050739288330078,20.84
20.25092124938965,14.57
21.12976837158203,14.02
26.23412322998047,16.0
31.994760513305664,37.2
34.56171798706055,30.54
32.22994613647461,34.72
29.249614715576172,26.91
25.813302993774414,17.04
26.56378746032715,30.8
29.005178451538086,21.7
28.547727584838867,17.32
30.920257568359375,32.17
36.7724723815918,31.84
34.065086364746094,28.02
29.973512649536133,33.3
23.66447639465332,25.55
19.53922462463379,16.55
12.720968246459961,10.68
11.781158447265625,9.98
10.697708129882812,7.71
5.969629287719727,8.56
3.735612630844116,5.83
2.445988178253174,4.71
3.211277723312378,4.23
1.9785737991333008,3.35
0.0327020138502121,2.8
0.0,1.6
0.0,0.53
0.0,0.21
0.0,-0.25
0.0,-0.3
0.0,-0.27
0.0,-0.27
0.0,-0.27
0.0,-0.27
0.0,-0.27
0.0,-0.24
0.0,-0.27
0.0,-0.27
0.0,-0.27
0.0,-0.27
0.0,-0.27
0.0,-0.27
0.0,-0.24
0.0,-0.27
0.0,-0.27
0.0,-0.27
0.0,-0.27
0.0,-0.27
0.0,-0.27
0.0,-0.27
0.0,-0.27
0.0,-0.27
0.0,-0.27
0.0,-0.27
0.0,-0.27
0.0,-0.27
0.0,-0.27
0.0,-0.27
0.0,-0.27
0.0,-0.27
0.0,-0.27
0.0,-0.27
0.0,-0.27
0.0,-0.27
0.0,-0.27
0.0,-0.27
0.0,-0.27
0.0,-0.27
0.0,-0.27
0.0,-0.27
0.0,-0.27
0.0,-0.27
0.0,-0.27
0.0,-0.27
0.0,-0.27
0.0,-0.27
0.0,-0.27
0.0,-0.27
0.0,-0.27
0.0,0.24
0.6467677354812622,2.65
7.216739654541016,7.37
14.527660369873047,13.98
22.28483772277832,21.23
29.9364013671875,28.98
38.55168914794922,36.75
46.081966400146484,44.13
53.45234298706055,51.26
60.01564407348633,57.86
65.27954864501953,64.02
70.86121368408203,69.61
76.06100463867188,74.6
80.396240234375,78.25
83.88335418701172,81.66
86.90239715576172,85.37
89.9591293334961,87.73
91.82892608642578,90.25
94.27728271484375,92.18
96.41612243652344,93.4
96.10530090332031,95.16
95.84854125976562,93.86
92.3222885131836,96.24
90.50655364990234,96.64
87.33081817626953,81.17
82.58550262451172,74.13
83.96315002441406,84.09
86.73969268798828,79.11
85.91779327392578,90.6
86.88074493408203,86.67
83.73431396484375,85.07
80.95111846923828,81.06
76.13668823242188,76.79
71.92488861083984,72.05
66.44913482666016,67.86
60.95344924926758,61.52
53.29955291748047,55.54
48.04117202758789,48.82
40.842960357666016,40.66
31.455142974853516,33.15
24.63656997680664,27.09
16.288358688354492,18.62
9.25363826751709,13.44
5.226730823516846,4.64
0.0,0.86
0.0,0.04
0.0,-0.25
0.0,-0.27
0.0,-0.23
0.0,-0.24
0.0,-0.24
0.0,-0.24
0.0,-0.24
0.0,-0.27
0.0,-0.27
0.0,-0.27
0.0,-0.27
0.0,-0.24
0.0,-0.24
0.0,-0.24
0.0,-0.26
0.0,-0.27
0.0,-0.24
0.0,-0.24
0.0,-0.26
0.0,-0.26
0.0,-0.23
0.0,-0.27
0.0,-0.27
0.0,-0.27
0.0,-0.27
0.0,-0.27
0.0,-0.27
0.0,-0.27
0.0,-0.27
0.0,-0.27
0.0,-0.27
0.0,-0.27
0.0,-0.27
0.0,-0.27
0.0,-0.27
0.0,-0.27
0.0,-0.27
0.0,-0.27
0.0,-0.27
0.0,-0.27
0.0,-0.27
0.0,-0.27
0.0,-0.27
0.0,-0.27
0.0,-0.27
0.0,-0.27
0.0,-0.27
0.0,-0.27
0.0,-0.27
0.0,-0.27
0.0,-0.18
0.0,0.63
0.0,2.23
2.237771987915039,4.11
3.529592275619507,6.31
6.0363335609436035,8.6
7.614604473114014,11.96
11.836081504821777,12.61
19.43366813659668,14.14
28.524776458740234,20.64
40.20458221435547,33.55
52.31089782714844,43.03
62.254451751708984,66.57
70.50379180908203,79.56
74.39625549316406,54.02
77.37361907958984,81.77
86.6471939086914,77.18
88.9976577758789,90.0
92.76042175292969,92.73
90.16383361816406,98.15
84.51254272460938,89.52
75.27851104736328,76.17000000000002
64.92076873779297,55.63
60.16963577270508,70.25
57.95834732055664,51.9
52.012203216552734,50.95
49.979000091552734,47.73
47.65619659423828,45.54
44.19631576538086,48.94
43.950233459472656,43.81
46.82896423339844,41.02
51.208499908447266,42.97
53.35453414916992,49.19
55.31181716918945,51.87
54.16084671020508,63.75
47.65324783325195,68.23
33.98299789428711,13.17
20.048311233520508,15.0
21.313291549682617,33.69
20.30891227722168,18.01
14.387762069702148,12.53
10.884648323059082,12.02
6.361547470092773,11.93
4.751554012298584,5.69
2.647520065307617,3.97
0.0,1.15
0.0,-0.18
0.0,-0.27
0.0,-0.27
0.0,-0.24
0.0,-0.26
0.0,-0.23
0.0,-0.27
0.0,-0.27
0.0,-0.27
0.0,-0.27
0.0,-0.27
0.0,-0.27
0.0,-0.27
0.0,-0.27
0.0,-0.27
0.0,-0.27
0.0,-0.27
0.0,-0.27
0.0,-0.27
0.0,-0.27
0.0,-0.27
0.0,-0.23
0.0,-0.23
0.0,-0.23
0.0,-0.23
0.0,-0.23
0.0,-0.23
0.0,-0.23
0.0,-0.23
0.0,-0.23
0.0,-0.23
0.0,-0.23
0.0,-0.23
0.0,-0.27
0.0,-0.27
0.0,-0.23
0.0,-0.27
0.0,-0.27
0.0,-0.26
0.0,-0.26
0.0,-0.23
0.0,-0.24
0.0,-0.27
0.0,-0.23
0.0,-0.24
0.0,-0.24
0.0,-0.27
0.0,-0.24
0.0,-0.24
0.0,-0.27
0.0,0.0
0.0,0.99
0.0,4.379999999999999
1.450111985206604,5.25
3.750448703765869,6.53
8.774240493774414,10.09
15.218836784362793,12.83
23.778566360473633,17.12
32.85520553588867,39.21
42.282073974609375,29.28
48.23408508300781,43.87
57.49913024902344,62.4
64.83911895751953,69.02
68.49134826660156,48.91
73.82835388183594,83.77
82.04798126220703,80.54
83.75666809082031,83.37
87.06562805175781,87.99
88.85747528076172,90.04
89.37081909179688,91.57
87.35250091552734,98.37
82.72811889648438,89.5
75.53201293945312,89.77
68.47074890136719,67.06
63.36314010620117,62.16
62.13064956665039,57.34
63.18923568725586,50.53
65.31532287597656,81.06
69.88500213623047,66.46
66.32503509521484,67.86
65.5123519897461,63.08
64.1170654296875,70.41
60.751224517822266,67.82
57.88425064086914,66.69
49.9427604675293,56.94
43.330989837646484,45.7
38.1775016784668,43.76
35.03711700439453,35.51
29.99675178527832,35.49
21.75544548034668,28.37
16.272232055664062,20.87
10.691061019897461,13.57
7.256486892700195,8.0
2.3740437030792236,3.32
0.0,0.65
0.0,-0.27
0.0,-0.27
0.0,-0.27
0.0,-0.27
0.0,-0.27
0.0,-0.24
0.0,-0.27
0.0,-0.27
0.0,-0.24
0.0,-0.27
0.0,-0.27
0.0,-0.24
0.0,-0.24
0.0,-0.23
0.0,-0.24
0.0,-0.23
0.0,-0.24
0.0,-0.23
0.0,-0.24
0.0,-0.23
0.0,-0.23
0.0,-0.23
0.0,-0.23
0.0,-0.24
0.0,-0.23
0.0,-0.23
0.0,-0.23
0.0,-0.23
0.0,-0.27
0.0,-0.27
0.0,-0.27
0.0,-0.27
0.0,-0.27
0.0,-0.27
0.0,-0.27
0.0,-0.27
0.0,-0.27
0.0,-0.27
0.0,-0.27
0.0,-0.27
0.0,-0.27
0.0,-0.27
0.0,-0.27
0.0,-0.27
0.0,-0.27
0.0,-0.27
0.0,-0.27
0.0,-0.27
0.0,-0.27
0.0,-0.27
0.0,-0.07
0.0,1.58
4.398209571838379,5.17
9.906951904296875,11.05
17.665557861328125,17.74
25.567211151123047,25.46
34.270301818847656,32.98
41.51344299316406,40.33
48.22089767456055,47.29
54.317562103271484,53.87
60.15052032470703,59.86
65.60446166992188,65.49
69.46524047851562,70.55
74.37028503417969,74.32
76.94110870361328,78.58
80.90682983398438,82.23
83.85924530029297,85.79
86.2219467163086,88.34
89.33646392822266,90.51
89.95552062988281,92.32
91.59073638916016,94.57
92.2558364868164,94.66
92.49481201171875,95.59
91.49568176269531,94.06
91.23554229736328,95.08
90.36481475830078,94.9
87.76565551757812,90.69
85.07905578613281,89.6
81.4151611328125,89.97
75.05767822265625,82.94
71.93434143066406,71.88
67.38859558105469,70.14
65.1715087890625,65.27
62.015567779541016,60.34
57.48016357421875,64.64
51.89908218383789,60.03
43.50066375732422,47.79
32.3164176940918,41.19
22.616947174072266,17.71
10.70154094696045,10.24
5.852899551391602,8.71
4.559683322906494,6.61
1.8533599376678467,4.11
0.0,2.16
0.0,0.91
0.0,0.03
0.0,-0.27
0.0,-0.24
0.0,-0.23
0.0,-0.24
0.0,-0.23
0.0,-0.24
0.0,-0.24
0.0,-0.24
0.0,-0.24
0.0,-0.24
0.0,-0.24
0.0,-0.24
0.0,-0.24
0.0,-0.24
0.0,-0.27
0.0,-0.27
0.0,-0.27
0.0,-0.27
0.0,-0.27
0.0,-0.27
0.0,-0.27
0.0,-0.27
0.0,-0.27
0.0,-0.27
0.0,-0.27
0.0,-0.27
0.0,-0.27
0.0,-0.27
0.0,-0.27
0.0,-0.27
0.0,-0.27
0.0,-0.27
0.0,-0.27
0.0,-0.27
0.0,-0.27
0.0,-0.27
0.0,-0.27
0.0,-0.27
0.0,-0.27
0.0,-0.27
0.0,-0.27
0.0,-0.27
0.0,-0.27
0.0,-0.27
0.0,-0.27
0.0,-0.27
0.0,-0.27
0.0,-0.24
0.0,-0.24
0.0,-0.27
0.0,-0.25
0.0,0.15
0.0,0.9
0.0,1.67
0.0,3.12
2.156104326248169,4.68
3.151176929473877,6.08
6.026130676269531,8.1
8.932272911071777,12.61
12.968894958496094,13.52
15.015563011169434,14.0
16.565338134765625,20.77
21.47130012512207,21.78
21.70349884033203,22.12
20.075563430786133,23.54
19.819713592529297,20.35
20.70890998840332,22.09
19.466569900512695,20.13
18.367109298706055,19.44
18.582834243774414,15.99
19.002532958984375,17.04
24.171977996826172,20.41
29.24310302734375,24.23
34.8695182800293,28.48
37.20672607421875,43.94
37.56521987915039,39.4
35.512611389160156,32.57
29.60874366760254,32.19
29.835561752319336,29.23
27.546051025390625,26.56
29.225324630737305,27.21
32.68645095825195,25.9
34.340213775634766,30.75
36.663795471191406,43.16
33.47882843017578,34.67
28.47657585144043,32.03
26.5849552154541,24.81
18.56561279296875,23.7
15.903813362121582,18.66
10.07150936126709,13.91
9.017765998840332,10.73
7.0976386070251465,8.260000000000002
3.1381704807281494,5.86
0.6337239146232605,3.64
0.0,1.57
0.0,0.01
0.0,-0.29
0.0,-0.27
0.0,-0.24
0.0,-0.24
0.0,-0.27
0.0,-0.24
0.0,-0.24
0.0,-0.27
0.0,-0.27
0.0,-0.27
0.0,-0.24
0.0,-0.24
0.0,-0.24
0.0,-0.24
0.0,-0.24
0.0,-0.24
0.0,-0.24
0.0,-0.24
0.0,-0.24
0.0,-0.24
0.0,-0.24
0.0,-0.24
0.0,-0.27
0.0,-0.24
0.0,-0.24
0.0,-0.24
0.0,-0.24
0.0,-0.27
0.0,-0.27
0.0,-0.27
0.0,-0.27
0.0,-0.27
0.0,-0.27
0.0,-0.27
0.0,-0.27
0.0,-0.27
0.0,-0.27
0.0,-0.27
0.0,-0.27
0.0,-0.27
0.0,-0.27
0.0,-0.27
0.0,-0.27
0.0,-0.27
0.0,-0.27
0.0,-0.27
0.0,-0.27
0.0,-0.27
0.0,-0.27
0.0,-0.27
0.0,-0.27
0.0,-0.05
0.0,0.5
0.0,1.88
0.0,3.22
0.9985896944999695,4.75
2.2302939891815186,6.43
6.148168563842773,6.72
8.05257511138916,10.21
11.25220012664795,12.67
12.7986478805542,13.71
15.775447845458984,16.520000000000003
19.822834014892578,18.64
25.205341339111328,23.68
31.676040649414062,27.23
38.831722259521484,28.85
45.562110900878906,40.77
53.45930480957031,53.76
59.58375549316406,57.22
60.48225402832031,67.45
62.65106201171875,61.07
63.14094543457031,59.25
64.98888397216797,59.35
66.54444885253906,68.43
68.4108657836914,71.3
66.97608184814453,76.92
65.41081237792969,73.16
58.85884475708008,57.1
55.10773849487305,54.32
53.50267028808594,56.4
51.49055480957031,47.39
49.28520202636719,52.8
51.05717086791992,48.18
49.81000518798828,54.49
47.814910888671875,51.9
40.4501838684082,45.78
36.259002685546875,41.62
27.183671951293945,35.57
22.790910720825195,28.91
20.925498962402344,23.22
14.910116195678711,17.42
8.461688041687012,12.64
2.80098819732666,8.27
2.0345354080200195,4.49
0.0,1.75
0.0,0.04
0.0,-0.31
0.0,-0.27
0.0,-0.23
0.0,-0.24
0.0,-0.27
0.0,-0.24
0.0,-0.24
0.0,-0.24
0.0,-0.24
0.0,-0.24
0.0,-0.27
0.0,-0.27
0.0,-0.24
0.0,-0.24
0.0,-0.27
0.0,-0.27
0.0,-0.27
0.0,-0.27
0.0,-0.27
0.0,-0.27
0.0,-0.27
0.0,-0.27
0.0,-0.27
0.0,-0.27
0.0,-0.27
0.0,-0.27
0.0,-0.27
0.0,-0.27
0.0,-0.27
0.0,-0.27
0.0,-0.27
0.0,-0.27
0.0,-0.3
0.0,-0.3
0.0,-0.3
0.0,-0.3
0.0,-0.3
0.0,-0.3
0.0,-0.3
0.0,-0.3
0.0,-0.3
0.0,-0.3
0.0,-0.3
0.0,-0.3
0.0,-0.27
0.0,-0.27
0.0,-0.27
0.0,-0.27
0.0,-0.27
0.0,-0.27
0.0,-0.24
0.0,0.39
0.0,2.05
1.9462637901306152,6.09
4.324980735778809,9.47
5.1479668617248535,8.22
6.740797996520996,11.01
8.04055404663086,8.67
8.810829162597656,11.2
8.866003036499023,13.99
10.314873695373535,10.67
12.94998550415039,10.95
19.950586318969727,13.66
27.04848861694336,15.81
36.659820556640625,33.94
45.486785888671875,42.62
48.370635986328125,68.27
46.625396728515625,40.6
38.66328430175781,39.31
39.048858642578125,37.14
40.424320220947266,34.28
43.50474548339844,43.56
48.42694091796875,42.88
48.660091400146484,35.24
49.4888801574707,54.2
48.524986267089844,59.21
36.89236068725586,33.29
24.114398956298828,12.45
16.18885612487793,17.32
17.17459487915039,16.17
14.648775100708008,10.01
9.884188652038574,8.47
11.554954528808594,6.9
9.864359855651855,10.61
12.459677696228027,12.09
10.152084350585938,10.3
5.90779972076416,4.52
6.096063613891602,6.44
3.5855109691619873,4.76
3.071793556213379,4.379999999999999
0.23479625582695007,3.2
2.153738498687744,2.59
0.4227158725261688,1.47
0.0,0.28
0.0,-0.08
0.0,-0.29
0.0,-0.27
0.0,-0.27
0.0,-0.27
0.0,-0.27
0.0,-0.27
0.0,-0.27
0.0,-0.27
0.0,-0.27
0.0,-0.27
0.0,-0.27
0.0,-0.27
0.0,-0.27
0.0,-0.27
0.0,-0.27
0.0,-0.27
0.0,-0.27
0.0,-0.27
0.0,-0.27
0.0,-0.27
0.0,-0.27
0.0,-0.27
0.0,-0.27
0.0,-0.27
0.0,-0.31
0.0,-0.27
0.0,-0.3
0.0,-0.3
0.0,-0.27
0.0,-0.3
0.0,-0.27
0.0,-0.3
0.0,-0.3
0.0,-0.3
0.0,-0.3
0.0,-0.3
0.0,-0.31
0.0,-0.3
0.0,-0.31
0.0,-0.3
0.0,-0.3
0.0,-0.3
0.0,-0.3
0.0,-0.3
0.0,-0.3
0.0,-0.3
0.0,-0.3
0.0,-0.3
0.0,-0.3
0.0,-0.27
0.0,-0.27
0.0,-0.3
0.0,-0.03
0.0,0.46
0.0,0.07
0.0,1.62
0.0,1.59
2.199664354324341,4.18
3.4501593112945557,4.29
3.622288942337036,8.22
3.0627832412719727,3.87
4.8492045402526855,6.27
7.696060657501221,6.98
10.384505271911621,6.37
11.88189697265625,13.51
13.929147720336914,15.32
13.68431282043457,16.01
14.29992961883545,21.97
14.616004943847656,15.3
14.010749816894531,9.76
14.476043701171875,11.71
17.135997772216797,16.35
19.236839294433594,25.46
17.303028106689453,20.68
12.269427299499512,10.36
8.726810455322266,13.67
11.250598907470703,8.08
12.570025444030762,10.88
14.625295639038086,10.19
15.00273323059082,13.52
15.036993980407715,19.48
16.68325424194336,17.82
16.670005798339844,16.29
14.41494369506836,15.81
9.735963821411133,14.34
9.68612003326416,5.15
4.765219688415527,5.1
3.6060574054718018,6.43
5.945551872253418,4.77
4.045741081237793,4.87
0.40206050872802734,1.3
0.21803699433803558,0.77
1.6209038496017456,4.79
1.2446664571762085,2.66
0.0,0.02
0.0,-0.21
0.0,-0.27
0.0,-0.31
0.0,-0.27
0.0,-0.27
0.0,-0.3
0.0,-0.27
0.0,-0.27
0.0,-0.27
0.0,-0.3
0.0,-0.3
0.0,-0.27
0.0,-0.3
0.0,-0.3
0.0,-0.3
0.0,-0.3
0.0,-0.3
0.0,-0.31
0.0,-0.3
0.0,-0.3
0.0,-0.3
0.0,-0.3
0.0,-0.3
0.0,-0.3
0.0,-0.3
0.0,-0.31
0.0,-0.31
0.0,-0.3
0.0,-0.3
0.0,-0.3
0.0,-0.3
0.0,-0.3
0.0,-0.3
0.0,-0.27
0.0,-0.27
0.0,-0.27
0.0,-0.27
0.0,-0.27
0.0,-0.27
0.0,-0.27
0.0,-0.27
0.0,-0.27
0.0,-0.27
0.0,-0.27
0.0,-0.27
0.0,-0.27
0.0,-0.27
0.0,-0.27
0.0,-0.27
0.0,-0.27
0.0,-0.27
0.0,-0.27
0.0,-0.27
0.0,-0.26
0.0,0.24
0.0,0.47
0.0,0.95
0.0,2.93
1.4493763446807861,3.87
2.357491970062256,4.74
4.788654327392578,6.94
8.062305450439453,7.97
10.15713882446289,13.43
13.552197456359863,14.53
15.292678833007812,14.61
17.642141342163086,14.62
20.934864044189453,18.18
22.792274475097656,24.46
26.081951141357422,26.23
22.647979736328125,25.83
20.523902893066406,23.72
20.46310806274414,15.29
20.194232940673828,19.31
23.081087112426758,17.5
23.37131118774414,20.95
25.405521392822266,24.08
27.237546920776367,27.18
27.86712074279785,21.29
24.022605895996094,19.71
26.493669509887695,26.48
26.18739891052246,27.43
19.8072566986084,14.94
17.645538330078125,17.87
15.929429054260254,16.43
14.195829391479492,12.15
14.645756721496582,12.83
16.4018611907959,17.72
18.51698875427246,17.75
17.961029052734375,22.83
15.120603561401367,17.45
14.381904602050781,15.35
11.389107704162598,14.7
7.290159225463867,12.42
4.608074188232422,7.87
3.596277952194214,11.83
4.23702335357666,4.03
0.0,1.36
0.0,-0.05
0.0,-0.27
0.0,-0.27
0.0,-0.27
0.0,-0.24
0.0,-0.27
0.0,-0.27
0.0,-0.27
0.0,-0.27
0.0,-0.27
0.0,-0.27
0.0,-0.27
0.0,-0.27
0.0,-0.27
0.0,-0.27
0.0,-0.27
0.0,-0.27
0.0,-0.27
0.0,-0.27
0.0,-0.27
0.0,-0.27
0.0,-0.27
0.0,-0.27
0.0,-0.3
0.0,-0.27
0.0,-0.3
0.0,-0.3
0.0,-0.27
0.0,-0.27
0.0,-0.3
0.0,-0.27
0.0,-0.27
0.0,-0.27
0.0,-0.27
0.0,-0.27
0.0,-0.27
0.0,-0.27
0.0,-0.3
0.0,-0.27
0.0,-0.27
0.0,-0.3
0.0,-0.27
0.0,-0.27
0.0,-0.27
0.0,-0.27
0.0,-0.27
0.0,-0.27
0.0,-0.27
0.0,-0.27
0.0,-0.27
0.0,-0.27
0.0,-0.22
0.0,0.81
2.76491117477417,4.51
7.619511127471924,9.21
13.309809684753418,15.02
20.589345932006836,20.87
26.481515884399414,32.6
32.53961181640625,21.89
34.990108489990234,41.77
40.94997787475586,39.19
43.61253356933594,65.24
42.38642120361328,27.8
35.85213851928711,46.8
38.281005859375,40.05
31.63935089111328,38.89
28.992849349975586,26.96
27.192602157592773,29.8
30.257518768310547,28.67
32.661590576171875,31.35
31.413978576660156,28.12
28.873149871826172,32.87
29.457138061523438,32.97
28.320859909057617,31.04
27.39752960205078,20.09
24.398296356201172,16.96
28.772382736206055,26.68
31.2192440032959,40.78
32.309566497802734,25.32
26.381284713745117,25.88
27.111942291259766,27.01
24.544052124023438,21.44
23.43638801574707,18.0
26.560644149780273,29.79
26.41143798828125,27.93
21.95176887512207,22.83
17.576522827148438,19.2
14.316807746887207,18.39
11.596719741821289,11.86
6.828599452972412,5.76
0.9301225543022156,6.75
1.900490403175354,3.12
1.1541202068328857,3.02
0.0,2.83
0.0,0.99
0.0,-0.02
0.0,-0.26
0.0,-0.27
0.0,-0.24
0.0,-0.23
0.0,-0.24
0.0,-0.24
0.0,-0.24
0.0,-0.24
0.0,-0.27
0.0,-0.24
0.0,-0.27
0.0,-0.27
0.0,-0.27
0.0,-0.24
0.0,-0.24
0.0,-0.27
0.0,-0.27
0.0,-0.27
0.0,-0.27
0.0,-0.27
0.0,-0.27
0.0,-0.27
0.0,-0.27
0.0,-0.27
0.0,-0.27
0.0,-0.27
0.0,-0.27
0.0,-0.27
0.0,-0.27
0.0,-0.27
0.0,-0.27
0.0,-0.27
0.0,-0.27
0.0,-0.27
0.0,-0.27
0.0,-0.27
0.0,-0.27
0.0,-0.3
0.0,-0.27
0.0,-0.27
0.0,-0.3
0.0,-0.3
0.0,-0.27
0.0,-0.27
0.0,-0.27
0.0,-0.27
0.0,-0.27
0.0,-0.27
0.0,-0.27
0.0,-0.27
0.0,-0.27
0.0,-0.27
0.0,-0.15
0.0,0.34
0.0,0.21
0.0,1.83
2.316380500793457,3.02
6.281528949737549,4.97
11.987000465393066,12.9
18.632997512817383,15.64
23.7324275970459,26.58
29.564096450805664,21.28
32.1379508972168,31.85
36.139923095703125,41.19
36.41285705566406,42.0
32.534725189208984,29.47
30.627866744995117,26.03
30.742162704467773,28.71
33.51995849609375,36.349999999999994
38.5515251159668,36.78
41.68730926513672,30.04
46.344390869140625,45.2
53.22385787963867,41.55
55.32080841064453,58.57
56.50584411621094,62.12
51.51666259765625,51.82
44.520751953125,38.46
42.013702392578125,37.47
43.66173553466797,42.13
42.948055267333984,38.74000000000001
38.62826919555664,37.26
36.72789001464844,38.0
32.57810974121094,38.69
31.936176300048828,27.839999999999996
31.277013778686523,26.97
35.43278884887695,25.55
39.114219665527344,44.66
41.92143249511719,38.23
39.804542541503906,47.76
35.51652145385742,31.26
26.502031326293945,28.44
20.001008987426758,24.23
11.901243209838867,9.67
6.986581802368164,10.55
3.7399861812591553,5.3
0.0,1.67
0.0,-0.2
0.0,-0.27
0.0,-0.27
0.0,-0.26
0.0,-0.24
0.0,-0.26
0.0,-0.27
0.0,-0.27
0.0,-0.24
0.0,-0.24
0.0,-0.27
0.0,-0.27
0.0,-0.24
0.0,-0.24
0.0,-0.27
0.0,-0.23
0.0,-0.24
0.0,-0.24
0.0,-0.24
0.0,-0.24
0.0,-0.24
0.0,-0.24
0.0,-0.24
0.0,-0.24
0.0,-0.24
0.0,-0.24
0.0,-0.24
0.0,-0.23
0.0,-0.23
0.0,-0.24
0.0,-0.24
0.0,-0.24
0.0,-0.24
0.0,-0.24
0.0,-0.24
0.0,-0.24
0.0,-0.24
0.0,-0.24
0.0,-0.24
0.0,-0.24
0.0,-0.24
0.0,-0.24
0.0,-0.24
0.0,-0.24
0.0,-0.24
0.0,-0.24
0.0,-0.24
0.0,-0.24
0.0,-0.24
0.0,-0.24
0.0,-0.26
0.0,-0.18
0.0,1.17
2.330582857131958,4.15
6.265142917633057,6.59
13.623634338378906,17.67
19.77532196044922,19.34
24.401504516601562,14.85
27.585559844970703,32.78
36.39033889770508,50.48
37.98611068725586,31.1
38.41203308105469,33.34
46.115806579589844,40.510000000000005
56.00968551635742,44.75
65.45085144042969,73.4
73.53401947021484,47.06
76.19012451171875,80.9
85.43180847167969,94.98
84.30573272705078,89.52
82.17012023925781,68.85
80.78781127929688,74.21
85.65897369384766,75.98
86.80609893798828,89.5
86.17648315429688,87.17
80.2431411743164,88.27
75.5132064819336,67.76
67.60749053955078,69.6
65.49921417236328,56.52
59.77404022216797,51.68
54.66640090942383,74.09
50.76889419555664,41.94
39.61775207519531,39.44
36.59416580200195,45.76
35.575687408447266,19.88
31.699464797973633,33.14
35.48707580566406,43.14
31.213844299316406,33.42
20.848424911499023,25.08
15.473161697387695,17.81
7.503821849822998,10.63
5.2381672859191895,4.61
0.813957929611206,1.53
0.0,-0.05
0.0,-0.29
0.0,-0.24
0.0,-0.23
0.0,-0.27
0.0,-0.24
0.0,-0.24
0.0,-0.24
0.0,-0.27
0.0,-0.24
0.0,-0.23
0.0,-0.24
0.0,-0.23
0.0,-0.24
0.0,-0.24
0.0,-0.24
0.0,-0.24
0.0,-0.24
0.0,-0.24
0.0,-0.24
0.0,-0.24
0.0,-0.24
0.0,-0.24
0.0,-0.24
0.0,-0.24
0.0,-0.27
0.0,-0.24
0.0,-0.24
0.0,-0.24
0.0,-0.24
0.0,-0.24
0.0,-0.24
0.0,-0.24
0.0,-0.24
0.0,-0.24
0.0,-0.27
0.0,-0.27
0.0,-0.24
0.0,-0.24
0.0,-0.24
0.0,-0.27
0.0,-0.27
0.0,-0.27
0.0,-0.27
0.0,-0.27
0.0,-0.27
0.0,-0.27
0.0,-0.27
0.0,-0.27
0.0,-0.27
0.0,-0.27
0.0,-0.04
0.0,-0.24
0.0,-0.04
0.0,0.04
0.0,0.17
0.0,1.42
0.38933926820755005,5.14
4.757815361022949,5.5
6.775332450866699,9.2
10.90231704711914,12.67
15.17495059967041,14.88
16.674707412719727,17.88
17.926000595092773,18.67
20.907045364379883,17.21
26.366806030273438,25.43
32.946876525878906,28.68
38.06233215332031,32.35
39.31095504760742,36.34
41.420677185058594,44.99
41.24813461303711,38.2
37.720619201660156,33.49
36.89384078979492,28.36
36.85976791381836,29.82
39.031349182128906,43.8
37.79475784301758,27.32
33.074462890625,30.83
32.92963790893555,33.09
29.875133514404297,18.3
26.01881980895996,26.57
26.241313934326172,20.07
20.161731719970703,20.84
20.51085090637207,19.92
18.031532287597656,16.36
16.493738174438477,12.15
12.217551231384277,13.07
12.064688682556152,15.28
12.085318565368652,15.37
8.730213165283203,9.39
4.471347808837891,5.88
2.324303150177002,2.71
1.3517380952835083,1.79
0.0,2.0
0.0,1.66
0.0,0.02
0.0,-0.21
0.0,-0.27
0.0,-0.27
0.0,-0.27
0.0,-0.27
0.0,-0.27
0.0,-0.27
0.0,-0.27
0.0,-0.27
0.0,-0.27
0.0,-0.27
0.0,-0.27
0.0,-0.27
0.0,-0.27
0.0,-0.27
0.0,-0.27
0.0,-0.27
0.0,-0.27
0.0,-0.27
0.0,-0.27
0.0,-0.27
0.0,-0.27
0.0,-0.27
0.0,-0.27
0.0,-0.27
0.0,-0.27
0.0,-0.27
0.0,-0.27
0.0,-0.27
0.0,-0.27
0.0,-0.27
0.0,-0.27
0.0,-0.27
0.0,-0.27
0.0,-0.27
0.0,-0.27
0.0,-0.27
0.0,-0.27
0.0,-0.27
0.0,-0.27
0.0,-0.27
0.0,-0.27
0.0,-0.27
0.0,-0.27
0.0,-0.27
0.0,-0.27
0.0,-0.27
0.0,-0.27
0.0,-0.27
0.0,-0.27
0.0,-0.27
0.0,-0.24
0.0,-0.27
0.0,0.09
0.0,1.01
0.0,4.72
2.810961961746216,8.39
9.391701698303223,9.0
13.425897598266602,25.53
18.508230209350586,13.48
18.45856475830078,12.45
25.28533363342285,26.26
34.595726013183594,59.65
39.4222412109375,23.53
35.01863098144531,23.01
43.220458984375,44.27
53.008628845214844,66.86
57.39139175415039,64.78
53.58708190917969,34.39
54.10581970214844,42.96
61.83305358886719,84.19
67.64595794677734,84.1
65.26774597167969,46.77
65.05655670166016,41.03
74.80355834960938,95.34
84.96843719482422,69.63
83.12049102783203,96.89
84.65245819091797,92.96
76.37155151367188,90.1
71.097412109375,87.83
65.19469451904297,64.14
58.45539855957031,54.64
57.878501892089844,62.75
54.2151985168457,56.29
48.946048736572266,75.62
43.68256759643555,34.84
28.287904739379883,29.53
25.300079345703125,27.13
21.216943740844727,25.33
14.684957504272461,19.78
11.032845497131348,14.06
8.071951866149902,14.9
5.349907398223877,6.0
4.256971836090088,7.33
0.38247108459472656,2.38
0.15429067611694336,1.91
0.0,0.03
0.0,-0.29
0.0,-0.27
0.0,-0.27
0.0,-0.27
0.0,-0.27
0.0,-0.27
0.0,-0.27
0.0,-0.27
0.0,-0.27
0.0,-0.27
0.0,-0.27
0.0,-0.27
0.0,-0.27
0.0,-0.27
0.0,-0.27
0.0,-0.27
0.0,-0.27
0.0,-0.27
0.0,-0.24
0.0,-0.27
0.0,-0.27
0.0,-0.24
0.0,-0.27
0.0,-0.27
0.0,-0.27
0.0,-0.27
0.0,-0.27
0.0,-0.24
0.0,-0.24
0.0,-0.24
0.0,-0.24
0.0,-0.27
0.0,-0.27
0.0,-0.24
0.0,-0.24
0.0,-0.24
0.0,-0.24
0.0,-0.24
0.0,-0.27
0.0,-0.24
0.0,-0.24
0.0,-0.24
0.0,-0.24
0.0,-0.24
0.0,-0.24
0.0,-0.24
0.0,-0.24
0.0,-0.27
0.0,-0.24
0.0,-0.23
0.0,-0.23
0.0,-0.25
0.0,0.72
0.5550305843353271,3.4799999999999995
7.279571533203125,7.43
14.243988990783691,13.17
20.684316635131836,20.14
28.613571166992188,27.63
35.83339309692383,34.95
43.613407135009766,42.32
49.93012619018555,49.23
55.782291412353516,55.26
61.08458709716797,61.21
66.7650375366211,66.43
71.10124969482422,71.12
75.18389129638672,75.22
78.38107299804688,78.66
81.3465347290039,82.01
84.55833435058594,84.33
85.90890502929688,86.66
87.52037811279297,88.23
88.77734375,89.27
89.0297622680664,90.07
89.44438934326172,89.84
88.83885955810547,90.07
87.86095428466797,89.86
86.8391342163086,88.53
82.992919921875,86.52
82.04522705078125,84.69
77.45401763916016,82.15
74.30633544921875,79.02
71.43514251708984,75.3
67.73907470703125,71.71
63.70211410522461,68.09
58.56009292602539,62.74
54.71332931518555,57.41
50.2880973815918,51.4
43.626686096191406,45.54
33.95171356201172,39.13
28.213314056396484,32.9
23.821998596191406,25.87
17.085174560546875,18.79
11.16942310333252,12.379999999999999
3.6652634143829346,7.16
1.4821505546569824,3.38
0.0,0.8699999999999999
0.0,-0.2
0.0,-0.26
0.0,-0.24
0.0,-0.23
0.0,-0.24
0.0,-0.24
0.0,-0.24
0.0,-0.24
0.0,-0.24
0.0,-0.24
0.0,-0.24
0.0,-0.27
0.0,-0.27
0.0,-0.27
0.0,-0.24
0.0,-0.27
0.0,-0.27
0.0,-0.27
0.0,-0.27
0.0,-0.27
0.0,-0.27
0.0,-0.27
0.0,-0.27
0.0,-0.27
0.0,-0.24
0.0,-0.24
0.0,-0.24
0.0,-0.24
0.0,-0.24
0.0,-0.24
0.0,-0.24
0.0,-0.24
0.0,-0.24
0.0,-0.24
0.0,-0.24
0.0,-0.24
0.0,-0.24
0.0,-0.24
0.0,-0.24
0.0,-0.24
0.0,-0.24
0.0,-0.24
0.0,-0.24
0.0,-0.24
0.0,-0.24
0.0,-0.24
0.0,-0.24
0.0,-0.24
0.0,-0.23
0.0,-0.23
0.0,-0.23
0.0,-0.25
0.0,0.56
0.14608007669448853,3.08
5.875509738922119,6.61
11.563385009765625,11.96
18.19375991821289,18.24
25.681840896606445,25.23
33.52741241455078,32.4
40.61177444458008,39.17
47.868980407714844,46.03
55.453983306884766,52.8
61.13909149169922,59.23
66.83822631835938,64.7
72.05004119873047,69.98
75.38451385498047,74.39
79.294189453125,77.59
81.75530242919922,80.19
84.48372650146484,82.64
86.80900573730469,84.53
88.68614959716797,86.21
89.74964141845703,87.7
90.02165222167969,88.37
90.47456359863281,88.96
89.77598571777344,88.73
88.70840454101562,88.28
88.26611328125,86.48
85.80625915527344,85.37
83.49454498291016,83.42
81.16658782958984,80.33
77.02935791015625,78.03
73.29173278808594,74.43
68.5563735961914,70.9
64.36099243164062,66.7
59.87274932861328,61.84
52.8934326171875,56.48
45.933406829833984,50.54
40.22051239013672,43.95
32.534996032714844,37.34
26.268953323364258,30.73
19.885936737060547,23.46
15.43876838684082,17.14
8.512187957763672,11.1
5.953258037567139,6.25
2.1007297039031982,2.8
0.0,0.48
0.0,-0.3
0.0,-0.26
0.0,-0.24
0.0,-0.23
0.0,-0.24
0.0,-0.24
0.0,-0.24
0.0,-0.24
0.0,-0.24
0.0,-0.24
0.0,-0.23
0.0,-0.24
0.0,-0.24
0.0,-0.23
0.0,-0.24
0.0,-0.24
0.0,-0.23
0.0,-0.23
0.0,-0.23
0.0,-0.23
0.0,-0.23
0.0,-0.23
0.0,-0.23
0.0,-0.23
0.0,-0.23
0.0,-0.23
0.0,-0.23
0.0,-0.23
0.0,-0.23
0.0,-0.23
0.0,-0.23
0.0,-0.23
0.0,-0.23
0.0,-0.23
0.0,-0.23
0.0,-0.23
0.0,-0.23
0.0,-0.23
0.0,-0.23
0.0,-0.23
0.0,-0.23
0.0,-0.23
0.0,-0.23
0.0,-0.23
0.0,-0.23
0.0,-0.23
0.0,-0.23
0.0,-0.23
0.0,-0.23
0.0,-0.23
0.0,-0.23
0.0,-0.26
0.0,-0.05
0.0,1.13
1.0161194801330566,2.59
4.752054214477539,5.99
13.210766792297363,9.0
22.69574546813965,13.29
33.39320373535156,36.53
42.90671157836914,46.2
43.776824951171875,49.99
42.38652420043945,52.599999999999994
38.920040130615234,42.81
35.66539764404297,36.49
35.42253875732422,31.28
35.8690071105957,30.95
40.383060455322266,38.11
45.22315979003906,52.24
48.49700927734375,54.26
46.436222076416016,32.13
43.53445816040039,36.08
46.20448303222656,63.7
47.731563568115234,41.15
38.43134689331055,42.81
35.96584701538086,30.66
32.11566925048828,29.66
31.499996185302734,39.05
31.456010818481445,26.85
30.182519912719727,27.48
31.5571231842041,35.36
31.639245986938477,24.27
28.40715980529785,29.46
27.427900314331055,36.02
25.045528411865234,26.44
22.54475212097168,22.48
24.64031982421875,19.63
29.329113006591797,20.65
34.70026397705078,23.2
36.46200942993164,63.4
38.4561767578125,38.31
24.925607681274414,35.56
15.992286682128906,11.72
5.865911483764648,10.48
3.8421967029571533,5.83
2.550520420074463,5.35
0.0,0.41
0.0,-0.3
0.0,-0.27
0.0,-0.27
0.0,-0.27
0.0,-0.27
0.0,-0.27
0.0,-0.27
0.0,-0.27
0.0,-0.27
0.0,-0.27
0.0,-0.23
0.0,-0.24
0.0,-0.26
0.0,-0.27
0.0,-0.27
0.0,-0.26
0.0,-0.27
0.0,-0.27
0.0,-0.24
0.0,-0.27
0.0,-0.27
0.0,-0.24
0.0,-0.27
0.0,-0.27
0.0,-0.27
0.0,-0.27
0.0,-0.27
0.0,-0.27
0.0,-0.27
0.0,-0.27
0.0,-0.27
0.0,-0.27
0.0,-0.27
0.0,-0.27
0.0,-0.27
0.0,-0.27
0.0,-0.27
0.0,-0.27
0.0,-0.27
0.0,-0.27
0.0,-0.27
0.0,-0.27
0.0,-0.27
0.0,-0.27
0.0,-0.27
0.0,-0.27
0.0,-0.27
0.0,-0.27
0.0,-0.27
0.0,-0.27
0.0,-0.27
0.0,-0.27
0.0,-0.19
0.0,0.71
1.6898798942565918,2.8
4.644189357757568,5.02
9.617737770080566,7.76
15.521202087402344,28.76
21.44164276123047,21.65
25.250579833984375,19.87
34.45548629760742,20.38
46.16624069213867,56.28
60.61503601074219,40.31
66.4759750366211,69.22
73.81546020507812,79.87
71.69928741455078,84.39
64.50800323486328,74.88
55.4112434387207,68.71
49.951629638671875,36.59
47.101783752441406,39.96
52.2801513671875,55.24
57.804569244384766,57.58
59.91626739501953,59.63
63.463401794433594,60.45
66.2618637084961,64.75
70.09432983398438,54.91
73.1070785522461,74.78
78.59815979003906,83.13
79.0766372680664,88.82
76.52118682861328,61.31
75.15390014648438,83.27
78.68258666992188,80.16
73.20809173583984,77.03
67.876708984375,66.84
58.891056060791016,73.55000000000001
47.82743835449219,50.95
33.82392501831055,47.92
24.611045837402344,15.43
12.89047622680664,10.78
7.966049671173096,8.38
7.364362716674805,9.34
5.071802616119385,4.91
1.772589921951294,1.07
0.0,-0.02
0.0,-0.16
0.0,-0.33
0.0,-0.27
0.0,-0.24
0.0,-0.24
0.0,-0.23
0.0,-0.24
0.0,-0.24
0.0,-0.24
0.0,-0.24
0.0,-0.24
0.0,-0.24
0.0,-0.23
0.0,-0.24
0.0,-0.23
0.0,-0.24
0.0,-0.24
0.0,-0.24
0.0,-0.26
0.0,-0.27
0.0,-0.24
0.0,-0.27
0.0,-0.27
0.0,-0.27
0.0,-0.27
0.0,-0.27
0.0,-0.27
0.0,-0.27
0.0,-0.27
0.0,-0.27
0.0,-0.27
0.0,-0.27
0.0,-0.27
0.0,-0.27
0.0,-0.27
0.0,-0.27
0.0,-0.27
0.0,-0.27
0.0,-0.27
0.0,-0.27
0.0,-0.27
0.0,-0.27
0.0,-0.27
0.0,-0.27
0.0,-0.27
0.0,-0.27
0.0,-0.27
0.0,-0.27
0.0,-0.27
0.0,-0.27
0.0,-0.27
0.0,-0.27
0.0,-0.27
0.0,-0.27
0.0,-0.08
0.0,0.61
0.0,1.7
0.0,2.73
0.5176967978477478,4.63
3.209644079208374,6.38
7.535587310791016,9.24
13.928299903869629,12.93
19.00490379333496,17.65
23.84498405456543,25.26
30.835983276367188,33.86
37.53105926513672,35.66
43.647037506103516,36.13
50.65800857543945,41.06
60.1932487487793,54.75
69.242431640625,81.69
74.16937255859375,62.65
76.47818756103516,74.19
82.36445617675781,86.93
84.7187728881836,88.09
85.11203002929688,88.41
85.74227142333984,88.26
83.50445556640625,88.09
84.1422348022461,87.92
81.381103515625,85.51
80.3658447265625,85.56
78.52629852294922,83.26
75.21218872070312,81.4
72.66205596923828,78.6
69.58053588867188,74.81
66.03282165527344,69.93
60.24897003173828,65.78
53.661865234375,60.94
52.119873046875,54.9
46.69284439086914,49.97
39.80446243286133,44.48
32.67873001098633,41.5
28.727521896362305,30.88
19.248348236083984,24.08
13.309774398803711,17.63
7.554113864898682,11.01
3.5412445068359375,5.43
0.8484217524528503,2.29
0.4847255349159241,0.28
0.0,-0.31
0.0,-0.27
0.0,-0.23
0.0,-0.24
0.0,-0.24
0.0,-0.23
0.0,-0.24
0.0,-0.24
0.0,-0.24
0.0,-0.24
0.0,-0.24
0.0,-0.24
0.0,-0.24
0.0,-0.24
0.0,-0.27
0.0,-0.24
0.0,-0.27
0.0,-0.27
0.0,-0.27
0.0,-0.27
0.0,-0.27
0.0,-0.27
0.0,-0.27
0.0,-0.27
0.0,-0.27
0.0,-0.27
0.0,-0.27
0.0,-0.27
0.0,-0.27
0.0,-0.27
0.0,-0.27
0.0,-0.27
0.0,-0.27
0.0,-0.27
0.0,-0.27
0.0,-0.27
0.0,-0.27
0.0,-0.27
0.0,-0.27
0.0,-0.27
0.0,-0.27
0.0,-0.27
0.0,-0.27
0.0,-0.27
0.0,-0.27
0.0,-0.27
0.0,-0.27
0.0,-0.27
0.0,-0.27
0.0,-0.27
0.0,-0.27
0.0,-0.27
0.0,-0.01
0.0,1.15
0.4837739169597626,3.07
1.6063616275787354,5.09
5.597833156585693,7.76
9.821306228637695,9.97
14.140666007995605,13.34
19.681787490844727,15.8
23.958864212036133,24.85
29.37453842163086,36.2
33.03436279296875,31.17
33.88688278198242,35.88
38.4876708984375,40.26
43.419715881347656,33.16
49.01765060424805,47.97
56.54653549194336,53.22
61.675514221191406,55.34
65.53667449951172,61.79
66.55224609375,79.58
66.58148193359375,62.4
64.21790313720703,71.44
65.42560577392578,57.42
66.69795989990234,50.01
72.49385070800781,61.81
79.19862365722656,92.48
78.10385131835938,87.34
67.0809097290039,57.37
53.33137512207031,63.49
48.74964904785156,47.13
36.69441223144531,30.16
32.60429382324219,37.57
30.85367774963379,29.16
28.17313003540039,24.93
26.21088409423828,25.54
25.551965713500977,18.82
22.689760208129883,25.59
22.42936134338379,23.02
15.230916023254395,19.32
12.678470611572266,11.23
6.257108688354492,7.29
4.289851188659668,4.03
2.2948365211486816,1.55
0.16224220395088196,0.1
0.0,-0.31
0.0,-0.27
0.0,-0.24
0.0,-0.24
0.0,-0.23
0.0,-0.24
0.0,-0.23
0.0,-0.24
0.0,-0.24
0.0,-0.23
0.0,-0.24
0.0,-0.23
0.0,-0.24
0.0,-0.24
0.0,-0.24
0.0,-0.24
0.0,-0.24
0.0,-0.24
0.0,-0.24
0.0,-0.24
0.0,-0.24
0.0,-0.24
0.0,-0.24
0.0,-0.24
0.0,-0.24
0.0,-0.24
0.0,-0.24
0.0,-0.24
0.0,-0.24
0.0,-0.24
0.0,-0.24
0.0,-0.24
0.0,-0.24
0.0,-0.24
0.0,-0.24
0.0,-0.24
0.0,-0.27
0.0,-0.27
0.0,-0.27
0.0,-0.27
0.0,-0.27
0.0,-0.27
0.0,-0.27
0.0,-0.27
0.0,-0.27
0.0,-0.24
0.0,-0.27
0.0,-0.27
0.0,-0.24
0.0,-0.27
0.0,-0.27
0.0,-0.24
0.0,-0.27
0.0,-0.27
0.0,-0.02
0.0,-0.03
0.0,0.9
0.0,1.15
1.9225096702575684,2.56
2.91277813911438,2.71
1.8558180332183838,3.46
4.879570484161377,5.53
5.989034652709961,6.27
5.760616779327393,6.3
7.071787357330322,6.76
7.546262741088867,6.97
8.335651397705078,10.62
9.302449226379395,6.92
10.341404914855957,6.72
11.562822341918945,8.7
14.899795532226562,11.1
17.598934173583984,14.04
21.565046310424805,20.87
21.59865951538086,20.71
20.807964324951172,17.01
19.03780746459961,15.5
19.116193771362305,14.35
18.520410537719727,16.57
19.241107940673828,13.97
18.52882194519043,13.149999999999999
16.310022354125977,18.21
15.404036521911621,16.11
13.880273818969727,6.46
10.677254676818848,7.11
9.900572776794434,11.53
11.584683418273926,7.29
10.109792709350586,9.23
8.137311935424805,6.2
5.566429615020752,5.17
6.511120796203613,4.65
7.16643762588501,6.92
5.607974052429199,3.88
2.724351644515991,1.7399999999999998
0.0,0.59
0.0,0.56
0.0,-0.03
0.006810538470745087,-0.33
0.0,-0.27
0.0,-0.27
0.0,-0.24
0.0,-0.27
0.0,-0.27
0.0,-0.27
0.0,-0.27
0.0,-0.27
0.0,-0.27
0.0,-0.24
0.0,-0.24
0.0,-0.24
0.0,-0.24
0.0,-0.24
0.0,-0.24
0.0,-0.27
0.0,-0.24
0.0,-0.27
0.0,-0.27
0.0,-0.24
0.0,-0.27
0.0,-0.27
0.0,-0.24
0.0,-0.27
0.0,-0.24
0.0,-0.24
0.0,-0.23
0.0,-0.24
0.0,-0.23
0.0,-0.23
0.0,-0.24
0.0,-0.23
0.0,-0.23
0.0,-0.23
0.0,-0.23
0.0,-0.23
0.0,-0.24
0.0,-0.23
0.0,-0.23
0.0,-0.24
0.0,-0.24
0.0,-0.24
0.0,-0.23
0.0,-0.23
0.0,-0.23
0.0,-0.23
0.0,-0.23
0.0,-0.24
0.0,-0.23
0.0,-0.23
0.0,-0.23
0.0,-0.25
0.0,-0.12
0.0,1.45
1.2063932418823242,4.04
7.1189727783203125,8.01
12.963876724243164,12.91
18.830642700195312,18.88
23.965396881103516,24.22
31.13881492614746,29.17
38.52518081665039,36.92
44.21666717529297,43.38
50.8192138671875,49.06
56.01319885253906,54.82
60.32024383544922,59.62
64.77313995361328,64.73
67.27021026611328,68.5
69.43144226074219,69.21
70.35384368896484,69.96
73.2644271850586,73.48
74.64444732666016,76.36
75.12939453125,70.21
72.89849853515625,78.9
73.29240417480469,73.62
72.63001251220703,76.61
71.28360748291016,67.73
67.77291107177734,60.84
66.97547912597656,68.92
66.93096160888672,74.77
65.61805725097656,76.02
57.96769714355469,49.54
54.333255767822266,63.95
53.62506103515625,50.4
46.326141357421875,54.46
45.72682571411133,45.28
44.542327880859375,51.47
40.866519927978516,40.39
33.010719299316406,34.61
25.97096061706543,31.25
21.01726722717285,24.6
14.839984893798828,18.49
9.515576362609863,12.46
3.387338876724243,8.28
3.389751672744751,4.79
0.20448905229568481,1.84
0.0,0.03
0.0,-0.29
0.0,-0.24
0.0,-0.24
0.0,-0.23
0.0,-0.24
0.0,-0.23
0.0,-0.24
0.0,-0.24
0.0,-0.24
0.0,-0.24
0.0,-0.24
0.0,-0.24
0.0,-0.24
0.0,-0.27
0.0,-0.26
0.0,-0.27
0.0,-0.27
0.0,-0.27
0.0,-0.27
0.0,-0.27
0.0,-0.24
0.0,-0.24
0.0,-0.27
0.0,-0.27
0.0,-0.24
0.0,-0.24
0.0,-0.24
0.0,-0.24
0.0,-0.24
0.0,-0.24
0.0,-0.24
0.0,-0.24
0.0,-0.24
0.0,-0.24
0.0,-0.24
0.0,-0.24
0.0,-0.24
0.0,-0.24
0.0,-0.24
0.0,-0.24
0.0,-0.24
0.0,-0.24
0.0,-0.24
0.0,-0.24
0.0,-0.27
0.0,-0.24
0.0,-0.24
0.0,-0.23
0.0,-0.24
0.0,-0.23
0.0,-0.23
0.0,-0.26
0.0,0.0
0.0,1.3
3.333726644515991,4.33
8.480490684509277,7.99
13.383183479309082,13.61
20.072126388549805,20.59
27.550579071044922,26.92
34.44014358520508,34.16
41.536903381347656,39.95
48.058467864990234,46.29
54.6899299621582,52.84
59.74660110473633,58.35
64.8486328125,63.32
68.89823150634766,67.83
72.76232147216797,71.44
77.01603698730469,73.61
80.49803924560547,77.63
83.34253692626953,79.42
82.25360107421875,80.16999999999999
78.0710678100586,86.04
72.80119323730469,81.6
62.28574752807617,64.94
51.64195251464844,42.45
45.803688049316406,40.09
47.63884735107422,46.68
47.18397521972656,55.26
41.96875762939453,27.28
32.32523727416992,40.34
33.5388298034668,36.6
24.616838455200195,20.13
18.140745162963867,12.46
15.412035942077637,21.11
15.059863090515137,18.1
11.597143173217773,7.71
7.831060409545898,4.41
7.744104385375977,11.89
6.266942977905273,4.43
4.144201278686523,6.97
2.766536235809326,4.83
0.52336585521698,3.26
0.6698057651519775,1.69
0.0,0.4
0.0,-0.06
0.0,-0.29
0.0,-0.27
0.0,-0.26
0.0,-0.27
0.0,-0.27
0.0,-0.24
0.0,-0.27
0.0,-0.24
0.0,-0.27
0.0,-0.27
0.0,-0.27
0.0,-0.27
0.0,-0.27
0.0,-0.27
0.0,-0.27
0.0,-0.24
0.0,-0.27
0.0,-0.27
0.0,-0.27
0.0,-0.24
0.0,-0.27
0.0,-0.27
0.0,-0.27
0.0,-0.27
0.0,-0.27
0.0,-0.27
0.0,-0.27
0.0,-0.27
0.0,-0.27
0.0,-0.27
0.0,-0.27
0.0,-0.27
0.0,-0.27
0.0,-0.27
0.0,-0.27
0.0,-0.27
0.0,-0.27
0.0,-0.27
0.0,-0.27
0.0,-0.27
0.0,-0.27
0.0,-0.27
0.0,-0.27
0.0,-0.27
0.0,-0.27
0.0,-0.27
0.0,-0.27
0.0,-0.27
0.0,-0.27
0.0,-0.27
0.0,-0.27
0.0,-0.27
0.0,-0.27
0.0,-0.27
0.0,-0.17
0.0,0.03
0.0,0.83
0.0,2.49
0.0,4.15
3.3972480297088623,4.01
4.881893157958984,5.41
9.875589370727539,9.65
15.479928016662598,14.11
18.458477020263672,18.95
18.907100677490234,22.0
19.10695457458496,29.73
17.796010971069336,14.67
12.811423301696777,7.91
12.628931999206543,12.64
13.843170166015625,14.8
13.149909019470215,11.69
10.496835708618164,11.71
11.167415618896484,9.61
11.044563293457031,8.23
11.696976661682129,7.35
12.06821060180664,12.12
11.249086380004883,11.07
11.187389373779297,8.260000000000002
11.096569061279297,10.65
14.376296997070312,12.82
18.262523651123047,12.63
21.12036895751953,19.01
23.620901107788086,24.11
27.885976791381836,26.41
28.94920539855957,26.91
28.29924964904785,25.06
26.485836029052734,25.83
23.895427703857422,33.24
17.964326858520508,13.919999999999998
12.412833213806152,11.27
9.871255874633789,12.63
7.065546035766602,9.94
2.531003713607788,4.08
2.08516526222229,2.7
0.6353327035903931,1.96
0.0,0.3
0.0,-0.2
0.0,-0.27
0.0,-0.27
0.0,-0.27
0.0,-0.27
0.0,-0.27
0.0,-0.27
0.0,-0.27
0.0,-0.27
0.0,-0.27
0.0,-0.27
0.0,-0.27
0.0,-0.27
0.0,-0.27
0.0,-0.27
0.0,-0.27
0.0,-0.27
0.0,-0.27
0.0,-0.27
0.0,-0.27
0.0,-0.27
0.0,-0.27
0.0,-0.27
0.0,-0.27
0.0,-0.27
0.0,-0.27
0.0,-0.27
0.0,-0.27
0.0,-0.27
0.0,-0.27
0.0,-0.27
0.0,-0.27
0.0,-0.27
0.0,-0.27
0.0,-0.27
0.0,-0.27
0.0,-0.27
0.0,-0.27
0.0,-0.27
0.0,-0.27
0.0,-0.27
0.0,-0.27
0.0,-0.27
0.0,-0.27
0.0,-0.27
0.0,-0.27
0.0,-0.27
0.0,-0.27
0.0,-0.27
0.0,-0.27
0.0,-0.27
0.0,-0.27
0.0,-0.27
0.0,-0.27
0.0,-0.18
0.0,0.21
0.0,0.03
0.0,0.79
0.0,0.88
0.7406865954399109,2.34
2.426008462905884,4.31
5.103697299957275,4.17
8.187893867492676,7.11
9.805573463439941,13.8
12.031721115112305,13.02
15.061023712158203,15.7
19.759939193725586,17.04
24.185392379760742,25.29
29.991849899291992,18.86
34.09421157836914,44.07
39.89155960083008,39.34
37.736717224121094,40.739999999999995
39.571754455566406,38.68
41.504913330078125,38.09
43.71449661254883,42.57
46.98094177246094,49.08
47.519447326660156,39.63
46.764198303222656,68.55
45.0741081237793,38.16
37.41851043701172,32.51
39.121795654296875,50.23
42.76407241821289,34.55
42.85728454589844,41.37
46.87900924682617,38.09
46.4671630859375,54.25
45.1479606628418,51.84
34.9057502746582,35.24
25.90104103088379,29.2
18.159481048583984,15.5
11.532169342041016,12.1
6.786744117736816,7.04
5.700483798980713,6.02
3.4001965522766113,3.75
0.0,0.85
0.0,0.19
0.0,-0.19
0.0,-0.27
0.0,-0.24
0.0,-0.27
0.0,-0.24
0.0,-0.26
0.0,-0.24
0.0,-0.26
0.0,-0.24
0.0,-0.26
0.0,-0.27
0.0,-0.27
0.0,-0.26
0.0,-0.27
0.0,-0.27
0.0,-0.27
0.0,-0.27
0.0,-0.24
0.0,-0.27
0.0,-0.27
0.0,-0.27
0.0,-0.27
0.0,-0.27
0.0,-0.27
0.0,-0.27
0.0,-0.27
0.0,-0.27
0.0,-0.27
0.0,-0.27
0.0,-0.27
0.0,-0.27
0.0,-0.27
0.0,-0.27
0.0,-0.27
0.0,-0.27
0.0,-0.27
0.0,-0.27
0.0,-0.27
0.0,-0.27
0.0,-0.27
0.0,-0.27
0.0,-0.27
0.0,-0.27
0.0,-0.27
0.0,-0.27
0.0,-0.27
0.0,-0.27
0.0,-0.27
0.0,-0.27
0.0,-0.27
0.0,-0.27
0.0,-0.27
0.0,-0.24
0.0,-0.26
0.0,-0.14
0.0,1.56
3.9560608863830566,4.49
11.143606185913086,9.12
20.12613868713379,18.09
28.558927536010742,27.08
38.0852165222168,35.61
47.63135528564453,43.35
55.77821350097656,50.9
65.23724365234375,58.12
73.1983413696289,72.77
79.6507568359375,83.64000000000001
83.41282653808594,76.3
86.02728271484375,86.52
89.77784729003906,89.15
92.6805191040039,92.78
93.77912902832031,83.1
95.99073028564453,98.63
96.8143539428711,98.88
96.02508544921875,97.72999999999999
90.54630279541016,97.39
87.37288665771484,81.11
82.69052124023438,96.44
80.6231689453125,56.91
77.48094940185547,85.73
81.82408905029297,69.73
79.93743133544922,93.42
81.19467163085938,72.62
75.57286071777344,81.23
72.89913940429688,75.48
67.79236602783203,70.79
62.006195068359375,64.96
53.88130187988281,58.22
46.335906982421875,52.01
37.848690032958984,44.65
31.784582138061523,36.06
21.59675407409668,26.74
11.651278495788574,17.03
6.931093692779541,8.35
2.5043137073516846,4.25
0.0,1.7399999999999998
0.0,0.01
0.0,-0.26
0.0,-0.23
0.0,-0.23
0.0,-0.22
0.0,-0.24
0.0,-0.23
0.0,-0.23
0.0,-0.24
0.0,-0.24
0.0,-0.23
0.0,-0.23
0.0,-0.24
0.0,-0.23
0.0,-0.23
0.0,-0.23
0.0,-0.23
0.0,-0.23
0.0,-0.23
0.0,-0.23
0.0,-0.23
0.0,-0.23
0.0,-0.23
0.0,-0.23
0.0,-0.23
0.0,-0.23
0.0,-0.23
0.0,-0.23
0.0,-0.23
0.0,-0.23
0.0,-0.23
0.0,-0.23
0.0,-0.23
0.0,-0.23
0.0,-0.23
0.0,-0.23
0.0,-0.23
0.0,-0.23
0.0,-0.23
0.0,-0.23
0.0,-0.23
0.0,-0.23
0.0,-0.23
0.0,-0.23
0.0,-0.23
0.0,-0.23
0.0,-0.23
0.0,-0.23
0.0,-0.23
0.0,-0.23
0.0,-0.23
0.0,-0.23
0.0,-0.26
0.0,-0.24
0.0,0.39
0.0,1.27
0.04494238644838333,2.54
1.0445204973220825,3.75
2.8908116817474365,4.07
4.815323829650879,6.27
8.999439239501953,8.19
17.191160202026367,14.44
28.60904312133789,23.35
41.32585525512695,27.53
53.909725189208984,40.48
66.43865203857422,73.21
74.35690307617188,77.01
74.00455474853516,78.45
70.22681427001953,84.41
68.23104095458984,68.84
64.34798431396484,63.23
64.13410186767578,49.13
68.16110229492188,77.23
73.37274169921875,53.14
70.11885070800781,91.13
69.05117797851562,64.62
52.858489990234375,55.36
45.030181884765625,45.61
36.2002067565918,35.96
30.93738555908203,26.55
29.858966827392578,23.75
28.853290557861328,32.1
30.99601936340332,27.12
28.911012649536133,26.75
27.929935455322266,36.51
28.649269104003906,21.74
23.143327713012695,20.35
20.697864532470703,20.44
19.027084350585938,23.11
19.086349487304688,18.84
14.255166053771973,13.04
10.08902359008789,9.72
5.211153030395508,6.87
2.6373982429504395,4.59
0.0,1.97
0.0,0.73
0.0,-0.24
0.0,-0.27
0.0,-0.23
0.0,-0.23
0.0,-0.23
0.0,-0.24
0.0,-0.23
0.0,-0.24
0.0,-0.23
0.0,-0.24
0.0,-0.24
0.0,-0.23
0.0,-0.24
0.0,-0.24
0.0,-0.24
0.0,-0.24
0.0,-0.24
0.0,-0.27
0.0,-0.27
0.0,-0.27
0.0,-0.27
0.0,-0.27
0.0,-0.27
0.0,-0.27
0.0,-0.27
0.0,-0.27
0.0,-0.27
0.0,-0.27
0.0,-0.27
0.0,-0.27
0.0,-0.27
0.0,-0.27
0.0,-0.27
0.0,-0.27
0.0,-0.27
0.0,-0.27
0.0,-0.27
0.0,-0.27
0.0,-0.27
0.0,-0.27
0.0,-0.27
0.0,-0.27
0.0,-0.27
0.0,-0.27
0.0,-0.27
0.0,-0.27
0.0,-0.27
0.0,-0.27
0.0,-0.27
0.0,-0.27
0.0,-0.27
0.0,-0.27
0.0,-0.27
0.0,-0.21
0.0,1.3
1.651196002960205,3.36
8.715322494506836,6.87
16.77371597290039,11.92
26.289653778076172,22.47
35.625030517578125,35.63
44.38243865966797,41.87
50.8828010559082,52.21
57.161556243896484,53.99
62.103641510009766,60.78
68.1573486328125,66.57
72.76809692382812,70.44
76.55663299560547,75.15
80.79569244384766,79.03
83.3307113647461,82.23
86.19307708740234,85.56
88.0651626586914,87.98
90.0733642578125,89.33
90.09486389160156,90.61
91.67472839355469,91.52
92.16641998291016,92.02
92.25004577636719,91.81
90.19377136230469,91.56
89.02782440185547,90.47
86.51173400878906,89.34
82.120849609375,92.61
76.84749603271484,57.47
72.02951049804688,83.03
72.3539047241211,79.15
64.67855072021484,62.93
53.442508697509766,48.71
44.355224609375,60.85
35.37346649169922,29.56
22.76852798461914,22.48
16.828577041625977,20.4
13.468342781066895,15.15
8.466797828674316,9.78
4.276580333709717,5.49
1.7521661520004272,3.4799999999999995
0.0,2.03
0.0,0.82
0.0,0.12
0.0,-0.27
0.0,-0.24
0.0,-0.24
0.0,-0.23
0.0,-0.22
0.0,-0.24
0.0,-0.23
0.0,-0.24
0.0,-0.24
0.0,-0.24
0.0,-0.24
0.0,-0.24
0.0,-0.24
0.0,-0.24
0.0,-0.24
0.0,-0.24
0.0,-0.26
0.0,-0.27
0.0,-0.27
0.0,-0.27
0.0,-0.27
0.0,-0.27
0.0,-0.27
0.0,-0.27
0.0,-0.27
0.0,-0.27
0.0,-0.27
0.0,-0.27
0.0,-0.27
0.0,-0.27
0.0,-0.27
0.0,-0.27
0.0,-0.27
0.0,-0.27
0.0,-0.27
0.0,-0.27
0.0,-0.27
0.0,-0.27
0.0,-0.27
0.0,-0.27
0.0,-0.27
0.0,-0.27
0.0,-0.27
0.0,-0.27
0.0,-0.27
0.0,-0.27
0.0,-0.27
0.0,-0.27
0.0,-0.27
0.0,-0.27
0.0,-0.27
0.0,-0.27
0.0,-0.26
0.0,-0.26
0.0,0.0
0.0,0.55
0.0,1.61
3.310831069946289,4.5
6.6204094886779785,7.15
11.054805755615234,11.55
14.908177375793457,14.2
20.339683532714844,21.55
25.242877960205078,28.13
29.410123825073242,25.46
31.008447647094727,30.41
33.97783279418945,36.8
33.05410385131836,38.11
31.976364135742188,26.38
28.715404510498047,33.45
28.164644241333008,30.97
25.146230697631836,27.2
20.18233871459961,19.01
19.524877548217773,19.71
19.36684799194336,18.54
21.6977481842041,25.36
22.261898040771484,18.02
22.800809860229492,21.03
23.139389038085938,29.19
25.05911636352539,23.59
21.102426528930664,20.04
17.46162986755371,17.76
17.204065322875977,16.48
14.82031536102295,13.66
12.110669136047363,13.54
11.025891304016113,12.2
10.42343521118164,10.35
10.807976722717285,10.08
7.9088897705078125,8.84
7.820970058441162,11.3
8.683629035949707,9.26
4.190065383911133,6.94
2.1290242671966553,3.46
0.0,1.56
0.0,0.69
0.0,0.05
0.0,-0.25
0.0,-0.37
0.0,-0.27
0.0,-0.27
0.0,-0.24
0.0,-0.24
0.0,-0.27
0.0,-0.27
0.0,-0.24
0.0,-0.27
0.0,-0.27
0.0,-0.27
0.0,-0.27
0.0,-0.27
0.0,-0.27
0.0,-0.27
0.0,-0.29
0.0,-0.27
0.0,-0.27
0.0,-0.27
0.0,-0.24
0.0,-0.27
0.0,-0.27
0.0,-0.27
0.0,-0.27
0.0,-0.27
0.0,-0.27
0.0,-0.27
0.0,-0.27
0.0,-0.27
0.0,-0.27
0.0,-0.27
0.0,-0.27
0.0,-0.27
0.0,-0.27
0.0,-0.27
0.0,-0.27
0.0,-0.27
0.0,-0.27
0.0,-0.27
0.0,-0.27
0.0,-0.27
0.0,-0.27
0.0,-0.27
0.0,-0.27
0.0,-0.27
0.0,-0.27
0.0,-0.27
0.0,-0.27
0.0,-0.27
0.0,-0.27
0.0,-0.27
0.0,-0.27
0.0,-0.27
0.0,-0.27
0.0,-0.2
0.0,0.54
0.0,0.12
0.0,2.77
1.3440577983856201,8.27
8.88438892364502,8.63
15.66515827178955,10.51
23.341657638549805,16.31
33.308799743652344,20.13
41.975189208984375,60.91
49.07984924316406,70.2
43.534828186035156,30.4
36.758426666259766,45.47
40.57168960571289,38.86
43.64471435546875,46.55
51.35533142089844,42.45
58.64216613769531,29.01
68.71665954589844,58.75999999999999
82.6866455078125,93.3
89.93462371826172,92.09
91.25379943847656,92.61
91.73262786865234,95.29
91.9271469116211,93.76
88.56840515136719,92.79
87.40508270263672,90.66
82.45623016357422,87.98
76.3883285522461,76.83
68.93055725097656,63.33
61.402587890625,78.03
52.67271041870117,50.71
40.7772216796875,38.51
34.308616638183594,41.01
33.160770416259766,44.41
28.60748863220215,16.36
22.79970932006836,24.11
21.606422424316406,40.27
19.054964065551758,29.89
9.14358139038086,13.19
0.4264206886291504,6.26
0.0,4.08
0.0,1.73
0.0,0.21
0.0,-0.29
0.0,-0.26
0.0,-0.23
0.0,-0.23
0.0,-0.22
0.0,-0.24
0.0,-0.23
0.0,-0.24
0.0,-0.23
0.0,-0.24
0.0,-0.24
0.0,-0.23
0.0,-0.24
0.0,-0.24
0.0,-0.24
0.0,-0.24
0.0,-0.24
0.0,-0.24
0.0,-0.24
0.0,-0.24
0.0,-0.24
0.0,-0.24
0.0,-0.24
0.0,-0.24
0.0,-0.24
0.0,-0.24
0.0,-0.24
0.0,-0.24
0.0,-0.24
0.0,-0.24
0.0,-0.24
0.0,-0.24
0.0,-0.24
0.0,-0.24
0.0,-0.24
0.0,-0.24
0.0,-0.24
0.0,-0.24
0.0,-0.24
0.0,-0.24
0.0,-0.24
0.0,-0.24
0.0,-0.24
0.0,-0.27
0.0,-0.27
0.0,-0.27
0.0,-0.27
0.0,-0.24
0.0,-0.24
0.0,-0.27
0.0,-0.27
0.0,-0.27
0.0,-0.27
0.0,-0.25
0.0,0.85
1.0596046447753906,3.3
5.455911636352539,6.61
12.619135856628418,11.7
19.70182228088379,19.13
28.870759963989258,27.05
36.339595794677734,35.27
44.639404296875,42.59
51.472835540771484,49.51
57.88127517700195,55.63
64.476806640625,61.65
69.89323425292969,66.78
74.19180297851562,72.16
78.27957153320312,76.87
82.08155059814453,80.46
85.59059143066406,83.79
86.68035125732422,86.15
88.09109497070312,87.68
88.97945404052734,88.88
88.94223022460938,90.1
89.12762451171875,90.07
89.32958984375,89.13
88.48338317871094,88.6
86.79157257080078,87.04
85.23070526123047,85.5
82.3951416015625,82.75
78.90434265136719,79.79
75.82762145996094,76.34
71.26618957519531,73.22
70.981201171875,69.5
67.03279876708984,65.57
60.83539581298828,61.379999999999995
52.934112548828125,56.58
43.37765121459961,51.67
31.174036026000977,37.91
17.959903717041016,20.52
10.024772644042969,11.58
4.347625255584717,6.16
0.0,3.19
0.0,0.98
0.0,-0.17
0.0,-0.27
0.0,-0.23
0.0,-0.23
0.0,-0.23
0.0,-0.24
0.0,-0.23
0.0,-0.24
0.0,-0.24
0.0,-0.24
0.0,-0.24
0.0,-0.24
0.0,-0.24
0.0,-0.23
0.0,-0.23
0.0,-0.23
0.0,-0.24
0.0,-0.23
0.0,-0.24
0.0,-0.23
0.0,-0.23
0.0,-0.23
0.0,-0.23
0.0,-0.23
0.0,-0.23
0.0,-0.23
0.0,-0.23
0.0,-0.23
0.0,-0.23
0.0,-0.23
0.0,-0.23
0.0,-0.23
0.0,-0.23
0.0,-0.23
0.0,-0.23
0.0,-0.23
0.0,-0.23
0.0,-0.23
0.0,-0.23
0.0,-0.23
0.0,-0.23
0.0,-0.23
0.0,-0.23
0.0,-0.23
0.0,-0.23
0.0,-0.23
0.0,-0.23
0.0,-0.23
0.0,-0.23
0.0,-0.23
0.0,-0.23
0.0,-0.23
0.0,-0.26
0.0,-0.17
0.0,0.98
1.7846250534057617,3.51
7.299877166748047,6.9
15.265259742736816,13.26
24.53390121459961,23.73
34.364349365234375,33.23
43.812469482421875,42.33
52.18333053588867,50.52
59.03086853027344,57.69
65.24317932128906,64.08
70.88690948486328,69.07
75.77371215820312,73.71
79.45970153808594,78.35
83.3364486694336,82.2
86.40021514892578,85.23
88.12787628173828,87.76
89.78038787841797,89.83
90.66307067871094,91.27
91.33370971679688,92.31
91.08917236328125,93.21
92.09431457519531,93.83
92.3791275024414,93.93
92.46595001220703,93.5
92.39143371582031,92.33
91.30127716064453,91.66
88.95429229736328,89.64
85.60163879394531,87.49
81.76683807373047,84.19
77.44834899902344,80.15
72.66478729248047,76.12
66.60486602783203,71.43
62.220829010009766,65.98
58.640838623046875,60.47
51.5489501953125,54.06
43.42622375488281,47.14
35.52242660522461,39.25
24.707714080810547,30.77
14.447646141052246,21.39
10.20500659942627,11.56
3.6664090156555176,6.07
0.0,3.11
0.0,0.88
0.0,-0.19
0.0,-0.26
0.0,-0.23
0.0,-0.24
0.0,-0.23
0.0,-0.24
0.0,-0.23
0.0,-0.23
0.0,-0.23
0.0,-0.24
0.0,-0.24
0.0,-0.24
0.0,-0.24
0.0,-0.24
0.0,-0.24
0.0,-0.24
0.0,-0.24
0.0,-0.24
0.0,-0.24
0.0,-0.24
0.0,-0.23
0.0,-0.24
0.0,-0.24
0.0,-0.23
0.0,-0.23
0.0,-0.23
0.0,-0.23
0.0,-0.23
0.0,-0.23
0.0,-0.23
0.0,-0.23
0.0,-0.23
0.0,-0.23
0.0,-0.23
0.0,-0.23
0.0,-0.23
0.0,-0.23
0.0,-0.24
0.0,-0.24
0.0,-0.23
0.0,-0.23
0.0,-0.23
0.0,-0.23
0.0,-0.23
0.0,-0.23
0.0,-0.23
0.0,-0.23
0.0,-0.23
0.0,-0.23
0.0,-0.23
0.0,-0.23
0.0,-0.23
0.0,-0.26
0.0,-0.21
0.0,0.85
1.029322624206543,3.4799999999999995
5.507346153259277,6.67
13.177924156188965,11.68
21.9261474609375,20.56
31.01336097717285,29.91
40.063880920410156,38.78
47.44780349731445,46.08
53.8516845703125,52.34
59.837371826171875,57.8
64.39921569824219,63.41
69.84123992919922,67.78
73.6055908203125,72.07
77.84968566894531,75.5
81.2958984375,79.04
84.5247802734375,81.54
86.13655090332031,83.39
85.1290054321289,85.32
81.82644653320312,90.27
74.93170928955078,85.72
65.55754852294922,58.28
56.783531188964844,55.19
58.12805938720703,52.19
59.51913833618164,53.66
62.08808898925781,61.08
65.01419830322266,59.05
63.18547821044922,58.79
63.29059600830078,79.79
62.787445068359375,51.93
54.37685775756836,52.39
53.64896774291992,66.64
54.21660614013672,38.31
47.27189636230469,54.86
46.17149353027344,46.85
39.099571228027344,41.61
32.802940368652344,34.2
23.999149322509766,26.16
15.34603214263916,17.96
7.552676677703857,10.29
2.29276442527771,5.93
0.8097586631774902,3.02
0.0,0.77
0.0,-0.2
0.0,-0.27
0.0,-0.23
0.0,-0.23
0.0,-0.24
0.0,-0.24
0.0,-0.24
0.0,-0.24
0.0,-0.24
0.0,-0.24
0.0,-0.24
0.0,-0.24
0.0,-0.24
0.0,-0.24
0.0,-0.24
0.0,-0.24
0.0,-0.24
0.0,-0.24
0.0,-0.24
0.0,-0.24
0.0,-0.24
0.0,-0.24
0.0,-0.24
0.0,-0.24
0.0,-0.24
0.0,-0.24
0.0,-0.24
0.0,-0.24
0.0,-0.24
0.0,-0.24
0.0,-0.24
0.0,-0.24
0.0,-0.24
0.0,-0.24
0.0,-0.24
0.0,-0.24
0.0,-0.24
0.0,-0.24
0.0,-0.24
0.0,-0.24
0.0,-0.24
0.0,-0.24
0.0,-0.24
0.0,-0.24
0.0,-0.24
0.0,-0.24
0.0,-0.24
0.0,-0.24
0.0,-0.24
0.0,-0.24
0.0,-0.24
0.0,-0.24
0.0,-0.27
0.0,-0.24
0.0,0.64
0.0,2.95
3.520131826400757,5.98
10.034466743469238,10.37
18.047895431518555,17.64
26.38624382019043,25.92
34.759483337402344,33.78
43.12630844116211,41.21
49.80824279785156,47.81
55.8259162902832,53.79
61.6601448059082,60.23
67.20065307617188,65.1
71.52288818359375,69.74
75.23538208007812,74.4
78.44623565673828,77.73
81.18336486816406,80.37
82.89778900146484,82.75
84.43333435058594,84.22
85.9425277709961,85.3
86.1061019897461,86.3
86.73235321044922,86.85
86.64068603515625,86.8
85.19522094726562,86.1
83.17533111572266,84.75
81.29441833496094,83.3
77.8280029296875,80.93
74.99320983886719,78.11
69.88743591308594,74.8
66.50140380859375,70.86
63.32209014892578,66.89
58.970977783203125,62.83
54.012821197509766,57.35
48.587928771972656,52.54
40.44492721557617,46.12
33.073387145996094,39.59
24.734163284301758,32.46
19.512813568115234,25.02
12.142430305480957,16.98
7.10686731338501,9.87
3.670058250427246,5.71
0.9229187965393066,2.87
0.0,0.71
0.0,-0.2
0.0,-0.27
0.0,-0.24
0.0,-0.24
0.0,-0.24
0.0,-0.24
0.0,-0.24
0.0,-0.24
0.0,-0.27
0.0,-0.27
0.0,-0.27
0.0,-0.27
0.0,-0.27
0.0,-0.27
0.0,-0.29
0.0,-0.26
0.0,-0.26
0.0,-0.27
0.0,-0.27
0.0,-0.26
0.0,-0.27
0.0,-0.27
0.0,-0.24
0.0,-0.27
0.0,-0.27
0.0,-0.27
0.0,-0.27
0.0,-0.24
0.0,-0.24
0.0,-0.27
0.0,-0.24
0.0,-0.24
0.0,-0.24
0.0,-0.24
0.0,-0.27
0.0,-0.24
0.0,-0.27
0.0,-0.27
0.0,-0.27
0.0,-0.27
0.0,-0.27
0.0,-0.27
0.0,-0.27
0.0,-0.27
0.0,-0.24
0.0,-0.27
0.0,-0.27
0.0,-0.27
0.0,-0.27
0.0,-0.27
0.0,-0.24
0.0,-0.24
0.0,-0.27
0.0,-0.26
0.0,0.62
0.08399099111557007,2.95
5.149908542633057,5.75
12.341073036193848,10.52
21.603553771972656,19.64
30.630130767822266,29.78
39.424129486083984,39.1
47.28750228881836,47.37
54.45922088623047,54.28
61.463871002197266,60.6
66.1859359741211,66.59
71.4958724975586,71.71
75.0895767211914,76.23999999999998
78.34758758544922,79.71000000000001
81.7596206665039,82.77
83.19514465332031,85.41
85.8148193359375,87.33
86.25389862060547,89.31
87.90660095214844,90.86
87.96314239501953,91.6
87.58734130859375,92.09
87.08180236816406,91.97
85.62651824951172,91.68
84.25019836425781,90.29
83.00263214111328,88.17
80.4803695678711,86.26000000000002
78.97452545166016,83.48
74.9811782836914,80.62
71.83662414550781,77.54
70.12093353271484,73.89
65.0448226928711,69.7
61.5410041809082,64.35
54.940696716308594,58.96
48.72496795654297,53.09
40.49041748046875,46.47
30.60300636291504,38.56
23.891817092895508,29.14
16.000205993652344,18.62
6.7998199462890625,9.4
0.0,5.07
0.0,2.54
0.0,0.65
0.0,-0.2
0.0,-0.27
0.0,-0.24
0.0,-0.24
0.0,-0.24
0.0,-0.24
0.0,-0.24
0.0,-0.24
0.0,-0.24
0.0,-0.24
0.0,-0.24
0.0,-0.24
0.0,-0.24
0.0,-0.24
0.0,-0.24
0.0,-0.24
0.0,-0.24
0.0,-0.24
0.0,-0.24
0.0,-0.24
0.0,-0.24
0.0,-0.24
0.0,-0.24
0.0,-0.24
0.0,-0.24
0.0,-0.24
0.0,-0.24
0.0,-0.24
0.0,-0.24
0.0,-0.24
0.0,-0.24
0.0,-0.24
0.0,-0.24
0.0,-0.24
0.0,-0.24
0.0,-0.24
0.0,-0.24
0.0,-0.24
0.0,-0.24
0.0,-0.24
0.0,-0.24
0.0,-0.24
0.0,-0.24
0.0,-0.24
0.0,-0.24
0.0,-0.24
0.0,-0.24
0.0,-0.24
0.0,-0.23
0.0,-0.24
0.0,-0.24
0.0,-0.24
0.0,-0.23
0.0,-0.24
0.0,0.52
0.2439463883638382,2.64
6.227163791656494,5.37
14.092894554138184,10.37
23.12566566467285,20.32
33.03286361694336,31.84
42.99348831176758,41.83
50.795921325683594,50.02
57.29266357421875,57.03
63.4879035949707,63.22
68.78955078125,68.56
72.65776824951172,73.49
76.86454010009766,77.77
79.69265747070312,80.91
81.9854736328125,83.59
84.55936431884766,85.71
85.28258514404297,87.59
87.40057373046875,88.94999999999999
87.38854217529297,90.15
87.99219512939453,90.7
87.88292694091797,91.48
86.9084243774414,91.24
86.13336944580078,90.37
84.66436004638672,89.03
83.725830078125,87.42
81.05570220947266,85.34
78.80305480957031,83.04
77.04449462890625,80.15
73.75320434570312,76.85
69.73811340332031,72.91
64.66778564453125,68.65
61.40169906616211,63.61
55.46931076049805,58.02
47.58618927001953,51.95
41.57344055175781,45.2
33.194759368896484,37.55
25.460405349731445,28.52
16.093055725097656,17.76
7.476616859436035,8.85
0.9032649397850037,4.76
0.3133918046951294,2.41
0.0,0.58
0.0,-0.2
0.0,-0.26
0.0,-0.23
0.0,-0.23
0.0,-0.22
0.0,-0.23
0.0,-0.23
0.0,-0.23
0.0,-0.24
0.0,-0.24
0.0,-0.24
0.0,-0.23
0.0,-0.24
0.0,-0.24
0.0,-0.24
0.0,-0.23
0.0,-0.23
0.0,-0.24
0.0,-0.24
0.0,-0.23
0.0,-0.24
0.0,-0.24
0.0,-0.24
0.0,-0.23
0.0,-0.24
0.0,-0.23
0.0,-0.24
0.0,-0.23
0.0,-0.23
0.0,-0.23
0.0,-0.23
0.0,-0.23
0.0,-0.24
0.0,-0.23
0.0,-0.23
0.0,-0.23
0.0,-0.23
0.0,-0.24
0.0,-0.24
0.0,-0.24
0.0,-0.23
0.0,-0.23
0.0,-0.23
0.0,-0.23
0.0,-0.23
0.0,-0.23
0.0,-0.23
0.0,-0.23
0.0,-0.23
0.0,-0.23
0.0,-0.23
0.0,-0.23
0.0,-0.23
0.0,-0.25
0.0,0.45
0.38748976588249207,2.49
5.176876068115234,5.04
12.087620735168457,9.39
20.89069366455078,17.94
30.27060317993164,28.99
40.50513458251953,38.8
49.02177047729492,47.36
55.891685485839844,54.29
62.424659729003906,60.58
68.01280212402344,66.07
73.02499389648438,71.22
78.02667236328125,76.13
81.75992584228516,79.99
84.64176177978516,83.5
88.0945053100586,86.45
89.48686981201172,88.87
91.63988494873047,90.48
91.97187805175781,91.98
92.74024200439453,92.91
93.53520202636719,93.2
92.91136932373047,92.99
92.710205078125,92.48
90.6991195678711,91.0
88.83232116699219,89.43
86.95573425292969,87.31
84.97087860107422,84.77
81.21721649169922,82.03
77.37901306152344,78.31
72.3604507446289,74.11
67.7046127319336,69.4
63.75192642211914,64.05
58.20042419433594,58.41
50.249420166015625,52.25
41.27605056762695,45.1
33.04414367675781,36.95
24.2080135345459,27.57
16.5875244140625,16.66
7.116971492767334,8.59
4.453474998474121,4.77
0.0,2.42
0.0,0.5
0.0,-0.24
0.0,-0.26
0.0,-0.23
0.0,-0.24
0.0,-0.23
0.0,-0.23
0.0,-0.23
0.0,-0.23
0.0,-0.23
0.0,-0.24
0.0,-0.24
0.0,-0.24
0.0,-0.24
0.0,-0.24
0.0,-0.24
0.0,-0.24
0.0,-0.23
0.0,-0.24
0.0,-0.23
0.0,-0.23
0.0,-0.23
0.0,-0.23
0.0,-0.23
0.0,-0.23
0.0,-0.23
0.0,-0.23
0.0,-0.24
0.0,-0.23
0.0,-0.23
0.0,-0.23
0.0,-0.24
0.0,-0.23
0.0,-0.23
0.0,-0.23
0.0,-0.23
0.0,-0.23
0.0,-0.23
0.0,-0.23
0.0,-0.23
0.0,-0.23
0.0,-0.23
0.0,-0.23
0.0,-0.24
0.0,-0.24
0.0,-0.24
0.0,-0.23
0.0,-0.23
0.0,-0.23
0.0,-0.23
0.0,-0.23
0.0,-0.23
0.0,-0.23
0.0,-0.23
0.0,-0.25
0.0,0.37
0.0,2.51
4.016716003417969,5.16
11.483222007751465,9.19
19.6778564453125,16.93
29.302379608154297,28.21
39.17897033691406,37.61
48.30976486206055,46.16
55.36438751220703,53.51
61.49241256713867,59.81
66.70136260986328,65.4
71.19352722167969,70.32
76.21968078613281,74.65
79.01375579833984,78.23
81.86165618896484,80.52
84.32100677490234,83.22
86.48172760009766,85.06
87.80597686767578,86.95
88.88990020751953,88.1
89.52496337890625,88.8
89.76317596435547,89.21
89.074462890625,88.94999999999999
88.19429779052734,88.14
86.8739242553711,87.08
85.54026794433594,85.14
83.31150817871094,82.94
80.66471862792969,80.93
76.47010803222656,78.35
73.12940216064453,75.01
70.78150177001953,71.3
65.74886322021484,67.05
60.83191680908203,61.94
53.140724182128906,56.08
48.26050567626953,49.72
38.81391143798828,42.57
29.625368118286133,34.87
21.26416778564453,25.73
12.042248725891113,15.28
7.454436779022217,8.16
1.4725639820098877,4.7
1.6166527271270752,2.39
0.0,0.44
0.0,-0.25
0.0,-0.26
0.0,-0.24
0.0,-0.24
0.0,-0.23
0.0,-0.24
0.0,-0.24
0.0,-0.23
0.0,-0.24
0.0,-0.24
0.0,-0.24
0.0,-0.24
0.0,-0.24
0.0,-0.24
0.0,-0.24
0.0,-0.24
0.0,-0.24
0.0,-0.24
0.0,-0.24
0.0,-0.24
0.0,-0.23
0.0,-0.23
0.0,-0.23
0.0,-0.23
0.0,-0.24
0.0,-0.23
0.0,-0.23
0.0,-0.23
0.0,-0.23
0.0,-0.23
0.0,-0.23
0.0,-0.23
0.0,-0.23
0.0,-0.23
0.0,-0.23
0.0,-0.23
0.0,-0.23
0.0,-0.24
0.0,-0.23
0.0,-0.23
0.0,-0.23
0.0,-0.24
0.0,-0.24
0.0,-0.24
0.0,-0.24
0.0,-0.23
0.0,-0.23
0.0,-0.24
0.0,-0.24
0.0,-0.23
0.0,-0.23
0.0,-0.23
0.0,-0.23
0.0,-0.23
0.0,0.29
0.0,2.26
4.109411239624023,4.69
10.777962684631348,8.5
18.643508911132812,15.73
28.009483337402344,26.77
38.21765899658203,36.98
46.475791931152344,45.71
54.37621307373047,53.04
60.33430099487305,58.82
64.94943237304688,64.01
70.02460479736328,68.79
74.19446563720703,72.99
78.23600006103516,76.71
81.58901977539062,80.58
84.09912109375,83.46
86.83627319335938,85.36
87.8016586303711,87.32
89.68362426757812,89.13
90.28590393066406,90.11
91.41673278808594,91.11000000000001
90.437744140625,91.12
89.1561279296875,90.46
87.85171508789062,89.48
85.44483184814453,87.19
83.14733123779297,85.16
80.37881469726562,82.6
77.12611389160156,79.21
73.8974838256836,76.06
70.82797241210938,71.67
66.53279876708984,67.36
61.64635467529297,63.06
56.85152053833008,58.31
49.8184814453125,51.75
42.09090805053711,44.95
32.2776985168457,36.29
22.33668327331543,26.13
13.870125770568848,15.19
6.843717098236084,7.87
1.4955124855041504,4.22
0.0,2.1
0.0,0.34
0.0,-0.27
0.0,-0.27
0.0,-0.23
0.0,-0.24
0.0,-0.23
0.0,-0.24
0.0,-0.23
0.0,-0.24
0.0,-0.24
0.0,-0.24
0.0,-0.24
0.0,-0.24
0.0,-0.24
0.0,-0.24
0.0,-0.24
0.0,-0.24
0.0,-0.24
0.0,-0.24
0.0,-0.24
0.0,-0.24
0.0,-0.24
0.0,-0.24
0.0,-0.24
0.0,-0.24
0.0,-0.24
0.0,-0.24
0.0,-0.24
0.0,-0.24
0.0,-0.24
0.0,-0.24
0.0,-0.24
0.0,-0.24
0.0,-0.24
0.0,-0.27
0.0,-0.27
0.0,-0.27
0.0,-0.27
0.0,-0.27
0.0,-0.27
0.0,-0.27
0.0,-0.27
0.0,-0.27
0.0,-0.27
0.0,-0.27
0.0,-0.27
0.0,-0.27
0.0,-0.27
0.0,-0.27
0.0,-0.27
0.0,-0.27
0.0,-0.27
0.0,-0.27
0.0,-0.27
0.0,-0.27
0.0,-0.21
0.0,0.34
0.0,2.38
1.8542089462280273,4.74
7.3366265296936035,12.57
14.11092758178711,9.74
20.149412155151367,15.1
27.539642333984375,24.57
35.23716354370117,44.64
37.71259689331055,48.93
33.32969665527344,36.18
26.953781127929688,27.29
26.733089447021484,23.23
28.88639259338379,29.8
33.565528869628906,30.33
37.81269454956055,37.27
40.62920379638672,41.57
38.21723175048828,39.63
34.959815979003906,39.84
31.484201431274414,34.77
27.47115135192871,25.92
27.34864616394043,20.24
28.879413604736328,26.07
32.35871887207031,31.72
30.837181091308594,36.02
28.489086151123047,33.63
22.714319229125977,18.23
18.54276466369629,21.0
18.76272964477539,18.97
16.924152374267578,18.44
14.487471580505371,19.38
14.357686996459961,14.45
8.214075088500977,9.09
8.365164756774902,9.1
5.245312690734863,6.74
3.762498617172241,4.84
3.435201406478882,11.21
2.2211601734161377,1.62
0.0,1.73
0.0,-0.05
0.0,-0.2
0.0,-0.26
0.0,-0.26
0.0,-0.23
0.0,-0.23
0.0,-0.23
0.0,-0.22
0.0,-0.23
0.0,-0.23
0.0,-0.23
0.0,-0.23
0.0,-0.23
0.0,-0.23
0.0,-0.23
0.0,-0.24
0.0,-0.23
0.0,-0.23
0.0,-0.24
0.0,-0.24
0.0,-0.26
0.0,-0.24
0.0,-0.24
0.0,-0.27
0.0,-0.27
0.0,-0.27
0.0,-0.27
0.0,-0.27
0.0,-0.27
0.0,-0.27
0.0,-0.27
0.0,-0.27
0.0,-0.27
0.0,-0.27
0.0,-0.27
0.0,-0.27
0.0,-0.27
0.0,-0.27
0.0,-0.27
0.0,-0.27
0.0,-0.27
0.0,-0.27
0.0,-0.27
0.0,-0.27
0.0,-0.27
0.0,-0.27
0.0,-0.27
0.0,-0.27
0.0,-0.27
0.0,-0.27
0.0,-0.27
0.0,-0.27
0.0,-0.24
0.0,-0.27
0.0,-0.27
0.0,-0.27
0.0,-0.27
0.0,-0.24
0.0,-0.2
0.0,0.33
0.0,0.64
0.0,1.28
0.30581074953079224,4.24
1.6982905864715576,8.35
4.443603515625,7.91
4.186570644378662,11.17
7.389034748077393,9.18
8.617383003234863,10.35
10.415977478027344,11.96
14.534527778625488,18.2
18.919769287109375,26.99
17.90937042236328,29.5
14.930068016052246,14.91
10.045890808105469,10.28
14.370019912719727,19.22
17.94052505493164,17.33
18.06705093383789,21.86
23.154245376586914,25.36
27.667264938354492,29.56
29.478958129882812,33.31
26.860977172851562,30.94
27.632339477539062,32.05
27.474483489990234,29.45
28.10261344909668,29.56
27.060543060302734,36.22
23.002225875854492,17.5
17.284048080444336,20.2
12.292970657348633,26.21
12.252148628234863,12.02
2.4594955444335938,7.4
2.9425854682922363,5.15
0.0,1.28
0.0,1.17
0.0,1.64
0.0,2.14
0.0,0.74
0.0,0.03
0.0,-0.21
0.0,-0.35
0.0,-0.27
0.0,-0.27
0.0,-0.27
0.0,-0.24
0.0,-0.27
0.0,-0.27
0.0,-0.24
0.0,-0.24
0.0,-0.24
0.0,-0.24
0.0,-0.27
0.0,-0.27
0.0,-0.24
0.0,-0.27
0.0,-0.27
0.0,-0.24
0.0,-0.24
0.0,-0.27
0.0,-0.27
0.0,-0.24
0.0,-0.27
0.0,-0.27
0.0,-0.27
0.0,-0.27
0.0,-0.27
0.0,-0.27
0.0,-0.27
0.0,-0.24
0.0,-0.24
0.0,-0.24
0.0,-0.24
0.0,-0.24
0.0,-0.24
0.0,-0.24
0.0,-0.24
0.0,-0.27
0.0,-0.24
0.0,-0.24
0.0,-0.24
0.0,-0.24
0.0,-0.24
0.0,-0.27
0.0,-0.27
0.0,-0.27
0.0,-0.27
0.0,-0.27
0.0,-0.24
0.0,-0.24
0.0,-0.27
0.0,-0.24
0.0,-0.24
0.0,-0.24
0.0,-0.24
0.0,-0.27
0.0,-0.24
0.0,-0.02
0.0,-0.13
0.0,1.12
0.0,4.67
0.8030827045440674,3.71
0.22796925902366638,2.8
1.1688590049743652,4.05
0.5798197984695435,6.02
3.2068467140197754,5.67
2.2210276126861572,3.87
3.8732125759124756,6.25
6.0176215171813965,4.55
8.245782852172852,9.5
11.621528625488281,9.25
12.186257362365723,11.51
10.407387733459473,16.55
11.144475936889648,9.26
7.752052307128906,4.55
7.040637969970703,4.66
7.552118301391602,4.21
7.192936897277832,6.97
5.281820774078369,5.19
6.375958442687988,4.16
7.798478603363037,5.93
7.200238227844238,4.93
6.951313018798828,5.54
6.3102030754089355,6.02
3.892590045928955,4.68
3.6671483516693115,3.91
2.7287368774414062,2.48
1.9317409992218018,3.58
1.0473724603652954,1.43
1.5676331520080566,2.1899999999999995
1.5192450284957886,1.32
0.0,1.88
0.0,3.31
0.0,0.3
0.0,1.01
0.0,-0.26
0.0,-0.29
0.0,-0.3
0.0,-0.27
0.0,-0.27
0.0,-0.27
0.0,-0.27
0.0,-0.27
0.0,-0.27
0.0,-0.27
0.0,-0.27
0.0,-0.27
0.0,-0.27
0.0,-0.27
0.0,-0.27
0.0,-0.27
0.0,-0.27
0.0,-0.27
0.0,-0.27
0.0,-0.27
0.0,-0.27
0.0,-0.27
0.0,-0.27
0.0,-0.27
0.0,-0.27
0.0,-0.27
0.0,-0.27
0.0,-0.27
0.0,-0.27
0.0,-0.27
0.0,-0.27
0.0,-0.27
0.0,-0.27
0.0,-0.27
0.0,-0.27
0.0,-0.27
0.0,-0.27
0.0,-0.27
0.0,-0.27
0.0,-0.27
0.0,-0.27
0.0,-0.27
0.0,-0.27
0.0,-0.27
0.0,-0.27
0.0,-0.27
0.0,-0.27
0.0,-0.27
0.0,-0.27
0.0,-0.27
0.0,-0.27
0.0,-0.27
0.0,-0.27
0.0,-0.27
0.0,-0.27
0.0,-0.27
0.0,-0.27
0.0,-0.26
0.0,0.33
0.0,2.02
0.168601393699646,2.11
1.9652907848358154,4.78
6.0146331787109375,8.06
7.757611274719238,10.86
10.682886123657227,8.17
10.850337982177734,11.14
14.728084564208984,11.33
17.354450225830078,24.33
18.562944412231445,20.72
16.069746017456055,12.95
17.045955657958984,15.66
20.99901008605957,15.5
22.350786209106445,16.44
25.52999496459961,30.07
28.193387985229492,30.01
26.602476119995117,25.67
24.27635955810547,21.24
23.7240047454834,17.57
23.607210159301758,17.12
24.633872985839844,23.64
24.765695571899414,29.51
21.32379722595215,16.83
16.74273681640625,13.27
14.93075180053711,12.73
12.165497779846191,12.73
11.449487686157227,9.64
9.507474899291992,8.17
8.372414588928223,8.27
7.780975818634033,10.31
8.939778327941895,9.18
5.745870590209961,6.41
6.59864616394043,4.92
2.6652729511260986,6.24
4.36584997177124,4.45
0.5187849998474121,3.78
1.432524561882019,3.06
0.8913993835449219,0.64
0.0,2.16
0.0,0.06
0.0,-0.35
0.0,-0.27
0.0,-0.27
0.0,-0.27
0.0,-0.27
0.0,-0.27
0.0,-0.27
0.0,-0.27
0.0,-0.27
0.0,-0.27
0.0,-0.27
0.0,-0.27
0.0,-0.27
0.0,-0.27
0.0,-0.24
0.0,-0.24
0.0,-0.27
0.0,-0.27
0.0,-0.27
0.0,-0.27
0.0,-0.27
0.0,-0.27
0.0,-0.27
0.0,-0.27
0.0,-0.27
0.0,-0.27
0.0,-0.27
0.0,-0.24
0.0,-0.24
0.0,-0.24
0.0,-0.24
0.0,-0.24
0.0,-0.24
0.0,-0.27
0.0,-0.24
0.0,-0.27
0.0,-0.27
0.0,-0.27
0.0,-0.27
0.0,-0.27
0.0,-0.27
0.0,-0.27
0.0,-0.24
0.0,-0.24
0.0,-0.24
0.0,-0.24
0.0,-0.24
0.0,-0.24
0.0,-0.27
0.0,-0.27
0.0,-0.27
0.0,-0.24
0.0,-0.27
0.0,-0.27
0.0,-0.22
0.0,0.55
0.0,1.47
0.6932501792907715,2.14
3.9267406463623047,4.32
8.4027099609375,13.25
14.3425931930542,15.69
19.36736488342285,18.0
22.499284744262695,25.46
27.73135757446289,26.96
32.28730392456055,38.15
37.358333587646484,33.37
39.0877571105957,35.22
42.921409606933594,42.33
46.35405349731445,58.53
48.10565948486328,46.46
47.28212356567383,48.5
51.779212951660156,47.11
55.740936279296875,32.84
60.80890655517578,57.67
69.38714599609375,82.05
71.64544677734375,79.04
66.94709014892578,77.64
59.57500076293945,60.29
53.418949127197266,37.59
52.29813003540039,57.51
54.471988677978516,65.69
50.9134521484375,38.72
46.16102981567383,41.24
44.53240203857422,56.989999999999995
38.714080810546875,45.1
27.12199592590332,23.57
15.991445541381836,20.97
14.199715614318848,12.29
9.528186798095703,6.67
7.76412296295166,8.32
5.323119163513184,8.53
4.687252044677734,8.32
3.115946054458618,4.3
1.2293683290481567,1.38
0.0,1.72
0.0,-0.02
0.0,-0.29
0.0,-0.24
0.0,-0.24
0.0,-0.24
0.0,-0.24
0.0,-0.24
0.0,-0.27
0.0,-0.24
0.0,-0.27
0.0,-0.24
0.0,-0.24
0.0,-0.27
0.0,-0.24
0.0,-0.27
0.0,-0.24
0.0,-0.27
0.0,-0.29
0.0,-0.29
0.0,-0.27
0.0,-0.29
0.0,-0.29
0.0,-0.27
0.0,-0.27
0.0,-0.27
0.0,-0.27
0.0,-0.27
0.0,-0.27
0.0,-0.27
0.0,-0.27
0.0,-0.27
0.0,-0.27
0.0,-0.27
0.0,-0.27
0.0,-0.27
0.0,-0.27
0.0,-0.27
0.0,-0.27
0.0,-0.27
0.0,-0.3
0.0,-0.27
0.0,-0.27
0.0,-0.27
0.0,-0.29
0.0,-0.31
0.0,-0.31
0.0,-0.31
0.0,-0.31
0.0,-0.31
0.0,-0.31
0.0,-0.31
0.0,-0.31
0.0,-0.3
0.0,-0.31
0.0,-0.31
0.0,-0.31
0.0,-0.11
0.0,0.67
0.0,-0.2
0.0,0.31
0.0,0.31
0.0,1.17
0.4514142870903015,2.24
0.6892610788345337,2.78
2.3155710697174072,1.87
2.333268404006958,1.49
3.1223371028900146,2.45
2.0642576217651367,2.41
4.188913822174072,2.39
3.3281352519989014,3.44
6.0722246170043945,3.89
6.344198703765869,2.69
6.796165943145752,5.83
7.758783340454102,6.98
7.438632488250732,8.04
8.274787902832031,5.72
7.855428218841553,5.25
6.5531086921691895,6.91
8.6240816116333,6.83
5.935052394866943,5.38
4.827154636383057,5.88
5.233002185821533,3.3
5.7628631591796875,4.92
5.625699043273926,4.67
3.255155086517334,2.46
4.514169692993164,2.99
1.909608006477356,3.53
3.7444872856140137,4.79
2.3811075687408447,3.17
0.0,1.51
0.0,1.19
0.0,0.91
0.0,0.09
0.0,0.23
0.0,0.18
0.0,-0.26
0.0,-0.3
0.0,-0.29
0.0,-0.31
0.0,-0.27
0.0,-0.3
0.0,-0.29
0.0,-0.31
0.0,-0.31
0.0,-0.29
0.0,-0.31
0.0,-0.27
0.0,-0.27
0.0,-0.27
0.0,-0.27
0.0,-0.27
0.0,-0.27
0.0,-0.27
0.0,-0.27
0.0,-0.29
0.0,-0.3
0.0,-0.27
0.0,-0.27
0.0,-0.27
0.0,-0.27
0.0,-0.27
0.0,-0.27
0.0,-0.27
0.0,-0.27
0.0,-0.27
0.0,-0.27
0.0,-0.27
0.0,-0.27
0.0,-0.27
0.0,-0.27
0.0,-0.27
0.0,-0.27
0.0,-0.27
0.0,-0.27
0.0,-0.27
0.0,-0.27
0.0,-0.27
0.0,-0.27
0.0,-0.27
0.0,-0.27
0.0,-0.27
0.0,-0.27
0.0,-0.27
0.0,-0.27
0.0,-0.27
0.0,-0.27
0.0,-0.27
0.0,-0.27
0.0,-0.27
0.0,-0.27
0.0,-0.27
0.0,-0.27
0.0,-0.27
0.0,-0.07
0.0,0.1
0.0,1.19
0.0,1.04
0.0,2.11
1.1134471893310547,1.35
3.734386920928955,1.54
7.656242847442627,4.82
12.383696556091309,13.29
13.81039047241211,18.73
12.537492752075195,10.43
9.951384544372559,8.91
10.178443908691406,8.9
9.265424728393555,6.83
10.264129638671875,8.759999999999998
11.372590065002441,6.15
12.154587745666504,11.09
13.305134773254395,13.22
13.6138277053833,8.68
11.347115516662598,8.93
10.633204460144043,10.92
10.895271301269531,8.98
8.631612777709961,7.97
8.911761283874512,7.24
7.679327487945557,6.47
7.526710033416748,4.76
6.523087024688721,4.88
6.4523491859436035,8.09
7.007633686065674,5.93
3.739193916320801,4.52
2.1079485416412354,2.9700000000000006
1.2354509830474854,1.68
1.415448546409607,1.03
0.3006661534309387,1.01
0.0,0.02
0.0,0.73
0.0,0.51
0.0,-0.05
0.0,-0.31
0.0,-0.31
0.0,-0.27
0.0,-0.27
0.0,-0.27
0.0,-0.27
0.0,-0.27
0.0,-0.27
0.0,-0.27
0.0,-0.24
0.0,-0.27
0.0,-0.27
0.0,-0.27
0.0,-0.27
0.0,-0.27
0.0,-0.27
0.0,-0.27
0.0,-0.27
0.0,-0.27
0.0,-0.27
0.0,-0.27
0.0,-0.27
0.0,-0.27
0.0,-0.27
0.0,-0.27
0.0,-0.27
0.0,-0.27
0.0,-0.27
0.0,-0.27
0.0,-0.24
0.0,-0.27
0.0,-0.24
0.0,-0.27
0.0,-0.24
0.0,-0.24
0.0,-0.24
0.0,-0.27
0.0,-0.24
0.0,-0.27
0.0,-0.24
0.0,-0.24
0.0,-0.24
0.0,-0.24
0.0,-0.24
0.0,-0.24
0.0,-0.24
0.0,-0.24
0.0,-0.24
0.0,-0.27
0.0,-0.24
0.0,-0.27
0.0,-0.24
0.0,-0.24
0.0,-0.24
0.0,-0.24
0.0,-0.24
0.0,-0.27
0.0,-0.25
0.0,-0.05
0.0,0.25
0.0,0.68
0.0,0.38
0.0,0.37
0.0,0.84
0.0,1.05
0.3572953939437866,1.24
1.385860562324524,3.27
0.2610180079936981,4.08
2.3860225677490234,2.7
1.561436653137207,3.65
3.290562629699707,7.11
5.1892924308776855,6.98
5.400697708129883,5.65
5.802484512329102,5.82
4.316203594207764,5.31
5.405716419219971,5.49
5.404129505157471,5.26
5.147939205169678,7.22
5.794319152832031,6.45
8.058058738708496,7.61
7.657674789428711,5.66
4.3387885093688965,6.97
4.5179524421691895,7.31
5.277054309844971,5.23
2.704749584197998,3.92
0.3898496925830841,2.72
0.4393182396888733,2.57
3.11769437789917,1.77
3.044365406036377,3.05
2.8471672534942627,1.64
2.2815418243408203,2.24
2.584197521209717,3.03
0.0,2.08
1.3267014026641846,0.5
0.0,1.24
0.0,0.54
0.0,0.07
0.0,-0.3
0.0,-0.3
0.0,-0.27
0.0,-0.27
0.0,-0.27
0.0,-0.27
0.0,-0.27
0.0,-0.27
0.0,-0.27
0.0,-0.27
0.0,-0.27
0.0,-0.3
0.0,-0.27
0.0,-0.3
0.0,-0.29
0.0,-0.31
0.0,-0.29
0.0,-0.31
0.0,-0.27
0.0,-0.27
0.0,-0.27
0.0,-0.27
0.0,-0.27
0.0,-0.27
0.0,-0.27
0.0,-0.27
0.0,-0.27
0.0,-0.27
0.0,-0.27
0.0,-0.27
0.0,-0.27
0.0,-0.27
0.0,-0.27
0.0,-0.27
0.0,-0.24
0.0,-0.27
0.0,-0.27
0.0,-0.27
0.0,-0.24
0.0,-0.27
0.0,-0.27
0.0,-0.24
0.0,-0.24
0.0,-0.24
0.0,-0.27
0.0,-0.27
0.0,-0.27
0.0,-0.27
0.0,-0.27
0.0,-0.27
0.0,-0.27
0.0,-0.24
0.0,-0.24
0.0,-0.27
0.0,-0.27
0.0,-0.27
0.0,0.24
0.0,2.68
0.0,4.5
1.824137568473816,5.76
3.4451162815093994,8.57
3.501075506210327,9.25
3.2636115550994873,7.9
1.4231696128845215,9.46
2.0575876235961914,4.34
1.7609758377075195,4.76
2.915996789932251,4.96
2.4347782135009766,5.09
3.0169622898101807,3.12
5.59127950668335,8.98
5.780256271362305,8.41
4.893546104431152,4.29
3.46802020072937,6.02
5.181540012359619,9.02
7.964447021484375,9.31
6.563070774078369,8.4
3.8163514137268066,4.75
5.852824687957764,5.89
5.926548957824707,8.96
7.467414855957031,8.13
7.461357116699219,6.959999999999999
2.3399834632873535,4.63
2.793015718460083,6.46
4.023801326751709,6.4
6.151793003082275,4.73
3.6334025859832764,5.43
1.4460735321044922,3.11
3.523406982421875,5.91
4.796624660491943,3.31
3.5427050590515137,5.04
2.318641185760498,3.47
0.0,3.31
0.0,1.75
0.0,1.4
0.0,0.48
0.0,0.15
0.0,-0.27
0.0,-0.31
0.0,-0.27
0.0,-0.27
0.0,-0.27
0.0,-0.27
0.0,-0.27
0.0,-0.29
0.0,-0.27
0.0,-0.27
0.0,-0.27
0.0,-0.3
0.0,-0.29
0.0,-0.31
0.0,-0.31
0.0,-0.31
0.0,-0.27
0.0,-0.27
0.0,-0.27
0.0,-0.27
0.0,-0.27
0.0,-0.27
0.0,-0.27
0.0,-0.27
0.0,-0.27
0.0,-0.27
0.0,-0.27
0.0,-0.27
0.0,-0.27
0.0,-0.27
0.0,-0.27
0.0,-0.27
0.0,-0.27
0.0,-0.27
0.0,-0.27
0.0,-0.27
0.0,-0.27
0.0,-0.27
0.0,-0.27
0.0,-0.27
0.0,-0.27
0.0,-0.27
0.0,-0.27
0.0,-0.27
0.0,-0.27
0.0,-0.27
0.0,-0.27
0.0,-0.27
0.0,-0.27
0.0,-0.27
0.0,-0.27
0.0,-0.27
0.0,-0.27
0.0,-0.27
0.0,-0.27
0.0,-0.27
0.0,-0.27
0.0,-0.04
0.0,-0.26
0.0,0.65
0.0,2.35
0.0,6.24
0.0,6.48
0.0,4.39
1.7818611860275269,7.85
1.9671427011489868,5.92
2.1583995819091797,3.69
3.732206106185913,7.97
4.448460578918457,12.11
4.8607659339904785,12.19
5.548541069030762,6.74
7.009021759033203,7.14
7.610556602478027,7.24
8.693249702453613,9.78
7.271305084228516,10.69
8.691535949707031,9.7
5.908279895782471,8.33
4.021249771118164,5.71
3.2586522102355957,4.43
5.405786991119385,6.84
4.433760166168213,7.24
4.291745662689209,4.0
4.224275588989258,7.73
6.8739118576049805,5.43
3.4868431091308594,5.96
7.318277359008789,8.58
7.937307357788086,7.84
7.479693412780762,7.91
5.680427074432373,7.2
4.47218132019043,7.81
2.1019084453582764,3.45
0.0,2.34
0.0,2.28
0.0,0.96
0.0,0.43
0.0,-0.08
0.0,-0.27
0.0,-0.39
0.0,-0.27
0.0,-0.27
0.0,-0.27
0.0,-0.27
0.0,-0.27
0.0,-0.27
0.0,-0.27
0.0,-0.27
0.0,-0.27
0.0,-0.27
0.0,-0.3
0.0,-0.31
0.0,-0.31
0.0,-0.31
0.0,-0.29
0.0,-0.31
0.0,-0.31
0.0,-0.27
0.0,-0.27
0.0,-0.27
0.0,-0.27
0.0,-0.27
0.0,-0.27
0.0,-0.27
0.0,-0.27
0.0,-0.27
0.0,-0.27
0.0,-0.27
0.0,-0.27
0.0,-0.27
0.0,-0.27
0.0,-0.27
0.0,-0.27
0.0,-0.27
0.0,-0.27
0.0,-0.27
0.0,-0.27
0.0,-0.27
0.0,-0.27
0.0,-0.27
0.0,-0.27
0.0,-0.27
0.0,-0.27
0.0,-0.27
0.0,-0.27
0.0,-0.27
0.0,-0.27
0.0,-0.27
0.0,-0.27
0.0,-0.27
0.0,-0.27
0.0,-0.27
0.0,-0.27
0.0,-0.26
0.0,0.38
0.0,2.1899999999999995
0.0,4.7
1.0086216926574707,4.91
5.026217460632324,5.65
7.393228530883789,11.21
10.938387870788574,12.57
14.939062118530273,17.84
20.666980743408203,15.88
28.013654708862305,23.72
34.85898971557617,28.34
43.30575180053711,43.28
48.817169189453125,56.47
53.391048431396484,51.49
52.4250602722168,56.18
49.956764221191406,49.49
43.70415496826172,64.58
37.264156341552734,36.27
23.662582397460938,31.92
19.95093536376953,19.04
12.232860565185547,11.16
9.608439445495605,12.6
7.786621570587158,11.17
10.334731101989746,9.82
9.29496955871582,7.64
10.498372077941895,9.16
13.537750244140625,14.84
18.961294174194336,15.86
17.811824798583984,37.55
19.768020629882812,14.68
8.146440505981445,15.44
6.498916149139404,11.21
4.178642749786377,8.4
1.678679347038269,5.82
2.834563732147217,4.63
0.46346819400787354,4.17
0.0,2.93
0.0,3.43
0.0,1.11
0.0,-0.02
0.0,-0.27
0.0,-0.27
0.0,-0.27
0.0,-0.27
0.0,-0.27
0.0,-0.27
0.0,-0.27
0.0,-0.27
0.0,-0.27
0.0,-0.27
0.0,-0.27
0.0,-0.27
0.0,-0.27
0.0,-0.27
0.0,-0.29
0.0,-0.29
0.0,-0.29
0.0,-0.27
0.0,-0.29
0.0,-0.29
0.0,-0.29
0.0,-0.29
0.0,-0.29
0.0,-0.29
0.0,-0.27
0.0,-0.29
0.0,-0.29
0.0,-0.27
0.0,-0.27
0.0,-0.27
0.0,-0.29
0.0,-0.27
0.0,-0.29
0.0,-0.29
0.0,-0.29
0.0,-0.31
0.0,-0.27
0.0,-0.31
0.0,-0.3
0.0,-0.27
0.0,-0.27
0.0,-0.31
0.0,-0.31
0.0,-0.31
0.0,-0.31
0.0,-0.31
0.0,-0.31
0.0,-0.31
0.0,-0.31
0.0,-0.29
0.0,-0.31
0.0,-0.3
0.0,-0.31
0.0,-0.27
0.0,-0.27
0.0,-0.31
0.0,-0.05
0.0,0.77
1.4237933158874512,1.88
2.969529867172241,4.2
4.180154323577881,7.27
7.979794979095459,7.7
9.606061935424805,9.93
11.264942169189453,12.49
11.822652816772461,12.35
14.69302749633789,15.92
16.154775619506836,14.11
19.200468063354492,19.0
20.950759887695312,21.75
23.616283416748047,21.14
25.102903366088867,21.09
26.385902404785156,31.99
28.281373977661133,28.76
27.579431533813477,25.91
24.632923126220703,23.85
24.609779357910156,21.79
22.88153839111328,19.11
22.306623458862305,24.62
22.641138076782227,20.19
21.76673126220703,16.97
21.226957321166992,17.48
21.288827896118164,17.65
22.275588989257812,24.19
22.532432556152344,22.76
20.470922470092773,20.14
19.22250747680664,15.84
16.31969451904297,15.37
15.158846855163574,16.18
14.65529727935791,16.27
13.59011173248291,11.65
10.239558219909668,10.16
6.029386520385742,9.12
3.53462815284729,4.69
3.127262592315674,1.87
0.9755264520645142,0.67
0.6923232078552246,0.06
0.0,-0.27
0.0,-0.27
0.0,-0.27
0.0,-0.27
0.0,-0.27
0.0,-0.27
0.0,-0.27
0.0,-0.27
0.0,-0.27
0.0,-0.27
0.0,-0.27
0.0,-0.27
0.0,-0.27
0.0,-0.24
0.0,-0.24
0.0,-0.24
0.0,-0.27
0.0,-0.27
0.0,-0.24
0.0,-0.24
0.0,-0.24
0.0,-0.24
0.0,-0.24
0.0,-0.24
0.0,-0.27
0.0,-0.27
0.0,-0.27
0.0,-0.27
0.0,-0.27
0.0,-0.24
0.0,-0.24
0.0,-0.24
0.0,-0.24
0.0,-0.24
0.0,-0.24
0.0,-0.24
0.0,-0.24
0.0,-0.24
0.0,-0.24
0.0,-0.24
0.0,-0.24
0.0,-0.24
0.0,-0.24
0.0,-0.24
0.0,-0.24
0.0,-0.24
0.0,-0.24
0.0,-0.24
0.0,-0.24
0.0,-0.24
0.0,-0.24
0.0,-0.24
0.0,-0.24
0.0,-0.23
0.0,-0.23
0.0,-0.27
0.0,-0.27
0.0,-0.2
0.0,0.08
0.0,-0.01
0.0,0.45
0.0,0.31
0.0,0.3
0.0,0.6
0.0,0.88
0.9639408588409424,1.86
0.6653397083282471,2.06
1.573413610458374,1.98
2.8023440837860107,2.63
4.70943021774292,3.36
4.49066686630249,2.45
5.650815486907959,3.78
5.816622257232666,6.08
7.702927589416504,5.31
8.886531829833984,4.7
8.20142650604248,7.41
12.533515930175781,11.63
10.568807601928711,10.62
11.381115913391113,11.99
11.817988395690918,7.36
10.823261260986328,11.03
10.980680465698242,9.98
9.810333251953125,7.71
9.213706970214844,8.55
7.813507080078125,7.45
6.949495792388916,7.52
7.545547008514404,5.18
3.640615463256836,5.7
4.2686662673950195,4.07
3.3518917560577393,3.38
4.097902297973633,2.79
2.42006778717041,1.71
1.2841838598251343,1.06
0.0,0.91
0.18003299832344055,0.12
0.0,0.0
0.0,-0.31
0.0,-0.27
0.0,-0.27
0.0,-0.27
0.0,-0.27
0.0,-0.27
0.0,-0.27
0.0,-0.27
0.0,-0.27
0.0,-0.27
0.0,-0.27
0.0,-0.29
0.0,-0.27
0.0,-0.27
0.0,-0.27
0.0,-0.27
0.0,-0.29
0.0,-0.29
0.0,-0.27
0.0,-0.27
0.0,-0.27
0.0,-0.27
0.0,-0.27
0.0,-0.27
0.0,-0.27
0.0,-0.27
0.0,-0.27
0.0,-0.27
0.0,-0.27
0.0,-0.27
0.0,-0.27
0.0,-0.27
0.0,-0.27
0.0,-0.27
0.0,-0.27
0.0,-0.27
0.0,-0.27
0.0,-0.27
0.0,-0.27
0.0,-0.27
0.0,-0.27
0.0,-0.27
0.0,-0.27
0.0,-0.27
0.0,-0.27
0.0,-0.27
0.0,-0.27
0.0,-0.27
0.0,-0.27
0.0,-0.27
0.0,-0.27
0.0,-0.27
0.0,-0.24
0.0,-0.27
0.0,-0.24
0.0,-0.27
0.0,0.06
0.0,2.2
1.061478853225708,3.41
3.9714231491088867,6.79
8.71712875366211,11.48
11.771116256713867,13.99
16.690746307373047,11.67
23.595661163330078,22.69
33.31790542602539,31.09
41.876548767089844,38.11
49.74481201171875,42.2
57.1362419128418,65.64
64.32840728759766,56.25
66.41986846923828,66.26
71.69515991210938,70.93
75.88352966308594,79.47
77.27687072753906,80.66
78.5667495727539,74.56
79.28335571289062,78.7
80.98191833496094,86.02
81.22727966308594,84.55
79.0467529296875,81.82
76.47789001464844,85.45
74.38706970214844,65.74
69.19145202636719,79.33
70.82778930664062,75.78
65.26505279541016,72.22
60.796329498291016,68.91
54.945194244384766,60.44
50.534393310546875,52.71
43.41720199584961,52.73
38.704124450683594,46.96
31.653860092163086,40.06
23.4141845703125,23.59
15.792695045471191,26.8
11.193363189697266,13.57
7.262818813323975,9.75
5.984281063079834,8.42
1.1555628776550293,4.56
0.0,2.12
0.0,0.04
0.0,-0.31
0.0,-0.27
0.0,-0.27
0.0,-0.24
0.0,-0.27
0.0,-0.24
0.0,-0.27
0.0,-0.27
0.0,-0.24
0.0,-0.24
0.0,-0.24
0.0,-0.24
0.0,-0.24
0.0,-0.24
0.0,-0.24
0.0,-0.24
0.0,-0.24
0.0,-0.24
0.0,-0.24
0.0,-0.24
0.0,-0.24
0.0,-0.27
0.0,-0.24
0.0,-0.24
0.0,-0.27
0.0,-0.24
0.0,-0.24
0.0,-0.24
0.0,-0.24
0.0,-0.24
0.0,-0.24
0.0,-0.24
0.0,-0.24
0.0,-0.24
0.0,-0.24
0.0,-0.27
0.0,-0.27
0.0,-0.27
0.0,-0.24
0.0,-0.27
0.0,-0.24
0.0,-0.24
0.0,-0.24
0.0,-0.24
0.0,-0.24
0.0,-0.27
0.0,-0.24
0.0,-0.24
0.0,-0.24
0.0,-0.24
0.0,-0.24
0.0,-0.24
0.0,-0.24
0.0,-0.24
0.0,-0.25
0.0,0.6
0.0,3.03
3.91774845123291,5.940000000000001
10.241922378540039,9.57
16.926965713500977,14.28
24.3637752532959,21.14
33.269020080566406,30.1
42.28989028930664,39.46
49.36373519897461,47.59
56.34183120727539,54.27
61.750221252441406,60.4
66.76236724853516,66.24
71.0425033569336,70.54
74.80396270751953,74.96
77.50495910644531,79.06
79.04154968261719,80.63
81.06793975830078,82.42
82.82762145996094,84.52
83.17086029052734,85.64
83.773681640625,86.77
83.68630981445312,86.94
82.1263427734375,86.15
80.8093032836914,84.92
77.34532928466797,83.36
76.47750854492188,80.58
71.56621551513672,77.97
68.86128234863281,74.41
63.21177673339844,64.32
59.267303466796875,63.24
53.7476692199707,60.74
49.1652717590332,56.29
43.680152893066406,49.92
37.627532958984375,43.04
28.73657989501953,32.9
18.432607650756836,22.75
14.19039535522461,18.29
11.066224098205566,12.51
7.363532543182373,7.1
2.9929556846618652,4.61
0.0,2.23
0.0,0.08
0.0,-0.31
0.0,-0.24
0.0,-0.24
0.0,-0.24
0.0,-0.27
0.0,-0.24
0.0,-0.24
0.0,-0.24
0.0,-0.24
0.0,-0.24
0.0,-0.24
0.0,-0.24
0.0,-0.27
0.0,-0.27
0.0,-0.27
0.0,-0.27
0.0,-0.27
0.0,-0.24
0.0,-0.22
0.0,-0.24
0.0,-0.24
0.0,-0.24
0.0,-0.24
0.0,-0.24
0.0,-0.24
0.0,-0.24
0.0,-0.24
0.0,-0.24
0.0,-0.24
0.0,-0.24
0.0,-0.24
0.0,-0.24
0.0,-0.24
0.0,-0.24
0.0,-0.24
0.0,-0.24
0.0,-0.24
0.0,-0.24
0.0,-0.24
0.0,-0.24
0.0,-0.24
0.0,-0.24
0.0,-0.24
0.0,-0.24
0.0,-0.24
0.0,-0.24
0.0,-0.24
0.0,-0.24
0.0,-0.24
0.0,-0.24
0.0,-0.24
0.0,-0.24
0.0,-0.24
0.0,-0.24
0.0,-0.27
0.0,0.0
0.0,0.13
0.0,-0.03
0.0,0.84
0.0,1.35
0.8833597302436829,1.94
4.2697553634643555,3.98
6.45591926574707,6.69
6.858372688293457,6.42
7.661214828491211,9.08
9.676490783691406,12.59
11.200665473937988,9.15
9.719843864440918,9.22
10.474510192871094,8.52
10.430727005004883,9.01
10.300193786621094,8.45
11.580160140991211,9.81
11.333761215209961,9.41
11.646944046020508,11.43
10.235942840576172,11.43
10.814062118530273,6.959999999999999
8.683768272399902,5.98
10.401216506958008,6.98
8.754717826843262,6.26
8.656513214111328,6.87
8.450342178344727,7.51
10.075006484985352,7.87
9.431377410888672,6.76
6.819797039031982,5.14
5.735647678375244,3.47
5.523914813995361,3.45
2.8577678203582764,3.76
5.272649765014648,4.05
4.094923496246338,3.5
1.5535640716552734,2.54
1.1274495124816895,1.79
0.0,0.97
0.0,0.35
0.0,-0.09
0.0,-0.23
0.0,-0.31
0.0,-0.27
0.0,-0.27
0.0,-0.27
0.0,-0.27
0.0,-0.27
0.0,-0.27
0.0,-0.27
0.0,-0.27
0.0,-0.27
0.0,-0.27
0.0,-0.27
0.0,-0.27
0.0,-0.27
0.0,-0.27
0.0,-0.29
0.0,-0.27
0.0,-0.27
0.0,-0.27
0.0,-0.29
0.0,-0.27
0.0,-0.27
0.0,-0.27
0.0,-0.27
0.0,-0.29
0.0,-0.29
0.0,-0.27
0.0,-0.27
0.0,-0.27
0.0,-0.27
0.0,-0.27
0.0,-0.27
0.0,-0.27
0.0,-0.27
0.0,-0.27
0.0,-0.29
0.0,-0.27
0.0,-0.29
0.0,-0.29
0.0,-0.27
0.0,-0.27
0.0,-0.29
0.0,-0.27
0.0,-0.27
0.0,-0.31
0.0,-0.27
0.0,-0.27
0.0,-0.27
0.0,-0.27
0.0,-0.27
0.0,-0.27
0.0,-0.27
0.0,-0.27
0.0,-0.27
0.0,-0.27
0.0,-0.27
0.0,-0.25
0.0,0.2
0.0,2.15
0.0,1.37
0.9732871055603027,2.28
5.533969879150391,4.17
9.044462203979492,11.27
15.53591251373291,13.9
22.801193237304688,22.89
31.2169132232666,36.09
35.4840087890625,37.55
34.467926025390625,22.84
36.6959114074707,42.8
43.070308685302734,52.81
44.10050582885742,46.33
38.813926696777344,27.53
38.423095703125,41.53
42.8195686340332,37.87
41.57882308959961,45.65
41.92808151245117,35.12
37.129886627197266,36.73
34.293724060058594,36.96
30.909944534301758,28.55
26.30376625061035,22.25
23.72221565246582,22.21
22.166667938232422,19.61
19.840660095214844,17.87
16.697965621948242,16.35
15.229393005371094,14.98
11.396952629089355,11.66
10.222101211547852,8.84
6.501947402954102,7.58
4.983325481414795,7.72
3.5547642707824707,6.16
3.4216394424438477,4.26
0.0,2.82
0.0,1.9
0.662326455116272,0.53
0.0,0.12
0.0,-0.2
0.0,-0.27
0.0,-0.27
0.0,-0.24
0.0,-0.24
0.0,-0.24
0.0,-0.27
0.0,-0.27
0.0,-0.27
0.0,-0.24
0.0,-0.24
0.0,-0.27
0.0,-0.27
0.0,-0.27
0.0,-0.27
0.0,-0.27
0.0,-0.26
0.0,-0.27
0.0,-0.29
0.0,-0.27
0.0,-0.24
0.0,-0.27
0.0,-0.24
0.0,-0.27
0.0,-0.27
0.0,-0.27
0.0,-0.24
0.0,-0.24
0.0,-0.24
0.0,-0.24
0.0,-0.24
0.0,-0.24
0.0,-0.24
0.0,-0.24
0.0,-0.24
0.0,-0.23
0.0,-0.24
0.0,-0.23
0.0,-0.23
0.0,-0.24
0.0,-0.23
0.0,-0.24
0.0,-0.23
0.0,-0.23
0.0,-0.24
0.0,-0.24
0.0,-0.24
0.0,-0.23
0.0,-0.24
0.0,-0.23
0.0,-0.23
0.0,-0.23
0.0,-0.24
0.0,-0.23
0.0,-0.23
0.0,-0.23
0.0,-0.26
0.0,-0.25
0.0,0.04
0.0,0.91
0.0,2.69
4.508440971374512,6.16
6.170110702514648,10.22
11.174490928649902,11.63
12.819671630859375,14.34
13.64521598815918,14.47
13.87170696258545,18.7
14.68342399597168,16.56
12.691375732421875,12.72
11.965584754943848,13.41
12.725954055786133,13.13
15.672833442687988,14.48
16.681013107299805,18.93
18.050016403198242,20.46
22.0784969329834,15.96
25.497568130493164,22.07
32.61082077026367,23.59
39.38726806640625,35.49
43.21013641357422,48.35
43.47762680053711,50.96
38.752559661865234,29.81
27.72042465209961,30.42
26.744882583618164,25.69
22.81988525390625,21.53
17.16963005065918,18.17
17.312271118164062,16.32
15.550246238708496,12.91
13.95784854888916,17.66
13.084023475646973,10.11
7.646383285522461,10.54
8.521349906921387,9.46
6.35014009475708,7.12
5.120344161987305,6.2
2.799280881881714,6.06
0.0,3.03
0.0,1.83
0.0,-0.05
0.0,-0.29
0.0,-0.26
0.0,-0.24
0.0,-0.24
0.0,-0.24
0.0,-0.24
0.0,-0.24
0.0,-0.24
0.0,-0.24
0.0,-0.24
0.0,-0.24
0.0,-0.24
0.0,-0.24
0.0,-0.24
0.0,-0.24
0.0,-0.24
0.0,-0.24
0.0,-0.26
0.0,-0.27
0.0,-0.29
0.0,-0.26
0.0,-0.27
0.0,-0.27
0.0,-0.24
0.0,-0.24
0.0,-0.24
0.0,-0.24
0.0,-0.24
0.0,-0.24
0.0,-0.24
0.0,-0.24
0.0,-0.24
0.0,-0.24
0.0,-0.24
0.0,-0.24
0.0,-0.24
0.0,-0.24
0.0,-0.24
0.0,-0.24
0.0,-0.24
0.0,-0.24
0.0,-0.24
0.0,-0.24
0.0,-0.24
0.0,-0.27
0.0,-0.24
0.0,-0.24
0.0,-0.24
0.0,-0.24
0.0,-0.24
0.0,-0.24
0.0,-0.24
0.0,-0.24
0.0,-0.24
0.0,-0.24
0.0,-0.24
0.0,0.18
0.0,2.14
3.321685791015625,4.96
7.705305576324463,8.260000000000002
13.283632278442383,12.33
22.206209182739258,18.12
29.461524963378906,26.2
37.965972900390625,35.11
46.071311950683594,43.01
53.379032135009766,51.11
58.88109588623047,56.760000000000005
64.29654693603516,62.9
69.72930145263672,67.32
73.34170532226562,71.57
76.88579559326172,75.8
80.40331268310547,79.53
81.38159942626953,82.64
83.26148223876953,83.13
83.93319702148438,86.86
84.99905395507812,86.14
85.18732452392578,85.48
83.2665023803711,85.62
83.30762481689453,83.82
80.48644256591797,81.96
77.06971740722656,80.01
73.27125549316406,76.32
71.0242691040039,71.72
67.55996704101562,69.27
63.629947662353516,64.81
57.893917083740234,61.26
50.49681854248047,54.06
40.49367904663086,49.56
35.30064010620117,41.37
26.43600082397461,31.1
21.501779556274414,24.22
13.176126480102539,15.66
6.660833358764648,10.79
2.0878541469573975,7.28
0.0,4.24
0.0,1.7399999999999998
0.0,0.01
0.0,-0.31
0.0,-0.24
0.0,-0.24
0.0,-0.24
0.0,-0.24
0.0,-0.24
0.0,-0.24
0.0,-0.24
0.0,-0.24
0.0,-0.24
0.0,-0.24
0.0,-0.24
0.0,-0.24
0.0,-0.24
0.0,-0.24
0.0,-0.24
0.0,-0.26
0.0,-0.24
0.0,-0.24
0.0,-0.24
0.0,-0.24
0.0,-0.24
0.0,-0.24
0.0,-0.24
0.0,-0.24
0.0,-0.24
0.0,-0.24
0.0,-0.24
0.0,-0.24
0.0,-0.24
0.0,-0.24
0.0,-0.24
0.0,-0.24
0.0,-0.24
0.0,-0.24
0.0,-0.24
0.0,-0.24
0.0,-0.24
0.0,-0.24
0.0,-0.24
0.0,-0.24
0.0,-0.27
0.0,-0.24
0.0,-0.24
0.0,-0.24
0.0,-0.24
0.0,-0.27
0.0,-0.27
0.0,-0.27
0.0,-0.27
0.0,-0.27
0.0,-0.27
0.0,-0.27
0.0,-0.27
0.0,-0.27
0.0,-0.12
0.0,1.02
1.5673410892486572,3.25
7.376143932342529,6.45
15.638113975524902,9.85
23.86188316345215,22.33
34.44586944580078,30.27
43.08989334106445,41.49
48.76984405517578,52.84
53.914913177490234,54.61
55.97610092163086,48.209999999999994
61.42221450805664,61.24
66.8936538696289,80.83
70.49356079101562,38.98
73.77490997314453,82.47
83.31246948242188,82.77
86.09796142578125,85.46
86.8620376586914,88.06
88.65042877197266,89.22
89.2452621459961,86.65
86.46102142333984,89.94
87.40325164794922,89.58
85.13628387451172,88.57
81.75151062011719,86.95
80.49884033203125,85.26
78.37820434570312,82.83
75.25833129882812,80.16999999999999
71.59608459472656,76.42
68.40694427490234,71.98
63.781471252441406,67.05
57.26354217529297,61.6
50.73017883300781,55.2
43.696292877197266,47.57
33.81039810180664,38.04
24.757001876831055,26.32
15.012090682983398,15.87
9.240907669067383,10.07
3.2623982429504395,6.63
3.3166921138763428,4.04
0.0,1.76
0.2606891989707947,0.04
0.0,-0.31
0.0,-0.24
0.0,-0.24
0.0,-0.24
0.0,-0.27
0.0,-0.24
0.0,-0.24
0.0,-0.24
0.0,-0.24
0.0,-0.24
0.0,-0.24
0.0,-0.27
0.0,-0.24
0.0,-0.24
0.0,-0.24
0.0,-0.26
0.0,-0.27
0.0,-0.29
0.0,-0.29
0.0,-0.26
0.0,-0.27
0.0,-0.27
0.0,-0.24
0.0,-0.24
0.0,-0.24
0.0,-0.24
0.0,-0.24
0.0,-0.24
0.0,-0.24
0.0,-0.24
0.0,-0.24
0.0,-0.24
0.0,-0.24
0.0,-0.24
0.0,-0.24
0.0,-0.24
0.0,-0.24
0.0,-0.24
0.0,-0.24
0.0,-0.24
0.0,-0.24
0.0,-0.24
0.0,-0.24
0.0,-0.24
0.0,-0.24
0.0,-0.27
0.0,-0.27
0.0,-0.24
0.0,-0.27
0.0,-0.24
0.0,-0.24
0.0,-0.24
0.0,-0.27
0.0,-0.27
0.0,-0.27
0.0,-0.26
0.0,0.26
0.0,1.26
0.0,3.81
0.4802860617637634,2.6
1.758887529373169,2.72
1.0743560791015625,6.12
3.9945902824401855,10.56
6.128118515014648,7.01
5.5828094482421875,4.76
5.653383255004883,7.35
7.9683146476745605,8.85
9.717891693115234,7.5
10.618955612182617,14.2
11.511382102966309,9.09
9.814085006713867,10.15
9.53973388671875,13.38
10.320572853088379,7.73
7.910350322723389,8.01
8.896493911743164,8.51
9.613748550415039,10.98
10.81415843963623,11.42
11.312346458435059,10.94
12.092202186584473,7.88
13.074854850769043,12.27
12.968613624572754,13.58
12.33268928527832,14.1
10.643701553344727,11.38
5.772141933441162,6.47
2.915417432785034,5.5
2.745821475982666,5.18
3.9478342533111572,4.1
2.944841146469116,1.52
1.1290316581726074,2.47
0.0,0.76
0.0,0.81
0.0,0.13
0.0,0.07
0.0,0.03
0.0,-0.34
0.0,-0.27
0.0,-0.27
0.0,-0.27
0.0,-0.27
0.0,-0.27
0.0,-0.29
0.0,-0.27
0.0,-0.27
0.0,-0.27
0.0,-0.27
0.0,-0.29
0.0,-0.31
0.0,-0.31
0.0,-0.31
0.0,-0.31
0.0,-0.29
0.0,-0.31
0.0,-0.31
0.0,-0.27
0.0,-0.27
0.0,-0.27
0.0,-0.27
0.0,-0.27
0.0,-0.27
0.0,-0.27
0.0,-0.27
0.0,-0.27
0.0,-0.27
0.0,-0.27
0.0,-0.27
0.0,-0.27
0.0,-0.27
0.0,-0.27
0.0,-0.27
0.0,-0.27
0.0,-0.27
0.0,-0.27
0.0,-0.27
0.0,-0.27
0.0,-0.27
0.0,-0.27
0.0,-0.27
0.0,-0.27
0.0,-0.27
0.0,-0.27
0.0,-0.27
0.0,-0.27
0.0,-0.27
0.0,-0.27
0.0,-0.27
0.0,-0.27
0.0,-0.27
0.0,-0.27
0.0,-0.27
0.0,-0.27
0.0,-0.27
0.0,-0.26
0.0,0.32
0.0,1.31
0.0,3.68
2.488868474960327,5.97
4.5483598709106445,6.45
7.135725021362305,9.2
9.258593559265137,9.59
11.020639419555664,9.61
11.212058067321777,11.78
13.11855697631836,13.29
13.421815872192383,13.17
13.854392051696777,14.86
15.074883460998535,11.68
15.32767105102539,13.26
15.988078117370605,14.88
17.028703689575195,15.24
16.13483238220215,15.29
16.101900100708008,14.82
14.947103500366211,13.47
13.15655517578125,11.3
11.276219367980957,9.78
11.543065071105957,8.54
9.185847282409668,7.3
9.384140014648438,7.35
7.947857856750488,5.12
5.811758518218994,5.72
5.489009380340576,4.46
4.587448596954346,3.57
2.812408447265625,3.42
3.46990966796875,2.74
3.3032119274139404,2.44
2.58695387840271,3.08
3.120098114013672,2.05
4.078507900238037,2.77
4.236054420471191,5.49
4.771444797515869,4.55
2.138770580291748,5.0
1.0486747026443481,0.5
0.0,-0.2
0.0,-0.29
0.0,-0.27
0.0,-0.27
0.0,-0.27
0.0,-0.27
0.0,-0.27
0.0,-0.27
0.0,-0.27
0.0,-0.27
0.0,-0.27
0.0,-0.27
0.0,-0.27
0.0,-0.27
0.0,-0.27
0.0,-0.27
0.0,-0.29
0.0,-0.29
0.0,-0.27
0.0,-0.27
0.0,-0.27
0.0,-0.24
0.0,-0.27
0.0,-0.27
0.0,-0.27
0.0,-0.27
0.0,-0.27
0.0,-0.27
0.0,-0.27
0.0,-0.27
0.0,-0.27
0.0,-0.27
0.0,-0.27
0.0,-0.27
0.0,-0.27
0.0,-0.27
0.0,-0.27
0.0,-0.27
0.0,-0.27
0.0,-0.27
0.0,-0.27
0.0,-0.27
0.0,-0.27
0.0,-0.27
0.0,-0.27
0.0,-0.27
0.0,-0.27
0.0,-0.27
0.0,-0.27
0.0,-0.27
0.0,-0.27
0.0,-0.27
0.0,-0.27
0.0,-0.27
0.0,-0.27
0.0,-0.27
0.0,-0.27
0.0,-0.27
0.0,-0.13
0.0,0.2
0.0,1.79
0.0,3.7
3.084263563156128,3.4799999999999995
5.194448471069336,4.93
9.497892379760742,7.22
13.875833511352539,14.92
18.025066375732422,17.23
18.765872955322266,19.71
20.327682495117188,19.65
18.139997482299805,21.19
17.882394790649414,15.78
16.080965042114258,14.22
15.926034927368164,15.7
14.348064422607422,13.91
11.82113265991211,8.99
12.03416633605957,10.44
12.11720085144043,10.52
10.898263931274414,8.3
9.964701652526855,8.12
8.086444854736328,8.04
8.230413436889648,6.06
7.809300899505615,5.99
7.248859405517578,7.04
8.00806999206543,5.06
6.157046318054199,4.67
4.153726577758789,4.56
5.64935302734375,3.65
3.18522047996521,3.84
4.825200080871582,3.72
2.5577938556671143,3.73
0.628850519657135,3.51
0.20059537887573242,2.23
0.0,1.64
0.0,1.22
0.0,0.42
0.0,0.0
0.0,-0.26
0.0,-0.31
0.0,-0.27
0.0,-0.27
0.0,-0.27
0.0,-0.27
0.0,-0.27
0.0,-0.27
0.0,-0.27
0.0,-0.27
0.0,-0.27
0.0,-0.27
0.0,-0.27
0.0,-0.27
0.0,-0.27
0.0,-0.27
0.0,-0.27
0.0,-0.29
0.0,-0.29
0.0,-0.27
0.0,-0.27
0.0,-0.27
0.0,-0.27
0.0,-0.27
0.0,-0.24
0.0,-0.27
0.0,-0.27
0.0,-0.27
0.0,-0.27
0.0,-0.24
0.0,-0.27
0.0,-0.27
0.0,-0.27
0.0,-0.27
0.0,-0.27
0.0,-0.27
0.0,-0.27
0.0,-0.27
0.0,-0.27
0.0,-0.27
0.0,-0.27
0.0,-0.27
0.0,-0.27
0.0,-0.27
0.0,-0.27
0.0,-0.27
0.0,-0.27
0.0,-0.27
0.0,-0.27
0.0,-0.27
0.0,-0.27
0.0,-0.27
0.0,-0.27
0.0,-0.27
0.0,-0.27
0.0,-0.24
0.0,-0.27
0.0,-0.27
0.0,-0.06
0.0,0.59
0.0,-0.01
0.0,0.44
0.7903057932853699,1.18
0.9402247667312622,1.85
1.0335766077041626,2.24
2.9204063415527344,3.85
5.4894208908081055,5.03
8.388127326965332,9.32
9.934465408325195,8.67
10.093488693237305,10.79
9.16024398803711,10.5
9.084541320800781,6.91
8.09095573425293,7.45
10.129647254943848,8.36
8.45461368560791,9.39
7.526919364929199,7.62
6.786684513092041,7.28
8.038744926452637,6.2
6.557979106903076,6.38
8.261112213134766,5.34
8.853607177734375,6.68
8.813925743103027,8.55
10.221039772033691,8.21
8.33696174621582,7.12
8.526500701904297,6.12
5.066732883453369,6.1
5.650656700134277,4.19
3.3181240558624268,2.54
0.8636375665664673,1.29
1.836498737335205,0.85
0.0,0.26
0.0,0.02
0.0,0.0
0.0,0.0
0.0,0.03
0.0,0.06
0.0,-0.19
0.0,-0.33
0.0,-0.27
0.0,-0.27
0.0,-0.27
0.0,-0.27
0.0,-0.27
0.0,-0.27
0.0,-0.27
0.0,-0.27
0.0,-0.27
0.0,-0.27
0.0,-0.27
0.0,-0.27
0.0,-0.27
0.0,-0.27
0.0,-0.27
0.0,-0.24
0.0,-0.27
0.0,-0.27
0.0,-0.27
0.0,-0.27
0.0,-0.27
0.0,-0.27
0.0,-0.27
0.0,-0.27
0.0,-0.27
0.0,-0.27
0.0,-0.27
0.0,-0.27
0.0,-0.27
0.0,-0.27
0.0,-0.27
0.0,-0.27
0.0,-0.27
0.0,-0.27
0.0,-0.27
0.0,-0.27
0.0,-0.27
0.0,-0.27
0.0,-0.27
0.0,-0.27
0.0,-0.27
0.0,-0.27
0.0,-0.27
0.0,-0.27
0.0,-0.27
0.0,-0.27
0.0,-0.27
0.0,-0.27
0.0,-0.27
0.0,-0.27
0.0,-0.27
0.0,-0.27
0.0,-0.27
0.0,-0.27
0.0,-0.27
0.0,-0.27
0.0,0.28
0.0,1.41
0.0,2.29
0.22686120867729187,2.99
2.168534755706787,4.11
4.69863224029541,6.89
6.655989170074463,9.16
10.465726852416992,11.71
12.206799507141113,13.44
11.617486000061035,13.77
14.11440658569336,15.08
14.946463584899902,15.01
16.559246063232422,17.17
18.532419204711914,18.04
18.771461486816406,19.99
17.797588348388672,19.68
16.46049690246582,17.86
16.9778995513916,16.33
15.13281536102295,14.82
13.494815826416016,12.64
11.350177764892578,12.24
10.38302993774414,11.13
11.245596885681152,10.04
11.096892356872559,9.88
10.358718872070312,9.18
9.438051223754883,8.61
11.096138000488281,8.93
9.62185001373291,8.5
7.082678318023682,8.35
7.4499945640563965,7.32
6.6178202629089355,6.35
3.1482675075531006,5.41
4.445312976837158,4.36
3.8378429412841797,3.4
1.8549087047576904,2.34
0.539052426815033,1.46
0.0,0.9
0.0,0.14
0.0,-0.25
0.0,-0.31
0.0,-0.27
0.0,-0.27
0.0,-0.27
0.0,-0.27
0.0,-0.27
0.0,-0.27
0.0,-0.27
0.0,-0.27
0.0,-0.27
0.0,-0.27
0.0,-0.27
0.0,-0.27
0.0,-0.27
0.0,-0.27
0.0,-0.27
0.0,-0.29
0.0,-0.29
0.0,-0.27
0.0,-0.29
0.0,-0.27
0.0,-0.27
0.0,-0.27
0.0,-0.27
0.0,-0.27
0.0,-0.27
0.0,-0.27
0.0,-0.27
0.0,-0.27
0.0,-0.27
0.0,-0.27
0.0,-0.24
0.0,-0.27
0.0,-0.27
0.0,-0.27
0.0,-0.27
0.0,-0.27
0.0,-0.27
0.0,-0.27
0.0,-0.27
0.0,-0.27
0.0,-0.24
0.0,-0.27
0.0,-0.27
0.0,-0.27
0.0,-0.27
0.0,-0.24
0.0,-0.24
0.0,-0.24
0.0,-0.24
0.0,-0.24
0.0,-0.24
0.0,-0.24
0.0,-0.24
0.0,-0.24
0.0,-0.27
0.0,-0.21
0.0,0.69
0.0,2.79
2.6716485023498535,5.79
8.702871322631836,9.7
12.480786323547363,13.93
20.015071868896484,19.22
25.299043655395508,24.8
32.02857208251953,31.1
38.326805114746094,37.38
43.720924377441406,43.81
46.22791290283203,48.4
47.2965087890625,50.79
43.223358154296875,53.2
38.40360641479492,42.43
32.16384506225586,30.56
30.739870071411133,34.82
31.35576820373535,27.62
30.84871482849121,27.36
31.89933967590332,32.34
34.9705924987793,35.96
35.23037338256836,39.66
35.44584274291992,32.19
31.755773544311523,34.25
33.22718048095703,27.46
31.079870223999023,34.68
27.277843475341797,28.41
22.700786590576172,24.33
17.41986846923828,22.42
9.339706420898438,7.73
5.48124885559082,5.89
5.081752777099609,4.7
4.567478656768799,4.42
2.57979154586792,3.8
3.2843034267425537,3.45
1.0409746170043945,3.33
0.0,2.66
0.0,1.26
0.0,0.58
0.0,-0.1
0.0,-0.27
0.0,-0.26
0.0,-0.24
0.0,-0.24
0.0,-0.24
0.0,-0.24
0.0,-0.24
0.0,-0.23
0.0,-0.24
0.0,-0.24
0.0,-0.24
0.0,-0.24
0.0,-0.24
0.0,-0.27
0.0,-0.24
0.0,-0.24
0.0,-0.24
0.0,-0.27
0.0,-0.27
0.0,-0.27
0.0,-0.24
0.0,-0.27
0.0,-0.24
0.0,-0.27
0.0,-0.27
0.0,-0.27
0.0,-0.24
0.0,-0.24
0.0,-0.24
0.0,-0.24
0.0,-0.24
0.0,-0.24
0.0,-0.24
0.0,-0.24
0.0,-0.24
0.0,-0.27
0.0,-0.24
0.0,-0.24
0.0,-0.27
0.0,-0.24
0.0,-0.27
0.0,-0.27
0.0,-0.27
0.0,-0.27
0.0,-0.27
0.0,-0.27
0.0,-0.27
0.0,-0.27
0.0,-0.27
0.0,-0.27
0.0,-0.27
0.0,-0.27
0.0,-0.27
0.0,-0.27
0.0,-0.27
0.0,-0.27
0.0,-0.18
0.0,1.05
0.2819629907608032,3.68
5.654138565063477,6.87
8.883649826049805,10.57
15.898612976074219,14.92
23.1246280670166,21.26
31.937986373901367,29.41
39.77421951293945,37.98
46.95845413208008,45.78
53.90079116821289,52.36
59.38676452636719,58.32
64.91010284423828,63.33
68.97651672363281,67.99
73.11988830566406,72.01
76.12805938720703,75.33
78.63008880615234,77.82
80.9962387084961,80.6
83.00027465820312,82.52
82.72500610351562,83.93
83.84672546386719,84.1
83.02052307128906,83.6
81.09928131103516,82.91
80.18022918701172,80.45
76.99623107910156,79.08
75.35127258300781,77.39
70.52387237548828,74.4
67.18547821044922,70.18
61.27701187133789,66.85
55.025489807128906,61.13
50.239864349365234,54.21
43.41857147216797,47.47
34.6164665222168,39.95
26.73700714111328,31.24
16.78792381286621,21.94
11.761980056762695,15.25
4.785495758056641,10.74
3.041250467300415,7.1
0.0,2.25
0.0,0.78
0.0,-0.06
0.0,-0.27
0.0,-0.24
0.0,-0.24
0.0,-0.24
0.0,-0.24
0.0,-0.24
0.0,-0.24
0.0,-0.24
0.0,-0.24
0.0,-0.24
0.0,-0.24
0.0,-0.24
0.0,-0.24
0.0,-0.24
0.0,-0.24
0.0,-0.24
0.0,-0.24
0.0,-0.27
0.0,-0.27
0.0,-0.24
0.0,-0.24
0.0,-0.24
0.0,-0.24
0.0,-0.24
0.0,-0.24
0.0,-0.24
0.0,-0.24
0.0,-0.24
0.0,-0.24
0.0,-0.24
0.0,-0.24
0.0,-0.24
0.0,-0.24
0.0,-0.24
0.0,-0.24
0.0,-0.24
0.0,-0.24
0.0,-0.24
0.0,-0.24
0.0,-0.24
0.0,-0.24
0.0,-0.24
0.0,-0.24
0.0,-0.24
0.0,-0.24
0.0,-0.24
0.0,-0.24
0.0,-0.24
0.0,-0.24
0.0,-0.24
0.0,-0.24
0.0,-0.24
0.0,-0.23
0.0,-0.24
0.0,-0.27
0.0,-0.27
0.0,0.13
0.0,1.53
0.4682825207710266,3.32
3.384141445159912,8.04
8.026326179504395,12.78
7.609082221984863,13.63
8.811245918273926,9.7
6.274751663208008,9.69
5.175542831420898,9.37
6.871506690979004,8.48
7.2155656814575195,8.28
8.547037124633789,7.29
7.768571853637695,5.52
9.73673152923584,12.93
11.361217498779297,14.52
8.592291831970215,9.96
7.49551248550415,5.01
3.8177263736724854,6.38
7.116050720214844,5.01
6.533278465270996,5.64
7.918389320373535,7.11
8.892248153686523,9.96
9.017769813537598,7.01
6.72091817855835,7.45
5.198274612426758,5.88
6.710355758666992,6.78
5.0069169998168945,6.97
6.469268321990967,5.88
6.147755146026611,5.44
3.5677661895751953,6.68
3.196826219558716,5.56
0.3599831759929657,3.69
0.0,2.06
0.0,1.5
0.0,1.05
0.0,0.49
0.0,0.07
0.0,-0.07
0.0,-0.2
0.0,-0.29
0.0,-0.24
0.0,-0.24
0.0,-0.24
0.0,-0.24
0.0,-0.24
0.0,-0.24
0.0,-0.23
0.0,-0.24
0.0,-0.24
0.0,-0.24
0.0,-0.24
0.0,-0.24
0.0,-0.24
0.0,-0.24
0.0,-0.24
0.0,-0.24
0.0,-0.24
0.0,-0.24
0.0,-0.24
0.0,-0.24
0.0,-0.24
0.0,-0.24
0.0,-0.24
0.0,-0.27
0.0,-0.24
0.0,-0.24
0.0,-0.24
0.0,-0.24
0.0,-0.24
0.0,-0.24
0.0,-0.24
0.0,-0.24
0.0,-0.24
0.0,-0.24
0.0,-0.24
0.0,-0.24
0.0,-0.24
0.0,-0.24
0.0,-0.24
0.0,-0.24
0.0,-0.24
0.0,-0.24
0.0,-0.24
0.0,-0.24
0.0,-0.24
0.0,-0.24
0.0,-0.24
0.0,-0.24
0.0,-0.24
0.0,-0.24
0.0,-0.24
0.0,-0.24
0.0,-0.24
0.0,-0.24
0.0,-0.27
0.0,-0.27
0.0,0.09
0.0,1.59
0.0,2.93
0.0,4.31
1.5096527338027954,3.81
3.3839406967163086,4.29
5.691720008850098,6.93
6.844913005828857,8.62
10.164804458618164,11.06
12.5200834274292,11.89
14.628554344177246,14.18
16.601835250854492,17.51
18.13568115234375,21.04
18.42456817626953,18.11
16.81488800048828,17.65
18.283689498901367,16.93
19.848520278930664,19.42
21.84598731994629,22.81
22.639755249023438,21.64
22.841659545898438,22.04
20.658435821533203,20.54
20.514888763427734,18.98
20.31900405883789,22.59
19.840166091918945,20.54
16.414440155029297,17.92
14.962374687194824,15.16
12.55649471282959,11.76
12.10130500793457,12.84
13.787912368774414,14.55
16.119403839111328,17.31
16.036964416503906,16.83
16.028308868408203,15.71
12.494919776916504,11.98
10.424524307250977,16.0
7.660510063171387,9.54
1.8657417297363281,5.09
0.0,2.17
0.0,0.8
0.0,0.61
0.0,-0.24
0.0,-0.31
0.0,-0.24
0.0,-0.24
0.0,-0.24
0.0,-0.24
0.0,-0.24
0.0,-0.24
0.0,-0.24
0.0,-0.24
0.0,-0.24
0.0,-0.24
0.0,-0.27
0.0,-0.24
0.0,-0.24
0.0,-0.24
0.0,-0.24
0.0,-0.24
0.0,-0.24
0.0,-0.24
0.0,-0.24
0.0,-0.24
0.0,-0.24
0.0,-0.24
0.0,-0.24
0.0,-0.24
0.0,-0.24
0.0,-0.24
0.0,-0.24
0.0,-0.24
0.0,-0.24
0.0,-0.24
0.0,-0.24
0.0,-0.24
0.0,-0.24
0.0,-0.24
0.0,-0.24
0.0,-0.24
0.0,-0.24
0.0,-0.24
0.0,-0.24
0.0,-0.24
0.0,-0.24
0.0,-0.24
0.0,-0.24
0.0,-0.24
0.0,-0.24
0.0,-0.24
0.0,-0.24
0.0,-0.24
0.0,-0.27
0.0,-0.27
0.0,-0.24
0.0,-0.24
0.0,-0.27
0.0,-0.27
0.0,-0.23
0.0,1.28
0.5055644512176514,3.22
3.5883562564849854,5.44
9.904080390930176,8.54
19.137248992919922,13.85
29.47201156616211,23.24
40.62873077392578,36.71
51.84852981567383,49.47
60.49245834350586,59.13
67.68571472167969,66.37
74.00048828125,72.97
79.20667266845703,78.85
83.06070709228516,82.97
85.56318664550781,86.37
88.68757629394531,88.52
92.46197509765625,90.31
94.64901733398438,91.47
93.24027252197266,92.01
88.18523406982422,92.71
76.80583190917969,92.82
60.2790412902832,74.7
39.33274841308594,17.85
20.693513870239258,20.99
21.73436164855957,21.3
17.958799362182617,18.98
15.6561279296875,15.41
13.45334243774414,11.08
11.154132843017578,9.83
11.142203330993652,8.77
7.794282913208008,8.27
9.408616065979004,7.53
6.913488388061523,7.53
7.5715460777282715,6.81
5.222366809844971,6.2
3.3456332683563232,5.1
4.267467975616455,4.23
0.735978364944458,2.98
0.03211941570043564,1.89
0.0,0.53
0.0,-0.09
0.0,-0.29
0.0,-0.24
0.0,-0.24
0.0,-0.24
0.0,-0.24
0.0,-0.24
0.0,-0.24
0.0,-0.24
0.0,-0.24
0.0,-0.24
0.0,-0.24
0.0,-0.24
0.0,-0.24
0.0,-0.27
0.0,-0.26
0.0,-0.26
0.0,-0.29
0.0,-0.29
0.0,-0.24
0.0,-0.24
0.0,-0.24
0.0,-0.24
0.0,-0.24
0.0,-0.24
0.0,-0.24
0.0,-0.24
0.0,-0.24
0.0,-0.24
0.0,-0.24
0.0,-0.24
0.0,-0.24
0.0,-0.24
0.0,-0.24
0.0,-0.24
0.0,-0.24
0.0,-0.27
0.0,-0.27
0.0,-0.27
0.0,-0.27
0.0,-0.27
0.0,-0.24
0.0,-0.24
0.0,-0.24
0.0,-0.27
0.0,-0.27
0.0,-0.27
0.0,-0.24
0.0,-0.24
0.0,-0.24
0.0,-0.24
0.0,-0.24
0.0,-0.24
0.0,-0.24
0.0,-0.24
0.0,-0.27
0.0,-0.25
0.0,0.9
0.0,3.34
3.6140787601470947,4.72
8.881487846374512,7.7
16.750690460205078,13.23
26.596630096435547,22.27
36.803829193115234,35.15
47.601287841796875,48.69
55.36294174194336,53.11
62.131591796875,47.61
68.7883071899414,72.01
77.6799545288086,77.02
81.4596939086914,81.87
86.08910369873047,86.55
88.40306091308594,91.03
87.22945404052734,91.3
81.8482666015625,93.28
77.84683227539062,94.29
70.1710433959961,96.25
60.45883560180664,38.0
52.89894485473633,42.56
57.8948860168457,62.79
61.70505905151367,84.15
53.33663558959961,52.84
37.905601501464844,40.43
29.231367111206055,40.05
21.846620559692383,17.35
13.686277389526367,15.81
13.646926879882812,14.82
11.097738265991211,11.35
9.841039657592773,9.36
6.010227680206299,7.12
4.487375736236572,6.14
1.5517959594726562,4.46
0.9231342673301697,3.34
0.7762667536735535,2.17
0.5273414254188538,1.34
0.0,0.78
0.0,-0.01
0.0,-0.27
0.0,-0.27
0.0,-0.24
0.0,-0.24
0.0,-0.24
0.0,-0.24
0.0,-0.24
0.0,-0.24
0.0,-0.24
0.0,-0.24
0.0,-0.24
0.0,-0.24
0.0,-0.24
0.0,-0.27
0.0,-0.27
0.0,-0.26
0.0,-0.26
0.0,-0.29
0.0,-0.29
0.0,-0.29
0.0,-0.29
0.0,-0.29
0.0,-0.27
0.0,-0.29
0.0,-0.29
0.0,-0.24
0.0,-0.24
0.0,-0.24
0.0,-0.24
0.0,-0.24
0.0,-0.24
0.0,-0.27
0.0,-0.24
0.0,-0.24
0.0,-0.24
0.0,-0.24
0.0,-0.24
0.0,-0.24
0.0,-0.27
0.0,-0.27
0.0,-0.27
0.0,-0.27
0.0,-0.27
0.0,-0.27
0.0,-0.27
0.0,-0.27
0.0,-0.27
0.0,-0.27
0.0,-0.27
0.0,-0.27
0.0,-0.27
0.0,-0.27
0.0,-0.27
0.0,-0.24
0.0,-0.24
0.0,-0.24
0.0,-0.24
0.0,-0.27
0.0,0.01
0.0,0.41
0.0,1.01
0.0,1.97
2.39209246635437,2.8
3.075277328491211,6.03
4.491992950439453,8.58
5.796717643737793,8.61
8.219505310058594,10.7
9.533865928649902,11.31
12.39967155456543,10.85
14.148421287536621,13.82
18.043806076049805,16.49
21.31698989868164,20.55
22.839265823364258,24.19
23.86566925048828,26.74
24.68167495727539,24.02
23.782867431640625,23.26
23.072660446166992,20.18
23.817445755004883,21.96
24.916248321533203,29.22
24.06339454650879,22.65
23.19688606262207,19.47
22.984556198120117,23.17
21.206893920898438,23.41
20.56205177307129,23.22
17.276018142700195,13.73
11.045377731323242,14.22
9.147435188293457,9.88
9.146224975585938,8.25
8.108182907104492,6.93
4.383517265319824,5.95
4.232448101043701,5.64
4.515244007110596,4.2
0.014460347592830658,3.24
0.0,1.6
0.0,0.33
0.0,-0.02
0.0,-0.27
0.0,-0.24
0.0,-0.24
0.0,-0.24
0.0,-0.24
0.0,-0.24
0.0,-0.24
0.0,-0.24
0.0,-0.24
0.0,-0.24
0.0,-0.24
0.0,-0.24
0.0,-0.24
0.0,-0.24
0.0,-0.24
0.0,-0.24
0.0,-0.27
0.0,-0.27
0.0,-0.24
0.0,-0.24
0.0,-0.24
0.0,-0.24
0.0,-0.24
0.0,-0.24
0.0,-0.24
0.0,-0.24
0.0,-0.24
0.0,-0.24
0.0,-0.24
0.0,-0.24
0.0,-0.24
0.0,-0.24
0.0,-0.24
0.0,-0.24
0.0,-0.24
0.0,-0.24
0.0,-0.24
0.0,-0.24
0.0,-0.24
0.0,-0.24
0.0,-0.24
0.0,-0.24
0.0,-0.24
0.0,-0.24
0.0,-0.24
0.0,-0.24
0.0,-0.24
0.0,-0.24
0.0,-0.24
0.0,-0.24
0.0,-0.24
0.0,-0.24
0.0,-0.24
0.0,-0.23
0.0,-0.24
0.0,-0.24
0.0,-0.24
0.0,-0.09
0.0,0.53
0.0,1.18
0.0,3.6
2.4133071899414062,5.18
3.1658055782318115,7.26
7.08334493637085,8.86
7.815338134765625,10.64
8.431187629699707,10.32
9.722740173339844,10.36
11.083770751953125,11.58
11.386356353759766,12.8
15.328402519226074,16.56
15.574692726135254,16.53
18.057992935180664,17.75
20.47421646118164,20.05
20.965282440185547,23.06
19.1127986907959,23.25
16.9885311126709,18.7
14.097738265991211,15.24
13.811356544494629,14.07
15.159518241882324,14.3
14.676313400268555,15.1
13.970197677612305,13.58
14.437873840332031,13.87
12.084344863891602,13.82
14.64724349975586,13.919999999999998
11.34988021850586,13.46
11.294879913330078,13.18
10.55924129486084,12.95
9.2360258102417,10.75
7.460943222045898,7.83
4.554808616638184,6.64
4.67074728012085,7.49
4.304142951965332,5.13
1.0510560274124146,2.72
0.0,1.16
0.0,0.27
0.0,-0.12
0.0,-0.33
0.0,-0.34
0.0,-0.24
0.0,-0.24
0.0,-0.24
0.0,-0.24
0.0,-0.24
0.0,-0.24
0.0,-0.24
0.0,-0.27
0.0,-0.24
0.0,-0.24
0.0,-0.24
0.0,-0.24
0.0,-0.24
0.0,-0.24
0.0,-0.24
0.0,-0.24
0.0,-0.24
0.0,-0.24
0.0,-0.24
0.0,-0.24
0.0,-0.24
0.0,-0.24
0.0,-0.24
0.0,-0.24
0.0,-0.24
0.0,-0.24
0.0,-0.24
0.0,-0.24
0.0,-0.24
0.0,-0.24
0.0,-0.24
0.0,-0.24
0.0,-0.24
0.0,-0.24
0.0,-0.24
0.0,-0.24
0.0,-0.24
0.0,-0.24
0.0,-0.24
0.0,-0.24
0.0,-0.24
0.0,-0.24
0.0,-0.24
0.0,-0.24
0.0,-0.24
0.0,-0.24
0.0,-0.24
0.0,-0.24
0.0,-0.24
0.0,-0.24
0.0,-0.24
0.0,-0.24
0.0,-0.24
0.0,-0.27
0.0,-0.27
0.0,0.45
0.0,2.47
0.2389209270477295,5.13
4.823048114776611,7.86
11.07670783996582,11.72
16.930118560791016,17.09
24.990575790405273,23.1
33.19975280761719,31.65
38.9232292175293,38.63
45.272117614746094,45.09
51.432559967041016,51.21
56.70439910888672,56.01
60.82229232788086,60.26
64.81937408447266,64.69
67.18864440917969,67.4
69.97468566894531,70.45
71.74589538574219,73.25
73.46865844726562,74.62
72.42160034179688,75.53
72.822509765625,77.05
72.07972717285156,76.02
72.99867248535156,74.84
69.97161865234375,72.64
66.94419860839844,70.47
64.858154296875,67.97
60.2593994140625,65.29
55.88938522338867,61.58
50.34278106689453,54.0
45.96700668334961,51.43
35.56032180786133,45.82
29.454418182373047,39.36
20.127592086791992,11.84
11.619853973388672,14.47
8.539559364318848,11.26
5.0746917724609375,8.91
3.466715097427368,5.29
1.715734601020813,3.59
0.0,2.76
0.0,0.71
0.0,-0.1
0.0,-0.27
0.0,-0.24
0.0,-0.24
0.0,-0.24
0.0,-0.24
0.0,-0.24
0.0,-0.24
0.0,-0.24
0.0,-0.24
0.0,-0.24
0.0,-0.24
0.0,-0.24
0.0,-0.24
0.0,-0.24
0.0,-0.24
0.0,-0.24
0.0,-0.24
0.0,-0.24
0.0,-0.24
0.0,-0.24
0.0,-0.24
0.0,-0.24
0.0,-0.24
0.0,-0.24
0.0,-0.24
0.0,-0.24
0.0,-0.24
0.0,-0.24
0.0,-0.24
0.0,-0.24
0.0,-0.24
0.0,-0.24
0.0,-0.24
0.0,-0.24
0.0,-0.24
0.0,-0.24
0.0,-0.24
0.0,-0.24
0.0,-0.24
0.0,-0.24
0.0,-0.24
0.0,-0.24
0.0,-0.24
0.0,-0.24
0.0,-0.24
0.0,-0.24
0.0,-0.24
0.0,-0.24
0.0,-0.24
0.0,-0.24
0.0,-0.24
0.0,-0.24
0.0,-0.24
0.0,-0.24
0.0,-0.27
0.0,-0.27
0.0,0.52
0.0,2.68
3.862208366394043,4.99
7.585659503936768,7.86
14.916475296020508,12.02
22.853612899780273,18.84
33.01374053955078,28.89
41.41908645629883,39.11
49.53380584716797,47.68
56.01948547363281,55.02
61.842567443847656,60.91
66.9697265625,65.72
72.2608413696289,70.24
75.40150451660156,73.86
78.57852935791016,77.1
81.05602264404297,79.67
83.22293853759766,81.45
84.75715637207031,83.06
86.27938079833984,84.16
85.7448501586914,84.94
86.09083557128906,85.58
85.46292877197266,84.58
83.02716064453125,82.88
80.65958404541016,80.76
76.34893035888672,77.69
74.25947570800781,74.67
70.41102600097656,69.87
66.63227844238281,66.05
61.47602844238281,60.92
54.882728576660156,54.6
48.102230072021484,48.62
41.117652893066406,42.14
32.437007904052734,33.56
23.289485931396484,24.15
15.149001121520996,15.98
12.354982376098633,11.03
6.995861530303955,7.68
4.7099528312683105,4.89
0.0,2.41
0.0,0.33
0.0,-0.27
0.0,-0.27
0.0,-0.24
0.0,-0.24
0.0,-0.23
0.0,-0.24
0.0,-0.24
0.0,-0.23
0.0,-0.24
0.0,-0.24
0.0,-0.24
0.0,-0.24
0.0,-0.24
0.0,-0.24
0.0,-0.24
0.0,-0.24
0.0,-0.24
0.0,-0.24
0.0,-0.24
0.0,-0.24
0.0,-0.24
0.0,-0.24
0.0,-0.24
0.0,-0.24
0.0,-0.24
0.0,-0.24
0.0,-0.24
0.0,-0.24
0.0,-0.24
0.0,-0.24
0.0,-0.24
0.0,-0.24
0.0,-0.24
0.0,-0.24
0.0,-0.24
0.0,-0.24
0.0,-0.24
0.0,-0.24
0.0,-0.24
0.0,-0.24
0.0,-0.24
0.0,-0.24
0.0,-0.24
0.0,-0.24
0.0,-0.24
0.0,-0.24
0.0,-0.24
0.0,-0.24
0.0,-0.24
0.0,-0.24
0.0,-0.24
0.0,-0.24
0.0,-0.24
0.0,-0.24
0.0,-0.24
0.0,-0.23
0.0,0.48
1.277479887008667,1.62
4.2501606941223145,5.31
9.644445419311523,9.02
14.199891090393066,17.23
21.17162322998047,24.14
26.264190673828125,13.0
32.407310485839844,34.16
42.119083404541016,47.04
46.06695556640625,40.42
49.71058654785156,56.42
53.326358795166016,47.9
54.217491149902344,71.08
56.58890151977539,34.88
56.61494064331055,58.21
64.5036392211914,82.95
65.8552474975586,51.25
62.03300857543945,62.29
66.15509033203125,72.47
68.69377136230469,76.76
66.6957778930664,52.61
66.1723861694336,65.63
71.51775360107422,77.2
72.2471694946289,74.21
69.7537841796875,72.09
67.23950958251953,69.54
62.130615234375,66.96
59.57788848876953,63.19
53.16341018676758,58.91
46.53152847290039,53.36
38.2867431640625,44.55
30.940834045410156,25.26
22.09750747680664,28.44
17.027751922607422,16.55
8.370190620422363,9.68
7.021556377410889,7.53
3.8552277088165283,5.53
1.249990701675415,6.56
0.0,1.64
0.0,0.43
0.0,-0.25
0.0,-0.24
0.0,-0.24
0.0,-0.24
0.0,-0.23
0.0,-0.24
0.0,-0.24
0.0,-0.24
0.0,-0.24
0.0,-0.24
0.0,-0.24
0.0,-0.24
0.0,-0.24
0.0,-0.24
0.0,-0.24
0.0,-0.24
0.0,-0.24
0.0,-0.24
0.0,-0.24
0.0,-0.24
0.0,-0.24
0.0,-0.24
0.0,-0.24
0.0,-0.24
0.0,-0.24
0.0,-0.24
0.0,-0.24
0.0,-0.24
0.0,-0.24
0.0,-0.24
0.0,-0.24
0.0,-0.24
0.0,-0.24
0.0,-0.24
0.0,-0.24
0.0,-0.24
0.0,-0.24
0.0,-0.24
0.0,-0.24
0.0,-0.24
0.0,-0.27
0.0,-0.24
0.0,-0.24
0.0,-0.24
0.0,-0.24
0.0,-0.24
0.0,-0.24
0.0,-0.27
0.0,-0.24
0.0,-0.24
0.0,-0.24
0.0,-0.24
0.0,-0.24
0.0,-0.24
0.0,-0.24
0.0,-0.24
0.0,-0.27
0.0,-0.03
0.0,0.74
0.0,1.71
0.58485347032547,3.51
3.628038167953491,5.78
6.214747428894043,7.5
10.360319137573242,9.12
11.356554985046387,11.880000000000003
13.737154006958008,15.19
15.86497974395752,20.05
18.16253662109375,16.02
23.10643768310547,26.63
32.154144287109375,18.71
38.347591400146484,26.17
49.212772369384766,40.68
59.09492492675781,73.1
65.31944274902344,76.7
62.65163040161133,59.13
60.727745056152344,34.57
64.51769256591797,77.85
73.97960662841797,73.18
71.64298248291016,71.04
69.72598266601562,69.37
67.2469482421875,66.58
64.8314437866211,62.06
58.8670768737793,59.47
55.29753875732422,52.92
50.16579055786133,48.92
44.098209381103516,43.41
37.331260681152344,42.06
29.742706298828125,18.84
21.433340072631836,33.81
18.956199645996094,11.62
9.953120231628418,11.72
8.885540008544922,7.96
5.095568656921387,8.47
5.204697132110596,5.13
0.07871322333812714,2.29
0.0,1.18
0.24675525724887848,-0.19
0.0,-0.23
0.0,-0.23
0.0,-0.24
0.0,-0.23
0.0,-0.24
0.0,-0.24
0.0,-0.24
0.0,-0.24
0.0,-0.24
0.0,-0.24
0.0,-0.24
0.0,-0.24
0.0,-0.24
0.0,-0.24
0.0,-0.24
0.0,-0.24
0.0,-0.24
0.0,-0.24
0.0,-0.24
0.0,-0.24
0.0,-0.24
0.0,-0.24
0.0,-0.24
0.0,-0.24
0.0,-0.24
0.0,-0.24
0.0,-0.24
0.0,-0.24
0.0,-0.24
0.0,-0.24
0.0,-0.24
0.0,-0.24
0.0,-0.24
0.0,-0.24
0.0,-0.27
0.0,-0.24
0.0,-0.24
0.0,-0.24
0.0,-0.24
0.0,-0.24
0.0,-0.24
0.0,-0.24
0.0,-0.24
0.0,-0.24
0.0,-0.24
0.0,-0.24
0.0,-0.24
0.0,-0.24
0.0,-0.24
0.0,-0.24
0.0,-0.24
0.0,-0.24
0.0,-0.24
0.0,-0.24
0.0,-0.27
0.0,0.35
0.0,2.44
4.922846794128418,9.08
8.080917358398438,7.8
12.657217979431152,11.59
19.253313064575195,16.96
26.999433517456055,25.11
36.0426025390625,35.49
44.94173049926758,37.53
52.40160369873047,50.86
60.15454864501953,60.36
65.84807586669922,64.31
68.72345733642578,68.98
72.45685577392578,73.72
73.65877532958984,75.03
74.32516479492188,77.83
76.59906768798828,82.38
74.98998260498047,66.81
75.57677459716797,82.93
76.74910736083984,83.06
75.58589935302734,66.03
72.96162414550781,79.64
75.32971954345703,77.93
73.36463165283203,76.86
69.94165802001953,73.51
65.63843536376953,70.9
62.06298828125,66.64
58.3822021484375,60.99
55.2624626159668,58.0
51.243629455566406,52.67
44.22888946533203,47.88
37.389617919921875,41.84
31.28155517578125,34.64
24.737995147705078,24.86
16.55279541015625,16.49
8.462440490722656,11.49
6.6755218505859375,7.87
4.079153537750244,5.1
3.135103464126587,2.73
0.0,0.64
0.0,-0.25
0.0,-0.27
0.0,-0.24
0.0,-0.24
0.0,-0.23
0.0,-0.24
0.0,-0.23
0.0,-0.24
0.0,-0.24
0.0,-0.24
0.0,-0.24
0.0,-0.24
0.0,-0.24
0.0,-0.24
0.0,-0.24
0.0,-0.24
0.0,-0.24
0.0,-0.24
0.0,-0.24
0.0,-0.24
0.0,-0.24
0.0,-0.24
0.0,-0.24
0.0,-0.24
0.0,-0.24
0.0,-0.24
0.0,-0.24
0.0,-0.24
0.0,-0.24
0.0,-0.24
0.0,-0.24
0.0,-0.24
0.0,-0.24
0.0,-0.24
0.0,-0.24
0.0,-0.24
0.0,-0.24
0.0,-0.24
0.0,-0.24
0.0,-0.24
0.0,-0.24
0.0,-0.24
0.0,-0.24
0.0,-0.24
0.0,-0.24
0.0,-0.24
0.0,-0.24
0.0,-0.24
0.0,-0.24
0.0,-0.24
0.0,-0.24
0.0,-0.24
0.0,-0.24
0.0,-0.24
0.0,-0.24
0.0,-0.27
0.0,0.26
0.0,1.52
1.8693710565567017,3.4
6.499398231506348,7.29
11.100166320800781,11.35
15.903050422668457,18.35
20.990129470825195,16.65
26.916955947875977,29.74
34.14664077758789,26.840000000000003
40.92885208129883,43.98
49.45970153808594,45.5
55.38895034790039,48.78
62.73722457885742,65.3
67.8916015625,68.62
70.67310333251953,70.12
71.54492950439453,71.53
72.87723541259766,72.32
74.36714172363281,73.99
75.21617126464844,75.39
76.05664825439453,76.14
74.43232727050781,76.35
74.44621276855469,75.65
71.92725372314453,73.78
72.18978118896484,72.48
70.19633483886719,69.52
67.64324951171875,66.36
62.140533447265625,63.74
55.14133834838867,59.89
43.45779037475586,54.09
31.1887149810791,29.06
18.986209869384766,17.26
10.600382804870605,13.66
8.300411224365234,8.31
4.8035383224487305,5.37
3.7899909019470215,3.24
0.7572792768478394,2.13
0.9702632427215576,1.15
0.0,0.61
0.0,0.03
0.0,-0.26
0.0,-0.36
0.0,-0.24
0.0,-0.24
0.0,-0.24
0.0,-0.24
0.0,-0.24
0.0,-0.24
0.0,-0.24
0.0,-0.27
0.0,-0.24
0.0,-0.24
0.0,-0.24
0.0,-0.27
0.0,-0.27
0.0,-0.24
0.0,-0.26
0.0,-0.29
0.0,-0.29
0.0,-0.24
0.0,-0.24
0.0,-0.24
0.0,-0.24
0.0,-0.24
0.0,-0.24
0.0,-0.24
0.0,-0.24
0.0,-0.24
0.0,-0.24
0.0,-0.24
0.0,-0.24
0.0,-0.24
0.0,-0.24
0.0,-0.24
0.0,-0.24
0.0,-0.27
0.0,-0.27
0.0,-0.27
0.0,-0.27
0.0,-0.27
0.0,-0.27
0.0,-0.27
0.0,-0.27
0.0,-0.27
0.0,-0.27
0.0,-0.27
0.0,-0.27
0.0,-0.27
0.0,-0.27
0.0,-0.27
0.0,-0.27
0.0,-0.27
0.0,-0.27
0.0,-0.27
0.0,-0.27
0.0,-0.27
0.0,-0.27
0.0,-0.27
0.0,-0.02
0.0,0.06
0.0,0.53
0.0,1.08
0.3935370445251465,1.13
0.0,1.67
1.0728014707565308,2.05
2.315019130706787,2.87
3.0954484939575195,3.56
4.90009880065918,4.99
5.509450435638428,3.37
5.2381792068481445,5.38
7.774653434753418,7.01
8.637216567993164,7.75
6.827332973480225,8.65
7.688729286193848,6.0
8.760249137878418,6.2
7.876582622528076,6.63
9.699020385742188,7.6
7.67021369934082,7.72
9.629270553588867,7.24
7.850978374481201,6.48
8.310836791992188,5.44
8.842281341552734,7.56
9.484586715698242,9.01
9.067960739135742,6.68
6.841388702392578,6.15
8.852131843566895,8.13
7.0741286277771,6.85
4.927518367767334,4.78
4.669532299041748,2.51
3.225872039794922,2.39
2.2130088806152344,1.68
1.6691044569015503,1.58
1.1777849197387695,1.5
0.0,0.57
0.0,0.04
0.0,-0.18
0.0,-0.29
0.0,-0.27
0.0,-0.27
0.0,-0.27
0.0,-0.27
0.0,-0.27
0.0,-0.27
0.0,-0.27
0.0,-0.27
0.0,-0.27
0.0,-0.27
0.0,-0.29
0.0,-0.27
0.0,-0.29
0.0,-0.27
0.0,-0.29
0.0,-0.29
0.0,-0.29
0.0,-0.27
0.0,-0.27
0.0,-0.27
0.0,-0.27
0.0,-0.27
0.0,-0.27
0.0,-0.27
0.0,-0.27
0.0,-0.27
0.0,-0.27
0.0,-0.27
0.0,-0.27
0.0,-0.27
0.0,-0.27
0.0,-0.27
0.0,-0.27
0.0,-0.27
0.0,-0.27
0.0,-0.27
0.0,-0.27
0.0,-0.27
0.0,-0.27
0.0,-0.27
0.0,-0.27
0.0,-0.27
0.0,-0.27
0.0,-0.27
0.0,-0.27
0.0,-0.27
0.0,-0.27
0.0,-0.27
0.0,-0.27
0.0,-0.27
0.0,-0.27
0.0,-0.27
0.0,-0.27
0.0,-0.27
0.0,-0.27
0.0,-0.27
0.0,0.07
0.0,1.26
0.0,3.24
3.882603168487549,5.71
8.068985939025879,8.96
13.369303703308105,13.25
20.075794219970703,19.04
27.823488235473633,26.2
34.381168365478516,33.76
41.05526351928711,40.76
46.99336242675781,47.26
53.3005256652832,52.64
56.40779495239258,56.87
61.07655334472656,60.15
63.186729431152344,62.75
66.37157440185547,65.53
68.86827850341797,69.31
70.01486206054688,71.4
71.24400329589844,72.23
71.39119720458984,72.64
71.81001281738281,74.14
71.99662017822266,74.34
69.91414642333984,74.12
70.00252532958984,71.94
67.46272277832031,70.84
67.53588104248047,70.12
64.9891586303711,65.52
60.76060104370117,63.05
55.475860595703125,58.55
50.02424621582031,53.92
43.77590560913086,48.04
34.519073486328125,41.31
28.6850528717041,33.95
22.103294372558594,24.15
12.825278282165527,16.67
7.7303266525268555,11.54
4.103775501251221,8.1
1.8810787200927734,5.32
0.9211215972900391,2.77
0.48967495560646057,0.66
0.0,-0.2
0.0,-0.27
0.0,-0.24
0.0,-0.24
0.0,-0.24
0.0,-0.24
0.0,-0.23
0.0,-0.24
0.0,-0.24
0.0,-0.24
0.0,-0.24
0.0,-0.24
0.0,-0.24
0.0,-0.24
0.0,-0.24
0.0,-0.24
0.0,-0.24
0.0,-0.24
0.0,-0.24
0.0,-0.24
0.0,-0.23
0.0,-0.24
0.0,-0.24
0.0,-0.24
0.0,-0.24
0.0,-0.24
0.0,-0.24
0.0,-0.24
0.0,-0.24
0.0,-0.24
0.0,-0.23
0.0,-0.24
0.0,-0.24
0.0,-0.24
0.0,-0.24
0.0,-0.24
0.0,-0.24
0.0,-0.24
0.0,-0.24
0.0,-0.24
0.0,-0.24
0.0,-0.24
0.0,-0.24
0.0,-0.24
0.0,-0.24
0.0,-0.24
0.0,-0.24
0.0,-0.24
0.0,-0.23
0.0,-0.24
0.0,-0.24
0.0,-0.24
0.0,-0.24
0.0,-0.24
0.0,-0.23
0.0,-0.23
0.0,0.01
0.0,4.57
1.7591941356658936,8.75
4.299351215362549,4.87
8.374431610107422,5.85
13.92180347442627,13.62
20.248119354248047,20.82
26.2623233795166,25.97
29.577159881591797,32.77
33.83599090576172,36.67
37.86262130737305,38.25
40.37202835083008,22.75
46.04338455200195,51.71
56.12793731689453,57.01
58.049251556396484,61.29
58.110389709472656,50.66
57.77840805053711,65.16
59.01604461669922,66.17
57.73579788208008,51.38
55.78956985473633,46.57
58.69648742675781,61.79
62.807960510253906,66.51
62.58620071411133,62.84
58.05461502075195,62.33
56.858619689941406,49.27
55.51959991455078,58.18
53.766326904296875,55.58
48.94122314453125,48.37
40.279624938964844,46.17
33.16887283325195,38.09
24.285011291503906,25.2
15.534217834472656,13.43
10.897965431213379,11.33
7.871551990509033,8.0
5.159653186798096,6.31
2.0655875205993652,2.61
1.7489789724349976,2.07
0.0,0.04
0.0,0.01
0.0,-0.26
0.0,-0.31
0.0,-0.24
0.0,-0.24
0.0,-0.24
0.0,-0.24
0.0,-0.24
0.0,-0.24
0.0,-0.24
0.0,-0.24
0.0,-0.24
0.0,-0.24
0.0,-0.24
0.0,-0.24
0.0,-0.24
0.0,-0.24
0.0,-0.24
0.0,-0.27
0.0,-0.27
0.0,-0.27
0.0,-0.27
0.0,-0.27
0.0,-0.27
0.0,-0.27
0.0,-0.27
0.0,-0.27
0.0,-0.27
0.0,-0.27
0.0,-0.27
0.0,-0.27
0.0,-0.27
0.0,-0.27
0.0,-0.27
0.0,-0.27
0.0,-0.27
0.0,-0.27
0.0,-0.27
0.0,-0.27
0.0,-0.27
0.0,-0.27
0.0,-0.27
0.0,-0.27
0.0,-0.27
0.0,-0.27
0.0,-0.27
0.0,-0.27
0.0,-0.27
0.0,-0.27
0.0,-0.27
0.0,-0.27
0.0,-0.27
0.0,-0.27
0.0,-0.27
0.0,-0.27
0.0,-0.24
0.0,-0.24
0.0,-0.24
0.0,-0.27
0.0,-0.27
0.0,-0.27
0.0,-0.18
0.0,-0.11
0.0,0.0
0.0,0.51
0.3201476037502289,0.17
1.3242218494415283,0.77
1.8471635580062866,1.91
0.928228497505188,2.26
2.9088406562805176,4.18
4.210821628570557,3.42
4.652969837188721,3.82
5.2708048820495605,3.92
6.084545135498047,5.67
6.837165355682373,8.17
9.39853286743164,7.86
9.003304481506348,7.11
7.489477157592773,7.4
7.953432083129883,7.63
8.604560852050781,9.6
9.92874526977539,6.36
10.308672904968262,7.9
9.272890090942383,6.99
8.99150562286377,9.16
9.970585823059082,10.04
10.709633827209473,9.65
10.568130493164062,9.61
9.649802207946777,8.59
6.396116256713867,7.58
5.576436996459961,5.65
4.410488605499268,6.01
4.306519508361816,4.31
3.5437815189361572,3.89
2.269134521484375,2.2
0.0,1.35
0.0,0.83
0.0,0.02
0.0,-0.27
0.0,-0.3
0.0,-0.27
0.0,-0.27
0.0,-0.24
0.0,-0.27
0.0,-0.24
0.0,-0.27
0.0,-0.27
0.0,-0.27
0.0,-0.27
0.0,-0.27
0.0,-0.27
0.0,-0.27
0.0,-0.27
0.0,-0.27
0.0,-0.24
0.0,-0.24
0.0,-0.27
0.0,-0.24
0.0,-0.24
0.0,-0.24
0.0,-0.24
0.0,-0.24
0.0,-0.24
0.0,-0.24
0.0,-0.24
0.0,-0.24
0.0,-0.24
0.0,-0.24
0.0,-0.24
0.0,-0.24
0.0,-0.24
0.0,-0.24
0.0,-0.24
0.0,-0.24
0.0,-0.27
0.0,-0.27
0.0,-0.27
0.0,-0.27
0.0,-0.27
0.0,-0.27
0.0,-0.27
0.0,-0.27
0.0,-0.27
0.0,-0.27
0.0,-0.27
0.0,-0.27
0.0,-0.27
0.0,-0.27
0.0,-0.27
0.0,-0.27
0.0,-0.27
0.0,-0.27
0.0,-0.24
0.0,-0.27
0.0,-0.27
0.0,0.34
0.0,2.51
1.5606486797332764,4.99
8.167325019836426,7.81
17.32616424560547,11.78
26.50741958618164,19.08
38.47438049316406,32.02
50.12836456298828,46.55
60.90976333618164,57.41
69.21038818359375,67.34
76.83441925048828,75.12
81.55509948730469,81.76
86.59123992919922,86.86
90.0815200805664,90.93
93.69982147216797,94.67
93.64466857910156,97.31
94.0873794555664,97.44
90.98231506347656,95.25
88.8514175415039,91.64
83.37633514404297,87.37
78.61363220214844,83.06
71.8237075805664,77.78
66.60584259033203,71.07
57.2017707824707,63.1
44.106502532958984,53.3
32.58920669555664,40.31
20.819425582885742,24.5
11.112899780273438,13.58
4.985032081604004,7.97
3.0742037296295166,4.88
0.0,2.68
0.0,0.84
0.0,-0.12
0.0,-0.27
0.0,-0.24
0.0,-0.24
0.0,-0.24
0.0,-0.24
0.0,-0.23
0.0,-0.24
0.0,-0.24
0.0,-0.24
0.0,-0.24
0.0,-0.24
0.0,-0.24
0.0,-0.24
0.0,-0.24
0.0,-0.27
0.0,-0.24
0.0,-0.27
0.0,-0.24
0.0,-0.24
0.0,-0.24
0.0,-0.24
0.0,-0.24
0.0,-0.27
0.0,-0.24
0.0,-0.27
0.0,-0.27
0.0,-0.27
0.0,-0.27
0.0,-0.27
0.0,-0.27
0.0,-0.27
0.0,-0.27
0.0,-0.27
0.0,-0.27
0.0,-0.27
0.0,-0.27
0.0,-0.27
0.0,-0.27
0.0,-0.27
0.0,-0.27
0.0,-0.27
0.0,-0.27
0.0,-0.27
0.0,-0.27
0.0,-0.27
0.0,-0.27
0.0,-0.27
0.0,-0.27
0.0,-0.27
0.0,-0.27
0.0,-0.27
0.0,-0.27
0.0,-0.27
0.0,-0.27
0.0,-0.3
0.0,0.32
0.0,2.25
1.0988343954086304,4.24
7.819361209869385,6.85
17.264469146728516,11.16
26.732736587524414,19.6
38.822723388671875,33.13
50.19804000854492,47.61
60.46726989746094,58.2
67.99647521972656,66.5
75.07354736328125,73.45
79.1458740234375,79.52
83.90628814697266,83.88
87.16514587402344,87.75
90.99665069580078,90.72
92.50506591796875,93.14
94.73384857177734,95.01
97.1312484741211,96.83
97.79679870605469,97.93
98.67591094970703,98.7
98.12586975097656,98.87
96.45201110839844,97.85
94.97769927978516,96.01
91.1185531616211,93.91
87.94349670410156,91.39
85.94908905029297,88.39
80.7494125366211,84.69
76.05498504638672,80.18
69.26043701171875,74.82
64.23831939697266,68.55
55.3114013671875,60.84
42.7318000793457,51.33
31.818416595458984,39.23
20.75533676147461,24.48
11.569252014160156,14.17
5.651368618011475,8.72
3.7149643898010254,5.62
0.0,3.4
0.0,1.42
0.0,-0.02
0.0,-0.27
0.0,-0.24
0.0,-0.24
0.0,-0.24
0.0,-0.23
0.0,-0.23
0.0,-0.23
0.0,-0.23
0.0,-0.24
0.0,-0.24
0.0,-0.24
0.0,-0.24
0.0,-0.24
0.0,-0.24
0.0,-0.24
0.0,-0.24
0.0,-0.24
0.0,-0.24
