Predictions,Actuals
0.11883169412612915,0.0
0.09775176644325256,0.0
0.08058562874794006,0.0
0.0694466382265091,0.0
0.06459452211856842,0.0
0.06616529077291489,0.0
0.06727807223796844,0.0
0.07569652050733566,0.0
0.08976057171821594,0.0
0.11091247200965881,0.0
0.14441438019275665,0.0
0.19157811999320984,0.0
0.2534469664096832,0.0
0.31276020407676697,0.0
0.3837510347366333,0.0
0.4587589502334595,0.0
0.5370234847068787,0.0
0.6211555004119873,0.0
0.7099995017051697,0.0
0.8029288649559021,0.0
0.9033999443054199,0.0
1.0076261758804321,0.0
1.110150694847107,0.0
1.210226058959961,0.0
1.3062562942504883,0.0
1.398717999458313,0.0
1.4839318990707397,0.0
1.5804544687271118,0.0
1.6474946737289429,0.0
1.9385173320770264,0.0
2.520711898803711,0.29
3.19313383102417,0.69
4.023053169250488,1.54
5.006374359130859,2.78
5.925153732299805,5.72
6.544069766998291,5.0
6.3623366355896,3.49
6.3156633377075195,5.37
6.580499649047852,5.45
6.219578742980957,4.48
5.637923717498779,3.69
5.13736629486084,3.01
4.70257568359375,3.1
4.375330924987793,2.29
3.859245538711548,1.64
3.2418062686920166,1.2
3.0040674209594727,1.62
3.7519044876098633,2.56
4.586803913116455,3.51
6.095986843109131,4.25
8.322711944580078,7.08
10.946586608886719,12.9
13.02094841003418,14.33
13.27888011932373,11.82
12.899467468261719,15.86
12.760815620422363,14.56
11.349387168884277,12.51
10.133467674255371,10.6
9.187433242797852,8.49
8.80632209777832,9.34
9.393507957458496,10.58
9.632627487182617,10.42
9.50815486907959,9.47
9.652615547180176,9.06
9.944433212280273,11.16
10.001917839050293,10.94
8.952936172485352,7.890000000000001
7.493496417999268,7.76
6.5939178466796875,7.37
5.459654331207275,4.77
4.170872688293457,3.31
3.435858964920044,1.81
3.0243024826049805,2.09
2.9129531383514404,2.41
2.6129026412963867,1.67
2.112149953842163,1.06
1.738918423652649,0.88
1.4616791009902954,0.42
1.1954985857009888,0.0
1.028952956199646,0.0
0.9778828620910645,0.0
0.8859599828720093,0.0
0.7964745759963989,0.0
0.7204403281211853,0.0
0.6599116325378418,0.0
0.5937765836715698,0.0
0.5299422144889832,0.0
0.4858352243900299,0.0
0.45592379570007324,0.0
0.4231904447078705,0.0
0.34965890645980835,0.0
0.2842598557472229,0.0
0.2355121374130249,0.0
0.21623343229293823,0.0
0.18072691559791565,0.0
0.16182851791381836,0.0
0.1542055606842041,0.0
0.15030182898044586,0.0
0.16091522574424744,0.0
0.15279504656791687,0.0
0.12547463178634644,0.0
0.13177625834941864,0.0
0.1232369989156723,0.0
0.09047649800777435,0.0
0.10387815535068512,0.0
0.15672102570533752,0.0
0.17933517694473267,0.0
0.2288728952407837,0.0
0.26109540462493896,0.0
0.32332879304885864,0.0
0.3900505304336548,0.0
0.45824602246284485,0.0
0.5387167930603027,0.0
0.6327344179153442,0.0
0.7279818654060364,0.0
0.8150098919868469,0.0
0.8955548405647278,0.0
0.9873784780502319,0.0
1.0812429189682007,0.0
1.1804081201553345,0.0
1.2984458208084106,0.0
1.4060965776443481,0.0
1.5388472080230713,0.0
1.710902452468872,0.0
1.8698294162750244,0.0
2.0322957038879395,0.24
2.2299582958221436,0.23
2.406386375427246,0.59
2.6070761680603027,0.78
2.711853504180908,0.15
2.764277696609497,0.62
2.999779224395752,0.94
3.1382699012756348,0.93
3.2003636360168457,0.69
3.252974033355713,0.61
3.369288921356201,0.92
3.494748115539551,1.23
3.576242208480835,1.51
3.8337349891662598,1.28
4.152022838592529,1.28
4.6113433837890625,2.06
5.316226959228516,2.74
6.0269646644592285,4.41
6.7050461769104,5.5
6.886528968811035,4.19
6.75201940536499,4.66
6.947086811065674,5.84
6.7937092781066895,5.42
6.03931188583374,4.58
5.610368728637695,3.9099999999999997
5.5507378578186035,3.47
5.588780403137207,3.7
5.523000240325928,2.86
5.520848274230957,3.7999999999999994
5.572771072387695,5.59
4.998602390289307,3.3
3.8510522842407227,1.82
3.394442558288574,1.11
3.4440760612487793,2.81
3.6432242393493652,1.07
3.505319356918335,1.35
3.7521121501922607,2.71
3.8307228088378906,2.89
3.5260064601898193,2.56
3.139622926712036,1.54
2.7910091876983643,1.3
2.666530132293701,0.93
2.5638608932495117,1.35
2.4725911617279053,1.58
2.1770713329315186,0.88
1.7445955276489258,0.46
1.4575469493865967,0.16
1.2677468061447144,0.03
1.1501154899597168,0.0
1.071598768234253,0.0
1.0073317289352417,0.0
0.9454963207244873,0.0
0.8803315758705139,0.0
0.8086766600608826,0.0
0.7374273538589478,0.0
0.6692651510238647,0.0
0.6007522940635681,0.0
0.5309174656867981,0.0
0.4615729749202728,0.0
0.39846304059028625,0.0
0.3422750234603882,0.0
0.2892734408378601,0.0
0.23984861373901367,0.0
0.1938052475452423,0.0
0.15206101536750793,0.0
0.1135050505399704,0.0
0.07136374711990356,0.0
0.032391585409641266,0.0
0.0,0.0
0.0,0.0
0.0,0.0
0.0,0.0
0.0,0.0
0.0,0.0
0.0,0.0
0.024460069835186005,0.0
0.05583643913269043,0.0
0.0927983969449997,0.0
0.13523519039154053,0.0
0.1842675358057022,0.0
0.24228550493717194,0.0
0.3095185458660126,0.0
0.38591688871383667,0.0
0.47062966227531433,0.0
0.5602198243141174,0.0
0.6522886753082275,0.0
0.7471956610679626,0.0
0.8512532114982605,0.0
0.9551460146903992,0.0
1.0578888654708862,0.0
1.1576642990112305,0.0
1.2546566724777222,0.0
1.354466199874878,0.0
1.4475266933441162,0.0
1.5706861019134521,0.0
1.7534281015396118,0.0
2.0314443111419678,0.03
2.379377841949463,0.34
2.770650863647461,0.6
3.10148024559021,1.28
3.6714072227478027,1.94
4.13827657699585,2.3
4.53483772277832,2.16
4.937592506408691,2.53
5.531547546386719,3.7
6.01411771774292,5.85
6.44856071472168,4.24
6.782393932342529,5.12
7.754097938537598,5.73
8.357391357421875,6.71
8.669901847839355,7.24
8.746440887451172,9.2
8.917987823486328,8.26
8.493537902832031,6.65
8.02886962890625,5.62
8.2386474609375,7.36
8.446702003479004,9.17
8.473440170288086,9.04
8.335962295532227,6.19
8.687597274780273,6.72
9.805109024047852,9.44
10.387870788574219,9.1
10.057011604309082,10.99
9.038625717163086,10.07
7.918344020843506,7.74
7.2717671394348145,6.51
7.741054534912109,5.9
8.257274627685547,7.23
8.807384490966797,7.46
8.831344604492188,10.97
8.152503967285156,7.5
6.236696720123291,6.23
5.1890177726745605,2.95
4.676488876342773,4.71
4.930967807769775,3.8599999999999994
4.6760735511779785,2.94
4.604366779327393,3.64
4.636270999908447,4.55
4.281537055969238,3.52
3.457819938659668,2.3
2.760199546813965,1.68
2.2554686069488525,1.24
1.8259278535842896,0.63
1.4523651599884033,0.18
1.207230806350708,0.0
1.0808961391448975,0.0
1.0083892345428467,0.0
0.9470052123069763,0.0
0.8843216896057129,0.0
0.8191405534744263,0.0
0.7511721849441528,0.0
0.6810562610626221,0.0
0.6104680299758911,0.0
0.5421947836875916,0.0
0.4801395535469055,0.0
0.4263061583042145,0.0
0.3796580731868744,0.0
0.3385007977485657,0.0
0.29456275701522827,0.0
0.2421422302722931,0.0
0.19136197865009308,0.0
0.15086956322193146,0.0
0.11683691293001175,0.0
0.08797120302915573,0.0
0.06776925176382065,0.0
0.05823969841003418,0.0
0.05217120051383972,0.0
0.04370681941509247,0.0
0.03818348050117493,0.0
0.031346194446086884,0.0
0.03597378730773926,0.0
0.051867105066776276,0.0
0.0804043561220169,0.0
0.12230593711137772,0.0
0.17781659960746765,0.0
0.24224437773227692,0.0
0.2991710305213928,0.0
0.36556071043014526,0.0
0.4388178288936615,0.0
0.518153190612793,0.0
0.6032551527023315,0.0
0.6935604214668274,0.0
0.7880892753601074,0.0
0.8863588571548462,0.0
0.9869911074638367,0.0
1.0817979574203491,0.0
1.171803593635559,0.0
1.2840746641159058,0.0
1.3742830753326416,0.0
1.5092260837554932,0.0
1.688541293144226,0.0
1.9526329040527344,0.06
2.276172161102295,0.42
2.6346211433410645,0.39
2.8771731853485107,1.29
3.225499153137207,1.58
3.3040506839752197,1.87
3.6311440467834473,1.8
4.158143520355225,2.07
4.850221633911133,2.98
5.974952220916748,5.16
7.181699752807617,6.12
8.41211986541748,9.28
9.1885404586792,8.68
9.458991050720215,9.84
9.973755836486816,11.95
10.453660011291504,11.91
10.595426559448242,12.15
11.027304649353027,11.31
11.470785140991211,14.59
13.51839542388916,15.09
14.173474311828613,16.33
14.812630653381348,15.39
14.68925666809082,16.92
14.274165153503418,17.21
13.856365203857422,19.87
12.352642059326172,11.26
11.013903617858887,15.79
13.087919235229492,14.3
15.43608283996582,17.18
16.5953426361084,18.73
16.613452911376953,15.05
16.565454483032227,21.27
17.017719268798828,20.97
14.993060111999512,16.53
12.453661918640137,6.18
10.662032127380371,16.54
11.498908042907715,14.9
8.964044570922852,9.81
6.7130889892578125,4.49
5.412508010864258,4.85
5.202915191650391,5.41
4.781764030456543,6.61
4.0286054611206055,1.49
2.675356864929199,2.34
2.5846240520477295,1.29
2.083268880844116,1.33
1.7812271118164062,1.08
1.431381344795227,0.05
1.047325611114502,0.0
0.9435347318649292,0.0
0.8732231259346008,0.0
0.8113288879394531,0.0
0.7516567707061768,0.0
0.6889430284500122,0.0
0.6232817769050598,0.0
0.5659720301628113,0.0
0.5396242141723633,0.0
0.508974552154541,0.0
0.4776274561882019,0.0
0.43102601170539856,0.0
0.40266507863998413,0.0
0.34586381912231445,0.0
0.26249751448631287,0.0
0.19185516238212585,0.0
0.14608092606067657,0.0
0.11720772832632065,0.0
0.08134335279464722,0.0
0.04466582089662552,0.0
0.04128914326429367,0.0
0.04620607942342758,0.0
0.06281387060880661,0.0
0.08142895996570587,0.0
0.10171696543693542,0.0
0.12359753251075745,0.0
0.1630086898803711,0.0
0.2082638144493103,0.0
0.2642684578895569,0.0
0.31968533992767334,0.0
0.3903675675392151,0.0
0.4631296992301941,0.0
0.527803361415863,0.0
0.5819316506385803,0.0
0.6922868490219116,0.0
0.7785069942474365,0.0
0.8649154305458069,0.0
0.9234549403190613,0.0
1.007204294204712,0.0
1.1004048585891724,0.0
1.183363914489746,0.0
1.217868685722351,0.0
1.2616491317749023,0.0
1.3732376098632812,0.0
1.459823727607727,0.0
1.6247923374176025,0.0
1.9086371660232544,0.4
2.481624126434326,1.11
3.2590079307556152,1.8999999999999997
4.579267501831055,2.67
5.6656060218811035,4.99
6.6779279708862305,6.82
8.035623550415039,8.72
8.722867012023926,9.34
9.510542869567871,9.96
11.165180206298828,9.96
13.059768676757812,13.71
14.80008602142334,16.74
15.293062210083008,13.11
14.841752052307129,18.59
16.48198127746582,18.62
16.00452423095703,15.36
15.810853004455566,17.82
16.18722915649414,16.27
16.886157989501953,20.38
18.348466873168945,21.56
18.672786712646484,16.63
19.388639450073242,20.21
21.780061721801758,23.21
22.709745407104492,24.27
22.766056060791016,24.1
22.185787200927734,24.12
21.785005569458008,23.15
21.33622932434082,22.33
20.925029754638672,22.47
20.69732666015625,22.16
20.29652976989746,22.44
19.474510192871094,22.47
18.103059768676758,19.85
16.896753311157227,18.65
16.193641662597656,18.61
15.534018516540527,17.26
14.499334335327148,16.24
13.468472480773926,15.57
12.196487426757812,14.2
10.702262878417969,12.21
9.130023002624512,10.32
7.649270057678223,8.17
6.199815273284912,6.67
4.894449234008789,4.81
3.629547119140625,3.0
2.599330186843872,1.48
1.8366544246673584,0.81
1.3877149820327759,0.03
1.0588371753692627,0.0
0.9806697964668274,0.0
0.9256905913352966,0.0
0.8764210939407349,0.0
0.8303097486495972,0.0
0.7854263186454773,0.0
0.736326277256012,0.0
0.6847372651100159,0.0
0.6373870968818665,0.0
0.5930920839309692,0.0
0.5538656115531921,0.0
0.5133250951766968,0.0
0.46904659271240234,0.0
0.4020237922668457,0.0
0.3542025685310364,0.0
0.31285911798477173,0.0
0.2777417302131653,0.0
0.24136841297149658,0.0
0.20339491963386536,0.0
0.1830139458179474,0.0
0.18305517733097076,0.0
0.16849222779273987,0.0
0.16681987047195435,0.0
0.18608428537845612,0.0
0.18849335610866547,0.0
0.20809438824653625,0.0
0.23241353034973145,0.0
0.2290903776884079,0.0
0.2372535765171051,0.0
0.2557400166988373,0.0
0.28326183557510376,0.0
0.3646370470523834,0.0
0.46723538637161255,0.0
0.5576359033584595,0.0
0.6657900214195251,0.0
0.7493127584457397,0.0
0.7865403890609741,0.0
0.8547746539115906,0.0
0.9472196698188782,0.0
1.0278414487838745,0.0
1.0970616340637207,0.0
1.1682963371276855,0.0
1.2490434646606445,0.0
1.3335710763931274,0.0
1.4387036561965942,0.0
1.7755517959594727,0.0
1.9964338541030884,0.0
2.6824257373809814,0.83
3.7365803718566895,1.78
4.661105155944824,2.47
5.3924078941345215,4.01
5.766256809234619,3.35
5.4491658210754395,7.819999999999999
5.692659378051758,5.31
5.245383262634277,3.6
5.9056572914123535,3.8499999999999996
6.5677900314331055,5.08
8.452150344848633,8.8
10.059380531311035,13.11
10.84522819519043,10.38
11.265702247619629,11.39
11.629645347595215,10.58
11.904300689697266,17.21
12.368942260742188,12.2
11.384559631347656,13.46
11.749364852905273,13.25
11.965456008911133,11.04
12.129319190979004,15.25
13.115015029907227,15.75
12.692730903625488,15.109999999999998
13.537105560302734,15.219999999999999
12.800479888916016,15.72
12.478367805480957,15.76
12.76553726196289,17.79
13.539286613464355,16.49
14.26122760772705,16.32
15.769911766052246,13.16
17.799501419067383,23.21
19.9184627532959,22.25
19.15853500366211,21.31
18.519262313842773,19.6
17.532899856567383,19.32
16.636211395263672,18.65
15.444746017456055,17.86
14.073431015014648,17.21
12.532658576965332,14.02
10.796711921691895,10.69
9.636070251464844,11.17
8.911035537719727,10.45
7.706780433654785,8.63
6.331801414489746,6.43
5.022568225860596,4.89
3.9461257457733154,3.36
2.9822282791137695,2.16
2.2447128295898438,1.24
1.7001183032989502,0.82
1.2821173667907715,0.0
0.9816997051239014,0.0
0.9276871085166931,0.0
0.8902264833450317,0.0
0.8549962043762207,0.0
0.8170042037963867,0.0
0.7704145312309265,0.0
0.7181168794631958,0.0
0.6686049103736877,0.0
0.6106711030006409,0.0
0.5379719734191895,0.0
0.4637530446052551,0.0
0.4110715389251709,0.0
0.36961835622787476,0.0
0.32296544313430786,0.0
0.2736162841320038,0.0
0.2649111747741699,0.0
0.24324852228164673,0.0
0.22093501687049866,0.0
0.1744253933429718,0.0
0.18281109631061554,0.0
0.16301807761192322,0.0
0.16270962357521057,0.0
0.18048696219921112,0.0
0.19740241765975952,0.0
0.20519301295280457,0.0
0.2318315953016281,0.0
0.2561093866825104,0.0
0.2861381769180298,0.0
0.2798025608062744,0.0
0.32622310519218445,0.0
0.3472307324409485,0.0
0.38370028138160706,0.0
0.46056997776031494,0.0
0.5684007406234741,0.0
0.697776734828949,0.0
0.8122248649597168,0.0
0.9191324710845947,0.0
1.0046333074569702,0.0
1.1010621786117554,0.0
1.1571519374847412,0.0
1.207267165184021,0.0
1.324351191520691,0.0
1.4224441051483154,0.0
1.5282649993896484,0.0
1.591811180114746,0.0
1.776512622833252,0.03
2.0587265491485596,0.0
2.4348561763763428,0.37
3.276174545288086,1.2
4.306690692901611,1.9899999999999998
5.224145889282227,3.68
5.879455089569092,3.94
6.082063674926758,4.76
6.249545097351074,6.83
6.508344650268555,5.19
5.9865946769714355,3.96
5.5020341873168945,4.18
5.059939861297607,6.51
6.396496295928955,8.57
8.966108322143555,9.09
11.66008186340332,7.21
12.52145004272461,11.37
15.33521842956543,16.69
14.740001678466797,22.58
12.900778770446777,16.44
10.056038856506348,9.61
10.8562593460083,8.12
14.614816665649414,22.13
18.385122299194336,12.94
19.358285903930664,24.48
22.71900749206543,23.89
22.553329467773438,23.44
22.6184024810791,23.64
22.209274291992188,23.42
21.482376098632812,23.15
20.26625633239746,22.65
18.68675994873047,21.54
17.441978454589844,19.53
16.161386489868164,16.31
15.176206588745117,17.74
14.958322525024414,15.58
14.018144607543945,16.9
13.45948314666748,16.13
12.083638191223145,11.23
10.485466957092285,11.51
9.765409469604492,12.11
8.421614646911621,9.1
6.562403678894043,6.84
5.065793514251709,4.13
3.807561159133911,3.05
3.021698236465454,2.36
2.389178514480591,1.38
1.7798880338668823,0.75
1.3981844186782837,0.03
1.1319655179977417,0.0
1.0554015636444092,0.0
1.0008186101913452,0.0
0.9470419883728027,0.0
0.8890290856361389,0.0
0.8342586755752563,0.0
0.7750744819641113,0.0
0.7074394822120667,0.0
0.6618690490722656,0.0
0.6114684343338013,0.0
0.5574551820755005,0.0
0.5147833824157715,0.0
0.47021186351776123,0.0
0.4372415840625763,0.0
0.3968418836593628,0.0
0.3660920262336731,0.0
0.339190810918808,0.0
0.30699077248573303,0.0
0.2695193290710449,0.0
0.22084492444992065,0.0
0.18297907710075378,0.0
0.1637638360261917,0.0
0.14979299902915955,0.0
0.15179190039634705,0.0
0.17822328209877014,0.0
0.24076513946056366,0.0
0.2656458616256714,0.0
0.23963022232055664,0.0
0.22448959946632385,0.0
0.23724183440208435,0.0
0.2710786759853363,0.0
0.3330755829811096,0.0
0.39636746048927307,0.0
0.4666885435581207,0.0
0.5380474925041199,0.0
0.6161942481994629,0.0
0.7021045088768005,0.0
0.793344259262085,0.0
0.8945025205612183,0.0
1.0009005069732666,0.0
1.092281699180603,0.0
1.2031328678131104,0.0
1.329880714416504,0.0
1.4440251588821411,0.0
1.5466468334197998,0.0
1.6644999980926514,0.0
1.8022150993347168,0.0
1.9229172468185425,0.0
2.07746958732605,0.0
2.312075138092041,0.21
2.582538604736328,0.52
2.850496292114258,0.76
3.127624988555908,0.76
3.4349122047424316,1.39
3.8385915756225586,1.8
4.3242998123168945,1.86
4.956906318664551,2.64
5.647161483764648,3.38
6.156766891479492,3.87
6.436699867248535,4.62
6.418251037597656,5.6
5.82185697555542,5.03
4.851429462432861,4.09
4.934043884277344,4.24
5.891457557678223,4.52
6.879326820373535,5.41
8.90614128112793,7.750000000000001
10.891302108764648,12.34
12.103920936584473,15.09
12.142362594604492,12.32
11.877713203430176,11.89
12.0499849319458,15.72
12.338273048400879,12.32
12.344904899597168,13.02
12.881210327148438,14.33
12.870780944824219,13.15
11.954142570495605,12.24
10.859922409057617,13.54
9.512341499328613,11.29
7.945577621459961,8.15
7.143972396850586,7.28
7.23823881149292,7.91
8.702138900756836,8.8
9.586450576782227,10.28
10.174302101135254,10.69
10.074432373046875,9.84
9.336725234985352,9.88
8.221893310546875,10.61
6.553067684173584,3.9000000000000004
4.464154243469238,5.03
3.9012434482574463,3.01
2.846763849258423,1.48
2.229106903076172,1.27
1.9543211460113525,1.18
1.6501790285110474,0.62
1.2973753213882446,0.02
1.0778142213821411,0.0
0.9740891456604004,0.0
0.8881957530975342,0.0
0.7921556234359741,0.0
0.7489340901374817,0.0
0.72633957862854,0.0
0.6784279346466064,0.0
0.6221241354942322,0.0
0.5728189945220947,0.0
0.5150034427642822,0.0
0.4774457812309265,0.0
0.40138208866119385,0.0
0.3160040080547333,0.0
0.2662568688392639,0.0
0.25737470388412476,0.0
0.2531275451183319,0.0
0.22001489996910095,0.0
0.18565145134925842,0.0
0.1811700314283371,0.0
0.20779308676719666,0.0
0.1835864782333374,0.0
0.15328925848007202,0.0
0.12911248207092285,0.0
0.11551044881343842,0.0
0.08954308927059174,0.0
0.13041359186172485,0.0
0.172756165266037,0.0
0.25291430950164795,0.0
0.3105250298976898,0.0
0.3401159644126892,0.0
0.38536694645881653,0.0
0.3657853603363037,0.0
0.38796889781951904,0.0
0.4597654342651367,0.0
0.5025218725204468,0.0
0.5829996466636658,0.0
0.7171671390533447,0.0
0.8482179045677185,0.0
0.9601991772651672,0.0
1.0859770774841309,0.0
1.1791846752166748,0.0
1.241877794265747,0.0
1.2028683423995972,0.0
1.1679829359054565,0.0
1.2774237394332886,0.0
1.5277636051177979,0.0
1.997775912284851,0.0
2.487842321395874,0.29
2.9326863288879395,1.48
3.7382965087890625,3.3
4.436334609985352,3.9500000000000006
5.143915176391602,3.7999999999999994
5.590463161468506,5.45
6.78636360168457,7.01
8.022295951843262,10.16
9.68138599395752,9.25
11.523354530334473,13.12
14.26245403289795,14.31
16.220802307128906,17.93
18.17158317565918,17.69
19.069538116455078,20.47
20.07621955871582,20.68
20.48624038696289,21.17
20.877946853637695,20.25
21.1187744140625,22.07
22.10161590576172,22.55
22.435260772705078,23.23
22.519819259643555,23.14
22.539907455444336,23.37
22.580533981323242,23.52
22.52652931213379,23.59
22.3906307220459,23.56
22.17548179626465,23.46
21.86034393310547,23.39
21.498138427734375,23.14
21.0302791595459,22.75
20.464061737060547,22.4
19.839405059814453,21.81
19.1585693359375,21.13
18.41499137878418,20.59
17.637069702148438,19.84
16.787534713745117,18.86
15.826574325561523,18.03
14.995722770690918,16.95
13.918892860412598,15.650000000000002
12.719337463378906,14.86
11.503918647766113,13.38
10.085766792297363,11.56
8.660868644714355,10.32
7.324475288391113,7.17
5.801425933837891,6.27
4.787514686584473,5.02
3.6761982440948486,3.12
2.612309694290161,1.64
1.8691331148147583,0.82
1.3766409158706665,0.12
1.0786926746368408,0.0
0.9993624687194824,0.0
0.9316268563270569,0.0
0.8852025866508484,0.0
0.7844486236572266,0.0
0.757685661315918,0.0
0.7293674945831299,0.0
0.7047364115715027,0.0
0.6135905981063843,0.0
0.5470350384712219,0.0
0.4923540949821472,0.0
0.46948710083961487,0.0
0.43998581171035767,0.0
0.36799705028533936,0.0
0.3450988233089447,0.0
0.3434337377548218,0.0
0.32680705189704895,0.0
0.2948111891746521,0.0
0.2603977918624878,0.0
0.2061007171869278,0.0
0.18126972019672394,0.0
0.16184908151626587,0.0
0.18237558007240295,0.0
0.18746060132980347,0.0
0.20665693283081055,0.0
0.19532985985279083,0.0
0.1632363349199295,0.0
0.20453912019729614,0.0
0.2445095032453537,0.0
0.3011358380317688,0.0
0.34999072551727295,0.0
0.36543700098991394,0.0
0.4243990480899811,0.0
0.4933485984802246,0.0
0.5817548036575317,0.0
0.6795200109481812,0.0
0.7853138446807861,0.0
0.8766893744468689,0.0
0.9573862552642822,0.0
1.0348281860351562,0.0
1.0823793411254883,0.0
1.1916898488998413,0.0
1.2421494722366333,0.0
1.2961198091506958,0.0
1.3230936527252197,0.0
1.4053715467453003,0.0
1.6257983446121216,0.0
1.9851802587509155,0.29
2.507350444793701,1.06
3.3443098068237305,1.81
4.4316887855529785,3.38
5.735565185546875,5.29
7.183840751647949,6.57
8.626259803771973,8.69
10.237567901611328,10.69
11.76322078704834,11.79
13.170799255371094,13.6
14.587980270385742,15.199999999999998
15.8364896774292,16.06
16.953454971313477,17.44
18.080007553100586,18.67
18.982275009155273,19.26
19.748455047607422,20.23
20.511762619018555,20.96
21.119585037231445,21.68
21.623708724975586,22.13
21.984233856201172,22.61
22.231712341308594,23.03
22.34050941467285,23.18
22.353012084960938,23.36
22.308698654174805,23.48
22.152198791503906,23.5
21.950387954711914,23.36
21.64580726623535,23.14
21.214799880981445,22.94
20.708215713500977,22.44
20.153858184814453,22.03
19.559173583984375,21.7
18.88162612915039,20.91
18.06552505493164,20.17
17.10109519958496,19.74
16.958213806152344,18.78
16.77991485595703,17.73
15.97777271270752,17.01
14.709059715270996,15.870000000000001
12.8748779296875,15.020000000000001
10.588817596435547,16.13
7.781886100769043,6.69
4.200240612030029,1.86
2.7451157569885254,2.1
2.466355800628662,1.66
2.0544052124023438,1.07
1.7315016984939575,0.47
1.563096046447754,0.78
1.475439429283142,0.28
1.2140450477600098,0.06
1.0909864902496338,0.07
1.01996910572052,0.0
0.9296718835830688,0.0
0.8683264255523682,0.0
0.8164811134338379,0.0
0.7903406023979187,0.0
0.7458449006080627,0.0
0.6911141872406006,0.0
0.6504272818565369,0.0
0.5839861631393433,0.0
0.4975951015949249,0.0
0.4329898953437805,0.0
0.3764936327934265,0.0
0.3618750274181366,0.0
0.31401848793029785,0.0
0.273344486951828,0.0
0.2503662109375,0.0
0.24140775203704834,0.0
0.22864636778831482,0.0
0.22255125641822815,0.0
0.21088409423828125,0.0
0.19339777529239655,0.0
0.19281059503555298,0.0
0.1274004578590393,0.0
0.05445756018161774,0.0
0.10432630777359009,0.0
0.13062246143817902,0.0
0.15410977602005005,0.0
0.1912337839603424,0.0
0.2156037837266922,0.0
0.2353842854499817,0.0
0.30324652791023254,0.0
0.3980400562286377,0.0
0.4892401099205017,0.0
0.5775213241577148,0.0
0.6533726453781128,0.0
0.7348184585571289,0.0
0.8248512744903564,0.0
0.919978678226471,0.0
1.0176148414611816,0.0
1.1018383502960205,0.0
1.1807212829589844,0.0
1.2373706102371216,0.0
1.3258169889450073,0.0
1.4116833209991455,0.0
1.5931841135025024,0.0
1.830145239830017,0.03
2.186006784439087,0.47
2.7183799743652344,1.15
3.451586961746216,1.8999999999999997
4.539822101593018,3.46
5.845519542694092,5.07
7.250276565551758,6.87
8.777181625366211,8.69
10.32559585571289,10.44
11.855325698852539,12.11
13.366360664367676,13.67
14.760530471801758,15.069999999999999
16.071521759033203,16.55
17.249990463256836,17.52
18.221160888671875,18.54
19.132020950317383,19.48
19.95823097229004,20.28
20.674701690673828,21.09
21.28787612915039,21.66
21.74879264831543,22.11
22.144556045532227,22.65
22.447368621826172,23.06
22.59310531616211,23.35
22.59787940979004,23.49
22.48668670654297,23.55
22.279254913330078,23.46
21.990501403808594,23.3
21.641483306884766,23.1
21.206209182739258,22.86
20.78142547607422,22.43
20.31380844116211,22.01
19.575740814208984,21.46
19.297080993652344,20.89
18.80269432067871,20.18
17.62887191772461,19.6
15.862666130065918,17.85
14.33419132232666,16.11
12.513303756713867,16.76
10.490983963012695,9.07
7.821751594543457,6.14
6.72003698348999,8.04
6.222229480743408,9.31
5.1196184158325195,1.52
3.3274874687194824,1.8900000000000001
3.4201786518096924,2.7
3.2777624130249023,2.49
2.7859416007995605,2.43
2.212646722793579,1.01
1.5598353147506714,0.0
1.2529089450836182,0.0
1.2099571228027344,0.0
1.1405764818191528,0.0
1.059651255607605,0.0
0.9590243697166443,0.0
0.8607207536697388,0.0
0.8192831873893738,0.0
0.8094043731689453,0.0
0.7988524436950684,0.0
0.7813182473182678,0.0
0.791779100894928,0.0
0.6824334859848022,0.0
0.5803266763687134,0.0
0.4068108797073364,0.0
0.30146878957748413,0.0
0.25555282831192017,0.0
0.2465401589870453,0.0
0.18787242472171783,0.0
0.14809739589691162,0.0
0.15757419168949127,0.0
0.23284368216991425,0.0
0.12810342013835907,0.0
0.0672115758061409,0.0
0.05505770444869995,0.0
0.08678074926137924,0.0
0.041895098984241486,0.0
0.054599158465862274,0.0
0.09108446538448334,0.0
0.13261735439300537,0.0
0.1710185408592224,0.0
0.22308501601219177,0.0
0.2802866995334625,0.0
0.35020384192466736,0.0
0.40644699335098267,0.0
0.470796138048172,0.0
0.6033100485801697,0.0
0.698504626750946,0.0
0.7502475380897522,0.0
0.8869490027427673,0.0
0.9730620384216309,0.0
1.0331413745880127,0.0
1.1292450428009033,0.0
1.2300397157669067,0.0
1.3396570682525635,0.0
1.42644464969635,0.0
1.524266242980957,0.0
1.6201494932174683,0.0
1.7871237993240356,0.0
2.075105905532837,0.0
2.4651808738708496,0.06
2.7422690391540527,0.8
3.3337833881378174,1.36
3.565101146697998,2.54
3.546266794204712,2.93
3.3158974647521973,2.81
4.36191987991333,2.92
6.041245937347412,7.32
8.041255950927734,6.06
10.306414604187012,11.32
13.323333740234375,15.52
16.65053939819336,18.89
17.409175872802734,15.63
17.603801727294922,18.49
18.97980499267578,22.06
19.773818969726562,21.51
19.50635528564453,22.18
19.44668960571289,13.84
19.694808959960938,22.53
22.242639541625977,23.71
21.830154418945312,24.5
21.164276123046875,21.58
19.546491622924805,20.8
18.223804473876953,20.95
18.532812118530273,20.54
17.531402587890625,20.49
16.884647369384766,18.04
15.655464172363281,13.83
14.654387474060059,15.23
13.9515380859375,19.61
12.050047874450684,9.08
9.107998847961426,11.21
8.572571754455566,6.43
7.117537498474121,5.88
6.5909528732299805,5.78
5.872389793395996,5.6
4.899555683135986,5.25
3.672013759613037,2.03
2.3305177688598633,0.2
1.773404598236084,0.0
1.6492153406143188,0.0
1.5231828689575195,0.0
1.471814513206482,0.0
1.4567902088165283,0.0
1.3710849285125732,0.0
1.3071776628494263,0.0
1.2518364191055298,0.0
1.2031989097595215,0.0
1.1434589624404907,0.0
1.0136548280715942,0.0
0.9444037675857544,0.0
0.8630775213241577,0.0
0.7756627202033997,0.0
0.702522337436676,0.0
0.6391341686248779,0.0
0.5855391025543213,0.0
0.5402848720550537,0.0
0.4967538118362427,0.0
0.45408815145492554,0.0
0.3681293725967407,0.0
0.32200825214385986,0.0
0.3179328441619873,0.0
0.2726335823535919,0.0
0.22654272615909576,0.0
0.19165736436843872,0.0
0.15382301807403564,0.0
0.1092519611120224,0.0
0.08194338530302048,0.0
0.08378908038139343,0.0
0.09658344089984894,0.0
0.09977113455533981,0.0
0.12460146099328995,0.0
0.14114409685134888,0.0
0.17725937068462372,0.0
0.23236793279647827,0.0
0.28570061922073364,0.0
0.3488858938217163,0.0
0.4097743630409241,0.0
0.4707166254520416,0.0
0.5286221504211426,0.0
0.6002026200294495,0.0
0.67136549949646,0.0
0.7687198519706726,0.0
0.8637655377388,0.0
0.9518738389015198,0.0
1.0531270503997803,0.0
1.1643493175506592,0.0
1.2584872245788574,0.0
1.3668299913406372,0.0
1.4852267503738403,0.0
1.5639493465423584,0.0
1.6746652126312256,0.0
1.8559221029281616,0.0
2.1531119346618652,0.47
2.5093863010406494,0.34
2.761571168899536,0.27
3.2986881732940674,1.4
3.970146656036377,1.8900000000000001
4.319204330444336,2.24
4.353012561798096,1.9599999999999997
3.978315830230713,2.88
3.4527857303619385,4.31
2.6609792709350586,2.73
3.7487704753875732,2.12
5.211717128753662,2.62
9.091007232666016,6.5
11.456576347351074,12.76
13.030900001525879,17.1
13.516824722290039,20.35
13.521860122680664,11.85
13.169116020202637,18.78
17.210596084594727,9.46
20.092315673828125,22.83
23.90327262878418,24.07
23.57068634033203,23.93
21.53966522216797,22.2
17.0643253326416,24.59
12.806174278259277,15.57
8.935867309570312,11.17
9.028210639953613,13.78
11.553010940551758,7.7299999999999995
14.650223731994629,12.17
19.69141960144043,25.18
23.00567626953125,24.74
21.515239715576172,23.09
18.99809455871582,21.35
16.380765914916992,18.08
13.935474395751953,18.44
12.36455249786377,15.23
10.37917423248291,7.609999999999999
9.794869422912598,9.78
10.88424301147461,13.52
10.738024711608887,11.97
9.17554759979248,10.51
7.479311943054199,6.91
5.715332508087158,6.99
4.548367500305176,3.06
3.0069642066955566,1.85
2.2827553749084473,1.45
1.801689863204956,0.34
1.3514454364776611,0.0
1.1849581003189087,0.0
1.1078306436538696,0.0
1.0398513078689575,0.0
0.9649958610534668,0.0
0.8802006840705872,0.0
0.8387365937232971,0.0
0.8144650459289551,0.0
0.7747989892959595,0.0
0.7367187738418579,0.0
0.6917994022369385,0.0
0.6331230401992798,0.0
0.5647324323654175,0.0
0.5052540898323059,0.0
0.4470376968383789,0.0
0.3860016167163849,0.0
0.3279843330383301,0.0
0.30348849296569824,0.0
0.27701932191848755,0.0
0.2558166980743408,0.0
0.2263394296169281,0.0
0.18633294105529785,0.0
0.15858180820941925,0.0
0.17170585691928864,0.0
0.18293681740760803,0.0
0.20904310047626495,0.0
0.22353920340538025,0.0
0.22342878580093384,0.0
0.2341928333044052,0.0
0.2670544683933258,0.0
0.31200337409973145,0.0
0.37179428339004517,0.0
0.42816096544265747,0.0
0.5049557685852051,0.0
0.5796495676040649,0.0
0.6494607925415039,0.0
0.7362267971038818,0.0
0.8304184675216675,0.0
0.9221124649047852,0.0
1.0203194618225098,0.0
1.0960609912872314,0.0
1.2154262065887451,0.0
1.3280251026153564,0.0
1.3666067123413086,0.0
1.3657630681991577,0.0
1.4344969987869263,0.0
1.6079832315444946,0.0
1.9270895719528198,0.0
2.4990556240081787,0.14
3.116114854812622,0.81
3.8443305492401123,1.79
4.525930881500244,2.99
4.967164039611816,3.6
5.251627445220947,3.53
5.422842025756836,2.62
5.092717170715332,4.81
4.896894454956055,5.75
4.638470649719238,5.22
4.885456085205078,5.12
5.924227237701416,5.56
8.969828605651855,7.17
12.716682434082031,14.87
16.77765655517578,17.29
18.77556800842285,17.64
18.820186614990234,18.4
17.729089736938477,21.22
15.517722129821777,15.36
12.213926315307617,14.12
9.649163246154785,7.64
7.301096439361572,3.62
6.468728065490723,6.2
6.471001625061035,4.78
5.782414436340332,3.43
5.514669895172119,4.75
5.651788234710693,4.57
5.629984378814697,4.42
6.01609992980957,4.66
6.5203776359558105,5.28
7.15452241897583,6.02
7.761100769042969,7.23
8.08611011505127,7.07
7.728114604949951,7.19
7.04631233215332,5.54
5.948875904083252,5.68
4.88178825378418,4.41
3.6719350814819336,2.59
2.783395290374756,0.8
2.4162790775299072,0.46
2.5493886470794678,0.57
2.7982301712036133,1.26
3.0003066062927246,2.14
2.966257095336914,1.76
2.597925901412964,1.28
2.2138824462890625,0.87
1.906769871711731,0.58
1.6436617374420166,0.26
1.4216368198394775,0.19
1.293146014213562,0.0
1.1916805505752563,0.0
1.1111178398132324,0.0
1.03211510181427,0.0
0.9552206993103027,0.0
0.8834744691848755,0.0
0.8171173334121704,0.0
0.7586855888366699,0.0
0.7213823795318604,0.0
0.6537013053894043,0.0
0.5777920484542847,0.0
0.5095478296279907,0.0
0.44923827052116394,0.0
0.3926769495010376,0.0
0.3390355706214905,0.0
0.29368969798088074,0.0
0.253732830286026,0.0
0.21486707031726837,0.0
0.18305383622646332,0.0
0.15770986676216125,0.0
0.13831067085266113,0.0
0.1236991211771965,0.0
0.1165933907032013,0.0
0.11629577726125717,0.0
0.12112542986869812,0.0
0.13511627912521362,0.0
0.16039979457855225,0.0
0.19172754883766174,0.0
0.227788507938385,0.0
0.27173471450805664,0.0
0.32199516892433167,0.0
0.3788132965564728,0.0
0.44265586137771606,0.0
0.513393223285675,0.0
0.5911639928817749,0.0
0.6758479475975037,0.0
0.7650144696235657,0.0
0.8579786419868469,0.0
0.952889621257782,0.0
1.0577921867370605,0.0
1.1627416610717773,0.0
1.2700859308242798,0.0
1.3798378705978394,0.0
1.486500859260559,0.0
1.5740913152694702,0.0
1.6493757963180542,0.0
1.7624554634094238,0.0
1.871378779411316,0.0
2.0728442668914795,0.0
2.3573970794677734,0.0
2.8378424644470215,0.55
3.440566062927246,1.18
4.028656482696533,1.5
4.588326930999756,2.64
4.904977798461914,2.87
4.965992450714111,3.62
4.9371137619018555,2.9
4.785634994506836,2.95
4.984187126159668,2.82
5.195374488830566,2.0
5.861612796783447,4.26
6.596291542053223,4.29
6.5292744636535645,5.2
6.463255405426025,5.58
6.321752071380615,4.98
6.069174766540527,6.18
5.6777753829956055,3.32
5.581571578979492,4.58
6.567782402038574,7.83
7.695839881896973,8.78
8.311076164245605,8.54
9.082148551940918,10.0
11.479722023010254,13.47
13.432032585144043,14.06
14.060868263244629,14.97
12.979655265808105,14.88
12.19075870513916,16.68
11.672569274902344,17.57
9.630208015441895,9.52
9.597392082214355,8.8
11.832771301269531,10.5
13.983287811279297,19.21
14.617569923400879,14.67
12.562021255493164,11.46
11.37304401397705,16.39
10.05913257598877,8.32
7.166733741760254,6.36
6.1197710037231445,5.8
5.3883209228515625,5.09
4.559898376464844,3.52
3.7068068981170654,2.33
3.101689100265503,2.09
2.6915149688720703,1.91
2.238678216934204,1.2
1.7078639268875122,0.41
1.3413050174713135,0.0
1.1843689680099487,0.0
1.131828784942627,0.0
1.0830979347229004,0.0
1.0241541862487793,0.0
0.9550010561943054,0.0
0.867865800857544,0.0
0.798543393611908,0.0
0.7293720841407776,0.0
0.6713130474090576,0.0
0.5901749134063721,0.0
0.5329847931861877,0.0
0.4843134582042694,0.0
0.4368073344230652,0.0
0.3882918953895569,0.0
0.3574385643005371,0.0
0.326979398727417,0.0
0.2927361726760864,0.0
0.27111130952835083,0.0
0.24819955229759216,0.0
0.2188020944595337,0.0
0.1623193621635437,0.0
0.1471681147813797,0.0
0.15429553389549255,0.0
0.14128021895885468,0.0
0.13881728053092957,0.0
0.15278354287147522,0.0
0.17924845218658447,0.0
0.2049480378627777,0.0
0.24660217761993408,0.0
0.2996121346950531,0.0
0.35217225551605225,0.0
0.40587878227233887,0.0
0.46568864583969116,0.0
0.5258984565734863,0.0
0.5941203236579895,0.0
0.673285186290741,0.0
0.760319709777832,0.0
0.8585789799690247,0.0
0.9728150963783264,0.0
1.0813404321670532,0.0
1.1783138513565063,0.0
1.2713744640350342,0.0
1.3443816900253296,0.0
1.4184131622314453,0.0
1.53615140914917,0.0
1.7092127799987793,0.0
1.8813014030456543,0.0
2.1107046604156494,0.0
2.4441771507263184,0.65
2.889327049255371,1.22
3.350409984588623,1.48
3.343982219696045,1.52
3.5926506519317627,2.74
3.5535452365875244,3.76
3.8099589347839355,4.65
5.240880966186523,5.73
7.796147346496582,6.04
10.692237854003906,12.74
14.400826454162598,13.48
16.262481689453125,18.7
17.455326080322266,20.2
18.170156478881836,18.63
17.511436462402344,18.07
18.25886344909668,21.33
20.858112335205078,19.31
21.111101150512695,21.62
20.82082176208496,23.22
19.249691009521484,16.79
18.397994995117188,24.34
18.398653030395508,24.07
16.51117706298828,9.99
16.239887237548828,16.05
19.615026473999023,23.36
20.99628257751465,23.61
18.008115768432617,15.930000000000001
16.821683883666992,23.14
17.05904769897461,18.47
16.063812255859375,15.009999999999998
14.837967872619629,17.07
14.737682342529297,13.08
13.85725212097168,23.05
13.744697570800781,11.57
11.1256685256958,15.95
11.584461212158203,6.54
11.15231704711914,15.890000000000002
12.694173812866211,14.14
11.32435417175293,12.25
10.10004711151123,11.15
8.886621475219727,9.81
7.477721691131592,7.97
5.941658973693848,5.79
4.478913307189941,4.01
3.2822115421295166,2.66
2.3470635414123535,0.75
1.5809602737426758,0.24
1.3049743175506592,0.0
1.1583428382873535,0.0
1.1040380001068115,0.0
1.0447893142700195,0.0
0.9821789860725403,0.0
0.9102142453193665,0.0
0.8632447719573975,0.0
0.8173125982284546,0.0
0.7693461179733276,0.0
0.7127724885940552,0.0
0.6526064872741699,0.0
0.6181181073188782,0.0
0.5880914330482483,0.0
0.542736828327179,0.0
0.4921623468399048,0.0
0.4437437653541565,0.0
0.40927156805992126,0.0
0.3800477981567383,0.0
0.3182036280632019,0.0
0.27428293228149414,0.0
0.22733184695243835,0.0
0.21927908062934875,0.0
0.22036951780319214,0.0
0.2208983600139618,0.0
0.20649957656860352,0.0
0.21239139139652252,0.0
0.23985296487808228,0.0
0.2762293219566345,0.0
0.2988322973251343,0.0
0.32437920570373535,0.0
0.3562965989112854,0.0
0.39972367882728577,0.0
0.45714446902275085,0.0
0.5141173601150513,0.0
0.5828614234924316,0.0
0.6564463376998901,0.0
0.7310532927513123,0.0
0.8077598214149475,0.0
0.898920476436615,0.0
0.9994009137153625,0.0
1.1064786911010742,0.0
1.200087547302246,0.0
1.2525930404663086,0.0
1.2828519344329834,0.0
1.3253381252288818,0.0
1.4060428142547607,0.0
1.6377257108688354,0.0
2.014446973800659,0.09
2.5262296199798584,1.0
3.288621664047241,1.76
4.123366832733154,2.73
5.051961898803711,4.22
6.030185222625732,5.02
7.242715358734131,6.45
8.074782371520996,8.11
8.201295852661133,9.34
9.079663276672363,10.23
10.181078910827637,10.29
10.141185760498047,11.74
10.069099426269531,9.53
10.28154182434082,14.36
12.259791374206543,18.65
13.065374374389648,14.04
14.412668228149414,12.21
18.200162887573242,17.77
22.081575393676758,23.76
22.442962646484375,24.71
20.933515548706055,22.63
18.482101440429688,23.42
17.871658325195312,19.15
16.97249412536621,16.94
17.902870178222656,14.81
18.30108642578125,23.57
19.094223022460938,19.63
16.774900436401367,24.52
15.744802474975586,14.71
13.833502769470215,16.0
15.229840278625488,13.57
17.37833023071289,22.18
19.40668296813965,20.36
18.783790588378906,21.06
18.271629333496094,20.14
17.299190521240234,19.2
16.365123748779297,17.96
15.236955642700195,17.05
14.103081703186035,15.879999999999999
12.9155912399292,14.34
11.428098678588867,12.9
10.030574798583984,10.92
8.577020645141602,8.72
7.168554306030273,7.91
5.93405294418335,5.87
4.52229642868042,3.31
3.3127284049987793,3.09
2.6393632888793945,1.47
1.816139578819275,0.55
1.3977982997894287,0.17
1.2114495038986206,0.0
1.1204272508621216,0.0
1.0638185739517212,0.0
0.9843998551368713,0.0
0.9253877401351929,0.0
0.8735361099243164,0.0
0.8550836443901062,0.0
0.7815197706222534,0.0
0.7444005608558655,0.0
0.697828471660614,0.0
0.6123543381690979,0.0
0.582599937915802,0.0
0.5457435846328735,0.0
0.49157068133354187,0.0
0.4447389245033264,0.0
0.4098570644855499,0.0
0.3835914134979248,0.0
0.34125643968582153,0.0
0.30724459886550903,0.0
0.261813759803772,0.0
0.26685309410095215,0.0
0.28484368324279785,0.0
0.29110416769981384,0.0
0.3105737566947937,0.0
0.33762094378471375,0.0
0.34319645166397095,0.0
0.3489508032798767,0.0
0.30052945017814636,0.0
0.2741732895374298,0.0
0.3171018064022064,0.0
0.39317429065704346,0.0
0.501731276512146,0.0
0.5991355776786804,0.0
0.6741458773612976,0.0
0.7589287757873535,0.0
0.8263985514640808,0.0
0.8551417589187622,0.0
0.9053426384925842,0.0
1.0039570331573486,0.0
1.1080089807510376,0.0
1.1931630373001099,0.0
1.2987416982650757,0.0
1.4074416160583496,0.0
1.5220493078231812,0.0
1.6148755550384521,0.0
1.6615999937057495,0.0
1.720451831817627,0.0
1.8011685609817505,0.0
1.837436318397522,0.0
1.6981308460235596,0.0
1.3840973377227783,0.25
1.2161407470703125,0.9799999999999999
2.0137791633605957,1.51
3.283679246902466,2.29
6.263622283935547,4.93
10.093083381652832,10.13
14.102575302124023,15.42
16.773847579956055,18.44
17.612041473388672,18.05
18.668560028076172,21.56
19.450403213500977,18.48
19.177818298339844,19.98
19.071218490600586,19.02
17.902982711791992,20.76
16.865633010864258,21.71
14.872519493103027,16.88
14.515375137329102,16.08
15.379913330078125,17.03
16.601354598999023,18.18
17.94110679626465,21.2
19.481252670288086,20.86
19.480140686035156,23.5
19.844263076782227,16.88
20.314043045043945,23.23
21.632797241210938,23.54
20.726938247680664,22.95
19.58890151977539,20.12
18.378726959228516,21.56
17.916751861572266,21.47
16.855974197387695,14.49
15.885881423950195,19.67
16.69902992248535,18.36
15.9387788772583,16.97
14.719141006469727,15.96
13.260115623474121,14.53
11.372272491455078,12.79
9.22828483581543,11.12
7.036688804626465,8.02
4.839902400970459,2.22
3.032086133956909,2.55
2.63142728805542,1.04
1.9860237836837769,0.65
1.6974880695343018,0.59
1.488399624824524,0.21
1.2778347730636597,0.0
1.1722098588943481,0.0
1.122273325920105,0.0
1.0693261623382568,0.0
1.0154582262039185,0.0
0.9561459422111511,0.0
0.8988322615623474,0.0
0.8380731344223022,0.0
0.8029273748397827,0.0
0.7685238122940063,0.0
0.7216950058937073,0.0
0.6738402843475342,0.0
0.6242420077323914,0.0
0.5780216455459595,0.0
0.5312048196792603,0.0
0.49583226442337036,0.0
0.458844929933548,0.0
0.4205321669578552,0.0
0.3888372778892517,0.0
0.3567524552345276,0.0
0.3079380393028259,0.0
0.27429264783859253,0.0
0.26030993461608887,0.0
0.24589118361473083,0.0
0.22121071815490723,0.0
0.2658942937850952,0.0
0.30526643991470337,0.0
0.3234859108924866,0.0
0.34771060943603516,0.0
0.3777216374874115,0.0
0.4049203395843506,0.0
0.4576191008090973,0.0
0.49098435044288635,0.0
0.5195171236991882,0.0
0.5872023105621338,0.0
0.6651401519775391,0.0
0.7449642419815063,0.0
0.8206338286399841,0.0
0.8961159586906433,0.0
0.9860510230064392,0.0
1.0772361755371094,0.0
1.1762070655822754,0.0
1.2710763216018677,0.0
1.3635774850845337,0.0
1.4510821104049683,0.0
1.5449235439300537,0.0
1.6570724248886108,0.0
1.7630125284194946,0.0
1.9015922546386719,0.0
2.1967811584472656,0.33
2.830315589904785,0.75
3.708112955093384,1.27
4.684631824493408,2.08
5.654266357421875,3.7899999999999996
5.9953413009643555,5.45
5.7842302322387695,6.33
6.1052165031433105,5.62
4.943801403045654,5.04
4.269286155700684,4.82
5.824621677398682,5.43
8.342269897460938,11.48
11.571304321289062,14.0
13.885322570800781,9.42
16.46392059326172,20.92
20.02556037902832,24.63
20.652507781982422,19.57
19.977863311767578,21.78
21.902233123779297,20.75
23.131511688232422,23.24
24.194902420043945,25.42
23.390262603759766,24.33
21.57285499572754,22.65
18.21188735961914,23.56
15.954249382019043,17.17
14.6494722366333,17.06
13.428030014038086,13.29
11.795215606689453,14.71
11.552668571472168,11.17
11.172041893005371,20.0
12.397883415222168,12.53
12.008478164672852,7.7700000000000005
14.245218276977539,15.48
16.837427139282227,18.93
16.179759979248047,17.03
13.732211112976074,17.89
11.2393217086792,11.59
8.270536422729492,8.62
6.482394218444824,4.81
5.169127464294434,3.0
4.616197109222412,3.7700000000000005
4.3039960861206055,5.11
3.6004223823547363,2.21
2.3473458290100098,0.67
1.7370184659957886,0.16
1.5014046430587769,0.03
1.3936671018600464,0.0
1.3138514757156372,0.0
1.2354258298873901,0.0
1.1546080112457275,0.0
1.0890179872512817,0.0
1.0355501174926758,0.0
0.9777834415435791,0.0
0.9374422430992126,0.0
0.9033341407775879,0.0
0.8752411603927612,0.0
0.8274889588356018,0.0
0.7732842564582825,0.0
0.7095585465431213,0.0
0.6456081867218018,0.0
0.5726802945137024,0.0
0.5045648217201233,0.0
0.4557151198387146,0.0
0.408322274684906,0.0
0.34862247109413147,0.0
0.31081023812294006,0.0
0.2840060293674469,0.0
0.25838837027549744,0.0
0.244903564453125,0.0
0.2360275685787201,0.0
0.24477314949035645,0.0
0.24121686816215515,0.0
0.24579070508480072,0.0
0.2546049952507019,0.0
0.24395227432250977,0.0
0.2314426749944687,0.0
0.25110873579978943,0.0
0.28921499848365784,0.0
0.35281968116760254,0.0
0.41463586688041687,0.0
0.47962212562561035,0.0
0.5731068253517151,0.0
0.6340227723121643,0.0
0.7188172340393066,0.0
0.8424295783042908,0.0
0.950016438961029,0.0
1.0534656047821045,0.0
1.1545546054840088,0.0
1.2609182596206665,0.0
1.3571386337280273,0.0
1.4313546419143677,0.0
1.4603686332702637,0.0
1.5560648441314697,0.0
1.7009201049804688,0.0
1.8859872817993164,0.0
2.250370502471924,0.0
2.6989316940307617,0.28
3.119492530822754,1.17
3.5155067443847656,1.33
3.716966152191162,1.83
3.8716139793395996,2.61
3.7988033294677734,1.54
2.978442430496216,1.5
2.861992120742798,2.82
2.6635053157806396,2.97
3.4510316848754883,3.68
6.129403591156006,4.89
8.91203498840332,7.85
13.826197624206543,16.31
18.559345245361328,16.57
19.29632568359375,21.34
20.148998260498047,21.4
18.25885772705078,18.03
16.088964462280273,24.73
16.5349063873291,15.740000000000002
14.259389877319336,11.0
16.473670959472656,22.49
19.966556549072266,14.78
19.82832145690918,24.12
19.548078536987305,23.52
16.571840286254883,13.98
15.083263397216797,22.14
15.990407943725586,16.62
15.067440032958984,9.55
15.55971622467041,13.61
16.597854614257812,20.81
15.220785140991211,18.13
11.298779487609863,10.0
7.546846389770508,8.71
5.3104448318481445,2.38
3.0159621238708496,1.21
1.9558721780776978,1.32
2.2767715454101562,2.36
3.278428316116333,1.8900000000000001
4.191506862640381,1.2
5.191587448120117,2.68
6.170736312866211,5.3
6.418834686279297,10.25
5.6572794914245605,4.76
3.279391050338745,1.48
2.053954839706421,0.46
1.6299082040786743,0.0
1.447499394416809,0.09
1.387707233428955,0.0
1.2966464757919312,0.0
1.2170658111572266,0.0
1.148552656173706,0.0
1.099578857421875,0.0
1.0532538890838623,0.0
0.9960471391677856,0.0
0.9305803775787354,0.0
0.8456546068191528,0.0
0.7691264748573303,0.0
0.7345961332321167,0.0
0.6965616941452026,0.0
0.6476555466651917,0.0
0.599510669708252,0.0
0.5535811185836792,0.0
0.5092583894729614,0.0
0.4595514237880707,0.0
0.39719468355178833,0.0
0.3449445962905884,0.0
0.32107651233673096,0.0
0.30529171228408813,0.0
0.31313204765319824,0.0
0.3024942874908447,0.0
0.27885764837265015,0.0
0.2634562849998474,0.0
0.26253238320350647,0.0
0.26024937629699707,0.0
0.2736259996891022,0.0
0.21067030727863312,0.0
0.3127022087574005,0.0
0.3824886977672577,0.0
0.4489474296569824,0.0
0.479381263256073,0.0
0.5161880850791931,0.0
0.56065434217453,0.0
0.637971043586731,0.0
0.7213808298110962,0.0
0.8041149377822876,0.0
0.8917543888092041,0.0
0.982236921787262,0.0
1.0754945278167725,0.0
1.175047755241394,0.0
1.254048466682434,0.0
1.3361809253692627,0.0
1.4497495889663696,0.0
1.5591151714324951,0.0
1.6831635236740112,0.0
1.936666488647461,0.0
2.278268575668335,0.62
2.9042580127716064,0.8
3.2864527702331543,1.12
3.7492218017578125,2.1
4.5674052238464355,3.4
5.361159324645996,3.76
5.729182243347168,5.36
6.698337554931641,5.56
7.687361240386963,8.22
9.1943998336792,9.41
9.825052261352539,9.18
10.354118347167969,10.21
11.510661125183105,14.37
11.308527946472168,13.13
10.446261405944824,13.48
11.2647705078125,11.98
12.69393539428711,14.82
15.673248291015625,16.71
17.983638763427734,14.09
18.897441864013672,21.37
18.903207778930664,21.74
16.84383773803711,18.57
14.356470108032227,17.68
11.585126876831055,10.66
9.316494941711426,7.74
8.30561637878418,10.76
8.676092147827148,12.62
8.156672477722168,8.45
9.45962142944336,10.54
11.86601448059082,12.14
13.789999961853027,12.14
15.143047332763672,18.45
15.859760284423828,16.21
14.19831371307373,18.79
12.224857330322266,10.1
9.813493728637695,10.71
9.110991477966309,9.69
8.14380931854248,7.07
7.091923236846924,6.69
6.48410177230835,5.82
5.624705791473389,4.73
4.7145609855651855,3.7899999999999996
3.850074529647827,3.23
3.025043487548828,1.72
2.202713966369629,1.14
1.7165018320083618,0.15
1.349378228187561,0.0
1.2463546991348267,0.0
1.1871635913848877,0.0
1.1412882804870605,0.0
1.0865278244018555,0.0
1.0256953239440918,0.0
0.9625589847564697,0.0
0.9005227088928223,0.0
0.8335075378417969,0.0
0.7554069757461548,0.0
0.700551450252533,0.0
0.6429124474525452,0.0
0.6002199053764343,0.0
0.5522526502609253,0.0
0.5144994258880615,0.0
0.47491657733917236,0.0
0.4261365830898285,0.0
0.38019463419914246,0.0
0.3386247456073761,0.0
0.29567912220954895,0.0
0.2723306119441986,0.0
0.26538971066474915,0.0
0.25377118587493896,0.0
0.24482175707817078,0.0
0.23151856660842896,0.0
0.25970935821533203,0.0
0.270762175321579,0.0
0.28632915019989014,0.0
0.31689149141311646,0.0
0.30975088477134705,0.0
0.3406151831150055,0.0
0.37665534019470215,0.0
0.39107972383499146,0.0
0.4479941725730896,0.0
0.49779945611953735,0.0
0.5687825083732605,0.0
0.6397985816001892,0.0
0.7228577733039856,0.0
0.8094522953033447,0.0
0.9012593030929565,0.0
0.9947789907455444,0.0
1.105285882949829,0.0
1.2105231285095215,0.0
1.251489281654358,0.0
1.2600760459899902,0.0
1.2995234727859497,0.0
1.4040969610214233,0.0
1.6087769269943237,0.0
1.7704998254776,0.09
2.4839441776275635,1.1
3.714224338531494,1.9599999999999997
4.944587707519531,3.12
6.414186477661133,4.98
8.07766342163086,6.79
8.787134170532227,10.9
9.215524673461914,10.1
8.950915336608887,8.55
9.02012825012207,9.28
9.381987571716309,9.83
9.41238021850586,7.27
9.813606262207031,14.3
10.869654655456543,13.74
10.926107406616211,12.68
12.28756046295166,13.51
14.952042579650879,15.890000000000002
17.773021697998047,19.24
20.149240493774414,20.8
21.719860076904297,22.66
22.78628158569336,22.99
23.168540954589844,23.36
23.581518173217773,23.7
24.29051971435547,24.24
24.25689125061035,25.39
22.813547134399414,24.16
21.50687026977539,24.66
21.36775016784668,23.85
18.33361053466797,21.99
16.058349609375,14.85
14.651304244995117,17.06
15.288834571838379,23.46
15.237046241760254,14.71
14.446026802062988,8.75
16.01548957824707,22.02
17.83784294128418,19.46
15.327247619628906,15.48
13.05058479309082,16.1
11.337398529052734,12.94
8.874513626098633,7.69
6.745417594909668,6.7
5.5684428215026855,4.69
4.27617883682251,3.52
3.3088088035583496,2.23
2.4940364360809326,0.8
1.957191824913025,0.75
1.7564562559127808,0.64
1.5211503505706787,0.05
1.2948185205459595,0.0
1.2262344360351562,0.0
1.1782766580581665,0.0
1.1182801723480225,0.0
1.0705112218856812,0.0
0.9969949722290039,0.0
0.9397805333137512,0.0
0.8822615742683411,0.0
0.8366310596466064,0.0
0.7945082783699036,0.0
0.7341959476470947,0.0
0.6632205843925476,0.0
0.6095977425575256,0.0
0.563439130783081,0.0
0.5244605541229248,0.0
0.4893946945667267,0.0
0.4417237341403961,0.0
0.3921300172805786,0.0
0.33346015214920044,0.0
0.30984342098236084,0.0
0.2952451705932617,0.0
0.30289170145988464,0.0
0.30311810970306396,0.0
0.3205699026584625,0.0
0.3166763484477997,0.0
0.2996976375579834,0.0
0.29399538040161133,0.0
0.310512512922287,0.0
0.3425033390522003,0.0
0.3839952051639557,0.0
0.42715984582901,0.0
0.49108731746673584,0.0
0.5456148386001587,0.0
0.6077617406845093,0.0
0.6632096171379089,0.0
0.6703248620033264,0.0
0.7300089001655579,0.0
0.8130815029144287,0.0
0.9398073554039001,0.0
1.0187952518463135,0.0
1.125089168548584,0.0
1.2407703399658203,0.0
1.3399662971496582,0.0
1.4361422061920166,0.0
1.5235233306884766,0.0
1.5441467761993408,0.0
1.6138315200805664,0.0
1.5927244424819946,0.0
1.7983202934265137,0.27
2.26348876953125,0.58
2.811276435852051,1.13
4.233303070068359,2.79
6.002217769622803,3.8499999999999996
7.274997711181641,7.5
8.45914363861084,8.14
9.854026794433594,9.85
10.6898775100708,12.69
11.180176734924316,9.66
11.591029167175293,9.58
12.631254196166992,14.44
12.678899765014648,14.81
10.99566650390625,8.35
9.971016883850098,12.26
10.510032653808594,11.86
10.027334213256836,8.87
9.930720329284668,8.24
10.825885772705078,11.12
12.028315544128418,12.43
12.005510330200195,12.26
11.820420265197754,10.9
11.75793170928955,11.05
11.406096458435059,10.85
10.043160438537598,9.6
8.245779991149902,7.5
6.4952712059021,9.15
5.555174827575684,5.91
4.968071460723877,2.81
5.804113388061523,3.58
7.899170875549316,8.11
9.890114784240723,10.04
10.284103393554688,11.75
9.639914512634277,10.12
8.43544864654541,8.01
7.867509841918945,8.2
7.468380451202393,6.53
6.644524574279785,4.96
6.196288108825684,5.95
6.060750961303711,6.34
5.3771138191223145,4.52
4.299813270568848,2.12
3.5433690547943115,2.14
3.297842264175415,2.93
2.9014787673950195,1.9599999999999997
2.1471333503723145,0.47
1.573045015335083,0.0
1.376436710357666,0.0
1.3006192445755005,0.0
1.2385978698730469,0.0
1.1806875467300415,0.0
1.1394219398498535,0.0
1.0870424509048462,0.0
1.0395641326904297,0.0
0.9976139068603516,0.0
0.9437446594238281,0.0
0.8771748542785645,0.0
0.7952960729598999,0.0
0.7093166708946228,0.0
0.6302735209465027,0.0
0.5785415172576904,0.0
0.5253410935401917,0.0
0.4871807396411896,0.0
0.445692777633667,0.0
0.402667760848999,0.0
0.38418084383010864,0.0
0.3656836748123169,0.0
0.3334729075431824,0.0
0.3165284991264343,0.0
0.29609665274620056,0.0
0.276625394821167,0.0
0.25842803716659546,0.0
0.21573364734649658,0.0
0.2271018624305725,0.0
0.25572672486305237,0.0
0.30101728439331055,0.0
0.32996657490730286,0.0
0.3524157702922821,0.0
0.3705982565879822,0.0
0.4121897518634796,0.0
0.46599599719047546,0.0
0.5519241094589233,0.0
0.6412522792816162,0.0
0.7218929529190063,0.0
0.8049003481864929,0.0
0.8702281713485718,0.0
0.9443170428276062,0.0
1.017548680305481,0.0
1.1609145402908325,0.0
1.3234459161758423,0.0
1.407636284828186,0.0
1.4953985214233398,0.0
1.5581468343734741,0.0
1.5930309295654297,0.0
1.6638073921203613,0.0
1.761244773864746,0.0
1.9343063831329346,0.0
2.2181358337402344,0.0
2.717919111251831,0.58
3.458709239959717,0.92
4.174561023712158,1.68
4.846729755401611,2.86
5.241711616516113,4.03
5.55092191696167,4.69
5.91389799118042,4.53
6.33355188369751,3.68
6.763793468475342,3.71
7.504523277282715,5.23
7.778787136077881,7.959999999999999
7.766611576080322,7.2
6.175338268280029,5.52
5.515987873077393,4.08
5.898371696472168,4.62
7.141230583190918,3.64
8.643498420715332,8.23
9.988347053527832,6.6
9.550033569335938,13.4
9.048126220703125,9.95
7.619363784790039,8.42
7.645264625549316,7.07
8.310385704040527,6.01
9.702404975891113,8.2
11.546679496765137,13.66
12.086613655090332,14.48
9.991856575012207,11.38
8.23780345916748,9.95
7.202808380126953,10.14
8.444598197937012,9.77
9.60767650604248,8.3
11.30302906036377,10.63
13.105241775512695,16.62
14.079086303710938,14.91
13.331290245056152,18.21
12.222501754760742,9.37
10.447242736816406,11.41
10.481990814208984,10.48
9.30748462677002,11.12
7.929070472717285,8.44
6.033466339111328,4.46
4.400936603546143,4.4
3.5357978343963623,2.57
2.5022237300872803,0.82
1.7816890478134155,0.26
1.4989436864852905,0.0
1.3645795583724976,0.0
1.295422911643982,0.0
1.2429713010787964,0.0
1.1877496242523193,0.0
1.1174644231796265,0.0
1.0391223430633545,0.0
0.9856575131416321,0.0
0.9260924458503723,0.0
0.8877126574516296,0.0
0.8370307683944702,0.0
0.771165668964386,0.0
0.7353153824806213,0.0
0.6827115416526794,0.0
0.64090895652771,0.0
0.5942593812942505,0.0
0.5460718274116516,0.0
0.5107347369194031,0.0
0.4742463529109955,0.0
0.4265018701553345,0.0
0.38626614212989807,0.0
0.3103002905845642,0.0
0.29605987668037415,0.0
0.2837066352367401,0.0
0.27392929792404175,0.0
0.2542842626571655,0.0
0.20216447114944458,0.0
0.21309033036231995,0.0
0.23901623487472534,0.0
0.28574085235595703,0.0
0.33904150128364563,0.0
0.37972065806388855,0.0
0.4219741225242615,0.0
0.4834173917770386,0.0
0.5706243515014648,0.0
0.6552121043205261,0.0
0.7461749315261841,0.0
0.8325402736663818,0.0
0.923330545425415,0.0
0.9940534830093384,0.0
1.077574372291565,0.0
1.1618647575378418,0.0
1.2471623420715332,0.0
1.3706142902374268,0.0
1.476831316947937,0.0
1.5798988342285156,0.0
1.6719326972961426,0.0
1.7653144598007202,0.0
1.8616377115249634,0.0
1.9795408248901367,0.0
2.096529960632324,0.0
2.238834857940674,0.0
2.3947036266326904,0.0
2.576139211654663,0.08
2.813384532928467,0.36
3.0533852577209473,0.48999999999999994
3.2679150104522705,1.03
3.503113269805908,1.07
3.534989833831787,1.26
3.703094720840454,1.53
4.121042728424072,1.73
4.976324081420898,2.26
6.16431999206543,3.23
7.266998291015625,4.25
8.07302188873291,6.86
8.390134811401367,7.5600000000000005
7.750014305114746,7.25
6.797001838684082,5.29
5.888433933258057,2.92
5.5197858810424805,3.17
5.752397537231445,3.58
5.948816776275635,3.69
5.997781276702881,5.06
5.832615375518799,4.79
5.354822158813477,4.0
5.512101173400879,3.7
5.928136825561523,4.3
6.456679821014404,5.12
7.486141204833984,6.39
8.448152542114258,8.37
8.503100395202637,8.48
7.476437568664551,6.32
6.836550235748291,7.46
7.192844867706299,8.59
7.073246002197266,5.56
6.9811882972717285,4.16
7.7708916664123535,6.96
8.564436912536621,10.2
8.075891494750977,7.88
6.213257789611816,4.47
4.704494476318359,4.58
3.827202081680298,2.81
2.752166271209717,0.71
2.070600748062134,0.57
1.8596041202545166,0.24
1.64113187789917,0.0
1.5150099992752075,0.0
1.4234310388565063,0.0
1.3394159078598022,0.0
1.2558759450912476,0.0
1.1887414455413818,0.0
1.1076358556747437,0.0
1.01846444606781,0.0
0.9473544359207153,0.0
0.8953819274902344,0.0
0.8340423703193665,0.0
0.7970333099365234,0.0
0.7686808109283447,0.0
0.7414318323135376,0.0
0.6725383996963501,0.0
0.5914883017539978,0.0
0.5431469678878784,0.0
0.5068615674972534,0.0
0.47753390669822693,0.0
0.43311193585395813,0.0
0.3329083025455475,0.0
0.2797475755214691,0.0
0.24353183805942535,0.0
0.24165350198745728,0.0
0.23365817964076996,0.0
0.2167646288871765,0.0
0.19050580263137817,0.0
0.19231349229812622,0.0
0.206658273935318,0.0
0.22781945765018463,0.0
0.255850225687027,0.0
0.2928684949874878,0.0
0.337078332901001,0.0
0.38613593578338623,0.0
0.44227179884910583,0.0
0.5069237947463989,0.0
0.5778663158416748,0.0
0.6554260849952698,0.0
0.739658534526825,0.0
0.8292240500450134,0.0
0.9238922595977783,0.0
1.0226764678955078,0.0
1.124528408050537,0.0
1.2268238067626953,0.0
1.3286712169647217,0.0
1.4341542720794678,0.0
1.5232210159301758,0.0
1.6215028762817383,0.0
1.741310954093933,0.0
1.9236812591552734,0.0
2.1223745346069336,0.0
2.3718631267547607,0.0
2.673473834991455,0.65
2.9748005867004395,0.93
3.1478724479675293,1.24
3.3948893547058105,1.09
3.540914535522461,1.64
3.802490711212158,1.82
4.11931037902832,2.28
5.280146598815918,3.9199999999999995
6.629773139953613,5.02
7.546552658081055,5.31
8.678217887878418,8.25
9.514129638671875,10.42
9.32862663269043,11.97
9.301004409790039,8.66
9.182158470153809,8.84
9.83513069152832,11.28
10.423800468444824,10.44
10.8731689453125,13.17
11.856108665466309,15.94
11.380114555358887,12.01
10.419188499450684,13.21
11.505989074707031,14.82
13.530760765075684,16.47
15.520153999328613,16.23
17.151559829711914,14.76
18.109149932861328,19.7
18.08819007873535,22.63
16.037193298339844,20.36
13.37466812133789,13.66
11.110946655273438,10.72
10.59591293334961,8.77
10.77470588684082,10.49
10.951061248779297,13.65
9.223245620727539,9.72
7.02274751663208,6.4
6.207834243774414,6.28
6.001821041107178,4.7
5.53961706161499,3.04
5.371669769287109,2.74
5.386380195617676,9.01
5.230773448944092,3.9500000000000006
3.1273269653320312,0.92
2.1439645290374756,0.59
1.9096449613571167,0.9
1.7113239765167236,0.0
1.4033560752868652,0.0
1.3262792825698853,0.0
1.2552943229675293,0.0
1.2044031620025635,0.0
1.1623845100402832,0.0
1.0945639610290527,0.0
1.03551185131073,0.0
0.9702414870262146,0.0
0.9183500409126282,0.0
0.8699516654014587,0.0
0.7935249209403992,0.0
0.7106984853744507,0.0
0.6468672156333923,0.0
0.6038506031036377,0.0
0.5475214719772339,0.0
0.48586320877075195,0.0
0.4394761323928833,0.0
0.3938247263431549,0.0
0.3580724596977234,0.0
0.3011622428894043,0.0
0.2687900960445404,0.0
0.24763238430023193,0.0
0.234124094247818,0.0
0.2261815220117569,0.0
0.22528377175331116,0.0
0.22564855217933655,0.0
0.2349080890417099,0.0
0.25471609830856323,0.0
0.28386276960372925,0.0
0.31738221645355225,0.0
0.3591500222682953,0.0
0.4051898121833801,0.0
0.46127980947494507,0.0
0.5200522541999817,0.0
0.5874475240707397,0.0
0.6646884679794312,0.0
0.7526760697364807,0.0
0.8533916473388672,0.0
0.9655572175979614,0.0
1.0477538108825684,0.0
1.1514407396316528,0.0
1.2564022541046143,0.0
1.3611910343170166,0.0
1.4359641075134277,0.0
1.5051087141036987,0.0
1.6108382940292358,0.0
1.8187370300292969,0.0
2.0669217109680176,0.0
2.3746695518493652,0.09
2.6418848037719727,0.77
2.9613466262817383,1.31
2.1587870121002197,1.98
1.7352657318115234,1.61
2.9224634170532227,1.63
4.675171852111816,2.16
7.0221428871154785,4.65
9.923237800598145,6.21
12.930262565612793,18.84
15.087847709655762,17.34
13.692752838134766,11.12
13.006540298461914,13.31
13.679423332214355,14.52
12.782161712646484,14.02
11.376771926879883,11.42
8.66291332244873,8.8
6.711761474609375,8.87
5.200104236602783,8.47
4.9118571281433105,6.3
6.752479076385498,8.79
10.419325828552246,8.35
16.418798446655273,18.68
22.665021896362305,19.0
24.959644317626953,24.96
25.373891830444336,26.48
22.528779983520508,25.41
18.219945907592773,25.25
13.026992797851562,10.16
7.312457084655762,6.91
5.1180267333984375,2.65
3.8302981853485107,2.66
3.772239923477173,3.62
3.0857112407684326,3.16
3.202470541000366,5.02
4.903684616088867,4.27
7.176082134246826,6.74
9.567870140075684,8.0
11.10449504852295,8.98
11.576997756958008,15.81
11.008572578430176,13.71
8.296316146850586,7.55
5.659148216247559,3.9199999999999995
4.196086883544922,3.28
3.451202869415283,2.24
2.728578567504883,1.9899999999999998
2.1483724117279053,0.47
1.568610429763794,0.0
1.392354130744934,0.0
1.3409713506698608,0.0
1.27287757396698,0.0
1.2048594951629639,0.0
1.1598451137542725,0.0
1.0904736518859863,0.0
1.025212287902832,0.0
0.9465460777282715,0.0
0.9007635116577148,0.0
0.845342755317688,0.0
0.7771545648574829,0.0
0.714452862739563,0.0
0.6656770706176758,0.0
0.6101783514022827,0.0
0.5634688138961792,0.0
0.5291503667831421,0.0
0.4873914122581482,0.0
0.4430828094482422,0.0
0.41047388315200806,0.0
0.3715629577636719,0.0
0.3187185227870941,0.0
0.2784949839115143,0.0
0.28237223625183105,0.0
0.2711951434612274,0.0
0.24386274814605713,0.0
0.23692432045936584,0.0
0.23738297820091248,0.0
0.24886071681976318,0.0
0.2693655490875244,0.0
0.2984185516834259,0.0
0.3309394419193268,0.0
0.3730701208114624,0.0
0.4285934865474701,0.0
0.47812995314598083,0.0
0.5356946587562561,0.0
0.612257182598114,0.0
0.7137831449508667,0.0
0.833019495010376,0.0
0.9431394338607788,0.0
1.0546785593032837,0.0
1.1703627109527588,0.0
1.304284930229187,0.0
1.4136035442352295,0.0
1.5229641199111938,0.0
1.5797502994537354,0.0
1.6538861989974976,0.0
1.7281780242919922,0.0
1.7966513633728027,0.0
1.8481745719909668,0.0
1.7244646549224854,0.0
1.416658878326416,0.0
1.636703610420227,0.0
2.7304275035858154,0.65
4.367867469787598,1.46
6.444185256958008,2.93
8.341232299804688,7.510000000000001
9.867308616638184,12.85
10.991923332214355,12.13
10.927824974060059,9.56
10.786688804626465,10.1
11.702556610107422,9.56
11.851051330566406,13.77
11.332725524902344,15.36
10.268909454345703,9.93
9.4180269241333,9.88
10.375097274780273,10.9
11.53055191040039,8.69
12.971641540527344,12.84
14.706080436706543,17.51
14.198671340942383,13.05
11.839600563049316,11.72
9.50123119354248,9.64
6.955544471740723,8.78
5.746025085449219,4.88
5.171937465667725,2.04
6.059126377105713,3.73
7.7041521072387695,4.51
8.565132141113281,9.29
8.680245399475098,11.26
7.422399997711182,6.14
5.455906391143799,4.36
4.989567756652832,3.27
5.050162315368652,2.47
5.258399963378906,4.12
5.513638496398926,5.73
5.131739139556885,3.39
4.038034439086914,3.65
3.3831543922424316,1.85
2.547118663787842,0.47
2.1197669506073,0.89
1.9929237365722656,0.54
1.7015888690948486,0.06
1.4893617630004883,0.0
1.430720329284668,0.0
1.376025915145874,0.0
1.3107972145080566,0.0
1.2379968166351318,0.0
1.1627718210220337,0.0
1.0875158309936523,0.0
1.0175721645355225,0.0
0.9484389424324036,0.0
0.8990617990493774,0.0
0.8606470823287964,0.0
0.764928936958313,0.0
0.6911377906799316,0.0
0.6394817233085632,0.0
0.5912159085273743,0.0
0.5513901114463806,0.0
0.4930694103240967,0.0
0.4403318762779236,0.0
0.40095236897468567,0.0
0.3618308901786804,0.0
0.3105357587337494,0.0
0.27446573972702026,0.0
0.24960580468177795,0.0
0.2304825484752655,0.0
0.22004184126853943,0.0
0.2182084321975708,0.0
0.22148475050926208,0.0
0.23184411227703094,0.0
0.24859361350536346,0.0
0.26659873127937317,0.0
0.295968234539032,0.0
0.33580419421195984,0.0
0.3858277201652527,0.0
0.44871312379837036,0.0
0.5225027203559875,0.0
0.5973479151725769,0.0
0.6723527908325195,0.0
0.7558354139328003,0.0
0.8429014682769775,0.0
0.9335373044013977,0.0
1.0318094491958618,0.0
1.1356133222579956,0.0
1.2450008392333984,0.0
1.3544379472732544,0.0
1.4638453722000122,0.0
1.569849967956543,0.0
1.674249291419983,0.0
1.758298397064209,0.0
1.8387576341629028,0.0
1.927839994430542,0.0
2.163971424102783,0.0
2.4481959342956543,0.0
2.7321338653564453,0.0
2.9933524131774902,0.68
3.3230769634246826,1.41
3.636387825012207,2.25
3.718459129333496,0.92
3.840991258621216,0.84
4.449257850646973,1.43
5.079056262969971,3.64
5.89872932434082,4.14
6.4123125076293945,3.65
6.795859336853027,5.46
6.900125503540039,4.74
7.164971351623535,5.29
7.455733776092529,7.37
6.967294692993164,6.09
6.343573570251465,4.06
6.863755226135254,5.3
8.083711624145508,9.57
8.526997566223145,5.59
8.008658409118652,7.01
9.240544319152832,12.46
9.61540412902832,11.46
8.502861022949219,8.4
8.202860832214355,8.28
9.114139556884766,11.26
10.55875015258789,14.76
11.573188781738281,10.98
11.625502586364746,13.51
13.200907707214355,15.86
14.5909423828125,16.19
14.42586612701416,16.51
14.262079238891602,14.53
14.123634338378906,13.35
13.938036918640137,17.31
13.187463760375977,13.45
10.76972770690918,8.47
8.730365753173828,11.53
7.356493949890137,7.24
4.801655292510986,3.7800000000000002
3.2248330116271973,1.51
2.4920644760131836,0.34
2.3199241161346436,0.28
2.4035699367523193,0.75
2.4458465576171875,1.54
2.3465237617492676,1.52
1.939180850982666,0.39
1.486795425415039,0.0
1.311004638671875,0.0
1.2397327423095703,0.0
1.176527500152588,0.0
1.118510127067566,0.0
1.0485495328903198,0.0
0.9938300848007202,0.0
0.9517800807952881,0.0
0.890909731388092,0.0
0.8273447751998901,0.0
0.7796095609664917,0.0
0.6948486566543579,0.0
0.6449649333953857,0.0
0.6147181391716003,0.0
0.5867598056793213,0.0
0.5566917657852173,0.0
0.4924946427345276,0.0
0.4033871293067932,0.0
0.34829869866371155,0.0
0.301246702671051,0.0
0.26300355792045593,0.0
0.2330683171749115,0.0
0.21564356982707977,0.0
0.21238289773464203,0.0
0.221866637468338,0.0
0.2562411427497864,0.0
0.2969115972518921,0.0
0.33502936363220215,0.0
0.3771074116230011,0.0
0.4147718846797943,0.0
0.4609258770942688,0.0
0.5262167453765869,0.0
0.5761054158210754,0.0
0.6508073806762695,0.0
0.7474015951156616,0.0
0.8446387648582458,0.0
0.9270576238632202,0.0
1.022986650466919,0.0
1.116532325744629,0.0
1.2154672145843506,0.0
1.2809571027755737,0.0
1.3652504682540894,0.0
1.440547227859497,0.0
1.5128268003463745,0.0
1.6212596893310547,0.0
1.7657970190048218,0.0
2.0011744499206543,0.0
2.344482183456421,0.0
2.8040597438812256,0.67
3.3745205402374268,1.34
3.743431568145752,1.78
4.2856035232543945,2.58
4.686014652252197,3.1
4.827276229858398,3.65
5.276036739349365,4.22
5.817512035369873,4.89
7.069250583648682,7.5600000000000005
7.6109466552734375,6.67
8.14648151397705,9.28
10.532659530639648,12.52
12.186830520629883,12.39
11.776640892028809,14.04
12.823360443115234,11.92
14.77717113494873,18.62
15.620405197143555,19.29
13.020527839660645,12.12
12.46925163269043,13.2
14.675495147705078,22.92
15.99647331237793,15.930000000000001
16.319841384887695,10.85
19.396156311035156,18.0
21.6683406829834,25.74
19.867156982421875,20.09
14.54037857055664,16.57
10.912741661071777,16.75
8.268595695495605,7.16
5.542956352233887,1.52
6.442193984985352,2.08
9.000752449035645,8.48
11.271356582641602,16.21
11.158552169799805,9.15
8.756563186645508,6.08
7.656205654144287,9.58
6.957465171813965,5.2
5.129563808441162,4.18
4.212808132171631,2.74
3.3506085872650146,1.57
3.0142853260040283,1.41
3.009183168411255,1.65
3.031148672103882,1.59
2.9159059524536133,1.0
2.722996473312378,1.16
2.6350393295288086,1.98
2.464402675628662,0.9799999999999999
1.9460525512695312,0.5
1.6484073400497437,0.03
1.451402187347412,0.0
1.3942523002624512,0.0
1.3476094007492065,0.0
1.2662858963012695,0.0
1.180323839187622,0.0
1.1062755584716797,0.0
1.057064414024353,0.0
0.9871760606765747,0.0
0.8567399382591248,0.0
0.7733922600746155,0.0
0.7124873399734497,0.0
0.65416020154953,0.0
0.6085847020149231,0.0
0.5581657886505127,0.0
0.5074848532676697,0.0
0.46166297793388367,0.0
0.4176848828792572,0.0
0.38114815950393677,0.0
0.34634795784950256,0.0
0.2897276282310486,0.0
0.25312554836273193,0.0
0.22856968641281128,0.0
0.21788489818572998,0.0
0.21687783300876617,0.0
0.23112058639526367,0.0
0.24984218180179596,0.0
0.28389012813568115,0.0
0.33090490102767944,0.0
0.37199175357818604,0.0
0.41498908400535583,0.0
0.45436006784439087,0.0
0.4989849328994751,0.0
0.5488840341567993,0.0
0.6058897972106934,0.0
0.6892927885055542,0.0
0.7773422598838806,0.0
0.8616428971290588,0.0
0.959216833114624,0.0
1.0626600980758667,0.0
1.1601123809814453,0.0
1.2574554681777954,0.0
1.353488564491272,0.0
1.449827790260315,0.0
1.5447946786880493,0.0
1.6612226963043213,0.0
1.7774015665054321,0.0
1.921037197113037,0.0
2.043536901473999,0.02
2.394909381866455,0.36
2.9077577590942383,0.75
3.06583833694458,0.9499999999999998
3.37499737739563,1.83
3.651381731033325,2.89
3.953627109527588,4.92
4.862351894378662,4.31
7.665881156921387,5.06
11.199906349182129,11.97
14.435173034667969,12.69
15.788118362426758,16.25
16.614042282104492,19.12
15.686357498168945,19.57
13.588814735412598,12.43
12.433422088623047,13.22
13.346965789794922,15.439999999999998
14.25232219696045,13.99
14.525529861450195,13.34
15.19946002960205,15.0
15.151850700378418,16.36
13.864283561706543,13.54
11.603483200073242,11.63
8.834555625915527,9.03
7.090956687927246,5.81
6.496135711669922,6.14
6.804231643676758,3.44
6.558040618896484,2.87
7.364986419677734,5.83
7.594843864440918,11.81
6.862421035766602,7.13
5.4783101081848145,3.67
5.980563640594482,2.94
7.2372026443481445,7.08
8.364871978759766,5.34
8.694184303283691,11.46
9.171049118041992,10.27
7.669895648956299,6.21
5.9244794845581055,3.28
5.496637344360352,5.06
5.708415985107422,6.01
5.19180965423584,3.69
4.191781044006348,2.26
3.6433091163635254,1.64
3.3168938159942627,3.81
3.021991014480591,1.23
1.9881033897399902,0.2
1.6089389324188232,0.0
1.4696972370147705,0.0
1.396510362625122,0.0
1.346158504486084,0.0
1.2839711904525757,0.0
1.228938341140747,0.0
1.1687109470367432,0.0
1.1001372337341309,0.0
1.0368595123291016,0.0
0.9918597936630249,0.0
0.9406930804252625,0.0
0.8817355632781982,0.0
0.8327317833900452,0.0
0.7658517956733704,0.0
0.6803945302963257,0.0
0.630536675453186,0.0
0.5940439105033875,0.0
0.540226936340332,0.0
0.486191064119339,0.0
0.44444209337234497,0.0
0.3813839554786682,0.0
0.3474947214126587,0.0
0.32312941551208496,0.0
0.30842655897140503,0.0
0.3016279339790344,0.0
0.28955966234207153,0.0
0.2891665995121002,0.0
0.3039515018463135,0.0
0.33621713519096375,0.0
0.38059741258621216,0.0
0.43057698011398315,0.0
0.4572693705558777,0.0
0.5069520473480225,0.0
0.5675630569458008,0.0
0.6383248567581177,0.0
0.6830951571464539,0.0
0.7142386436462402,0.0
0.801185131072998,0.0
0.8927696943283081,0.0
0.9769492745399475,0.0
1.0713551044464111,0.0
1.1859217882156372,0.0
1.3045307397842407,0.0
1.3969131708145142,0.0
1.4854627847671509,0.0
1.5892385244369507,0.0
1.673044204711914,0.0
1.8108934164047241,0.0
1.9717285633087158,0.0
2.1670122146606445,0.0
2.385185718536377,0.23
2.616584300994873,0.31
2.82299542427063,0.99
3.1424684524536133,0.87
3.3587939739227295,1.1
3.8189690113067627,1.16
4.320866107940674,1.6
4.836039066314697,2.39
5.335842609405518,3.51
5.61839485168457,3.33
5.615479946136475,4.11
5.5562896728515625,3.35
5.304218292236328,3.2
5.256981372833252,3.9000000000000004
5.528726577758789,3.34
6.132781505584717,3.99
7.046594142913818,4.74
7.757331848144531,5.79
8.44013500213623,6.89
8.909215927124023,8.31
8.894146919250488,7.839999999999999
8.055951118469238,5.87
7.242288112640381,5.6
6.934062957763672,6.62
6.525296211242676,5.49
6.037781238555908,4.04
6.033770561218262,3.7999999999999994
6.757795333862305,5.73
7.363697052001953,6.14
7.424545764923096,5.76
7.406359672546387,6.67
7.179020881652832,6.2
6.583542823791504,6.05
5.86187219619751,4.01
5.242982864379883,4.09
5.089078426361084,3.74
4.820556163787842,2.56
4.4769206047058105,3.13
4.248214244842529,2.67
3.6608757972717285,3.01
3.10979962348938,1.77
2.354679584503174,0.81
1.8384146690368652,0.0
1.5459723472595215,0.0
1.4791618585586548,0.0
1.4102956056594849,0.0
1.3276995420455933,0.0
1.2446417808532715,0.0
1.1780879497528076,0.0
1.108267903327942,0.0
1.042790174484253,0.0
0.977401852607727,0.0
0.90953528881073,0.0
0.8454550504684448,0.0
0.7726094722747803,0.0
0.7015528082847595,0.0
0.6475022435188293,0.0
0.5751138925552368,0.0
0.5088886618614197,0.0
0.47088006138801575,0.0
0.44225794076919556,0.0
0.4092423915863037,0.0
0.3676064610481262,0.0
0.33913281559944153,0.0
0.32196757197380066,0.0
0.3157031536102295,0.0
0.2871286869049072,0.0
0.27420032024383545,0.0
0.25801700353622437,0.0
0.27178052067756653,0.0
0.27227306365966797,0.0
0.3003520965576172,0.0
0.31213000416755676,0.0
0.3502761721611023,0.0
0.4017290771007538,0.0
0.45068061351776123,0.0
0.49790605902671814,0.0
0.5453817844390869,0.0
0.6085501313209534,0.0
0.6803113222122192,0.0
0.7578170299530029,0.0
0.842197060585022,0.0
0.9337538480758667,0.0
1.0308828353881836,0.0
1.1328216791152954,0.0
1.240135669708252,0.0
1.3463547229766846,0.0
1.4529614448547363,0.0
1.5292916297912598,0.0
1.6305246353149414,0.0
1.7793018817901611,0.0
1.9554977416992188,0.0
2.209951877593994,0.0
2.554274797439575,0.19
3.0008158683776855,0.93
3.4248275756835938,1.24
3.636392116546631,1.25
3.713507652282715,1.72
3.5670909881591797,1.77
3.219254732131958,1.64
2.974330425262451,1.11
3.2957370281219482,0.99
4.29421854019165,1.59
5.6293158531188965,2.43
6.995977401733398,6.09
8.538166999816895,8.33
8.930547714233398,9.74
9.656421661376953,8.62
10.019208908081055,7.800000000000001
10.321295738220215,8.99
10.92306137084961,10.8
10.934267044067383,9.57
10.206192016601562,11.6
9.361071586608887,6.34
7.5882391929626465,5.89
6.727487087249756,7.719999999999999
7.040593147277832,6.19
7.419149398803711,6.27
8.136874198913574,5.87
8.936969757080078,5.94
9.537664413452148,8.76
9.939597129821777,13.3
9.039046287536621,7.05
6.706899642944336,4.95
5.950094223022461,5.08
5.714298725128174,4.14
5.580363750457764,5.09
5.532258033752441,4.1
5.232412338256836,3.8900000000000006
5.2459716796875,4.3
5.333709239959717,4.43
5.183069229125977,4.09
4.814982891082764,3.0
4.342930793762207,3.3
3.9507052898406982,3.07
3.288597822189331,2.18
2.5352213382720947,0.94
1.9307255744934082,0.36
1.6178436279296875,0.0
1.4530062675476074,0.0
1.3898391723632812,0.0
1.3308990001678467,0.0
1.2681368589401245,0.0
1.206513524055481,0.0
1.1379845142364502,0.0
1.0413423776626587,0.0
0.9569321870803833,0.0
0.8873720765113831,0.0
0.8327125906944275,0.0
0.7749074697494507,0.0
0.7192908525466919,0.0
0.6609979867935181,0.0
0.6093835830688477,0.0
0.5561091899871826,0.0
0.5121631622314453,0.0
0.47320717573165894,0.0
0.43028953671455383,0.0
0.3935052156448364,0.0
0.3607397973537445,0.0
0.32739579677581787,0.0
0.29961124062538147,0.0
0.2730846405029297,0.0
0.26069608330726624,0.0
0.259340763092041,0.0
0.24811282753944397,0.0
0.2413294017314911,0.0
0.25363975763320923,0.0
0.2785719931125641,0.0
0.31628575921058655,0.0
0.36049985885620117,0.0
0.41167372465133667,0.0
0.46806710958480835,0.0
0.53297358751297,0.0
0.6070510149002075,0.0
0.6844114661216736,0.0
0.7681970596313477,0.0
0.8556798100471497,0.0
0.9460146427154541,0.0
1.0426658391952515,0.0
1.1427115201950073,0.0
1.2441761493682861,0.0
1.346566081047058,0.0
1.4308462142944336,0.0
1.5080293416976929,0.0
1.6114962100982666,0.0
1.7798973321914673,0.0
2.0201947689056396,0.0
2.339362859725952,0.0
2.767033815383911,0.67
3.2372190952301025,1.25
3.548916816711426,1.75
3.889194965362549,2.04
4.2201032638549805,2.52
4.640295505523682,3.05
4.663792610168457,3.23
4.755706787109375,4.75
5.964184284210205,6.48
7.886867523193359,6.84
10.248128890991211,8.37
12.662039756774902,9.58
14.269803047180176,14.76
14.546595573425293,15.919999999999998
12.032984733581543,13.54
9.53927993774414,10.29
7.3021979331970215,6.8
5.630530834197998,5.07
5.822462558746338,4.61
7.139798164367676,6.47
9.306851387023926,9.69
11.36499309539795,11.69
12.470069885253906,11.46
12.882368087768555,14.86
13.106193542480469,13.33
12.243317604064941,12.89
9.121334075927734,10.98
6.7175092697143555,9.46
7.225785255432129,9.25
8.610411643981934,8.78
10.269698143005371,7.23
12.37110710144043,6.68
13.804844856262207,21.34
14.801437377929688,20.18
11.403623580932617,9.52
7.800027370452881,8.06
7.565870761871338,7.18
7.8132147789001465,6.12
8.611231803894043,11.17
8.971181869506836,6.99
7.628645896911621,6.77
6.918593406677246,8.74
5.888021945953369,5.14
4.064704418182373,3.81
2.961836338043213,0.47
1.8535478115081787,0.64
1.725865125656128,0.0
1.4657701253890991,0.0
1.382278561592102,0.0
1.323049545288086,0.0
1.2681978940963745,0.0
1.2060167789459229,0.0
1.142499327659607,0.0
1.0816646814346313,0.0
1.0280508995056152,0.0
0.9806658029556274,0.0
0.937895655632019,0.0
0.8690229654312134,0.0
0.7711010575294495,0.0
0.7118122577667236,0.0
0.66390460729599,0.0
0.6144258975982666,0.0
0.5634631514549255,0.0
0.5041748285293579,0.0
0.43731483817100525,0.0
0.4018341302871704,0.0
0.3781406283378601,0.0
0.36211520433425903,0.0
0.34321701526641846,0.0
0.32023876905441284,0.0
0.30735546350479126,0.0
0.3049929738044739,0.0
0.3258417844772339,0.0
0.33826231956481934,0.0
0.3501979112625122,0.0
0.37883955240249634,0.0
0.41546759009361267,0.0
0.4377928376197815,0.0
0.48391464352607727,0.0
0.5476452708244324,0.0
0.6115564703941345,0.0
0.687539279460907,0.0
0.7702775001525879,0.0
0.8460167646408081,0.0
0.9202302098274231,0.0
1.0301393270492554,0.0
1.1278736591339111,0.0
1.2294684648513794,0.0
1.336221694946289,0.0
1.426307201385498,0.0
1.5075724124908447,0.0
1.615949034690857,0.0
1.7044892311096191,0.0
1.83762788772583,0.0
1.9748977422714233,0.0
2.171804189682007,0.09
2.2839596271514893,0.68
2.919759750366211,0.65
3.111053943634033,1.22
3.5558183193206787,1.87
3.9945878982543945,3.37
4.373805046081543,4.33
5.40350866317749,7.52
7.192136764526367,4.66
9.111879348754883,11.42
14.035811424255371,12.55
16.494224548339844,15.71
16.9685115814209,19.46
18.57218360900879,19.22
18.411500930786133,19.06
18.039766311645508,21.57
16.745567321777344,10.86
16.43536376953125,16.1
18.170507431030273,25.9
15.744789123535156,11.74
11.595630645751953,12.91
10.97111988067627,13.13
9.604609489440918,15.86
10.252891540527344,6.96
11.622425079345703,7.45
12.356827735900879,17.53
13.411643981933594,13.25
11.930224418640137,15.52
11.868115425109863,20.69
11.668468475341797,8.8
11.333869934082031,3.75
14.60666561126709,22.88
19.036447525024414,17.89
17.37246322631836,18.66
16.192819595336914,18.4
14.347057342529297,16.04
12.092105865478516,11.83
10.001012802124023,14.56
8.997644424438477,5.22
7.118664741516113,6.48
7.6378889083862305,8.88
7.487274646759033,6.75
6.309543609619141,6.26
5.327878475189209,5.05
4.187641143798828,3.07
3.0965631008148193,2.12
2.375087261199951,0.43
1.7403640747070312,0.0
1.5239259004592896,0.0
1.4482203722000122,0.0
1.3820831775665283,0.0
1.317877173423767,0.0
1.2580046653747559,0.0
1.2002582550048828,0.0
1.1371228694915771,0.0
1.0796103477478027,0.0
1.0090776681900024,0.0
0.9441456198692322,0.0
0.882741391658783,0.0
0.8265427947044373,0.0
0.769964337348938,0.0
0.7119613885879517,0.0
0.658100962638855,0.0
0.6026678085327148,0.0
0.5705707669258118,0.0
0.5113840103149414,0.0
0.4552624523639679,0.0
0.438245564699173,0.0
0.39307504892349243,0.0
0.38372811675071716,0.0
0.3894776403903961,0.0
0.35843923687934875,0.0
0.3274080753326416,0.0
0.3395286500453949,0.0
0.3507983088493347,0.0
0.3916577100753784,0.0
0.4102811813354492,0.0
0.3912860155105591,0.0
0.44794896245002747,0.0
0.5062811970710754,0.0
0.5638399124145508,0.0
0.6348905563354492,0.0
0.6680081486701965,0.0
0.7599182724952698,0.0
0.8438850045204163,0.0
0.9345407485961914,0.0
1.0111836194992065,0.0
1.0965118408203125,0.0
1.2160755395889282,0.0
1.3553202152252197,0.0
1.4534478187561035,0.0
1.5321513414382935,0.0
1.645195722579956,0.0
1.7782409191131592,0.0
1.8917714357376099,0.0
1.7344179153442383,0.0
1.7629972696304321,0.54
1.968432068824768,1.12
2.6386702060699463,0.89
4.23703670501709,1.34
6.336174488067627,2.98
9.379327774047852,9.5
11.732869148254395,10.5
12.163309097290039,12.3
11.779406547546387,12.63
9.93165111541748,9.9
8.513703346252441,11.15
7.266902446746826,5.2
6.3039984703063965,4.63
7.4608941078186035,5.1
9.304305076599121,7.46
11.804038047790527,16.11
13.851678848266602,9.86
13.253440856933594,13.33
13.7479887008667,12.76
13.324631690979004,13.21
11.341842651367188,12.77
8.358413696289062,9.93
6.092045783996582,6.89
6.320118427276611,6.59
6.568547248840332,8.27
8.015921592712402,5.3
12.189398765563965,14.8
16.790361404418945,18.71
18.373180389404297,18.25
18.00381851196289,12.95
16.27899742126465,23.03
16.284984588623047,23.22
12.815499305725098,9.65
9.185225486755371,10.19
9.286286354064941,8.54
9.392372131347656,7.76
10.370739936828613,17.86
11.449469566345215,7.59
9.465095520019531,8.4
9.6824312210083,10.21
9.390724182128906,11.21
8.215819358825684,9.47
6.408360481262207,5.72
4.638972759246826,2.26
3.472752094268799,2.63
3.0544610023498535,2.3
2.4846715927124023,0.68
1.8163326978683472,0.0
1.5379785299301147,0.0
1.4569952487945557,0.0
1.4094116687774658,0.0
1.352638602256775,0.0
1.2872153520584106,0.0
1.2273437976837158,0.0
1.1724470853805542,0.0
1.1182199716567993,0.0
1.0569396018981934,0.0
0.9914327263832092,0.0
0.9288648366928101,0.0
0.872893214225769,0.0
0.8137966394424438,0.0
0.7670179009437561,0.0
0.7231840491294861,0.0
0.6803478598594666,0.0
0.641143798828125,0.0
0.5968199968338013,0.0
0.5395787954330444,0.0
0.4948667883872986,0.0
0.462586909532547,0.0
0.43610918521881104,0.0
0.4257386028766632,0.0
0.4142298996448517,0.0
0.34647512435913086,0.0
0.3880205452442169,0.0
0.41437146067619324,0.0
0.44117259979248047,0.0
0.47550898790359497,0.0
0.4942256808280945,0.0
0.5181710124015808,0.0
0.5193101763725281,0.0
0.5958202481269836,0.0
0.6938436031341553,0.0
0.7751597166061401,0.0
0.864728569984436,0.0
0.9575813412666321,0.0
1.0656850337982178,0.0
1.1426148414611816,0.0
1.2448155879974365,0.0
1.3337352275848389,0.0
1.4086213111877441,0.0
1.5286965370178223,0.0
1.5929288864135742,0.0
1.656678318977356,0.0
1.6951392889022827,0.0
1.8662452697753906,0.0
2.028118848800659,0.0
1.9424434900283813,0.0
2.0497043132781982,0.43
3.005159854888916,0.97
3.648517370223999,1.84
5.081429958343506,1.73
6.610024452209473,2.91
8.221503257751465,9.39
9.43127155303955,9.68
8.622300148010254,4.93
7.7597551345825195,10.18
7.493494033813477,5.96
6.192202091217041,5.23
6.280030250549316,5.55
7.899133205413818,4.81
9.270925521850586,8.72
10.404038429260254,8.05
9.6950044631958,11.74
9.960138320922852,12.23
10.122004508972168,12.1
9.289616584777832,6.12
9.763398170471191,7.95
11.019657135009766,11.07
11.609082221984863,17.8
11.685302734375,13.04
8.75064754486084,9.04
8.82934856414795,14.4
10.353989601135254,10.24
11.854866027832031,15.260000000000002
15.502089500427246,16.96
18.495059967041016,13.81
20.884679794311523,25.47
22.310291290283203,21.6
19.628955841064453,21.64
16.95806884765625,20.84
13.504387855529785,15.21
9.662467002868652,8.96
6.353114128112793,4.56
4.546899318695068,3.73
4.5225725173950195,3.1
4.826540470123291,4.02
5.2784504890441895,3.71
5.277279376983643,2.4
5.102537155151367,4.92
4.984843730926514,6.07
4.0213823318481445,2.08
2.4870810508728027,0.81
1.9038914442062378,0.09
1.5976601839065552,0.0
1.4959702491760254,0.0
1.4311469793319702,0.0
1.372965931892395,0.0
1.311712384223938,0.0
1.2615389823913574,0.0
1.2202541828155518,0.0
1.1724690198898315,0.0
1.1189229488372803,0.0
1.0550755262374878,0.0
0.9973495006561279,0.0
0.9528979063034058,0.0
0.905924379825592,0.0
0.760478675365448,0.0
0.6503786444664001,0.0
0.5807212591171265,0.0
0.5441948771476746,0.0
0.5009870529174805,0.0
0.4650132954120636,0.0
0.4329592287540436,0.0
0.3864440619945526,0.0
0.3473241627216339,0.0
0.32269981503486633,0.0
0.3107476532459259,0.0
0.30329322814941406,0.0
0.2928934097290039,0.0
0.28364449739456177,0.0
0.2700297236442566,0.0
0.29845866560935974,0.0
0.3410835564136505,0.0
0.3663688600063324,0.0
0.37789496779441833,0.0
0.4201503396034241,0.0
0.4761808514595032,0.0
0.5369197130203247,0.0
0.6094704866409302,0.0
0.7010324001312256,0.0
0.7918052673339844,0.0
0.88069748878479,0.0
0.9823881387710571,0.0
1.0883303880691528,0.0
1.2036906480789185,0.0
1.3165793418884277,0.0
1.4098308086395264,0.0
1.5103187561035156,0.0
1.6296814680099487,0.0
1.7212070226669312,0.0
1.8161183595657349,0.0
1.9360026121139526,0.0
2.075946092605591,0.0
2.261411428451538,0.3
2.602555751800537,0.06
2.9075992107391357,0.55
3.281924247741699,1.09
3.740231513977051,1.6
4.427773475646973,2.34
4.667745590209961,3.1
5.024038314819336,3.0
4.5870041847229,4.08
5.874448299407959,6.38
7.407047271728516,6.58
8.926712989807129,5.3
10.69946002960205,10.51
12.589418411254883,10.9
13.165411949157715,19.21
12.89326000213623,10.95
10.210999488830566,10.57
9.902344703674316,9.59
9.508211135864258,9.99
9.768523216247559,10.26
9.822799682617188,9.71
10.729680061340332,9.45
11.61430549621582,12.0
12.355509757995605,10.65
11.957507133483887,12.17
11.331275939941406,10.57
10.09045696258545,11.53
8.757896423339844,6.35
7.119842529296875,5.83
6.743361473083496,4.39
6.421814441680908,4.67
6.292203903198242,5.22
5.880639553070068,3.62
5.127796173095703,3.75
4.579677581787109,2.91
3.8192243576049805,1.83
3.075546979904175,1.25
2.7764344215393066,1.05
2.7463719844818115,0.58
2.7789692878723145,0.51
2.9398789405822754,0.78
3.08366322517395,1.35
3.089599609375,2.59
2.8207101821899414,1.23
2.1090712547302246,0.04
1.7152780294418335,0.0
1.6279269456863403,0.0
1.5578265190124512,0.0
1.4738616943359375,0.0
1.3852169513702393,0.0
1.3054174184799194,0.0
1.234768033027649,0.0
1.1612632274627686,0.0
1.0934127569198608,0.0
1.0337282419204712,0.0
0.9664457440376282,0.0
0.8902714252471924,0.0
0.815162181854248,0.0
0.743052065372467,0.0
0.6763785481452942,0.0
0.6181835532188416,0.0
0.5663841366767883,0.0
0.5211133360862732,0.0
0.47438326478004456,0.0
0.41904839873313904,0.0
0.36940646171569824,0.0
0.3228236436843872,0.0
0.28955763578414917,0.0
0.27234435081481934,0.0
0.2730175852775574,0.0
0.2651557922363281,0.0
0.25943723320961,0.0
0.2597099244594574,0.0
0.26588302850723267,0.0
0.28443071246147156,0.0
0.30825531482696533,0.0
0.340381920337677,0.0
0.37461328506469727,0.0
0.4176463782787323,0.0
0.47348347306251526,0.0
0.5337244272232056,0.0
0.6049437522888184,0.0
0.687105655670166,0.0
0.7805907130241394,0.0
0.8757848739624023,0.0
0.9736523628234863,0.0
1.0769028663635254,0.0
1.1824970245361328,0.0
1.2878538370132446,0.0
1.3988820314407349,0.0
1.503195881843567,0.0
1.5929356813430786,0.0
1.6960140466690063,0.0
1.8152786493301392,0.0
1.919984221458435,0.0
2.0422518253326416,0.0
2.3054721355438232,0.0
2.7703871726989746,0.57
3.3393940925598145,0.8
3.783642053604126,1.07
4.106612205505371,2.2
4.4006805419921875,3.15
4.453498840332031,3.17
4.271456241607666,2.39
4.85073184967041,2.54
5.709535121917725,3.41
6.876299858093262,5.86
7.587179183959961,7.24
8.629036903381348,8.39
9.397957801818848,10.95
10.148117065429688,8.23
10.543058395385742,10.22
11.001352310180664,10.25
10.004594802856445,14.23
9.704286575317383,10.61
9.717062950134277,11.09
10.51922607421875,9.64
11.450373649597168,9.42
12.642206192016602,12.51
14.671215057373047,19.55
14.920890808105469,15.320000000000002
12.639348983764648,10.94
10.00603199005127,11.21
9.855966567993164,11.39
9.602778434753418,12.87
9.582266807556152,6.23
9.133855819702148,6.75
10.37824535369873,8.15
10.596282005310059,17.37
10.728428840637207,8.69
8.114887237548828,8.58
7.659300804138184,4.85
7.090881824493408,5.95
7.298799514770508,5.43
7.005896091461182,10.12
6.4822869300842285,3.08
4.472621440887451,3.36
4.086754322052002,2.56
3.4393579959869385,2.11
2.8766164779663086,1.59
2.329293727874756,0.66
1.876783847808838,0.0
1.6337738037109375,0.0
1.5661873817443848,0.0
1.4956903457641602,0.0
1.4327976703643799,0.0
1.3690457344055176,0.0
1.3090039491653442,0.0
1.2423501014709473,0.0
1.1752580404281616,0.0
1.1137906312942505,0.0
1.057597041130066,0.0
0.9861999750137329,0.0
0.9228820204734802,0.0
0.8409892320632935,0.0
0.7993700504302979,0.0
0.7608116865158081,0.0
0.6774508357048035,0.0
0.5872179865837097,0.0
0.533196210861206,0.0
0.4680587649345398,0.0
0.4205544590950012,0.0
0.37994229793548584,0.0
0.34551915526390076,0.0
0.324485719203949,0.0
0.3089402914047241,0.0
0.304188996553421,0.0
0.288299024105072,0.0
0.28868091106414795,0.0
0.29378625750541687,0.0
0.3024120330810547,0.0
0.3264008164405823,0.0
0.3581436276435852,0.0
0.4048180878162384,0.0
0.4634568691253662,0.0
0.5220877528190613,0.0
0.5889104008674622,0.0
0.6555553674697876,0.0
0.7255514860153198,0.0
0.8051530122756958,0.0
0.900902271270752,0.0
1.0133870840072632,0.0
1.1194955110549927,0.0
1.2146092653274536,0.0
1.315769076347351,0.0
1.418764352798462,0.0
1.536048412322998,0.0
1.6549769639968872,0.0
1.7676773071289062,0.0
1.8519649505615234,0.0
1.950484037399292,0.0
2.076488494873047,0.0
2.2293121814727783,0.0
2.45076322555542,0.06
2.805258274078369,0.36
3.269883155822754,1.07
3.6593830585479736,1.32
3.52951717376709,1.94
3.497556686401367,2.85
4.772597312927246,3.87
5.974783420562744,4.36
7.312604904174805,5.1
9.22791576385498,7.49
11.025009155273438,14.36
13.382023811340332,16.42
12.919930458068848,10.25
13.346506118774414,13.65
13.263932228088379,15.600000000000001
11.681220054626465,15.130000000000003
11.772713661193848,17.5
12.171577453613281,10.46
11.975835800170898,16.14
16.069751739501953,9.78
18.764183044433594,22.14
22.423295974731445,26.5
22.107561111450195,18.59
18.38776206970215,20.84
18.696008682250977,26.96
17.43562889099121,14.95
14.709495544433594,15.080000000000002
14.4747896194458,11.58
14.038735389709473,11.29
13.350484848022461,23.3
12.510784149169922,10.46
8.603626251220703,7.25
7.819343566894531,4.13
7.613946437835693,7.67
8.235418319702148,5.69
7.541761875152588,10.92
6.997995853424072,4.41
4.756124496459961,2.39
4.0257978439331055,2.26
3.693685293197632,3.11
3.2326385974884033,1.01
2.435138702392578,0.67
2.141307830810547,0.24
1.9051531553268433,0.09
1.7711294889450073,0.0
1.6841381788253784,0.0
1.6115719079971313,0.0
1.5386552810668945,0.0
1.4753447771072388,0.0
1.4104574918746948,0.0
1.3483355045318604,0.0
1.2824127674102783,0.0
1.2223660945892334,0.0
1.1659367084503174,0.0
1.1002358198165894,0.0
1.0285943746566772,0.0
0.967332661151886,0.0
0.9182538390159607,0.0
0.8643380999565125,0.0
0.79607093334198,0.0
0.7321722507476807,0.0
0.6818856596946716,0.0
0.6556868553161621,0.0
0.6276310086250305,0.0
0.5807701945304871,0.0
0.5461133718490601,0.0
0.5135049819946289,0.0
0.4622701108455658,0.0
0.4334896206855774,0.0
0.3964579701423645,0.0
0.37283778190612793,0.0
0.37564897537231445,0.0
0.42415404319763184,0.0
0.4513465464115143,0.0
0.4597822427749634,0.0
0.4579543471336365,0.0
0.5192387104034424,0.0
0.5751287937164307,0.0
0.6045494079589844,0.0
0.6435710191726685,0.0
0.7686231732368469,0.0
0.8531749844551086,0.0
0.9360369443893433,0.0
1.0369044542312622,0.0
1.141817331314087,0.0
1.2526195049285889,0.0
1.3504889011383057,0.0
1.4610477685928345,0.0
1.5689948797225952,0.0
1.6735031604766846,0.0
1.6895065307617188,0.0
1.7421494722366333,0.0
1.8700188398361206,0.0
2.0269722938537598,0.0
2.173395872116089,0.0
2.385211706161499,0.0
2.676053047180176,0.33
2.9728002548217773,0.83
3.1520957946777344,0.65
3.3899011611938477,1.21
3.5863442420959473,1.5
3.906409502029419,1.51
4.543758392333984,1.53
5.243922233581543,2.48
5.804788589477539,4.36
6.264742851257324,3.71
4.695949077606201,6.32
3.439732074737549,5.75
4.229280471801758,3.8599999999999994
6.226311683654785,4.63
10.209501266479492,7.809999999999999
14.094758033752441,7.88
16.314983367919922,22.81
19.279064178466797,23.42
16.751476287841797,14.96
13.844012260437012,15.19
12.689029693603516,10.3
11.9133882522583,12.17
12.351123809814453,18.77
11.512158393859863,6.6
9.519234657287598,9.36
10.330316543579102,10.42
9.564947128295898,12.97
9.388469696044922,9.65
8.17044734954834,8.62
8.659635543823242,9.55
9.933981895446777,9.03
11.009994506835938,10.77
12.571066856384277,15.540000000000001
13.03447437286377,10.13
11.917398452758789,13.93
11.380207061767578,11.06
9.217365264892578,8.1
7.353100776672363,7.98
5.923251628875732,4.17
4.294399738311768,3.05
3.4228010177612305,1.2
2.73209547996521,1.04
2.458493232727051,1.08
2.1601614952087402,0.3
1.8211034536361694,0.0
1.6770811080932617,0.0
1.606855869293213,0.0
1.5371795892715454,0.0
1.4777514934539795,0.0
1.4193177223205566,0.0
1.3451660871505737,0.0
1.2767794132232666,0.0
1.2136377096176147,0.0
1.1504110097885132,0.0
1.0778834819793701,0.0
1.0122781991958618,0.0
0.9476839303970337,0.0
0.8887339234352112,0.0
0.8322497010231018,0.0
0.7775905728340149,0.0
0.7268447875976562,0.0
0.6796324253082275,0.0
0.6417744159698486,0.0
0.6010540127754211,0.0
0.5502314567565918,0.0
0.491909921169281,0.0
0.47279080748558044,0.0
0.4460480213165283,0.0
0.41966891288757324,0.0
0.3940052092075348,0.0
0.38951820135116577,0.0
0.3670331537723541,0.0
0.38919535279273987,0.0
0.3736751973628998,0.0
0.3998038172721863,0.0
0.4388143718242645,0.0
0.4983753263950348,0.0
0.5204999446868896,0.0
0.5751098990440369,0.0
0.6415128111839294,0.0
0.7311550378799438,0.0
0.8343480825424194,0.0
0.8669102787971497,0.0
0.9354017376899719,0.0
1.034660816192627,0.0
1.1342641115188599,0.0
1.2425800561904907,0.0
1.3452346324920654,0.0
1.4288067817687988,0.0
1.5168240070343018,0.0
1.5987637042999268,0.0
1.716935157775879,0.0
1.9019488096237183,0.0
2.2163496017456055,0.0
2.56980037689209,0.26
2.9358928203582764,0.74
3.1938047409057617,1.4
3.4768595695495605,1.82
3.694267511367798,2.3
3.251239776611328,1.8999999999999997
4.31437873840332,2.96
6.008398532867432,4.58
7.911397933959961,7.09
9.732141494750977,7.719999999999999
11.558363914489746,9.94
13.153180122375488,18.05
11.52564811706543,11.09
10.04246711730957,11.25
11.604484558105469,11.31
12.937392234802246,11.63
13.12777042388916,8.98
12.223666191101074,8.49
12.45326042175293,22.47
10.90644645690918,12.17
5.984357833862305,4.98
4.189851760864258,3.29
7.500645637512207,7.819999999999999
11.445891380310059,14.86
13.76482105255127,10.04
15.126136779785156,16.95
17.580036163330078,19.48
17.964000701904297,25.88
16.82051658630371,12.34
14.167048454284668,12.72
14.404974937438965,17.55
13.432836532592773,14.4
11.152043342590332,12.82
9.339334487915039,9.3
7.7025370597839355,8.57
7.083712100982666,4.52
7.205246925354004,7.719999999999999
8.472325325012207,9.62
9.080036163330078,7.31
8.808697700500488,7.85
8.680251121520996,9.26
7.984554290771484,8.42
6.531612396240234,6.34
4.971474647521973,4.88
3.669092893600464,1.38
2.449475049972534,0.88
2.0580155849456787,0.16
1.768417239189148,0.0
1.629214882850647,0.0
1.545041799545288,0.0
1.4803928136825562,0.0
1.4196430444717407,0.0
1.3588528633117676,0.0
1.3011823892593384,0.0
1.2357914447784424,0.0
1.1653327941894531,0.0
1.0983384847640991,0.0
1.0329711437225342,0.0
0.9791746139526367,0.0
0.9240196943283081,0.0
0.870568037033081,0.0
0.7950720191001892,0.0
0.7357863783836365,0.0
0.6858698725700378,0.0
0.6510245203971863,0.0
0.6160345077514648,0.0
0.5701543092727661,0.0
0.539484441280365,0.0
0.5180878639221191,0.0
0.4749700427055359,0.0
0.43428027629852295,0.0
0.426771879196167,0.0
0.44186028838157654,0.0
0.41835078597068787,0.0
0.37971240282058716,0.0
0.4060022830963135,0.0
0.45013126730918884,0.0
0.505282998085022,0.0
0.5506758093833923,0.0
0.5713645219802856,0.0
0.6117702722549438,0.0
0.6692022085189819,0.0
0.7378494143486023,0.0
0.8289428353309631,0.0
0.9114017486572266,0.0
1.0093019008636475,0.0
1.0778398513793945,0.0
1.150810718536377,0.0
1.2597931623458862,0.0
1.3642082214355469,0.0
1.4686498641967773,0.0
1.584812045097351,0.0
1.6721582412719727,0.0
1.7865811586380005,0.0
1.8909660577774048,0.0
1.916045904159546,0.0
2.1533641815185547,0.0
2.4100594520568848,0.15
2.5611648559570312,0.89
2.932793378829956,0.96
3.195244550704956,1.8900000000000001
3.9156854152679443,4.26
5.141634464263916,3.55
6.8390302658081055,6.44
9.61446475982666,11.08
12.612154960632324,12.67
15.592714309692383,16.08
17.36692237854004,17.63
18.08061981201172,18.99
19.239192962646484,19.6
18.779409408569336,21.1
19.0260009765625,20.34
17.63698387145996,16.46
18.66242218017578,21.49
20.844284057617188,22.42
20.667301177978516,16.62
20.93929672241211,24.83
21.281269073486328,18.99
19.107643127441406,26.66
18.738285064697266,18.76
15.764771461486816,17.93
15.995656967163086,18.29
16.12832260131836,15.03
17.301372528076172,21.94
19.461761474609375,20.21
18.99811363220215,18.68
19.198078155517578,21.99
19.627010345458984,20.42
18.79491424560547,22.64
17.755962371826172,17.5
16.130521774291992,16.73
16.004009246826172,18.78
15.544858932495117,17.04
14.1339111328125,15.309999999999999
12.781045913696289,12.86
11.482823371887207,13.12
10.270703315734863,11.09
8.448974609375,8.41
6.684682846069336,6.43
5.210699558258057,4.41
3.901038408279419,2.88
2.8819103240966797,1.02
2.093722105026245,0.0
1.7332671880722046,0.0
1.6381787061691284,0.0
1.568005084991455,0.0
1.5067912340164185,0.0
1.437361478805542,0.0
1.3817533254623413,0.0
1.3369966745376587,0.0
1.2866649627685547,0.0
1.2169225215911865,0.0
1.1436108350753784,0.0
1.0781826972961426,0.0
1.0090874433517456,0.0
0.9454544186592102,0.0
0.8935245275497437,0.0
0.8359133005142212,0.0
0.7864832878112793,0.0
0.7432394623756409,0.0
0.6917974948883057,0.0
0.6537632942199707,0.0
0.6192305088043213,0.0
0.5751184821128845,0.0
0.5524853467941284,0.0
0.5298364758491516,0.0
0.5212292671203613,0.0
0.5096712708473206,0.0
0.47100433707237244,0.0
0.4079763889312744,0.0
0.42681482434272766,0.0
0.4625346064567566,0.0
0.4968574345111847,0.0
0.5394170880317688,0.0
0.5745876431465149,0.0
0.6235851049423218,0.0
0.6786860823631287,0.0
0.7302080392837524,0.0
0.791483998298645,0.0
0.8676865100860596,0.0
0.9591246247291565,0.0
1.0578806400299072,0.0
1.1436398029327393,0.0
1.239683985710144,0.0
1.3323274850845337,0.0
1.4419318437576294,0.0
1.5425900220870972,0.0
1.6228222846984863,0.0
1.7021828889846802,0.0
1.793355107307434,0.0
1.8998827934265137,0.0
2.0609798431396484,0.0
2.2139573097229004,0.0
2.432711362838745,0.06
2.8266074657440186,0.82
3.308082103729248,1.15
3.3007664680480957,1.66
4.125132083892822,2.13
5.021790027618408,3.5
6.166544437408447,4.66
6.76118803024292,4.91
6.890056610107422,6.44
7.426022052764893,13.03
8.040322303771973,8.01
8.631462097167969,9.38
10.305244445800781,9.65
12.054272651672363,14.43
14.705206871032715,18.51
16.019441604614258,19.16
17.05364227294922,19.99
18.2278995513916,16.37
19.791805267333984,20.87
22.049842834472656,25.06
25.237390518188477,23.27
25.94242286682129,25.12
25.98516082763672,25.08
24.536863327026367,24.88
21.6851749420166,25.02
17.35793685913086,25.9
11.801971435546875,8.99
7.644168853759766,8.54
8.74836254119873,8.8
9.442572593688965,6.42
11.036824226379395,13.09
13.247053146362305,16.59
13.539983749389648,16.6
12.63442325592041,11.08
12.273327827453613,11.21
13.226405143737793,16.51
13.620491027832031,14.09
12.186609268188477,13.47
11.038941383361816,11.56
9.503640174865723,9.95
7.964954853057861,7.870000000000001
6.361820697784424,6.02
4.915557384490967,4.41
3.663625717163086,2.34
2.6268253326416016,0.54
1.9290827512741089,0.06
1.7320636510849,0.0
1.6309486627578735,0.0
1.5642582178115845,0.0
1.4951375722885132,0.0
1.4284918308258057,0.0
1.3716163635253906,0.0
1.3172816038131714,0.0
1.2701609134674072,0.0
1.2157155275344849,0.0
1.1582562923431396,0.0
1.1058895587921143,0.0
1.0465576648712158,0.0
0.9785357713699341,0.0
0.9004520177841187,0.0
0.8078098893165588,0.0
0.7625327110290527,0.0
0.7207274436950684,0.0
0.6776891350746155,0.0
0.6542329788208008,0.0
0.6271898746490479,0.0
0.6020796298980713,0.0
0.5708479881286621,0.0
0.5451358556747437,0.0
0.5258038640022278,0.0
0.5139560699462891,0.0
0.49698901176452637,0.0
0.48814377188682556,0.0
0.48156988620758057,0.0
0.48493891954421997,0.0
0.5366349220275879,0.0
0.5704104900360107,0.0
0.5435534119606018,0.0
0.6068702936172485,0.0
0.6854036450386047,0.0
0.747529149055481,0.0
0.8121973872184753,0.0
0.8882824778556824,0.0
0.9401463270187378,0.0
1.0421470403671265,0.0
1.128095269203186,0.0
1.2310240268707275,0.0
1.335834264755249,0.0
1.444833755493164,0.0
1.5154582262039185,0.0
1.5764955282211304,0.0
1.6578930616378784,0.0
1.748556137084961,0.0
1.857743740081787,0.0
2.168344259262085,0.0
2.4992640018463135,0.15
2.823545217514038,0.66
3.402900218963623,2.39
4.212522983551025,3.61
5.076605319976807,4.58
6.163234233856201,4.45
7.9473443031311035,7.74
10.682493209838867,11.57
13.510629653930664,13.3
15.322601318359375,14.62
15.577021598815918,16.01
15.77053451538086,17.27
15.155006408691406,18.0
14.534287452697754,17.51
14.85651683807373,13.37
15.416559219360352,14.0
18.414609909057617,22.12
20.812267303466797,20.01
21.26558494567871,23.38
22.001014709472656,23.23
21.522235870361328,19.56
21.592500686645508,25.7
23.05826187133789,22.83
22.377511978149414,24.37
22.95879364013672,21.27
23.015113830566406,25.54
23.812519073486328,24.59
23.090221405029297,24.15
22.462560653686523,23.96
21.84933090209961,22.93
20.983007431030273,22.19
20.28034782409668,21.8
19.72920799255371,20.9
18.536113739013672,19.98
17.142024993896484,19.14
15.812841415405273,17.04
14.409141540527344,16.74
13.016788482666016,14.14
11.447793960571289,10.19
10.403923034667969,11.78
9.94140338897705,11.06
8.636083602905273,8.33
7.032583236694336,6.6
5.6963701248168945,5.36
4.479053497314453,3.76
3.3151462078094482,1.67
2.387629985809326,0.37
1.891178011894226,0.0
1.6914937496185303,0.0
1.6252727508544922,0.0
1.559389591217041,0.0
1.4941771030426025,0.0
1.4302608966827393,0.0
1.3693355321884155,0.0
1.3050280809402466,0.0
1.2393643856048584,0.0
1.1755588054656982,0.0
1.1075890064239502,0.0
1.0490213632583618,0.0
0.9877891540527344,0.0
0.9281736016273499,0.0
0.8830332159996033,0.0
0.8276972770690918,0.0
0.777278482913971,0.0
0.7368456125259399,0.0
0.6994128823280334,0.0
0.6681490540504456,0.0
0.6214605569839478,0.0
0.5798800587654114,0.0
0.5305594205856323,0.0
0.49964573979377747,0.0
0.47934070229530334,0.0
0.4677528440952301,0.0
0.4847945272922516,0.0
0.47847723960876465,0.0
0.5040708184242249,0.0
0.519243597984314,0.0
0.5488545894622803,0.0
0.5801462531089783,0.0
0.6267918348312378,0.0
0.7081004977226257,0.0
0.7827858924865723,0.0
0.8583194613456726,0.0
0.9262163043022156,0.0
0.9997157454490662,0.0
1.077306866645813,0.0
1.1550636291503906,0.0
1.2265965938568115,0.0
1.3410545587539673,0.0
1.4573214054107666,0.0
1.486130952835083,0.0
1.5807054042816162,0.0
1.6574517488479614,0.0
1.7703428268432617,0.0
1.733457088470459,0.0
1.802219271659851,0.0
1.9369232654571533,0.0
2.2997519969940186,0.38
3.0687456130981445,1.24
4.183732032775879,1.73
5.753089904785156,5.68
8.035181045532227,7.4
9.504378318786621,9.64
10.9136962890625,11.44
13.197803497314453,12.81
14.944510459899902,14.67
15.236163139343262,15.489999999999998
14.744786262512207,15.57
14.338295936584473,17.61
13.10069465637207,17.44
13.446321487426758,10.68
14.185343742370605,12.4
18.63783836364746,19.07
20.315454483032227,21.53
19.827260971069336,20.16
19.09954261779785,23.58
17.306066513061523,15.529999999999998
16.071109771728516,18.74
16.912071228027344,11.79
16.88716697692871,18.33
18.02103042602539,20.45
15.964924812316895,12.33
13.460832595825195,18.1
12.249292373657227,11.53
8.706918716430664,9.33
6.541831016540527,7.21
7.3764967918396,4.66
9.194162368774414,11.66
10.88888931274414,7.44
10.870593070983887,10.18
11.56399917602539,13.55
11.90153980255127,17.7
10.897705078125,7.38
8.869771003723145,5.44
9.156185150146484,9.82
9.413288116455078,9.53
8.057599067687988,10.24
6.406569957733154,4.21
4.165702819824219,3.09
3.276158571243286,1.23
2.5044198036193848,0.64
2.1458539962768555,0.31
1.9248019456863403,0.0
1.7721620798110962,0.0
1.6847858428955078,0.0
1.623636245727539,0.0
1.5635061264038086,0.0
1.5026665925979614,0.0
1.4384616613388062,0.0
1.3771793842315674,0.0
1.3014028072357178,0.0
1.2345281839370728,0.0
1.1747771501541138,0.0
1.1118842363357544,0.0
1.0479642152786255,0.0
0.9947484135627747,0.0
0.9387269020080566,0.0
0.8888406157493591,0.0
0.8460825681686401,0.0
0.7975800037384033,0.0
0.7327756881713867,0.0
0.686630129814148,0.0
0.6607880592346191,0.0
0.6260297298431396,0.0
0.5914230942726135,0.0
0.5600976943969727,0.0
0.5430577993392944,0.0
0.48676884174346924,0.0
0.4675687551498413,0.0
0.49934569001197815,0.0
0.5154942870140076,0.0
0.5131199359893799,0.0
0.5650426149368286,0.0
0.5429793000221252,0.0
0.5752320289611816,0.0
0.6403695344924927,0.0
0.6849737167358398,0.0
0.767120361328125,0.0
0.8529252409934998,0.0
0.8780546188354492,0.0
0.9429303407669067,0.0
1.0120751857757568,0.0
1.1032730340957642,0.0
1.2150026559829712,0.0
1.3182157278060913,0.0
1.4284114837646484,0.0
1.5267186164855957,0.0
1.5778450965881348,0.0
1.655300259590149,0.0
1.7204046249389648,0.0
1.8810369968414307,0.0
2.063044548034668,0.0
2.3884646892547607,0.24
2.8874640464782715,1.36
3.727853298187256,2.0
4.811639308929443,3.93
6.348629474639893,5.45
8.066093444824219,8.2
9.872344970703125,9.82
11.275619506835938,12.42
12.72230052947998,13.51
13.90123176574707,14.75
15.12826156616211,15.780000000000001
17.01583480834961,17.04
17.839290618896484,18.43
19.680444717407227,19.4
20.101375579833984,20.02
19.95994758605957,20.82
20.819223403930664,21.71
20.433414459228516,17.43
19.853618621826172,23.35
19.17348861694336,14.22
16.860265731811523,19.03
15.705333709716797,18.88
11.744412422180176,8.62
8.462039947509766,11.48
7.014296531677246,8.27
6.2716965675354,6.48
6.669672012329102,6.1
8.587443351745605,6.77
11.624838829040527,13.8
13.312531471252441,13.91
14.678327560424805,17.92
15.703307151794434,13.43
14.784638404846191,15.99
14.421768188476562,14.75
13.003973007202148,10.84
11.3274564743042,17.32
9.92068099975586,7.02
6.485133647918701,3.33
5.553039073944092,6.01
5.381449222564697,3.73
4.352832794189453,2.22
3.7104196548461914,2.0
3.409025192260742,1.84
3.0796024799346924,1.32
2.6703832149505615,1.03
2.3028061389923096,0.63
2.022977352142334,0.0
1.7621562480926514,0.0
1.6842930316925049,0.0
1.6132937669754028,0.0
1.5485833883285522,0.0
1.481293797492981,0.0
1.4118168354034424,0.0
1.3566365242004395,0.0
1.297672152519226,0.0
1.2317577600479126,0.0
1.172812581062317,0.0
1.1058101654052734,0.0
1.0457696914672852,0.0
1.012475848197937,0.0
0.9735786318778992,0.0
0.9295411109924316,0.0
0.8774698972702026,0.0
0.8212794065475464,0.0
0.7618917226791382,0.0
0.7180706262588501,0.0
0.670420229434967,0.0
0.6289846897125244,0.0
0.6051042079925537,0.0
0.5927097201347351,0.0
0.5905745625495911,0.0
0.5863771438598633,0.0
0.5788754224777222,0.0
0.5776597261428833,0.0
0.5974647402763367,0.0
0.6019768714904785,0.0
0.6145866513252258,0.0
0.641811192035675,0.0
0.6746900677680969,0.0
0.715170681476593,0.0
0.7694099545478821,0.0
0.8295607566833496,0.0
0.891324520111084,0.0
0.9751226902008057,0.0
0.9968953132629395,0.0
1.0842516422271729,0.0
1.1989563703536987,0.0
1.2934648990631104,0.0
1.3976945877075195,0.0
1.4949233531951904,0.0
1.557836890220642,0.0
1.640541672706604,0.0
1.729561448097229,0.0
1.8141762018203735,0.0
1.8021936416625977,0.0
1.828908920288086,0.0
1.8267979621887207,0.0
2.026017189025879,0.26
2.624314546585083,0.74
3.655703544616699,1.26
5.422210693359375,5.01
7.603090763092041,7.36
9.368656158447266,9.83
10.86108684539795,11.59
12.148832321166992,12.89
14.219375610351562,14.48
15.265295028686523,14.07
16.46314811706543,16.91
17.87434196472168,18.45
17.621355056762695,19.08
16.651138305664062,20.37
16.447458267211914,14.67
16.865371704101562,19.86
20.376998901367188,17.9
21.222423553466797,17.68
20.43950653076172,22.85
20.74358367919922,24.75
18.41307830810547,20.63
16.977590560913086,18.13
15.739982604980469,8.52
15.437677383422852,13.81
16.235374450683594,24.38
16.147884368896484,15.75
12.96737289428711,16.22
10.762701988220215,6.46
9.940546035766602,9.69
12.450241088867188,12.57
13.758609771728516,17.97
13.24447250366211,8.53
10.95520305633545,6.97
10.603241920471191,15.39
10.152153968811035,10.6
6.943142890930176,4.15
4.5715813636779785,2.22
3.649134397506714,2.25
2.99746036529541,1.66
2.7074379920959473,0.57
2.6582112312316895,0.43
2.85386061668396,0.56
3.048814296722412,0.54
3.1627392768859863,1.66
3.1754109859466553,3.15
2.803116798400879,0.74
1.904139518737793,0.0
1.6459360122680664,0.0
1.5988638401031494,0.0
1.5346612930297852,0.0
1.4760020971298218,0.0
1.4303299188613892,0.0
1.3666130304336548,0.0
1.32117760181427,0.0
1.2484080791473389,0.0
1.173816442489624,0.0
1.0550496578216553,0.0
0.9814375042915344,0.0
0.9238525629043579,0.0
0.8779062032699585,0.0
0.8223088383674622,0.0
0.748238205909729,0.0
0.6983647346496582,0.0
0.6629665493965149,0.0
0.6199933290481567,0.0
0.5771448016166687,0.0
0.5445556640625,0.0
0.5343530178070068,0.0
0.5106632709503174,0.0
0.4894884526729584,0.0
0.45722728967666626,0.0
0.46074578166007996,0.0
0.47637584805488586,0.0
0.4956795573234558,0.0
0.5161381363868713,0.0
0.5292750000953674,0.0
0.5475794076919556,0.0
0.5834105014801025,0.0
0.6181976795196533,0.0
0.6381268501281738,0.0
0.7202155590057373,0.0
0.7974995374679565,0.0
0.8808204531669617,0.0
0.9604319930076599,0.0
1.0267655849456787,0.0
1.117852807044983,0.0
1.2107572555541992,0.0
1.3086127042770386,0.0
1.4191255569458008,0.0
1.5174322128295898,0.0
1.5998806953430176,0.0
1.6852415800094604,0.0
1.784909963607788,0.0
1.7044121026992798,0.0
1.6962641477584839,0.0
1.7460952997207642,0.0
2.006312370300293,0.07
2.6386678218841553,0.66
4.154943943023682,1.05
5.812008857727051,5.98
7.865746021270752,7.660000000000001
9.21861743927002,9.49
10.316755294799805,11.49
11.575326919555664,13.36
12.864175796508789,11.87
14.28093433380127,15.48
16.74578094482422,17.87
18.28347396850586,18.71
19.22085952758789,19.84
21.492645263671875,20.82
22.838369369506836,21.76
22.389387130737305,22.41
22.477020263671875,21.8
22.43909454345703,23.35
21.557340621948242,24.1
18.03972053527832,13.36
15.34148120880127,14.76
14.386016845703125,22.25
12.26333236694336,14.31
8.501449584960938,7.540000000000001
8.679837226867676,6.63
12.393669128417969,18.99
17.338958740234375,12.84
19.244741439819336,18.99
20.29994010925293,20.38
19.645671844482422,23.22
17.366479873657227,19.78
13.251585006713867,16.75
10.370975494384766,7.870000000000001
8.351040840148926,4.03
9.116418838500977,15.170000000000002
9.967626571655273,6.43
8.033087730407715,7.25
8.665830612182617,11.28
8.799355506896973,7.1
7.510037899017334,6.22
6.782332897186279,4.24
5.882526874542236,6.68
5.2002997398376465,5.07
3.716181516647339,1.63
2.37992000579834,0.0
1.8765605688095093,0.0
1.8106073141098022,0.0
1.7466795444488525,0.0
1.6710017919540405,0.0
1.5637379884719849,0.0
1.4524637460708618,0.0
1.3926283121109009,0.0
1.2847883701324463,0.0
1.2523515224456787,0.0
1.2252881526947021,0.0
1.1894527673721313,0.0
1.1287678480148315,0.0
1.0465545654296875,0.0
0.9782456755638123,0.0
0.9280596971511841,0.0
0.8794707655906677,0.0
0.8316733837127686,0.0
0.7780249118804932,0.0
0.7431934475898743,0.0
0.7419437766075134,0.0
0.7101776003837585,0.0
0.6633447408676147,0.0
0.5466044545173645,0.0
0.5084725618362427,0.0
0.45929276943206787,0.0
0.4446762800216675,0.0
0.4151603579521179,0.0
0.42880308628082275,0.0
0.5118452310562134,0.0
0.5280588269233704,0.0
0.5342578291893005,0.0
0.5330224633216858,0.0
0.5680647492408752,0.0
0.6092734336853027,0.0
0.6688902378082275,0.0
0.7093846797943115,0.0
0.782837986946106,0.0
0.8629697561264038,0.0
0.9586855173110962,0.0
1.0552204847335815,0.0
1.172903299331665,0.0
1.2336008548736572,0.0
1.315549612045288,0.0
1.4480711221694946,0.0
1.556978464126587,0.0
1.635570764541626,0.0
1.704134225845337,0.0
1.8386520147323608,0.0
2.0337741374969482,0.0
2.1211037635803223,0.0
2.0391623973846436,0.09
1.9316710233688354,0.84
2.9029247760772705,1.47
4.283026695251465,1.43
5.429960250854492,1.55
6.490698337554932,4.74
7.473287105560303,10.29
10.366973876953125,13.53
11.289414405822754,7.64
11.160184860229492,6.13
12.262838363647461,10.57
13.83741283416748,16.43
12.833467483520508,19.88
9.85716438293457,3.68
7.673334121704102,5.27
7.968016147613525,8.28
6.754402160644531,9.67
7.787232398986816,4.97
10.23581600189209,12.97
13.788481712341309,11.8
13.661808013916016,4.81
13.928228378295898,16.42
16.589956283569336,25.17
14.838187217712402,13.17
8.959634780883789,5.99
8.104394912719727,4.78
9.815747261047363,11.47
11.589845657348633,15.48
11.308379173278809,4.64
9.959117889404297,5.77
11.147397994995117,17.77
10.751119613647461,9.25
6.448534965515137,7.07
4.779170989990234,6.52
4.8410797119140625,4.58
5.9870123863220215,4.39
8.558847427368164,5.06
10.950000762939453,10.47
12.417346954345703,14.03
11.64479923248291,13.52
9.426407814025879,9.78
6.822324752807617,7.28
4.773659706115723,2.33
3.006786823272705,1.2
2.3633179664611816,0.32
1.989549160003662,0.0
1.8354103565216064,0.0
1.7588587999343872,0.0
1.6839741468429565,0.0
1.6203484535217285,0.0
1.5667121410369873,0.0
1.5102038383483887,0.0
1.451613187789917,0.0
1.3837220668792725,0.0
1.311444878578186,0.0
1.242952823638916,0.0
1.1870719194412231,0.0
1.1354880332946777,0.0
1.0771458148956299,0.0
1.0257728099822998,0.0
0.9725526571273804,0.0
0.9150057435035706,0.0
0.832768976688385,0.0
0.7792454361915588,0.0
0.7246480584144592,0.0
0.6573314070701599,0.0
0.6176484823226929,0.0
0.565780758857727,0.0
0.543241024017334,0.0
0.5640078783035278,0.0
0.5930080413818359,0.0
0.5782171487808228,0.0
0.5812498331069946,0.0
0.5703176259994507,0.0
0.5549656748771667,0.0
0.5703312754631042,0.0
0.6035007238388062,0.0
0.6180582046508789,0.0
0.6147019863128662,0.0
0.6473598480224609,0.0
0.7252570390701294,0.0
0.8101557493209839,0.0
0.9026331901550293,0.0
0.9972893595695496,0.0
1.1074529886245728,0.0
1.2085871696472168,0.0
1.276818871498108,0.0
1.3507792949676514,0.0
1.4610544443130493,0.0
1.550554633140564,0.0
1.6290174722671509,0.0
1.690447211265564,0.0
1.7744121551513672,0.0
1.7948986291885376,0.0
1.8805758953094482,0.0
2.1097097396850586,0.18
2.427166700363159,0.72
2.9154694080352783,1.5
3.9199273586273193,2.55
5.750200271606445,5.83
8.27394962310791,8.44
10.449275970458984,9.64
12.239604949951172,12.91
13.864906311035156,15.73
15.835338592529297,16.59
15.765466690063477,16.59
15.713324546813965,16.53
15.938264846801758,17.72
16.866390228271484,17.79
19.547664642333984,20.52
20.594161987304688,13.72
20.410058975219727,21.89
21.30074691772461,21.4
18.587993621826172,22.03
15.039108276367188,19.15
10.828073501586914,5.45
8.72823429107666,9.55
10.179398536682129,10.91
10.504537582397461,7.990000000000001
9.448419570922852,10.39
9.245518684387207,12.49
9.653586387634277,12.14
8.77726936340332,10.24
9.029991149902344,10.76
10.884515762329102,9.97
15.027302742004395,17.71
18.311059951782227,19.42
19.161012649536133,13.71
18.6121826171875,22.16
18.135616302490234,20.64
14.593914031982422,18.9
10.82946491241455,7.17
6.364533424377441,8.23
5.258700370788574,2.93
3.7504913806915283,1.45
3.6400318145751953,1.27
3.7960517406463623,1.52
3.8816018104553223,1.31
3.744884490966797,5.64
3.692514657974243,0.84
2.1473331451416016,0.06
1.8393080234527588,0.0
1.7534031867980957,0.0
1.6884212493896484,0.0
1.6120424270629883,0.0
1.5517826080322266,0.0
1.4912039041519165,0.0
1.4278552532196045,0.0
1.3750081062316895,0.0
1.314387321472168,0.0
1.2622014284133911,0.0
1.1845417022705078,0.0
1.1440123319625854,0.0
1.0879758596420288,0.0
1.0523403882980347,0.0
1.0062018632888794,0.0
0.953484058380127,0.0
0.8490119576454163,0.0
0.8004565238952637,0.0
0.7671074867248535,0.0
0.750494658946991,0.0
0.724522590637207,0.0
0.6601954698562622,0.0
0.6046324372291565,0.0
0.5820184946060181,0.0
0.5711308717727661,0.0
0.5595625042915344,0.0
0.5629286170005798,0.0
0.5754367709159851,0.0
0.5270222425460815,0.0
0.558879017829895,0.0
0.598147451877594,0.0
0.6338021755218506,0.0
0.6777832508087158,0.0
0.7360199689865112,0.0
0.8001524209976196,0.0
0.8535200953483582,0.0
0.8983369469642639,0.0
0.9679193496704102,0.0
1.0848026275634766,0.0
1.1940326690673828,0.0
1.2834444046020508,0.0
1.3673698902130127,0.0
1.4001352787017822,0.0
1.513303279876709,0.0
1.6491844654083252,0.0
1.7705165147781372,0.0
1.8703601360321045,0.0
1.9468778371810913,0.0
2.001967668533325,0.0
2.09076189994812,0.0
2.2357749938964844,0.0
2.3732399940490723,0.0
2.518996238708496,0.0
2.676180839538574,0.36
2.888471841812134,0.68
3.1088554859161377,0.58
3.245596170425415,0.81
3.680034637451172,1.32
4.155007839202881,1.86
5.424790859222412,3.09
6.69210147857666,4.3
7.276777744293213,5.08
7.842391014099121,7.28
8.725725173950195,7.45
9.164295196533203,9.23
9.354132652282715,4.87
8.860857963562012,5.33
9.083270072937012,9.32
8.817521095275879,8.83
7.0178022384643555,5.13
4.842695236206055,3.29
3.811292886734009,2.08
4.002865314483643,2.13
5.540297508239746,3.07
6.686352729797363,3.26
8.059124946594238,7.25
9.00047779083252,10.09
9.310635566711426,10.62
8.476150512695312,8.53
8.181339263916016,4.15
8.503067016601562,8.62
9.607792854309082,7.750000000000001
9.028022766113281,10.49
8.707070350646973,6.72
7.751211166381836,8.57
7.339509963989258,3.9799999999999995
6.1453423500061035,4.0
5.9314351081848145,4.05
5.46510648727417,5.93
4.712152481079102,3.03
3.2687747478485107,0.45
2.5489940643310547,0.35
2.441741466522217,0.35
2.322435140609741,0.32
2.1623001098632812,0.27
2.0091769695281982,0.06
1.8721312284469604,0.0
1.7736420631408691,0.0
1.7075144052505493,0.0
1.6398056745529175,0.0
1.5549038648605347,0.0
1.4745149612426758,0.0
1.396073341369629,0.0
1.3199920654296875,0.0
1.2486333847045898,0.0
1.177594780921936,0.0
1.1106969118118286,0.0
1.0454039573669434,0.0
0.978518009185791,0.0
0.9122750759124756,0.0
0.8462345004081726,0.0
0.7845137119293213,0.0
0.725871205329895,0.0
0.6764245629310608,0.0
0.6341116428375244,0.0
0.5925052762031555,0.0
0.547690749168396,0.0
0.5065175294876099,0.0
0.4737258851528168,0.0
0.4489179849624634,0.0
0.43156149983406067,0.0
0.41778528690338135,0.0
0.4041277766227722,0.0
0.39750081300735474,0.0
0.41021493077278137,0.0
0.4426078498363495,0.0
0.4750162661075592,0.0
0.5242620706558228,0.0
0.5881161689758301,0.0
0.6429608464241028,0.0
0.6851176023483276,0.0
0.7803640961647034,0.0
0.858823299407959,0.0
0.9357370138168335,0.0
1.0266342163085938,0.0
1.1382571458816528,0.0
1.246788501739502,0.0
1.356605887413025,0.0
1.4826141595840454,0.0
1.552680492401123,0.0
1.6408941745758057,0.0
1.7280471324920654,0.0
1.8221157789230347,0.0
1.9327839612960815,0.0
1.693322777748108,0.0
1.0740886926651,0.0
1.0500046014785767,0.11
1.1699086427688599,0.48
1.9506539106369019,0.74
4.186373710632324,1.06
8.148136138916016,7.23
12.081852912902832,14.76
14.495518684387207,12.54
14.430681228637695,17.21
16.260122299194336,18.65
16.62190055847168,15.650000000000002
16.597576141357422,12.84
17.218917846679688,16.26
16.173681259155273,18.37
14.380680084228516,18.94
11.810654640197754,13.63
10.876716613769531,8.62
11.431313514709473,6.21
12.612009048461914,8.51
14.035197257995605,21.44
13.944266319274902,15.780000000000001
9.910000801086426,9.92
7.9893574714660645,7.39
8.174211502075195,6.42
9.67106819152832,11.06
11.217677116394043,11.18
10.303609848022461,10.52
9.898871421813965,10.66
9.644495010375977,13.23
9.566132545471191,9.4
9.434393882751465,8.22
10.701630592346191,7.68
11.739412307739258,15.04
12.322648048400879,12.08
10.440905570983887,11.68
8.779092788696289,9.17
6.719926834106445,5.87
4.92302942276001,3.27
3.6523396968841553,2.51
2.9017364978790283,0.94
2.1903090476989746,0.11
1.8708255290985107,0.0
1.7557783126831055,0.0
1.6834826469421387,0.0
1.6302947998046875,0.0
1.566023826599121,0.0
1.5219489336013794,0.0
1.4544099569320679,0.0
1.3890471458435059,0.0
1.3256078958511353,0.0
1.248100996017456,0.0
1.126192331314087,0.0
1.0326178073883057,0.0
0.8844877481460571,0.0
0.8016698360443115,0.0
0.7539827823638916,0.0
0.6329579949378967,0.0
0.6237384080886841,0.0
0.5915961861610413,0.0
0.5486399531364441,0.0
0.5139334201812744,0.0
0.5281962156295776,0.0
0.5633118748664856,0.0
0.5939481258392334,0.0
0.6109908223152161,0.0
0.6400529742240906,0.0
0.6939008831977844,0.0
0.7710137963294983,0.0
0.8693063855171204,0.0
0.9447482228279114,0.0
1.0439112186431885,0.0
1.1412365436553955,0.0
1.219525933265686,0.0
1.334451675415039,0.0
1.5534394979476929,0.0
1.7142114639282227,0.0
1.7350281476974487,0.0
2.319395065307617,0.0
2.8413703441619873,0.66
4.223458766937256,1.58
5.547755241394043,2.61
6.738346576690674,4.35
7.71183443069458,9.01
7.681807518005371,4.76
6.781491756439209,8.62
6.138866424560547,4.14
3.8280978202819824,4.62
2.8573429584503174,5.29
4.492183208465576,4.77
8.793428421020508,9.56
14.03923225402832,7.79
17.904542922973633,14.15
21.11587905883789,21.65
20.727203369140625,26.1
17.072763442993164,19.15
9.95608139038086,9.26
4.385798931121826,6.92
2.104685068130493,3.82
2.7398626804351807,1.69
5.8439788818359375,2.32
10.849109649658203,7.7299999999999995
16.315391540527344,20.02
19.80147933959961,18.99
18.081790924072266,20.98
15.994511604309082,16.22
12.50629711151123,13.31
9.590360641479492,11.03
6.965543746948242,6.42
4.456958293914795,1.8
2.6615829467773438,0.35
1.9677319526672363,0.0
1.5996313095092773,0.0
1.345803141593933,0.0
1.0839799642562866,0.0
0.4869125187397003,0.0
0.5039911270141602,0.0
0.5254497528076172,0.0
0.5146011710166931,0.0
0.5665959715843201,0.0
0.7048411965370178,0.0
0.7614400386810303,0.0
0.7794995903968811,0.0
0.820379376411438,0.0
0.9244179725646973,0.0
1.011667251586914,0.0
1.080113172531128,0.0
1.1614786386489868,0.0
1.2705223560333252,0.0
1.3819317817687988,0.0
1.4986977577209473,0.0
1.5925102233886719,0.0
1.6992322206497192,0.0
1.8126529455184937,0.0
1.8887650966644287,0.0
1.9874160289764404,0.0
2.139202356338501,0.0
2.268218755722046,0.0
2.011559247970581,0.04
1.5273340940475464,0.2
1.977566123008728,0.48999999999999994
2.9678196907043457,0.73
3.577188730239868,0.72
4.3740410804748535,1.14
7.7083353996276855,9.21
10.913748741149902,14.41
12.325708389282227,8.86
12.779799461364746,8.71
14.189550399780273,16.68
15.598992347717285,20.08
14.600197792053223,9.61
12.820013999938965,13.12
11.860587120056152,11.24
10.766473770141602,10.52
10.676733016967773,14.18
9.153668403625488,10.77
7.861534118652344,5.57
7.602292060852051,5.03
10.648605346679688,19.28
13.777398109436035,11.82
12.940373420715332,12.66
15.464812278747559,19.28
18.007387161254883,16.61
19.062490463256836,23.69
20.279876708984375,16.61
18.762516021728516,17.86
18.493669509887695,20.58
16.979188919067383,19.15
13.296687126159668,16.47
9.796568870544434,7.35
7.304006576538086,8.37
7.810825347900391,8.35
8.48615837097168,7.53
9.603835105895996,7.24
11.01596736907959,12.16
11.602630615234375,12.03
10.54313850402832,10.93
8.97272777557373,9.62
7.2127156257629395,7.24
5.404141426086426,4.18
3.872152328491211,1.55
2.8522162437438965,1.49
2.468031883239746,0.37
2.014371871948242,0.0
1.8276503086090088,0.0
1.752084493637085,0.0
1.6769671440124512,0.0
1.6135778427124023,0.0
1.5538287162780762,0.0
1.4961848258972168,0.0
1.4313411712646484,0.0
1.3661500215530396,0.0
1.2957450151443481,0.0
1.2335381507873535,0.0
1.175054669380188,0.0
1.1200015544891357,0.0
1.0709795951843262,0.0
1.0123720169067383,0.0
0.9572170376777649,0.0
0.906017541885376,0.0
0.8509747982025146,0.0
0.8128558397293091,0.0
0.7626404762268066,0.0
0.7139126062393188,0.0
0.6908048987388611,0.0
0.6662606596946716,0.0
0.6329159140586853,0.0
0.5659396052360535,0.0
0.49871423840522766,0.0
0.4682495892047882,0.0
0.4832264482975006,0.0
0.49645140767097473,0.0
0.5123087167739868,0.0
0.5501275658607483,0.0
0.5955908298492432,0.0
0.6465173959732056,0.0
0.7132439613342285,0.0
0.776129961013794,0.0
0.8384777307510376,0.0
0.9030886888504028,0.0
0.9763898849487305,0.0
1.0487161874771118,0.0
1.1206146478652954,0.0
1.1994965076446533,0.0
1.3005542755126953,0.0
1.4036716222763062,0.0
1.5064027309417725,0.0
1.609317421913147,0.0
1.6979753971099854,0.0
1.766688585281372,0.0
1.8342854976654053,0.0
1.7859325408935547,0.0
1.8829398155212402,0.0
2.0436384677886963,0.0
2.36496901512146,0.41
3.047389030456543,1.15
4.1248064041137695,2.33
5.676446437835693,6.03
7.6411943435668945,7.16
9.483604431152344,9.63
11.969294548034668,12.0
13.657129287719727,13.7
14.631558418273926,15.21
15.123077392578125,16.58
16.19246482849121,17.74
16.52678680419922,17.58
16.111312866210938,14.65
17.217409133911133,18.33
20.181312561035156,21.45
20.429893493652344,22.22
21.033899307250977,16.75
20.17445945739746,20.14
19.426116943359375,24.97
17.84816551208496,19.99
14.822640419006348,14.01
14.192278861999512,21.84
15.610763549804688,9.01
17.728717803955078,18.63
23.30605697631836,24.92
24.042964935302734,21.09
22.444238662719727,23.39
20.701833724975586,23.71
17.60406494140625,22.59
13.738353729248047,10.88
9.681987762451172,7.57
8.17746353149414,8.21
7.5550336837768555,7.27
6.758643627166748,6.47
6.422959804534912,4.16
6.256731986999512,3.53
6.544308185577393,4.42
6.763419151306152,7.5
6.457985877990723,5.19
5.021660804748535,4.07
3.951723575592041,1.91
2.9724605083465576,1.16
2.474079132080078,0.43
2.120410680770874,0.07
1.949998378753662,0.0
1.850966215133667,0.0
1.78987717628479,0.0
1.727194905281067,0.0
1.664011836051941,0.0
1.595281958580017,0.0
1.5268193483352661,0.0
1.4552862644195557,0.0
1.3947336673736572,0.0
1.346265196800232,0.0
1.2855379581451416,0.0
1.227234125137329,0.0
1.1749550104141235,0.0
1.121838092803955,0.0
1.0572141408920288,0.0
0.994118869304657,0.0
0.9368971586227417,0.0
0.8715851306915283,0.0
0.8231857419013977,0.0
0.7659168243408203,0.0
0.7066215872764587,0.0
0.6623554229736328,0.0
0.6217248439788818,0.0
0.5759356021881104,0.0
0.5454365611076355,0.0
0.5307639837265015,0.0
0.49865591526031494,0.0
0.5016459226608276,0.0
0.5066038966178894,0.0
0.5150614976882935,0.0
0.537279486656189,0.0
0.5805471539497375,0.0
0.6299507021903992,0.0
0.6919375658035278,0.0
0.7270671129226685,0.0
0.7769138813018799,0.0
0.8363490700721741,0.0
0.9101194143295288,0.0
1.0187604427337646,0.0
1.1519157886505127,0.0
1.2848384380340576,0.0
1.404621958732605,0.0
1.5185887813568115,0.0
1.6218469142913818,0.0
1.741544246673584,0.0
1.8842339515686035,0.0
1.9958961009979248,0.0
2.00653338432312,0.0
1.9570717811584473,0.0
2.3589022159576416,0.0
2.827761650085449,0.23
3.1439669132232666,0.45
3.8282790184020996,1.09
3.9481492042541504,3.69
4.254361629486084,5.9
4.427500247955322,2.51
4.980102062225342,4.63
7.646857261657715,8.88
10.373377799987793,8.51
14.848562240600586,16.37
19.93842124938965,18.07
21.270780563354492,19.23
20.70842933654785,19.26
18.936267852783203,21.25
16.523853302001953,23.77
12.759526252746582,12.43
8.78861141204834,3.5
9.376415252685547,5.38
11.622416496276855,12.24
12.803563117980957,13.74
11.35595417022705,11.43
10.036802291870117,11.86
9.696738243103027,9.46
8.24633502960205,4.85
8.526375770568848,8.05
10.50086498260498,9.88
11.338912963867188,12.87
11.317113876342773,8.9
10.312103271484375,7.31
10.338921546936035,12.59
10.151653289794922,8.96
7.933302879333496,5.6
6.642976760864258,5.2
5.916278839111328,4.61
5.279122829437256,3.51
4.6782989501953125,2.35
4.2704362869262695,1.78
4.138736724853516,2.82
4.101835250854492,1.72
3.6833183765411377,2.13
3.4351561069488525,1.13
2.9814717769622803,0.9499999999999998
2.731832981109619,0.9499999999999998
2.4673542976379395,0.62
2.1576032638549805,0.0
1.9192050695419312,0.0
1.8432761430740356,0.0
1.7792778015136719,0.0
1.7162795066833496,0.0
1.6511048078536987,0.0
1.5769273042678833,0.0
1.5102869272232056,0.0
1.452919602394104,0.0
1.3894352912902832,0.0
1.3368639945983887,0.0
1.2803822755813599,0.0
1.2168453931808472,0.0
1.1429330110549927,0.0
1.0704445838928223,0.0
1.0056309700012207,0.0
0.9420758485794067,0.0
0.8871688842773438,0.0
0.8237163424491882,0.0
0.7644317746162415,0.0
0.6967621445655823,0.0
0.6475638747215271,0.0
0.6070083379745483,0.0
0.585914671421051,0.0
0.5398695468902588,0.0
0.5262742042541504,0.0
0.5061397552490234,0.0
0.5021240711212158,0.0
0.507330060005188,0.0
0.5114037990570068,0.0
0.5267974138259888,0.0
0.5611304044723511,0.0
0.6215381622314453,0.0
0.6873513460159302,0.0
0.7283474206924438,0.0
0.7544384598731995,0.0
0.8282291293144226,0.0
0.8904223442077637,0.0
0.9633077383041382,0.0
1.0302342176437378,0.0
1.0917969942092896,0.0
1.1714417934417725,0.0
1.26394784450531,0.0
1.3558207750320435,0.0
1.4625389575958252,0.0
1.592611312866211,0.0
1.6973443031311035,0.0
1.7833155393600464,0.0
1.782041311264038,0.0
1.7968590259552002,0.0
1.8844250440597534,0.0
2.1136014461517334,0.0
2.583132743835449,0.23
3.4299511909484863,1.64
5.111636638641357,4.0
6.959900379180908,5.12
8.415233612060547,8.12
9.785320281982422,9.88
10.72096061706543,12.0
11.929359436035156,13.94
12.114723205566406,11.93
12.571751594543457,12.22
13.622489929199219,15.410000000000002
16.252168655395508,17.82
15.999406814575195,17.0
15.608482360839844,15.349999999999998
16.81688690185547,19.3
17.576824188232422,18.03
15.999342918395996,19.48
14.924765586853027,12.21
15.893243789672852,22.03
18.733293533325195,20.4
18.592742919921875,15.219999999999999
18.855342864990234,16.48
21.07494354248047,25.38
20.526208877563477,22.55
17.10858917236328,16.63
14.482606887817383,15.81
13.041521072387695,11.77
11.905153274536133,13.79
11.30551815032959,8.43
10.051109313964844,9.51
9.671385765075684,9.72
8.179617881774902,9.64
6.5034260749816895,6.57
5.5201616287231445,6.26
6.1648383140563965,5.38
7.564820289611816,5.79
9.517997741699219,7.890000000000001
11.183520317077637,11.77
11.655287742614746,12.77
10.486464500427246,11.06
8.507570266723633,8.66
6.512948989868164,5.96
4.7531328201293945,3.47
3.4197797775268555,1.66
2.5578980445861816,0.31
2.0445737838745117,0.0
1.867409110069275,0.0
1.7906911373138428,0.0
1.7171121835708618,0.0
1.648131251335144,0.0
1.5802593231201172,0.0
1.5238699913024902,0.0
1.4576082229614258,0.0
1.4049502611160278,0.0
1.3378167152404785,0.0
1.265543818473816,0.0
1.1932486295700073,0.0
1.1430047750473022,0.0
1.0855910778045654,0.0
1.019500970840454,0.0
0.9539031386375427,0.0
0.9009600281715393,0.0
0.8555223345756531,0.0
0.8017768859863281,0.0
0.7348791360855103,0.0
0.662959635257721,0.0
0.6250028014183044,0.0
0.6021072268486023,0.0
0.5739362239837646,0.0
0.5575310587882996,0.0
0.5530191659927368,0.0
0.5482079982757568,0.0
0.5500040054321289,0.0
0.5454109311103821,0.0
0.551360011100769,0.0
0.5863698124885559,0.0
0.6111617088317871,0.0
0.6586205363273621,0.0
0.7091748714447021,0.0
0.7627047300338745,0.0
0.8223342895507812,0.0
0.8876331448554993,0.0
0.9389628171920776,0.0
1.002040147781372,0.0
1.1117258071899414,0.0
1.1772867441177368,0.0
1.2770462036132812,0.0
1.3779621124267578,0.0
1.4859883785247803,0.0
1.5922993421554565,0.0
1.7067420482635498,0.0
1.780216097831726,0.0
1.7562021017074585,0.0
1.727677822113037,0.0
1.7893034219741821,0.0
1.962782859802246,0.0
2.4093339443206787,0.06
3.269408702850342,1.28
4.659488201141357,3.9699999999999998
6.362041473388672,6.03
8.023346900939941,8.04
9.764410018920898,10.07
11.423008918762207,12.04
13.23045539855957,13.84
14.532445907592773,15.489999999999998
15.8035306930542,16.83
16.959253311157227,17.93
18.040958404541016,19.24
19.582786560058594,20.17
20.329692840576172,19.39
21.067232131958008,22.78
22.063522338867188,23.22
23.94426918029785,23.67
24.9816837310791,24.59
24.13795280456543,21.44
24.732847213745117,25.99
23.425809860229492,26.26
20.540464401245117,27.72
16.867374420166016,12.37
14.04261302947998,15.289999999999997
17.728361129760742,25.73
20.336545944213867,11.13
20.503448486328125,23.7
22.150232315063477,21.88
19.517545700073242,22.7
17.22327995300293,23.42
14.73806381225586,15.1
12.384139060974121,11.79
12.687291145324707,6.0
13.9678373336792,19.96
16.24431800842285,18.19
14.49715518951416,15.080000000000002
12.639206886291504,11.42
11.056306838989258,10.58
9.874367713928223,10.56
8.349153518676758,9.37
6.3223161697387695,5.51
4.21014404296875,1.8999999999999997
2.7914459705352783,1.0
2.2706377506256104,0.0
1.9060150384902954,0.0
1.8306384086608887,0.0
1.7660267353057861,0.0
1.7033685445785522,0.0
1.6339795589447021,0.0
1.5707415342330933,0.0
1.5076568126678467,0.0
1.432860016822815,0.0
1.363741397857666,0.0
1.3147032260894775,0.0
1.2618114948272705,0.0
1.207316517829895,0.0
1.1463830471038818,0.0
1.088277816772461,0.0
1.01044499874115,0.0
0.9256472587585449,0.0
0.8751325607299805,0.0
0.830557107925415,0.0
0.7879562973976135,0.0
0.7485802173614502,0.0
0.714877188205719,0.0
0.6667312979698181,0.0
0.6173215508460999,0.0
0.5885447263717651,0.0
0.5664236545562744,0.0
0.5853139162063599,0.0
0.5556466579437256,0.0
0.5348882079124451,0.0
0.5704758763313293,0.0
0.6180787682533264,0.0
0.6559992432594299,0.0
0.7047087550163269,0.0
0.7558360695838928,0.0
0.806980311870575,0.0
0.8857800960540771,0.0
0.933722972869873,0.0
1.0178472995758057,0.0
1.1139552593231201,0.0
1.2181904315948486,0.0
1.327810525894165,0.0
1.4573228359222412,0.0
1.5672545433044434,0.0
1.666428804397583,0.0
1.74851393699646,0.0
1.8149946928024292,0.0
1.8557298183441162,0.0
1.956066608428955,0.0
2.136704444885254,0.0
2.457529306411743,0.0
2.8935906887054443,0.04
3.522047281265259,1.1
4.198749542236328,2.03
4.575606346130371,2.61
4.535187721252441,3.13
4.697662353515625,3.3
4.056922435760498,3.48
3.8044400215148926,3.9699999999999998
5.132483959197998,4.83
7.063355922698975,7.660000000000001
11.184258460998535,11.31
13.252427101135254,10.18
14.181265830993652,18.6
15.595296859741211,20.05
14.575538635253906,17.38
14.436352729797363,18.46
15.726530075073242,11.16
17.97509765625,20.37
21.852327346801758,23.6
22.777103424072266,24.11
22.706844329833984,24.05
22.659990310668945,23.32
22.4054012298584,22.43
22.492576599121094,22.56
22.516094207763672,24.91
23.05975914001465,23.57
21.891765594482422,23.07
21.137680053710938,21.0
20.418298721313477,22.52
19.985595703125,22.45
18.826086044311523,19.83
17.48004913330078,16.43
17.09691047668457,19.7
17.22234344482422,17.91
16.061614990234375,16.71
14.97655200958252,16.03
13.706212043762207,14.47
12.075016975402832,12.64
10.365850448608398,10.62
8.579562187194824,8.54
6.836791515350342,6.23
5.232686519622803,4.05
3.9255800247192383,2.37
2.970219135284424,1.08
2.3383140563964844,0.03
1.9492862224578857,0.0
1.8655050992965698,0.0
1.8028331995010376,0.0
1.740623116493225,0.0
1.6735379695892334,0.0
1.612231731414795,0.0
1.5506796836853027,0.0
1.4870245456695557,0.0
1.4143482446670532,0.0
1.3432596921920776,0.0
1.2842987775802612,0.0
1.2343543767929077,0.0
1.182953119277954,0.0
1.1098136901855469,0.0
1.0493446588516235,0.0
1.0023818016052246,0.0
0.9417750835418701,0.0
0.868378758430481,0.0
0.8099725246429443,0.0
0.7525628805160522,0.0
0.7100231647491455,0.0
0.6543278098106384,0.0
0.5820799469947815,0.0
0.5865920782089233,0.0
0.6031410694122314,0.0
0.6051487326622009,0.0
0.6145875453948975,0.0
0.6350837349891663,0.0
0.6401795744895935,0.0
0.6410278081893921,0.0
0.6500853896141052,0.0
0.6478537321090698,0.0
0.6989091038703918,0.0
0.7623232007026672,0.0
0.83402019739151,0.0
0.9100450873374939,0.0
0.9924176931381226,0.0
1.0821017026901245,0.0
1.1787822246551514,0.0
1.2763434648513794,0.0
1.3788816928863525,0.0
1.4738881587982178,0.0
1.6041851043701172,0.0
1.7020972967147827,0.0
1.7793506383895874,0.0
1.8309659957885742,0.0
1.8713719844818115,0.0
1.8010684251785278,0.0
2.133866786956787,0.0
2.6238532066345215,0.0
3.2266268730163574,0.31
4.015989303588867,0.9
4.700781345367432,3.31
5.07274055480957,4.94
4.919146537780762,2.42
4.489482402801514,2.85
3.787648916244507,3.31
3.5038154125213623,2.82
5.053233623504639,4.19
7.744963645935059,7.2
10.927125930786133,6.53
13.35299301147461,9.62
15.426980972290039,17.96
15.488051414489746,17.58
12.4246244430542,11.62
9.585939407348633,9.04
8.16033935546875,5.55
7.255615711212158,4.57
7.507654190063477,5.44
8.336567878723145,7.15
9.059935569763184,7.86
9.099284172058105,6.2
8.562487602233887,5.83
8.254473686218262,8.13
7.925530433654785,7.03
7.07584810256958,5.51
6.74652624130249,3.68
6.564767360687256,3.61
6.938248157501221,5.38
7.088958740234375,6.24
6.677562236785889,5.43
5.975353717803955,4.13
5.361652851104736,2.52
5.21051025390625,3.8599999999999994
5.537278175354004,3.12
5.405916213989258,3.81
5.314908027648926,3.17
4.827287673950195,2.35
4.357381820678711,3.08
3.9269001483917236,2.05
3.1315431594848633,0.87
2.505315065383911,0.35
2.2059240341186523,0.0
2.02913236618042,0.0
2.006568670272827,0.0
1.9278404712677002,0.0
1.8770852088928223,0.0
1.7969890832901,0.0
1.6773022413253784,0.0
1.6417696475982666,0.0
1.5833826065063477,0.0
1.4960559606552124,0.0
1.3763401508331299,0.0
1.2731035947799683,0.0
1.1969599723815918,0.0
1.1724474430084229,0.0
1.092101812362671,0.0
1.0432335138320923,0.0
0.9873263835906982,0.0
0.9221545457839966,0.0
0.8872494101524353,0.0
0.8415852189064026,0.0
0.7932175397872925,0.0
0.7351678013801575,0.0
0.679652214050293,0.0
0.6315618753433228,0.0
0.5905507206916809,0.0
0.538084089756012,0.0
0.4975919723510742,0.0
0.4576331377029419,0.0
0.4549019932746887,0.0
0.45556119084358215,0.0
0.45590612292289734,0.0
0.45536354184150696,0.0
0.46951767802238464,0.0
0.4845997393131256,0.0
0.4955434799194336,0.0
0.5411337018013,0.0
0.5834853053092957,0.0
0.628473699092865,0.0
0.6949722170829773,0.0
0.7741686701774597,0.0
0.8564238548278809,0.0
0.9398564100265503,0.0
1.0299299955368042,0.0
1.1439787149429321,0.0
1.244535207748413,0.0
1.3403739929199219,0.0
1.4534575939178467,0.0
1.567344307899475,0.0
1.676308274269104,0.0
1.7882329225540161,0.0
1.8909742832183838,0.0
1.9845976829528809,0.0
2.072951078414917,0.0
2.1807334423065186,0.0
2.3388400077819824,0.0
2.521331787109375,0.0
2.8038718700408936,0.0
3.1367411613464355,0.48999999999999994
3.5063681602478027,0.96
3.8266799449920654,1.28
4.014049053192139,1.27
4.244626998901367,1.88
4.378357887268066,1.63
4.454284191131592,1.73
4.691123008728027,2.45
5.168885707855225,2.55
5.627071380615234,3.38
6.253767967224121,2.97
6.67444372177124,4.99
7.541538238525391,5.64
8.229667663574219,6.58
8.450623512268066,6.09
8.414403915405273,6.68
8.53855037689209,6.06
8.367593765258789,8.2
8.28146743774414,6.01
7.526303291320801,4.15
7.274735450744629,5.74
7.306593894958496,5.54
6.749500751495361,4.85
5.938465118408203,4.73
5.484339714050293,3.7999999999999994
5.143316268920898,3.33
5.620268821716309,3.9699999999999998
6.422513008117676,3.8900000000000006
6.966281414031982,4.56
7.56915807723999,6.91
7.888490200042725,6.48
7.3944621086120605,6.97
6.683063507080078,4.22
5.528209686279297,3.04
5.002631187438965,3.53
4.587130069732666,3.07
3.8617148399353027,1.66
3.134455919265747,0.96
2.702928304672241,0.39
2.4248502254486084,0.5
2.259770393371582,0.0
2.0494866371154785,0.0
1.9703346490859985,0.0
1.8877118825912476,0.0
1.8089174032211304,0.0
1.7466611862182617,0.0
1.6655126810073853,0.0
1.5813288688659668,0.0
1.5142300128936768,0.0
1.4609657526016235,0.0
1.4006693363189697,0.0
1.3367122411727905,0.0
1.2649564743041992,0.0
1.1970049142837524,0.0
1.1181721687316895,0.0
1.0324862003326416,0.0
0.9501201510429382,0.0
0.8937150835990906,0.0
0.8360971212387085,0.0
0.7766918540000916,0.0
0.7351891994476318,0.0
0.6836125254631042,0.0
0.642703652381897,0.0
0.6000152826309204,0.0
0.5573353171348572,0.0
0.5062521696090698,0.0
0.48139387369155884,0.0
0.46173620223999023,0.0
0.4406254291534424,0.0
0.4376341998577118,0.0
0.440123051404953,0.0
0.4531558156013489,0.0
0.4901072680950165,0.0
0.5371261239051819,0.0
0.5669052004814148,0.0
0.6157042980194092,0.0
0.678358793258667,0.0
0.746695876121521,0.0
0.8095300793647766,0.0
0.8812754154205322,0.0
0.9599719047546387,0.0
1.0431324243545532,0.0
1.1361775398254395,0.0
1.239336371421814,0.0
1.3499056100845337,0.0
1.461830735206604,0.0
1.5753393173217773,0.0
1.6827248334884644,0.0
1.785759687423706,0.0
1.8780168294906616,0.0
1.9630329608917236,0.0
2.0644922256469727,0.0
2.2052319049835205,0.0
2.3317465782165527,0.0
2.554065227508545,0.06
2.9378154277801514,0.42
3.5811774730682373,0.97
4.260412693023682,1.55
4.914322853088379,2.01
5.470203399658203,3.38
5.941005229949951,4.08
5.9624199867248535,4.05
5.628490447998047,3.06
5.109341621398926,3.29
4.800934314727783,3.29
4.4838409423828125,3.64
5.657310962677002,3.88
7.897242546081543,4.95
10.017248153686523,6.56
11.602176666259766,9.67
12.313033103942871,11.99
11.809454917907715,14.9
10.140006065368652,8.88
7.18705940246582,4.23
6.127471446990967,4.37
5.403348445892334,5.1
5.398750305175781,6.0
5.328287124633789,5.72
5.399115085601807,5.19
6.88736629486084,9.09
10.283109664916992,8.3
12.846478462219238,15.04
14.872843742370605,13.57
16.5325927734375,16.95
17.14642906188965,21.16
16.217336654663086,19.35
14.363577842712402,10.54
13.219133377075195,13.91
13.66421890258789,15.63
12.378044128417969,7.719999999999999
10.297550201416016,13.42
9.698556900024414,11.41
7.150041580200195,5.74
4.717024326324463,2.01
3.402026891708374,1.62
2.935479164123535,1.19
2.5067741870880127,0.28
2.122483491897583,0.0
1.9537509679794312,0.0
1.8599762916564941,0.0
1.7972853183746338,0.0
1.7354867458343506,0.0
1.6643892526626587,0.0
1.59428071975708,0.0
1.528118371963501,0.0
1.452649474143982,0.0
1.3805826902389526,0.0
1.3169159889221191,0.0
1.253551721572876,0.0
1.186729073524475,0.0
1.1186569929122925,0.0
1.057291030883789,0.0
1.000433087348938,0.0
0.9464344382286072,0.0
0.8859902620315552,0.0
0.8279259204864502,0.0
0.7707166075706482,0.0
0.7133650183677673,0.0
0.6754246950149536,0.0
0.6380823254585266,0.0
0.602713406085968,0.0
0.5662933588027954,0.0
0.5358649492263794,0.0
0.5310816168785095,0.0
0.5289992094039917,0.0
0.5214650630950928,0.0
0.5299428701400757,0.0
0.5517675876617432,0.0
0.5588456392288208,0.0
0.5802524089813232,0.0
0.6147833466529846,0.0
0.6701308488845825,0.0
0.7244546413421631,0.0
0.7826627492904663,0.0
0.8569729924201965,0.0
0.9284446835517883,0.0
1.005756139755249,0.0
1.0953667163848877,0.0
1.1828337907791138,0.0
1.2802550792694092,0.0
1.3778189420700073,0.0
1.4794237613677979,0.0
1.6030070781707764,0.0
1.7177098989486694,0.0
1.8176318407058716,0.0
1.909553050994873,0.0
1.9933383464813232,0.0
2.099292516708374,0.0
2.246946334838867,0.0
2.4032185077667236,0.0
2.5879530906677246,0.0
2.8196980953216553,0.34
2.5268192291259766,0.78
1.8222321271896362,0.9499999999999998
2.8154220581054688,1.26
3.9419121742248535,1.78
5.638646125793457,2.51
8.391173362731934,3.51
11.557275772094727,13.2
14.238293647766113,18.05
13.689258575439453,8.64
12.266712188720703,12.21
12.67342472076416,13.27
11.683277130126953,9.82
9.70067024230957,8.48
8.962841987609863,6.79
8.101155281066895,7.24
6.835597038269043,5.04
6.112178802490234,5.14
6.933769702911377,5.92
8.3110990524292,7.16
9.478232383728027,4.6
10.491494178771973,7.5
11.986200332641602,13.87
11.955385208129883,11.54
9.796815872192383,7.79
7.8386030197143555,5.44
6.591549396514893,4.45
5.710720062255859,3.07
4.9589457511901855,2.3
4.58582067489624,2.46
4.264773368835449,1.22
3.8621249198913574,1.38
3.7196524143218994,1.0
3.49873423576355,1.22
3.3153040409088135,0.9799999999999999
3.0105323791503906,0.29
2.7193994522094727,0.23
2.580264091491699,0.12
2.418442726135254,0.0
2.323873519897461,0.0
2.2463955879211426,0.0
2.1634926795959473,0.0
2.0751736164093018,0.0
1.9835946559906006,0.0
1.8984503746032715,0.0
1.8175536394119263,0.0
1.7378979921340942,0.0
1.65928316116333,0.0
1.5820062160491943,0.0
1.5066649913787842,0.0
1.4219874143600464,0.0
1.3414727449417114,0.0
1.2661625146865845,0.0
1.1935830116271973,0.0
1.1253920793533325,0.0
1.0584356784820557,0.0
0.9903398752212524,0.0
0.9235072135925293,0.0
0.8586524724960327,0.0
0.7957143783569336,0.0
0.7358198761940002,0.0
0.6792989373207092,0.0
0.6279656291007996,0.0
0.5818240642547607,0.0
0.5407403707504272,0.0
0.505282461643219,0.0
0.4771460294723511,0.0
0.4557776153087616,0.0
0.4429771602153778,0.0
0.43772196769714355,0.0
0.4390181005001068,0.0
0.4477570056915283,0.0
0.4596906304359436,0.0
0.47852620482444763,0.0
0.5076503157615662,0.0
0.5460134148597717,0.0
0.5953176021575928,0.0
0.6551372408866882,0.0
0.7245451211929321,0.0
0.7951962947845459,0.0
0.8721815347671509,0.0
0.9564081430435181,0.0
1.0468868017196655,0.0
1.1444227695465088,0.0
1.2478262186050415,0.0
1.3581178188323975,0.0
1.4702526330947876,0.0
1.5815609693527222,0.0
1.6883412599563599,0.0
1.795102596282959,0.0
1.8946311473846436,0.0
1.9819276332855225,0.0
2.093409538269043,0.0
2.2107982635498047,0.0
2.343517541885376,0.0
2.545344829559326,0.0
2.9367291927337646,0.28
3.3660595417022705,0.8
3.6552274227142334,1.11
4.024417877197266,1.58
4.5585832595825195,2.5
5.228628635406494,3.04
5.454170227050781,2.35
6.279420375823975,3.62
7.1342387199401855,6.17
7.798806190490723,6.12
7.6239213943481445,5.54
7.756141185760498,5.05
8.091995239257812,7.900000000000001
8.367709159851074,4.64
7.861620903015137,6.36
7.807741641998291,5.52
7.328933238983154,7.03
6.989516735076904,4.76
6.823541641235352,4.26
7.375792980194092,3.81
7.6421613693237305,5.42
7.709440231323242,6.56
7.825257301330566,7.46
7.7610578536987305,6.45
7.19436502456665,4.03
7.118018627166748,2.82
7.559796333312988,6.47
8.064934730529785,8.05
7.249067783355713,4.56
5.803006649017334,3.15
5.113338470458984,3.3
4.709407329559326,1.97
4.190002918243408,1.75
3.942819118499756,1.71
3.6381590366363525,1.09
3.254998207092285,0.93
2.983928918838501,0.61
2.7142601013183594,0.13
2.487537384033203,0.0
2.331468343734741,0.0
2.2313873767852783,0.0
2.1682915687561035,0.0
2.1381566524505615,0.0
1.9873628616333008,0.0
1.9006807804107666,0.0
1.8174153566360474,0.0
1.7366000413894653,0.0
1.651532530784607,0.0
1.559326171875,0.0
1.4749152660369873,0.0
1.39769446849823,0.0
1.329881191253662,0.0
1.2538808584213257,0.0
1.172330379486084,0.0
1.096463680267334,0.0
1.0241292715072632,0.0
0.9592806696891785,0.0
0.8967384696006775,0.0
0.8347886800765991,0.0
0.767846941947937,0.0
0.6981018781661987,0.0
0.6306889653205872,0.0
0.5672820210456848,0.0
0.5161887407302856,0.0
0.47717002034187317,0.0
0.4493272304534912,0.0
0.4244491159915924,0.0
0.393415242433548,0.0
0.3697551488876343,0.0
0.3550820052623749,0.0
0.3504410982131958,0.0
0.35726016759872437,0.0
0.37727081775665283,0.0
0.4100838303565979,0.0
0.43555301427841187,0.0
0.46748998761177063,0.0
0.509255588054657,0.0
0.5615974068641663,0.0
0.6225095391273499,0.0
0.6945934295654297,0.0
0.7818048596382141,0.0
0.8729397058486938,0.0
0.9779428243637085,0.0
1.110658884048462,0.0
1.2719886302947998,0.0
1.4803141355514526,0.0
1.6696405410766602,0.0
1.8392333984375,0.0
1.9662210941314697,0.0
2.0991709232330322,0.0
2.249342441558838,0.0
2.4318220615386963,0.0
2.5438039302825928,0.2
2.730724334716797,0.35
2.9593093395233154,0.52
3.3251547813415527,0.64
3.7249670028686523,0.88
4.217828273773193,1.03
4.854803562164307,2.59
5.426858901977539,3.1
5.61899995803833,3.49
6.030226230621338,3.18
6.388668537139893,3.9699999999999998
6.683373928070068,4.18
6.742605209350586,3.7
6.887893199920654,4.73
7.1829833984375,6.0
7.053248405456543,3.66
6.688111305236816,3.57
6.7776384353637695,4.83
6.612361431121826,5.05
5.984976768493652,4.53
5.176076889038086,3.8599999999999994
3.9776597023010254,4.45
4.132622718811035,4.04
6.103057384490967,5.56
10.026735305786133,8.04
13.835484504699707,10.0
16.506057739257812,13.14
17.574199676513672,20.92
16.19780921936035,19.34
11.993593215942383,12.79
7.53179931640625,3.74
4.857343673706055,2.32
4.5875244140625,1.49
4.719249725341797,2.29
5.1833624839782715,4.54
5.275809288024902,2.47
4.744996070861816,2.88
4.561621189117432,2.32
4.0954999923706055,2.12
3.6443164348602295,1.91
3.095832109451294,0.93
2.5250861644744873,0.17
2.1872284412384033,0.0
2.0502305030822754,0.0
1.9767231941223145,0.0
1.899992823600769,0.0
1.8171823024749756,0.0
1.7343761920928955,0.0
1.6586397886276245,0.0
1.58457350730896,0.0
1.5038962364196777,0.0
1.4363259077072144,0.0
1.3507452011108398,0.0
1.2715556621551514,0.0
1.1739256381988525,0.0
1.0915043354034424,0.0
1.0162769556045532,0.0
0.950782835483551,0.0
0.8881428241729736,0.0
0.8241544365882874,0.0
0.7708495259284973,0.0
0.7192177772521973,0.0
0.6639515161514282,0.0
0.6132450103759766,0.0
0.5789141654968262,0.0
0.5443606972694397,0.0
0.5035157799720764,0.0
0.4653373956680298,0.0
0.42567551136016846,0.0
0.39436620473861694,0.0
0.3718564212322235,0.0
0.37035036087036133,0.0
0.3881443738937378,0.0
0.4143518805503845,0.0
0.47222810983657837,0.0
0.5192119479179382,0.0
0.5744137763977051,0.0
0.6450148820877075,0.0
0.7225081920623779,0.0
0.8143839240074158,0.0
0.9074862599372864,0.0
1.0334446430206299,0.0
1.1217982769012451,0.0
1.2196063995361328,0.0
1.3369566202163696,0.0
1.4450504779815674,0.0
1.571443796157837,0.0
1.6728841066360474,0.0
1.6898229122161865,0.0
1.668503761291504,0.0
1.7346962690353394,0.0
2.125897169113159,0.0
2.3469998836517334,0.0
3.279087543487549,0.28
4.293992519378662,2.26
5.661970615386963,4.93
6.5552873611450195,5.26
6.712677001953125,4.25
7.47902774810791,9.36
8.541563987731934,5.42
8.300250053405762,7.91
8.741533279418945,6.91
8.635974884033203,9.67
9.463031768798828,11.41
9.200752258300781,9.48
9.289667129516602,9.33
10.837637901306152,10.97
11.850520133972168,14.59
13.84796142578125,17.43
15.375101089477539,14.54
16.08697509765625,17.99
17.27325439453125,18.69
17.45981788635254,18.52
17.54297637939453,23.52
17.532291412353516,19.54
17.44213104248047,17.31
18.858448028564453,18.96
21.09986114501953,21.16
22.499317169189453,22.65
21.539337158203125,20.52
19.585514068603516,23.48
17.22626304626465,16.58
13.678302764892578,14.2
11.757599830627441,10.82
9.774662017822266,7.44
8.546364784240723,7.800000000000001
7.792470932006836,6.66
6.676244258880615,4.94
5.731750965118408,3.9799999999999995
5.072301387786865,2.88
4.461778163909912,2.54
3.990382194519043,1.9899999999999998
3.471515655517578,1.59
2.995588541030884,1.06
2.5494656562805176,0.38
2.1929454803466797,0.0
2.008057117462158,0.0
1.9463735818862915,0.0
1.88448166847229,0.0
1.7992994785308838,0.0
1.7315868139266968,0.0
1.6838653087615967,0.0
1.6105983257293701,0.0
1.5382978916168213,0.0
1.4399389028549194,0.0
1.3757885694503784,0.0
1.3073606491088867,0.0
1.2431365251541138,0.0
1.1657661199569702,0.0
1.1129070520401,0.0
1.04136061668396,0.0
0.9947383403778076,0.0
0.9392237663269043,0.0
0.9015910625457764,0.0
0.8693606853485107,0.0
0.8391650319099426,0.0
0.8173637986183167,0.0
0.7681488990783691,0.0
0.6948875188827515,0.0
0.6263178586959839,0.0
0.5634378790855408,0.0
0.5250654220581055,0.0
0.5162074565887451,0.0
0.4961419999599457,0.0
0.5085466504096985,0.0
0.5398311018943787,0.0
0.5840805172920227,0.0
0.6566527485847473,0.0
0.7264150381088257,0.0
0.8363972306251526,0.0
0.9155467748641968,0.0
0.9980530738830566,0.0
1.1041951179504395,0.0
1.2027417421340942,0.0
1.3102326393127441,0.0
1.4340438842773438,0.0
1.554286241531372,0.0
1.6446088552474976,0.0
1.757344126701355,0.0
1.8577169179916382,0.0
1.9988868236541748,0.0
2.041151523590088,0.0
2.219204902648926,0.0
2.5130980014801025,0.0
2.9976744651794434,0.11
3.4748940467834473,0.8
4.174788951873779,1.3
4.776174545288086,2.89
5.26962947845459,2.73
5.7887678146362305,3.29
6.440678596496582,3.68
7.035015106201172,4.84
7.512384414672852,4.65
7.624051094055176,5.25
7.652929782867432,6.59
7.389320373535156,4.21
6.650209903717041,4.38
6.503316879272461,3.74
6.254101276397705,3.52
6.1742753982543945,3.42
6.046903610229492,3.46
5.9984822273254395,3.49
5.944604873657227,3.8499999999999996
5.859461784362793,3.56
5.757002353668213,3.8599999999999994
6.098879337310791,4.22
6.5341668128967285,5.22
7.618200302124023,5.51
8.172755241394043,6.7
8.488739967346191,7.819999999999999
9.063580513000488,8.71
9.521441459655762,8.27
9.284703254699707,8.67
8.990445137023926,5.19
8.648703575134277,8.33
8.992742538452148,9.84
8.12332534790039,5.44
6.536069393157959,3.37
5.9980149269104,5.1
5.754077911376953,3.7999999999999994
4.7775750160217285,3.05
3.965230703353882,1.92
3.2088003158569336,0.9
2.686314582824707,0.36
2.3912458419799805,0.0
2.230654716491699,0.0
2.1608800888061523,0.0
2.0791852474212646,0.0
1.9671446084976196,0.0
1.8792119026184082,0.0
1.7983189821243286,0.0
1.7095897197723389,0.0
1.6067196130752563,0.0
1.490173101425171,0.0
1.4219576120376587,0.0
1.35922372341156,0.0
1.2985236644744873,0.0
1.2255263328552246,0.0
1.1865410804748535,0.0
1.153900146484375,0.0
1.1160153150558472,0.0
1.0541878938674927,0.0
1.0042744874954224,0.0
0.9303388595581055,0.0
0.8539474010467529,0.0
0.7690880298614502,0.0
0.6146458387374878,0.0
0.5752941370010376,0.0
0.599881649017334,0.0
0.5568546056747437,0.0
0.533353865146637,0.0
0.5068283081054688,0.0
0.4709005653858185,0.0
0.4768960475921631,0.0
0.4793444871902466,0.0
0.48353898525238037,0.0
0.5482785105705261,0.0
0.5807839632034302,0.0
0.7058268189430237,0.0
0.7135439515113831,0.0
0.7620390057563782,0.0
0.833350419998169,0.0
0.9317178726196289,0.0
1.0427851676940918,0.0
1.1344624757766724,0.0
1.2099629640579224,0.0
1.2678991556167603,0.0
1.3725351095199585,0.0
1.4860209226608276,0.0
1.6067770719528198,0.0
1.737791895866394,0.0
1.8941857814788818,0.0
2.0097594261169434,0.0
2.1217048168182373,0.0
2.3101797103881836,0.0
2.4772658348083496,0.0
2.7238173484802246,0.04
2.987780809402466,0.79
3.2970898151397705,1.21
3.8417351245880127,2.0
3.800117015838623,2.04
4.655450344085693,4.56
6.812853813171387,5.0
8.745551109313965,7.53
11.275930404663086,10.09
12.985298156738281,9.69
14.090906143188477,17.67
14.921650886535645,14.71
13.14074993133545,11.14
11.665842056274414,11.55
10.530728340148926,10.06
10.20319938659668,10.89
10.497014045715332,9.33
8.989194869995117,7.870000000000001
7.710280895233154,7.809999999999999
9.64236831665039,11.49
10.214597702026367,13.97
11.96399974822998,9.3
13.53177261352539,7.41
15.638351440429688,18.5
18.516557693481445,23.59
17.32187843322754,10.49
14.44386100769043,19.92
14.171815872192383,10.32
11.238211631774902,8.72
10.535219192504883,14.81
9.59839153289795,7.5600000000000005
6.989346504211426,5.06
6.242516040802002,4.41
6.1196136474609375,3.9500000000000006
6.1331329345703125,3.9500000000000006
6.174677848815918,4.62
5.942593097686768,5.24
5.270198345184326,2.83
4.201601028442383,2.53
3.6114954948425293,1.76
2.975888729095459,1.11
2.4779176712036133,0.0
2.0456295013427734,0.0
1.9679327011108398,0.0
1.8849259614944458,0.0
1.760305643081665,0.0
1.6642954349517822,0.0
1.5792336463928223,0.0
1.459557056427002,0.0
1.3829623460769653,0.0
1.2729442119598389,0.0
1.1986104249954224,0.0
1.126364827156067,0.0
1.0516537427902222,0.0
0.9984431266784668,0.0
0.9488239288330078,0.0
0.8990652561187744,0.0
0.825080156326294,0.0
0.7789871692657471,0.0
0.7423432469367981,0.0
0.709107518196106,0.0
0.673467755317688,0.0
0.6539285778999329,0.0
0.6347704529762268,0.0
0.6039811968803406,0.0
0.5875243544578552,0.0
0.581334114074707,0.0
0.5707553625106812,0.0
0.5975041389465332,0.0
0.638220489025116,0.0
0.6570568084716797,0.0
0.6876143217086792,0.0
0.7449668645858765,0.0
0.8283399939537048,0.0
0.8987125754356384,0.0
0.9878808259963989,0.0
1.0668065547943115,0.0
1.1526463031768799,0.0
1.240431785583496,0.0
1.327744722366333,0.0
1.445865511894226,0.0
1.5538866519927979,0.0
1.6413885354995728,0.0
1.7600877285003662,0.0
1.8431278467178345,0.0
1.9068597555160522,0.0
2.016188383102417,0.0
2.132012367248535,0.0
2.366328001022339,0.0
2.551626682281494,0.0
2.4219555854797363,0.37
2.3692626953125,1.22
2.484738826751709,1.54
3.024512767791748,2.27
4.429719924926758,2.04
6.84655237197876,5.02
10.398573875427246,12.51
13.905269622802734,15.009999999999998
15.884469032287598,16.61
17.443492889404297,18.18
18.729001998901367,19.3
19.90998649597168,20.32
20.930503845214844,21.26
21.99493408203125,22.06
22.465290069580078,22.75
22.91030502319336,23.32
23.235746383666992,24.21
23.45522689819336,23.58
24.21334457397461,23.85
23.327478408813477,22.22
22.27461051940918,24.98
21.481348037719727,23.47
19.48027229309082,22.49
18.476009368896484,20.83
17.728172302246094,12.44
18.757938385009766,23.19
22.020891189575195,22.2
21.024921417236328,20.91
20.72536849975586,21.52
19.62485122680664,18.94
17.094629287719727,19.57
14.752199172973633,15.51
11.836942672729492,11.05
9.346016883850098,12.78
8.082714080810547,3.38
6.0699357986450195,2.79
6.476187229156494,7.780000000000001
6.972963809967041,5.11
5.820532321929932,3.76
5.0321879386901855,5.06
4.47785758972168,2.19
3.2833147048950195,1.58
2.748868942260742,0.63
2.3064846992492676,0.0
2.0463759899139404,0.0
1.9799047708511353,0.0
1.902404546737671,0.0
1.8386037349700928,0.0
1.7943320274353027,0.0
1.7338016033172607,0.0
1.6712241172790527,0.0
1.6080201864242554,0.0
1.546854853630066,0.0
1.4760533571243286,0.0
1.408442735671997,0.0
1.342380404472351,0.0
1.2767665386199951,0.0
1.199729323387146,0.0
1.1449699401855469,0.0
1.0952634811401367,0.0
1.0245792865753174,0.0
0.9737437963485718,0.0
0.9185774326324463,0.0
0.8788804411888123,0.0
0.8430192470550537,0.0
0.8085384368896484,0.0
0.7877713441848755,0.0
0.7591241598129272,0.0
0.7278175950050354,0.0
0.7090960741043091,0.0
0.7083815336227417,0.0
0.7175987362861633,0.0
0.7094014286994934,0.0
0.7130293846130371,0.0
0.7293369770050049,0.0
0.7501502633094788,0.0
0.763560950756073,0.0
0.8040738105773926,0.0
0.8633586168289185,0.0
0.8998194336891174,0.0
0.9465354681015015,0.0
1.0425403118133545,0.0
1.1407588720321655,0.0
1.1909674406051636,0.0
1.285125970840454,0.0
1.396079421043396,0.0
1.5003547668457031,0.0
1.5992438793182373,0.0
1.6960464715957642,0.0
1.7791869640350342,0.0
1.8591039180755615,0.0
1.9527243375778198,0.0
2.028341770172119,0.0
2.1699514389038086,0.0
2.2865819931030273,0.0
2.4219045639038086,0.34
2.865933656692505,0.65
3.292797803878784,1.15
4.250999927520752,2.25
5.07565975189209,3.01
6.201420783996582,5.28
7.624715805053711,7.53
8.23157024383545,7.86
8.812376022338867,11.15
10.492237091064453,9.64
10.09309196472168,12.71
10.81031608581543,12.78
11.708423614501953,13.11
13.061664581298828,17.53
15.568391799926758,18.0
17.951051712036133,14.19
20.294940948486328,23.08
22.71905517578125,22.23
23.419578552246094,23.87
21.933067321777344,26.44
19.121231079101562,21.14
15.99907112121582,14.91
15.383293151855469,19.9
17.169342041015625,21.19
18.413904190063477,11.94
20.002347946166992,24.28
23.656923294067383,23.86
22.919132232666016,24.09
22.060436248779297,23.66
20.896711349487305,22.29
19.090715408325195,19.95
17.18866729736328,17.04
15.64278793334961,17.68
14.730531692504883,16.03
13.433554649353027,14.26
12.52452564239502,10.99
11.805968284606934,11.9
11.543649673461914,12.02
10.512271881103516,10.8
8.884647369384766,8.8
7.080223560333252,6.66
5.383923053741455,4.27
3.935541868209839,2.18
2.8922815322875977,0.44
2.259695053100586,0.0
2.052682638168335,0.0
1.9824365377426147,0.0
1.9264519214630127,0.0
1.8625633716583252,0.0
1.7946269512176514,0.0
1.7179219722747803,0.0
1.6462866067886353,0.0
1.5820753574371338,0.0
1.5173406600952148,0.0
1.457269310951233,0.0
1.3908082246780396,0.0
1.334663987159729,0.0
1.2672832012176514,0.0
1.1948657035827637,0.0
1.1272953748703003,0.0
1.0717620849609375,0.0
1.0188679695129395,0.0
0.9639328122138977,0.0
0.9197673797607422,0.0
0.8461089134216309,0.0
0.7978813052177429,0.0
0.7639983892440796,0.0
0.7469311356544495,0.0
0.7205585837364197,0.0
0.7020873427391052,0.0
0.6764539480209351,0.0
0.6680622100830078,0.0
0.6698101162910461,0.0
0.6590997576713562,0.0
0.6541670560836792,0.0
0.6739844083786011,0.0
0.6974332332611084,0.0
0.7368650436401367,0.0
0.7853896617889404,0.0
0.8517041802406311,0.0
0.9166169762611389,0.0
0.9850632548332214,0.0
1.066894769668579,0.0
1.146782398223877,0.0
1.2388149499893188,0.0
1.3245792388916016,0.0
1.4201058149337769,0.0
1.5246222019195557,0.0
1.612221360206604,0.0
1.7017333507537842,0.0
1.7945698499679565,0.0
1.8798534870147705,0.0
1.870954990386963,0.0
1.8729952573776245,0.0
2.0560927391052246,0.0
2.1989753246307373,0.0
2.530015468597412,0.04
3.0701346397399902,0.71
4.004897594451904,2.93
5.32996940612793,5.36
6.778266906738281,5.57
8.334660530090332,8.93
10.452703475952148,10.45
12.235058784484863,13.26
14.221952438354492,15.09
15.813313484191895,16.64
17.456369400024414,18.07
18.85452651977539,19.17
19.815778732299805,20.21
21.37863540649414,21.31
22.286775588989258,21.73
21.774038314819336,22.33
21.62059211730957,21.53
20.744022369384766,22.03
19.695463180541992,23.05
18.777976989746094,16.05
17.072975158691406,17.31
17.711315155029297,22.31
18.63756561279297,16.42
17.974218368530273,19.64
17.789125442504883,19.73
16.68646812438965,15.870000000000001
16.05025863647461,19.83
16.596837997436523,21.43
16.268056869506836,12.96
15.910152435302734,14.85
18.18717384338379,21.57
19.411258697509766,20.96
18.288911819458008,18.84
17.021167755126953,18.05
15.97596263885498,16.89
14.732760429382324,15.489999999999998
13.339962005615234,13.98
11.846858024597168,12.24
10.221220970153809,10.32
8.499228477478027,8.34
6.794909954071045,6.19
5.212935924530029,3.96
3.8879764080047607,2.03
2.931788206100464,0.51
2.337630033493042,0.0
2.07958722114563,0.0
1.9782735109329224,0.0
1.9139235019683838,0.0
1.853332281112671,0.0
1.7941393852233887,0.0
1.7432349920272827,0.0
1.6882119178771973,0.0
1.62147855758667,0.0
1.557935357093811,0.0
1.4970431327819824,0.0
1.4289205074310303,0.0
1.3492833375930786,0.0
1.301642656326294,0.0
1.2611585855484009,0.0
1.20098876953125,0.0
1.1423289775848389,0.0
1.0887908935546875,0.0
1.0344324111938477,0.0
0.9618263244628906,0.0
0.9474278688430786,0.0
0.8856418132781982,0.0
0.8316817879676819,0.0
0.7765753865242004,0.0
0.7805001735687256,0.0
0.7859649658203125,0.0
0.778661847114563,0.0
0.7744137048721313,0.0
0.7671534419059753,0.0
0.7585423588752747,0.0
0.7607176899909973,0.0
0.7709975242614746,0.0
0.7840547561645508,0.0
0.8074040412902832,0.0
0.846413254737854,0.0
0.8939521908760071,0.0
0.9521511197090149,0.0
0.9866197109222412,0.0
1.0323950052261353,0.0
1.1484298706054688,0.0
1.2532134056091309,0.0
1.3417692184448242,0.0
1.4286638498306274,0.0
1.5272835493087769,0.0
1.6386147737503052,0.0
1.7342673540115356,0.0
1.8317689895629883,0.0
1.8427830934524536,0.0
1.8223892450332642,0.0
1.816324234008789,0.0
1.889449954032898,0.0
2.0950398445129395,0.0
2.5134668350219727,0.04
3.3155722618103027,1.63
4.759583950042725,3.55
6.437679767608643,5.62
8.129836082458496,7.990000000000001
9.902193069458008,10.05
11.259077072143555,11.95
12.540284156799316,13.53
13.831523895263672,14.5
15.134596824645996,15.740000000000002
16.58493423461914,17.69
18.089384078979492,18.52
19.315837860107422,20.01
20.42755126953125,20.9
21.230443954467773,21.67
21.886672973632812,22.34
22.419715881347656,22.93
22.806087493896484,23.43
23.258800506591797,23.27
23.326234817504883,23.92
23.966854095458984,24.15
23.820837020874023,24.24
23.406997680664062,24.24
22.853981018066406,24.38
22.16455078125,22.49
21.374889373779297,24.59
21.124923706054688,19.33
20.86856460571289,22.26
21.46068000793457,22.1
21.006990432739258,21.63
20.742935180664062,21.41
19.37407875061035,20.47
16.997623443603516,19.06
14.579657554626465,13.38
12.39965534210205,15.829999999999998
11.580805778503418,12.71
9.932140350341797,4.96
8.914998054504395,8.09
9.49105453491211,10.99
8.750678062438965,8.52
6.809094429016113,6.17
5.131077289581299,3.82
3.7602362632751465,1.94
2.80879807472229,0.32
2.2071189880371094,0.0
2.048544406890869,0.0
1.9901155233383179,0.0
1.9174741506576538,0.0
1.8469257354736328,0.0
1.7781084775924683,0.0
1.7182562351226807,0.0
1.6488977670669556,0.0
1.5887055397033691,0.0
1.5324251651763916,0.0
1.468784213066101,0.0
1.3917580842971802,0.0
1.3388018608093262,0.0
1.2819753885269165,0.0
1.2238448858261108,0.0
1.1466631889343262,0.0
1.0877726078033447,0.0
1.0452799797058105,0.0
0.9986417293548584,0.0
0.9487005472183228,0.0
0.8839062452316284,0.0
0.8450491428375244,0.0
0.7917188405990601,0.0
0.7704672813415527,0.0
0.7593606114387512,0.0
0.7370186448097229,0.0
0.711563229560852,0.0
0.7093520760536194,0.0
0.7149724364280701,0.0
0.7028154134750366,0.0
0.7420177459716797,0.0
0.753983199596405,0.0
0.7924184799194336,0.0
0.8331269025802612,0.0
0.8729047775268555,0.0
0.9092063903808594,0.0
0.9634857177734375,0.0
1.0303328037261963,0.0
1.1096670627593994,0.0
1.202425479888916,0.0
1.3023875951766968,0.0
1.44382905960083,0.0
1.5456005334854126,0.0
1.6395183801651,0.0
1.726514458656311,0.0
1.8075413703918457,0.0
1.9166102409362793,0.0
1.946512222290039,0.0
1.8872880935668945,0.0
2.086825370788574,0.0
2.391651153564453,0.0
2.651175022125244,0.0
2.284576416015625,0.0
2.3497626781463623,1.67
2.977370500564575,4.37
3.9651646614074707,2.61
5.909271240234375,2.85
8.671561241149902,5.58
11.879281044006348,15.18
14.39155387878418,15.23
14.364315032958984,16.25
13.905729293823242,16.49
14.69827651977539,13.24
15.028985977172852,16.91
16.95985984802246,18.5
18.793006896972656,19.05
19.600875854492188,19.72
21.95673370361328,23.87
22.22010040283203,16.47
19.93548583984375,24.43
19.887338638305664,23.44
18.653575897216797,19.05
17.91445541381836,20.88
17.69977569580078,9.62
18.288488388061523,17.53
19.610984802246094,25.1
17.7630615234375,22.85
13.945901870727539,13.58
11.198750495910645,11.69
12.417566299438477,14.89
13.773818016052246,7.2
15.576436996459961,21.5
18.55821418762207,19.6
16.922040939331055,16.68
15.661949157714844,17.15
14.909296035766602,14.73
13.676094055175781,15.48
12.666908264160156,11.68
11.119680404663086,10.76
10.053655624389648,10.64
8.699152946472168,7.95
6.873353004455566,6.48
5.360732555389404,4.19
3.9284298419952393,2.34
2.8915772438049316,0.46
2.187262773513794,0.0
1.974955439567566,0.0
1.9120489358901978,0.0
1.8558043241500854,0.0
1.8004193305969238,0.0
1.7515608072280884,0.0
1.6986736059188843,0.0
1.628997564315796,0.0
1.573365569114685,0.0
1.5100231170654297,0.0
1.4536525011062622,0.0
1.3892651796340942,0.0
1.334250569343567,0.0
1.2647173404693604,0.0
1.2115695476531982,0.0
1.1516544818878174,0.0
1.090958833694458,0.0
1.0275224447250366,0.0
0.9716172218322754,0.0
0.9264829158782959,0.0
0.8967267274856567,0.0
0.8642171025276184,0.0
0.8225755095481873,0.0
0.7862569093704224,0.0
0.75968998670578,0.0
0.723970890045166,0.0
0.7077574133872986,0.0
0.6968851685523987,0.0
0.6767985820770264,0.0
0.6878392100334167,0.0
0.7032586336135864,0.0
0.7270742654800415,0.0
0.7311782240867615,0.0
0.7948560118675232,0.0
0.8438722491264343,0.0
0.9011519551277161,0.0
0.9637860059738159,0.0
0.9995622634887695,0.0
1.0661735534667969,0.0
1.1449111700057983,0.0
1.2396557331085205,0.0
1.3430442810058594,0.0
1.4521530866622925,0.0
1.5573148727416992,0.0
1.6630536317825317,0.0
1.7320376634597778,0.0
1.8057368993759155,0.0
1.8969016075134277,0.0
1.956571340560913,0.0
1.7938358783721924,0.0
1.6736754179000854,0.0
2.0042128562927246,0.0
2.5879604816436768,0.28
3.298518419265747,1.11
4.307094097137451,2.03
5.769546031951904,6.47
8.726263046264648,8.84
10.122893333435059,8.49
10.895339965820312,9.52
11.548773765563965,12.9
13.470967292785645,15.18
13.754823684692383,15.890000000000002
12.140327453613281,8.43
11.035335540771484,14.03
12.649422645568848,16.16
12.653740882873535,18.27
13.128168106079102,9.97
14.829730033874512,14.15
20.061857223510742,22.73
22.38277244567871,21.6
21.065134048461914,21.63
20.669645309448242,23.84
19.616559982299805,24.17
19.72864532470703,18.69
19.04191780090332,15.740000000000002
20.195093154907227,22.51
22.046497344970703,25.17
21.29831314086914,21.31
19.659862518310547,25.6
19.179813385009766,14.2
18.021032333374023,20.97
20.3397159576416,21.75
20.65076446533203,21.19
19.580312728881836,19.69
18.05400848388672,19.51
16.962505340576172,17.77
14.864837646484375,17.03
12.758406639099121,14.38
10.693146705627441,6.59
9.114931106567383,10.18
9.05452823638916,9.71
7.583705425262451,3.01
5.73870849609375,5.97
5.450997829437256,5.18
4.204309940338135,2.43
2.941469669342041,0.36
2.2302823066711426,0.0
2.071110248565674,0.0
2.009801149368286,0.0
1.9426841735839844,0.0
1.86323082447052,0.0
1.7857441902160645,0.0
1.7292674779891968,0.0
1.6720774173736572,0.0
1.5948305130004883,0.0
1.528040885925293,0.0
1.4494067430496216,0.0
1.389758825302124,0.0
1.327520728111267,0.0
1.267374038696289,0.0
1.2038379907608032,0.0
1.1456941366195679,0.0
1.089817762374878,0.0
1.0316063165664673,0.0
0.9973217248916626,0.0
0.9673735499382019,0.0
0.8996457457542419,0.0
0.8669810891151428,0.0
0.8327324390411377,0.0
0.8079603314399719,0.0
0.7788265943527222,0.0
0.7453063726425171,0.0
0.7228085994720459,0.0
0.7405990958213806,0.0
0.7260640263557434,0.0
0.7205291390419006,0.0
0.7160429954528809,0.0
0.757345974445343,0.0
0.7833132147789001,0.0
0.8327487111091614,0.0
0.8806964159011841,0.0
0.9260786771774292,0.0
0.9903272390365601,0.0
1.0707978010177612,0.0
1.1374229192733765,0.0
1.212603211402893,0.0
1.297712802886963,0.0
1.3893592357635498,0.0
1.4790875911712646,0.0
1.5721889734268188,0.0
1.6903858184814453,0.0
1.782991647720337,0.0
1.8892364501953125,0.0
1.9778085947036743,0.0
2.009528875350952,0.0
2.040287494659424,0.0
2.141021728515625,0.0
2.3535523414611816,0.0
2.6086690425872803,0.0
2.7440178394317627,0.03
2.8295693397521973,1.15
2.986257553100586,2.53
3.3637332916259766,3.25
4.184264183044434,3.15
5.873425483703613,4.3
8.68771743774414,9.02
12.090666770935059,13.26
14.73192024230957,16.28
18.17954444885254,17.41
19.79517364501953,18.51
19.82975196838379,19.43
20.50112533569336,20.27
19.382793426513672,21.49
18.220211029052734,22.13
15.850653648376465,9.4
13.04150676727295,13.22
14.335281372070312,19.51
13.930420875549316,9.78
11.042038917541504,15.470000000000002
11.332911491394043,9.77
10.121880531311035,12.04
12.605289459228516,15.42
14.953802108764648,11.74
15.48221492767334,12.02
17.04961585998535,19.75
17.14456558227539,15.829999999999998
14.401373863220215,20.34
11.295939445495605,10.23
7.092670917510986,5.3
6.596236705780029,9.12
7.98157262802124,5.5
9.560556411743164,8.25
11.724676132202148,9.03
12.465304374694824,13.07
12.255276679992676,13.82
10.357722282409668,11.03
7.754395961761475,8.92
5.441510200500488,1.9299999999999997
3.1854732036590576,1.05
2.661855459213257,0.38
2.321204662322998,0.0
2.1297292709350586,0.0
2.0556275844573975,0.0
1.991579532623291,0.0
1.9405817985534668,0.0
1.89936363697052,0.0
1.8365205526351929,0.0
1.7714184522628784,0.0
1.7084918022155762,0.0
1.6412893533706665,0.0
1.5726532936096191,0.0
1.5153404474258423,0.0
1.454352855682373,0.0
1.3804312944412231,0.0
1.3066891431808472,0.0
1.2389782667160034,0.0
1.1981515884399414,0.0
1.154063105583191,0.0
1.110610008239746,0.0
1.0449390411376953,0.0
0.9996157288551331,0.0
0.9558525681495667,0.0
0.9090929627418518,0.0
0.8756495714187622,0.0
0.8440970778465271,0.0
0.8355832099914551,0.0
0.8217446208000183,0.0
0.8108683228492737,0.0
0.7796578407287598,0.0
0.7493032813072205,0.0
0.7599331140518188,0.0
0.7698436975479126,0.0
0.7762661576271057,0.0
0.8088833689689636,0.0
0.8748254776000977,0.0
0.9524586796760559,0.0
1.01191246509552,0.0
1.064452052116394,0.0
1.1371268033981323,0.0
1.1989845037460327,0.0
1.274233102798462,0.0
1.38101327419281,0.0
1.4783107042312622,0.0
1.5822159051895142,0.0
1.6796917915344238,0.0
1.7979912757873535,0.0
1.9086706638336182,0.0
2.0234463214874268,0.0
2.0786592960357666,0.0
2.125889778137207,0.0
1.8862509727478027,0.0
1.9098892211914062,0.0
2.5899252891540527,0.0
3.393127918243408,0.03
4.222668647766113,1.0
4.424498558044434,2.0
5.57928991317749,8.3
6.868607997894287,7.890000000000001
7.353033542633057,3.76
7.895583152770996,5.05
10.357454299926758,8.24
13.278730392456055,17.43
14.441971778869629,12.37
11.778244018554688,13.87
12.97111988067627,11.07
13.5505952835083,14.33
12.16274356842041,13.05
11.972421646118164,9.89
13.486071586608887,12.72
15.392559051513672,21.63
15.981112480163574,8.28
12.252616882324219,7.08
13.68083381652832,24.24
14.675604820251465,14.45
10.980124473571777,8.17
10.334375381469727,7.32
11.139995574951172,5.32
11.907912254333496,19.4
12.790755271911621,9.94
8.914501190185547,7.660000000000001
8.366697311401367,7.95
8.514569282531738,5.96
7.206413269042969,6.06
7.564441680908203,7.1
8.042411804199219,4.66
8.146034240722656,10.22
8.59721565246582,4.15
7.253766059875488,2.1
7.005698204040527,12.03
7.251999378204346,4.01
4.44890022277832,2.29
3.622084140777588,1.4
3.1368188858032227,0.4
2.8140995502471924,0.0
2.701505184173584,1.88
2.78116774559021,0.0
2.180948495864868,0.0
2.1106860637664795,0.0
2.048846960067749,0.0
1.987541913986206,0.0
1.9215298891067505,0.0
1.8490209579467773,0.0
1.7796804904937744,0.0
1.713158130645752,0.0
1.6557157039642334,0.0
1.5907881259918213,0.0
1.5315757989883423,0.0
1.4638041257858276,0.0
1.4089634418487549,0.0
1.3429510593414307,0.0
1.2809889316558838,0.0
1.2119210958480835,0.0
1.1644847393035889,0.0
1.1201226711273193,0.0
1.0713579654693604,0.0
1.0410083532333374,0.0
1.003034234046936,0.0
0.9604281783103943,0.0
0.9297002553939819,0.0
0.8941549062728882,0.0
0.8556936383247375,0.0
0.8283112049102783,0.0
0.8082436919212341,0.0
0.8057630062103271,0.0
0.7957433462142944,0.0
0.7755635380744934,0.0
0.8216651082038879,0.0
0.8495206832885742,0.0
0.887811005115509,0.0
0.9401681423187256,0.0
1.010209560394287,0.0
1.0960079431533813,0.0
1.1494195461273193,0.0
1.2048512697219849,0.0
1.2855926752090454,0.0
1.3733960390090942,0.0
1.4596993923187256,0.0
1.5461472272872925,0.0
1.6469652652740479,0.0
1.753420114517212,0.0
1.8469868898391724,0.0
1.9151140451431274,0.0
1.9776378870010376,0.0
2.069225788116455,0.0
2.1442604064941406,0.0
2.334632396697998,0.0
2.3910789489746094,0.0
2.756122589111328,0.03
3.3822576999664307,0.66
4.08707332611084,1.08
4.438112258911133,2.24
4.7393693923950195,2.04
4.971840858459473,4.87
5.434664249420166,3.2
5.229404449462891,2.4
5.972370147705078,2.69
7.3135786056518555,6.0
8.729632377624512,7.03
9.067198753356934,7.3
8.818763732910156,6.95
8.413966178894043,8.56
8.314866065979004,6.7
8.095512390136719,5.67
8.370271682739258,5.23
9.125843048095703,6.86
9.950159072875977,8.3
10.185911178588867,9.06
9.532010078430176,7.579999999999999
8.640405654907227,6.25
7.814035892486572,6.25
7.173409938812256,4.91
6.842349052429199,4.51
6.871621131896973,3.57
6.588523864746094,5.14
6.581818103790283,3.46
6.29656982421875,5.12
6.348379135131836,5.56
5.992763996124268,2.89
5.61466646194458,2.18
5.261249542236328,4.95
6.020575046539307,4.46
5.927024841308594,3.82
6.0568366050720215,4.16
6.158454895019531,3.16
6.064977169036865,2.58
6.005902290344238,8.94
5.933452129364014,2.03
3.8442625999450684,2.37
3.4133565425872803,0.83
2.7784948348999023,0.9499999999999998
2.5199403762817383,0.0
2.19388484954834,0.0
2.1153182983398438,0.0
2.034062623977661,0.0
1.9707430601119995,0.0
1.9222625494003296,0.0
1.8582831621170044,0.0
1.7729268074035645,0.0
1.7083934545516968,0.0
1.6407475471496582,0.0
1.5643812417984009,0.0
1.4956145286560059,0.0
1.4477224349975586,0.0
1.3851913213729858,0.0
1.3193053007125854,0.0
1.2506284713745117,0.0
1.1861982345581055,0.0
1.1207042932510376,0.0
1.06548273563385,0.0
1.0100446939468384,0.0
0.9529826045036316,0.0
0.8973174691200256,0.0
0.845914900302887,0.0
0.7918144464492798,0.0
0.7554616332054138,0.0
0.7216638922691345,0.0
0.7142214179039001,0.0
0.7158681154251099,0.0
0.7034085392951965,0.0
0.6982669234275818,0.0
0.7074536085128784,0.0
0.6950937509536743,0.0
0.705444872379303,0.0
0.733087956905365,0.0
0.7648831605911255,0.0
0.8114852905273438,0.0
0.8552049398422241,0.0
0.9155009984970093,0.0
0.9820587635040283,0.0
1.0631775856018066,0.0
1.142441987991333,0.0
1.239208698272705,0.0
1.3453927040100098,0.0
1.4664243459701538,0.0
1.5649001598358154,0.0
1.6653550863265991,0.0
1.7624493837356567,0.0
1.8719689846038818,0.0
1.9623394012451172,0.0
2.054638624191284,0.0
2.01505446434021,0.0
2.0623013973236084,0.0
2.394059658050537,0.0
2.7783308029174805,0.0
3.501091957092285,0.26
4.073256492614746,0.63
4.60394811630249,3.7899999999999996
4.63580846786499,4.69
3.755793571472168,2.88
2.721723794937134,4.16
4.601358890533447,2.47
5.959564208984375,5.99
9.615218162536621,8.35
13.213566780090332,14.39
17.212221145629883,17.86
17.369800567626953,22.26
17.43487548828125,14.14
15.943522453308105,22.66
15.884819984436035,17.49
14.4064359664917,18.37
15.325843811035156,12.81
17.504638671875,23.89
21.64459800720215,18.33
22.89509391784668,21.49
24.451831817626953,25.35
23.95085906982422,25.31
21.74122428894043,26.01
19.26035499572754,21.85
16.287981033325195,15.71
15.88583755493164,15.36
17.05112648010254,17.76
18.68777847290039,20.35
20.279085159301758,22.43
20.45000457763672,18.87
19.33263397216797,21.04
18.848134994506836,16.24
16.803985595703125,20.23
14.744468688964844,17.5
11.084040641784668,8.46
7.802670478820801,7.2
6.74485969543457,7.53
5.77787971496582,1.79
4.408812999725342,0.9799999999999999
4.373467922210693,3.31
4.484028339385986,3.8499999999999996
3.869863510131836,2.13
2.979154109954834,0.19
2.347993850708008,0.0
2.221045970916748,0.0
2.140702962875366,0.0
2.0779035091400146,0.0
1.9992330074310303,0.0
1.9204411506652832,0.0
1.8109126091003418,0.0
1.7106554508209229,0.0
1.642122507095337,0.0
1.574582576751709,0.0
1.4933793544769287,0.0
1.4499701261520386,0.0
1.3816570043563843,0.0
1.3033020496368408,0.0
1.246696949005127,0.0
1.1996058225631714,0.0
1.1189693212509155,0.0
1.048301339149475,0.0
0.9867679476737976,0.0
0.932757556438446,0.0
0.8742700815200806,0.0
0.8185389637947083,0.0
0.7732481956481934,0.0
0.7423334717750549,0.0
0.7152634859085083,0.0
0.6940135359764099,0.0
0.6819908618927002,0.0
0.6754485964775085,0.0
0.6400448679924011,0.0
0.6019162535667419,0.0
0.6071027517318726,0.0
0.6317082643508911,0.0
0.672818124294281,0.0
0.7195537090301514,0.0
0.7625697255134583,0.0
0.8086395859718323,0.0
0.8301916122436523,0.0
0.8991866707801819,0.0
1.0020878314971924,0.0
1.1051626205444336,0.0
1.1892540454864502,0.0
1.2790589332580566,0.0
1.3815808296203613,0.0
1.4782013893127441,0.0
1.5780129432678223,0.0
1.6912027597427368,0.0
1.811250925064087,0.0
1.876798391342163,0.0
1.8590822219848633,0.0
1.8704512119293213,0.0
1.949061393737793,0.0
2.1998164653778076,0.0
2.6438846588134766,0.02
3.4518778324127197,1.18
4.743122100830078,3.75
6.380033016204834,5.75
7.943710803985596,8.13
10.070039749145508,9.88
12.562313079833984,11.78
14.070773124694824,13.47
14.74130916595459,15.109999999999998
15.6213960647583,16.72
16.133344650268555,18.75
16.572622299194336,15.930000000000001
16.003782272338867,11.9
15.93976879119873,16.9
16.703657150268555,20.44
14.670194625854492,16.18
11.148903846740723,14.14
10.064455032348633,10.31
13.409489631652832,11.54
17.170785903930664,15.780000000000001
20.072412490844727,17.19
20.526527404785156,19.23
18.398208618164062,25.01
14.99720287322998,22.25
10.367609024047852,7.32
8.508442878723145,8.97
11.820311546325684,9.4
15.168953895568848,12.62
18.967941284179688,20.85
20.782384872436523,22.28
18.983444213867188,20.35
15.798717498779297,17.11
12.837817192077637,13.48
10.783590316772461,13.77
9.92594051361084,7.83
9.138448715209961,5.21
9.95849323272705,9.2
11.088776588439941,12.81
10.600263595581055,10.96
8.661103248596191,8.55
6.7367424964904785,5.81
5.04685640335083,3.68
3.7900843620300293,1.83
2.9069604873657227,0.23
2.3458762168884277,0.0
2.201768398284912,0.0
2.1254961490631104,0.0
2.0532937049865723,0.0
1.9711107015609741,0.0
1.8933489322662354,0.0
1.8440113067626953,0.0
1.7852909564971924,0.0
1.7298134565353394,0.0
1.6599388122558594,0.0
1.591692328453064,0.0
1.5257829427719116,0.0
1.462417721748352,0.0
1.4001151323318481,0.0
1.3335068225860596,0.0
1.2721866369247437,0.0
1.2135509252548218,0.0
1.1632369756698608,0.0
1.1156421899795532,0.0
1.0742137432098389,0.0
1.0034306049346924,0.0
0.9471631050109863,0.0
0.9047911763191223,0.0
0.8649371266365051,0.0
0.8544241786003113,0.0
0.8349530100822449,0.0
0.8189135789871216,0.0
0.7958237528800964,0.0
0.7510066628456116,0.0
0.7681717872619629,0.0
0.7844458818435669,0.0
0.8084019422531128,0.0
0.8192363977432251,0.0
0.857514500617981,0.0
0.9035464525222778,0.0
0.9320220351219177,0.0
0.991266131401062,0.0
1.0604801177978516,0.0
1.1467479467391968,0.0
1.2408114671707153,0.0
1.313870906829834,0.0
1.4007182121276855,0.0
1.4800506830215454,0.0
1.5721454620361328,0.0
1.6977514028549194,0.0
1.83272123336792,0.0
1.931333303451538,0.0
1.958076000213623,0.0
1.90730881690979,0.0
1.9285945892333984,0.0
1.9391320943832397,0.0
2.1167256832122803,0.0
2.484558343887329,0.0
3.22878360748291,0.8
4.515579700469971,3.22
6.25834846496582,5.46
8.124404907226562,8.01
10.071723937988281,10.21
11.929108619689941,12.19
13.503390312194824,13.96
15.01876449584961,15.560000000000002
16.414745330810547,16.99
17.690574645996094,18.21
18.829986572265625,19.34
19.848596572875977,20.24
22.35849380493164,21.06
23.409029006958008,21.81
23.561965942382812,22.53
22.135194778442383,23.05
21.101776123046875,23.56
18.507343292236328,23.89
15.173727035522461,8.84
12.247493743896484,14.44
15.434752464294434,15.349999999999998
18.087644577026367,22.14
19.422861099243164,12.27
18.092729568481445,18.09
18.437255859375,20.33
16.165369033813477,21.32
12.403473854064941,14.98
8.56736946105957,7.19
8.004454612731934,7.57
10.4464693069458,10.36
13.323286056518555,13.9
15.68612289428711,16.12
16.758235931396484,17.55
16.68100929260254,18.14
15.631819725036621,16.14
13.967321395874023,14.61
12.31932544708252,13.05
10.44731330871582,10.44
8.416479110717773,8.15
6.598141193389893,5.85
4.988831996917725,3.55
3.680863857269287,1.66
2.790356397628784,0.14
2.2060372829437256,0.0
2.0962300300598145,0.0
2.0845625400543213,0.0
2.0752649307250977,0.0
2.0065441131591797,0.0
1.9302418231964111,0.0
1.8380613327026367,0.0
1.7094621658325195,0.0
1.6099379062652588,0.0
1.541168212890625,0.0
1.5112690925598145,0.0
1.4973723888397217,0.0
1.4460912942886353,0.0
1.376621961593628,0.0
1.3290314674377441,0.0
1.270379662513733,0.0
1.2097766399383545,0.0
1.1711231470108032,0.0
1.1278642416000366,0.0
1.082798719406128,0.0
1.0388036966323853,0.0
0.9965975284576416,0.0
0.9446793794631958,0.0
0.9155750870704651,0.0
0.8924917578697205,0.0
0.8777951598167419,0.0
0.8564789891242981,0.0
0.8294320106506348,0.0
0.8162145614624023,0.0
0.813052237033844,0.0
0.8316391110420227,0.0
0.8396574854850769,0.0
0.858155369758606,0.0
0.8773256540298462,0.0
0.9001345634460449,0.0
0.9706369042396545,0.0
1.0247122049331665,0.0
1.0821728706359863,0.0
1.1599013805389404,0.0
1.2448856830596924,0.0
1.3313268423080444,0.0
1.4205281734466553,0.0
1.5052504539489746,0.0
1.579042911529541,0.0
1.6662901639938354,0.0
1.765331745147705,0.0
1.8475195169448853,0.0
1.915905475616455,0.0
1.901906967163086,0.0
1.8867565393447876,0.0
1.8504291772842407,0.0
1.9680912494659424,0.0
2.276482582092285,0.0
2.9823217391967773,0.73
4.263322830200195,3.2
6.112717628479004,5.43
8.044651985168457,7.959999999999999
9.998655319213867,10.29
11.91175651550293,12.28
13.554381370544434,14.1
15.184000015258789,15.72
16.685848236083984,17.18
18.037805557250977,18.47
19.229267120361328,19.59
20.252117156982422,20.59
21.124608993530273,21.43
21.858524322509766,22.14
22.509029388427734,22.71
23.197519302368164,23.27
23.806222915649414,23.74
23.875213623046875,24.16
23.970596313476562,24.44
23.683622360229492,24.67
23.609569549560547,24.59
23.770305633544922,22.75
23.10968780517578,21.86
22.662696838378906,25.31
22.46986961364746,23.23
20.996999740600586,24.36
20.047630310058594,20.56
18.87555503845215,16.4
19.051021575927734,20.93
20.076221466064453,21.99
19.32108497619629,20.12
18.04096221923828,19.34
16.984609603881836,17.21
15.812704086303711,16.33
14.832193374633789,15.48
13.588976860046387,14.0
12.085347175598145,12.59
10.341561317443848,10.28
8.393954277038574,8.05
6.575834274291992,5.82
4.959295749664307,3.54
3.639279842376709,1.56
2.7307252883911133,0.09
2.209289789199829,0.0
2.1004762649536133,0.0
2.0306363105773926,0.0
1.9577648639678955,0.0
1.8929531574249268,0.0
1.8330497741699219,0.0
1.7631173133850098,0.0
1.691880226135254,0.0
1.6182079315185547,0.0
1.5464825630187988,0.0
1.4903850555419922,0.0
1.4321818351745605,0.0
1.3761510848999023,0.0
1.3201314210891724,0.0
1.2657963037490845,0.0
1.1776200532913208,0.0
1.119508981704712,0.0
1.092598557472229,0.0
1.0339549779891968,0.0
0.9845297336578369,0.0
0.9362286329269409,0.0
0.89445561170578,0.0
0.8454077243804932,0.0
0.8183910250663757,0.0
0.7751560807228088,0.0
0.7667346596717834,0.0
0.7710601091384888,0.0
0.7541866302490234,0.0
0.7735026478767395,0.0
0.771655797958374,0.0
0.777140200138092,0.0
0.8090598583221436,0.0
0.8388664722442627,0.0
0.8807994723320007,0.0
0.9157448410987854,0.0
0.9570921659469604,0.0
1.0117957592010498,0.0
1.0637738704681396,0.0
1.129589557647705,0.0
1.1907652616500854,0.0
1.2696850299835205,0.0
1.360395908355713,0.0
1.4635345935821533,0.0
1.5617382526397705,0.0
1.651917576789856,0.0
1.7428706884384155,0.0
1.8509128093719482,0.0
1.9666939973831177,0.0
1.9581109285354614,0.0
1.8585729598999023,0.0
1.8113359212875366,0.0
1.881697416305542,0.0
2.140770435333252,0.0
2.7400431632995605,0.11
3.843320369720459,2.5
5.546507835388184,4.99
7.286976337432861,7.07
8.989724159240723,8.98
10.784927368164062,11.35
12.587390899658203,13.31
14.211180686950684,14.83
15.664680480957031,16.43
16.98894500732422,17.79
19.143739700317383,19.03
20.374467849731445,19.96
21.598031997680664,20.92
21.96188735961914,21.53
20.092063903808594,22.39
19.350921630859375,23.36
17.47878074645996,15.969999999999999
15.450246810913086,18.77
15.848855018615723,14.74
16.584081649780273,16.77
19.239784240722656,27.05
20.803951263427734,16.9
20.019868850708008,20.35
22.408126831054688,24.15
23.770288467407227,25.45
23.514244079589844,23.86
22.669206619262695,23.63
22.06414031982422,23.09
21.260419845581055,22.47
20.34669303894043,21.58
19.380680084228516,19.67
18.43970489501953,19.49
17.70185089111328,18.49
16.541828155517578,17.19
15.204412460327148,15.769999999999998
13.643321990966797,14.2
11.994359970092773,12.28
10.15951919555664,10.03
8.263249397277832,7.88
6.484155178070068,5.49
4.888831615447998,3.28
3.645944833755493,2.01
2.818098545074463,0.18
2.1860523223876953,0.0
2.038970947265625,0.0
1.964961290359497,0.0
1.8995240926742554,0.0
1.8325937986373901,0.0
1.7879430055618286,0.0
1.725836992263794,0.0
1.6738505363464355,0.0
1.6049038171768188,0.0
1.5435761213302612,0.0
1.4716176986694336,0.0
1.4107396602630615,0.0
1.3434422016143799,0.0
1.2826741933822632,0.0
1.214278221130371,0.0
1.1665912866592407,0.0
1.117233395576477,0.0
1.064908742904663,0.0
1.0196703672409058,0.0
0.954666018486023,0.0
0.9127955436706543,0.0
0.8789761662483215,0.0
0.8482581973075867,0.0
0.8153760433197021,0.0
0.7876233458518982,0.0
0.7638822793960571,0.0
0.7590593099594116,0.0
0.7455705404281616,0.0
0.7406418919563293,0.0
0.7537012100219727,0.0
0.7748852968215942,0.0
0.8006024956703186,0.0
0.8323851823806763,0.0
0.8644906282424927,0.0
0.9025421738624573,0.0
0.949546217918396,0.0
0.9917599558830261,0.0
1.0662156343460083,0.0
1.1290687322616577,0.0
1.1843937635421753,0.0
1.2578293085098267,0.0
1.3507944345474243,0.0
1.4447622299194336,0.0
1.5537430047988892,0.0
1.6565760374069214,0.0
1.7654918432235718,0.0
1.874077320098877,0.0
1.9744330644607544,0.0
1.9315496683120728,0.0
1.9395219087600708,0.0
1.860298991203308,0.0
1.8905984163284302,0.0
2.0798182487487793,0.0
2.6116855144500732,0.13
3.6240625381469727,2.45
5.239682674407959,3.87
6.966797351837158,6.8
8.920411109924316,9.16
10.757019996643066,11.21
12.341592788696289,13.0
13.907208442687988,14.65
15.430381774902344,16.17
16.87954330444336,17.53
18.289520263671875,18.78
19.470705032348633,20.03
20.310596466064453,21.01
20.915681838989258,21.8
22.06944465637207,22.26
22.46224021911621,22.81
22.851369857788086,22.31
23.030237197875977,23.31
23.059337615966797,24.78
22.667556762695312,25.47
21.864608764648438,20.3
21.457382202148438,23.87
22.578948974609375,22.2
22.725374221801758,22.37
23.005891799926758,24.49
23.218605041503906,24.33
23.05193519592285,24.21
21.821517944335938,22.83
20.484830856323242,20.77
19.335960388183594,19.3
18.651535034179688,22.4
17.667835235595703,19.04
15.627857208251953,12.11
14.558629989624023,17.11
15.011192321777344,15.24
13.530780792236328,13.93
12.029728889465332,12.19
10.241445541381836,10.14
8.34118938446045,8.04
6.495736122131348,5.69
4.817596912384033,3.2
3.472261667251587,1.38
2.610758066177368,0.06
2.126180410385132,0.0
2.0192179679870605,0.0
1.9409797191619873,0.0
1.884871244430542,0.0
1.8393099308013916,0.0
1.7794396877288818,0.0
1.7221014499664307,0.0
1.6702698469161987,0.0
1.5966306924819946,0.0
1.5338795185089111,0.0
1.4732835292816162,0.0
1.4101463556289673,0.0
1.3564941883087158,0.0
1.3021270036697388,0.0
1.252350091934204,0.0
1.2055177688598633,0.0
1.1516776084899902,0.0
1.0770490169525146,0.0
1.0391852855682373,0.0
0.9926944971084595,0.0
0.9556024670600891,0.0
0.9194402098655701,0.0
0.8803706169128418,0.0
0.8543601036071777,0.0
0.8290389180183411,0.0
0.8123801350593567,0.0
0.8059414029121399,0.0
0.763494610786438,0.0
0.7673248052597046,0.0
0.7702254056930542,0.0
0.7757766246795654,0.0
0.8089491128921509,0.0
0.8370178937911987,0.0
0.8904911279678345,0.0
0.9188388586044312,0.0
0.9913196563720703,0.0
1.058282732963562,0.0
1.0249544382095337,0.0
1.0603927373886108,0.0
1.1631790399551392,0.0
1.2861071825027466,0.0
1.3943461179733276,0.0
1.4964361190795898,0.0
1.6192086935043335,0.0
1.707922101020813,0.0
1.806467056274414,0.0
1.9204249382019043,0.0
2.032742977142334,0.0
2.1200051307678223,0.0
2.1796324253082275,0.0
2.1767187118530273,0.0
2.3116471767425537,0.0
2.5921382904052734,0.0
2.9399771690368652,0.0
3.3444786071777344,0.44
3.5439529418945312,1.31
3.5099029541015625,3.17
3.2886407375335693,2.91
5.475384712219238,2.8
6.756464958190918,4.04
8.765464782714844,5.76
10.104294776916504,11.35
11.322124481201172,15.159999999999998
11.429152488708496,18.14
11.083504676818848,4.34
11.435914993286133,14.67
16.73075294494629,15.42
19.63176155090332,21.55
23.648494720458984,22.48
25.07171058654785,23.09
25.07917022705078,23.58
23.945152282714844,24.33
21.43030548095703,21.17
17.841594696044922,22.82
13.276206970214844,10.44
6.486745357513428,7.14
3.927175521850586,7.53
3.9053821563720703,4.53
5.247474670410156,5.35
8.654455184936523,4.27
13.084650993347168,13.84
18.109119415283203,22.07
20.36753273010254,21.6
20.220760345458984,20.87
20.427371978759766,20.05
19.764968872070312,19.16
18.236244201660156,18.53
15.900296211242676,17.7
12.792859077453613,15.1
9.222012519836426,9.72
5.787341594696045,1.44
3.317554235458374,0.97
2.961440324783325,0.62
2.67384672164917,0.4
2.440037727355957,0.21
2.269521713256836,0.0
2.1371676921844482,0.0
2.0587551593780518,0.0
1.9915522336959839,0.0
1.9284814596176147,0.0
1.8720115423202515,0.0
1.8372080326080322,0.0
1.7776011228561401,0.0
1.7130258083343506,0.0
1.6478233337402344,0.0
1.5890040397644043,0.0
1.5027254819869995,0.0
1.4301310777664185,0.0
1.3339918851852417,0.0
1.261656403541565,0.0
1.1855754852294922,0.0
1.1193151473999023,0.0
1.075276255607605,0.0
1.0258902311325073,0.0
0.9895565509796143,0.0
0.9311323165893555,0.0
0.8703900575637817,0.0
0.8148625493049622,0.0
0.8007086515426636,0.0
0.7665784358978271,0.0
0.7286627888679504,0.0
0.7086206674575806,0.0
0.6978996396064758,0.0
0.6954600811004639,0.0
0.6700618267059326,0.0
0.669642448425293,0.0
0.6778590083122253,0.0
0.6825432777404785,0.0
0.7287725806236267,0.0
0.7756116986274719,0.0
0.8304128646850586,0.0
0.9098566770553589,0.0
1.0079013109207153,0.0
1.065104365348816,0.0
1.135867953300476,0.0
1.2103759050369263,0.0
1.2875721454620361,0.0
1.3650658130645752,0.0
1.497995376586914,0.0
1.628782868385315,0.0
1.7158278226852417,0.0
1.8204374313354492,0.0
1.9390802383422852,0.0
1.9601644277572632,0.0
1.9324043989181519,0.0
1.9036871194839478,0.0
1.9345217943191528,0.0
2.110671043395996,0.0
2.6457152366638184,0.46
3.740166187286377,1.75
5.139442443847656,3.96
6.882894515991211,6.24
8.661690711975098,8.98
10.472064018249512,11.3
11.975777626037598,12.83
13.386140823364258,13.94
14.88255786895752,15.800000000000002
16.164958953857422,17.19
17.511066436767578,17.93
18.68629264831543,19.26
19.985139846801758,20.71
21.108112335205078,21.48
21.91876220703125,22.22
22.623018264770508,23.05
23.177209854125977,23.49
23.55440902709961,23.86
23.813796997070312,24.19
23.954200744628906,24.37
23.95779800415039,24.48
23.85833168029785,24.43
23.615955352783203,24.32
23.28883934020996,23.91
22.850875854492188,23.67
22.42129898071289,23.23
21.92765235900879,22.78
21.396076202392578,22.28
20.818805694580078,21.74
20.100067138671875,20.94
19.21539878845215,20.03
18.076005935668945,18.94
16.812013626098633,17.72
15.561443328857422,16.1
14.247130393981934,14.31
12.872674942016602,12.71
11.422832489013672,10.91
9.793034553527832,9.95
8.126585006713867,8.15
6.25038480758667,5.03
4.470930576324463,2.62
3.2286360263824463,1.05
2.491992473602295,0.0
2.0869698524475098,0.0
2.0065386295318604,0.0
1.9186540842056274,0.0
1.8377808332443237,0.0
1.8268014192581177,0.0
1.8377305269241333,0.0
1.7497886419296265,0.0
1.6026451587677002,0.0
1.5438638925552368,0.0
1.5164289474487305,0.0
1.514260172843933,0.0
1.4632219076156616,0.0
1.4106502532958984,0.0
1.353125810623169,0.0
1.2950326204299927,0.0
1.2317346334457397,0.0
1.1682147979736328,0.0
1.0985722541809082,0.0
1.0666037797927856,0.0
1.032018780708313,0.0
1.0039801597595215,0.0
0.9614022970199585,0.0
0.9240092635154724,0.0
0.9017470479011536,0.0
0.8764418363571167,0.0
0.8559058904647827,0.0
0.8279154300689697,0.0
0.7970287799835205,0.0
0.8040307760238647,0.0
0.7665781378746033,0.0
0.7867163419723511,0.0
0.8067806363105774,0.0
0.8401357531547546,0.0
0.8929652571678162,0.0
0.9304924607276917,0.0
0.9657456874847412,0.0
0.9921057224273682,0.0
1.0088778734207153,0.0
1.0862863063812256,0.0
1.204054594039917,0.0
1.298313856124878,0.0
1.3752022981643677,0.0
1.46811044216156,0.0
1.5611703395843506,0.0
1.67159104347229,0.0
1.7720175981521606,0.0
1.8774042129516602,0.0
1.9980599880218506,0.0
2.042893409729004,0.0
2.1071102619171143,0.0
2.2557990550994873,0.0
2.4710683822631836,0.0
2.6692936420440674,0.0
3.0556490421295166,0.12
2.8688173294067383,1.4
2.785111665725708,1.9599999999999997
2.8028295040130615,1.9599999999999997
3.4403793811798096,2.63
5.123832702636719,4.23
7.812569618225098,4.56
11.18662166595459,14.2
15.020329475402832,15.639999999999999
16.415346145629883,17.11
17.72515106201172,18.43
18.917377471923828,19.66
19.93386459350586,20.33
20.8140869140625,21.31
21.611032485961914,22.09
22.33226776123047,22.77
22.826183319091797,23.33
23.163827896118164,23.51
23.510168075561523,23.99
23.787630081176758,24.18
23.749238967895508,24.66
23.677335739135742,23.79
23.92237091064453,24.41
23.600067138671875,24.52
22.81434440612793,23.73
21.931787490844727,22.7
20.986967086791992,23.49
20.30352020263672,22.44
19.210830688476562,15.549999999999999
18.534717559814453,21.39
19.723297119140625,20.79
18.721424102783203,19.2
17.312402725219727,18.08
15.897811889648438,15.95
14.307823181152344,14.85
12.72618579864502,12.84
10.938848495483398,11.34
9.120707511901855,7.88
7.181241989135742,6.53
5.735743045806885,4.28
4.331135272979736,2.43
3.3024983406066895,1.37
2.654923677444458,0.0
2.1912527084350586,0.0
2.122161865234375,0.0
2.061102867126465,0.0
1.9994609355926514,0.0
1.9203355312347412,0.0
1.8404033184051514,0.0
1.7536481618881226,0.0
1.6878416538238525,0.0
1.612358570098877,0.0
1.52497398853302,0.0
1.4599189758300781,0.0
1.4036024808883667,0.0
1.3366389274597168,0.0
1.2429791688919067,0.0
1.2001080513000488,0.0
1.1651954650878906,0.0
1.1063212156295776,0.0
1.0470173358917236,0.0
1.0037193298339844,0.0
0.9547997713088989,0.0
0.914607584476471,0.0
0.8878061771392822,0.0
0.8527324795722961,0.0
0.8234210014343262,0.0
0.8078004121780396,0.0
0.7963067293167114,0.0
0.7921613454818726,0.0
0.8064767718315125,0.0
0.820553719997406,0.0
0.8382095098495483,0.0
0.8621245622634888,0.0
0.8983938694000244,0.0
0.9294537305831909,0.0
0.9644322991371155,0.0
0.9905567765235901,0.0
1.0221824645996094,0.0
1.0804952383041382,0.0
1.1497937440872192,0.0
1.1733258962631226,0.0
1.2750844955444336,0.0
1.4025148153305054,0.0
1.5242074728012085,0.0
1.6484379768371582,0.0
1.7718852758407593,0.0
1.8973029851913452,0.0
2.0111851692199707,0.0
2.101487874984741,0.0
2.155364751815796,0.0
2.231133460998535,0.0
2.319547176361084,0.0
2.4676969051361084,0.0
2.6454923152923584,0.0
2.8744969367980957,0.0
3.2004635334014893,0.62
3.6357181072235107,1.0
4.039680004119873,1.52
4.549668312072754,2.01
4.912961006164551,2.75
5.478566646575928,3.52
5.469178676605225,4.1
4.644806385040283,5.2
4.45538330078125,6.15
4.798182964324951,6.4
6.425119876861572,8.47
11.444477081298828,8.65
17.044208526611328,14.47
22.097305297851562,21.32
23.7890682220459,21.72
21.976245880126953,24.67
18.207380294799805,25.29
11.646010398864746,10.49
6.535730838775635,8.46
7.03316593170166,7.79
9.288949012756348,8.27
13.011093139648438,12.72
16.973175048828125,17.1
19.42747688293457,23.08
19.89676284790039,19.76
18.603914260864258,20.94
18.37628936767578,19.32
17.655092239379883,18.02
17.555255889892578,17.76
17.592634201049805,18.99
17.53339195251465,18.32
16.696901321411133,17.12
15.686017990112305,15.769999999999998
14.514863967895508,14.98
13.167381286621094,13.31
11.442726135253906,11.4
9.536195755004883,9.09
7.599745273590088,7.01
5.844865798950195,4.48
4.3016276359558105,2.46
3.2027103900909424,0.86
2.521191120147705,0.0
2.2149477005004883,0.0
2.149959087371826,0.0
2.0777699947357178,0.0
1.976575255393982,0.0
1.9047186374664307,0.0
1.8238351345062256,0.0
1.7615811824798584,0.0
1.7087316513061523,0.0
1.6509618759155273,0.0
1.5872838497161865,0.0
1.515386939048767,0.0
1.4489195346832275,0.0
1.387559413909912,0.0
1.3210299015045166,0.0
1.2688946723937988,0.0
1.218126654624939,0.0
1.1666334867477417,0.0
1.0967930555343628,0.0
1.0547105073928833,0.0
1.005940556526184,0.0
0.9646908044815063,0.0
0.9228352308273315,0.0
0.8790189623832703,0.0
0.8486376404762268,0.0
0.8020824193954468,0.0
0.7746912240982056,0.0
0.7591501474380493,0.0
0.7337271571159363,0.0
0.7619391679763794,0.0
0.7772247195243835,0.0
0.7895327806472778,0.0
0.8041526079177856,0.0
0.8069474101066589,0.0
0.8438140749931335,0.0
0.8994347453117371,0.0
0.9611833691596985,0.0
1.01767098903656,0.0
1.0788036584854126,0.0
1.148901104927063,0.0
1.237015724182129,0.0
1.3218797445297241,0.0
1.4139845371246338,0.0
1.5184675455093384,0.0
1.585561990737915,0.0
1.6805691719055176,0.0
1.8116737604141235,0.0
1.9228671789169312,0.0
2.011199712753296,0.0
2.101780652999878,0.0
2.196413040161133,0.0
2.255955934524536,0.0
2.3264739513397217,0.0
2.4960646629333496,0.0
2.3508658409118652,0.0
2.1316065788269043,0.34
2.2329907417297363,0.9
2.7783162593841553,1.84
3.9428420066833496,2.7
5.821502208709717,3.18
8.596698760986328,9.79
12.022638320922852,13.59
14.300680160522461,15.020000000000001
15.635866165161133,16.6
16.963743209838867,18.04
18.149883270263672,19.5
19.292917251586914,20.07
20.144453048706055,20.9
20.963518142700195,21.09
21.87073516845703,22.82
22.596242904663086,23.26
22.95541763305664,23.68
23.1694278717041,23.11
23.3643798828125,23.93
23.722429275512695,24.26
23.716751098632812,24.29
23.504470825195312,24.06
23.119400024414062,23.78
22.727876663208008,23.61
22.28334617614746,23.1
21.764488220214844,22.57
21.219545364379883,22.0
20.62433433532715,21.23
19.904394149780273,20.88
19.09671974182129,19.83
17.934370040893555,18.79
16.71763038635254,17.32
15.439957618713379,15.919999999999998
14.154776573181152,14.24
12.715462684631348,12.63
11.153806686401367,10.68
9.429121971130371,9.38
7.699555397033691,7.18
5.873890399932861,4.59
4.280126571655273,2.14
3.1315674781799316,0.71
2.5178325176239014,0.0
2.237091064453125,0.0
2.1630818843841553,0.0
2.0968761444091797,0.0
2.022648334503174,0.0
1.9304417371749878,0.0
1.8534530401229858,0.0
1.8010541200637817,0.0
1.7375197410583496,0.0
1.672723650932312,0.0
1.6134800910949707,0.0
1.5566073656082153,0.0
1.4970752000808716,0.0
1.4407585859298706,0.0
1.3823832273483276,0.0
1.3091208934783936,0.0
1.229564905166626,0.0
1.1762596368789673,0.0
1.1318573951721191,0.0
1.085126519203186,0.0
1.042505145072937,0.0
0.9775601625442505,0.0
0.9325739741325378,0.0
0.9102786779403687,0.0
0.8742700815200806,0.0
0.8462843298912048,0.0
0.8429208397865295,0.0
0.8264329433441162,0.0
0.810130774974823,0.0
0.8024225831031799,0.0
0.821826159954071,0.0
0.8293032646179199,0.0
0.8453797698020935,0.0
0.8761813640594482,0.0
0.8958539962768555,0.0
0.9288628101348877,0.0
0.9979996681213379,0.0
1.0477439165115356,0.0
1.1066113710403442,0.0
1.1700494289398193,0.0
1.2503212690353394,0.0
1.3478926420211792,0.0
1.4482336044311523,0.0
1.5512562990188599,0.0
1.6602035760879517,0.0
1.763860821723938,0.0
1.8673993349075317,0.0
1.9739351272583008,0.0
2.081629514694214,0.0
2.146517038345337,0.0
2.2011539936065674,0.0
2.271789312362671,0.0
2.3386189937591553,0.0
2.4787025451660156,0.0
2.7339980602264404,0.0
3.405632257461548,1.09
4.067818641662598,1.87
4.4806694984436035,2.75
4.915935516357422,4.49
5.687795639038086,6.17
6.8807783126831055,7.93
8.540696144104004,8.0
10.825526237487793,11.39
13.82656192779541,14.87
16.30665397644043,17.66
18.08614158630371,19.03
19.211238861083984,20.04
20.15608787536621,21.05
20.93838882446289,21.97
21.516315460205078,21.18
22.00908851623535,23.15
22.99897003173828,23.45
23.286352157592773,23.82
23.480239868164062,23.88
23.674575805664062,24.16
23.69110679626465,24.37
23.524885177612305,23.95
23.136653900146484,23.86
22.745588302612305,23.57
22.248075485229492,23.28
21.657546997070312,22.34
21.007902145385742,21.71
20.451221466064453,21.14
19.85872459411621,20.82
19.03983497619629,19.77
17.96067237854004,18.76
16.77370262145996,17.5
15.63505744934082,15.890000000000002
14.186883926391602,14.3
12.554966926574707,12.24
10.809366226196289,11.03
9.039749145507812,9.01
7.076340675354004,6.8
5.250480651855469,2.37
3.6345560550689697,1.63
3.0475380420684814,0.87
2.580451726913452,0.0
2.240023136138916,0.0
2.173309803009033,0.0
2.117277145385742,0.0
2.049037456512451,0.0
1.9790326356887817,0.0
1.9139937162399292,0.0
1.8469656705856323,0.0
1.7772531509399414,0.0
1.715668797492981,0.0
1.6641511917114258,0.0
1.6079457998275757,0.0
1.535091519355774,0.0
1.4650728702545166,0.0
1.3834147453308105,0.0
1.3102079629898071,0.0
1.2478938102722168,0.0
1.1938892602920532,0.0
1.147611379623413,0.0
1.100559949874878,0.0
1.0529941320419312,0.0
1.0082347393035889,0.0
0.9686971306800842,0.0
0.9248054623603821,0.0
0.8855494260787964,0.0
0.8559460639953613,0.0
0.8160988092422485,0.0
0.8029540777206421,0.0
0.7912808656692505,0.0
0.796135425567627,0.0
0.8062977194786072,0.0
0.8040523529052734,0.0
0.8412725925445557,0.0
0.8614797592163086,0.0
0.8782322406768799,0.0
0.9050429463386536,0.0
0.9443433284759521,0.0
1.016524076461792,0.0
1.0894229412078857,0.0
1.176473617553711,0.0
1.2605230808258057,0.0
1.336361289024353,0.0
1.4163429737091064,0.0
1.5218998193740845,0.0
1.6174384355545044,0.0
1.7314127683639526,0.0
1.8322422504425049,0.0
1.926100492477417,0.0
2.0294528007507324,0.0
2.1035122871398926,0.0
2.1560802459716797,0.0
2.230792999267578,0.0
2.288145065307617,0.0
2.5230274200439453,0.0
2.9453516006469727,0.03
3.3385469913482666,0.75
4.018143653869629,1.87
4.596551895141602,2.7
5.049668788909912,4.85
5.416238307952881,5.0
6.027684688568115,5.49
7.542501449584961,9.16
9.982150077819824,10.34
12.518918991088867,12.78
15.265079498291016,16.77
18.267580032348633,19.16
19.746456146240234,20.73
20.89535140991211,21.61
21.699369430541992,22.08
22.361148834228516,22.67
22.916297912597656,23.59
23.39027214050293,23.67
23.624156951904297,24.24
23.83734703063965,24.15
23.852991104125977,24.34
23.841453552246094,24.3
23.69386100769043,24.39
23.393814086914062,24.09
22.91583824157715,23.66
22.383769989013672,23.02
21.735336303710938,22.72
21.07518768310547,22.03
20.26232147216797,21.13
19.38277816772461,20.27
18.493310928344727,19.34
17.556100845336914,18.1
16.571704864501953,17.35
15.553070068359375,15.85
14.282678604125977,14.56
12.930498123168945,13.1
11.342227935791016,11.08
9.455913543701172,9.26
7.640594959259033,7.04
5.869622707366943,4.59
4.3328680992126465,2.48
3.2115402221679688,0.64
2.5073275566101074,0.0
2.2502987384796143,0.0
2.184513568878174,0.0
2.1096181869506836,0.0
2.0453028678894043,0.0
1.946465253829956,0.0
1.8866397142410278,0.0
1.8337677717208862,0.0
1.7687764167785645,0.0
1.7123059034347534,0.0
1.6528538465499878,0.0
1.5856894254684448,0.0
1.5289747714996338,0.0
1.4737842082977295,0.0
1.416159749031067,0.0
1.3526272773742676,0.0
1.28827702999115,0.0
1.2319351434707642,0.0
1.177945852279663,0.0
1.1233046054840088,0.0
1.0528218746185303,0.0
0.9824810028076172,0.0
0.9436371326446533,0.0
0.9153977036476135,0.0
0.8804660439491272,0.0
0.8659874796867371,0.0
0.8676409125328064,0.0
0.8335442543029785,0.0
0.8177674412727356,0.0
0.8007701635360718,0.0
0.8096505999565125,0.0
0.8176475763320923,0.0
0.8131622076034546,0.0
0.8438161611557007,0.0
0.8614310622215271,0.0
0.9223254919052124,0.0
0.9952584505081177,0.0
1.0901464223861694,0.0
1.2135076522827148,0.0
1.274787425994873,0.0
1.352852702140808,0.0
1.469021201133728,0.0
1.5809500217437744,0.0
1.6844244003295898,0.0
1.7786844968795776,0.0
1.8753052949905396,0.0
1.9479601383209229,0.0
2.0119402408599854,0.0
2.096039056777954,0.0
2.0756311416625977,0.0
2.0411767959594727,0.0
2.1955695152282715,0.0
2.300394296646118,0.0
2.6215925216674805,0.06
3.237480401992798,0.93
4.322855472564697,3.33
5.817564964294434,5.86
7.3974528312683105,5.8
9.00853157043457,9.96
11.260388374328613,11.74
12.897069931030273,13.77
14.437572479248047,15.28
15.766946792602539,16.55
17.09765625,18.07
18.404827117919922,19.32
19.559415817260742,20.29
20.559301376342773,20.82
21.4665584564209,21.91
22.34750747680664,23.0
22.868804931640625,23.24
23.127151489257812,23.59
23.278499603271484,23.73
23.354022979736328,24.0
23.381160736083984,23.79
23.234375,23.81
23.10582160949707,23.78
22.792892456054688,23.37
22.396560668945312,23.42
21.954172134399414,22.77
21.321332931518555,22.17
20.725749969482422,21.65
20.132835388183594,20.85
19.454771041870117,20.52
18.67782974243164,19.25
17.664749145507812,18.53
16.689626693725586,17.47
15.572092056274414,16.11
14.300664901733398,14.57
12.848160743713379,13.01
11.323451042175293,11.35
9.596224784851074,9.58
7.81378698348999,7.41
6.059993743896484,4.66
4.511966705322266,2.54
3.434572696685791,1.28
2.7811923027038574,0.0
2.3347017765045166,0.0
2.2582333087921143,0.0
2.1940553188323975,0.0
2.1092169284820557,0.0
2.0371978282928467,0.0
1.963333010673523,0.0
1.9086711406707764,0.0
1.8570183515548706,0.0
1.806321144104004,0.0
1.7545676231384277,0.0
1.6975852251052856,0.0
1.6208832263946533,0.0
1.520003318786621,0.0
1.4420428276062012,0.0
1.3719565868377686,0.0
1.308111548423767,0.0
1.2422778606414795,0.0
1.1891698837280273,0.0
1.1318923234939575,0.0
1.09401273727417,0.0
1.063644289970398,0.0
1.0217839479446411,0.0
0.9975876212120056,0.0
0.9570029973983765,0.0
0.9262632727622986,0.0
0.9024352431297302,0.0
0.8746640682220459,0.0
0.8612586855888367,0.0
0.8615170121192932,0.0
0.8813456296920776,0.0
0.8729715943336487,0.0
0.8955907225608826,0.0
0.909552812576294,0.0
0.9230595231056213,0.0
0.9826529622077942,0.0
1.0458924770355225,0.0
1.1146152019500732,0.0
1.1673507690429688,0.0
1.2295528650283813,0.0
1.3023357391357422,0.0
1.356948971748352,0.0
1.4530764818191528,0.0
1.5359481573104858,0.0
1.6214251518249512,0.0
1.736952543258667,0.0
1.8640042543411255,0.0
1.9902361631393433,0.0
2.0976033210754395,0.0
2.1606760025024414,0.0
2.148383140563965,0.0
2.1286673545837402,0.0
2.2343389987945557,0.0
2.2586514949798584,0.0
2.5214834213256836,0.0
3.258718967437744,1.07
4.686465740203857,3.8499999999999996
6.758054733276367,6.26
9.056170463562012,8.0
11.497421264648438,12.61
13.965540885925293,14.4
15.659557342529297,16.12
17.138967514038086,17.59
18.657833099365234,18.84
19.938379287719727,19.91
20.778444290161133,20.76
20.955522537231445,21.66
21.237415313720703,21.85
21.028949737548828,22.66
20.975252151489258,20.92
21.053176879882812,20.66
22.10605812072754,21.71
23.564361572265625,25.65
25.06290626525879,23.05
24.82627296447754,25.37
24.826974868774414,25.26
23.827207565307617,25.11
22.67854118347168,24.65
21.425006866455078,23.0
20.28692626953125,19.0
19.913923263549805,19.61
20.555635452270508,22.62
20.650524139404297,21.7
19.64811134338379,20.29
18.6804256439209,19.21
17.32956886291504,17.54
15.378713607788086,15.969999999999999
13.394487380981445,15.199999999999998
11.469066619873047,13.28
9.303340911865234,8.37
7.14070463180542,3.7999999999999994
5.7488627433776855,3.63
5.237741947174072,5.29
4.700936317443848,3.0
3.496642827987671,0.75
2.681272506713867,0.0
2.391279697418213,0.0
2.3210384845733643,0.0
2.263024091720581,0.0
2.193079948425293,0.0
2.116074800491333,0.0
2.0512948036193848,0.0
1.9731234312057495,0.0
1.8942095041275024,0.0
1.8271156549453735,0.0
1.7644158601760864,0.0
1.7092167139053345,0.0
1.659306287765503,0.0
1.5883824825286865,0.0
1.5292737483978271,0.0
1.4643542766571045,0.0
1.3938122987747192,0.0
1.3302081823349,0.0
1.262055516242981,0.0
1.2034748792648315,0.0
1.1508355140686035,0.0
1.1121095418930054,0.0
1.0721797943115234,0.0
1.0516304969787598,0.0
1.035888671875,0.0
1.0304818153381348,0.0
1.017301082611084,0.0
1.0128371715545654,0.0
1.002228856086731,0.0
0.9918688535690308,0.0
1.0019816160202026,0.0
1.013641357421875,0.0
1.0259064435958862,0.0
1.0466188192367554,0.0
1.07900869846344,0.0
1.1157722473144531,0.0
1.156765341758728,0.0
1.1983336210250854,0.0
1.2563886642456055,0.0
1.347337007522583,0.0
1.4280515909194946,0.0
1.4947984218597412,0.0
1.58278489112854,0.0
1.6125080585479736,0.0
1.7299164533615112,0.0
1.8676804304122925,0.0
2.01241135597229,0.0
2.1193270683288574,0.0
2.1917788982391357,0.0
2.2905149459838867,0.0
2.4202613830566406,0.0
2.47922682762146,0.0
2.594531297683716,0.0
2.913005828857422,0.0
2.774115800857544,0.19
2.6700220108032227,0.81
2.971707820892334,1.3
3.785609483718872,3.61
5.340336322784424,2.77
7.501582622528076,4.09
10.905770301818848,12.8
14.595457077026367,15.34
16.384029388427734,16.23
17.900283813476562,17.65
19.202136993408203,19.37
19.573305130004883,19.74
19.619163513183594,20.63
20.452281951904297,21.47
21.361248016357422,20.09
21.724018096923828,19.89
22.54231071472168,20.74
23.62407112121582,24.8
23.247602462768555,25.19
21.109344482421875,19.37
18.38459014892578,16.29
16.484630584716797,16.61
14.395267486572266,16.07
11.645487785339355,8.25
9.207552909851074,7.48
8.73751449584961,6.51
7.061466217041016,6.32
5.376029968261719,5.15
4.986538410186768,6.72
6.303441524505615,7.67
8.315332412719727,5.67
11.967550277709961,5.35
15.652400970458984,16.58
18.037220001220703,20.03
16.382295608520508,18.03
13.190705299377441,14.81
9.909581184387207,12.16
6.970034599304199,2.56
4.0303544998168945,1.28
3.388202667236328,0.96
3.0264523029327393,0.54
2.711211919784546,0.0
2.475795269012451,0.0
2.38276743888855,0.0
2.296954393386841,0.0
2.2137537002563477,0.0
2.1293766498565674,0.0
2.0621542930603027,0.0
2.012183904647827,0.0
1.9447463750839233,0.0
1.878442406654358,0.0
1.8116296529769897,0.0
1.732977032661438,0.0
1.65670907497406,0.0
1.5873268842697144,0.0
1.5313948392868042,0.0
1.4689836502075195,0.0
1.412729263305664,0.0
1.3533236980438232,0.0
1.2885534763336182,0.0
1.2283028364181519,0.0
1.191484808921814,0.0
1.152260184288025,0.0
1.1015783548355103,0.0
1.05084228515625,0.0
1.0310004949569702,0.0
1.003525733947754,0.0
0.9864869713783264,0.0
0.9749183654785156,0.0
0.9692116379737854,0.0
0.9637181758880615,0.0
0.9742737412452698,0.0
0.9857848882675171,0.0
1.0016783475875854,0.0
1.0165261030197144,0.0
1.0371485948562622,0.0
1.068044900894165,0.0
1.1033484935760498,0.0
1.1420013904571533,0.0
1.1859346628189087,0.0
1.2385996580123901,0.0
1.2450268268585205,0.0
1.3324450254440308,0.0
1.4077385663986206,0.0
1.4725500345230103,0.0
1.5747714042663574,0.0
1.692258358001709,0.0
1.810268521308899,0.0
1.923449158668518,0.0
2.0220940113067627,0.0
2.0973634719848633,0.0
2.22454571723938,0.0
2.1828343868255615,0.0
2.0525989532470703,0.0
2.1653852462768555,0.0
2.3776910305023193,0.0
2.6995937824249268,0.0
3.4451637268066406,0.8
4.917169570922852,3.7700000000000005
7.0145978927612305,6.03
9.14465045928955,8.66
11.314949035644531,11.02
13.064556121826172,13.3
14.537899017333984,15.009999999999998
15.915083885192871,16.05
17.19870376586914,17.45
18.574058532714844,18.88
19.841215133666992,20.0
20.944286346435547,20.98
21.893400192260742,21.82
22.66324234008789,22.58
23.251611709594727,23.29
23.69371795654297,23.72
24.00619888305664,24.11
24.259531021118164,24.24
24.452619552612305,24.42
24.617355346679688,24.74
24.686429977416992,25.08
24.5748291015625,24.91
24.250194549560547,24.64
23.81759262084961,24.4
23.30803680419922,23.86
22.67037010192871,23.37
22.002117156982422,22.84
21.21484375,22.16
20.323955535888672,21.18
19.28697395324707,20.23
18.226104736328125,19.15
17.1102352142334,18.13
15.955655097961426,16.61
14.646442413330078,15.120000000000001
13.269462585449219,13.51
11.78706169128418,12.38
10.16996955871582,10.38
8.260234832763672,8.05
6.35905647277832,5.12
4.7040605545043945,2.9
3.5533440113067627,1.03
2.7978649139404297,0.0
2.417638063430786,0.0
2.335451364517212,0.0
2.2569470405578613,0.0
2.191983699798584,0.0
2.1166510581970215,0.0
2.04203462600708,0.0
1.9687567949295044,0.0
1.8802770376205444,0.0
1.796454906463623,0.0
1.7309298515319824,0.0
1.6812469959259033,0.0
1.6278464794158936,0.0
1.571061134338379,0.0
1.4849234819412231,0.0
1.444547414779663,0.0
1.3795154094696045,0.0
1.3189548254013062,0.0
1.2379953861236572,0.0
1.2081716060638428,0.0
1.1503825187683105,0.0
1.1140186786651611,0.0
1.0921521186828613,0.0
1.0273544788360596,0.0
1.0126793384552002,0.0
0.9745069742202759,0.0
0.9380742311477661,0.0
0.8839592933654785,0.0
0.8742775321006775,0.0
0.8717343807220459,0.0
0.8650358319282532,0.0
0.8749970197677612,0.0
0.8584371209144592,0.0
0.8946880102157593,0.0
0.9501622915267944,0.0
1.0036951303482056,0.0
1.0454872846603394,0.0
1.0854246616363525,0.0
1.1561696529388428,0.0
1.2233678102493286,0.0
1.295418381690979,0.0
1.3791290521621704,0.0
1.464975357055664,0.0
1.5557705163955688,0.0
1.6394100189208984,0.0
1.748473882675171,0.0
1.864662766456604,0.0
1.9754548072814941,0.0
2.0808045864105225,0.0
2.187817335128784,0.0
2.1846718788146973,0.0
2.18369460105896,0.0
2.24560546875,0.0
2.418610095977783,0.0
2.7232673168182373,0.0
3.411778211593628,0.23
4.68928861618042,3.42
6.674978256225586,5.72
8.667678833007812,8.31
10.758666038513184,10.73
12.567716598510742,12.75
14.105101585388184,14.43
15.705229759216309,16.05
17.262359619140625,17.53
18.692358016967773,18.83
19.952566146850586,20.11
21.05585289001465,21.15
21.93797492980957,21.98
22.660686492919922,22.59
23.24917221069336,23.2
23.700929641723633,23.74
24.013776779174805,24.08
24.15679168701172,24.26
24.17926788330078,24.34
24.145429611206055,24.38
24.07553482055664,24.35
23.948974609375,24.42
23.76500129699707,24.03
23.46375846862793,24.08
23.1226863861084,23.95
22.582366943359375,23.32
21.89654541015625,22.72
21.173444747924805,22.16
20.362560272216797,21.23
19.36542510986328,20.34
18.32244873046875,19.42
17.216711044311523,18.26
15.994972229003906,16.78
14.666436195373535,15.309999999999999
13.25374984741211,13.65
11.737325668334961,12.44
10.049553871154785,10.47
8.16362190246582,7.92
6.326333045959473,5.27
4.76783561706543,2.96
3.617105484008789,1.1
2.864743232727051,0.0
2.414926052093506,0.0
2.2995922565460205,0.0
2.209575891494751,0.0
2.1346898078918457,0.0
2.0714852809906006,0.0
2.01265287399292,0.0
1.9681061506271362,0.0
1.8972316980361938,0.0
1.8669893741607666,0.0
1.7997689247131348,0.0
1.739707589149475,0.0
1.6817659139633179,0.0
1.6249260902404785,0.0
1.5584523677825928,0.0
1.4902015924453735,0.0
1.4386897087097168,0.0
1.3710469007492065,0.0
1.3125780820846558,0.0
1.2683120965957642,0.0
1.2200733423233032,0.0
1.1904116868972778,0.0
1.1270521879196167,0.0
1.096123218536377,0.0
1.0482734441757202,0.0
0.9893654584884644,0.0
0.9924246072769165,0.0
0.9955910444259644,0.0
0.9915996789932251,0.0
0.9962203502655029,0.0
0.9871385097503662,0.0
1.0069094896316528,0.0
1.0238903760910034,0.0
1.0654268264770508,0.0
1.103844404220581,0.0
1.1252044439315796,0.0
1.1699638366699219,0.0
1.2370781898498535,0.0
1.2921139001846313,0.0
1.362261414527893,0.0
1.456879734992981,0.0
1.5309430360794067,0.0
1.6258424520492554,0.0
1.7174063920974731,0.0
1.8071593046188354,0.0
1.8937537670135498,0.0
1.9985668659210205,0.0
2.0812861919403076,0.0
2.2103781700134277,0.0
2.3049380779266357,0.0
2.251887083053589,0.0
2.225945472717285,0.0
2.239347457885742,0.0
2.3638172149658203,0.0
2.6705310344696045,0.0
3.4232425689697266,0.36
4.777073383331299,3.47
6.8978986740112305,5.77
8.987778663635254,8.38
11.139315605163574,11.17
13.077156066894531,13.14
14.579022407531738,14.83
16.000478744506836,16.36
17.281448364257812,17.33
18.44462013244629,18.63
19.608835220336914,19.8
20.620258331298828,20.7
21.475879669189453,21.52
22.218069076538086,22.19
22.828533172607422,22.82
23.324146270751953,23.26
23.693115234375,23.68
23.944576263427734,24.04
24.077974319458008,24.23
24.039352416992188,24.2
23.81894874572754,24.2
23.574142456054688,24.04
23.27142333984375,23.83
22.975608825683594,23.64
22.659313201904297,23.21
22.288537979125977,23.01
21.89362144470215,22.9
21.289907455444336,22.21
20.41976547241211,21.45
19.458951950073242,20.44
18.419145584106445,19.36
17.297401428222656,18.16
16.060728073120117,16.83
14.674983978271484,15.42
13.153934478759766,13.86
11.441370964050293,11.95
9.559776306152344,9.56
7.648257255554199,7.17
5.931954860687256,4.78
4.484710693359375,2.62
3.4109277725219727,0.71
2.7038886547088623,0.0
2.408827066421509,0.0
2.2455005645751953,0.0
2.166541337966919,0.0
2.097155809402466,0.0
2.0356709957122803,0.0
1.9721813201904297,0.0
1.9230984449386597,0.0
1.8647018671035767,0.0
1.7997703552246094,0.0
1.734980821609497,0.0
1.6812188625335693,0.0
1.6404292583465576,0.0
1.5889267921447754,0.0
1.5353449583053589,0.0
1.4801586866378784,0.0
1.4277961254119873,0.0
1.3770575523376465,0.0
1.3273495435714722,0.0
1.2826223373413086,0.0
1.2449016571044922,0.0
1.2153910398483276,0.0
1.1878256797790527,0.0
1.1697182655334473,0.0
1.115221619606018,0.0
1.105991244316101,0.0
1.0931785106658936,0.0
1.087287425994873,0.0
1.0730890035629272,0.0
1.0719834566116333,0.0
1.0962681770324707,0.0
1.1179033517837524,0.0
1.1281710863113403,0.0
1.140870451927185,0.0
1.1554380655288696,0.0
1.191768765449524,0.0
1.2565397024154663,0.0
1.3065553903579712,0.0
1.3536274433135986,0.0
1.3801357746124268,0.0
1.4167758226394653,0.0
1.481157660484314,0.0
1.614319920539856,0.0
1.739027500152588,0.0
1.8442983627319336,0.0
1.8985669612884521,0.0
2.000861406326294,0.0
2.1432018280029297,0.0
2.2580766677856445,0.0
2.334601640701294,0.0
2.4264752864837646,0.0
2.567225456237793,0.0
2.670424461364746,0.0
2.4860944747924805,0.0
2.8933918476104736,0.09
3.569739580154419,0.58
4.439099311828613,1.22
5.472761154174805,0.96
6.387017250061035,2.65
6.838583469390869,9.95
6.2346696853637695,4.75
4.122314929962158,4.31
5.0179667472839355,5.16
8.618776321411133,4.59
12.640167236328125,6.26
16.84204864501953,13.83
19.40212631225586,21.05
18.52033233642578,21.02
15.391839981079102,17.68
11.875235557556152,7.780000000000001
8.716044425964355,6.24
7.711457252502441,3.99
6.976215362548828,3.45
6.975590705871582,4.2
6.9238104820251465,4.46
6.376699924468994,3.32
6.0163726806640625,3.45
6.395212173461914,3.7800000000000002
6.571052551269531,4.09
5.753443717956543,3.3
6.989987850189209,4.85
6.772266387939453,7.18
8.329278945922852,6.13
8.970117568969727,4.24
9.574644088745117,6.73
10.903876304626465,15.27
11.417254447937012,3.37
9.117840766906738,15.37
9.618430137634277,3.03
6.553534507751465,4.47
6.482463836669922,6.88
5.790483474731445,4.03
4.207098484039307,0.68
3.1488704681396484,0.21
2.9576845169067383,0.54
2.8594069480895996,0.53
2.6183621883392334,0.0
2.35947847366333,0.0
2.296633720397949,0.0
2.204227924346924,0.0
2.173041343688965,0.0
2.101487398147583,0.0
2.034849166870117,0.0
1.9385251998901367,0.0
1.855484962463379,0.0
1.7735085487365723,0.0
1.7360360622406006,0.0
1.6688827276229858,0.0
1.6106956005096436,0.0
1.5371825695037842,0.0
1.470479965209961,0.0
1.40336275100708,0.0
1.3461798429489136,0.0
1.2983461618423462,0.0
1.245819091796875,0.0
1.21260404586792,0.0
1.1773782968521118,0.0
1.148350715637207,0.0
1.1222460269927979,0.0
1.0953459739685059,0.0
1.0664381980895996,0.0
1.0433906316757202,0.0
1.014640212059021,0.0
0.9947723150253296,0.0
0.9800289869308472,0.0
0.9795485734939575,0.0
0.989427924156189,0.0
1.010713815689087,0.0
1.0230661630630493,0.0
1.0497931241989136,0.0
1.0969446897506714,0.0
1.1511967182159424,0.0
1.1985574960708618,0.0
1.2705601453781128,0.0
1.3507663011550903,0.0
1.4431443214416504,0.0
1.5199084281921387,0.0
1.6066923141479492,0.0
1.7039594650268555,0.0
1.7879741191864014,0.0
1.8913735151290894,0.0
2.0006184577941895,0.0
2.096311092376709,0.0
2.2018117904663086,0.0
2.3141398429870605,0.0
2.4041006565093994,0.0
2.3492777347564697,0.0
2.2465388774871826,0.0
2.232046127319336,0.0
2.3086130619049072,0.0
2.5204641819000244,0.0
3.1533660888671875,0.4
4.321606159210205,3.06
6.183337688446045,5.67
8.087977409362793,7.38
10.007423400878906,10.27
12.114981651306152,12.38
13.69925308227539,14.15
15.270744323730469,15.79
16.825963973999023,17.22
18.254304885864258,18.69
19.46725082397461,19.89
20.470054626464844,20.64
21.241445541381836,21.52
21.984119415283203,22.21
22.609542846679688,22.82
23.135652542114258,23.21
23.6721134185791,23.71
23.923431396484375,23.87
24.012470245361328,24.4
23.964406967163086,24.42
23.735082626342773,24.4
23.467041015625,24.25
24.00878143310547,22.85
23.52655029296875,23.83
22.873416900634766,23.63
21.457006454467773,23.3
20.10730743408203,22.82
18.77961540222168,22.12
17.53950309753418,12.94
17.074190139770508,19.13
19.00629997253418,19.52
18.66678237915039,20.45
17.719585418701172,17.71
15.813077926635742,16.2
14.122476577758789,15.159999999999998
12.099884033203125,12.08
9.758670806884766,9.73
7.72407341003418,7.23
5.867044448852539,4.1
4.288427352905273,2.7
3.3279435634613037,0.55
2.5652544498443604,0.0
2.3132643699645996,0.0
2.2339704036712646,0.0
2.1650524139404297,0.0
2.086301326751709,0.0
2.0421061515808105,0.0
1.9822449684143066,0.0
1.9327448606491089,0.0
1.8672893047332764,0.0
1.7998809814453125,0.0
1.7223023176193237,0.0
1.6547579765319824,0.0
1.594638705253601,0.0
1.5371397733688354,0.0
1.480726957321167,0.0
1.421586275100708,0.0
1.370758056640625,0.0
1.3157790899276733,0.0
1.2603331804275513,0.0
1.2187268733978271,0.0
1.1790772676467896,0.0
1.155879259109497,0.0
1.1323919296264648,0.0
1.0982450246810913,0.0
1.0550652742385864,0.0
1.0337705612182617,0.0
0.9947047233581543,0.0
0.9636667370796204,0.0
0.9624154567718506,0.0
0.9796944856643677,0.0
0.9390961527824402,0.0
0.9279395937919617,0.0
0.9716024994850159,0.0
1.01067316532135,0.0
1.055757761001587,0.0
1.1068204641342163,0.0
1.145111322402954,0.0
1.205148696899414,0.0
1.2857547998428345,0.0
1.3494819402694702,0.0
1.4134972095489502,0.0
1.5178180932998657,0.0
1.5788613557815552,0.0
1.6605721712112427,0.0
1.773343563079834,0.0
1.890195369720459,0.0
2.016555070877075,0.0
2.1265788078308105,0.0
2.2322940826416016,0.0
2.2928860187530518,0.0
2.2331323623657227,0.0
2.165449857711792,0.0
2.1544411182403564,0.0
2.2809736728668213,0.0
2.5676193237304688,0.0
3.254110336303711,0.64
4.550786018371582,3.38
6.457215309143066,5.62
8.435511589050293,8.2
10.49679183959961,10.59
12.367219924926758,12.69
13.93914794921875,14.42
15.498163223266602,16.0
16.9934024810791,17.46
18.36642837524414,18.71
19.632030487060547,19.85
20.7523136138916,20.97
21.66525650024414,21.79
22.26905632019043,22.41
22.748722076416016,22.97
23.217561721801758,23.51
23.670866012573242,23.81
24.221460342407227,24.06
24.555479049682617,24.37
24.693376541137695,25.11
24.62925148010254,25.32
24.271480560302734,25.14
23.77013397216797,24.79
23.26420783996582,22.83
22.89673614501953,23.61
22.93941307067871,23.92
22.522789001464844,23.42
21.740808486938477,22.53
20.83208656311035,21.67
19.872127532958984,20.77
18.81015396118164,19.72
17.608625411987305,18.4
16.260120391845703,16.93
14.791450500488281,15.42
13.1649751663208,13.71
11.374781608581543,11.65
9.430432319641113,9.43
7.515044689178467,6.91
5.745826244354248,4.43
4.300883769989014,2.25
3.2638838291168213,0.58
2.6349756717681885,0.0
2.378194570541382,0.0
2.2938144207000732,0.0
2.2145299911499023,0.0
2.1346001625061035,0.0
2.073753833770752,0.0
2.0123000144958496,0.0
1.945162057876587,0.0
1.869701623916626,0.0
1.7970235347747803,0.0
1.7308285236358643,0.0
1.6685402393341064,0.0
1.60951828956604,0.0
1.5539976358413696,0.0
1.501898169517517,0.0
1.450617790222168,0.0
1.3971587419509888,0.0
1.3423845767974854,0.0
1.301277995109558,0.0
1.249871015548706,0.0
1.2025765180587769,0.0
1.141770839691162,0.0
1.0907297134399414,0.0
1.0702029466629028,0.0
1.0563061237335205,0.0
1.0556889772415161,0.0
1.0366393327713013,0.0
1.047231912612915,0.0
1.0573163032531738,0.0
1.0190011262893677,0.0
1.0151983499526978,0.0
1.0918041467666626,0.0
1.1366645097732544,0.0
1.1710020303726196,0.0
1.2286070585250854,0.0
1.2922940254211426,0.0
1.348124384880066,0.0
1.4070302248001099,0.0
1.4764009714126587,0.0
1.5490957498550415,0.0
1.6318188905715942,0.0
1.7222347259521484,0.0
1.808025598526001,0.0
1.9047183990478516,0.0
2.018601179122925,0.0
2.118541717529297,0.0
2.221764087677002,0.0
2.3141322135925293,0.0
2.4074859619140625,0.0
2.487571954727173,0.0
2.479396343231201,0.0
2.4484360218048096,0.0
2.4397685527801514,0.0
2.4091928005218506,0.0
2.4564685821533203,0.04
2.9051249027252197,0.53
3.96319842338562,2.36
5.755178451538086,4.34
7.946632385253906,6.97
10.4451265335083,10.61
12.868377685546875,13.26
14.628612518310547,14.9
16.110641479492188,16.4
17.467529296875,17.7
18.686498641967773,18.99
19.802942276000977,20.0
20.7717227935791,20.92
21.623159408569336,21.69
22.342111587524414,22.39
22.960912704467773,22.99
23.452545166015625,23.5
23.818580627441406,23.87
24.061174392700195,24.12
24.177640914916992,24.44
24.18803596496582,24.48
24.05122184753418,24.44
23.815031051635742,24.25
23.450037002563477,23.96
23.051542282104492,23.63
22.59178924560547,23.28
22.027629852294922,22.85
21.359020233154297,22.1
20.598499298095703,21.46
19.779830932617188,20.78
18.840482711791992,19.7
17.811161041259766,18.64
16.752260208129883,17.58
15.604466438293457,16.24
14.341631889343262,14.89
13.005278587341309,13.52
11.457107543945312,11.78
9.66287899017334,9.66
7.800501346588135,7.26
6.046907901763916,4.94
4.561459064483643,2.73
3.4184916019439697,0.77
2.648451089859009,0.0
2.3404948711395264,0.0
2.2506468296051025,0.0
2.165883779525757,0.0
2.081353187561035,0.0
2.019899368286133,0.0
1.9993906021118164,0.0
1.9326212406158447,0.0
1.8540657758712769,0.0
1.7875860929489136,0.0
1.7246798276901245,0.0
1.6613807678222656,0.0
1.5879484415054321,0.0
1.5481512546539307,0.0
1.500349998474121,0.0
1.463289737701416,0.0
1.3893113136291504,0.0
1.3358865976333618,0.0
1.2799407243728638,0.0
1.2307939529418945,0.0
1.2019476890563965,0.0
1.1649816036224365,0.0
1.1294225454330444,0.0
1.0771327018737793,0.0
1.039164662361145,0.0
1.0288084745407104,0.0
1.020629644393921,0.0
1.0021921396255493,0.0
0.9842644333839417,0.0
0.970685601234436,0.0
0.9328351020812988,0.0
0.9645643830299377,0.0
1.0084936618804932,0.0
1.026788353919983,0.0
1.0472300052642822,0.0
1.0788174867630005,0.0
1.1319420337677002,0.0
1.2017240524291992,0.0
1.2379140853881836,0.0
1.3042165040969849,0.0
1.3826502561569214,0.0
1.4626264572143555,0.0
1.5350357294082642,0.0
1.6238853931427002,0.0
1.7199509143829346,0.0
1.8338571786880493,0.0
1.967220425605774,0.0
2.0899741649627686,0.0
2.2012791633605957,0.0
2.269674062728882,0.0
2.2163472175598145,0.0
2.165030002593994,0.0
2.162051200866699,0.0
2.2538177967071533,0.0
2.503162384033203,0.0
3.190884590148926,0.41
4.492488384246826,3.35
6.475164413452148,5.55
8.450912475585938,8.15
10.5409574508667,10.58
12.536750793457031,12.7
14.169149398803711,14.48
15.730443954467773,16.09
17.153337478637695,17.48
18.428543090820312,18.72
19.556718826293945,19.81
20.529972076416016,20.73
21.35844612121582,21.58
22.051427841186523,22.23
22.58994483947754,22.75
23.017475128173828,23.2
23.356700897216797,23.55
23.593660354614258,23.86
23.734872817993164,24.04
23.790544509887695,24.11
23.741809844970703,24.12
23.611705780029297,24.06
23.53215789794922,23.77
22.972280502319336,23.47
22.1845760345459,23.05
21.240795135498047,22.49
20.878698348999023,21.81
20.172971725463867,20.55
19.172971725463867,17.45
17.631519317626953,19.07
16.496498107910156,18.82
14.735420227050781,17.79
13.064788818359375,10.18
11.00992202758789,9.71
10.54764175415039,7.98
9.74382209777832,11.6
8.951912879943848,9.61
6.8203444480896,6.05
4.7757368087768555,1.17
3.2450387477874756,1.56
2.993328809738159,0.51
2.5443241596221924,0.0
2.308035135269165,0.0
2.240293025970459,0.0
2.142751932144165,0.0
2.0679337978363037,0.0
2.0057196617126465,0.0
1.9467705488204956,0.0
1.8846105337142944,0.0
1.8132894039154053,0.0
1.7778388261795044,0.0
1.7303649187088013,0.0
1.6728752851486206,0.0
1.609938621520996,0.0
1.568303108215332,0.0
1.5248574018478394,0.0
1.4714182615280151,0.0
1.4287188053131104,0.0
1.367201566696167,0.0
1.3189127445220947,0.0
1.289792776107788,0.0
1.2583757638931274,0.0
1.2278844118118286,0.0
1.1774442195892334,0.0
1.1579351425170898,0.0
1.12442147731781,0.0
1.1164435148239136,0.0
1.081188440322876,0.0
1.077699065208435,0.0
1.0436975955963135,0.0
1.0427440404891968,0.0
1.056504249572754,0.0
1.067811369895935,0.0
1.0973833799362183,0.0
1.1332014799118042,0.0
1.1655751466751099,0.0
1.213064432144165,0.0
1.2602529525756836,0.0
1.3162884712219238,0.0
1.3666260242462158,0.0
1.4325798749923706,0.0
1.4890371561050415,0.0
1.5568898916244507,0.0
1.636493444442749,0.0
1.7419452667236328,0.0
1.8344697952270508,0.0
1.9006863832473755,0.0
2.0071847438812256,0.0
2.1326205730438232,0.0
2.2412331104278564,0.0
2.3227570056915283,0.0
2.2350685596466064,0.0
2.155245304107666,0.0
2.15053653717041,0.0
2.379209280014038,0.0
2.9831855297088623,0.07
3.6597092151641846,0.76
4.812893867492676,3.74
6.456812858581543,5.79
7.9329833984375,8.22
9.491217613220215,9.59
11.003744125366211,9.76
12.669578552246094,13.97
14.76674747467041,15.199999999999998
16.130786895751953,16.14
17.492523193359375,17.98
18.724124908447266,19.38
19.63166618347168,20.19
20.33422088623047,20.65
20.937641143798828,21.49
21.574979782104492,21.68
22.127033233642578,22.22
22.636798858642578,23.31
23.20111656188965,23.26
23.229511260986328,23.14
22.79477882385254,23.55
22.395645141601562,23.22
21.58649253845215,22.57
20.68685531616211,22.45
20.133935928344727,20.04
19.77012825012207,19.91
20.150314331054688,21.54
20.167829513549805,19.9
19.274307250976562,20.02
18.423254013061523,19.82
17.23689842224121,17.99
15.990684509277344,16.61
15.236917495727539,14.4
14.07651424407959,13.07
13.081842422485352,13.36
11.846972465515137,12.17
10.003625869750977,10.26
8.00501537322998,7.32
6.06551456451416,2.95
4.458732604980469,3.66
3.9113709926605225,1.37
2.943547248840332,0.55
2.5322883129119873,0.0
2.2852396965026855,0.0
2.226045608520508,0.0
2.1531801223754883,0.0
2.106525182723999,0.0
2.0528063774108887,0.0
1.9971431493759155,0.0
1.9379585981369019,0.0
1.8635315895080566,0.0
1.7974745035171509,0.0
1.749759554862976,0.0
1.6901535987854004,0.0
1.6309759616851807,0.0
1.5739614963531494,0.0
1.5192011594772339,0.0
1.4516868591308594,0.0
1.3985929489135742,0.0
1.3559303283691406,0.0
1.3132928609848022,0.0
1.244075894355774,0.0
1.2019157409667969,0.0
1.184513807296753,0.0
1.1655875444412231,0.0
1.1335679292678833,0.0
1.0954699516296387,0.0
1.073598861694336,0.0
1.0512285232543945,0.0
1.0415847301483154,0.0
1.036299228668213,0.0
1.0413613319396973,0.0
1.0435123443603516,0.0
1.0606552362442017,0.0
1.0800354480743408,0.0
1.113223910331726,0.0
1.1551872491836548,0.0
1.2047396898269653,0.0
1.2708704471588135,0.0
1.3283454179763794,0.0
1.3774123191833496,0.0
1.4517639875411987,0.0
1.5293874740600586,0.0
1.605064868927002,0.0
1.6902118921279907,0.0
1.7667393684387207,0.0
1.8545281887054443,0.0
1.9578800201416016,0.0
2.0853357315063477,0.0
2.190582513809204,0.0
2.2768383026123047,0.0
2.3675334453582764,0.0
2.4421706199645996,0.0
2.512202024459839,0.0
2.721360683441162,0.0
2.9948785305023193,0.0
3.337662935256958,0.0
3.7766523361206055,0.58
4.1887898445129395,1.36
4.505954742431641,2.17
4.668107509613037,1.6
4.745495796203613,1.62
4.998093128204346,1.8999999999999997
5.4249162673950195,2.08
5.9113240242004395,3.22
6.467638969421387,3.7
6.8643012046813965,4.4
6.922040939331055,4.35
7.104262351989746,5.14
7.431572437286377,5.4
7.602109909057617,5.9
7.858183860778809,6.13
8.318670272827148,6.21
9.412513732910156,9.12
10.466992378234863,8.61
10.595382690429688,9.29
11.291657447814941,10.63
11.794041633605957,11.46
12.107186317443848,11.79
12.084304809570312,9.36
11.86745834350586,9.8
12.008338928222656,11.7
11.673322677612305,9.67
10.444859504699707,9.39
9.488390922546387,7.25
8.370460510253906,6.19
7.602254867553711,5.02
6.92712926864624,4.44
6.384331703186035,3.7700000000000005
5.821557521820068,3.49
5.242002964019775,2.75
4.5473127365112305,1.82
3.9292807579040527,1.35
3.4692583084106445,0.84
3.064199924468994,0.37
2.7593798637390137,0.0
2.5800249576568604,0.0
2.496846914291382,0.0
2.4251670837402344,0.0
2.350865125656128,0.0
2.2664988040924072,0.0
2.1944172382354736,0.0
2.12268328666687,0.0
2.051260471343994,0.0
1.9899715185165405,0.0
1.9320204257965088,0.0
1.8638384342193604,0.0
1.7990772724151611,0.0
1.7357053756713867,0.0
1.6755905151367188,0.0
1.6122190952301025,0.0
1.5582512617111206,0.0
1.5009199380874634,0.0
1.4426465034484863,0.0
1.3681381940841675,0.0
1.2867921590805054,0.0
1.2071576118469238,0.0
1.1365848779678345,0.0
1.069993019104004,0.0
1.0214862823486328,0.0
0.9910421371459961,0.0
0.9607630372047424,0.0
0.9005109071731567,0.0
0.876028835773468,0.0
0.8694207668304443,0.0
0.8533166646957397,0.0
0.845230221748352,0.0
0.8342621922492981,0.0
0.8472059369087219,0.0
0.8694260120391846,0.0
0.8750913143157959,0.0
0.8730759620666504,0.0
0.8933827877044678,0.0
0.9459730982780457,0.0
1.021162509918213,0.0
1.0877280235290527,0.0
1.1567751169204712,0.0
1.233606219291687,0.0
1.3301030397415161,0.0
1.4218082427978516,0.0
1.5051722526550293,0.0
1.5889824628829956,0.0
1.7114002704620361,0.0
1.8328049182891846,0.0
1.936205506324768,0.0
2.0771615505218506,0.0
2.209670066833496,0.0
2.253814935684204,0.0
2.227938652038574,0.0
2.1772327423095703,0.0
2.2583301067352295,0.0
2.345479965209961,0.0
2.377760171890259,0.0
3.2429773807525635,0.25
4.0117082595825195,1.86
5.154540538787842,4.63
6.533041477203369,5.46
7.999606132507324,8.62
9.960687637329102,12.26
11.444372177124023,9.01
12.765097618103027,14.3
15.40673542022705,16.72
17.066545486450195,18.16
18.316184997558594,18.99
19.428346633911133,19.92
20.485130310058594,20.94
21.34130859375,21.53
22.02541732788086,22.73
22.647598266601562,23.2
22.99860954284668,23.51
23.313587188720703,23.52
23.537677764892578,23.63
23.837053298950195,24.37
23.89577293395996,24.51
23.616796493530273,24.26
23.146007537841797,23.94
22.598297119140625,23.19
22.038877487182617,23.15
21.565044403076172,21.67
21.049476623535156,22.25
20.561767578125,21.27
19.644227981567383,20.66
18.750473022460938,19.76
18.178264617919922,18.68
17.053050994873047,17.6
15.778575897216797,15.450000000000001
14.306106567382812,15.23
12.905919075012207,13.53
10.971785545349121,11.82
8.850939750671387,5.42
6.58779764175415,6.67
5.741826057434082,4.44
4.305150985717773,2.25
3.2097055912017822,0.52
2.550854206085205,0.0
2.3018600940704346,0.0
2.2356948852539062,0.0
2.1658170223236084,0.0
2.096167802810669,0.0
2.039660930633545,0.0
1.9923477172851562,0.0
1.9376215934753418,0.0
1.8710527420043945,0.0
1.8237804174423218,0.0
1.780203104019165,0.0
1.6992355585098267,0.0
1.639204502105713,0.0
1.550028920173645,0.0
1.4832789897918701,0.0
1.4211421012878418,0.0
1.3496490716934204,0.0
1.3081611394882202,0.0
1.2546682357788086,0.0
1.2069967985153198,0.0
1.1604691743850708,0.0
1.123403787612915,0.0
1.0963093042373657,0.0
1.0585284233093262,0.0
1.0123172998428345,0.0
0.956824541091919,0.0
0.9127824306488037,0.0
0.9184961318969727,0.0
0.9172210693359375,0.0
0.9228674173355103,0.0
0.9256106615066528,0.0
0.9320282936096191,0.0
0.9663066864013672,0.0
0.9756408929824829,0.0
1.016982078552246,0.0
1.0584408044815063,0.0
1.0894310474395752,0.0
1.143593668937683,0.0
1.1766343116760254,0.0
1.217842698097229,0.0
1.2973260879516602,0.0
1.3849472999572754,0.0
1.4791767597198486,0.0
1.5634911060333252,0.0
1.695425271987915,0.0
1.7722418308258057,0.0
1.8525054454803467,0.0
2.005371570587158,0.0
2.1297717094421387,0.0
2.234651565551758,0.0
2.3134233951568604,0.0
2.40800404548645,0.0
2.5189921855926514,0.0
2.555420160293579,0.0
2.4143378734588623,0.0
2.2428507804870605,0.09
2.346308708190918,0.92
3.0674591064453125,0.91
4.513962268829346,1.94
7.01908016204834,5.52
10.173891067504883,10.17
12.62313461303711,13.4
14.11563491821289,15.159999999999998
15.006807327270508,16.4
15.850301742553711,17.01
16.810354232788086,17.29
17.987445831298828,18.34
19.711875915527344,20.47
21.10016632080078,21.7
21.89080810546875,22.45
22.382457733154297,22.76
22.749679565429688,23.17
23.073570251464844,23.36
23.246231079101562,23.61
23.30495262145996,23.8
23.28792953491211,23.87
23.0648250579834,23.63
22.704357147216797,23.3
22.259920120239258,22.89
21.737030029296875,22.75
21.367944717407227,22.41
20.894638061523438,21.32
20.27863311767578,21.06
19.800739288330078,20.38
19.084392547607422,19.96
18.189138412475586,19.44
16.99738311767578,17.4
15.589417457580566,16.09
14.311716079711914,14.55
12.93307876586914,13.3
11.345473289489746,11.5
9.525565147399902,9.4
7.678334712982178,7.0
5.893163681030273,4.49
4.337285041809082,2.25
3.237572193145752,0.37
2.5613574981689453,0.0
2.3652877807617188,0.0
2.285170555114746,0.0
2.2178537845611572,0.0
2.1531167030334473,0.0
2.09666109085083,0.0
2.0225636959075928,0.0
1.9815322160720825,0.0
1.9197678565979004,0.0
1.8553892374038696,0.0
1.7990666627883911,0.0
1.7368398904800415,0.0
1.67387056350708,0.0
1.5997344255447388,0.0
1.527087926864624,0.0
1.4724870920181274,0.0
1.4288246631622314,0.0
1.3879725933074951,0.0
1.3249497413635254,0.0
1.270289659500122,0.0
1.2003669738769531,0.0
1.1541001796722412,0.0
1.1078805923461914,0.0
1.0614804029464722,0.0
1.0315730571746826,0.0
1.0060299634933472,0.0
0.9580504298210144,0.0
0.9523848295211792,0.0
0.9567360281944275,0.0
0.9549579620361328,0.0
0.9567766189575195,0.0
0.9751312732696533,0.0
0.998622715473175,0.0
1.0294150114059448,0.0
1.0667155981063843,0.0
1.1044342517852783,0.0
1.146851658821106,0.0
1.198272466659546,0.0
1.2617077827453613,0.0
1.3234021663665771,0.0
1.3987559080123901,0.0
1.4678603410720825,0.0
1.5521681308746338,0.0
1.6352533102035522,0.0
1.7309753894805908,0.0
1.8431671857833862,0.0
1.9568963050842285,0.0
2.061814069747925,0.0
2.1641900539398193,0.0
2.2421982288360596,0.0
2.2521426677703857,0.0
2.2249374389648438,0.0
2.2497429847717285,0.0
2.364130735397339,0.0
2.5522754192352295,0.0
3.0388264656066895,0.26
3.98641300201416,2.25
5.551121234893799,4.41
7.395357131958008,6.87
9.362020492553711,9.34
11.288297653198242,11.52
12.952380180358887,13.43
14.553871154785156,15.15
16.055206298828125,16.6
17.41706657409668,17.91
18.646015167236328,19.12
19.751964569091797,20.19
20.706525802612305,21.09
21.518245697021484,21.93
22.212003707885742,22.61
22.76897621154785,23.1
23.208038330078125,23.51
23.551448822021484,23.81
23.753829956054688,24.1
23.823829650878906,24.24
23.74321174621582,24.2
23.549741744995117,24.08
23.227935791015625,23.73
22.835891723632812,23.43
22.437759399414062,23.2
21.91940689086914,22.72
21.29167938232422,22.19
20.57857322692871,21.36
19.76996421813965,20.67
18.914810180664062,19.67
17.93860626220703,18.57
16.902006149291992,17.51
15.741271018981934,16.24
14.381248474121094,14.72
12.837681770324707,12.96
11.097506523132324,11.06
9.190983772277832,8.81
7.302216529846191,6.43
5.618826389312744,4.06
4.233860492706299,2.08
3.2574281692504883,0.52
2.6573140621185303,0.0
2.4175894260406494,0.0
2.3376569747924805,0.0
2.2542061805725098,0.0
2.177978038787842,0.0
2.102631092071533,0.0
2.042351245880127,0.0
1.9902364015579224,0.0
1.9200917482376099,0.0
1.8680540323257446,0.0
1.8133081197738647,0.0
1.7499415874481201,0.0
1.6704415082931519,0.0
1.5782619714736938,0.0
1.5184450149536133,0.0
1.4660496711730957,0.0
1.3935362100601196,0.0
1.3001196384429932,0.0
1.2619142532348633,0.0
1.228732705116272,0.0
1.180600881576538,0.0
1.1339442729949951,0.0
1.1014504432678223,0.0
1.0643067359924316,0.0
1.0135166645050049,0.0
0.9847684502601624,0.0
0.9540249705314636,0.0
0.9316152930259705,0.0
0.9055930972099304,0.0
0.9107495546340942,0.0
0.9122290015220642,0.0
0.9167901277542114,0.0
0.9273175001144409,0.0
0.8972319960594177,0.0
0.9084327816963196,0.0
0.9542881846427917,0.0
1.0110048055648804,0.0
1.05977201461792,0.0
1.1257632970809937,0.0
1.178073763847351,0.0
1.2677241563796997,0.0
1.3668646812438965,0.0
1.4791992902755737,0.0
1.5818496942520142,0.0
1.6784712076187134,0.0
1.7899386882781982,0.0
1.9076646566390991,0.0
2.0069692134857178,0.0
2.1074366569519043,0.0
2.200317144393921,0.0
2.3098738193511963,0.0
2.310525417327881,0.0
2.298492193222046,0.0
2.3643453121185303,0.0
2.521585464477539,0.0
2.929147243499756,0.12
3.8031997680664062,1.01
5.290096759796143,4.06
7.292314529418945,6.5
9.283061981201172,9.07
11.25411319732666,11.42
12.902595520019531,13.25
14.404356002807617,14.79
15.838118553161621,16.22
17.183895111083984,17.6
18.38241195678711,18.87
19.401329040527344,19.86
20.249643325805664,20.71
20.962265014648438,21.44
21.599334716796875,21.95
22.16256332397461,22.54
22.69864273071289,23.06
23.134498596191406,23.53
23.463775634765625,23.79
23.684152603149414,24.21
23.65696144104004,24.19
23.512760162353516,24.21
23.320894241333008,23.98
23.245576858520508,23.61
23.211063385009766,23.31
23.48941421508789,22.85
23.145645141601562,23.18
21.717613220214844,21.99
19.11319923400879,21.13
16.46677589416504,18.05
13.391984939575195,14.96
10.273210525512695,7.44
7.926055431365967,4.75
7.730794429779053,6.57
8.127508163452148,8.75
7.79653263092041,3.87
6.564447402954102,3.53
6.2748332023620605,6.92
5.89122200012207,4.79
4.404652118682861,1.87
3.2121620178222656,0.5
2.6703948974609375,0.0
2.450040102005005,0.0
2.3752341270446777,0.0
2.3025875091552734,0.0
2.229942560195923,0.0
2.1633918285369873,0.0
2.0882091522216797,0.0
2.0192620754241943,0.0
1.9554803371429443,0.0
1.8909435272216797,0.0
1.8252521753311157,0.0
1.763174295425415,0.0
1.7052443027496338,0.0
1.6460020542144775,0.0
1.5897587537765503,0.0
1.540481448173523,0.0
1.4727649688720703,0.0
1.415806531906128,0.0
1.35447096824646,0.0
1.2900400161743164,0.0
1.226322054862976,0.0
1.1726696491241455,0.0
1.1214574575424194,0.0
1.0954653024673462,0.0
1.0763752460479736,0.0
1.056369662284851,0.0
1.0294158458709717,0.0
1.0212767124176025,0.0
1.0116631984710693,0.0
1.0027116537094116,0.0
1.0102492570877075,0.0
1.0294491052627563,0.0
1.0398058891296387,0.0
1.0754450559616089,0.0
1.097798228263855,0.0
1.13541579246521,0.0
1.1930166482925415,0.0
1.2500782012939453,0.0
1.3265435695648193,0.0
1.3920369148254395,0.0
1.473413109779358,0.0
1.5526279211044312,0.0
1.6510775089263916,0.0
1.7546175718307495,0.0
1.8564114570617676,0.0
1.9620404243469238,0.0
2.057788848876953,0.0
2.18220591545105,0.0
2.2972288131713867,0.0
2.3947861194610596,0.0
2.4705464839935303,0.0
2.4574878215789795,0.0
2.4236671924591064,0.0
2.7876381874084473,0.0
3.2825980186462402,0.0
3.532039165496826,0.2
4.4084858894348145,1.09
5.073276042938232,3.75
5.291612148284912,5.9
6.075063705444336,2.78
7.254276752471924,3.4
9.30990219116211,9.66
11.103313446044922,6.37
12.167193412780762,10.95
13.178038597106934,16.0
10.519696235656738,10.75
8.429197311401367,7.95
9.052814483642578,9.08
10.437663078308105,11.2
13.087472915649414,6.35
15.425750732421875,10.31
18.205814361572266,25.38
18.415390014648438,15.84
12.827310562133789,13.03
12.018775939941406,14.81
10.9746732711792,8.18
8.468015670776367,5.57
7.458125114440918,6.26
9.846209526062012,9.89
13.017531394958496,19.37
14.441365242004395,5.76
13.497514724731445,8.2
15.837678909301758,17.66
16.48173713684082,22.95
13.85879135131836,11.16
9.346969604492188,5.5
7.094682693481445,6.08
6.552676200866699,4.87
5.69590950012207,3.25
5.394625186920166,2.68
5.432319164276123,1.55
5.433563709259033,3.02
5.602248668670654,5.72
5.310311794281006,2.81
4.009460926055908,2.48
3.3575026988983154,0.18
2.60817813873291,0.0
2.4817469120025635,0.0
2.3988940715789795,0.0
2.3131258487701416,0.0
2.233499526977539,0.0
2.1516366004943848,0.0
2.0831165313720703,0.0
2.0169897079467773,0.0
1.9470155239105225,0.0
1.885453701019287,0.0
1.7991244792938232,0.0
1.7258057594299316,0.0
1.6482714414596558,0.0
1.5755863189697266,0.0
1.5123496055603027,0.0
1.4651952981948853,0.0
1.4283336400985718,0.0
1.371104121208191,0.0
1.3097480535507202,0.0
1.2391517162322998,0.0
1.1843276023864746,0.0
1.1363850831985474,0.0
1.0739797353744507,0.0
1.0397331714630127,0.0
0.9817714095115662,0.0
0.9741449952125549,0.0
0.9320289492607117,0.0
0.9170680642127991,0.0
0.9206240773200989,0.0
0.8929614424705505,0.0
0.8934774994850159,0.0
0.9043172597885132,0.0
0.9239298105239868,0.0
0.9505776762962341,0.0
0.9949496984481812,0.0
1.043736457824707,0.0
1.0498145818710327,0.0
1.1265865564346313,0.0
1.1916048526763916,0.0
1.2601773738861084,0.0
1.3129734992980957,0.0
1.3930257558822632,0.0
1.4711755514144897,0.0
1.5445010662078857,0.0
1.6748204231262207,0.0
1.8415387868881226,0.0
1.9751945734024048,0.0
2.1308670043945312,0.0
2.1810014247894287,0.0
2.2748372554779053,0.0
2.281477928161621,0.0
2.366563558578491,0.0
2.5845296382904053,0.0
3.0817222595214844,0.1
4.059839725494385,1.73
5.6307477951049805,4.27
7.50333309173584,6.73
9.419363021850586,9.23
11.335166931152344,11.48
13.045154571533203,13.34
14.621353149414062,15.020000000000001
16.110177993774414,16.51
17.46053123474121,17.88
18.682064056396484,19.11
19.786325454711914,20.15
20.761940002441406,21.01
21.993423461914062,21.82
23.36081886291504,22.49
23.79942512512207,23.13
23.58852195739746,23.66
22.676361083984375,23.93
20.8823184967041,24.09
20.668296813964844,20.62
20.556102752685547,16.32
20.69820213317871,19.63
21.150266647338867,20.76
19.741456985473633,21.36
17.85579490661621,25.28
14.689006805419922,11.63
11.79113483428955,7.579999999999999
12.621660232543945,11.42
13.940080642700195,12.97
13.575286865234375,16.36
12.852811813354492,9.61
11.152377128601074,13.83
10.600408554077148,6.32
8.890522003173828,6.6
8.7035493850708,7.53
8.080321311950684,8.71
6.863590240478516,4.49
5.020028591156006,1.58
3.972855806350708,2.9
3.6267526149749756,0.45
2.770749092102051,0.0
2.543064594268799,0.0
2.4535410404205322,0.0
2.376979351043701,0.0
2.299278974533081,0.0
2.223586082458496,0.0
2.1465227603912354,0.0
2.073453903198242,0.0
2.013770341873169,0.0
1.954894781112671,0.0
1.9014153480529785,0.0
1.8424614667892456,0.0
1.776158332824707,0.0
1.7154719829559326,0.0
1.6502901315689087,0.0
1.5901660919189453,0.0
1.5342960357666016,0.0
1.483871579170227,0.0
1.4262853860855103,0.0
1.37598717212677,0.0
1.326120376586914,0.0
1.2640897035598755,0.0
1.2102625370025635,0.0
1.1722960472106934,0.0
1.1220812797546387,0.0
1.0851547718048096,0.0
1.0734525918960571,0.0
1.0626686811447144,0.0
1.0507996082305908,0.0
1.0423132181167603,0.0
0.9885193109512329,0.0
0.9914537668228149,0.0
1.010980248451233,0.0
1.0354504585266113,0.0
1.0717908143997192,0.0
1.094337821006775,0.0
1.105758547782898,0.0
1.1602466106414795,0.0
1.1974897384643555,0.0
1.2703114748001099,0.0
1.3371026515960693,0.0
1.4273730516433716,0.0
1.5270085334777832,0.0
1.6337699890136719,0.0
1.745930552482605,0.0
1.8532291650772095,0.0
1.947871208190918,0.0
2.0350780487060547,0.0
2.1242830753326416,0.0
2.2346417903900146,0.0
2.3583788871765137,0.0
2.382042169570923,0.0
2.345057964324951,0.0
2.3227014541625977,0.0
2.391246795654297,0.0
2.562882423400879,0.0
3.0198445320129395,0.04
3.9544620513916016,1.83
5.578408241271973,4.37
7.536268711090088,6.76
9.56128978729248,9.36
11.612136840820312,11.69
13.396604537963867,13.64
14.944761276245117,15.309999999999999
16.381031036376953,16.76
17.69907569885254,18.03
18.887802124023438,19.23
19.96425437927246,20.27
20.948490142822266,21.19
21.79791831970215,22.02
22.532533645629883,22.63
23.14935302734375,23.2
23.6859188079834,23.74
23.946992874145508,24.16
24.065242767333984,24.19
24.050556182861328,24.46
23.952993392944336,24.52
23.8897705078125,24.2
24.485565185546875,23.32
24.465015411376953,24.32
24.407398223876953,23.68
22.363014221191406,23.37
20.08160400390625,23.24
16.47002601623535,20.74
12.39923095703125,11.08
9.711026191711426,11.02
10.43854808807373,4.17
11.903223991394043,15.66
14.644315719604492,10.53
14.028968811035156,16.39
14.093034744262695,15.37
12.089655876159668,12.34
9.76596736907959,9.44
7.734415054321289,6.25
6.019166946411133,5.31
4.7787652015686035,2.54
3.506775140762329,0.67
2.7498369216918945,0.0
2.4681835174560547,0.0
2.3820416927337646,0.0
2.306352138519287,0.0
2.2504477500915527,0.0
2.186758279800415,0.0
2.106674909591675,0.0
2.043246030807495,0.0
1.9690017700195312,0.0
1.9008350372314453,0.0
1.8341840505599976,0.0
1.7736608982086182,0.0
1.7039885520935059,0.0
1.6382639408111572,0.0
1.5701671838760376,0.0
1.5067245960235596,0.0
1.4468919038772583,0.0
1.3967432975769043,0.0
1.3457378149032593,0.0
1.2957558631896973,0.0
1.2511590719223022,0.0
1.2049720287322998,0.0
1.1756107807159424,0.0
1.145675539970398,0.0
1.1033401489257812,0.0
1.092213749885559,0.0
1.0719140768051147,0.0
1.0580154657363892,0.0
1.042773962020874,0.0
1.0503290891647339,0.0
1.0612514019012451,0.0
1.081259846687317,0.0
1.097485899925232,0.0
1.096988558769226,0.0
1.1289246082305908,0.0
1.165048360824585,0.0
1.222467303276062,0.0
1.2893104553222656,0.0
1.3579801321029663,0.0
1.4338747262954712,0.0
1.469550609588623,0.0
1.5363802909851074,0.0
1.6017674207687378,0.0
1.6708199977874756,0.0
1.766887903213501,0.0
1.8787490129470825,0.0
2.0014796257019043,0.0
2.1404237747192383,0.0
2.259338140487671,0.0
2.3618342876434326,0.0
2.3961424827575684,0.0
2.34367036819458,0.0
2.3494162559509277,0.0
2.425373077392578,0.0
2.5883169174194336,0.0
3.0064773559570312,0.0
3.8841052055358887,1.64
5.4763360023498535,4.28
7.462166786193848,6.66
9.518308639526367,9.22
11.55418872833252,11.63
13.387560844421387,13.57
14.986522674560547,15.25
16.454357147216797,16.72
17.766632080078125,18.02
18.92296600341797,19.13
19.930700302124023,20.2
20.83363151550293,21.02
21.612396240234375,21.74
22.280553817749023,22.37
22.845800399780273,22.98
23.26717758178711,23.39
23.530702590942383,23.77
23.689563751220703,23.91
23.70771598815918,23.93
23.625621795654297,24.1
23.511146545410156,23.84
23.27383041381836,23.74
22.987213134765625,23.53
22.53606605529785,22.99
21.748668670654297,22.47
20.820032119750977,21.86
19.798067092895508,20.88
18.742273330688477,19.68
17.794586181640625,18.19
16.963226318359375,16.83
16.27985382080078,16.88
15.503143310546875,16.08
14.237896919250488,14.71
12.700024604797363,13.0
10.9512939453125,10.87
9.089539527893066,8.72
7.288520336151123,6.31
5.63673734664917,4.13
4.295907974243164,2.16
3.30362868309021,0.48999999999999994
2.676928997039795,0.0
2.456437587738037,0.0
2.382636070251465,0.0
2.3078384399414062,0.0
2.2344212532043457,0.0
2.156733274459839,0.0
2.0695955753326416,0.0
2.0068676471710205,0.0
1.9359753131866455,0.0
1.876093864440918,0.0
1.8180993795394897,0.0
1.757134199142456,0.0
1.6873823404312134,0.0
1.625696063041687,0.0
1.5744256973266602,0.0
1.5186400413513184,0.0
1.4591583013534546,0.0
1.3928978443145752,0.0
1.329309105873108,0.0
1.2658677101135254,0.0
1.2210087776184082,0.0
1.1801977157592773,0.0
1.1381455659866333,0.0
1.0979719161987305,0.0
1.0594578981399536,0.0
1.024213194847107,0.0
1.0071266889572144,0.0
0.9945701360702515,0.0
0.9834309220314026,0.0
0.975481390953064,0.0
0.9729965925216675,0.0
0.9702581763267517,0.0
0.9538331031799316,0.0
0.9637560248374939,0.0
0.9987550377845764,0.0
1.0484673976898193,0.0
1.0939412117004395,0.0
1.155295729637146,0.0
1.2276583909988403,0.0
1.2589462995529175,0.0
1.3308738470077515,0.0
1.4071121215820312,0.0
1.5219625234603882,0.0
1.6323713064193726,0.0
1.7317266464233398,0.0
1.8427404165267944,0.0
1.9652711153030396,0.0
1.9194025993347168,0.0
1.8785916566848755,0.0
1.7626678943634033,0.0
1.8075883388519287,0.0
2.215986967086792,0.0
3.210005760192871,0.0
4.989075660705566,4.05
7.645018100738525,6.4
10.15011978149414,10.97
12.760757446289062,12.92
14.499570846557617,14.73
16.12574005126953,16.5
17.573997497558594,17.97
18.813636779785156,19.35
19.88922691345215,20.24
20.77092742919922,20.94
21.55316925048828,21.64
22.254358291625977,22.39
23.848670959472656,23.07
24.884912490844727,23.44
25.221376419067383,23.66
24.228065490722656,23.86
22.33735466003418,24.03
19.304800033569336,23.88
14.651947021484375,12.94
9.937131881713867,10.92
8.83797550201416,6.6
10.075760841369629,9.57
12.181314468383789,7.67
13.62467098236084,9.94
14.293804168701172,16.83
13.891343116760254,15.3
11.632253646850586,14.17
9.641692161560059,5.78
8.135826110839844,6.13
9.035601615905762,3.6
9.758225440979004,11.58
10.905891418457031,10.69
9.510546684265137,7.819999999999999
7.833832263946533,6.32
6.477966785430908,4.98
5.208864212036133,3.23
4.033112049102783,1.6
3.156449556350708,0.19
2.5955593585968018,0.0
2.4355413913726807,0.0
2.3540825843811035,0.0
2.283999443054199,0.0
2.208101749420166,0.0
2.1313581466674805,0.0
2.057533025741577,0.0
1.9876594543457031,0.0
1.91978120803833,0.0
1.8565516471862793,0.0
1.7892204523086548,0.0
1.7170387506484985,0.0
1.6647210121154785,0.0
1.6060469150543213,0.0
1.5388431549072266,0.0
1.4899367094039917,0.0
1.436545491218567,0.0
1.3736366033554077,0.0
1.2676678895950317,0.0
1.209488868713379,0.0
1.1989412307739258,0.0
1.1590385437011719,0.0
1.130599856376648,0.0
1.1088556051254272,0.0
1.0825769901275635,0.0
1.0634243488311768,0.0
1.056463599205017,0.0
1.0462520122528076,0.0
0.9803264737129211,0.0
0.9016346335411072,0.0
0.9401594400405884,0.0
1.0097699165344238,0.0
0.9966155290603638,0.0
1.0258184671401978,0.0
1.0463930368423462,0.0
1.077008605003357,0.0
1.1275604963302612,0.0
1.2240945100784302,0.0
1.2963370084762573,0.0
1.3721431493759155,0.0
1.432564377784729,0.0
1.5082584619522095,0.0
1.6135249137878418,0.0
1.69394052028656,0.0
1.7366915941238403,0.0
1.7856025695800781,0.0
2.006803274154663,0.0
2.245392084121704,0.0
2.544938564300537,0.0
2.8932859897613525,0.02
3.361143112182617,1.3
3.438873529434204,2.43
3.1407737731933594,0.0
2.5125892162323,0.0
2.518509864807129,0.0
2.4379723072052,0.0
2.333038330078125,0.0
2.292705774307251,0.0
2.3113937377929688,0.0
2.253812789916992,0.0
2.223860263824463,0.0
2.1575005054473877,0.0
2.1071572303771973,0.0
2.0477066040039062,0.0
2.000096082687378,0.0
1.9701831340789795,0.0
1.9534556865692139,0.0
1.934995174407959,0.0
1.923107624053955,0.0
1.9163570404052734,0.0
1.9160212278366089,0.0
1.9252400398254395,0.0
1.9502458572387695,0.0
1.9823248386383057,0.0
2.0366580486297607,0.0
2.1286394596099854,0.0
2.2196621894836426,0.0
2.3410234451293945,0.0
2.473184823989868,0.0
2.6015777587890625,0.0
2.7324042320251465,0.0
2.8501226902008057,0.0
2.9189939498901367,0.0
2.970370292663574,0.0
3.015279531478882,0.0
2.994821786880493,0.0
2.928358554840088,0.0
2.8353145122528076,0.0
2.72389554977417,0.0
2.621615171432495,0.0
2.5048842430114746,0.0
2.426182270050049,0.0
2.3676066398620605,0.0
2.293156385421753,0.0
2.2196033000946045,0.0
2.1472368240356445,0.0
2.08644962310791,0.0
2.0204222202301025,0.0
1.9702383279800415,0.0
1.9157629013061523,0.0
1.839730143547058,0.0
1.7614613771438599,0.0
1.6935992240905762,0.0
1.625170350074768,0.0
1.5740760564804077,0.0
1.5188878774642944,0.0
1.4623949527740479,0.0
1.374953269958496,0.0
1.330451250076294,0.0
1.2948743104934692,0.0
1.2588118314743042,0.0
1.2066333293914795,0.0
1.1657555103302002,0.0
1.1264880895614624,0.0
1.0966216325759888,0.0
1.0702323913574219,0.0
1.054770588874817,0.0
1.0425127744674683,0.0
1.0239458084106445,0.0
1.0136927366256714,0.0
0.9973399639129639,0.0
1.0437312126159668,0.0
1.070597767829895,0.0
1.0960980653762817,0.0
1.131752848625183,0.0
1.1727644205093384,0.0
1.2236762046813965,0.0
1.273115634918213,0.0
1.3128429651260376,0.0
1.3662605285644531,0.0
1.436070203781128,0.0
1.5202796459197998,0.0
1.5981837511062622,0.0
1.692033052444458,0.0
1.7374520301818848,0.0
1.837281346321106,0.0
1.9729716777801514,0.0
2.092303514480591,0.0
2.2272682189941406,0.0
2.3297908306121826,0.0
2.406221389770508,0.0
2.4656944274902344,0.0
2.5239124298095703,0.0
2.5820388793945312,0.0
2.661039352416992,0.0
2.7142603397369385,0.0
2.7513680458068848,0.0
2.693331241607666,0.0
2.594202995300293,0.0
2.5351181030273438,0.0
2.4943456649780273,0.0
2.4371767044067383,0.0
2.36262583732605,0.0
2.3526744842529297,0.0
2.288835287094116,0.0
2.2274162769317627,0.0
2.197277784347534,0.0
2.1592912673950195,0.0
2.1054954528808594,0.0
2.0587093830108643,0.0
2.0338850021362305,0.0
1.9949637651443481,0.0
1.9724314212799072,0.0
1.94791579246521,0.0
1.922451376914978,0.0
1.9234644174575806,0.0
1.9392201900482178,0.0
1.9587115049362183,0.0
1.9741063117980957,0.0
2.032555341720581,0.0
2.0856869220733643,0.0
2.1366117000579834,0.0
2.1969003677368164,0.0
2.28977370262146,0.0
2.4070138931274414,0.0
2.5449917316436768,0.0
2.678541660308838,0.0
2.799968957901001,0.0
2.9387693405151367,0.0
3.050091028213501,0.0
3.1020126342773438,0.0
3.0562169551849365,0.0
3.011073350906372,0.0
2.938990831375122,0.0
2.844334840774536,0.0
2.737098217010498,0.0
2.6237032413482666,0.0
2.5411996841430664,0.0
2.468873977661133,0.0
2.3891172409057617,0.0
2.2930572032928467,0.0
2.2305123805999756,0.0
2.1731796264648438,0.0
2.097407102584839,0.0
2.032078742980957,0.0
1.960349202156067,0.0
1.8698903322219849,0.0
1.8163236379623413,0.0
1.7639570236206055,0.0
1.721053957939148,0.0
1.598513126373291,0.0
1.5440717935562134,0.0
1.484950065612793,0.0
1.4252909421920776,0.0
1.354905605316162,0.0
1.293039321899414,0.0
1.2360427379608154,0.0
1.1969279050827026,0.0
1.162406086921692,0.0
1.1179279088974,0.0
1.0866268873214722,0.0
1.0503275394439697,0.0
0.9910596609115601,0.0
0.967562198638916,0.0
0.9575395584106445,0.0
0.9403467178344727,0.0
0.9005981683731079,0.0
0.9109938740730286,0.0
0.9598803520202637,0.0
0.9861897826194763,0.0
0.9823525547981262,0.0
1.005229115486145,0.0
1.057033658027649,0.0
1.1308289766311646,0.0
1.2090733051300049,0.0
1.299497127532959,0.0
1.3518346548080444,0.0
1.4349650144577026,0.0
1.5353609323501587,0.0
1.6312804222106934,0.0
1.7315095663070679,0.0
1.8393362760543823,0.0
1.9325816631317139,0.0
2.0294978618621826,0.0
2.1361353397369385,0.0
2.2444067001342773,0.0
2.366827964782715,0.0
2.4546942710876465,0.0
2.5204954147338867,0.0
2.6353297233581543,0.0
2.783428192138672,0.0
2.8937807083129883,0.0
2.9609599113464355,0.0
3.012920379638672,0.0
2.8974978923797607,0.0
2.9813315868377686,0.0
3.2615609169006348,0.0
3.187201976776123,0.0
3.0720949172973633,0.0
3.051062822341919,0.0
3.0877206325531006,0.0
2.9855098724365234,0.0
2.7887561321258545,0.0
2.5767221450805664,0.0
2.227814197540283,0.0
2.338620662689209,0.0
2.9603943824768066,0.0
2.9228355884552,0.0
2.78960919380188,0.0
2.6091556549072266,0.0
2.9442269802093506,0.0
2.86344575881958,0.0
2.7852022647857666,0.0
2.7175865173339844,0.0
2.6072864532470703,0.0
2.2530429363250732,0.0
2.0170445442199707,0.0
2.1661174297332764,0.0
2.080900192260742,0.0
2.146780252456665,0.0
2.2705636024475098,0.0
2.4065253734588623,0.0
2.4943714141845703,0.0
2.6162500381469727,0.0
2.7360548973083496,0.0
2.8689565658569336,0.0
2.974590539932251,0.0
3.0199062824249268,0.0
3.0182383060455322,0.0
2.9623501300811768,0.0
2.8797361850738525,0.0
2.783275604248047,0.0
2.676351547241211,0.0
2.5732388496398926,0.0
2.47952938079834,0.0
2.393817663192749,0.0
2.3150713443756104,0.0
2.2420575618743896,0.0
2.1646533012390137,0.0
2.097726583480835,0.0
2.0198566913604736,0.0
1.946861982345581,0.0
1.8672021627426147,0.0
1.8014171123504639,0.0
1.7240300178527832,0.0
1.649167776107788,0.0
1.5787943601608276,0.0
1.505354642868042,0.0
1.4205111265182495,0.0
1.3588712215423584,0.0
1.2941774129867554,0.0
1.236090898513794,0.0
1.1798913478851318,0.0
1.1266900300979614,0.0
1.0728049278259277,0.0
1.0202566385269165,0.0
0.9769854545593262,0.0
0.9446775913238525,0.0
0.9154220223426819,0.0
0.8872479200363159,0.0
0.8740271925926208,0.0
0.8666436076164246,0.0
0.8525111675262451,0.0
0.8560371398925781,0.0
0.8424674868583679,0.0
0.8684516549110413,0.0
0.8929497599601746,0.0
0.9616662263870239,0.0
0.9866034388542175,0.0
0.9992475509643555,0.0
1.099403977394104,0.0
1.16343355178833,0.0
1.2668640613555908,0.0
1.3686076402664185,0.0
1.4647085666656494,0.0
1.564771056175232,0.0
1.6619679927825928,0.0
1.7585424184799194,0.0
1.8745583295822144,0.0
2.0046846866607666,0.0
2.1078786849975586,0.0
2.210768938064575,0.0
2.300603151321411,0.0
2.393962860107422,0.0
2.489703893661499,0.0
2.567965507507324,0.0
2.653932809829712,0.0
2.7229981422424316,0.0
2.7695810794830322,0.0
2.7874257564544678,0.0
2.7605271339416504,0.0
2.646563768386841,0.0
2.5016677379608154,0.0
2.4433770179748535,0.0
2.337883472442627,0.0
2.2972843647003174,0.0
2.2387006282806396,0.0
2.168644666671753,0.0
2.086078643798828,0.0
2.0191497802734375,0.0
1.9729328155517578,0.0
1.925633430480957,0.0
1.894485354423523,0.0
1.876767635345459,0.0
1.8800121545791626,0.0
1.9120663404464722,0.0
1.9315168857574463,0.0
1.941314697265625,0.0
1.9561182260513306,0.0
1.9815820455551147,0.0
2.015810012817383,0.0
2.058124303817749,0.0
2.0997557640075684,0.0
2.1542916297912598,0.0
2.229102849960327,0.0
2.336085081100464,0.0
2.480984687805176,0.0
2.566876173019409,0.0
2.648773670196533,0.0
2.7673838138580322,0.0
2.914773464202881,0.0
2.997591972351074,0.0
3.0074710845947266,0.0
2.933798313140869,0.0
2.864741802215576,0.0
2.773275375366211,0.0
2.6407618522644043,0.0
2.506138801574707,0.0
2.420092821121216,0.0
2.3563613891601562,0.0
2.29148006439209,0.0
2.2476325035095215,0.0
2.2059738636016846,0.0
2.1097517013549805,0.0
2.059438943862915,0.0
1.9844555854797363,0.0
1.9413877725601196,0.0
1.8320226669311523,0.0
1.7572007179260254,0.0
1.683901309967041,0.0
1.6200299263000488,0.0
1.5905662775039673,0.0
1.5389970541000366,0.0
1.488041877746582,0.0
1.4225594997406006,0.0
1.369109034538269,0.0
1.3184187412261963,0.0
1.2556911706924438,0.0
1.206953525543213,0.0
1.1514174938201904,0.0
1.1467642784118652,0.0
1.1377170085906982,0.0
1.1134064197540283,0.0
1.0779024362564087,0.0
1.0462028980255127,0.0
1.0259288549423218,0.0
1.040596604347229,0.0
1.03701651096344,0.0
1.0361028909683228,0.0
1.0493080615997314,0.0
1.0741698741912842,0.0
1.109864354133606,0.0
1.1561099290847778,0.0
1.2118443250656128,0.0
1.257032871246338,0.0
1.350927710533142,0.0
1.423190712928772,0.0
1.48515784740448,0.0
1.5802512168884277,0.0
1.663698434829712,0.0
1.733213186264038,0.0
1.8300502300262451,0.0
1.9428126811981201,0.0
2.0665316581726074,0.0
2.18727970123291,0.0
2.306417942047119,0.0
2.4011847972869873,0.0
2.451910972595215,0.0
2.5139307975769043,0.0
2.5891354084014893,0.0
2.6614630222320557,0.0
2.70216703414917,0.0
2.691089391708374,0.0
2.5844788551330566,0.0
2.4460418224334717,0.0
2.4581780433654785,0.0
2.412353277206421,0.0
2.4040374755859375,0.0
2.2922353744506836,0.0
2.266278028488159,0.0
2.23149037361145,0.0
2.231199264526367,0.0
2.1881842613220215,0.0
2.1583967208862305,0.0
2.1095550060272217,0.0
2.070361375808716,0.0
2.0232861042022705,0.0
1.9948093891143799,0.0
1.9662784337997437,0.0
1.9350792169570923,0.0
1.9095745086669922,0.0
1.8943734169006348,0.0
1.9003437757492065,0.0
1.924403429031372,0.0
1.9496594667434692,0.0
1.9690402746200562,0.0
2.0078377723693848,0.0
2.0637001991271973,0.0
2.115997791290283,0.0
2.1803054809570312,0.0
2.252350330352783,0.0
2.3396871089935303,0.0
2.4236459732055664,0.0
2.5176072120666504,0.0
2.6305079460144043,0.0
2.773966073989868,0.0
2.9159903526306152,0.0
2.999072790145874,0.0
3.017707347869873,0.0
3.007448673248291,0.0
2.9419665336608887,0.0
2.8533504009246826,0.0
2.706444501876831,0.0
2.5734007358551025,0.0
2.5047566890716553,0.0
2.445423126220703,0.0
2.380470037460327,0.0
2.311685800552368,0.0
2.240666151046753,0.0
2.1702520847320557,0.0
2.1223814487457275,0.0
2.0613389015197754,0.0
1.9996302127838135,0.0
1.947511911392212,0.0
1.886470913887024,0.0
1.835543155670166,0.0
1.7851730585098267,0.0
1.7298840284347534,0.0
1.6699862480163574,0.0
1.6260160207748413,0.0
1.5737680196762085,0.0
1.5259748697280884,0.0
1.4792944192886353,0.0
1.4395902156829834,0.0
1.4061245918273926,0.0
1.3731269836425781,0.0
1.3384597301483154,0.0
1.2546600103378296,0.0
1.2396328449249268,0.0
1.2334009408950806,0.0
1.2564119100570679,0.0
1.26912260055542,0.0
1.2345616817474365,0.0
1.2190611362457275,0.0
1.2178462743759155,0.0
1.2268809080123901,0.0
1.25612473487854,0.0
1.2958509922027588,0.0
1.3772586584091187,0.0
1.4307361841201782,0.0
1.4417495727539062,0.0
1.5369226932525635,0.0
1.6468961238861084,0.0
1.729367733001709,0.0
1.8434983491897583,0.0
1.9310740232467651,0.0
2.0113511085510254,0.0
2.104243516921997,0.0
2.1994197368621826,0.0
2.3047568798065186,0.0
2.4243109226226807,0.0
2.523550510406494,0.0
2.5877742767333984,0.0
2.6004700660705566,0.0
2.6380178928375244,0.0
2.69236159324646,0.0
2.7798142433166504,0.0
2.7877001762390137,0.0
2.7302420139312744,0.0
2.547744035720825,0.0
2.4100353717803955,0.0
2.4145374298095703,0.0
2.4745755195617676,0.0
2.5033328533172607,0.0
2.3657050132751465,0.0
2.350720167160034,0.0
2.2960219383239746,0.0
2.2448596954345703,0.0
2.195740222930908,0.0
2.1487913131713867,0.0
2.127408504486084,0.0
2.0990231037139893,0.0
2.0630199909210205,0.0
2.0179250240325928,0.0
1.9857783317565918,0.0
1.9558675289154053,0.0
1.935499906539917,0.0
1.91360342502594,0.0
1.9227877855300903,0.0
1.9420613050460815,0.0
1.9448078870773315,0.0
1.9642720222473145,0.0
2.0051448345184326,0.0
2.030642509460449,0.0
2.071918487548828,0.0
2.1246156692504883,0.0
2.1910362243652344,0.0
2.2826695442199707,0.0
2.3810598850250244,0.0
2.4707984924316406,0.0
2.5878450870513916,0.0
2.748915672302246,0.0
2.9117560386657715,0.0
3.0023961067199707,0.0
3.0193710327148438,0.0
2.985516309738159,0.0
2.91113543510437,0.0
2.8167290687561035,0.0
2.6806211471557617,0.0
2.540559768676758,0.0
2.478684902191162,0.0
2.4046237468719482,0.0
2.3271074295043945,0.0
2.248378276824951,0.0
2.1805360317230225,0.0
2.1102144718170166,0.0
2.0414657592773438,0.0
1.9673453569412231,0.0
1.9038610458374023,0.0
1.848292589187622,0.0
1.8105876445770264,0.0
1.757650375366211,0.0
1.7128641605377197,0.0
1.6637552976608276,0.0
1.6121537685394287,0.0
1.5629112720489502,0.0
1.5053163766860962,0.0
1.462253212928772,0.0
1.4239965677261353,0.0
1.3946900367736816,0.0
1.3785713911056519,0.0
1.357364535331726,0.0
1.332565426826477,0.0
1.3061714172363281,0.0
1.2933520078659058,0.0
1.2961437702178955,0.0
1.303208351135254,0.0
1.310176968574524,0.0
1.3225367069244385,0.0
1.3286081552505493,0.0
1.342153787612915,0.0
1.3843281269073486,0.0
1.4285640716552734,0.0
1.4871766567230225,0.0
1.5363354682922363,0.0
1.5859322547912598,0.0
1.6392185688018799,0.0
1.7069026231765747,0.0
1.7716212272644043,0.0
1.8145171403884888,0.0
1.9008442163467407,0.0
2.001457452774048,0.0
2.0801644325256348,0.0
2.177210569381714,0.0
2.27433443069458,0.0
2.388831615447998,0.0
2.492385149002075,0.0
2.5527682304382324,0.0
2.593963384628296,0.0
2.6226892471313477,0.0
2.686589479446411,0.0
2.7642722129821777,0.0
2.8395326137542725,0.0
2.8035788536071777,0.0
2.6725316047668457,0.0
2.5110018253326416,0.0
2.398975372314453,0.0
2.4407591819763184,0.0
2.465104818344116,0.0
2.474299430847168,0.0
2.3911073207855225,0.0
2.387402057647705,0.0
2.366791009902954,0.0
2.3106062412261963,0.0
2.246650218963623,0.0
2.196458339691162,0.0
2.1374599933624268,0.0
2.077349901199341,0.0
2.0310816764831543,0.0
1.9896836280822754,0.0
1.962754487991333,0.0
1.9384483098983765,0.0
1.9166641235351562,0.0
1.8908205032348633,0.0
1.8714947700500488,0.0
1.858098030090332,0.0
1.843898892402649,0.0
1.857651948928833,0.0
1.8812718391418457,0.0
1.9440217018127441,0.0
1.9948254823684692,0.0
2.0655646324157715,0.0
2.1396102905273438,0.0
2.214901924133301,0.0
2.2935163974761963,0.0
2.3939642906188965,0.0
2.5108134746551514,0.0
2.668548583984375,0.0
2.83239483833313,0.0
2.923640489578247,0.0
2.9350600242614746,0.0
2.8898890018463135,0.0
2.8122634887695312,0.0
2.723722219467163,0.0
2.584794282913208,0.0
2.4427788257598877,0.0
2.37018084526062,0.0
2.2990634441375732,0.0
2.2237422466278076,0.0
2.1596732139587402,0.0
2.106133222579956,0.0
2.0525975227355957,0.0
1.9945628643035889,0.0
1.9357860088348389,0.0
1.8712888956069946,0.0
1.8142088651657104,0.0
1.756608486175537,0.0
1.703169822692871,0.0
1.6523733139038086,0.0
1.6111729145050049,0.0
1.5634875297546387,0.0
1.5148539543151855,0.0
1.476240873336792,0.0
1.4295600652694702,0.0
1.384050726890564,0.0
1.3571008443832397,0.0
1.3286314010620117,0.0
1.3012776374816895,0.0
1.2777373790740967,0.0
1.2732218503952026,0.0
1.2574151754379272,0.0
1.261193871498108,0.0
1.2677210569381714,0.0
1.269827127456665,0.0
1.2584481239318848,0.0
1.2522833347320557,0.0
1.2873907089233398,0.0
1.3143184185028076,0.0
1.3377618789672852,0.0
1.3727015256881714,0.0
1.405557632446289,0.0
1.4417368173599243,0.0
1.4880095720291138,0.0
1.5441392660140991,0.0
1.6247918605804443,0.0
1.6898045539855957,0.0
1.8030421733856201,0.0
1.9014995098114014,0.0
1.963060975074768,0.0
2.0677919387817383,0.0
2.167283773422241,0.0
2.2831599712371826,0.0
2.371151924133301,0.0
2.506237268447876,0.0
2.6229684352874756,0.0
2.6759822368621826,0.0
2.706801414489746,0.0
2.724224328994751,0.0
2.7689104080200195,0.0
2.7748794555664062,0.0
2.726153612136841,0.0
2.625669002532959,0.0
2.4927306175231934,0.0
2.489018201828003,0.0
2.4940385818481445,0.0
2.4882733821868896,0.0
2.41304087638855,0.0
2.3979804515838623,0.0
2.3471546173095703,0.0
2.304652214050293,0.0
2.265157461166382,0.0
2.214310646057129,0.0
2.164078712463379,0.0
2.1090645790100098,0.0
2.0556106567382812,0.0
2.0095653533935547,0.0
1.9748910665512085,0.0
1.9292173385620117,0.0
1.9141592979431152,0.0
1.9120073318481445,0.0
1.9241595268249512,0.0
1.9490888118743896,0.0
1.98051118850708,0.0
1.9989566802978516,0.0
2.0084264278411865,0.0
2.0079896450042725,0.0
1.9862542152404785,0.0
2.0164971351623535,0.0
2.057542562484741,0.0
2.099135637283325,0.0
2.1770670413970947,0.0
2.324737071990967,0.0
2.478433609008789,0.0
2.6451659202575684,0.0
2.8185102939605713,0.0
2.9062297344207764,0.0
2.9136977195739746,0.0
2.8615612983703613,0.0
2.7828826904296875,0.0
2.6875643730163574,0.0
2.5445733070373535,0.0
2.3972346782684326,0.0
2.3349661827087402,0.0
2.266153573989868,0.0
2.210501194000244,0.0
2.15336275100708,0.0
2.102609157562256,0.0
2.0463030338287354,0.0
1.979150414466858,0.0
1.914396047592163,0.0
1.8504703044891357,0.0
1.7950563430786133,0.0
1.7390059232711792,0.0
1.6930060386657715,0.0
1.6485775709152222,0.0
1.6116318702697754,0.0
1.5675585269927979,0.0
1.5269184112548828,0.0
1.4753117561340332,0.0
1.4112231731414795,0.0
1.3510229587554932,0.0
1.2983331680297852,0.0
1.2715634107589722,0.0
1.2535187005996704,0.0
1.2366516590118408,0.0
1.239341378211975,0.0
1.2055795192718506,0.0
1.2119922637939453,0.0
1.2292394638061523,0.0
1.2402976751327515,0.0
1.2520644664764404,0.0
1.2426174879074097,0.0
1.2928416728973389,0.0
1.328667163848877,0.0
1.3567732572555542,0.0
1.3955363035202026,0.0
1.4435980319976807,0.0
1.4727281332015991,0.0
1.5440391302108765,0.0
1.6152085065841675,0.0
1.6921348571777344,0.0
1.7782686948776245,0.0
1.8616214990615845,0.0
1.961775302886963,0.0
2.031219482421875,0.0
2.1603035926818848,0.0
2.2639782428741455,0.0
2.3488881587982178,0.0
2.4590611457824707,0.0
2.5632903575897217,0.0
2.6427359580993652,0.0
2.655853271484375,0.0
2.6891913414001465,0.0
2.702226161956787,0.0
2.755457639694214,0.0
2.7784364223480225,0.0
2.769192695617676,0.0
2.621403217315674,0.0
2.4368629455566406,0.0
2.4759042263031006,0.0
2.4567179679870605,0.0
2.4686801433563232,0.0
2.3655307292938232,0.0
2.359720230102539,0.0
2.325467109680176,0.0
2.2747228145599365,0.0
2.248198986053467,0.0
2.191077470779419,0.0
2.131821870803833,0.0
2.0802621841430664,0.0
2.016254186630249,0.0
1.971606969833374,0.0
1.9400811195373535,0.0
1.9194715023040771,0.0
1.909885287284851,0.0
1.9107511043548584,0.0
1.9053784608840942,0.0
1.9039582014083862,0.0
1.9058301448822021,0.0
1.9091858863830566,0.0
1.9280424118041992,0.0
1.9525470733642578,0.0
1.9982171058654785,0.0
2.0699920654296875,0.0
2.1318488121032715,0.0
2.1872756481170654,0.0
2.266214370727539,0.0
2.363583564758301,0.0
2.4782536029815674,0.0
2.6349613666534424,0.0
2.8086295127868652,0.0
2.903287410736084,0.0
2.930109739303589,0.0
2.8992557525634766,0.0
2.82511305809021,0.0
2.732778549194336,0.0
2.5900447368621826,0.0
2.4346508979797363,0.0
2.359957456588745,0.0
2.294992685317993,0.0
2.238007068634033,0.0
2.1689398288726807,0.0
2.1102497577667236,0.0
2.0414867401123047,0.0
1.9811086654663086,0.0
1.921944499015808,0.0
1.8688410520553589,0.0
1.8125020265579224,0.0
1.7748963832855225,0.0
1.7271937131881714,0.0
1.6760882139205933,0.0
1.6168279647827148,0.0
1.5737208127975464,0.0
1.5352561473846436,0.0
1.4920419454574585,0.0
1.4482252597808838,0.0
1.3976469039916992,0.0
1.3590927124023438,0.0
1.3325235843658447,0.0
1.3152649402618408,0.0
1.2965257167816162,0.0
1.2791295051574707,0.0
1.2654832601547241,0.0
1.2632601261138916,0.0
1.2608025074005127,0.0
1.2634068727493286,0.0
1.2811925411224365,0.0
1.3039404153823853,0.0
1.327966332435608,0.0
1.3434044122695923,0.0
1.3964426517486572,0.0
1.4198639392852783,0.0
1.4603084325790405,0.0
1.5315935611724854,0.0
1.585300326347351,0.0
1.6619248390197754,0.0
1.736267328262329,0.0
1.8179011344909668,0.0
1.9204585552215576,0.0
1.9968239068984985,0.0
2.0755720138549805,0.0
2.1856186389923096,0.0
2.300992250442505,0.0
2.4166815280914307,0.0
2.514644145965576,0.0
2.6005983352661133,0.0
2.7061967849731445,0.0
2.732832670211792,0.0
2.7521402835845947,0.0
2.781468391418457,0.0
2.83176589012146,0.0
2.838228702545166,0.0
2.822685718536377,0.0
2.709616184234619,0.0
2.5338988304138184,0.0
2.503875255584717,0.0
2.497640609741211,0.0
2.4711058139801025,0.0
2.3980276584625244,0.0
2.369706630706787,0.0
2.331089496612549,0.0
2.3076233863830566,0.0
2.2717840671539307,0.0
2.2307052612304688,0.0
2.177635908126831,0.0
2.1268303394317627,0.0
2.076547622680664,0.0
2.0287978649139404,0.0
1.985889196395874,0.0
1.9460121393203735,0.0
1.9155843257904053,0.0
1.8968993425369263,0.0
1.8807933330535889,0.0
1.8830095529556274,0.0
1.8944263458251953,0.0
1.9227287769317627,0.0
1.9527628421783447,0.0
1.991101861000061,0.0
2.033653497695923,0.0
2.0923914909362793,0.0
2.17352294921875,0.0
2.259333610534668,0.0
2.3477320671081543,0.0
2.447951555252075,0.0
2.570295572280884,0.0
2.7213168144226074,0.0
2.871151924133301,0.0
2.951215982437134,0.0
2.961653709411621,0.0
2.9217445850372314,0.0
2.843850612640381,0.0
2.7336182594299316,0.0
2.5903403759002686,0.0
2.456267833709717,0.0
2.388136625289917,0.0
2.3165273666381836,0.0
2.2487952709198,0.0
2.1769862174987793,0.0
2.1053829193115234,0.0
2.0360546112060547,0.0
1.9752308130264282,0.0
1.9084014892578125,0.0
1.8473742008209229,0.0
1.7847977876663208,0.0
1.7305715084075928,0.0
1.6788212060928345,0.0
1.6388286352157593,0.0
1.5970433950424194,0.0
1.557944655418396,0.0
1.5106525421142578,0.0
1.4652304649353027,0.0
1.420871615409851,0.0
1.392678141593933,0.0
1.3625881671905518,0.0
1.3395726680755615,0.0
1.331644892692566,0.0
1.3071069717407227,0.0
1.2908238172531128,0.0
1.2353906631469727,0.0
1.2149475812911987,0.0
1.2048321962356567,0.0
1.214678406715393,0.0
1.240290880203247,0.0
1.2589133977890015,0.0
1.2907887697219849,0.0
1.3201751708984375,0.0
1.3673102855682373,0.0
1.4282526969909668,0.0
1.4540609121322632,0.0
1.527565836906433,0.0
1.5624067783355713,0.0
1.627034306526184,0.0
1.706284761428833,0.0
1.7772191762924194,0.0
1.8709579706192017,0.0
1.9563652276992798,0.0
2.0365052223205566,0.0
2.11161732673645,0.0
2.2341017723083496,0.0
2.3611860275268555,0.0
2.4614291191101074,0.0
2.57584285736084,0.0
2.6523990631103516,0.0
2.697300434112549,0.0
2.736013889312744,0.0
2.761125087738037,0.0
2.8390989303588867,0.0
2.8517541885375977,0.0
2.8342690467834473,0.0
2.751183032989502,0.0
2.629159450531006,0.0
2.6190474033355713,0.0
2.596094846725464,0.0
2.6197493076324463,0.0
2.4753408432006836,0.0
2.418717861175537,0.0
2.3872764110565186,0.0
2.363973379135132,0.0
2.3286383152008057,0.0
2.3111379146575928,0.0
2.303938388824463,0.0
2.2977967262268066,0.0
2.2942938804626465,0.0
2.2743334770202637,0.0
2.2527925968170166,0.0
2.238067388534546,0.0
2.3016905784606934,0.0
2.372619152069092,0.0
2.4000751972198486,0.0
2.4513392448425293,0.0
2.435793161392212,0.0
2.4480180740356445,0.0
2.4815454483032227,0.0
2.577542543411255,0.0
2.6258223056793213,0.0
2.6548285484313965,0.0
2.746182918548584,0.0
2.812885284423828,0.0
2.8525609970092773,0.0
2.868858575820923,0.0
2.873417377471924,0.0
2.931720495223999,0.0
3.0074169635772705,0.0
3.0339417457580566,0.0
2.988382339477539,0.0
2.8866281509399414,0.0
2.7853426933288574,0.0
2.674954414367676,0.0
2.5204432010650635,0.0
2.378314733505249,0.0
2.294165849685669,0.0
2.2326500415802,0.0
2.1855804920196533,0.0
2.1463801860809326,0.0
2.0975160598754883,0.0
2.055187940597534,0.0
2.0097594261169434,0.0
1.9668935537338257,0.0
1.9048006534576416,0.0
1.812178134918213,0.0
1.7334938049316406,0.0
1.6731224060058594,0.0
1.616013526916504,0.0
1.5572752952575684,0.0
1.51034677028656,0.0
1.4620901346206665,0.0
1.4164814949035645,0.0
1.3618090152740479,0.0
1.3058539628982544,0.0
1.264670729637146,0.0
1.2414757013320923,0.0
1.2187062501907349,0.0
1.2016429901123047,0.0
1.1949925422668457,0.0
1.2039178609848022,0.0
1.2038122415542603,0.0
1.1977546215057373,0.0
1.198614478111267,0.0
1.2080106735229492,0.0
1.2093669176101685,0.0
1.2134801149368286,0.0
1.2663987874984741,0.0
1.312038540840149,0.0
1.3595304489135742,0.0
1.4051227569580078,0.0
1.4673131704330444,0.0
1.5363260507583618,0.0
1.5832960605621338,0.0
1.6349126100540161,0.0
1.696470856666565,0.0
1.7690813541412354,0.0
1.8645230531692505,0.0
1.999096393585205,0.0
2.1113808155059814,0.0
2.2247068881988525,0.0
2.3277745246887207,0.0
2.4214682579040527,0.0
2.510591506958008,0.0
2.5902161598205566,0.0
2.6639208793640137,0.0
2.6973729133605957,0.0
2.7406842708587646,0.0
2.8154635429382324,0.0
2.867178201675415,0.0
2.8971965312957764,0.0
2.869007110595703,0.0
2.7579636573791504,0.0
2.765981912612915,0.0
2.757549524307251,0.0
2.7784290313720703,0.0
2.6670384407043457,0.0
2.6450483798980713,0.0
2.5770602226257324,0.0
2.5165457725524902,0.0
2.446925640106201,0.0
2.3908562660217285,0.0
2.335573196411133,0.0
2.289464235305786,0.0
2.220127820968628,0.0
2.164374589920044,0.0
2.115023612976074,0.0
2.0859968662261963,0.0
2.076328992843628,0.0
2.0501272678375244,0.0
2.0210750102996826,0.0
1.9886268377304077,0.0
1.9851064682006836,0.0
1.989333152770996,0.0
2.0283992290496826,0.0
2.066680908203125,0.0
2.1046128273010254,0.0
2.1556448936462402,0.0
2.219970464706421,0.0
2.275707721710205,0.0
2.355686664581299,0.0
2.451511859893799,0.0
2.571619749069214,0.0
2.746535539627075,0.0
2.9102623462677,0.0
2.999336004257202,0.0
3.008831262588501,0.0
2.9462368488311768,0.0
2.798682689666748,0.0
2.678689479827881,0.0
2.545079469680786,0.0
2.421093702316284,0.0
2.33674955368042,0.0
2.271050453186035,0.0
2.207223653793335,0.0
2.1307973861694336,0.0
2.0558550357818604,0.0
1.9841099977493286,0.0
1.9217307567596436,0.0
1.8656694889068604,0.0
1.8077555894851685,0.0
1.7541273832321167,0.0
1.7106508016586304,0.0
1.662253499031067,0.0
1.6063088178634644,0.0
1.5511744022369385,0.0
1.5167756080627441,0.0
1.4701440334320068,0.0
1.424623727798462,0.0
1.381677508354187,0.0
1.333691120147705,0.0
1.2763242721557617,0.0
1.2192078828811646,0.0
1.1612659692764282,0.0
1.1206518411636353,0.0
1.0794817209243774,0.0
1.0610146522521973,0.0
1.0431764125823975,0.0
1.0385724306106567,0.0
1.0348310470581055,0.0
1.032405138015747,0.0
1.050689458847046,0.0
1.061450719833374,0.0
1.0931735038757324,0.0
1.1251411437988281,0.0
1.1698753833770752,0.0
1.2328200340270996,0.0
1.2954752445220947,0.0
1.3529303073883057,0.0
1.4135411977767944,0.0
1.488081693649292,0.0
1.5712512731552124,0.0
1.6701432466506958,0.0
1.7699390649795532,0.0
1.8661515712738037,0.0
1.936271071434021,0.0
2.0539374351501465,0.0
2.184959650039673,0.0
2.299889087677002,0.0
2.418224573135376,0.0
2.5158538818359375,0.0
2.574774980545044,0.0
2.6367764472961426,0.0
2.7123029232025146,0.0
2.7945199012756348,0.0
2.840729236602783,0.0
2.9074771404266357,0.0
2.8822133541107178,0.0
2.776127815246582,0.0
2.7510693073272705,0.0
2.761885404586792,0.0
2.7711474895477295,0.0
2.664687395095825,0.0
2.628880023956299,0.0
2.550318956375122,0.0
2.468609094619751,0.0
2.377636194229126,0.0
2.295933723449707,0.0
2.211280345916748,0.0
2.1310713291168213,0.0
2.0708396434783936,0.0
2.0354819297790527,0.0
2.0302484035491943,0.0
2.0264153480529785,0.0
2.0146005153656006,0.0
1.9840192794799805,0.0
1.9739665985107422,0.0
1.9782788753509521,0.0
2.0206334590911865,0.0
2.0618607997894287,0.0
2.0914158821105957,0.0
2.1408612728118896,0.0
2.203427791595459,0.0
2.306187152862549,0.0
2.427844524383545,0.0
2.522775411605835,0.0
2.6223978996276855,0.0
2.7065484523773193,0.0
2.8087470531463623,0.0
2.92667818069458,0.0
3.013978958129883,0.0
3.0223560333251953,0.0
2.9932215213775635,0.0
2.9085068702697754,0.0
2.79110050201416,0.0
2.6535491943359375,0.0
2.4952211380004883,0.0
2.3591501712799072,0.0
2.240252733230591,0.0
2.146563768386841,0.0
2.073678970336914,0.0
2.0669844150543213,0.0
2.034902572631836,0.0
1.9883062839508057,0.0
1.934610366821289,0.0
1.862644910812378,0.0
1.8061054944992065,0.0
1.673425555229187,0.0
1.6027084589004517,0.0
1.574594259262085,0.0
1.5581403970718384,0.0
1.4859693050384521,0.0
1.4193708896636963,0.0
1.3569130897521973,0.0
1.3121830224990845,0.0
1.2778856754302979,0.0
1.2396762371063232,0.0
1.204092025756836,0.0
1.1609878540039062,0.0
1.1331260204315186,0.0
1.0938513278961182,0.0
1.054620385169983,0.0
1.023166537284851,0.0
1.0100716352462769,0.0
0.9925963878631592,0.0
0.9820356369018555,0.0
0.9794126749038696,0.0
1.003063440322876,0.0
1.0340454578399658,0.0
1.0619679689407349,0.0
1.0583186149597168,0.0
1.0680816173553467,0.0
1.1598490476608276,0.0
1.3141602277755737,0.0
1.5873355865478516,0.0
1.8873887062072754,0.0
2.3081977367401123,0.0
3.0460009574890137,0.0
3.0331788063049316,0.0
2.99468994140625,0.0
2.85605788230896,0.0
2.7786402702331543,0.0
2.682119131088257,0.0
2.60364031791687,0.0
2.532501220703125,0.0
2.451732635498047,0.0
2.3789432048797607,0.0
2.3137941360473633,0.0
2.2211427688598633,0.0
2.154041290283203,0.0
2.0868282318115234,0.0
2.05826997756958,0.0
2.0162863731384277,0.0
2.0117335319519043,0.0
2.0157766342163086,0.0
2.0146312713623047,0.0
2.03537654876709,0.0
2.0699679851531982,0.0
2.118267297744751,0.0
2.1600258350372314,0.0
2.228045701980591,0.0
2.3065025806427,0.0
2.393566608428955,0.0
2.506024122238159,0.0
2.614196300506592,0.0
2.701253652572632,0.0
2.81013822555542,0.0
2.9453182220458984,0.0
3.0521693229675293,0.0
3.0929195880889893,0.0
3.0620222091674805,0.0
2.9584999084472656,0.0
2.8414177894592285,0.0
2.725501537322998,0.0
2.6033096313476562,0.0
2.4897639751434326,0.0
2.413398027420044,0.0
2.3436477184295654,0.0
2.27756929397583,0.0
2.1953163146972656,0.0
2.1324572563171387,0.0
2.0430097579956055,0.0
1.9709651470184326,0.0
1.899430274963379,0.0
1.8274351358413696,0.0
1.744643211364746,0.0
1.6820034980773926,0.0
1.6392848491668701,0.0
1.5830960273742676,0.0
1.511534333229065,0.0
1.4495453834533691,0.0
1.3937631845474243,0.0
1.3439134359359741,0.0
1.2922258377075195,0.0
1.2333543300628662,0.0
1.1849136352539062,0.0
1.1385986804962158,0.0
1.0818811655044556,0.0
1.0241117477416992,0.0
0.9852278828620911,0.0
0.9427642822265625,0.0
0.9036719799041748,0.0
0.8788881301879883,0.0
0.8739792108535767,0.0
0.8838979005813599,0.0
0.8793984055519104,0.0
0.8882942199707031,0.0
0.9304552674293518,0.0
0.960811972618103,0.0
1.0068824291229248,0.0
1.0781524181365967,0.0
1.1392039060592651,0.0
1.1995277404785156,0.0
1.2803189754486084,0.0
1.3624097108840942,0.0
1.4387620687484741,0.0
1.505401611328125,0.0
1.6231343746185303,0.0
1.8219374418258667,0.0
2.0839338302612305,0.0
2.374234199523926,0.0
2.669215440750122,0.0
3.1543757915496826,0.0
3.3423662185668945,0.0
3.43064022064209,0.0
3.4644157886505127,0.0
3.430556297302246,0.0
3.2139506340026855,0.0
2.942361354827881,0.0
2.7088706493377686,0.0
3.068662166595459,0.0
2.95432710647583,0.0
2.791638135910034,0.0
2.5903356075286865,0.0
2.004892110824585,0.0
1.997271180152893,0.0
2.0309560298919678,0.0
2.049870729446411,0.0
2.0532617568969727,0.0
2.1554880142211914,0.0
2.0482823848724365,0.0
2.083101749420166,0.0
2.1427791118621826,0.0
2.174211263656616,0.0
2.198725938796997,0.0
2.2754859924316406,0.0
2.342318534851074,0.0
2.4117443561553955,0.0
2.5154597759246826,0.0
2.627767324447632,0.0
2.7588393688201904,0.0
2.895113945007324,0.0
3.016094923019409,0.0
3.054579257965088,0.0
3.046354293823242,0.0
2.9770474433898926,0.0
2.8901748657226562,0.0
2.7876408100128174,0.0
2.6835057735443115,0.0
2.5847151279449463,0.0
2.5088958740234375,0.0
2.4391801357269287,0.0
2.359407424926758,0.0
2.2752482891082764,0.0
2.2023444175720215,0.0
2.1379103660583496,0.0
2.072469711303711,0.0
1.9764337539672852,0.0
1.9039403200149536,0.0
1.8307116031646729,0.0
1.7499216794967651,0.0
1.6821608543395996,0.0
1.6180788278579712,0.0
1.5464056730270386,0.0
1.4699612855911255,0.0
1.4063537120819092,0.0
1.3238861560821533,0.0
1.2575708627700806,0.0
1.1970887184143066,0.0
1.1537871360778809,0.0
1.1184217929840088,0.0
1.079850673675537,0.0
1.0355628728866577,0.0
0.9987286925315857,0.0
0.9740186929702759,0.0
0.9524556398391724,0.0
0.9408249258995056,0.0
0.935346782207489,0.0
0.9285885691642761,0.0
0.9446856379508972,0.0
0.9680759310722351,0.0
0.9958186149597168,0.0
1.019769549369812,0.0
1.0550740957260132,0.0
1.1033520698547363,0.0
1.150006651878357,0.0
1.208686113357544,0.0
1.2786736488342285,0.0
1.3719511032104492,0.0
1.4481027126312256,0.0
1.4251759052276611,0.0
1.4802284240722656,0.0
1.6038079261779785,0.0
1.8064489364624023,0.0
2.050393581390381,0.0
2.3033432960510254,0.0
2.523116111755371,0.0
2.7361843585968018,0.0
2.676971912384033,0.0
2.6667401790618896,0.0
2.611757755279541,0.0
2.508283853530884,0.0
2.3999927043914795,0.0
2.296847105026245,0.0
2.2383780479431152,0.0
2.1918420791625977,0.0
2.1294283866882324,0.0
2.078723192214966,0.0
2.0453975200653076,0.0
2.032318592071533,0.0
2.0556952953338623,0.0
2.0655922889709473,0.0
2.039062023162842,0.0
2.0595521926879883,0.0
2.0861740112304688,0.0
2.13742733001709,0.0
2.2143471240997314,0.0
2.30867075920105,0.0
2.298142194747925,0.0
2.3635125160217285,0.0
2.449833393096924,0.0
2.568282127380371,0.0
2.714038133621216,0.0
2.8537988662719727,0.0
2.9620471000671387,0.0
3.0374131202697754,0.0
3.060896158218384,0.0
3.0325570106506348,0.0
2.978029727935791,0.0
2.8834095001220703,0.0
2.777665615081787,0.0
2.6744654178619385,0.0
2.5713508129119873,0.0
2.4894731044769287,0.0
2.402406930923462,0.0
2.3201498985290527,0.0
2.2501633167266846,0.0
2.1684632301330566,0.0
2.100005626678467,0.0
2.025317668914795,0.0
1.9499833583831787,0.0
1.8726013898849487,0.0
1.8048958778381348,0.0
1.747573733329773,0.0
1.6898990869522095,0.0
1.6247121095657349,0.0
1.5563933849334717,0.0
1.489690899848938,0.0
1.4242494106292725,0.0
1.356911063194275,0.0
1.2931658029556274,0.0
1.231947898864746,0.0
1.1684321165084839,0.0
1.1292638778686523,0.0
1.078641653060913,0.0
1.0224608182907104,0.0
0.9682341814041138,0.0
0.9445763230323792,0.0
0.9312549233436584,0.0
0.9264697432518005,0.0
0.9315804839134216,0.0
0.9328952431678772,0.0
0.9368390440940857,0.0
0.9253646731376648,0.0
0.930449366569519,0.0
0.9684009552001953,0.0
0.9981369376182556,0.0
1.0649590492248535,0.0
1.1235977411270142,0.0
1.1876205205917358,0.0
1.273726224899292,0.0
1.351006269454956,0.0
1.427621603012085,0.0
1.5045655965805054,0.0
1.6158889532089233,0.0
1.7324116230010986,0.0
1.8458971977233887,0.0
1.9482707977294922,0.0
2.0598418712615967,0.0
2.1829025745391846,0.0
2.3081772327423096,0.0
2.4199581146240234,0.0
2.487546920776367,0.0
2.5393192768096924,0.0
2.6318655014038086,0.0
2.6996004581451416,0.0
2.9560232162475586,0.0
3.4188919067382812,0.2
4.087165355682373,1.47
5.135091781616211,2.93
6.41660737991333,4.75
7.993436813354492,8.17
9.736001014709473,9.15
11.205738067626953,11.08
13.011083602905273,13.75
14.799757957458496,15.219999999999999
16.239290237426758,16.77
17.55699348449707,18.09
18.600082397460938,19.22
19.423227310180664,20.0
20.009235382080078,20.9
20.548683166503906,20.9
20.96255111694336,21.06
21.17898941040039,21.36
21.087873458862305,21.64
20.670412063598633,21.46
20.026607513427734,21.14
19.241622924804688,19.91
18.441362380981445,18.25
17.83741569519043,18.33
17.594518661499023,18.51
17.14195442199707,18.02
16.664121627807617,17.0
16.1853084564209,16.35
15.742914199829102,15.67
15.21347713470459,15.529999999999998
14.485607147216797,14.86
13.416570663452148,14.31
12.24385929107666,11.93
10.923120498657227,10.56
9.873270988464355,9.38
8.716386795043945,7.97
7.412656784057617,6.69
6.117495536804199,5.24
4.873905181884766,3.19
3.76863694190979,1.4
2.957815408706665,0.0
2.4869911670684814,0.0
2.4265761375427246,0.0
2.401742458343506,0.0
2.335899591445923,0.0
2.2684693336486816,0.0
2.1868274211883545,0.0
2.144770860671997,0.0
2.0769922733306885,0.0
2.03574275970459,0.0
1.964087724685669,0.0
1.8892241716384888,0.0
1.8037446737289429,0.0
1.739700198173523,0.0
1.6786737442016602,0.0
1.609991192817688,0.0
1.557632327079773,0.0
1.5063564777374268,0.0
1.4478626251220703,0.0
1.382676124572754,0.0
1.3418930768966675,0.0
1.31270432472229,0.0
1.2750262022018433,0.0
1.258623480796814,0.0
1.2270044088363647,0.0
1.2013158798217773,0.0
1.1706314086914062,0.0
1.1628761291503906,0.0
1.1471105813980103,0.0
1.1404917240142822,0.0
1.150392770767212,0.0
1.1562658548355103,0.0
1.188167691230774,0.0
1.19196617603302,0.0
1.2227368354797363,0.0
1.2790850400924683,0.0
1.3417072296142578,0.0
1.4013348817825317,0.0
1.4358177185058594,0.0
1.5026369094848633,0.0
1.592361330986023,0.0
1.662858247756958,0.0
1.7437283992767334,0.0
1.8321222066879272,0.0
1.9140853881835938,0.0
2.0040905475616455,0.0
2.12204909324646,0.0
2.243358850479126,0.0
2.324467658996582,0.0
2.4082188606262207,0.0
2.5590808391571045,0.0
2.59201979637146,0.0
2.613959789276123,0.0
2.6526670455932617,0.0
2.772733688354492,0.0
2.979912281036377,0.0
3.41398549079895,0.15
4.211772918701172,1.85
5.60759162902832,3.84
7.332793712615967,6.22
9.29617691040039,8.72
11.3163423538208,11.13
13.076011657714844,13.16
14.604815483093262,15.069999999999999
15.960416793823242,16.38
17.18291664123535,17.47
18.340784072875977,18.59
19.416141510009766,19.69
20.328685760498047,20.62
20.759387969970703,21.4
20.95710563659668,21.7
21.085176467895508,21.48
21.00291633605957,21.55
21.08252716064453,21.68
21.290225982666016,21.32
21.99161148071289,22.83
22.403535842895508,22.76
22.193161010742188,21.71
22.09090232849121,22.96
22.04789924621582,22.9
21.108516693115234,22.47
19.60630989074707,18.35
18.05645179748535,19.69
17.344730377197266,19.29
16.084850311279297,16.06
14.81322956085205,13.9
14.220959663391113,13.77
13.84688663482666,14.42
13.005678176879883,12.95
11.529460906982422,12.05
9.981781005859375,9.57
8.174726486206055,7.46
6.57064962387085,5.35
5.166947364807129,3.17
4.024678707122803,1.79
3.264685869216919,0.69
2.726896286010742,0.0
2.4396274089813232,0.0
2.348320484161377,0.0
2.271249771118164,0.0
2.1929357051849365,0.0
2.1274468898773193,0.0
2.058382034301758,0.0
2.0008492469787598,0.0
1.9293607473373413,0.0
1.8591783046722412,0.0
1.809348464012146,0.0
1.7499710321426392,0.0
1.6947271823883057,0.0
1.6442723274230957,0.0
1.6011348962783813,0.0
1.5563825368881226,0.0
1.505975365638733,0.0
1.4730709791183472,0.0
1.432206153869629,0.0
1.3981845378875732,0.0
1.3704298734664917,0.0
1.3551524877548218,0.0
1.334179401397705,0.0
1.3126071691513062,0.0
1.3005986213684082,0.0
1.2939536571502686,0.0
1.2930612564086914,0.0
1.2868443727493286,0.0
1.2923290729522705,0.0
1.3108772039413452,0.0
1.3327502012252808,0.0
1.3511958122253418,0.0
1.377760410308838,0.0
1.4187370538711548,0.0
1.4421157836914062,0.0
1.498049259185791,0.0
1.5597054958343506,0.0
1.6198455095291138,0.0
1.6850260496139526,0.0
1.7455617189407349,0.0
1.8295480012893677,0.0
1.9139336347579956,0.0
1.98469877243042,0.0
2.074747085571289,0.0
2.1919686794281006,0.0
2.2911438941955566,0.0
2.403102397918701,0.0
2.5131115913391113,0.0
2.625026226043701,0.0
2.720554828643799,0.0
2.8235323429107666,0.0
2.841352939605713,0.0
2.806314706802368,0.0
2.809079647064209,0.0
2.927788019180298,0.0
3.141530990600586,0.0
3.640834093093872,0.23
4.600701808929443,1.92
6.030529499053955,4.17
7.543961524963379,6.06
9.126874923706055,8.42
10.885796546936035,10.66
12.539899826049805,12.58
14.254270553588867,14.13
15.849519729614258,15.7
17.505653381347656,17.64
19.163352966308594,19.42
20.483963012695312,20.45
21.40971565246582,21.34
22.16754722595215,21.7
22.561389923095703,23.01
22.835601806640625,22.99
22.572620391845703,22.5
22.225631713867188,22.46
21.889963150024414,22.5
21.621763229370117,21.69
21.09107208251953,21.87
20.638750076293945,20.68
20.122135162353516,20.72
19.92916488647461,20.22
19.575353622436523,20.26
19.01746368408203,18.46
18.21442413330078,18.71
17.51687240600586,18.16
16.25279998779297,16.8
14.746826171875,14.95
13.363494873046875,12.95
12.091238975524902,12.2
11.132148742675781,10.44
10.133419036865234,9.12
9.304521560668945,8.62
8.393494606018066,7.510000000000001
7.217355728149414,5.59
5.957695960998535,5.23
4.959947109222412,3.4
3.826956272125244,1.45
2.9593613147735596,0.03
2.445113182067871,0.0
2.3258655071258545,0.0
2.256096839904785,0.0
2.194467544555664,0.0
2.1329073905944824,0.0
2.064173460006714,0.0
1.9939641952514648,0.0
1.9261540174484253,0.0
1.876624584197998,0.0
1.8256473541259766,0.0
1.748986005783081,0.0
1.6842119693756104,0.0
1.6497523784637451,0.0
1.6001232862472534,0.0
1.5572901964187622,0.0
1.5148024559020996,0.0
1.4581224918365479,0.0
1.4053623676300049,0.0
1.3635609149932861,0.0
1.329037070274353,0.0
1.3034638166427612,0.0
1.2683908939361572,0.0
1.2578588724136353,0.0
1.211561918258667,0.0
1.1840498447418213,0.0
1.1816961765289307,0.0
1.1645257472991943,0.0
1.1684173345565796,0.0
1.1510099172592163,0.0
1.1565440893173218,0.0
1.1843012571334839,0.0
1.201235055923462,0.0
1.2265907526016235,0.0
1.2724475860595703,0.0
1.3196711540222168,0.0
1.3529521226882935,0.0
1.414634108543396,0.0
1.5023021697998047,0.0
1.5615161657333374,0.0
1.6601974964141846,0.0
1.7296197414398193,0.0
1.8079160451889038,0.0
1.903834581375122,0.0
1.7410192489624023,0.0
1.4544587135314941,0.0
1.417120099067688,0.0
1.818739652633667,0.0
2.788140296936035,0.0
4.480007171630859,0.0
6.97290563583374,6.38
10.174983978271484,11.13
12.096155166625977,11.93
13.067840576171875,12.96
14.25637149810791,14.43
15.610851287841797,16.04
16.93889045715332,17.3
18.14344596862793,18.49
19.25811195373535,19.35
20.173768997192383,20.35
20.964393615722656,21.01
21.290164947509766,21.63
21.457015991210938,21.69
21.058019638061523,21.54
20.521625518798828,21.07
20.001819610595703,20.76
19.513120651245117,19.55
19.053285598754883,19.86
18.989206314086914,18.12
18.63162612915039,19.3
18.45401954650879,18.83
17.474700927734375,17.59
16.446460723876953,16.91
15.37222957611084,15.75
14.197275161743164,13.62
13.009404182434082,12.57
12.054963111877441,11.18
10.90638542175293,11.08
9.838208198547363,8.61
8.490150451660156,7.55
7.36942720413208,5.68
6.171446323394775,4.69
5.182366847991943,2.94
4.2092204093933105,2.7
3.564030408859253,1.02
2.8337066173553467,0.0
2.4613893032073975,0.0
2.370943069458008,0.0
2.301661252975464,0.0
2.237680673599243,0.0
2.1693296432495117,0.0
2.1027019023895264,0.0
2.035068988800049,0.0
1.9678361415863037,0.0
1.908238410949707,0.0
1.8618109226226807,0.0
1.802974820137024,0.0
1.747375249862671,0.0
1.686181664466858,0.0
1.6269298791885376,0.0
1.5825062990188599,0.0
1.5225105285644531,0.0
1.450215220451355,0.0
1.4028501510620117,0.0
1.3345553874969482,0.0
1.2693684101104736,0.0
1.2510385513305664,0.0
1.2307963371276855,0.0
1.195878267288208,0.0
1.178419589996338,0.0
1.15565025806427,0.0
1.1447787284851074,0.0
1.13584303855896,0.0
1.1263022422790527,0.0
1.127925157546997,0.0
1.10643470287323,0.0
1.1244838237762451,0.0
1.136061191558838,0.0
1.169521450996399,0.0
1.2113378047943115,0.0
1.2457833290100098,0.0
1.2780309915542603,0.0
1.3180596828460693,0.0
1.3823394775390625,0.0
1.4382259845733643,0.0
1.524259328842163,0.0
1.382370948791504,0.0
1.3537404537200928,0.0
1.4213041067123413,0.0
1.7856316566467285,0.0
2.5403542518615723,0.0
3.8619232177734375,0.0
5.944185733795166,5.6
8.835797309875488,7.750000000000001
10.722131729125977,10.26
12.507999420166016,12.32
14.16168212890625,14.12
15.592378616333008,15.81
16.85187530517578,17.13
17.94832420349121,18.1
18.95277976989746,19.13
19.868892669677734,20.02
20.577781677246094,20.68
21.07539176940918,21.36
21.407445907592773,21.84
21.56126594543457,22.01
21.62946891784668,22.0
21.772010803222656,21.98
21.995464324951172,22.17
22.104232788085938,22.36
21.92363929748535,22.42
21.41009521484375,22.24
20.537275314331055,21.62
19.461814880371094,20.44
18.44574737548828,18.92
17.76502799987793,18.13
17.437482833862305,17.9
17.118459701538086,17.25
16.603212356567383,17.14
15.900267601013184,16.71
14.743597030639648,15.470000000000002
13.234297752380371,13.65
11.643594741821289,11.87
10.082574844360352,10.24
8.522337913513184,7.959999999999999
6.914312839508057,5.54
5.495754241943359,4.1
4.425824165344238,2.69
3.5326459407806396,1.04
2.8278515338897705,0.05
2.4667482376098633,0.0
2.36780047416687,0.0
2.304197072982788,0.0
2.230673313140869,0.0
2.1636786460876465,0.0
2.098651170730591,0.0
2.033510208129883,0.0
1.9849207401275635,0.0
1.9159044027328491,0.0
1.86387300491333,0.0
1.8158700466156006,0.0
1.7610161304473877,0.0
1.717698097229004,0.0
1.6545805931091309,0.0
1.6026227474212646,0.0
1.5447556972503662,0.0
1.5047471523284912,0.0
1.477264165878296,0.0
1.4533504247665405,0.0
1.4234422445297241,0.0
1.397139549255371,0.0
1.374946117401123,0.0
1.362847924232483,0.0
1.3415995836257935,0.0
1.3387432098388672,0.0
1.338815689086914,0.0
1.3431849479675293,0.0
1.353420615196228,0.0
1.3611092567443848,0.0
1.383437156677246,0.0
1.416487693786621,0.0
1.4497257471084595,0.0
1.4877952337265015,0.0
1.539363980293274,0.0
1.5955276489257812,0.0
1.6523985862731934,0.0
1.7026879787445068,0.0
1.7673821449279785,0.0
1.8340647220611572,0.0
1.9035581350326538,0.0
1.9876981973648071,0.0
2.0819895267486572,0.0
2.1548969745635986,0.0
2.244304895401001,0.0
2.333603620529175,0.0
2.4282243251800537,0.0
2.5404341220855713,0.0
2.6502773761749268,0.0
2.7466771602630615,0.0
2.82161021232605,0.0
2.835156202316284,0.0
2.83613920211792,0.0
2.8653640747070312,0.0
2.984438419342041,0.0
3.200448513031006,0.0
3.708569049835205,0.37
4.600112438201904,1.8900000000000001
5.972222805023193,4.09
7.684640407562256,6.4
9.561375617980957,8.72
11.435461044311523,10.92
13.160691261291504,12.89
14.828780174255371,14.75
16.330228805541992,16.45
17.6272029876709,17.74
18.70059585571289,18.84
19.598447799682617,19.68
20.378646850585938,20.54
21.10422706604004,21.15
21.699321746826172,21.78
22.107484817504883,22.24
22.3214168548584,22.53
22.424514770507812,23.0
22.416790008544922,22.96
22.123641967773438,22.54
21.846946716308594,22.21
21.615196228027344,22.23
21.32897186279297,22.2
20.91785430908203,21.58
20.300439834594727,20.85
19.689176559448242,20.78
19.076780319213867,19.68
18.258176803588867,19.03
17.616348266601562,18.4
16.957433700561523,17.36
16.18210792541504,16.63
15.191729545593262,15.48
13.940535545349121,14.45
12.561325073242188,13.38
11.026330947875977,11.24
9.23562240600586,8.71
7.49581241607666,6.2
5.9605712890625,4.99
4.7879228591918945,3.29
3.7090775966644287,1.47
2.87910795211792,0.02
2.3896491527557373,0.0
2.302161455154419,0.0
2.2284927368164062,0.0
2.15765118598938,0.0
2.102055072784424,0.0
2.0405642986297607,0.0
1.9802552461624146,0.0
1.9323680400848389,0.0
1.8751229047775269,0.0
1.8215497732162476,0.0
1.7688575983047485,0.0
1.7132362127304077,0.0
1.654278039932251,0.0
1.6000182628631592,0.0
1.5574040412902832,0.0
1.505976915359497,0.0
1.4452967643737793,0.0
1.4046826362609863,0.0
1.363478422164917,0.0
1.3407572507858276,0.0
1.3041433095932007,0.0
1.2718560695648193,0.0
1.2632732391357422,0.0
1.2511780261993408,0.0
1.2430992126464844,0.0
1.2233026027679443,0.0
1.2169846296310425,0.0
1.2045817375183105,0.0
1.2032742500305176,0.0
1.215118408203125,0.0
1.226812481880188,0.0
1.2366021871566772,0.0
1.2522026300430298,0.0
1.2815057039260864,0.0
1.316091775894165,0.0
1.3661843538284302,0.0
1.4211249351501465,0.0
1.4498571157455444,0.0
1.497206687927246,0.0
1.5742968320846558,0.0
1.6699343919754028,0.0
1.7520891427993774,0.0
1.8430131673812866,0.0
1.9499894380569458,0.0
2.0657966136932373,0.0
2.1848630905151367,0.0
2.2847046852111816,0.0
2.3823740482330322,0.0
2.485703229904175,0.0
2.569179058074951,0.0
2.6388180255889893,0.0
2.6928913593292236,0.0
2.7363553047180176,0.0
2.8404428958892822,0.0
3.0229976177215576,0.0
3.369054079055786,0.3
3.991976261138916,1.31
4.951647758483887,2.85
6.186006546020508,4.57
7.582314491271973,6.5
9.085356712341309,8.47
10.587409973144531,10.49
12.039838790893555,12.17
13.413722038269043,13.62
14.774639129638672,15.1
16.07457160949707,16.46
17.218040466308594,17.83
18.136781692504883,18.58
18.784391403198242,19.6
19.327312469482422,20.04
19.585783004760742,20.35
19.901348114013672,20.67
20.259521484375,20.97
20.699501037597656,21.4
21.093355178833008,21.79
21.391483306884766,21.85
21.519350051879883,22.38
21.473543167114258,22.13
21.093576431274414,22.09
20.62375259399414,21.34
20.025789260864258,20.85
19.451536178588867,20.14
18.77878761291504,19.39
17.997949600219727,18.57
17.118152618408203,17.96
16.136554718017578,16.82
14.971821784973145,15.24
13.698627471923828,13.86
12.374344825744629,12.37
10.949178695678711,10.92
9.369098663330078,9.03
7.678919315338135,7.0
6.080625057220459,4.82
4.695659160614014,2.89
3.615461587905884,1.31
2.8705737590789795,0.08
2.4269964694976807,0.0
2.341613292694092,0.0
2.2749974727630615,0.0
2.2101571559906006,0.0
2.151029348373413,0.0
2.0933940410614014,0.0
2.02193546295166,0.0
1.9494200944900513,0.0
1.880826711654663,0.0
1.8161178827285767,0.0
1.7523928880691528,0.0
1.6925145387649536,0.0
1.635794758796692,0.0
1.575070858001709,0.0
1.5343289375305176,0.0
1.4746609926223755,0.0
1.4271258115768433,0.0
1.3646448850631714,0.0
1.3042656183242798,0.0
1.2517162561416626,0.0
1.2249411344528198,0.0
1.1854324340820312,0.0
1.1556702852249146,0.0
1.1436409950256348,0.0
1.0951733589172363,0.0
1.0754860639572144,0.0
1.0595871210098267,0.0
1.0520412921905518,0.0
1.0449450016021729,0.0
1.054390549659729,0.0
1.047493577003479,0.0
1.0533080101013184,0.0
1.0738264322280884,0.0
1.1261969804763794,0.0
1.1911360025405884,0.0
1.2524809837341309,0.0
1.3034131526947021,0.0
1.3413344621658325,0.0
1.4176770448684692,0.0
1.5105174779891968,0.0
1.576755404472351,0.0
1.627192735671997,0.0
1.7047607898712158,0.0
1.8014373779296875,0.0
1.9245822429656982,0.0
1.8142839670181274,0.0
1.7463947534561157,0.0
1.7445460557937622,0.0
1.9495559930801392,0.0
2.5787014961242676,0.0
3.8907041549682617,0.0
6.041582107543945,5.88
9.019061088562012,8.63
11.019235610961914,10.98
12.730013847351074,12.87
14.271261215209961,14.65
15.711579322814941,16.2
17.002840042114258,17.51
18.209197998046875,18.75
19.329431533813477,19.7
20.343894958496094,20.75
21.267126083374023,21.73
22.017173767089844,22.42
22.58376693725586,23.08
23.01323127746582,23.45
23.349369049072266,23.82
23.584157943725586,23.95
23.69950294494629,24.26
23.601787567138672,24.29
23.295167922973633,24.05
22.891271591186523,23.92
22.453001022338867,23.24
21.98080825805664,22.8
21.617843627929688,22.25
21.202312469482422,22.51
20.72039031982422,21.78
19.84416389465332,20.92
18.847217559814453,19.95
17.74546241760254,18.86
16.52515411376953,17.53
15.166513442993164,16.1
13.698590278625488,14.49
12.143073081970215,12.87
10.443943977355957,10.85
8.64312744140625,8.62
6.866969108581543,6.25
5.26835823059082,3.94
3.9646809101104736,1.87
3.0260865688323975,0.24
2.4372527599334717,0.0
2.28067946434021,0.0
2.2235002517700195,0.0
2.164283037185669,0.0
2.0954113006591797,0.0
2.032907724380493,0.0
1.9691861867904663,0.0
1.9064993858337402,0.0
1.849377989768982,0.0
1.8052904605865479,0.0
1.745689868927002,0.0
1.6832189559936523,0.0
1.6268781423568726,0.0
1.5751549005508423,0.0
