Predictions,Actuals
2.6568186283111572,0.23
2.9088070392608643,0.23
3.124537944793701,0.23
3.3800811767578125,0.23
3.645648717880249,0.24
3.8672454357147217,0.24
4.2220635414123535,0.24
4.555592060089111,0.23
4.877695560455322,0.24
5.256205081939697,0.24
5.559900760650635,0.23
5.888714790344238,0.23
6.215162754058838,0.25
6.4260358810424805,0.24
6.47701358795166,0.23
6.4365153312683105,0.23
6.464930534362793,0.24
6.670280933380127,0.25
7.238044261932373,0.49
8.230499267578125,1.81
9.620600700378418,3.41
11.915873527526855,6.61
14.940326690673828,9.67
17.358762741088867,12.47
19.77761459350586,14.85
22.367015838623047,20.14
24.62073516845703,24.73
24.56100082397461,20.17
22.677040100097656,24.46
24.693464279174805,28.45
26.283729553222656,30.74
28.785133361816406,28.52
33.24652862548828,34.9
41.02663803100586,46.89999999999999
47.73211669921875,53.23
49.44066619873047,52.8
50.06583023071289,57.52
51.35103988647461,58.64
49.6375846862793,54.82
47.99985885620117,54.91
48.48576736450195,52.79
47.57125473022461,54.53
46.0009765625,52.63
43.920982360839844,49.77
40.198062896728516,49.33
35.298606872558594,45.66
31.535615921020508,41.42
31.107614517211914,46.37
32.25508499145508,44.03
32.314537048339844,36.27
35.629234313964844,49.0
43.897438049316406,50.21
45.360416412353516,50.15
45.31834030151367,51.77
42.42422866821289,51.36
37.399986267089844,48.51
30.972776412963867,39.8
24.279010772705078,21.15
19.67985725402832,20.68
19.542320251464844,22.93
18.469812393188477,24.93
15.546067237854004,15.26
11.122373580932617,12.25
8.90198040008545,9.06
7.006547927856445,6.09
5.565120697021484,5.22
4.646568298339844,4.130000000000001
3.7313947677612305,3.43
2.905454397201538,1.34
2.145486354827881,0.72
1.8593833446502686,0.34
1.710953712463379,0.34
1.7102481126785278,0.34
1.6832355260849,0.32
1.6553705930709839,0.33
1.6377754211425781,0.33
1.591221809387207,0.32
1.5606390237808228,0.33
1.5151610374450684,0.27
1.4552018642425537,0.23
1.3593196868896484,0.23
1.2844957113265991,0.24
1.2869176864624023,0.23
1.2711138725280762,0.23
1.2567082643508911,0.23
1.255794882774353,0.23
1.3167178630828857,0.23
1.3989378213882446,0.24
1.4327938556671143,0.23
1.4461737871170044,0.23
1.5046210289001465,0.23
1.5993350744247437,0.23
1.7417670488357544,0.23
1.9590238332748413,0.24
2.2202558517456055,0.23
2.574727773666382,0.23
2.8765933513641357,0.23
3.1132352352142334,0.24
3.362610101699829,0.23
3.6344032287597656,0.23
3.924525499343872,0.23
4.2229132652282715,0.23
4.48225736618042,0.24
4.790191173553467,0.23
5.109952926635742,0.24
5.375002861022949,0.24
5.709376811981201,0.23
6.073244571685791,0.23
6.389168739318848,0.24
6.570695877075195,0.23
6.749821186065674,0.24
6.949452877044678,0.23
6.734601974487305,0.25
6.392707347869873,0.22
6.249127388000488,0.81
6.989299297332764,2.38
8.953703880310059,2.68
11.785066604614258,4.62
15.622113227844238,9.65
18.98478126525879,16.94
21.639699935913086,21.6
22.502635955810547,24.81
23.012807846069336,23.39
24.567703247070312,25.23
29.22924041748047,29.15
35.14091873168945,40.16
41.21615219116211,41.12
44.36974334716797,52.0
48.27330017089844,52.59
47.6805534362793,52.9
47.6052131652832,51.9
47.673824310302734,53.47
48.112125396728516,53.55
47.95309829711914,54.75
47.35797882080078,53.71
46.056419372558594,53.63
44.67058181762695,52.8
43.349647521972656,51.47
42.23040008544922,51.48
41.31916427612305,50.31
40.08008575439453,49.99
39.49336624145508,50.14
38.97426986694336,52.02
38.053794860839844,49.17
36.975257873535156,49.41
37.7152099609375,50.48
39.41037368774414,53.04
41.59805679321289,51.51
43.36629867553711,52.44
45.71116256713867,57.1
47.26077651977539,57.82
46.16477966308594,56.44
43.181190490722656,51.93
39.15179443359375,46.96
35.335445404052734,42.57
31.809886932373047,37.77
28.537456512451172,32.58
25.208599090576172,27.86
21.65840721130371,24.65
18.056631088256836,20.9
13.978759765625,15.25
10.054098129272461,11.23
6.842649936676025,5.02
4.412695407867432,3.83
3.2754313945770264,1.96
2.4468555450439453,1.11
1.9771335124969482,0.23
1.7202215194702148,0.34
1.7035930156707764,0.33
1.632670521736145,0.33
1.5798308849334717,0.33
1.5024601221084595,0.33
1.4388483762741089,0.33
1.3992443084716797,0.32
1.4000215530395508,0.26
1.4067963361740112,0.24
1.3488585948944092,0.23
1.2762478590011597,0.23
1.2673369646072388,0.23
1.3339545726776123,0.22
1.3724128007888794,0.23
1.4341247081756592,0.23
1.5464484691619873,0.23
1.6363365650177002,0.24
1.7512586116790771,0.22
1.859227180480957,0.23
1.9553831815719604,0.23
2.1227877140045166,0.24
2.2968902587890625,0.23
2.446491003036499,0.23
2.6530518531799316,0.23
2.808718681335449,0.23
3.00620698928833,0.24
3.249368190765381,0.22
3.4956679344177246,0.24
3.7425200939178467,0.23
4.0387420654296875,0.23
4.307949066162109,0.23
4.595458030700684,0.24
4.934161186218262,0.23
5.28834867477417,0.23
5.611963272094727,0.23
5.888647079467773,0.23
5.967953681945801,0.24
6.054906845092773,0.23
6.205776691436768,0.23
6.408333778381348,0.24
6.5317864418029785,0.23
6.317266464233398,0.25
6.40485143661499,0.22
7.642986297607422,0.91
9.128345489501953,2.34
10.228407859802246,3.77
12.159749031066895,7.82
14.034929275512695,15.27
16.51805877685547,15.79
17.9805850982666,14.78
21.123313903808594,21.31
26.39638900756836,31.48
33.75624465942383,35.61
38.436668395996094,43.94
42.9549560546875,42.1
46.71795654296875,52.93
52.47707748413086,58.28
53.62666702270508,63.21
53.43103790283203,47.89
52.00182342529297,60.94
55.831146240234375,60.61
54.72343063354492,59.64
53.2855110168457,57.73
51.18468475341797,57.93
48.510169982910156,55.94
45.19593048095703,52.599999999999994
42.152217864990234,49.19
39.736534118652344,48.1
38.31683349609375,46.59
36.6678581237793,45.28
36.292232513427734,45.92
36.149967193603516,45.14
36.477779388427734,44.44
38.56819152832031,44.5
41.26573944091797,46.81
43.40080261230469,46.36
42.36302185058594,46.09
39.917198181152344,47.42
33.92854690551758,37.95
25.366546630859375,29.72
18.175586700439453,19.86
12.218550682067871,14.27
9.089102745056152,8.98
7.496750354766846,6.51
7.337808609008789,8.01
7.943850040435791,7.83
8.201386451721191,9.3
8.375922203063965,9.35
7.875945568084717,7.56
7.082274913787842,6.78
6.390110969543457,6.99
5.5234599113464355,5.01
4.181320667266846,3.53
3.1205639839172363,2.4
2.3317832946777344,1.17
1.7487194538116455,0.17
1.4940470457077026,0.33
1.4658547639846802,0.33
1.4139081239700317,0.34
1.354138731956482,0.32
1.2550404071807861,0.32
1.154424786567688,0.33
1.0727152824401855,0.32
1.0191680192947388,0.26
1.0405827760696411,0.23
1.0804411172866821,0.23
1.095147967338562,0.24
1.11850905418396,0.23
1.0889195203781128,0.24
1.0919647216796875,0.23
1.18569815158844,0.23
1.2871443033218384,0.23
1.3552709817886353,0.24
1.4433218240737915,0.23
1.565126895904541,0.24
1.679890513420105,0.22
1.7724679708480835,0.24
1.8308727741241455,0.23
1.8683135509490967,0.23
2.093684673309326,0.24
2.36788272857666,0.23
2.6535425186157227,0.23
2.9153730869293213,0.23
3.1816906929016113,0.24
3.522033452987671,0.24
3.7981679439544678,0.23
4.122109889984131,0.22
4.4876017570495605,0.23
4.7928667068481445,0.24
5.087756633758545,0.24
5.356012344360352,0.24
5.65148401260376,0.23
5.916182518005371,0.24
6.22465181350708,0.23
6.432839393615723,0.23
6.571542739868164,0.24
6.536834716796875,0.23
6.641687393188477,0.24
6.990461349487305,0.24
7.605796813964844,0.31
8.612038612365723,1.45
9.459813117980957,3.59
11.051868438720703,5.91
13.23305606842041,7.31
15.196829795837402,9.38
16.49866485595703,11.56
16.94268226623535,13.11
17.56501007080078,23.78
21.063007354736328,19.99
22.48235321044922,18.21
28.003284454345703,22.34
35.117252349853516,35.0
40.8719482421875,44.89
41.56911087036133,46.57
39.10100173950195,35.79
36.51784896850586,43.54
37.5772705078125,37.31
35.97916793823242,39.61
36.427330017089844,39.02
35.88565444946289,43.74
36.32404327392578,40.739999999999995
35.21781539916992,42.36
34.988739013671875,41.86
33.580081939697266,39.73
31.47752571105957,39.68
30.06601333618164,39.37
28.280517578125,37.84
26.729084014892578,35.55
25.484603881835938,34.54
24.949907302856445,35.24
24.83677864074707,36.18
24.15046501159668,34.66
23.26364517211914,36.14
24.294992446899414,35.44
26.880107879638672,36.83
32.60761260986328,39.34
37.105533599853516,41.06
39.07962417602539,44.34
39.1599235534668,49.72
35.92394256591797,45.6
29.370098114013672,35.79
22.43002700805664,18.46
17.491872787475586,20.45
16.521480560302734,20.68
14.161236763000488,14.47
10.902606964111328,10.93
8.592460632324219,9.39
6.670782566070557,5.79
4.754819393157959,3.49
3.5106656551361084,2.81
2.7378406524658203,0.91
2.046180486679077,0.27
1.8257577419281006,0.33
1.7518324851989746,0.33
1.6538101434707642,0.32
1.5820688009262085,0.32
1.5087882280349731,0.33
1.4610636234283447,0.32
1.39518404006958,0.33
1.2953249216079712,0.25
1.2681524753570557,0.23
1.2409123182296753,0.23
1.258436679840088,0.24
1.3423206806182861,0.22
1.4318872690200806,0.23
1.5217909812927246,0.23
1.6211992502212524,0.23
1.7061975002288818,0.23
1.8232842683792114,0.23
1.6607059240341187,0.24
1.2926453351974487,0.23
1.4315608739852905,0.23
1.5771493911743164,0.24
1.9128506183624268,0.24
2.2605690956115723,0.24
2.390928030014038,0.23
2.5581252574920654,0.23
2.725490093231201,0.24
2.9578518867492676,0.24
3.2049977779388428,0.23
3.511449098587036,0.24
3.872082471847534,0.23
4.19649600982666,0.24
4.4355082511901855,0.23
4.736194610595703,0.24
4.986435413360596,0.23
5.309572219848633,0.24
5.641071319580078,0.24
5.943739414215088,0.23
6.257262706756592,0.23
6.530718803405762,0.24
6.479605197906494,0.23
6.557546138763428,0.23
6.950134754180908,0.25
7.3424458503723145,0.24
7.491292953491211,0.23
7.710923194885254,0.34
8.66464614868164,5.41
8.715066909790039,3.46
8.225383758544922,4.16
8.814209938049316,6.64
12.400839805603027,14.62
18.5506534576416,18.68
26.182519912719727,20.08
35.316532135009766,40.34
45.211944580078125,42.37
48.55556869506836,56.44
50.84524154663086,54.57
48.16846466064453,52.2
46.24645233154297,50.42
46.20524978637695,51.15
46.64466857910156,52.09
49.4879035949707,55.58
51.00220489501953,54.4
48.201904296875,52.83
44.50798416137695,51.75
42.130149841308594,51.51
40.04625701904297,49.72
38.84916687011719,41.16
37.31950378417969,46.42
36.59676742553711,44.5
32.85980224609375,47.53
31.34630584716797,41.65
29.648160934448242,42.72
31.3447265625,40.07
33.508949279785156,45.65
35.31878662109375,47.32
35.283042907714844,48.5
35.76435089111328,49.01
35.92013168334961,48.5
37.41395950317383,50.03
41.19815444946289,48.61
43.97468948364258,50.72
45.983062744140625,50.74
45.20689010620117,53.84
43.34283447265625,53.28
37.976505279541016,47.980000000000004
30.936002731323242,34.11
24.432228088378906,24.49
21.112199783325195,26.59
19.52022933959961,23.95
16.296236038208008,13.65
12.587861061096191,15.06
10.786011695861816,12.31
7.822716236114502,7.07
5.022842884063721,4.09
3.2541725635528564,2.01
2.1326491832733154,0.46
1.5069397687911987,0.35
1.3416697978973389,0.33
1.2143466472625732,0.34
1.2089918851852417,0.33
1.1616145372390747,0.33
1.1512154340744019,0.33
1.1576472520828247,0.32
1.112576961517334,0.27
1.0436691045761108,0.23
1.039035439491272,0.24
1.0672738552093506,0.23
1.0985181331634521,0.23
1.0935856103897095,0.22
1.086485505104065,0.24
1.079882264137268,0.23
1.1461153030395508,0.24
1.2567983865737915,0.23
1.331475019454956,0.23
1.4978501796722412,0.23
1.5130853652954102,0.23
1.7295571565628052,0.22
1.853729009628296,0.24
2.074749708175659,0.23
2.2338690757751465,0.23
2.562561511993408,0.23
2.8647685050964355,0.24
3.093132972717285,0.22
3.3020269870758057,0.23
3.5245306491851807,0.23
3.9220480918884277,0.24
4.247549057006836,0.24
4.547901153564453,0.23
4.887924671173096,0.23
5.287859916687012,0.25
5.608885765075684,0.24
5.902247905731201,0.24
6.095836639404297,0.25
6.253148555755615,0.24
6.358356952667236,0.23
6.369754791259766,0.23
6.232109546661377,0.23
6.154577732086182,0.25
6.247403621673584,0.21
6.719274044036865,1.1
7.747708797454834,2.87
9.050070762634277,4.97
11.197955131530762,8.3
14.750312805175781,13.11
19.854389190673828,19.059999999999995
26.21394157409668,25.67
32.575653076171875,32.61
38.37974166870117,39.49
42.363216400146484,46.2
44.480682373046875,48.78
44.403926849365234,48.29
43.458621978759766,46.31
42.861934661865234,47.72
43.12155532836914,47.13
43.035213470458984,49.19
43.557559967041016,49.08
43.50165939331055,49.22
43.356773376464844,50.16
43.12467956542969,50.15
42.32421875,49.57
41.41880416870117,50.5
40.22991180419922,48.209999999999994
38.43173599243164,47.2
37.23455047607422,47.36
36.16515350341797,45.87
34.89197540283203,45.73
34.22187042236328,44.16
33.76722717285156,45.03
34.18737030029297,46.03
34.579742431640625,45.94
34.9470100402832,46.81
35.58009338378906,47.79
36.18037796020508,48.19
36.77849197387695,49.35
37.64481735229492,49.36
39.16469192504883,50.18
41.50520706176758,50.67
43.880584716796875,51.73
45.58360290527344,52.5
45.85139083862305,52.88
44.23028564453125,52.36
40.47267150878906,46.67
34.67422103881836,39.47
28.475738525390625,32.62
22.624025344848633,26.15
17.28543472290039,19.48
12.668837547302246,13.31
8.819199562072754,8.11
5.934750556945801,4.65
4.09511661529541,2.83
2.9478678703308105,1.61
2.203469753265381,0.44
1.7499732971191406,0.31
1.6182169914245605,0.33
1.5356289148330688,0.33
1.4988676309585571,0.34
1.4599575996398926,0.32
1.3412396907806396,0.32
1.3352704048156738,0.33
1.3202623128890991,0.23
1.2557086944580078,0.22
1.2068063020706177,0.23
1.1583828926086426,0.23
1.2113368511199951,0.24
1.3189992904663086,0.23
1.3975565433502197,0.23
1.5038833618164062,0.23
1.5871920585632324,0.23
1.6516482830047607,0.23
1.6078338623046875,0.24
1.6460011005401611,0.23
1.8773406744003296,0.23
2.2196919918060303,0.23
2.3299880027770996,0.23
2.480926990509033,0.24
2.5577802658081055,0.22
2.829125165939331,0.24
3.1142001152038574,0.23
3.412625312805176,0.23
3.6626369953155518,0.23
3.921494722366333,0.24
4.137099266052246,0.24
4.306943893432617,0.24
4.590719223022461,0.24
4.592285633087158,0.23
4.894477367401123,0.24
5.321528911590576,0.23
5.6320624351501465,0.23
5.952291965484619,0.24
6.187807559967041,0.23
6.390124797821045,0.24
6.459900856018066,0.24
6.328047752380371,0.24
6.062543869018555,0.23
6.106480598449707,0.2
6.549370765686035,1.14
7.501379013061523,2.6
9.03096866607666,4.6
11.204535484313965,8.06
14.328944206237793,13.08
18.559185028076172,19.24
25.123332977294922,25.91
32.26112747192383,32.86
38.71765899658203,39.87
43.85226821899414,46.92
47.553184509277344,53.83
50.44268035888672,59.66
51.434471130371094,52.61
51.521121978759766,53.8
54.43212890625,58.83
57.109046936035156,63.97
57.55315399169922,65.52
55.349613189697266,60.13
52.2191162109375,60.12
50.364078521728516,56.98
48.191165924072266,56.82
46.63503646850586,54.36999999999999
44.61689758300781,52.87
55.64086151123047,53.42
58.55128860473633,51.2
53.18393325805664,50.73
46.237518310546875,49.12
39.23780059814453,49.3
34.80741500854492,49.12
33.461666107177734,49.49
43.329315185546875,48.86
42.7615966796875,48.47
35.91314697265625,49.41
37.91545104980469,50.84
39.70133972167969,51.97
42.31543731689453,54.49
45.458736419677734,55.82
48.180076599121094,56.43
50.17223358154297,57.81
50.9892692565918,60.88
49.518165588378906,57.97
45.163734436035156,51.71
39.55000305175781,45.37
33.74821090698242,38.87
27.805570602416992,32.14
22.153045654296875,24.29
16.976404190063477,18.86
12.731388092041016,12.66
9.145636558532715,8.47
6.569046974182129,5.42
4.707294464111328,3.38
3.392796516418457,1.71
2.508713483810425,0.36
2.0342772006988525,0.34
1.9139039516448975,0.32
1.8335950374603271,0.34
1.7563668489456177,0.32
1.6148748397827148,0.35
1.5427557229995728,0.33
1.506539225578308,0.34
1.581627607345581,0.23
1.6135189533233643,0.24
1.643905520439148,0.24
1.7128502130508423,0.23
1.6873548030853271,0.24
1.7690410614013672,0.24
1.7782169580459595,0.24
1.8114954233169556,0.22
1.7919491529464722,0.23
1.8597677946090698,0.24
1.954010009765625,0.24
1.9412487745285034,0.23
1.8835982084274292,0.22
2.030963897705078,0.24
2.184277057647705,0.24
2.394296884536743,0.24
2.6031486988067627,0.23
2.8419370651245117,0.25
3.0494022369384766,0.23
3.298030138015747,0.24
3.5742878913879395,0.24
3.8420724868774414,0.24
4.210398197174072,0.23
4.499344825744629,0.23
4.786585807800293,0.24
5.063032150268555,0.24
5.406004428863525,0.24
5.6696553230285645,0.24
5.845339298248291,0.23
6.2171502113342285,0.24
6.483869552612305,0.23
6.546780586242676,0.23
6.606856346130371,0.23
6.658817768096924,0.22
6.664170265197754,0.25
6.728372097015381,0.17
7.291934013366699,1.13
8.347601890563965,2.9700000000000006
9.928855895996094,5.23
11.969773292541504,8.38
15.247751235961914,12.75
19.892547607421875,18.19
25.068857192993164,24.45
29.863561630249023,30.95
34.40932083129883,37.74
38.74578857421875,44.3
42.859336853027344,45.88
45.93981170654297,46.58
49.02074432373047,51.25
52.23566818237305,58.98
53.45193862915039,60.49
52.02386474609375,59.03
50.14522933959961,54.72
49.361602783203125,54.36
50.00410842895508,57.06
50.86124038696289,56.95
50.541385650634766,58.43
49.37144088745117,57.33
46.778751373291016,56.11
44.052188873291016,51.92
41.25360870361328,51.9
39.18885040283203,48.89
37.00874710083008,46.34
35.850372314453125,46.44
35.38022232055664,47.15
35.0893669128418,45.55
34.89869689941406,45.15
34.80756378173828,47.12
34.65045928955078,47.15
33.311683654785156,46.34
32.1680908203125,46.89999999999999
32.4915657043457,44.73
33.923728942871094,42.63
37.27764129638672,46.19
41.79167556762695,48.11
45.080360412597656,53.39
46.096153259277344,55.05
43.65813064575195,50.13
38.71949005126953,44.88
33.0954475402832,38.43
27.134408950805664,31.45
21.36220359802246,22.61
16.29021644592285,18.48
12.491728782653809,12.45
8.830061912536621,8.18
6.207198143005371,5.25
4.38712739944458,3.15
3.1506619453430176,1.48
2.3613288402557373,0.27
1.9605456590652466,0.35
1.9181945323944092,0.33
1.859976053237915,0.34
1.7616034746170044,0.32
1.7036817073822021,0.34
1.6525607109069824,0.33
1.6614842414855957,0.34
1.7328561544418335,0.23
1.8067283630371094,0.23
1.911553144454956,0.24
1.9148236513137817,0.23
1.9048324823379517,0.24
1.927383542060852,0.24
1.928916096687317,0.23
1.7416067123413086,0.23
1.7675234079360962,0.23
1.8952805995941162,0.23
2.01265025138855,0.23
2.1196987628936768,0.24
2.2889740467071533,0.24
2.4960803985595703,0.23
2.7257986068725586,0.23
2.925398826599121,0.22
3.138033390045166,0.24
3.3689658641815186,0.24
3.58246111869812,0.24
3.8291404247283936,0.24
4.078907489776611,0.23
4.269037246704102,0.24
4.4576215744018555,0.24
4.680276870727539,0.24
4.899064540863037,0.24
5.145650386810303,0.24
5.451845169067383,0.24
5.754411697387695,0.24
6.026896953582764,0.23
6.30214786529541,0.23
6.560515403747559,0.23
6.717715263366699,0.23
6.745998859405518,0.23
6.864757061004639,0.24
7.174161911010742,0.24
7.722321510314941,0.24
8.43088150024414,0.31
9.088606834411621,2.53
10.101763725280762,5.07
11.31096076965332,6.2
13.364027976989746,7.36
15.586638450622559,9.14
16.441537857055664,13.1
18.122194290161133,20.48
22.904787063598633,24.19
27.928850173950195,26.08
32.55216979980469,21.909999999999997
35.2953987121582,33.56
41.09623718261719,53.67
43.6051139831543,50.86
39.47515869140625,37.97
37.43510437011719,34.48
38.607276916503906,40.81
41.21821212768555,60.66
42.70033264160156,52.32
39.69135665893555,45.8
44.578025817871094,48.82
54.495121002197266,53.33
60.43061828613281,74.05
65.02288055419922,73.58
60.71257019042969,71.92
56.30479431152344,71.16
51.992515563964844,56.11
48.439613342285156,57.67
52.662349700927734,66.56
56.10858154296875,65.83
59.536441802978516,65.1
60.69548797607422,64.81
60.41725158691406,67.85
57.855533599853516,67.15
51.10440444946289,61.89
41.669212341308594,44.89
32.53664016723633,31.67
27.749296188354492,37.6
25.50907325744629,25.77
20.24220848083496,20.06
17.403348922729492,19.1
15.204238891601562,17.88
12.364296913146973,11.71
9.132983207702637,9.89
7.15899133682251,6.0
5.253742694854736,4.44
4.163415908813477,3.65
3.299205780029297,1.65
2.5130162239074707,1.2
2.2951695919036865,1.18
2.134570837020874,0.42
1.9742019176483154,0.33
1.9426374435424805,0.34
1.9384698867797852,0.32
1.8716464042663574,0.33
1.7758933305740356,0.33
1.4339420795440674,0.33
1.2669490575790405,0.33
1.0944956541061401,0.33
1.0591745376586914,0.27
0.9146006107330322,0.23
0.878869891166687,0.22
0.8029529452323914,0.24
0.8264709115028381,0.23
1.020106554031372,0.23
1.2511239051818848,0.23
1.218338131904602,0.23
1.1816630363464355,0.24
1.1349297761917114,0.24
1.0759518146514893,0.23
1.0539385080337524,0.23
1.1824951171875,0.23
1.4090526103973389,0.23
1.7168257236480713,0.23
1.9514992237091064,0.23
2.104844093322754,0.23
2.2905001640319824,0.23
2.517934560775757,0.22
2.6451776027679443,0.24
2.9557676315307617,0.24
3.263432264328003,0.24
3.6401121616363525,0.24
4.005203723907471,0.23
4.37056303024292,0.23
4.725367069244385,0.24
4.975046634674072,0.23
5.256807327270508,0.23
5.558189868927002,0.24
5.661592960357666,0.24
5.912407398223877,0.23
6.099104881286621,0.23
6.424473762512207,0.23
6.631378173828125,0.24
6.665399074554443,0.23
6.729520320892334,0.25
6.696322917938232,0.25
6.865912914276123,0.23
6.72485876083374,0.01
6.767667770385742,0.98
7.55390739440918,2.88
9.517477035522461,3.88
13.634052276611328,7.81
18.649410247802734,7.94
23.32993507385254,18.27
27.259246826171875,24.7
24.762128829956055,30.09
23.247840881347656,27.05
21.291624069213867,20.74
22.439960479736328,23.01
26.920080184936523,22.82
34.558616638183594,38.31
43.1909294128418,63.44
47.04517364501953,39.19
44.9290771484375,52.33
54.743953704833984,61.5
58.473411560058594,65.05
56.96974563598633,58.71
54.96162796020508,64.12
53.93522262573242,63.06
51.17503356933594,55.91
49.69114685058594,58.77
50.84370422363281,58.67
49.803279876708984,58.59
47.85700988769531,54.8
45.54325866699219,55.06
45.453025817871094,54.24
41.107582092285156,49.34
41.17487335205078,53.64
43.01441192626953,53.09
43.70392990112305,49.81
43.426910400390625,47.25
43.416099548339844,46.36
42.08421325683594,57.62
37.85909652709961,38.95
29.173322677612305,32.82
24.236873626708984,26.54
20.10761070251465,22.57
16.26815414428711,16.14
12.88377571105957,14.99
10.599348068237305,10.68
8.190583229064941,7.92
6.694131374359131,5.44
5.669414520263672,5.21
5.022792339324951,4.26
4.1723246574401855,3.09
3.3425540924072266,2.68
2.64485239982605,1.23
1.9590137004852295,0.24
1.6136283874511719,0.25
1.5541553497314453,0.33
1.480070948600769,0.32
1.3780940771102905,0.32
1.3117388486862183,0.32
1.2501815557479858,0.32
1.2245254516601562,0.32
1.17677903175354,0.27
1.1884857416152954,0.23
1.2650913000106812,0.22
1.3362356424331665,0.24
1.406787633895874,0.23
1.45566725730896,0.23
1.453306794166565,0.23
1.4429808855056763,0.23
1.308194875717163,0.23
1.1903008222579956,0.23
1.1537554264068604,0.24
1.238200306892395,0.23
1.3255168199539185,0.23
1.4951832294464111,0.24
1.6522197723388672,0.22
1.7507355213165283,0.21
1.9303483963012695,0.24
2.166257858276367,0.24
2.4014511108398438,0.24
2.625119686126709,0.23
2.8276281356811523,0.23
3.1026504039764404,0.22
3.3924243450164795,0.23
3.6057872772216797,0.25
3.948230028152466,0.23
4.217453479766846,0.24
4.430008411407471,0.24
4.679211616516113,0.23
4.974545001983643,0.24
5.315654277801514,0.23
5.549787998199463,0.23
5.778637886047363,0.23
6.166528224945068,0.23
6.582096099853516,0.24
6.801188945770264,0.24
7.015276908874512,0.23
7.281652450561523,0.25
7.525254249572754,0.24
7.858275890350342,0.37
8.44111442565918,1.38
9.412089347839355,2.08
10.538022994995117,2.72
11.964363098144531,3.77
13.803587913513184,6.29
15.418570518493652,8.57
15.937807083129883,9.69
15.159067153930664,9.35
12.932310104370117,10.08
11.229083061218262,8.16
10.635042190551758,6.44
13.874947547912598,7.32
19.72822380065918,11.25
25.730270385742188,17.23
28.94830322265625,31.76
28.622909545898438,30.0
23.90177345275879,31.58
20.402633666992188,18.16
17.884851455688477,15.04
21.543087005615234,17.44
25.599353790283203,32.54
29.194744110107422,40.38
28.598663330078125,32.29
26.4874210357666,39.5
30.276960372924805,32.88
32.966102600097656,40.9
39.84672927856445,52.97
42.18480682373047,53.24
40.96991729736328,52.63
42.0843505859375,52.92
41.84316635131836,55.21
42.5140266418457,53.75
43.8993034362793,56.55
45.142234802246094,58.01
45.26866149902344,57.62
46.241844177246094,53.3
49.06085968017578,61.54
50.73736572265625,59.4
48.86064529418945,49.84
45.78138732910156,57.81
43.40690994262695,48.25
35.63121032714844,42.31
28.332359313964844,29.26
21.052480697631836,25.59
16.203227996826172,15.64
11.258988380432129,11.6
8.240986824035645,6.39
5.812650680541992,6.16
4.498264789581299,3.86
2.988889455795288,1.49
1.9484782218933105,0.26
1.5398224592208862,0.33
1.4887460470199585,0.32
1.4068301916122437,0.32
1.314003825187683,0.32
1.2116540670394897,0.34
1.1146798133850098,0.32
1.0597862005233765,0.3
1.0286121368408203,0.25
0.9860926270484924,0.24
0.9708264470100403,0.25
0.941892683506012,0.24
0.9489952325820923,0.24
0.9344690442085266,0.24
0.9529871940612793,0.23
1.0139905214309692,0.24
1.0260299444198608,0.23
1.0224616527557373,0.23
1.098097324371338,0.23
1.1955969333648682,0.23
1.2926042079925537,0.23
1.3995513916015625,0.23
1.580644965171814,0.23
1.6951242685317993,0.25
1.8589818477630615,0.23
2.0733890533447266,0.25
2.2880916595458984,0.24
2.5078351497650146,0.24
2.7371160984039307,0.24
3.062802314758301,0.23
3.3104007244110107,0.24
3.6159422397613525,0.24
3.9217417240142822,0.25
4.283283710479736,0.24
4.602043628692627,0.24
4.933467864990234,0.23
5.280505180358887,0.23
5.623119354248047,0.23
5.940135955810547,0.24
6.128617763519287,0.25
6.196847915649414,0.24
6.301748752593994,0.24
6.619882106781006,0.25
6.762020587921143,0.21
6.707702159881592,1.04
7.106503009796143,2.52
8.154983520507812,4.58
9.984893798828125,6.69
12.694198608398438,7.65
16.87624168395996,16.72
23.22785758972168,25.25
29.653627395629883,32.08
36.30631637573242,37.88
42.78688430786133,44.68
49.066871643066406,51.31
53.745487213134766,57.72
56.44953536987305,62.79
56.880516052246094,60.57
55.628108978271484,59.7
55.2706298828125,60.95
55.31580352783203,59.57
54.57135772705078,59.93
53.50167465209961,59.91
52.01319885253906,58.61
50.376564025878906,57.93
48.645851135253906,55.84
46.527320861816406,52.53
44.62152099609375,52.02
43.14251708984375,54.06
41.4328498840332,51.4
38.51659393310547,47.72
36.4699821472168,46.88
35.98506164550781,46.8
35.71866226196289,46.99
35.878902435302734,48.22
36.355491638183594,48.09
37.03892517089844,50.02
37.813392639160156,50.75
39.23161315917969,50.29
41.597259521484375,53.03
44.43812942504883,53.76
46.418365478515625,54.54
47.37239456176758,54.56
46.909759521484375,56.96
44.62977600097656,51.63
39.73056411743164,44.35
34.681949615478516,39.97
29.912540435791016,33.44
24.825992584228516,28.0
20.18866539001465,21.99
15.811640739440918,16.51
11.95224666595459,12.15
8.74804973602295,7.65
6.0898637771606445,5.49
4.406626224517822,3.05
3.031205654144287,1.16
2.2201504707336426,0.25
1.872301697731018,0.33
1.7834341526031494,0.34
1.6384906768798828,0.34
1.5446275472640991,0.33
1.4978947639465332,0.32
1.4591172933578491,0.33
1.421912431716919,0.3
1.3141273260116577,0.23
1.2751436233520508,0.23
1.1710498332977295,0.24
1.2115063667297363,0.24
1.0535253286361694,0.24
1.018644094467163,0.23
1.0920814275741577,0.24
1.2199164628982544,0.24
1.2759727239608765,0.23
1.2633929252624512,0.24
1.4486116170883179,0.24
1.5091882944107056,0.24
1.6618067026138306,0.24
1.7791743278503418,0.23
1.9281327724456787,0.23
2.0832059383392334,0.24
2.2580270767211914,0.24
2.478013515472412,0.24
2.6805825233459473,0.24
2.951697587966919,0.23
3.1880075931549072,0.24
3.4775032997131348,0.25
3.769129514694214,0.23
4.075612545013428,0.24
4.377134799957275,0.24
4.687486171722412,0.24
5.00101900100708,0.23
5.323782920837402,0.24
5.66517448425293,0.24
5.997779369354248,0.23
6.3002238273620605,0.24
6.4705681800842285,0.25
6.498286724090576,0.24
6.411876201629639,0.24
6.4148712158203125,0.25
6.484959602355957,0.25
7.151218891143799,0.62
8.140180587768555,2.54
9.71794605255127,5.14
11.791428565979004,8.49
14.47368335723877,12.79
17.914752960205078,18.11
22.332305908203125,20.64
27.235107421875,30.93
34.12784194946289,37.86
40.91815948486328,44.32
47.43523025512695,50.34
53.238956451416016,56.66
57.662723541259766,60.87
60.116851806640625,66.94
60.8511962890625,67.61
59.2773323059082,63.39
57.47715377807617,63.72
57.148094177246094,63.54
56.77388000488281,63.51
56.272789001464844,63.55
55.631038665771484,63.34
54.73685073852539,63.46
53.66917037963867,63.11
52.19122314453125,62.04
50.91021728515625,60.75
49.822914123535156,60.08
48.91551208496094,59.35
48.32661056518555,59.28
47.668800354003906,58.54
46.795963287353516,58.5
45.669063568115234,56.39
44.026817321777344,56.11
42.612030029296875,56.2
40.7852783203125,53.62
39.886016845703125,53.37
40.814720153808594,51.58
42.62413787841797,51.49
45.40338134765625,53.28
47.93924331665039,55.27
48.72871398925781,58.95
47.007381439208984,53.77
42.240631103515625,48.08
36.889156341552734,41.92
31.401092529296875,35.55
25.932903289794922,29.04
20.858366012573242,22.99
16.308822631835938,17.19
12.248164176940918,12.21
8.90529727935791,8.32
6.358312606811523,5.38
4.469309329986572,2.94
3.108402729034424,1.03
2.3078255653381348,0.26
1.9963011741638184,0.33
1.898586630821228,0.34
1.7829269170761108,0.33
1.6858031749725342,0.34
1.5505852699279785,0.31
1.4810070991516113,0.33
1.42412269115448,0.29
1.3803120851516724,0.23
1.3576135635375977,0.23
1.3548792600631714,0.24
1.357002854347229,0.23
1.3447948694229126,0.23
1.3847147226333618,0.24
1.4020516872406006,0.23
1.4832260608673096,0.23
1.6019991636276245,0.24
1.6828999519348145,0.23
1.7909756898880005,0.24
1.9186114072799683,0.24
2.0956168174743652,0.24
2.2202444076538086,0.24
2.355543613433838,0.22
2.5635952949523926,0.23
2.7275795936584473,0.23
2.9130947589874268,0.24
3.137972831726074,0.23
3.437384605407715,0.23
3.758791208267212,0.23
4.042263984680176,0.23
4.247615814208984,0.23
4.489261150360107,0.24
4.823077201843262,0.24
5.0200090408325195,0.23
5.292670726776123,0.23
5.639886379241943,0.23
5.915918350219727,0.24
6.215324878692627,0.23
6.513096809387207,0.24
6.64975118637085,0.23
6.700700283050537,0.23
6.717484951019287,0.24
6.734280586242676,0.24
6.773951530456543,0.24
7.019510746002197,0.71
8.149312973022461,2.69
10.01031494140625,5.24
12.377944946289062,8.49
16.21368408203125,12.76
20.6124324798584,18.0
25.67066764831543,23.73
30.61553955078125,30.12
34.4708137512207,36.65
37.22050476074219,42.99
38.7951545715332,40.77
39.31551742553711,44.39
42.00571060180664,44.81
44.37328338623047,47.48
47.33507537841797,53.77
49.89143753051758,55.63
50.62374496459961,56.33
50.77780532836914,57.67
50.6526985168457,56.11
49.97064971923828,57.21
49.511226654052734,57.33
48.14889144897461,56.23
46.46310806274414,54.87
44.790321350097656,53.21
43.025123596191406,52.3
41.40650177001953,50.98
40.071231842041016,49.62
38.91777801513672,49.75
37.605506896972656,48.13
35.913875579833984,46.71
34.39841079711914,46.78
33.62800979614258,47.09
33.0557746887207,44.39
32.84759521484375,44.19
34.365291595458984,46.95
37.371246337890625,48.68
40.580360412597656,51.63
43.792484283447266,51.64
46.016319274902344,53.07
47.421104431152344,55.11
46.78961181640625,54.67
43.514713287353516,49.27
38.161556243896484,43.21
32.45103454589844,36.49
26.720090866088867,29.89
21.321392059326172,23.07
16.37771224975586,16.78
12.195525169372559,11.98
8.895036697387695,8.15
6.347956657409668,5.14
4.424939155578613,2.75
3.132741689682007,0.86
2.4794654846191406,0.28
2.21049165725708,0.32
2.1155295372009277,0.33
2.0743370056152344,0.32
1.904722809791565,0.32
1.6761808395385742,0.33
1.6035101413726807,0.34
1.4454487562179565,0.29
1.4193408489227295,0.22
1.4200387001037598,0.23
1.408219575881958,0.23
1.4452942609786987,0.23
1.4586693048477173,0.24
1.5139774084091187,0.23
1.5897655487060547,0.23
1.6899075508117676,0.24
1.7650495767593384,0.24
1.858346939086914,0.23
1.9693022966384888,0.23
2.0897908210754395,0.24
2.2181615829467773,0.23
2.377272844314575,0.24
2.5573997497558594,0.24
2.7779717445373535,0.24
3.0336244106292725,0.24
3.2909083366394043,0.24
3.544943332672119,0.24
3.7681827545166016,0.24
3.983165979385376,0.24
4.213780403137207,0.24
4.45166015625,0.23
4.7514119148254395,0.23
5.045022964477539,0.24
5.227389335632324,0.24
5.603004455566406,0.23
5.915287017822266,0.24
6.216098785400391,0.24
6.52345609664917,0.25
6.789816379547119,0.24
6.958192348480225,0.24
7.010688304901123,0.24
6.971005439758301,0.23
6.879443645477295,0.24
7.054570198059082,0.25
7.328518867492676,0.43
8.341141700744629,2.22
9.967217445373535,4.96
12.163260459899902,7.8
14.768439292907715,11.99
19.01850700378418,15.82
24.588214874267578,23.82
30.973796844482422,28.36
36.39410400390625,35.51
41.19509506225586,43.06
44.08238220214844,48.74
44.09919357299805,47.55
41.864986419677734,44.43
40.03644561767578,44.49
40.01583480834961,45.28
40.759765625,45.49
41.58174514770508,45.84
42.84684371948242,47.85
44.157772064208984,50.78
44.82394027709961,52.83
43.99162292480469,50.93
42.03327178955078,48.62
40.161827087402344,49.14
38.43947219848633,47.8
36.48408508300781,46.66
35.196834564208984,44.66
42.42721176147461,43.98
52.14520263671875,43.65
53.44721221923828,45.1
48.888221740722656,48.0
41.33565902709961,47.51
31.88036346435547,45.62
23.68160057067871,45.74
22.026641845703125,46.24
31.30821418762207,46.92
34.536685943603516,51.33
39.4870719909668,55.97
51.98139953613281,58.15
49.70738983154297,55.22
43.91991424560547,48.95
36.39957046508789,42.63
28.430437088012695,35.9
20.389760971069336,17.27
12.41123104095459,12.06
8.994119644165039,8.05
6.409201145172119,5.1
4.520890235900879,2.77
3.205064058303833,0.83
2.439915418624878,0.29
2.1829886436462402,0.33
2.0727641582489014,0.34
1.9135898351669312,0.33
1.7727599143981934,0.32
1.7048919200897217,0.34
1.7274906635284424,0.33
1.7284228801727295,0.27
1.7002815008163452,0.23
1.7223408222198486,0.24
1.821575403213501,0.23
1.8504600524902344,0.23
1.9044950008392334,0.23
1.9367252588272095,0.23
2.006577968597412,0.23
2.1118862628936768,0.24
2.0992321968078613,0.23
2.236405611038208,0.24
2.3215091228485107,0.23
2.4100489616394043,0.22
2.5258264541625977,0.23
2.6510283946990967,0.22
2.805386781692505,0.21
3.031592607498169,0.24
3.2397615909576416,0.22
3.440439224243164,0.23
3.674950122833252,0.22
3.8718087673187256,0.23
4.123596668243408,0.23
4.423801898956299,0.23
4.7292561531066895,0.23
5.051670074462891,0.23
5.295156478881836,0.23
5.6080427169799805,0.23
5.638737201690674,0.23
5.979017734527588,0.23
6.282195091247559,0.23
6.628787040710449,0.23
6.957447528839111,0.23
7.162574768066406,0.25
7.097041130065918,0.25
7.059694290161133,0.23
7.048792362213135,0.24
7.334282875061035,0.25
8.510340690612793,0.66
9.899752616882324,3.06
11.495896339416504,6.15
13.543176651000977,9.86
16.139636993408203,14.45
29.0855770111084,18.47
31.15433120727539,19.22
32.500919342041016,29.04
33.42959213256836,37.84
33.1173095703125,42.92
33.59136199951172,47.85
39.293052673339844,44.09
43.38963317871094,50.87
59.54524612426758,58.99
58.776206970214844,67.35
56.165775299072266,70.25
56.75578689575195,73.45
51.85227584838867,73.04
53.13359451293945,68.53
58.092288970947266,66.09
52.76273727416992,65.88
51.5734748840332,63.69
52.54816436767578,64.94
61.888877868652344,63.13
50.60917282104492,60.15
48.061561584472656,60.66
46.34831619262695,58.34
44.02946090698242,57.64
59.21969985961914,57.28
65.24625396728516,57.86
66.24685668945312,57.89
64.27030181884766,61.28
59.03738784790039,63.31
49.714725494384766,69.07
35.9039306640625,74.33
17.03009033203125,11.35
1.2572269439697266,9.62
8.750475883483887,8.06
7.336643218994141,5.63
5.979597568511963,4.59
4.9780802726745605,3.56
4.046947479248047,1.68
3.206993818283081,0.61
2.8156681060791016,0.27
2.627682685852051,0.33
2.5139994621276855,0.34
2.46785044670105,0.35
2.451955556869507,0.32
2.3781020641326904,0.33
2.3329172134399414,0.33
2.178955078125,0.3
2.164431571960449,0.24
2.069272041320801,0.24
1.9164355993270874,0.23
1.7576181888580322,0.23
1.822380781173706,0.25
1.8557629585266113,0.22
2.0193164348602295,0.23
2.2026548385620117,0.24
2.206660270690918,0.24
2.2552170753479004,0.23
2.359962224960327,0.23
2.520587921142578,0.24
2.646092176437378,0.23
2.822248697280884,0.22
2.9604642391204834,0.23
3.1726462841033936,0.24
3.366196632385254,0.23
3.6058177947998047,0.23
3.815495252609253,0.25
4.031153202056885,0.23
4.273792743682861,0.23
4.591304302215576,0.23
4.860649585723877,0.24
5.100162982940674,0.22
5.452014923095703,0.24
5.6154961585998535,0.23
5.960256576538086,0.25
6.344146251678467,0.24
6.657547950744629,0.23
6.978826522827148,0.23
7.264886379241943,0.23
7.502742767333984,0.23
7.771979808807373,0.22
8.00597858428955,0.23
8.095540046691895,0.23
8.122454643249512,0.23
8.068216323852539,0.24
8.105536460876465,0.25
8.567804336547852,0.2
9.760483741760254,1.12
10.932256698608398,3.41
11.577689170837402,5.99
12.614206314086914,10.38
16.48455810546875,13.25
18.20267105102539,14.97
20.45802116394043,15.37
24.336551666259766,27.15
31.012989044189453,40.71
33.747554779052734,39.42999999999999
34.463478088378906,30.45
39.870582580566406,53.78
50.32624053955078,57.59
54.6295280456543,61.57
58.833045959472656,60.43
66.09064483642578,72.5
70.64701843261719,76.2
72.8408432006836,77.6
72.90274047851562,75.96
70.80828857421875,74.94
68.37702178955078,79.47
63.74253463745117,54.64
52.675228118896484,76.56
48.00712203979492,51.5
34.78507995605469,55.13
37.995845794677734,48.79
43.741737365722656,43.93
54.12409973144531,46.12
63.26763916015625,71.69
66.964111328125,71.19
58.51654052734375,76.14
46.250144958496094,50.79
29.662309646606445,24.9
18.3665771484375,18.71
13.519072532653809,14.46
9.59428882598877,7.99
6.408504009246826,4.47
4.906086444854736,2.26
4.181103706359863,2.42
3.9841997623443604,2.59
3.7693839073181152,1.71
3.481829881668091,1.54
3.387705087661743,1.24
3.2544498443603516,1.23
3.0439224243164062,1.65
2.869985342025757,1.25
2.454153537750244,0.57
2.1623871326446533,0.17
2.162432909011841,0.38
2.2698984146118164,0.35
2.363877773284912,0.33
2.3835577964782715,0.33
2.272430419921875,0.34
2.0892159938812256,0.32
1.9142214059829712,0.33
1.866411805152893,0.31
1.6306558847427368,0.24
1.316991925239563,0.24
1.2745460271835327,0.24
1.2847703695297241,0.24
1.2011604309082031,0.24
1.0242221355438232,0.23
0.9142780900001526,0.23
0.9359287023544312,0.23
1.0455719232559204,0.24
1.052038550376892,0.23
1.0632357597351074,0.24
1.2137011289596558,0.24
1.2995444536209106,0.24
1.4805548191070557,0.24
1.6649624109268188,0.23
1.9130396842956543,0.24
2.1050360202789307,0.23
2.3300585746765137,0.24
2.5478811264038086,0.24
2.770150899887085,0.23
2.9758036136627197,0.24
3.2121448516845703,0.23
3.2462098598480225,0.23
3.42020583152771,0.24
3.6464297771453857,0.23
4.028565883636475,0.23
4.362346649169922,0.23
4.6279988288879395,0.24
4.851398944854736,0.24
5.108254432678223,0.23
5.387213706970215,0.23
5.681637287139893,0.24
5.9791717529296875,0.22
6.191251277923584,0.24
6.538259506225586,0.23
6.849686622619629,0.24
6.991281509399414,0.23
7.07664680480957,0.24
7.097864627838135,0.25
7.2936110496521,0.19
7.631649494171143,0.08
8.019159317016602,0.15
8.494274139404297,1.23
9.169074058532715,2.67
9.4744873046875,4.83
8.70996379852295,5.03
8.744475364685059,5.37
12.475184440612793,8.68
19.075572967529297,12.73
26.129322052001953,16.28
31.756839752197266,25.5
35.26287841796875,40.26
33.999053955078125,38.51
26.077896118164062,26.08
20.905702590942383,23.24
24.239341735839844,22.33
30.44758415222168,28.48
37.697242736816406,35.05
42.46788024902344,42.12
43.52277374267578,52.39
40.635040283203125,47.73
34.5024299621582,36.56
31.716615676879883,35.34
34.841129302978516,37.04
37.42416000366211,41.88
40.84547424316406,45.78
42.71493911743164,46.21000000000001
41.688232421875,44.25
38.7502555847168,42.16
35.53441619873047,37.35
30.454042434692383,46.73
26.89432716369629,31.59
22.568265914916992,23.55
24.437341690063477,28.71
28.754728317260742,31.29
31.020784378051758,29.52
32.3533935546875,48.89
32.8026008605957,33.24
25.23478889465332,24.32
22.241662979125977,24.87
20.591463088989258,23.8
17.468250274658203,17.94
13.709880828857422,13.72
10.917627334594727,10.47
8.654787063598633,9.05
6.713513374328613,4.75
4.7096099853515625,4.31
3.6569278240203857,2.81
2.5403809547424316,1.04
1.7346440553665161,0.19
1.4059076309204102,0.26
1.3121354579925537,0.27
1.199843168258667,0.26
1.0615993738174438,0.26
0.931899905204773,0.25
0.7993822693824768,0.26
0.6638911962509155,0.25
0.5106421709060669,0.24
0.3766228258609772,0.23
0.2749727666378021,0.23
0.20278823375701904,0.23
0.15200532972812653,0.23
0.13936686515808105,0.23
0.22050008177757263,0.24
0.3444365859031677,0.23
0.426639586687088,0.24
0.4832068085670471,0.24
0.5229116082191467,0.23
0.6253273487091064,0.24
0.6915861368179321,0.24
0.8006860017776489,0.25
0.9069251418113708,0.25
1.1201410293579102,0.24
1.3349473476409912,0.23
1.5704095363616943,0.23
1.8415883779525757,0.23
2.1245498657226562,0.24
2.41861891746521,0.24
2.7059054374694824,0.24
2.9623804092407227,0.25
3.23761248588562,0.24
3.6151044368743896,0.25
3.9513158798217773,0.24
4.336742877960205,0.25
4.666595458984375,0.24
4.982095718383789,0.23
5.3179030418396,0.23
5.692464828491211,0.23
6.042235374450684,0.24
6.200368881225586,0.26
6.2475714683532715,0.23
6.146719932556152,0.24
6.1319990158081055,0.24
6.073218822479248,0.24
6.254054069519043,0.3
6.860661506652832,1.81
8.211474418640137,4.32
10.468609809875488,8.24
13.849594116210938,9.96
18.430709838867188,17.32
26.442537307739258,25.15
34.89560317993164,32.68
42.32347106933594,40.46
47.9452018737793,47.31
50.85411071777344,53.02
50.81584167480469,56.92
48.09185028076172,47.93
43.457763671875,45.34
41.73592758178711,44.45
41.02354049682617,44.1
40.5580940246582,44.66
40.49762725830078,44.47
40.00469970703125,44.1
39.244075775146484,44.47
38.389503479003906,44.32
37.26005554199219,43.01
36.2993278503418,43.18
35.13142395019531,40.9
34.110355377197266,40.89
32.69343566894531,40.91
31.12653350830078,40.15
29.585416793823242,39.9
28.562135696411133,39.24
28.438945770263672,39.54
28.286788940429688,39.36
28.78564453125,40.22
28.004751205444336,40.85
29.000993728637695,41.93
31.761220932006836,42.96
35.635345458984375,45.95
39.949623107910156,46.76
43.93674087524414,48.76
46.3697395324707,56.66
46.70531463623047,55.97
42.710838317871094,45.89
36.389366149902344,41.02
31.00541877746582,37.27
25.49875259399414,26.35
19.630382537841797,22.42
15.731343269348145,15.91
11.820220947265625,9.68
8.851655960083008,10.56
7.166849136352539,6.95
4.786995887756348,3.82
3.065661668777466,1.42
2.06339430809021,0.22
1.6476049423217773,0.33
1.5388339757919312,0.32
1.4026106595993042,0.32
1.266051173210144,0.32
1.1709336042404175,0.3
1.1719439029693604,0.3
1.2036657333374023,0.3
1.1269447803497314,0.24
1.0498346090316772,0.24
1.0412118434906006,0.25
1.000907063484192,0.24
0.9437077641487122,0.24
0.9576189517974854,0.23
0.9576988816261292,0.25
0.9987296462059021,0.23
1.0091302394866943,0.24
1.002249002456665,0.25
1.1969883441925049,0.24
1.3214468955993652,0.23
1.4893189668655396,0.24
1.583778738975525,0.24
1.692044734954834,0.24
1.8115352392196655,0.24
1.9692957401275635,0.24
2.1261730194091797,0.24
2.273197650909424,0.24
2.4840009212493896,0.24
2.743386745452881,0.24
2.948446035385132,0.24
3.2127525806427,0.24
3.5482542514801025,0.24
3.8409767150878906,0.23
4.1003336906433105,0.25
4.569829940795898,0.24
4.842561721801758,0.23
5.124486923217773,0.24
5.495743751525879,0.24
5.879491806030273,0.24
6.147548675537109,0.24
6.282840728759766,0.24
6.396355152130127,0.23
6.513186931610107,0.25
6.355133056640625,0.25
6.28476095199585,0.25
6.444108486175537,0.47
6.97929573059082,2.51
9.451441764831543,2.55
12.36415958404541,5.91
14.983085632324219,11.67
17.09189796447754,16.61
19.244401931762695,22.65
23.6035213470459,29.79
28.10904884338379,23.28
33.44157028198242,30.76
44.24636459350586,49.04
53.23878479003906,57.31
56.137996673583984,61.91
55.88383102416992,53.42
54.753047943115234,62.62
56.814334869384766,60.22
54.44647979736328,59.99
52.5642204284668,54.1
48.92618942260742,52.54
46.878292083740234,55.64
44.64792251586914,48.65
40.280059814453125,45.58
38.034297943115234,45.69
36.56399917602539,42.7
33.77915573120117,42.49
33.20793533325195,41.45
31.536035537719727,41.19
30.572647094726562,40.94
28.690643310546875,38.0
26.767471313476562,39.03
27.297645568847656,39.75
29.747861862182617,39.63
33.002716064453125,39.93
34.662113189697266,43.85
37.75824737548828,45.129999999999995
39.758609771728516,46.28
40.26728057861328,49.83
39.14413070678711,38.4
35.422672271728516,43.05
32.74376678466797,40.44
26.951290130615234,28.69
20.71938705444336,22.56
17.164249420166016,18.95
14.718485832214355,15.16
12.456324577331543,12.79
10.644620895385742,11.26
8.819354057312012,9.030000000000001
6.793320655822754,6.78
4.944639205932617,4.55
3.4186923503875732,1.66
2.320840835571289,1.28
1.9247512817382812,0.23
1.6209924221038818,0.32
1.60707688331604,0.32
1.5727602243423462,0.32
1.527327299118042,0.31
1.4758237600326538,0.31
1.3908607959747314,0.32
1.323379635810852,0.28
1.2276606559753418,0.24
1.1371899843215942,0.23
1.077399730682373,0.23
1.020156979560852,0.24
1.0067291259765625,0.24
0.9696103930473328,0.24
0.975669801235199,0.24
1.0574994087219238,0.24
1.1346668004989624,0.22
1.197830080986023,0.24
1.3471431732177734,0.25
1.4325037002563477,0.24
1.3769104480743408,0.23
1.5233677625656128,0.25
1.6416720151901245,0.24
1.6879137754440308,0.24
1.751132607460022,0.23
1.935925006866455,0.24
2.1411638259887695,0.23
2.358093738555908,0.24
2.62196683883667,0.23
2.8826212882995605,0.23
3.1193110942840576,0.23
3.394892454147339,0.24
3.726154088973999,0.23
4.067014217376709,0.24
4.328278064727783,0.24
4.655187606811523,0.24
4.985929489135742,0.24
5.290714740753174,0.23
5.67365837097168,0.24
5.987534999847412,0.25
6.26420259475708,0.24
6.347947597503662,0.23
6.255367755889893,0.24
6.12182092666626,0.25
6.068194389343262,0.26
6.2797675132751465,0.25
7.003314971923828,1.1
8.52492618560791,3.85
10.94916820526123,7.37
13.912959098815918,11.6
17.559757232666016,16.82
21.92180824279785,23.0
27.02584457397461,29.6
32.95269775390625,36.14
39.49635314941406,42.98
46.546268463134766,49.6
52.995933532714844,55.97
58.37064743041992,62.17
61.899837493896484,67.02
63.38010787963867,68.24
62.94892120361328,68.5
61.82075500488281,66.51
60.85448455810547,66.91
60.433677673339844,65.73
60.50798416137695,66.3
61.022247314453125,64.62
59.220882415771484,63.99
56.16791915893555,63.75
52.65084457397461,60.16
48.662357330322266,59.98
45.163665771484375,55.97
42.000953674316406,54.43
41.6357536315918,50.56
39.30588150024414,51.37
39.24825668334961,49.67
41.96534729003906,51.49
45.440608978271484,53.55
47.21967315673828,58.14
48.830326080322266,57.49
47.744022369384766,57.25
44.151554107666016,49.34
38.6723518371582,44.71
35.053253173828125,45.05
30.724170684814453,39.11
26.653240203857422,29.690000000000005
25.205120086669922,32.8
25.884521484375,28.0
25.340192794799805,23.5
25.19475555419922,30.19
24.654193878173828,31.05
20.38788604736328,20.08
14.42197322845459,17.31
10.239917755126953,10.3
6.274178504943848,4.74
3.670456647872925,2.14
2.4554555416107178,0.85
1.907265543937683,0.25
1.7054376602172852,0.34
1.6681920289993286,0.32
1.597227931022644,0.33
1.5089142322540283,0.33
1.4177145957946777,0.32
1.3351701498031616,0.32
1.2717623710632324,0.29
1.2074930667877197,0.24
1.1995899677276611,0.24
1.1928069591522217,0.22
1.258932113647461,0.24
1.2330691814422607,0.23
1.3140842914581299,0.24
1.342881441116333,0.23
1.3150683641433716,0.24
1.309873342514038,0.23
1.276136875152588,0.24
1.182165265083313,0.23
1.2847849130630493,0.23
1.4939923286437988,0.23
1.6934103965759277,0.24
1.9027882814407349,0.24
2.1055445671081543,0.24
2.3253655433654785,0.23
2.536473035812378,0.24
2.749053955078125,0.23
2.9607722759246826,0.23
3.1883738040924072,0.24
3.4021029472351074,0.22
3.6597824096679688,0.23
3.944983720779419,0.24
4.186357021331787,0.24
4.4673895835876465,0.24
4.752249717712402,0.23
5.058509826660156,0.23
5.393062114715576,0.24
5.697490215301514,0.23
5.999207973480225,0.23
6.2804107666015625,0.23
6.502256393432617,0.22
6.540134429931641,0.24
6.530649662017822,0.24
6.43882942199707,0.24
6.437259197235107,0.24
6.662343502044678,0.28
7.440762519836426,1.58
8.982486724853516,3.97
11.090293884277344,7.13
13.780672073364258,11.09
17.204294204711914,16.21
21.311058044433594,22.2
26.214662551879883,28.4
32.003360748291016,34.97
38.1771354675293,41.84
44.21495056152344,48.94
50.62842559814453,55.15
56.50004196166992,61.65
61.353919982910156,65.69
64.64057159423828,67.25
67.25535583496094,71.3
68.91841125488281,75.01
68.02435302734375,71.55
64.8792724609375,69.34
61.854217529296875,67.67
57.93903732299805,65.55
53.88347625732422,59.34
50.01599884033203,57.41
47.97110366821289,56.5
46.24294662475586,55.3
45.01536560058594,53.53
42.79903793334961,55.34
40.83026885986328,53.56
38.11165237426758,51.85
35.579856872558594,51.52
35.53702163696289,51.84
37.99296951293945,52.66
44.97397232055664,57.49
51.236122131347656,58.03
59.00468063354492,63.36
66.33895111083984,73.65
67.63070678710938,74.24
60.789119720458984,70.61
50.29628372192383,49.97
38.05940246582031,53.0
29.008359909057617,27.72
17.38875389099121,14.7
12.508234977722168,12.95
10.822263717651367,12.7
8.90102481842041,6.31
6.482966423034668,6.05
5.450723171234131,5.49
4.215021133422852,3.41
2.8878724575042725,1.07
2.0454583168029785,0.52
1.8128067255020142,0.27
1.7178208827972412,0.34
1.7305175065994263,0.33
1.7057994604110718,0.33
1.6916015148162842,0.33
1.7103294134140015,0.34
1.7012771368026733,0.33
1.692909598350525,0.33
1.652833342552185,0.24
1.5872753858566284,0.23
1.5313953161239624,0.23
1.5345921516418457,0.23
1.5465710163116455,0.23
1.5214451551437378,0.23
1.466285228729248,0.23
1.3967682123184204,0.24
1.3907372951507568,0.23
1.3944939374923706,0.23
1.4233201742172241,0.23
1.5111486911773682,0.24
1.6286184787750244,0.23
1.7570196390151978,0.23
1.8943432569503784,0.22
2.0335450172424316,0.22
2.181217670440674,0.22
2.3409080505371094,0.22
2.4867324829101562,0.22
2.673779249191284,0.22
2.8754067420959473,0.22
3.080598831176758,0.22
3.3033101558685303,0.22
3.555454730987549,0.22
3.8107621669769287,0.22
4.083883285522461,0.22
4.394054412841797,0.22
4.698666572570801,0.22
5.005692481994629,0.22
5.323226451873779,0.22
5.62099027633667,0.22
5.908572196960449,0.22
6.21185302734375,0.22
6.537230491638184,0.22
6.8023681640625,0.22
6.959231376647949,0.22
6.968971252441406,0.22
7.024174213409424,0.22
7.066115379333496,0.22
7.086058616638184,0.22
7.087402820587158,0.22
6.9471869468688965,0.22
6.761462688446045,0.22
6.527193546295166,0.22
6.234871864318848,0.22
4.497855186462402,0.22
0.0,0.22
0.0,0.22
0.0,0.22
0.0,0.22
8.220552444458008,0.22
24.487436294555664,18.44
45.45895767211914,67.07
61.76176071166992,67.12
61.834869384765625,65.03
61.82435607910156,66.01
62.58401870727539,71.24
62.72700881958008,66.73
60.166324615478516,65.26
57.61374282836914,64.44
54.3659782409668,63.25
50.28080368041992,62.96
45.80854034423828,60.18
41.52230453491211,53.99
39.09480667114258,53.4
40.94856643676758,56.61
44.667598724365234,57.3
48.83186721801758,59.51
53.65483093261719,62.46000000000001
57.789512634277344,64.57
58.689849853515625,69.07
56.59393310546875,64.58
50.91193389892578,58.14
44.17499542236328,51.01
37.38289260864258,42.37
30.774494171142578,30.83
25.329845428466797,29.24
21.844762802124023,24.03
17.3682861328125,17.07
13.157157897949219,13.71
9.98681354522705,9.93
7.066388130187988,6.98
4.749137878417969,3.31
2.9846463203430176,0.68
2.1333141326904297,0.36
1.9965897798538208,0.34
1.983314037322998,0.34
1.943645715713501,0.34
1.904606580734253,0.33
1.855370044708252,0.33
1.795697569847107,0.33
1.7263767719268799,0.27
1.6544208526611328,0.23
1.6247398853302002,0.24
1.6220927238464355,0.23
1.6196465492248535,0.23
1.6384761333465576,0.23
1.672747254371643,0.24
1.7106568813323975,0.24
1.7546151876449585,0.24
1.853097915649414,0.24
1.9397351741790771,0.23
2.040520429611206,0.23
2.1472694873809814,0.23
2.265676975250244,0.23
2.3619260787963867,0.22
2.417233943939209,0.22
2.5034477710723877,0.24
2.597917318344116,0.24
2.7478342056274414,0.24
2.9625580310821533,0.23
3.1723012924194336,0.24
3.382258415222168,0.24
3.611668586730957,0.24
3.8762118816375732,0.24
4.175349235534668,0.24
4.436117172241211,0.24
4.65144157409668,0.24
4.9354143142700195,0.24
5.193386554718018,0.24
5.526610374450684,0.24
5.880384922027588,0.23
6.182570457458496,0.23
6.474181652069092,0.22
6.720579624176025,0.24
6.808773994445801,0.23
6.771623134613037,0.25
6.676891326904297,0.23
6.596622943878174,0.25
6.90403938293457,0.24
7.874139785766602,1.51
9.555045127868652,3.96
11.805706977844238,7.32
14.648881912231445,12.28
17.989355087280273,17.07
21.5876522064209,21.86
25.858610153198242,27.71
31.026100158691406,34.4
37.23237228393555,41.45
43.902252197265625,48.0
50.302364349365234,54.23
56.041351318359375,60.31
60.9218635559082,66.06
64.03630828857422,70.76
65.51737976074219,70.89
65.21150207519531,70.86
65.42948913574219,71.23
65.29072570800781,72.01
64.62464141845703,70.12
63.14707565307617,71.31
61.46149444580078,70.06
58.57279968261719,72.16
55.852752685546875,68.58
53.54680252075195,67.89
54.074684143066406,67.79
56.45980453491211,68.09
59.20783996582031,69.57
63.12286376953125,73.25
64.98694610595703,75.06
62.016483306884766,70.71
56.57725143432617,66.15
50.757205963134766,60.45
44.66180419921875,55.44
39.419219970703125,39.15
33.993919372558594,33.51
31.497194290161133,37.79
28.726821899414062,32.16
22.831880569458008,26.29
16.75050163269043,20.34
11.005011558532715,7.75
6.12075138092041,4.28
4.360858917236328,3.34
3.371792793273926,0.95
2.593480110168457,0.28
2.450547456741333,0.34
2.476454496383667,0.35
2.449120283126831,0.34
2.3310329914093018,0.33
1.9533309936523438,0.34
1.800594687461853,0.35
1.7032002210617065,0.32
1.6140046119689941,0.24
1.4979349374771118,0.23
1.4819087982177734,0.23
1.4848915338516235,0.25
1.5067402124404907,0.24
1.5008924007415771,0.24
1.49923574924469,0.24
1.4756542444229126,0.25
1.4568232297897339,0.23
1.4719334840774536,0.23
1.4756237268447876,0.24
1.5083394050598145,0.25
1.602573037147522,0.24
1.7006224393844604,0.25
1.7992647886276245,0.23
1.9052013158798218,0.24
2.0430328845977783,0.23
2.1891772747039795,0.24
2.366283893585205,0.25
2.5617964267730713,0.24
2.7720537185668945,0.24
3.0033960342407227,0.24
3.3054044246673584,0.23
3.6173641681671143,0.24
3.9220430850982666,0.25
4.218210697174072,0.24
4.501133918762207,0.23
4.814966201782227,0.24
5.122363567352295,0.23
5.421846866607666,0.23
5.734486103057861,0.24
6.048158645629883,0.24
6.327661991119385,0.24
6.580091953277588,0.24
6.740171909332275,0.24
6.827023029327393,0.23
6.778626918792725,0.23
6.269935607910156,0.24
6.679550647735596,0.25
6.187376499176025,0.67
7.3990797996521,1.91
9.421936988830566,3.22
10.197810173034668,7.27
11.80218505859375,16.94
15.631719589233398,10.9
20.72976303100586,30.76
30.5432071685791,25.81
36.61733627319336,28.86
46.02791976928711,52.94
55.00802993774414,63.74
55.49549102783203,58.32
52.50910949707031,55.69
52.59896469116211,54.22
52.0894775390625,54.61
51.693504333496094,55.3
51.07387161254883,54.24
49.13045120239258,53.54
48.03792190551758,51.69
47.205135345458984,50.12
46.300926208496094,50.78
43.43804168701172,49.77
39.69142150878906,46.79
37.60376739501953,46.79
36.540035247802734,41.1
35.93571090698242,43.01
35.74927520751953,45.47
35.96605682373047,45.58
34.96704864501953,47.8
35.276153564453125,39.46
35.74385452270508,40.33
39.26068115234375,44.37
40.89376449584961,47.36
38.607940673828125,37.31
33.592185974121094,43.44
29.668447494506836,31.15
22.173179626464844,25.31
16.911605834960938,16.66
12.312833786010742,10.65
9.533488273620605,10.61
7.870415210723877,7.15
5.647937774658203,4.27
4.108710289001465,2.83
3.1605224609375,2.0
2.4788239002227783,0.71
1.9318112134933472,0.21
1.7939151525497437,0.33
1.8132531642913818,0.31
1.789961814880371,0.33
1.755211353302002,0.32
1.7248464822769165,0.31
1.6898746490478516,0.31
1.6303973197937012,0.32
1.5718735456466675,0.24
1.5439034700393677,0.23
1.5113976001739502,0.23
1.4911311864852905,0.23
1.4596878290176392,0.23
1.4337924718856812,0.23
1.428263783454895,0.24
1.4266748428344727,0.23
1.446528673171997,0.23
1.4943584203720093,0.24
1.5680670738220215,0.25
1.620171070098877,0.24
1.7249723672866821,0.24
1.8405526876449585,0.23
1.966191053390503,0.23
2.1151461601257324,0.23
2.271270275115967,0.24
2.468050718307495,0.24
2.6823270320892334,0.23
2.8876378536224365,0.24
3.166910171508789,0.24
3.4205081462860107,0.23
3.705054998397827,0.24
3.9345757961273193,0.23
4.1999969482421875,0.24
4.4441447257995605,0.24
4.759677886962891,0.24
5.067266941070557,0.24
5.4046783447265625,0.24
5.735967636108398,0.23
6.017075061798096,0.23
6.295114994049072,0.23
6.579783916473389,0.24
6.885356903076172,0.23
7.043843746185303,0.24
6.996433258056641,0.24
6.874974727630615,0.24
7.202725887298584,0.25
7.530285835266113,0.25
7.928316116333008,0.75
9.748944282531738,2.68
12.432509422302246,6.29
14.670719146728516,8.759999999999998
15.068473815917969,9.32
15.517964363098145,15.62
17.564903259277344,24.12
20.905576705932617,17.5
23.243967056274414,21.37
31.00892448425293,28.05
39.8896598815918,44.54
47.48011779785156,56.33
49.62522888183594,50.06
47.02071762084961,48.78
48.63867950439453,54.11
50.66360855102539,54.93
50.477394104003906,54.5
50.517173767089844,53.37
48.950801849365234,53.02
46.62783432006836,53.41
46.01884841918945,53.65
45.51897048950195,48.46
42.09550857543945,50.18
38.154300689697266,44.44
34.71981430053711,44.25
32.01744842529297,39.42
29.546592712402344,32.59
29.2050724029541,33.08
28.87569808959961,37.11
28.18163299560547,34.02
25.478214263916016,25.38
22.849199295043945,25.69
21.6683406829834,22.75
19.24546241760254,20.66
16.471702575683594,21.26
13.171452522277832,11.57
8.721847534179688,8.06
6.284290790557861,6.1
4.4639081954956055,2.82
2.962266445159912,1.14
2.2488770484924316,0.22
1.9671448469161987,0.34
1.9277479648590088,0.34
1.8679559230804443,0.31
1.8005256652832031,0.31
1.7162973880767822,0.31
1.6751295328140259,0.32
1.631575107574463,0.32
1.5746731758117676,0.24
1.6326119899749756,0.24
1.6108534336090088,0.23
1.5686733722686768,0.25
1.551795482635498,0.23
1.58795964717865,0.22
1.6287531852722168,0.23
1.6314103603363037,0.23
1.605688452720642,0.24
1.6531360149383545,0.24
1.7531375885009766,0.24
1.8514680862426758,0.23
1.9516342878341675,0.24
2.048398494720459,0.24
2.2637460231781006,0.24
2.357619285583496,0.24
2.5104711055755615,0.24
2.6123149394989014,0.23
2.8348100185394287,0.24
3.0516746044158936,0.23
3.3207600116729736,0.24
3.567260265350342,0.24
3.829685688018799,0.24
4.123620986938477,0.23
4.425897121429443,0.23
4.717016220092773,0.24
5.030442237854004,0.24
5.304825782775879,0.23
5.632626533508301,0.23
5.958379745483398,0.24
6.29670524597168,0.25
6.5731964111328125,0.25
6.892728805541992,0.24
7.155911445617676,0.24
7.330493450164795,0.23
7.35247278213501,0.23
7.178082466125488,0.23
6.910738945007324,0.26
7.252206802368164,0.25
8.3216552734375,0.49
9.476987838745117,1.72
11.507939338684082,4.52
14.578808784484863,10.08
17.703611373901367,15.19
20.867412567138672,15.97
24.438457489013672,18.21
28.787132263183594,27.9
33.258766174316406,30.53
34.99959182739258,34.06
36.1104850769043,37.62
37.05681610107422,34.1
38.014671325683594,36.89
39.51980972290039,37.0
37.99258804321289,37.73
34.541019439697266,38.48
31.395483016967773,42.37
30.762096405029297,34.84
29.724740982055664,29.73
34.82081604003906,35.67
42.423763275146484,45.89
49.400184631347656,56.75
51.771114349365234,52.12
48.31098175048828,48.51
45.97314453125,47.36
41.3573112487793,46.03
37.55229187011719,44.55
32.07432174682617,32.67
26.641319274902344,27.82
25.002094268798828,28.88
24.666152954101562,24.78
23.876745223999023,27.26
24.445524215698242,24.71
23.773479461669922,23.85
22.97471809387207,24.96
21.128347396850586,21.33
17.76859474182129,19.08
14.590907096862793,15.81
11.267942428588867,10.49
8.562389373779297,6.710000000000001
7.1678242683410645,5.44
6.631432056427002,5.3
6.158519744873047,4.73
5.431353569030762,4.21
4.606084823608398,3.84
3.7353389263153076,1.96
2.8007757663726807,1.11
2.3242809772491455,0.18
2.059382915496826,0.25
2.0664634704589844,0.34
2.0623557567596436,0.29
2.008498191833496,0.27
1.9852029085159302,0.28
1.9432110786437988,0.28
1.8484578132629395,0.28
1.8037996292114258,0.27
1.7439841032028198,0.24
1.710201621055603,0.23
1.6582211256027222,0.24
1.5299961566925049,0.23
1.5427756309509277,0.23
1.4822527170181274,0.24
1.468036413192749,0.24
1.4188381433486938,0.23
1.5087374448776245,0.24
1.633559226989746,0.24
1.6545637845993042,0.24
1.6383202075958252,0.24
1.6539380550384521,0.23
1.6652402877807617,0.24
1.7634209394454956,0.23
1.9565125703811646,0.23
2.1956722736358643,0.24
2.4978291988372803,0.25
2.765249252319336,0.25
3.0281665325164795,0.24
3.281402111053467,0.25
3.547980785369873,0.24
3.812746286392212,0.24
4.076488018035889,0.23
4.312447547912598,0.23
4.63297176361084,0.24
5.021883487701416,0.24
5.3667144775390625,0.23
5.167369842529297,0.24
5.4821457862854,0.26
5.801504611968994,0.25
6.081162929534912,0.24
6.401327133178711,0.24
6.485163688659668,0.24
6.692683696746826,0.23
6.981909275054932,0.23
7.175745964050293,0.23
7.330959796905518,0.25
7.530888557434082,0.25
7.801128387451172,0.26
8.342046737670898,0.33
9.241968154907227,1.14
10.278972625732422,2.96
11.102702140808105,4.58
11.723682403564453,6.57
11.393237113952637,9.14
11.367173194885254,10.05
13.684000015258789,12.01
18.405441284179688,17.53
25.423622131347656,24.85
34.65367889404297,30.42
45.896995544433594,48.02
55.51380157470703,49.6
56.45549774169922,50.31
53.7131233215332,55.85
45.598602294921875,54.14
33.20004653930664,48.32
24.768686294555664,24.759999999999998
20.025537490844727,22.67
26.321407318115234,26.7
34.32172775268555,39.59
44.700931549072266,58.3
52.550453186035156,58.82
52.288028717041016,52.64
50.82963562011719,58.89
52.175716400146484,64.02
49.9151496887207,65.76
44.87460708618164,49.83
37.52375411987305,37.9
37.713741302490234,50.08
41.49734115600586,57.25
39.087894439697266,41.29
33.83843994140625,42.2
34.20121765136719,33.67
34.658302307128906,47.45
36.50041580200195,38.2
32.10369873046875,30.5
28.436338424682617,28.18
25.25273895263672,32.43
21.013765335083008,25.55
14.2042236328125,10.15
8.261821746826172,7.36
6.031480312347412,3.26
4.366331577301025,2.71
3.595815420150757,1.56
2.915149450302124,0.8
2.4312851428985596,0.34
2.102597713470459,0.32
1.8661662340164185,0.32
1.6208630800247192,0.32
1.4395394325256348,0.3
1.2711701393127441,0.31
1.230696201324463,0.31
1.416547417640686,0.23
1.4303051233291626,0.24
1.3154785633087158,0.24
1.2780169248580933,0.23
1.2921634912490845,0.23
1.1443617343902588,0.23
1.1092499494552612,0.24
1.1041450500488281,0.23
1.124814510345459,0.24
1.1993526220321655,0.25
1.2401208877563477,0.24
1.263641357421875,0.23
1.35107421875,0.23
1.4592349529266357,0.23
1.6592351198196411,0.22
1.7496798038482666,0.23
1.9075120687484741,0.24
2.0757601261138916,0.24
2.2844836711883545,0.23
2.527036428451538,0.24
2.768106460571289,0.24
2.995558500289917,0.23
3.2471048831939697,0.22
3.555004596710205,0.21
3.9219613075256348,0.24
4.179558277130127,0.24
4.523639678955078,0.24
4.871344089508057,0.24
5.229336261749268,0.23
5.560489177703857,0.22
5.88123893737793,0.24
6.238566875457764,0.24
6.571442604064941,0.24
6.837517261505127,0.24
6.953983306884766,0.24
6.906745433807373,0.23
6.734405040740967,0.24
6.509966850280762,0.24
6.575955867767334,0.24
7.440142631530762,0.89
9.061893463134766,3.5
11.46444320678711,6.84
14.625297546386719,12.09
18.956218719482422,18.31
24.37955665588379,24.62
30.60603141784668,29.84
37.24909973144531,38.18
43.361671447753906,46.19
47.174232482910156,52.81
49.04769515991211,56.19
50.190547943115234,56.29
51.40746307373047,56.61
54.36773681640625,57.14
58.288692474365234,62.17
61.99959182739258,68.47
63.38653564453125,72.23
62.47829055786133,71.38
60.711997985839844,73.33
59.51803970336914,67.85
58.83616638183594,68.15
60.6270866394043,70.33
61.04576110839844,70.96
59.05644989013672,66.77
55.0844841003418,60.78
50.048770904541016,54.39
43.7103385925293,46.67
36.28369903564453,41.18
29.376480102539062,33.96
22.665874481201172,25.73
16.408721923828125,14.35
11.192960739135742,7.71
8.494084358215332,9.11
7.170923233032227,7.86
5.118162155151367,2.7
3.0524282455444336,0.47
2.3099818229675293,0.39
2.209872245788574,0.34
2.1451120376586914,0.33
2.062335252761841,0.32
1.9700921773910522,0.33
1.8388594388961792,0.32
1.7171303033828735,0.33
1.5812594890594482,0.24
1.478577971458435,0.23
1.4144728183746338,0.24
1.3779022693634033,0.25
1.3423725366592407,0.23
1.3278040885925293,0.23
1.3273813724517822,0.24
1.3653258085250854,0.24
1.4089441299438477,0.24
1.4842382669448853,0.24
1.565534234046936,0.24
1.6642887592315674,0.25
1.7904701232910156,0.26
1.9553580284118652,0.25
2.0820486545562744,0.22
2.2375638484954834,0.25
2.3953356742858887,0.24
2.5253374576568604,0.24
2.714531421661377,0.24
2.8396823406219482,0.24
2.9610562324523926,0.25
3.206939458847046,0.24
3.46797251701355,0.24
3.7818078994750977,0.24
4.063881874084473,0.24
4.343324661254883,0.24
4.657347679138184,0.23
5.04233980178833,0.24
5.377448558807373,0.23
5.733051300048828,0.24
6.071244239807129,0.25
6.409504413604736,0.25
6.636972904205322,0.24
6.8591628074646,0.24
7.0929670333862305,0.23
7.187285423278809,0.24
7.195034503936768,0.24
7.329406261444092,0.24
7.797266483306885,0.25
8.461038589477539,0.55
8.631997108459473,1.9
8.729226112365723,3.41
9.340088844299316,6.69
10.814240455627441,8.31
12.962645530700684,9.58
17.029550552368164,13.06
23.129562377929688,26.22
30.476455688476562,34.53
35.76518249511719,40.65
41.436031341552734,46.34
47.60983657836914,52.599999999999994
53.932884216308594,58.61
59.558509826660156,64.88
63.97808837890625,70.27
66.82193756103516,73.98
68.52251434326172,74.74
69.37165069580078,75.5
70.0649185180664,76.05
69.90521240234375,77.04
68.67281341552734,78.43
66.3569564819336,77.78
63.32205581665039,74.18
61.237491607666016,72.53
61.12151336669922,71.16
61.7496223449707,72.75
63.18503189086914,76.05
64.44544982910156,77.96
65.31442260742188,78.72
67.8652572631836,76.44
68.0212173461914,75.64
67.62755584716797,77.8
66.33541870117188,78.69
62.71919631958008,75.76
57.24081802368164,68.84
51.76884841918945,50.01
48.15015411376953,58.88
48.89168167114258,54.82
44.60675811767578,49.06
39.73176574707031,43.46
34.25430679321289,36.94
28.126510620117188,31.04
22.02000617980957,24.51
16.009145736694336,15.74
10.664227485656738,11.0
7.003027439117432,4.22
4.257285118103027,2.18
3.189328908920288,1.32
2.6140105724334717,0.44
2.2463667392730713,0.31
2.14395809173584,0.34
2.059964656829834,0.33
1.9958909749984741,0.32
1.9895141124725342,0.33
1.990794062614441,0.32
1.9524917602539062,0.33
1.8890807628631592,0.27
1.8190460205078125,0.23
1.8037303686141968,0.22
1.7549701929092407,0.23
1.7508416175842285,0.23
1.7564506530761719,0.23
1.8017065525054932,0.24
1.8202273845672607,0.23
1.8808376789093018,0.23
1.9527815580368042,0.22
2.0079727172851562,0.24
2.0966992378234863,0.24
2.132854700088501,0.24
2.0792396068573,0.24
2.138414144515991,0.23
2.1843416690826416,0.23
2.293349504470825,0.23
2.438127040863037,0.24
2.6395809650421143,0.24
2.8171615600585938,0.23
3.001922845840454,0.25
3.252609968185425,0.24
3.535547971725464,0.22
3.7902019023895264,0.23
4.105356693267822,0.24
4.434311389923096,0.24
4.727838516235352,0.24
5.0243144035339355,0.24
5.3439040184021,0.23
5.652669429779053,0.24
5.986833095550537,0.24
6.315714359283447,0.24
6.634014129638672,0.22
6.952010154724121,0.24
7.1963677406311035,0.23
7.373457908630371,0.22
7.49570894241333,0.24
7.4222612380981445,0.24
7.214943885803223,0.24
7.11174201965332,0.25
7.201048374176025,0.47
7.5358405113220215,1.7
8.872654914855957,4.27
12.594003677368164,8.260000000000002
16.76416015625,14.05
21.343229293823242,18.32
26.1915283203125,27.51
31.182090759277344,37.32
34.7105712890625,42.50999999999999
37.728031158447266,37.57
42.48992156982422,50.39
52.01044464111328,57.51
58.68646240234375,61.4
64.14013671875,69.78
69.29750061035156,75.5
70.94293975830078,76.67
70.89836120605469,76.82
70.68265533447266,76.29
69.78851318359375,76.7
68.582275390625,76.66
66.40361785888672,72.26
63.43105697631836,75.16
61.362308502197266,71.22
57.225982666015625,68.12
55.90718078613281,68.65
58.17808532714844,66.02
60.52622604370117,66.13
60.399208068847656,66.86
56.69380569458008,68.81
51.03506088256836,70.5
46.50078201293945,62.6
43.20761489868164,45.62
44.61035919189453,43.89
48.6867790222168,52.61
50.412296295166016,61.76
47.62235641479492,57.43
39.3319206237793,43.0
30.693431854248047,30.689999999999998
24.90810775756836,21.96
21.426612854003906,28.6
19.12795639038086,19.74
13.873032569885254,11.71
9.949384689331055,9.44
7.737849712371826,6.73
5.690667629241943,4.65
4.1553730964660645,2.1
2.9812307357788086,0.33
2.455116033554077,0.33
2.366192102432251,0.33
2.3207008838653564,0.33
2.2844624519348145,0.32
2.230191946029663,0.34
2.1771671772003174,0.33
2.096806287765503,0.32
2.0362353324890137,0.27
1.9473565816879272,0.23
1.9145976305007935,0.24
1.8960901498794556,0.23
1.8802764415740967,0.23
1.8794841766357422,0.23
1.9437816143035889,0.25
2.009145498275757,0.24
2.024231195449829,0.24
2.0589606761932373,0.23
2.095243453979492,0.24
2.1481411457061768,0.24
2.138157367706299,0.24
2.222850799560547,0.25
2.336451292037964,0.24
2.505539655685425,0.24
2.676241874694824,0.23
2.862407922744751,0.24
3.040980815887451,0.24
3.2426369190216064,0.25
3.4561948776245117,0.24
3.6932783126831055,0.24
3.9089958667755127,0.25
4.147314548492432,0.24
4.425043106079102,0.22
4.704178333282471,0.24
4.935084819793701,0.24
5.16746187210083,0.23
5.389318466186523,0.24
5.671817302703857,0.23
5.967634677886963,0.24
6.309427738189697,0.24
6.637526512145996,0.23
6.9379658699035645,0.23
7.177635192871094,0.24
7.356774806976318,0.24
7.506160736083984,0.23
7.772742748260498,0.24
7.955347061157227,0.24
8.17664623260498,0.25
8.327213287353516,0.25
8.38353443145752,1.04
8.69752311706543,2.07
9.229700088500977,1.96
9.941411972045898,3.02
11.72363567352295,5.44
14.727509498596191,8.59
16.7816162109375,13.96
16.210304260253906,16.58
15.09451961517334,21.32
17.41791534423828,26.26
21.447465896606445,29.44
29.90205955505371,28.47
42.477542877197266,46.49
58.576507568359375,65.03
67.16849517822266,72.5
69.29512786865234,72.6
69.441162109375,83.58
67.5248031616211,77.64
65.07746124267578,74.00999999999999
63.672691345214844,70.04
62.157161712646484,69.93
62.58317184448242,70.3
60.98842239379883,70.48
58.13332748413086,76.67
51.45144271850586,52.1
43.221466064453125,51.98
42.64619064331055,51.28
42.573429107666016,47.1
42.146636962890625,43.88
40.754459381103516,44.06
37.4703254699707,41.73
31.970476150512695,35.18
24.862037658691406,28.65
17.892133712768555,20.56
11.4091796875,6.9
6.501295566558838,5.35
4.961084365844727,3.73
3.7425081729888916,1.76
2.809605121612549,0.42
2.377314329147339,0.35
2.3146162033081055,0.34
2.2872707843780518,0.34
2.219104766845703,0.32
2.1391918659210205,0.33
2.0620014667510986,0.34
1.9646925926208496,0.32
1.868582844734192,0.28
1.7177811861038208,0.24
1.6220530271530151,0.24
1.7437641620635986,0.23
1.7449153661727905,0.24
1.7029392719268799,0.23
1.6623133420944214,0.24
1.6510831117630005,0.23
1.6432527303695679,0.24
1.6328574419021606,0.23
1.674861192703247,0.24
1.7294515371322632,0.24
1.8293904066085815,0.24
1.9242920875549316,0.23
2.017186164855957,0.23
2.1437861919403076,0.23
2.2805752754211426,0.23
2.404829740524292,0.23
2.539562463760376,0.23
2.6889889240264893,0.23
2.8965208530426025,0.23
3.196488857269287,0.23
3.483295440673828,0.24
3.7694873809814453,0.24
4.053305149078369,0.24
4.275224208831787,0.24
4.634030818939209,0.24
4.931821823120117,0.23
5.245092391967773,0.24
5.5238471031188965,0.24
5.848093032836914,0.24
6.127045631408691,0.22
6.385002613067627,0.23
6.681777477264404,0.24
6.925695896148682,0.23
7.205519199371338,0.24
7.440001964569092,0.23
7.515120029449463,0.24
7.6053266525268555,0.23
7.715318202972412,0.24
7.889751434326172,0.24
8.414989471435547,0.24
9.332435607910156,1.34
10.448763847351074,3.55
11.648555755615234,4.82
12.983562469482422,7.44
14.672287940979004,9.37
16.442033767700195,10.85
18.690811157226562,12.47
21.327362060546875,18.3
24.038171768188477,21.16
25.112689971923828,22.99
24.881031036376953,26.21
23.55714225769043,27.63
22.904542922973633,29.379999999999995
24.462078094482422,31.14
28.539932250976562,34.52
36.16213607788086,39.74
46.110958099365234,51.68
55.67203140258789,63.89
60.36289596557617,64.34
59.99690246582031,67.55
59.08137893676758,71.82
57.06478500366211,67.39000000000001
52.610694885253906,61.93
50.02176284790039,60.83
50.356597900390625,62.64
53.82157897949219,62.47
53.008697509765625,63.24
53.015140533447266,62.24
51.880714416503906,66.18
49.943023681640625,65.46
48.64958190917969,59.59
47.63324737548828,47.53
50.60574722290039,70.51
55.482181549072266,54.93
51.4097785949707,62.72
51.02442932128906,57.11
44.22622299194336,44.06
38.208412170410156,47.22
33.896427154541016,35.75
26.8055362701416,31.94
21.808883666992188,19.1
16.80337905883789,19.39
14.395495414733887,14.3
10.896008491516113,9.64
7.996578693389893,8.36
5.9197258949279785,4.85
3.867112159729004,1.89
2.6281845569610596,0.27
2.12290096282959,0.33
2.1216182708740234,0.34
2.092495918273926,0.32
2.059234619140625,0.33
2.0436766147613525,0.33
2.003034830093384,0.31
1.9136748313903809,0.27
1.7896356582641602,0.23
1.6148642301559448,0.24
1.482741355895996,0.24
1.418074369430542,0.23
1.352102279663086,0.24
1.1792386770248413,0.23
1.0479555130004883,0.24
1.0123318433761597,0.23
1.1206152439117432,0.23
1.2833794355392456,0.23
1.41002357006073,0.24
1.4887775182724,0.24
1.5414224863052368,0.23
1.684657335281372,0.24
1.7930628061294556,0.24
1.889617681503296,0.23
1.9373364448547363,0.24
2.0660836696624756,0.24
2.2528114318847656,0.23
2.565840244293213,0.24
2.798593282699585,0.23
3.0083465576171875,0.23
3.317047119140625,0.23
3.5434036254882812,0.25
3.806709051132202,0.23
4.073671340942383,0.24
4.34887170791626,0.24
4.657797336578369,0.24
4.960670471191406,0.24
5.274600505828857,0.24
5.610284805297852,0.23
5.944470405578613,0.22
6.302316188812256,0.24
6.648951530456543,0.23
6.91879415512085,0.23
6.996362686157227,0.23
6.879551410675049,0.24
6.8126606941223145,0.24
6.83481502532959,0.24
6.834978103637695,0.14
7.33561897277832,0.88
8.523274421691895,3.84
10.655720710754395,7.53
13.287822723388672,9.45
17.304962158203125,15.06
23.275596618652344,22.19
29.46336555480957,28.32
35.2558708190918,35.9
39.59510803222656,41.7
42.99148178100586,47.94
45.610050201416016,48.33
47.44831085205078,50.81
50.308937072753906,51.55
53.243858337402344,53.17
55.85296630859375,60.95
57.17046356201172,59.91
54.955078125,59.45
51.94110107421875,56.31
47.79792404174805,53.8
43.62356948852539,47.45
39.517520904541016,46.97
36.6303825378418,45.52
33.21866989135742,42.81
29.491662979125977,40.92
27.56267547607422,41.1
27.5376033782959,41.02
29.365577697753906,43.04
33.566246032714844,46.66
39.26891326904297,50.82
45.89631652832031,59.89
52.25374221801758,61.75
55.974998474121094,66.42
58.33701705932617,67.3
57.53738784790039,66.21
54.57124710083008,61.54
49.940879821777344,56.18
44.70535659790039,49.28
39.20030975341797,43.14
33.58058547973633,36.36
28.10327911376953,30.4
22.882843017578125,24.45
17.843717575073242,18.65
13.295856475830078,13.36
9.432428359985352,8.16
6.354860305786133,5.44
4.403565406799316,2.72
2.9662842750549316,0.81
2.2241082191467285,0.25
2.015350580215454,0.33
1.958356499671936,0.33
1.8807789087295532,0.32
1.8117676973342896,0.32
1.7478690147399902,0.31
1.643255591392517,0.32
1.5658092498779297,0.26
1.4460395574569702,0.23
1.3942246437072754,0.24
1.35428786277771,0.24
1.3276960849761963,0.23
1.3159327507019043,0.22
1.322300672531128,0.23
1.3387563228607178,0.22
1.3787071704864502,0.23
1.4236878156661987,0.23
1.436342716217041,0.23
1.5109636783599854,0.23
1.5433872938156128,0.23
1.6364997625350952,0.24
1.763253927230835,0.24
1.8737685680389404,0.24
1.9597289562225342,0.24
2.1189751625061035,0.23
2.310243844985962,0.24
2.520754337310791,0.23
2.74255633354187,0.24
2.976222038269043,0.23
3.2324843406677246,0.23
3.5100536346435547,0.24
3.862855911254883,0.24
4.128581523895264,0.24
4.4235520362854,0.24
4.7140092849731445,0.24
5.079084396362305,0.24
5.385007381439209,0.23
5.709815502166748,0.24
5.911372661590576,0.24
6.206244945526123,0.23
6.514688014984131,0.24
6.880599021911621,0.24
7.1823015213012695,0.25
7.330445766448975,0.24
7.248138904571533,0.23
6.985467433929443,0.25
6.741626262664795,0.25
7.018614768981934,0.26
7.879708290100098,1.44
9.45849895477295,3.43
11.56147289276123,6.93
14.897910118103027,12.62
19.001773834228516,18.49
24.10425567626953,21.86
30.048507690429688,29.56
37.28690719604492,35.58
43.791748046875,44.2
48.529693603515625,47.54
50.12143325805664,51.66
48.76419448852539,49.42
44.85273742675781,48.24
42.499366760253906,46.45
39.442630767822266,39.78
37.4483757019043,40.07
38.160362243652344,38.18
36.602386474609375,43.1
35.26723861694336,43.83
31.643783569335938,41.39
29.45429039001465,39.78
24.11963653564453,36.26
22.759675979614258,33.72
26.59667205810547,43.25
33.12916946411133,46.04
43.224239349365234,51.81
56.61460494995117,57.63
68.00071716308594,74.85
73.24268341064453,79.13
67.67833709716797,72.96
56.35072326660156,72.65
44.03369140625,46.69
29.974218368530273,29.12
23.67877197265625,23.8
21.28862190246582,21.45
19.051090240478516,19.97
16.439096450805664,19.03
13.284749984741211,12.52
9.524849891662598,7.88
6.942302227020264,5.09
5.348239898681641,3.81
4.210190773010254,2.52
3.2658684253692627,0.96
2.574115514755249,0.2
2.382366895675659,0.33
2.4275457859039307,0.32
2.410984516143799,0.32
2.365859031677246,0.33
2.3165502548217773,0.32
2.2491822242736816,0.32
2.144023895263672,0.32
1.9952983856201172,0.32
1.8700419664382935,0.23
1.7415103912353516,0.24
1.6386137008666992,0.23
1.5926886796951294,0.24
1.5850287675857544,0.22
1.5831825733184814,0.23
1.70864999294281,0.23
1.7834687232971191,0.23
1.7861597537994385,0.24
1.8075686693191528,0.24
1.8488553762435913,0.22
1.8439148664474487,0.23
1.8650380373001099,0.24
1.973848819732666,0.23
2.0902457237243652,0.22
2.2342801094055176,0.23
2.4246773719787598,0.23
2.6081860065460205,0.22
2.7865681648254395,0.22
3.018258571624756,0.23
3.2651596069335938,0.24
3.552297353744507,0.23
3.7853918075561523,0.23
3.9968888759613037,0.24
4.245690822601318,0.23
4.458879470825195,0.23
4.7065958976745605,0.24
4.9994964599609375,0.23
5.325236797332764,0.24
5.632445812225342,0.23
5.940057754516602,0.24
6.254849433898926,0.24
6.562863826751709,0.22
6.868083953857422,0.24
7.166114330291748,0.23
7.467718124389648,0.25
7.646753311157227,0.24
7.818227767944336,0.24
7.995935916900635,0.24
8.130460739135742,0.25
8.167522430419922,0.25
8.569433212280273,0.57
9.654824256896973,2.44
11.379561424255371,2.72
12.908276557922363,5.04
15.165099143981934,7.66
15.915450096130371,12.89
15.212390899658203,13.17
10.37989616394043,12.87
8.599752426147461,15.07
11.75441837310791,18.25
20.188720703125,18.4
33.716575622558594,33.7
49.47256088256836,48.209999999999994
62.583518981933594,74.37
69.98733520507812,77.79
69.06997680664062,78.53
67.04216766357422,71.29
64.71697235107422,64.22
64.95089721679688,78.33
68.3650131225586,74.98
64.35911560058594,72.05
60.47438430786133,68.58
60.75769805908203,66.73
61.00625228881836,69.22
61.36870574951172,64.98
55.87492370605469,60.1
52.21077346801758,60.32
43.25515365600586,66.1
36.600399017333984,46.16
31.570749282836914,48.11
35.27432632446289,42.48
40.01126480102539,50.31
47.97050857543945,50.42
54.12467956542969,68.38
58.078914642333984,63.5
54.03813552856445,60.65
50.28474426269531,55.91
44.59672164916992,48.63
37.72605514526367,40.34
31.008838653564453,33.46
24.796016693115234,27.49
18.82563018798828,21.06
13.23410415649414,9.32
8.510000228881836,9.25
6.499759674072266,5.28
4.205326080322266,2.36
2.786750555038452,0.34
2.078691244125366,0.37
1.9264329671859741,0.32
1.8697739839553833,0.33
1.7805488109588623,0.32
1.6883394718170166,0.32
1.6139832735061646,0.31
1.539226770401001,0.31
1.455273985862732,0.25
1.3651713132858276,0.24
1.3104346990585327,0.23
1.2634685039520264,0.24
1.311190128326416,0.23
1.2631536722183228,0.23
1.31669020652771,0.24
1.3571054935455322,0.23
1.2883782386779785,0.24
1.2960091829299927,0.23
1.286365032196045,0.23
1.2686517238616943,0.23
1.3175115585327148,0.24
1.4206048250198364,0.24
1.5120848417282104,0.22
1.6216801404953003,0.23
1.7589718103408813,0.23
1.907993197441101,0.24
2.11545467376709,0.23
2.362980842590332,0.24
2.6385421752929688,0.23
2.8640382289886475,0.24
3.1106441020965576,0.23
3.3830323219299316,0.23
3.620028018951416,0.23
3.773794412612915,0.25
3.8581833839416504,0.23
4.139852523803711,0.25
4.564617156982422,0.24
4.9551777839660645,0.24
5.324614524841309,0.23
5.756227016448975,0.24
6.127686500549316,0.24
6.487661361694336,0.24
6.805098533630371,0.24
7.02018404006958,0.23
7.09854793548584,0.23
6.962081432342529,0.24
6.683229923248291,0.24
6.477352142333984,0.24
6.676558494567871,0.56
7.673633575439453,1.98
10.381908416748047,4.99
14.80946159362793,10.02
20.250375747680664,16.36
26.08653450012207,23.33
31.493173599243164,30.58
35.59995651245117,37.59
37.9221305847168,38.75
38.077239990234375,38.43
37.668670654296875,40.21
37.6923828125,40.69
36.22484588623047,40.9
35.75975036621094,42.50999999999999
36.28133773803711,43.22
37.135902404785156,45.96
38.68561553955078,49.83
39.83180618286133,50.48
40.640830993652344,55.7
42.89272689819336,55.48
45.92852020263672,57.56
50.04832077026367,59.34
52.95441436767578,59.3
53.623878479003906,60.25
52.703128814697266,57.89
47.37226867675781,52.75
40.26243209838867,44.55
32.51241683959961,36.01
25.246984481811523,28.01
18.7509708404541,21.05
13.115050315856934,7.23
8.52708625793457,9.65
7.344236373901367,7.7
4.935823917388916,1.36
2.8545334339141846,0.44
2.4165573120117188,0.25
2.2644972801208496,0.33
2.200924873352051,0.33
2.1255686283111572,0.33
2.019695997238159,0.33
1.9018059968948364,0.32
1.7781437635421753,0.31
1.6224515438079834,0.23
1.529382586479187,0.24
1.4399429559707642,0.23
1.373392105102539,0.23
1.3343971967697144,0.23
1.30164635181427,0.24
1.3353779315948486,0.23
1.3586512804031372,0.23
1.3959758281707764,0.23
1.4489778280258179,0.23
1.5040936470031738,0.23
1.6044801473617554,0.23
1.683211326599121,0.24
1.7615346908569336,0.24
1.826013445854187,0.23
1.9271528720855713,0.23
2.046712636947632,0.24
2.152886152267456,0.23
2.361961603164673,0.24
2.5680296421051025,0.24
2.7393500804901123,0.24
2.9773740768432617,0.24
3.2427589893341064,0.23
3.5169780254364014,0.24
3.7862040996551514,0.24
4.0953826904296875,0.23
4.381521224975586,0.23
4.7091240882873535,0.25
5.044497489929199,0.24
5.385313510894775,0.24
5.803268909454346,0.24
6.1040568351745605,0.23
6.528414249420166,0.22
6.803947925567627,0.24
7.107641220092773,0.24
7.315191268920898,0.23
7.352624893188477,0.24
7.251462459564209,0.24
7.105515003204346,0.23
7.056765556335449,0.24
7.394989967346191,0.36
8.371204376220703,2.22
10.349125862121582,5.26
13.06628704071045,9.43
16.499820709228516,14.76
20.977121353149414,20.87
26.878232955932617,27.59
33.637638092041016,34.75
40.591487884521484,41.94
46.78913879394531,49.09
51.54035186767578,55.8
53.857078552246094,59.94
54.64031982421875,59.85
55.63214874267578,60.87
57.41547775268555,61.94
59.10432434082031,63.7
59.28839874267578,64.97
57.20662307739258,69.27
53.693302154541016,68.28
48.80781936645508,59.3
45.63145446777344,57.9
47.436058044433594,55.06
49.93973159790039,57.53
52.50189208984375,61.13
52.39886474609375,59.89
48.91410827636719,53.42
43.11920166015625,46.95
36.955078125,40.12
30.553993225097656,32.98
24.162452697753906,25.85
18.097721099853516,19.14
12.719191551208496,11.25
8.38703727722168,7.3
5.713076591491699,3.51
3.872819423675537,1.4
2.8976945877075195,0.29
2.494755268096924,0.34
2.3885080814361572,0.33
2.234771251678467,0.33
2.080345630645752,0.32
1.9768531322479248,0.32
1.8581880331039429,0.32
1.8046714067459106,0.33
1.6960580348968506,0.22
1.6020407676696777,0.24
1.5491987466812134,0.22
1.4901431798934937,0.23
1.4118038415908813,0.23
1.3737300634384155,0.23
1.353356122970581,0.23
1.3389554023742676,0.23
1.3726409673690796,0.23
1.4333730936050415,0.24
1.480464220046997,0.23
1.5682777166366577,0.23
1.6406835317611694,0.23
1.7498763799667358,0.24
1.8464300632476807,0.24
1.9619373083114624,0.22
2.091937303543091,0.24
2.254486560821533,0.23
2.4696669578552246,0.23
2.6307060718536377,0.23
2.87695050239563,0.24
3.116971731185913,0.24
3.376384973526001,0.23
3.6373770236968994,0.23
3.9773495197296143,0.24
4.280860424041748,0.24
4.608348369598389,0.23
4.94882345199585,0.25
5.299989223480225,0.23
5.66291618347168,0.24
6.045653820037842,0.24
6.397030830383301,0.24
6.752814292907715,0.24
7.100403785705566,0.24
7.418639183044434,0.23
7.631351947784424,0.24
7.6789727210998535,0.23
7.680450439453125,0.23
7.548163414001465,0.23
7.574647903442383,0.24
7.719209671020508,0.43
8.463844299316406,2.26
10.003860473632812,5.28
12.306989669799805,7.94
15.505724906921387,13.59
20.248952865600586,18.93
26.098819732666016,27.61
33.94548416137695,35.03
41.26708984375,42.21
48.0380859375,48.97
53.72727584838867,55.23
57.20802307128906,59.84
57.90983200073242,63.14999999999999
55.6912727355957,58.8
52.14542007446289,60.3
49.15886688232422,59.13
46.356319427490234,56.48
45.71086120605469,57.0
47.782684326171875,59.03
51.06309509277344,61.51
55.191566467285156,63.93
59.56489944458008,71.65
62.2581901550293,72.36
61.86695861816406,67.79
57.64934158325195,61.99
51.67522048950195,55.77
44.57304382324219,48.89
36.81913375854492,42.09
29.040836334228516,32.86
21.5721378326416,19.66
15.129236221313477,14.5
11.591004371643066,12.45
8.573515892028809,6.65
5.621438503265381,3.62
3.9019737243652344,1.54
2.861130952835083,0.28
2.3747212886810303,0.35
2.299715280532837,0.34
2.2243587970733643,0.34
2.1365911960601807,0.33
2.0440871715545654,0.33
1.946747899055481,0.33
1.8706870079040527,0.29
1.7823907136917114,0.23
1.729016661643982,0.24
1.7114704847335815,0.23
1.7013972997665405,0.25
1.735399603843689,0.25
1.788437843322754,0.23
1.7835092544555664,0.24
1.8183430433273315,0.24
1.864731788635254,0.24
1.920946478843689,0.23
1.9841852188110352,0.23
2.07018780708313,0.23
2.0700225830078125,0.24
1.9982709884643555,0.23
2.033637762069702,0.23
2.1409053802490234,0.24
2.1902964115142822,0.23
2.500483989715576,0.23
2.741560935974121,0.23
2.9086408615112305,0.24
3.0799357891082764,0.24
3.39656400680542,0.24
3.6204681396484375,0.24
3.967888116836548,0.24
4.242665767669678,0.25
4.498346328735352,0.23
4.745891094207764,0.24
5.011754989624023,0.23
5.344534873962402,0.24
5.74993371963501,0.23
6.083856105804443,0.23
6.496523857116699,0.24
6.844346523284912,0.24
7.1464009284973145,0.23
7.489888668060303,0.23
7.7602081298828125,0.23
7.932202339172363,0.24
8.129446029663086,0.22
8.341287612915039,0.24
8.008639335632324,0.24
7.867611885070801,0.25
9.016519546508789,1.63
11.352215766906738,3.66
14.208117485046387,4.71
17.482519149780273,8.12
21.02703094482422,17.98
23.610774993896484,20.35
23.08868980407715,20.19
22.60655975341797,20.22
22.794727325439453,21.33
24.082897186279297,24.56
26.864343643188477,29.67
31.38739776611328,34.6
36.962398529052734,39.02
42.6325569152832,45.84
49.5037727355957,50.55
55.47422409057617,59.59
59.792537689208984,65.62
59.65613555908203,62.93
56.49564743041992,57.38
52.54544448852539,61.46
49.59324645996094,57.5
44.91164016723633,50.17
40.603755950927734,49.49
37.086769104003906,48.81
34.35420608520508,48.44
34.92910385131836,48.85
37.08321762084961,51.73
41.956382751464844,50.15
48.751041412353516,55.57
57.2792854309082,69.58
64.12171936035156,76.17000000000002
64.97279357910156,73.95
62.32175064086914,71.55
58.98952865600586,66.1
54.9822998046875,62.76
50.85588836669922,55.74
45.90061569213867,49.57
41.26981735229492,45.16
36.41709899902344,38.72
30.502037048339844,32.58
24.719146728515625,26.0
19.12095069885254,20.09
14.020075798034668,14.62
9.616070747375488,7.96
6.088284492492676,2.43
4.075881004333496,3.06
3.48604154586792,1.09
2.644638776779175,0.24
2.3333687782287598,0.32
2.282447099685669,0.32
2.2056169509887695,0.31
2.1048145294189453,0.31
2.03494930267334,0.3
2.020089626312256,0.27
1.9780609607696533,0.26
1.9410825967788696,0.22
1.8687390089035034,0.24
1.821252703666687,0.23
1.7384356260299683,0.23
1.5051813125610352,0.23
1.033208966255188,0.24
0.8862107396125793,0.23
0.7549479007720947,0.23
0.6462969779968262,0.23
0.5776487588882446,0.23
0.557583212852478,0.24
0.6014156341552734,0.24
0.6737062335014343,0.24
0.7388700246810913,0.24
0.8258156776428223,0.24
0.9347314834594727,0.23
1.0613291263580322,0.23
1.2015808820724487,0.24
1.3920608758926392,0.24
1.6828209161758423,0.24
2.020143747329712,0.25
2.3353137969970703,0.24
2.631319284439087,0.24
2.8723161220550537,0.23
3.1461544036865234,0.23
3.4440557956695557,0.23
3.7742507457733154,0.24
4.1373772621154785,0.25
4.518588542938232,0.24
4.8978471755981445,0.24
5.265847682952881,0.24
5.616296768188477,0.24
5.975154876708984,0.24
6.320765495300293,0.23
6.653687953948975,0.23
6.864657878875732,0.23
6.8643999099731445,0.24
6.669548988342285,0.23
6.347675800323486,0.23
6.148627758026123,0.25
6.445436000823975,0.24
7.167323112487793,1.78
9.001653671264648,4.85
11.784364700317383,9.78
15.880660057067871,16.06
21.265804290771484,23.15
28.007034301757812,29.75
36.342994689941406,40.82
45.491275787353516,49.99
54.36046600341797,58.95
61.53492736816406,66.55
72.3603286743164,73.26
80.87635040283203,79.55
84.9373550415039,81.99
83.12423706054688,87.23
76.11347198486328,82.97
63.84782409667969,87.96
49.821510314941406,45.18
34.789878845214844,44.18
35.9237060546875,42.81
37.48350524902344,44.7
38.98509216308594,43.88
38.34543991088867,38.56
35.89334487915039,37.37
32.985382080078125,36.349999999999994
28.308218002319336,31.29
22.0354061126709,23.25
15.642234802246094,15.58
10.415121078491211,9.33
6.648185729980469,4.69
4.222775936126709,1.91
2.8973565101623535,0.37
2.3044941425323486,0.33
2.1631569862365723,0.31
2.0065014362335205,0.31
1.8387805223464966,0.28
1.6869393587112427,0.28
1.5845822095870972,0.27
1.454054594039917,0.25
1.3430272340774536,0.24
1.2278650999069214,0.22
1.124282717704773,0.23
1.018071174621582,0.23
0.9401540756225586,0.24
0.8519918918609619,0.24
0.805206835269928,0.24
0.7774479389190674,0.23
0.7852628827095032,0.23
0.7227147221565247,0.23
0.7391611337661743,0.24
0.8554642796516418,0.23
0.9010463953018188,0.23
0.8798631429672241,0.24
0.9454144239425659,0.23
1.0804827213287354,0.24
1.1977519989013672,0.23
1.360713005065918,0.24
1.5883214473724365,0.23
1.6925164461135864,0.24
1.8905696868896484,0.23
2.1333541870117188,0.23
2.4196255207061768,0.24
2.698557138442993,0.24
2.9780526161193848,0.24
3.309955358505249,0.24
3.6755833625793457,0.24
4.015696048736572,0.23
4.375208377838135,0.24
4.733349800109863,0.23
5.171788692474365,0.24
5.517455101013184,0.23
5.908560752868652,0.24
6.280442237854004,0.24
6.641318321228027,0.23
6.89608907699585,0.23
6.9137067794799805,0.23
6.80344820022583,0.23
6.628401756286621,0.24
6.944548606872559,0.25
8.003605842590332,0.4
9.782740592956543,2.45
12.435705184936523,6.07
15.133000373840332,10.09
17.593975067138672,14.54
19.380706787109375,16.05
20.358076095581055,17.41
21.253686904907227,18.75
21.67696762084961,18.92
21.39724349975586,20.25
20.5338077545166,20.75
19.843286514282227,22.19
19.529747009277344,22.75
19.069589614868164,23.38
18.651058197021484,26.12
18.713586807250977,28.5
18.298768997192383,26.64
18.936111450195312,27.51
21.739837646484375,27.96
24.815872192382812,28.62
27.361963272094727,29.77
28.446197509765625,28.47
27.380067825317383,29.53
24.885765075683594,29.04
20.250112533569336,21.59
14.30114459991455,14.83
9.428401947021484,8.8
5.802302360534668,3.68
3.4852993488311768,1.63
2.464536190032959,0.29
1.9566665887832642,0.33
1.8327949047088623,0.29
1.7228807210922241,0.27
1.5904067754745483,0.25
1.4672683477401733,0.25
1.3780286312103271,0.25
1.328263282775879,0.24
1.2142982482910156,0.23
1.1549415588378906,0.24
1.0951604843139648,0.24
1.1180514097213745,0.24
1.0922925472259521,0.23
1.0325430631637573,0.23
1.0567569732666016,0.23
0.9331101179122925,0.23
0.9266758561134338,0.23
0.9553035497665405,0.23
0.9968603253364563,0.22
1.0416404008865356,0.23
1.1010702848434448,0.24
1.1901404857635498,0.24
1.2833383083343506,0.24
1.3693841695785522,0.24
1.5288469791412354,0.25
1.6874735355377197,0.24
1.876661777496338,0.23
2.051499128341675,0.23
2.288759231567383,0.25
2.5578861236572266,0.24
2.8540091514587402,0.24
3.169999837875366,0.23
3.4538333415985107,0.24
3.7852730751037598,0.23
4.089376926422119,0.23
4.427998065948486,0.23
4.785764694213867,0.23
5.17226505279541,0.24
5.524520397186279,0.23
5.794783115386963,0.24
6.093018531799316,0.25
6.471949577331543,0.24
6.841475963592529,0.25
7.082869052886963,0.23
7.095088481903076,0.23
6.92282247543335,0.24
6.5757012367248535,0.24
6.721439361572266,0.25
7.378814697265625,0.24
8.62330436706543,1.72
11.03659439086914,4.71
14.09065055847168,9.32
17.775436401367188,15.24
21.287269592285156,17.17
24.2646484375,21.29
27.576955795288086,26.52
30.174009323120117,28.15
31.325237274169922,30.93
31.918304443359375,30.86
31.864501953125,31.98
30.495330810546875,32.16
29.031902313232422,32.85
27.73814582824707,33.12
26.488698959350586,33.12
25.68037223815918,33.88
25.35679817199707,33.26
25.263032913208008,37.76
26.187936782836914,37.78
26.434858322143555,38.39
27.685068130493164,39.27
30.231279373168945,39.86
33.589447021484375,40.35
36.79496765136719,40.71
38.97313690185547,41.71
39.18568801879883,43.7
36.69355392456055,40.91
31.225006103515625,33.55
24.538433074951172,26.19
18.298900604248047,18.93
12.852706909179688,12.59
8.541558265686035,7.61
5.444633960723877,3.56
3.44101881980896,1.41
2.458759307861328,0.26
2.0442726612091064,0.32
1.939437985420227,0.3
1.8403213024139404,0.28
1.744889736175537,0.27
1.6596288681030273,0.27
1.4861880540847778,0.25
1.3815112113952637,0.24
1.299891710281372,0.22
1.2382874488830566,0.23
1.176139235496521,0.23
1.1199294328689575,0.24
1.0953634977340698,0.24
1.081857681274414,0.24
1.02837336063385,0.23
1.014326572418213,0.23
1.0237842798233032,0.23
1.0019104480743408,0.24
1.0220530033111572,0.24
1.0769357681274414,0.23
1.1635409593582153,0.22
1.191298007965088,0.24
1.290837049484253,0.24
1.443078637123108,0.24
1.5744165182113647,0.23
1.746405005455017,0.24
1.9117162227630615,0.24
2.0974955558776855,0.25
2.3082799911499023,0.23
2.576564073562622,0.24
2.840393304824829,0.24
3.1536154747009277,0.24
3.4889819622039795,0.23
3.7842612266540527,0.25
4.1751298904418945,0.24
4.561129570007324,0.24
4.93948221206665,0.23
5.289888381958008,0.24
5.734913349151611,0.22
6.1028971672058105,0.24
6.474162578582764,0.24
6.824810028076172,0.24
7.198779582977295,0.23
7.504213809967041,0.23
7.494203090667725,0.23
7.497375965118408,0.24
7.672109603881836,0.22
7.499369144439697,0.24
6.707509994506836,0.17
6.351973056793213,0.66
7.279445648193359,4.48
10.533117294311523,5.48
15.060635566711426,6.06
21.269123077392578,13.89
29.12320899963379,28.34
35.417903900146484,35.72
37.06074142456055,38.75
36.139892578125,34.36
34.06892395019531,31.97
33.665740966796875,34.31
34.1611328125,33.5
33.3563232421875,33.81
33.039955139160156,34.81
32.20523452758789,33.86
30.224626541137695,34.76
28.00018882751465,33.77
25.066186904907227,32.63
22.52004623413086,32.3
20.226211547851562,26.35
18.624858856201172,27.2
19.614803314208984,28.77
20.45178985595703,29.32
20.701723098754883,29.17
21.311986923217773,27.44
22.84621238708496,27.33
25.30756378173828,27.6
26.909854888916016,27.26
27.18644142150879,27.3
25.789220809936523,28.01
22.481807708740234,25.28
17.311447143554688,18.37
11.733403205871582,10.2
7.308315277099609,6.2
4.688565731048584,2.08
2.9861199855804443,0.41
2.3485236167907715,0.29
2.175081968307495,0.31
2.050405740737915,0.28
1.9315465688705444,0.26
1.816183090209961,0.25
1.741599440574646,0.26
1.6360198259353638,0.25
1.5393604040145874,0.24
1.4701818227767944,0.23
1.421112298965454,0.24
1.365808129310608,0.24
1.3291471004486084,0.23
1.309583306312561,0.24
1.3278472423553467,0.23
1.3292875289916992,0.24
1.3335850238800049,0.24
1.3531802892684937,0.24
1.3729490041732788,0.23
1.3892650604248047,0.23
1.4153425693511963,0.24
1.5393826961517334,0.24
1.6006067991256714,0.23
1.7130075693130493,0.23
1.8154438734054565,0.23
1.9677163362503052,0.24
2.1301352977752686,0.23
2.27957820892334,0.25
2.509521722793579,0.24
2.7214033603668213,0.24
2.9621455669403076,0.23
3.2508327960968018,0.23
3.5269594192504883,0.24
3.822437047958374,0.24
4.131668567657471,0.24
4.458036422729492,0.23
4.796015739440918,0.22
5.1401848793029785,0.23
5.479821681976318,0.24
5.771596431732178,0.24
6.116398334503174,0.23
6.470486164093018,0.24
6.834166526794434,0.24
7.149787902832031,0.24
7.443503379821777,0.23
7.553921699523926,0.23
7.381263732910156,0.24
6.943286895751953,0.23
6.534648895263672,0.25
7.108981132507324,0.17
8.921154975891113,0.77
11.726387977600098,3.5
15.181035041809082,8.6
18.996402740478516,15.44
21.53536605834961,22.3
23.128509521484375,21.94
23.633350372314453,20.7
25.43317985534668,23.46
28.720691680908203,28.83
32.20266342163086,30.56
34.5040397644043,37.06
36.214664459228516,36.93
35.96470260620117,37.27
35.55042266845703,37.62
34.57023620605469,38.53
32.78554916381836,38.4
29.975141525268555,38.15
26.621076583862305,37.3
23.00460433959961,30.86
20.256872177124023,30.65
20.43259620666504,30.75
20.957048416137695,31.17
22.300594329833984,31.77
24.925046920776367,32.31
28.349746704101562,32.69
31.398984909057617,33.59
33.1817741394043,34.44
32.8387336730957,35.77
30.008455276489258,33.58
24.728328704833984,26.37
18.38051414489746,18.54
12.823529243469238,12.36
8.629288673400879,7.04
5.5943498611450195,3.35
3.734102964401245,0.99
2.7904560565948486,0.26
2.4605727195739746,0.33
2.338987112045288,0.3
2.228708028793335,0.29
2.1090080738067627,0.28
2.046684741973877,0.27
1.87400221824646,0.28
1.780452847480774,0.25
1.68211829662323,0.24
1.6345205307006836,0.23
1.5769643783569336,0.24
1.5556247234344482,0.23
1.5096222162246704,0.24
1.5218926668167114,0.23
1.5691455602645874,0.24
1.5937880277633667,0.24
1.5981131792068481,0.23
1.6359753608703613,0.23
1.6749420166015625,0.24
1.7471978664398193,0.24
1.865785837173462,0.23
1.922353982925415,0.24
2.026564598083496,0.23
2.1407787799835205,0.24
2.285630464553833,0.23
2.4914517402648926,0.23
2.599971294403076,0.24
2.8883326053619385,0.24
2.996979236602783,0.24
3.1027984619140625,0.23
3.4983487129211426,0.23
3.8654627799987793,0.24
4.213358402252197,0.24
4.575881004333496,0.24
4.889126300811768,0.24
5.231597423553467,0.23
5.563026428222656,0.24
6.004860877990723,0.24
6.3698039054870605,0.24
6.672028541564941,0.24
7.042825222015381,0.24
7.3826799392700195,0.24
7.700985908508301,0.24
7.948896408081055,0.24
7.99081563949585,0.23
7.7726874351501465,0.23
7.311810493469238,0.24
7.00806188583374,0.24
7.0105109214782715,0.24
7.87700891494751,1.77
11.2675199508667,4.79
15.899299621582031,11.15
22.3909969329834,18.7
29.365291595458984,26.28
35.47490692138672,35.05
39.917667388916016,41.85
41.83955001831055,38.93
41.82746887207031,45.46
42.71672821044922,44.25
41.66985321044922,43.81
41.146331787109375,44.53
40.298160552978516,45.83
37.94841384887695,46.19
35.609832763671875,47.78
34.2645263671875,42.96
34.44518280029297,43.27
37.915802001953125,41.98
41.09578323364258,42.19
42.94071578979492,48.65
41.60747528076172,44.5
35.505035400390625,38.1
28.18446922302246,30.32
20.780733108520508,22.75
14.263694763183594,13.61
8.917296409606934,5.7
5.492222785949707,2.9
3.993389129638672,0.88
3.181354284286499,0.28
2.902491331100464,0.32
2.803532361984253,0.32
2.6973323822021484,0.31
2.5582759380340576,0.31
2.328050136566162,0.3
2.15181827545166,0.29
2.061812162399292,0.25
1.9801433086395264,0.24
1.9371267557144165,0.24
1.9278700351715088,0.22
1.8663005828857422,0.24
1.848813533782959,0.22
1.8277268409729004,0.24
1.8742247819900513,0.23
1.8408684730529785,0.23
1.8384144306182861,0.23
1.8893154859542847,0.23
1.923001766204834,0.23
1.9607105255126953,0.24
1.9989843368530273,0.24
2.1072192192077637,0.24
2.2173869609832764,0.24
2.3445966243743896,0.23
2.527108907699585,0.23
2.7038283348083496,0.24
2.9088618755340576,0.24
3.1334311962127686,0.23
3.365844488143921,0.24
3.608419895172119,0.24
3.880746364593506,0.24
4.211075782775879,0.23
4.505772113800049,0.24
4.885249137878418,0.23
5.214526653289795,0.23
5.5718488693237305,0.24
5.940224647521973,0.23
6.317677021026611,0.23
6.676803112030029,0.24
7.054107666015625,0.23
7.418574333190918,0.25
7.812780380249023,0.23
8.201672554016113,0.24
8.452289581298828,0.23
8.647750854492188,0.24
8.822860717773438,0.23
8.852608680725098,0.24
8.489147186279297,0.25
8.13629150390625,0.17
7.773533344268799,0.91
7.779886245727539,2.02
8.625394821166992,3.79
11.22629451751709,7.66
16.297657012939453,17.62
24.911285400390625,24.65
35.021087646484375,34.94
45.34604263305664,45.27
54.14501190185547,55.13
61.06385803222656,64.8
64.68242645263672,70.72
64.73272705078125,67.32
62.404632568359375,64.24
61.334449768066406,63.93
59.45513916015625,64.79
58.187835693359375,61.49
56.587669372558594,62.17
55.31500244140625,59.42
53.25076675415039,59.63
51.50297927856445,58.2
48.685264587402344,57.32
45.320648193359375,53.8
41.4623908996582,50.62
39.330562591552734,50.29
38.61143493652344,51.21
55.24689865112305,50.67
52.27809143066406,51.92
50.732322692871094,53.39
48.70003128051758,55.67
47.28999328613281,56.11
44.75568389892578,59.85
42.644832611083984,55.44
41.48668670654297,58.75999999999999
40.75026321411133,35.49
34.63217544555664,39.65
33.672428131103516,31.73
29.371749877929688,33.62
25.193294525146484,29.39
18.64926528930664,15.84
11.972883224487305,11.19
8.292360305786133,6.23
5.497974872589111,2.51
3.845923662185669,0.5
3.1067757606506348,0.39
2.9334487915039062,0.32
2.846811532974243,0.33
2.7672390937805176,0.33
2.6308603286743164,0.32
2.4928297996520996,0.31
2.384378671646118,0.3
2.3133385181427,0.23
2.242046594619751,0.24
2.191479206085205,0.23
2.143543243408203,0.23
2.1270339488983154,0.23
2.1308248043060303,0.23
2.147958993911743,0.24
2.166477918624878,0.23
2.1944985389709473,0.24
2.2321536540985107,0.24
2.290055274963379,0.24
2.348003387451172,0.26
2.3797833919525146,0.23
2.392434597015381,0.23
2.5139498710632324,0.24
2.5955381393432617,0.23
2.7918484210968018,0.24
2.9281539916992188,0.24
3.0708208084106445,0.24
3.3033478260040283,0.24
3.544452667236328,0.23
3.7265372276306152,0.23
3.8745391368865967,0.23
4.183935642242432,0.23
4.44025182723999,0.23
4.664875030517578,0.24
5.031806468963623,0.23
5.359988689422607,0.24
5.647181987762451,0.23
6.000138282775879,0.24
6.316151142120361,0.24
6.6787590980529785,0.24
7.020809173583984,0.23
7.313324928283691,0.24
7.610635280609131,0.23
7.918954849243164,0.24
8.199708938598633,0.23
8.208996772766113,0.24
8.302188873291016,0.23
8.83286190032959,0.23
9.263120651245117,0.23
9.678594589233398,0.25
10.801348686218262,1.71
11.9573974609375,5.38
12.248312950134277,6.01
10.928781509399414,4.76
12.178950309753418,10.42
18.694252014160156,14.63
25.9255428314209,14.22
30.129505157470703,19.85
37.26511001586914,35.07
41.755123138427734,47.92
38.588348388671875,40.63
29.327051162719727,27.27
26.69181251525879,25.57
34.22467041015625,48.79
42.05802536010742,29.21
45.73580551147461,39.73
56.23530960083008,50.87
56.486663818359375,67.8
51.13270950317383,61.05
39.71928787231445,40.14
32.522315979003906,47.59
33.445499420166016,30.78
33.3646354675293,33.51
42.56599426269531,56.74
50.17341232299805,48.62
47.907081604003906,48.72
47.69409942626953,49.73
43.65546798706055,52.8
38.48919677734375,51.84
31.88075065612793,34.54
28.256988525390625,30.74
31.81088638305664,30.29
34.04244613647461,32.59
34.20200729370117,43.72
33.115291595458984,33.48
27.52435874938965,36.13
23.885961532592773,17.13
18.254640579223633,16.24
17.364303588867188,15.73
15.54017448425293,21.7
12.646418571472168,7.79
7.563636779785156,6.5
6.092778205871582,3.61
4.735015869140625,1.6
4.005867958068848,0.81
3.7514281272888184,1.87
3.7064356803894043,2.53
3.2649574279785156,0.35
2.5292060375213623,0.27
2.3797597885131836,0.28
2.272514820098877,0.26
2.1712646484375,0.26
2.063838243484497,0.25
1.949074149131775,0.25
1.8823046684265137,0.24
1.865058422088623,0.22
1.7726194858551025,0.23
1.6389682292938232,0.24
1.5594884157180786,0.22
1.5312151908874512,0.23
1.480710744857788,0.24
1.3934788703918457,0.24
1.3708553314208984,0.23
1.3580396175384521,0.24
1.387222409248352,0.24
1.3659257888793945,0.22
1.3401602506637573,0.23
1.3949710130691528,0.23
1.593786597251892,0.24
1.7397019863128662,0.23
1.883298635482788,0.23
2.0182721614837646,0.23
2.171245813369751,0.23
2.332376003265381,0.23
2.573828935623169,0.24
2.848358631134033,0.24
3.0955045223236084,0.24
3.3443586826324463,0.24
3.6110596656799316,0.24
3.887746572494507,0.23
4.173000812530518,0.23
4.543694496154785,0.23
4.920799255371094,0.22
5.266758918762207,0.23
5.624957084655762,0.23
6.009011268615723,0.24
6.359569549560547,0.23
6.712947368621826,0.24
7.070739269256592,0.23
7.438623905181885,0.24
7.7767815589904785,0.24
8.000144958496094,0.23
8.115886688232422,0.23
8.147834777832031,0.23
8.217795372009277,0.23
8.400111198425293,0.25
8.854564666748047,0.25
9.763774871826172,1.75
11.286358833312988,3.57
12.991198539733887,5.88
14.886239051818848,8.49
16.882678985595703,11.45
18.97218894958496,14.73
21.10036277770996,17.83
23.327404022216797,20.9
25.8409423828125,24.78
28.62782859802246,28.49
31.63719367980957,32.51
34.647918701171875,36.39
37.663238525390625,40.65
40.54288864135742,43.96
43.51994323730469,47.05
46.60499572753906,50.60000000000001
49.31532669067383,52.38
51.478458404541016,54.87
52.47671890258789,56.79
51.84728240966797,58.3
49.69646453857422,55.83
46.87148666381836,53.92
45.23031234741211,53.11
44.79560089111328,49.49
45.093841552734375,50.37
46.740089416503906,52.52
47.88957214355469,54.67
47.7775993347168,54.46
46.11347961425781,51.53
43.72275924682617,48.88
41.411495208740234,46.32
39.09799575805664,43.11
36.648216247558594,39.68
34.33681869506836,36.79
31.974897384643555,33.39
28.37534523010254,29.31
24.282129287719727,25.78
20.42729949951172,21.33
16.413700103759766,16.64
12.65832233428955,10.04
9.461894035339355,6.1899999999999995
7.648301124572754,8.68
6.501297473907471,4.11
4.2922492027282715,1.6
3.1327877044677734,0.92
2.6398050785064697,0.21
2.3266773223876953,0.3
2.2274341583251953,0.28
2.075972080230713,0.26
1.9723594188690186,0.26
1.9107255935668945,0.26
1.8277103900909424,0.26
1.7109565734863281,0.24
1.5812101364135742,0.23
1.4865473508834839,0.23
1.39754056930542,0.22
1.3586910963058472,0.23
1.3276147842407227,0.23
1.3410072326660156,0.24
1.3226101398468018,0.22
1.306039810180664,0.24
1.3429464101791382,0.24
1.3508305549621582,0.23
1.3549401760101318,0.24
1.3449939489364624,0.23
1.2999013662338257,0.23
1.3812050819396973,0.23
1.475398063659668,0.23
1.5542807579040527,0.23
1.6970183849334717,0.25
1.831765055656433,0.24
1.9860085248947144,0.25
2.220001220703125,0.24
2.403048038482666,0.24
2.6488876342773438,0.25
2.900678873062134,0.24
3.1688754558563232,0.25
3.4730656147003174,0.24
3.7789740562438965,0.25
4.123556613922119,0.24
4.454596042633057,0.24
4.791158676147461,0.23
5.128879070281982,0.24
5.51104211807251,0.24
5.923102855682373,0.24
6.2773613929748535,0.24
6.630995750427246,0.23
7.005815029144287,0.23
7.343094348907471,0.24
7.649424076080322,0.23
7.836313724517822,0.24
7.897887706756592,0.23
7.884601593017578,0.23
7.899657249450684,0.24
8.087210655212402,0.23
8.609976768493652,0.52
9.725586891174316,2.24
11.419221878051758,4.54
13.495586395263672,7.56
15.953766822814941,10.93
18.64817237854004,14.46
21.572031021118164,18.38
24.52311134338379,22.54
27.479555130004883,27.12
30.400426864624023,31.16
33.27511215209961,35.39
36.481632232666016,39.83
40.163856506347656,43.24
43.68499755859375,47.53
47.37382507324219,51.59
51.29008483886719,55.87
54.502098083496094,59.32
56.82679748535156,61.26
57.98027801513672,60.94
57.908790588378906,63.85
56.838130950927734,64.28
53.501529693603516,60.2
49.25291442871094,59.37
46.66307830810547,56.13
45.61479568481445,54.61
46.43849563598633,53.77
48.48305892944336,56.23
51.04863739013672,59.13
53.197181701660156,63.65
54.25287628173828,62.4
53.21466827392578,59.65
51.842002868652344,57.3
49.94940185546875,54.71
47.34724807739258,53.83
43.86751174926758,47.39
38.55284118652344,41.12
33.569393157958984,35.48
28.958532333374023,31.3
24.502843856811523,24.78
19.931888580322266,19.54
16.048498153686523,15.32
12.571945190429688,12.11
9.506834983825684,8.25
6.73829460144043,5.1
4.660318851470947,2.3
3.247385263442993,0.56
2.5296411514282227,0.23
2.3100996017456055,0.32
2.188868761062622,0.31
2.071641206741333,0.3
1.9751975536346436,0.28
1.914776086807251,0.27
1.8112547397613525,0.26
1.7166087627410889,0.25
1.627381682395935,0.24
1.5499769449234009,0.24
1.45429527759552,0.25
1.3492507934570312,0.23
1.2977579832077026,0.24
1.264189600944519,0.24
1.234555959701538,0.23
1.237521767616272,0.24
1.2602401971817017,0.23
1.285967469215393,0.24
1.3258819580078125,0.24
1.3496029376983643,0.23
1.3851147890090942,0.24
1.4629194736480713,0.25
1.567440390586853,0.23
1.664583683013916,0.23
1.8085135221481323,0.23
1.9847583770751953,0.23
2.140228748321533,0.23
2.3183364868164062,0.24
2.514828681945801,0.24
2.7394332885742188,0.23
3.0241894721984863,0.25
3.2880868911743164,0.24
3.5764896869659424,0.24
3.8616943359375,0.24
4.197587966918945,0.24
4.541242599487305,0.24
4.889577865600586,0.23
5.2504777908325195,0.23
5.604466915130615,0.24
5.963474750518799,0.23
6.326252460479736,0.23
6.688727855682373,0.24
7.048877716064453,0.23
7.396800518035889,0.23
7.788078308105469,0.23
7.982266426086426,0.24
8.139670372009277,0.23
8.199667930603027,0.24
8.276732444763184,0.24
8.437677383422852,0.24
8.829068183898926,0.24
9.603398323059082,1.37
10.900406837463379,3.03
12.518054962158203,5.11
14.350232124328613,7.52
16.367521286010742,10.31
18.338672637939453,13.49
20.35668182373047,16.6
22.72565460205078,20.16
25.417570114135742,23.48
28.27254867553711,27.3
31.097707748413086,30.44
33.6692008972168,34.34
36.11934280395508,38.1
38.15943908691406,41.04
40.500125885009766,43.43
43.10316848754883,46.11
45.94960403442383,48.48
48.11495590209961,51.16
49.418251037597656,53.51
48.95176696777344,55.18
46.98794937133789,53.13
44.70871353149414,51.51
43.719539642333984,48.95
43.818119049072266,48.93
45.2004280090332,48.91
46.54423522949219,51.52
47.31589126586914,53.42
46.25724792480469,51.64
43.772125244140625,48.2
41.0528564453125,45.33
38.542205810546875,42.06
35.87845230102539,39.03
33.17880630493164,35.97
30.26202964782715,32.36
27.192197799682617,28.59
24.103527069091797,24.83
21.063413619995117,21.25
18.17840003967285,18.0
15.397675514221191,14.57
12.679330825805664,11.44
10.107234954833984,8.74
7.861941814422607,6.13
5.8907341957092285,4.08
4.368860244750977,2.18
3.2528860569000244,0.68
2.636289596557617,0.21
2.420893669128418,0.29
2.347285747528076,0.26
2.252009391784668,0.26
2.1606695652008057,0.26
2.0677685737609863,0.25
1.9760675430297852,0.24
1.8908692598342896,0.25
1.8229038715362549,0.23
1.7572966814041138,0.24
1.701985239982605,0.23
1.6191104650497437,0.23
1.520574927330017,0.23
1.4822444915771484,0.23
1.458896517753601,0.24
1.4978055953979492,0.24
1.4684118032455444,0.24
1.4714632034301758,0.23
1.4961018562316895,0.23
1.5029081106185913,0.23
1.5199694633483887,0.24
1.5653952360153198,0.23
1.6492379903793335,0.24
1.8108782768249512,0.24
1.9366594552993774,0.24
2.1303114891052246,0.24
2.289217472076416,0.24
2.484351396560669,0.24
2.7498176097869873,0.22
3.007801055908203,0.23
3.2934365272521973,0.24
3.5349972248077393,0.23
3.885366916656494,0.23
4.203813552856445,0.23
4.570479393005371,0.23
4.784177780151367,0.24
5.058673858642578,0.23
5.400961399078369,0.24
5.553303241729736,0.23
5.690306186676025,0.23
5.955483913421631,0.23
6.397909641265869,0.24
7.009658336639404,0.24
7.504823207855225,0.24
7.810966968536377,0.22
8.112214088439941,0.23
8.273112297058105,0.23
8.344801902770996,0.23
8.44195556640625,0.24
8.591757774353027,0.24
8.910483360290527,0.17
9.476367950439453,1.33
10.714945793151855,3.24
12.487279891967773,5.45
14.442289352416992,8.13
16.582822799682617,11.29
18.932405471801758,14.78
21.48334312438965,18.53
24.20106315612793,22.32
27.11805534362793,26.26
30.441951751708984,30.68
34.07773971557617,35.03
37.334476470947266,39.16
40.312644958496094,43.22
42.8851318359375,47.14
45.09747314453125,50.46
47.34809875488281,52.48
49.76472473144531,54.15
52.83957290649414,57.88
55.23249053955078,60.1
56.3786735534668,62.95
56.44901657104492,64.6
55.934242248535156,63.57
55.00128173828125,62.52
54.84265899658203,59.06
54.44343566894531,61.28
55.031368255615234,61.62
54.321922302246094,62.26
52.55292510986328,57.91
49.710609436035156,55.2
47.36851501464844,51.16
44.748619079589844,50.08
41.8221435546875,45.42
38.04020690917969,41.2
34.327091217041016,37.06
30.599084854125977,32.22
26.954599380493164,27.75
23.415931701660156,23.84
19.993623733520508,19.94
16.68648338317871,16.0
13.573159217834473,12.59
10.70379638671875,9.37
8.10841178894043,5.51
5.982485771179199,4.3
4.65557336807251,2.1899999999999995
3.4819674491882324,0.67
2.779184341430664,0.23
2.493636131286621,0.29
2.383357048034668,0.28
2.2727344036102295,0.28
2.1534454822540283,0.28
2.043715476989746,0.27
1.9381173849105835,0.26
1.817777395248413,0.25
1.7140885591506958,0.25
1.5934611558914185,0.24
1.5074715614318848,0.24
1.4911694526672363,0.24
1.4644885063171387,0.23
1.4438400268554688,0.24
1.378525972366333,0.24
1.3430103063583374,0.23
1.3146640062332153,0.23
1.294198989868164,0.23
1.3008825778961182,0.24
1.3338209390640259,0.23
1.3765099048614502,0.23
1.4510524272918701,0.24
1.5406548976898193,0.24
1.6444779634475708,0.22
1.7219663858413696,0.23
1.8537079095840454,0.23
1.9883490800857544,0.24
2.1199357509613037,0.23
2.3239758014678955,0.24
2.5804026126861572,0.24
2.8423352241516113,0.24
3.1007373332977295,0.23
3.3676671981811523,0.23
3.688042163848877,0.24
3.968295097351074,0.23
4.3080902099609375,0.24
4.694612503051758,0.24
5.054406642913818,0.25
5.396402359008789,0.24
5.7279839515686035,0.23
6.100946426391602,0.24
6.478233337402344,0.24
6.855366230010986,0.23
7.199343204498291,0.24
7.5582733154296875,0.23
7.804694175720215,0.25
7.898547172546387,0.24
7.902968883514404,0.24
7.868734836578369,0.24
7.926770210266113,0.24
8.257911682128906,0.28
9.045842170715332,1.67
10.453426361083984,3.89
12.281230926513672,6.75
14.589656829833984,10.35
17.431072235107422,14.42
20.708267211914062,18.81
24.367414474487305,24.29
28.40683937072754,29.690000000000005
32.59590148925781,35.52
37.05360794067383,41.15
41.6279296875,46.17
46.3870964050293,51.83
51.81047439575195,57.26
56.83432388305664,62.2
61.36998748779297,66.37
64.96443939208984,70.13
67.49313354492188,73.31
67.91101837158203,75.12
66.42955780029297,73.22
63.75810241699219,72.88
61.45412063598633,70.55
59.129634857177734,68.94
57.98283767700195,66.49
58.23006057739258,68.38
59.89624786376953,69.84
61.428165435791016,70.58
62.47932052612305,70.61
63.53252410888672,72.58
64.02275848388672,72.72
62.66658401489258,68.44
59.733062744140625,66.38
56.459877014160156,61.96
52.22281265258789,57.26
46.66365432739258,49.76
40.7077522277832,43.76
35.22563171386719,37.36
29.46648406982422,31.06
24.067829132080078,26.08
19.00360870361328,15.79
14.145611763000488,15.74
11.28360366821289,9.36
7.669647216796875,4.88
5.415696144104004,3.82
4.193063735961914,1.69
3.135105848312378,0.92
2.635870933532715,0.25
2.351944923400879,0.32
2.2679965496063232,0.31
2.172856569290161,0.3
2.0772879123687744,0.3
1.9655580520629883,0.29
1.8385872840881348,0.27
1.7262663841247559,0.25
1.6430416107177734,0.22
1.585854411125183,0.23
1.5854573249816895,0.24
1.590714693069458,0.24
1.5918785333633423,0.23
1.5678611993789673,0.23
1.5384653806686401,0.23
1.5089645385742188,0.24
1.3903658390045166,0.23
1.2113862037658691,0.24
1.2380859851837158,0.22
1.3245042562484741,0.23
1.4117157459259033,0.24
1.512244701385498,0.23
1.6277536153793335,0.24
1.7517157793045044,0.23
1.8950868844985962,0.23
2.031738519668579,0.23
2.1957802772521973,0.23
2.3959929943084717,0.24
2.6142728328704834,0.23
2.8602688312530518,0.24
3.1168460845947266,0.25
3.394202470779419,0.24
3.6794652938842773,0.23
3.9938735961914062,0.23
4.3119401931762695,0.24
4.624596118927002,0.22
4.931209564208984,0.23
5.26705265045166,0.24
5.579999923706055,0.23
5.946356773376465,0.23
6.257524013519287,0.23
6.607978820800781,0.24
6.965251445770264,0.24
7.324612617492676,0.23
7.692782402038574,0.24
7.943100452423096,0.23
8.017486572265625,0.24
7.915894985198975,0.23
7.728306770324707,0.23
7.674178123474121,0.25
7.905097484588623,0.24
8.759397506713867,1.48
10.40300464630127,3.97
12.735578536987305,7.79
15.573620796203613,12.04
18.76842498779297,16.41
22.372587203979492,22.01
26.52240562438965,27.38
30.984237670898438,33.72999999999999
35.924232482910156,39.89
41.05669021606445,46.15
46.964176177978516,51.86
53.00522232055664,57.7
59.22240447998047,63.5
64.544677734375,68.86
68.8185806274414,73.39
71.05714416503906,77.62
71.25235748291016,76.08
69.13621520996094,76.03
66.46797943115234,72.74
63.24473190307617,72.68
60.68606185913086,68.74
58.14767837524414,67.86
56.97779083251953,66.12
56.34733581542969,66.08000000000001
56.99321365356445,67.48
58.131832122802734,67.54
59.3869743347168,68.27
60.7716178894043,68.86
61.642738342285156,68.71
61.445335388183594,69.39
59.841224670410156,66.51
56.48619079589844,62.25
52.779457092285156,56.96
47.98953628540039,50.74
42.26092529296875,44.83
36.24766159057617,38.74000000000001
30.352807998657227,33.35
24.570222854614258,25.99
19.136295318603516,16.37
14.83102798461914,15.06
12.407697677612305,10.93
9.488015174865723,9.13
7.155554294586182,4.81
4.905968189239502,3.1
3.645266056060791,1.15
2.751147747039795,0.27
2.329660654067993,0.32
2.1862094402313232,0.33
2.076265573501587,0.3
1.9590182304382324,0.27
1.825426697731018,0.27
1.7115087509155273,0.26
1.6149799823760986,0.24
1.5043672323226929,0.23
1.4233046770095825,0.24
1.349507451057434,0.25
1.2832326889038086,0.23
1.2441294193267822,0.23
1.1962745189666748,0.22
1.179503083229065,0.24
1.1702028512954712,0.23
1.1599596738815308,0.24
1.1794193983078003,0.23
1.2219752073287964,0.24
1.2724127769470215,0.24
1.3408716917037964,0.25
1.44551420211792,0.24
1.540271282196045,0.24
1.663046956062317,0.23
1.7717410326004028,0.23
1.8753442764282227,0.24
1.9375090599060059,0.23
2.072704792022705,0.23
2.2438690662384033,0.23
2.4679925441741943,0.24
2.7476863861083984,0.24
3.0382165908813477,0.24
3.341395139694214,0.24
3.535454273223877,0.24
3.8547966480255127,0.23
4.177057266235352,0.24
4.505697727203369,0.23
4.847476005554199,0.24
5.219485759735107,0.22
5.613907814025879,0.25
5.99440336227417,0.25
6.369967460632324,0.25
6.743828773498535,0.23
7.104592800140381,0.24
7.471846103668213,0.24
7.683448314666748,0.24
7.7388386726379395,0.23
7.638497352600098,0.24
7.520757675170898,0.24
7.521964073181152,0.26
7.83439302444458,0.24
8.687132835388184,2.0
10.412437438964844,4.64
12.705257415771484,8.1
15.529779434204102,12.29
18.861515045166016,17.28
22.814733505249023,22.92
27.229063034057617,28.92
32.00276184082031,35.08
37.06869125366211,41.56
42.35875701904297,47.97
47.570613861083984,54.23
52.9272575378418,59.52
58.44916915893555,64.74
63.930023193359375,69.77
69.36709594726562,74.17
73.20845794677734,78.42
75.46339416503906,81.74
75.56843566894531,82.47
73.43682861328125,80.82
70.06432342529297,79.35
66.66593933105469,73.72
63.86955642700195,74.13
62.62458419799805,72.67
61.04123306274414,71.01
60.700008392333984,71.71
61.77212905883789,72.61
63.12545394897461,72.35
63.9875602722168,71.56
64.62788391113281,72.91
64.76522064208984,74.27
62.826786041259766,71.17
59.46371841430664,65.14
56.10352325439453,58.91
51.71231460571289,55.99
46.74563980102539,49.61
39.960140228271484,42.36
33.183189392089844,37.54
26.724594116210938,27.27
20.144811630249023,16.56
15.441659927368164,15.7
12.790237426757812,11.49
9.598031044006348,9.1
6.97548246383667,4.69
4.602237701416016,2.3
3.310159206390381,0.89
2.642338752746582,0.3
2.3772294521331787,0.33
2.293370008468628,0.31
2.171433210372925,0.31
2.053013801574707,0.29
1.9337570667266846,0.27
1.803540825843811,0.27
1.6950972080230713,0.23
1.5894502401351929,0.23
1.5137783288955688,0.23
1.443382740020752,0.23
1.3943239450454712,0.24
1.3307414054870605,0.24
1.2886853218078613,0.23
1.2822685241699219,0.23
1.2675302028656006,0.24
1.2550960779190063,0.23
1.266081690788269,0.24
1.3045680522918701,0.23
1.3383127450942993,0.24
1.4115819931030273,0.24
1.4882665872573853,0.23
1.5948762893676758,0.23
1.7130037546157837,0.23
1.8400790691375732,0.23
2.001267671585083,0.23
2.182508707046509,0.24
2.3818914890289307,0.23
2.6285219192504883,0.24
2.8833670616149902,0.23
3.144078254699707,0.24
3.4158036708831787,0.23
3.7026565074920654,0.24
3.992780923843384,0.24
4.290163516998291,0.23
4.607583045959473,0.24
4.941954135894775,0.24
5.2811808586120605,0.25
5.632033348083496,0.24
5.976502895355225,0.22
6.33467435836792,0.23
6.660372257232666,0.23
6.993346214294434,0.22
7.323617935180664,0.23
7.648834228515625,0.23
7.925008773803711,0.23
7.941826820373535,0.24
7.630102634429932,0.23
7.046248435974121,0.25
6.722903251647949,0.24
8.045334815979004,0.47
10.432284355163574,0.88
12.34994888305664,4.07
14.439427375793457,10.07
16.58740234375,17.03
17.39863395690918,21.35
19.002161026000977,15.62
22.60154914855957,20.01
29.73996353149414,35.15
40.71867370605469,42.27
45.79549789428711,49.16
49.96329879760742,59.91
53.76467514038086,57.28
56.63035583496094,65.09
63.00202560424805,76.54
65.92379760742188,54.74
66.56959533691406,79.51
75.54138946533203,83.23
72.99569702148438,81.42
69.05474853515625,75.93
65.5605239868164,74.75
63.81825256347656,73.59
62.32353591918945,71.76
61.33852767944336,72.05
61.23081970214844,73.62
61.99075698852539,74.00999999999999
63.12274169921875,74.1
64.65141296386719,74.85
66.99549102783203,76.16
68.60432434082031,78.48
69.0628662109375,79.07
67.44606018066406,75.9
64.31555938720703,71.49
60.494117736816406,67.41
56.240997314453125,60.42
51.32516098022461,55.56
46.3044548034668,49.51
40.26741027832031,42.77
33.849266052246094,35.27
27.288816452026367,28.51
21.13721466064453,21.23
15.478471755981445,15.01
10.850584030151367,9.56
7.309267520904541,5.55
4.888514995574951,2.01
3.3680107593536377,0.68
2.750000476837158,0.29
2.4767632484436035,0.31
2.332467794418335,0.31
2.1876237392425537,0.31
2.1177940368652344,0.3
2.0034103393554688,0.28
1.8916046619415283,0.27
1.8036211729049683,0.23
1.6888033151626587,0.22
1.6134346723556519,0.23
1.505236029624939,0.22
1.443530559539795,0.24
1.3669147491455078,0.22
1.2943791151046753,0.23
1.2501806020736694,0.23
1.1938680410385132,0.23
1.1733201742172241,0.25
1.1563328504562378,0.24
1.148543119430542,0.23
1.1549317836761475,0.23
1.2167268991470337,0.24
1.3139201402664185,0.23
1.3439289331436157,0.23
1.4485172033309937,0.23
1.5672030448913574,0.23
1.7045897245407104,0.24
1.8636786937713623,0.23
2.0654141902923584,0.23
2.280369758605957,0.23
2.5256946086883545,0.23
2.814840078353882,0.25
3.0839133262634277,0.24
3.3988678455352783,0.23
3.713775396347046,0.24
4.037487983703613,0.25
4.401951789855957,0.24
4.754189968109131,0.23
5.143914699554443,0.23
5.522282123565674,0.24
6.03325891494751,0.23
6.2839035987854,0.24
6.663832187652588,0.24
7.1722235679626465,0.23
7.650303840637207,0.24
7.895589828491211,0.23
8.172894477844238,0.24
8.124119758605957,0.23
7.941720485687256,0.23
7.573215961456299,0.23
7.324641227722168,0.24
7.571666240692139,0.23
8.651439666748047,2.39
10.788834571838379,5.83
13.823139190673828,10.65
17.798078536987305,16.83
22.708574295043945,23.7
28.374011993408203,30.9
34.6330451965332,38.51
41.33686828613281,46.55
48.11754608154297,54.13
55.1214599609375,61.11
61.761627197265625,67.51
67.7750015258789,73.21
73.27957153320312,78.94
77.54161834716797,83.68
80.18525695800781,87.11
80.67557525634766,86.35
79.38587188720703,86.51
77.58523559570312,86.19
74.63461303710938,82.95
71.39210510253906,81.38
68.52674102783203,78.45
65.72216796875,79.09
65.19432830810547,77.94
66.29576873779297,77.8
68.50444793701172,79.6
71.74556732177734,79.7
74.80725860595703,84.63
77.31951904296875,90.19
76.69359588623047,86.89
72.56201934814453,78.97
67.97753143310547,76.09
64.1782455444336,70.62
59.4552001953125,64.95
54.2962760925293,58.42
48.57389831542969,51.49
42.224891662597656,44.59
35.5963249206543,37.32
28.91649627685547,30.04
22.421661376953125,22.82
16.424734115600586,15.68
11.41930866241455,9.27
7.722185134887695,6.06
5.439105033874512,2.7
3.8014755249023438,0.75
2.9819509983062744,0.26
2.702033281326294,0.34
2.5675535202026367,0.32
2.4198718070983887,0.31
2.258645534515381,0.3
2.1015915870666504,0.29
1.998700737953186,0.27
1.868062973022461,0.24
1.7609045505523682,0.23
1.6568403244018555,0.23
1.5735477209091187,0.23
1.4984841346740723,0.22
1.429162621498108,0.24
1.398144006729126,0.23
1.3711222410202026,0.23
1.3627173900604248,0.23
1.3605221509933472,0.24
1.3871588706970215,0.23
1.3822269439697266,0.24
1.4255130290985107,0.24
1.4665714502334595,0.22
1.5445408821105957,0.25
1.6659493446350098,0.23
1.7888245582580566,0.24
1.9144231081008911,0.24
2.0548837184906006,0.23
2.195882558822632,0.23
2.3717079162597656,0.24
2.573781967163086,0.24
2.7776095867156982,0.23
2.952446222305298,0.23
3.269310712814331,0.23
3.5444414615631104,0.24
3.8856260776519775,0.23
4.215331554412842,0.23
4.557293891906738,0.24
4.937182426452637,0.23
5.286009788513184,0.24
5.662917137145996,0.23
6.044105052947998,0.23
6.40049934387207,0.23
6.776887893676758,0.23
7.151995658874512,0.23
7.505974292755127,0.23
7.817203998565674,0.24
8.033465385437012,0.23
8.048359870910645,0.23
7.905211925506592,0.23
7.577520370483398,0.23
7.248246669769287,0.24
7.302834510803223,0.31
8.065286636352539,2.05
10.000040054321289,4.86
13.04392147064209,8.97
17.24030303955078,15.39
22.323347091674805,22.35
27.66313934326172,29.78
33.199501037597656,37.07
38.71644973754883,44.12
44.45918273925781,50.71
50.63336181640625,57.35
56.99082946777344,64.31
63.48311233520508,70.15
69.38500213623047,76.18
73.75578308105469,81.27
77.17736053466797,85.22
79.60862731933594,88.19
81.25277709960938,89.42
81.76493072509766,88.29
81.6474609375,88.72
81.51632690429688,93.19
80.50255584716797,91.28
77.706787109375,88.84
76.08383178710938,86.64
75.44894409179688,85.9
76.21489715576172,86.72
77.26364135742188,87.93
77.88604736328125,89.19
77.58167266845703,89.03
76.0272445678711,85.55
73.75772094726562,84.15
71.47093200683594,79.57
68.3031005859375,76.52
64.90415954589844,71.59
60.65739822387695,66.09
55.55903625488281,59.9
49.76955795288086,52.97
43.302772521972656,46.04
36.5270881652832,38.51
29.51409149169922,30.96
22.66072654724121,22.59
16.40070343017578,16.17
11.451237678527832,10.36
7.585731029510498,5.83
4.936309814453125,2.46
3.3388302326202393,0.44
2.632993459701538,0.36
2.4965648651123047,0.33
2.3936104774475098,0.32
2.313223361968994,0.32
2.2049686908721924,0.31
2.036876678466797,0.28
1.903383493423462,0.29
1.7901463508605957,0.24
1.6669179201126099,0.22
1.586693286895752,0.23
1.511223316192627,0.23
1.4505419731140137,0.23
1.3826584815979004,0.23
1.3203262090682983,0.24
1.2713565826416016,0.23
1.2190815210342407,0.23
1.1968110799789429,0.23
1.187242031097412,0.22
1.1507489681243896,0.23
1.1693321466445923,0.23
1.225803017616272,0.23
1.2392981052398682,0.23
1.3370816707611084,0.23
1.4878495931625366,0.23
1.6743032932281494,0.23
1.8815326690673828,0.23
1.9505996704101562,0.23
2.1220703125,0.23
2.2970359325408936,0.24
2.544635534286499,0.23
2.8756582736968994,0.24
3.1416115760803223,0.24
3.4332382678985596,0.23
3.7348225116729736,0.23
4.067373275756836,0.24
4.418351650238037,0.23
4.78270959854126,0.24
5.147130966186523,0.24
5.516401290893555,0.23
5.869571685791016,0.24
6.248010158538818,0.23
6.601324558258057,0.23
6.9799418449401855,0.24
7.415645599365234,0.24
7.59564733505249,0.24
7.777096271514893,0.22
7.78020715713501,0.24
7.620879650115967,0.23
7.34005880355835,0.23
7.095200061798096,0.24
7.262177467346191,0.17
8.130169868469238,1.94
10.139094352722168,5.19
13.168366432189941,9.68
17.11981773376465,15.43
21.87112808227539,22.35
27.36202049255371,29.690000000000005
33.37953186035156,37.2
39.583011627197266,44.82
45.996421813964844,51.74
53.06718444824219,58.91
58.957576751708984,65.43
64.26441192626953,70.81
68.89994812011719,76.29
73.51966094970703,80.99
78.736328125,84.63
83.40687561035156,87.92
87.04791259765625,90.69
87.58893585205078,92.48
84.84725189208984,93.79
78.79280853271484,90.37
70.62538146972656,80.1
63.24138259887695,73.6
60.37456512451172,73.53
60.618385314941406,69.58
62.43394470214844,74.33
66.5038833618164,77.88
69.74690246582031,79.84
71.65382385253906,82.3
72.18077087402344,80.99
70.69943237304688,80.23
68.10970306396484,76.21
63.94176483154297,71.38999999999999
59.39155197143555,65.11
54.46342086791992,59.23
49.369625091552734,53.34
43.83091735839844,46.69
37.8494987487793,39.48
31.710071563720703,33.35
25.771774291992188,26.21
19.857616424560547,19.82
14.574682235717773,13.83
10.178624153137207,8.77
6.862387180328369,4.86
4.590813159942627,2.03
3.2561769485473633,0.35
2.636343479156494,0.34
2.4839553833007812,0.32
2.348360538482666,0.33
2.2109720706939697,0.31
2.0831797122955322,0.3
1.9886670112609863,0.28
1.888688087463379,0.27
1.742394208908081,0.23
1.6174252033233643,0.23
1.6087636947631836,0.23
1.5335125923156738,0.23
1.4823790788650513,0.23
1.447088599205017,0.23
1.3916903734207153,0.23
1.3612180948257446,0.24
1.362007975578308,0.24
1.275415301322937,0.23
1.2223213911056519,0.22
1.2581582069396973,0.23
1.2893812656402588,0.23
1.3201664686203003,0.23
1.322210669517517,0.23
1.3917683362960815,0.24
1.4689948558807373,0.23
1.4769177436828613,0.24
1.6148163080215454,0.23
1.7726945877075195,0.23
1.9922996759414673,0.23
2.1823978424072266,0.23
2.4138824939727783,0.23
2.6538710594177246,0.24
2.9451417922973633,0.24
3.234484910964966,0.23
3.5732522010803223,0.24
3.8879427909851074,0.24
4.268037796020508,0.22
4.701638698577881,0.23
5.1329193115234375,0.23
5.5203022956848145,0.24
5.909088611602783,0.24
6.301782608032227,0.23
6.6341986656188965,0.24
7.023712635040283,0.23
7.581165790557861,0.24
7.891055107116699,0.24
8.203624725341797,0.23
8.181122779846191,0.22
8.002335548400879,0.23
7.580864906311035,0.23
7.218174934387207,0.25
7.314436912536621,0.18
8.10120964050293,1.85
10.151025772094727,5.13
13.332013130187988,9.84
17.525096893310547,15.98
22.580949783325195,22.82
28.318710327148438,30.22
34.61165237426758,38.26
41.12399673461914,46.1
47.712120056152344,53.64
55.2879524230957,60.62
61.195430755615234,67.22
66.60511016845703,73.48
72.22616577148438,79.4
77.43695068359375,84.25
82.02190399169922,88.09
85.41150665283203,90.88
87.99091339111328,94.22
86.8997802734375,96.83
83.91532135009766,91.98
79.04203033447266,89.23
75.28241729736328,85.14
72.29548645019531,83.05
70.81144714355469,82.94
71.25279235839844,83.59
72.53714752197266,83.55
74.34606170654297,84.92
76.51004791259766,86.28
78.07759857177734,88.35
78.41526794433594,90.8
76.92576599121094,85.79
73.29735565185547,82.72
69.98489379882812,77.89
66.0685806274414,72.68
61.90958023071289,67.16
57.232887268066406,61.379999999999995
51.92029571533203,54.8
45.403255462646484,47.86
38.243892669677734,40.06
30.767210006713867,32.01
23.40691566467285,23.95
16.771663665771484,16.53
11.277496337890625,8.63
7.179562568664551,5.54
4.955734729766846,2.17
3.4182350635528564,0.34
2.773318290710449,0.35
2.6528122425079346,0.33
2.530001163482666,0.32
2.426056146621704,0.3
2.2515652179718018,0.28
2.0905771255493164,0.28
1.9447872638702393,0.26
1.8154175281524658,0.22
1.713053584098816,0.23
1.6239005327224731,0.23
1.5323735475540161,0.23
1.4280095100402832,0.23
1.3430824279785156,0.23
1.252983570098877,0.22
1.1576327085494995,0.24
1.2401010990142822,0.23
1.309561014175415,0.23
1.3544859886169434,0.23
1.4016613960266113,0.23
1.4496824741363525,0.24
1.5580615997314453,0.25
1.6530343294143677,0.23
1.6637792587280273,0.23
1.7811497449874878,0.24
1.8916116952896118,0.24
2.0291690826416016,0.25
2.191519021987915,0.24
2.367525100708008,0.24
2.587812900543213,0.24
2.8530502319335938,0.24
3.103367805480957,0.23
3.370290994644165,0.24
3.6587913036346436,0.23
3.969545841217041,0.24
4.308358669281006,0.24
4.671473503112793,0.23
5.016276836395264,0.25
5.286250114440918,0.23
5.633299350738525,0.23
6.006646156311035,0.23
6.360870838165283,0.23
6.746572017669678,0.24
7.1424946784973145,0.23
7.477736949920654,0.24
7.826449871063232,0.24
8.094014167785645,0.24
8.088932991027832,0.23
7.862563610076904,0.22
7.482917785644531,0.23
7.15211820602417,0.25
7.287962913513184,0.19
8.12805461883545,1.82
10.287579536437988,5.28
13.73572063446045,10.25
18.22528648376465,16.65
23.495420455932617,24.04
29.203798294067383,31.64
35.184505462646484,39.31
41.15232849121094,46.87
47.17083740234375,53.57
54.069923400878906,60.22
59.73806381225586,66.9
65.07865905761719,72.74
69.91502380371094,78.2
74.29153442382812,83.27
78.22220611572266,87.2
81.65111541748047,90.83
85.58673095703125,94.22
87.77195739746094,96.64
89.60102081298828,98.51
91.01371765136719,100.24
91.77545166015625,101.01
91.82723236083984,101.57
91.28047180175781,101.41
90.22050476074219,100.78
88.70726776123047,99.05
86.80377197265625,97.16
84.64884948730469,95.1
82.3297119140625,92.35
79.61793518066406,89.31
76.68783569335938,85.65
73.37511444091797,81.49
70.62422180175781,76.74
66.2685775756836,71.63
60.681922912597656,65.59
54.472572326660156,59.0
47.553733825683594,51.75
40.39487838745117,44.7
32.88597106933594,29.33
25.46293067932129,26.74
20.828601837158203,22.37
15.453001976013184,14.6
10.222795486450195,9.33
6.565362453460693,3.4799999999999995
4.056689739227295,1.95
3.0872654914855957,0.32
2.518069267272949,0.35
2.413123607635498,0.32
2.321096897125244,0.31
2.211519479751587,0.3
2.0519909858703613,0.29
1.9196654558181763,0.28
1.7812906503677368,0.26
1.6483241319656372,0.22
1.5590587854385376,0.23
1.4791725873947144,0.23
1.3908947706222534,0.22
1.4324510097503662,0.22
1.4416519403457642,0.23
1.4633175134658813,0.23
1.449849009513855,0.24
1.380319356918335,0.23
1.29061758518219,0.23
1.2368277311325073,0.24
0.848960280418396,0.23
0.940628170967102,0.23
0.9601982831954956,0.23
1.139844298362732,0.23
1.294156789779663,0.23
1.511090636253357,0.23
1.5871760845184326,0.23
1.6542315483093262,0.23
1.8250000476837158,0.24
2.059324026107788,0.23
2.267951250076294,0.24
2.505714178085327,0.24
2.7538797855377197,0.24
2.953856945037842,0.23
3.2413201332092285,0.24
3.566387891769409,0.23
3.871407985687256,0.24
4.280762195587158,0.24
4.631519794464111,0.24
4.965718746185303,0.24
5.290355205535889,0.24
5.624150276184082,0.23
6.066426753997803,0.23
6.498821258544922,0.23
6.959251880645752,0.24
7.315841197967529,0.23
7.634745121002197,0.23
7.951963901519775,0.22
8.03223991394043,0.24
7.932527542114258,0.23
7.905373573303223,0.24
8.040130615234375,0.24
8.327693939208984,0.22
8.711459159851074,0.46
9.641012191772461,3.33
11.29177474975586,6.01
13.027557373046875,8.17
15.400413513183594,11.76
18.73264503479004,16.55
22.879735946655273,23.95
27.57896614074707,28.82
32.31534957885742,34.55
38.12807083129883,41.78
43.9481201171875,48.3
49.346435546875,55.14
54.496395111083984,60.93
58.99082946777344,65.88
62.943077087402344,69.75
66.65379333496094,73.65
70.40764617919922,77.78
73.2360610961914,81.23
75.56261444091797,82.97
77.1168212890625,84.63
78.14031219482422,86.59
78.80870056152344,87.15
78.68480682373047,86.3
77.99620056152344,87.0
76.81049346923828,83.81
74.72370910644531,82.94
72.70793914794922,81.08
70.052490234375,77.33
67.37384033203125,73.99
65.11895751953125,69.1
62.678977966308594,65.49
58.849342346191406,60.76
52.666629791259766,55.35
44.84471893310547,49.13
36.31464385986328,39.41
28.005779266357422,28.39
21.346763610839844,19.21
17.052053451538086,14.86
14.436502456665039,13.9
12.134916305541992,11.01
9.311258316040039,8.09
6.747990131378174,4.49
4.653702735900879,2.32
3.4100687503814697,0.53
2.68949031829834,0.29
2.491408109664917,0.3
2.3683152198791504,0.28
2.21395206451416,0.27
2.0688562393188477,0.26
1.9556260108947754,0.26
1.843072533607483,0.25
1.7192200422286987,0.23
1.5754519701004028,0.23
1.4386459589004517,0.23
1.301858901977539,0.23
1.1951417922973633,0.23
1.1343122720718384,0.23
1.0835685729980469,0.23
1.0877426862716675,0.23
1.1653038263320923,0.24
1.1555821895599365,0.23
1.1508177518844604,0.23
1.139092206954956,0.23
1.114181399345398,0.23
1.1650311946868896,0.23
1.2098780870437622,0.23
1.2781336307525635,0.23
1.3519541025161743,0.24
1.479777455329895,0.23
1.621042251586914,0.23
1.775025486946106,0.24
1.9523135423660278,0.23
2.142209768295288,0.24
2.3537757396698,0.24
2.583843231201172,0.23
2.834758758544922,0.23
3.121033191680908,0.24
3.406355857849121,0.24
3.707071304321289,0.24
4.008274555206299,0.24
4.334738254547119,0.23
4.66826057434082,0.23
5.026864528656006,0.23
5.403466701507568,0.25
5.784692764282227,0.24
6.163662433624268,0.24
6.550302505493164,0.24
6.941819190979004,0.24
7.307671070098877,0.24
7.646735191345215,0.22
7.948138236999512,0.24
8.116336822509766,0.24
8.136871337890625,0.23
8.113809585571289,0.23
8.187992095947266,0.23
8.266175270080566,0.2
8.383917808532715,0.43
9.28625774383545,2.14
11.20339584350586,4.44
13.545309066772461,6.72
16.062915802001953,9.3
18.589332580566406,14.81
20.833574295043945,21.16
22.47627067565918,23.9
24.900455474853516,25.55
28.43839454650879,30.35
33.974403381347656,35.8
40.30533981323242,44.07
46.86213684082031,54.3
52.39534378051758,59.49
56.00880432128906,59.12
59.77595901489258,67.27
64.76764678955078,71.08
67.40340423583984,74.34
69.42161560058594,77.21
70.7461166381836,78.03
71.25340270996094,78.3
71.75548553466797,78.89
71.966796875,79.36
71.74138641357422,79.27
70.65837860107422,77.84
68.66316223144531,75.91
66.2002944946289,73.48
63.14128875732422,70.13
60.00599670410156,67.09
56.907493591308594,62.68
53.55296325683594,58.36
50.384490966796875,54.74
47.00936508178711,50.34
43.04479217529297,46.02
38.62042999267578,40.82
33.71840286254883,35.19
28.687517166137695,29.379999999999995
23.755874633789062,23.68
19.11882972717285,18.56
14.835489273071289,13.85
11.04782772064209,9.63
7.908224105834961,6.2
5.517146110534668,3.23
3.835038185119629,1.06
2.841001510620117,0.25
2.4776036739349365,0.31
2.3218655586242676,0.28
2.1608903408050537,0.28
2.019362211227417,0.26
1.882449984550476,0.26
1.750646948814392,0.27
1.6352101564407349,0.24
1.504334807395935,0.23
1.3917248249053955,0.24
1.3112525939941406,0.24
1.239250659942627,0.23
1.0930229425430298,0.23
1.018449306488037,0.22
0.9518544673919678,0.23
0.9013151526451111,0.23
0.8499152660369873,0.24
0.8180990219116211,0.23
0.7982940673828125,0.24
0.7980563044548035,0.23
0.8186758160591125,0.24
0.8778504729270935,0.24
0.9557389616966248,0.24
1.0553516149520874,0.24
1.1734684705734253,0.24
1.2937911748886108,0.24
1.4422863721847534,0.23
1.6203159093856812,0.23
1.81941819190979,0.23
2.0365114212036133,0.24
2.2782890796661377,0.23
2.5506529808044434,0.24
2.8178234100341797,0.24
3.117204189300537,0.24
3.4230945110321045,0.23
3.7459137439727783,0.24
4.077066421508789,0.23
4.423419952392578,0.24
4.782468795776367,0.24
5.151303768157959,0.24
5.537723064422607,0.24
5.910455226898193,0.23
6.286748886108398,0.23
6.671528339385986,0.24
7.031385898590088,0.24
7.4045305252075195,0.23
7.719759941101074,0.25
7.844568252563477,0.24
7.811763763427734,0.23
7.684105396270752,0.23
7.5814642906188965,0.26
7.6764960289001465,0.17
8.245977401733398,0.79
9.531952857971191,3.02
11.599191665649414,5.940000000000001
14.139817237854004,9.55
17.03854751586914,13.87
21.131608963012695,18.97
26.020360946655273,24.24
29.47138786315918,29.91
33.111671447753906,35.19
36.856319427490234,41.6
40.72272872924805,47.53
44.262332916259766,48.3
48.96456527709961,50.84
57.37503433227539,62.6
65.55096435546875,66.21
70.91029357910156,70.1
71.7457275390625,73.89
65.31210327148438,76.71
56.60289764404297,73.28
47.699554443359375,58.82
42.5489387512207,52.53
45.24400329589844,44.75
52.8367805480957,55.65
64.7461929321289,81.09
72.88819122314453,80.57
72.0089340209961,79.93
70.34680938720703,77.94
68.46439361572266,74.27
65.8717269897461,70.26
62.722957611083984,66.27
58.45974349975586,62.46000000000001
52.55816650390625,56.27
45.458656311035156,51.12
38.660560607910156,40.23
32.09352493286133,33.46
27.572616577148438,27.23
23.95648193359375,23.52
21.084787368774414,22.23
18.01807403564453,17.5
14.088106155395508,13.2
10.612196922302246,9.17
7.724483013153076,6.47
5.513605117797852,3.87
3.813840627670288,1.31
2.697371244430542,0.28
2.2663941383361816,0.3
2.1230318546295166,0.28
1.981504201889038,0.26
1.871983528137207,0.26
1.7755848169326782,0.26
1.6607704162597656,0.25
1.556111454963684,0.25
1.4542231559753418,0.23
1.3557586669921875,0.23
1.2555009126663208,0.23
1.17430579662323,0.23
1.097817301750183,0.23
1.0208088159561157,0.23
0.9456332921981812,0.23
0.9049870371818542,0.24
0.8765555024147034,0.23
0.8581007122993469,0.23
0.8430282473564148,0.25
0.833115816116333,0.24
0.8544831275939941,0.23
0.8896830677986145,0.23
0.9419106245040894,0.23
1.0093530416488647,0.24
1.1097787618637085,0.23
1.2103948593139648,0.24
1.412129282951355,0.24
1.5733617544174194,0.23
1.7634340524673462,0.24
1.9504144191741943,0.23
2.2234995365142822,0.23
2.4793896675109863,0.25
2.7351267337799072,0.24
3.0197975635528564,0.23
3.309093952178955,0.24
3.6718246936798096,0.24
4.015941143035889,0.25
4.419999122619629,0.24
4.768246173858643,0.24
5.106419086456299,0.24
5.495397567749023,0.23
5.903555393218994,0.23
6.278900146484375,0.24
6.643434524536133,0.23
6.993417263031006,0.23
7.339566707611084,0.23
7.684206008911133,0.23
7.8350114822387695,0.24
7.792921543121338,0.24
7.577435493469238,0.24
7.355609893798828,0.24
7.265457630157471,0.22
7.573970317840576,0.39
8.533242225646973,2.96
10.36018180847168,6.39
13.308067321777344,10.32
17.060853958129883,15.35
21.897836685180664,21.87
27.63433074951172,28.81
33.70042037963867,37.25
40.01181411743164,45.89
45.87049865722656,50.06
51.11605453491211,57.37
57.041805267333984,63.68
62.531402587890625,69.4
67.555908203125,74.69
71.99820709228516,79.27
75.80806732177734,83.21
79.44945526123047,86.43
80.84779357910156,88.84
82.42198944091797,90.61
83.17631530761719,91.91
83.59919738769531,92.65
83.72428131103516,92.26
83.70169830322266,92.45
83.49385833740234,92.09
82.66200256347656,90.55
81.17427062988281,90.6
79.22454833984375,88.27
76.14608764648438,84.13
72.62298583984375,79.63
69.0100326538086,75.55
65.19219207763672,71.45
60.745460510253906,66.52
55.75480651855469,60.08
50.29896545410156,53.9
44.81718444824219,47.36
39.26458740234375,40.77
33.51999282836914,34.72
27.78516387939453,28.52
22.08515167236328,22.17
16.652795791625977,16.25
11.910316467285156,10.9
8.116735458374023,6.02
5.368736267089844,3.17
3.748957872390747,0.95
2.8150651454925537,0.26
2.467533826828003,0.32
2.293271780014038,0.31
2.0888328552246094,0.28
1.9362014532089233,0.26
1.8332802057266235,0.26
1.6923222541809082,0.25
1.585574984550476,0.23
1.4644163846969604,0.23
1.3703677654266357,0.24
1.2819159030914307,0.24
1.1846816539764404,0.23
1.1058589220046997,0.23
1.0375051498413086,0.24
0.9836610555648804,0.24
0.9517004489898682,0.23
0.9200140237808228,0.24
0.878485381603241,0.23
0.848697304725647,0.24
0.8444011807441711,0.24
0.8625256419181824,0.22
0.9174627661705017,0.23
0.9671405553817749,0.23
1.0459433794021606,0.22
1.1389992237091064,0.23
1.2670202255249023,0.23
1.4177484512329102,0.24
1.6075568199157715,0.24
1.7856124639511108,0.24
1.9961316585540771,0.23
2.2161662578582764,0.24
2.4605419635772705,0.24
2.730212688446045,0.23
3.030083179473877,0.24
3.3669567108154297,0.23
3.7080373764038086,0.23
4.070769309997559,0.23
4.407174587249756,0.24
4.7716240882873535,0.24
5.112732410430908,0.23
5.518660545349121,0.24
5.934134483337402,0.24
6.355348110198975,0.23
6.759068012237549,0.24
7.043752670288086,0.24
7.353914737701416,0.23
7.6906232833862305,0.24
7.886445999145508,0.23
7.895998954772949,0.22
7.700107574462891,0.23
7.222263336181641,0.25
6.7053985595703125,0.22
6.509369850158691,0.33
7.288634300231934,2.13
9.505125045776367,4.83
12.9962797164917,9.21
17.892213821411133,17.0
23.780166625976562,24.61
29.662981033325195,33.1
35.77507400512695,40.2
41.9139289855957,47.14
48.42572021484375,54.01
54.57947540283203,60.68
60.50054168701172,67.18
65.89209747314453,73.23
70.70890808105469,78.13
74.89142608642578,81.86
78.42111206054688,85.74
82.585693359375,89.23
83.7266845703125,91.84
85.57293701171875,93.82
86.90340423583984,94.98
87.4162368774414,95.67
87.3509750366211,96.98
86.77930450439453,96.58
85.32061767578125,95.25
83.5687484741211,92.79
81.82750701904297,91.31
80.25933837890625,90.23
78.18572235107422,87.63
75.43448638916016,83.91
72.40807342529297,80.37
69.26058197021484,76.51
65.60932159423828,71.4
61.256439208984375,66.15
56.28322982788086,60.49
50.535804748535156,53.8
44.16103744506836,46.59
37.38801574707031,39.0
30.54844093322754,31.47
23.978670120239258,24.36
17.911954879760742,17.79
12.651925086975098,11.86
8.457446098327637,6.89
5.454702377319336,3.2
3.5790657997131348,0.85
2.6644046306610107,0.27
2.3707823753356934,0.32
2.2380211353302,0.31
2.0468876361846924,0.28
1.8568857908248901,0.27
1.6784682273864746,0.26
1.5000545978546143,0.25
1.336114525794983,0.24
1.2286200523376465,0.24
1.2082334756851196,0.23
1.167107343673706,0.24
1.0870492458343506,0.25
0.9829753041267395,0.23
0.920742392539978,0.23
0.8419298529624939,0.24
0.7791414856910706,0.23
0.6954100728034973,0.24
0.6559329032897949,0.23
0.6571009755134583,0.23
0.6523738503456116,0.24
0.7253598570823669,0.23
0.6518348455429077,0.24
0.757286548614502,0.24
0.8430611491203308,0.23
0.9154684543609619,0.25
1.0038515329360962,0.22
1.1600086688995361,0.24
1.3380162715911865,0.23
1.5406248569488525,0.24
1.757023572921753,0.23
1.9693611860275269,0.23
2.2235546112060547,0.23
2.521221399307251,0.24
2.8581831455230713,0.24
3.2213072776794434,0.24
3.601942777633667,0.25
3.97926926612854,0.23
4.3530707359313965,0.23
4.669716835021973,0.23
5.067768096923828,0.24
5.4569010734558105,0.23
5.855346202850342,0.23
6.262725830078125,0.24
6.64108419418335,0.23
6.9591264724731445,0.22
7.2873382568359375,0.23
7.5973944664001465,0.23
7.658588409423828,0.23
7.444355010986328,0.24
7.05616569519043,0.22
6.682427406311035,0.24
6.554799556732178,0.19
7.034030437469482,0.86
8.75251293182373,4.05
11.941900253295898,8.83
16.23447608947754,14.68
21.570873260498047,21.5
27.707489013671875,29.08
34.71803665161133,37.36
42.390106201171875,44.96
49.833229064941406,52.370000000000005
56.807857513427734,59.17
62.22990798950195,65.02
65.77142333984375,70.88
67.6800765991211,71.98
66.73320770263672,70.19
64.73591613769531,68.43
62.88624954223633,67.34
61.663108825683594,65.28
57.73163604736328,64.07
54.50169372558594,59.28
51.06552505493164,59.27
48.783355712890625,57.86
45.99588394165039,54.74
43.82791519165039,52.67
43.043983459472656,53.65
43.242889404296875,54.34
43.63322448730469,54.85
44.406166076660156,55.58
45.95153045654297,57.62
48.202449798583984,58.63
50.68978500366211,59.96
53.304744720458984,60.58
55.157596588134766,62.02
55.970787048339844,62.04
54.6923828125,59.55
51.33955383300781,54.84
46.42649459838867,48.84
40.487247467041016,42.38
33.810768127441406,35.07
26.735332489013672,27.7
19.862258911132812,20.09
13.727869987487793,13.1
8.891816139221191,7.14
5.518694877624512,2.92
3.5582127571105957,0.74
2.667081356048584,0.26
2.3770675659179688,0.3
2.2022042274475098,0.3
2.0066354274749756,0.27
1.8051745891571045,0.26
1.630637526512146,0.24
1.512921690940857,0.25
1.3999968767166138,0.22
1.2939640283584595,0.23
1.2153133153915405,0.22
1.1304703950881958,0.22
1.0759856700897217,0.23
0.9950708746910095,0.23
0.89829421043396,0.22
0.8295049667358398,0.23
0.8084985017776489,0.22
0.7257623076438904,0.24
0.6754312515258789,0.23
0.6514759659767151,0.23
0.6644689440727234,0.23
0.6850167512893677,0.23
0.7326323986053467,0.23
0.8042460083961487,0.22
0.9292426109313965,0.23
1.0626590251922607,0.23
1.208996295928955,0.23
1.3650041818618774,0.24
1.5380499362945557,0.23
1.743911862373352,0.24
1.9955904483795166,0.25
2.24869966506958,0.24
2.513996124267578,0.24
2.7838876247406006,0.24
3.103645086288452,0.24
3.421052932739258,0.24
3.7740750312805176,0.23
4.1258320808410645,0.25
4.4920735359191895,0.24
4.858157157897949,0.24
5.228290557861328,0.23
5.63214635848999,0.24
6.013122081756592,0.23
6.426458358764648,0.24
6.782546520233154,0.24
7.187384128570557,0.23
7.541026592254639,0.23
7.878636837005615,0.23
7.983798027038574,0.23
7.742117404937744,0.22
7.232049465179443,0.23
6.716943264007568,0.24
6.427705764770508,0.21
6.95086669921875,0.91
8.896602630615234,3.99
12.430145263671875,9.12
17.30689811706543,16.09
23.216739654541016,24.06
29.66155433654785,32.29
36.25907897949219,40.47
42.9334716796875,48.41
49.60877990722656,55.92
56.217288970947266,62.8
63.120079040527344,68.92
70.06956481933594,74.83
76.84227752685547,80.33
82.18004608154297,85.24
85.80286407470703,89.11
86.13154602050781,91.65
83.70637512207031,86.86
76.6028060913086,82.9
70.24754333496094,76.34
63.45481491088867,72.78
58.198665618896484,65.36
53.7534065246582,63.3
51.70008850097656,62.43
50.686256408691406,62.1
50.151554107666016,61.78
50.600852966308594,63.94
52.73210906982422,64.06
55.62125015258789,66.42
59.586219787597656,68.88
63.14152908325195,69.99
65.47994232177734,73.76
66.0846176147461,74.19
63.47334671020508,69.04
58.632484436035156,62.82
53.08488845825195,56.13
46.992469787597656,49.1
40.4162483215332,42.02
33.37293243408203,34.49
26.211597442626953,26.94
19.35431671142578,19.28
13.350071907043457,12.33
8.68993854522705,6.82
5.483967304229736,2.79
3.6004323959350586,0.67
2.761601448059082,0.3
2.49613618850708,0.31
2.322939157485962,0.3
2.131544828414917,0.29
1.977165937423706,0.26
1.8408818244934082,0.25
1.7110447883605957,0.25
1.6097278594970703,0.23
1.4937859773635864,0.24
1.3688160181045532,0.22
1.2729309797286987,0.23
1.195969820022583,0.22
1.1203187704086304,0.23
1.0583895444869995,0.23
1.0121115446090698,0.24
0.9752271771430969,0.24
0.9496233463287354,0.23
0.9263504147529602,0.24
0.9455602169036865,0.23
0.9777261018753052,0.24
1.031233549118042,0.23
1.1074358224868774,0.22
1.2068392038345337,0.24
1.310343623161316,0.23
1.43988037109375,0.23
1.5760563611984253,0.23
1.7437375783920288,0.23
1.9263663291931152,0.23
2.13743257522583,0.24
2.3431148529052734,0.23
2.5732147693634033,0.24
2.8420844078063965,0.23
3.1167914867401123,0.23
3.380676031112671,0.23
3.695040225982666,0.24
4.020284652709961,0.23
4.354467391967773,0.23
4.709765434265137,0.23
5.081985950469971,0.24
5.448665142059326,0.23
5.819042205810547,0.24
6.203115463256836,0.24
6.553748607635498,0.24
6.916288375854492,0.24
7.255496025085449,0.23
7.6005353927612305,0.23
7.905082702636719,0.23
8.07082462310791,0.23
8.048431396484375,0.23
7.775337219238281,0.24
7.065982818603516,0.23
6.274535179138184,0.23
6.025123119354248,0.32
6.948548793792725,2.07
9.685545921325684,5.15
14.226627349853516,10.72
20.48000144958496,21.13
27.77358055114746,29.43
34.69363021850586,37.78
42.44744110107422,45.93
50.592811584472656,53.57
57.904048919677734,60.79
63.384071350097656,66.93
66.6371841430664,72.25
68.30318450927734,74.37
68.03829956054688,72.56
67.3213119506836,69.78
66.65452575683594,68.70000000000002
65.93255615234375,70.09
63.228633880615234,69.84
59.226253509521484,65.1
53.94710159301758,62.4
49.48668670654297,55.74
45.76182174682617,54.28
44.30268478393555,53.49
43.32328796386719,53.06
42.92763137817383,51.87
42.507354736328125,53.7
42.85194396972656,54.22
42.67082214355469,54.58
42.69197082519531,54.32
43.77495574951172,54.68
46.06032180786133,54.2
49.14214324951172,57.31
52.26152801513672,56.03
53.37971878051758,58.16
53.09682083129883,58.04
49.5488166809082,52.45
43.171730041503906,45.29
35.84907531738281,37.12
28.156063079833984,29.26
20.834728240966797,21.5
14.33576488494873,13.98
9.089961051940918,7.33
5.44218111038208,3.04
3.41420841217041,0.68
2.5166311264038086,0.32
2.2727649211883545,0.3
2.1254920959472656,0.3
1.9872790575027466,0.29
1.8799359798431396,0.26
1.7025445699691772,0.25
1.594773530960083,0.25
1.4799349308013916,0.23
1.3813194036483765,0.23
1.2847955226898193,0.23
1.217308521270752,0.23
1.1386312246322632,0.23
1.0684486627578735,0.23
1.0013201236724854,0.23
0.9612462520599365,0.22
0.8982389569282532,0.23
0.8683874607086182,0.23
0.8536162376403809,0.23
0.8578939437866211,0.23
0.8773313164710999,0.23
0.8946141004562378,0.24
0.9401269555091858,0.23
1.0213478803634644,0.23
1.1235785484313965,0.23
1.2245864868164062,0.24
1.3562264442443848,0.24
1.516446828842163,0.24
1.687944769859314,0.23
1.8684327602386475,0.24
2.099151372909546,0.23
2.324859619140625,0.24
2.5695927143096924,0.23
2.8244783878326416,0.24
3.1299052238464355,0.23
3.465196132659912,0.24
3.7672812938690186,0.23
4.125020503997803,0.24
4.468389511108398,0.24
4.83933687210083,0.23
5.205239772796631,0.24
5.565288066864014,0.24
5.935906410217285,0.22
6.3191328048706055,0.23
6.702878475189209,0.22
7.084549427032471,0.24
7.408689975738525,0.23
7.682716369628906,0.22
7.723465442657471,0.22
7.352860450744629,0.23
6.710816860198975,0.23
6.007637023925781,0.24
5.620228290557861,0.2
6.223355293273926,0.77
8.467294692993164,3.74
12.808199882507324,10.08
18.829593658447266,18.47
25.71152114868164,27.33
33.31197738647461,36.15
41.250732421875,44.48
49.4218635559082,52.55
57.57017517089844,59.93
63.80892562866211,66.94
68.02874755859375,72.95
69.39640045166016,74.4
68.7593765258789,73.58
67.29234313964844,72.08
66.00455474853516,70.85
64.8329086303711,69.48
62.347137451171875,68.02
58.9379768371582,68.02
55.54643249511719,64.21
51.42154312133789,62.59
48.177642822265625,57.4
45.4174919128418,57.35
45.16850662231445,58.78
46.5517578125,58.43
48.34252166748047,57.69
51.34694290161133,58.53
54.72029495239258,59.45
56.777130126953125,61.75
56.38435363769531,62.19
52.49409866333008,55.16
45.491851806640625,48.02
37.6999397277832,39.31
29.46559715270996,30.67
21.613224029541016,22.79
14.775373458862305,14.93
9.161208152770996,7.32
5.216098308563232,2.71
3.203062057495117,0.47
2.390501022338867,0.36
2.198277711868286,0.32
2.0267081260681152,0.31
1.8914167881011963,0.29
1.760757327079773,0.26
1.6317503452301025,0.26
1.541309118270874,0.25
1.4509018659591675,0.23
1.3473988771438599,0.23
1.2468196153640747,0.23
1.171143889427185,0.23
1.0752620697021484,0.23
0.94452965259552,0.24
0.9151977896690369,0.24
0.8619406223297119,0.24
0.819587767124176,0.24
0.8022332787513733,0.25
0.773457407951355,0.23
0.7734055519104004,0.23
0.8215457201004028,0.23
0.8634012341499329,0.24
0.9461263418197632,0.23
1.0221521854400635,0.23
1.126554012298584,0.24
1.2011299133300781,0.23
1.3314048051834106,0.24
1.4845738410949707,0.24
1.6402699947357178,0.23
1.8255656957626343,0.23
2.033674955368042,0.24
2.269758701324463,0.24
2.5301311016082764,0.23
2.8160595893859863,0.24
3.0974271297454834,0.24
3.3994014263153076,0.24
3.730123281478882,0.24
4.081625938415527,0.24
4.419566631317139,0.24
4.766329765319824,0.24
5.125487327575684,0.24
5.524474143981934,0.24
5.913634777069092,0.24
6.284439563751221,0.23
6.667712211608887,0.24
7.040787696838379,0.23
7.404114723205566,0.23
7.720733165740967,0.23
7.850423812866211,0.24
7.4374566078186035,0.24
6.637449264526367,0.23
5.754446506500244,0.23
5.236464500427246,0.21
5.941949367523193,0.75
8.648890495300293,3.62
13.651373863220215,10.97
20.672395706176758,20.89
29.220596313476562,30.28
37.97953414916992,39.06
46.209266662597656,47.35
53.39113235473633,55.19
59.41461181640625,62.67
62.41928482055664,67.73
62.894100189208984,65.93
61.358726501464844,64.62
60.51576232910156,63.46
60.81011962890625,64.43
60.86639404296875,65.67
59.67723846435547,63.23
55.230892181396484,60.43
50.99628448486328,60.61
47.32569885253906,58.75999999999999
42.78546142578125,50.11
39.195220947265625,48.67
39.26510238647461,51.27
40.98098373413086,52.01
42.82159423828125,51.08
45.07255172729492,48.91
47.345272064208984,50.8
49.05591583251953,51.88
47.8614616394043,51.85
43.19428253173828,45.68
35.81083679199219,37.09
27.667621612548828,28.81
20.023094177246094,20.63
13.475457191467285,12.66
8.34675407409668,6.07
4.985510349273682,2.32
3.2658438682556152,0.38
2.5519068241119385,0.33
2.36728572845459,0.29
2.190661907196045,0.29
2.056265354156494,0.26
1.9509153366088867,0.26
1.8541895151138306,0.25
1.6897588968276978,0.24
1.6078299283981323,0.24
1.5408689975738525,0.24
1.4593299627304077,0.23
1.3756169080734253,0.22
1.2708886861801147,0.24
1.1387087106704712,0.23
1.0600816011428833,0.23
1.0462673902511597,0.24
1.0680128335952759,0.24
1.047247052192688,0.22
1.051283597946167,0.24
1.04566490650177,0.23
1.0204267501831055,0.22
1.0721747875213623,0.23
1.1600613594055176,0.23
1.247121810913086,0.23
1.3469310998916626,0.23
1.5095374584197998,0.23
1.6735976934432983,0.23
1.8129713535308838,0.24
2.0204577445983887,0.22
2.226978063583374,0.24
2.4437410831451416,0.23
2.642632007598877,0.24
2.876871109008789,0.23
3.184459686279297,0.23
3.4586715698242188,0.24
3.7560436725616455,0.22
4.089084625244141,0.23
4.467846393585205,0.24
4.872187614440918,0.23
5.260474681854248,0.24
5.6626386642456055,0.22
5.983950138092041,0.24
6.380624771118164,0.24
6.750868797302246,0.23
7.1306257247924805,0.22
7.497227668762207,0.24
7.841676712036133,0.24
8.200780868530273,0.23
8.356245040893555,0.23
8.15626335144043,0.23
7.639192581176758,0.24
6.960485935211182,0.25
6.462811470031738,0.23
6.7705512046813965,0.54
8.69356918334961,3.2
13.299978256225586,8.29
20.084238052368164,16.38
26.956377029418945,24.96
33.37607955932617,33.79
39.04652786254883,42.23
43.8730583190918,49.19
48.49241256713867,50.05
50.634864807128906,50.1
53.743125915527344,58.85
57.635738372802734,62.63
58.81037902832031,63.57
59.270076751708984,63.36
60.62648010253906,63.6
62.574520111083984,65.15
61.28820037841797,64.54
59.1804313659668,63.09
55.636592864990234,62.36
50.95360565185547,59.8
45.58716583251953,51.7
40.915809631347656,49.64
39.16414260864258,48.66
38.52773666381836,47.04
38.87344741821289,48.63
40.38082504272461,51.07
41.60090255737305,52.62
41.92207336425781,53.09
42.07941818237305,54.07
43.23216247558594,54.83
45.414363861083984,54.71
48.20375442504883,54.1
51.241390228271484,54.94
53.573997497558594,57.71
53.6129264831543,58.36
50.110198974609375,52.62
43.375755310058594,44.95
35.57856750488281,36.64
27.53636360168457,28.43
20.082660675048828,20.32
13.61342716217041,12.76
8.585347175598145,5.86
5.195519924163818,2.26
3.545701265335083,0.34
2.830244541168213,0.35
2.647212505340576,0.3
2.47416090965271,0.28
2.3596150875091553,0.26
2.2288496494293213,0.26
2.1350619792938232,0.24
2.042222023010254,0.24
1.9142051935195923,0.23
1.8042253255844116,0.23
1.7122423648834229,0.24
1.6461312770843506,0.23
1.5489259958267212,0.22
1.469114899635315,0.23
1.4081523418426514,0.24
1.3587549924850464,0.22
1.3265013694763184,0.23
1.3050358295440674,0.23
1.311646819114685,0.24
1.3224314451217651,0.24
1.3377161026000977,0.23
1.3779608011245728,0.24
1.4440336227416992,0.24
1.5252792835235596,0.24
1.6206979751586914,0.24
1.7375823259353638,0.23
1.8752219676971436,0.23
2.047250747680664,0.24
2.2421860694885254,0.24
2.474588394165039,0.24
2.7189314365386963,0.24
2.9668428897857666,0.24
3.2396318912506104,0.23
3.5198476314544678,0.23
3.849527597427368,0.24
4.178605556488037,0.25
4.518595218658447,0.23
4.88651704788208,0.24
5.23862886428833,0.24
5.6338958740234375,0.24
6.0211005210876465,0.23
6.4419026374816895,0.24
6.879178047180176,0.23
7.218929767608643,0.23
7.530937194824219,0.24
7.870822429656982,0.23
8.244595527648926,0.24
8.626142501831055,0.25
8.91920280456543,0.23
9.014029502868652,0.23
9.026654243469238,0.23
8.181952476501465,0.23
7.599961757659912,0.24
6.311788082122803,0.23
5.914408206939697,1.56
7.432216167449951,4.43
11.435077667236328,6.65
18.544097900390625,22.17
29.178720474243164,22.39
38.678009033203125,42.72
51.264488220214844,52.48
60.01691818237305,61.41
64.13933563232422,68.02
65.38333892822266,69.47
64.57350158691406,69.05
63.945533752441406,65.19
63.05654525756836,66.09
62.52916717529297,67.77
62.187557220458984,66.16
57.23880386352539,64.49
52.85795974731445,62.54
49.159976959228516,60.34
46.27828598022461,53.33
42.241973876953125,56.27
44.03418731689453,56.11
46.48743438720703,55.12
50.010589599609375,58.1
53.99258804321289,58.46
56.33073425292969,60.79
56.910709381103516,62.56
54.22163009643555,56.39
47.66314697265625,48.96
39.88302993774414,41.31
31.491554260253906,32.99
23.120988845825195,24.33
15.511226654052734,15.1
9.386200904846191,4.92
5.308512210845947,2.06
3.863114356994629,0.31
3.1938788890838623,0.35
3.000108003616333,0.31
2.833599328994751,0.29
2.676928997039795,0.28
2.5629825592041016,0.26
2.458489418029785,0.25
2.3825995922088623,0.23
2.219663619995117,0.23
2.0817880630493164,0.23
1.9820066690444946,0.23
1.924871563911438,0.22
1.887943983078003,0.23
1.829773187637329,0.23
1.8134713172912598,0.24
1.7673224210739136,0.23
1.703465223312378,0.23
1.634709358215332,0.24
1.624489426612854,0.24
1.6581968069076538,0.24
1.7036346197128296,0.23
1.7686129808425903,0.23
1.8389945030212402,0.24
1.8255531787872314,0.23
1.9350004196166992,0.24
2.0503640174865723,0.23
2.165106773376465,0.24
2.2946584224700928,0.23
2.448472738265991,0.24
2.684633731842041,0.23
2.945478677749634,0.24
3.1345324516296387,0.24
3.350677251815796,0.24
3.72428822517395,0.23
4.036040782928467,0.25
4.416025161743164,0.24
4.797892093658447,0.23
5.198632717132568,0.23
5.589244842529297,0.24
6.00123405456543,0.25
6.409706115722656,0.24
6.876049041748047,0.23
7.284273624420166,0.24
7.652279376983643,0.24
8.029128074645996,0.24
8.44271469116211,0.25
8.81071949005127,0.23
9.227136611938477,0.23
9.594321250915527,0.24
9.377869606018066,0.24
8.675980567932129,0.24
7.751087188720703,0.23
7.109145641326904,0.24
7.318782806396484,0.3
9.169441223144531,2.76
13.339628219604492,7.54
19.744800567626953,17.7
28.419767379760742,26.63
36.6028938293457,35.57
44.619056701660156,43.81
51.34067916870117,51.3
57.587703704833984,58.14
60.2009391784668,61.17
60.35476303100586,59.27
58.138999938964844,60.23
56.62784194946289,58.58
54.961124420166016,57.89
55.1645622253418,56.56
54.856117248535156,52.32
51.097412109375,54.68
48.55827713012695,52.44
40.619590759277344,48.76
34.15810012817383,46.22
29.98020362854004,39.13
29.347789764404297,37.34
30.03047752380371,39.36
34.97563552856445,44.92
40.889225006103516,53.99
47.00785827636719,57.89
51.531715393066406,58.92
54.906314849853516,59.02
56.69102478027344,62.15
57.134765625,60.97
54.39647674560547,59.0
49.16629409790039,50.23
41.731292724609375,40.67
34.2998046875,35.15
27.25835609436035,29.44
19.986440658569336,18.71
13.00016975402832,10.38
8.211625099182129,4.51
5.3861188888549805,1.64
4.0596394538879395,0.23
3.4859375953674316,0.35
3.335871458053589,0.29
3.1893303394317627,0.28
3.0453736782073975,0.26
2.888619899749756,0.25
2.721930980682373,0.24
2.599811553955078,0.23
2.486351251602173,0.23
2.360905885696411,0.23
2.235445737838745,0.23
2.121171712875366,0.24
1.9940860271453857,0.23
1.9162226915359497,0.23
1.9365813732147217,0.24
1.9093761444091797,0.23
1.8532991409301758,0.24
1.821194052696228,0.23
1.7345399856567383,0.22
1.7190592288970947,0.24
1.7572739124298096,0.23
1.7779147624969482,0.23
1.8653209209442139,0.24
1.935484766960144,0.23
2.041616201400757,0.24
2.1039035320281982,0.23
2.2706356048583984,0.23
2.453153371810913,0.24
2.621894598007202,0.24
2.8247547149658203,0.24
3.0619966983795166,0.24
3.2917962074279785,0.24
3.5424296855926514,0.24
3.8305869102478027,0.23
4.1464104652404785,0.25
4.525193214416504,0.24
4.798408508300781,0.25
5.184354782104492,0.23
5.546521186828613,0.24
5.947549343109131,0.23
6.332463264465332,0.24
6.738110542297363,0.24
7.099369049072266,0.24
7.515648365020752,0.23
7.911175727844238,0.24
8.277959823608398,0.23
8.655651092529297,0.23
9.013650894165039,0.23
9.320364952087402,0.24
9.36056900024414,0.24
9.22562313079834,0.24
8.53061580657959,0.24
7.470859050750732,0.26
6.789482116699219,0.12
7.1172919273376465,1.14
9.146803855895996,3.76
13.193763732910156,8.12
19.395200729370117,18.07
27.29863739013672,28.5
35.59665298461914,37.87
43.86186981201172,46.06
53.01359558105469,54.05
59.37965774536133,60.9
63.51801300048828,66.94
65.56497192382812,72.05
65.71537780761719,70.69
64.51395416259766,70.26
64.88843536376953,68.45
66.6534194946289,68.41
65.93379211425781,69.89
65.03007507324219,69.54
62.25450134277344,67.94
57.73372268676758,66.05
52.79355239868164,59.43
47.934844970703125,55.58
45.48324203491211,54.31
44.1280632019043,52.92
43.5023307800293,52.27
43.40516662597656,54.39
43.52971649169922,54.11
43.26438522338867,54.95
43.787906646728516,53.72
45.558555603027344,55.35
48.657981872558594,55.36
51.62166976928711,56.54
53.99462890625,58.05
54.863861083984375,58.51
53.25272750854492,56.04
48.13383483886719,48.77
40.409751892089844,40.92
31.878759384155273,33.29
23.43242073059082,25.51
15.623164176940918,14.89
9.02094554901123,4.18
4.909098148345947,1.45
3.664243698120117,0.5
3.181579828262329,0.28
2.9505696296691895,0.31
2.7916228771209717,0.28
2.6376988887786865,0.28
2.530780553817749,0.26
2.4461171627044678,0.26
2.3215956687927246,0.26
2.208789110183716,0.24
2.0943052768707275,0.24
1.9988847970962524,0.23
1.9135390520095825,0.22
1.826033353805542,0.24
1.7510788440704346,0.24
1.668516993522644,0.24
1.5955067873001099,0.23
1.528372883796692,0.24
1.4951037168502808,0.24
1.4636696577072144,0.23
1.456725835800171,0.24
1.4536728858947754,0.23
1.428948163986206,0.24
1.4481152296066284,0.23
1.4970563650131226,0.23
1.5554765462875366,0.24
1.6534905433654785,0.23
1.7658089399337769,0.24
1.878799319267273,0.24
2.0256288051605225,0.24
2.208966016769409,0.24
2.413891077041626,0.23
2.6489596366882324,0.23
2.9107253551483154,0.23
3.185986280441284,0.23
3.478130340576172,0.23
3.8055315017700195,0.23
4.1558074951171875,0.23
4.500095367431641,0.23
4.8723931312561035,0.23
5.246364593505859,0.23
5.6318278312683105,0.23
6.023094177246094,0.23
6.444478511810303,0.23
6.807549476623535,0.23
7.173360347747803,0.23
7.548046588897705,0.23
7.9298095703125,0.23
8.288071632385254,0.23
8.614252090454102,0.23
8.919257164001465,0.23
9.108610153198242,0.23
9.236591339111328,0.23
9.343713760375977,0.23
9.428804397583008,0.23
9.203446388244629,0.23
9.08591365814209,0.23
8.96349811553955,0.23
8.802515983581543,0.23
8.547215461730957,0.23
0.9423701763153076,0.23
0.0,0.23
0.0,0.23
0.0,0.23
6.249131202697754,0.23
23.296815872192383,1.14
46.34383010864258,72.25
73.02589416503906,77.2
78.62098693847656,81.76
83.06808471679688,85.99
85.04488372802734,89.07
81.4052734375,83.11
75.07491302490234,80.78
68.4244613647461,74.46
60.676639556884766,67.44
53.668968200683594,58.81
48.9952392578125,56.58
45.21451187133789,54.65
41.484676361083984,52.32
41.02666473388672,51.38
45.63497543334961,51.54
52.250640869140625,53.03
57.322872161865234,54.86
59.557647705078125,59.07
56.223140716552734,64.89
49.28479766845703,56.06
38.430389404296875,38.24
29.354904174804688,25.65
24.52757453918457,24.94
22.57387924194336,23.75
19.55986213684082,17.33
15.893556594848633,14.79
13.239019393920898,11.93
10.459737777709961,8.71
7.896827697753906,6.05
5.8260498046875,3.06
4.245445728302002,1.9
3.3768017292022705,0.32
2.7668333053588867,0.3
2.612501859664917,0.27
2.445199489593506,0.26
2.2914721965789795,0.24
2.190293550491333,0.25
2.109067678451538,0.24
2.0285463333129883,0.25
1.9494796991348267,0.23
1.8589624166488647,0.23
1.7826099395751953,0.23
1.6972342729568481,0.23
1.6041629314422607,0.23
1.510416030883789,0.24
1.4210726022720337,0.22
1.3726191520690918,0.23
1.288727879524231,0.22
1.2147669792175293,0.24
1.1621487140655518,0.24
1.1219513416290283,0.23
1.1079641580581665,0.23
1.1523340940475464,0.24
1.1564772129058838,0.23
1.1563997268676758,0.23
1.1491663455963135,0.23
1.267845869064331,0.23
1.401597023010254,0.23
1.6041033267974854,0.24
1.7890758514404297,0.25
2.029456377029419,0.24
2.26735520362854,0.23
2.441988706588745,0.24
2.70324444770813,0.25
2.982593536376953,0.25
3.179821491241455,0.24
3.4577043056488037,0.23
3.801877737045288,0.23
4.094170570373535,0.25
4.4267964363098145,0.23
4.728080749511719,0.24
5.069306373596191,0.23
5.537567138671875,0.23
5.92487096786499,0.24
6.272954940795898,0.23
6.618002891540527,0.23
6.974352836608887,0.22
7.325848579406738,0.23
7.714266300201416,0.23
8.09036922454834,0.23
8.380264282226562,0.22
8.589491844177246,0.22
8.471887588500977,0.23
8.214149475097656,0.23
7.9532365798950195,0.24
7.126521110534668,0.2
6.320232391357422,0.58
6.442139148712158,2.15
8.476991653442383,4.95
13.132418632507324,8.78
19.172698974609375,13.62
26.183292388916016,26.77
33.94260025024414,36.33
40.4456901550293,44.32
45.45585632324219,49.88
50.38459396362305,48.17
54.63585662841797,56.71
60.36965560913086,62.97
62.49003601074219,66.23
62.43959045410156,65.86
61.03143310546875,62.5
57.26946258544922,59.14
54.376976013183594,57.04
51.08561706542969,54.82
47.114990234375,53.33
42.86024475097656,47.67
37.87565612792969,45.3
35.00831604003906,40.9
32.201908111572266,39.92
31.44644546508789,39.36
31.62970733642578,39.89
32.62913513183594,40.96
33.91267395019531,43.07
35.359249114990234,44.45
37.820823669433594,45.34
39.76752853393555,45.37
41.806636810302734,45.82
43.63888931274414,46.45
44.65943145751953,46.95
43.84940719604492,48.65
40.634300231933594,41.22
34.318450927734375,33.45
28.295015335083008,31.06
22.447593688964844,22.76
15.651969909667969,14.58
10.207685470581055,8.29
6.521483421325684,4.21
4.281239032745361,1.29
3.0426137447357178,0.25
2.604257583618164,0.29
2.4668400287628174,0.26
2.3178675174713135,0.24
2.1673617362976074,0.24
2.027475357055664,0.24
1.8797870874404907,0.24
1.751539945602417,0.25
1.6175248622894287,0.23
1.4898710250854492,0.23
1.4272119998931885,0.22
1.3210221529006958,0.23
1.2531245946884155,0.24
1.1419495344161987,0.23
1.1104989051818848,0.24
1.0121430158615112,0.23
0.918963611125946,0.23
0.8919456601142883,0.24
0.8183537721633911,0.22
0.8408663868904114,0.23
0.8712099194526672,0.23
0.8998235464096069,0.23
0.9025365710258484,0.23
0.9674558043479919,0.23
1.062781572341919,0.23
1.1940603256225586,0.23
1.3605656623840332,0.23
1.544209599494934,0.24
1.7811734676361084,0.22
1.9891879558563232,0.24
2.252746820449829,0.24
2.499444007873535,0.23
2.773559331893921,0.24
3.09207820892334,0.24
3.375166893005371,0.23
3.707479953765869,0.24
4.041304111480713,0.23
4.375655174255371,0.22
4.715423107147217,0.23
5.111819744110107,0.25
5.485077381134033,0.23
5.8218231201171875,0.23
6.173363208770752,0.24
6.572251796722412,0.25
6.985167980194092,0.24
7.39351224899292,0.23
7.762969017028809,0.24
8.128551483154297,0.23
8.392630577087402,0.24
8.433355331420898,0.23
8.05320930480957,0.23
7.269469261169434,0.24
6.553759574890137,0.25
6.347858428955078,0.19
7.532889366149902,1.81
10.614723205566406,5.12
15.459382057189941,12.13
21.843530654907227,21.38
29.40287208557129,30.52
37.450706481933594,39.2
44.64752960205078,46.42
52.332923889160156,53.96
58.043338775634766,61.11
62.27008056640625,67.61
64.11426544189453,67.08
64.1023178100586,65.48
64.49121856689453,69.55
65.21878814697266,68.19
64.73851013183594,66.87
61.14670181274414,63.69
58.11073684692383,63.21
54.616641998291016,59.96
50.1649169921875,56.51
45.94135284423828,51.84
42.437599182128906,49.48
40.317317962646484,48.59
39.03718185424805,46.74
38.61564636230469,47.27
38.755001068115234,47.94
38.94111251831055,48.44
38.62513732910156,49.28
39.19830322265625,49.56
41.14448547363281,50.03
43.98566436767578,49.19
47.177589416503906,49.95
50.09281921386719,52.74
51.347171783447266,55.71
49.179134368896484,52.15
43.282691955566406,44.18
35.88432693481445,36.66
28.526561737060547,29.0
21.362089157104492,21.27
14.957780838012695,13.8
9.801595687866211,7.22
6.205695629119873,3.33
4.205881118774414,0.98
3.214401960372925,0.24
2.872983932495117,0.3
2.7423205375671387,0.27
2.6109721660614014,0.24
2.486833333969116,0.25
2.336186408996582,0.25
2.1920082569122314,0.24
2.083521604537964,0.24
1.9778969287872314,0.23
1.864216923713684,0.23
1.7310254573822021,0.23
1.6275075674057007,0.23
1.5505242347717285,0.23
1.4788457155227661,0.24
1.4303607940673828,0.23
1.3703609704971313,0.25
1.3372782468795776,0.25
1.3028638362884521,0.24
1.2862846851348877,0.24
1.3141932487487793,0.22
1.3210948705673218,0.23
1.3624433279037476,0.22
1.4298474788665771,0.24
1.5180028676986694,0.24
1.5334346294403076,0.23
1.661564588546753,0.24
1.8083490133285522,0.25
1.908172845840454,0.24
2.03412127494812,0.23
2.211796522140503,0.23
2.439978837966919,0.24
2.7345240116119385,0.24
2.9889004230499268,0.25
3.3094959259033203,0.24
3.6107802391052246,0.23
3.953221321105957,0.24
4.3217010498046875,0.24
4.721222400665283,0.24
5.121662139892578,0.24
5.497559070587158,0.24
5.892842769622803,0.25
6.332655906677246,0.25
6.89109992980957,0.24
7.225006103515625,0.25
7.6142377853393555,0.24
8.009255409240723,0.23
8.385563850402832,0.24
8.780862808227539,0.24
9.025674819946289,0.23
8.971473693847656,0.24
8.66015338897705,0.23
8.120745658874512,0.25
7.600314140319824,0.24
7.602522373199463,0.15
8.99753475189209,2.16
12.381305694580078,6.18
16.2855281829834,11.9
21.041748046875,19.42
26.508216857910156,27.86
31.773820877075195,35.88
37.99060821533203,40.89
45.45853805541992,44.93
52.38431167602539,57.0
60.56169509887695,63.62
66.3179931640625,68.14
70.5435562133789,76.56
72.9847640991211,72.96
71.92105102539062,71.66
71.60348510742188,76.96
67.87114715576172,70.13
61.19176483154297,63.65
55.43069839477539,60.34
50.33024978637695,57.1
46.03981399536133,51.56
42.637149810791016,48.87
41.09083557128906,48.27
41.079891204833984,47.6
40.65593719482422,47.88
40.21555709838867,50.06
39.77201461791992,47.33
38.09153747558594,47.09
37.54534912109375,46.76
40.32377243041992,46.01
44.6456184387207,46.49
48.13801956176758,48.32
49.79069137573242,44.49
47.903053283691406,54.81
43.9192008972168,49.87
33.55549240112305,31.11
22.7691593170166,19.96
16.14027976989746,16.61
11.731766700744629,7.15
7.649070739746094,4.49
5.900343894958496,3.03
4.6976423263549805,1.56
3.807023525238037,0.31
3.279758930206299,0.31
3.1115243434906006,0.25
2.9594452381134033,0.25
2.8291983604431152,0.25
2.7163968086242676,0.24
2.5622289180755615,0.25
2.43932843208313,0.25
2.320709466934204,0.23
2.2120378017425537,0.23
2.0984435081481934,0.25
2.017629623413086,0.23
1.8866140842437744,0.24
1.7918345928192139,0.22
1.706123948097229,0.23
1.6207129955291748,0.23
1.5449563264846802,0.23
1.5040141344070435,0.24
1.470686912536621,0.24
1.4497250318527222,0.24
1.4528627395629883,0.23
1.4614583253860474,0.24
1.5111888647079468,0.23
1.581953525543213,0.24
1.6637613773345947,0.23
1.7677465677261353,0.24
1.9037258625030518,0.24
2.0343825817108154,0.25
2.209343433380127,0.23
2.3813366889953613,0.24
2.5982468128204346,0.23
2.8302972316741943,0.24
3.080141067504883,0.24
3.3461315631866455,0.24
3.6407928466796875,0.24
3.9646151065826416,0.23
4.29421329498291,0.25
4.637393474578857,0.24
5.007933139801025,0.24
5.386885643005371,0.25
5.763073444366455,0.25
6.150888442993164,0.24
6.557313442230225,0.24
6.978229999542236,0.24
7.380163192749023,0.24
7.769351005554199,0.24
8.142964363098145,0.24
8.51282024383545,0.23
8.854975700378418,0.23
9.154685974121094,0.23
9.264433860778809,0.24
9.121627807617188,0.24
8.711400032043457,0.23
8.089604377746582,0.25
7.753378391265869,0.23
8.211596488952637,0.77
9.755239486694336,3.38
12.932482719421387,7.45
17.444652557373047,14.01
22.99970054626465,22.21
28.756874084472656,29.24
34.26740264892578,36.04
40.33261489868164,44.99
45.8624267578125,50.55
50.61221694946289,56.32
55.822105407714844,62.04
60.7827033996582,67.91
65.43953704833984,72.68
69.51911926269531,76.9
73.81464385986328,80.85
75.78488159179688,83.73
77.78675842285156,86.09
80.37157440185547,88.19
83.8083267211914,89.53
86.83879089355469,89.91
87.13259887695312,90.01
85.30618286132812,90.32
80.77062225341797,90.42
75.22132110595703,81.07
68.68824768066406,69.03
62.7777214050293,62.47
56.84928512573242,57.63
50.54314041137695,58.14
45.5363883972168,53.55
38.92674255371094,40.510000000000005
33.94744110107422,27.85
30.99068832397461,29.54
30.691925048828125,36.61
27.719297409057617,22.05
20.873329162597656,26.23
17.548805236816406,15.04
11.64438247680664,5.25
8.327269554138184,8.09
7.426357746124268,4.15
5.385056018829346,2.83
4.2615814208984375,1.25
3.3599531650543213,0.25
2.918945550918579,0.29
2.7840640544891357,0.27
2.637521982192993,0.26
2.4930827617645264,0.26
2.341141700744629,0.24
2.2154505252838135,0.25
2.0982649326324463,0.25
1.9620805978775024,0.23
1.8568904399871826,0.23
1.7857831716537476,0.24
1.7369333505630493,0.23
1.7083477973937988,0.22
1.6831483840942383,0.23
1.6513843536376953,0.23
1.609632968902588,0.24
1.5462367534637451,0.24
1.434104323387146,0.23
1.3183730840682983,0.23
1.1941121816635132,0.23
1.1390031576156616,0.24
1.149585247039795,0.23
1.1943411827087402,0.23
1.2820626497268677,0.24
1.353392481803894,0.24
1.461463212966919,0.24
1.5953551530838013,0.24
1.7083884477615356,0.24
1.8166782855987549,0.24
1.9035875797271729,0.24
1.9962483644485474,0.24
2.1492154598236084,0.24
2.3293163776397705,0.24
2.5709433555603027,0.24
2.816276788711548,0.23
3.126094341278076,0.23
3.4449644088745117,0.23
3.757293462753296,0.24
4.100053310394287,0.24
4.49215030670166,0.23
4.875696182250977,0.24
5.213370323181152,0.24
5.5800323486328125,0.24
5.981633186340332,0.23
6.350296497344971,0.23
6.660754680633545,0.23
6.957189559936523,0.23
7.319234371185303,0.24
7.674874782562256,0.24
8.05157470703125,0.23
8.24875259399414,0.22
8.169443130493164,0.24
7.911496162414551,0.23
7.339274883270264,0.23
6.444674015045166,0.24
6.166040897369385,0.15
7.337507247924805,1.63
9.758515357971191,5.22
13.705878257751465,9.05
19.055219650268555,17.7
25.646713256835938,28.1
32.14668273925781,34.11
37.504154205322266,38.38
43.390079498291016,49.61
49.912052154541016,55.27
54.32245635986328,61.08
59.74269485473633,67.12
65.08719635009766,68.18
70.41624450683594,77.08
76.39632415771484,77.79
78.03307342529297,82.98
77.65830993652344,85.59
73.98493194580078,81.79
69.50752258300781,80.06
66.8543472290039,71.4
62.63405990600586,71.09
60.37380599975586,61.8
59.15580368041992,70.86
62.82918167114258,74.43
63.6861457824707,65.28
61.01054763793945,53.86
61.25344467163086,69.4
63.5081787109375,67.8
55.16408920288086,56.28
44.76156234741211,44.73
36.706241607666016,34.98
29.986270904541016,35.95
25.308521270751953,20.2
19.136098861694336,15.98
16.82623291015625,16.7
14.967002868652344,12.04
12.079898834228516,10.13
9.845358848571777,8.24
7.502434253692627,4.69
5.3684611320495605,2.46
4.089191436767578,1.63
3.351546049118042,0.37
2.8319921493530273,0.28
2.6989223957061768,0.26
2.5652315616607666,0.25
2.435195207595825,0.25
2.2859256267547607,0.25
2.118356227874756,0.25
1.9466899633407593,0.25
1.78352689743042,0.23
1.6146690845489502,0.24
1.4641785621643066,0.23
1.3306338787078857,0.23
1.2150498628616333,0.24
1.1180267333984375,0.23
1.064958930015564,0.23
1.0437325239181519,0.24
1.0055334568023682,0.23
0.9929090142250061,0.25
0.986075222492218,0.25
0.9637200236320496,0.25
0.9568828344345093,0.23
0.9517731070518494,0.24
0.9739646315574646,0.24
1.0243959426879883,0.24
1.089421272277832,0.24
1.1704953908920288,0.23
1.2900253534317017,0.23
1.4163130521774292,0.24
1.564321517944336,0.24
1.727638840675354,0.22
1.896527647972107,0.24
2.1259779930114746,0.23
2.3638529777526855,0.25
2.626657724380493,0.24
2.9209132194519043,0.25
3.214987277984619,0.23
3.525729179382324,0.24
3.8299942016601562,0.23
4.174642562866211,0.23
4.5356645584106445,0.24
4.898678779602051,0.23
5.265629768371582,0.23
5.631512641906738,0.24
5.991472244262695,0.23
6.349111080169678,0.23
6.7122416496276855,0.24
7.074184894561768,0.23
7.430030345916748,0.23
7.776251792907715,0.23
8.116438865661621,0.23
8.375667572021484,0.25
8.483004570007324,0.23
8.509661674499512,0.23
8.530139923095703,0.24
8.623906135559082,0.25
8.939959526062012,0.15
9.546798706054688,1.01
10.572576522827148,2.66
11.901301383972168,4.379999999999999
13.365450859069824,6.43
14.154333114624023,8.96
13.960299491882324,11.3
14.96313190460205,14.54
17.146944046020508,18.24
21.850229263305664,21.11
28.91596794128418,24.97
38.217926025390625,38.01
48.345149993896484,53.83
54.037506103515625,56.42
53.53942108154297,53.96
49.36285400390625,52.57
46.955047607421875,51.68
44.263519287109375,49.97
41.25392150878906,46.95
38.79856491088867,44.42
37.261322021484375,44.81
36.5428466796875,43.6
36.15561294555664,44.38
36.20634841918945,44.64
36.019283294677734,45.05
35.807762145996094,44.85
35.71101760864258,45.0
35.89154052734375,46.76
36.57909393310547,45.4
39.3976936340332,46.38
45.689388275146484,47.39
49.5530891418457,48.95
49.238121032714844,49.81
46.236995697021484,50.88
39.97722244262695,49.89
30.577035903930664,34.17
19.3396053314209,8.0
11.339859008789062,7.13
10.441095352172852,14.190000000000001
9.207696914672852,5.65
5.367208957672119,2.67
3.7509539127349854,0.59
2.9477288722991943,0.31
2.751194477081299,0.27
2.6263208389282227,0.25
2.4934298992156982,0.25
2.359452962875366,0.24
2.2503762245178223,0.25
2.1110293865203857,0.25
1.974056601524353,0.23
1.8590154647827148,0.22
1.730821132659912,0.23
1.6350106000900269,0.23
1.5214015245437622,0.23
1.4048044681549072,0.22
1.2971646785736084,0.23
1.2051384449005127,0.24
1.1166672706604004,0.22
1.0402559041976929,0.23
0.9631108045578003,0.23
0.9754945039749146,0.23
0.960655927658081,0.24
0.9682732820510864,0.23
1.0035178661346436,0.24
1.0240336656570435,0.23
1.0480446815490723,0.23
1.1098170280456543,0.24
1.1803234815597534,0.23
1.2777724266052246,0.23
1.3828778266906738,0.24
1.5317163467407227,0.24
1.7333593368530273,0.23
1.8914698362350464,0.24
2.1180803775787354,0.24
2.339707374572754,0.24
2.5952651500701904,0.23
2.9068384170532227,0.23
3.2167792320251465,0.24
3.5212512016296387,0.23
3.9438440799713135,0.23
4.3173651695251465,0.23
4.720850944519043,0.23
5.096959114074707,0.23
5.496874809265137,0.24
5.909820556640625,0.23
6.32325553894043,0.23
6.731348514556885,0.24
7.102872848510742,0.24
7.530003547668457,0.23
7.931536674499512,0.23
8.217055320739746,0.23
8.277976036071777,0.24
8.058036804199219,0.23
7.336153984069824,0.23
6.527451515197754,0.25
6.0669732093811035,0.2
6.746407508850098,1.31
9.224679946899414,4.28
14.245107650756836,8.83
21.845468521118164,19.01
31.060562133789062,29.01
39.870521545410156,38.09
47.098819732666016,45.81
52.31422424316406,53.88
54.2022819519043,55.37
52.58618927001953,52.76
50.18592071533203,52.28
48.53298568725586,49.83
46.978912353515625,48.52
46.32615280151367,47.21
47.134559631347656,46.97
45.30553436279297,47.89
43.62843322753906,46.71
40.73725891113281,44.6
37.32875061035156,42.74
33.9208869934082,39.52
30.957883834838867,33.79
29.318260192871094,36.16
29.692398071289062,35.56
29.324586868286133,35.37
29.344467163085938,35.66
29.23029899597168,35.91
28.95269775390625,36.120000000000005
28.466815948486328,35.03
27.88197898864746,35.07
28.11614990234375,34.54
29.762287139892578,33.7
33.86912536621094,33.75
36.734413146972656,34.01
37.110904693603516,35.4
34.77634811401367,36.16
29.60648536682129,34.24
22.073328018188477,24.88
13.520047187805176,5.0
6.9039692878723145,5.02
5.894427299499512,3.64
4.605189323425293,1.67
3.5618340969085693,0.47
3.0305428504943848,0.27
2.843484878540039,0.25
2.6894137859344482,0.24
2.546581745147705,0.24
2.4235713481903076,0.25
2.2724177837371826,0.24
2.132828712463379,0.24
1.9881072044372559,0.23
1.885777473449707,0.23
1.754710078239441,0.23
1.6390297412872314,0.23
1.556692123413086,0.23
1.4350597858428955,0.22
1.3150111436843872,0.23
1.2420789003372192,0.23
1.1650025844573975,0.23
1.066235065460205,0.23
0.9903490543365479,0.23
0.9411691427230835,0.22
0.9198668003082275,0.23
0.9258191585540771,0.23
0.959944486618042,0.23
0.9919753074645996,0.24
1.0190343856811523,0.24
1.0756926536560059,0.24
1.1673067808151245,0.23
1.2847611904144287,0.23
1.42178213596344,0.23
1.58782160282135,0.23
1.776937484741211,0.23
1.9912415742874146,0.24
2.271353244781494,0.24
2.527125597000122,0.24
2.7725565433502197,0.24
3.094719171524048,0.24
3.4109039306640625,0.23
3.7702760696411133,0.23
4.138864040374756,0.25
4.519369602203369,0.24
4.940456390380859,0.24
5.357135772705078,0.24
5.803801536560059,0.24
6.250930309295654,0.24
6.668776988983154,0.24
7.097017765045166,0.24
7.528051376342773,0.25
7.918652057647705,0.24
8.31950569152832,0.24
8.664525032043457,0.24
8.787304878234863,0.24
8.630327224731445,0.24
7.808418273925781,0.23
6.702170372009277,0.25
6.002296447753906,0.23
7.055593967437744,0.8699999999999999
10.87293529510498,3.67
16.8505859375,8.09
24.831279754638672,18.93
33.319976806640625,29.96
39.28850555419922,39.14
42.189579010009766,41.38
42.15264892578125,38.7
40.75493621826172,40.99
40.132965087890625,38.28
38.73871994018555,38.07
38.24933624267578,38.99
37.86734390258789,37.96
37.2526741027832,36.53
36.69657516479492,36.7
34.61135482788086,35.51
32.49380111694336,34.93
29.83715057373047,32.34
26.531797409057617,30.03
23.73381805419922,26.8
21.456378936767578,26.14
20.419950485229492,24.77
19.900760650634766,24.34
20.085346221923828,25.38
20.809181213378906,26.12
21.454267501831055,26.95
21.989662170410156,28.03
21.974761962890625,27.59
21.5542049407959,26.5
22.62921714782715,27.79
24.707782745361328,26.87
25.340852737426758,25.96
26.168155670166016,25.68
26.508058547973633,27.31
25.69745445251465,28.32
22.768962860107422,19.71
17.928102493286133,13.83
14.372992515563965,15.61
11.582359313964844,8.87
7.552805423736572,5.09
5.083486080169678,1.16
3.5559914112091064,0.2
3.1236369609832764,0.25
2.993406295776367,0.23
2.830671548843384,0.23
2.676163673400879,0.23
2.5621328353881836,0.24
2.416825532913208,0.24
2.2953481674194336,0.23
2.16314435005188,0.23
2.045520067214966,0.23
1.9001429080963135,0.23
1.756718397140503,0.22
1.6541966199874878,0.21
1.5763188600540161,0.23
1.4831539392471313,0.23
1.3700224161148071,0.23
1.2849291563034058,0.23
1.2172378301620483,0.24
1.1737861633300781,0.23
1.1893419027328491,0.23
1.186624526977539,0.23
1.1799709796905518,0.24
1.1853842735290527,0.24
1.211150884628296,0.24
1.2529501914978027,0.23
1.3405728340148926,0.24
1.4623388051986694,0.23
1.583968162536621,0.23
1.6992450952529907,0.22
1.8560857772827148,0.25
2.0763680934906006,0.23
2.2882297039031982,0.23
2.538884162902832,0.24
2.8044068813323975,0.24
3.1082260608673096,0.23
3.415318250656128,0.24
3.7508015632629395,0.24
4.120656490325928,0.24
4.491215705871582,0.24
4.881987571716309,0.24
5.292634963989258,0.23
5.699175834655762,0.24
6.127564907073975,0.24
6.554968357086182,0.24
6.976218223571777,0.24
7.37987756729126,0.24
7.766180515289307,0.24
8.146111488342285,0.24
8.509747505187988,0.24
8.890438079833984,0.24
9.015802383422852,0.23
8.781250953674316,0.24
7.961550712585449,0.24
7.295658111572266,0.24
6.553230285644531,0.22
7.458251476287842,0.7
10.506513595581055,3.7
15.848937034606934,8.759999999999998
23.644689559936523,19.44
32.950809478759766,24.69
38.35956954956055,36.05
41.86728286743164,37.45
40.93684005737305,39.39
39.519142150878906,46.86
39.678531646728516,34.7
35.837669372558594,31.03
39.00812911987305,40.57
42.494171142578125,42.25
42.91225814819336,41.11
41.18253707885742,40.62
38.70760726928711,39.82
37.48519515991211,38.34
33.0041389465332,37.04
30.72638702392578,35.15
27.761581420898438,30.48
25.109905242919922,28.16
22.891708374023438,26.34
21.288768768310547,27.6
21.116443634033203,27.61
20.582563400268555,27.28
20.347152709960938,26.65
21.28105926513672,27.44
21.196216583251953,26.62
21.80183982849121,27.85
24.73114585876465,27.7
28.717254638671875,29.32
32.24776840209961,30.56
33.57085418701172,31.71
32.39063262939453,33.22
28.448650360107422,32.22
21.989595413208008,23.2
14.262392044067383,10.41
8.173401832580566,4.87
5.326523303985596,1.98
3.890655517578125,0.32
3.2274935245513916,0.28
3.0508005619049072,0.25
2.905837059020996,0.24
2.7822792530059814,0.25
2.6579229831695557,0.25
2.5109035968780518,0.25
2.3817477226257324,0.24
2.246368169784546,0.22
2.0783517360687256,0.22
1.9499363899230957,0.24
1.8645228147506714,0.22
1.7588739395141602,0.23
1.6734291315078735,0.23
1.60928475856781,0.24
1.5529993772506714,0.23
1.472374677658081,0.23
1.3866708278656006,0.23
1.294920563697815,0.24
1.266701579093933,0.24
1.222472071647644,0.23
1.2700053453445435,0.23
1.2639508247375488,0.23
1.2465091943740845,0.24
1.3329792022705078,0.23
1.428938865661621,0.23
1.5269582271575928,0.23
1.6532096862792969,0.24
1.8429615497589111,0.24
2.0646064281463623,0.24
2.2703990936279297,0.25
2.5173847675323486,0.24
2.787541151046753,0.24
3.053983688354492,0.23
3.337291955947876,0.24
3.653184652328491,0.24
3.9773173332214355,0.24
4.342216968536377,0.24
4.820199489593506,0.23
5.206836223602295,0.23
5.5931549072265625,0.24
6.027651309967041,0.24
6.402091026306152,0.23
6.804195404052734,0.25
7.2268781661987305,0.23
7.758790016174316,0.24
8.130152702331543,0.24
8.510245323181152,0.23
8.855100631713867,0.23
9.168270111083984,0.24
9.322877883911133,0.23
9.256255149841309,0.23
8.331583023071289,0.24
6.6616530418396,0.24
6.183586120605469,0.22
8.042474746704102,0.72
12.12370491027832,2.78
18.29722785949707,5.97
25.929590225219727,19.15
33.968421936035156,34.97
38.36412048339844,36.69
37.92220687866211,32.74
36.660438537597656,32.3
35.96548843383789,33.12
35.3193473815918,32.65
34.14527130126953,32.3
32.92165756225586,31.17
31.692882537841797,31.86
31.071622848510742,29.3
29.374364852905273,27.55
26.4080867767334,25.67
24.23188018798828,25.25
22.037242889404297,23.9
19.500627517700195,22.450000000000003
16.978466033935547,19.29
14.86952018737793,17.29
13.906999588012695,18.09
13.774484634399414,17.78
13.743762016296387,18.73
14.241544723510742,18.66
14.6889066696167,19.84
15.371349334716797,20.66
15.815022468566895,21.01
16.03583526611328,21.11
16.82992935180664,21.06
18.74598503112793,21.46
22.146873474121094,22.03
24.306324005126953,22.04
24.932817459106445,23.38
24.10283851623535,25.07
20.966276168823242,23.44
15.691130638122559,15.94
9.691375732421875,3.1
5.281300067901611,2.41
4.373246669769287,1.55
3.6197829246520996,0.3
3.097911834716797,0.29
2.9569644927978516,0.25
2.8253164291381836,0.24
2.689527750015259,0.24
2.5535545349121094,0.25
2.4090793132781982,0.24
2.264833688735962,0.24
2.1249890327453613,0.24
1.9863792657852173,0.22
1.8760623931884766,0.23
1.7464878559112549,0.23
1.663130760192871,0.22
1.5987699031829834,0.23
1.5449694395065308,0.23
1.4824638366699219,0.22
1.4411574602127075,0.22
1.416000247001648,0.23
1.3428354263305664,0.23
1.2978606224060059,0.23
1.3346554040908813,0.23
1.3503515720367432,0.23
1.4157323837280273,0.23
1.4803296327590942,0.23
1.5196073055267334,0.24
1.6443486213684082,0.24
1.7619671821594238,0.23
1.9120311737060547,0.24
2.0821282863616943,0.23
2.261312246322632,0.24
2.4687271118164062,0.23
2.702007532119751,0.23
2.935939311981201,0.23
3.202634572982788,0.24
3.4851553440093994,0.23
3.791982889175415,0.23
4.146796703338623,0.23
4.531313896179199,0.24
4.856850624084473,0.23
5.248589992523193,0.24
5.637731075286865,0.24
6.010612964630127,0.25
6.412167549133301,0.23
6.792723655700684,0.24
7.177416801452637,0.24
7.575283050537109,0.24
7.942388534545898,0.24
8.293824195861816,0.24
8.628578186035156,0.24
8.929349899291992,0.24
9.06576919555664,0.24
8.984891891479492,0.23
8.184149742126465,0.23
6.4862847328186035,0.23
5.116549968719482,0.21
4.915489196777344,0.51
6.838321685791016,2.59
11.583897590637207,5.46
19.11614227294922,16.4
29.332317352294922,32.53
39.90951919555664,43.09
49.624237060546875,51.75
57.833526611328125,59.1
64.19775390625,65.74
68.98029327392578,71.47
71.37898254394531,77.15
71.57537078857422,76.47
69.5237808227539,72.3
67.79243469238281,70.85
66.84479522705078,70.07
63.468963623046875,67.21
60.54530715942383,66.35
57.497135162353516,64.17
53.973567962646484,61.79
50.74928283691406,58.42
48.22887420654297,56.42
46.727230072021484,55.67
46.006813049316406,55.44
45.77790832519531,56.28
48.2625617980957,56.01
47.84935760498047,55.55
47.000694274902344,55.63
46.70886993408203,56.58
47.325408935546875,56.72
51.74413299560547,56.41
55.37130355834961,55.8
54.871978759765625,56.94
58.24260330200195,60.0
51.33485794067383,56.45
39.61423873901367,50.19
26.060314178466797,22.3
12.459304809570312,7.7
6.437612056732178,3.87
4.325306415557861,1.6
3.177731513977051,0.23
2.639029026031494,0.35
2.5126688480377197,0.28
2.3629159927368164,0.27
2.2402937412261963,0.25
2.104903221130371,0.24
1.9690778255462646,0.23
1.8446122407913208,0.25
1.7225233316421509,0.23
1.6103782653808594,0.23
1.5068477392196655,0.23
1.399583339691162,0.23
1.2934753894805908,0.22
1.2249341011047363,0.23
1.159489393234253,0.23
1.119502305984497,0.23
1.0496782064437866,0.23
1.0043308734893799,0.23
0.9846160411834717,0.23
0.976370096206665,0.22
1.0017404556274414,0.23
1.0120441913604736,0.24
1.0527359247207642,0.24
1.1077098846435547,0.23
1.1637918949127197,0.24
1.2611361742019653,0.23
1.3746870756149292,0.23
1.4949188232421875,0.23
1.646868348121643,0.24
1.8383797407150269,0.23
2.0457258224487305,0.22
2.27126145362854,0.23
2.533560276031494,0.23
2.8079426288604736,0.23
3.090346336364746,0.23
3.404789924621582,0.24
3.728231191635132,0.23
4.024906158447266,0.24
4.371779441833496,0.23
4.776561737060547,0.24
5.194427490234375,0.24
5.549703121185303,0.25
5.930535793304443,0.23
6.323193550109863,0.24
6.709782123565674,0.24
7.090996265411377,0.24
7.472370624542236,0.24
7.845571041107178,0.24
8.205550193786621,0.24
8.53382682800293,0.23
8.686871528625488,0.23
8.604880332946777,0.24
7.979970932006836,0.23
6.436154842376709,0.25
5.106540679931641,0.25
4.932451248168945,0.44
6.833375930786133,2.64
11.433895111083984,5.45
18.527191162109375,14.35
28.529056549072266,30.4
39.46119689941406,40.98
48.86247634887695,49.31
56.34486389160156,56.74
61.94582748413086,63.43
65.17401123046875,69.78
65.75018310546875,71.61
64.1100082397461,68.0
62.091033935546875,67.05
61.914634704589844,65.53
61.72850036621094,64.23
60.077335357666016,64.75
59.39139175415039,65.81
57.676490783691406,64.55
54.901371002197266,62.31
51.93587875366211,59.43
49.5219612121582,58.16
47.90407180786133,57.07
46.793216705322266,56.37
46.09838104248047,56.0
46.05155944824219,56.59
46.451026916503906,57.56
47.937984466552734,57.83
48.69687271118164,58.62
50.53654479980469,59.13
52.935035705566406,60.96
55.257572174072266,60.05
56.745704650878906,61.01
57.046905517578125,54.82
53.66755676269531,57.94
48.552764892578125,50.05
39.26627731323242,41.45
29.60965919494629,32.54
20.23187828063965,20.17
12.024384498596191,7.66
6.615474224090576,4.27
4.51664400100708,1.85
3.2677969932556152,0.25
2.6759209632873535,0.33
2.555776596069336,0.28
2.4271183013916016,0.26
2.3340723514556885,0.23
2.1866302490234375,0.25
2.031456470489502,0.24
1.9003204107284546,0.23
1.7744346857070923,0.23
1.6590594053268433,0.23
1.5405110120773315,0.23
1.4285873174667358,0.23
1.3206473588943481,0.23
1.2273774147033691,0.22
1.1409547328948975,0.22
1.0759202241897583,0.23
1.0171592235565186,0.23
0.9714158177375793,0.23
0.9478033781051636,0.24
0.9309095144271851,0.23
0.9238641262054443,0.23
0.9213821291923523,0.23
0.9652886390686035,0.24
1.022900938987732,0.24
1.0817375183105469,0.23
1.1695350408554077,0.24
1.2871379852294922,0.23
1.4034450054168701,0.25
1.5562610626220703,0.23
1.774634599685669,0.24
1.9824628829956055,0.23
2.1956119537353516,0.23
2.4217424392700195,0.24
2.700941562652588,0.23
3.003434419631958,0.24
3.323901653289795,0.24
3.669921875,0.24
4.032624244689941,0.24
4.406651496887207,0.23
4.7957539558410645,0.24
5.1889729499816895,0.25
5.583697319030762,0.23
5.987542629241943,0.25
6.400447845458984,0.24
6.787478446960449,0.24
7.187464237213135,0.25
7.598110198974609,0.24
7.971070289611816,0.24
8.33398723602295,0.24
8.671284675598145,0.24
8.831737518310547,0.24
8.785810470581055,0.25
8.276232719421387,0.24
6.7313714027404785,0.25
5.1986260414123535,0.24
4.751442909240723,0.52
6.400358200073242,2.51
10.830897331237793,5.09
18.23394775390625,12.8
28.09666633605957,29.47
38.34136962890625,41.4
47.39799880981445,49.97999999999999
55.230247497558594,57.38
60.1653938293457,64.03
64.38886260986328,67.99
67.29952239990234,74.07
69.77394104003906,78.01
70.48515319824219,77.01
70.62544250488281,69.11
70.80255889892578,79.2
71.26703643798828,75.95
68.88322448730469,75.91
66.7567367553711,73.35
63.39882278442383,71.02
60.30741500854492,68.63
57.68992614746094,66.99
55.77568054199219,66.12
54.50046157836914,64.19
53.686180114746094,63.32
54.19736862182617,65.91
55.223167419433594,65.96
56.180267333984375,66.2
57.78805160522461,66.48
59.56928253173828,66.64
61.22813415527344,67.0
61.83735656738281,65.8
61.05957794189453,64.47
57.932777404785156,59.36
51.7685546875,52.76
43.915122985839844,45.87
35.16923904418945,36.74
26.036293029785156,27.91
17.69261932373047,16.05
10.685578346252441,7.25
6.446969032287598,3.88
4.426405906677246,1.4
3.250295639038086,0.22
2.7680633068084717,0.31
2.639829158782959,0.27
2.49753737449646,0.24
2.3503074645996094,0.24
2.2247049808502197,0.24
2.0963618755340576,0.23
1.9457772970199585,0.23
1.8171687126159668,0.23
1.6824151277542114,0.22
1.5644402503967285,0.22
1.4574940204620361,0.23
1.3814544677734375,0.23
1.361392855644226,0.23
1.29585862159729,0.23
1.2363163232803345,0.23
1.1990760564804077,0.23
1.1584336757659912,0.23
1.115365982055664,0.24
1.0389657020568848,0.23
1.093244194984436,0.23
1.1124036312103271,0.22
1.1671862602233887,0.23
1.2191967964172363,0.22
1.2359119653701782,0.24
1.3130213022232056,0.24
1.412071704864502,0.23
1.5141178369522095,0.23
1.633954405784607,0.24
1.8190464973449707,0.24
2.0513339042663574,0.24
2.265298843383789,0.23
2.5147671699523926,0.24
2.757418394088745,0.24
3.0870273113250732,0.23
3.4063165187835693,0.24
3.764535903930664,0.24
4.123715877532959,0.24
4.502686500549316,0.24
4.892396450042725,0.24
5.291810512542725,0.24
5.6971588134765625,0.25
6.101150035858154,0.24
6.50696325302124,0.23
6.905043125152588,0.25
7.293147563934326,0.25
7.683557510375977,0.25
8.099878311157227,0.25
8.449668884277344,0.24
8.768988609313965,0.25
8.947083473205566,0.25
8.962557792663574,0.24
8.544925689697266,0.23
7.008892059326172,0.25
5.337477207183838,0.25
4.696976184844971,0.46
6.091547966003418,2.26
10.229706764221191,4.59
17.122434616088867,11.31
26.82033920288086,28.380000000000003
37.358795166015625,41.3
46.82516098022461,49.97
55.62165069580078,57.49
64.468505859375,64.44
68.68165588378906,70.79
71.2038345336914,76.48
71.79053497314453,81.33
71.96146392822266,82.57
68.63377380371094,69.35
64.40607452392578,59.78
63.845088958740234,79.13
67.3405532836914,76.32
63.758907318115234,73.73
60.72111511230469,60.71
58.90675354003906,72.4
60.81648635864258,72.59
59.52857208251953,71.94
59.911128997802734,68.07
61.34161376953125,68.03
63.50038146972656,69.99
65.20172882080078,71.07
65.1826400756836,73.36
63.293434143066406,67.66
57.981605529785156,56.8
51.2035026550293,50.54
44.65314483642578,47.72
36.9471435546875,39.18
27.405044555664062,29.72
18.38339614868164,16.14
10.830757141113281,7.08
6.521730899810791,3.88
4.528470516204834,1.28
3.3601505756378174,0.22
2.90205454826355,0.31
2.7671680450439453,0.27
2.6413941383361816,0.25
2.504230260848999,0.24
2.3625168800354004,0.24
2.2209665775299072,0.24
2.0820438861846924,0.23
1.9700231552124023,0.22
1.871488332748413,0.22
1.7565842866897583,0.21
1.6591596603393555,0.23
1.5877020359039307,0.22
1.5013558864593506,0.23
1.4202014207839966,0.23
1.3604949712753296,0.23
1.3125756978988647,0.23
1.2963414192199707,0.23
1.2671998739242554,0.23
1.2144503593444824,0.23
1.2650448083877563,0.23
1.3233511447906494,0.23
1.3544975519180298,0.24
1.4064490795135498,0.23
1.4767448902130127,0.23
1.5482994318008423,0.24
1.676934003829956,0.23
1.8083217144012451,0.24
2.035773992538452,0.24
2.2173190116882324,0.24
2.3989336490631104,0.23
2.666278600692749,0.23
2.9594645500183105,0.23
3.273874044418335,0.24
3.526606559753418,0.24
3.8448684215545654,0.23
4.175664901733398,0.24
4.4926276206970215,0.25
4.922165393829346,0.24
5.285907745361328,0.24
5.672826290130615,0.24
6.075866222381592,0.24
6.506441116333008,0.25
6.928828716278076,0.25
7.3315749168396,0.25
7.739344596862793,0.24
8.142723083496094,0.24
8.53079891204834,0.24
8.92518424987793,0.24
9.223664283752441,0.25
9.352209091186523,0.23
9.442245483398438,0.24
9.66911506652832,0.24
9.961748123168945,0.23
10.400063514709473,0.17
11.615119934082031,1.07
13.658981323242188,3.99
15.9903564453125,6.39
18.024991989135742,8.15
20.0245304107666,11.79
22.603933334350586,17.11
25.844289779663086,17.88
29.121139526367188,19.1
32.61940002441406,23.9
35.54383087158203,29.75
37.92478561401367,36.02
39.631011962890625,39.39
41.577144622802734,36.73
43.60897445678711,33.7
46.017112731933594,40.06
50.38387680053711,52.49
53.47539520263672,55.7
54.629608154296875,56.78
56.670204162597656,49.519999999999996
58.35066223144531,49.92
62.621585845947266,65.17
67.89008331298828,68.78
68.68546295166016,71.6
63.911048889160156,64.04
58.11728286743164,54.95
55.217864990234375,61.41
56.1586799621582,64.04
55.348487854003906,51.99
54.33615493774414,39.7
57.68064498901367,66.56
62.37436294555664,64.55
58.33692932128906,60.93
52.448123931884766,52.32
45.15302276611328,47.3
37.88031005859375,40.5
30.009326934814453,28.96
22.23899269104004,29.86
16.31267547607422,11.880000000000003
9.022101402282715,6.16
6.133253574371338,3.64
4.535562992095947,1.13
3.511777877807617,0.23
3.1393284797668457,0.26
3.0110645294189453,0.24
2.845740795135498,0.24
2.688987970352173,0.24
2.5999395847320557,0.24
2.4656596183776855,0.24
2.2765066623687744,0.23
2.150203227996826,0.22
2.0366146564483643,0.23
1.9510411024093628,0.22
1.8693448305130005,0.22
1.811610460281372,0.22
1.729578971862793,0.22
1.6561201810836792,0.22
1.607032299041748,0.22
1.5687954425811768,0.23
1.545799970626831,0.23
1.5241750478744507,0.23
1.519492506980896,0.22
1.5331392288208008,0.23
1.5701639652252197,0.24
1.6363390684127808,0.24
1.7211111783981323,0.23
1.8211458921432495,0.23
1.9168193340301514,0.24
2.0642950534820557,0.23
2.216660737991333,0.24
2.399906873703003,0.25
2.5805156230926514,0.23
2.781932830810547,0.22
3.019862651824951,0.23
3.2795088291168213,0.23
3.5504512786865234,0.24
3.8260817527770996,0.22
4.150679111480713,0.24
4.446051120758057,0.24
4.79652738571167,0.25
5.181269645690918,0.23
5.570192813873291,0.23
5.975209712982178,0.24
6.346690654754639,0.24
6.801119327545166,0.24
7.205771446228027,0.24
7.590025901794434,0.23
7.981541156768799,0.22
8.395576477050781,0.23
8.790240287780762,0.23
9.154393196105957,0.23
9.482989311218262,0.24
9.59499740600586,0.24
9.666626930236816,0.24
9.784675598144531,0.24
10.073797225952148,0.23
10.497551918029785,0.24
10.45349407196045,0.48
11.160209655761719,3.77
11.697243690490723,6.02
13.992491722106934,8.62
20.00873565673828,11.77
27.41008949279785,17.2
37.969703674316406,31.9
50.19449234008789,40.35
59.789146423339844,61.95
68.00751495361328,66.44
70.2785873413086,58.87
71.68009948730469,72.46
75.17169189453125,70.18
73.61053466796875,68.84
71.82256317138672,70.58
69.65453338623047,67.93
65.73065948486328,64.57
62.262874603271484,61.61
60.20934295654297,59.35
59.59730911254883,59.51
60.4835319519043,60.57
62.27872848510742,60.28
64.32093048095703,66.19
67.32298278808594,69.5
69.35481262207031,69.97
78.83751678466797,71.38
77.27053833007812,72.12
74.44903564453125,71.91
70.02236938476562,73.9
63.930335998535156,71.11
55.658172607421875,65.42
45.20564651489258,52.34
35.69001770019531,45.39
36.776824951171875,39.09
29.069095611572266,32.22
21.390037536621094,23.4
14.157698631286621,11.36
8.45173168182373,5.55
5.6148576736450195,2.94
4.134446144104004,0.47
3.2591121196746826,0.25
3.0515778064727783,0.29
2.9165022373199463,0.26
2.752760887145996,0.21
2.6154325008392334,0.21
2.4933435916900635,0.2
2.3819479942321777,0.2
2.2687501907348633,0.19
2.1688296794891357,0.2
2.019984006881714,0.19
1.9090622663497925,0.19
1.808140516281128,0.19
1.7011168003082275,0.19
1.6136927604675293,0.18
1.5617669820785522,0.19
1.5092768669128418,0.2
1.4331763982772827,0.19
1.3976762294769287,0.19
1.3329211473464966,0.2
1.3189518451690674,0.19
1.325393795967102,0.19
1.3513308763504028,0.19
1.4029732942581177,0.19
1.4714642763137817,0.19
1.5457597970962524,0.2
1.6682013273239136,0.18
1.810698390007019,0.2
1.970578908920288,0.19
2.1177854537963867,0.19
2.3068201541900635,0.2
2.542827844619751,0.21
2.79706072807312,0.24
3.0600197315216064,0.24
3.3372902870178223,0.25
3.6419003009796143,0.25
3.9065003395080566,0.24
4.2511091232299805,0.25
4.61165714263916,0.23
5.0046257972717285,0.24
5.393557071685791,0.24
5.807336807250977,0.25
6.218972206115723,0.24
6.623327255249023,0.25
7.047235488891602,0.24
7.4408650398254395,0.24
7.843269348144531,0.24
8.224432945251465,0.24
8.608259201049805,0.25
8.97565746307373,0.23
9.328968048095703,0.24
9.560407638549805,0.24
9.682791709899902,0.25
9.692002296447754,0.24
9.232500076293945,0.24
8.400459289550781,0.25
8.108120918273926,0.19
9.26522445678711,2.0
12.745129585266113,4.58
18.47673797607422,8.36
26.522382736206055,18.94
36.528621673583984,32.85
46.14407730102539,43.16
53.82944869995117,51.57
60.88913345336914,57.84
67.9560775756836,63.91
74.64301300048828,69.96
80.08965301513672,75.35
83.64883422851562,79.94
85.10291290283203,84.23
84.0420913696289,83.33
80.55319213867188,77.54999999999998
76.48258209228516,74.6
73.6085205078125,72.8
70.92156982421875,70.91
68.33473205566406,67.8
65.74552154541016,66.59
64.15972137451172,65.98
63.131046295166016,65.98
60.15196990966797,65.33
60.27366638183594,67.12
62.08108139038086,68.45
65.11386108398438,73.42
68.52177429199219,75.96
70.58890533447266,80.28
70.37100982666016,74.14
65.16007232666016,65.37
62.62082290649414,65.94
59.439361572265625,60.55
52.497520446777344,53.98
43.83791732788086,43.39
34.401145935058594,38.51
25.64681625366211,27.16
16.450674057006836,11.57
9.477729797363281,6.14
6.41906213760376,3.43
4.654780387878418,1.07
3.57002592086792,0.24
3.1364002227783203,0.3
2.930082321166992,0.25
2.6715965270996094,0.21
2.5486862659454346,0.2
2.410714864730835,0.2
2.307896614074707,0.2
2.1677818298339844,0.2
2.035571336746216,0.19
1.8907743692398071,0.19
1.7700241804122925,0.19
1.665426254272461,0.19
1.5605581998825073,0.19
1.4740009307861328,0.19
1.4047821760177612,0.19
1.3410731554031372,0.2
1.2883477210998535,0.19
1.2557286024093628,0.19
1.2506779432296753,0.19
1.2450040578842163,0.19
1.2660133838653564,0.19
1.3001784086227417,0.19
1.3522452116012573,0.19
1.4154059886932373,0.19
1.535167932510376,0.19
1.6572505235671997,0.2
1.786138892173767,0.21
1.9402642250061035,0.22
2.1159253120422363,0.24
2.314281702041626,0.24
2.5001697540283203,0.24
2.71423077583313,0.24
2.9566879272460938,0.24
3.2117581367492676,0.24
3.4944775104522705,0.24
3.8075997829437256,0.24
4.14467191696167,0.25
4.497424602508545,0.24
4.859941005706787,0.23
5.239195346832275,0.24
5.641837120056152,0.25
6.037502765655518,0.24
6.445818901062012,0.24
6.848520278930664,0.24
7.238865852355957,0.24
7.646114826202393,0.23
8.04703426361084,0.23
8.429049491882324,0.23
8.79007339477539,0.24
9.152937889099121,0.25
9.390314102172852,0.24
9.443140029907227,0.24
9.299139976501465,0.25
8.57933235168457,0.24
7.145308971405029,0.25
6.054752349853516,0.17
6.38939905166626,1.73
8.998355865478516,4.16
14.116626739501953,7.54
21.569303512573242,17.47
32.234745025634766,32.95
45.30717849731445,43.39
53.44734573364258,51.12
57.80257034301758,57.58
59.12683868408203,61.83
56.627445220947266,68.15
53.33467102050781,63.71
49.83546829223633,51.74
51.97254180908203,54.84
57.88290023803711,60.84
63.51029968261719,64.4
66.96321868896484,75.19
67.80812072753906,74.63
63.47246170043945,72.07
57.941165924072266,62.52
52.734230041503906,60.97
50.593441009521484,59.03
48.95906448364258,58.06
47.31669616699219,57.27
47.95335006713867,56.78
51.8995361328125,58.35
52.469242095947266,59.27
53.58583068847656,60.06
57.190208435058594,60.17
59.90335464477539,66.9
60.094173431396484,56.61
54.76668167114258,44.13
49.39071273803711,63.52
43.80074691772461,47.76
29.809255599975586,27.38
18.912973403930664,17.07
13.005806922912598,8.68
9.39616584777832,5.08
7.748132705688477,4.92
6.795863628387451,4.69
5.588149070739746,2.57
4.234541416168213,0.53
3.3698360919952393,0.36
3.1196677684783936,0.23
2.9241154193878174,0.22
2.7951889038085938,0.21
2.694561243057251,0.22
2.57681941986084,0.21
2.445479154586792,0.2
2.333643674850464,0.21
2.237107515335083,0.19
2.1475656032562256,0.2
2.048335075378418,0.2
1.9456802606582642,0.2
1.8547292947769165,0.2
1.7852250337600708,0.2
1.7433147430419922,0.21
1.698509931564331,0.2
1.6357413530349731,0.2
1.5953896045684814,0.21
1.587947964668274,0.2
1.539115309715271,0.2
1.5775880813598633,0.21
1.608177661895752,0.2
1.6675063371658325,0.2
1.7069685459136963,0.19
1.8183537721633911,0.2
1.9016369581222534,0.22
2.0333526134490967,0.24
2.2587063312530518,0.24
2.432706832885742,0.24
2.6624341011047363,0.23
2.8832242488861084,0.24
3.115022897720337,0.25
3.399064779281616,0.25
3.7055258750915527,0.25
4.023448467254639,0.24
4.384226322174072,0.24
4.76615571975708,0.24
5.138158321380615,0.24
5.540563106536865,0.24
5.959084510803223,0.25
6.392140865325928,0.24
6.827697277069092,0.24
7.272663116455078,0.24
7.710052013397217,0.24
8.137943267822266,0.25
8.544862747192383,0.24
8.94011402130127,0.25
9.30255126953125,0.25
9.645503044128418,0.25
9.897621154785156,0.24
10.042564392089844,0.24
10.125375747680664,0.24
10.158864974975586,0.24
10.29008960723877,0.25
10.645360946655273,0.19
11.257902145385742,1.51
11.87133502960205,2.8
12.6405611038208,4.91
13.207321166992188,7.63
12.807482719421387,10.42
17.033355712890625,13.47
22.244707107543945,18.0
28.690143585205078,27.4
35.98828887939453,31.57
43.04636764526367,46.29
50.41388702392578,63.0
53.379661560058594,47.16
53.42158508300781,58.81
59.261878967285156,62.85
59.21871566772461,61.17
55.67251205444336,59.19
53.683258056640625,62.69
52.56700897216797,58.94
49.26183319091797,54.58
47.196083068847656,53.11
45.28498458862305,54.04
44.37453842163086,60.06
45.835960388183594,58.34
46.19291305541992,51.86
48.933712005615234,53.84
54.697349548339844,58.77
60.97377395629883,72.29
65.66061401367188,74.62
67.2264404296875,66.23
64.9087905883789,63.39
60.708900451660156,59.59
53.896488189697266,56.79
45.59443283081055,50.87
35.182376861572266,38.49
24.17038345336914,13.68
15.334419250488281,13.14
12.87199592590332,12.55
9.868416786193848,6.91
6.391761302947998,1.47
4.312828540802002,0.2
3.766685962677002,0.3
3.5985143184661865,0.26
3.417243480682373,0.22
3.23693585395813,0.22
3.073401689529419,0.22
2.9482343196868896,0.23
2.8362646102905273,0.22
2.701270580291748,0.21
2.5795979499816895,0.21
2.461256504058838,0.21
2.3489556312561035,0.21
2.2245893478393555,0.21
2.131915807723999,0.21
2.0395827293395996,0.21
1.9485585689544678,0.2
1.878990888595581,0.21
1.7932555675506592,0.21
1.7382389307022095,0.2
1.7046695947647095,0.21
1.6681668758392334,0.21
1.6559158563613892,0.2
1.6675896644592285,0.21
1.7088441848754883,0.21
1.7574434280395508,0.21
1.8415852785110474,0.21
1.939128041267395,0.2
2.0683066844940186,0.2
2.2215633392333984,0.2
2.40881085395813,0.21
2.6170456409454346,0.23
2.8381810188293457,0.24
3.0766186714172363,0.24
3.33945369720459,0.24
3.6478497982025146,0.23
3.9345641136169434,0.26
4.298157691955566,0.24
4.650858402252197,0.24
5.028073310852051,0.25
5.439667224884033,0.25
5.859989166259766,0.25
6.306140422821045,0.25
6.767616271972656,0.25
7.2322821617126465,0.25
7.662437438964844,0.25
8.141568183898926,0.25
8.583943367004395,0.26
9.045644760131836,0.25
9.45848274230957,0.25
9.905400276184082,0.24
10.303098678588867,0.25
10.698074340820312,0.26
10.951201438903809,0.25
11.03986930847168,0.24
11.037384033203125,0.25
10.734396934509277,0.24
10.163273811340332,0.25
11.080815315246582,0.2
12.911240577697754,1.58
14.278823852539062,3.82
13.820183753967285,5.82
13.129594802856445,12.23
16.044998168945312,20.39
19.307519912719727,14.25
21.818641662597656,15.42
30.772336959838867,30.26
40.39850616455078,52.08
47.99456787109375,60.78
51.055843353271484,58.23
56.65900802612305,61.33
65.54232788085938,73.4
74.45823669433594,77.03
83.68009185791016,93.92
90.86006927490234,96.23
91.5234146118164,98.68
89.18466186523438,98.27
85.53672790527344,96.54
79.91998291015625,92.0
74.93294525146484,84.62
72.39038848876953,78.18
73.95975494384766,83.09
75.48159790039062,86.65
75.41514587402344,79.69
75.58058166503906,84.35
75.38134765625,80.82
72.38863372802734,74.64
68.69989776611328,66.4
63.41409683227539,70.38
56.596466064453125,59.39
45.61844253540039,41.11
35.73349380493164,41.16
28.988479614257812,24.66
20.184326171875,15.08
14.96182918548584,13.1
11.656015396118164,8.83
8.288108825683594,4.11
5.746738433837891,1.01
4.427639484405518,0.28
3.9951791763305664,0.29
3.8087430000305176,0.25
3.6197028160095215,0.22
3.4529130458831787,0.21
3.2907726764678955,0.21
3.156947612762451,0.21
3.0314645767211914,0.2
2.8793342113494873,0.2
2.7232539653778076,0.2
2.5784060955047607,0.2
2.4492013454437256,0.21
2.3495984077453613,0.2
2.222132682800293,0.2
2.1203372478485107,0.2
2.0494492053985596,0.21
1.9914698600769043,0.2
1.9397605657577515,0.21
1.904207468032837,0.2
1.875092625617981,0.2
1.859096646308899,0.2
1.8669500350952148,0.2
1.8782554864883423,0.2
1.9454785585403442,0.2
2.031795024871826,0.2
2.1682913303375244,0.2
2.280017852783203,0.22
2.4124650955200195,0.24
2.5809872150421143,0.25
2.7773330211639404,0.23
2.969449520111084,0.25
3.256678819656372,0.24
3.549375057220459,0.24
3.8261189460754395,0.25
4.11112642288208,0.25
4.4394378662109375,0.25
4.802410125732422,0.25
5.207998752593994,0.26
5.599419116973877,0.25
6.017848014831543,0.26
6.4532318115234375,0.26
6.898647785186768,0.25
7.349754810333252,0.25
7.773303985595703,0.25
8.231019973754883,0.25
8.663811683654785,0.24
9.118634223937988,0.24
9.54134750366211,0.24
9.983067512512207,0.24
10.323958396911621,0.24
10.652268409729004,0.25
10.818865776062012,0.24
10.749725341796875,0.25
10.38485336303711,0.26
9.263616561889648,0.27
7.844013690948486,0.13
7.274319648742676,1.15
8.68459415435791,3.52
12.526385307312012,6.42
18.92245101928711,12.99
27.919483184814453,27.48
39.373924255371094,41.46
47.57490921020508,50.76
53.615325927734375,58.04
58.98286819458008,64.38
64.85309600830078,70.74
69.40544891357422,76.54
73.62754821777344,81.45
79.6333999633789,85.82
82.38866424560547,89.81
84.19300842285156,91.93
85.67955017089844,88.37
84.76956939697266,97.29
84.45781707763672,97.01
82.69090270996094,88.43
81.22967529296875,92.38
81.20320129394531,91.05
80.52297973632812,85.05
80.9863510131836,95.55
83.12830352783203,96.85
84.55974578857422,85.05
89.05870819091797,83.79
92.0555419921875,90.25999999999999
88.09412384033203,85.87
75.33348846435547,78.92
59.76476287841797,73.69
42.563621520996094,44.03
24.457584381103516,10.24
14.529552459716797,8.49
14.338957786560059,10.53
14.227034568786621,17.22
12.783482551574707,5.51
8.74239730834961,4.83
7.6166300773620605,4.29
6.448856830596924,3.17
5.189135551452637,0.55
4.184365749359131,0.3
3.9296207427978516,0.22
3.7492291927337646,0.21
3.60444974899292,0.2
3.4470834732055664,0.2
3.273951768875122,0.21
3.105736017227173,0.2
2.9662485122680664,0.2
2.8733396530151367,0.2
2.728553295135498,0.2
2.6305317878723145,0.19
2.5513246059417725,0.2
2.469902276992798,0.2
2.412479877471924,0.2
2.359220027923584,0.2
2.3239080905914307,0.2
2.2799060344696045,0.2
2.2752139568328857,0.19
2.2907018661499023,0.2
2.30745005607605,0.2
2.330916166305542,0.2
2.3430984020233154,0.2
2.3783090114593506,0.2
2.418790102005005,0.19
2.491241455078125,0.2
2.5903966426849365,0.21
2.6915030479431152,0.25
2.834965467453003,0.24
2.984689950942993,0.25
3.1390929222106934,0.24
3.301453113555908,0.25
3.512082099914551,0.24
3.783564805984497,0.24
4.086692810058594,0.24
4.395903587341309,0.24
4.726588726043701,0.24
5.084310531616211,0.24
5.448521614074707,0.24
5.840310573577881,0.23
6.246926784515381,0.25
6.656713008880615,0.24
7.06705904006958,0.25
7.484979629516602,0.24
7.914984703063965,0.24
8.38446044921875,0.25
8.845780372619629,0.24
9.292047500610352,0.25
9.71903133392334,0.24
10.110350608825684,0.23
10.488386154174805,0.25
10.82762336730957,0.25
11.049164772033691,0.25
11.177522659301758,0.24
10.7991304397583,0.25
8.907120704650879,0.25
5.669613361358643,0.23
3.466233015060425,0.6
5.494937896728516,1.61
16.781116485595703,3.19
28.537174224853516,11.77
42.839420318603516,31.19
50.62637710571289,54.76
50.83384704589844,65.26
51.793426513671875,60.85
46.831260681152344,17.78
35.35441970825195,49.55
42.512264251708984,35.35
49.72391891479492,75.18
61.145042419433594,72.78
58.302616119384766,21.53
62.936302185058594,51.54
82.3999252319336,101.19
78.72510528564453,102.04
59.96722412109375,46.09
45.821651458740234,52.53
47.48984146118164,47.43
46.13572692871094,29.06
47.44918441772461,46.7
52.42580032348633,69.52
48.5162353515625,42.7
35.965965270996094,34.62
31.584875106811523,25.1
28.500926971435547,30.87
27.674463272094727,23.92
24.143169403076172,23.94
22.229995727539062,19.04
19.6925048828125,14.64
18.17978286743164,17.26
17.41698455810547,13.51
15.078817367553711,11.83
13.003297805786133,8.61
10.757624626159668,8.59
8.915855407714844,4.8
6.682865142822266,3.15
5.306519985198975,0.35
4.319118499755859,0.3
4.1311540603637695,0.26
3.9735991954803467,0.24
3.804154396057129,0.23
3.649860143661499,0.22
3.5025246143341064,0.23
3.367222309112549,0.23
3.242554187774658,0.22
3.127243757247925,0.22
3.022911548614502,0.22
2.9213922023773193,0.22
2.833392858505249,0.22
2.7170891761779785,0.22
2.6020870208740234,0.22
2.505519390106201,0.22
2.433779001235962,0.22
2.3453876972198486,0.22
2.2821171283721924,0.22
2.226012706756592,0.22
2.2052836418151855,0.22
2.1990747451782227,0.22
2.199862480163574,0.22
2.229928493499756,0.24
2.3021092414855957,0.24
2.388443946838379,0.24
2.4886434078216553,0.25
2.590083599090576,0.25
2.7258968353271484,0.25
2.866834878921509,0.24
2.981191396713257,0.24
3.2402873039245605,0.25
3.507471799850464,0.24
3.774860382080078,0.25
3.962373733520508,0.24
4.288632392883301,0.24
4.562473773956299,0.24
4.972767353057861,0.25
5.33181619644165,0.25
5.557033061981201,0.25
5.881991863250732,0.25
6.3101935386657715,0.24
6.750792503356934,0.25
7.13162088394165,0.25
7.550432205200195,0.25
8.04143238067627,0.25
8.497516632080078,0.25
8.946269035339355,0.25
9.35022258758545,0.25
9.756145477294922,0.25
10.174015045166016,0.25
10.514934539794922,0.25
10.75665283203125,0.25
10.861741065979004,0.25
10.581995010375977,0.25
9.6539945602417,0.26
7.671497344970703,0.16
6.88739538192749,0.9
6.151391983032227,2.4
10.26331615447998,5.19
17.00060272216797,9.93
27.311771392822266,23.02
40.213157653808594,42.17
49.027061462402344,48.45
53.67961883544922,70.11
57.733543395996094,57.5
58.07508850097656,70.66
66.63682556152344,69.05
72.67881774902344,72.86
83.48734283447266,88.09
93.49794006347656,93.76
96.51530456542969,97.4
94.10272979736328,94.56
86.99089813232422,91.24
77.75372314453125,88.76
66.63827514648438,70.59
54.53395462036133,60.0
50.63612365722656,56.28
51.18205642700195,55.97
51.67965316772461,55.66
53.02122116088867,55.61
56.709686279296875,58.54
60.48568344116211,66.05
61.079471588134766,62.47
56.47098159790039,48.11
49.99220657348633,56.16
45.322364807128906,44.69
35.36314010620117,35.8
27.29676628112793,22.61
20.64442253112793,16.47
17.02076530456543,13.3
14.401288032531738,10.84
11.9504976272583,7.71
9.627406120300293,5.58
7.797080039978027,4.24
6.309608459472656,1.85
5.044198036193848,0.28
4.393553256988525,0.28
4.2153778076171875,0.25
4.053109645843506,0.25
3.887962818145752,0.25
3.742565155029297,0.25
3.5800998210906982,0.25
3.4194116592407227,0.25
3.25532603263855,0.23
3.1156060695648193,0.23
3.006082773208618,0.23
2.8810646533966064,0.24
2.7574403285980225,0.23
2.6502771377563477,0.23
2.5391488075256348,0.24
2.4475655555725098,0.24
2.3564889430999756,0.24
2.290342330932617,0.24
2.232818841934204,0.23
2.1775567531585693,0.23
2.1358602046966553,0.23
2.116213083267212,0.23
2.1109120845794678,0.24
2.1080477237701416,0.24
2.1310136318206787,0.24
2.174868583679199,0.25
2.250680923461914,0.24
2.350982189178467,0.24
2.5018696784973145,0.24
2.653634786605835,0.24
2.808732032775879,0.24
3.013636589050293,0.24
3.2459161281585693,0.23
3.536288261413574,0.24
3.819437026977539,0.24
4.110708236694336,0.24
4.460219383239746,0.24
4.852651596069336,0.24
5.268865585327148,0.24
5.665028095245361,0.24
6.076004981994629,0.24
6.492043495178223,0.24
6.910642147064209,0.25
7.347145080566406,0.25
7.810921669006348,0.25
8.264758110046387,0.25
8.710329055786133,0.24
9.148717880249023,0.25
9.59054183959961,0.26
10.012535095214844,0.24
10.441070556640625,0.25
10.799951553344727,0.25
10.997926712036133,0.25
11.016050338745117,0.24
10.826302528381348,0.25
10.100208282470703,0.25
8.730501174926758,0.24
7.851187705993652,0.81
8.574499130249023,3.3
11.557207107543945,6.29
16.867900848388672,10.6
24.797380447387695,21.95
35.664283752441406,38.22
45.458953857421875,49.290000000000006
52.908233642578125,57.73
59.3478889465332,65.09
65.57117462158203,71.97
71.38905334472656,78.32
76.77156829833984,83.97
82.22455596923828,88.94999999999999
85.57842254638672,93.29
88.66537475585938,96.54
90.90864562988281,98.78
92.71224975585938,101.18
93.84583282470703,101.4
93.86870574951172,103.26
93.84711456298828,101.61
92.47307586669922,99.56
91.18756866455078,98.8
90.3857650756836,94.84
90.59642028808594,91.28
88.07923126220703,87.55
81.45094299316406,79.17
70.91028594970703,70.66
58.37176513671875,63.72
44.71099090576172,48.63
30.399341583251953,20.07
19.02483367919922,15.23
15.232514381408691,10.47
12.078333854675293,7.18
9.733207702636719,5.53
7.964035511016846,2.98
6.4237751960754395,2.04
5.474118232727051,0.52
4.747572422027588,0.18
4.458389759063721,0.25
4.290449619293213,0.24
4.110560894012451,0.24
3.9344675540924072,0.23
3.759253740310669,0.23
3.604586601257324,0.23
3.460559844970703,0.23
3.3328096866607666,0.23
3.189690589904785,0.23
3.0370748043060303,0.23
2.87003755569458,0.23
2.714838743209839,0.23
2.5120153427124023,0.1
2.3461344242095947,0.0
2.230276107788086,0.0
2.176795244216919,0.0
2.1107990741729736,0.0
2.0160484313964844,0.0
1.9334050416946411,0.0
1.8937275409698486,0.0
1.8994183540344238,0.0
1.8998513221740723,0.0
1.892482876777649,0.0
1.9179925918579102,0.0
1.984984040260315,0.0
2.103548288345337,0.0
2.202643871307373,0.0
2.368344306945801,0.0
2.5679445266723633,0.0
2.770787477493286,0.0
2.998025894165039,0.0
3.2190070152282715,0.0
3.48085355758667,0.0
3.773372173309326,0.0
4.05959415435791,0.0
4.416335105895996,0.0
4.790197849273682,0.0
5.185669898986816,0.0
5.590598106384277,0.0
6.048462390899658,0.0
6.562261581420898,0.23
7.0704121589660645,0.26
7.508429050445557,0.26
7.952208995819092,0.26
8.37614631652832,0.27
8.786928176879883,0.27
9.283486366271973,0.26
9.697103500366211,0.26
10.085511207580566,0.25
10.475549697875977,0.25
10.873332977294922,0.25
11.248154640197754,0.25
11.513108253479004,0.25
11.738263130187988,0.25
11.92140007019043,0.25
12.059417724609375,0.26
12.19891357421875,0.2
12.365647315979004,0.52
12.43391227722168,1.32
12.720947265625,1.98
13.103050231933594,3.04
12.68255615234375,4.39
13.42105484008789,6.44
12.53519344329834,9.54
15.294778823852539,15.4
23.85734748840332,17.87
31.379470825195312,23.32
42.424400329589844,40.08
50.92119598388672,36.03
50.67576599121094,69.19
54.03839111328125,53.7
45.62525939941406,38.21
47.256568908691406,53.57
51.55496597290039,33.99
49.488555908203125,50.0
53.24359130859375,55.7
48.172691345214844,45.27
40.737457275390625,38.68
35.29185485839844,28.51
31.010223388671875,29.39
28.941898345947266,26.49
26.23335075378418,22.68
24.46300506591797,20.51
23.649076461791992,18.6
23.012662887573242,18.59
22.283550262451172,17.64
20.763490676879883,19.25
18.642322540283203,14.02
15.168014526367188,10.7
12.571793556213379,7.76
10.378094673156738,5.87
8.629975318908691,4.21
7.138674736022949,2.6
5.96042013168335,1.52
5.150910377502441,0.64
4.608339309692383,0.19
4.320173740386963,0.25
4.171755790710449,0.24
3.9724931716918945,0.24
3.7641689777374268,0.24
3.5253477096557617,0.25
3.3298373222351074,0.24
3.1527700424194336,0.23
2.9987761974334717,0.23
2.850449323654175,0.22
2.6990344524383545,0.23
2.5512382984161377,0.23
2.4130821228027344,0.23
2.2550547122955322,0.23
2.1239163875579834,0.23
1.9990872144699097,0.23
1.912214994430542,0.23
1.827344298362732,0.23
1.740365982055664,0.24
1.6905850172042847,0.23
1.691372036933899,0.23
1.7130225896835327,0.24
1.7416541576385498,0.24
1.8313498497009277,0.24
1.9792687892913818,0.24
2.097115993499756,0.24
2.206954002380371,0.23
2.364603042602539,0.24
2.4592173099517822,0.23
2.5238237380981445,0.23
2.49426531791687,0.24
2.558528423309326,0.24
2.708589553833008,0.23
2.8670496940612793,0.24
3.0693094730377197,0.24
3.4564409255981445,0.25
3.8800907135009766,0.24
4.294609546661377,0.24
4.693009853363037,0.24
5.086388111114502,0.24
5.483759880065918,0.24
5.889096736907959,0.23
6.308093070983887,0.24
6.747947692871094,0.23
7.182943344116211,0.23
7.613638877868652,0.23
8.051507949829102,0.23
8.4672212600708,0.24
8.866793632507324,0.23
9.258625030517578,0.23
9.657151222229004,0.23
10.05649471282959,0.24
10.333449363708496,0.24
10.426823616027832,0.24
10.244512557983398,0.24
9.600483894348145,0.24
8.728053092956543,0.26
7.700682640075684,0.17
7.429017543792725,1.55
9.209620475769043,3.79
12.979403495788574,8.6
19.69483184814453,16.96
32.7056884765625,25.88
44.93757629394531,38.38
53.270286560058594,47.48
55.6611213684082,54.07
50.90749740600586,62.16
44.425148010253906,62.82
36.94319152832031,31.03
34.557865142822266,38.07
46.356666564941406,49.77
58.697105407714844,57.45
68.75875854492188,78.99
77.23779296875,78.44
78.3580551147461,86.21
79.10894012451172,87.4
76.26114654541016,81.84
73.88949584960938,76.45
74.96090698242188,81.32
77.55404663085938,72.34
75.4582290649414,77.71
73.20430755615234,71.92
65.25605773925781,72.24000000000001
56.784976959228516,58.13
45.434547424316406,39.92
37.02278518676758,33.36
32.57174301147461,30.65
28.259313583374023,26.8
23.194713592529297,21.86
18.06022071838379,12.56
13.368496894836426,9.43
10.793211936950684,6.64
8.585875511169434,3.78
6.836304664611816,3.11
5.76163911819458,1.8
4.738615036010742,0.32
4.043959140777588,0.26
3.8083765506744385,0.24
3.6193289756774902,0.24
3.4802303314208984,0.25
3.341542959213257,0.26
3.1920077800750732,0.26
3.101865530014038,0.25
2.9895777702331543,0.25
2.8703510761260986,0.24
2.7002766132354736,0.23
2.5290520191192627,0.24
2.3187053203582764,0.25
2.1536052227020264,0.24
1.972551703453064,0.24
1.816227912902832,0.24
1.7170886993408203,0.24
1.6924834251403809,0.24
1.6049290895462036,0.24
1.5490587949752808,0.25
1.5091838836669922,0.24
1.4796327352523804,0.24
1.4719771146774292,0.24
1.4805562496185303,0.24
1.4925191402435303,0.24
1.5177563428878784,0.24
1.5662999153137207,0.24
1.6260846853256226,0.24
1.7098277807235718,0.25
1.8090479373931885,0.23
1.9328572750091553,0.24
2.093008279800415,0.24
2.274632692337036,0.24
2.4818294048309326,0.24
2.7226860523223877,0.24
2.9655086994171143,0.24
3.238873243331909,0.24
3.5429847240448,0.24
3.873845338821411,0.24
4.236049175262451,0.24
4.612654685974121,0.24
5.011389255523682,0.25
5.424126148223877,0.24
5.853063583374023,0.24
6.286872386932373,0.25
6.7032270431518555,0.25
7.108653545379639,0.25
7.4983649253845215,0.24
7.878889083862305,0.24
8.258733749389648,0.24
8.646600723266602,0.24
9.041871070861816,0.25
9.454102516174316,0.24
9.813638687133789,0.24
10.139363288879395,0.24
10.429010391235352,0.24
10.663236618041992,0.23
10.824263572692871,0.25
10.934789657592773,0.26
11.028440475463867,0.25
11.097599983215332,0.24
11.176254272460938,0.09
11.293417930603027,0.1
11.451375007629395,0.46
11.680150032043457,0.86
11.979798316955566,0.89
12.169081687927246,1.29
12.382284164428711,1.63
12.489562034606934,2.05
12.44277572631836,2.53
12.170654296875,1.94
11.671236038208008,2.16
11.496350288391113,2.14
10.98622989654541,2.26
10.788216590881348,2.5
11.089842796325684,2.95
11.326069831848145,4.17
11.465386390686035,3.87
11.535147666931152,5.0
11.608820915222168,7.71
11.919103622436523,6.43
12.772095680236816,7.79
15.157051086425781,9.65
17.647014617919922,13.32
20.541107177734375,13.919999999999998
21.757471084594727,21.99
22.564735412597656,20.75
20.445653915405273,15.63
18.407745361328125,16.42
17.535985946655273,14.29
15.892436981201172,8.1
14.24523639678955,13.44
13.744587898254395,8.98
10.800189971923828,7.68
8.624085426330566,4.79
6.463428974151611,2.15
4.943511486053467,0.76
4.175992012023926,0.2
3.808289051055908,0.28
3.6127521991729736,0.26
3.4056828022003174,0.27
3.2094619274139404,0.27
3.020618200302124,0.27
2.832179069519043,0.26
2.6418235301971436,0.27
2.445577383041382,0.25
2.2390270233154297,0.25
2.043708086013794,0.26
1.862078070640564,0.26
1.691284418106079,0.25
1.540147304534912,0.26
1.4356138706207275,0.26
1.3633241653442383,0.26
1.3110957145690918,0.26
1.2738970518112183,0.25
1.2373285293579102,0.26
1.1968953609466553,0.26
1.131326675415039,0.26
1.0351771116256714,0.26
0.9623315334320068,0.25
0.9409691095352173,0.26
0.964133083820343,0.26
1.0080914497375488,0.26
1.0836936235427856,0.26
1.1832902431488037,0.26
1.305964708328247,0.26
1.4701517820358276,0.26
1.6623913049697876,0.26
1.8873927593231201,0.27
2.1470353603363037,0.26
2.4271481037139893,0.27
2.726193428039551,0.26
3.042104721069336,0.26
3.3979685306549072,0.26
3.7672696113586426,0.26
4.147247314453125,0.27
4.546337604522705,0.27
4.945977687835693,0.27
5.358449935913086,0.26
5.763476371765137,0.26
6.196239948272705,0.26
6.641434669494629,0.26
7.115756511688232,0.26
7.573919296264648,0.26
8.011995315551758,0.26
8.444696426391602,0.26
8.87195110321045,0.26
9.283550262451172,0.26
9.687570571899414,0.25
10.048482894897461,0.26
10.33582592010498,0.26
10.565958023071289,0.25
10.510210037231445,0.25
9.97875690460205,0.27
9.540364265441895,0.2
9.774494171142578,0.48
10.12855339050293,1.2
11.684438705444336,2.04
14.930331230163574,6.49
20.201675415039062,14.22
25.52298355102539,18.2
28.894454956054688,20.05
32.354793548583984,31.99
37.95998764038086,33.7
40.3137321472168,34.12
41.802955627441406,32.76
41.742431640625,36.53
41.461055755615234,41.52
37.077754974365234,41.95
30.0867862701416,28.34
26.791715621948242,26.57
30.47429084777832,28.75
35.700435638427734,38.18
41.667930603027344,36.76
46.840736389160156,53.35
54.14617156982422,61.08
55.230262756347656,48.35
53.819679260253906,50.04
55.67531967163086,60.82
55.1197395324707,56.56
47.966529846191406,48.96
41.123435974121094,39.62
34.818416595458984,29.25
29.916824340820312,29.03
27.817562103271484,25.54
24.708518981933594,21.32
21.431673049926758,17.56
18.62052345275879,15.98
15.989300727844238,10.43
12.900214195251465,10.11
10.787735939025879,6.3
8.205069541931152,4.28
6.465368747711182,1.99
5.104274749755859,0.33
4.373430252075195,0.31
4.129523277282715,0.26
3.9202513694763184,0.26
3.7301461696624756,0.26
3.5428783893585205,0.27
3.3150746822357178,0.27
3.078585624694824,0.26
2.8588573932647705,0.25
2.6422007083892822,0.25
2.428802728652954,0.25
2.2349207401275635,0.25
2.05804705619812,0.25
1.897444486618042,0.25
1.7716083526611328,0.25
1.6585992574691772,0.25
1.554702639579773,0.25
1.463139295578003,0.25
1.3669302463531494,0.25
1.312455654144287,0.25
1.2471939325332642,0.26
1.1866003274917603,0.25
1.137866497039795,0.25
1.125245451927185,0.26
1.1521035432815552,0.25
1.2017948627471924,0.26
1.284766435623169,0.26
1.386527419090271,0.26
1.5055062770843506,0.26
1.6470955610275269,0.26
1.8120619058609009,0.26
1.9946078062057495,0.26
2.1973791122436523,0.26
2.4359846115112305,0.26
2.7046360969543457,0.25
3.0156240463256836,0.26
3.3527421951293945,0.25
3.711419105529785,0.25
4.112914562225342,0.26
4.537216663360596,0.26
4.980735778808594,0.26
5.429714679718018,0.26
5.890321254730225,0.26
6.355253219604492,0.26
6.818218231201172,0.25
7.284922122955322,0.25
7.7498602867126465,0.25
8.21454906463623,0.25
8.67593765258789,0.25
9.125755310058594,0.25
9.553893089294434,0.25
9.968515396118164,0.25
10.298974990844727,0.25
10.373485565185547,0.26
10.259364128112793,0.25
10.048017501831055,0.25
9.944466590881348,0.28
10.347390174865723,0.24
11.160581588745117,1.23
12.987960815429688,4.47
15.098848342895508,7.89
17.49751091003418,12.24
20.409799575805664,16.75
23.567646026611328,19.14
26.36389923095703,27.02
30.9660701751709,31.36
36.51291275024414,40.75
43.95893859863281,46.64
52.23167419433594,56.08
63.19377899169922,58.5
70.89950561523438,73.73
79.58860778808594,83.38
81.52740478515625,85.82
79.16813659667969,87.79
76.26958465576172,83.64000000000001
71.30003356933594,71.54
71.35018157958984,73.13
75.13035583496094,70.58
76.5609130859375,75.24
74.74068450927734,74.56
67.43643951416016,58.52
56.544105529785156,68.48
49.10996627807617,46.66
36.208213806152344,28.15
27.731346130371094,24.09
24.324222564697266,21.24
21.35291862487793,17.33
18.544631958007812,13.49
16.143396377563477,11.04
14.356902122497559,10.17
12.779019355773926,9.27
10.853568077087402,6.49
8.690077781677246,4.3
7.013767719268799,1.94
5.791330814361572,1.61
5.1319403648376465,0.69
4.52772331237793,0.22
4.20073938369751,0.27
4.019008159637451,0.27
3.8179738521575928,0.26
3.6258175373077393,0.26
3.4165759086608887,0.27
3.213284730911255,0.27
3.01839280128479,0.26
2.819288492202759,0.25
2.6257476806640625,0.25
2.4411494731903076,0.25
2.300854444503784,0.25
2.160231113433838,0.26
1.9980016946792603,0.25
1.830946922302246,0.26
1.6904842853546143,0.25
1.5754785537719727,0.26
1.4636361598968506,0.26
1.3876800537109375,0.26
1.3477320671081543,0.26
1.330282211303711,0.25
1.3214807510375977,0.26
1.3618427515029907,0.26
1.3880282640457153,0.26
1.401456594467163,0.26
1.4312474727630615,0.26
1.498844861984253,0.26
1.5828354358673096,0.27
1.716348648071289,0.25
1.854705572128296,0.25
2.05204176902771,0.26
2.244701862335205,0.26
2.4569332599639893,0.25
2.685048818588257,0.25
2.989637851715088,0.25
3.34439754486084,0.25
3.7003209590911865,0.25
4.040811061859131,0.26
4.414907932281494,0.25
4.804958820343018,0.25
5.2314772605896,0.25
5.639193534851074,0.26
6.040711402893066,0.26
6.49736213684082,0.25
6.9860429763793945,0.25
7.478583812713623,0.25
7.942456245422363,0.25
8.405221939086914,0.25
8.836584091186523,0.25
9.285533905029297,0.25
9.721650123596191,0.25
10.157869338989258,0.24
10.537364959716797,0.25
10.731091499328613,0.25
10.82413101196289,0.26
10.963197708129883,0.26
11.173755645751953,0.26
11.596907615661621,0.23
12.25732421875,1.02
13.32994270324707,3.05
14.505637168884277,4.72
15.44947338104248,6.07
15.963903427124023,8.64
17.76043128967285,10.88
19.686573028564453,14.49
22.74848747253418,17.78
27.272098541259766,22.38
33.0589714050293,27.5
36.25853729248047,38.92
38.62008285522461,36.65
38.560482025146484,45.95
42.32023620605469,47.33
44.617916107177734,44.97
49.08582305908203,43.93
56.56698989868164,68.63
65.43941497802734,69.17
66.14112091064453,73.35
68.23870849609375,69.83
71.022705078125,72.6
73.88703918457031,75.17
74.17569732666016,73.32
71.01036834716797,74.86000000000001
65.6092758178711,64.57
56.923728942871094,60.1
48.860595703125,42.59
39.88846206665039,40.99
34.71916580200195,31.61
28.080110549926758,26.35
23.12315559387207,18.67
18.584228515625,14.03
15.414255142211914,11.44
12.764713287353516,8.9
10.214761734008789,5.97
7.950477123260498,3.8
6.248438835144043,1.48
5.0315093994140625,0.43
4.463886260986328,0.23
4.217296600341797,0.26
4.0434136390686035,0.26
3.8548977375030518,0.26
3.6524245738983154,0.26
3.4342410564422607,0.26
3.205948829650879,0.26
2.9902613162994385,0.26
2.8161795139312744,0.25
2.6361606121063232,0.25
2.499976873397827,0.25
2.3492326736450195,0.25
2.203847885131836,0.25
2.072598934173584,0.25
1.9522682428359985,0.25
1.8102622032165527,0.25
1.6902426481246948,0.25
1.611068844795227,0.26
1.5392547845840454,0.25
1.4468944072723389,0.26
1.3677394390106201,0.26
1.3370476961135864,0.27
1.3108181953430176,0.25
1.2916680574417114,0.25
1.288081407546997,0.25
1.3048207759857178,0.25
1.3370894193649292,0.25
1.4147250652313232,0.25
1.5228979587554932,0.25
1.6555932760238647,0.25
1.8489854335784912,0.25
2.0397868156433105,0.25
2.273970127105713,0.26
2.5265400409698486,0.25
2.802736282348633,0.25
3.1035046577453613,0.25
3.4393908977508545,0.26
3.8363006114959717,0.26
4.2272419929504395,0.25
4.637441635131836,0.26
5.089839935302734,0.25
5.511470317840576,0.26
5.95677375793457,0.26
6.400696277618408,0.26
6.870646953582764,0.25
7.307834625244141,0.26
7.724896430969238,0.25
8.227302551269531,0.25
8.707181930541992,0.26
9.167120933532715,0.26
9.66318130493164,0.26
10.09022045135498,0.26
10.385223388671875,0.25
10.439329147338867,0.26
10.343191146850586,0.26
10.225628852844238,0.25
9.876507759094238,0.27
9.295869827270508,0.3
9.249062538146973,1.82
10.482450485229492,4.84
14.294883728027344,8.16
19.014339447021484,11.94
24.755306243896484,20.25
33.01369094848633,32.51
41.174320220947266,42.1
46.05455780029297,50.63
49.16017150878906,46.69
51.83706283569336,57.26
58.19519805908203,71.26
63.83872604370117,62.72
65.76995086669922,66.53999999999999
73.6357192993164,80.72
83.46516418457031,88.21
91.92879486083984,90.06
97.33556365966797,91.35
96.79678344726562,90.14
87.31966400146484,94.06
77.26673126220703,88.71
62.76748275756836,65.54
48.35658264160156,38.21
41.10578918457031,28.74
41.38265609741211,38.31
41.15088653564453,61.44
35.17742156982422,24.2
22.27341651916504,25.28
23.61189842224121,17.65
23.512115478515625,17.27
25.409570693969727,19.02
26.426244735717773,29.53
25.485719680786133,26.64
19.56304359436035,13.82
13.178238868713379,7.96
10.094284057617188,6.93
8.339214324951172,4.65
6.516058444976807,2.55
5.151970863342285,1.25
4.311166286468506,0.22
3.8326516151428223,0.28
3.6824123859405518,0.26
3.5118401050567627,0.26
3.354506015777588,0.27
3.1771576404571533,0.26
2.974372625350952,0.27
2.7844412326812744,0.26
2.6102378368377686,0.25
2.41632080078125,0.25
2.249819040298462,0.25
2.0858867168426514,0.25
1.9422500133514404,0.26
1.7877687215805054,0.26
1.6329684257507324,0.26
1.5030015707015991,0.26
1.4072757959365845,0.26
1.328600287437439,0.26
1.2512391805648804,0.26
1.1855164766311646,0.26
1.1362388134002686,0.26
1.095255970954895,0.26
1.0816682577133179,0.26
1.1019923686981201,0.26
1.1453182697296143,0.26
1.2004984617233276,0.26
1.2816181182861328,0.26
1.3962887525558472,0.26
1.5508593320846558,0.25
1.718507170677185,0.26
1.9154900312423706,0.25
2.132575511932373,0.25
2.361121416091919,0.26
2.609290361404419,0.26
2.8882222175598145,0.26
3.2187042236328125,0.26
3.5362765789031982,0.26
3.875814437866211,0.26
4.277170181274414,0.25
4.683849811553955,0.26
5.092287540435791,0.26
5.5293450355529785,0.26
5.975883960723877,0.26
6.409617900848389,0.26
6.838656425476074,0.26
7.306909084320068,0.26
7.753614902496338,0.26
8.271450996398926,0.25
8.747706413269043,0.25
9.174497604370117,0.25
9.578557968139648,0.25
9.926068305969238,0.25
9.951557159423828,0.26
9.590171813964844,0.25
9.337423324584961,0.25
9.826603889465332,0.25
11.208536148071289,0.27
13.298977851867676,0.51
15.844963073730469,4.37
18.60702133178711,9.47
20.030187606811523,11.29
19.06228256225586,9.52
15.847355842590332,6.88
8.682475090026855,6.66
4.3306379318237305,6.47
4.8573994636535645,5.78
10.825638771057129,6.2
22.659727096557617,11.84
39.87084197998047,28.93
59.93706512451172,76.78
76.72199249267578,80.08
77.41259002685547,83.11
79.99661254882812,86.66
82.51658630371094,89.81
84.31045532226562,92.12
85.52561950683594,93.04
85.90753936767578,93.38
86.57975769042969,93.95
86.64734649658203,93.81
84.98345947265625,92.24
82.416259765625,90.17
79.62510681152344,87.49
76.61843872070312,85.07
75.30078887939453,75.93
75.46075439453125,71.99
74.1778564453125,73.09
68.60612487792969,66.94
57.904232025146484,60.57
45.08948516845703,52.78
31.163330078125,29.9
17.527589797973633,6.26
10.03916072845459,6.7
9.245033264160156,5.9
7.90130090713501,4.49
6.445621013641357,2.9
5.15550422668457,1.18
4.211987495422363,0.22
3.736351728439331,0.26
3.5560736656188965,0.25
3.3535594940185547,0.25
3.1500916481018066,0.25
2.948324680328369,0.26
2.7628462314605713,0.26
2.5572972297668457,0.25
2.3699944019317627,0.24
2.218949556350708,0.24
2.0628554821014404,0.24
1.9391118288040161,0.25
1.7598483562469482,0.25
1.5962234735488892,0.25
1.4662702083587646,0.24
1.3320246934890747,0.25
1.225210189819336,0.25
1.112197756767273,0.25
1.009352445602417,0.25
0.9144001603126526,0.25
0.8321952223777771,0.25
0.7766658067703247,0.26
0.7578134536743164,0.26
0.7410352826118469,0.26
0.7473392486572266,0.26
0.7877477407455444,0.26
0.8588242530822754,0.26
0.9532506465911865,0.25
1.0708575248718262,0.26
1.2295019626617432,0.26
1.3956184387207031,0.25
1.6052385568618774,0.26
1.8400161266326904,0.26
2.0878746509552,0.26
2.3765101432800293,0.26
2.693291664123535,0.26
3.027076244354248,0.26
3.37969708442688,0.26
3.770812511444092,0.26
4.179294109344482,0.26
4.587817668914795,0.26
5.016594886779785,0.26
5.447262287139893,0.26
5.894906520843506,0.26
6.327173233032227,0.26
6.751747131347656,0.26
7.18630313873291,0.26
7.629935264587402,0.26
8.122173309326172,0.26
8.554763793945312,0.26
8.966636657714844,0.26
9.38092041015625,0.26
9.67652702331543,0.26
9.755583763122559,0.26
9.684898376464844,0.26
9.543807983398438,0.26
9.085896492004395,0.27
8.079715728759766,0.27
7.8167948722839355,1.65
9.429274559020996,4.48
13.458497047424316,7.5
17.7645206451416,10.92
24.009340286254883,19.87
31.35074234008789,35.76
38.52949905395508,44.56
43.91365432739258,48.64
49.59654235839844,46.3
57.200679779052734,62.75
67.8650894165039,74.54
76.3368148803711,81.27
81.21914672851562,85.49
83.80230712890625,88.94999999999999
86.7919692993164,92.45
88.35897827148438,94.62
88.31904602050781,95.86
87.38584899902344,95.48
85.53158569335938,93.63
84.59929656982422,91.32
84.82672119140625,86.81
81.84881591796875,88.04
79.27049255371094,87.33
74.94258880615234,83.59
69.92510986328125,80.54
64.84811401367188,67.53
60.411434173583984,53.21
60.12194061279297,68.67
61.939186096191406,63.02
55.50836181640625,55.54
47.896141052246094,47.04
39.70310592651367,42.0
31.4140682220459,32.04
22.353246688842773,19.14
14.64772891998291,10.75
9.79840087890625,7.04
6.869349002838135,2.92
4.788835048675537,1.06
3.8477623462677,0.22
3.4554977416992188,0.27
3.326838493347168,0.25
3.1864585876464844,0.25
3.0274462699890137,0.25
2.875241994857788,0.25
2.6698784828186035,0.25
2.4802260398864746,0.25
2.3240866661071777,0.24
2.1951231956481934,0.24
2.0667648315429688,0.25
1.9327690601348877,0.25
1.795779824256897,0.25
1.658297061920166,0.25
1.5363858938217163,0.25
1.388643741607666,0.25
1.244775414466858,0.25
1.1437268257141113,0.25
1.0825468301773071,0.25
1.0120587348937988,0.25
0.9363829493522644,0.25
0.8933461904525757,0.25
0.8808327317237854,0.25
0.8714414238929749,0.26
0.9036194086074829,0.25
0.962094247341156,0.25
1.0415334701538086,0.25
1.1387251615524292,0.26
1.268546223640442,0.26
1.4157638549804688,0.26
1.6093811988830566,0.26
1.818751335144043,0.26
2.0572800636291504,0.26
2.3344504833221436,0.26
2.6145637035369873,0.26
2.9011192321777344,0.26
3.2382826805114746,0.26
3.5944838523864746,0.26
3.995222330093384,0.26
4.400035858154297,0.26
4.811489105224609,0.26
5.245097637176514,0.26
5.696166038513184,0.26
6.1552534103393555,0.26
6.6363749504089355,0.26
7.11241340637207,0.26
7.618050575256348,0.26
8.082108497619629,0.26
8.547309875488281,0.26
8.971789360046387,0.26
9.404786109924316,0.26
9.818305969238281,0.26
10.11726188659668,0.26
10.230993270874023,0.25
10.125840187072754,0.25
10.25668716430664,0.26
10.362571716308594,0.26
9.222686767578125,0.11
7.564997673034668,1.47
7.619811058044434,3.87
10.20859146118164,7.26
15.612862586975098,7.52
25.79665184020996,13.16
38.438194274902344,33.05
49.84699249267578,49.84
54.41996383666992,56.25
48.38884735107422,57.27
42.37319564819336,56.85
40.3040771484375,40.73
43.87629318237305,48.61
55.93587875366211,54.84
65.83026885986328,58.3
75.72039031982422,93.18
83.90495300292969,94.48
81.95478820800781,94.29
80.35655975341797,80.67
80.12374877929688,85.46
86.33792877197266,97.19
89.57455444335938,95.83
87.46471405029297,94.37
85.68656921386719,91.69
86.16766357421875,90.12
86.76858520507812,86.47
82.9420394897461,82.02
75.71861267089844,69.59
65.33228302001953,72.08
54.549259185791016,62.96
39.356014251708984,32.84
24.836328506469727,20.12
18.91079330444336,15.81
15.43974781036377,11.72
12.452798843383789,9.5
10.00091552734375,6.42
7.685079574584961,5.2
5.930339813232422,2.16
4.310965538024902,0.32
3.5427193641662598,0.25
3.3439552783966064,0.25
3.1759395599365234,0.25
3.0249741077423096,0.25
2.8745322227478027,0.25
2.7221250534057617,0.25
2.5747408866882324,0.25
2.41890549659729,0.25
2.2865285873413086,0.24
2.1665313243865967,0.24
2.0396244525909424,0.25
1.941019892692566,0.25
1.8432163000106812,0.25
1.7712756395339966,0.25
1.6608076095581055,0.25
1.6156560182571411,0.25
1.5305836200714111,0.25
1.45098078250885,0.25
1.3417390584945679,0.25
1.2562147378921509,0.25
1.2469861507415771,0.25
1.259861946105957,0.25
1.297659158706665,0.25
1.338428020477295,0.25
1.4249159097671509,0.25
1.3475078344345093,0.25
1.3727262020111084,0.25
1.4527159929275513,0.25
1.657260775566101,0.25
1.9344043731689453,0.25
2.2004823684692383,0.25
2.395108699798584,0.25
2.5831079483032227,0.25
2.8625104427337646,0.25
3.010484218597412,0.25
3.213327169418335,0.25
3.511852502822876,0.25
3.8728418350219727,0.25
4.398691654205322,0.25
4.752333164215088,0.25
5.2796549797058105,0.25
5.7852301597595215,0.25
6.181509971618652,0.25
6.370212078094482,0.25
6.578199863433838,0.25
7.167895317077637,0.25
7.877861976623535,0.25
8.246578216552734,0.25
8.722559928894043,0.25
9.088898658752441,0.25
9.486922264099121,0.25
9.863527297973633,0.25
10.307920455932617,0.25
10.578234672546387,0.25
10.742290496826172,0.25
10.703866004943848,0.25
10.610771179199219,0.25
10.245996475219727,0.25
9.354424476623535,0.25
9.029419898986816,0.25
9.629141807556152,0.25
11.357831954956055,0.25
14.355846405029297,0.25
19.20049476623535,11.62
25.144075393676758,22.4
26.69370460510254,20.99
24.689558029174805,24.06
24.588497161865234,24.01
26.61272621154785,26.62
31.720300674438477,26.85
40.082401275634766,35.75
49.88738250732422,46.33
56.527957916259766,55.63
58.838626861572266,57.34
54.94997024536133,51.22
49.97993850708008,51.67
46.203521728515625,40.42
41.07020950317383,38.09
37.72441101074219,35.06
33.78408432006836,29.48
29.882715225219727,29.22
26.80295181274414,22.52
23.159576416015625,18.65
21.350147247314453,16.72
20.247812271118164,16.7
19.262928009033203,16.27
17.81394386291504,13.74
16.111370086669922,12.54
14.701435089111328,10.2
13.116530418395996,8.91
11.720226287841797,7.91
10.163202285766602,6.37
8.444880485534668,4.61
6.83832311630249,2.39
5.464039325714111,1.41
4.658522129058838,0.3
4.120909690856934,0.26
3.8964736461639404,0.25
3.6866533756256104,0.25
3.479785203933716,0.25
3.2914676666259766,0.26
3.1330740451812744,0.26
2.9658405780792236,0.25
2.817317485809326,0.25
2.682537794113159,0.24
2.5547213554382324,0.24
2.4150474071502686,0.24
2.263044595718384,0.25
2.1537928581237793,0.25
2.035292863845825,0.24
1.9129607677459717,0.25
1.8569543361663818,0.25
1.8179328441619873,0.25
1.751495361328125,0.25
1.676189661026001,0.25
1.6576621532440186,0.25
1.676037073135376,0.25
1.6645129919052124,0.25
1.645267367362976,0.25
1.6107395887374878,0.25
1.6306965351104736,0.25
1.6548678874969482,0.25
1.7615482807159424,0.25
1.8574647903442383,0.25
2.030029058456421,0.25
2.19390869140625,0.25
2.375521659851074,0.25
2.543593168258667,0.25
2.7344954013824463,0.26
2.962327003479004,0.25
3.239227294921875,0.25
3.5346899032592773,0.25
3.832395315170288,0.26
4.075432300567627,0.26
4.3767900466918945,0.26
4.739716529846191,0.26
5.076204299926758,0.26
5.468713760375977,0.26
5.91563081741333,0.26
6.359142780303955,0.26
6.763641834259033,0.26
7.208731651306152,0.25
7.6793413162231445,0.26
8.139395713806152,0.25
8.590787887573242,0.25
9.030593872070312,0.25
9.516796112060547,0.25
9.960874557495117,0.25
10.284527778625488,0.25
10.393888473510742,0.25
10.321219444274902,0.25
10.126471519470215,0.25
9.59181022644043,0.26
8.322165489196777,0.23
6.853639125823975,1.07
6.785980701446533,3.21
8.949395179748535,5.49
13.705341339111328,8.53
22.394983291625977,16.41
33.1949348449707,32.79
45.270423889160156,49.81
55.062469482421875,59.15
61.697330474853516,66.26
67.26819610595703,72.79
71.97909545898438,77.91
77.48419189453125,82.41
79.24359893798828,85.25
81.8095932006836,88.76
84.59251403808594,91.43
86.50291442871094,93.11
87.17390441894531,95.2
87.04745483398438,93.85
86.07313537597656,96.63
87.1012954711914,94.23
86.43512725830078,89.84
85.2822036743164,89.01
83.40565490722656,90.47
80.09839630126953,88.7
74.06692504882812,85.4
66.27179718017578,66.17
59.6002197265625,62.18
59.29682540893555,60.06999999999999
58.04854202270508,59.43
54.070045471191406,52.12
47.252906799316406,46.39
39.9096794128418,44.73
31.610506057739258,32.13
21.40914535522461,15.32
13.444314002990723,9.33
9.651262283325195,6.41
7.127362251281738,3.69
5.198905944824219,0.97
4.027300834655762,0.19
3.650202751159668,0.27
3.5055484771728516,0.25
3.3662431240081787,0.25
3.2614493370056152,0.24
3.0926246643066406,0.24
2.908999443054199,0.25
2.7365450859069824,0.24
2.550966739654541,0.24
2.3637473583221436,0.24
2.193800210952759,0.24
2.034403085708618,0.24
1.8896421194076538,0.24
1.7401978969573975,0.24
1.621457815170288,0.24
1.508086085319519,0.24
1.4120464324951172,0.25
1.3336941003799438,0.25
1.2478482723236084,0.25
1.1816707849502563,0.25
1.1308660507202148,0.25
1.1261703968048096,0.25
1.1063209772109985,0.25
1.1123580932617188,0.25
1.1448630094528198,0.25
1.2244784832000732,0.25
1.316109538078308,0.25
1.417201280593872,0.25
1.486462116241455,0.25
1.6365394592285156,0.25
1.8002899885177612,0.25
2.0046305656433105,0.25
2.26867938041687,0.26
2.553515672683716,0.25
2.8361921310424805,0.25
3.1456892490386963,0.26
3.46561336517334,0.26
3.831502914428711,0.26
4.255278587341309,0.26
4.591841697692871,0.25
4.9559712409973145,0.25
5.352046966552734,0.25
5.77376651763916,0.25
6.2203593254089355,0.26
6.719973564147949,0.25
7.18157958984375,0.25
7.634147644042969,0.26
8.081449508666992,0.25
8.51703929901123,0.25
8.927412033081055,0.25
9.302070617675781,0.25
9.665157318115234,0.25
10.01113224029541,0.25
10.241556167602539,0.25
10.251657485961914,0.26
10.088212966918945,0.25
9.737236022949219,0.26
9.6929349899292,0.27
9.070499420166016,0.59
9.10753059387207,2.31
11.620465278625488,5.43
15.076070785522461,8.88
19.349180221557617,14.83
24.69213104248047,17.51
30.64004898071289,37.08
39.047874450683594,42.81
43.11024475097656,40.33
49.42017364501953,49.49
57.326358795166016,65.54
65.12236785888672,66.98
66.60803985595703,75.28
70.85643768310547,78.1
73.12226104736328,79.21
76.53099822998047,75.28
83.60899353027344,89.67
91.69963836669922,91.34
89.33323669433594,94.13
84.89659118652344,87.37
74.76473999023438,91.09
65.25958251953125,79.24
55.50743103027344,52.23
51.722129821777344,56.4
59.82149887084961,69.14
63.590614318847656,62.6
65.43950653076172,69.98
66.73637390136719,69.24
63.26144027709961,63.7
56.586265563964844,56.62
48.485740661621094,49.54
39.362613677978516,40.82
29.548118591308594,28.93
20.15899658203125,15.53
12.890697479248047,9.99
8.80899715423584,5.76
5.898656845092773,1.65
4.145786762237549,0.61
3.5787322521209717,0.2
3.315889835357666,0.27
3.1816818714141846,0.26
3.033210277557373,0.26
2.8933048248291016,0.26
2.7177467346191406,0.26
2.5098841190338135,0.26
2.3266196250915527,0.26
2.135197639465332,0.25
1.948957920074463,0.25
1.784468650817871,0.25
1.6324152946472168,0.25
1.4977630376815796,0.25
1.3574299812316895,0.25
1.2165254354476929,0.25
1.0967737436294556,0.25
0.9965319633483887,0.25
0.9021481275558472,0.25
0.8211350440979004,0.25
0.7568574547767639,0.25
0.7139389514923096,0.25
0.6702014207839966,0.25
0.6442019939422607,0.25
0.6595369577407837,0.25
0.6800993084907532,0.26
0.7035049200057983,0.26
0.7550593018531799,0.26
0.8119800686836243,0.26
0.9250631928443909,0.26
1.096909761428833,0.26
1.3039379119873047,0.26
1.5430452823638916,0.26
1.776192545890808,0.26
1.9974172115325928,0.26
2.2770514488220215,0.26
2.5761005878448486,0.26
2.9059677124023438,0.26
3.249983072280884,0.26
3.6217429637908936,0.26
4.010853290557861,0.26
4.400773048400879,0.26
4.824326038360596,0.26
5.295926094055176,0.26
5.775843620300293,0.26
6.263792037963867,0.26
6.73575496673584,0.26
7.186659812927246,0.26
7.622206211090088,0.26
8.068415641784668,0.26
8.505171775817871,0.26
8.963590621948242,0.26
9.382206916809082,0.26
9.7478609085083,0.26
9.892820358276367,0.25
9.836664199829102,0.26
9.679725646972656,0.25
9.411999702453613,0.27
8.646661758422852,0.27
7.5050249099731445,0.74
7.357949256896973,3.18
8.982525825500488,5.93
13.492879867553711,8.69
20.893827438354492,13.11
29.585994720458984,25.99
39.58171463012695,42.41
48.31943130493164,52.75
54.19164276123047,62.72
58.857967376708984,59.53
62.753299713134766,66.25
71.06177520751953,77.25
76.11662292480469,81.17
79.70545196533203,85.22
82.74761199951172,88.42
84.30101013183594,90.04
84.35362243652344,91.57
83.9017333984375,92.34
83.42408752441406,93.59
83.27994537353516,86.7
82.55701446533203,86.62
83.40316009521484,88.12
82.98168182373047,91.7
79.76862335205078,86.82
73.71776580810547,79.66
69.61524200439453,70.51
67.47933197021484,66.94
64.87639617919922,64.1
59.31300735473633,56.2
51.10865783691406,56.37
42.03388214111328,44.85
30.21590232849121,28.05
19.94131088256836,13.420000000000002
13.710952758789062,11.12
11.00105094909668,7.18
8.341495513916016,5.41
6.480902194976807,2.83
4.867771148681641,0.93
3.931969165802002,0.19
3.5300378799438477,0.26
3.3653769493103027,0.26
3.199462652206421,0.25
3.052762746810913,0.26
2.8915047645568848,0.26
2.7022809982299805,0.26
2.5313539505004883,0.25
2.361471652984619,0.25
2.1794216632843018,0.25
2.0195388793945312,0.25
1.849083423614502,0.25
1.6981103420257568,0.25
1.5547341108322144,0.25
1.4886128902435303,0.25
1.343332290649414,0.25
1.2858614921569824,0.25
1.1949398517608643,0.25
1.1019928455352783,0.25
1.0372436046600342,0.25
0.9540976881980896,0.25
0.9137279391288757,0.25
0.9238665103912354,0.25
0.9315182566642761,0.26
0.950671374797821,0.26
0.9868941307067871,0.26
1.0338729619979858,0.26
1.1221058368682861,0.26
1.2460365295410156,0.26
1.4052814245224,0.25
1.6031124591827393,0.26
1.8226726055145264,0.26
2.0602731704711914,0.26
2.3109750747680664,0.26
2.583069324493408,0.26
2.8974087238311768,0.26
3.2348053455352783,0.26
3.593005418777466,0.26
3.9830996990203857,0.26
4.389945030212402,0.26
4.803529739379883,0.26
5.238622188568115,0.26
5.699665546417236,0.26
6.148289680480957,0.26
6.586988925933838,0.26
7.022799491882324,0.26
7.4950432777404785,0.26
7.948602676391602,0.26
8.379372596740723,0.26
8.865992546081543,0.26
9.325770378112793,0.26
9.768936157226562,0.25
10.18658447265625,0.25
10.443746566772461,0.25
10.358501434326172,0.26
10.10092544555664,0.26
9.805663108825684,0.26
9.072004318237305,0.27
7.929642200469971,0.13
7.708844184875488,2.15
9.48762035369873,5.86
13.296292304992676,8.73
19.503673553466797,12.7
28.926313400268555,24.49
40.53055953979492,41.03
52.44290542602539,51.8
60.11122131347656,59.73
60.901451110839844,66.31
59.747947692871094,72.32
58.605735778808594,64.07
56.20429229736328,67.93
60.39378356933594,56.65
65.77921295166016,64.34
77.81531524658203,91.47
86.68375396728516,90.54
86.16259002685547,94.21
86.65744018554688,92.94
85.76541900634766,92.12
85.07728576660156,92.12
83.90218353271484,90.58
81.11602020263672,84.57
77.05308532714844,84.33
73.29289245605469,79.94
68.57829284667969,73.67
64.78648376464844,67.32
62.2908935546875,61.13
59.13899612426758,57.94
54.80885314941406,56.05
48.229732513427734,50.37
39.24522399902344,41.53
29.46149444580078,28.58
20.250205993652344,14.43
13.45631217956543,9.43
10.047292709350586,6.67
7.60756254196167,4.09
5.674754619598389,1.63
4.366099834442139,0.18
3.7668216228485107,0.26
3.5897738933563232,0.25
3.3894593715667725,0.26
3.217731237411499,0.26
3.0649187564849854,0.26
2.9180195331573486,0.26
2.7126681804656982,0.26
2.530949115753174,0.25
2.371391534805298,0.25
2.2473151683807373,0.25
2.1168220043182373,0.25
1.984048843383789,0.25
1.8232471942901611,0.25
1.6942777633666992,0.25
1.5799161195755005,0.25
1.4392000436782837,0.25
1.3387316465377808,0.25
1.2721914052963257,0.25
1.2002993822097778,0.25
1.167568325996399,0.25
1.1560055017471313,0.25
1.1819899082183838,0.25
1.2191866636276245,0.25
1.285068154335022,0.25
1.3552918434143066,0.25
1.4318339824676514,0.26
1.5265916585922241,0.26
1.5955532789230347,0.26
1.7301101684570312,0.26
1.913285493850708,0.26
2.1593992710113525,0.26
2.4294135570526123,0.26
2.68863844871521,0.26
3.0053818225860596,0.26
3.3266303539276123,0.26
3.673191547393799,0.26
4.0362420082092285,0.26
4.426566123962402,0.26
4.818727016448975,0.26
5.240445613861084,0.26
5.682722091674805,0.26
6.15603494644165,0.26
6.6425018310546875,0.26
7.128011703491211,0.26
7.602017879486084,0.26
8.07213020324707,0.26
8.53901481628418,0.26
8.992948532104492,0.26
9.442858695983887,0.25
9.891125679016113,0.25
10.328421592712402,0.25
10.739964485168457,0.25
11.02383804321289,0.25
11.108626365661621,0.25
10.852082252502441,0.25
10.34067440032959,0.26
9.895186424255371,0.28
10.076047897338867,0.26
11.474047660827637,1.52
14.157031059265137,4.2
16.64678955078125,9.67
21.75551414489746,15.14
25.743825912475586,20.46
27.416187286376953,25.28
27.524404525756836,29.33
32.08982467651367,32.51
37.97883224487305,48.68
46.061519622802734,35.1
49.811649322509766,46.26
61.32329559326172,65.49
70.21685791015625,85.91
74.15743255615234,62.3
70.44951629638672,72.8
71.81919860839844,62.18
66.60106658935547,77.64
63.806880950927734,67.93
53.48662185668945,58.46
47.12583923339844,36.98
44.122005462646484,36.73
48.34197998046875,58.72
49.5815315246582,36.47
39.49201202392578,45.22
37.98326873779297,38.84
31.824832916259766,27.94
26.1507625579834,20.73
23.104721069335938,17.13
22.391605377197266,17.45
22.026287078857422,25.78
20.460113525390625,12.28
15.270136833190918,9.77
13.449830055236816,10.67
11.694987297058105,9.19
8.989367485046387,2.73
6.295267105102539,2.05
5.3835768699646,0.29
4.629716396331787,0.28
4.3859333992004395,0.26
4.150843620300293,0.25
3.9360668659210205,0.26
3.716421604156494,0.26
3.5203843116760254,0.26
3.335850954055786,0.26
3.1638646125793457,0.25
3.003849744796753,0.25
2.8324286937713623,0.25
2.6773815155029297,0.25
2.499715805053711,0.25
2.327151298522949,0.25
2.1804275512695312,0.25
2.028992176055908,0.25
1.9020897150039673,0.25
1.794388771057129,0.25
1.7020641565322876,0.25
1.640978455543518,0.25
1.5629985332489014,0.25
1.5245479345321655,0.25
1.5207613706588745,0.25
1.511021375656128,0.25
1.517013430595398,0.26
1.558113932609558,0.25
1.6235243082046509,0.26
1.756699562072754,0.26
1.8857232332229614,0.26
2.061185836791992,0.26
2.2529098987579346,0.26
2.3868443965911865,0.26
2.5813229084014893,0.26
2.8427319526672363,0.26
3.121955633163452,0.26
3.41787052154541,0.26
3.761157274246216,0.26
4.12699556350708,0.26
4.440915107727051,0.26
4.786214828491211,0.26
5.138952255249023,0.26
5.582943439483643,0.26
6.006237030029297,0.26
6.449042320251465,0.26
6.899920463562012,0.26
7.374234676361084,0.26
7.865582466125488,0.25
8.298479080200195,0.26
8.805374145507812,0.25
9.293072700500488,0.26
9.751758575439453,0.25
10.194541931152344,0.26
10.642578125,0.25
11.039321899414062,0.26
11.297249794006348,0.25
11.32849407196045,0.25
11.189419746398926,0.25
11.044851303100586,0.26
10.628589630126953,0.27
9.676953315734863,0.42
9.3471040725708,2.25
10.565521240234375,5.2
13.502756118774414,8.27
18.684146881103516,11.45
25.43756675720215,20.38
34.3079948425293,36.5
43.331512451171875,46.73
49.928462982177734,53.61
55.57474136352539,59.69
61.04629898071289,65.74
66.979248046875,71.69
70.66386413574219,76.44
74.13590240478516,79.97
76.8175048828125,82.62
78.9387435913086,85.0
80.59571075439453,87.01
81.6656723022461,88.06
82.17572021484375,88.75
82.40838623046875,88.14
81.25507354736328,87.41
79.43231201171875,85.75
77.0564956665039,83.16
74.39893341064453,80.16
71.32166290283203,75.62
67.98221588134766,68.55
65.25611877441406,68.22
62.93217086791992,63.31
57.68793487548828,57.36
50.92401123046875,49.63
43.33815383911133,43.62
35.59070587158203,36.1
27.3499755859375,24.31
19.502302169799805,14.09
13.837191581726074,9.77
10.409302711486816,6.69
7.746608734130859,2.88
5.694255828857422,1.26
4.714494705200195,0.18
4.198787212371826,0.26
4.030048370361328,0.25
3.863882541656494,0.25
3.6856374740600586,0.25
3.538586378097534,0.25
3.3567936420440674,0.25
3.1434736251831055,0.25
2.954500198364258,0.24
2.7719192504882812,0.24
2.6102118492126465,0.24
2.468461036682129,0.24
2.309049606323242,0.24
2.1362695693969727,0.24
1.9920190572738647,0.24
1.8248060941696167,0.25
1.7011972665786743,0.25
1.5983413457870483,0.25
1.5333425998687744,0.25
1.4724173545837402,0.25
1.3542201519012451,0.25
1.285881757736206,0.25
1.248176097869873,0.25
1.2515767812728882,0.25
1.2704136371612549,0.25
1.3237022161483765,0.25
1.4045777320861816,0.25
1.5107181072235107,0.25
1.6482839584350586,0.25
1.8133599758148193,0.25
1.988631010055542,0.25
2.1808724403381348,0.26
2.430105447769165,0.25
2.6814157962799072,0.26
2.9672129154205322,0.26
3.273826837539673,0.26
3.6281886100769043,0.26
4.004151821136475,0.25
4.371096611022949,0.25
4.76310920715332,0.26
5.170000076293945,0.26
5.59946870803833,0.26
6.039886951446533,0.26
6.48497200012207,0.26
6.94054651260376,0.25
7.401130199432373,0.25
7.872204780578613,0.26
8.319586753845215,0.25
8.7372465133667,0.25
9.163177490234375,0.25
9.57833194732666,0.25
9.99533748626709,0.25
10.390010833740234,0.25
10.655194282531738,0.25
10.670055389404297,0.25
10.448502540588379,0.25
10.25887680053711,0.25
10.064896583557129,0.27
10.11864948272705,0.3
11.492003440856934,1.91
12.969746589660645,4.93
15.31942081451416,8.91
18.823570251464844,12.42
21.352636337280273,19.07
25.591663360595703,25.23
29.407451629638672,25.17
34.38222885131836,42.2
42.72856903076172,43.73
47.80593490600586,49.19
56.40220642089844,66.38
64.31922149658203,62.18
67.50646209716797,74.6
74.44520568847656,82.07
78.15819549560547,83.31
79.976806640625,85.22
81.20358276367188,86.36
80.65475463867188,86.67
78.70158386230469,85.84
75.97727966308594,83.93
73.00352478027344,81.94
70.1294937133789,71.82
67.61771392822266,71.1
67.78684997558594,73.06
67.87142181396484,71.5
65.23308563232422,66.6
60.91667556762695,60.9
55.58256912231445,56.29
49.57332992553711,49.21
41.7421989440918,43.87
33.51300048828125,29.55
24.705907821655273,24.44
18.488950729370117,14.47
12.460147857666016,9.86
8.611711502075195,1.85
5.717848777770996,2.42
5.077346324920654,1.1
4.252663612365723,0.21
3.774181365966797,0.26
3.5991930961608887,0.25
3.415729284286499,0.25
3.266879081726074,0.25
3.1080496311187744,0.25
2.9611966609954834,0.25
2.8141536712646484,0.25
2.6602253913879395,0.24
2.476562738418579,0.24
2.3176381587982178,0.24
2.136431932449341,0.24
2.005309820175171,0.24
1.8421378135681152,0.24
1.7144536972045898,0.24
1.547371506690979,0.25
1.4481598138809204,0.25
1.3631590604782104,0.25
1.2550709247589111,0.25
1.2160160541534424,0.25
1.16111421585083,0.25
1.117944359779358,0.25
1.073344349861145,0.25
1.0838398933410645,0.25
1.1005487442016602,0.25
1.133854627609253,0.25
1.2369213104248047,0.25
1.3450772762298584,0.26
1.5069048404693604,0.26
1.708770990371704,0.26
1.8690158128738403,0.26
2.073157548904419,0.26
2.265927791595459,0.26
2.5111966133117676,0.26
2.7989230155944824,0.26
3.1028428077697754,0.25
3.470336437225342,0.25
3.827915906906128,0.25
4.280854225158691,0.25
4.673678874969482,0.25
5.077306270599365,0.25
5.530121803283691,0.25
5.988439083099365,0.25
6.468857765197754,0.25
6.927215099334717,0.25
7.387022495269775,0.25
7.835615634918213,0.25
8.313711166381836,0.25
8.824216842651367,0.25
9.28696060180664,0.25
9.720853805541992,0.25
10.122097969055176,0.25
10.505670547485352,0.25
10.768180847167969,0.25
10.833196640014648,0.25
10.824294090270996,0.25
10.771783828735352,0.25
11.010348320007324,0.28
11.113242149353027,0.29
11.358190536499023,1.69
12.850581169128418,4.19
15.942069053649902,6.47
18.791584014892578,10.34
23.25016212463379,11.29
27.48348045349121,20.89
31.907634735107422,25.49
32.70860290527344,29.17
31.14475440979004,22.13
29.537635803222656,33.59
30.33639144897461,23.19
26.217750549316406,25.61
28.901973724365234,26.63
33.12954330444336,28.99
38.4052734375,41.52
43.536678314208984,33.11
42.7051887512207,40.04
44.34562301635742,55.98
41.93506622314453,44.59
33.19215774536133,38.7
33.63193130493164,34.97
36.366920471191406,32.37
44.35696029663086,50.07
52.185062408447266,43.35
53.08024978637695,56.11
54.74058532714844,59.06
48.61323165893555,42.03
39.86101150512695,44.45
34.004356384277344,20.4
25.514738082885742,35.17
23.4135799407959,12.88
15.169273376464844,11.38
12.854214668273926,8.44
10.339564323425293,6.29
8.245445251464844,3.46
6.491704940795898,1.93
5.399106025695801,0.58
4.6883368492126465,0.22
4.3831000328063965,0.26
4.180505275726318,0.26
3.9615025520324707,0.26
3.7602391242980957,0.26
3.5750489234924316,0.27
3.415961980819702,0.26
3.255519151687622,0.25
3.0922482013702393,0.25
2.917001962661743,0.25
2.7501020431518555,0.25
2.598435163497925,0.25
2.447699785232544,0.25
2.3382139205932617,0.25
2.225215435028076,0.25
2.103433132171631,0.25
1.989418387413025,0.25
1.8652915954589844,0.25
1.7419345378875732,0.25
1.6313929557800293,0.25
1.5644503831863403,0.26
1.5166884660720825,0.26
1.490569829940796,0.25
1.4848698377609253,0.25
1.527233362197876,0.25
1.5668573379516602,0.25
1.6114475727081299,0.26
1.711670994758606,0.25
1.8446837663650513,0.25
1.9907426834106445,0.25
2.164116621017456,0.25
2.380985975265503,0.25
2.6069624423980713,0.25
2.8667564392089844,0.25
3.1521284580230713,0.25
3.4988460540771484,0.25
3.866377592086792,0.25
4.232008934020996,0.25
4.625754356384277,0.25
5.020392894744873,0.25
5.43359899520874,0.25
5.881308078765869,0.25
6.347703456878662,0.25
6.834117889404297,0.25
7.353730201721191,0.25
7.826111316680908,0.25
8.282501220703125,0.25
8.739156723022461,0.25
9.1805419921875,0.25
9.63074779510498,0.25
10.072957992553711,0.25
10.484430313110352,0.25
10.883735656738281,0.25
11.251017570495605,0.25
11.493535041809082,0.25
11.606996536254883,0.25
11.609068870544434,0.25
11.589357376098633,0.26
11.75649356842041,0.22
12.725667953491211,0.57
14.386168479919434,1.93
16.07170867919922,3.19
17.345901489257812,6.44
18.642854690551758,9.22
18.781360626220703,11.76
17.534866333007812,8.1
16.426401138305664,7.99
17.745431900024414,10.97
17.707706451416016,15.88
17.83465576171875,15.49
22.554391860961914,22.25
33.51392364501953,30.79
44.12503433227539,30.95
51.55661392211914,35.3
56.000022888183594,61.56
55.5492057800293,65.6
43.124656677246094,39.74
26.82013702392578,24.51
18.92576789855957,18.4
16.796823501586914,20.38
23.11486053466797,31.22
29.8100528717041,32.77
39.16769790649414,30.75
52.49921798706055,48.209999999999994
64.85790252685547,70.39
67.04837036132812,72.28
58.066650390625,46.65
45.41518020629883,60.71
37.47035598754883,30.65
22.98568344116211,14.0
16.57633399963379,13.79
14.252094268798828,12.26
11.118998527526855,5.12
7.852904796600342,3.85
6.427491664886475,1.96
5.234659194946289,0.52
4.5322346687316895,0.24
4.259119987487793,0.25
4.07508659362793,0.25
3.8881287574768066,0.25
3.7058799266815186,0.25
3.5529797077178955,0.25
3.4269278049468994,0.25
3.3022961616516113,0.25
3.1413373947143555,0.24
2.980534315109253,0.24
2.8295953273773193,0.24
2.6932129859924316,0.24
2.530355215072632,0.24
2.3801944255828857,0.24
2.227144479751587,0.24
2.0835893154144287,0.24
1.9516894817352295,0.24
1.83198881149292,0.24
1.724233865737915,0.25
1.6152793169021606,0.24
1.5295506715774536,0.25
1.4800598621368408,0.24
1.4287989139556885,0.24
1.4000569581985474,0.25
1.4225612878799438,0.25
1.4697662591934204,0.25
1.5168201923370361,0.25
1.5828901529312134,0.25
1.6747478246688843,0.25
1.805698275566101,0.25
1.972965955734253,0.25
2.160656452178955,0.25
2.379314661026001,0.25
2.668062686920166,0.25
3.0016067028045654,0.25
3.3268001079559326,0.25
3.6498982906341553,0.25
3.972158432006836,0.25
4.335755348205566,0.25
4.699942588806152,0.25
5.129548072814941,0.25
5.651420593261719,0.25
6.164682865142822,0.25
6.637469291687012,0.25
7.0918660163879395,0.26
7.5681257247924805,0.25
8.03801155090332,0.25
8.463494300842285,0.25
8.8909273147583,0.25
9.336484909057617,0.25
9.788372993469238,0.25
10.205615043640137,0.25
10.576066017150879,0.25
10.85136604309082,0.24
10.973849296569824,0.25
10.889763832092285,0.25
10.781229019165039,0.25
11.001235961914062,0.27
11.473950386047363,0.28
12.138778686523438,1.31
12.765229225158691,2.66
13.882555961608887,6.53
15.985818862915039,9.09
17.426029205322266,9.17
20.359716415405273,14.01
26.012163162231445,19.02
30.169797897338867,28.39
30.2606258392334,32.26
29.786211013793945,34.86
30.398326873779297,38.19
33.51088333129883,40.53
42.32688903808594,38.11999999999999
52.96229553222656,49.0
66.8741226196289,85.51
79.93498992919922,78.42
80.48668670654297,91.64
86.69938659667969,87.57
88.51322937011719,82.94
89.68235778808594,95.04000000000002
88.93841552734375,88.18
77.81643676757812,81.02000000000001
64.60617065429688,62.96
49.657344818115234,50.44
38.7401008605957,33.75
29.454256057739258,30.59
26.251537322998047,22.76
23.68921661376953,19.55
23.0733699798584,18.5
22.544687271118164,16.91
21.591228485107422,20.67
20.196760177612305,19.69
16.47669219970703,12.19
11.967538833618164,6.17
9.087898254394531,5.15
7.617265701293945,3.73
6.127813339233398,1.26
4.904490947723389,0.19
4.3627095222473145,0.26
4.154444694519043,0.25
3.946808099746704,0.25
3.783522367477417,0.25
3.6849160194396973,0.26
3.563570261001587,0.26
3.449822425842285,0.25
3.322354555130005,0.24
3.1662118434906006,0.24
2.9883460998535156,0.24
2.8429689407348633,0.24
2.676213264465332,0.24
2.4598135948181152,0.24
2.237138509750366,0.24
2.0932393074035645,0.24
1.9405707120895386,0.24
1.7504057884216309,0.24
1.6034491062164307,0.24
1.4738469123840332,0.25
1.3784815073013306,0.25
1.310655951499939,0.25
1.3107494115829468,0.25
1.3353232145309448,0.25
1.3609182834625244,0.25
1.4367785453796387,0.25
1.5318491458892822,0.25
1.6682816743850708,0.25
1.8044112920761108,0.25
1.977475643157959,0.25
2.1536951065063477,0.25
2.345499277114868,0.25
2.565805196762085,0.25
2.808795213699341,0.25
3.092905044555664,0.25
3.390096426010132,0.25
3.7350971698760986,0.25
4.107879638671875,0.25
4.526379585266113,0.26
4.920405387878418,0.25
5.30602502822876,0.25
5.721332550048828,0.25
6.1629462242126465,0.26
6.65590238571167,0.26
7.148521900177002,0.26
7.655131816864014,0.26
8.14732551574707,0.26
8.628897666931152,0.25
9.114279747009277,0.26
9.588069915771484,0.25
10.033061027526855,0.25
10.46845531463623,0.25
10.88184642791748,0.25
11.17288875579834,0.25
11.271988868713379,0.25
11.252913475036621,0.25
11.013738632202148,0.25
10.19281005859375,0.26
8.903924942016602,0.28
10.738458633422852,1.83
15.43792724609375,4.15
21.148590087890625,7.52
27.547561645507812,13.76
33.28761291503906,25.63
32.476314544677734,38.99
30.710498809814453,25.37
26.996166229248047,20.36
26.950857162475586,22.0
27.15201759338379,20.32
32.74903869628906,24.38
39.802791595458984,65.74
44.59172058105469,31.25
37.280914306640625,29.1
42.36268997192383,55.18
51.72502517700195,71.27
52.72441101074219,46.31
51.61188888549805,58.55
60.747901916503906,69.81
67.65019989013672,58.32
72.06278991699219,95.59
80.25631713867188,76.6
76.72911071777344,80.61
80.1812744140625,89.2
77.7538833618164,81.41
71.34339904785156,72.1
65.83988952636719,65.44
60.08948516845703,59.64
53.29269790649414,52.51
45.18635559082031,45.84
36.72480773925781,38.38
27.844947814941406,24.98
19.247835159301758,13.02
13.293355941772461,9.19
10.145418167114258,5.01
7.63954496383667,3.53
6.151264190673828,1.24
5.038754940032959,0.17
4.557191848754883,0.26
4.39287805557251,0.25
4.182358741760254,0.26
3.9814603328704834,0.25
3.7819035053253174,0.25
3.5762546062469482,0.26
3.3628287315368652,0.26
3.1908175945281982,0.24
3.0305821895599365,0.24
2.8636419773101807,0.24
2.689981698989868,0.25
2.538355588912964,0.24
2.3930206298828125,0.24
2.230597496032715,0.24
2.0554921627044678,0.24
1.951600432395935,0.24
1.8846440315246582,0.24
1.7917169332504272,0.25
1.7167365550994873,0.25
1.6978299617767334,0.25
1.6359080076217651,0.25
1.5761241912841797,0.25
1.5734014511108398,0.25
1.5903626680374146,0.25
1.6602027416229248,0.25
1.7016675472259521,0.25
1.7795913219451904,0.25
1.9072749614715576,0.25
2.071040153503418,0.25
2.272902488708496,0.25
2.4920217990875244,0.26
2.736111640930176,0.25
2.9721059799194336,0.25
3.239370822906494,0.25
3.5518007278442383,0.26
3.8750832080841064,0.26
4.221619606018066,0.26
4.599724292755127,0.26
4.988308429718018,0.26
5.395927906036377,0.26
5.826056957244873,0.26
6.287551403045654,0.26
6.760517120361328,0.26
7.241215229034424,0.26
7.73868465423584,0.26
8.208944320678711,0.26
8.664851188659668,0.26
9.113551139831543,0.26
9.558944702148438,0.25
9.977311134338379,0.25
10.380744934082031,0.25
10.762653350830078,0.25
11.020902633666992,0.25
11.070563316345215,0.25
11.060819625854492,0.25
11.144088745117188,0.26
11.440507888793945,0.27
12.04157829284668,0.39
11.670002937316895,2.08
13.052385330200195,4.73
16.1069278717041,6.48
20.36590003967285,7.85
24.960872650146484,13.1
29.981746673583984,15.91
33.103179931640625,35.98
34.79402160644531,27.95
27.53330421447754,22.17
21.176843643188477,19.31
21.75004005432129,19.81
27.179367065429688,23.34
35.177303314208984,25.89
40.29307556152344,28.49
44.176918029785156,45.82
45.10481262207031,68.0
41.370784759521484,45.8
32.565704345703125,33.29
36.29072570800781,31.52
46.076194763183594,54.24
58.560997009277344,64.23
65.72337341308594,77.52
72.065673828125,75.98
79.23887634277344,77.13
83.37889099121094,74.75
81.70841979980469,83.82
75.3338394165039,79.02
61.415985107421875,72.4
45.28976821899414,44.08
28.3356990814209,17.14
18.944759368896484,14.59
16.655170440673828,13.09
14.217418670654297,9.99
11.265789985656738,7.75
8.778120040893555,2.93
6.6101975440979,2.22
5.697971343994141,0.93
4.9161763191223145,0.2
4.492949485778809,0.26
4.300952434539795,0.26
4.121457576751709,0.27
3.945005178451538,0.27
3.7765438556671143,0.27
3.6183085441589355,0.27
3.481654167175293,0.26
3.3413779735565186,0.25
3.1445627212524414,0.25
2.9726836681365967,0.25
2.858630895614624,0.25
2.687471866607666,0.25
2.5296380519866943,0.25
2.39968204498291,0.25
2.2800755500793457,0.25
2.1593117713928223,0.25
2.0435571670532227,0.25
1.967646837234497,0.25
1.9194507598876953,0.25
1.852501630783081,0.25
1.7954599857330322,0.26
1.7614198923110962,0.26
1.7580924034118652,0.26
1.7675504684448242,0.26
1.7843940258026123,0.26
1.8486515283584595,0.26
1.9566854238510132,0.26
2.1145565509796143,0.26
2.2858827114105225,0.26
2.446007490158081,0.26
2.653198480606079,0.26
2.9137563705444336,0.26
3.21618914604187,0.26
3.5005009174346924,0.26
3.8198647499084473,0.26
4.13404655456543,0.26
4.490579605102539,0.26
4.869579792022705,0.26
5.299066543579102,0.26
5.749395847320557,0.27
6.202020168304443,0.26
6.655410289764404,0.27
7.116313934326172,0.26
7.577433109283447,0.27
8.032050132751465,0.26
8.479366302490234,0.27
8.950582504272461,0.26
9.405584335327148,0.26
9.876033782958984,0.26
10.318482398986816,0.26
10.718461036682129,0.26
11.081198692321777,0.26
11.427371978759766,0.25
11.72835636138916,0.25
11.945327758789062,0.25
12.109394073486328,0.25
12.159768104553223,0.27
12.183282852172852,0.27
12.441375732421875,0.36
13.117032051086426,0.92
14.239245414733887,2.12
15.656384468078613,2.9700000000000006
16.999298095703125,5.91
18.297212600708008,7.79
18.492399215698242,8.95
17.54700469970703,9.39
17.00809669494629,9.77
17.767528533935547,10.6
20.015396118164062,13.16
24.255451202392578,15.98
28.200416564941406,21.96
33.89434051513672,32.33
38.672157287597656,32.81
38.31581115722656,34.84
38.98244857788086,35.21
39.24171447753906,31.68
38.76236343383789,41.2
37.88804244995117,26.77
32.26229476928711,23.54
30.985782623291016,35.94
29.20280647277832,20.1
21.86952018737793,15.21
19.036569595336914,12.88
16.849056243896484,11.06
14.493734359741211,8.52
11.908540725708008,5.54
9.825016021728516,2.77
8.241576194763184,1.79
7.42133092880249,1.31
6.835320949554443,0.89
6.465758323669434,0.83
6.186069965362549,0.8
5.887459754943848,0.36
5.568660736083984,0.8
5.348229885101318,0.78
4.95073127746582,0.23
4.551330089569092,0.27
4.364267826080322,0.27
4.174494743347168,0.27
3.9660894870758057,0.27
3.756155014038086,0.27
3.5562336444854736,0.27
3.36673641204834,0.26
3.190396308898926,0.25
3.020387649536133,0.25
2.868905782699585,0.25
2.720585823059082,0.25
2.5738131999969482,0.25
2.4283220767974854,0.25
2.3024325370788574,0.25
2.184877634048462,0.25
2.0969269275665283,0.25
2.011023759841919,0.25
1.929874300956726,0.26
1.8679242134094238,0.26
1.8268706798553467,0.25
1.8043265342712402,0.26
1.8075867891311646,0.26
1.77812922000885,0.26
1.7925041913986206,0.26
1.8806016445159912,0.25
1.949867844581604,0.24
2.02579665184021,0.25
2.137111186981201,0.25
2.30143666267395,0.25
2.486640214920044,0.25
2.6885926723480225,0.25
2.91262149810791,0.25
3.161675214767456,0.25
3.4364593029022217,0.25
3.7364861965179443,0.25
4.069113254547119,0.25
4.4289045333862305,0.25
4.787962436676025,0.25
5.1611833572387695,0.25
5.51585578918457,0.25
5.9211320877075195,0.25
6.350045680999756,0.25
6.799665927886963,0.25
7.248387336730957,0.25
7.688786506652832,0.25
8.125594139099121,0.25
8.558699607849121,0.25
8.978793144226074,0.25
9.394906044006348,0.25
9.792340278625488,0.25
10.179518699645996,0.25
10.54612922668457,0.25
10.893062591552734,0.25
11.196227073669434,0.25
11.406925201416016,0.25
11.48379135131836,0.25
11.502583503723145,0.25
11.520472526550293,0.27
11.587682723999023,0.16
11.742608070373535,0.24
11.970769882202148,1.05
12.662986755371094,2.79
14.112075805664062,4.47
16.1218318939209,6.37
18.34046745300293,8.98
20.546567916870117,12.49
23.052387237548828,18.31
25.330062866210938,21.34
26.499380111694336,21.99
27.984098434448242,23.18
31.142541885375977,28.4
35.94776153564453,34.28
39.98539352416992,35.93
42.07223129272461,39.2
43.874732971191406,42.53
44.905792236328125,43.72
43.94027328491211,42.37
40.765254974365234,37.07
37.6352653503418,34.93
36.331153869628906,37.9
34.81573486328125,33.19
31.516098022460938,26.11
29.259374618530273,25.57
29.74964141845703,32.35
30.190074920654297,27.03
27.431045532226562,21.86
26.06999969482422,23.54
25.727069854736328,21.42
23.68810272216797,24.49
21.057415008544922,14.8
16.18438720703125,11.6
13.400239944458008,11.02
10.821598052978516,5.84
7.814030170440674,3.13
6.098036289215088,1.13
5.064256191253662,0.22
4.601909160614014,0.26
4.411920070648193,0.26
4.220780372619629,0.26
4.02997350692749,0.26
3.8369126319885254,0.26
3.645925521850586,0.26
3.4597558975219727,0.26
3.2795004844665527,0.24
3.1023733615875244,0.25
2.9427711963653564,0.25
2.793949842453003,0.25
2.642005205154419,0.25
2.502464771270752,0.24
2.377601385116577,0.25
2.2579193115234375,0.25
2.148550271987915,0.25
2.061506509780884,0.25
1.9811993837356567,0.25
1.9134056568145752,0.26
1.8733949661254883,0.25
1.8366869688034058,0.25
1.8194433450698853,0.25
1.8302695751190186,0.25
1.8687554597854614,0.25
1.9280846118927002,0.25
2.002957344055176,0.25
2.1107218265533447,0.25
2.241956949234009,0.25
2.3919930458068848,0.25
2.5546488761901855,0.24
2.7462353706359863,0.24
2.957167148590088,0.25
3.199598789215088,0.25
3.4758474826812744,0.25
3.7738754749298096,0.25
4.086616039276123,0.25
4.42026948928833,0.25
4.78123140335083,0.25
5.171041011810303,0.25
5.585102081298828,0.25
6.009201526641846,0.25
6.437900543212891,0.25
6.866537570953369,0.25
7.288367748260498,0.25
7.710109710693359,0.25
8.145877838134766,0.25
8.587240219116211,0.25
9.028607368469238,0.25
9.458267211914062,0.25
9.877044677734375,0.25
10.274731636047363,0.25
10.647601127624512,0.25
10.983085632324219,0.25
11.17762565612793,0.25
11.19605827331543,0.26
11.131863594055176,0.25
11.051865577697754,0.27
11.17448616027832,0.26
11.630400657653809,0.58
12.151432991027832,2.26
12.938514709472656,4.8
14.192506790161133,7.45
16.125680923461914,11.19
19.7155704498291,14.35
25.12356948852539,18.6
32.27500534057617,28.79
41.476768493652344,38.82
49.345176696777344,45.1
54.32675552368164,50.23
56.558162689208984,52.18
56.25822067260742,52.28
53.93363952636719,51.87
49.34012985229492,45.39
43.52607727050781,38.08
37.7796630859375,30.86
32.80475997924805,28.52
29.507404327392578,26.13
27.031570434570312,22.58
24.993261337280273,18.4
23.444246292114258,15.06
22.87059783935547,17.79
23.304603576660156,20.26
22.740928649902344,20.71
21.13589859008789,16.02
19.003454208374023,12.86
18.29695701599121,13.63
18.582767486572266,14.15
18.1357364654541,14.31
16.746545791625977,11.79
14.559125900268555,9.27
12.451909065246582,9.6
10.556290626525879,6.15
8.033029556274414,2.58
6.258667469024658,1.48
5.444770812988281,0.7
4.8930344581604,0.19
4.545379161834717,0.26
4.356956481933594,0.26
4.144756317138672,0.26
3.932103157043457,0.26
3.729257822036743,0.26
3.539634943008423,0.26
3.3531675338745117,0.26
3.1685726642608643,0.25
2.9901881217956543,0.25
2.825131416320801,0.25
2.663970470428467,0.25
2.511228561401367,0.25
2.373173713684082,0.25
2.2449722290039062,0.25
2.1244170665740967,0.25
2.0107576847076416,0.25
1.9120384454727173,0.25
1.8224767446517944,0.26
1.745840311050415,0.26
1.6819119453430176,0.26
1.6353123188018799,0.26
1.6019656658172607,0.25
1.5935832262039185,0.25
1.6137430667877197,0.25
1.664179801940918,0.25
1.7406076192855835,0.25
1.8428148031234741,0.25
1.9753391742706299,0.25
2.1308391094207764,0.25
2.298611640930176,0.25
2.487297773361206,0.25
2.7109057903289795,0.25
2.962261438369751,0.25
3.2271008491516113,0.25
3.4934773445129395,0.25
3.7885913848876953,0.25
4.1189284324646,0.26
4.453780651092529,0.26
4.858389377593994,0.26
5.295248031616211,0.26
5.753442764282227,0.26
6.185305118560791,0.26
6.644343852996826,0.26
7.102934837341309,0.26
7.510388374328613,0.26
7.8904876708984375,0.26
8.285043716430664,0.26
8.68776798248291,0.25
9.068975448608398,0.25
9.505475044250488,0.25
9.95487117767334,0.25
10.370595932006836,0.25
10.696334838867188,0.25
10.787668228149414,0.26
10.855386734008789,0.26
10.983834266662598,0.26
11.204169273376465,0.27
11.774209022521973,0.25
12.878268241882324,1.07
14.195277214050293,4.17
15.017351150512695,4.73
13.949406623840332,6.43
13.535388946533203,8.62
14.808431625366211,9.77
17.54132843017578,9.54
21.138681411743164,13.93
26.742826461791992,22.37
33.94736099243164,38.8
40.650447845458984,42.46
44.335784912109375,36.85
48.12078857421875,44.06
55.99531936645508,55.14
59.32807922363281,60.42
57.171844482421875,55.89
53.068416595458984,53.82
49.69415283203125,45.07
45.80154037475586,42.9
43.63610076904297,37.85
40.680824279785156,38.8
37.67170333862305,36.15
32.6511344909668,28.92
27.350017547607422,22.75
23.52898406982422,19.86
21.24529266357422,16.87
19.542327880859375,14.95
18.383930206298828,14.2
17.421960830688477,13.36
16.21563148498535,12.0
14.669150352478027,10.66
12.877747535705566,8.49
10.851969718933105,6.97
8.98444652557373,4.88
7.179690837860107,3.02
5.761617660522461,1.44
4.778714656829834,0.2
4.232422828674316,0.26
4.070374011993408,0.27
3.8849430084228516,0.27
3.6964550018310547,0.27
3.5074548721313477,0.27
3.3259761333465576,0.27
3.1351869106292725,0.27
2.949662685394287,0.26
2.7733211517333984,0.25
2.6002612113952637,0.25
2.441903591156006,0.25
2.3027851581573486,0.25
2.169023036956787,0.25
2.045175552368164,0.25
1.9078088998794556,0.25
1.7884200811386108,0.25
1.6835652589797974,0.25
1.5877774953842163,0.25
1.506693720817566,0.25
1.442406415939331,0.25
1.3882137537002563,0.25
1.3435313701629639,0.25
1.315226674079895,0.25
1.3069729804992676,0.26
1.3145772218704224,0.26
1.3455203771591187,0.25
1.403968095779419,0.25
1.4930357933044434,0.25
1.6199371814727783,0.26
1.7792043685913086,0.26
1.9636722803115845,0.26
2.1700074672698975,0.26
2.403961420059204,0.25
2.6583633422851562,0.26
2.923149347305298,0.26
3.232649326324463,0.26
3.5710535049438477,0.26
3.9221129417419434,0.26
4.290820121765137,0.26
4.685568809509277,0.26
5.088044166564941,0.26
5.488204002380371,0.26
5.909910678863525,0.26
6.3439202308654785,0.26
6.776059150695801,0.26
7.221564292907715,0.26
7.6696343421936035,0.26
8.1019868850708,0.25
8.528406143188477,0.25
8.946612358093262,0.25
9.35067367553711,0.25
9.740525245666504,0.25
10.13680362701416,0.25
10.511261940002441,0.25
10.796269416809082,0.25
11.039254188537598,0.26
11.071216583251953,0.25
11.003883361816406,0.27
10.992426872253418,0.27
11.219505310058594,0.28
11.628540992736816,1.03
12.607597351074219,1.11
13.97234058380127,4.05
16.02313804626465,6.17
17.662445068359375,8.9
18.553117752075195,10.55
18.342864990234375,14.73
19.45923614501953,14.92
20.404300689697266,17.1
23.493364334106445,19.03
29.18373680114746,22.49
34.10095977783203,33.18
38.23415756225586,43.53
41.12500762939453,40.55
42.2039680480957,47.2
45.788761138916016,46.51
48.65577697753906,38.98
54.4914436340332,57.11
61.05817794799805,64.2
58.16329574584961,52.19
51.21487045288086,53.04
46.76537322998047,51.6
40.08570861816406,34.13
31.67132568359375,25.06
29.08907699584961,26.12
27.881046295166016,27.2
25.13369369506836,22.12
20.942079544067383,17.23
17.416015625,12.91
14.607736587524414,9.84
12.435182571411133,8.87
10.615797996520996,6.73
8.566974639892578,4.2
6.815995693206787,2.44
5.629080772399902,1.0
4.8526835441589355,0.2
4.460319995880127,0.26
4.250598430633545,0.26
3.984518051147461,0.26
3.774909257888794,0.26
3.5766794681549072,0.26
3.3833439350128174,0.26
3.192124366760254,0.27
3.00270938873291,0.26
2.8161301612854004,0.25
2.6409761905670166,0.25
2.4747040271759033,0.25
2.314141273498535,0.25
2.162254571914673,0.25
2.0177667140960693,0.25
1.881826400756836,0.25
1.754343032836914,0.25
1.6366227865219116,0.25
1.5317013263702393,0.25
1.4389210939407349,0.25
1.35955011844635,0.25
1.2987691164016724,0.25
1.260758876800537,0.26
1.2431554794311523,0.26
1.2359139919281006,0.26
1.249093770980835,0.26
1.286246418952942,0.26
1.3468395471572876,0.26
1.434710144996643,0.26
1.5498689413070679,0.26
1.6981093883514404,0.26
1.873961329460144,0.26
2.0760648250579834,0.26
2.3015871047973633,0.26
2.5482497215270996,0.26
2.8303160667419434,0.26
3.129765748977661,0.26
3.4531190395355225,0.25
3.788926362991333,0.26
4.14402961730957,0.26
4.516965866088867,0.26
4.91583776473999,0.26
5.343977451324463,0.26
5.8016228675842285,0.26
6.265944480895996,0.26
6.724314212799072,0.26
7.183666706085205,0.26
7.632676124572754,0.26
8.083297729492188,0.26
8.516441345214844,0.26
8.933187484741211,0.26
9.333791732788086,0.26
9.713570594787598,0.26
10.062294006347656,0.26
10.418844223022461,0.25
10.651836395263672,0.26
10.755708694458008,0.26
10.69837760925293,0.26
10.52907943725586,0.26
10.267168998718262,0.28
10.27852725982666,0.11
9.29193115234375,1.49
8.652505874633789,3.17
9.305245399475098,6.13
12.774658203125,9.68
21.77789306640625,15.84
33.135414123535156,18.3
43.98778533935547,42.03
52.43572235107422,53.96
55.55100631713867,67.28
55.944766998291016,66.39
52.43244171142578,39.42999999999999
51.335472106933594,46.98
59.76188659667969,52.34
62.276458740234375,79.48
60.27852249145508,58.18
52.092708587646484,57.87
53.756980895996094,52.29
55.771888732910156,44.27
58.19447326660156,52.74
60.7507438659668,56.52
56.491207122802734,61.09
47.49425506591797,47.31
35.06069564819336,29.62
24.359375,16.94
18.83595085144043,14.06
16.610267639160156,11.68
14.861467361450195,9.54
13.65025806427002,8.42
12.814642906188965,7.58
11.893569946289062,7.8
10.779121398925781,6.21
9.104598999023438,4.93
7.5242414474487305,2.99
6.050860404968262,1.21
5.029925346374512,0.86
4.53212833404541,0.2
4.144247055053711,0.28
4.003384590148926,0.27
3.8521976470947266,0.26
3.7093887329101562,0.26
3.568314552307129,0.26
3.423207998275757,0.26
3.266235828399658,0.26
3.0725491046905518,0.26
2.8146965503692627,0.25
2.5999386310577393,0.25
2.413895845413208,0.25
2.242058277130127,0.25
2.083740472793579,0.25
1.93721604347229,0.25
1.8044272661209106,0.25
1.6852492094039917,0.25
1.576962947845459,0.25
1.4855613708496094,0.25
1.4117273092269897,0.26
1.3563205003738403,0.26
1.313008189201355,0.25
1.2841897010803223,0.26
1.2728185653686523,0.26
1.2744476795196533,0.25
1.2948663234710693,0.26
1.3389742374420166,0.25
1.4094982147216797,0.26
1.512022852897644,0.26
1.6419281959533691,0.26
1.8025262355804443,0.25
1.9919664859771729,0.26
2.2080719470977783,0.26
2.443345069885254,0.26
2.703094482421875,0.26
2.9804940223693848,0.26
3.2798056602478027,0.26
3.596015691757202,0.26
3.9277329444885254,0.26
4.274003982543945,0.26
4.63966178894043,0.26
5.028641223907471,0.26
5.4372053146362305,0.26
5.8608269691467285,0.26
6.299954414367676,0.26
6.736086368560791,0.26
7.174778938293457,0.26
7.615915298461914,0.26
8.054861068725586,0.25
8.486089706420898,0.26
8.907105445861816,0.26
9.310988426208496,0.25
9.69627571105957,0.25
10.050675392150879,0.25
10.384106636047363,0.25
10.664886474609375,0.25
10.753473281860352,0.25
10.57339096069336,0.25
10.377760887145996,0.26
10.084624290466309,0.27
8.854289054870605,0.09
7.242493152618408,0.31
6.851500034332275,2.5
9.567718505859375,5.89
14.01271915435791,8.32
21.26727294921875,13.83
31.95691680908203,32.41
44.74308395385742,49.39
54.893131256103516,57.29
62.399654388427734,64.42
69.92424011230469,74.86000000000001
76.4603271484375,80.19
77.92796325683594,84.55
79.9612045288086,89.0
78.6146469116211,88.67
77.10979461669922,80.61
76.82909393310547,90.19
80.886474609375,81.61
83.83821868896484,95.4
90.51692962646484,86.56
92.747802734375,100.12
91.4722671508789,94.33
83.8907241821289,95.22
74.61380767822266,81.08
63.29781723022461,67.93
55.261714935302734,51.22
51.3944091796875,47.06
51.52128219604492,54.94
50.099151611328125,53.93
44.09809875488281,44.0
35.1154899597168,33.72999999999999
27.086620330810547,26.76
20.271804809570312,14.89
14.139251708984375,10.14
10.695857048034668,7.42
8.106618881225586,4.5
5.984063625335693,1.83
4.566890716552734,0.26
3.9115662574768066,0.26
3.7015421390533447,0.25
3.4964962005615234,0.25
3.3237972259521484,0.25
3.2095797061920166,0.25
3.1112496852874756,0.26
2.982666492462158,0.26
2.815485954284668,0.24
2.6327619552612305,0.24
2.4320287704467773,0.25
2.2576236724853516,0.25
2.055344343185425,0.25
1.900448203086853,0.25
1.7383179664611816,0.25
1.5951532125473022,0.25
1.4611406326293945,0.25
1.334930419921875,0.25
1.225509524345398,0.25
1.1531850099563599,0.25
1.1190179586410522,0.25
1.0900077819824219,0.25
1.040068507194519,0.25
1.009662389755249,0.25
1.00339674949646,0.25
1.0270105600357056,0.25
1.0822092294692993,0.25
1.170828104019165,0.25
1.29281485080719,0.25
1.4281461238861084,0.25
1.5926663875579834,0.25
1.785576581954956,0.26
2.0168092250823975,0.25
2.2986176013946533,0.26
2.5893192291259766,0.26
2.880622386932373,0.26
3.1987385749816895,0.26
3.5540812015533447,0.26
3.9323065280914307,0.26
4.34016752243042,0.25
4.784023761749268,0.26
5.23510217666626,0.26
5.672006130218506,0.26
6.105842113494873,0.26
6.550221920013428,0.26
7.005311012268066,0.26
7.474509239196777,0.26
7.946258068084717,0.26
8.411767959594727,0.25
8.884725570678711,0.25
9.341484069824219,0.25
9.756548881530762,0.25
10.158019065856934,0.25
10.483041763305664,0.25
10.614340782165527,0.25
10.53149127960205,0.25
10.305436134338379,0.25
10.114410400390625,0.26
10.069206237792969,0.2
9.914814949035645,1.14
10.089709281921387,3.62
11.748241424560547,6.63
15.83625602722168,10.27
20.940738677978516,15.09
27.2625675201416,22.85
35.82499694824219,34.83
44.85209655761719,51.48
55.25308609008789,57.2
66.12556457519531,59.51
76.2748794555664,69.35
82.11141204833984,79.25
80.51995086669922,81.85
75.60263061523438,84.79
66.89302062988281,67.0
54.71803665161133,38.62
48.008541107177734,41.83
49.64356231689453,51.86
48.00294494628906,52.23
40.41876983642578,32.32
32.334739685058594,26.64
30.63188934326172,26.2
30.355512619018555,31.43
29.2921199798584,21.22
25.21733856201172,19.24
23.59953498840332,22.65
21.75348472595215,21.86
17.905487060546875,10.87
13.705279350280762,7.95
12.870043754577637,8.06
12.810437202453613,8.25
12.357959747314453,7.82
11.371167182922363,7.37
10.042436599731445,5.92
8.374113082885742,4.76
6.786181926727295,2.44
5.30518102645874,0.69
4.4638991355896,0.2
4.154230117797852,0.26
3.9974496364593506,0.26
3.8209378719329834,0.26
3.645907402038574,0.26
3.4686710834503174,0.26
3.256574869155884,0.26
3.0529940128326416,0.25
2.8593790531158447,0.24
2.6778976917266846,0.24
2.505492925643921,0.25
2.337480068206787,0.24
2.1676697731018066,0.25
2.0062930583953857,0.25
1.8465653657913208,0.25
1.691880464553833,0.25
1.5486853122711182,0.25
1.4272042512893677,0.25
1.3291891813278198,0.25
1.2590144872665405,0.25
1.212011456489563,0.25
1.189009189605713,0.25
1.1802619695663452,0.25
1.1894620656967163,0.25
1.218672752380371,0.25
1.2714465856552124,0.25
1.354537844657898,0.25
1.467638373374939,0.25
1.6104470491409302,0.25
1.7808287143707275,0.25
1.9776355028152466,0.26
2.1940126419067383,0.25
2.42411470413208,0.26
2.675661087036133,0.25
2.943317413330078,0.26
3.2298848628997803,0.26
3.533998966217041,0.26
3.8625686168670654,0.25
4.2174072265625,0.25
4.593887805938721,0.25
4.9869256019592285,0.25
5.398706436157227,0.25
5.8232622146606445,0.25
6.261332035064697,0.25
6.714375019073486,0.25
7.173669338226318,0.25
7.628856182098389,0.25
8.071611404418945,0.25
8.506670951843262,0.25
8.937002182006836,0.25
9.347692489624023,0.25
9.74563217163086,0.25
10.127937316894531,0.25
10.374615669250488,0.25
10.403011322021484,0.25
10.629987716674805,0.25
10.562286376953125,0.25
10.34081745147705,0.26
10.516677856445312,0.17
11.315959930419922,1.75
11.8143310546875,4.1
13.07843017578125,2.61
14.816736221313477,8.0
17.629457473754883,13.95
20.13958168029785,16.45
23.685916900634766,20.46
29.202716827392578,33.32
38.16795349121094,35.61
45.04094314575195,40.29
52.662967681884766,51.25
57.710941314697266,64.21
61.82659912109375,61.32
61.876583099365234,71.73
65.09994506835938,47.94
61.851356506347656,61.81
65.25431060791016,56.74
58.43862533569336,69.61
50.81919860839844,47.57
35.03591537475586,25.67
25.099044799804688,22.12
25.62917709350586,21.83
25.966087341308594,25.82
27.13720703125,24.92
26.74703025817871,20.56
25.548377990722656,20.11
25.128854751586914,20.74
24.314638137817383,25.63
22.540626525878906,20.43
18.165132522583008,10.54
14.723989486694336,7.84
13.697749137878418,12.379999999999999
12.854931831359863,6.95
9.73258113861084,5.74
7.943228244781494,2.93
6.231387138366699,1.37
5.253427982330322,0.16
4.703722953796387,0.23
4.5217509269714355,0.26
4.332059860229492,0.26
4.130360126495361,0.26
3.9382476806640625,0.26
3.756312370300293,0.26
3.5602052211761475,0.26
3.360368490219116,0.25
3.165591239929199,0.24
2.976621627807617,0.24
2.8012897968292236,0.25
2.633639335632324,0.24
2.469899892807007,0.24
2.318117618560791,0.25
2.176734447479248,0.25
2.0449206829071045,0.25
1.9246330261230469,0.25
1.8151602745056152,0.25
1.7199832201004028,0.25
1.6447592973709106,0.25
1.589737892150879,0.25
1.5561002492904663,0.25
1.542504906654358,0.25
1.5506384372711182,0.25
1.581804871559143,0.25
1.6334928274154663,0.25
1.707805871963501,0.25
1.807163953781128,0.25
1.9334197044372559,0.25
2.0920159816741943,0.25
2.2774131298065186,0.25
2.488124370574951,0.25
2.724165678024292,0.25
2.9862568378448486,0.25
3.2731192111968994,0.25
3.581594467163086,0.25
3.912952423095703,0.25
4.266430854797363,0.25
4.640572547912598,0.25
5.033550262451172,0.25
5.44699239730835,0.25
5.876812934875488,0.25
6.321102142333984,0.25
6.779616355895996,0.25
7.240699291229248,0.25
7.699284553527832,0.25
8.169111251831055,0.25
8.62467098236084,0.26
9.066675186157227,0.26
9.49625301361084,0.25
9.918466567993164,0.26
10.328539848327637,0.26
10.709368705749512,0.26
11.050338745117188,0.26
11.185253143310547,0.26
11.17296028137207,0.26
11.053834915161133,0.26
11.017250061035156,0.27
10.728711128234863,0.27
9.663671493530273,0.96
9.061445236206055,4.08
10.188976287841797,6.79
13.672289848327637,9.79
19.28507423400879,12.68
27.81735610961914,22.5
39.643123626708984,42.82
52.01018524169922,57.46
61.202659606933594,65.63
68.30770111083984,74.99
75.5354232788086,81.22
80.9776611328125,85.87
83.564208984375,89.82
86.4654541015625,93.39
88.6972427368164,95.63
90.20915985107422,97.81
91.06749725341797,99.64
91.24275970458984,98.34
90.72181701660156,97.36
90.42179107666016,98.77
89.91722106933594,97.69
87.93815612792969,94.94
87.33921813964844,92.67
86.0032958984375,89.33
83.58914184570312,85.16
78.86407470703125,79.77
72.9871826171875,74.74
64.53286743164062,70.11
53.782901763916016,47.62
41.58332824707031,46.03
34.17574691772461,29.63
24.739572525024414,24.24
18.44298553466797,9.36
12.715787887573242,9.57
10.812728881835938,7.76
8.406519889831543,3.69
6.171267986297607,1.05
4.977545261383057,0.2
4.543496131896973,0.27
4.370884418487549,0.25
4.1894659996032715,0.25
3.987250566482544,0.25
3.7670092582702637,0.26
3.53913950920105,0.26
3.3469345569610596,0.26
3.2059764862060547,0.25
3.064451217651367,0.25
2.8994014263153076,0.25
2.7801361083984375,0.25
2.6476123332977295,0.25
2.5307703018188477,0.25
2.4197819232940674,0.25
2.309278964996338,0.25
2.200145721435547,0.25
2.0973401069641113,0.25
2.010552167892456,0.25
1.9572234153747559,0.25
1.9005928039550781,0.25
1.876321792602539,0.25
1.8754345178604126,0.25
1.8834275007247925,0.25
1.9102519750595093,0.25
1.9509044885635376,0.25
2.095125675201416,0.25
2.2683825492858887,0.25
2.3873722553253174,0.25
2.551388740539551,0.25
2.729931354522705,0.25
2.9413397312164307,0.25
3.1758625507354736,0.25
3.4287962913513184,0.25
3.7274482250213623,0.25
4.024017810821533,0.25
4.318260192871094,0.26
4.706152439117432,0.25
5.117498397827148,0.25
5.487448692321777,0.25
5.912903308868408,0.25
6.319889545440674,0.25
6.715958595275879,0.25
7.144680500030518,0.26
7.581971168518066,0.25
8.02636432647705,0.25
8.454751968383789,0.25
8.873235702514648,0.25
9.26335620880127,0.25
9.658408164978027,0.25
10.06381893157959,0.25
10.443248748779297,0.25
10.811614990234375,0.25
11.011857032775879,0.26
10.898171424865723,0.26
10.4613676071167,0.25
9.972366333007812,0.26
10.117345809936523,0.27
10.707657814025879,0.22
11.059383392333984,2.72
13.470542907714844,7.16
15.211224555969238,13.08
19.75699234008789,17.69
23.47119140625,18.38
29.65949821472168,25.64
40.89877700805664,43.63
52.37647247314453,44.63
57.6435661315918,66.77
64.18843078613281,61.04
64.41571807861328,75.77
66.98296356201172,72.58
62.09538650512695,56.91
56.03219985961914,58.08
55.568206787109375,74.3
56.29595947265625,68.92
54.3895263671875,64.12
57.09663009643555,56.67
64.48991394042969,63.73
76.36727905273438,90.54
86.67281341552734,97.3
87.56983184814453,95.82
85.53059387207031,93.76
83.11268615722656,90.99
80.78014373779297,85.77
79.57965087890625,83.64000000000001
78.87964630126953,78.67
74.93500518798828,74.88
68.0115966796875,69.07
58.0639533996582,62.02
46.30124282836914,51.56
33.57804870605469,31.89
21.453386306762695,13.69
13.639439582824707,8.79
10.431593894958496,6.6
8.156034469604492,4.41
6.177736759185791,1.91
4.743732929229736,0.23
4.045605659484863,0.27
3.8538970947265625,0.26
3.6728780269622803,0.25
3.543405532836914,0.26
3.4477546215057373,0.26
3.3167648315429688,0.26
3.1502652168273926,0.26
2.999659299850464,0.25
2.840176820755005,0.25
2.681037664413452,0.25
2.5442054271698,0.25
2.3961539268493652,0.25
2.255974769592285,0.25
2.139284372329712,0.25
2.0517780780792236,0.25
1.9719618558883667,0.25
1.8998709917068481,0.26
1.8411335945129395,0.26
1.806389331817627,0.25
1.7625749111175537,0.26
1.6899728775024414,0.26
1.6191705465316772,0.26
1.5823496580123901,0.26
1.5758490562438965,0.26
1.5950146913528442,0.26
1.6572781801223755,0.26
1.7671998739242554,0.26
1.9133799076080322,0.26
2.0678272247314453,0.26
2.2157979011535645,0.26
2.3860161304473877,0.27
2.601067543029785,0.27
2.8286874294281006,0.26
3.0799121856689453,0.26
3.388550043106079,0.26
3.7352752685546875,0.26
4.120517730712891,0.27
4.506070137023926,0.27
4.897549152374268,0.27
5.304197788238525,0.27
5.716117858886719,0.27
6.149425029754639,0.27
6.604682922363281,0.27
7.070503234863281,0.27
7.551041603088379,0.27
8.037073135375977,0.27
8.517594337463379,0.27
8.980340957641602,0.26
9.43248462677002,0.26
9.873778343200684,0.26
10.310269355773926,0.26
10.741052627563477,0.26
11.094063758850098,0.26
11.295326232910156,0.26
11.381656646728516,0.26
11.437535285949707,0.26
11.544641494750977,0.27
11.859400749206543,0.16
12.318856239318848,0.91
12.949524879455566,2.51
13.883310317993164,4.57
15.075600624084473,6.82
16.679996490478516,9.41
18.509382247924805,12.01
22.77750587463379,17.68
26.688884735107422,25.25
31.27353858947754,32.35
37.10731887817383,39.16
43.607261657714844,46.24
51.69082260131836,59.08
60.30596923828125,53.41
66.92169952392578,78.2
77.15562438964844,81.44
79.38127899169922,83.51
83.16620635986328,91.98
87.40074920654297,92.55
88.15245056152344,90.24
85.43436431884766,94.56
82.69754028320312,92.76
77.21412658691406,89.71
72.35419464111328,78.68
71.3206558227539,73.36
75.17813873291016,69.94
78.21548461914062,82.52
78.11082458496094,75.71
68.94865417480469,72.45
57.46696472167969,65.57
43.17766571044922,36.97
28.37622833251953,26.61
20.973068237304688,15.51
15.564560890197754,11.39
12.614190101623535,9.08
10.204657554626465,6.46
7.972321033477783,4.43
6.196923732757568,1.73
4.8139567375183105,0.26
4.170060157775879,0.29
3.9856250286102295,0.27
3.8007006645202637,0.27
3.6019937992095947,0.27
3.401167631149292,0.28
3.210442543029785,0.28
3.0270063877105713,0.28
2.843663215637207,0.26
2.6738131046295166,0.26
2.514892816543579,0.26
2.3811633586883545,0.26
2.2297232151031494,0.26
2.0882341861724854,0.26
1.954679012298584,0.26
1.8327465057373047,0.26
1.7198524475097656,0.26
1.636715292930603,0.26
1.5508254766464233,0.26
1.4797677993774414,0.26
1.434885025024414,0.26
1.4058611392974854,0.26
1.388262152671814,0.26
1.3821475505828857,0.26
1.4064723253250122,0.26
1.454931616783142,0.26
1.506514072418213,0.26
1.6041967868804932,0.26
1.7324575185775757,0.26
1.9036743640899658,0.26
2.085524320602417,0.27
2.271390199661255,0.26
2.4805619716644287,0.26
2.702639579772949,0.26
2.946692943572998,0.26
3.250701665878296,0.26
3.615581512451172,0.27
4.032505512237549,0.27
4.45721435546875,0.26
4.8729424476623535,0.27
5.302011489868164,0.26
5.734307765960693,0.27
6.18477201461792,0.27
6.665704250335693,0.26
7.155346393585205,0.27
7.6394243240356445,0.26
8.115667343139648,0.27
8.582077026367188,0.27
9.027474403381348,0.26
9.460145950317383,0.26
9.892293930053711,0.26
10.322365760803223,0.26
10.744467735290527,0.26
11.135885238647461,0.26
11.386032104492188,0.26
11.460906028747559,0.26
11.219807624816895,0.26
10.757680892944336,0.27
10.25975513458252,0.29
9.498366355895996,0.23
9.053420066833496,1.58
9.984491348266602,3.78
13.491626739501953,9.18
18.831892013549805,14.25
26.132308959960938,20.94
35.57545852661133,34.89
46.441898345947266,48.2
55.06028747558594,58.91
61.05384063720703,65.25
65.463134765625,73.35
69.33000946044922,72.14
70.1546630859375,76.68
74.2021484375,77.84
77.29063415527344,84.19
81.05729675292969,88.8
83.16729736328125,90.84
84.16353607177734,90.14
84.87042236328125,94.01
85.854248046875,90.96
84.31723022460938,92.82
84.38896942138672,91.86
83.36115264892578,89.2
81.78440856933594,85.07
80.79520416259766,83.79
78.40970611572266,77.84
73.08480834960938,76.23
65.77753448486328,64.54
55.06748962402344,55.52
44.74724197387695,46.62
34.454200744628906,28.77
24.674631118774414,23.94
18.72976303100586,12.77
12.974157333374023,8.91
9.917303085327148,5.37
7.536115646362305,2.91
5.944632053375244,1.03
4.9719390869140625,0.21
4.533618927001953,0.28
4.346904754638672,0.27
4.137365341186523,0.27
3.9417622089385986,0.27
3.7463560104370117,0.27
3.5531749725341797,0.27
3.3684024810791016,0.26
3.1865720748901367,0.25
3.0384693145751953,0.25
2.8930132389068604,0.25
2.751020908355713,0.25
2.5987565517425537,0.25
2.4419186115264893,0.25
2.3018646240234375,0.25
2.1572697162628174,0.26
2.036780595779419,0.26
1.9274288415908813,0.26
1.8558545112609863,0.26
1.8042123317718506,0.26
1.7746171951293945,0.26
1.7575451135635376,0.26
1.7268040180206299,0.26
1.7217015027999878,0.26
1.7679364681243896,0.26
1.8485987186431885,0.26
1.929063081741333,0.26
2.0308456420898438,0.26
2.167393445968628,0.26
2.314329147338867,0.26
2.4915595054626465,0.26
2.7047722339630127,0.26
2.916226625442505,0.26
3.133129835128784,0.26
3.398444652557373,0.26
3.678661823272705,0.26
3.9939846992492676,0.27
4.3418073654174805,0.26
4.716320514678955,0.27
5.150599956512451,0.27
5.578641414642334,0.26
6.0137128829956055,0.27
6.470969200134277,0.27
6.928572177886963,0.27
7.414485931396484,0.27
7.898421287536621,0.27
8.384628295898438,0.27
8.881389617919922,0.26
9.361248970031738,0.26
9.84640121459961,0.27
10.323084831237793,0.26
10.782471656799316,0.26
11.234748840332031,0.26
11.602551460266113,0.26
11.806480407714844,0.26
11.8284273147583,0.26
11.738780975341797,0.26
11.592287063598633,0.27
10.817113876342773,0.25
9.265252113342285,0.95
8.184361457824707,2.98
8.67757511138916,5.34
13.041034698486328,7.89
19.88493537902832,12.24
30.18147850036621,26.54
43.892425537109375,46.48
57.67754364013672,62.12
68.32466125488281,74.7
75.23494720458984,76.44
79.8435287475586,85.62
83.74092102050781,89.68
82.01384735107422,91.16
81.48700714111328,87.11
81.76079559326172,88.01
85.00679779052734,92.39
88.6520004272461,92.17
91.59131622314453,101.08
94.74798583984375,102.67
94.1986312866211,101.63
93.3775634765625,100.71
92.09617614746094,98.79
89.4857177734375,96.32
85.90735626220703,92.56
81.63755798339844,87.55
77.5019302368164,80.07
73.44486236572266,72.35
68.37191772460938,67.45
61.8171272277832,62.74
53.14608383178711,55.67999999999999
42.75468444824219,45.8
31.82515525817871,30.34
21.685565948486328,14.61
14.631182670593262,9.29
11.365776062011719,6.93
9.079891204833984,4.7
7.110724449157715,2.49
5.636046886444092,0.62
4.748804092407227,0.25
4.418937683105469,0.25
4.205362796783447,0.25
4.031060695648193,0.25
3.9187469482421875,0.26
3.751575231552124,0.25
3.5641210079193115,0.26
3.3912696838378906,0.24
3.2276251316070557,0.24
3.0571439266204834,0.24
2.9113519191741943,0.24
2.7674055099487305,0.24
2.6204373836517334,0.25
2.4905099868774414,0.24
2.396047353744507,0.25
2.3031318187713623,0.25
2.2151644229888916,0.25
2.1040070056915283,0.25
2.0283203125,0.25
1.9701536893844604,0.25
1.9196972846984863,0.25
1.9161614179611206,0.25
1.9350045919418335,0.25
1.9723047018051147,0.25
1.9874507188796997,0.25
2.035672187805176,0.25
2.136354923248291,0.25
2.2589111328125,0.26
2.3875200748443604,0.25
2.5572445392608643,0.25
2.7896783351898193,0.25
3.0453076362609863,0.26
3.3257501125335693,0.26
3.5920557975769043,0.26
3.892899513244629,0.26
4.221142768859863,0.26
4.56376838684082,0.26
4.950126647949219,0.26
5.362575531005859,0.26
5.804695129394531,0.26
6.262880325317383,0.26
6.7360029220581055,0.26
7.216196060180664,0.26
7.705781936645508,0.26
8.166871070861816,0.26
8.642833709716797,0.26
9.122665405273438,0.26
9.60228443145752,0.26
10.090019226074219,0.26
10.558916091918945,0.26
11.003541946411133,0.25
11.423304557800293,0.26
11.764300346374512,0.25
11.945250511169434,0.25
11.982842445373535,0.25
11.944391250610352,0.25
11.951008796691895,0.27
11.69698429107666,0.25
10.656197547912598,1.01
9.6647310256958,3.26
10.148796081542969,5.86
13.262349128723145,8.36
18.60953140258789,11.49
27.14221954345703,21.05
39.80754089355469,40.35
52.47239303588867,57.04
63.08824157714844,66.23
69.4170150756836,73.2
73.4591293334961,79.06
77.54354858398438,81.54
79.5688247680664,76.69
78.087890625,87.15
77.22451782226562,77.14
72.33599853515625,85.18
71.67633056640625,88.31
70.6662826538086,72.65
68.77212524414062,59.53
73.84132385253906,86.36
85.1688461303711,83.51
81.8974380493164,88.32
74.73709869384766,84.27
64.56611633300781,53.8
57.751861572265625,72.42
58.60095977783203,60.61
49.8365364074707,35.39
43.50271224975586,42.47
43.35646057128906,54.29
38.965084075927734,37.67
28.828025817871094,20.27
22.19981575012207,17.35
19.585405349731445,16.89
16.59944725036621,13.82
12.718803405761719,7.04
8.920029640197754,4.07
6.8218841552734375,1.22
5.488810062408447,0.26
4.96109676361084,0.26
4.744011878967285,0.26
4.541077613830566,0.26
4.345226287841797,0.26
4.154464244842529,0.26
3.943869113922119,0.26
3.7466683387756348,0.26
3.5480499267578125,0.24
3.364478826522827,0.24
3.2033865451812744,0.24
3.0477256774902344,0.24
2.9043445587158203,0.24
2.783902883529663,0.24
2.6807565689086914,0.25
2.579265594482422,0.25
2.4683878421783447,0.25
2.3660216331481934,0.25
2.2794477939605713,0.25
2.202155113220215,0.25
2.1250908374786377,0.25
2.071164131164551,0.25
2.0427563190460205,0.25
2.045931816101074,0.25
2.0623228549957275,0.25
2.113056182861328,0.25
2.1891820430755615,0.25
2.2671115398406982,0.25
2.382112741470337,0.25
2.525878429412842,0.25
2.689502716064453,0.25
2.893023729324341,0.26
3.1320254802703857,0.26
3.408893346786499,0.26
3.688817262649536,0.25
3.978501796722412,0.26
4.309614181518555,0.26
4.661415100097656,0.26
5.060999870300293,0.26
5.485125541687012,0.26
5.9090142250061035,0.26
6.36147928237915,0.26
6.832649230957031,0.26
7.303911209106445,0.26
7.79280948638916,0.26
8.295746803283691,0.26
8.783695220947266,0.26
9.256401062011719,0.26
9.707620620727539,0.26
10.150242805480957,0.26
10.581904411315918,0.26
11.009580612182617,0.26
11.435914039611816,0.26
11.839310646057129,0.26
12.171133041381836,0.26
12.325053215026855,0.26
12.359345436096191,0.25
12.245401382446289,0.26
12.074801445007324,0.25
11.973367691040039,0.22
12.210373878479004,0.88
13.491547584533691,2.55
15.922701835632324,4.78
19.144357681274414,7.9
22.797128677368164,11.96
26.189563751220703,17.08
28.800067901611328,21.4
29.79973602294922,21.93
29.110620498657227,21.55
27.964675903320312,20.78
26.201860427856445,20.64
23.727340698242188,20.34
21.397533416748047,19.58
21.852170944213867,20.44
26.770938873291016,22.9
33.48847198486328,25.66
40.65874099731445,34.1
46.866886138916016,44.88
48.2088737487793,51.96
43.07879638671875,46.6
35.470584869384766,31.06
28.422990798950195,29.79
27.485193252563477,25.84
29.323789596557617,25.2
32.99091720581055,29.23
35.95411682128906,36.05
35.76344299316406,26.37
31.64166831970215,39.28
28.918292999267578,24.3
19.824670791625977,14.65
14.731550216674805,8.62
11.742138862609863,7.06
10.041664123535156,6.39
8.407448768615723,3.77
6.635861873626709,1.67
5.4282426834106445,1.07
4.769726753234863,0.2
4.285655975341797,0.28
4.087306022644043,0.27
3.888049364089966,0.27
3.695878744125366,0.27
3.5391647815704346,0.26
3.4170970916748047,0.27
3.2638888359069824,0.27
3.0585596561431885,0.25
2.848895311355591,0.25
2.6700124740600586,0.25
2.5280096530914307,0.25
2.3819992542266846,0.25
2.241300344467163,0.25
2.105264186859131,0.25
1.9797859191894531,0.26
1.8761590719223022,0.25
1.787215232849121,0.25
1.7127227783203125,0.26
1.6757067441940308,0.26
1.612579345703125,0.26
1.5788898468017578,0.26
1.5609198808670044,0.26
1.5849032402038574,0.26
1.6291918754577637,0.26
1.6625975370407104,0.26
1.7403606176376343,0.26
1.8675336837768555,0.26
1.9787670373916626,0.26
2.1147451400756836,0.26
2.302462100982666,0.26
2.510946273803711,0.26
2.7558116912841797,0.26
3.043930768966675,0.26
3.3414859771728516,0.26
3.643226385116577,0.26
3.9698684215545654,0.26
4.3040690422058105,0.26
4.663692951202393,0.26
5.053697109222412,0.26
5.461523532867432,0.26
5.885659217834473,0.26
6.295103549957275,0.26
6.721009731292725,0.26
7.174280643463135,0.26
7.603750228881836,0.26
8.041730880737305,0.26
8.461446762084961,0.26
8.884438514709473,0.26
9.28140640258789,0.26
9.657320976257324,0.26
10.02418327331543,0.26
10.362667083740234,0.26
10.698224067687988,0.26
11.019452095031738,0.26
11.241087913513184,0.26
11.374871253967285,0.26
11.366668701171875,0.26
11.308930397033691,0.27
11.302408218383789,0.24
11.46512222290039,0.23
11.84277057647705,0.71
12.467015266418457,1.54
13.216187477111816,3.27
14.174718856811523,5.09
15.139263153076172,6.62
16.064903259277344,8.19
18.03569984436035,10.66
21.496248245239258,14.04
25.584041595458984,18.59
29.29179573059082,21.93
31.58514976501465,25.95
32.43720626831055,30.97
31.660558700561523,28.79
29.615610122680664,25.37
29.36329460144043,23.449999999999996
30.161420822143555,23.75
31.177204132080078,26.31
32.4470100402832,29.2
31.950786590576172,29.79
29.00969886779785,23.09
24.5129337310791,17.42
21.375518798828125,19.61
19.419679641723633,16.28
15.770148277282715,8.84
13.05908203125,7.58
12.677660942077637,7.64
12.644431114196777,8.8
12.707783699035645,8.79
12.221452713012695,7.8
11.489066123962402,7.25
10.691680908203125,6.63
9.603826522827148,5.99
8.275395393371582,4.53
6.803340911865234,2.89
5.521983623504639,1.47
4.618288516998291,0.32
4.095106601715088,0.3
3.9144508838653564,0.27
3.740694999694824,0.27
3.5553882122039795,0.27
3.3617169857025146,0.27
3.1724812984466553,0.26
2.984351873397827,0.27
2.7968170642852783,0.25
2.6117424964904785,0.25
2.442720651626587,0.25
2.288435697555542,0.25
2.1437456607818604,0.25
2.0091712474823,0.25
1.884829044342041,0.25
1.7663586139678955,0.25
1.6599664688110352,0.25
1.565561294555664,0.25
1.4845530986785889,0.25
1.4168559312820435,0.25
1.361663579940796,0.25
1.3182026147842407,0.26
1.2926937341690063,0.25
1.285718560218811,0.26
1.306816577911377,0.25
1.348780632019043,0.26
1.4194284677505493,0.25
1.5105990171432495,0.26
1.6282683610916138,0.26
1.7667262554168701,0.26
1.93116295337677,0.26
2.1209707260131836,0.26
2.328385353088379,0.26
2.55684494972229,0.26
2.808771848678589,0.26
3.0808186531066895,0.26
3.3794121742248535,0.26
3.704490900039673,0.26
4.061225891113281,0.26
4.438129425048828,0.26
4.832772731781006,0.26
5.236972332000732,0.26
5.653223037719727,0.26
6.0772857666015625,0.26
6.509380340576172,0.26
6.9387006759643555,0.26
7.359369277954102,0.26
7.777089595794678,0.26
8.190532684326172,0.26
8.60297679901123,0.26
9.003812789916992,0.26
9.379676818847656,0.26
9.726192474365234,0.26
10.047649383544922,0.25
10.348616600036621,0.25
10.568266868591309,0.25
10.736226081848145,0.25
10.741273880004883,0.25
10.585471153259277,0.27
10.309511184692383,0.26
10.34184455871582,0.25
10.816655158996582,0.98
11.803622245788574,1.41
13.279000282287598,3.89
15.352627754211426,7.22
17.42765998840332,11.6
18.649797439575195,12.58
20.182571411132812,15.75
24.613025665283203,19.24
29.788240432739258,22.61
34.41142272949219,26.54
37.67898178100586,30.52
39.06379318237305,39.22
37.67729568481445,37.58
32.2108154296875,26.57
27.12212371826172,21.64
25.78380012512207,21.39
26.121030807495117,23.12
26.707658767700195,22.15
26.76898193359375,22.73
27.091815948486328,24.7
26.66637420654297,23.66
24.807682037353516,20.84
22.522335052490234,20.78
20.910099029541016,18.45
19.272428512573242,16.06
18.363554000854492,14.37
18.170616149902344,13.39
18.086748123168945,14.93
17.71074867248535,16.04
16.048030853271484,12.86
13.058248519897461,9.030000000000001
10.292745590209961,7.01
8.159478187561035,4.11
6.26561164855957,2.59
5.057793140411377,1.19
4.17139196395874,0.22
3.694972276687622,0.27
3.544135093688965,0.27
3.3851661682128906,0.26
3.2134978771209717,0.26
3.0482230186462402,0.27
2.8822712898254395,0.27
2.715414047241211,0.27
2.5435357093811035,0.25
2.3659322261810303,0.25
2.2041091918945312,0.25
2.0708084106445312,0.25
1.9548710584640503,0.25
1.8773831129074097,0.25
1.8159139156341553,0.25
1.7407398223876953,0.26
1.6540193557739258,0.25
1.5510472059249878,0.25
1.4211902618408203,0.26
1.32188081741333,0.25
1.2436901330947876,0.26
1.211280107498169,0.26
1.1927493810653687,0.26
1.190049409866333,0.26
1.2368016242980957,0.26
1.300437569618225,0.26
1.3596092462539673,0.26
1.4279282093048096,0.26
1.510354995727539,0.26
1.6422560214996338,0.26
1.798280954360962,0.26
1.971583366394043,0.26
2.190035820007324,0.26
2.442535877227783,0.26
2.712733745574951,0.26
3.0121731758117676,0.27
3.316969633102417,0.26
3.6454944610595703,0.26
3.9759442806243896,0.26
4.348471164703369,0.27
4.770476341247559,0.27
5.1909003257751465,0.27
5.626928806304932,0.27
6.066908836364746,0.27
6.507812023162842,0.27
6.947442054748535,0.26
7.403361797332764,0.26
7.865275859832764,0.26
8.31316089630127,0.26
8.737855911254883,0.26
9.140240669250488,0.26
9.537957191467285,0.26
9.929583549499512,0.26
10.272337913513184,0.26
10.446671485900879,0.26
10.411006927490234,0.26
10.388550758361816,0.26
10.147736549377441,0.26
9.763297080993652,0.27
8.648106575012207,0.6
8.045755386352539,2.94
9.185667991638184,5.78
12.693182945251465,6.67
18.35926628112793,11.98
26.969818115234375,20.31
37.747032165527344,40.33
49.41907501220703,54.27
57.665199279785156,61.39
64.1762924194336,68.67
70.80365753173828,74.84
77.28406524658203,79.39
78.67241668701172,84.33
80.59455108642578,87.06
81.71248626708984,89.57
82.16534423828125,89.63
81.94860076904297,86.68
82.65148162841797,83.29
83.9167251586914,94.76
85.24730682373047,92.82
81.38983154296875,87.28
77.5999526977539,85.72
75.4350357055664,83.69
72.7665023803711,73.88
69.88636016845703,73.01
68.94813537597656,72.14
66.62763977050781,69.72
61.58734893798828,62.56
54.11428451538086,53.58
46.05251693725586,46.64
38.1190185546875,39.23
30.077558517456055,29.55
22.26123809814453,17.88
15.776643753051758,11.77
11.767829895019531,8.64
8.928580284118652,5.62
6.587831020355225,2.86
4.905755519866943,0.69
3.952910900115967,0.23
3.653071165084839,0.26
3.4871931076049805,0.26
3.3089683055877686,0.26
3.1282646656036377,0.27
2.9654829502105713,0.27
2.789447546005249,0.27
2.583817958831787,0.26
2.4073033332824707,0.25
2.2572243213653564,0.26
2.1252710819244385,0.26
2.000918388366699,0.26
1.848726511001587,0.26
1.6797075271606445,0.26
1.556345820426941,0.26
1.4361417293548584,0.26
1.3178428411483765,0.26
1.216871738433838,0.26
1.117991328239441,0.26
1.0243010520935059,0.26
0.9576891660690308,0.26
0.9612956643104553,0.26
0.9897761344909668,0.26
1.0244473218917847,0.26
1.0744417905807495,0.26
1.1443182229995728,0.26
1.233097791671753,0.26
1.3451552391052246,0.26
1.4958010911941528,0.26
1.6664626598358154,0.27
1.8731709718704224,0.26
2.0969390869140625,0.27
2.345773935317993,0.27
2.608949899673462,0.27
2.912081241607666,0.27
3.245169162750244,0.27
3.5793263912200928,0.27
3.933716058731079,0.27
4.335198402404785,0.27
4.756778717041016,0.27
5.19278621673584,0.27
5.638628005981445,0.27
6.120558738708496,0.27
6.609846591949463,0.27
7.100146770477295,0.27
7.597262859344482,0.27
8.080720901489258,0.26
8.529458999633789,0.27
8.974048614501953,0.27
9.411649703979492,0.27
9.831732749938965,0.27
10.224513053894043,0.27
10.57846450805664,0.26
10.799504280090332,0.26
10.853400230407715,0.26
10.769150733947754,0.26
10.674238204956055,0.27
10.27295207977295,0.28
9.007853507995605,0.52
8.013252258300781,2.74
8.865971565246582,5.43
12.563528060913086,8.06
19.029556274414062,11.13
28.110645294189453,20.84
40.408477783203125,41.6
53.249263763427734,58.07000000000001
62.40443801879883,66.4
68.52207946777344,72.76
74.1108169555664,77.75
80.09830474853516,83.37
82.2459945678711,88.04
87.43450927734375,91.87
94.31550598144531,94.97
93.44320678710938,95.62
89.1208724975586,98.69
83.2588882446289,97.8
76.46182250976562,100.56
70.64335632324219,73.71
65.05738067626953,46.34
70.985595703125,90.92
86.33039855957031,96.7
85.63002014160156,93.95
81.745849609375,87.0
78.18508911132812,80.44
76.415283203125,83.11
73.84732818603516,73.08
66.4312744140625,64.47
58.36836624145508,61.56
49.37944030761719,54.18
38.07821273803711,40.42
26.320716857910156,20.86
16.699932098388672,11.15
11.812744140625,8.18
9.147244453430176,5.64
6.9471635818481445,3.01
5.244715690612793,0.89
4.246759414672852,0.19
3.848639488220215,0.27
3.6513781547546387,0.27
3.4297685623168945,0.27
3.243577241897583,0.27
3.0919604301452637,0.27
2.9642295837402344,0.27
2.8513176441192627,0.26
2.7235605716705322,0.26
2.548567056655884,0.26
2.3624565601348877,0.26
